# Blender 5.2.1 LTS
# www.blender.org
mtllib jestei-lockup-metal.mtl
o jestei-lockup-metal
v 0.950383 0.073705 0.190000
v 0.958022 0.073705 0.190000
v 0.974829 0.073705 0.190000
v 0.991635 0.073705 0.190000
v 0.999275 0.073705 0.190000
v 0.999371 0.073698 0.190000
v 0.999465 0.073679 0.190000
v 0.999553 0.073648 0.190000
v 0.999637 0.073606 0.190000
v 0.999714 0.073554 0.190000
v 0.999784 0.073492 0.190000
v 0.999846 0.073423 0.190000
v 0.999899 0.073346 0.190000
v 0.999942 0.073262 0.190000
v 0.999973 0.073173 0.190000
v 0.999993 0.073078 0.190000
v 1.000000 0.072980 0.190000
v 1.000000 -0.067480 0.190000
v 0.949658 -0.067480 0.190000
v 0.949658 0.072980 0.190000
v 0.949664 0.073078 0.190000
v 0.949683 0.073173 0.190000
v 0.949714 0.073262 0.190000
v 0.949755 0.073346 0.190000
v 0.949807 0.073423 0.190000
v 0.949868 0.073493 0.190000
v 0.949937 0.073554 0.190000
v 0.950014 0.073606 0.190000
v 0.950098 0.073648 0.190000
v 0.950188 0.073679 0.190000
v 0.950283 0.073698 0.190000
v -0.652498 0.173185 0.190000
v -0.652423 0.173089 0.190000
v -0.652353 0.172989 0.190000
v -0.652290 0.172886 0.190000
v -0.652233 0.172779 0.190000
v -0.652182 0.172670 0.190000
v -0.652138 0.172558 0.190000
v -0.652100 0.172443 0.190000
v -0.652069 0.172327 0.190000
v -0.652044 0.172209 0.190000
v -0.652027 0.172089 0.190000
v -0.652016 0.171968 0.190000
v -0.652013 0.171846 0.190000
v -0.652013 -0.001379 0.190000
v -0.652220 -0.009972 0.190000
v -0.652855 -0.018518 0.190000
v -0.653916 -0.027002 0.190000
v -0.655395 -0.035407 0.190000
v -0.657290 -0.043720 0.190000
v -0.659595 -0.051925 0.190000
v -0.662306 -0.060007 0.190000
v -0.665418 -0.067951 0.190000
v -0.668926 -0.075741 0.190000
v -0.672826 -0.083364 0.190000
v -0.677113 -0.090804 0.190000
v -0.681783 -0.098045 0.190000
v -0.686810 -0.105047 0.190000
v -0.692165 -0.111770 0.190000
v -0.697837 -0.118206 0.190000
v -0.703812 -0.124344 0.190000
v -0.710078 -0.130175 0.190000
v -0.716623 -0.135689 0.190000
v -0.723435 -0.140875 0.190000
v -0.730501 -0.145723 0.190000
v -0.737809 -0.150225 0.190000
v -0.745346 -0.154370 0.190000
v -0.753100 -0.158147 0.190000
v -0.761059 -0.161548 0.190000
v -0.769179 -0.164552 0.190000
v -0.777413 -0.167142 0.190000
v -0.785747 -0.169319 0.190000
v -0.794164 -0.171081 0.190000
v -0.802648 -0.172426 0.190000
v -0.811184 -0.173353 0.190000
v -0.819756 -0.173860 0.190000
v -0.828347 -0.173948 0.190000
v -0.836943 -0.173613 0.190000
v -0.845527 -0.172855 0.190000
v -0.854084 -0.171673 0.190000
v -0.862597 -0.170065 0.190000
v -0.870445 -0.168212 0.190000
v -0.878175 -0.166047 0.190000
v -0.885775 -0.163568 0.190000
v -0.893233 -0.160775 0.190000
v -0.900539 -0.157665 0.190000
v -0.907681 -0.154237 0.190000
v -0.914649 -0.150490 0.190000
v -0.921430 -0.146422 0.190000
v -0.928013 -0.142032 0.190000
v -0.934389 -0.137319 0.190000
v -0.940544 -0.132281 0.190000
v -0.946469 -0.126916 0.190000
v -0.946938 -0.126437 0.190000
v -0.947369 -0.125929 0.190000
v -0.947762 -0.125396 0.190000
v -0.948116 -0.124839 0.190000
v -0.948430 -0.124260 0.190000
v -0.948704 -0.123662 0.190000
v -0.948938 -0.123046 0.190000
v -0.949130 -0.122416 0.190000
v -0.949281 -0.121773 0.190000
v -0.949389 -0.121119 0.190000
v -0.949454 -0.120457 0.190000
v -0.949476 -0.119789 0.190000
v -0.949469 -0.119420 0.190000
v -0.949449 -0.119052 0.190000
v -0.949416 -0.118685 0.190000
v -0.949369 -0.118321 0.190000
v -0.949309 -0.117959 0.190000
v -0.949236 -0.117599 0.190000
v -0.949150 -0.117242 0.190000
v -0.949052 -0.116888 0.190000
v -0.948940 -0.116538 0.190000
v -0.948815 -0.116191 0.190000
v -0.948678 -0.115849 0.190000
v -0.948528 -0.115512 0.190000
v -0.938859 -0.094752 0.190000
v -0.935977 -0.094552 0.190000
v -0.932842 -0.098084 0.190000
v -0.929596 -0.101509 0.190000
v -0.926242 -0.104823 0.190000
v -0.922782 -0.108024 0.190000
v -0.919221 -0.111109 0.190000
v -0.915561 -0.114077 0.190000
v -0.911804 -0.116924 0.190000
v -0.907954 -0.119650 0.190000
v -0.904014 -0.122250 0.190000
v -0.899987 -0.124723 0.190000
v -0.895875 -0.127066 0.190000
v -0.891682 -0.129278 0.190000
v -0.887214 -0.131446 0.190000
v -0.882681 -0.133458 0.190000
v -0.878085 -0.135312 0.190000
v -0.873433 -0.137007 0.190000
v -0.868727 -0.138542 0.190000
v -0.863972 -0.139915 0.190000
v -0.859173 -0.141126 0.190000
v -0.854333 -0.142174 0.190000
v -0.849458 -0.143057 0.190000
v -0.844550 -0.143774 0.190000
v -0.839614 -0.144324 0.190000
v -0.834655 -0.144706 0.190000
v -0.829686 -0.144919 0.190000
v -0.824720 -0.144962 0.190000
v -0.819761 -0.144836 0.190000
v -0.814813 -0.144542 0.190000
v -0.809882 -0.144080 0.190000
v -0.804970 -0.143451 0.190000
v -0.800084 -0.142655 0.190000
v -0.795226 -0.141693 0.190000
v -0.790402 -0.140566 0.190000
v -0.785615 -0.139274 0.190000
v -0.780870 -0.137819 0.190000
v -0.776172 -0.136200 0.190000
v -0.771532 -0.134421 0.190000
v -0.766963 -0.132488 0.190000
v -0.762469 -0.130403 0.190000
v -0.758054 -0.128169 0.190000
v -0.753722 -0.125787 0.190000
v -0.749475 -0.123260 0.190000
v -0.745319 -0.120590 0.190000
v -0.741255 -0.117779 0.190000
v -0.737289 -0.114830 0.190000
v -0.733424 -0.111746 0.190000
v -0.729664 -0.108527 0.190000
v -0.726012 -0.105178 0.190000
v -0.718454 -0.097434 0.190000
v -0.714114 -0.092419 0.190000
v -0.710023 -0.087225 0.190000
v -0.706185 -0.081863 0.190000
v -0.702603 -0.076339 0.190000
v -0.699283 -0.070666 0.190000
v -0.696230 -0.064850 0.190000
v -0.693447 -0.058902 0.190000
v -0.690940 -0.052831 0.190000
v -0.688713 -0.046647 0.190000
v -0.686771 -0.040358 0.190000
v -0.685118 -0.033974 0.190000
v -0.683759 -0.027504 0.190000
v -0.682702 -0.020979 0.190000
v -0.681950 -0.014431 0.190000
v -0.681503 -0.007868 0.190000
v -0.681359 -0.001302 0.190000
v -0.681518 0.005256 0.190000
v -0.681978 0.011797 0.190000
v -0.682739 0.018311 0.190000
v -0.683800 0.024786 0.190000
v -0.685160 0.031213 0.190000
v -0.686817 0.037582 0.190000
v -0.688772 0.043881 0.190000
v -0.691022 0.050101 0.190000
v -0.693558 0.056212 0.190000
v -0.696368 0.062185 0.190000
v -0.699444 0.068012 0.190000
v -0.702781 0.073684 0.190000
v -0.706372 0.079194 0.190000
v -0.710211 0.084532 0.190000
v -0.714292 0.089690 0.190000
v -0.718608 0.094661 0.190000
v -0.723154 0.099436 0.190000
v -0.727922 0.104006 0.190000
v -0.732908 0.108364 0.190000
v -0.738103 0.112501 0.190000
v -0.743485 0.116396 0.190000
v -0.749028 0.120032 0.190000
v -0.754720 0.123405 0.190000
v -0.760554 0.126511 0.190000
v -0.766518 0.129346 0.190000
v -0.772603 0.131907 0.190000
v -0.778801 0.134190 0.190000
v -0.785100 0.136190 0.190000
v -0.791491 0.137905 0.190000
v -0.797964 0.139330 0.190000
v -0.804510 0.140461 0.190000
v -0.811120 0.141294 0.190000
v -0.817761 0.141825 0.190000
v -0.824401 0.142052 0.190000
v -0.831032 0.141977 0.190000
v -0.837642 0.141601 0.190000
v -0.844221 0.140927 0.190000
v -0.850758 0.139955 0.190000
v -0.857245 0.138689 0.190000
v -0.863669 0.137129 0.190000
v -0.870021 0.135278 0.190000
v -0.876291 0.133137 0.190000
v -0.882468 0.130708 0.190000
v -0.888542 0.127992 0.190000
v -0.894484 0.125002 0.190000
v -0.900265 0.121753 0.190000
v -0.905879 0.118252 0.190000
v -0.911316 0.114505 0.190000
v -0.916570 0.110520 0.190000
v -0.921632 0.106303 0.190000
v -0.926494 0.101861 0.190000
v -0.931150 0.097201 0.190000
v -0.935590 0.092330 0.190000
v -0.939808 0.087254 0.190000
v -0.943794 0.081981 0.190000
v -0.947542 0.076517 0.190000
v -0.951032 0.070888 0.190000
v -0.954250 0.065121 0.190000
v -0.957191 0.059226 0.190000
v -0.959852 0.053213 0.190000
v -0.962232 0.047091 0.190000
v -0.964326 0.040872 0.190000
v -0.966131 0.034564 0.190000
v -0.967645 0.028178 0.190000
v -0.968864 0.021723 0.190000
v -0.969785 0.015209 0.190000
v -0.970406 0.008647 0.190000
v -0.970722 0.002045 0.190000
v -0.970808 -0.004190 0.190000
v -0.970741 -0.010363 0.190000
v -0.970501 -0.016474 0.190000
v -0.970068 -0.022521 0.190000
v -0.969420 -0.028503 0.190000
v -0.968538 -0.034420 0.190000
v -0.967401 -0.040271 0.190000
v -0.965987 -0.046055 0.190000
v -0.964277 -0.051770 0.190000
v -0.962250 -0.057417 0.190000
v -0.959885 -0.062994 0.190000
v -0.957161 -0.068500 0.190000
v -0.956850 -0.069112 0.190000
v -0.956562 -0.069734 0.190000
v -0.956297 -0.070366 0.190000
v -0.956057 -0.071006 0.190000
v -0.955843 -0.071654 0.190000
v -0.955654 -0.072309 0.190000
v -0.955493 -0.072971 0.190000
v -0.955359 -0.073639 0.190000
v -0.955254 -0.074312 0.190000
v -0.955177 -0.074990 0.190000
v -0.955131 -0.075671 0.190000
v -0.955116 -0.076356 0.190000
v -0.955125 -0.076887 0.190000
v -0.955152 -0.077417 0.190000
v -0.955198 -0.077946 0.190000
v -0.955261 -0.078472 0.190000
v -0.955343 -0.078995 0.190000
v -0.955442 -0.079515 0.190000
v -0.955559 -0.080032 0.190000
v -0.955694 -0.080544 0.190000
v -0.955846 -0.081052 0.190000
v -0.956016 -0.081555 0.190000
v -0.956204 -0.082053 0.190000
v -0.956408 -0.082544 0.190000
v -0.965783 -0.104025 0.190000
v -0.995860 -0.172587 0.190000
v -0.996041 -0.172919 0.190000
v -0.996267 -0.173202 0.190000
v -0.996531 -0.173437 0.190000
v -0.996826 -0.173623 0.190000
v -0.997145 -0.173757 0.190000
v -0.997480 -0.173839 0.190000
v -0.997823 -0.173868 0.190000
v -0.998168 -0.173842 0.190000
v -0.998508 -0.173760 0.190000
v -0.998834 -0.173621 0.190000
v -0.999140 -0.173424 0.190000
v -0.999418 -0.173167 0.190000
v -0.999504 -0.173067 0.190000
v -0.999583 -0.172963 0.190000
v -0.999655 -0.172854 0.190000
v -0.999721 -0.172741 0.190000
v -0.999779 -0.172625 0.190000
v -0.999830 -0.172505 0.190000
v -0.999873 -0.172382 0.190000
v -0.999909 -0.172257 0.190000
v -0.999937 -0.172130 0.190000
v -0.999957 -0.172001 0.190000
v -0.999969 -0.171871 0.190000
v -0.999974 -0.171739 0.190000
v -1.000000 -0.001379 0.190000
v -0.999764 0.007677 0.190000
v -0.999052 0.016678 0.190000
v -0.997870 0.025605 0.190000
v -0.996224 0.034441 0.190000
v -0.994119 0.043169 0.190000
v -0.991562 0.051770 0.190000
v -0.988557 0.060229 0.190000
v -0.985111 0.068526 0.190000
v -0.981230 0.076645 0.190000
v -0.976918 0.084568 0.190000
v -0.972182 0.092278 0.190000
v -0.967027 0.099757 0.190000
v -0.961484 0.106957 0.190000
v -0.955589 0.113835 0.190000
v -0.949356 0.120381 0.190000
v -0.942801 0.126583 0.190000
v -0.935938 0.132430 0.190000
v -0.928783 0.137913 0.190000
v -0.921350 0.143019 0.190000
v -0.913655 0.147738 0.190000
v -0.905712 0.152059 0.190000
v -0.897537 0.155972 0.190000
v -0.889144 0.159464 0.190000
v -0.880548 0.162527 0.190000
v -0.871802 0.165137 0.190000
v -0.862961 0.167282 0.190000
v -0.854044 0.168962 0.190000
v -0.845068 0.170175 0.190000
v -0.836052 0.170923 0.190000
v -0.827015 0.171205 0.190000
v -0.817976 0.171020 0.190000
v -0.808952 0.170370 0.190000
v -0.799963 0.169253 0.190000
v -0.791028 0.167669 0.190000
v -0.782163 0.165619 0.190000
v -0.773389 0.163103 0.190000
v -0.768064 0.161329 0.190000
v -0.762811 0.159391 0.190000
v -0.757634 0.157290 0.190000
v -0.752537 0.155030 0.190000
v -0.747523 0.152611 0.190000
v -0.742595 0.150038 0.190000
v -0.737758 0.147312 0.190000
v -0.733014 0.144436 0.190000
v -0.728367 0.141413 0.190000
v -0.723820 0.138244 0.190000
v -0.719378 0.134933 0.190000
v -0.715043 0.131482 0.190000
v -0.711297 0.128855 0.190000
v -0.707250 0.126841 0.190000
v -0.702993 0.125435 0.190000
v -0.698614 0.124636 0.190000
v -0.694205 0.124440 0.190000
v -0.689853 0.124844 0.190000
v -0.685650 0.125846 0.190000
v -0.681684 0.127443 0.190000
v -0.678046 0.129632 0.190000
v -0.674824 0.132410 0.190000
v -0.672110 0.135774 0.190000
v -0.669992 0.139721 0.190000
v -0.656085 0.172658 0.190000
v -0.655905 0.172998 0.190000
v -0.655676 0.173288 0.190000
v -0.655408 0.173527 0.190000
v -0.655107 0.173713 0.190000
v -0.654782 0.173846 0.190000
v -0.654441 0.173925 0.190000
v -0.654092 0.173948 0.190000
v -0.653742 0.173914 0.190000
v -0.653400 0.173822 0.190000
v -0.653074 0.173670 0.190000
v -0.652770 0.173459 0.190000
v -0.945736 0.016554 0.190000
v -0.942523 0.032310 0.190000
v -0.937343 0.047249 0.190000
v -0.930342 0.061228 0.190000
v -0.921662 0.074103 0.190000
v -0.911448 0.085729 0.190000
v -0.899844 0.095962 0.190000
v -0.886993 0.104659 0.190000
v -0.873040 0.111673 0.190000
v -0.858128 0.116862 0.190000
v -0.842403 0.120082 0.190000
v -0.826006 0.121187 0.190000
v -0.809610 0.120082 0.190000
v -0.793884 0.116862 0.190000
v -0.778973 0.111673 0.190000
v -0.765020 0.104659 0.190000
v -0.752169 0.095963 0.190000
v -0.740565 0.085729 0.190000
v -0.730350 0.074103 0.190000
v -0.721671 0.061228 0.190000
v -0.714669 0.047249 0.190000
v -0.709490 0.032310 0.190000
v -0.706277 0.016554 0.190000
v -0.705173 0.000127 0.190000
v -0.706277 -0.016300 0.190000
v -0.709490 -0.032056 0.190000
v -0.714669 -0.046995 0.190000
v -0.721671 -0.060975 0.190000
v -0.730351 -0.073850 0.190000
v -0.740565 -0.085476 0.190000
v -0.752169 -0.095709 0.190000
v -0.765020 -0.104405 0.190000
v -0.778973 -0.111420 0.190000
v -0.793884 -0.116609 0.190000
v -0.809610 -0.119829 0.190000
v -0.826006 -0.120934 0.190000
v -0.842403 -0.119829 0.190000
v -0.858128 -0.116609 0.190000
v -0.873040 -0.111420 0.190000
v -0.886993 -0.104405 0.190000
v -0.899844 -0.095709 0.190000
v -0.911448 -0.085476 0.190000
v -0.921662 -0.073850 0.190000
v -0.930342 -0.060975 0.190000
v -0.937343 -0.046995 0.190000
v -0.942523 -0.032056 0.190000
v -0.945736 -0.016300 0.190000
v -0.946839 0.000127 0.190000
v -0.880248 -0.000010 0.190000
v -0.879771 -0.007092 0.190000
v -0.878383 -0.013884 0.190000
v -0.876146 -0.020324 0.190000
v -0.873121 -0.026350 0.190000
v -0.869372 -0.031900 0.190000
v -0.864959 -0.036912 0.190000
v -0.859946 -0.041324 0.190000
v -0.854395 -0.045072 0.190000
v -0.848367 -0.048096 0.190000
v -0.841926 -0.050333 0.190000
v -0.835132 -0.051721 0.190000
v -0.828049 -0.052198 0.190000
v -0.820966 -0.051721 0.190000
v -0.814173 -0.050333 0.190000
v -0.807732 -0.048096 0.190000
v -0.801704 -0.045072 0.190000
v -0.796153 -0.041324 0.190000
v -0.791140 -0.036912 0.190000
v -0.786727 -0.031900 0.190000
v -0.782978 -0.026350 0.190000
v -0.779953 -0.020324 0.190000
v -0.777716 -0.013884 0.190000
v -0.776328 -0.007092 0.190000
v -0.775851 -0.000010 0.190000
v -0.776328 0.007071 0.190000
v -0.777716 0.013863 0.190000
v -0.779953 0.020304 0.190000
v -0.782978 0.026330 0.190000
v -0.786727 0.031880 0.190000
v -0.791140 0.036892 0.190000
v -0.796153 0.041304 0.190000
v -0.801704 0.045053 0.190000
v -0.807732 0.048077 0.190000
v -0.814173 0.050314 0.190000
v -0.820966 0.051701 0.190000
v -0.828049 0.052178 0.190000
v -0.835132 0.051701 0.190000
v -0.841926 0.050314 0.190000
v -0.848367 0.048077 0.190000
v -0.854395 0.045053 0.190000
v -0.859946 0.041304 0.190000
v -0.864959 0.036892 0.190000
v -0.869372 0.031880 0.190000
v -0.873121 0.026330 0.190000
v -0.876146 0.020304 0.190000
v -0.878383 0.013863 0.190000
v -0.879771 0.007071 0.190000
v -0.356947 -0.071868 0.190000
v -0.359035 -0.072277 0.190000
v -0.361159 -0.072651 0.190000
v -0.363318 -0.072989 0.190000
v -0.365514 -0.073292 0.190000
v -0.367744 -0.073559 0.190000
v -0.370010 -0.073790 0.190000
v -0.372312 -0.073986 0.190000
v -0.374650 -0.074146 0.190000
v -0.377023 -0.074271 0.190000
v -0.379431 -0.074360 0.190000
v -0.381875 -0.074413 0.190000
v -0.384355 -0.074431 0.190000
v -0.396384 -0.074431 0.190000
v -0.399670 -0.074399 0.190000
v -0.402891 -0.074305 0.190000
v -0.406046 -0.074147 0.190000
v -0.409135 -0.073927 0.190000
v -0.412159 -0.073644 0.190000
v -0.415116 -0.073297 0.190000
v -0.418009 -0.072888 0.190000
v -0.420835 -0.072416 0.190000
v -0.423595 -0.071880 0.190000
v -0.426290 -0.071282 0.190000
v -0.428919 -0.070621 0.190000
v -0.431483 -0.069896 0.190000
v -0.433968 -0.069126 0.190000
v -0.436363 -0.068325 0.190000
v -0.438668 -0.067494 0.190000
v -0.440882 -0.066633 0.190000
v -0.443006 -0.065741 0.190000
v -0.445039 -0.064820 0.190000
v -0.446982 -0.063869 0.190000
v -0.448835 -0.062887 0.190000
v -0.450598 -0.061876 0.190000
v -0.452270 -0.060834 0.190000
v -0.453852 -0.059762 0.190000
v -0.455343 -0.058660 0.190000
v -0.456736 -0.057493 0.190000
v -0.458087 -0.056294 0.190000
v -0.459397 -0.055062 0.190000
v -0.460667 -0.053796 0.190000
v -0.461895 -0.052499 0.190000
v -0.463082 -0.051168 0.190000
v -0.464228 -0.049804 0.190000
v -0.465333 -0.048408 0.190000
v -0.466397 -0.046979 0.190000
v -0.467420 -0.045516 0.190000
v -0.468402 -0.044021 0.190000
v -0.469342 -0.042494 0.190000
v -0.470205 -0.040927 0.190000
v -0.471018 -0.039383 0.190000
v -0.471783 -0.037861 0.190000
v -0.472497 -0.036360 0.190000
v -0.473163 -0.034882 0.190000
v -0.473779 -0.033425 0.190000
v -0.474346 -0.031990 0.190000
v -0.474864 -0.030577 0.190000
v -0.475332 -0.029186 0.190000
v -0.475751 -0.027817 0.190000
v -0.476121 -0.026470 0.190000
v -0.476441 -0.025144 0.190000
v -0.476693 -0.023793 0.190000
v -0.476923 -0.022434 0.190000
v -0.477131 -0.021066 0.190000
v -0.477318 -0.019690 0.190000
v -0.477482 -0.018306 0.190000
v -0.477624 -0.016914 0.190000
v -0.477745 -0.015514 0.190000
v -0.477843 -0.014105 0.190000
v -0.477920 -0.012688 0.190000
v -0.477975 -0.011263 0.190000
v -0.478008 -0.009829 0.190000
v -0.478019 -0.008388 0.190000
v -0.477994 -0.008028 0.190000
v -0.477922 -0.007684 0.190000
v -0.477807 -0.007358 0.190000
v -0.477651 -0.007053 0.190000
v -0.477458 -0.006774 0.190000
v -0.477231 -0.006523 0.190000
v -0.476974 -0.006303 0.190000
v -0.476689 -0.006117 0.190000
v -0.476381 -0.005970 0.190000
v -0.476052 -0.005863 0.190000
v -0.475705 -0.005801 0.190000
v -0.475345 -0.005786 0.190000
v -0.425552 -0.007135 0.190000
v -0.425194 -0.007167 0.190000
v -0.424849 -0.007242 0.190000
v -0.424520 -0.007356 0.190000
v -0.424210 -0.007507 0.190000
v -0.423921 -0.007693 0.190000
v -0.423655 -0.007911 0.190000
v -0.423416 -0.008158 0.190000
v -0.423205 -0.008432 0.190000
v -0.423025 -0.008730 0.190000
v -0.422879 -0.009049 0.190000
v -0.422769 -0.009387 0.190000
v -0.422697 -0.009740 0.190000
v -0.422046 -0.013366 0.190000
v -0.421144 -0.016676 0.190000
v -0.419957 -0.019671 0.190000
v -0.418449 -0.022351 0.190000
v -0.416587 -0.024715 0.190000
v -0.414334 -0.026764 0.190000
v -0.411657 -0.028498 0.190000
v -0.408519 -0.029917 0.190000
v -0.404886 -0.031020 0.190000
v -0.400722 -0.031808 0.190000
v -0.395994 -0.032281 0.190000
v -0.390634 -0.032439 0.190000
v -0.390419 -0.032439 0.190000
v -0.389876 -0.032439 0.190000
v -0.389088 -0.032439 0.190000
v -0.386326 -0.032377 0.190000
v -0.383693 -0.032192 0.190000
v -0.381188 -0.031884 0.190000
v -0.378812 -0.031453 0.190000
v -0.376565 -0.030899 0.190000
v -0.374447 -0.030221 0.190000
v -0.372457 -0.029420 0.190000
v -0.370597 -0.028496 0.190000
v -0.368864 -0.027449 0.190000
v -0.367261 -0.026278 0.190000
v -0.365786 -0.024984 0.190000
v -0.364440 -0.023567 0.190000
v -0.363180 -0.022045 0.190000
v -0.362030 -0.020435 0.190000
v -0.360989 -0.018738 0.190000
v -0.360058 -0.016953 0.190000
v -0.359236 -0.015080 0.190000
v -0.358524 -0.013119 0.190000
v -0.357922 -0.011071 0.190000
v -0.357429 -0.008935 0.190000
v -0.357045 -0.006712 0.190000
v -0.356771 -0.004401 0.190000
v -0.356607 -0.002002 0.190000
v -0.356552 0.000484 0.190000
v -0.356552 0.071514 0.190000
v -0.356526 0.071907 0.190000
v -0.356449 0.072284 0.190000
v -0.356325 0.072642 0.190000
v -0.356157 0.072977 0.190000
v -0.355948 0.073285 0.190000
v -0.355703 0.073564 0.190000
v -0.355425 0.073809 0.190000
v -0.355116 0.074017 0.190000
v -0.354782 0.074185 0.190000
v -0.354424 0.074309 0.190000
v -0.354046 0.074387 0.190000
v -0.353652 0.074413 0.190000
v -0.303451 0.074413 0.190000
v -0.303058 0.074387 0.190000
v -0.302680 0.074309 0.190000
v -0.302322 0.074185 0.190000
v -0.301988 0.074017 0.190000
v -0.301679 0.073809 0.190000
v -0.301401 0.073564 0.190000
v -0.301155 0.073285 0.190000
v -0.300947 0.072977 0.190000
v -0.300779 0.072642 0.190000
v -0.300655 0.072284 0.190000
v -0.300577 0.071907 0.190000
v -0.300551 0.071514 0.190000
v -0.300551 -0.000699 0.190000
v -0.300556 -0.001909 0.190000
v -0.300573 -0.003109 0.190000
v -0.300600 -0.004297 0.190000
v -0.300639 -0.005475 0.190000
v -0.300688 -0.006641 0.190000
v -0.300749 -0.007797 0.190000
v -0.300820 -0.008941 0.190000
v -0.300902 -0.010075 0.190000
v -0.300995 -0.011197 0.190000
v -0.301099 -0.012309 0.190000
v -0.301214 -0.013410 0.190000
v -0.301340 -0.014500 0.190000
v -0.301482 -0.015592 0.190000
v -0.301647 -0.016701 0.190000
v -0.301833 -0.017826 0.190000
v -0.302041 -0.018968 0.190000
v -0.302271 -0.020126 0.190000
v -0.302523 -0.021301 0.190000
v -0.302797 -0.022492 0.190000
v -0.303093 -0.023699 0.190000
v -0.303410 -0.024923 0.190000
v -0.303750 -0.026163 0.190000
v -0.304111 -0.027420 0.190000
v -0.304495 -0.028693 0.190000
v -0.304899 -0.029935 0.190000
v -0.305322 -0.031163 0.190000
v -0.305764 -0.032378 0.190000
v -0.306226 -0.033578 0.190000
v -0.306706 -0.034765 0.190000
v -0.307206 -0.035939 0.190000
v -0.307725 -0.037098 0.190000
v -0.308263 -0.038244 0.190000
v -0.308821 -0.039376 0.190000
v -0.309397 -0.040495 0.190000
v -0.309993 -0.041600 0.190000
v -0.310608 -0.042691 0.190000
v -0.311252 -0.043741 0.190000
v -0.311934 -0.044788 0.190000
v -0.312654 -0.045833 0.190000
v -0.313413 -0.046874 0.190000
v -0.314210 -0.047914 0.190000
v -0.315045 -0.048950 0.190000
v -0.315919 -0.049984 0.190000
v -0.316830 -0.051015 0.190000
v -0.317781 -0.052043 0.190000
v -0.318769 -0.053068 0.190000
v -0.319797 -0.054091 0.190000
v -0.320862 -0.055111 0.190000
v -0.321962 -0.056085 0.190000
v -0.323091 -0.057033 0.190000
v -0.324251 -0.057957 0.190000
v -0.325441 -0.058857 0.190000
v -0.326661 -0.059732 0.190000
v -0.327911 -0.060582 0.190000
v -0.329191 -0.061407 0.190000
v -0.330502 -0.062208 0.190000
v -0.331842 -0.062984 0.190000
v -0.333213 -0.063735 0.190000
v -0.334613 -0.064462 0.190000
v -0.336044 -0.065165 0.190000
v -0.337485 -0.065844 0.190000
v -0.338980 -0.066501 0.190000
v -0.340531 -0.067136 0.190000
v -0.342136 -0.067750 0.190000
v -0.343795 -0.068341 0.190000
v -0.345510 -0.068911 0.190000
v -0.347279 -0.069459 0.190000
v -0.349103 -0.069984 0.190000
v -0.350982 -0.070488 0.190000
v -0.352915 -0.070970 0.190000
v -0.354904 -0.071430 0.190000
v -0.131863 -0.028984 0.190000
v -0.131812 -0.028988 0.190000
v -0.131764 -0.028998 0.190000
v -0.131522 -0.029210 0.190000
v -0.131506 -0.029256 0.190000
v -0.131496 -0.029304 0.190000
v -0.131493 -0.029354 0.190000
v -0.131698 -0.033030 0.190000
v -0.132424 -0.037036 0.190000
v -0.133838 -0.041250 0.190000
v -0.136105 -0.045546 0.190000
v -0.139393 -0.049801 0.190000
v -0.143868 -0.053891 0.190000
v -0.149696 -0.057692 0.190000
v -0.157043 -0.061080 0.190000
v -0.166076 -0.063931 0.190000
v -0.176962 -0.066121 0.190000
v -0.189867 -0.067526 0.190000
v -0.204957 -0.068022 0.190000
v -0.214765 -0.068022 0.190000
v -0.229050 -0.067459 0.190000
v -0.241452 -0.065844 0.190000
v -0.252094 -0.063292 0.190000
v -0.261097 -0.059915 0.190000
v -0.268583 -0.055827 0.190000
v -0.274676 -0.051139 0.190000
v -0.279496 -0.045966 0.190000
v -0.283166 -0.040421 0.190000
v -0.285808 -0.034616 0.190000
v -0.287544 -0.028664 0.190000
v -0.288496 -0.022679 0.190000
v -0.288786 -0.016774 0.190000
v -0.288786 -0.013073 0.190000
v -0.288517 -0.007229 0.190000
v -0.287624 -0.001329 0.190000
v -0.285973 0.004517 0.190000
v -0.283433 0.010204 0.190000
v -0.279874 0.015623 0.190000
v -0.275162 0.020668 0.190000
v -0.269166 0.025231 0.190000
v -0.261755 0.029205 0.190000
v -0.252796 0.032483 0.190000
v -0.242159 0.034957 0.190000
v -0.229711 0.036520 0.190000
v -0.215320 0.037065 0.190000
v -0.205143 0.037065 0.190000
v -0.190042 0.036454 0.190000
v -0.177107 0.034707 0.190000
v -0.166175 0.031951 0.190000
v -0.157084 0.028315 0.190000
v -0.149672 0.023925 0.190000
v -0.143775 0.018911 0.190000
v -0.139231 0.013399 0.190000
v -0.135878 0.007518 0.190000
v -0.133554 0.001395 0.190000
v -0.132094 -0.004841 0.190000
v -0.131338 -0.011063 0.190000
v -0.131122 -0.017144 0.190000
v -0.131122 -0.021970 0.190000
v -0.131128 -0.022068 0.190000
v -0.131148 -0.022162 0.190000
v -0.131179 -0.022252 0.190000
v -0.131221 -0.022335 0.190000
v -0.131273 -0.022412 0.190000
v -0.131334 -0.022482 0.190000
v -0.131404 -0.022543 0.190000
v -0.131481 -0.022595 0.190000
v -0.131565 -0.022637 0.190000
v -0.131654 -0.022669 0.190000
v -0.131748 -0.022688 0.190000
v -0.131847 -0.022694 0.190000
v -0.238524 -0.022694 0.190000
v -0.238633 -0.022703 0.190000
v -0.238737 -0.022726 0.190000
v -0.238834 -0.022764 0.190000
v -0.238923 -0.022814 0.190000
v -0.239004 -0.022877 0.190000
v -0.239074 -0.022949 0.190000
v -0.239134 -0.023031 0.190000
v -0.239181 -0.023121 0.190000
v -0.239215 -0.023217 0.190000
v -0.239234 -0.023319 0.190000
v -0.239237 -0.023425 0.190000
v -0.239224 -0.023534 0.190000
v -0.238597 -0.025932 0.190000
v -0.237691 -0.028224 0.190000
v -0.236486 -0.030390 0.190000
v -0.234966 -0.032411 0.190000
v -0.233110 -0.034267 0.190000
v -0.230902 -0.035939 0.190000
v -0.228322 -0.037408 0.190000
v -0.225352 -0.038653 0.190000
v -0.221975 -0.039655 0.190000
v -0.218172 -0.040395 0.190000
v -0.213924 -0.040854 0.190000
v -0.209029 -0.041011 0.190000
v -0.204960 -0.040911 0.190000
v -0.201302 -0.040627 0.190000
v -0.198033 -0.040179 0.190000
v -0.195133 -0.039590 0.190000
v -0.192578 -0.038881 0.190000
v -0.190348 -0.038074 0.190000
v -0.188422 -0.037189 0.190000
v -0.186776 -0.036250 0.190000
v -0.185391 -0.035277 0.190000
v -0.184243 -0.034291 0.190000
v -0.183313 -0.033315 0.190000
v -0.182578 -0.032371 0.190000
v -0.182257 -0.031935 0.190000
v -0.181912 -0.031509 0.190000
v -0.181544 -0.031100 0.190000
v -0.181153 -0.030711 0.190000
v -0.180741 -0.030349 0.190000
v -0.180309 -0.030018 0.190000
v -0.179858 -0.029724 0.190000
v -0.179389 -0.029472 0.190000
v -0.178903 -0.029266 0.190000
v -0.178401 -0.029113 0.190000
v -0.177885 -0.029017 0.190000
v -0.177355 -0.028984 0.190000
v -0.170247 -0.028984 0.190000
v -0.154609 -0.028984 0.190000
v -0.143657 -0.028984 0.190000
v -0.132758 -0.028984 0.190000
v -0.181650 -0.001479 0.190000
v -0.182317 0.000636 0.190000
v -0.183243 0.002603 0.190000
v -0.184445 0.004416 0.190000
v -0.185937 0.006068 0.190000
v -0.187734 0.007552 0.190000
v -0.189852 0.008861 0.190000
v -0.192305 0.009987 0.190000
v -0.195110 0.010925 0.190000
v -0.198280 0.011666 0.190000
v -0.201832 0.012204 0.190000
v -0.205780 0.012533 0.190000
v -0.210140 0.012643 0.190000
v -0.214513 0.012527 0.190000
v -0.218450 0.012183 0.190000
v -0.221970 0.011623 0.190000
v -0.225096 0.010857 0.190000
v -0.227850 0.009896 0.190000
v -0.230254 0.008750 0.190000
v -0.232329 0.007429 0.190000
v -0.234099 0.005943 0.190000
v -0.235584 0.004304 0.190000
v -0.236808 0.002521 0.190000
v -0.237791 0.000606 0.190000
v -0.238556 -0.001433 0.190000
v -0.238581 -0.001546 0.190000
v -0.238588 -0.001658 0.190000
v -0.238577 -0.001767 0.190000
v -0.238549 -0.001871 0.190000
v -0.238506 -0.001969 0.190000
v -0.238448 -0.002058 0.190000
v -0.238378 -0.002139 0.190000
v -0.238295 -0.002208 0.190000
v -0.238203 -0.002265 0.190000
v -0.238101 -0.002307 0.190000
v -0.237991 -0.002334 0.190000
v -0.237874 -0.002343 0.190000
v -0.203229 -0.002343 0.190000
v -0.182340 -0.002343 0.190000
v -0.182228 -0.002334 0.190000
v -0.182122 -0.002310 0.190000
v -0.182024 -0.002271 0.190000
v -0.181933 -0.002218 0.190000
v -0.181852 -0.002153 0.190000
v -0.181782 -0.002078 0.190000
v -0.181723 -0.001993 0.190000
v -0.181678 -0.001901 0.190000
v -0.181646 -0.001802 0.190000
v -0.181630 -0.001697 0.190000
v -0.181631 -0.001589 0.190000
v 0.022470 -0.032525 0.190000
v 0.022470 -0.033794 0.190000
v 0.022232 -0.038277 0.190000
v 0.021432 -0.042625 0.190000
v 0.019940 -0.046791 0.190000
v 0.017624 -0.050726 0.190000
v 0.014355 -0.054381 0.190000
v 0.010002 -0.057707 0.190000
v 0.004435 -0.060655 0.190000
v -0.002478 -0.063177 0.190000
v -0.010865 -0.065223 0.190000
v -0.020859 -0.066746 0.190000
v -0.032588 -0.067695 0.190000
v -0.046184 -0.068022 0.190000
v -0.056362 -0.068022 0.190000
v -0.070265 -0.067574 0.190000
v -0.082102 -0.066304 0.190000
v -0.092037 -0.064322 0.190000
v -0.100233 -0.061738 0.190000
v -0.106854 -0.058664 0.190000
v -0.112063 -0.055210 0.190000
v -0.116023 -0.051485 0.190000
v -0.118896 -0.047602 0.190000
v -0.120847 -0.043669 0.190000
v -0.122039 -0.039798 0.190000
v -0.122634 -0.036100 0.190000
v -0.122796 -0.032684 0.190000
v -0.122784 -0.032508 0.190000
v -0.122750 -0.032340 0.190000
v -0.122694 -0.032180 0.190000
v -0.122619 -0.032031 0.190000
v -0.122526 -0.031893 0.190000
v -0.122416 -0.031769 0.190000
v -0.122292 -0.031659 0.190000
v -0.122154 -0.031566 0.190000
v -0.122004 -0.031491 0.190000
v -0.121844 -0.031436 0.190000
v -0.121676 -0.031401 0.190000
v -0.121500 -0.031389 0.190000
v -0.113801 -0.031389 0.190000
v -0.073197 -0.031389 0.190000
v -0.072228 -0.031389 0.190000
v -0.072133 -0.031396 0.190000
v -0.072041 -0.031414 0.190000
v -0.071954 -0.031443 0.190000
v -0.071872 -0.031482 0.190000
v -0.071796 -0.031531 0.190000
v -0.071727 -0.031588 0.190000
v -0.071665 -0.031654 0.190000
v -0.071611 -0.031727 0.190000
v -0.071566 -0.031806 0.190000
v -0.071530 -0.031892 0.190000
v -0.071505 -0.031982 0.190000
v -0.071491 -0.032077 0.190000
v -0.071353 -0.033164 0.190000
v -0.071086 -0.034353 0.190000
v -0.070644 -0.035606 0.190000
v -0.069979 -0.036885 0.190000
v -0.069045 -0.038154 0.190000
v -0.067793 -0.039375 0.190000
v -0.066178 -0.040510 0.190000
v -0.064152 -0.041523 0.190000
v -0.061668 -0.042376 0.190000
v -0.058679 -0.043031 0.190000
v -0.055137 -0.043451 0.190000
v -0.050900 -0.043600 0.190000
v -0.050625 -0.043600 0.190000
v -0.046489 -0.043517 0.190000
v -0.042935 -0.043279 0.190000
v -0.039921 -0.042897 0.190000
v -0.037404 -0.042387 0.190000
v -0.035343 -0.041761 0.190000
v -0.033693 -0.041033 0.190000
v -0.032414 -0.040216 0.190000
v -0.031463 -0.039324 0.190000
v -0.030796 -0.038371 0.190000
v -0.030373 -0.037369 0.190000
v -0.030150 -0.036332 0.190000
v -0.030085 -0.035179 0.190000
v -0.030085 -0.034905 0.190000
v -0.030146 -0.033741 0.190000
v -0.030353 -0.032657 0.190000
v -0.030747 -0.031656 0.190000
v -0.031367 -0.030739 0.190000
v -0.032251 -0.029909 0.190000
v -0.033439 -0.029170 0.190000
v -0.034970 -0.028522 0.190000
v -0.036884 -0.027970 0.190000
v -0.039219 -0.027516 0.190000
v -0.042014 -0.027161 0.190000
v -0.045310 -0.026910 0.190000
v -0.049145 -0.026764 0.190000
v -0.070241 -0.026208 0.190000
v -0.080039 -0.025604 0.190000
v -0.088573 -0.024471 0.190000
v -0.095923 -0.022858 0.190000
v -0.102166 -0.020816 0.190000
v -0.107381 -0.018394 0.190000
v -0.111646 -0.015640 0.190000
v -0.115040 -0.012606 0.190000
v -0.117642 -0.009339 0.190000
v -0.119528 -0.005890 0.190000
v -0.120779 -0.002308 0.190000
v -0.121472 0.001358 0.190000
v -0.121685 0.005079 0.190000
v -0.121685 0.006168 0.190000
v -0.121450 0.010196 0.190000
v -0.120663 0.014110 0.190000
v -0.119208 0.017864 0.190000
v -0.116963 0.021414 0.190000
v -0.113812 0.024715 0.190000
v -0.109634 0.027722 0.190000
v -0.104311 0.030389 0.190000
v -0.097725 0.032673 0.190000
v -0.089756 0.034527 0.190000
v -0.080285 0.035907 0.190000
v -0.069193 0.036768 0.190000
v -0.056362 0.037065 0.190000
v -0.048087 0.037065 0.190000
v -0.046555 0.037065 0.190000
v -0.034035 0.036761 0.190000
v -0.023147 0.035881 0.190000
v -0.013786 0.034475 0.190000
v -0.005850 0.032590 0.190000
v 0.000764 0.030277 0.190000
v 0.006162 0.027583 0.190000
v 0.010445 0.024558 0.190000
v 0.013717 0.021250 0.190000
v 0.016082 0.017708 0.190000
v 0.017643 0.013981 0.190000
v 0.018504 0.010118 0.190000
v 0.018768 0.006126 0.190000
v 0.018768 0.005598 0.190000
v 0.018762 0.005500 0.190000
v 0.018742 0.005406 0.190000
v 0.018711 0.005316 0.190000
v 0.018669 0.005232 0.190000
v 0.018617 0.005155 0.190000
v 0.018556 0.005086 0.190000
v 0.018487 0.005024 0.190000
v 0.018410 0.004972 0.190000
v 0.018326 0.004930 0.190000
v 0.018236 0.004899 0.190000
v 0.018142 0.004880 0.190000
v 0.018043 0.004873 0.190000
v -0.031565 0.004873 0.190000
v -0.031694 0.005755 0.190000
v -0.031928 0.006715 0.190000
v -0.032320 0.007723 0.190000
v -0.032922 0.008751 0.190000
v -0.033787 0.009769 0.190000
v -0.034966 0.010747 0.190000
v -0.036511 0.011656 0.190000
v -0.038474 0.012465 0.190000
v -0.040908 0.013146 0.190000
v -0.043864 0.013670 0.190000
v -0.047395 0.014005 0.190000
v -0.051736 0.014124 0.190000
v -0.055539 0.014074 0.190000
v -0.058829 0.013925 0.190000
v -0.061642 0.013678 0.190000
v -0.064011 0.013336 0.190000
v -0.065971 0.012898 0.190000
v -0.067558 0.012366 0.190000
v -0.068805 0.011742 0.190000
v -0.069748 0.011026 0.190000
v -0.070420 0.010221 0.190000
v -0.070858 0.009327 0.190000
v -0.071095 0.008346 0.190000
v -0.071166 0.007093 0.190000
v -0.071096 0.006103 0.190000
v -0.070862 0.005170 0.190000
v -0.070435 0.004297 0.190000
v -0.069782 0.003488 0.190000
v -0.068872 0.002746 0.190000
v -0.067673 0.002074 0.190000
v -0.066155 0.001476 0.190000
v -0.064285 0.000953 0.190000
v -0.062032 0.000510 0.190000
v -0.059364 0.000151 0.190000
v -0.056251 -0.000123 0.190000
v -0.052661 -0.000308 0.190000
v -0.031751 -0.000863 0.190000
v -0.021238 -0.001383 0.190000
v -0.012121 -0.002294 0.190000
v -0.004308 -0.003594 0.190000
v 0.002292 -0.005282 0.190000
v 0.007772 -0.007355 0.190000
v 0.012223 -0.009812 0.190000
v 0.015737 -0.012651 0.190000
v 0.018406 -0.015869 0.190000
v 0.020321 -0.019465 0.190000
v 0.021576 -0.023436 0.190000
v 0.022262 -0.027782 0.190000
v 0.115729 -0.034350 0.190000
v 0.115729 -0.065247 0.190000
v 0.073169 -0.065247 0.190000
v 0.069032 -0.065051 0.190000
v 0.065232 -0.064461 0.190000
v 0.061773 -0.063478 0.190000
v 0.058659 -0.062102 0.190000
v 0.055894 -0.060333 0.190000
v 0.053483 -0.058170 0.190000
v 0.051431 -0.055615 0.190000
v 0.049742 -0.052666 0.190000
v 0.048420 -0.049324 0.190000
v 0.047471 -0.045589 0.190000
v 0.046898 -0.041461 0.190000
v 0.046706 -0.036940 0.190000
v 0.046706 0.003038 0.190000
v 0.046699 0.003136 0.190000
v 0.046680 0.003231 0.190000
v 0.046649 0.003320 0.190000
v 0.046607 0.003404 0.190000
v 0.046555 0.003481 0.190000
v 0.046493 0.003551 0.190000
v 0.046424 0.003612 0.190000
v 0.046346 0.003664 0.190000
v 0.046263 0.003706 0.190000
v 0.046173 0.003737 0.190000
v 0.046079 0.003756 0.190000
v 0.028371 0.003763 0.190000
v 0.028272 0.003770 0.190000
v 0.028178 0.003789 0.190000
v 0.028088 0.003820 0.190000
v 0.028004 0.003862 0.190000
v 0.027927 0.003914 0.190000
v 0.027857 0.003975 0.190000
v 0.027796 0.004045 0.190000
v 0.027744 0.004122 0.190000
v 0.027702 0.004206 0.190000
v 0.027671 0.004295 0.190000
v 0.027651 0.004389 0.190000
v 0.027645 0.004488 0.190000
v 0.027645 0.033565 0.190000
v 0.027651 0.033663 0.190000
v 0.027671 0.033758 0.190000
v 0.027702 0.033847 0.190000
v 0.027744 0.033931 0.190000
v 0.027796 0.034008 0.190000
v 0.027857 0.034078 0.190000
v 0.027927 0.034139 0.190000
v 0.028004 0.034191 0.190000
v 0.028088 0.034233 0.190000
v 0.028178 0.034264 0.190000
v 0.028272 0.034283 0.190000
v 0.028371 0.034290 0.190000
v 0.031122 0.034290 0.190000
v 0.039357 0.034290 0.190000
v 0.045634 0.034290 0.190000
v 0.045981 0.034290 0.190000
v 0.046079 0.034297 0.190000
v 0.046173 0.034316 0.190000
v 0.046263 0.034347 0.190000
v 0.046347 0.034389 0.190000
v 0.046424 0.034441 0.190000
v 0.046493 0.034502 0.190000
v 0.046555 0.034572 0.190000
v 0.046607 0.034649 0.190000
v 0.046649 0.034733 0.190000
v 0.046680 0.034822 0.190000
v 0.046699 0.034916 0.190000
v 0.046706 0.035015 0.190000
v 0.046706 0.062612 0.190000
v 0.046712 0.062710 0.190000
v 0.046732 0.062805 0.190000
v 0.046763 0.062894 0.190000
v 0.046805 0.062978 0.190000
v 0.046857 0.063055 0.190000
v 0.046918 0.063124 0.190000
v 0.046988 0.063186 0.190000
v 0.047065 0.063238 0.190000
v 0.047149 0.063280 0.190000
v 0.047238 0.063311 0.190000
v 0.047333 0.063330 0.190000
v 0.047431 0.063337 0.190000
v 0.048385 0.063337 0.190000
v 0.060008 0.063337 0.190000
v 0.077696 0.063337 0.190000
v 0.095944 0.063337 0.190000
v 0.096043 0.063330 0.190000
v 0.096137 0.063311 0.190000
v 0.096227 0.063280 0.190000
v 0.096310 0.063238 0.190000
v 0.096388 0.063186 0.190000
v 0.096457 0.063124 0.190000
v 0.096519 0.063055 0.190000
v 0.096570 0.062978 0.190000
v 0.096613 0.062894 0.190000
v 0.096644 0.062805 0.190000
v 0.096663 0.062710 0.190000
v 0.096669 0.062612 0.190000
v 0.096669 0.035015 0.190000
v 0.096676 0.034916 0.190000
v 0.096695 0.034822 0.190000
v 0.096727 0.034733 0.190000
v 0.096768 0.034649 0.190000
v 0.096821 0.034572 0.190000
v 0.096882 0.034502 0.190000
v 0.096952 0.034441 0.190000
v 0.097029 0.034389 0.190000
v 0.097112 0.034347 0.190000
v 0.097202 0.034316 0.190000
v 0.097296 0.034297 0.190000
v 0.097394 0.034290 0.190000
v 0.097741 0.034290 0.190000
v 0.104019 0.034290 0.190000
v 0.112253 0.034290 0.190000
v 0.115005 0.034290 0.190000
v 0.115104 0.034283 0.190000
v 0.115198 0.034264 0.190000
v 0.115287 0.034233 0.190000
v 0.115371 0.034191 0.190000
v 0.115448 0.034139 0.190000
v 0.115517 0.034078 0.190000
v 0.115578 0.034008 0.190000
v 0.115630 0.033931 0.190000
v 0.115672 0.033847 0.190000
v 0.115703 0.033758 0.190000
v 0.115723 0.033663 0.190000
v 0.115729 0.033565 0.190000
v 0.106562 0.003763 0.190000
v 0.097296 0.003756 0.190000
v 0.097202 0.003737 0.190000
v 0.097112 0.003706 0.190000
v 0.097028 0.003664 0.190000
v 0.096951 0.003612 0.190000
v 0.096882 0.003551 0.190000
v 0.096820 0.003481 0.190000
v 0.096768 0.003404 0.190000
v 0.096726 0.003320 0.190000
v 0.096695 0.003231 0.190000
v 0.096676 0.003136 0.190000
v 0.096669 0.003038 0.190000
v 0.096669 -0.025655 0.190000
v 0.096696 -0.027108 0.190000
v 0.096785 -0.028418 0.190000
v 0.096956 -0.029589 0.190000
v 0.097225 -0.030622 0.190000
v 0.097609 -0.031522 0.190000
v 0.098127 -0.032291 0.190000
v 0.098795 -0.032934 0.190000
v 0.099630 -0.033452 0.190000
v 0.100651 -0.033849 0.190000
v 0.101874 -0.034129 0.190000
v 0.103317 -0.034295 0.190000
v 0.104996 -0.034350 0.190000
v 0.282628 -0.028984 0.190000
v 0.282678 -0.028988 0.190000
v 0.282726 -0.028998 0.190000
v 0.282969 -0.029210 0.190000
v 0.282984 -0.029256 0.190000
v 0.282994 -0.029304 0.190000
v 0.282998 -0.029354 0.190000
v 0.282793 -0.033030 0.190000
v 0.282067 -0.037036 0.190000
v 0.280653 -0.041250 0.190000
v 0.278386 -0.045546 0.190000
v 0.275098 -0.049801 0.190000
v 0.270623 -0.053891 0.190000
v 0.264795 -0.057692 0.190000
v 0.257448 -0.061080 0.190000
v 0.248414 -0.063931 0.190000
v 0.237528 -0.066121 0.190000
v 0.224624 -0.067526 0.190000
v 0.209533 -0.068022 0.190000
v 0.199726 -0.068022 0.190000
v 0.185441 -0.067459 0.190000
v 0.173039 -0.065844 0.190000
v 0.162397 -0.063292 0.190000
v 0.153394 -0.059915 0.190000
v 0.145908 -0.055827 0.190000
v 0.139815 -0.051139 0.190000
v 0.134995 -0.045966 0.190000
v 0.131325 -0.040421 0.190000
v 0.128683 -0.034616 0.190000
v 0.126947 -0.028664 0.190000
v 0.125995 -0.022679 0.190000
v 0.125705 -0.016774 0.190000
v 0.125705 -0.013073 0.190000
v 0.125973 -0.007229 0.190000
v 0.126867 -0.001329 0.190000
v 0.128518 0.004517 0.190000
v 0.131058 0.010204 0.190000
v 0.134617 0.015623 0.190000
v 0.139329 0.020668 0.190000
v 0.145325 0.025231 0.190000
v 0.152736 0.029205 0.190000
v 0.161694 0.032483 0.190000
v 0.172332 0.034957 0.190000
v 0.184780 0.036520 0.190000
v 0.199171 0.037065 0.190000
v 0.209348 0.037065 0.190000
v 0.224449 0.036454 0.190000
v 0.237384 0.034707 0.190000
v 0.248316 0.031951 0.190000
v 0.257407 0.028315 0.190000
v 0.264819 0.023925 0.190000
v 0.270716 0.018911 0.190000
v 0.275259 0.013399 0.190000
v 0.278612 0.007518 0.190000
v 0.280937 0.001395 0.190000
v 0.282396 -0.004841 0.190000
v 0.283153 -0.011063 0.190000
v 0.283369 -0.017144 0.190000
v 0.283369 -0.021970 0.190000
v 0.283362 -0.022068 0.190000
v 0.283343 -0.022162 0.190000
v 0.283312 -0.022252 0.190000
v 0.283270 -0.022335 0.190000
v 0.283218 -0.022412 0.190000
v 0.283157 -0.022482 0.190000
v 0.283087 -0.022543 0.190000
v 0.283010 -0.022595 0.190000
v 0.282926 -0.022637 0.190000
v 0.282837 -0.022669 0.190000
v 0.282742 -0.022688 0.190000
v 0.282644 -0.022694 0.190000
v 0.175967 -0.022694 0.190000
v 0.175858 -0.022703 0.190000
v 0.175754 -0.022726 0.190000
v 0.175657 -0.022764 0.190000
v 0.175567 -0.022814 0.190000
v 0.175487 -0.022877 0.190000
v 0.175416 -0.022949 0.190000
v 0.175357 -0.023031 0.190000
v 0.175310 -0.023121 0.190000
v 0.175276 -0.023217 0.190000
v 0.175257 -0.023319 0.190000
v 0.175253 -0.023425 0.190000
v 0.175267 -0.023534 0.190000
v 0.175894 -0.025932 0.190000
v 0.176800 -0.028224 0.190000
v 0.178005 -0.030390 0.190000
v 0.179525 -0.032411 0.190000
v 0.181381 -0.034267 0.190000
v 0.183589 -0.035939 0.190000
v 0.186169 -0.037408 0.190000
v 0.189138 -0.038653 0.190000
v 0.192515 -0.039655 0.190000
v 0.196318 -0.040395 0.190000
v 0.200566 -0.040854 0.190000
v 0.205462 -0.041011 0.190000
v 0.209531 -0.040911 0.190000
v 0.213189 -0.040627 0.190000
v 0.216457 -0.040179 0.190000
v 0.219358 -0.039590 0.190000
v 0.221912 -0.038881 0.190000
v 0.224142 -0.038074 0.190000
v 0.226069 -0.037189 0.190000
v 0.227714 -0.036250 0.190000
v 0.229100 -0.035277 0.190000
v 0.230247 -0.034291 0.190000
v 0.231178 -0.033315 0.190000
v 0.231913 -0.032371 0.190000
v 0.232234 -0.031935 0.190000
v 0.232579 -0.031509 0.190000
v 0.232947 -0.031100 0.190000
v 0.233338 -0.030711 0.190000
v 0.233749 -0.030349 0.190000
v 0.234182 -0.030018 0.190000
v 0.234633 -0.029724 0.190000
v 0.235102 -0.029472 0.190000
v 0.235588 -0.029266 0.190000
v 0.236089 -0.029113 0.190000
v 0.236606 -0.029017 0.190000
v 0.237136 -0.028984 0.190000
v 0.248930 -0.028984 0.190000
v 0.259882 -0.028984 0.190000
v 0.281733 -0.028984 0.190000
v 0.232841 -0.001479 0.190000
v 0.232174 0.000636 0.190000
v 0.231247 0.002603 0.190000
v 0.230046 0.004416 0.190000
v 0.228554 0.006068 0.190000
v 0.226756 0.007552 0.190000
v 0.224639 0.008861 0.190000
v 0.222185 0.009987 0.190000
v 0.219381 0.010925 0.190000
v 0.216211 0.011666 0.190000
v 0.212659 0.012204 0.190000
v 0.208711 0.012533 0.190000
v 0.204351 0.012643 0.190000
v 0.199977 0.012527 0.190000
v 0.196041 0.012183 0.190000
v 0.192521 0.011623 0.190000
v 0.189395 0.010857 0.190000
v 0.186641 0.009896 0.190000
v 0.184237 0.008750 0.190000
v 0.182161 0.007429 0.190000
v 0.180392 0.005943 0.190000
v 0.178906 0.004304 0.190000
v 0.177683 0.002521 0.190000
v 0.176700 0.000606 0.190000
v 0.175935 -0.001433 0.190000
v 0.175909 -0.001546 0.190000
v 0.175903 -0.001658 0.190000
v 0.175914 -0.001767 0.190000
v 0.175942 -0.001871 0.190000
v 0.175985 -0.001969 0.190000
v 0.176043 -0.002058 0.190000
v 0.176113 -0.002139 0.190000
v 0.176195 -0.002208 0.190000
v 0.176288 -0.002265 0.190000
v 0.176390 -0.002307 0.190000
v 0.176500 -0.002334 0.190000
v 0.176617 -0.002343 0.190000
v 0.232151 -0.002343 0.190000
v 0.232263 -0.002334 0.190000
v 0.232368 -0.002310 0.190000
v 0.232467 -0.002271 0.190000
v 0.232558 -0.002218 0.190000
v 0.232638 -0.002153 0.190000
v 0.232709 -0.002078 0.190000
v 0.232767 -0.001993 0.190000
v 0.232813 -0.001901 0.190000
v 0.232844 -0.001802 0.190000
v 0.232860 -0.001697 0.190000
v 0.232860 -0.001589 0.190000
v 0.343083 0.070867 0.190000
v 0.343178 0.070847 0.190000
v 0.343267 0.070816 0.190000
v 0.343351 0.070774 0.190000
v 0.343428 0.070722 0.190000
v 0.343498 0.070661 0.190000
v 0.343559 0.070592 0.190000
v 0.343611 0.070514 0.190000
v 0.343653 0.070431 0.190000
v 0.343684 0.070341 0.190000
v 0.343703 0.070247 0.190000
v 0.343710 0.070149 0.190000
v 0.343710 0.043340 0.190000
v 0.343704 0.043242 0.190000
v 0.343684 0.043148 0.190000
v 0.343653 0.043058 0.190000
v 0.343611 0.042974 0.190000
v 0.343559 0.042897 0.190000
v 0.343498 0.042828 0.190000
v 0.343428 0.042766 0.190000
v 0.343351 0.042714 0.190000
v 0.343267 0.042672 0.190000
v 0.343178 0.042641 0.190000
v 0.343083 0.042622 0.190000
v 0.342985 0.042615 0.190000
v 0.294125 0.042615 0.190000
v 0.294024 0.042622 0.190000
v 0.293928 0.042642 0.190000
v 0.293837 0.042675 0.190000
v 0.293752 0.042718 0.190000
v 0.293674 0.042773 0.190000
v 0.293604 0.042836 0.190000
v 0.293543 0.042908 0.190000
v 0.293491 0.042988 0.190000
v 0.293450 0.043074 0.190000
v 0.293421 0.043166 0.190000
v 0.293404 0.043263 0.190000
v 0.293400 0.043364 0.190000
v 0.294276 0.070172 0.190000
v 0.294285 0.070268 0.190000
v 0.294307 0.070360 0.190000
v 0.294339 0.070447 0.190000
v 0.294382 0.070528 0.190000
v 0.294435 0.070602 0.190000
v 0.294496 0.070669 0.190000
v 0.294565 0.070728 0.190000
v 0.294641 0.070778 0.190000
v 0.294724 0.070819 0.190000
v 0.294812 0.070849 0.190000
v 0.294904 0.070867 0.190000
v 0.295000 0.070873 0.190000
v 0.313050 0.070873 0.190000
v 0.318993 0.070873 0.190000
v 0.342041 0.070873 0.190000
v 0.342985 0.070873 0.190000
v 0.294102 0.034290 0.190000
v 0.306775 0.034290 0.190000
v 0.312490 0.034290 0.190000
v 0.330312 0.034290 0.190000
v 0.342985 0.034290 0.190000
v 0.343083 0.034283 0.190000
v 0.343178 0.034264 0.190000
v 0.343267 0.034233 0.190000
v 0.343351 0.034191 0.190000
v 0.343428 0.034139 0.190000
v 0.343498 0.034078 0.190000
v 0.343559 0.034008 0.190000
v 0.343611 0.033931 0.190000
v 0.343653 0.033847 0.190000
v 0.343684 0.033758 0.190000
v 0.343704 0.033663 0.190000
v 0.343710 0.033565 0.190000
v 0.343710 -0.065247 0.190000
v 0.293377 -0.065247 0.190000
v 0.293377 0.033565 0.190000
v 0.293383 0.033663 0.190000
v 0.293402 0.033758 0.190000
v 0.293433 0.033847 0.190000
v 0.293475 0.033931 0.190000
v 0.293527 0.034008 0.190000
v 0.293589 0.034078 0.190000
v 0.293658 0.034139 0.190000
v 0.293735 0.034191 0.190000
v 0.293819 0.034233 0.190000
v 0.293908 0.034264 0.190000
v 0.294003 0.034283 0.190000
v 0.596378 0.021696 0.190000
v 0.596054 0.015543 0.190000
v 0.595034 0.009611 0.190000
v 0.593249 0.003961 0.190000
v 0.590627 -0.001348 0.190000
v 0.587098 -0.006256 0.190000
v 0.582591 -0.010704 0.190000
v 0.577035 -0.014631 0.190000
v 0.570360 -0.017979 0.190000
v 0.562496 -0.020686 0.190000
v 0.553371 -0.022694 0.190000
v 0.542915 -0.023942 0.190000
v 0.531058 -0.024372 0.190000
v 0.469595 -0.024372 0.190000
v 0.469498 -0.024378 0.190000
v 0.469405 -0.024398 0.190000
v 0.469316 -0.024429 0.190000
v 0.469233 -0.024471 0.190000
v 0.469155 -0.024523 0.190000
v 0.469085 -0.024584 0.190000
v 0.469023 -0.024654 0.190000
v 0.468971 -0.024731 0.190000
v 0.468928 -0.024814 0.190000
v 0.468896 -0.024904 0.190000
v 0.468876 -0.024998 0.190000
v 0.468870 -0.025097 0.190000
v 0.468870 -0.065075 0.190000
v 0.416322 -0.065075 0.190000
v 0.416322 0.069223 0.190000
v 0.416348 0.069617 0.190000
v 0.416426 0.069994 0.190000
v 0.416550 0.070352 0.190000
v 0.416718 0.070687 0.190000
v 0.416927 0.070995 0.190000
v 0.417172 0.071274 0.190000
v 0.417450 0.071519 0.190000
v 0.417759 0.071727 0.190000
v 0.418094 0.071895 0.190000
v 0.418451 0.072019 0.190000
v 0.418829 0.072096 0.190000
v 0.419222 0.072123 0.190000
v 0.531058 0.072123 0.190000
v 0.542994 0.071673 0.190000
v 0.553502 0.070367 0.190000
v 0.562655 0.068270 0.190000
v 0.570528 0.065449 0.190000
v 0.577195 0.061969 0.190000
v 0.582732 0.057894 0.190000
v 0.587212 0.053292 0.190000
v 0.590711 0.048228 0.190000
v 0.593302 0.042766 0.190000
v 0.595060 0.036973 0.190000
v 0.596061 0.030915 0.190000
v 0.596378 0.024657 0.190000
v 0.524765 0.035757 0.190000
v 0.469595 0.035757 0.190000
v 0.469498 0.035750 0.190000
v 0.469405 0.035731 0.190000
v 0.469316 0.035700 0.190000
v 0.469233 0.035658 0.190000
v 0.469155 0.035606 0.190000
v 0.469085 0.035545 0.190000
v 0.469023 0.035475 0.190000
v 0.468971 0.035398 0.190000
v 0.468928 0.035314 0.190000
v 0.468896 0.035225 0.190000
v 0.468876 0.035130 0.190000
v 0.468870 0.035032 0.190000
v 0.468870 0.017056 0.190000
v 0.468870 0.010765 0.190000
v 0.468876 0.010666 0.190000
v 0.468896 0.010572 0.190000
v 0.468928 0.010483 0.190000
v 0.468971 0.010399 0.190000
v 0.469023 0.010322 0.190000
v 0.469085 0.010252 0.190000
v 0.469155 0.010191 0.190000
v 0.469233 0.010139 0.190000
v 0.469316 0.010097 0.190000
v 0.469405 0.010066 0.190000
v 0.469498 0.010047 0.190000
v 0.469595 0.010040 0.190000
v 0.524765 0.010040 0.190000
v 0.527632 0.010143 0.190000
v 0.530226 0.010445 0.190000
v 0.532552 0.010939 0.190000
v 0.534614 0.011616 0.190000
v 0.536417 0.012468 0.190000
v 0.537965 0.013486 0.190000
v 0.539262 0.014662 0.190000
v 0.540314 0.015988 0.190000
v 0.541124 0.017455 0.190000
v 0.541697 0.019055 0.190000
v 0.542037 0.020780 0.190000
v 0.542150 0.022662 0.190000
v 0.542150 0.023177 0.190000
v 0.542041 0.025056 0.190000
v 0.541710 0.026806 0.190000
v 0.541150 0.028420 0.190000
v 0.540356 0.029891 0.190000
v 0.539320 0.031214 0.190000
v 0.538036 0.032380 0.190000
v 0.536497 0.033385 0.190000
v 0.534698 0.034222 0.190000
v 0.532632 0.034884 0.190000
v 0.530292 0.035365 0.190000
v 0.527672 0.035658 0.190000
v 0.659847 -0.069645 0.190000
v 0.646562 -0.067909 0.190000
v 0.635373 -0.065184 0.190000
v 0.626103 -0.061607 0.190000
v 0.618579 -0.057316 0.190000
v 0.612625 -0.052447 0.190000
v 0.608066 -0.047140 0.190000
v 0.604729 -0.041530 0.190000
v 0.602437 -0.035756 0.190000
v 0.601016 -0.029955 0.190000
v 0.600292 -0.024264 0.190000
v 0.600090 -0.018821 0.190000
v 0.600090 -0.015491 0.190000
v 0.600303 -0.010148 0.190000
v 0.601054 -0.004569 0.190000
v 0.602511 0.001114 0.190000
v 0.604844 0.006765 0.190000
v 0.608220 0.012252 0.190000
v 0.612808 0.017441 0.190000
v 0.618775 0.022198 0.190000
v 0.626292 0.026390 0.190000
v 0.635525 0.029883 0.190000
v 0.646644 0.032543 0.190000
v 0.659817 0.034237 0.190000
v 0.675212 0.034832 0.190000
v 0.689276 0.034832 0.190000
v 0.704172 0.034241 0.190000
v 0.717028 0.032555 0.190000
v 0.727985 0.029906 0.190000
v 0.737185 0.026424 0.190000
v 0.744771 0.022241 0.190000
v 0.750884 0.017487 0.190000
v 0.755668 0.012294 0.190000
v 0.759262 0.006792 0.190000
v 0.761811 0.001114 0.190000
v 0.763456 -0.004612 0.190000
v 0.764338 -0.010252 0.190000
v 0.764601 -0.015677 0.190000
v 0.764601 -0.016444 0.190000
v 0.764601 -0.018637 0.190000
v 0.764335 -0.024161 0.190000
v 0.763442 -0.029912 0.190000
v 0.761782 -0.035756 0.190000
v 0.759214 -0.041557 0.190000
v 0.755598 -0.047181 0.190000
v 0.750792 -0.052493 0.190000
v 0.744656 -0.057358 0.190000
v 0.737050 -0.061641 0.190000
v 0.727832 -0.065207 0.190000
v 0.716862 -0.067921 0.190000
v 0.703999 -0.069648 0.190000
v 0.689102 -0.070254 0.190000
v 0.675400 -0.070254 0.190000
v 0.676286 0.006456 0.190000
v 0.671218 0.005728 0.190000
v 0.666826 0.004577 0.190000
v 0.663068 0.003051 0.190000
v 0.659904 0.001201 0.190000
v 0.657294 -0.000922 0.190000
v 0.655196 -0.003269 0.190000
v 0.653571 -0.005789 0.190000
v 0.652378 -0.008432 0.190000
v 0.651576 -0.011149 0.190000
v 0.651124 -0.013889 0.190000
v 0.650983 -0.016602 0.190000
v 0.650983 -0.017286 0.190000
v 0.651121 -0.020041 0.190000
v 0.651564 -0.022826 0.190000
v 0.652354 -0.025635 0.190000
v 0.653533 -0.028408 0.190000
v 0.655144 -0.031083 0.190000
v 0.657229 -0.033600 0.190000
v 0.659830 -0.035896 0.190000
v 0.662991 -0.037912 0.190000
v 0.666753 -0.039587 0.190000
v 0.671158 -0.040858 0.190000
v 0.676250 -0.041666 0.190000
v 0.682070 -0.041949 0.190000
v 0.688107 -0.041669 0.190000
v 0.693235 -0.040871 0.190000
v 0.697670 -0.039613 0.190000
v 0.701456 -0.037954 0.190000
v 0.704635 -0.035953 0.190000
v 0.707250 -0.033669 0.190000
v 0.709345 -0.031162 0.190000
v 0.710963 -0.028490 0.190000
v 0.712146 -0.025713 0.190000
v 0.712937 -0.022890 0.190000
v 0.713381 -0.020079 0.190000
v 0.713519 -0.017341 0.190000
v 0.713519 -0.016656 0.190000
v 0.713378 -0.013850 0.190000
v 0.712925 -0.011085 0.190000
v 0.712121 -0.008354 0.190000
v 0.710924 -0.005706 0.190000
v 0.709292 -0.003190 0.190000
v 0.707185 -0.000852 0.190000
v 0.704561 0.001258 0.190000
v 0.701378 0.003092 0.190000
v 0.697597 0.004603 0.190000
v 0.693175 0.005741 0.190000
v 0.688071 0.006460 0.190000
v 0.682244 0.006710 0.190000
v 0.833970 -0.069645 0.190000
v 0.820685 -0.067909 0.190000
v 0.809495 -0.065184 0.190000
v 0.800224 -0.061607 0.190000
v 0.792697 -0.057316 0.190000
v 0.786742 -0.052447 0.190000
v 0.782182 -0.047140 0.190000
v 0.778842 -0.041530 0.190000
v 0.776549 -0.035756 0.190000
v 0.775127 -0.029955 0.190000
v 0.774402 -0.024264 0.190000
v 0.774199 -0.018821 0.190000
v 0.774199 -0.017156 0.190000
v 0.774199 -0.015491 0.190000
v 0.774413 -0.010148 0.190000
v 0.775165 -0.004569 0.190000
v 0.776623 0.001114 0.190000
v 0.778958 0.006765 0.190000
v 0.782335 0.012252 0.190000
v 0.786925 0.017441 0.190000
v 0.792894 0.022198 0.190000
v 0.800413 0.026390 0.190000
v 0.809647 0.029883 0.190000
v 0.820767 0.032543 0.190000
v 0.833941 0.034237 0.190000
v 0.849336 0.034832 0.190000
v 0.863400 0.034832 0.190000
v 0.878293 0.034241 0.190000
v 0.891146 0.032555 0.190000
v 0.902101 0.029906 0.190000
v 0.911299 0.026424 0.190000
v 0.918884 0.022241 0.190000
v 0.924996 0.017487 0.190000
v 0.929778 0.012294 0.190000
v 0.933373 0.006792 0.190000
v 0.935921 0.001114 0.190000
v 0.937566 -0.004612 0.190000
v 0.938448 -0.010252 0.190000
v 0.938711 -0.015677 0.190000
v 0.938711 -0.018637 0.190000
v 0.938444 -0.024161 0.190000
v 0.937551 -0.029912 0.190000
v 0.935892 -0.035756 0.190000
v 0.933324 -0.041557 0.190000
v 0.929707 -0.047181 0.190000
v 0.924901 -0.052493 0.190000
v 0.918766 -0.057358 0.190000
v 0.911159 -0.061641 0.190000
v 0.901941 -0.065207 0.190000
v 0.890971 -0.067921 0.190000
v 0.878108 -0.069648 0.190000
v 0.863212 -0.070254 0.190000
v 0.849524 -0.070254 0.190000
v 0.850399 0.006456 0.190000
v 0.845333 0.005728 0.190000
v 0.840942 0.004577 0.190000
v 0.837184 0.003051 0.190000
v 0.834020 0.001201 0.190000
v 0.831409 -0.000922 0.190000
v 0.829311 -0.003269 0.190000
v 0.827684 -0.005789 0.190000
v 0.826490 -0.008432 0.190000
v 0.825687 -0.011149 0.190000
v 0.825235 -0.013889 0.190000
v 0.825093 -0.016602 0.190000
v 0.825093 -0.017225 0.190000
v 0.825093 -0.017286 0.190000
v 0.825231 -0.020041 0.190000
v 0.825674 -0.022826 0.190000
v 0.826463 -0.025635 0.190000
v 0.827642 -0.028408 0.190000
v 0.829253 -0.031083 0.190000
v 0.831338 -0.033600 0.190000
v 0.833940 -0.035896 0.190000
v 0.837100 -0.037912 0.190000
v 0.840862 -0.039587 0.190000
v 0.845268 -0.040858 0.190000
v 0.850360 -0.041666 0.190000
v 0.856180 -0.041949 0.190000
v 0.862231 -0.041669 0.190000
v 0.867359 -0.040871 0.190000
v 0.871794 -0.039613 0.190000
v 0.875580 -0.037954 0.190000
v 0.878759 -0.035953 0.190000
v 0.881374 -0.033669 0.190000
v 0.883469 -0.031162 0.190000
v 0.885087 -0.028490 0.190000
v 0.886270 -0.025713 0.190000
v 0.887062 -0.022890 0.190000
v 0.887505 -0.020079 0.190000
v 0.887643 -0.017341 0.190000
v 0.887643 -0.016656 0.190000
v 0.887502 -0.013850 0.190000
v 0.887049 -0.011085 0.190000
v 0.886243 -0.008354 0.190000
v 0.885045 -0.005706 0.190000
v 0.883412 -0.003190 0.190000
v 0.881304 -0.000852 0.190000
v 0.878679 0.001258 0.190000
v 0.875496 0.003092 0.190000
v 0.871715 0.004603 0.190000
v 0.867294 0.005741 0.190000
v 0.862192 0.006460 0.190000
v 0.856368 0.006710 0.190000
v 0.950383 0.073705 -0.190000
v 0.954004 0.073705 -0.190000
v 0.968774 0.073705 -0.190000
v 0.999275 0.073705 -0.190000
v 0.999371 0.073698 -0.190000
v 0.999465 0.073679 -0.190000
v 0.999553 0.073648 -0.190000
v 0.999637 0.073606 -0.190000
v 0.999714 0.073554 -0.190000
v 0.999784 0.073493 -0.190000
v 0.999846 0.073423 -0.190000
v 0.999899 0.073346 -0.190000
v 0.999942 0.073262 -0.190000
v 0.999973 0.073173 -0.190000
v 0.999993 0.073078 -0.190000
v 1.000000 0.072980 -0.190000
v 1.000000 -0.067480 -0.190000
v 0.949658 -0.067480 -0.190000
v 0.949658 0.072980 -0.190000
v 0.949664 0.073078 -0.190000
v 0.949683 0.073173 -0.190000
v 0.949714 0.073262 -0.190000
v 0.949755 0.073346 -0.190000
v 0.949807 0.073423 -0.190000
v 0.949868 0.073493 -0.190000
v 0.949937 0.073554 -0.190000
v 0.950014 0.073606 -0.190000
v 0.950098 0.073648 -0.190000
v 0.950188 0.073679 -0.190000
v 0.950283 0.073698 -0.190000
v -0.652498 0.173185 -0.190000
v -0.652423 0.173089 -0.190000
v -0.652353 0.172989 -0.190000
v -0.652289 0.172885 -0.190000
v -0.652233 0.172779 -0.190000
v -0.652182 0.172670 -0.190000
v -0.652137 0.172558 -0.190000
v -0.652100 0.172443 -0.190000
v -0.652069 0.172327 -0.190000
v -0.652044 0.172209 -0.190000
v -0.652027 0.172089 -0.190000
v -0.652016 0.171968 -0.190000
v -0.652013 0.171846 -0.190000
v -0.652013 -0.001379 -0.190000
v -0.652219 -0.009972 -0.190000
v -0.652855 -0.018518 -0.190000
v -0.653916 -0.027002 -0.190000
v -0.655395 -0.035407 -0.190000
v -0.657290 -0.043720 -0.190000
v -0.659595 -0.051925 -0.190000
v -0.662306 -0.060007 -0.190000
v -0.665418 -0.067951 -0.190000
v -0.668926 -0.075741 -0.190000
v -0.672826 -0.083364 -0.190000
v -0.677113 -0.090803 -0.190000
v -0.681783 -0.098045 -0.190000
v -0.686810 -0.105047 -0.190000
v -0.692165 -0.111770 -0.190000
v -0.697837 -0.118206 -0.190000
v -0.703812 -0.124344 -0.190000
v -0.710078 -0.130175 -0.190000
v -0.716623 -0.135689 -0.190000
v -0.723435 -0.140875 -0.190000
v -0.730501 -0.145723 -0.190000
v -0.737809 -0.150225 -0.190000
v -0.745346 -0.154370 -0.190000
v -0.753100 -0.158147 -0.190000
v -0.761059 -0.161548 -0.190000
v -0.769179 -0.164552 -0.190000
v -0.777413 -0.167142 -0.190000
v -0.785747 -0.169319 -0.190000
v -0.794164 -0.171081 -0.190000
v -0.802648 -0.172426 -0.190000
v -0.811184 -0.173353 -0.190000
v -0.819756 -0.173860 -0.190000
v -0.828347 -0.173948 -0.190000
v -0.836943 -0.173613 -0.190000
v -0.845527 -0.172855 -0.190000
v -0.854084 -0.171673 -0.190000
v -0.862597 -0.170065 -0.190000
v -0.870445 -0.168212 -0.190000
v -0.878175 -0.166047 -0.190000
v -0.885775 -0.163568 -0.190000
v -0.893233 -0.160775 -0.190000
v -0.900539 -0.157665 -0.190000
v -0.907681 -0.154237 -0.190000
v -0.914649 -0.150490 -0.190000
v -0.921430 -0.146422 -0.190000
v -0.928013 -0.142032 -0.190000
v -0.934389 -0.137319 -0.190000
v -0.940544 -0.132281 -0.190000
v -0.946469 -0.126916 -0.190000
v -0.946938 -0.126437 -0.190000
v -0.947369 -0.125929 -0.190000
v -0.947762 -0.125396 -0.190000
v -0.948116 -0.124839 -0.190000
v -0.948430 -0.124260 -0.190000
v -0.948704 -0.123662 -0.190000
v -0.948938 -0.123046 -0.190000
v -0.949130 -0.122416 -0.190000
v -0.949281 -0.121773 -0.190000
v -0.949389 -0.121119 -0.190000
v -0.949454 -0.120457 -0.190000
v -0.949476 -0.119788 -0.190000
v -0.949469 -0.119420 -0.190000
v -0.949449 -0.119052 -0.190000
v -0.949416 -0.118685 -0.190000
v -0.949369 -0.118321 -0.190000
v -0.949309 -0.117959 -0.190000
v -0.949236 -0.117599 -0.190000
v -0.949151 -0.117242 -0.190000
v -0.949052 -0.116888 -0.190000
v -0.948940 -0.116538 -0.190000
v -0.948815 -0.116191 -0.190000
v -0.948678 -0.115849 -0.190000
v -0.948528 -0.115512 -0.190000
v -0.938859 -0.094752 -0.190000
v -0.935977 -0.094552 -0.190000
v -0.932842 -0.098084 -0.190000
v -0.929596 -0.101509 -0.190000
v -0.926242 -0.104823 -0.190000
v -0.922782 -0.108024 -0.190000
v -0.919221 -0.111109 -0.190000
v -0.915561 -0.114077 -0.190000
v -0.911804 -0.116924 -0.190000
v -0.907954 -0.119649 -0.190000
v -0.904014 -0.122250 -0.190000
v -0.899987 -0.124723 -0.190000
v -0.895875 -0.127066 -0.190000
v -0.891682 -0.129278 -0.190000
v -0.887214 -0.131446 -0.190000
v -0.882681 -0.133458 -0.190000
v -0.878085 -0.135312 -0.190000
v -0.873433 -0.137007 -0.190000
v -0.868727 -0.138542 -0.190000
v -0.863972 -0.139915 -0.190000
v -0.859173 -0.141126 -0.190000
v -0.854333 -0.142174 -0.190000
v -0.849458 -0.143057 -0.190000
v -0.844550 -0.143774 -0.190000
v -0.839614 -0.144324 -0.190000
v -0.834655 -0.144706 -0.190000
v -0.829686 -0.144919 -0.190000
v -0.824720 -0.144962 -0.190000
v -0.819761 -0.144836 -0.190000
v -0.814813 -0.144542 -0.190000
v -0.809882 -0.144080 -0.190000
v -0.804970 -0.143451 -0.190000
v -0.800084 -0.142655 -0.190000
v -0.795226 -0.141693 -0.190000
v -0.790402 -0.140566 -0.190000
v -0.785615 -0.139274 -0.190000
v -0.780870 -0.137819 -0.190000
v -0.776172 -0.136200 -0.190000
v -0.771532 -0.134421 -0.190000
v -0.766963 -0.132488 -0.190000
v -0.762469 -0.130403 -0.190000
v -0.758054 -0.128169 -0.190000
v -0.753722 -0.125787 -0.190000
v -0.749475 -0.123259 -0.190000
v -0.745319 -0.120590 -0.190000
v -0.741255 -0.117779 -0.190000
v -0.737289 -0.114830 -0.190000
v -0.733424 -0.111746 -0.190000
v -0.729664 -0.108527 -0.190000
v -0.726012 -0.105178 -0.190000
v -0.718454 -0.097434 -0.190000
v -0.714114 -0.092419 -0.190000
v -0.710023 -0.087225 -0.190000
v -0.706185 -0.081862 -0.190000
v -0.702603 -0.076340 -0.190000
v -0.699283 -0.070666 -0.190000
v -0.696230 -0.064850 -0.190000
v -0.693447 -0.058902 -0.190000
v -0.690940 -0.052831 -0.190000
v -0.688713 -0.046647 -0.190000
v -0.686771 -0.040358 -0.190000
v -0.685118 -0.033974 -0.190000
v -0.683759 -0.027504 -0.190000
v -0.682702 -0.020979 -0.190000
v -0.681950 -0.014430 -0.190000
v -0.681503 -0.007868 -0.190000
v -0.681359 -0.001302 -0.190000
v -0.681518 0.005256 -0.190000
v -0.681978 0.011797 -0.190000
v -0.682739 0.018311 -0.190000
v -0.683800 0.024786 -0.190000
v -0.685160 0.031213 -0.190000
v -0.686817 0.037582 -0.190000
v -0.688772 0.043881 -0.190000
v -0.691022 0.050101 -0.190000
v -0.693558 0.056212 -0.190000
v -0.696368 0.062185 -0.190000
v -0.699444 0.068012 -0.190000
v -0.702781 0.073685 -0.190000
v -0.706372 0.079194 -0.190000
v -0.710211 0.084532 -0.190000
v -0.714292 0.089690 -0.190000
v -0.718608 0.094661 -0.190000
v -0.723154 0.099436 -0.190000
v -0.727922 0.104006 -0.190000
v -0.732908 0.108364 -0.190000
v -0.738103 0.112501 -0.190000
v -0.743485 0.116396 -0.190000
v -0.749028 0.120032 -0.190000
v -0.754720 0.123405 -0.190000
v -0.760554 0.126511 -0.190000
v -0.766518 0.129346 -0.190000
v -0.772603 0.131907 -0.190000
v -0.778801 0.134190 -0.190000
v -0.785100 0.136190 -0.190000
v -0.791491 0.137905 -0.190000
v -0.797964 0.139330 -0.190000
v -0.804510 0.140461 -0.190000
v -0.811120 0.141294 -0.190000
v -0.817761 0.141825 -0.190000
v -0.824401 0.142052 -0.190000
v -0.831032 0.141977 -0.190000
v -0.837642 0.141601 -0.190000
v -0.844221 0.140927 -0.190000
v -0.850758 0.139955 -0.190000
v -0.857245 0.138689 -0.190000
v -0.863669 0.137129 -0.190000
v -0.870021 0.135278 -0.190000
v -0.876291 0.133137 -0.190000
v -0.882468 0.130708 -0.190000
v -0.888542 0.127992 -0.190000
v -0.894484 0.125002 -0.190000
v -0.900266 0.121753 -0.190000
v -0.905879 0.118252 -0.190000
v -0.911316 0.114505 -0.190000
v -0.916570 0.110520 -0.190000
v -0.921632 0.106303 -0.190000
v -0.926495 0.101861 -0.190000
v -0.931150 0.097201 -0.190000
v -0.935590 0.092330 -0.190000
v -0.939808 0.087254 -0.190000
v -0.943794 0.081981 -0.190000
v -0.947542 0.076517 -0.190000
v -0.951032 0.070888 -0.190000
v -0.954250 0.065121 -0.190000
v -0.957191 0.059226 -0.190000
v -0.959852 0.053213 -0.190000
v -0.962232 0.047091 -0.190000
v -0.964326 0.040872 -0.190000
v -0.966131 0.034564 -0.190000
v -0.967645 0.028178 -0.190000
v -0.968864 0.021723 -0.190000
v -0.969785 0.015209 -0.190000
v -0.970406 0.008647 -0.190000
v -0.970722 0.002045 -0.190000
v -0.970808 -0.004190 -0.190000
v -0.970741 -0.010363 -0.190000
v -0.970501 -0.016474 -0.190000
v -0.970068 -0.022521 -0.190000
v -0.969420 -0.028503 -0.190000
v -0.968538 -0.034420 -0.190000
v -0.967401 -0.040271 -0.190000
v -0.965987 -0.046055 -0.190000
v -0.964277 -0.051770 -0.190000
v -0.962250 -0.057417 -0.190000
v -0.959885 -0.062994 -0.190000
v -0.957161 -0.068500 -0.190000
v -0.956850 -0.069112 -0.190000
v -0.956562 -0.069734 -0.190000
v -0.956297 -0.070365 -0.190000
v -0.956057 -0.071006 -0.190000
v -0.955843 -0.071654 -0.190000
v -0.955654 -0.072309 -0.190000
v -0.955493 -0.072971 -0.190000
v -0.955359 -0.073639 -0.190000
v -0.955254 -0.074312 -0.190000
v -0.955177 -0.074990 -0.190000
v -0.955131 -0.075671 -0.190000
v -0.955116 -0.076356 -0.190000
v -0.955125 -0.076887 -0.190000
v -0.955152 -0.077417 -0.190000
v -0.955198 -0.077946 -0.190000
v -0.955261 -0.078472 -0.190000
v -0.955343 -0.078995 -0.190000
v -0.955442 -0.079515 -0.190000
v -0.955559 -0.080032 -0.190000
v -0.955694 -0.080544 -0.190000
v -0.955846 -0.081052 -0.190000
v -0.956016 -0.081555 -0.190000
v -0.956204 -0.082053 -0.190000
v -0.956408 -0.082544 -0.190000
v -0.965783 -0.104025 -0.190000
v -0.995860 -0.172587 -0.190000
v -0.996041 -0.172918 -0.190000
v -0.996267 -0.173202 -0.190000
v -0.996531 -0.173437 -0.190000
v -0.996826 -0.173623 -0.190000
v -0.997145 -0.173757 -0.190000
v -0.997480 -0.173839 -0.190000
v -0.997823 -0.173868 -0.190000
v -0.998168 -0.173842 -0.190000
v -0.998508 -0.173760 -0.190000
v -0.998834 -0.173621 -0.190000
v -0.999140 -0.173424 -0.190000
v -0.999418 -0.173167 -0.190000
v -0.999504 -0.173067 -0.190000
v -0.999583 -0.172963 -0.190000
v -0.999655 -0.172854 -0.190000
v -0.999721 -0.172741 -0.190000
v -0.999779 -0.172625 -0.190000
v -0.999830 -0.172505 -0.190000
v -0.999873 -0.172382 -0.190000
v -0.999909 -0.172257 -0.190000
v -0.999937 -0.172130 -0.190000
v -0.999957 -0.172001 -0.190000
v -0.999969 -0.171871 -0.190000
v -0.999974 -0.171739 -0.190000
v -1.000000 -0.001379 -0.190000
v -0.999764 0.007677 -0.190000
v -0.999052 0.016678 -0.190000
v -0.997870 0.025605 -0.190000
v -0.996224 0.034441 -0.190000
v -0.994119 0.043169 -0.190000
v -0.991562 0.051770 -0.190000
v -0.988557 0.060229 -0.190000
v -0.985111 0.068526 -0.190000
v -0.981230 0.076645 -0.190000
v -0.976918 0.084568 -0.190000
v -0.972182 0.092278 -0.190000
v -0.967027 0.099757 -0.190000
v -0.961484 0.106957 -0.190000
v -0.955589 0.113835 -0.190000
v -0.949356 0.120381 -0.190000
v -0.942801 0.126583 -0.190000
v -0.935938 0.132430 -0.190000
v -0.928783 0.137913 -0.190000
v -0.921350 0.143019 -0.190000
v -0.913655 0.147738 -0.190000
v -0.905712 0.152059 -0.190000
v -0.897537 0.155972 -0.190000
v -0.889144 0.159464 -0.190000
v -0.880548 0.162527 -0.190000
v -0.871802 0.165137 -0.190000
v -0.862961 0.167282 -0.190000
v -0.854044 0.168962 -0.190000
v -0.845068 0.170175 -0.190000
v -0.836052 0.170923 -0.190000
v -0.827015 0.171205 -0.190000
v -0.817976 0.171020 -0.190000
v -0.808952 0.170370 -0.190000
v -0.799963 0.169253 -0.190000
v -0.791028 0.167669 -0.190000
v -0.782163 0.165619 -0.190000
v -0.773389 0.163103 -0.190000
v -0.768064 0.161329 -0.190000
v -0.762811 0.159391 -0.190000
v -0.757634 0.157290 -0.190000
v -0.752537 0.155030 -0.190000
v -0.747523 0.152612 -0.190000
v -0.742595 0.150038 -0.190000
v -0.737758 0.147312 -0.190000
v -0.733014 0.144436 -0.190000
v -0.728367 0.141413 -0.190000
v -0.723820 0.138244 -0.190000
v -0.719378 0.134933 -0.190000
v -0.715043 0.131482 -0.190000
v -0.711297 0.128856 -0.190000
v -0.707250 0.126841 -0.190000
v -0.702993 0.125435 -0.190000
v -0.698614 0.124636 -0.190000
v -0.694205 0.124440 -0.190000
v -0.689853 0.124844 -0.190000
v -0.685650 0.125846 -0.190000
v -0.681684 0.127443 -0.190000
v -0.678046 0.129632 -0.190000
v -0.674824 0.132410 -0.190000
v -0.672110 0.135774 -0.190000
v -0.669992 0.139721 -0.190000
v -0.656085 0.172658 -0.190000
v -0.655905 0.172998 -0.190000
v -0.655676 0.173288 -0.190000
v -0.655408 0.173527 -0.190000
v -0.655107 0.173713 -0.190000
v -0.654782 0.173846 -0.190000
v -0.654441 0.173925 -0.190000
v -0.654092 0.173948 -0.190000
v -0.653742 0.173914 -0.190000
v -0.653400 0.173822 -0.190000
v -0.653074 0.173670 -0.190000
v -0.652770 0.173459 -0.190000
v -0.945736 0.016554 -0.190000
v -0.942523 0.032310 -0.190000
v -0.937343 0.047249 -0.190000
v -0.930342 0.061228 -0.190000
v -0.921662 0.074103 -0.190000
v -0.911448 0.085729 -0.190000
v -0.899844 0.095962 -0.190000
v -0.886993 0.104659 -0.190000
v -0.873040 0.111673 -0.190000
v -0.858128 0.116862 -0.190000
v -0.842403 0.120082 -0.190000
v -0.826006 0.121187 -0.190000
v -0.809610 0.120082 -0.190000
v -0.793884 0.116862 -0.190000
v -0.778973 0.111673 -0.190000
v -0.765020 0.104659 -0.190000
v -0.752169 0.095963 -0.190000
v -0.740565 0.085729 -0.190000
v -0.730350 0.074103 -0.190000
v -0.721671 0.061228 -0.190000
v -0.714669 0.047249 -0.190000
v -0.709490 0.032310 -0.190000
v -0.706276 0.016554 -0.190000
v -0.705173 0.000127 -0.190000
v -0.706277 -0.016300 -0.190000
v -0.709490 -0.032056 -0.190000
v -0.714669 -0.046995 -0.190000
v -0.721671 -0.060974 -0.190000
v -0.730351 -0.073850 -0.190000
v -0.740565 -0.085476 -0.190000
v -0.752169 -0.095709 -0.190000
v -0.765020 -0.104405 -0.190000
v -0.778973 -0.111420 -0.190000
v -0.793884 -0.116609 -0.190000
v -0.809610 -0.119829 -0.190000
v -0.826006 -0.120934 -0.190000
v -0.842403 -0.119829 -0.190000
v -0.858128 -0.116609 -0.190000
v -0.873040 -0.111420 -0.190000
v -0.886993 -0.104405 -0.190000
v -0.899844 -0.095709 -0.190000
v -0.911448 -0.085476 -0.190000
v -0.921662 -0.073850 -0.190000
v -0.930342 -0.060975 -0.190000
v -0.937343 -0.046995 -0.190000
v -0.942523 -0.032056 -0.190000
v -0.945736 -0.016300 -0.190000
v -0.946839 0.000127 -0.190000
v -0.880248 -0.000010 -0.190000
v -0.879771 -0.007092 -0.190000
v -0.878383 -0.013884 -0.190000
v -0.876146 -0.020324 -0.190000
v -0.873121 -0.026350 -0.190000
v -0.869372 -0.031900 -0.190000
v -0.864959 -0.036912 -0.190000
v -0.859946 -0.041324 -0.190000
v -0.854395 -0.045072 -0.190000
v -0.848367 -0.048096 -0.190000
v -0.841926 -0.050333 -0.190000
v -0.835132 -0.051721 -0.190000
v -0.828049 -0.052198 -0.190000
v -0.820966 -0.051721 -0.190000
v -0.814173 -0.050333 -0.190000
v -0.807732 -0.048096 -0.190000
v -0.801704 -0.045072 -0.190000
v -0.796153 -0.041324 -0.190000
v -0.791140 -0.036912 -0.190000
v -0.786727 -0.031900 -0.190000
v -0.782978 -0.026350 -0.190000
v -0.779953 -0.020324 -0.190000
v -0.777716 -0.013884 -0.190000
v -0.776328 -0.007092 -0.190000
v -0.775851 -0.000010 -0.190000
v -0.776328 0.007071 -0.190000
v -0.777716 0.013863 -0.190000
v -0.779953 0.020304 -0.190000
v -0.782978 0.026330 -0.190000
v -0.786727 0.031880 -0.190000
v -0.791140 0.036892 -0.190000
v -0.796153 0.041304 -0.190000
v -0.801704 0.045053 -0.190000
v -0.807732 0.048077 -0.190000
v -0.814173 0.050314 -0.190000
v -0.820966 0.051701 -0.190000
v -0.828049 0.052178 -0.190000
v -0.835132 0.051701 -0.190000
v -0.841926 0.050314 -0.190000
v -0.848367 0.048077 -0.190000
v -0.854395 0.045053 -0.190000
v -0.859946 0.041304 -0.190000
v -0.864959 0.036892 -0.190000
v -0.869372 0.031880 -0.190000
v -0.873121 0.026330 -0.190000
v -0.876146 0.020304 -0.190000
v -0.878383 0.013863 -0.190000
v -0.879771 0.007071 -0.190000
v -0.356947 -0.071868 -0.190000
v -0.359035 -0.072277 -0.190000
v -0.361159 -0.072651 -0.190000
v -0.363318 -0.072989 -0.190000
v -0.365514 -0.073292 -0.190000
v -0.367744 -0.073559 -0.190000
v -0.370010 -0.073790 -0.190000
v -0.372312 -0.073986 -0.190000
v -0.374650 -0.074146 -0.190000
v -0.377023 -0.074271 -0.190000
v -0.379431 -0.074360 -0.190000
v -0.381875 -0.074413 -0.190000
v -0.384355 -0.074431 -0.190000
v -0.396384 -0.074431 -0.190000
v -0.399670 -0.074399 -0.190000
v -0.402891 -0.074305 -0.190000
v -0.406046 -0.074147 -0.190000
v -0.409135 -0.073927 -0.190000
v -0.412159 -0.073644 -0.190000
v -0.415116 -0.073297 -0.190000
v -0.418009 -0.072888 -0.190000
v -0.420835 -0.072416 -0.190000
v -0.423595 -0.071880 -0.190000
v -0.426290 -0.071282 -0.190000
v -0.428919 -0.070621 -0.190000
v -0.431483 -0.069896 -0.190000
v -0.433968 -0.069126 -0.190000
v -0.436363 -0.068325 -0.190000
v -0.438668 -0.067494 -0.190000
v -0.440882 -0.066633 -0.190000
v -0.443006 -0.065741 -0.190000
v -0.445039 -0.064820 -0.190000
v -0.446982 -0.063869 -0.190000
v -0.448835 -0.062887 -0.190000
v -0.450598 -0.061875 -0.190000
v -0.452270 -0.060834 -0.190000
v -0.453852 -0.059762 -0.190000
v -0.455343 -0.058660 -0.190000
v -0.456736 -0.057493 -0.190000
v -0.458087 -0.056294 -0.190000
v -0.459397 -0.055062 -0.190000
v -0.460667 -0.053796 -0.190000
v -0.461895 -0.052499 -0.190000
v -0.463082 -0.051168 -0.190000
v -0.464228 -0.049804 -0.190000
v -0.465333 -0.048408 -0.190000
v -0.466397 -0.046978 -0.190000
v -0.467420 -0.045516 -0.190000
v -0.468402 -0.044021 -0.190000
v -0.469342 -0.042494 -0.190000
v -0.470205 -0.040927 -0.190000
v -0.471018 -0.039383 -0.190000
v -0.471783 -0.037861 -0.190000
v -0.472497 -0.036360 -0.190000
v -0.473163 -0.034882 -0.190000
v -0.473779 -0.033425 -0.190000
v -0.474346 -0.031990 -0.190000
v -0.474864 -0.030577 -0.190000
v -0.475332 -0.029186 -0.190000
v -0.475751 -0.027817 -0.190000
v -0.476121 -0.026470 -0.190000
v -0.476441 -0.025144 -0.190000
v -0.476693 -0.023793 -0.190000
v -0.476923 -0.022434 -0.190000
v -0.477131 -0.021066 -0.190000
v -0.477318 -0.019690 -0.190000
v -0.477482 -0.018306 -0.190000
v -0.477624 -0.016914 -0.190000
v -0.477745 -0.015514 -0.190000
v -0.477843 -0.014105 -0.190000
v -0.477920 -0.012688 -0.190000
v -0.477975 -0.011263 -0.190000
v -0.478008 -0.009829 -0.190000
v -0.478019 -0.008388 -0.190000
v -0.477994 -0.008028 -0.190000
v -0.477922 -0.007684 -0.190000
v -0.477807 -0.007357 -0.190000
v -0.477651 -0.007053 -0.190000
v -0.477458 -0.006774 -0.190000
v -0.477231 -0.006523 -0.190000
v -0.476974 -0.006303 -0.190000
v -0.476689 -0.006117 -0.190000
v -0.476381 -0.005970 -0.190000
v -0.476052 -0.005863 -0.190000
v -0.475705 -0.005801 -0.190000
v -0.475345 -0.005786 -0.190000
v -0.425552 -0.007135 -0.190000
v -0.425194 -0.007167 -0.190000
v -0.424849 -0.007242 -0.190000
v -0.424520 -0.007356 -0.190000
v -0.424210 -0.007507 -0.190000
v -0.423921 -0.007693 -0.190000
v -0.423655 -0.007911 -0.190000
v -0.423416 -0.008158 -0.190000
v -0.423205 -0.008432 -0.190000
v -0.423025 -0.008730 -0.190000
v -0.422879 -0.009049 -0.190000
v -0.422769 -0.009387 -0.190000
v -0.422697 -0.009740 -0.190000
v -0.422046 -0.013366 -0.190000
v -0.421144 -0.016676 -0.190000
v -0.419957 -0.019671 -0.190000
v -0.418449 -0.022351 -0.190000
v -0.416587 -0.024715 -0.190000
v -0.414334 -0.026764 -0.190000
v -0.411657 -0.028498 -0.190000
v -0.408519 -0.029917 -0.190000
v -0.404886 -0.031020 -0.190000
v -0.400722 -0.031808 -0.190000
v -0.395994 -0.032281 -0.190000
v -0.390634 -0.032439 -0.190000
v -0.390256 -0.032439 -0.190000
v -0.389205 -0.032439 -0.190000
v -0.389088 -0.032439 -0.190000
v -0.386326 -0.032377 -0.190000
v -0.383693 -0.032192 -0.190000
v -0.381188 -0.031884 -0.190000
v -0.378812 -0.031453 -0.190000
v -0.376565 -0.030899 -0.190000
v -0.374447 -0.030221 -0.190000
v -0.372457 -0.029420 -0.190000
v -0.370597 -0.028496 -0.190000
v -0.368864 -0.027449 -0.190000
v -0.367261 -0.026278 -0.190000
v -0.365786 -0.024984 -0.190000
v -0.364440 -0.023567 -0.190000
v -0.363180 -0.022045 -0.190000
v -0.362030 -0.020435 -0.190000
v -0.360989 -0.018738 -0.190000
v -0.360058 -0.016952 -0.190000
v -0.359236 -0.015080 -0.190000
v -0.358524 -0.013119 -0.190000
v -0.357922 -0.011071 -0.190000
v -0.357429 -0.008935 -0.190000
v -0.357045 -0.006712 -0.190000
v -0.356771 -0.004401 -0.190000
v -0.356607 -0.002002 -0.190000
v -0.356552 0.000484 -0.190000
v -0.356552 0.071514 -0.190000
v -0.356526 0.071907 -0.190000
v -0.356449 0.072284 -0.190000
v -0.356325 0.072642 -0.190000
v -0.356157 0.072977 -0.190000
v -0.355948 0.073285 -0.190000
v -0.355703 0.073564 -0.190000
v -0.355425 0.073809 -0.190000
v -0.355116 0.074017 -0.190000
v -0.354782 0.074185 -0.190000
v -0.354424 0.074309 -0.190000
v -0.354046 0.074387 -0.190000
v -0.353652 0.074413 -0.190000
v -0.322335 0.074413 -0.190000
v -0.307170 0.074413 -0.190000
v -0.303451 0.074413 -0.190000
v -0.303058 0.074387 -0.190000
v -0.302680 0.074309 -0.190000
v -0.302322 0.074185 -0.190000
v -0.301988 0.074017 -0.190000
v -0.301679 0.073809 -0.190000
v -0.301401 0.073564 -0.190000
v -0.301155 0.073285 -0.190000
v -0.300947 0.072977 -0.190000
v -0.300779 0.072642 -0.190000
v -0.300655 0.072284 -0.190000
v -0.300577 0.071907 -0.190000
v -0.300551 0.071514 -0.190000
v -0.300551 -0.000699 -0.190000
v -0.300556 -0.001909 -0.190000
v -0.300573 -0.003109 -0.190000
v -0.300600 -0.004297 -0.190000
v -0.300639 -0.005475 -0.190000
v -0.300688 -0.006641 -0.190000
v -0.300749 -0.007797 -0.190000
v -0.300820 -0.008941 -0.190000
v -0.300902 -0.010075 -0.190000
v -0.300995 -0.011197 -0.190000
v -0.301099 -0.012309 -0.190000
v -0.301214 -0.013410 -0.190000
v -0.301340 -0.014500 -0.190000
v -0.301482 -0.015592 -0.190000
v -0.301647 -0.016701 -0.190000
v -0.301833 -0.017826 -0.190000
v -0.302041 -0.018968 -0.190000
v -0.302271 -0.020126 -0.190000
v -0.302523 -0.021301 -0.190000
v -0.302797 -0.022492 -0.190000
v -0.303093 -0.023699 -0.190000
v -0.303410 -0.024923 -0.190000
v -0.303750 -0.026163 -0.190000
v -0.304111 -0.027420 -0.190000
v -0.304495 -0.028693 -0.190000
v -0.304899 -0.029935 -0.190000
v -0.305322 -0.031163 -0.190000
v -0.305764 -0.032378 -0.190000
v -0.306226 -0.033578 -0.190000
v -0.306706 -0.034765 -0.190000
v -0.307206 -0.035939 -0.190000
v -0.307725 -0.037098 -0.190000
v -0.308263 -0.038244 -0.190000
v -0.308821 -0.039376 -0.190000
v -0.309397 -0.040495 -0.190000
v -0.309993 -0.041600 -0.190000
v -0.310608 -0.042691 -0.190000
v -0.311252 -0.043741 -0.190000
v -0.311934 -0.044788 -0.190000
v -0.312654 -0.045833 -0.190000
v -0.313413 -0.046874 -0.190000
v -0.314210 -0.047914 -0.190000
v -0.315045 -0.048950 -0.190000
v -0.315919 -0.049984 -0.190000
v -0.316830 -0.051015 -0.190000
v -0.317781 -0.052043 -0.190000
v -0.318769 -0.053068 -0.190000
v -0.319797 -0.054091 -0.190000
v -0.320862 -0.055111 -0.190000
v -0.321962 -0.056085 -0.190000
v -0.323091 -0.057033 -0.190000
v -0.324251 -0.057957 -0.190000
v -0.325441 -0.058857 -0.190000
v -0.326661 -0.059732 -0.190000
v -0.327911 -0.060582 -0.190000
v -0.329191 -0.061407 -0.190000
v -0.330502 -0.062208 -0.190000
v -0.331842 -0.062984 -0.190000
v -0.333213 -0.063735 -0.190000
v -0.334613 -0.064462 -0.190000
v -0.336044 -0.065165 -0.190000
v -0.337485 -0.065844 -0.190000
v -0.338980 -0.066501 -0.190000
v -0.340531 -0.067136 -0.190000
v -0.342136 -0.067750 -0.190000
v -0.343795 -0.068341 -0.190000
v -0.345510 -0.068911 -0.190000
v -0.347279 -0.069459 -0.190000
v -0.349103 -0.069984 -0.190000
v -0.350982 -0.070488 -0.190000
v -0.352915 -0.070970 -0.190000
v -0.354904 -0.071430 -0.190000
v -0.131863 -0.028984 -0.190000
v -0.131812 -0.028988 -0.190000
v -0.131764 -0.028998 -0.190000
v -0.131522 -0.029210 -0.190000
v -0.131506 -0.029256 -0.190000
v -0.131496 -0.029304 -0.190000
v -0.131493 -0.029354 -0.190000
v -0.131698 -0.033030 -0.190000
v -0.132424 -0.037036 -0.190000
v -0.133838 -0.041250 -0.190000
v -0.136105 -0.045546 -0.190000
v -0.139393 -0.049801 -0.190000
v -0.143868 -0.053891 -0.190000
v -0.149696 -0.057692 -0.190000
v -0.157043 -0.061080 -0.190000
v -0.166076 -0.063931 -0.190000
v -0.176962 -0.066121 -0.190000
v -0.189867 -0.067526 -0.190000
v -0.204957 -0.068022 -0.190000
v -0.214765 -0.068022 -0.190000
v -0.229050 -0.067459 -0.190000
v -0.241452 -0.065844 -0.190000
v -0.252094 -0.063292 -0.190000
v -0.261097 -0.059915 -0.190000
v -0.268583 -0.055827 -0.190000
v -0.274676 -0.051139 -0.190000
v -0.279496 -0.045966 -0.190000
v -0.283166 -0.040421 -0.190000
v -0.285808 -0.034616 -0.190000
v -0.287544 -0.028664 -0.190000
v -0.288496 -0.022679 -0.190000
v -0.288786 -0.016774 -0.190000
v -0.288786 -0.013073 -0.190000
v -0.288517 -0.007229 -0.190000
v -0.287624 -0.001329 -0.190000
v -0.285973 0.004517 -0.190000
v -0.283433 0.010204 -0.190000
v -0.279874 0.015623 -0.190000
v -0.275162 0.020668 -0.190000
v -0.269166 0.025231 -0.190000
v -0.261755 0.029205 -0.190000
v -0.252796 0.032483 -0.190000
v -0.242159 0.034957 -0.190000
v -0.229711 0.036520 -0.190000
v -0.215320 0.037065 -0.190000
v -0.205143 0.037065 -0.190000
v -0.190042 0.036454 -0.190000
v -0.177107 0.034707 -0.190000
v -0.166175 0.031951 -0.190000
v -0.157084 0.028315 -0.190000
v -0.149672 0.023925 -0.190000
v -0.143775 0.018911 -0.190000
v -0.139231 0.013399 -0.190000
v -0.135878 0.007518 -0.190000
v -0.133554 0.001395 -0.190000
v -0.132094 -0.004841 -0.190000
v -0.131338 -0.011063 -0.190000
v -0.131122 -0.017144 -0.190000
v -0.131122 -0.021970 -0.190000
v -0.131128 -0.022068 -0.190000
v -0.131148 -0.022162 -0.190000
v -0.131179 -0.022252 -0.190000
v -0.131221 -0.022335 -0.190000
v -0.131273 -0.022412 -0.190000
v -0.131334 -0.022482 -0.190000
v -0.131404 -0.022543 -0.190000
v -0.131481 -0.022595 -0.190000
v -0.131565 -0.022637 -0.190000
v -0.131654 -0.022669 -0.190000
v -0.131748 -0.022688 -0.190000
v -0.131847 -0.022694 -0.190000
v -0.238524 -0.022694 -0.190000
v -0.238633 -0.022703 -0.190000
v -0.238737 -0.022726 -0.190000
v -0.238834 -0.022764 -0.190000
v -0.238923 -0.022814 -0.190000
v -0.239004 -0.022877 -0.190000
v -0.239074 -0.022949 -0.190000
v -0.239134 -0.023031 -0.190000
v -0.239181 -0.023121 -0.190000
v -0.239215 -0.023217 -0.190000
v -0.239234 -0.023319 -0.190000
v -0.239237 -0.023425 -0.190000
v -0.239224 -0.023534 -0.190000
v -0.238597 -0.025932 -0.190000
v -0.237691 -0.028224 -0.190000
v -0.236486 -0.030390 -0.190000
v -0.234966 -0.032411 -0.190000
v -0.233110 -0.034267 -0.190000
v -0.230902 -0.035939 -0.190000
v -0.228322 -0.037408 -0.190000
v -0.225352 -0.038653 -0.190000
v -0.221975 -0.039655 -0.190000
v -0.218172 -0.040395 -0.190000
v -0.213924 -0.040853 -0.190000
v -0.209029 -0.041011 -0.190000
v -0.204960 -0.040911 -0.190000
v -0.201302 -0.040627 -0.190000
v -0.198033 -0.040179 -0.190000
v -0.195133 -0.039590 -0.190000
v -0.192578 -0.038881 -0.190000
v -0.190348 -0.038074 -0.190000
v -0.188422 -0.037189 -0.190000
v -0.186776 -0.036250 -0.190000
v -0.185391 -0.035277 -0.190000
v -0.184243 -0.034291 -0.190000
v -0.183313 -0.033315 -0.190000
v -0.182578 -0.032371 -0.190000
v -0.182257 -0.031935 -0.190000
v -0.181912 -0.031509 -0.190000
v -0.181544 -0.031100 -0.190000
v -0.181153 -0.030711 -0.190000
v -0.180741 -0.030349 -0.190000
v -0.180309 -0.030018 -0.190000
v -0.179858 -0.029724 -0.190000
v -0.179389 -0.029472 -0.190000
v -0.178903 -0.029266 -0.190000
v -0.178401 -0.029113 -0.190000
v -0.177885 -0.029017 -0.190000
v -0.177355 -0.028984 -0.190000
v -0.181650 -0.001479 -0.190000
v -0.182317 0.000636 -0.190000
v -0.183243 0.002603 -0.190000
v -0.184445 0.004416 -0.190000
v -0.185937 0.006068 -0.190000
v -0.187734 0.007552 -0.190000
v -0.189852 0.008861 -0.190000
v -0.192305 0.009987 -0.190000
v -0.195110 0.010925 -0.190000
v -0.198280 0.011666 -0.190000
v -0.201832 0.012205 -0.190000
v -0.205780 0.012533 -0.190000
v -0.210140 0.012643 -0.190000
v -0.214513 0.012527 -0.190000
v -0.218450 0.012183 -0.190000
v -0.221970 0.011623 -0.190000
v -0.225096 0.010857 -0.190000
v -0.227850 0.009896 -0.190000
v -0.230254 0.008750 -0.190000
v -0.232329 0.007429 -0.190000
v -0.234099 0.005943 -0.190000
v -0.235584 0.004304 -0.190000
v -0.236808 0.002522 -0.190000
v -0.237791 0.000606 -0.190000
v -0.238556 -0.001433 -0.190000
v -0.238581 -0.001546 -0.190000
v -0.238588 -0.001658 -0.190000
v -0.238577 -0.001767 -0.190000
v -0.238549 -0.001871 -0.190000
v -0.238506 -0.001969 -0.190000
v -0.238448 -0.002058 -0.190000
v -0.238378 -0.002139 -0.190000
v -0.238295 -0.002208 -0.190000
v -0.238203 -0.002265 -0.190000
v -0.238101 -0.002307 -0.190000
v -0.237991 -0.002334 -0.190000
v -0.237874 -0.002343 -0.190000
v -0.183432 -0.002343 -0.190000
v -0.182340 -0.002343 -0.190000
v -0.182228 -0.002334 -0.190000
v -0.182122 -0.002310 -0.190000
v -0.182024 -0.002270 -0.190000
v -0.181933 -0.002218 -0.190000
v -0.181852 -0.002153 -0.190000
v -0.181782 -0.002078 -0.190000
v -0.181723 -0.001993 -0.190000
v -0.181678 -0.001901 -0.190000
v -0.181646 -0.001802 -0.190000
v -0.181630 -0.001697 -0.190000
v -0.181631 -0.001589 -0.190000
v 0.022470 -0.032525 -0.190000
v 0.022470 -0.033794 -0.190000
v 0.022232 -0.038276 -0.190000
v 0.021432 -0.042625 -0.190000
v 0.019940 -0.046791 -0.190000
v 0.017624 -0.050726 -0.190000
v 0.014355 -0.054381 -0.190000
v 0.010002 -0.057707 -0.190000
v 0.004435 -0.060655 -0.190000
v -0.002478 -0.063177 -0.190000
v -0.010865 -0.065223 -0.190000
v -0.020859 -0.066746 -0.190000
v -0.032588 -0.067695 -0.190000
v -0.046184 -0.068022 -0.190000
v -0.056362 -0.068022 -0.190000
v -0.070265 -0.067574 -0.190000
v -0.082102 -0.066304 -0.190000
v -0.092037 -0.064322 -0.190000
v -0.100233 -0.061738 -0.190000
v -0.106854 -0.058664 -0.190000
v -0.112063 -0.055210 -0.190000
v -0.116023 -0.051485 -0.190000
v -0.118896 -0.047602 -0.190000
v -0.120847 -0.043669 -0.190000
v -0.122039 -0.039798 -0.190000
v -0.122634 -0.036100 -0.190000
v -0.122796 -0.032684 -0.190000
v -0.122784 -0.032508 -0.190000
v -0.122750 -0.032340 -0.190000
v -0.122694 -0.032180 -0.190000
v -0.122619 -0.032031 -0.190000
v -0.122526 -0.031893 -0.190000
v -0.122416 -0.031769 -0.190000
v -0.122292 -0.031659 -0.190000
v -0.122154 -0.031566 -0.190000
v -0.122004 -0.031491 -0.190000
v -0.121844 -0.031436 -0.190000
v -0.121676 -0.031401 -0.190000
v -0.121500 -0.031389 -0.190000
v -0.113801 -0.031389 -0.190000
v -0.085002 -0.031389 -0.190000
v -0.073197 -0.031389 -0.190000
v -0.072228 -0.031389 -0.190000
v -0.072133 -0.031396 -0.190000
v -0.072041 -0.031413 -0.190000
v -0.071954 -0.031443 -0.190000
v -0.071872 -0.031482 -0.190000
v -0.071796 -0.031531 -0.190000
v -0.071727 -0.031588 -0.190000
v -0.071665 -0.031654 -0.190000
v -0.071611 -0.031727 -0.190000
v -0.071566 -0.031806 -0.190000
v -0.071530 -0.031892 -0.190000
v -0.071505 -0.031982 -0.190000
v -0.071491 -0.032076 -0.190000
v -0.071353 -0.033164 -0.190000
v -0.071086 -0.034353 -0.190000
v -0.070644 -0.035606 -0.190000
v -0.069979 -0.036885 -0.190000
v -0.069045 -0.038154 -0.190000
v -0.067793 -0.039375 -0.190000
v -0.066178 -0.040510 -0.190000
v -0.064152 -0.041523 -0.190000
v -0.061668 -0.042375 -0.190000
v -0.058679 -0.043031 -0.190000
v -0.055137 -0.043451 -0.190000
v -0.050900 -0.043600 -0.190000
v -0.050625 -0.043600 -0.190000
v -0.046489 -0.043517 -0.190000
v -0.042935 -0.043279 -0.190000
v -0.039921 -0.042897 -0.190000
v -0.037404 -0.042387 -0.190000
v -0.035343 -0.041761 -0.190000
v -0.033693 -0.041033 -0.190000
v -0.032414 -0.040216 -0.190000
v -0.031463 -0.039324 -0.190000
v -0.030796 -0.038371 -0.190000
v -0.030373 -0.037369 -0.190000
v -0.030150 -0.036332 -0.190000
v -0.030085 -0.035179 -0.190000
v -0.030085 -0.034905 -0.190000
v -0.030146 -0.033741 -0.190000
v -0.030353 -0.032657 -0.190000
v -0.030747 -0.031656 -0.190000
v -0.031367 -0.030739 -0.190000
v -0.032251 -0.029909 -0.190000
v -0.033439 -0.029170 -0.190000
v -0.034970 -0.028522 -0.190000
v -0.036884 -0.027970 -0.190000
v -0.039219 -0.027516 -0.190000
v -0.042014 -0.027161 -0.190000
v -0.045310 -0.026910 -0.190000
v -0.049145 -0.026764 -0.190000
v -0.070241 -0.026208 -0.190000
v -0.080039 -0.025604 -0.190000
v -0.088573 -0.024471 -0.190000
v -0.095923 -0.022858 -0.190000
v -0.102166 -0.020816 -0.190000
v -0.107381 -0.018394 -0.190000
v -0.111646 -0.015640 -0.190000
v -0.115040 -0.012606 -0.190000
v -0.117642 -0.009339 -0.190000
v -0.119528 -0.005890 -0.190000
v -0.120779 -0.002308 -0.190000
v -0.121472 0.001358 -0.190000
v -0.121685 0.005079 -0.190000
v -0.121685 0.006168 -0.190000
v -0.121450 0.010196 -0.190000
v -0.120663 0.014110 -0.190000
v -0.119208 0.017864 -0.190000
v -0.116963 0.021414 -0.190000
v -0.113812 0.024715 -0.190000
v -0.109634 0.027722 -0.190000
v -0.104311 0.030389 -0.190000
v -0.097725 0.032673 -0.190000
v -0.089756 0.034527 -0.190000
v -0.080285 0.035907 -0.190000
v -0.069193 0.036768 -0.190000
v -0.056362 0.037065 -0.190000
v -0.046555 0.037065 -0.190000
v -0.034035 0.036761 -0.190000
v -0.023147 0.035881 -0.190000
v -0.013786 0.034475 -0.190000
v -0.005850 0.032590 -0.190000
v 0.000764 0.030277 -0.190000
v 0.006162 0.027583 -0.190000
v 0.010445 0.024558 -0.190000
v 0.013717 0.021250 -0.190000
v 0.016082 0.017708 -0.190000
v 0.017643 0.013981 -0.190000
v 0.018504 0.010118 -0.190000
v 0.018768 0.006126 -0.190000
v 0.018768 0.005598 -0.190000
v 0.018762 0.005500 -0.190000
v 0.018742 0.005406 -0.190000
v 0.018711 0.005316 -0.190000
v 0.018669 0.005232 -0.190000
v 0.018617 0.005155 -0.190000
v 0.018556 0.005086 -0.190000
v 0.018487 0.005024 -0.190000
v 0.018410 0.004972 -0.190000
v 0.018326 0.004930 -0.190000
v 0.018236 0.004899 -0.190000
v 0.018142 0.004880 -0.190000
v 0.018043 0.004873 -0.190000
v -0.031565 0.004873 -0.190000
v -0.031694 0.005755 -0.190000
v -0.031928 0.006715 -0.190000
v -0.032320 0.007723 -0.190000
v -0.032922 0.008752 -0.190000
v -0.033787 0.009769 -0.190000
v -0.034966 0.010747 -0.190000
v -0.036511 0.011656 -0.190000
v -0.038474 0.012465 -0.190000
v -0.040908 0.013147 -0.190000
v -0.043864 0.013670 -0.190000
v -0.047395 0.014005 -0.190000
v -0.051736 0.014124 -0.190000
v -0.055539 0.014074 -0.190000
v -0.058829 0.013925 -0.190000
v -0.061642 0.013678 -0.190000
v -0.064011 0.013336 -0.190000
v -0.065971 0.012898 -0.190000
v -0.067558 0.012366 -0.190000
v -0.068805 0.011742 -0.190000
v -0.069748 0.011026 -0.190000
v -0.070420 0.010221 -0.190000
v -0.070858 0.009327 -0.190000
v -0.071095 0.008346 -0.190000
v -0.071166 0.007093 -0.190000
v -0.071096 0.006103 -0.190000
v -0.070862 0.005170 -0.190000
v -0.070435 0.004297 -0.190000
v -0.069782 0.003488 -0.190000
v -0.068872 0.002746 -0.190000
v -0.067673 0.002074 -0.190000
v -0.066155 0.001476 -0.190000
v -0.064285 0.000953 -0.190000
v -0.062032 0.000511 -0.190000
v -0.059364 0.000151 -0.190000
v -0.056251 -0.000123 -0.190000
v -0.052661 -0.000308 -0.190000
v -0.031751 -0.000863 -0.190000
v -0.021238 -0.001383 -0.190000
v -0.012121 -0.002294 -0.190000
v -0.004308 -0.003594 -0.190000
v 0.002292 -0.005282 -0.190000
v 0.007772 -0.007355 -0.190000
v 0.012223 -0.009812 -0.190000
v 0.015737 -0.012651 -0.190000
v 0.018406 -0.015869 -0.190000
v 0.020321 -0.019465 -0.190000
v 0.021576 -0.023436 -0.190000
v 0.022262 -0.027782 -0.190000
v 0.115729 -0.034350 -0.190000
v 0.115729 -0.065247 -0.190000
v 0.073169 -0.065247 -0.190000
v 0.069032 -0.065051 -0.190000
v 0.065232 -0.064461 -0.190000
v 0.061773 -0.063478 -0.190000
v 0.058659 -0.062102 -0.190000
v 0.055894 -0.060333 -0.190000
v 0.053483 -0.058170 -0.190000
v 0.051431 -0.055615 -0.190000
v 0.049742 -0.052666 -0.190000
v 0.048420 -0.049324 -0.190000
v 0.047471 -0.045589 -0.190000
v 0.046898 -0.041461 -0.190000
v 0.046706 -0.036940 -0.190000
v 0.046706 0.003038 -0.190000
v 0.046699 0.003136 -0.190000
v 0.046680 0.003231 -0.190000
v 0.046649 0.003320 -0.190000
v 0.046607 0.003404 -0.190000
v 0.046555 0.003481 -0.190000
v 0.046493 0.003551 -0.190000
v 0.046424 0.003612 -0.190000
v 0.046346 0.003664 -0.190000
v 0.046263 0.003706 -0.190000
v 0.046173 0.003737 -0.190000
v 0.046079 0.003756 -0.190000
v 0.041711 0.003763 -0.190000
v 0.032936 0.003763 -0.190000
v 0.029798 0.003763 -0.190000
v 0.028371 0.003763 -0.190000
v 0.028272 0.003770 -0.190000
v 0.028178 0.003789 -0.190000
v 0.028088 0.003820 -0.190000
v 0.028004 0.003862 -0.190000
v 0.027927 0.003914 -0.190000
v 0.027857 0.003975 -0.190000
v 0.027796 0.004045 -0.190000
v 0.027744 0.004122 -0.190000
v 0.027702 0.004206 -0.190000
v 0.027671 0.004295 -0.190000
v 0.027651 0.004389 -0.190000
v 0.027645 0.004488 -0.190000
v 0.027645 0.033565 -0.190000
v 0.027651 0.033663 -0.190000
v 0.027671 0.033758 -0.190000
v 0.027702 0.033847 -0.190000
v 0.027744 0.033931 -0.190000
v 0.027796 0.034008 -0.190000
v 0.027857 0.034078 -0.190000
v 0.027927 0.034139 -0.190000
v 0.028004 0.034191 -0.190000
v 0.028088 0.034233 -0.190000
v 0.028178 0.034264 -0.190000
v 0.028272 0.034283 -0.190000
v 0.028371 0.034290 -0.190000
v 0.032936 0.034290 -0.190000
v 0.039357 0.034290 -0.190000
v 0.043229 0.034290 -0.190000
v 0.045981 0.034290 -0.190000
v 0.046079 0.034297 -0.190000
v 0.046173 0.034316 -0.190000
v 0.046263 0.034347 -0.190000
v 0.046347 0.034389 -0.190000
v 0.046424 0.034441 -0.190000
v 0.046493 0.034502 -0.190000
v 0.046555 0.034572 -0.190000
v 0.046607 0.034649 -0.190000
v 0.046649 0.034733 -0.190000
v 0.046680 0.034822 -0.190000
v 0.046699 0.034916 -0.190000
v 0.046706 0.035015 -0.190000
v 0.046706 0.062612 -0.190000
v 0.046712 0.062710 -0.190000
v 0.046732 0.062805 -0.190000
v 0.046763 0.062894 -0.190000
v 0.046805 0.062978 -0.190000
v 0.046857 0.063055 -0.190000
v 0.046918 0.063125 -0.190000
v 0.046988 0.063186 -0.190000
v 0.047065 0.063238 -0.190000
v 0.047149 0.063280 -0.190000
v 0.047238 0.063311 -0.190000
v 0.047333 0.063330 -0.190000
v 0.047431 0.063337 -0.190000
v 0.048385 0.063337 -0.190000
v 0.060008 0.063337 -0.190000
v 0.071688 0.063337 -0.190000
v 0.088364 0.063337 -0.190000
v 0.095944 0.063337 -0.190000
v 0.096043 0.063330 -0.190000
v 0.096137 0.063311 -0.190000
v 0.096227 0.063280 -0.190000
v 0.096310 0.063238 -0.190000
v 0.096388 0.063186 -0.190000
v 0.096457 0.063124 -0.190000
v 0.096519 0.063055 -0.190000
v 0.096570 0.062978 -0.190000
v 0.096613 0.062894 -0.190000
v 0.096644 0.062805 -0.190000
v 0.096663 0.062710 -0.190000
v 0.096669 0.062612 -0.190000
v 0.096669 0.035015 -0.190000
v 0.096676 0.034916 -0.190000
v 0.096695 0.034822 -0.190000
v 0.096727 0.034733 -0.190000
v 0.096768 0.034649 -0.190000
v 0.096821 0.034572 -0.190000
v 0.096882 0.034502 -0.190000
v 0.096952 0.034441 -0.190000
v 0.097029 0.034389 -0.190000
v 0.097112 0.034347 -0.190000
v 0.097202 0.034316 -0.190000
v 0.097296 0.034297 -0.190000
v 0.097394 0.034290 -0.190000
v 0.100146 0.034290 -0.190000
v 0.115005 0.034290 -0.190000
v 0.115104 0.034283 -0.190000
v 0.115198 0.034264 -0.190000
v 0.115287 0.034233 -0.190000
v 0.115371 0.034191 -0.190000
v 0.115448 0.034139 -0.190000
v 0.115517 0.034078 -0.190000
v 0.115578 0.034008 -0.190000
v 0.115630 0.033931 -0.190000
v 0.115672 0.033847 -0.190000
v 0.115703 0.033758 -0.190000
v 0.115723 0.033663 -0.190000
v 0.115729 0.033565 -0.190000
v 0.115729 0.003763 -0.190000
v 0.097394 0.003763 -0.190000
v 0.097296 0.003756 -0.190000
v 0.097202 0.003737 -0.190000
v 0.097112 0.003706 -0.190000
v 0.097028 0.003664 -0.190000
v 0.096951 0.003612 -0.190000
v 0.096882 0.003551 -0.190000
v 0.096820 0.003481 -0.190000
v 0.096768 0.003404 -0.190000
v 0.096726 0.003320 -0.190000
v 0.096695 0.003231 -0.190000
v 0.096676 0.003136 -0.190000
v 0.096669 0.003038 -0.190000
v 0.096669 -0.025655 -0.190000
v 0.096696 -0.027108 -0.190000
v 0.096785 -0.028418 -0.190000
v 0.096956 -0.029588 -0.190000
v 0.097225 -0.030622 -0.190000
v 0.097609 -0.031522 -0.190000
v 0.098127 -0.032291 -0.190000
v 0.098795 -0.032933 -0.190000
v 0.099630 -0.033452 -0.190000
v 0.100651 -0.033849 -0.190000
v 0.101874 -0.034129 -0.190000
v 0.103317 -0.034295 -0.190000
v 0.104996 -0.034350 -0.190000
v 0.282628 -0.028984 -0.190000
v 0.282678 -0.028988 -0.190000
v 0.282726 -0.028998 -0.190000
v 0.282969 -0.029210 -0.190000
v 0.282984 -0.029256 -0.190000
v 0.282994 -0.029304 -0.190000
v 0.282998 -0.029354 -0.190000
v 0.282793 -0.033030 -0.190000
v 0.282067 -0.037036 -0.190000
v 0.280653 -0.041250 -0.190000
v 0.278386 -0.045546 -0.190000
v 0.275098 -0.049801 -0.190000
v 0.270623 -0.053891 -0.190000
v 0.264795 -0.057692 -0.190000
v 0.257448 -0.061080 -0.190000
v 0.248414 -0.063931 -0.190000
v 0.237528 -0.066121 -0.190000
v 0.224624 -0.067526 -0.190000
v 0.209533 -0.068022 -0.190000
v 0.199726 -0.068022 -0.190000
v 0.185441 -0.067459 -0.190000
v 0.173039 -0.065844 -0.190000
v 0.162397 -0.063292 -0.190000
v 0.153394 -0.059915 -0.190000
v 0.145908 -0.055827 -0.190000
v 0.139815 -0.051139 -0.190000
v 0.134995 -0.045966 -0.190000
v 0.131325 -0.040421 -0.190000
v 0.128683 -0.034616 -0.190000
v 0.126947 -0.028664 -0.190000
v 0.125995 -0.022679 -0.190000
v 0.125705 -0.016774 -0.190000
v 0.125705 -0.013073 -0.190000
v 0.125973 -0.007229 -0.190000
v 0.126867 -0.001329 -0.190000
v 0.128518 0.004517 -0.190000
v 0.131058 0.010204 -0.190000
v 0.134617 0.015623 -0.190000
v 0.139329 0.020668 -0.190000
v 0.145325 0.025231 -0.190000
v 0.152736 0.029205 -0.190000
v 0.161694 0.032483 -0.190000
v 0.172332 0.034957 -0.190000
v 0.184780 0.036520 -0.190000
v 0.199171 0.037065 -0.190000
v 0.209348 0.037065 -0.190000
v 0.224449 0.036454 -0.190000
v 0.237384 0.034707 -0.190000
v 0.248316 0.031951 -0.190000
v 0.257407 0.028315 -0.190000
v 0.264819 0.023925 -0.190000
v 0.270716 0.018911 -0.190000
v 0.275259 0.013399 -0.190000
v 0.278612 0.007518 -0.190000
v 0.280937 0.001395 -0.190000
v 0.282396 -0.004841 -0.190000
v 0.283153 -0.011063 -0.190000
v 0.283369 -0.017144 -0.190000
v 0.283369 -0.021970 -0.190000
v 0.283362 -0.022068 -0.190000
v 0.283343 -0.022162 -0.190000
v 0.283312 -0.022252 -0.190000
v 0.283270 -0.022335 -0.190000
v 0.283218 -0.022412 -0.190000
v 0.283157 -0.022482 -0.190000
v 0.283087 -0.022543 -0.190000
v 0.283010 -0.022595 -0.190000
v 0.282926 -0.022637 -0.190000
v 0.282837 -0.022669 -0.190000
v 0.282742 -0.022688 -0.190000
v 0.282644 -0.022694 -0.190000
v 0.175967 -0.022694 -0.190000
v 0.175858 -0.022703 -0.190000
v 0.175754 -0.022726 -0.190000
v 0.175657 -0.022764 -0.190000
v 0.175567 -0.022814 -0.190000
v 0.175487 -0.022877 -0.190000
v 0.175416 -0.022949 -0.190000
v 0.175357 -0.023031 -0.190000
v 0.175310 -0.023121 -0.190000
v 0.175276 -0.023217 -0.190000
v 0.175257 -0.023319 -0.190000
v 0.175253 -0.023425 -0.190000
v 0.175267 -0.023534 -0.190000
v 0.175894 -0.025932 -0.190000
v 0.176800 -0.028224 -0.190000
v 0.178005 -0.030390 -0.190000
v 0.179525 -0.032411 -0.190000
v 0.181381 -0.034267 -0.190000
v 0.183589 -0.035939 -0.190000
v 0.186169 -0.037408 -0.190000
v 0.189138 -0.038653 -0.190000
v 0.192515 -0.039655 -0.190000
v 0.196318 -0.040395 -0.190000
v 0.200566 -0.040853 -0.190000
v 0.205462 -0.041011 -0.190000
v 0.209531 -0.040911 -0.190000
v 0.213189 -0.040627 -0.190000
v 0.216457 -0.040179 -0.190000
v 0.219358 -0.039590 -0.190000
v 0.221912 -0.038881 -0.190000
v 0.224142 -0.038074 -0.190000
v 0.226069 -0.037189 -0.190000
v 0.227714 -0.036250 -0.190000
v 0.229100 -0.035277 -0.190000
v 0.230247 -0.034291 -0.190000
v 0.231178 -0.033315 -0.190000
v 0.231913 -0.032371 -0.190000
v 0.232234 -0.031935 -0.190000
v 0.232579 -0.031509 -0.190000
v 0.232947 -0.031100 -0.190000
v 0.233338 -0.030711 -0.190000
v 0.233749 -0.030349 -0.190000
v 0.234182 -0.030018 -0.190000
v 0.234633 -0.029724 -0.190000
v 0.235102 -0.029472 -0.190000
v 0.235588 -0.029266 -0.190000
v 0.236089 -0.029113 -0.190000
v 0.236606 -0.029017 -0.190000
v 0.237136 -0.028984 -0.190000
v 0.254248 -0.028984 -0.190000
v 0.270834 -0.028984 -0.190000
v 0.281733 -0.028984 -0.190000
v 0.232841 -0.001479 -0.190000
v 0.232174 0.000636 -0.190000
v 0.231247 0.002603 -0.190000
v 0.230046 0.004416 -0.190000
v 0.228554 0.006068 -0.190000
v 0.226756 0.007552 -0.190000
v 0.224639 0.008861 -0.190000
v 0.222185 0.009987 -0.190000
v 0.219381 0.010925 -0.190000
v 0.216211 0.011666 -0.190000
v 0.212659 0.012205 -0.190000
v 0.208711 0.012533 -0.190000
v 0.204351 0.012643 -0.190000
v 0.199977 0.012527 -0.190000
v 0.196041 0.012183 -0.190000
v 0.192521 0.011623 -0.190000
v 0.189395 0.010857 -0.190000
v 0.186641 0.009896 -0.190000
v 0.184237 0.008750 -0.190000
v 0.182161 0.007429 -0.190000
v 0.180392 0.005943 -0.190000
v 0.178906 0.004304 -0.190000
v 0.177683 0.002522 -0.190000
v 0.176700 0.000606 -0.190000
v 0.175935 -0.001433 -0.190000
v 0.175909 -0.001546 -0.190000
v 0.175903 -0.001658 -0.190000
v 0.175914 -0.001767 -0.190000
v 0.175942 -0.001871 -0.190000
v 0.175985 -0.001969 -0.190000
v 0.176043 -0.002058 -0.190000
v 0.176113 -0.002139 -0.190000
v 0.176195 -0.002208 -0.190000
v 0.176288 -0.002265 -0.190000
v 0.176390 -0.002307 -0.190000
v 0.176500 -0.002334 -0.190000
v 0.176617 -0.002343 -0.190000
v 0.232151 -0.002343 -0.190000
v 0.232263 -0.002334 -0.190000
v 0.232368 -0.002310 -0.190000
v 0.232467 -0.002270 -0.190000
v 0.232558 -0.002218 -0.190000
v 0.232638 -0.002153 -0.190000
v 0.232709 -0.002078 -0.190000
v 0.232767 -0.001993 -0.190000
v 0.232813 -0.001901 -0.190000
v 0.232844 -0.001802 -0.190000
v 0.232860 -0.001697 -0.190000
v 0.232860 -0.001589 -0.190000
v 0.343083 0.070867 -0.190000
v 0.343178 0.070847 -0.190000
v 0.343267 0.070816 -0.190000
v 0.343351 0.070774 -0.190000
v 0.343428 0.070722 -0.190000
v 0.343498 0.070661 -0.190000
v 0.343559 0.070592 -0.190000
v 0.343611 0.070514 -0.190000
v 0.343653 0.070431 -0.190000
v 0.343684 0.070341 -0.190000
v 0.343703 0.070247 -0.190000
v 0.343710 0.070149 -0.190000
v 0.343710 0.043340 -0.190000
v 0.343704 0.043242 -0.190000
v 0.343684 0.043148 -0.190000
v 0.343653 0.043058 -0.190000
v 0.343611 0.042974 -0.190000
v 0.343559 0.042897 -0.190000
v 0.343498 0.042828 -0.190000
v 0.343428 0.042766 -0.190000
v 0.343351 0.042714 -0.190000
v 0.343267 0.042672 -0.190000
v 0.343178 0.042641 -0.190000
v 0.343083 0.042622 -0.190000
v 0.342985 0.042615 -0.190000
v 0.294125 0.042615 -0.190000
v 0.294024 0.042622 -0.190000
v 0.293928 0.042642 -0.190000
v 0.293837 0.042675 -0.190000
v 0.293752 0.042719 -0.190000
v 0.293674 0.042773 -0.190000
v 0.293604 0.042836 -0.190000
v 0.293543 0.042908 -0.190000
v 0.293491 0.042988 -0.190000
v 0.293450 0.043074 -0.190000
v 0.293421 0.043166 -0.190000
v 0.293404 0.043263 -0.190000
v 0.293400 0.043364 -0.190000
v 0.294276 0.070172 -0.190000
v 0.294285 0.070268 -0.190000
v 0.294307 0.070360 -0.190000
v 0.294339 0.070447 -0.190000
v 0.294382 0.070528 -0.190000
v 0.294435 0.070602 -0.190000
v 0.294496 0.070669 -0.190000
v 0.294565 0.070728 -0.190000
v 0.294641 0.070778 -0.190000
v 0.294724 0.070819 -0.190000
v 0.294812 0.070849 -0.190000
v 0.294904 0.070867 -0.190000
v 0.295000 0.070873 -0.190000
v 0.295945 0.070873 -0.190000
v 0.307441 0.070873 -0.190000
v 0.335488 0.070873 -0.190000
v 0.342985 0.070873 -0.190000
v 0.294102 0.034290 -0.190000
v 0.306775 0.034290 -0.190000
v 0.324597 0.034290 -0.190000
v 0.339364 0.034290 -0.190000
v 0.342985 0.034290 -0.190000
v 0.343083 0.034283 -0.190000
v 0.343178 0.034264 -0.190000
v 0.343267 0.034233 -0.190000
v 0.343351 0.034191 -0.190000
v 0.343428 0.034139 -0.190000
v 0.343498 0.034078 -0.190000
v 0.343559 0.034008 -0.190000
v 0.343611 0.033931 -0.190000
v 0.343653 0.033847 -0.190000
v 0.343684 0.033758 -0.190000
v 0.343704 0.033663 -0.190000
v 0.343710 0.033565 -0.190000
v 0.343710 -0.065247 -0.190000
v 0.293377 -0.065247 -0.190000
v 0.293377 0.033565 -0.190000
v 0.293383 0.033663 -0.190000
v 0.293402 0.033758 -0.190000
v 0.293433 0.033847 -0.190000
v 0.293475 0.033931 -0.190000
v 0.293527 0.034008 -0.190000
v 0.293589 0.034078 -0.190000
v 0.293658 0.034139 -0.190000
v 0.293735 0.034191 -0.190000
v 0.293819 0.034233 -0.190000
v 0.293908 0.034264 -0.190000
v 0.294003 0.034283 -0.190000
v 0.596378 0.021697 -0.190000
v 0.596054 0.015543 -0.190000
v 0.595034 0.009611 -0.190000
v 0.593249 0.003961 -0.190000
v 0.590627 -0.001348 -0.190000
v 0.587098 -0.006256 -0.190000
v 0.582591 -0.010704 -0.190000
v 0.577035 -0.014631 -0.190000
v 0.570360 -0.017979 -0.190000
v 0.562496 -0.020686 -0.190000
v 0.553371 -0.022694 -0.190000
v 0.542915 -0.023942 -0.190000
v 0.531058 -0.024372 -0.190000
v 0.469595 -0.024372 -0.190000
v 0.469498 -0.024378 -0.190000
v 0.469405 -0.024398 -0.190000
v 0.469316 -0.024429 -0.190000
v 0.469233 -0.024471 -0.190000
v 0.469155 -0.024523 -0.190000
v 0.469085 -0.024584 -0.190000
v 0.469023 -0.024654 -0.190000
v 0.468971 -0.024731 -0.190000
v 0.468928 -0.024814 -0.190000
v 0.468896 -0.024904 -0.190000
v 0.468876 -0.024998 -0.190000
v 0.468870 -0.025096 -0.190000
v 0.468870 -0.065075 -0.190000
v 0.416322 -0.065075 -0.190000
v 0.416322 0.069223 -0.190000
v 0.416348 0.069617 -0.190000
v 0.416426 0.069994 -0.190000
v 0.416550 0.070352 -0.190000
v 0.416718 0.070687 -0.190000
v 0.416927 0.070995 -0.190000
v 0.417172 0.071274 -0.190000
v 0.417450 0.071519 -0.190000
v 0.417759 0.071727 -0.190000
v 0.418094 0.071895 -0.190000
v 0.418451 0.072019 -0.190000
v 0.418829 0.072096 -0.190000
v 0.419222 0.072123 -0.190000
v 0.531058 0.072123 -0.190000
v 0.542994 0.071673 -0.190000
v 0.553502 0.070367 -0.190000
v 0.562655 0.068270 -0.190000
v 0.570528 0.065449 -0.190000
v 0.577195 0.061969 -0.190000
v 0.582732 0.057894 -0.190000
v 0.587212 0.053292 -0.190000
v 0.590711 0.048228 -0.190000
v 0.593302 0.042766 -0.190000
v 0.595060 0.036973 -0.190000
v 0.596061 0.030915 -0.190000
v 0.596378 0.024657 -0.190000
v 0.524765 0.035757 -0.190000
v 0.469595 0.035757 -0.190000
v 0.469498 0.035750 -0.190000
v 0.469405 0.035731 -0.190000
v 0.469316 0.035700 -0.190000
v 0.469233 0.035658 -0.190000
v 0.469155 0.035606 -0.190000
v 0.469085 0.035545 -0.190000
v 0.469023 0.035475 -0.190000
v 0.468971 0.035398 -0.190000
v 0.468928 0.035314 -0.190000
v 0.468896 0.035225 -0.190000
v 0.468876 0.035130 -0.190000
v 0.468870 0.035032 -0.190000
v 0.468870 0.010765 -0.190000
v 0.468876 0.010666 -0.190000
v 0.468896 0.010572 -0.190000
v 0.468928 0.010483 -0.190000
v 0.468971 0.010399 -0.190000
v 0.469023 0.010322 -0.190000
v 0.469085 0.010252 -0.190000
v 0.469155 0.010191 -0.190000
v 0.469233 0.010139 -0.190000
v 0.469316 0.010097 -0.190000
v 0.469405 0.010066 -0.190000
v 0.469498 0.010047 -0.190000
v 0.469595 0.010040 -0.190000
v 0.524765 0.010040 -0.190000
v 0.527632 0.010143 -0.190000
v 0.530226 0.010445 -0.190000
v 0.532552 0.010939 -0.190000
v 0.534614 0.011616 -0.190000
v 0.536417 0.012468 -0.190000
v 0.537965 0.013486 -0.190000
v 0.539262 0.014662 -0.190000
v 0.540314 0.015988 -0.190000
v 0.541124 0.017455 -0.190000
v 0.541697 0.019055 -0.190000
v 0.542037 0.020780 -0.190000
v 0.542150 0.022662 -0.190000
v 0.542150 0.023177 -0.190000
v 0.542041 0.025056 -0.190000
v 0.541710 0.026806 -0.190000
v 0.541150 0.028420 -0.190000
v 0.540356 0.029891 -0.190000
v 0.539320 0.031214 -0.190000
v 0.538036 0.032380 -0.190000
v 0.536497 0.033385 -0.190000
v 0.534698 0.034222 -0.190000
v 0.532632 0.034884 -0.190000
v 0.530292 0.035365 -0.190000
v 0.527672 0.035658 -0.190000
v 0.659847 -0.069645 -0.190000
v 0.646562 -0.067909 -0.190000
v 0.635373 -0.065184 -0.190000
v 0.626103 -0.061607 -0.190000
v 0.618579 -0.057316 -0.190000
v 0.612625 -0.052447 -0.190000
v 0.608066 -0.047140 -0.190000
v 0.604729 -0.041530 -0.190000
v 0.602437 -0.035756 -0.190000
v 0.601016 -0.029955 -0.190000
v 0.600292 -0.024264 -0.190000
v 0.600090 -0.018821 -0.190000
v 0.600090 -0.015491 -0.190000
v 0.600303 -0.010148 -0.190000
v 0.601054 -0.004569 -0.190000
v 0.602511 0.001114 -0.190000
v 0.604844 0.006765 -0.190000
v 0.608220 0.012252 -0.190000
v 0.612808 0.017441 -0.190000
v 0.618775 0.022198 -0.190000
v 0.626292 0.026390 -0.190000
v 0.635525 0.029883 -0.190000
v 0.646644 0.032543 -0.190000
v 0.659817 0.034237 -0.190000
v 0.675212 0.034832 -0.190000
v 0.689276 0.034832 -0.190000
v 0.704172 0.034241 -0.190000
v 0.717028 0.032555 -0.190000
v 0.727985 0.029906 -0.190000
v 0.737185 0.026424 -0.190000
v 0.744771 0.022241 -0.190000
v 0.750884 0.017487 -0.190000
v 0.755668 0.012294 -0.190000
v 0.759262 0.006793 -0.190000
v 0.761811 0.001114 -0.190000
v 0.763456 -0.004612 -0.190000
v 0.764338 -0.010252 -0.190000
v 0.764601 -0.015677 -0.190000
v 0.764601 -0.016790 -0.190000
v 0.764601 -0.018637 -0.190000
v 0.764335 -0.024161 -0.190000
v 0.763442 -0.029912 -0.190000
v 0.761782 -0.035756 -0.190000
v 0.759214 -0.041557 -0.190000
v 0.755598 -0.047181 -0.190000
v 0.750792 -0.052493 -0.190000
v 0.744656 -0.057358 -0.190000
v 0.737050 -0.061641 -0.190000
v 0.727832 -0.065207 -0.190000
v 0.716862 -0.067921 -0.190000
v 0.703999 -0.069648 -0.190000
v 0.689102 -0.070254 -0.190000
v 0.675400 -0.070254 -0.190000
v 0.676286 0.006456 -0.190000
v 0.671218 0.005728 -0.190000
v 0.666826 0.004577 -0.190000
v 0.663068 0.003051 -0.190000
v 0.659904 0.001201 -0.190000
v 0.657294 -0.000922 -0.190000
v 0.655196 -0.003269 -0.190000
v 0.653571 -0.005789 -0.190000
v 0.652378 -0.008432 -0.190000
v 0.651576 -0.011149 -0.190000
v 0.651124 -0.013889 -0.190000
v 0.650983 -0.016602 -0.190000
v 0.650983 -0.017286 -0.190000
v 0.651121 -0.020040 -0.190000
v 0.651564 -0.022826 -0.190000
v 0.652354 -0.025635 -0.190000
v 0.653533 -0.028408 -0.190000
v 0.655144 -0.031083 -0.190000
v 0.657229 -0.033600 -0.190000
v 0.659830 -0.035896 -0.190000
v 0.662991 -0.037912 -0.190000
v 0.666753 -0.039587 -0.190000
v 0.671158 -0.040858 -0.190000
v 0.676250 -0.041666 -0.190000
v 0.682070 -0.041949 -0.190000
v 0.688107 -0.041669 -0.190000
v 0.693235 -0.040871 -0.190000
v 0.697670 -0.039613 -0.190000
v 0.701456 -0.037954 -0.190000
v 0.704635 -0.035953 -0.190000
v 0.707250 -0.033669 -0.190000
v 0.709345 -0.031162 -0.190000
v 0.710963 -0.028490 -0.190000
v 0.712146 -0.025713 -0.190000
v 0.712937 -0.022890 -0.190000
v 0.713381 -0.020079 -0.190000
v 0.713519 -0.017341 -0.190000
v 0.713519 -0.016656 -0.190000
v 0.713378 -0.013850 -0.190000
v 0.712925 -0.011085 -0.190000
v 0.712121 -0.008354 -0.190000
v 0.710924 -0.005706 -0.190000
v 0.709292 -0.003190 -0.190000
v 0.707185 -0.000852 -0.190000
v 0.704561 0.001258 -0.190000
v 0.701378 0.003092 -0.190000
v 0.697597 0.004603 -0.190000
v 0.693175 0.005741 -0.190000
v 0.688071 0.006460 -0.190000
v 0.682244 0.006710 -0.190000
v 0.833970 -0.069645 -0.190000
v 0.820685 -0.067909 -0.190000
v 0.809495 -0.065184 -0.190000
v 0.800224 -0.061607 -0.190000
v 0.792697 -0.057316 -0.190000
v 0.786742 -0.052447 -0.190000
v 0.782182 -0.047140 -0.190000
v 0.778842 -0.041530 -0.190000
v 0.776549 -0.035756 -0.190000
v 0.775127 -0.029955 -0.190000
v 0.774402 -0.024264 -0.190000
v 0.774199 -0.018821 -0.190000
v 0.774199 -0.015491 -0.190000
v 0.774413 -0.010148 -0.190000
v 0.775165 -0.004569 -0.190000
v 0.776623 0.001114 -0.190000
v 0.778958 0.006765 -0.190000
v 0.782335 0.012252 -0.190000
v 0.786925 0.017441 -0.190000
v 0.792894 0.022198 -0.190000
v 0.800413 0.026390 -0.190000
v 0.809647 0.029883 -0.190000
v 0.820767 0.032543 -0.190000
v 0.833941 0.034237 -0.190000
v 0.849336 0.034832 -0.190000
v 0.863400 0.034832 -0.190000
v 0.878293 0.034241 -0.190000
v 0.891146 0.032555 -0.190000
v 0.902101 0.029906 -0.190000
v 0.911299 0.026424 -0.190000
v 0.918884 0.022241 -0.190000
v 0.924996 0.017487 -0.190000
v 0.929778 0.012294 -0.190000
v 0.933373 0.006793 -0.190000
v 0.935921 0.001114 -0.190000
v 0.937566 -0.004612 -0.190000
v 0.938448 -0.010252 -0.190000
v 0.938711 -0.015677 -0.190000
v 0.938711 -0.015896 -0.190000
v 0.938711 -0.018637 -0.190000
v 0.938444 -0.024161 -0.190000
v 0.937551 -0.029912 -0.190000
v 0.935892 -0.035756 -0.190000
v 0.933324 -0.041557 -0.190000
v 0.929707 -0.047181 -0.190000
v 0.924901 -0.052493 -0.190000
v 0.918766 -0.057358 -0.190000
v 0.911159 -0.061641 -0.190000
v 0.901941 -0.065207 -0.190000
v 0.890971 -0.067921 -0.190000
v 0.878108 -0.069648 -0.190000
v 0.863212 -0.070254 -0.190000
v 0.849524 -0.070254 -0.190000
v 0.850399 0.006456 -0.190000
v 0.845333 0.005728 -0.190000
v 0.840942 0.004577 -0.190000
v 0.837184 0.003051 -0.190000
v 0.834020 0.001201 -0.190000
v 0.831409 -0.000922 -0.190000
v 0.829311 -0.003269 -0.190000
v 0.827684 -0.005789 -0.190000
v 0.826490 -0.008432 -0.190000
v 0.825687 -0.011149 -0.190000
v 0.825235 -0.013889 -0.190000
v 0.825093 -0.016602 -0.190000
v 0.825093 -0.017286 -0.190000
v 0.825231 -0.020040 -0.190000
v 0.825674 -0.022826 -0.190000
v 0.826463 -0.025635 -0.190000
v 0.827642 -0.028408 -0.190000
v 0.829253 -0.031083 -0.190000
v 0.831338 -0.033600 -0.190000
v 0.833940 -0.035896 -0.190000
v 0.837100 -0.037912 -0.190000
v 0.840862 -0.039587 -0.190000
v 0.845268 -0.040858 -0.190000
v 0.850360 -0.041666 -0.190000
v 0.856180 -0.041949 -0.190000
v 0.862231 -0.041669 -0.190000
v 0.867359 -0.040871 -0.190000
v 0.871794 -0.039613 -0.190000
v 0.875580 -0.037954 -0.190000
v 0.878759 -0.035953 -0.190000
v 0.881374 -0.033669 -0.190000
v 0.883469 -0.031162 -0.190000
v 0.885087 -0.028490 -0.190000
v 0.886270 -0.025713 -0.190000
v 0.887062 -0.022890 -0.190000
v 0.887505 -0.020079 -0.190000
v 0.887643 -0.017341 -0.190000
v 0.887643 -0.016656 -0.190000
v 0.887502 -0.013850 -0.190000
v 0.887049 -0.011085 -0.190000
v 0.886243 -0.008354 -0.190000
v 0.885045 -0.005706 -0.190000
v 0.883412 -0.003190 -0.190000
v 0.881304 -0.000852 -0.190000
v 0.878679 0.001258 -0.190000
v 0.875496 0.003092 -0.190000
v 0.871715 0.004603 -0.190000
v 0.867294 0.005741 -0.190000
v 0.862192 0.006460 -0.190000
v 0.856368 0.006710 -0.190000
v 0.043953 0.003763 0.190000
v 0.034906 0.003763 0.190000
v 0.045981 0.003763 0.190000
vn -0.0000 -0.0000 -1.0000
vn -0.0000 -0.0001 -1.0000
vn -0.0000 -0.0003 -1.0000
vn -0.0000 -0.0017 -1.0000
vn -0.0000 0.0003 -1.0000
vn -0.0000 -0.0007 -1.0000
vn -0.0000 -0.0002 -1.0000
vn -0.0000 0.0001 -1.0000
vn -0.0000 0.0005 -1.0000
vn -0.0000 -0.0004 -1.0000
vn -0.0000 -0.0008 -1.0000
vn -0.0000 0.0004 -1.0000
vn -0.0000 0.0021 -1.0000
vn -0.0000 -0.0016 -1.0000
vn -0.0000 0.0016 -1.0000
vn -0.0000 0.0011 -1.0000
vn -0.0002 -1.0000 -0.0000
vn -0.0913 -0.9958 -0.0000
vn -0.1947 -0.9809 -0.0000
vn -0.3108 -0.9505 -0.0000
vn -0.4363 -0.8998 -0.0000
vn -0.5646 -0.8253 -0.0000
vn -0.6867 -0.7269 -0.0000
vn -0.7932 -0.6090 -0.0000
vn -0.8774 -0.4797 -0.0000
vn -0.9373 -0.3484 -0.0000
vn -0.9749 -0.2227 -0.0000
vn -0.9943 -0.1062 -0.0000
vn -0.9997 -0.0252 -0.0000
vn -0.9997 0.0252 -0.0000
vn -0.9947 0.1033 -0.0000
vn -0.9770 0.2133 -0.0000
vn -0.9434 0.3317 -0.0000
vn -0.8899 0.4561 -0.0000
vn -0.8137 0.5812 -0.0000
vn -0.7147 0.6994 -0.0000
vn -0.5970 0.8022 -0.0000
vn -0.4684 0.8835 -0.0000
vn -0.3380 0.9412 -0.0000
vn -0.2138 0.9769 -0.0000
vn -0.1001 0.9950 -0.0000
vn 0.0012 1.0000 -0.0000
vn 0.1027 0.9947 -0.0000
vn 0.2174 0.9761 -0.0000
vn 0.3428 0.9394 -0.0000
vn 0.4735 0.8808 -0.0000
vn 0.6016 0.7988 -0.0000
vn 0.7181 0.6959 -0.0000
vn 0.8157 0.5785 -0.0000
vn 0.8906 0.4547 -0.0000
vn 0.8156 0.5785 -0.0000
vn 0.9434 0.3316 -0.0000
vn 0.9768 0.2142 -0.0000
vn 0.9946 0.1037 -0.0000
vn 0.9997 0.0251 -0.0000
vn 1.0000 -0.0000 -0.0000
vn 0.9997 -0.0261 -0.0000
vn 0.9942 -0.1077 -0.0000
vn 0.9747 -0.2236 -0.0000
vn 0.9373 -0.3485 -0.0000
vn 0.9373 -0.3484 -0.0000
vn 0.8782 -0.4783 -0.0000
vn 0.7953 -0.6062 -0.0000
vn 0.6903 -0.7235 -0.0000
vn 0.5695 -0.8220 -0.0000
vn 0.4416 -0.8972 -0.0000
vn 0.3156 -0.9489 -0.0000
vn 0.1983 -0.9801 -0.0000
vn 0.0925 -0.9957 -0.0000
vn -0.0196 -0.9998 -0.0000
vn 0.0203 -0.9998 -0.0000
vn 0.0870 -0.9962 -0.0000
vn 0.1869 -0.9824 -0.0000
vn 0.3011 -0.9536 -0.0000
vn 0.4268 -0.9043 -0.0000
vn 0.5577 -0.8301 -0.0000
vn 0.6837 -0.7297 -0.0000
vn 0.7940 -0.6079 -0.0000
vn 0.8804 -0.4742 -0.0000
vn 0.9405 -0.3398 -0.0000
vn 0.9769 -0.2137 -0.0000
vn 0.9949 -0.1009 -0.0000
vn 0.9997 -0.0241 -0.0000
vn 0.9997 0.0242 -0.0000
vn 0.9948 0.1016 -0.0000
vn 0.9765 0.2157 -0.0000
vn 0.9391 0.3436 -0.0000
vn 0.8775 0.4797 -0.0000
vn 0.7891 0.6143 -0.0000
vn 0.6771 0.7359 -0.0000
vn 0.5501 0.8351 -0.0000
vn 0.4195 0.9077 -0.0000
vn 0.2951 0.9555 -0.0000
vn 0.1828 0.9831 -0.0000
vn 0.0849 0.9964 -0.0000
vn 0.0198 0.9998 -0.0000
vn -0.0193 0.9998 -0.0000
vn -0.0832 0.9965 -0.0000
vn -0.1804 0.9836 -0.0000
vn -0.2938 0.9559 -0.0000
vn -0.4215 0.9068 -0.0000
vn -0.5570 0.8305 -0.0000
vn -0.6887 0.7250 -0.0000
vn -0.8033 0.5956 -0.0000
vn -0.8908 0.4544 -0.0000
vn -0.9488 0.3160 -0.0000
vn -0.9815 0.1914 -0.0000
vn -0.9962 0.0868 -0.0000
vn -0.9998 0.0199 -0.0000
vn -1.0000 -0.0000 -0.0000
vn -0.9998 -0.0186 -0.0000
vn -0.0000 -0.0000 1.0000
vn -0.9966 -0.0819 -0.0000
vn -0.9832 -0.1825 -0.0000
vn -0.9526 -0.3043 -0.0000
vn -0.8972 -0.4417 -0.0000
vn -0.8119 -0.5838 -0.0000
vn -0.6984 -0.7157 -0.0000
vn -0.5661 -0.8244 -0.0000
vn -0.4289 -0.9034 -0.0000
vn -0.2989 -0.9543 -0.0000
vn -0.1834 -0.9830 -0.0000
vn -0.0844 -0.9964 -0.0000
vn -0.5647 -0.8253 -0.0000
vn -0.6869 -0.7268 -0.0000
vn -0.7934 -0.6087 -0.0000
vn -0.8776 -0.4794 -0.0000
vn -0.9375 -0.3481 -0.0000
vn -0.9750 -0.2224 -0.0000
vn -0.9944 -0.1060 -0.0000
vn -0.1002 0.9950 -0.0000
vn 0.9434 0.3317 -0.0000
vn 0.9942 -0.1075 -0.0000
vn 0.9747 -0.2233 -0.0000
vn 0.9374 -0.3481 -0.0000
vn 0.8784 -0.4780 -0.0000
vn 0.7955 -0.6060 -0.0000
vn 0.6905 -0.7234 -0.0000
vn 0.1982 -0.9802 -0.0000
vn 0.5577 -0.8300 -0.0000
vn 0.9764 0.2158 -0.0000
vn 0.8774 0.4797 -0.0000
vn 0.7890 0.6143 -0.0000
vn 0.6770 0.7360 -0.0000
vn 0.4195 0.9078 -0.0000
vn 0.2950 0.9555 -0.0000
vn 0.1828 0.9832 -0.0000
vn -0.2939 0.9559 -0.0000
vn -0.4216 0.9068 -0.0000
vn -0.5571 0.8305 -0.0000
vn -0.6889 0.7249 -0.0000
vn -0.8034 0.5954 -0.0000
vn -0.8909 0.4542 -0.0000
vn -0.9488 0.3158 -0.0000
vn -0.9815 0.1913 -0.0000
vn -0.9962 0.0867 -0.0000
vn -0.9967 -0.0818 -0.0000
vn -0.9832 -0.1823 -0.0000
vn -0.9526 -0.3041 -0.0000
vn -0.8973 -0.4415 -0.0000
vn -0.8120 -0.5836 -0.0000
vn -0.6985 -0.7156 -0.0000
vn -0.5662 -0.8243 -0.0000
vn -0.4289 -0.9033 -0.0000
vn -0.2990 -0.9543 -0.0000
vn -0.1564 -0.9877 -0.0000
vn -0.0727 -0.9974 -0.0000
vn -0.2535 -0.9673 -0.0000
vn -0.3641 -0.9314 -0.0000
vn -0.4855 -0.8742 -0.0000
vn -0.6116 -0.7911 -0.0000
vn -0.7324 -0.6809 -0.0000
vn -0.8365 -0.5480 -0.0000
vn -0.9153 -0.4027 -0.0000
vn -0.9663 -0.2574 -0.0000
vn -0.9925 -0.1221 -0.0000
vn -0.9996 -0.0289 -0.0000
vn -0.9996 0.0298 -0.0000
vn -0.9919 0.1270 -0.0000
vn -0.9639 0.2662 -0.0000
vn -0.9114 0.4116 -0.0000
vn -0.8324 0.5542 -0.0000
vn -0.7300 0.6834 -0.0000
vn -0.6124 0.7905 -0.0000
vn -0.4896 0.8720 -0.0000
vn -0.3703 0.9289 -0.0000
vn -0.2602 0.9656 -0.0000
vn -0.1619 0.9868 -0.0000
vn -0.0759 0.9971 -0.0000
vn -0.0179 0.9998 -0.0000
vn 0.0342 0.9994 -0.0000
vn 0.0341 0.9994 -0.0000
vn 0.1359 0.9907 -0.0000
vn 0.2672 0.9637 -0.0000
vn 0.2672 0.9636 -0.0000
vn 0.3906 0.9206 -0.0000
vn 0.3905 0.9206 -0.0000
vn 0.5052 0.8630 -0.0000
vn 0.5051 0.8630 -0.0000
vn 0.6098 0.7926 -0.0000
vn 0.6098 0.7925 -0.0000
vn 0.7042 0.7100 -0.0000
vn 0.7878 0.6159 -0.0000
vn 0.8595 0.5111 -0.0000
vn 0.8594 0.5113 -0.0000
vn 0.9184 0.3956 -0.0000
vn 0.9629 0.2698 -0.0000
vn 0.9629 0.2699 -0.0000
vn 0.9906 0.1369 -0.0000
vn 0.9994 0.0345 -0.0000
vn 0.9994 -0.0351 -0.0000
vn 0.9905 -0.1374 -0.0000
vn 0.9629 -0.2698 -0.0000
vn 0.9629 -0.2697 -0.0000
vn 0.9185 -0.3955 -0.0000
vn 0.8595 -0.5111 -0.0000
vn 0.8595 -0.5112 -0.0000
vn 0.7877 -0.6160 -0.0000
vn 0.7041 -0.7101 -0.0000
vn 0.6096 -0.7927 -0.0000
vn 0.6097 -0.7927 -0.0000
vn 0.5052 -0.8630 -0.0000
vn 0.3907 -0.9205 -0.0000
vn 0.2669 -0.9637 -0.0000
vn 0.3906 -0.9206 -0.0000
vn 0.1358 -0.9907 -0.0000
vn 0.1359 -0.9907 -0.0000
vn 0.0342 -0.9994 -0.0000
vn 0.0344 -0.9994 -0.0000
vn -0.0170 -0.9999 -0.0000
vn 0.9997 0.0253 -0.0000
vn 0.9943 0.1069 -0.0000
vn 0.9739 0.2272 -0.0000
vn 0.9327 0.3606 -0.0000
vn 0.8660 0.5001 -0.0000
vn 0.7724 0.6352 -0.0000
vn 0.6568 0.7540 -0.0000
vn 0.5293 0.8484 -0.0000
vn 0.4010 0.9161 -0.0000
vn 0.2808 0.9598 -0.0000
vn 0.1735 0.9848 -0.0000
vn 0.0806 0.9967 -0.0000
vn 0.0188 0.9998 -0.0000
vn -0.0336 0.9994 -0.0000
vn -0.1339 0.9910 -0.0000
vn -0.2647 0.9643 -0.0000
vn -0.2648 0.9643 -0.0000
vn -0.3891 0.9212 -0.0000
vn -0.5051 0.8631 -0.0000
vn -0.6113 0.7914 -0.0000
vn -0.7070 0.7072 -0.0000
vn -0.7911 0.6117 -0.0000
vn -0.8628 0.5055 -0.0000
vn -0.8629 0.5055 -0.0000
vn -0.9211 0.3894 -0.0000
vn -0.9643 0.2650 -0.0000
vn -0.9910 0.1340 -0.0000
vn -0.9994 0.0336 -0.0000
vn -0.0000 -1.0000 -0.0000
vn 0.9905 -0.1375 -0.0000
vn 0.9629 -0.2699 -0.0000
vn 0.9184 -0.3956 -0.0000
vn 0.8594 -0.5113 -0.0000
vn 0.7878 -0.6159 -0.0000
vn 0.7042 -0.7100 -0.0000
vn 0.6098 -0.7925 -0.0000
vn 0.6097 -0.7926 -0.0000
vn 0.5055 -0.8628 -0.0000
vn 0.5054 -0.8629 -0.0000
vn 0.3909 -0.9204 -0.0000
vn 0.3910 -0.9204 -0.0000
vn 0.2671 -0.9637 -0.0000
vn 0.2673 -0.9636 -0.0000
vn 0.0181 -0.9998 -0.0000
vn 0.0774 -0.9970 -0.0000
vn 0.1669 -0.9860 -0.0000
vn 0.2706 -0.9627 -0.0000
vn 0.3877 -0.9218 -0.0000
vn 0.5142 -0.8577 -0.0000
vn 0.6420 -0.7667 -0.0000
vn 0.7599 -0.6501 -0.0000
vn 0.8572 -0.5150 -0.0000
vn 0.9278 -0.3731 -0.0000
vn 0.9718 -0.2359 -0.0000
vn -0.0001 -0.0000 1.0000
vn -0.0007 -0.0000 1.0000
vn 0.0006 -0.0000 1.0000
vn 0.0002 -0.0000 1.0000
vn 0.9938 -0.1112 -0.0000
vn 0.9997 -0.0263 -0.0000
vn -0.0000 -0.0001 1.0000
vn -0.0000 -0.0002 1.0000
vn 0.0001 0.0001 1.0000
vn -0.0001 -0.0002 1.0000
vn -0.0002 -0.0003 1.0000
vn -0.0001 -0.0001 1.0000
vn -0.0000 0.0001 1.0000
vn -0.0002 0.0001 1.0000
vn -0.0006 -0.0001 1.0000
vn -0.0005 -0.0000 1.0000
vn 0.0003 -0.0015 1.0000
vn -0.2644 0.9644 -0.0000
vn -0.1336 0.9910 -0.0000
vn -0.2645 0.9644 -0.0000
vn -0.3888 0.9213 -0.0000
vn -0.3889 0.9213 -0.0000
vn -0.5048 0.8632 -0.0000
vn -0.6117 0.7911 -0.0000
vn -0.6116 0.7912 -0.0000
vn -0.7074 0.7068 -0.0000
vn -0.7915 0.6111 -0.0000
vn -0.8633 0.5047 -0.0000
vn -0.9214 0.3886 -0.0000
vn -0.8633 0.5046 -0.0000
vn -0.9645 0.2639 -0.0000
vn -0.9645 0.2640 -0.0000
vn -0.9911 0.1332 -0.0000
vn -0.9994 0.0333 -0.0000
vn 0.9995 0.0327 -0.0000
vn 0.9911 0.1333 -0.0000
vn 0.9642 0.2651 -0.0000
vn 0.9212 0.3892 -0.0000
vn 0.8631 0.5050 -0.0000
vn 0.9212 0.3891 -0.0000
vn 0.8630 0.5052 -0.0000
vn 0.7912 0.6116 -0.0000
vn 0.7068 0.7075 -0.0000
vn 0.7068 0.7074 -0.0000
vn 0.6110 0.7916 -0.0000
vn 0.6110 0.7917 -0.0000
vn 0.5051 0.8631 -0.0000
vn 0.3891 0.9212 -0.0000
vn 0.2647 0.9643 -0.0000
vn 0.2646 0.9644 -0.0000
vn 0.1341 0.9910 -0.0000
vn 0.0337 0.9994 -0.0000
vn 0.1342 0.9910 -0.0000
vn 0.0001 -0.0000 1.0000
vn -0.0002 0.0003 1.0000
vn -0.0014 -0.0005 1.0000
vn 0.0015 -0.0000 1.0000
vn -0.0000 0.0004 1.0000
vn 0.0022 -0.0010 1.0000
vn -0.0023 0.0008 1.0000
vn -0.0000 0.0016 1.0000
vn -0.0008 -0.0000 1.0000
vn -0.0004 -0.0000 1.0000
vn 0.0019 0.0062 1.0000
vn 0.0009 -0.0000 1.0000
vn -0.0000 0.0017 1.0000
vn -0.0000 1.0000 -0.0000
vn -0.0334 0.9994 -0.0000
vn -0.0335 0.9994 -0.0000
vn 0.0336 0.9994 -0.0000
vn 0.0338 0.9994 -0.0000
vn -0.0328 0.9995 -0.0000
vn -0.1312 0.9914 -0.0000
vn -0.2591 0.9658 -0.0000
vn -0.2592 0.9658 -0.0000
vn -0.3812 0.9245 -0.0000
vn -0.4955 0.8686 -0.0000
vn -0.6003 0.7998 -0.0000
vn -0.6004 0.7997 -0.0000
vn -0.6955 0.7185 -0.0000
vn -0.6956 0.7185 -0.0000
vn -0.7797 0.6262 -0.0000
vn -0.8518 0.5239 -0.0000
vn -0.8519 0.5238 -0.0000
vn -0.9112 0.4120 -0.0000
vn -0.9112 0.4119 -0.0000
vn -0.9567 0.2911 -0.0000
vn -0.9864 0.1643 -0.0000
vn -0.9978 0.0664 -0.0000
vn -1.0000 -0.0020 -0.0000
vn -0.9944 -0.1053 -0.0000
vn -0.9709 -0.2396 -0.0000
vn -0.9299 -0.3677 -0.0000
vn -0.9300 -0.3677 -0.0000
vn -0.8729 -0.4879 -0.0000
vn -0.8729 -0.4878 -0.0000
vn -0.8017 -0.5977 -0.0000
vn -0.8017 -0.5978 -0.0000
vn -0.7179 -0.6961 -0.0000
vn -0.7181 -0.6960 -0.0000
vn -0.6221 -0.7829 -0.0000
vn -0.6223 -0.7828 -0.0000
vn -0.5147 -0.8573 -0.0000
vn -0.5148 -0.8573 -0.0000
vn -0.3972 -0.9178 -0.0000
vn -0.3971 -0.9178 -0.0000
vn -0.2706 -0.9627 -0.0000
vn -0.1371 -0.9906 -0.0000
vn -0.1370 -0.9906 -0.0000
vn -0.0345 -0.9994 -0.0000
vn -0.0344 -0.9994 -0.0000
vn 0.0335 -0.9994 -0.0000
vn 0.1341 -0.9910 -0.0000
vn 0.2648 -0.9643 -0.0000
vn 0.1340 -0.9910 -0.0000
vn 0.3891 -0.9212 -0.0000
vn 0.3892 -0.9212 -0.0000
vn 0.5051 -0.8630 -0.0000
vn 0.6110 -0.7916 -0.0000
vn 0.6111 -0.7915 -0.0000
vn 0.7068 -0.7074 -0.0000
vn 0.7912 -0.6115 -0.0000
vn 0.7912 -0.6116 -0.0000
vn 0.8630 -0.5052 -0.0000
vn 0.8630 -0.5051 -0.0000
vn 0.9211 -0.3892 -0.0000
vn 0.9642 -0.2651 -0.0000
vn 0.9212 -0.3892 -0.0000
vn 0.9911 -0.1333 -0.0000
vn 0.9995 -0.0327 -0.0000
vn 0.9994 0.0333 -0.0000
vn 0.9910 0.1338 -0.0000
vn 0.9209 0.3897 -0.0000
vn 0.9210 0.3896 -0.0000
vn 0.8631 0.5051 -0.0000
vn 0.7067 0.7075 -0.0000
vn 0.7911 0.6116 -0.0000
vn 0.7066 0.7076 -0.0000
vn 0.6113 0.7914 -0.0000
vn 0.5047 0.8633 -0.0000
vn 0.3888 0.9213 -0.0000
vn 0.0002 -0.0002 1.0000
vn -0.0003 0.0002 1.0000
vn -0.0000 0.0003 1.0000
vn 0.0001 0.0002 1.0000
vn 0.0001 -0.0012 1.0000
vn -0.0000 0.0028 1.0000
vn -0.0000 0.0010 1.0000
vn 0.0012 0.0010 1.0000
vn -0.0013 -0.0009 1.0000
vn 0.0041 0.0030 1.0000
vn 0.0001 -0.0001 1.0000
vn 0.0046 -0.0025 1.0000
vn -0.0022 -0.0000 1.0000
vn -0.0014 0.0035 1.0000
vn -0.0000 0.0033 1.0000
vn -0.0000 0.0030 1.0000
vn -0.0000 0.0032 1.0000
vn -0.0036 -0.0034 1.0000
vn 0.0023 -0.0000 1.0000
vn -0.0000 -0.0004 1.0000
vn -0.0045 0.0016 1.0000
vn 0.0011 -0.0011 1.0000
vn 0.0005 -0.0000 1.0000
vn -0.9964 -0.0850 -0.0000
vn -0.9973 0.0732 -0.0000
vn -0.9738 0.2274 -0.0000
vn -0.9738 0.2273 -0.0000
vn -0.9279 0.3728 -0.0000
vn -0.8622 0.5066 -0.0000
vn -0.8621 0.5067 -0.0000
vn -0.7787 0.6274 -0.0000
vn -0.6794 0.7338 -0.0000
vn -0.6794 0.7337 -0.0000
vn -0.5654 0.8248 -0.0000
vn -0.5655 0.8248 -0.0000
vn -0.4381 0.8989 -0.0000
vn -0.4380 0.8990 -0.0000
vn -0.2992 0.9542 -0.0000
vn -0.1517 0.9884 -0.0000
vn -0.0380 0.9993 -0.0000
vn -0.0379 0.9993 -0.0000
vn 0.0394 0.9992 -0.0000
vn 0.0393 0.9992 -0.0000
vn 0.1574 0.9875 -0.0000
vn 0.1573 0.9876 -0.0000
vn 0.3106 0.9505 -0.0000
vn 0.4541 0.8910 -0.0000
vn 0.5847 0.8113 -0.0000
vn 0.7000 0.7141 -0.0000
vn 0.7989 0.6014 -0.0000
vn 0.7989 0.6015 -0.0000
vn 0.8805 0.4741 -0.0000
vn 0.9428 0.3335 -0.0000
vn 0.9428 0.3334 -0.0000
vn 0.9834 0.1813 -0.0000
vn 0.9998 0.0215 -0.0000
vn 0.9900 -0.1413 -0.0000
vn 0.9578 -0.2874 -0.0000
vn 0.9145 -0.4046 -0.0000
vn 0.8589 -0.5122 -0.0000
vn 0.7846 -0.6201 -0.0000
vn 0.6936 -0.7204 -0.0000
vn 0.5912 -0.8065 -0.0000
vn 0.4846 -0.8748 -0.0000
vn 0.3806 -0.9248 -0.0000
vn 0.2841 -0.9588 -0.0000
vn 0.1977 -0.9803 -0.0000
vn 0.1221 -0.9925 -0.0000
vn 0.0569 -0.9984 -0.0000
vn 0.0006 -1.0000 -0.0000
vn -0.0541 -0.9985 -0.0000
vn -0.1164 -0.9932 -0.0000
vn -0.1889 -0.9820 -0.0000
vn -0.2727 -0.9621 -0.0000
vn -0.3677 -0.9299 -0.0000
vn -0.4724 -0.8814 -0.0000
vn -0.5826 -0.8128 -0.0000
vn -0.6913 -0.7226 -0.0000
vn -0.7901 -0.6130 -0.0000
vn -0.8714 -0.4906 -0.0000
vn -0.9313 -0.3644 -0.0000
vn -0.9725 -0.2330 -0.0000
vn -0.0311 0.9995 -0.0000
vn -0.1224 0.9925 -0.0000
vn -0.2374 0.9714 -0.0000
vn -0.3410 0.9401 -0.0000
vn -0.4320 0.9019 -0.0000
vn -0.5105 0.8599 -0.0000
vn -0.5775 0.8164 -0.0000
vn -0.6346 0.7729 -0.0000
vn -0.6831 0.7303 -0.0000
vn -0.7246 0.6892 -0.0000
vn -0.7604 0.6495 -0.0000
vn -0.7975 0.6033 -0.0000
vn -0.7573 0.6530 -0.0000
vn -0.6884 0.7253 -0.0000
vn -0.6139 0.7894 -0.0000
vn -0.5359 0.8443 -0.0000
vn -0.4570 0.8895 -0.0000
vn -0.3791 0.9253 -0.0000
vn -0.3042 0.9526 -0.0000
vn -0.2334 0.9724 -0.0000
vn -0.1674 0.9859 -0.0000
vn -0.1066 0.9943 -0.0000
vn -0.0510 0.9987 -0.0000
vn 0.0038 1.0000 -0.0000
vn 0.0697 0.9976 -0.0000
vn 0.1493 0.9888 -0.0000
vn 0.2380 0.9713 -0.0000
vn 0.3361 0.9418 -0.0000
vn 0.4415 0.8973 -0.0000
vn 0.5503 0.8350 -0.0000
vn 0.6570 0.7539 -0.0000
vn 0.7550 0.6557 -0.0000
vn 0.8385 0.5449 -0.0000
vn 0.9039 0.4278 -0.0000
vn 0.9504 0.3109 -0.0000
vn 0.9822 0.1878 -0.0000
vn 0.9990 0.0447 -0.0000
vn 0.9940 -0.1093 -0.0000
vn 0.9661 -0.2581 -0.0000
vn 0.9173 -0.3981 -0.0000
vn 0.8494 -0.5277 -0.0000
vn 0.8494 -0.5278 -0.0000
vn 0.7654 -0.6436 -0.0000
vn 0.6665 -0.7455 -0.0000
vn 0.5532 -0.8330 -0.0000
vn 0.4281 -0.9037 -0.0000
vn 0.2922 -0.9563 -0.0000
vn 0.1480 -0.9890 -0.0000
vn 0.1481 -0.9890 -0.0000
vn 0.0371 -0.9993 -0.0000
vn 0.0338 -0.9994 -0.0000
vn 0.2646 -0.9644 -0.0000
vn 0.3892 -0.9211 -0.0000
vn 0.6114 -0.7913 -0.0000
vn 0.7910 -0.6119 -0.0000
vn 0.8631 -0.5051 -0.0000
vn 0.7909 -0.6119 -0.0000
vn 0.9642 -0.2652 -0.0000
vn 0.9910 -0.1339 -0.0000
vn 0.9994 -0.0333 -0.0000
vn 0.9998 0.0178 -0.0000
vn 0.9969 0.0782 -0.0000
vn 0.9847 0.1745 -0.0000
vn 0.9564 0.2921 -0.0000
vn 0.9045 0.4264 -0.0000
vn 0.8232 0.5678 -0.0000
vn 0.7125 0.7017 -0.0000
vn 0.5808 0.8141 -0.0000
vn 0.4418 0.8971 -0.0000
vn 0.3086 0.9512 -0.0000
vn 0.1895 0.9819 -0.0000
vn 0.0872 0.9962 -0.0000
vn 0.0202 0.9998 -0.0000
vn -0.0189 0.9998 -0.0000
vn -0.0813 0.9967 -0.0000
vn -0.1758 0.9844 -0.0000
vn -0.2856 0.9583 -0.0000
vn -0.4091 0.9125 -0.0000
vn -0.5408 0.8412 -0.0000
vn -0.6706 0.7418 -0.0000
vn -0.7862 0.6180 -0.0000
vn -0.8773 0.4799 -0.0000
vn -0.9402 0.3406 -0.0000
vn -0.9774 0.2112 -0.0000
vn -0.0000 0.0002 1.0000
vn -0.0000 -0.0003 1.0000
vn -0.9952 0.0980 -0.0000
vn -0.9997 0.0230 -0.0000
vn -0.9997 -0.0246 -0.0000
vn -0.9947 -0.1032 -0.0000
vn -0.9757 -0.2190 -0.0000
vn -0.9375 -0.3480 -0.0000
vn -0.8748 -0.4846 -0.0000
vn -0.7855 -0.6189 -0.0000
vn -0.6730 -0.7397 -0.0000
vn -0.5462 -0.8377 -0.0000
vn -0.4163 -0.9092 -0.0000
vn -0.5462 -0.8376 -0.0000
vn -0.2928 -0.9562 -0.0000
vn -0.1814 -0.9834 -0.0000
vn -0.0843 -0.9964 -0.0000
vn -0.0197 -0.9998 -0.0000
vn 0.0164 -0.9999 -0.0000
vn 0.0706 -0.9975 -0.0000
vn 0.1529 -0.9882 -0.0000
vn 0.2494 -0.9684 -0.0000
vn 0.3606 -0.9327 -0.0000
vn 0.4838 -0.8752 -0.0000
vn 0.6125 -0.7905 -0.0000
vn 0.7357 -0.6773 -0.0000
vn 0.8410 -0.5411 -0.0000
vn 0.9192 -0.3937 -0.0000
vn 0.9685 -0.2488 -0.0000
vn 0.9931 -0.1172 -0.0000
vn 1.0000 0.0065 -0.0000
vn 0.9908 0.1353 -0.0000
vn 0.9645 0.2642 -0.0000
vn 0.8301 0.5576 -0.0000
vn 0.4443 0.8959 -0.0000
vn 0.4444 0.8958 -0.0000
vn 0.1337 0.9910 -0.0000
vn 0.1338 0.9910 -0.0000
vn 0.0001 0.0003 1.0000
vn 0.0001 0.0004 1.0000
vn -0.0002 -0.0004 1.0000
vn -0.0000 0.0005 1.0000
vn -0.0000 -0.0017 1.0000
vn -0.0000 -0.0006 1.0000
vn 0.0162 0.9999 -0.0000
vn 0.0733 0.9973 -0.0000
vn 0.1689 0.9856 -0.0000
vn 0.2938 0.9559 -0.0000
vn 0.4469 0.8946 -0.0000
vn 0.6135 0.7897 -0.0000
vn 0.7658 0.6431 -0.0000
vn 0.8785 0.4777 -0.0000
vn 0.9463 0.3233 -0.0000
vn 0.9801 0.1983 -0.0000
vn 0.9943 0.1063 -0.0000
vn 0.9991 0.0431 -0.0000
vn 1.0000 0.0090 -0.0000
vn 0.9642 -0.2653 -0.0000
vn 0.8631 -0.5050 -0.0000
vn 0.7068 -0.7075 -0.0000
vn 0.5050 -0.8631 -0.0000
vn -0.0000 -0.6937 -0.7203
vn 0.1009 -0.9949 -0.0000
vn 0.0337 -0.9994 -0.0000
vn 0.9940 -0.1090 0.0111
vn 0.9555 -0.2939 0.0231
vn 0.9999 -0.0153 0.0012
vn 0.9644 0.2645 -0.0000
vn 0.9644 0.2646 -0.0000
vn 0.9216 0.3881 -0.0000
vn 0.9217 0.3880 -0.0000
vn 0.8636 0.5042 -0.0000
vn 0.8637 0.5041 -0.0000
vn 0.7918 0.6108 -0.0000
vn 0.7077 0.7065 -0.0000
vn 0.6122 0.7907 -0.0000
vn 0.5059 0.8626 -0.0000
vn 0.5060 0.8625 -0.0000
vn 0.3895 0.9210 -0.0000
vn 0.2650 0.9642 -0.0000
vn 0.2650 0.9643 -0.0000
vn 0.1343 0.9909 -0.0000
vn 0.0335 0.9994 -0.0000
vn 0.1340 0.9910 -0.0000
vn 0.2645 0.9644 -0.0000
vn 0.3889 0.9213 -0.0000
vn 0.5050 0.8631 -0.0000
vn 0.6109 0.7917 -0.0000
vn 0.7912 0.6115 -0.0000
vn 0.8630 0.5051 -0.0000
vn 0.9642 0.2652 -0.0000
vn 0.9909 0.1344 -0.0000
vn 0.9994 0.0339 -0.0000
vn 0.9209 0.3898 -0.0000
vn 0.6114 0.7913 -0.0000
vn 0.1339 0.9910 -0.0000
vn -0.0337 0.9994 -0.0000
vn -0.1338 0.9910 -0.0000
vn -0.2646 0.9644 -0.0000
vn -0.5047 0.8633 -0.0000
vn -0.6112 0.7914 -0.0000
vn -0.7067 0.7075 -0.0000
vn -0.7912 0.6116 -0.0000
vn -0.8630 0.5053 -0.0000
vn -0.8630 0.5051 -0.0000
vn -0.9209 0.3898 -0.0000
vn -0.9642 0.2651 -0.0000
vn -0.9642 0.2652 -0.0000
vn -0.9910 0.1338 -0.0000
vn -0.9212 0.3891 -0.0000
vn -0.9212 0.3892 -0.0000
vn -0.8631 0.5051 -0.0000
vn -0.7909 0.6119 -0.0000
vn -0.6112 0.7915 -0.0000
vn -0.5050 0.8631 -0.0000
vn -0.1341 0.9910 -0.0000
vn -0.0000 0.0052 1.0000
vn -0.0000 -0.0050 1.0000
vn -0.0000 0.0055 1.0000
vn -0.0000 0.0093 1.0000
vn -0.0000 0.0015 1.0000
vn -0.0001 0.0001 1.0000
vn -0.0002 -0.0002 1.0000
vn 0.0005 -0.0004 1.0000
vn -0.0044 -0.0031 1.0000
vn 0.0021 0.0033 1.0000
vn 0.0014 0.0017 1.0000
vn 0.0010 -0.0005 1.0000
vn 0.0022 -0.0000 1.0000
vn -0.0019 0.0033 1.0000
vn -0.0003 0.0001 1.0000
vn -0.0004 0.0020 1.0000
vn 0.0008 -0.0032 1.0000
vn -0.0000 0.0063 1.0000
vn 0.0001 -0.8786 0.4776
vn -0.2640 0.9645 -0.0000
vn -0.1337 0.9910 -0.0000
vn -0.2641 0.9645 -0.0000
vn -0.3882 0.9216 -0.0000
vn -0.5045 0.8634 -0.0000
vn -0.5046 0.8634 -0.0000
vn -0.6107 0.7919 -0.0000
vn -0.6106 0.7919 -0.0000
vn -0.7065 0.7077 -0.0000
vn -0.7909 0.6120 -0.0000
vn -0.8627 0.5057 -0.0000
vn -0.9994 -0.0333 -0.0000
vn -0.9910 -0.1339 -0.0000
vn -0.9642 -0.2651 -0.0000
vn -0.9642 -0.2652 -0.0000
vn -0.9211 -0.3892 -0.0000
vn -0.9212 -0.3892 -0.0000
vn -0.8627 -0.5057 -0.0000
vn -0.8628 -0.5055 -0.0000
vn -0.7909 -0.6120 -0.0000
vn -0.7065 -0.7077 -0.0000
vn -0.6108 -0.7918 -0.0000
vn -0.6107 -0.7918 -0.0000
vn -0.5048 -0.8633 -0.0000
vn -0.5048 -0.8632 -0.0000
vn -0.3883 -0.9215 -0.0000
vn -0.3884 -0.9215 -0.0000
vn -0.2641 -0.9645 -0.0000
vn -0.1337 -0.9910 -0.0000
vn -0.0336 -0.9994 -0.0000
vn -0.0002 -0.0001 1.0000
vn 0.0011 -0.0003 1.0000
vn -0.0000 -0.0005 1.0000
vn -0.0005 -0.0029 1.0000
vn 0.0011 -0.0001 1.0000
vn -0.0008 -0.0031 1.0000
vn 0.0045 0.0016 1.0000
vn -0.0023 -0.0000 1.0000
vn 0.0022 -0.0032 1.0000
vn -0.0008 0.0030 1.0000
vn -0.0006 -0.0019 1.0000
vn 0.0007 0.0019 1.0000
vn -0.0025 -0.0065 1.0000
vn 0.0003 -0.0000 1.0000
vn 0.0007 0.0001 1.0000
vn 0.0020 0.0032 1.0000
vn 0.0024 0.0015 1.0000
vn -0.0008 -1.0000 -0.0000
vn -0.0337 -0.9994 -0.0000
vn -0.0335 -0.9994 -0.0000
vn -0.1014 -0.9948 -0.0000
vn -0.0000 -0.0051 1.0000
vn -0.0000 -0.0044 1.0000
vn -0.0000 -0.0046 1.0000
vn -0.0000 -0.0055 1.0000
vn -0.1342 -0.9910 -0.0000
vn -0.2647 -0.9643 -0.0000
vn -0.2646 -0.9644 -0.0000
vn -0.3892 -0.9212 -0.0000
vn -0.3891 -0.9212 -0.0000
vn -0.5052 -0.8630 -0.0000
vn -0.5053 -0.8630 -0.0000
vn -0.6111 -0.7916 -0.0000
vn -0.7068 -0.7074 -0.0000
vn -0.7912 -0.6115 -0.0000
vn -0.8631 -0.5050 -0.0000
vn -0.8631 -0.5051 -0.0000
vn -0.9642 -0.2653 -0.0000
vn -0.9909 -0.1345 -0.0000
vn -0.9994 -0.0339 -0.0000
vn -0.9998 -0.0212 -0.0000
vn -0.9959 -0.0901 -0.0000
vn -0.9813 -0.1922 -0.0000
vn -0.9515 -0.3077 -0.0000
vn -0.9011 -0.4335 -0.0000
vn -0.8262 -0.5633 -0.0000
vn -0.7261 -0.6876 -0.0000
vn -0.6053 -0.7960 -0.0000
vn -0.4730 -0.8811 -0.0000
vn -0.3396 -0.9406 -0.0000
vn -0.3395 -0.9406 -0.0000
vn -0.2137 -0.9769 -0.0000
vn -0.1006 -0.9949 -0.0000
vn -0.0237 -0.9997 -0.0000
vn -0.0000 -0.0007 1.0000
vn -0.0000 0.0006 1.0000
vn -0.0000 0.0009 1.0000
vn 0.9950 0.1000 -0.0000
vn 0.9734 0.2292 -0.0000
vn 0.9219 0.3874 -0.0000
vn 0.8304 0.5572 -0.0000
vn 0.7025 0.7117 -0.0000
vn 0.5580 0.8299 -0.0000
vn 0.4196 0.9077 -0.0000
vn 0.3013 0.9535 -0.0000
vn 0.2062 0.9785 -0.0000
vn 0.1319 0.9913 -0.0000
vn 0.0744 0.9972 -0.0000
vn 0.0380 0.9993 -0.0000
vn 0.0389 0.9992 -0.0000
vn 0.0695 0.9976 -0.0000
vn 0.1107 0.9939 -0.0000
vn 0.1633 0.9866 -0.0000
vn 0.2311 0.9729 -0.0000
vn 0.3184 0.9480 -0.0000
vn 0.4289 0.9033 -0.0000
vn 0.5626 0.8267 -0.0000
vn 0.4290 0.9033 -0.0000
vn 0.7088 0.7054 -0.0000
vn 0.8433 0.5374 -0.0000
vn 0.9392 0.3432 -0.0000
vn 0.9875 0.1576 -0.0000
vn 1.0000 0.0073 -0.0000
vn 0.9892 -0.1464 -0.0000
vn 0.9407 -0.3393 -0.0000
vn 0.8389 -0.5443 -0.0000
vn 0.6904 -0.7235 -0.0000
vn 0.5283 -0.8491 -0.0000
vn 0.3836 -0.9235 -0.0000
vn 0.2682 -0.9634 -0.0000
vn 0.1807 -0.9835 -0.0000
vn 0.1153 -0.9933 -0.0000
vn 0.0663 -0.9978 -0.0000
vn 0.0292 -0.9996 -0.0000
vn -0.0071 -1.0000 -0.0000
vn -0.0610 -0.9981 -0.0000
vn -0.1345 -0.9909 -0.0000
vn -0.2222 -0.9750 -0.0000
vn -0.3259 -0.9454 -0.0000
vn -0.4452 -0.8955 -0.0000
vn -0.5745 -0.8185 -0.0000
vn -0.7030 -0.7112 -0.0000
vn -0.8155 -0.5787 -0.0000
vn -0.8156 -0.5787 -0.0000
vn -0.9003 -0.4354 -0.0000
vn -0.9538 -0.3004 -0.0000
vn -0.9817 -0.1907 -0.0000
vn -0.9896 -0.1439 -0.0000
vn 0.0333 -0.9994 -0.0000
vn 0.1336 -0.9910 -0.0000
vn 0.2644 -0.9644 -0.0000
vn 0.3889 -0.9213 -0.0000
vn 0.2643 -0.9644 -0.0000
vn 0.3890 -0.9212 -0.0000
vn 0.6117 -0.7911 -0.0000
vn 0.7075 -0.7068 -0.0000
vn 0.7075 -0.7067 -0.0000
vn 0.7919 -0.6107 -0.0000
vn 0.8636 -0.5042 -0.0000
vn 0.8636 -0.5041 -0.0000
vn 0.9216 -0.3881 -0.0000
vn 0.9644 -0.2646 -0.0000
vn 0.9644 -0.2645 -0.0000
vn 0.9995 0.0330 -0.0000
vn 0.9898 0.1422 -0.0000
vn 0.9529 0.3031 -0.0000
vn 0.8810 0.4730 -0.0000
vn 0.7748 0.6322 -0.0000
vn 0.6464 0.7630 -0.0000
vn 0.5132 0.8582 -0.0000
vn 0.2810 0.9597 -0.0000
vn 0.1900 0.9818 -0.0000
vn 0.1146 0.9934 -0.0000
vn 0.0524 0.9986 -0.0000
vn 0.0121 0.9999 -0.0000
vn -0.0116 0.9999 -0.0000
vn -0.0503 0.9987 -0.0000
vn -0.1109 0.9938 -0.0000
vn -0.1856 0.9826 -0.0000
vn -0.2775 0.9607 -0.0000
vn -0.3886 0.9214 -0.0000
vn -0.5177 0.8555 -0.0000
vn -0.6565 0.7543 -0.0000
vn -0.7881 0.6155 -0.0000
vn -0.7882 0.6155 -0.0000
vn -0.8930 0.4501 -0.0000
vn -0.9599 0.2803 -0.0000
vn -0.9918 0.1280 -0.0000
vn -0.9996 0.0292 -0.0000
vn -0.9996 -0.0287 -0.0000
vn -0.9926 -0.1218 -0.0000
vn -0.9660 -0.2584 -0.0000
vn -0.9138 -0.4061 -0.0000
vn -0.8329 -0.5535 -0.0000
vn -0.7270 -0.6866 -0.0000
vn -0.6063 -0.7952 -0.0000
vn -0.4830 -0.8756 -0.0000
vn -0.3667 -0.9303 -0.0000
vn -0.2629 -0.9648 -0.0000
vn -0.1731 -0.9849 -0.0000
vn -0.0967 -0.9953 -0.0000
vn -0.0440 -0.9990 -0.0000
vn -0.0322 -0.9995 -0.0000
vn -0.0571 -0.9984 -0.0000
vn -0.1010 -0.9949 -0.0000
vn -0.1585 -0.9874 -0.0000
vn -0.2344 -0.9721 -0.0000
vn -0.3339 -0.9426 -0.0000
vn -0.4603 -0.8878 -0.0000
vn -0.6093 -0.7929 -0.0000
vn -0.7611 -0.6486 -0.0000
vn -0.8849 -0.4657 -0.0000
vn -0.9605 -0.2783 -0.0000
vn -0.9927 -0.1203 -0.0000
vn -0.9997 -0.0259 -0.0000
vn -0.9996 0.0281 -0.0000
vn -0.9910 0.1337 -0.0000
vn -0.9536 0.3011 -0.0000
vn -0.8753 0.4836 -0.0000
vn -0.7559 0.6547 -0.0000
vn -0.6136 0.7896 -0.0000
vn -0.4724 0.8814 -0.0000
vn -0.3478 0.9376 -0.0000
vn -0.2449 0.9696 -0.0000
vn -0.1622 0.9868 -0.0000
vn -0.0963 0.9954 -0.0000
vn -0.0435 0.9991 -0.0000
vn -0.0100 1.0000 -0.0000
vn 0.0175 0.9998 -0.0000
vn 0.0765 0.9971 -0.0000
vn 0.1662 0.9861 -0.0000
vn 0.2698 0.9629 -0.0000
vn 0.3867 0.9222 -0.0000
vn 0.5125 0.8587 -0.0000
vn 0.6387 0.7694 -0.0000
vn 0.7542 0.6566 -0.0000
vn 0.8488 0.5287 -0.0000
vn 0.9174 0.3979 -0.0000
vn 0.9611 0.2763 -0.0000
vn 0.9850 0.1726 -0.0000
vn 0.9907 0.1360 -0.0000
vn 0.9782 0.2076 -0.0000
vn 0.9450 0.3270 -0.0000
vn 0.8981 0.4397 -0.0000
vn 0.8981 0.4398 -0.0000
vn 0.8386 0.5447 -0.0000
vn 0.7672 0.6414 -0.0000
vn 0.7673 0.6413 -0.0000
vn 0.6844 0.7291 -0.0000
vn 0.5910 0.8067 -0.0000
vn 0.4877 0.8730 -0.0000
vn 0.4878 0.8730 -0.0000
vn 0.3752 0.9269 -0.0000
vn 0.2550 0.9669 -0.0000
vn 0.2549 0.9670 -0.0000
vn 0.1289 0.9917 -0.0000
vn 0.1288 0.9917 -0.0000
vn 0.0322 0.9995 -0.0000
vn -0.6109 0.7917 -0.0000
vn -0.7067 0.7076 -0.0000
vn -0.7910 0.6119 -0.0000
vn -0.8628 0.5056 -0.0000
vn -0.9643 0.2648 -0.0000
vn -0.9910 0.1342 -0.0000
vn -0.9999 0.0100 -0.0000
vn -0.9947 -0.1033 -0.0000
vn -0.9739 -0.2271 -0.0000
vn -0.9288 -0.3705 -0.0000
vn -0.8532 -0.5217 -0.0000
vn -0.7475 -0.6643 -0.0000
vn -0.6211 -0.7837 -0.0000
vn -0.4883 -0.8727 -0.0000
vn -0.3616 -0.9323 -0.0000
vn -0.2485 -0.9686 -0.0000
vn -0.1513 -0.9885 -0.0000
vn -0.0695 -0.9976 -0.0000
vn -0.0161 -0.9999 -0.0000
vn 0.0120 -0.9999 -0.0000
vn 0.0524 -0.9986 -0.0000
vn 0.1157 -0.9933 -0.0000
vn 0.1940 -0.9810 -0.0000
vn 0.2903 -0.9569 -0.0000
vn 0.4063 -0.9137 -0.0000
vn 0.5394 -0.8421 -0.0000
vn 0.6793 -0.7339 -0.0000
vn 0.8075 -0.5898 -0.0000
vn 0.9056 -0.4241 -0.0000
vn 0.9656 -0.2599 -0.0000
vn 0.9996 -0.0265 -0.0000
vn 0.9998 0.0219 -0.0000
vn 0.0002 -0.0003 1.0000
vn 0.0015 -0.0002 1.0000
vn 0.0019 -0.0017 1.0000
vn -0.0007 0.0020 1.0000
vn 0.0011 -0.0000 1.0000
vn 0.0003 -0.0018 1.0000
vn -0.0000 -0.0012 1.0000
vn -0.0000 0.0011 1.0000
vn -0.9963 -0.0855 -0.0000
vn -0.9737 0.2277 -0.0000
vn -0.9738 0.2276 -0.0000
vn -0.9278 0.3730 -0.0000
vn -0.9278 0.3731 -0.0000
vn -0.8621 0.5068 -0.0000
vn -0.8620 0.5069 -0.0000
vn -0.7786 0.6276 -0.0000
vn -0.5653 0.8249 -0.0000
vn -0.2993 0.9542 -0.0000
vn -0.1516 0.9884 -0.0000
vn 0.1575 0.9875 -0.0000
vn 0.4540 0.8910 -0.0000
vn 0.5846 0.8114 -0.0000
vn 0.5845 0.8114 -0.0000
vn 0.6999 0.7142 -0.0000
vn 0.6999 0.7143 -0.0000
vn 0.7991 0.6012 -0.0000
vn 0.7990 0.6013 -0.0000
vn 0.8806 0.4739 -0.0000
vn 0.8588 -0.5122 -0.0000
vn 0.7845 -0.6201 -0.0000
vn -0.7900 -0.6130 -0.0000
vn -0.7900 -0.6131 -0.0000
vn -0.9313 -0.3643 -0.0000
vn -0.9724 -0.2335 -0.0000
vn -0.6831 0.7304 -0.0000
vn -0.7604 0.6494 -0.0000
vn -0.7574 0.6530 -0.0000
vn 0.9823 0.1872 -0.0000
vn 0.9990 0.0439 -0.0000
vn 0.9171 -0.3986 -0.0000
vn 0.8495 -0.5275 -0.0000
vn 0.8496 -0.5275 -0.0000
vn 0.7655 -0.6434 -0.0000
vn 0.6663 -0.7457 -0.0000
vn 0.5535 -0.8329 -0.0000
vn 0.4283 -0.9036 -0.0000
vn 0.5051 -0.8631 -0.0000
vn 0.6112 -0.7914 -0.0000
vn 0.7913 -0.6115 -0.0000
vn 0.9210 -0.3895 -0.0000
vn 0.9210 -0.3894 -0.0000
vn 0.9910 -0.1342 -0.0000
vn 0.9994 -0.0336 -0.0000
vn 0.0001 -0.0009 1.0000
vn -0.0000 0.0013 1.0000
vn -0.9997 -0.0245 -0.0000
vn 0.9685 -0.2489 -0.0000
vn 0.9909 0.1347 -0.0000
vn 0.9645 0.2641 -0.0000
vn 0.8298 0.5581 -0.0000
vn 0.8298 0.5580 -0.0000
vn 0.4445 0.8958 -0.0000
vn -0.0000 0.0021 1.0000
vn -0.0000 -0.0009 1.0000
vn -0.0000 0.0008 1.0000
vn -0.0000 -0.0016 1.0000
vn -0.0000 -0.0031 1.0000
vn -0.0000 0.0024 1.0000
vn -0.0000 -0.0029 1.0000
vn 0.0334 0.9994 -0.0000
vn 0.2336 -0.9723 -0.0000
vn 0.2175 -0.9761 -0.0000
vn 0.2504 -0.9681 -0.0000
vn 0.2680 -0.9634 -0.0000
vn 0.2864 -0.9581 -0.0000
vn 0.3055 -0.9522 -0.0000
vn 0.3255 -0.9455 -0.0000
vn 0.3464 -0.9381 -0.0000
vn 0.3682 -0.9298 -0.0000
vn 0.3908 -0.9205 -0.0000
vn 0.4144 -0.9101 -0.0000
vn 0.4335 -0.9012 -0.0000
vn 0.4335 -0.9011 -0.0000
vn 0.4506 -0.8927 -0.0000
vn 0.4707 -0.8823 -0.0000
vn 0.4910 -0.8712 -0.0000
vn 0.5113 -0.8594 -0.0000
vn 0.5317 -0.8469 -0.0000
vn 0.5521 -0.8338 -0.0000
vn 0.5725 -0.8199 -0.0000
vn 0.5929 -0.8053 -0.0000
vn 0.6131 -0.7900 -0.0000
vn 0.6332 -0.7740 -0.0000
vn 0.6530 -0.7573 -0.0000
vn 0.6773 -0.7357 -0.0000
vn 0.6987 -0.7155 -0.0000
vn 0.7128 -0.7013 -0.0000
vn 0.7272 -0.6864 -0.0000
vn 0.7417 -0.6707 -0.0000
vn 0.7564 -0.6541 -0.0000
vn 0.7712 -0.6366 -0.0000
vn 0.7861 -0.6181 -0.0000
vn 0.8010 -0.5987 -0.0000
vn 0.8159 -0.5782 -0.0000
vn 0.8307 -0.5567 -0.0000
vn 0.8453 -0.5342 -0.0000
vn 0.8620 -0.5069 -0.0000
vn 0.8757 -0.4828 -0.0000
vn 0.8846 -0.4664 -0.0000
vn 0.8931 -0.4500 -0.0000
vn 0.8931 -0.4499 -0.0000
vn 0.9012 -0.4334 -0.0000
vn 0.9090 -0.4168 -0.0000
vn 0.9164 -0.4002 -0.0000
vn 0.9235 -0.3836 -0.0000
vn 0.9302 -0.3670 -0.0000
vn 0.9366 -0.3505 -0.0000
vn 0.9426 -0.3340 -0.0000
vn 0.9483 -0.3175 -0.0000
vn 0.9543 -0.2988 -0.0000
vn 0.9593 -0.2824 -0.0000
vn 0.9628 -0.2703 -0.0000
vn 0.9662 -0.2576 -0.0000
vn 0.9696 -0.2446 -0.0000
vn 0.9730 -0.2310 -0.0000
vn 0.9762 -0.2169 -0.0000
vn 0.9793 -0.2023 -0.0000
vn 0.9823 -0.1871 -0.0000
vn 0.9852 -0.1714 -0.0000
vn 0.9879 -0.1550 -0.0000
vn 0.9904 -0.1380 -0.0000
vn 0.9925 -0.1220 -0.0000
vn 0.9940 -0.1092 -0.0000
vn 0.9951 -0.0985 -0.0000
vn 0.9961 -0.0879 -0.0000
vn 0.9970 -0.0775 -0.0000
vn 0.9977 -0.0672 -0.0000
vn 0.9984 -0.0571 -0.0000
vn 0.9989 -0.0472 -0.0000
vn 0.9993 -0.0375 -0.0000
vn 0.9996 -0.0279 -0.0000
vn 0.9998 -0.0184 -0.0000
vn 1.0000 -0.0091 -0.0000
vn 1.0000 -0.0023 -0.0000
vn 0.9994 0.0336 -0.0000
vn 0.9910 0.1341 -0.0000
vn 0.9643 0.2649 -0.0000
vn 0.9211 0.3893 -0.0000
vn 0.8629 0.5054 -0.0000
vn 0.7911 0.6117 -0.0000
vn 0.7070 0.7073 -0.0000
vn -0.2646 0.9643 -0.0000
vn -0.3890 0.9212 -0.0000
vn -0.6114 0.7913 -0.0000
vn -0.7071 0.7071 -0.0000
vn -0.7913 0.6115 -0.0000
vn -0.8630 0.5052 -0.0000
vn -0.9643 0.2647 -0.0000
vn -0.9910 0.1339 -0.0000
vn -0.9999 0.0110 -0.0000
vn -0.9990 0.0452 -0.0000
vn -0.9957 0.0930 -0.0000
vn -0.9896 0.1439 -0.0000
vn -0.9803 0.1975 -0.0000
vn -0.9673 0.2537 -0.0000
vn -0.9501 0.3119 -0.0000
vn -0.9283 0.3717 -0.0000
vn -0.9017 0.4324 -0.0000
vn -0.8701 0.4929 -0.0000
vn -0.8336 0.5524 -0.0000
vn -0.7925 0.6099 -0.0000
vn -0.7481 0.6636 -0.0000
vn -0.6930 0.7210 -0.0000
vn -0.6252 0.7805 -0.0000
vn -0.5540 0.8325 -0.0000
vn -0.4815 0.8764 -0.0000
vn -0.4094 0.9123 -0.0000
vn -0.3393 0.9407 -0.0000
vn -0.2723 0.9622 -0.0000
vn -0.2092 0.9779 -0.0000
vn -0.1504 0.9886 -0.0000
vn -0.0961 0.9954 -0.0000
vn -0.0462 0.9989 -0.0000
vn -0.0111 0.9999 -0.0000
vn 0.0147 0.9999 -0.0000
vn -0.0112 0.9999 -0.0000
vn 0.0645 0.9979 -0.0000
vn 0.1429 0.9897 -0.0000
vn 0.2386 0.9711 -0.0000
vn 0.3520 0.9360 -0.0000
vn 0.4791 0.8778 -0.0000
vn 0.6102 0.7922 -0.0000
vn 0.7317 0.6816 -0.0000
vn 0.8311 0.5562 -0.0000
vn 0.9027 0.4303 -0.0000
vn 0.9487 0.3162 -0.0000
vn 0.9755 0.2201 -0.0000
vn 0.9672 0.2541 -0.0000
vn 0.9315 0.3637 -0.0000
vn 0.8840 0.4674 -0.0000
vn 0.8254 0.5645 -0.0000
vn 0.7563 0.6542 -0.0000
vn 0.6772 0.7358 -0.0000
vn 0.5885 0.8085 -0.0000
vn 0.4905 0.8714 -0.0000
vn 0.3840 0.9233 -0.0000
vn 0.2700 0.9629 -0.0000
vn 0.1500 0.9887 -0.0000
vn 0.0579 0.9983 -0.0000
vn -0.0072 1.0000 -0.0000
vn -0.1096 0.9940 -0.0000
vn -0.1097 0.9940 -0.0000
vn -0.2433 0.9700 -0.0000
vn -0.3707 0.9287 -0.0000
vn -0.3707 0.9288 -0.0000
vn -0.4897 0.8719 -0.0000
vn -0.5989 0.8008 -0.0000
vn -0.6974 0.7167 -0.0000
vn -0.7841 0.6206 -0.0000
vn -0.8582 0.5134 -0.0000
vn -0.8582 0.5133 -0.0000
vn -0.9183 0.3958 -0.0000
vn -0.9630 0.2695 -0.0000
vn -0.9907 0.1364 -0.0000
vn -0.9995 0.0304 -0.0000
vn -0.9999 -0.0152 -0.0000
vn -0.9995 -0.0307 -0.0000
vn -0.9989 -0.0463 -0.0000
vn -0.9981 -0.0620 -0.0000
vn -0.9970 -0.0778 -0.0000
vn -0.9956 -0.0938 -0.0000
vn -0.9939 -0.1098 -0.0000
vn -0.9920 -0.1260 -0.0000
vn -0.9898 -0.1423 -0.0000
vn -0.9873 -0.1586 -0.0000
vn -0.9846 -0.1750 -0.0000
vn -0.9779 -0.2092 -0.0000
vn -0.9683 -0.2498 -0.0000
vn -0.9604 -0.2787 -0.0000
vn -0.9521 -0.3059 -0.0000
vn -0.9434 -0.3316 -0.0000
vn -0.9346 -0.3558 -0.0000
vn -0.0000 -0.0034 1.0000
vn -0.9256 -0.3786 -0.0000
vn -0.9165 -0.4000 -0.0000
vn -0.9074 -0.4203 -0.0000
vn -0.8983 -0.4394 -0.0000
vn -0.8893 -0.4573 -0.0000
vn -0.8804 -0.4743 -0.0000
vn -0.8640 -0.5035 -0.0000
vn -0.8438 -0.5366 -0.0000
vn -0.8277 -0.5611 -0.0000
vn -0.8109 -0.5852 -0.0000
vn -0.7933 -0.6089 -0.0000
vn -0.7932 -0.6089 -0.0000
vn -0.7749 -0.6320 -0.0000
vn -0.7749 -0.6321 -0.0000
vn -0.7559 -0.6546 -0.0000
vn -0.7363 -0.6766 -0.0000
vn -0.7162 -0.6979 -0.0000
vn -0.6956 -0.7185 -0.0000
vn -0.6745 -0.7383 -0.0000
vn -0.6531 -0.7573 -0.0000
vn -0.6185 -0.7858 -0.0000
vn -0.5777 -0.8163 -0.0000
vn -0.5450 -0.8385 -0.0000
vn -0.5134 -0.8582 -0.0000
vn -0.4540 -0.8910 -0.0000
vn -0.4263 -0.9046 -0.0000
vn -0.3999 -0.9166 -0.0000
vn -0.3747 -0.9271 -0.0000
vn -0.3508 -0.9364 -0.0000
vn -0.3282 -0.9446 -0.0000
vn -0.3067 -0.9518 -0.0000
vn -0.2841 -0.9588 -0.0000
vn -0.2580 -0.9661 -0.0000
vn -0.2304 -0.9731 -0.0000
vn -0.2036 -0.9791 -0.0000
vn -0.1776 -0.9841 -0.0000
vn -0.1525 -0.9883 -0.0000
vn -0.1282 -0.9917 -0.0000
vn -0.1048 -0.9945 -0.0000
vn -0.0822 -0.9966 -0.0000
vn -0.0605 -0.9982 -0.0000
vn -0.0396 -0.9992 -0.0000
vn -0.0194 -0.9998 -0.0000
vn -0.0048 -1.0000 -0.0000
vn 0.0036 -1.0000 -0.0000
vn 0.0145 -0.9999 -0.0000
vn 0.0294 -0.9996 -0.0000
vn 0.0447 -0.9990 -0.0000
vn 0.0604 -0.9982 -0.0000
vn 0.0765 -0.9971 -0.0000
vn 0.0931 -0.9957 -0.0000
vn 0.0932 -0.9957 -0.0000
vn 0.1102 -0.9939 -0.0000
vn 0.1277 -0.9918 -0.0000
vn 0.1457 -0.9893 -0.0000
vn 0.1640 -0.9865 -0.0000
vn 0.1456 -0.9893 -0.0000
vn 0.1829 -0.9831 -0.0000
vn 0.2010 -0.9796 -0.0000
vn -0.0011 -0.0004 1.0000
vn 0.0002 -0.0001 1.0000
vn -0.0006 0.0002 1.0000
vn 0.0004 -0.0003 1.0000
vn -0.0000 -0.0008 1.0000
vn -0.0000 0.0007 1.0000
vn -0.0003 -0.0015 1.0000
vn -0.0001 -0.0003 1.0000
vn 0.9643 -0.2648 -0.0000
vn 0.9910 -0.1340 -0.0000
vn 0.7070 -0.7072 -0.0000
vn 0.2647 -0.9643 -0.0000
vn 0.1339 -0.9910 -0.0000
vn -0.1339 -0.9910 -0.0000
vn -0.5051 -0.8631 -0.0000
vn -0.6114 -0.7913 -0.0000
vn -0.7070 -0.7072 -0.0000
vn -0.8630 -0.5052 -0.0000
vn -0.9643 -0.2648 -0.0000
vn -0.9910 -0.1340 -0.0000
vn -0.9211 0.3892 -0.0000
vn -0.7912 0.6115 -0.0000
vn 0.7070 0.7072 -0.0000
vn 0.9643 0.2648 -0.0000
vn 0.9910 0.1340 -0.0000
vn -0.9910 -0.1337 -0.0000
vn -0.9644 -0.2643 -0.0000
vn -0.9214 -0.3885 -0.0000
vn -0.8634 -0.5045 -0.0000
vn -0.7918 -0.6107 -0.0000
vn -0.7078 -0.7064 -0.0000
vn -0.6122 -0.7907 -0.0000
vn -0.5059 -0.8626 -0.0000
vn -0.3898 -0.9209 -0.0000
vn -0.2652 -0.9642 -0.0000
vn 0.1342 -0.9910 -0.0000
vn 0.2652 -0.9642 -0.0000
vn 0.3898 -0.9209 -0.0000
vn 0.5059 -0.8626 -0.0000
vn 0.6122 -0.7907 -0.0000
vn 0.7078 -0.7064 -0.0000
vn 0.7918 -0.6107 -0.0000
vn 0.8634 -0.5045 -0.0000
vn 0.9214 -0.3885 -0.0000
vn 0.9644 -0.2643 -0.0000
vn 0.9910 -0.1337 -0.0000
vn 0.9910 0.1337 -0.0000
vn 0.9644 0.2643 -0.0000
vn 0.9214 0.3885 -0.0000
vn 0.8634 0.5045 -0.0000
vn 0.7918 0.6107 -0.0000
vn 0.7078 0.7064 -0.0000
vn 0.3898 0.9209 -0.0000
vn 0.2652 0.9642 -0.0000
vn -0.1342 0.9910 -0.0000
vn -0.2652 0.9642 -0.0000
vn -0.3898 0.9209 -0.0000
vn -0.5059 0.8626 -0.0000
vn -0.6122 0.7907 -0.0000
vn -0.7078 0.7064 -0.0000
vn -0.7918 0.6107 -0.0000
vn -0.8634 0.5045 -0.0000
vn -0.9214 0.3885 -0.0000
vn -0.9644 0.2643 -0.0000
vn 0.4983 0.8670 -0.0000
vn 0.6430 0.7658 -0.0000
vn 0.6431 0.7658 -0.0000
vn 0.4982 0.8670 -0.0000
vn 0.3414 0.9399 -0.0000
vn 0.3415 0.9399 -0.0000
vn 0.1791 0.9838 -0.0000
vn 0.0159 0.9999 -0.0000
vn 0.1790 0.9838 -0.0000
vn -0.1453 0.9894 -0.0000
vn -0.1454 0.9894 -0.0000
vn -0.3030 0.9530 -0.0000
vn -0.4550 0.8905 -0.0000
vn -0.5981 0.8014 -0.0000
vn -0.7277 0.6859 -0.0000
vn -0.8375 0.5465 -0.0000
vn -0.8375 0.5464 -0.0000
vn -0.9030 0.4296 -0.0000
vn -0.9022 0.4313 -0.0000
vn -0.8333 0.5528 -0.0000
vn -0.7186 0.6954 -0.0000
vn -0.5864 0.8100 -0.0000
vn -0.4459 0.8951 -0.0000
vn -0.3035 0.9528 -0.0000
vn -0.1626 0.9867 -0.0000
vn -0.0241 0.9997 -0.0000
vn 0.1123 0.9937 -0.0000
vn 0.2472 0.9690 -0.0000
vn 0.3806 0.9248 -0.0000
vn 0.3806 0.9247 -0.0000
vn 0.5113 0.8594 -0.0000
vn 0.5988 0.8009 -0.0000
vn 0.6103 0.7922 -0.0000
vn 0.5848 0.8112 -0.0000
vn 0.5586 0.8294 -0.0000
vn 0.5319 0.8468 -0.0000
vn 0.4770 0.8789 -0.0000
vn 0.4487 0.8937 -0.0000
vn 0.4200 0.9075 -0.0000
vn 0.3908 0.9205 -0.0000
vn 0.3611 0.9325 -0.0000
vn 0.3311 0.9436 -0.0000
vn 0.2959 0.9552 -0.0000
vn 0.2506 0.9681 -0.0000
vn 0.2000 0.9798 -0.0000
vn 0.1489 0.9888 -0.0000
vn 0.0976 0.9952 -0.0000
vn 0.0462 0.9989 -0.0000
vn -0.0054 1.0000 -0.0000
vn -0.0569 0.9984 -0.0000
vn -0.1083 0.9941 -0.0000
vn -0.1084 0.9941 -0.0000
vn -0.1596 0.9872 -0.0000
vn -0.2105 0.9776 -0.0000
vn -0.2610 0.9653 -0.0000
vn -0.3109 0.9504 -0.0000
vn -0.3600 0.9329 -0.0000
vn -0.4081 0.9129 -0.0000
vn -0.4549 0.8905 -0.0000
vn -0.5005 0.8657 -0.0000
vn -0.5447 0.8386 -0.0000
vn -0.5874 0.8093 -0.0000
vn -0.6286 0.7777 -0.0000
vn -0.6681 0.7440 -0.0000
vn -0.7060 0.7082 -0.0000
vn -0.7420 0.6704 -0.0000
vn -0.7761 0.6306 -0.0000
vn -0.8082 0.5890 -0.0000
vn -0.8380 0.5456 -0.0000
vn -0.8655 0.5009 -0.0000
vn -0.8906 0.4548 -0.0000
vn -0.9132 0.4076 -0.0000
vn -0.9332 0.3593 -0.0000
vn -0.9507 0.3100 -0.0000
vn -0.9657 0.2598 -0.0000
vn -0.9779 0.2089 -0.0000
vn -0.9876 0.1572 -0.0000
vn -0.9945 0.1051 -0.0000
vn -0.9986 0.0525 -0.0000
vn -0.9999 0.0130 -0.0000
vn -0.9999 -0.0157 -0.0000
vn -0.9980 -0.0625 -0.0000
vn -0.9922 -0.1243 -0.0000
vn -0.9827 -0.1852 -0.0000
vn -0.9827 -0.1853 -0.0000
vn -0.9694 -0.2456 -0.0000
vn -0.9693 -0.2457 -0.0000
vn -0.9525 -0.3045 -0.0000
vn -0.9525 -0.3047 -0.0000
vn -0.9320 -0.3624 -0.0000
vn -0.9078 -0.4193 -0.0000
vn -0.9079 -0.4192 -0.0000
vn -0.8495 -0.5275 -0.0000
vn -0.8496 -0.5275 -0.0000
vn -0.8152 -0.5792 -0.0000
vn -0.8152 -0.5791 -0.0000
vn -0.7776 -0.6288 -0.0000
vn -0.7776 -0.6287 -0.0000
vn -0.7192 -0.6949 -0.0000
vn -0.7191 -0.6949 -0.0000
vn -0.6124 -0.7906 -0.0000
vn -0.6123 -0.7906 -0.0000
vn -0.4685 -0.8835 -0.0000
vn -0.3141 -0.9494 -0.0000
vn -0.3142 -0.9494 -0.0000
vn -0.1553 -0.9879 -0.0000
vn 0.0040 -1.0000 -0.0000
vn 0.1610 -0.9870 -0.0000
vn 0.0039 -1.0000 -0.0000
vn 0.1611 -0.9869 -0.0000
vn 0.3142 -0.9494 -0.0000
vn 0.4616 -0.8871 -0.0000
vn 0.6003 -0.7998 -0.0000
vn 0.4615 -0.8871 -0.0000
vn 0.7260 -0.6876 -0.0000
vn 0.7260 -0.6877 -0.0000
vn 0.8331 -0.5531 -0.0000
vn 0.8977 -0.4407 -0.0000
vn 0.9161 -0.4009 -0.0000
vn 0.9199 -0.3920 -0.0000
vn 0.9297 -0.3682 -0.0000
vn 0.9418 -0.3361 -0.0000
vn 0.9528 -0.3037 -0.0000
vn 0.9626 -0.2710 -0.0000
vn 0.9713 -0.2378 -0.0000
vn 0.9789 -0.2044 -0.0000
vn 0.9853 -0.1708 -0.0000
vn 0.9906 -0.1370 -0.0000
vn 0.9947 -0.1029 -0.0000
vn 0.9976 -0.0687 -0.0000
vn 0.9994 -0.0344 -0.0000
vn 1.0000 0.0028 -0.0000
vn 0.9990 0.0453 -0.0000
vn 0.9960 0.0898 -0.0000
vn 0.9845 0.1756 -0.0000
vn 0.9762 0.2168 -0.0000
vn 0.9665 0.2567 -0.0000
vn 0.9554 0.2953 -0.0000
vn 0.9431 0.3326 -0.0000
vn 0.9295 0.3688 -0.0000
vn 0.9149 0.4036 -0.0000
vn 0.8994 0.4372 -0.0000
vn 0.8938 0.4485 -0.0000
vn 0.9089 0.4170 -0.0000
vn 0.9313 0.3643 -0.0000
vn 0.9500 0.3124 -0.0000
vn 0.9650 0.2621 -0.0000
vn 0.9856 0.1692 -0.0000
vn 0.9918 0.1276 -0.0000
vn 0.9960 0.0895 -0.0000
vn 0.9985 0.0553 -0.0000
vn 0.9997 0.0250 -0.0000
vn 1.0000 -0.0014 -0.0000
vn 0.9995 -0.0308 -0.0000
vn 0.9975 -0.0710 -0.0000
vn 0.9931 -0.1171 -0.0000
vn 0.9866 -0.1629 -0.0000
vn 0.9781 -0.2082 -0.0000
vn 0.9675 -0.2530 -0.0000
vn 0.9548 -0.2972 -0.0000
vn 0.9401 -0.3408 -0.0000
vn 0.9049 -0.4257 -0.0000
vn 0.8843 -0.4669 -0.0000
vn 0.8618 -0.5072 -0.0000
vn 0.8375 -0.5465 -0.0000
vn 0.8114 -0.5845 -0.0000
vn 0.7836 -0.6212 -0.0000
vn 0.7543 -0.6565 -0.0000
vn 0.7234 -0.6904 -0.0000
vn 0.6911 -0.7227 -0.0000
vn 0.6574 -0.7535 -0.0000
vn 0.6224 -0.7827 -0.0000
vn 0.5860 -0.8103 -0.0000
vn 0.5485 -0.8362 -0.0000
vn 0.5097 -0.8603 -0.0000
vn 0.4698 -0.8828 -0.0000
vn 0.4289 -0.9033 -0.0000
vn 0.3872 -0.9220 -0.0000
vn 0.3447 -0.9387 -0.0000
vn 0.3016 -0.9534 -0.0000
vn 0.2579 -0.9662 -0.0000
vn 0.2138 -0.9769 -0.0000
vn 0.1693 -0.9856 -0.0000
vn 0.1245 -0.9922 -0.0000
vn 0.0794 -0.9968 -0.0000
vn 0.0341 -0.9994 -0.0000
vn -0.0114 -0.9999 -0.0000
vn -0.0569 -0.9984 -0.0000
vn -0.1024 -0.9947 -0.0000
vn -0.1477 -0.9890 -0.0000
vn -0.1926 -0.9813 -0.0000
vn -0.2371 -0.9715 -0.0000
vn -0.2810 -0.9597 -0.0000
vn -0.3242 -0.9460 -0.0000
vn -0.3669 -0.9303 -0.0000
vn -0.3668 -0.9303 -0.0000
vn -0.4087 -0.9127 -0.0000
vn -0.4498 -0.8931 -0.0000
vn -0.4900 -0.8717 -0.0000
vn -0.5293 -0.8484 -0.0000
vn -0.5676 -0.8233 -0.0000
vn -0.6047 -0.7964 -0.0000
vn -0.6407 -0.7678 -0.0000
vn -0.6752 -0.7376 -0.0000
vn -0.7083 -0.7059 -0.0000
vn -0.7399 -0.6728 -0.0000
vn -0.7699 -0.6382 -0.0000
vn -0.7983 -0.6023 -0.0000
vn -0.8250 -0.5651 -0.0000
vn -0.8501 -0.5267 -0.0000
vn -0.8733 -0.4871 -0.0000
vn -0.8948 -0.4464 -0.0000
vn -0.9145 -0.4046 -0.0000
vn -0.9322 -0.3619 -0.0000
vn -0.9480 -0.3183 -0.0000
vn -0.9617 -0.2742 -0.0000
vn -0.9733 -0.2295 -0.0000
vn -0.9829 -0.1844 -0.0000
vn -0.9903 -0.1389 -0.0000
vn -0.9957 -0.0932 -0.0000
vn -0.9989 -0.0472 -0.0000
vn -1.0000 -0.0012 -0.0000
vn -0.9990 0.0450 -0.0000
vn -0.9958 0.0911 -0.0000
vn -0.9906 0.1370 -0.0000
vn -0.9832 0.1828 -0.0000
vn -0.9736 0.2282 -0.0000
vn -0.9736 0.2281 -0.0000
vn -0.9620 0.2729 -0.0000
vn -0.9484 0.3170 -0.0000
vn -0.9328 0.3603 -0.0000
vn -0.9153 0.4028 -0.0000
vn -0.8958 0.4444 -0.0000
vn -0.8745 0.4851 -0.0000
vn -0.8513 0.5247 -0.0000
vn -0.8263 0.5632 -0.0000
vn -0.7996 0.6006 -0.0000
vn -0.7711 0.6367 -0.0000
vn -0.7362 0.6767 -0.0000
vn -0.6961 0.7180 -0.0000
vn -0.6632 0.7485 -0.0000
vn -0.6371 0.7708 -0.0000
vn -0.6103 0.7922 -0.0000
vn -0.5829 0.8126 -0.0000
vn -0.5547 0.8320 -0.0000
vn -0.5260 0.8505 -0.0000
vn -0.4967 0.8679 -0.0000
vn -0.4668 0.8844 -0.0000
vn -0.4363 0.8998 -0.0000
vn -0.4053 0.9142 -0.0000
vn -0.3739 0.9275 -0.0000
vn -0.3419 0.9397 -0.0000
vn -0.3096 0.9509 -0.0000
vn -0.2769 0.9609 -0.0000
vn -0.2440 0.9698 -0.0000
vn -0.2109 0.9775 -0.0000
vn -0.1775 0.9841 -0.0000
vn -0.1439 0.9896 -0.0000
vn -0.1102 0.9939 -0.0000
vn -0.0764 0.9971 -0.0000
vn -0.0424 0.9991 -0.0000
vn -0.0083 1.0000 -0.0000
vn 0.0257 0.9997 -0.0000
vn 0.0598 0.9982 -0.0000
vn 0.0938 0.9956 -0.0000
vn 0.1277 0.9918 -0.0000
vn 0.1614 0.9869 -0.0000
vn 0.1949 0.9808 -0.0000
vn 0.2282 0.9736 -0.0000
vn 0.2612 0.9653 -0.0000
vn 0.2939 0.9558 -0.0000
vn 0.3262 0.9453 -0.0000
vn 0.3583 0.9336 -0.0000
vn 0.3899 0.9209 -0.0000
vn 0.4212 0.9070 -0.0000
vn 0.4516 0.8922 -0.0000
vn 0.4809 0.8768 -0.0000
vn 0.5093 0.8606 -0.0000
vn 0.5371 0.8435 -0.0000
vn 0.5644 0.8255 -0.0000
vn 0.6170 0.7870 -0.0000
vn 0.6424 0.7664 -0.0000
vn 0.6671 0.7450 -0.0000
vn 0.6911 0.7228 -0.0000
vn 0.7144 0.6997 -0.0000
vn 0.7370 0.6759 -0.0000
vn 0.7479 0.6638 -0.0000
vn -0.0692 0.9976 -0.0000
vn -0.9065 0.4222 -0.0000
vn -0.9102 0.4142 -0.0000
vn -0.9211 0.3893 -0.0000
vn -0.9347 0.3554 -0.0000
vn -0.9470 0.3212 -0.0000
vn -0.9470 0.3213 -0.0000
vn -0.9580 0.2867 -0.0000
vn -0.9580 0.2866 -0.0000
vn -0.9678 0.2517 -0.0000
vn -0.9763 0.2164 -0.0000
vn -0.9835 0.1808 -0.0000
vn -0.9894 0.1450 -0.0000
vn -0.9940 0.1090 -0.0000
vn -0.9973 0.0728 -0.0000
vn -0.9993 0.0364 -0.0000
vn -1.0000 -0.0073 -0.0000
vn -0.9979 -0.0655 -0.0000
vn -0.9914 -0.1308 -0.0000
vn -0.9807 -0.1958 -0.0000
vn -0.9806 -0.1958 -0.0000
vn -0.9656 -0.2600 -0.0000
vn -0.9462 -0.3235 -0.0000
vn -0.9225 -0.3860 -0.0000
vn -0.8944 -0.4472 -0.0000
vn -0.8620 -0.5069 -0.0000
vn -0.8620 -0.5070 -0.0000
vn -0.8252 -0.5648 -0.0000
vn -0.7841 -0.6206 -0.0000
vn -0.7388 -0.6739 -0.0000
vn -0.6933 -0.7207 -0.0000
vn -0.6525 -0.7578 -0.0000
vn -0.6141 -0.7892 -0.0000
vn -0.5748 -0.8183 -0.0000
vn -0.5347 -0.8450 -0.0000
vn -0.4942 -0.8694 -0.0000
vn -0.4533 -0.8914 -0.0000
vn -0.4123 -0.9111 -0.0000
vn -0.3713 -0.9285 -0.0000
vn -0.4123 -0.9110 -0.0000
vn -0.3305 -0.9438 -0.0000
vn -0.2900 -0.9570 -0.0000
vn -0.2498 -0.9683 -0.0000
vn -0.2077 -0.9782 -0.0000
vn -0.1613 -0.9869 -0.0000
vn -0.1124 -0.9937 -0.0000
vn -0.0634 -0.9980 -0.0000
vn -0.0144 -0.9999 -0.0000
vn 0.0347 -0.9994 -0.0000
vn 0.0836 -0.9965 -0.0000
vn 0.1323 -0.9912 -0.0000
vn 0.1808 -0.9835 -0.0000
vn 0.2289 -0.9735 -0.0000
vn 0.2765 -0.9610 -0.0000
vn 0.3236 -0.9462 -0.0000
vn 0.3700 -0.9290 -0.0000
vn 0.4156 -0.9096 -0.0000
vn 0.4601 -0.8879 -0.0000
vn 0.5033 -0.8641 -0.0000
vn 0.5453 -0.8382 -0.0000
vn 0.6252 -0.7805 -0.0000
vn 0.6629 -0.7487 -0.0000
vn 0.6991 -0.7150 -0.0000
vn 0.7336 -0.6795 -0.0000
vn 0.7665 -0.6423 -0.0000
vn 0.7975 -0.6033 -0.0000
vn 0.8266 -0.5628 -0.0000
vn 0.8537 -0.5208 -0.0000
vn 0.8786 -0.4775 -0.0000
vn 0.9013 -0.4332 -0.0000
vn 0.9217 -0.3878 -0.0000
vn 0.9399 -0.3415 -0.0000
vn 0.9557 -0.2943 -0.0000
vn 0.9692 -0.2464 -0.0000
vn 0.9802 -0.1979 -0.0000
vn 0.9889 -0.1487 -0.0000
vn 0.9951 -0.0991 -0.0000
vn 0.9988 -0.0492 -0.0000
vn 0.9999 -0.0120 -0.0000
vn 0.9999 0.0149 -0.0000
vn 0.9999 0.0147 -0.0000
vn 0.9983 0.0586 -0.0000
vn 0.9983 0.0584 -0.0000
vn 0.9932 0.1162 -0.0000
vn 0.9849 0.1732 -0.0000
vn 0.9732 0.2299 -0.0000
vn 0.9583 0.2858 -0.0000
vn 0.9582 0.2860 -0.0000
vn 0.9402 0.3406 -0.0000
vn 0.9402 0.3405 -0.0000
vn 0.9190 0.3944 -0.0000
vn 0.9190 0.3942 -0.0000
vn 0.8946 0.4469 -0.0000
vn 0.8945 0.4471 -0.0000
vn 0.8673 0.4979 -0.0000
vn 0.8672 0.4980 -0.0000
vn 0.8368 0.5474 -0.0000
vn 0.8037 0.5951 -0.0000
vn 0.8036 0.5952 -0.0000
vn 0.7487 0.6629 -0.0000
vn -0.0000 0.0018 1.0000
vn 0.0002 0.0002 1.0000
vn 0.0002 0.0006 1.0000
vn 0.0004 -0.0000 1.0000
vn 0.0002 -0.0004 1.0000
vn -0.0003 0.0003 1.0000
vn -0.0001 -0.0004 1.0000
vn 0.0001 0.0009 1.0000
vn -0.0002 -0.0013 1.0000
vn 0.0003 0.0006 1.0000
vn -0.0018 -0.0014 1.0000
vn 0.0039 0.0029 1.0000
vn 0.0038 -0.0000 1.0000
vn 0.0084 -0.0000 1.0000
vn -0.2631 0.9648 -0.0000
vn -0.1325 0.9912 -0.0000
vn -0.2632 0.9647 -0.0000
vn -0.3881 0.9216 -0.0000
vn -0.5055 0.8628 -0.0000
vn -0.6130 0.7901 -0.0000
vn -0.7090 0.7052 -0.0000
vn -0.7930 0.6092 -0.0000
vn -0.8650 0.5017 -0.0000
vn -0.9230 0.3848 -0.0000
vn -0.9653 0.2611 -0.0000
vn -0.9913 0.1315 -0.0000
vn -0.9913 0.1314 -0.0000
vn -0.9995 0.0327 -0.0000
vn 0.9994 0.0351 -0.0000
vn 0.9905 0.1375 -0.0000
vn 0.9628 0.2702 -0.0000
vn 0.9628 0.2703 -0.0000
vn 0.9185 0.3955 -0.0000
vn 0.8597 0.5109 -0.0000
vn 0.8597 0.5108 -0.0000
vn 0.7875 0.6163 -0.0000
vn 0.7874 0.6164 -0.0000
vn 0.7039 0.7103 -0.0000
vn 0.5053 0.8629 -0.0000
vn 0.3907 0.9205 -0.0000
vn 0.2671 0.9637 -0.0000
vn 0.2670 0.9637 -0.0000
vn 0.1358 0.9907 -0.0000
vn 0.0343 0.9994 -0.0000
vn 0.0001 -0.0003 1.0000
vn -0.0002 -0.0000 1.0000
vn 0.0045 -0.0016 1.0000
vn 0.0008 -0.0031 1.0000
vn -0.0001 0.0005 1.0000
vn -0.0330 0.9995 -0.0000
vn -0.0000 0.0046 1.0000
vn -0.0000 0.0042 1.0000
vn 0.7480 0.6638 -0.0000
vn -0.0000 -0.0013 1.0000
vn -0.0000 -0.0010 1.0000
vn -0.0000 -0.0019 1.0000
vn -0.0000 0.0064 1.0000
vn -0.0000 0.0043 1.0000
vn -0.0000 0.0437 0.9990
vn -0.0000 0.0342 0.9994
vn -0.0000 -0.1696 0.9855
vn -0.0000 0.0121 0.9999
vn -0.0000 0.0040 1.0000
vn 0.0007 -1.0000 -0.0000
vn -0.0000 -0.0025 1.0000
vn -0.0000 0.0041 1.0000
vn -0.0000 -0.0124 0.9999
vn -0.0000 0.0056 1.0000
vn -0.0000 -0.0123 0.9999
vn -0.0000 0.0079 1.0000
vn -0.0000 -0.8043 0.5942
vn -0.0329 0.9995 -0.0000
vn -0.0000 -0.0063 -1.0000
vn -0.0000 -0.0943 -0.9955
vn -0.0000 0.0061 -1.0000
vn -0.0000 -0.0029 -1.0000
vn -0.0000 0.0002 -1.0000
vn -0.0000 -0.0030 -1.0000
vn -0.0000 0.0009 -1.0000
vn -0.0000 0.0008 -1.0000
vn -0.0000 -0.0056 -1.0000
vn -0.0000 -0.0079 -1.0000
vn -0.0022 -0.0010 1.0000
vn -0.0000 0.0007 -1.0000
vn -0.0000 -0.0022 -1.0000
vn -0.0000 -0.0005 -1.0000
vn -0.0002 -0.0009 -1.0000
vn -0.0006 -0.0015 -1.0000
vn -0.0003 -0.0000 -1.0000
vn 0.0001 -0.0003 -1.0000
vn -0.0004 -0.0000 -1.0000
vn 0.0003 -0.0003 -1.0000
vn 0.0015 -0.0010 -1.0000
vn -0.0014 0.0010 -1.0000
vn -0.0001 0.0001 -1.0000
vn -0.0000 -0.0032 -1.0000
vn -0.0000 -0.0009 -1.0000
vn -0.0001 -0.0000 -1.0000
vn 0.0002 0.0001 -1.0000
vn 0.0005 0.0003 -1.0000
vn 0.0001 -0.0001 -1.0000
vn -0.0011 0.0010 -1.0000
vn -0.0002 0.0006 -1.0000
vn -0.0000 0.0019 -1.0000
vn -0.0000 0.0032 -1.0000
vn -0.0019 -0.0104 -0.9999
vn -0.0000 0.0012 -1.0000
vn -0.0000 0.0037 -1.0000
vn -0.0000 0.0035 -1.0000
vn -0.0000 0.0029 -1.0000
vn -0.0000 -0.0021 -1.0000
vn -0.0000 0.0010 -1.0000
vn -0.0000 -0.0010 -1.0000
vn -0.0000 0.0033 -1.0000
vn -0.0000 -0.0020 -1.0000
vn -0.0000 0.0030 -1.0000
vn -0.0000 -0.0025 -1.0000
vn 0.0009 0.0110 -0.9999
vn -0.0000 -0.0023 -1.0000
vn -0.0001 0.0006 -1.0000
vn -0.0042 0.0016 -1.0000
vn -0.0001 0.0011 -1.0000
vn -0.0000 0.0028 -1.0000
vn -0.0000 0.0015 -1.0000
vn -0.0000 -0.0011 -1.0000
vn -0.0000 0.0018 -1.0000
vn -0.0000 0.0031 -1.0000
vn -0.0000 0.0140 -0.9999
vn 0.0001 -0.0000 -1.0000
vn 0.0002 -0.0000 -1.0000
vt 0.158580 0.000000
vt 0.158974 0.000000
vt 0.104142 0.000000
vt 0.157791 0.000000
vt 0.104931 0.000000
vt 0.105325 0.000000
vt 0.158185 0.000000
vt 0.104536 0.000000
vt 0.157002 0.000000
vt 0.105720 0.000000
vt 0.106114 0.000000
vt 0.157396 0.000000
vt 0.156213 0.000000
vt 0.106509 0.000000
vt 0.106903 0.000000
vt 0.156607 0.000000
vt 0.155424 0.000000
vt 0.107692 0.000000
vt 0.108087 0.000000
vt 0.155819 0.000000
vt 0.154635 0.000000
vt 0.108481 0.000000
vt 0.108876 0.000000
vt 0.155030 0.000000
vt 0.154241 0.000000
vt 0.153846 0.000000
vt 0.109270 0.000000
vt 0.109665 0.000000
vt 0.153452 0.000000
vt 0.153057 0.000000
vt 0.110059 0.000000
vt 0.110848 0.000000
vt 0.110454 0.000000
vt 0.152663 0.000000
vt 0.152268 0.000000
vt 0.111243 0.000000
vt 0.151479 0.000000
vt 0.112032 0.000000
vt 0.112426 0.000000
vt 0.151874 0.000000
vt 0.111637 0.000000
vt 0.150690 0.000000
vt 0.112821 0.000000
vt 0.113215 0.000000
vt 0.151085 0.000000
vt 0.114004 0.000000
vt 0.150296 0.000000
vt 0.113609 0.000000
vt 0.149901 0.000000
vt 0.149112 0.000000
vt 0.114793 0.000000
vt 0.115187 0.000000
vt 0.149507 0.000000
vt 0.114398 0.000000
vt 0.134122 0.000000
vt 0.148718 0.000000
vt 0.118738 0.000000
vt 0.143984 0.000000
vt 0.143195 0.000000
vt 0.143590 0.000000
vt 0.142406 0.000000
vt 0.142801 0.000000
vt 0.142012 0.000000
vt 0.141617 0.000000
vt 0.141223 0.000000
vt 0.140039 0.000000
vt 0.140828 0.000000
vt 0.140434 0.000000
vt 0.139250 0.000000
vt 0.139645 0.000000
vt 0.138462 0.000000
vt 0.138856 0.000000
vt 0.137673 0.000000
vt 0.138067 0.000000
vt 0.137278 0.000000
vt 0.136884 0.000000
vt 0.136489 0.000000
vt 0.135306 0.000000
vt 0.136095 0.000000
vt 0.135700 0.000000
vt 0.134517 0.000000
vt 0.134911 0.000000
vt 0.129389 0.000000
vt 0.119527 0.000000
vt 0.128994 0.000000
vt 0.127811 0.000000
vt 0.128600 0.000000
vt 0.128205 0.000000
vt 0.127022 0.000000
vt 0.127416 0.000000
vt 0.126233 0.000000
vt 0.126627 0.000000
vt 0.125838 0.000000
vt 0.124655 0.000000
vt 0.125444 0.000000
vt 0.125049 0.000000
vt 0.123866 0.000000
vt 0.124260 0.000000
vt 0.123471 0.000000
vt 0.123077 0.000000
vt 0.122288 0.000000
vt 0.122682 0.000000
vt 0.121499 0.000000
vt 0.121893 0.000000
vt 0.120710 0.000000
vt 0.121105 0.000000
vt 0.119921 0.000000
vt 0.120316 0.000000
vt 0.006706 0.000000
vt 0.008284 0.000000
vt 0.015779 0.000000
vt 0.019318 0.000000
vt 0.014990 0.000000
vt 0.009467 0.000000
vt 0.005128 0.000000
vt 0.018935 0.000000
vt 0.018146 0.000000
vt 0.018540 0.000000
vt 0.017751 0.000000
vt 0.017357 0.000000
vt 0.016963 0.000000
vt 0.016568 0.000000
vt 0.016174 0.000000
vt 0.015385 0.000000
vt 0.014201 0.000000
vt 0.014596 0.000000
vt 0.009073 0.000000
vt 0.008679 0.000000
vt 0.007495 0.000000
vt 0.007889 0.000000
vt 0.007101 0.000000
vt 0.006312 0.000000
vt 0.005917 0.000000
vt 0.005523 0.000000
vt 0.001972 0.000000
vt 0.004734 0.000000
vt 0.984375 1.000000
vt 0.984375 0.000000
vt 0.968750 0.000000
vt 0.968750 1.000000
vt 0.953125 0.000000
vt 0.953125 1.000000
vt 0.937500 0.000000
vt 0.937500 1.000000
vt 0.921875 0.000000
vt 0.921875 1.000000
vt 0.906250 0.000000
vt 0.906250 1.000000
vt 0.890625 0.000000
vt 0.890625 1.000000
vt 0.875000 0.000000
vt 0.875000 1.000000
vt 0.859375 0.000000
vt 0.859375 1.000000
vt 0.843750 0.000000
vt 0.843750 1.000000
vt 0.828125 0.000000
vt 0.828125 1.000000
vt 0.812500 0.000000
vt 0.812500 1.000000
vt 0.796875 0.000000
vt 0.796875 1.000000
vt 0.671875 0.000000
vt 0.671875 1.000000
vt 0.656250 0.000000
vt 0.656250 1.000000
vt 0.640625 0.000000
vt 0.640625 1.000000
vt 0.625000 0.000000
vt 0.625000 1.000000
vt 0.609375 0.000000
vt 0.609375 1.000000
vt 0.593750 0.000000
vt 0.593750 1.000000
vt 0.578125 0.000000
vt 0.578125 1.000000
vt 0.562500 0.000000
vt 0.562500 1.000000
vt 0.546875 0.000000
vt 0.546875 1.000000
vt 0.531250 0.000000
vt 0.531250 1.000000
vt 0.515625 0.000000
vt 0.515625 1.000000
vt 0.500000 0.000000
vt 0.500000 1.000000
vt 0.484375 0.000000
vt 0.484375 1.000000
vt 0.468750 0.000000
vt 0.468750 1.000000
vt 0.453125 0.000000
vt 0.453125 1.000000
vt 0.437500 0.000000
vt 0.437500 1.000000
vt 0.421875 0.000000
vt 0.421875 1.000000
vt 0.406250 0.000000
vt 0.406250 1.000000
vt 0.390625 0.000000
vt 0.390625 1.000000
vt 0.375000 0.000000
vt 0.359375 1.000000
vt 0.375000 1.000000
vt 0.359375 0.000000
vt 0.343750 0.000000
vt 0.343750 1.000000
vt 0.328125 0.000000
vt 0.328125 1.000000
vt 0.312500 0.000000
vt 0.312500 1.000000
vt 0.296875 0.000000
vt 0.281250 1.000000
vt 0.296875 1.000000
vt 0.171875 0.000000
vt 0.171875 1.000000
vt 0.156250 0.000000
vt 0.156250 1.000000
vt 0.140625 0.000000
vt 0.140625 1.000000
vt 0.125000 0.000000
vt 0.125000 1.000000
vt 0.109375 0.000000
vt 0.109375 1.000000
vt 0.093750 0.000000
vt 0.093750 1.000000
vt 0.078125 0.000000
vt 0.078125 1.000000
vt 0.062500 0.000000
vt 0.062500 1.000000
vt 0.046875 0.000000
vt 0.046875 1.000000
vt 0.031250 0.000000
vt 0.031250 1.000000
vt 0.015625 0.000000
vt 0.015625 1.000000
vt 0.000000 0.000000
vt 1.000000 1.000000
vt 1.000000 0.000000
vt 0.989583 0.000000
vt 0.864583 0.000000
vt 0.864583 1.000000
vt 0.854167 1.000000
vt 0.854167 0.000000
vt 0.833333 0.000000
vt 0.833333 1.000000
vt 0.822917 0.000000
vt 0.822917 1.000000
vt 0.802083 0.000000
vt 0.802083 1.000000
vt 0.791667 0.000000
vt 0.791667 1.000000
vt 0.781250 0.000000
vt 0.781250 1.000000
vt 0.770833 0.000000
vt 0.770833 1.000000
vt 0.760417 0.000000
vt 0.760417 1.000000
vt 0.750000 0.000000
vt 0.739583 1.000000
vt 0.750000 1.000000
vt 0.614583 1.000000
vt 0.635417 0.000000
vt 0.614583 0.000000
vt 0.604167 0.000000
vt 0.604167 1.000000
vt 0.583333 0.000000
vt 0.572917 1.000000
vt 0.583333 1.000000
vt 0.572917 0.000000
vt 0.552083 0.000000
vt 0.541667 1.000000
vt 0.552083 1.000000
vt 0.541667 0.000000
vt 0.520833 0.000000
vt 0.520833 1.000000
vt 0.510417 0.000000
vt 0.510417 1.000000
vt 0.489583 0.000000
vt 0.489583 1.000000
vt 0.364583 0.000000
vt 0.354167 1.000000
vt 0.364583 1.000000
vt 0.354167 0.000000
vt 0.333333 0.000000
vt 0.333333 1.000000
vt 0.322917 0.000000
vt 0.322917 1.000000
vt 0.302083 0.000000
vt 0.302083 1.000000
vt 0.291667 0.000000
vt 0.291667 1.000000
vt 0.281250 0.000000
vt 0.270833 0.000000
vt 0.260417 1.000000
vt 0.270833 1.000000
vt 0.260417 0.000000
vt 0.250000 0.000000
vt 0.250000 1.000000
vt 0.239583 0.000000
vt 0.177083 1.000000
vt 0.239583 1.000000
vt 0.114583 0.000000
vt 0.114583 1.000000
vt 0.982643 0.000000
vt 0.982249 0.000000
vt 0.943984 0.000000
vt 0.941617 0.000000
vt 0.983037 0.000000
vt 0.104167 0.000000
vt 0.104167 1.000000
vt 0.083333 0.000000
vt 0.083333 1.000000
vt 0.072917 0.000000
vt 0.072917 1.000000
vt 0.052083 0.000000
vt 0.052083 1.000000
vt 0.041667 0.000000
vt 0.041667 1.000000
vt 0.020833 0.000000
vt 0.020833 1.000000
vt 0.010417 0.000000
vt 0.957791 0.000000
vt 0.996844 0.000000
vt 0.996450 0.000000
vt 0.957002 0.000000
vt 0.997633 0.000000
vt 0.997239 0.000000
vt 0.990138 0.000000
vt 0.989744 0.000000
vt 0.968836 0.000000
vt 0.989349 0.000000
vt 0.956213 0.000000
vt 0.998817 0.000000
vt 0.998422 0.000000
vt 0.999211 0.000000
vt 0.988955 0.000000
vt 0.969231 0.000000
vt 0.955819 0.000000
vt 0.999606 0.000000
vt 0.987771 0.000000
vt 0.970020 0.000000
vt 0.988166 0.000000
vt 0.987377 0.000000
vt 0.977120 0.000000
vt 0.976726 0.000000
vt 0.950296 0.000000
vt 0.977909 0.000000
vt 0.977515 0.000000
vt 0.949507 0.000000
vt 0.985404 0.000000
vt 0.985010 0.000000
vt 0.937673 0.000000
vt 0.976331 0.000000
vt 0.956608 0.000000
vt 0.998028 0.000000
vt 0.967653 0.000000
vt 0.990927 0.000000
vt 0.990533 0.000000
vt 0.940040 0.000000
vt 0.983826 0.000000
vt 0.983432 0.000000
vt 0.984615 0.000000
vt 0.938067 0.000000
vt 0.938462 0.000000
vt 0.984221 0.000000
vt 0.937278 0.000000
vt 0.986193 0.000000
vt 0.985799 0.000000
vt 0.986982 0.000000
vt 0.974753 0.000000
vt 0.988560 0.000000
vt 0.969625 0.000000
vt 0.986588 0.000000
vt 0.966864 0.000000
vt 0.991322 0.000000
vt 0.965286 0.000000
vt 0.992110 0.000000
vt 0.991716 0.000000
vt 0.966075 0.000000
vt 0.960552 0.000000
vt 0.995266 0.000000
vt 0.960158 0.000000
vt 0.995661 0.000000
vt 0.957396 0.000000
vt 0.951085 0.000000
vt 0.975542 0.000000
vt 0.975148 0.000000
vt 0.949901 0.000000
vt 0.975937 0.000000
vt 0.950690 0.000000
vt 0.978304 0.000000
vt 0.948323 0.000000
vt 0.978698 0.000000
vt 0.949112 0.000000
vt 0.947140 0.000000
vt 0.979093 0.000000
vt 0.979487 0.000000
vt 0.946351 0.000000
vt 0.946746 0.000000
vt 0.947535 0.000000
vt 0.947929 0.000000
vt 0.948718 0.000000
vt 0.958185 0.000000
vt 0.959369 0.000000
vt 0.996055 0.000000
vt 0.958580 0.000000
vt 0.958974 0.000000
vt 0.959763 0.000000
vt 0.965680 0.000000
vt 0.966469 0.000000
vt 0.967258 0.000000
vt 0.968047 0.000000
vt 0.968442 0.000000
vt 0.938856 0.000000
vt 0.939250 0.000000
vt 0.939645 0.000000
vt 0.940434 0.000000
vt 0.940828 0.000000
vt 0.941223 0.000000
vt 0.010417 1.000000
vt 0.739583 0.000000
vt 0.899014 0.000000
vt 0.932150 0.000000
vt 0.928994 0.000000
vt 0.902170 0.000000
vt 0.666667 0.000000
vt 0.915187 0.000000
vt 0.914793 0.000000
vt 0.885996 0.000000
vt 0.914398 0.000000
vt 0.886391 0.000000
vt 0.874951 0.000000
vt 0.921893 0.000000
vt 0.921499 0.000000
vt 0.913609 0.000000
vt 0.887179 0.000000
vt 0.914004 0.000000
vt 0.913215 0.000000
vt 0.874556 0.000000
vt 0.922288 0.000000
vt 0.874162 0.000000
vt 0.923077 0.000000
vt 0.922682 0.000000
vt 0.912032 0.000000
vt 0.887968 0.000000
vt 0.912426 0.000000
vt 0.923471 0.000000
vt 0.911637 0.000000
vt 0.923866 0.000000
vt 0.935306 0.000000
vt 0.934911 0.000000
vt 0.893491 0.000000
vt 0.934517 0.000000
vt 0.926233 0.000000
vt 0.925838 0.000000
vt 0.906114 0.000000
vt 0.934122 0.000000
vt 0.933728 0.000000
vt 0.894280 0.000000
vt 0.927416 0.000000
vt 0.927022 0.000000
vt 0.905325 0.000000
vt 0.936884 0.000000
vt 0.893097 0.000000
vt 0.935700 0.000000
vt 0.928205 0.000000
vt 0.927811 0.000000
vt 0.903748 0.000000
vt 0.904536 0.000000
vt 0.924260 0.000000
vt 0.892702 0.000000
vt 0.936489 0.000000
vt 0.936095 0.000000
vt 0.893886 0.000000
vt 0.895464 0.000000
vt 0.933333 0.000000
vt 0.932939 0.000000
vt 0.932544 0.000000
vt 0.896252 0.000000
vt 0.897041 0.000000
vt 0.897436 0.000000
vt 0.896647 0.000000
vt 0.895858 0.000000
vt 0.894675 0.000000
vt 0.895069 0.000000
vt 0.912821 0.000000
vt 0.887574 0.000000
vt 0.886785 0.000000
vt 0.915976 0.000000
vt 0.883629 0.000000
vt 0.916371 0.000000
vt 0.884024 0.000000
vt 0.915582 0.000000
vt 0.878501 0.000000
vt 0.919921 0.000000
vt 0.919527 0.000000
vt 0.876923 0.000000
vt 0.920710 0.000000
vt 0.920316 0.000000
vt 0.877712 0.000000
vt 0.925444 0.000000
vt 0.906509 0.000000
vt 0.906903 0.000000
vt 0.925049 0.000000
vt 0.924655 0.000000
vt 0.926627 0.000000
vt 0.905720 0.000000
vt 0.928600 0.000000
vt 0.902959 0.000000
vt 0.902564 0.000000
vt 0.903353 0.000000
vt 0.904142 0.000000
vt 0.904931 0.000000
vt 0.875345 0.000000
vt 0.921105 0.000000
vt 0.875740 0.000000
vt 0.876134 0.000000
vt 0.876529 0.000000
vt 0.877318 0.000000
vt 0.878107 0.000000
vt 0.883235 0.000000
vt 0.884813 0.000000
vt 0.884418 0.000000
vt 0.885207 0.000000
vt 0.885602 0.000000
vt 0.978261 1.000000
vt 0.989130 1.000000
vt 0.989130 0.000000
vt 0.978261 0.000000
vt 0.967391 0.000000
vt 0.967391 1.000000
vt 0.956522 0.000000
vt 0.956522 1.000000
vt 0.945652 0.000000
vt 0.945652 1.000000
vt 0.934783 0.000000
vt 0.934783 1.000000
vt 0.923913 0.000000
vt 0.923913 1.000000
vt 0.913043 0.000000
vt 0.913043 1.000000
vt 0.902174 0.000000
vt 0.891304 1.000000
vt 0.902174 1.000000
vt 0.891304 0.000000
vt 0.880435 0.000000
vt 0.880435 1.000000
vt 0.869565 0.000000
vt 0.869565 1.000000
vt 0.782609 0.000000
vt 0.782609 1.000000
vt 0.771739 0.000000
vt 0.771739 1.000000
vt 0.760870 0.000000
vt 0.760870 1.000000
vt 0.739130 0.000000
vt 0.739130 1.000000
vt 0.728261 0.000000
vt 0.728261 1.000000
vt 0.717391 0.000000
vt 0.717391 1.000000
vt 0.706522 0.000000
vt 0.706522 1.000000
vt 0.695652 0.000000
vt 0.695652 1.000000
vt 0.684783 0.000000
vt 0.684783 1.000000
vt 0.673913 0.000000
vt 0.673913 1.000000
vt 0.663043 0.000000
vt 0.652174 1.000000
vt 0.663043 1.000000
vt 0.652174 0.000000
vt 0.521739 0.000000
vt 0.521739 1.000000
vt 0.510870 0.000000
vt 0.510870 1.000000
vt 0.489130 0.000000
vt 0.489130 1.000000
vt 0.478261 0.000000
vt 0.478261 1.000000
vt 0.467391 0.000000
vt 0.467391 1.000000
vt 0.456522 0.000000
vt 0.456522 1.000000
vt 0.445652 0.000000
vt 0.445652 1.000000
vt 0.434783 0.000000
vt 0.434783 1.000000
vt 0.423913 0.000000
vt 0.413043 1.000000
vt 0.423913 1.000000
vt 0.413043 0.000000
vt 0.402174 0.000000
vt 0.402174 1.000000
vt 0.391304 0.000000
vt 0.347826 1.000000
vt 0.391304 1.000000
vt 0.260870 0.000000
vt 0.260870 1.000000
vt 0.239130 0.000000
vt 0.239130 1.000000
vt 0.228261 0.000000
vt 0.228261 1.000000
vt 0.217391 0.000000
vt 0.217391 1.000000
vt 0.206522 0.000000
vt 0.206522 1.000000
vt 0.195652 0.000000
vt 0.195652 1.000000
vt 0.184783 0.000000
vt 0.184783 1.000000
vt 0.173913 0.000000
vt 0.173913 1.000000
vt 0.163043 0.000000
vt 0.152174 1.000000
vt 0.163043 1.000000
vt 0.152174 0.000000
vt 0.141304 0.000000
vt 0.141304 1.000000
vt 0.130435 0.000000
vt 0.130435 1.000000
vt 0.862069 1.000000
vt 0.862069 0.000000
vt 0.850575 0.000000
vt 0.839080 1.000000
vt 0.850575 1.000000
vt 0.827586 1.000000
vt 0.839080 0.000000
vt 0.827586 0.000000
vt 0.816092 0.000000
vt 0.816092 1.000000
vt 0.804598 0.000000
vt 0.804598 1.000000
vt 0.793103 0.000000
vt 0.793103 1.000000
vt 0.781609 0.000000
vt 0.781609 1.000000
vt 0.770115 0.000000
vt 0.758621 1.000000
vt 0.770115 1.000000
vt 0.758621 0.000000
vt 0.747126 0.000000
vt 0.747126 1.000000
vt 0.735632 0.000000
vt 0.735632 1.000000
vt 0.724138 0.000000
vt 0.724138 1.000000
vt 0.586207 0.000000
vt 0.586207 1.000000
vt 0.574713 0.000000
vt 0.574713 1.000000
vt 0.563218 0.000000
vt 0.563218 1.000000
vt 0.551724 0.000000
vt 0.551724 1.000000
vt 0.540230 0.000000
vt 0.540230 1.000000
vt 0.528736 0.000000
vt 0.528736 1.000000
vt 0.517241 0.000000
vt 0.517241 1.000000
vt 0.505747 0.000000
vt 0.505747 1.000000
vt 0.494253 0.000000
vt 0.494253 1.000000
vt 0.482759 0.000000
vt 0.482759 1.000000
vt 0.471264 0.000000
vt 0.471264 1.000000
vt 0.459770 0.000000
vt 0.459770 1.000000
vt 0.448276 0.000000
vt 0.448276 1.000000
vt 0.436782 0.000000
vt 0.436782 1.000000
vt 0.425287 0.000000
vt 0.425287 1.000000
vt 0.287356 0.000000
vt 0.287356 1.000000
vt 0.275862 0.000000
vt 0.275862 1.000000
vt 0.264368 0.000000
vt 0.264368 1.000000
vt 0.252874 0.000000
vt 0.252874 1.000000
vt 0.241379 0.000000
vt 0.241379 1.000000
vt 0.229885 0.000000
vt 0.229885 1.000000
vt 0.218391 0.000000
vt 0.218391 1.000000
vt 0.206897 0.000000
vt 0.206897 1.000000
vt 0.195402 0.000000
vt 0.195402 1.000000
vt 0.183908 0.000000
vt 0.183908 1.000000
vt 0.172414 0.000000
vt 0.172414 1.000000
vt 0.160920 0.000000
vt 0.160920 1.000000
vt 0.149425 0.000000
vt 0.149425 1.000000
vt 0.137931 0.000000
vt 0.126437 1.000000
vt 0.137931 1.000000
vt 0.126437 0.000000
vt 0.114943 0.000000
vt 0.114943 1.000000
vt 0.103448 0.000000
vt 0.103448 1.000000
vt 0.091954 0.000000
vt 0.091954 1.000000
vt 0.080460 0.000000
vt 0.080460 1.000000
vt 0.068966 0.000000
vt 0.068966 1.000000
vt 0.057471 0.000000
vt 0.057471 1.000000
vt 0.045977 0.000000
vt 0.045977 1.000000
vt 0.034483 0.000000
vt 0.034483 1.000000
vt 0.022989 0.000000
vt 0.852071 0.000000
vt 0.850493 0.000000
vt 0.818541 0.000000
vt 0.813412 0.000000
vt 0.813018 0.000000
vt 0.818146 0.000000
vt 0.852860 0.000000
vt 0.852466 0.000000
vt 0.812623 0.000000
vt 0.812229 0.000000
vt 0.853254 0.000000
vt 0.853649 0.000000
vt 0.811834 0.000000
vt 0.854043 0.000000
vt 0.811440 0.000000
vt 0.811045 0.000000
vt 0.854438 0.000000
vt 0.854832 0.000000
vt 0.810651 0.000000
vt 0.855227 0.000000
vt 0.810256 0.000000
vt 0.809862 0.000000
vt 0.855621 0.000000
vt 0.809467 0.000000
vt 0.856016 0.000000
vt 0.856410 0.000000
vt 0.809073 0.000000
vt 0.808679 0.000000
vt 0.856805 0.000000
vt 0.808284 0.000000
vt 0.861538 0.000000
vt 0.807890 0.000000
vt 0.807495 0.000000
vt 0.807101 0.000000
vt 0.806706 0.000000
vt 0.806312 0.000000
vt 0.805917 0.000000
vt 0.805523 0.000000
vt 0.804734 0.000000
vt 0.804339 0.000000
vt 0.805128 0.000000
vt 0.011494 1.000000
vt 0.022989 1.000000
vt 0.011494 0.000000
vt 0.871795 0.000000
vt 0.871400 0.000000
vt 0.829586 0.000000
vt 0.871006 0.000000
vt 0.828797 0.000000
vt 0.872584 0.000000
vt 0.872189 0.000000
vt 0.872978 0.000000
vt 0.870611 0.000000
vt 0.830375 0.000000
vt 0.828402 0.000000
vt 0.873373 0.000000
vt 0.873767 0.000000
vt 0.870217 0.000000
vt 0.831164 0.000000
vt 0.837870 0.000000
vt 0.844182 0.000000
vt 0.843787 0.000000
vt 0.823669 0.000000
vt 0.865483 0.000000
vt 0.865089 0.000000
vt 0.864694 0.000000
vt 0.844576 0.000000
vt 0.844970 0.000000
vt 0.864300 0.000000
vt 0.863905 0.000000
vt 0.845365 0.000000
vt 0.820118 0.000000
vt 0.845759 0.000000
vt 0.863511 0.000000
vt 0.863116 0.000000
vt 0.846154 0.000000
vt 0.846548 0.000000
vt 0.862722 0.000000
vt 0.862327 0.000000
vt 0.846943 0.000000
vt 0.842998 0.000000
vt 0.842604 0.000000
vt 0.833136 0.000000
vt 0.869823 0.000000
vt 0.869428 0.000000
vt 0.865878 0.000000
vt 0.803550 0.000000
vt 0.866272 0.000000
vt 0.861933 0.000000
vt 0.803945 0.000000
vt 0.832742 0.000000
vt 0.832347 0.000000
vt 0.831558 0.000000
vt 0.831953 0.000000
vt 0.830769 0.000000
vt 0.829980 0.000000
vt 0.829191 0.000000
vt 0.843392 0.000000
vt 0.820907 0.000000
vt 0.823274 0.000000
vt 0.821696 0.000000
vt 0.818935 0.000000
vt 0.847337 0.000000
vt 0.819329 0.000000
vt 0.819724 0.000000
vt 0.820513 0.000000
vt 0.821302 0.000000
vt 0.822091 0.000000
vt 0.822485 0.000000
vt 0.822880 0.000000
vt 0.960000 1.000000
vt 0.980000 1.000000
vt 0.980000 0.000000
vt 0.960000 0.000000
vt 0.940000 0.000000
vt 0.940000 1.000000
vt 0.920000 0.000000
vt 0.920000 1.000000
vt 0.900000 0.000000
vt 0.900000 1.000000
vt 0.880000 0.000000
vt 0.880000 1.000000
vt 0.860000 0.000000
vt 0.860000 1.000000
vt 0.840000 0.000000
vt 0.820000 1.000000
vt 0.840000 1.000000
vt 0.820000 0.000000
vt 0.800000 0.000000
vt 0.800000 1.000000
vt 0.780000 0.000000
vt 0.780000 1.000000
vt 0.760000 0.000000
vt 0.760000 1.000000
vt 0.740000 0.000000
vt 0.740000 1.000000
vt 0.720000 0.000000
vt 0.480000 1.000000
vt 0.720000 1.000000
vt 0.480000 0.000000
vt 0.460000 0.000000
vt 0.460000 1.000000
vt 0.440000 0.000000
vt 0.440000 1.000000
vt 0.420000 0.000000
vt 0.400000 1.000000
vt 0.420000 1.000000
vt 0.400000 0.000000
vt 0.380000 0.000000
vt 0.380000 1.000000
vt 0.360000 0.000000
vt 0.360000 1.000000
vt 0.340000 0.000000
vt 0.340000 1.000000
vt 0.320000 0.000000
vt 0.300000 1.000000
vt 0.320000 1.000000
vt 0.300000 0.000000
vt 0.280000 0.000000
vt 0.280000 1.000000
vt 0.260000 0.000000
vt 0.240000 1.000000
vt 0.260000 1.000000
vt 0.791716 0.000000
vt 0.790138 0.000000
vt 0.793294 0.000000
vt 0.803156 0.000000
vt 0.802367 0.000000
vt 0.800789 0.000000
vt 0.792110 0.000000
vt 0.792505 0.000000
vt 0.792899 0.000000
vt 0.798028 0.000000
vt 0.786982 0.000000
vt 0.798422 0.000000
vt 0.798817 0.000000
vt 0.799211 0.000000
vt 0.800000 0.000000
vt 0.799606 0.000000
vt 0.800395 0.000000
vt 0.801183 0.000000
vt 0.801578 0.000000
vt 0.801972 0.000000
vt 0.802761 0.000000
vt 0.788560 0.000000
vt 0.788955 0.000000
vt 0.789349 0.000000
vt 0.789744 0.000000
vt 0.790533 0.000000
vt 0.790927 0.000000
vt 0.791322 0.000000
vt 0.080000 0.000000
vt 0.000000 1.000000
vt 0.080000 1.000000
vt 0.140000 0.000000
vt 0.100000 1.000000
vt 0.200000 0.000000
vt 0.160000 1.000000
vt 0.240000 0.000000
vt 0.927083 1.000000
vt 0.958333 0.000000
vt 0.979167 1.000000
vt 0.989583 1.000000
vt 0.916667 1.000000
vt 0.759763 0.000000
vt 0.759369 0.000000
vt 0.764892 0.000000
vt 0.768047 0.000000
vt 0.766469 0.000000
vt 0.768836 0.000000
vt 0.776331 0.000000
vt 0.775542 0.000000
vt 0.773965 0.000000
vt 0.777120 0.000000
vt 0.777909 0.000000
vt 0.747535 0.000000
vt 0.746746 0.000000
vt 0.749901 0.000000
vt 0.748324 0.000000
vt 0.757396 0.000000
vt 0.755030 0.000000
vt 0.755819 0.000000
vt 0.758974 0.000000
vt 0.783037 0.000000
vt 0.765680 0.000000
vt 0.765286 0.000000
vt 0.766075 0.000000
vt 0.766864 0.000000
vt 0.767258 0.000000
vt 0.767653 0.000000
vt 0.768442 0.000000
vt 0.769231 0.000000
vt 0.774359 0.000000
vt 0.774753 0.000000
vt 0.775148 0.000000
vt 0.775937 0.000000
vt 0.776726 0.000000
vt 0.777515 0.000000
vt 0.778304 0.000000
vt 0.783432 0.000000
vt 0.745957 0.000000
vt 0.746351 0.000000
vt 0.747140 0.000000
vt 0.747929 0.000000
vt 0.748718 0.000000
vt 0.749112 0.000000
vt 0.749507 0.000000
vt 0.750296 0.000000
vt 0.755424 0.000000
vt 0.756608 0.000000
vt 0.756213 0.000000
vt 0.757002 0.000000
vt 0.757791 0.000000
vt 0.758185 0.000000
vt 0.758580 0.000000
vt 0.983333 1.000000
vt 0.983333 0.000000
vt 0.966667 0.000000
vt 0.966667 1.000000
vt 0.950000 0.000000
vt 0.950000 1.000000
vt 0.933333 1.000000
vt 0.916667 0.000000
vt 0.883333 0.000000
vt 0.883333 1.000000
vt 0.866667 0.000000
vt 0.866667 1.000000
vt 0.850000 0.000000
vt 0.850000 1.000000
vt 0.816667 0.000000
vt 0.816667 1.000000
vt 0.600000 0.000000
vt 0.600000 1.000000
vt 0.566667 0.000000
vt 0.566667 1.000000
vt 0.550000 0.000000
vt 0.550000 1.000000
vt 0.533333 0.000000
vt 0.533333 1.000000
vt 0.516667 0.000000
vt 0.516667 1.000000
vt 0.483333 0.000000
vt 0.483333 1.000000
vt 0.466667 0.000000
vt 0.466667 1.000000
vt 0.450000 0.000000
vt 0.450000 1.000000
vt 0.433333 0.000000
vt 0.433333 1.000000
vt 0.416667 0.000000
vt 0.416667 1.000000
vt 0.383333 0.000000
vt 0.383333 1.000000
vt 0.366667 0.000000
vt 0.366667 1.000000
vt 0.350000 0.000000
vt 0.350000 1.000000
vt 0.316667 0.000000
vt 0.316667 1.000000
vt 0.283333 1.000000
vt 0.283333 0.000000
vt 0.266667 0.000000
vt 0.266667 1.000000
vt 0.233333 0.000000
vt 0.233333 1.000000
vt 0.216667 0.000000
vt 0.216667 1.000000
vt 0.183333 1.000000
vt 0.200000 1.000000
vt 0.183333 0.000000
vt 0.166667 0.000000
vt 0.166667 1.000000
vt 0.150000 0.000000
vt 0.150000 1.000000
vt 0.133333 0.000000
vt 0.133333 1.000000
vt 0.116667 0.000000
vt 0.116667 1.000000
vt 0.100000 0.000000
vt 0.066667 0.000000
vt 0.066667 1.000000
vt 0.050000 0.000000
vt 0.050000 1.000000
vt 0.033333 0.000000
vt 0.033333 1.000000
vt 0.016667 0.000000
vt 0.016667 1.000000
vt 0.935484 1.000000
vt 0.935484 0.000000
vt 0.930108 0.000000
vt 0.930108 1.000000
vt 0.924731 0.000000
vt 0.924731 1.000000
vt 0.919355 0.000000
vt 0.913979 1.000000
vt 0.919355 1.000000
vt 0.913979 0.000000
vt 0.908602 0.000000
vt 0.908602 1.000000
vt 0.903226 0.000000
vt 0.903226 1.000000
vt 0.897849 0.000000
vt 0.897849 1.000000
vt 0.892473 0.000000
vt 0.892473 1.000000
vt 0.887097 0.000000
vt 0.881720 1.000000
vt 0.887097 1.000000
vt 0.881720 0.000000
vt 0.876344 0.000000
vt 0.870968 1.000000
vt 0.876344 1.000000
vt 0.870968 0.000000
vt 0.865591 0.000000
vt 0.865591 1.000000
vt 0.860215 0.000000
vt 0.860215 1.000000
vt 0.854839 0.000000
vt 0.854839 1.000000
vt 0.849462 0.000000
vt 0.849462 1.000000
vt 0.844086 0.000000
vt 0.844086 1.000000
vt 0.838710 0.000000
vt 0.838710 1.000000
vt 0.827957 1.000000
vt 0.827957 0.000000
vt 0.822581 0.000000
vt 0.822581 1.000000
vt 0.817204 0.000000
vt 0.811828 1.000000
vt 0.817204 1.000000
vt 0.806452 1.000000
vt 0.811828 0.000000
vt 0.806452 0.000000
vt 0.801075 0.000000
vt 0.801075 1.000000
vt 0.795699 0.000000
vt 0.795699 1.000000
vt 0.790323 0.000000
vt 0.790323 1.000000
vt 0.784946 0.000000
vt 0.784946 1.000000
vt 0.779570 0.000000
vt 0.779570 1.000000
vt 0.774194 0.000000
vt 0.768817 1.000000
vt 0.774194 1.000000
vt 0.768817 0.000000
vt 0.763441 0.000000
vt 0.763441 1.000000
vt 0.758065 0.000000
vt 0.758065 1.000000
vt 0.752688 0.000000
vt 0.752688 1.000000
vt 0.747312 0.000000
vt 0.747312 1.000000
vt 0.741935 0.000000
vt 0.741935 1.000000
vt 0.736559 0.000000
vt 0.736559 1.000000
vt 0.731183 0.000000
vt 0.731183 1.000000
vt 0.725806 0.000000
vt 0.720430 1.000000
vt 0.725806 1.000000
vt 0.720430 0.000000
vt 0.715054 0.000000
vt 0.715054 1.000000
vt 0.709677 0.000000
vt 0.709677 1.000000
vt 0.704301 0.000000
vt 0.704301 1.000000
vt 0.698925 0.000000
vt 0.698925 1.000000
vt 0.693548 0.000000
vt 0.693548 1.000000
vt 0.688172 0.000000
vt 0.688172 1.000000
vt 0.682796 0.000000
vt 0.682796 1.000000
vt 0.677419 0.000000
vt 0.612903 0.000000
vt 0.612903 1.000000
vt 0.607527 0.000000
vt 0.602151 1.000000
vt 0.607527 1.000000
vt 0.602151 0.000000
vt 0.596774 0.000000
vt 0.596774 1.000000
vt 0.591398 0.000000
vt 0.591398 1.000000
vt 0.586021 0.000000
vt 0.586021 1.000000
vt 0.580645 0.000000
vt 0.580645 1.000000
vt 0.575269 0.000000
vt 0.569892 1.000000
vt 0.575269 1.000000
vt 0.569892 0.000000
vt 0.564516 0.000000
vt 0.564516 1.000000
vt 0.559140 0.000000
vt 0.559140 1.000000
vt 0.553763 0.000000
vt 0.553763 1.000000
vt 0.548387 0.000000
vt 0.548387 1.000000
vt 0.483871 0.000000
vt 0.483871 1.000000
vt 0.478495 0.000000
vt 0.478495 1.000000
vt 0.473118 0.000000
vt 0.473118 1.000000
vt 0.467742 0.000000
vt 0.467742 1.000000
vt 0.462366 0.000000
vt 0.462366 1.000000
vt 0.456989 0.000000
vt 0.456989 1.000000
vt 0.451613 0.000000
vt 0.451613 1.000000
vt 0.446237 0.000000
vt 0.446237 1.000000
vt 0.440860 0.000000
vt 0.440860 1.000000
vt 0.435484 0.000000
vt 0.435484 1.000000
vt 0.430108 0.000000
vt 0.430108 1.000000
vt 0.424731 0.000000
vt 0.419355 1.000000
vt 0.424731 1.000000
vt 0.419355 0.000000
vt 0.354839 0.000000
vt 0.349462 1.000000
vt 0.354839 1.000000
vt 0.349462 0.000000
vt 0.344086 0.000000
vt 0.344086 1.000000
vt 0.338710 0.000000
vt 0.338710 1.000000
vt 0.327957 0.000000
vt 0.327957 1.000000
vt 0.322581 0.000000
vt 0.322581 1.000000
vt 0.317204 0.000000
vt 0.311828 1.000000
vt 0.317204 1.000000
vt 0.311828 0.000000
vt 0.306452 0.000000
vt 0.306452 1.000000
vt 0.301075 0.000000
vt 0.670611 0.000000
vt 0.733728 0.000000
vt 0.733333 0.000000
vt 0.732939 0.000000
vt 0.732544 0.000000
vt 0.734122 0.000000
vt 0.734517 0.000000
vt 0.732150 0.000000
vt 0.671400 0.000000
vt 0.734911 0.000000
vt 0.735306 0.000000
vt 0.731755 0.000000
vt 0.730966 0.000000
vt 0.731361 0.000000
vt 0.735700 0.000000
vt 0.736094 0.000000
vt 0.671006 0.000000
vt 0.730572 0.000000
vt 0.295699 1.000000
vt 0.301075 1.000000
vt 0.295699 0.000000
vt 0.290323 0.000000
vt 0.290323 1.000000
vt 0.225806 0.000000
vt 0.225806 1.000000
vt 0.220430 0.000000
vt 0.220430 1.000000
vt 0.215054 0.000000
vt 0.215054 1.000000
vt 0.209677 0.000000
vt 0.209677 1.000000
vt 0.204301 0.000000
vt 0.204301 1.000000
vt 0.198925 0.000000
vt 0.198925 1.000000
vt 0.193548 0.000000
vt 0.193548 1.000000
vt 0.188172 0.000000
vt 0.182796 1.000000
vt 0.188172 1.000000
vt 0.182796 0.000000
vt 0.177419 0.000000
vt 0.177419 1.000000
vt 0.172043 0.000000
vt 0.172043 1.000000
vt 0.161290 0.000000
vt 0.161290 1.000000
vt 0.096774 0.000000
vt 0.096774 1.000000
vt 0.091398 0.000000
vt 0.086022 1.000000
vt 0.091398 1.000000
vt 0.086022 0.000000
vt 0.080645 0.000000
vt 0.080645 1.000000
vt 0.075269 0.000000
vt 0.075269 1.000000
vt 0.069892 0.000000
vt 0.069892 1.000000
vt 0.064516 0.000000
vt 0.064516 1.000000
vt 0.059140 0.000000
vt 0.059140 1.000000
vt 0.053763 0.000000
vt 0.053763 1.000000
vt 0.048387 0.000000
vt 0.048387 1.000000
vt 0.043011 0.000000
vt 0.037634 1.000000
vt 0.043011 1.000000
vt 0.037634 0.000000
vt 0.032258 0.000000
vt 0.032258 1.000000
vt 0.026882 0.000000
vt 0.026882 1.000000
vt 0.021505 0.000000
vt 0.021505 1.000000
vt 0.016129 0.000000
vt 0.016129 1.000000
vt 0.010753 0.000000
vt 0.010753 1.000000
vt 0.005376 0.000000
vt 0.005376 1.000000
vt 0.743195 0.000000
vt 0.742801 0.000000
vt 0.691519 0.000000
vt 0.743984 0.000000
vt 0.743590 0.000000
vt 0.742406 0.000000
vt 0.742012 0.000000
vt 0.744379 0.000000
vt 0.741617 0.000000
vt 0.736489 0.000000
vt 0.699014 0.000000
vt 0.698619 0.000000
vt 0.699803 0.000000
vt 0.699408 0.000000
vt 0.700197 0.000000
vt 0.700592 0.000000
vt 0.700986 0.000000
vt 0.701381 0.000000
vt 0.701775 0.000000
vt 0.702170 0.000000
vt 0.670217 0.000000
vt 0.702564 0.000000
vt 0.665483 0.000000
vt 0.702959 0.000000
vt 0.664694 0.000000
vt 0.703353 0.000000
vt 0.722682 0.000000
vt 0.722288 0.000000
vt 0.681657 0.000000
vt 0.723077 0.000000
vt 0.681262 0.000000
vt 0.706903 0.000000
vt 0.706509 0.000000
vt 0.661144 0.000000
vt 0.680868 0.000000
vt 0.723471 0.000000
vt 0.707298 0.000000
vt 0.723866 0.000000
vt 0.707692 0.000000
vt 0.660750 0.000000
vt 0.708087 0.000000
vt 0.680473 0.000000
vt 0.724260 0.000000
vt 0.708481 0.000000
vt 0.656016 0.000000
vt 0.724655 0.000000
vt 0.708876 0.000000
vt 0.725049 0.000000
vt 0.655621 0.000000
vt 0.709270 0.000000
vt 0.709665 0.000000
vt 0.727416 0.000000
vt 0.727022 0.000000
vt 0.674951 0.000000
vt 0.727811 0.000000
vt 0.728205 0.000000
vt 0.674556 0.000000
vt 0.712032 0.000000
vt 0.711637 0.000000
vt 0.654832 0.000000
vt 0.728600 0.000000
vt 0.728994 0.000000
vt 0.711243 0.000000
vt 0.655227 0.000000
vt 0.710848 0.000000
vt 0.662722 0.000000
vt 0.704537 0.000000
vt 0.704142 0.000000
vt 0.712426 0.000000
vt 0.717160 0.000000
vt 0.712821 0.000000
vt 0.710059 0.000000
vt 0.710454 0.000000
vt 0.705720 0.000000
vt 0.661538 0.000000
vt 0.706114 0.000000
vt 0.661933 0.000000
vt 0.705325 0.000000
vt 0.704931 0.000000
vt 0.662327 0.000000
vt 0.703748 0.000000
vt 0.663116 0.000000
vt 0.741223 0.000000
vt 0.665089 0.000000
vt 0.663511 0.000000
vt 0.664300 0.000000
vt 0.663905 0.000000
vt 0.654438 0.000000
vt 0.654043 0.000000
vt 0.653649 0.000000
vt 0.653254 0.000000
vt 0.652860 0.000000
vt 0.652071 0.000000
vt 0.651677 0.000000
vt 0.721893 0.000000
vt 0.652465 0.000000
vt 0.651282 0.000000
vt 0.650493 0.000000
vt 0.650099 0.000000
vt 0.649310 0.000000
vt 0.650888 0.000000
vt 0.649704 0.000000
vt 0.648915 0.000000
vt 0.716765 0.000000
vt 0.715976 0.000000
vt 0.716371 0.000000
vt 0.715582 0.000000
vt 0.715187 0.000000
vt 0.714793 0.000000
vt 0.714399 0.000000
vt 0.714004 0.000000
vt 0.713609 0.000000
vt 0.713215 0.000000
vt 0.729783 0.000000
vt 0.729389 0.000000
vt 0.674162 0.000000
vt 0.684024 0.000000
vt 0.744773 0.000000
vt 0.730178 0.000000
vt 0.726627 0.000000
vt 0.679684 0.000000
vt 0.693491 0.000000
vt 0.689941 0.000000
vt 0.689152 0.000000
vt 0.683629 0.000000
vt 0.745168 0.000000
vt 0.682051 0.000000
vt 0.745562 0.000000
vt 0.725838 0.000000
vt 0.680079 0.000000
vt 0.726233 0.000000
vt 0.673767 0.000000
vt 0.671795 0.000000
vt 0.672189 0.000000
vt 0.672584 0.000000
vt 0.672978 0.000000
vt 0.673373 0.000000
vt 0.725444 0.000000
vt 0.682446 0.000000
vt 0.682840 0.000000
vt 0.683235 0.000000
vt 0.684418 0.000000
vt 0.689546 0.000000
vt 0.690336 0.000000
vt 0.690730 0.000000
vt 0.691124 0.000000
vt 0.691913 0.000000
vt 0.693097 0.000000
vt 0.692308 0.000000
vt 0.692702 0.000000
vt 0.994624 1.000000
vt 0.994624 0.000000
vt 0.978495 0.000000
vt 0.956989 1.000000
vt 0.967742 1.000000
vt 0.962366 0.000000
vt 0.955056 1.000000
vt 0.955056 0.000000
vt 0.951311 0.000000
vt 0.947566 1.000000
vt 0.951311 1.000000
vt 0.947566 0.000000
vt 0.943820 0.000000
vt 0.943820 1.000000
vt 0.940075 0.000000
vt 0.940075 1.000000
vt 0.936330 0.000000
vt 0.936330 1.000000
vt 0.932584 0.000000
vt 0.932584 1.000000
vt 0.928839 0.000000
vt 0.925094 1.000000
vt 0.928839 1.000000
vt 0.925094 0.000000
vt 0.921348 0.000000
vt 0.921348 1.000000
vt 0.917603 0.000000
vt 0.917603 1.000000
vt 0.913858 0.000000
vt 0.913858 1.000000
vt 0.910112 0.000000
vt 0.910112 1.000000
vt 0.865169 0.000000
vt 0.865169 1.000000
vt 0.861423 0.000000
vt 0.861423 1.000000
vt 0.857678 0.000000
vt 0.853933 1.000000
vt 0.857678 1.000000
vt 0.850187 1.000000
vt 0.853933 0.000000
vt 0.850187 0.000000
vt 0.846442 0.000000
vt 0.846442 1.000000
vt 0.842697 0.000000
vt 0.842697 1.000000
vt 0.838951 0.000000
vt 0.838951 1.000000
vt 0.835206 0.000000
vt 0.835206 1.000000
vt 0.831461 0.000000
vt 0.831461 1.000000
vt 0.827715 0.000000
vt 0.827715 1.000000
vt 0.823970 0.000000
vt 0.561702 0.000000
vt 0.570273 0.000000
vt 0.572194 0.000000
vt 0.823970 1.000000
vt 0.820225 0.000000
vt 0.771536 1.000000
vt 0.816479 1.000000
vt 0.816479 0.000000
vt 0.771536 0.000000
vt 0.767790 0.000000
vt 0.767790 1.000000
vt 0.764045 0.000000
vt 0.764045 1.000000
vt 0.760300 0.000000
vt 0.760300 1.000000
vt 0.756554 0.000000
vt 0.756554 1.000000
vt 0.752809 0.000000
vt 0.752809 1.000000
vt 0.749064 0.000000
vt 0.749064 1.000000
vt 0.745318 0.000000
vt 0.745318 1.000000
vt 0.741573 0.000000
vt 0.741573 1.000000
vt 0.737828 0.000000
vt 0.734082 1.000000
vt 0.737828 1.000000
vt 0.734082 0.000000
vt 0.730337 0.000000
vt 0.726592 1.000000
vt 0.730337 1.000000
vt 0.692884 0.000000
vt 0.681648 0.000000
vt 0.685393 1.000000
vt 0.726592 0.000000
vt 0.700375 1.000000
vt 0.715356 1.000000
vt 0.677903 1.000000
vt 0.681648 1.000000
vt 0.677903 0.000000
vt 0.674157 0.000000
vt 0.674157 1.000000
vt 0.670412 0.000000
vt 0.670412 1.000000
vt 0.666667 1.000000
vt 0.662921 0.000000
vt 0.662921 1.000000
vt 0.659176 0.000000
vt 0.659176 1.000000
vt 0.655431 0.000000
vt 0.655431 1.000000
vt 0.651685 0.000000
vt 0.647940 1.000000
vt 0.651685 1.000000
vt 0.647940 0.000000
vt 0.644195 0.000000
vt 0.644195 1.000000
vt 0.640449 0.000000
vt 0.636704 1.000000
vt 0.640449 1.000000
vt 0.636704 0.000000
vt 0.591760 0.000000
vt 0.591760 1.000000
vt 0.588015 0.000000
vt 0.588015 1.000000
vt 0.584270 0.000000
vt 0.584270 1.000000
vt 0.580524 0.000000
vt 0.580524 1.000000
vt 0.576779 0.000000
vt 0.576779 1.000000
vt 0.573034 0.000000
vt 0.573034 1.000000
vt 0.569288 0.000000
vt 0.565543 1.000000
vt 0.569288 1.000000
vt 0.565543 0.000000
vt 0.561798 0.000000
vt 0.561798 1.000000
vt 0.558052 0.000000
vt 0.558052 1.000000
vt 0.554307 0.000000
vt 0.554307 1.000000
vt 0.550562 0.000000
vt 0.546816 1.000000
vt 0.550562 1.000000
vt 0.501873 0.000000
vt 0.501873 1.000000
vt 0.505618 1.000000
vt 0.505618 0.000000
vt 0.516854 1.000000
vt 0.516854 0.000000
vt 0.524345 0.000000
vt 0.535581 0.000000
vt 0.528090 1.000000
vt 0.546816 0.000000
vt 0.498127 1.000000
vt 0.599211 0.000000
vt 0.596055 0.000000
vt 0.595661 0.000000
vt 0.601183 0.000000
vt 0.601578 0.000000
vt 0.498127 0.000000
vt 0.494382 0.000000
vt 0.494382 1.000000
vt 0.490637 0.000000
vt 0.490637 1.000000
vt 0.486891 0.000000
vt 0.486891 1.000000
vt 0.483146 0.000000
vt 0.483146 1.000000
vt 0.479401 0.000000
vt 0.479401 1.000000
vt 0.475655 0.000000
vt 0.475655 1.000000
vt 0.471910 0.000000
vt 0.471910 1.000000
vt 0.468165 0.000000
vt 0.468165 1.000000
vt 0.464419 0.000000
vt 0.464419 1.000000
vt 0.460674 0.000000
vt 0.460674 1.000000
vt 0.456929 0.000000
vt 0.456929 1.000000
vt 0.411985 0.000000
vt 0.411985 1.000000
vt 0.408240 0.000000
vt 0.408240 1.000000
vt 0.404494 0.000000
vt 0.404494 1.000000
vt 0.400749 0.000000
vt 0.400749 1.000000
vt 0.397004 0.000000
vt 0.397004 1.000000
vt 0.393258 0.000000
vt 0.393258 1.000000
vt 0.389513 0.000000
vt 0.389513 1.000000
vt 0.385768 0.000000
vt 0.385768 1.000000
vt 0.382022 0.000000
vt 0.378277 1.000000
vt 0.382022 1.000000
vt 0.378277 0.000000
vt 0.374532 0.000000
vt 0.374532 1.000000
vt 0.370787 0.000000
vt 0.614990 0.000000
vt 0.614596 0.000000
vt 0.582643 0.000000
vt 0.615485 0.000000
vt 0.582249 0.000000
vt 0.614201 0.000000
vt 0.583432 0.000000
vt 0.583038 0.000000
vt 0.583826 0.000000
vt 0.613807 0.000000
vt 0.613412 0.000000
vt 0.584221 0.000000
vt 0.613018 0.000000
vt 0.584615 0.000000
vt 0.585010 0.000000
vt 0.612623 0.000000
vt 0.612229 0.000000
vt 0.585404 0.000000
vt 0.611834 0.000000
vt 0.585799 0.000000
vt 0.586193 0.000000
vt 0.611440 0.000000
vt 0.586588 0.000000
vt 0.611045 0.000000
vt 0.610651 0.000000
vt 0.586982 0.000000
vt 0.594083 0.000000
vt 0.592505 0.000000
vt 0.603550 0.000000
vt 0.602761 0.000000
vt 0.605917 0.000000
vt 0.605128 0.000000
vt 0.604339 0.000000
vt 0.605523 0.000000
vt 0.604734 0.000000
vt 0.603945 0.000000
vt 0.603156 0.000000
vt 0.601972 0.000000
vt 0.593294 0.000000
vt 0.591716 0.000000
vt 0.592110 0.000000
vt 0.592900 0.000000
vt 0.593688 0.000000
vt 0.594477 0.000000
vt 0.594872 0.000000
vt 0.595266 0.000000
vt 0.602367 0.000000
vt 0.370787 1.000000
vt 0.367041 0.000000
vt 0.348315 0.000000
vt 0.337079 0.000000
vt 0.348315 1.000000
vt 0.355805 0.000000
vt 0.363296 1.000000
vt 0.367041 1.000000
vt 0.322097 0.000000
vt 0.322097 1.000000
vt 0.577120 0.000000
vt 0.615779 0.000000
vt 0.318352 1.000000
vt 0.314607 1.000000
vt 0.318352 0.000000
vt 0.314607 0.000000
vt 0.310861 0.000000
vt 0.310861 1.000000
vt 0.307116 0.000000
vt 0.307116 1.000000
vt 0.303371 0.000000
vt 0.303371 1.000000
vt 0.299625 0.000000
vt 0.299625 1.000000
vt 0.295880 0.000000
vt 0.295880 1.000000
vt 0.292135 0.000000
vt 0.292135 1.000000
vt 0.288390 0.000000
vt 0.288390 1.000000
vt 0.284644 0.000000
vt 0.284644 1.000000
vt 0.280899 0.000000
vt 0.280899 1.000000
vt 0.277154 0.000000
vt 0.232210 1.000000
vt 0.277154 1.000000
vt 0.232210 0.000000
vt 0.228464 0.000000
vt 0.228464 1.000000
vt 0.224719 0.000000
vt 0.224719 1.000000
vt 0.220974 0.000000
vt 0.220974 1.000000
vt 0.217228 0.000000
vt 0.217228 1.000000
vt 0.213483 0.000000
vt 0.213483 1.000000
vt 0.209738 0.000000
vt 0.209738 1.000000
vt 0.205993 0.000000
vt 0.205993 1.000000
vt 0.202247 0.000000
vt 0.202247 1.000000
vt 0.198502 0.000000
vt 0.198502 1.000000
vt 0.194757 0.000000
vt 0.194757 1.000000
vt 0.191011 0.000000
vt 0.191011 1.000000
vt 0.187266 0.000000
vt 0.563314 0.000000
vt 0.568047 0.000000
vt 0.565680 0.000000
vt 0.564103 0.000000
vt 0.567258 0.000000
vt 0.572781 0.000000
vt 0.563414 0.000000
vt 0.574754 0.000000
vt 0.573965 0.000000
vt 0.573176 0.000000
vt 0.575542 0.000000
vt 0.576331 0.000000
vt 0.624458 0.000000
vt 0.623669 0.000000
vt 0.620513 0.000000
vt 0.629586 0.000000
vt 0.563708 0.000000
vt 0.564892 0.000000
vt 0.564497 0.000000
vt 0.565286 0.000000
vt 0.566075 0.000000
vt 0.566469 0.000000
vt 0.566864 0.000000
vt 0.567653 0.000000
vt 0.573570 0.000000
vt 0.574359 0.000000
vt 0.575148 0.000000
vt 0.575937 0.000000
vt 0.576726 0.000000
vt 0.620118 0.000000
vt 0.624852 0.000000
vt 0.620907 0.000000
vt 0.622091 0.000000
vt 0.621302 0.000000
vt 0.621696 0.000000
vt 0.622485 0.000000
vt 0.622880 0.000000
vt 0.623274 0.000000
vt 0.624063 0.000000
vt 0.179775 1.000000
vt 0.176030 0.000000
vt 0.172285 0.000000
vt 0.153558 1.000000
vt 0.142322 0.000000
vt 0.142322 1.000000
vt 0.187266 1.000000
vt 0.138577 0.000000
vt 0.558185 0.000000
vt 0.557791 0.000000
vt 0.630375 0.000000
vt 0.620450 0.000000
vt 0.561060 0.000000
vt 0.138577 1.000000
vt 0.134831 0.000000
vt 0.134831 1.000000
vt 0.131086 0.000000
vt 0.131086 1.000000
vt 0.127341 0.000000
vt 0.127341 1.000000
vt 0.123596 0.000000
vt 0.123596 1.000000
vt 0.119850 0.000000
vt 0.119850 1.000000
vt 0.116105 0.000000
vt 0.116105 1.000000
vt 0.112360 0.000000
vt 0.108614 1.000000
vt 0.112360 1.000000
vt 0.108614 0.000000
vt 0.104869 0.000000
vt 0.104869 1.000000
vt 0.101124 0.000000
vt 0.101124 1.000000
vt 0.097378 0.000000
vt 0.052434 0.000000
vt 0.052434 1.000000
vt 0.048689 0.000000
vt 0.048689 1.000000
vt 0.044944 0.000000
vt 0.044944 1.000000
vt 0.041199 0.000000
vt 0.041199 1.000000
vt 0.037453 0.000000
vt 0.037453 1.000000
vt 0.033708 0.000000
vt 0.033708 1.000000
vt 0.029963 0.000000
vt 0.029963 1.000000
vt 0.026217 0.000000
vt 0.026217 1.000000
vt 0.022472 0.000000
vt 0.022472 1.000000
vt 0.018727 0.000000
vt 0.018727 1.000000
vt 0.014981 0.000000
vt 0.014981 1.000000
vt 0.011236 0.000000
vt 0.011236 1.000000
vt 0.007491 0.000000
vt 0.007491 1.000000
vt 0.003745 0.000000
vt 0.544379 0.000000
vt 0.642604 0.000000
vt 0.642209 0.000000
vt 0.642998 0.000000
vt 0.543984 0.000000
vt 0.643393 0.000000
vt 0.643787 0.000000
vt 0.641026 0.000000
vt 0.548718 0.000000
vt 0.639448 0.000000
vt 0.634714 0.000000
vt 0.553846 0.000000
vt 0.640631 0.000000
vt 0.549112 0.000000
vt 0.640237 0.000000
vt 0.641420 0.000000
vt 0.644181 0.000000
vt 0.543590 0.000000
vt 0.641815 0.000000
vt 0.544773 0.000000
vt 0.545168 0.000000
vt 0.548323 0.000000
vt 0.545562 0.000000
vt 0.547929 0.000000
vt 0.546746 0.000000
vt 0.546351 0.000000
vt 0.545957 0.000000
vt 0.547140 0.000000
vt 0.547535 0.000000
vt 0.639842 0.000000
vt 0.634320 0.000000
vt 0.554241 0.000000
vt 0.633925 0.000000
vt 0.554635 0.000000
vt 0.555030 0.000000
vt 0.633531 0.000000
vt 0.633136 0.000000
vt 0.555424 0.000000
vt 0.632742 0.000000
vt 0.555819 0.000000
vt 0.556213 0.000000
vt 0.632347 0.000000
vt 0.631953 0.000000
vt 0.556607 0.000000
vt 0.631558 0.000000
vt 0.557002 0.000000
vt 0.557396 0.000000
vt 0.631164 0.000000
vt 0.630769 0.000000
vt 0.003745 1.000000
vt 0.996528 1.000000
vt 0.996528 0.000000
vt 0.993056 0.000000
vt 0.993056 1.000000
vt 0.986111 0.000000
vt 0.986111 1.000000
vt 0.982639 0.000000
vt 0.982639 1.000000
vt 0.979167 0.000000
vt 0.975694 0.000000
vt 0.975694 1.000000
vt 0.972222 0.000000
vt 0.972222 1.000000
vt 0.965278 0.000000
vt 0.965278 1.000000
vt 0.961806 0.000000
vt 0.961806 1.000000
vt 0.958333 0.000000
vt 0.958333 1.000000
vt 0.913194 0.000000
vt 0.913194 1.000000
vt 0.909722 0.000000
vt 0.909722 1.000000
vt 0.902778 0.000000
vt 0.902778 1.000000
vt 0.899306 0.000000
vt 0.899306 1.000000
vt 0.895833 0.000000
vt 0.892361 1.000000
vt 0.895833 1.000000
vt 0.892361 0.000000
vt 0.888889 0.000000
vt 0.888889 1.000000
vt 0.885417 0.000000
vt 0.885417 1.000000
vt 0.881944 0.000000
vt 0.881944 1.000000
vt 0.878472 0.000000
vt 0.878472 1.000000
vt 0.871528 0.000000
vt 0.871528 1.000000
vt 0.868056 0.000000
vt 0.868056 1.000000
vt 0.861111 0.000000
vt 0.861111 1.000000
vt 0.857639 0.000000
vt 0.857639 1.000000
vt 0.850694 0.000000
vt 0.850694 1.000000
vt 0.847222 0.000000
vt 0.847222 1.000000
vt 0.840278 0.000000
vt 0.836806 1.000000
vt 0.840278 1.000000
vt 0.836806 0.000000
vt 0.829861 0.000000
vt 0.826389 1.000000
vt 0.829861 1.000000
vt 0.826389 0.000000
vt 0.819444 0.000000
vt 0.819444 1.000000
vt 0.815972 0.000000
vt 0.815972 1.000000
vt 0.809028 0.000000
vt 0.805556 1.000000
vt 0.809028 1.000000
vt 0.805556 0.000000
vt 0.798611 1.000000
vt 0.798611 0.000000
vt 0.795139 0.000000
vt 0.795139 1.000000
vt 0.746528 0.000000
vt 0.746528 1.000000
vt 0.743056 0.000000
vt 0.743056 1.000000
vt 0.736111 0.000000
vt 0.736111 1.000000
vt 0.732639 0.000000
vt 0.732639 1.000000
vt 0.729167 0.000000
vt 0.729167 1.000000
vt 0.725694 0.000000
vt 0.725694 1.000000
vt 0.722222 0.000000
vt 0.722222 1.000000
vt 0.718750 0.000000
vt 0.715278 1.000000
vt 0.718750 1.000000
vt 0.715278 0.000000
vt 0.711806 0.000000
vt 0.711806 1.000000
vt 0.708333 0.000000
vt 0.708333 1.000000
vt 0.680556 0.000000
vt 0.680556 1.000000
vt 0.677083 0.000000
vt 0.677083 1.000000
vt 0.673611 0.000000
vt 0.673611 1.000000
vt 0.670139 0.000000
vt 0.670139 1.000000
vt 0.663194 0.000000
vt 0.663194 1.000000
vt 0.659722 0.000000
vt 0.659722 1.000000
vt 0.652778 0.000000
vt 0.652778 1.000000
vt 0.649306 0.000000
vt 0.649306 1.000000
vt 0.645833 0.000000
vt 0.645833 1.000000
vt 0.642361 0.000000
vt 0.642361 1.000000
vt 0.638889 0.000000
vt 0.628472 1.000000
vt 0.638889 1.000000
vt 0.597222 0.000000
vt 0.597222 1.000000
vt 0.590278 0.000000
vt 0.590278 1.000000
vt 0.586806 0.000000
vt 0.586806 1.000000
vt 0.579861 0.000000
vt 0.576389 1.000000
vt 0.579861 1.000000
vt 0.576389 0.000000
vt 0.569444 0.000000
vt 0.569444 1.000000
vt 0.565972 0.000000
vt 0.565972 1.000000
vt 0.559028 0.000000
vt 0.559028 1.000000
vt 0.555556 0.000000
vt 0.555556 1.000000
vt 0.517361 0.000000
vt 0.517361 1.000000
vt 0.513889 0.000000
vt 0.513889 1.000000
vt 0.506944 0.000000
vt 0.506944 1.000000
vt 0.503472 0.000000
vt 0.503472 1.000000
vt 0.496528 0.000000
vt 0.496528 1.000000
vt 0.493056 0.000000
vt 0.493056 1.000000
vt 0.486111 0.000000
vt 0.486111 1.000000
vt 0.482639 0.000000
vt 0.482639 1.000000
vt 0.479167 0.000000
vt 0.434028 0.000000
vt 0.434028 1.000000
vt 0.430556 0.000000
vt 0.427083 1.000000
vt 0.430556 1.000000
vt 0.423611 1.000000
vt 0.427083 0.000000
vt 0.423611 0.000000
vt 0.420139 0.000000
vt 0.420139 1.000000
vt 0.413194 0.000000
vt 0.413194 1.000000
vt 0.409722 0.000000
vt 0.409722 1.000000
vt 0.402778 0.000000
vt 0.402778 1.000000
vt 0.399306 0.000000
vt 0.399306 1.000000
vt 0.395833 0.000000
vt 0.395833 1.000000
vt 0.381944 0.000000
vt 0.378472 1.000000
vt 0.381944 1.000000
vt 0.378472 0.000000
vt 0.371528 0.000000
vt 0.368056 1.000000
vt 0.371528 1.000000
vt 0.368056 0.000000
vt 0.361111 0.000000
vt 0.361111 1.000000
vt 0.357639 0.000000
vt 0.357639 1.000000
vt 0.350694 0.000000
vt 0.350694 1.000000
vt 0.347222 0.000000
vt 0.347222 1.000000
vt 0.340278 0.000000
vt 0.340278 1.000000
vt 0.326389 0.000000
vt 0.326389 1.000000
vt 0.319444 0.000000
vt 0.319444 1.000000
vt 0.315972 0.000000
vt 0.315972 1.000000
vt 0.309028 0.000000
vt 0.309028 1.000000
vt 0.305556 0.000000
vt 0.305556 1.000000
vt 0.298611 0.000000
vt 0.298611 1.000000
vt 0.295139 0.000000
vt 0.295139 1.000000
vt 0.288194 0.000000
vt 0.288194 1.000000
vt 0.284722 0.000000
vt 0.284722 1.000000
vt 0.277778 0.000000
vt 0.277778 1.000000
vt 0.274306 0.000000
vt 0.274306 1.000000
vt 0.267361 0.000000
vt 0.267361 1.000000
vt 0.263889 0.000000
vt 0.263889 1.000000
vt 0.256944 0.000000
vt 0.256944 1.000000
vt 0.253472 0.000000
vt 0.253472 1.000000
vt 0.246528 0.000000
vt 0.246528 1.000000
vt 0.243056 0.000000
vt 0.211806 0.000000
vt 0.211806 1.000000
vt 0.229167 0.000000
vt 0.239583 1.000000
vt 0.243056 1.000000
vt 0.201389 0.000000
vt 0.201389 1.000000
vt 0.197917 0.000000
vt 0.197917 1.000000
vt 0.194444 0.000000
vt 0.194444 1.000000
vt 0.190972 0.000000
vt 0.190972 1.000000
vt 0.187500 0.000000
vt 0.187500 1.000000
vt 0.184028 0.000000
vt 0.184028 1.000000
vt 0.180556 0.000000
vt 0.180556 1.000000
vt 0.177083 0.000000
vt 0.173611 0.000000
vt 0.173611 1.000000
vt 0.170139 0.000000
vt 0.170139 1.000000
vt 0.163194 0.000000
vt 0.163194 1.000000
vt 0.159722 0.000000
vt 0.159722 1.000000
vt 0.152778 0.000000
vt 0.152778 1.000000
vt 0.149306 0.000000
vt 0.149306 1.000000
vt 0.145833 0.000000
vt 0.145833 1.000000
vt 0.142361 0.000000
vt 0.142361 1.000000
vt 0.138889 0.000000
vt 0.138889 1.000000
vt 0.135417 0.000000
vt 0.135417 1.000000
vt 0.131944 0.000000
vt 0.131944 1.000000
vt 0.128472 0.000000
vt 0.128472 1.000000
vt 0.121528 0.000000
vt 0.118056 1.000000
vt 0.121528 1.000000
vt 0.118056 0.000000
vt 0.076389 0.000000
vt 0.076389 1.000000
vt 0.069444 0.000000
vt 0.069444 1.000000
vt 0.065972 0.000000
vt 0.065972 1.000000
vt 0.059028 0.000000
vt 0.059028 1.000000
vt 0.055556 0.000000
vt 0.055556 1.000000
vt 0.048611 0.000000
vt 0.048611 1.000000
vt 0.045139 0.000000
vt 0.045139 1.000000
vt 0.038194 0.000000
vt 0.038194 1.000000
vt 0.034722 0.000000
vt 0.034722 1.000000
vt 0.472584 0.000000
vt 0.472189 0.000000
vt 0.437475 0.000000
vt 0.471795 0.000000
vt 0.436686 0.000000
vt 0.473373 0.000000
vt 0.472978 0.000000
vt 0.471400 0.000000
vt 0.437870 0.000000
vt 0.471006 0.000000
vt 0.540434 0.000000
vt 0.475740 0.000000
vt 0.475345 0.000000
vt 0.470611 0.000000
vt 0.438264 0.000000
vt 0.470217 0.000000
vt 0.530178 0.000000
vt 0.529783 0.000000
vt 0.485996 0.000000
vt 0.529389 0.000000
vt 0.488363 0.000000
vt 0.469822 0.000000
vt 0.526627 0.000000
vt 0.526233 0.000000
vt 0.497436 0.000000
vt 0.469428 0.000000
vt 0.438659 0.000000
vt 0.525838 0.000000
vt 0.467061 0.000000
vt 0.468639 0.000000
vt 0.525444 0.000000
vt 0.525049 0.000000
vt 0.524655 0.000000
vt 0.502564 0.000000
vt 0.524260 0.000000
vt 0.523866 0.000000
vt 0.465089 0.000000
vt 0.464694 0.000000
vt 0.444181 0.000000
vt 0.523471 0.000000
vt 0.502959 0.000000
vt 0.464300 0.000000
vt 0.523077 0.000000
vt 0.463905 0.000000
vt 0.444576 0.000000
vt 0.522682 0.000000
vt 0.463511 0.000000
vt 0.478106 0.000000
vt 0.477712 0.000000
vt 0.538856 0.000000
vt 0.478501 0.000000
vt 0.532544 0.000000
vt 0.484418 0.000000
vt 0.532939 0.000000
vt 0.522288 0.000000
vt 0.503353 0.000000
vt 0.521894 0.000000
vt 0.478895 0.000000
vt 0.532150 0.000000
vt 0.479290 0.000000
vt 0.534122 0.000000
vt 0.531755 0.000000
vt 0.479684 0.000000
vt 0.486785 0.000000
vt 0.495858 0.000000
vt 0.528994 0.000000
vt 0.512032 0.000000
vt 0.510454 0.000000
vt 0.515187 0.000000
vt 0.521105 0.000000
vt 0.520710 0.000000
vt 0.504142 0.000000
vt 0.520316 0.000000
vt 0.512821 0.000000
vt 0.513610 0.000000
vt 0.497041 0.000000
vt 0.527416 0.000000
vt 0.527022 0.000000
vt 0.528205 0.000000
vt 0.496647 0.000000
vt 0.528600 0.000000
vt 0.496252 0.000000
vt 0.527811 0.000000
vt 0.485207 0.000000
vt 0.530966 0.000000
vt 0.530572 0.000000
vt 0.484813 0.000000
vt 0.531361 0.000000
vt 0.485602 0.000000
vt 0.486391 0.000000
vt 0.487179 0.000000
vt 0.487574 0.000000
vt 0.487968 0.000000
vt 0.488757 0.000000
vt 0.489152 0.000000
vt 0.495464 0.000000
vt 0.493097 0.000000
vt 0.493491 0.000000
vt 0.493886 0.000000
vt 0.495069 0.000000
vt 0.494675 0.000000
vt 0.494280 0.000000
vt 0.521499 0.000000
vt 0.503748 0.000000
vt 0.504537 0.000000
vt 0.504931 0.000000
vt 0.519921 0.000000
vt 0.505325 0.000000
vt 0.505720 0.000000
vt 0.506114 0.000000
vt 0.506509 0.000000
vt 0.506903 0.000000
vt 0.507298 0.000000
vt 0.511243 0.000000
vt 0.510848 0.000000
vt 0.511637 0.000000
vt 0.512426 0.000000
vt 0.513215 0.000000
vt 0.514398 0.000000
vt 0.514004 0.000000
vt 0.514793 0.000000
vt 0.463116 0.000000
vt 0.457199 0.000000
vt 0.477318 0.000000
vt 0.533728 0.000000
vt 0.462722 0.000000
vt 0.476923 0.000000
vt 0.539250 0.000000
vt 0.540828 0.000000
vt 0.543195 0.000000
vt 0.443787 0.000000
vt 0.465878 0.000000
vt 0.465483 0.000000
vt 0.462327 0.000000
vt 0.461538 0.000000
vt 0.458777 0.000000
vt 0.461933 0.000000
vt 0.461144 0.000000
vt 0.460355 0.000000
vt 0.457988 0.000000
vt 0.450493 0.000000
vt 0.449704 0.000000
vt 0.448126 0.000000
vt 0.451282 0.000000
vt 0.466272 0.000000
vt 0.469034 0.000000
vt 0.443393 0.000000
vt 0.436292 0.000000
vt 0.474951 0.000000
vt 0.476529 0.000000
vt 0.539645 0.000000
vt 0.476134 0.000000
vt 0.540039 0.000000
vt 0.541223 0.000000
vt 0.542406 0.000000
vt 0.541617 0.000000
vt 0.542012 0.000000
vt 0.542801 0.000000
vt 0.429980 0.000000
vt 0.433925 0.000000
vt 0.434320 0.000000
vt 0.434714 0.000000
vt 0.435897 0.000000
vt 0.435108 0.000000
vt 0.435503 0.000000
vt 0.437081 0.000000
vt 0.444970 0.000000
vt 0.445365 0.000000
vt 0.445759 0.000000
vt 0.446154 0.000000
vt 0.446548 0.000000
vt 0.452465 0.000000
vt 0.447337 0.000000
vt 0.446943 0.000000
vt 0.452071 0.000000
vt 0.447732 0.000000
vt 0.448521 0.000000
vt 0.448915 0.000000
vt 0.449310 0.000000
vt 0.450099 0.000000
vt 0.450888 0.000000
vt 0.451677 0.000000
vt 0.457594 0.000000
vt 0.458383 0.000000
vt 0.459566 0.000000
vt 0.459172 0.000000
vt 0.459961 0.000000
vt 0.460750 0.000000
vt 0.783333 0.000000
vt 0.716667 1.000000
vt 0.677419 1.000000
vt 0.414201 0.000000
vt 0.357791 0.000000
vt 0.414596 0.000000
vt 0.416568 0.000000
vt 0.416174 0.000000
vt 0.355424 0.000000
vt 0.354635 0.000000
vt 0.416963 0.000000
vt 0.417357 0.000000
vt 0.417751 0.000000
vt 0.411834 0.000000
vt 0.411440 0.000000
vt 0.358974 0.000000
vt 0.411045 0.000000
vt 0.418146 0.000000
vt 0.418540 0.000000
vt 0.410651 0.000000
vt 0.363708 0.000000
vt 0.410256 0.000000
vt 0.418935 0.000000
vt 0.419329 0.000000
vt 0.415385 0.000000
vt 0.357002 0.000000
vt 0.415779 0.000000
vt 0.419724 0.000000
vt 0.420118 0.000000
vt 0.413807 0.000000
vt 0.358185 0.000000
vt 0.409467 0.000000
vt 0.409073 0.000000
vt 0.364103 0.000000
vt 0.409862 0.000000
vt 0.358580 0.000000
vt 0.412229 0.000000
vt 0.357396 0.000000
vt 0.414990 0.000000
vt 0.413412 0.000000
vt 0.413018 0.000000
vt 0.356213 0.000000
vt 0.420513 0.000000
vt 0.423274 0.000000
vt 0.355030 0.000000
vt 0.355819 0.000000
vt 0.356608 0.000000
vt 0.412623 0.000000
vt 0.364497 0.000000
vt 0.364892 0.000000
vt 0.408679 0.000000
vt 0.365286 0.000000
vt 0.366075 0.000000
vt 0.365681 0.000000
vt 0.366469 0.000000
vt 0.366864 0.000000
vt 0.391716 0.000000
vt 0.391322 0.000000
vt 0.344773 0.000000
vt 0.392110 0.000000
vt 0.392505 0.000000
vt 0.340039 0.000000
vt 0.392899 0.000000
vt 0.339645 0.000000
vt 0.393294 0.000000
vt 0.393688 0.000000
vt 0.394083 0.000000
vt 0.394477 0.000000
vt 0.387377 0.000000
vt 0.386982 0.000000
vt 0.348718 0.000000
vt 0.386588 0.000000
vt 0.349507 0.000000
vt 0.339251 0.000000
vt 0.394872 0.000000
vt 0.386193 0.000000
vt 0.354241 0.000000
vt 0.385799 0.000000
vt 0.395266 0.000000
vt 0.395661 0.000000
vt 0.385404 0.000000
vt 0.385010 0.000000
vt 0.338856 0.000000
vt 0.396055 0.000000
vt 0.384615 0.000000
vt 0.384221 0.000000
vt 0.396844 0.000000
vt 0.396450 0.000000
vt 0.401183 0.000000
vt 0.383826 0.000000
vt 0.383432 0.000000
vt 0.388166 0.000000
vt 0.346746 0.000000
vt 0.388560 0.000000
vt 0.346351 0.000000
vt 0.388955 0.000000
vt 0.347140 0.000000
vt 0.387771 0.000000
vt 0.345168 0.000000
vt 0.390533 0.000000
vt 0.390138 0.000000
vt 0.397239 0.000000
vt 0.397633 0.000000
vt 0.398028 0.000000
vt 0.398422 0.000000
vt 0.398817 0.000000
vt 0.399211 0.000000
vt 0.399606 0.000000
vt 0.400000 0.000000
vt 0.400394 0.000000
vt 0.400789 0.000000
vt 0.334122 0.000000
vt 0.333728 0.000000
vt 0.334911 0.000000
vt 0.334517 0.000000
vt 0.335306 0.000000
vt 0.335700 0.000000
vt 0.336095 0.000000
vt 0.336489 0.000000
vt 0.336884 0.000000
vt 0.337278 0.000000
vt 0.337673 0.000000
vt 0.338067 0.000000
vt 0.338462 0.000000
vt 0.390927 0.000000
vt 0.345562 0.000000
vt 0.389744 0.000000
vt 0.389349 0.000000
vt 0.345957 0.000000
vt 0.347535 0.000000
vt 0.347929 0.000000
vt 0.348323 0.000000
vt 0.349112 0.000000
vt 0.425641 0.000000
vt 0.425247 0.000000
vt 0.427613 0.000000
vt 0.427219 0.000000
vt 0.368442 0.000000
vt 0.428008 0.000000
vt 0.368047 0.000000
vt 0.428403 0.000000
vt 0.367653 0.000000
vt 0.367258 0.000000
vt 0.428797 0.000000
vt 0.429191 0.000000
vt 0.429586 0.000000
vt 0.406312 0.000000
vt 0.383038 0.000000
vt 0.406706 0.000000
vt 0.407101 0.000000
vt 0.426825 0.000000
vt 0.377515 0.000000
vt 0.382643 0.000000
vt 0.407495 0.000000
vt 0.407890 0.000000
vt 0.376331 0.000000
vt 0.374754 0.000000
vt 0.373176 0.000000
vt 0.426430 0.000000
vt 0.408284 0.000000
vt 0.426036 0.000000
vt 0.377120 0.000000
vt 0.373570 0.000000
vt 0.373964 0.000000
vt 0.374359 0.000000
vt 0.375542 0.000000
vt 0.375148 0.000000
vt 0.375937 0.000000
vt 0.376726 0.000000
vt 0.333332 0.000000
vt 0.332939 0.000000
vt 0.405917 0.000000
vt 0.951613 1.000000
vt 0.978495 1.000000
vt 0.993031 1.000000
vt 0.996516 1.000000
vt 0.996516 0.000000
vt 0.993031 0.000000
vt 0.989547 0.000000
vt 0.989547 1.000000
vt 0.986063 0.000000
vt 0.986063 1.000000
vt 0.982578 0.000000
vt 0.982578 1.000000
vt 0.979094 0.000000
vt 0.979094 1.000000
vt 0.975610 0.000000
vt 0.975610 1.000000
vt 0.972125 0.000000
vt 0.972125 1.000000
vt 0.968641 0.000000
vt 0.968641 1.000000
vt 0.965157 0.000000
vt 0.965157 1.000000
vt 0.961672 0.000000
vt 0.961672 1.000000
vt 0.958188 0.000000
vt 0.958188 1.000000
vt 0.954704 0.000000
vt 0.954704 1.000000
vt 0.951219 0.000000
vt 0.951219 1.000000
vt 0.947735 0.000000
vt 0.947735 1.000000
vt 0.944251 0.000000
vt 0.944251 1.000000
vt 0.940767 0.000000
vt 0.940767 1.000000
vt 0.937282 0.000000
vt 0.937282 1.000000
vt 0.933798 0.000000
vt 0.933798 1.000000
vt 0.930314 0.000000
vt 0.930314 1.000000
vt 0.926829 0.000000
vt 0.926829 1.000000
vt 0.923345 0.000000
vt 0.923345 1.000000
vt 0.919861 0.000000
vt 0.919861 1.000000
vt 0.916376 0.000000
vt 0.916376 1.000000
vt 0.912892 0.000000
vt 0.912892 1.000000
vt 0.909408 0.000000
vt 0.909408 1.000000
vt 0.905923 0.000000
vt 0.905923 1.000000
vt 0.902439 0.000000
vt 0.902439 1.000000
vt 0.898955 0.000000
vt 0.898955 1.000000
vt 0.895470 0.000000
vt 0.895470 1.000000
vt 0.891986 0.000000
vt 0.891986 1.000000
vt 0.888502 0.000000
vt 0.888502 1.000000
vt 0.885017 0.000000
vt 0.885017 1.000000
vt 0.881533 0.000000
vt 0.881533 1.000000
vt 0.878049 0.000000
vt 0.878049 1.000000
vt 0.874564 0.000000
vt 0.871080 1.000000
vt 0.874564 1.000000
vt 0.867596 1.000000
vt 0.871080 0.000000
vt 0.867596 0.000000
vt 0.864111 0.000000
vt 0.864111 1.000000
vt 0.860627 0.000000
vt 0.860627 1.000000
vt 0.857143 0.000000
vt 0.857143 1.000000
vt 0.853659 0.000000
vt 0.853659 1.000000
vt 0.850174 0.000000
vt 0.850174 1.000000
vt 0.846690 0.000000
vt 0.846690 1.000000
vt 0.843206 0.000000
vt 0.843206 1.000000
vt 0.839721 0.000000
vt 0.836237 1.000000
vt 0.839721 1.000000
vt 0.836237 0.000000
vt 0.832753 0.000000
vt 0.832753 1.000000
vt 0.829268 0.000000
vt 0.825784 1.000000
vt 0.829268 1.000000
vt 0.825784 0.000000
vt 0.822300 0.000000
vt 0.822300 1.000000
vt 0.818815 0.000000
vt 0.818815 1.000000
vt 0.815331 0.000000
vt 0.815331 1.000000
vt 0.811847 0.000000
vt 0.811847 1.000000
vt 0.808362 0.000000
vt 0.808362 1.000000
vt 0.804878 0.000000
vt 0.804878 1.000000
vt 0.801394 0.000000
vt 0.801394 1.000000
vt 0.797909 0.000000
vt 0.797909 1.000000
vt 0.794425 0.000000
vt 0.794425 1.000000
vt 0.790941 0.000000
vt 0.790941 1.000000
vt 0.787456 0.000000
vt 0.787456 1.000000
vt 0.783972 0.000000
vt 0.783972 1.000000
vt 0.780488 0.000000
vt 0.780488 1.000000
vt 0.777003 0.000000
vt 0.777003 1.000000
vt 0.773519 0.000000
vt 0.773519 1.000000
vt 0.770035 0.000000
vt 0.770035 1.000000
vt 0.766551 0.000000
vt 0.766551 1.000000
vt 0.763066 0.000000
vt 0.763066 1.000000
vt 0.759582 0.000000
vt 0.759582 1.000000
vt 0.756098 0.000000
vt 0.756098 1.000000
vt 0.752613 0.000000
vt 0.752613 1.000000
vt 0.749129 0.000000
vt 0.749129 1.000000
vt 0.707317 0.000000
vt 0.707317 1.000000
vt 0.703833 0.000000
vt 0.703833 1.000000
vt 0.700348 0.000000
vt 0.700348 1.000000
vt 0.696864 0.000000
vt 0.696864 1.000000
vt 0.693380 0.000000
vt 0.689895 1.000000
vt 0.693380 1.000000
vt 0.689895 0.000000
vt 0.686411 0.000000
vt 0.686411 1.000000
vt 0.682927 0.000000
vt 0.682927 1.000000
vt 0.679443 0.000000
vt 0.679443 1.000000
vt 0.675958 0.000000
vt 0.672474 1.000000
vt 0.675958 1.000000
vt 0.672474 0.000000
vt 0.668990 0.000000
vt 0.668990 1.000000
vt 0.665505 0.000000
vt 0.665505 1.000000
vt 0.658537 0.000000
vt 0.623693 1.000000
vt 0.648084 0.000000
vt 0.623693 0.000000
vt 0.620209 0.000000
vt 0.620209 1.000000
vt 0.616725 0.000000
vt 0.616725 1.000000
vt 0.613240 0.000000
vt 0.613240 1.000000
vt 0.609756 0.000000
vt 0.609756 1.000000
vt 0.606272 0.000000
vt 0.606272 1.000000
vt 0.602787 0.000000
vt 0.602787 1.000000
vt 0.599303 0.000000
vt 0.599303 1.000000
vt 0.595819 0.000000
vt 0.595819 1.000000
vt 0.592335 0.000000
vt 0.588850 1.000000
vt 0.592335 1.000000
vt 0.588850 0.000000
vt 0.585366 0.000000
vt 0.585366 1.000000
vt 0.581882 0.000000
vt 0.581882 1.000000
vt 0.540070 0.000000
vt 0.540070 1.000000
vt 0.536585 0.000000
vt 0.536585 1.000000
vt 0.533101 0.000000
vt 0.533101 1.000000
vt 0.529617 0.000000
vt 0.529617 1.000000
vt 0.526132 0.000000
vt 0.526132 1.000000
vt 0.522648 0.000000
vt 0.522648 1.000000
vt 0.519164 0.000000
vt 0.519164 1.000000
vt 0.515679 0.000000
vt 0.515679 1.000000
vt 0.512195 0.000000
vt 0.512195 1.000000
vt 0.508711 0.000000
vt 0.508711 1.000000
vt 0.505226 0.000000
vt 0.505226 1.000000
vt 0.501742 0.000000
vt 0.501742 1.000000
vt 0.498258 0.000000
vt 0.498258 1.000000
vt 0.494774 0.000000
vt 0.494774 1.000000
vt 0.491289 0.000000
vt 0.491289 1.000000
vt 0.487805 0.000000
vt 0.487805 1.000000
vt 0.484321 0.000000
vt 0.484321 1.000000
vt 0.480836 0.000000
vt 0.477352 1.000000
vt 0.480836 1.000000
vt 0.477352 0.000000
vt 0.473868 0.000000
vt 0.473868 1.000000
vt 0.470383 0.000000
vt 0.466899 1.000000
vt 0.470383 1.000000
vt 0.466899 0.000000
vt 0.463415 0.000000
vt 0.463415 1.000000
vt 0.459930 0.000000
vt 0.459930 1.000000
vt 0.456446 0.000000
vt 0.439024 1.000000
vt 0.452962 0.000000
vt 0.432056 0.000000
vt 0.428571 1.000000
vt 0.421603 0.000000
vt 0.421603 1.000000
vt 0.456446 1.000000
vt 0.418118 0.000000
vt 0.414634 1.000000
vt 0.418118 1.000000
vt 0.414634 0.000000
vt 0.411150 0.000000
vt 0.411150 1.000000
vt 0.407665 0.000000
vt 0.407665 1.000000
vt 0.404181 0.000000
vt 0.404181 1.000000
vt 0.400697 0.000000
vt 0.400697 1.000000
vt 0.397213 0.000000
vt 0.397213 1.000000
vt 0.393728 0.000000
vt 0.393728 1.000000
vt 0.390244 0.000000
vt 0.390244 1.000000
vt 0.386760 0.000000
vt 0.386760 1.000000
vt 0.383275 0.000000
vt 0.383275 1.000000
vt 0.379791 0.000000
vt 0.379791 1.000000
vt 0.376307 0.000000
vt 0.376307 1.000000
vt 0.372822 0.000000
vt 0.372822 1.000000
vt 0.369338 0.000000
vt 0.365854 1.000000
vt 0.369338 1.000000
vt 0.365854 0.000000
vt 0.362369 0.000000
vt 0.362369 1.000000
vt 0.358885 0.000000
vt 0.358885 1.000000
vt 0.355401 0.000000
vt 0.351916 1.000000
vt 0.355401 1.000000
vt 0.351916 0.000000
vt 0.348432 0.000000
vt 0.348432 1.000000
vt 0.344948 0.000000
vt 0.344948 1.000000
vt 0.341463 0.000000
vt 0.341463 1.000000
vt 0.337979 0.000000
vt 0.337979 1.000000
vt 0.296167 0.000000
vt 0.296167 1.000000
vt 0.292683 0.000000
vt 0.292683 1.000000
vt 0.289199 0.000000
vt 0.289199 1.000000
vt 0.285714 0.000000
vt 0.285714 1.000000
vt 0.282230 0.000000
vt 0.278746 1.000000
vt 0.282230 1.000000
vt 0.278746 0.000000
vt 0.275261 0.000000
vt 0.275261 1.000000
vt 0.271777 0.000000
vt 0.271777 1.000000
vt 0.268293 0.000000
vt 0.268293 1.000000
vt 0.264808 0.000000
vt 0.264808 1.000000
vt 0.261324 0.000000
vt 0.261324 1.000000
vt 0.257840 0.000000
vt 0.257840 1.000000
vt 0.254355 0.000000
vt 0.254355 1.000000
vt 0.250871 0.000000
vt 0.250871 1.000000
vt 0.247387 0.000000
vt 0.247387 1.000000
vt 0.243902 0.000000
vt 0.243902 1.000000
vt 0.240418 0.000000
vt 0.240418 1.000000
vt 0.236934 0.000000
vt 0.236934 1.000000
vt 0.233449 0.000000
vt 0.233449 1.000000
vt 0.229965 0.000000
vt 0.229965 1.000000
vt 0.226481 0.000000
vt 0.226481 1.000000
vt 0.222997 0.000000
vt 0.222997 1.000000
vt 0.219512 0.000000
vt 0.219512 1.000000
vt 0.216028 0.000000
vt 0.216028 1.000000
vt 0.212544 0.000000
vt 0.212544 1.000000
vt 0.209059 0.000000
vt 0.209059 1.000000
vt 0.205575 0.000000
vt 0.205575 1.000000
vt 0.202091 0.000000
vt 0.202091 1.000000
vt 0.198606 0.000000
vt 0.198606 1.000000
vt 0.195122 0.000000
vt 0.264300 0.000000
vt 0.263905 0.000000
vt 0.241420 0.000000
vt 0.265089 0.000000
vt 0.264694 0.000000
vt 0.265483 0.000000
vt 0.263511 0.000000
vt 0.265878 0.000000
vt 0.266272 0.000000
vt 0.266667 0.000000
vt 0.267061 0.000000
vt 0.252465 0.000000
vt 0.250888 0.000000
vt 0.249310 0.000000
vt 0.263116 0.000000
vt 0.257988 0.000000
vt 0.261538 0.000000
vt 0.259961 0.000000
vt 0.258383 0.000000
vt 0.262327 0.000000
vt 0.248521 0.000000
vt 0.267456 0.000000
vt 0.268245 0.000000
vt 0.241815 0.000000
vt 0.242209 0.000000
vt 0.242604 0.000000
vt 0.242998 0.000000
vt 0.243393 0.000000
vt 0.243787 0.000000
vt 0.244181 0.000000
vt 0.244576 0.000000
vt 0.244970 0.000000
vt 0.245365 0.000000
vt 0.246154 0.000000
vt 0.245759 0.000000
vt 0.253254 0.000000
vt 0.246548 0.000000
vt 0.246943 0.000000
vt 0.247337 0.000000
vt 0.247732 0.000000
vt 0.248126 0.000000
vt 0.248915 0.000000
vt 0.250099 0.000000
vt 0.249704 0.000000
vt 0.250493 0.000000
vt 0.251282 0.000000
vt 0.251677 0.000000
vt 0.252071 0.000000
vt 0.252860 0.000000
vt 0.262722 0.000000
vt 0.259172 0.000000
vt 0.258777 0.000000
vt 0.259566 0.000000
vt 0.260750 0.000000
vt 0.260355 0.000000
vt 0.261144 0.000000
vt 0.261933 0.000000
vt 0.195122 1.000000
vt 0.191638 0.000000
vt 0.191638 1.000000
vt 0.188153 0.000000
vt 0.188153 1.000000
vt 0.184669 0.000000
vt 0.184669 1.000000
vt 0.181185 0.000000
vt 0.181185 1.000000
vt 0.177700 0.000000
vt 0.177700 1.000000
vt 0.174216 0.000000
vt 0.174216 1.000000
vt 0.170732 0.000000
vt 0.170732 1.000000
vt 0.167247 0.000000
vt 0.167247 1.000000
vt 0.163763 0.000000
vt 0.163763 1.000000
vt 0.160279 0.000000
vt 0.160279 1.000000
vt 0.156794 0.000000
vt 0.156794 1.000000
vt 0.153310 0.000000
vt 0.153310 1.000000
vt 0.149826 0.000000
vt 0.149826 1.000000
vt 0.146341 0.000000
vt 0.146341 1.000000
vt 0.142857 0.000000
vt 0.142857 1.000000
vt 0.139373 0.000000
vt 0.139373 1.000000
vt 0.135889 0.000000
vt 0.135889 1.000000
vt 0.132404 0.000000
vt 0.132404 1.000000
vt 0.128920 0.000000
vt 0.128920 1.000000
vt 0.125436 0.000000
vt 0.125436 1.000000
vt 0.121951 0.000000
vt 0.121951 1.000000
vt 0.118467 0.000000
vt 0.118467 1.000000
vt 0.114983 0.000000
vt 0.114983 1.000000
vt 0.111498 0.000000
vt 0.111498 1.000000
vt 0.108014 0.000000
vt 0.108014 1.000000
vt 0.104530 0.000000
vt 0.101045 1.000000
vt 0.104530 1.000000
vt 0.101045 0.000000
vt 0.097561 0.000000
vt 0.097561 1.000000
vt 0.094077 0.000000
vt 0.094077 1.000000
vt 0.090592 0.000000
vt 0.090592 1.000000
vt 0.087108 0.000000
vt 0.087108 1.000000
vt 0.083624 0.000000
vt 0.083624 1.000000
vt 0.080139 0.000000
vt 0.076655 1.000000
vt 0.080139 1.000000
vt 0.073171 1.000000
vt 0.076655 0.000000
vt 0.073171 0.000000
vt 0.069686 0.000000
vt 0.069686 1.000000
vt 0.066202 0.000000
vt 0.066202 1.000000
vt 0.062718 0.000000
vt 0.062718 1.000000
vt 0.059233 0.000000
vt 0.059233 1.000000
vt 0.055749 0.000000
vt 0.055749 1.000000
vt 0.052265 0.000000
vt 0.052265 1.000000
vt 0.048780 0.000000
vt 0.048780 1.000000
vt 0.045296 0.000000
vt 0.045296 1.000000
vt 0.041812 0.000000
vt 0.041812 1.000000
vt 0.038328 0.000000
vt 0.038328 1.000000
vt 0.034843 0.000000
vt 0.034843 1.000000
vt 0.031359 0.000000
vt 0.027875 1.000000
vt 0.031359 1.000000
vt 0.027875 0.000000
vt 0.024390 0.000000
vt 0.024390 1.000000
vt 0.020906 0.000000
vt 0.020906 1.000000
vt 0.017422 0.000000
vt 0.017422 1.000000
vt 0.013937 0.000000
vt 0.013937 1.000000
vt 0.010453 0.000000
vt 0.006969 1.000000
vt 0.010453 1.000000
vt 0.006969 0.000000
vt 0.003484 0.000000
vt 0.003484 1.000000
vt 0.280473 0.000000
vt 0.304931 0.000000
vt 0.280868 0.000000
vt 0.289546 0.000000
vt 0.287968 0.000000
vt 0.286391 0.000000
vt 0.297041 0.000000
vt 0.295464 0.000000
vt 0.299014 0.000000
vt 0.306903 0.000000
vt 0.280079 0.000000
vt 0.279290 0.000000
vt 0.310848 0.000000
vt 0.279684 0.000000
vt 0.276529 0.000000
vt 0.324260 0.000000
vt 0.276923 0.000000
vt 0.276134 0.000000
vt 0.326233 0.000000
vt 0.275740 0.000000
vt 0.327811 0.000000
vt 0.274951 0.000000
vt 0.330572 0.000000
vt 0.275345 0.000000
vt 0.329389 0.000000
vt 0.274556 0.000000
vt 0.331755 0.000000
vt 0.219724 0.000000
vt 0.274162 0.000000
vt 0.220513 0.000000
vt 0.273767 0.000000
vt 0.221302 0.000000
vt 0.273373 0.000000
vt 0.222091 0.000000
vt 0.272978 0.000000
vt 0.222880 0.000000
vt 0.272584 0.000000
vt 0.224458 0.000000
vt 0.272189 0.000000
vt 0.271795 0.000000
vt 0.271400 0.000000
vt 0.269428 0.000000
vt 0.241026 0.000000
vt 0.240631 0.000000
vt 0.240237 0.000000
vt 0.239842 0.000000
vt 0.239448 0.000000
vt 0.238659 0.000000
vt 0.238264 0.000000
vt 0.239053 0.000000
vt 0.237870 0.000000
vt 0.237475 0.000000
vt 0.237081 0.000000
vt 0.236686 0.000000
vt 0.236292 0.000000
vt 0.235897 0.000000
vt 0.235503 0.000000
vt 0.235108 0.000000
vt 0.234714 0.000000
vt 0.233531 0.000000
vt 0.233925 0.000000
vt 0.234320 0.000000
vt 0.233136 0.000000
vt 0.232742 0.000000
vt 0.232347 0.000000
vt 0.231953 0.000000
vt 0.231558 0.000000
vt 0.231164 0.000000
vt 0.230769 0.000000
vt 0.230375 0.000000
vt 0.229980 0.000000
vt 0.229586 0.000000
vt 0.229191 0.000000
vt 0.228797 0.000000
vt 0.228402 0.000000
vt 0.228008 0.000000
vt 0.227613 0.000000
vt 0.227219 0.000000
vt 0.226824 0.000000
vt 0.226430 0.000000
vt 0.226036 0.000000
vt 0.225641 0.000000
vt 0.225247 0.000000
vt 0.224852 0.000000
vt 0.224063 0.000000
vt 0.223669 0.000000
vt 0.223274 0.000000
vt 0.222485 0.000000
vt 0.221696 0.000000
vt 0.220907 0.000000
vt 0.220118 0.000000
vt 0.332544 0.000000
vt 0.332150 0.000000
vt 0.331361 0.000000
vt 0.330967 0.000000
vt 0.330178 0.000000
vt 0.329783 0.000000
vt 0.328994 0.000000
vt 0.328600 0.000000
vt 0.328205 0.000000
vt 0.327416 0.000000
vt 0.327022 0.000000
vt 0.326627 0.000000
vt 0.325838 0.000000
vt 0.325444 0.000000
vt 0.325049 0.000000
vt 0.324655 0.000000
vt 0.323866 0.000000
vt 0.323471 0.000000
vt 0.323077 0.000000
vt 0.322682 0.000000
vt 0.322288 0.000000
vt 0.277318 0.000000
vt 0.321894 0.000000
vt 0.321499 0.000000
vt 0.321105 0.000000
vt 0.320710 0.000000
vt 0.320316 0.000000
vt 0.319921 0.000000
vt 0.277712 0.000000
vt 0.319527 0.000000
vt 0.319132 0.000000
vt 0.318343 0.000000
vt 0.278107 0.000000
vt 0.318738 0.000000
vt 0.317949 0.000000
vt 0.317554 0.000000
vt 0.317160 0.000000
vt 0.316765 0.000000
vt 0.316371 0.000000
vt 0.315976 0.000000
vt 0.278501 0.000000
vt 0.315582 0.000000
vt 0.315187 0.000000
vt 0.314398 0.000000
vt 0.278895 0.000000
vt 0.314793 0.000000
vt 0.314004 0.000000
vt 0.313609 0.000000
vt 0.312821 0.000000
vt 0.313215 0.000000
vt 0.312426 0.000000
vt 0.312032 0.000000
vt 0.311637 0.000000
vt 0.311243 0.000000
vt 0.310454 0.000000
vt 0.310059 0.000000
vt 0.309665 0.000000
vt 0.308876 0.000000
vt 0.309270 0.000000
vt 0.308481 0.000000
vt 0.308087 0.000000
vt 0.307692 0.000000
vt 0.307298 0.000000
vt 0.306509 0.000000
vt 0.306114 0.000000
vt 0.305720 0.000000
vt 0.305325 0.000000
vt 0.304537 0.000000
vt 0.299803 0.000000
vt 0.299408 0.000000
vt 0.298619 0.000000
vt 0.298225 0.000000
vt 0.297830 0.000000
vt 0.290335 0.000000
vt 0.285602 0.000000
vt 0.295069 0.000000
vt 0.285996 0.000000
vt 0.287180 0.000000
vt 0.286785 0.000000
vt 0.287574 0.000000
vt 0.288363 0.000000
vt 0.288757 0.000000
vt 0.289152 0.000000
vt 0.289941 0.000000
vt 0.296252 0.000000
vt 0.295858 0.000000
vt 0.296647 0.000000
vt 0.297436 0.000000
vt 0.687500 0.000000
vt 0.687500 1.000000
vt 0.479167 1.000000
vt 0.458333 0.000000
vt 0.458333 1.000000
vt 0.208333 1.000000
vt 0.229167 1.000000
vt 0.208333 0.000000
vt 0.208284 0.000000
vt 0.207890 0.000000
vt 0.193294 0.000000
vt 0.192899 0.000000
vt 0.208679 0.000000
vt 0.192505 0.000000
vt 0.209073 0.000000
vt 0.206706 0.000000
vt 0.194477 0.000000
vt 0.207101 0.000000
vt 0.191716 0.000000
vt 0.209862 0.000000
vt 0.209467 0.000000
vt 0.203550 0.000000
vt 0.203156 0.000000
vt 0.198028 0.000000
vt 0.189349 0.000000
vt 0.211834 0.000000
vt 0.211440 0.000000
vt 0.202761 0.000000
vt 0.202367 0.000000
vt 0.198817 0.000000
vt 0.188955 0.000000
vt 0.212229 0.000000
vt 0.201972 0.000000
vt 0.199211 0.000000
vt 0.201578 0.000000
vt 0.199606 0.000000
vt 0.188166 0.000000
vt 0.213018 0.000000
vt 0.212623 0.000000
vt 0.201183 0.000000
vt 0.200000 0.000000
vt 0.190927 0.000000
vt 0.210651 0.000000
vt 0.210256 0.000000
vt 0.191321 0.000000
vt 0.192110 0.000000
vt 0.195661 0.000000
vt 0.205917 0.000000
vt 0.205523 0.000000
vt 0.194083 0.000000
vt 0.207495 0.000000
vt 0.194872 0.000000
vt 0.206312 0.000000
vt 0.195266 0.000000
vt 0.205128 0.000000
vt 0.196055 0.000000
vt 0.203945 0.000000
vt 0.197239 0.000000
vt 0.204339 0.000000
vt 0.197633 0.000000
vt 0.198422 0.000000
vt 0.200394 0.000000
vt 0.200789 0.000000
vt 0.219329 0.000000
vt 0.218935 0.000000
vt 0.181854 0.000000
vt 0.218540 0.000000
vt 0.196844 0.000000
vt 0.204734 0.000000
vt 0.196450 0.000000
vt 0.193688 0.000000
vt 0.190138 0.000000
vt 0.211045 0.000000
vt 0.190533 0.000000
vt 0.189744 0.000000
vt 0.188560 0.000000
vt 0.187771 0.000000
vt 0.213412 0.000000
vt 0.186982 0.000000
vt 0.214201 0.000000
vt 0.213807 0.000000
vt 0.187377 0.000000
vt 0.214990 0.000000
vt 0.214596 0.000000
vt 0.186193 0.000000
vt 0.183432 0.000000
vt 0.183037 0.000000
vt 0.183826 0.000000
vt 0.184221 0.000000
vt 0.184615 0.000000
vt 0.185010 0.000000
vt 0.185404 0.000000
vt 0.185799 0.000000
vt 0.186588 0.000000
vt 0.216568 0.000000
vt 0.216963 0.000000
vt 0.216174 0.000000
vt 0.215779 0.000000
vt 0.217751 0.000000
vt 0.218146 0.000000
vt 0.215385 0.000000
vt 0.182643 0.000000
vt 0.182249 0.000000
vt 0.217357 0.000000
vt 0.995134 1.000000
vt 0.997567 1.000000
vt 0.997567 0.000000
vt 0.995134 0.000000
vt 0.992701 0.000000
vt 0.992701 1.000000
vt 0.990268 0.000000
vt 0.987835 1.000000
vt 0.990268 1.000000
vt 0.987835 0.000000
vt 0.985401 0.000000
vt 0.985401 1.000000
vt 0.982968 0.000000
vt 0.982968 1.000000
vt 0.980535 0.000000
vt 0.980535 1.000000
vt 0.978102 0.000000
vt 0.978102 1.000000
vt 0.975669 0.000000
vt 0.975669 1.000000
vt 0.973236 0.000000
vt 0.973236 1.000000
vt 0.970803 0.000000
vt 0.970803 1.000000
vt 0.941606 0.000000
vt 0.941606 1.000000
vt 0.939173 0.000000
vt 0.939173 1.000000
vt 0.936740 0.000000
vt 0.936740 1.000000
vt 0.934307 0.000000
vt 0.934307 1.000000
vt 0.931874 0.000000
vt 0.931874 1.000000
vt 0.929440 0.000000
vt 0.929440 1.000000
vt 0.927007 0.000000
vt 0.927007 1.000000
vt 0.924574 0.000000
vt 0.924574 1.000000
vt 0.922141 0.000000
vt 0.922141 1.000000
vt 0.919708 0.000000
vt 0.919708 1.000000
vt 0.917275 0.000000
vt 0.917275 1.000000
vt 0.914842 0.000000
vt 0.914842 1.000000
vt 0.912409 0.000000
vt 0.912409 1.000000
vt 0.909976 0.000000
vt 0.909976 1.000000
vt 0.907543 0.000000
vt 0.907543 1.000000
vt 0.905109 0.000000
vt 0.905109 1.000000
vt 0.902676 0.000000
vt 0.902676 1.000000
vt 0.900243 0.000000
vt 0.900243 1.000000
vt 0.897810 0.000000
vt 0.897810 1.000000
vt 0.895377 0.000000
vt 0.895377 1.000000
vt 0.892944 0.000000
vt 0.892944 1.000000
vt 0.890511 0.000000
vt 0.890511 1.000000
vt 0.888078 0.000000
vt 0.888078 1.000000
vt 0.885645 0.000000
vt 0.885645 1.000000
vt 0.883212 0.000000
vt 0.883212 1.000000
vt 0.880779 0.000000
vt 0.880779 1.000000
vt 0.878345 0.000000
vt 0.878345 1.000000
vt 0.875912 0.000000
vt 0.875912 1.000000
vt 0.873479 0.000000
vt 0.873479 1.000000
vt 0.871046 0.000000
vt 0.871046 1.000000
vt 0.868613 0.000000
vt 0.866180 1.000000
vt 0.868613 1.000000
vt 0.866180 0.000000
vt 0.863747 0.000000
vt 0.863747 1.000000
vt 0.861314 0.000000
vt 0.861314 1.000000
vt 0.858881 0.000000
vt 0.858881 1.000000
vt 0.856448 0.000000
vt 0.856448 1.000000
vt 0.854015 0.000000
vt 0.854015 1.000000
vt 0.851582 0.000000
vt 0.851582 1.000000
vt 0.849148 0.000000
vt 0.849148 1.000000
vt 0.846715 0.000000
vt 0.846715 1.000000
vt 0.844282 0.000000
vt 0.841849 1.000000
vt 0.844282 1.000000
vt 0.841849 0.000000
vt 0.839416 0.000000
vt 0.839416 1.000000
vt 0.836983 0.000000
vt 0.834550 1.000000
vt 0.836983 1.000000
vt 0.834550 0.000000
vt 0.832117 0.000000
vt 0.832117 1.000000
vt 0.829684 0.000000
vt 0.827251 1.000000
vt 0.829684 1.000000
vt 0.827251 0.000000
vt 0.824818 0.000000
vt 0.824818 1.000000
vt 0.822384 0.000000
vt 0.822384 1.000000
vt 0.819951 0.000000
vt 0.819951 1.000000
vt 0.817518 0.000000
vt 0.817518 1.000000
vt 0.815085 0.000000
vt 0.815085 1.000000
vt 0.812652 0.000000
vt 0.812652 1.000000
vt 0.810219 0.000000
vt 0.810219 1.000000
vt 0.807786 0.000000
vt 0.807786 1.000000
vt 0.805353 0.000000
vt 0.805353 1.000000
vt 0.802920 0.000000
vt 0.802920 1.000000
vt 0.800487 0.000000
vt 0.800487 1.000000
vt 0.798054 0.000000
vt 0.798054 1.000000
vt 0.795620 0.000000
vt 0.795620 1.000000
vt 0.766423 0.000000
vt 0.766423 1.000000
vt 0.763990 0.000000
vt 0.763990 1.000000
vt 0.761557 0.000000
vt 0.761557 1.000000
vt 0.759124 0.000000
vt 0.759124 1.000000
vt 0.756691 0.000000
vt 0.756691 1.000000
vt 0.754258 0.000000
vt 0.754258 1.000000
vt 0.751825 0.000000
vt 0.751825 1.000000
vt 0.749392 0.000000
vt 0.749392 1.000000
vt 0.746959 0.000000
vt 0.744526 1.000000
vt 0.746959 1.000000
vt 0.744526 0.000000
vt 0.742092 0.000000
vt 0.742092 1.000000
vt 0.739659 0.000000
vt 0.739659 1.000000
vt 0.737226 0.000000
vt 0.737226 1.000000
vt 0.734793 0.000000
vt 0.734793 1.000000
vt 0.732360 0.000000
vt 0.732360 1.000000
vt 0.729927 0.000000
vt 0.729927 1.000000
vt 0.727494 0.000000
vt 0.727494 1.000000
vt 0.725061 0.000000
vt 0.722628 1.000000
vt 0.725061 1.000000
vt 0.722628 0.000000
vt 0.720195 0.000000
vt 0.720195 1.000000
vt 0.717762 0.000000
vt 0.715328 1.000000
vt 0.717762 1.000000
vt 0.715328 0.000000
vt 0.712895 0.000000
vt 0.712895 1.000000
vt 0.710462 0.000000
vt 0.710462 1.000000
vt 0.708029 0.000000
vt 0.708029 1.000000
vt 0.705596 0.000000
vt 0.705596 1.000000
vt 0.676399 0.000000
vt 0.676399 1.000000
vt 0.673966 0.000000
vt 0.673966 1.000000
vt 0.671533 0.000000
vt 0.671533 1.000000
vt 0.669100 0.000000
vt 0.669100 1.000000
vt 0.664234 0.000000
vt 0.664234 1.000000
vt 0.661801 0.000000
vt 0.661801 1.000000
vt 0.659367 0.000000
vt 0.659367 1.000000
vt 0.656934 0.000000
vt 0.656934 1.000000
vt 0.654501 0.000000
vt 0.654501 1.000000
vt 0.652068 0.000000
vt 0.652068 1.000000
vt 0.649635 0.000000
vt 0.649635 1.000000
vt 0.647202 0.000000
vt 0.644769 1.000000
vt 0.647202 1.000000
vt 0.644769 0.000000
vt 0.642336 0.000000
vt 0.642336 1.000000
vt 0.639903 0.000000
vt 0.639903 1.000000
vt 0.637470 0.000000
vt 0.637470 1.000000
vt 0.635036 0.000000
vt 0.635036 1.000000
vt 0.632603 0.000000
vt 0.632603 1.000000
vt 0.630170 0.000000
vt 0.630170 1.000000
vt 0.627737 0.000000
vt 0.627737 1.000000
vt 0.625304 0.000000
vt 0.625304 1.000000
vt 0.622871 0.000000
vt 0.620438 1.000000
vt 0.622871 1.000000
vt 0.620438 0.000000
vt 0.618005 0.000000
vt 0.618005 1.000000
vt 0.615572 0.000000
vt 0.615572 1.000000
vt 0.613139 0.000000
vt 0.613139 1.000000
vt 0.610706 0.000000
vt 0.610706 1.000000
vt 0.608272 0.000000
vt 0.605839 1.000000
vt 0.608272 1.000000
vt 0.605839 0.000000
vt 0.603406 0.000000
vt 0.600973 1.000000
vt 0.603406 1.000000
vt 0.600973 0.000000
vt 0.598540 0.000000
vt 0.598540 1.000000
vt 0.596107 0.000000
vt 0.596107 1.000000
vt 0.593674 0.000000
vt 0.593674 1.000000
vt 0.591241 0.000000
vt 0.588808 1.000000
vt 0.591241 1.000000
vt 0.586375 1.000000
vt 0.588808 0.000000
vt 0.586375 0.000000
vt 0.583942 0.000000
vt 0.581509 1.000000
vt 0.583942 1.000000
vt 0.581509 0.000000
vt 0.579075 0.000000
vt 0.579075 1.000000
vt 0.576642 0.000000
vt 0.576642 1.000000
vt 0.574209 0.000000
vt 0.571776 1.000000
vt 0.574209 1.000000
vt 0.571776 0.000000
vt 0.569343 0.000000
vt 0.569343 1.000000
vt 0.566910 0.000000
vt 0.564477 1.000000
vt 0.566910 1.000000
vt 0.564477 0.000000
vt 0.562044 0.000000
vt 0.562044 1.000000
vt 0.559611 0.000000
vt 0.559611 1.000000
vt 0.557178 0.000000
vt 0.557178 1.000000
vt 0.554745 0.000000
vt 0.554745 1.000000
vt 0.552311 0.000000
vt 0.552311 1.000000
vt 0.549878 0.000000
vt 0.549878 1.000000
vt 0.547445 0.000000
vt 0.547445 1.000000
vt 0.545012 0.000000
vt 0.542579 1.000000
vt 0.545012 1.000000
vt 0.542579 0.000000
vt 0.540146 0.000000
vt 0.540146 1.000000
vt 0.537713 0.000000
vt 0.537713 1.000000
vt 0.535280 0.000000
vt 0.535280 1.000000
vt 0.532847 0.000000
vt 0.532847 1.000000
vt 0.530414 0.000000
vt 0.530414 1.000000
vt 0.527981 0.000000
vt 0.527981 1.000000
vt 0.525547 0.000000
vt 0.525547 1.000000
vt 0.523114 0.000000
vt 0.523114 1.000000
vt 0.520681 0.000000
vt 0.520681 1.000000
vt 0.518248 0.000000
vt 0.518248 1.000000
vt 0.515815 0.000000
vt 0.515815 1.000000
vt 0.513382 0.000000
vt 0.513382 1.000000
vt 0.510949 0.000000
vt 0.510949 1.000000
vt 0.508516 0.000000
vt 0.508516 1.000000
vt 0.506083 0.000000
vt 0.503650 1.000000
vt 0.506083 1.000000
vt 0.503650 0.000000
vt 0.501217 0.000000
vt 0.501217 1.000000
vt 0.498783 0.000000
vt 0.498783 1.000000
vt 0.496350 0.000000
vt 0.496350 1.000000
vt 0.493917 0.000000
vt 0.493917 1.000000
vt 0.491484 0.000000
vt 0.491484 1.000000
vt 0.489051 0.000000
vt 0.489051 1.000000
vt 0.486618 0.000000
vt 0.486618 1.000000
vt 0.484185 0.000000
vt 0.484185 1.000000
vt 0.481752 0.000000
vt 0.479319 1.000000
vt 0.481752 1.000000
vt 0.479319 0.000000
vt 0.476886 0.000000
vt 0.476886 1.000000
vt 0.474453 0.000000
vt 0.474453 1.000000
vt 0.472019 0.000000
vt 0.472019 1.000000
vt 0.469586 0.000000
vt 0.469586 1.000000
vt 0.467153 0.000000
vt 0.467153 1.000000
vt 0.464720 0.000000
vt 0.464720 1.000000
vt 0.462287 0.000000
vt 0.462287 1.000000
vt 0.459854 0.000000
vt 0.459854 1.000000
vt 0.457421 0.000000
vt 0.457421 1.000000
vt 0.454988 0.000000
vt 0.454988 1.000000
vt 0.452555 0.000000
vt 0.452555 1.000000
vt 0.450122 0.000000
vt 0.450122 1.000000
vt 0.447689 0.000000
vt 0.447689 1.000000
vt 0.445255 0.000000
vt 0.445255 1.000000
vt 0.442822 0.000000
vt 0.442822 1.000000
vt 0.440389 0.000000
vt 0.440389 1.000000
vt 0.437956 0.000000
vt 0.437956 1.000000
vt 0.435523 0.000000
vt 0.435523 1.000000
vt 0.433090 0.000000
vt 0.433090 1.000000
vt 0.430657 0.000000
vt 0.430657 1.000000
vt 0.428224 0.000000
vt 0.428224 1.000000
vt 0.425791 0.000000
vt 0.425791 1.000000
vt 0.423358 0.000000
vt 0.423358 1.000000
vt 0.420925 0.000000
vt 0.420925 1.000000
vt 0.418491 0.000000
vt 0.418491 1.000000
vt 0.416058 0.000000
vt 0.416058 1.000000
vt 0.413625 0.000000
vt 0.413625 1.000000
vt 0.411192 0.000000
vt 0.411192 1.000000
vt 0.408759 0.000000
vt 0.408759 1.000000
vt 0.406326 0.000000
vt 0.406326 1.000000
vt 0.403893 0.000000
vt 0.403893 1.000000
vt 0.401460 0.000000
vt 0.401460 1.000000
vt 0.399027 0.000000
vt 0.399027 1.000000
vt 0.396594 0.000000
vt 0.396594 1.000000
vt 0.394161 0.000000
vt 0.391728 1.000000
vt 0.394161 1.000000
vt 0.391728 0.000000
vt 0.389294 0.000000
vt 0.389294 1.000000
vt 0.386861 0.000000
vt 0.386861 1.000000
vt 0.384428 0.000000
vt 0.384428 1.000000
vt 0.355231 0.000000
vt 0.355231 1.000000
vt 0.352798 0.000000
vt 0.352798 1.000000
vt 0.350365 0.000000
vt 0.350365 1.000000
vt 0.347932 0.000000
vt 0.347932 1.000000
vt 0.345499 0.000000
vt 0.345499 1.000000
vt 0.343066 0.000000
vt 0.343066 1.000000
vt 0.340633 0.000000
vt 0.340633 1.000000
vt 0.338200 0.000000
vt 0.338200 1.000000
vt 0.335766 0.000000
vt 0.335766 1.000000
vt 0.330900 0.000000
vt 0.330900 1.000000
vt 0.328467 0.000000
vt 0.328467 1.000000
vt 0.326034 0.000000
vt 0.326034 1.000000
vt 0.323601 0.000000
vt 0.323601 1.000000
vt 0.321168 0.000000
vt 0.318735 1.000000
vt 0.321168 1.000000
vt 0.318735 0.000000
vt 0.316302 0.000000
vt 0.316302 1.000000
vt 0.313869 0.000000
vt 0.313869 1.000000
vt 0.311436 0.000000
vt 0.311436 1.000000
vt 0.309002 0.000000
vt 0.309002 1.000000
vt 0.306569 0.000000
vt 0.306569 1.000000
vt 0.304136 0.000000
vt 0.304136 1.000000
vt 0.301703 0.000000
vt 0.299270 1.000000
vt 0.301703 1.000000
vt 0.299270 0.000000
vt 0.296837 0.000000
vt 0.296837 1.000000
vt 0.294404 0.000000
vt 0.294404 1.000000
vt 0.291971 0.000000
vt 0.291971 1.000000
vt 0.289538 0.000000
vt 0.289538 1.000000
vt 0.287105 0.000000
vt 0.287105 1.000000
vt 0.284672 0.000000
vt 0.284672 1.000000
vt 0.282238 0.000000
vt 0.282238 1.000000
vt 0.279805 0.000000
vt 0.279805 1.000000
vt 0.277372 0.000000
vt 0.274939 1.000000
vt 0.277372 1.000000
vt 0.274939 0.000000
vt 0.272506 0.000000
vt 0.272506 1.000000
vt 0.270073 0.000000
vt 0.270073 1.000000
vt 0.267640 0.000000
vt 0.267640 1.000000
vt 0.265207 0.000000
vt 0.265207 1.000000
vt 0.262774 0.000000
vt 0.262774 1.000000
vt 0.260341 0.000000
vt 0.260341 1.000000
vt 0.257908 0.000000
vt 0.257908 1.000000
vt 0.255474 0.000000
vt 0.255474 1.000000
vt 0.253041 0.000000
vt 0.253041 1.000000
vt 0.250608 0.000000
vt 0.250608 1.000000
vt 0.248175 0.000000
vt 0.248175 1.000000
vt 0.245742 0.000000
vt 0.245742 1.000000
vt 0.243309 0.000000
vt 0.243309 1.000000
vt 0.240876 0.000000
vt 0.240876 1.000000
vt 0.238443 0.000000
vt 0.238443 1.000000
vt 0.236010 0.000000
vt 0.236010 1.000000
vt 0.206813 0.000000
vt 0.206813 1.000000
vt 0.204380 0.000000
vt 0.204380 1.000000
vt 0.201946 0.000000
vt 0.201946 1.000000
vt 0.199513 0.000000
vt 0.199513 1.000000
vt 0.197080 0.000000
vt 0.197080 1.000000
vt 0.194647 0.000000
vt 0.194647 1.000000
vt 0.192214 0.000000
vt 0.192214 1.000000
vt 0.189781 0.000000
vt 0.189781 1.000000
vt 0.187348 0.000000
vt 0.187348 1.000000
vt 0.184915 0.000000
vt 0.184915 1.000000
vt 0.182482 0.000000
vt 0.180049 1.000000
vt 0.182482 1.000000
vt 0.180049 0.000000
vt 0.177616 0.000000
vt 0.177616 1.000000
vt 0.175182 0.000000
vt 0.175182 1.000000
vt 0.172749 0.000000
vt 0.172749 1.000000
vt 0.170316 0.000000
vt 0.170316 1.000000
vt 0.167883 0.000000
vt 0.167883 1.000000
vt 0.165450 0.000000
vt 0.165450 1.000000
vt 0.163017 0.000000
vt 0.163017 1.000000
vt 0.160584 0.000000
vt 0.160584 1.000000
vt 0.158151 0.000000
vt 0.158151 1.000000
vt 0.155718 0.000000
vt 0.155718 1.000000
vt 0.153285 0.000000
vt 0.153285 1.000000
vt 0.150852 0.000000
vt 0.150852 1.000000
vt 0.148418 0.000000
vt 0.148418 1.000000
vt 0.145985 0.000000
vt 0.143552 1.000000
vt 0.145985 1.000000
vt 0.143552 0.000000
vt 0.141119 0.000000
vt 0.141119 1.000000
vt 0.138686 0.000000
vt 0.138686 1.000000
vt 0.136253 0.000000
vt 0.136253 1.000000
vt 0.133820 0.000000
vt 0.133820 1.000000
vt 0.131387 0.000000
vt 0.128954 1.000000
vt 0.131387 1.000000
vt 0.128954 0.000000
vt 0.126521 0.000000
vt 0.126521 1.000000
vt 0.124088 0.000000
vt 0.124088 1.000000
vt 0.121655 0.000000
vt 0.121655 1.000000
vt 0.119221 0.000000
vt 0.119221 1.000000
vt 0.116788 0.000000
vt 0.116788 1.000000
vt 0.114355 0.000000
vt 0.114355 1.000000
vt 0.111922 0.000000
vt 0.111922 1.000000
vt 0.109489 0.000000
vt 0.109489 1.000000
vt 0.107056 0.000000
vt 0.107056 1.000000
vt 0.104623 0.000000
vt 0.102190 1.000000
vt 0.104623 1.000000
vt 0.102190 0.000000
vt 0.099757 0.000000
vt 0.097324 1.000000
vt 0.099757 1.000000
vt 0.097324 0.000000
vt 0.094891 0.000000
vt 0.094891 1.000000
vt 0.092457 0.000000
vt 0.092457 1.000000
vt 0.090024 0.000000
vt 0.090024 1.000000
vt 0.087591 0.000000
vt 0.087591 1.000000
vt 0.085158 0.000000
vt 0.085158 1.000000
vt 0.082725 0.000000
vt 0.082725 1.000000
vt 0.080292 0.000000
vt 0.080292 1.000000
vt 0.077859 0.000000
vt 0.077859 1.000000
vt 0.075426 0.000000
vt 0.075426 1.000000
vt 0.072993 0.000000
vt 0.070560 1.000000
vt 0.072993 1.000000
vt 0.070560 0.000000
vt 0.068127 0.000000
vt 0.068127 1.000000
vt 0.065693 0.000000
vt 0.065693 1.000000
vt 0.063260 0.000000
vt 0.063260 1.000000
vt 0.060827 0.000000
vt 0.060827 1.000000
vt 0.058394 0.000000
vt 0.058394 1.000000
vt 0.055961 0.000000
vt 0.055961 1.000000
vt 0.053528 0.000000
vt 0.053528 1.000000
vt 0.051095 0.000000
vt 0.051095 1.000000
vt 0.048662 0.000000
vt 0.048662 1.000000
vt 0.046229 0.000000
vt 0.046229 1.000000
vt 0.043796 0.000000
vt 0.043796 1.000000
vt 0.041363 0.000000
vt 0.041363 1.000000
vt 0.038929 0.000000
vt 0.038929 1.000000
vt 0.036496 0.000000
vt 0.036496 1.000000
vt 0.034063 0.000000
vt 0.034063 1.000000
vt 0.031630 0.000000
vt 0.031630 1.000000
vt 0.029197 0.000000
vt 0.029197 1.000000
vt 0.026764 0.000000
vt 0.026764 1.000000
vt 0.024331 0.000000
vt 0.024331 1.000000
vt 0.021898 0.000000
vt 0.021898 1.000000
vt 0.019465 0.000000
vt 0.019465 1.000000
vt 0.017032 0.000000
vt 0.017032 1.000000
vt 0.014599 0.000000
vt 0.014599 1.000000
vt 0.012165 0.000000
vt 0.012165 1.000000
vt 0.009732 0.000000
vt 0.009732 1.000000
vt 0.007299 0.000000
vt 0.007299 1.000000
vt 0.004866 0.000000
vt 0.004866 1.000000
vt 0.002433 0.000000
vt 0.002433 1.000000
vt 0.095069 0.000000
vt 0.168442 0.000000
vt 0.095464 0.000000
vt 0.094675 0.000000
vt 0.168836 0.000000
vt 0.097041 0.000000
vt 0.096647 0.000000
vt 0.166469 0.000000
vt 0.094280 0.000000
vt 0.169231 0.000000
vt 0.165286 0.000000
vt 0.097830 0.000000
vt 0.097436 0.000000
vt 0.090730 0.000000
vt 0.090335 0.000000
vt 0.024852 0.000000
vt 0.089941 0.000000
vt 0.162525 0.000000
vt 0.099803 0.000000
vt 0.099408 0.000000
vt 0.089546 0.000000
vt 0.089152 0.000000
vt 0.088757 0.000000
vt 0.088363 0.000000
vt 0.161736 0.000000
vt 0.100592 0.000000
vt 0.100197 0.000000
vt 0.087968 0.000000
vt 0.087574 0.000000
vt 0.025247 0.000000
vt 0.103353 0.000000
vt 0.102959 0.000000
vt 0.159369 0.000000
vt 0.087179 0.000000
vt 0.025641 0.000000
vt 0.103748 0.000000
vt 0.158974 0.000000
vt 0.086391 0.000000
vt 0.026430 0.000000
vt 0.086785 0.000000
vt 0.104536 0.000000
vt 0.104142 0.000000
vt 0.085602 0.000000
vt 0.027219 0.000000
vt 0.085996 0.000000
vt 0.106114 0.000000
vt 0.156608 0.000000
vt 0.106509 0.000000
vt 0.084813 0.000000
vt 0.028008 0.000000
vt 0.085207 0.000000
vt 0.106903 0.000000
vt 0.155819 0.000000
vt 0.107692 0.000000
vt 0.107298 0.000000
vt 0.082446 0.000000
vt 0.082051 0.000000
vt 0.030375 0.000000
vt 0.077318 0.000000
vt 0.076923 0.000000
vt 0.031558 0.000000
vt 0.076529 0.000000
vt 0.108481 0.000000
vt 0.076134 0.000000
vt 0.031953 0.000000
vt 0.153846 0.000000
vt 0.109665 0.000000
vt 0.074951 0.000000
vt 0.032742 0.000000
vt 0.075345 0.000000
vt 0.112821 0.000000
vt 0.150690 0.000000
vt 0.113609 0.000000
vt 0.072978 0.000000
vt 0.034320 0.000000
vt 0.073373 0.000000
vt 0.072584 0.000000
vt 0.114793 0.000000
vt 0.069822 0.000000
vt 0.069428 0.000000
vt 0.036686 0.000000
vt 0.116371 0.000000
vt 0.115976 0.000000
vt 0.116765 0.000000
vt 0.068639 0.000000
vt 0.068245 0.000000
vt 0.037475 0.000000
vt 0.117160 0.000000
vt 0.117554 0.000000
vt 0.067850 0.000000
vt 0.037870 0.000000
vt 0.067456 0.000000
vt 0.118343 0.000000
vt 0.067061 0.000000
vt 0.038264 0.000000
vt 0.119132 0.000000
vt 0.065878 0.000000
vt 0.039053 0.000000
vt 0.066272 0.000000
vt 0.117949 0.000000
vt 0.122682 0.000000
vt 0.112032 0.000000
vt 0.160158 0.000000
vt 0.102564 0.000000
vt 0.102170 0.000000
vt 0.161341 0.000000
vt 0.101381 0.000000
vt 0.100986 0.000000
vt 0.163314 0.000000
vt 0.099014 0.000000
vt 0.098619 0.000000
vt 0.165680 0.000000
vt 0.164103 0.000000
vt 0.098225 0.000000
vt 0.160947 0.000000
vt 0.101775 0.000000
vt 0.152268 0.000000
vt 0.111637 0.000000
vt 0.111243 0.000000
vt 0.115582 0.000000
vt 0.123471 0.000000
vt 0.121893 0.000000
vt 0.122288 0.000000
vt 0.126627 0.000000
vt 0.128205 0.000000
vt 0.157396 0.000000
vt 0.159763 0.000000
vt 0.160552 0.000000
vt 0.162130 0.000000
vt 0.162919 0.000000
vt 0.163708 0.000000
vt 0.164497 0.000000
vt 0.164892 0.000000
vt 0.166075 0.000000
vt 0.166864 0.000000
vt 0.096252 0.000000
vt 0.095858 0.000000
vt 0.167258 0.000000
vt 0.167653 0.000000
vt 0.093886 0.000000
vt 0.169625 0.000000
vt 0.168047 0.000000
vt 0.093491 0.000000
vt 0.170020 0.000000
vt 0.093097 0.000000
vt 0.170414 0.000000
vt 0.063905 0.000000
vt 0.040631 0.000000
vt 0.064300 0.000000
vt 0.063511 0.000000
vt 0.092702 0.000000
vt 0.170809 0.000000
vt 0.092308 0.000000
vt 0.171203 0.000000
vt 0.091913 0.000000
vt 0.171598 0.000000
vt 0.091519 0.000000
vt 0.091124 0.000000
vt 0.060750 0.000000
vt 0.060355 0.000000
vt 0.042998 0.000000
vt 0.059961 0.000000
vt 0.043393 0.000000
vt 0.171992 0.000000
vt 0.062722 0.000000
vt 0.041420 0.000000
vt 0.063116 0.000000
vt 0.071795 0.000000
vt 0.035108 0.000000
vt 0.072189 0.000000
vt 0.022091 0.000000
vt 0.179487 0.000000
vt 0.177120 0.000000
vt 0.181065 0.000000
vt 0.033531 0.000000
vt 0.074162 0.000000
vt 0.073767 0.000000
vt 0.039842 0.000000
vt 0.065089 0.000000
vt 0.064694 0.000000
vt 0.061144 0.000000
vt 0.048915 0.000000
vt 0.047337 0.000000
vt 0.043787 0.000000
vt 0.050493 0.000000
vt 0.052071 0.000000
vt 0.059566 0.000000
vt 0.053254 0.000000
vt 0.059172 0.000000
vt 0.052860 0.000000
vt 0.051282 0.000000
vt 0.046548 0.000000
vt 0.045759 0.000000
vt 0.044181 0.000000
vt 0.061933 0.000000
vt 0.041815 0.000000
vt 0.062327 0.000000
vt 0.040237 0.000000
vt 0.038659 0.000000
vt 0.065483 0.000000
vt 0.039448 0.000000
vt 0.036292 0.000000
vt 0.070217 0.000000
vt 0.037081 0.000000
vt 0.069034 0.000000
vt 0.071006 0.000000
vt 0.035503 0.000000
vt 0.071400 0.000000
vt 0.035897 0.000000
vt 0.070611 0.000000
vt 0.033925 0.000000
vt 0.034714 0.000000
vt 0.074556 0.000000
vt 0.075740 0.000000
vt 0.032347 0.000000
vt 0.033136 0.000000
vt 0.082840 0.000000
vt 0.029980 0.000000
vt 0.083235 0.000000
vt 0.031164 0.000000
vt 0.084024 0.000000
vt 0.028797 0.000000
vt 0.084418 0.000000
vt 0.024458 0.000000
vt 0.023669 0.000000
vt 0.172387 0.000000
vt 0.019724 0.000000
vt 0.020513 0.000000
vt 0.177909 0.000000
vt 0.177515 0.000000
vt 0.178698 0.000000
vt 0.178304 0.000000
vt 0.179093 0.000000
vt 0.179882 0.000000
vt 0.180276 0.000000
vt 0.180671 0.000000
vt 0.181460 0.000000
vt 0.020118 0.000000
vt 0.020909 0.000000
vt 0.021302 0.000000
vt 0.021696 0.000000
vt 0.022485 0.000000
vt 0.022880 0.000000
vt 0.023274 0.000000
vt 0.024063 0.000000
vt 0.026036 0.000000
vt 0.026824 0.000000
vt 0.027613 0.000000
vt 0.028402 0.000000
vt 0.029191 0.000000
vt 0.083629 0.000000
vt 0.029586 0.000000
vt 0.030769 0.000000
vt 0.041026 0.000000
vt 0.061538 0.000000
vt 0.042209 0.000000
vt 0.042604 0.000000
vt 0.044970 0.000000
vt 0.044576 0.000000
vt 0.045365 0.000000
vt 0.046154 0.000000
vt 0.046943 0.000000
vt 0.048126 0.000000
vt 0.047732 0.000000
vt 0.048521 0.000000
vt 0.049310 0.000000
vt 0.049704 0.000000
vt 0.050099 0.000000
vt 0.050888 0.000000
vt 0.051677 0.000000
vt 0.052465 0.000000
vt 0.058777 0.000000
vt 0.057988 0.000000
vt 0.058383 0.000000
vt 0.016568 0.000000
vt 0.018146 0.000000
vt 0.018935 0.000000
vt 0.014990 0.000000
vt 0.005917 0.000000
vt 0.005128 0.000000
vt 0.006706 0.000000
vt 0.007495 0.000000
vt 0.003550 0.000000
vt 0.015385 0.000000
vt 0.016174 0.000000
vt 0.016963 0.000000
vt 0.017357 0.000000
vt 0.017752 0.000000
vt 0.018540 0.000000
vt 0.019315 0.000000
vt 0.005523 0.000000
vt 0.006312 0.000000
vt 0.007101 0.000000
vt 0.007890 0.000000
vt 0.001161 0.000000
vt -0.000044 0.000000
vt 0.180000 1.000000
vt 0.100000 0.000000
vt 0.002367 0.000000
vt 0.236010 1.000000
vt 0.377909 0.000000
vt 0.402761 0.000000
vt 0.401578 0.000000
vt 0.403945 0.000000
vt 0.404734 0.000000
vt 0.452860 0.000000
vt 0.454043 0.000000
vt 0.501381 0.000000
vt 0.497830 0.000000
vt 0.097378 1.000000
vt 0.577516 0.000000
vt 0.578699 0.000000
vt 0.580276 0.000000
vt 0.581854 0.000000
vt 0.617357 0.000000
vt 0.618935 0.000000
vt 0.596845 0.000000
vt 0.596451 0.000000
vt 0.598028 0.000000
vt 0.820225 1.000000
vt 0.629586 0.000000
vt 0.060000 1.000000
vt 0.120000 1.000000
vt 0.693886 0.000000
vt 0.717554 0.000000
vt 0.719132 0.000000
vt 0.719921 0.000000
vt 0.764497 0.000000
vt 0.778698 0.000000
vt 0.780671 0.000000
vt 0.781065 0.000000
vt 0.783826 0.000000
vt 0.785404 0.000000
vt 0.785799 0.000000
vt -0.000022 0.000000
vt 0.000767 0.000000
vt 0.093097 0.000000
vt 0.315187 0.000000
vt 0.241420 0.000000
vt 0.268639 0.000000
vt 0.271006 0.000000
vt 0.293097 0.000000
vt 0.294280 0.000000
vt 0.456016 0.000000
vt 0.562382 0.000000
vt 0.564163 0.000000
vt 0.558952 0.000000
vt 0.040000 0.000000
vt 0.577515 0.000000
vt 0.579094 0.000000
vt 0.577120 0.000000
vt 0.581065 0.000000
vt 0.615385 0.000000
vt 0.616568 0.000000
vt 0.614596 0.000000
vt 0.583037 0.000000
vt 0.596845 0.000000
vt 0.596055 0.000000
vt 0.598817 0.000000
vt 0.717160 0.000000
vt 0.734122 0.000000
vt 0.733728 0.000000
vt 0.719527 0.000000
vt 0.720710 0.000000
vt 0.779093 0.000000
vt 0.780276 0.000000
vt 0.778304 0.000000
vt 0.778699 0.000000
vt 0.782248 0.000000
vt 0.803156 0.000000
vt 0.786588 0.000000
vt 0.787771 0.000000
vt 0.792110 0.000000
vt 0.845759 0.000000
vt 0.818540 0.000000
vt 0.008284 0.000000
vt 0.008679 0.000000
vt 0.103353 0.000000
vt 0.102564 0.000000
vt 0.160947 0.000000
vt 0.101775 0.000000
vt 0.100986 0.000000
vt 0.162525 0.000000
vt 0.099408 0.000000
vt 0.164103 0.000000
vt 0.097830 0.000000
vt 0.097436 0.000000
vt 0.166075 0.000000
vt 0.097041 0.000000
vt 0.096647 0.000000
vt 0.167653 0.000000
vt 0.095858 0.000000
vt 0.118343 0.000000
vt 0.172387 0.000000
vt 0.177515 0.000000
vt 0.023274 0.000000
vt 0.177909 0.000000
vt 0.178304 0.000000
vt 0.178698 0.000000
vt 0.179487 0.000000
vt 0.181065 0.000000
vt 0.181460 0.000000
vt 0.020118 0.000000
vt 0.020513 0.000000
vt 0.020907 0.000000
vt 0.021302 0.000000
vt 0.021696 0.000000
vt 0.022091 0.000000
vt 0.022485 0.000000
vt 0.022880 0.000000
vt 0.023669 0.000000
vt 0.024063 0.000000
vt 0.029191 0.000000
vt 0.029586 0.000000
vt 0.083629 0.000000
vt 0.082446 0.000000
vt 0.033925 0.000000
vt 0.035108 0.000000
vt 0.041026 0.000000
vt 0.062722 0.000000
vt 0.043393 0.000000
vt 0.044181 0.000000
vt 0.044970 0.000000
vt 0.046548 0.000000
vt 0.046943 0.000000
vt 0.047732 0.000000
vt 0.048915 0.000000
vt 0.049704 0.000000
vt 0.051282 0.000000
vt 0.052071 0.000000
vt 0.052465 0.000000
vt 0.171598 0.000000
vt 0.171203 0.000000
vt 0.090335 0.000000
vt 0.170809 0.000000
vt 0.092308 0.000000
vt 0.090730 0.000000
vt 0.091519 0.000000
vt 0.169231 0.000000
vt 0.094280 0.000000
vt 0.089152 0.000000
vt 0.183037 0.000000
vt 0.181854 0.000000
vt 0.218935 0.000000
vt 0.286785 0.000000
vt 0.288363 0.000000
vt 0.296647 0.000000
vt 0.297041 0.000000
vt 0.297436 0.000000
vt 0.304536 0.000000
vt 0.304931 0.000000
vt 0.280868 0.000000
vt 0.280473 0.000000
vt 0.307692 0.000000
vt 0.308087 0.000000
vt 0.311243 0.000000
vt 0.311637 0.000000
vt 0.314793 0.000000
vt 0.277712 0.000000
vt 0.317949 0.000000
vt 0.318343 0.000000
vt 0.277318 0.000000
vt 0.321499 0.000000
vt 0.321893 0.000000
vt 0.276923 0.000000
vt 0.325049 0.000000
vt 0.325444 0.000000
vt 0.327416 0.000000
vt 0.328205 0.000000
vt 0.328600 0.000000
vt 0.330966 0.000000
vt 0.331755 0.000000
vt 0.332150 0.000000
vt 0.332544 0.000000
vt 0.274162 0.000000
vt 0.220118 0.000000
vt 0.220513 0.000000
vt 0.273767 0.000000
vt 0.222091 0.000000
vt 0.222485 0.000000
vt 0.222880 0.000000
vt 0.224063 0.000000
vt 0.225641 0.000000
vt 0.226036 0.000000
vt 0.227219 0.000000
vt 0.229191 0.000000
vt 0.229586 0.000000
vt 0.230769 0.000000
vt 0.232347 0.000000
vt 0.232742 0.000000
vt 0.233136 0.000000
vt 0.233531 0.000000
vt 0.234714 0.000000
vt 0.234320 0.000000
vt 0.235108 0.000000
vt 0.235897 0.000000
vt 0.236292 0.000000
vt 0.237475 0.000000
vt 0.237870 0.000000
vt 0.238264 0.000000
vt 0.239448 0.000000
vt 0.239842 0.000000
vt 0.241026 0.000000
vt 0.258383 0.000000
vt 0.261538 0.000000
vt 0.252071 0.000000
vt 0.249704 0.000000
vt 0.247732 0.000000
vt 0.244576 0.000000
vt 0.242604 0.000000
vt 0.242998 0.000000
vt 0.267061 0.000000
vt 0.264300 0.000000
vt 0.263905 0.000000
vt 0.408678 0.000000
vt 0.365680 0.000000
vt 0.428008 0.000000
vt 0.374359 0.000000
vt 0.374753 0.000000
vt 0.375148 0.000000
vt 0.375542 0.000000
vt 0.376331 0.000000
vt 0.425641 0.000000
vt 0.426430 0.000000
vt 0.426824 0.000000
vt 0.426035 0.000000
vt 0.355819 0.000000
vt 0.396844 0.000000
vt 0.397239 0.000000
vt 0.401578 0.000000
vt 0.401183 0.000000
vt 0.333728 0.000000
vt 0.395661 0.000000
vt 0.385404 0.000000
vt 0.385010 0.000000
vt 0.383432 0.000000
vt 0.383826 0.000000
vt 0.424852 0.000000
vt 0.428402 0.000000
vt 0.427219 0.000000
vt 0.384615 0.000000
vt 0.385799 0.000000
vt 0.419329 0.000000
vt 0.418540 0.000000
vt 0.418146 0.000000
vt 0.417751 0.000000
vt 0.533333 0.000000
vt 0.531361 0.000000
vt 0.530572 0.000000
vt 0.486391 0.000000
vt 0.488757 0.000000
vt 0.489152 0.000000
vt 0.493097 0.000000
vt 0.495464 0.000000
vt 0.495858 0.000000
vt 0.496647 0.000000
vt 0.528600 0.000000
vt 0.527022 0.000000
vt 0.524260 0.000000
vt 0.502959 0.000000
vt 0.503748 0.000000
vt 0.523471 0.000000
vt 0.521104 0.000000
vt 0.506509 0.000000
vt 0.507298 0.000000
vt 0.510848 0.000000
vt 0.511637 0.000000
vt 0.512032 0.000000
vt 0.513215 0.000000
vt 0.514398 0.000000
vt 0.514793 0.000000
vt 0.520710 0.000000
vt 0.534122 0.000000
vt 0.527811 0.000000
vt 0.540434 0.000000
vt 0.541223 0.000000
vt 0.437475 0.000000
vt 0.446548 0.000000
vt 0.446943 0.000000
vt 0.449310 0.000000
vt 0.449704 0.000000
vt 0.450099 0.000000
vt 0.450493 0.000000
vt 0.450888 0.000000
vt 0.451677 0.000000
vt 0.458777 0.000000
vt 0.459172 0.000000
vt 0.459566 0.000000
vt 0.459961 0.000000
vt 0.460355 0.000000
vt 0.460749 0.000000
vt 0.461144 0.000000
vt 0.471400 0.000000
vt 0.555029 0.000000
vt 0.555424 0.000000
vt 0.555818 0.000000
vt 0.556213 0.000000
vt 0.556607 0.000000
vt 0.557002 0.000000
vt 0.557396 0.000000
vt 0.633531 0.000000
vt 0.557791 0.000000
vt 0.620759 0.000000
vt 0.630375 0.000000
vt 0.630769 0.000000
vt 0.632742 0.000000
vt 0.631164 0.000000
vt 0.564103 0.000000
vt 0.564497 0.000000
vt 0.564891 0.000000
vt 0.565286 0.000000
vt 0.565680 0.000000
vt 0.566469 0.000000
vt 0.566864 0.000000
vt 0.568047 0.000000
vt 0.574753 0.000000
vt 0.573964 0.000000
vt 0.575542 0.000000
vt 0.575937 0.000000
vt 0.622091 0.000000
vt 0.622485 0.000000
vt 0.622880 0.000000
vt 0.623274 0.000000
vt 0.623668 0.000000
vt 0.563248 0.000000
vt 0.605523 0.000000
vt 0.602761 0.000000
vt 0.601972 0.000000
vt 0.604734 0.000000
vt 0.603945 0.000000
vt 0.603156 0.000000
vt 0.595661 0.000000
vt 0.594477 0.000000
vt 0.594083 0.000000
vt 0.592899 0.000000
vt 0.593294 0.000000
vt 0.592111 0.000000
vt 0.585799 0.000000
vt 0.611834 0.000000
vt 0.585404 0.000000
vt 0.612229 0.000000
vt 0.612623 0.000000
vt 0.584615 0.000000
vt 0.613018 0.000000
vt 0.584221 0.000000
vt 0.613412 0.000000
vt 0.613807 0.000000
vt 0.583432 0.000000
vt 0.649309 0.000000
vt 0.712821 0.000000
vt 0.700197 0.000000
vt 0.700592 0.000000
vt 0.701381 0.000000
vt 0.701775 0.000000
vt 0.690335 0.000000
vt 0.690730 0.000000
vt 0.692308 0.000000
vt 0.692702 0.000000
vt 0.734517 0.000000
vt 0.736095 0.000000
vt 0.670612 0.000000
vt 0.735306 0.000000
vt 0.671400 0.000000
vt 0.724260 0.000000
vt 0.744379 0.000000
vt 0.743984 0.000000
vt 0.765680 0.000000
vt 0.766864 0.000000
vt 0.767258 0.000000
vt 0.767653 0.000000
vt 0.775542 0.000000
vt 0.775148 0.000000
vt 0.775937 0.000000
vt 0.777120 0.000000
vt 0.777515 0.000000
vt 0.745957 0.000000
vt 0.746351 0.000000
vt 0.747534 0.000000
vt 0.747929 0.000000
vt 0.748718 0.000000
vt 0.749112 0.000000
vt 0.756213 0.000000
vt 0.756607 0.000000
vt 0.757002 0.000000
vt 0.758580 0.000000
vt 0.798028 0.000000
vt 0.800394 0.000000
vt 0.800000 0.000000
vt 0.800789 0.000000
vt 0.801183 0.000000
vt 0.791321 0.000000
vt 0.804339 0.000000
vt 0.842998 0.000000
vt 0.820907 0.000000
vt 0.820118 0.000000
vt 0.844970 0.000000
vt 0.845365 0.000000
vt 0.844576 0.000000
vt 0.809073 0.000000
vt 0.844181 0.000000
vt 0.846154 0.000000
vt 0.812229 0.000000
vt 0.853254 0.000000
vt 0.811834 0.000000
vt 0.811440 0.000000
vt 0.811045 0.000000
vt 0.810651 0.000000
vt 0.853649 0.000000
vt 0.810256 0.000000
vt 0.854043 0.000000
vt 0.854438 0.000000
vt 0.855227 0.000000
vt 0.855621 0.000000
vt 0.856016 0.000000
vt 0.856410 0.000000
vt 0.899408 0.000000
vt 0.884813 0.000000
vt 0.989349 0.000000
vt 0.961341 0.000000
s 1
usemtl neutral-metal.002
f 2151/1/1 2152/2/1 2035/3/1
f 2149/4/1 2037/5/1 2038/6/1
f 2150/7/1 2151/1/1 2036/8/1
f 2149/4/1 2150/7/1 2037/5/1
f 2147/9/1 2039/10/1 2040/11/1
f 2148/12/1 2149/4/1 2038/6/1
f 2147/9/1 2148/12/1 2039/10/1
f 2145/13/1 2041/14/1 2042/15/1
f 2146/16/1 2147/9/1 2040/11/1
f 2145/13/1 2146/16/1 2041/14/1
f 2143/17/1 2044/18/1 2045/19/1
f 2144/20/1 2145/13/1 2042/15/1
f 2143/17/1 2144/20/1 2044/18/1
f 2141/21/1 2046/22/1 2047/23/1
f 2142/24/1 2143/17/1 2045/19/1
f 2141/21/1 2142/24/1 2046/22/1
f 2140/25/1 2141/21/1 2047/23/1
f 2139/26/1 2140/25/1 2048/27/1
f 2049/28/1 2139/26/1 2048/27/1
f 2138/29/1 2139/26/1 2049/28/1
f 2137/30/1 2138/29/1 2050/31/1
f 2052/32/1 2137/30/1 2051/33/1
f 2136/34/1 2137/30/1 2052/32/1
f 2135/35/1 2136/34/1 2053/36/1
f 2133/37/1 2055/38/1 2056/39/1
f 2134/40/1 2135/35/1 2054/41/1
f 2133/37/1 2134/40/1 2055/38/1
f 2131/42/1 2057/43/1 2058/44/1
f 2132/45/1 2133/37/1 2056/39/1
f 2131/42/1 2132/45/1 2057/43/1
f 2060/46/1 2130/47/1 2059/48/1
f 2130/47/1 2131/42/1 2058/44/1
f 2129/49/1 2130/47/1 2060/46/1
f 2127/50/1 2062/51/1 2063/52/1
f 2128/53/1 2129/49/1 2061/54/1
f 2127/50/1 2128/53/1 2062/51/1
f 2100/55/1 2126/56/1 2072/57/1
f 2126/56/1 2127/50/1 2063/52/1
f 2125/58/1 2126/56/1 2100/55/1
f 2123/59/1 2124/60/2 2125/58/1
f 2121/61/1 2122/62/1 2123/59/1
f 2120/63/1 2121/61/1 2123/59/1
f 2119/64/1 2120/63/1 2123/59/1
f 2118/65/1 2119/64/1 2115/66/3
f 2117/67/1 2118/65/1 2115/66/3
f 2115/66/3 2116/68/1 2117/67/1
f 2113/69/2 2114/70/4 2115/66/3
f 2111/71/1 2112/72/5 2113/69/2
f 2109/73/1 2110/74/6 2111/71/1
f 2108/75/7 2109/73/1 2111/71/1
f 2107/76/1 2108/75/7 2111/71/1
f 2106/77/1 2107/76/1 2103/78/8
f 2105/79/9 2106/77/1 2103/78/8
f 2103/78/8 2104/80/10 2105/79/9
f 2101/81/1 2102/82/1 2103/78/8
f 2123/59/1 2101/81/1 2119/64/1
f 2100/55/1 2101/81/1 2125/58/1
f 2099/83/1 2100/55/1 2074/84/1
f 2098/85/1 2099/83/1 2095/86/1
f 2097/87/1 2098/85/1 2095/86/1
f 2095/86/1 2096/88/11 2097/87/1
f 2093/89/1 2094/90/1 2095/86/1
f 2091/91/1 2092/92/12 2093/89/1
f 2090/93/1 2091/91/1 2087/94/1
f 2089/95/1 2090/93/1 2087/94/1
f 2087/94/1 2088/96/1 2089/95/1
f 2085/97/1 2086/98/1 2087/94/1
f 2084/99/1 2085/97/1 2087/94/1
f 2083/100/1 2084/99/1 2087/94/1
f 2081/101/1 2082/102/1 2083/100/1
f 2079/103/1 2080/104/1 2081/101/1
f 2077/105/1 2078/106/1 2079/103/1
f 2075/107/1 2076/108/1 2077/105/1
f 1821/109/1 1825/110/1 1833/111/1
f 1842/112/8 1821/109/1 1833/111/1
f 1831/113/1 1833/111/1 1825/110/1
f 1828/114/1 1831/113/1 1825/110/1
f 1842/112/8 1817/115/1 1821/109/1
f 1841/116/12 1842/112/8 1833/111/1
f 1839/117/13 1840/118/1 1841/116/12
f 1838/119/8 1839/117/13 1841/116/12
f 1837/120/2 1838/119/8 1841/116/12
f 1836/121/1 1837/120/2 1833/111/1
f 1835/122/1 1836/121/1 1833/111/1
f 1833/111/1 1834/123/14 1835/122/1
f 1831/113/1 1832/124/12 1833/111/1
f 1829/125/1 1830/126/1 1831/113/1
f 1828/114/1 1829/125/1 1831/113/1
f 1827/127/1 1828/114/1 1825/110/1
f 1825/110/1 1826/128/12 1827/127/1
f 1823/129/1 1824/130/15 1825/110/1
f 1822/131/1 1823/129/1 1825/110/1
f 1821/109/1 1822/131/1 1825/110/1
f 1820/132/1 1821/109/1 1817/115/1
f 1819/133/1 1820/132/1 1817/115/1
f 1817/115/1 1818/134/1 1819/133/1
f 1815/135/1 1816/136/16 1817/115/1
f 1812/137/17 3622/138/17 3621/139/18
f 1811/140/18 3621/139/18 3620/141/19
f 1810/142/19 3620/141/19 3619/143/20
f 1809/144/20 3619/143/20 3618/145/21
f 1808/146/21 3618/145/21 3617/147/22
f 1807/148/22 3617/147/22 3616/149/23
f 1806/150/23 3616/149/23 3615/151/24
f 1805/152/24 3615/151/24 3614/153/25
f 1804/154/25 3614/153/25 3613/155/26
f 1803/156/26 3613/155/26 3612/157/27
f 1802/158/27 3612/157/27 3611/159/28
f 1801/160/28 3611/159/28 3610/161/29
f 1800/162/29 3610/161/29 3609/163/30
f 1799/164/30 3609/163/30 3608/165/31
f 1798/166/31 3608/165/31 3607/167/32
f 1797/168/32 3607/167/32 3606/169/33
f 1796/170/33 3606/169/33 3605/171/34
f 1795/172/34 3605/171/34 3604/173/35
f 1794/174/35 3604/173/35 3603/175/36
f 1793/176/36 3603/175/36 3602/177/37
f 1792/178/37 3602/177/37 3601/179/38
f 1791/180/38 3601/179/38 3600/181/39
f 1790/182/39 3600/181/39 3599/183/40
f 1789/184/40 3599/183/40 3598/185/41
f 1788/186/41 3598/185/41 3597/187/42
f 1787/188/42 3597/187/42 3596/189/43
f 1786/190/43 3596/189/43 3595/191/44
f 1785/192/44 3595/191/44 3594/193/45
f 1784/194/45 3594/193/45 3593/195/46
f 1783/196/46 3593/195/46 3592/197/47
f 1782/198/47 3592/197/47 3591/199/48
f 1781/200/48 3591/199/48 3590/201/49
f 1779/202/50 1780/203/51 3590/201/49
f 1779/202/50 3589/204/50 3588/205/52
f 1778/206/52 3588/205/52 3587/207/53
f 1777/208/53 3587/207/53 3586/209/54
f 1776/210/54 3586/209/54 3585/211/55
f 1774/212/56 1775/213/55 3585/211/55
f 3584/214/57 1773/215/57 1774/212/56
f 1773/215/57 3584/214/57 3583/216/58
f 1772/217/58 3583/216/58 3582/218/59
f 1771/219/59 3582/218/59 3581/220/60
f 1770/221/61 3581/220/60 3580/222/62
f 1769/223/62 3580/222/62 3579/224/63
f 1768/225/63 3579/224/63 3578/226/64
f 1767/227/64 3578/226/64 3577/228/65
f 1766/229/65 3577/228/65 3576/230/66
f 1765/231/66 3576/230/66 3575/232/67
f 1764/233/67 3575/232/67 3574/234/68
f 1763/235/68 3574/234/68 3573/236/69
f 1762/237/69 3573/238/69 3622/138/17
f 3572/239/70 3571/240/71 1760/241/71
f 1759/242/72 1760/241/71 3571/240/71
f 1759/242/72 3570/243/72 3569/155/73
f 1758/156/73 3569/155/73 3568/244/74
f 1757/245/74 3568/244/74 3567/246/75
f 1756/247/75 3567/246/75 3566/159/76
f 1755/160/76 3566/159/76 3565/248/77
f 1754/249/77 3565/248/77 3564/250/78
f 1753/251/78 3564/250/78 3563/252/79
f 1752/253/79 3563/252/79 3562/254/80
f 1751/255/80 3562/254/80 3561/256/81
f 1750/257/81 3561/256/81 3560/258/82
f 1748/259/83 1749/260/82 3560/258/82
f 1747/261/84 1748/259/83 3558/262/56
f 3557/263/84 1747/261/84 3558/262/56
f 1747/261/84 3557/263/84 3556/264/85
f 1745/174/86 1746/265/85 3556/264/85
f 1745/174/86 3555/173/86 3554/266/87
f 1743/267/88 1744/268/87 3554/266/87
f 1743/267/88 3553/269/88 3552/177/89
f 1742/178/89 3552/177/89 3551/270/90
f 1740/271/91 1741/272/90 3551/270/90
f 1740/271/91 3550/273/91 3549/181/92
f 1739/182/92 3549/181/92 3548/274/93
f 1738/275/93 3548/274/93 3547/276/94
f 1737/277/94 3547/276/94 3546/185/95
f 1736/186/95 3546/185/95 3545/278/96
f 1735/279/96 3545/278/96 3544/280/97
f 1733/281/98 1734/282/97 3544/280/97
f 1732/206/99 1733/281/98 3543/283/98
f 1732/206/99 3542/205/99 3541/284/100
f 1731/285/100 3541/284/100 3540/286/101
f 1730/287/101 3540/286/101 3539/209/102
f 1729/210/102 3539/209/102 3538/288/103
f 1728/289/103 3538/288/103 3537/290/104
f 1727/291/104 3537/290/104 3536/292/105
f 1726/212/105 3536/292/105 3535/293/106
f 1724/294/107 1725/295/106 3535/293/106
f 1724/294/107 3534/296/107 3533/297/108
f 1723/298/108 3533/297/108 3532/299/109
f 1721/300/110 1722/301/109 3532/299/109
f 3531/302/111 1720/303/111 1721/300/110
f 1775/304/112 1774/305/112 1721/306/112
f 1720/307/112 1776/308/112 1775/304/112
f 1720/303/111 3531/302/111 3530/309/113
f 1719/310/113 3530/309/113 3529/224/114
f 1718/225/114 3529/224/114 3528/311/115
f 1717/312/115 3528/311/115 3527/313/116
f 1716/314/116 3527/313/116 3526/228/117
f 1715/229/117 3526/228/117 3525/315/118
f 1714/316/118 3525/315/118 3524/317/119
f 1713/318/119 3524/317/119 3523/232/120
f 1712/233/120 3523/232/120 3522/319/121
f 1711/320/121 3522/319/121 3521/321/122
f 1709/237/123 3520/238/123 3572/239/70
f 1740/322/112 1804/323/112 1803/324/112
f 1738/325/112 1806/326/112 1805/327/112
f 1794/328/112 1793/329/112 1757/330/112
f 1793/329/112 1792/331/112 1757/330/112
f 1736/332/112 1809/333/112 1808/334/112
f 1736/332/112 1810/335/112 1809/333/112
f 1791/336/112 1758/337/112 1792/331/112
f 1735/338/112 1811/339/112 1810/335/112
f 1788/340/112 1760/341/112 1789/342/112
f 1787/343/112 1760/341/112 1788/340/112
f 1767/344/112 1766/345/112 1732/346/112
f 1769/347/112 1768/348/112 1730/349/112
f 1782/350/112 1781/351/112 1710/352/112
f 1735/338/112 1812/238/112 1811/339/112
f 1765/353/112 1732/346/112 1766/345/112
f 1737/354/112 1807/355/112 1806/326/112
f 1754/356/112 1796/357/112 1795/358/112
f 1716/359/112 1778/360/112 1777/361/112
f 1780/362/112 1711/363/112 1781/351/112
f 1712/364/112 1780/362/112 1779/365/112
f 1709/366/112 1784/367/112 1783/368/112
f 1710/352/112 1783/368/112 1782/350/112
f 1786/369/112 1761/370/112 1787/343/112
f 1790/371/112 1759/372/112 1791/336/112
f 1785/373/112 1761/370/112 1786/369/112
f 1752/374/112 1797/375/112 1796/357/112
f 1748/376/112 1799/377/112 1798/378/112
f 1750/379/112 1798/378/112 1797/375/112
f 1747/380/112 1800/381/112 1799/377/112
f 1746/382/112 1801/383/112 1800/381/112
f 1737/354/112 1808/334/112 1807/355/112
f 1739/384/112 1805/327/112 1804/323/112
f 1734/385/112 1763/386/112 1762/387/112
f 1767/344/112 1731/388/112 1768/348/112
f 1764/389/112 1733/390/112 1765/353/112
f 1770/391/112 1727/392/112 1771/393/112
f 1769/347/112 1729/394/112 1770/391/112
f 1724/395/112 1772/396/112 1771/393/112
f 1721/306/112 1774/305/112 1773/397/112
f 1772/396/112 1722/398/112 1773/397/112
f 1722/398/112 1721/306/112 1773/397/112
f 1723/399/112 1722/398/112 1772/396/112
f 1724/395/112 1723/399/112 1772/396/112
f 1725/400/112 1724/395/112 1771/393/112
f 1726/401/112 1725/400/112 1771/393/112
f 1727/392/112 1726/401/112 1771/393/112
f 1728/402/112 1727/392/112 1770/391/112
f 1729/394/112 1728/402/112 1770/391/112
f 1730/349/112 1729/394/112 1769/347/112
f 1731/388/112 1730/349/112 1768/348/112
f 1733/390/112 1764/389/112 1763/386/112
f 1732/346/112 1731/388/112 1767/344/112
f 1733/390/112 1732/346/112 1765/353/112
f 1734/385/112 1733/390/112 1763/386/112
f 1735/338/112 1734/385/112 1812/238/112
f 1812/238/112 1734/385/112 1762/387/112
f 1736/332/112 1735/338/112 1810/335/112
f 1808/334/112 1737/354/112 1736/332/112
f 1738/325/112 1737/354/112 1806/326/112
f 1805/327/112 1739/384/112 1738/325/112
f 1740/322/112 1739/384/112 1804/323/112
f 1741/403/112 1740/322/112 1803/324/112
f 1801/383/112 1744/404/112 1802/405/112
f 1742/406/112 1741/403/112 1803/324/112
f 1743/407/112 1742/406/112 1802/405/112
f 1744/404/112 1743/407/112 1802/405/112
f 1745/408/112 1744/404/112 1801/383/112
f 1746/382/112 1745/408/112 1801/383/112
f 1747/380/112 1746/382/112 1800/381/112
f 1748/376/112 1747/380/112 1799/377/112
f 1749/409/112 1748/376/112 1798/378/112
f 1750/379/112 1749/409/112 1798/378/112
f 1751/410/112 1750/379/112 1797/375/112
f 1752/374/112 1751/410/112 1797/375/112
f 1753/411/112 1752/374/112 1796/357/112
f 1754/356/112 1753/411/112 1796/357/112
f 1755/412/112 1754/356/112 1795/358/112
f 1794/328/112 1756/413/112 1795/358/112
f 1756/413/112 1755/412/112 1795/358/112
f 1757/330/112 1756/413/112 1794/328/112
f 1759/372/112 1790/371/112 1789/342/112
f 1758/337/112 1757/330/112 1792/331/112
f 1759/372/112 1758/337/112 1791/336/112
f 1760/341/112 1759/372/112 1789/342/112
f 1761/370/112 1760/341/112 1787/343/112
f 1784/367/112 1709/366/112 1785/373/112
f 1709/366/112 1761/370/112 1785/373/112
f 1783/368/112 1710/352/112 1709/366/112
f 1711/363/112 1710/352/112 1781/351/112
f 1780/362/112 1712/364/112 1711/363/112
f 1713/414/112 1712/364/112 1779/365/112
f 1714/415/112 1713/414/112 1779/365/112
f 1778/360/112 1714/415/112 1779/365/112
f 1715/416/112 1714/415/112 1778/360/112
f 1778/360/112 1716/359/112 1715/416/112
f 1717/417/112 1716/359/112 1777/361/112
f 1777/361/112 1718/418/112 1717/417/112
f 1719/419/112 1718/418/112 1776/308/112
f 1776/308/112 1720/307/112 1719/419/112
f 1777/361/112 1776/308/112 1718/418/112
f 1710/420/122 3521/321/122 3520/236/123
f 1708/137/17 3519/138/17 3518/139/18
f 1707/140/18 3518/139/18 3517/141/19
f 1706/142/19 3517/141/19 3516/143/20
f 1705/144/20 3516/143/20 3515/145/21
f 1704/146/21 3515/145/21 3514/147/124
f 1702/150/125 1703/148/124 3514/147/124
f 1702/150/125 3513/149/125 3512/151/126
f 1701/152/126 3512/151/126 3511/153/127
f 1700/154/127 3511/153/127 3510/155/128
f 1699/156/128 3510/155/128 3509/157/129
f 1698/158/129 3509/157/129 3508/159/130
f 1697/160/130 3508/159/130 3507/161/29
f 1696/162/29 3507/161/29 3506/163/30
f 1694/166/31 1695/164/30 3506/163/30
f 1694/166/31 3505/165/31 3504/167/32
f 1693/168/32 3504/167/32 3503/169/33
f 1692/170/33 3503/169/33 3502/171/34
f 1691/172/34 3502/171/34 3501/173/35
f 1690/174/35 3501/173/35 3500/175/36
f 1689/176/36 3500/175/36 3499/177/37
f 1688/178/37 3499/177/37 3498/179/38
f 1687/180/38 3498/179/38 3497/181/39
f 1686/182/39 3497/181/39 3496/183/40
f 1685/184/40 3496/183/40 3495/185/131
f 1684/186/131 3495/185/131 3494/187/42
f 1683/188/42 3494/187/42 3493/189/43
f 1682/190/43 3493/189/43 3492/191/44
f 1681/192/44 3492/191/44 3491/193/45
f 1680/194/45 3491/193/45 3490/195/46
f 1679/196/46 3490/195/46 3489/197/47
f 1678/198/47 3489/197/47 3488/199/48
f 1677/200/48 3488/199/48 3487/201/49
f 1676/203/51 3487/201/49 3486/204/50
f 1675/202/50 3486/204/50 3485/205/132
f 1674/206/52 3485/205/132 3484/207/53
f 1673/208/53 3484/207/53 3483/209/54
f 1672/210/54 3483/209/54 3482/211/55
f 1671/213/55 3482/211/55 3481/214/57
f 1670/215/57 3481/214/57 3480/216/133
f 1669/217/133 3480/216/133 3479/218/134
f 1668/219/134 3479/218/134 3478/220/135
f 1667/221/135 3478/220/135 3477/222/136
f 1666/223/136 3477/222/136 3476/224/137
f 1665/225/137 3476/224/137 3475/226/138
f 1664/227/138 3475/226/138 3474/228/65
f 1663/229/65 3474/228/65 3473/230/66
f 1662/231/66 3473/230/66 3472/232/67
f 1661/233/67 3472/232/67 3471/234/139
f 1660/235/139 3471/234/139 3470/236/69
f 1708/137/17 1659/237/69 3470/238/69
f 3469/239/70 3468/240/71 1657/241/71
f 1656/242/72 1657/241/71 3468/240/71
f 1656/242/72 3467/243/72 3466/155/73
f 1655/156/73 3466/155/73 3465/244/74
f 1654/245/74 3465/244/74 3464/246/75
f 1653/247/75 3464/246/75 3463/159/140
f 1652/160/140 3463/159/140 3462/248/77
f 1651/249/77 3462/248/77 3461/250/78
f 1650/251/78 3461/250/78 3460/252/79
f 1649/253/79 3460/252/79 3459/254/80
f 1648/255/80 3459/254/80 3458/256/81
f 1647/257/81 3458/256/81 3457/258/82
f 1646/260/82 3457/258/82 3456/421/83
f 1644/422/112 1696/423/112 1695/424/112
f 1645/425/112 1644/422/112 1695/424/112
f 1645/259/83 3456/421/83 3455/426/56
f 1644/166/56 1645/259/83 3455/426/56
f 3454/263/84 1643/261/84 1644/166/56
f 1643/261/84 3454/263/84 3453/264/85
f 1641/174/141 1642/265/85 3453/264/85
f 1641/174/141 3452/173/141 3451/266/87
f 1640/268/87 3451/266/87 3450/269/142
f 1639/267/142 3450/269/142 3449/177/143
f 1638/178/143 3449/177/143 3448/270/144
f 1637/272/144 3448/270/144 3447/273/91
f 1636/271/91 3447/273/91 3446/181/145
f 1635/182/145 3446/181/145 3445/274/93
f 1634/275/146 3445/274/93 3444/276/147
f 1633/277/147 3444/276/147 3443/185/95
f 1632/186/95 3443/185/95 3442/278/96
f 1631/279/96 3442/278/96 3441/280/97
f 1630/282/97 3441/280/97 3440/283/98
f 1629/281/98 3440/283/98 3439/205/99
f 1628/206/99 3439/205/99 3438/284/148
f 1627/285/148 3438/284/148 3437/286/149
f 1626/287/149 3437/286/149 3436/209/150
f 1625/210/150 3436/209/150 3435/288/151
f 1624/289/151 3435/288/151 3434/290/152
f 1623/291/152 3434/290/152 3433/292/153
f 1622/212/153 3433/292/153 3432/293/154
f 1621/295/154 3432/293/154 3431/296/155
f 1620/294/155 3431/296/155 3430/297/156
f 1619/298/156 3430/297/156 3429/299/109
f 1617/303/111 1618/301/109 3429/299/109
f 1617/303/111 3428/302/111 3427/309/157
f 1616/310/157 3427/309/157 3426/224/158
f 1615/225/158 3426/224/158 3425/311/159
f 1614/312/159 3425/311/159 3424/313/160
f 1613/314/160 3424/313/160 3423/228/161
f 1612/229/161 3423/228/161 3422/315/162
f 1611/316/162 3422/315/162 3421/317/163
f 1609/233/164 1610/318/163 3421/317/163
f 1609/233/164 3420/232/164 3419/319/165
f 1608/320/121 3419/319/165 3418/321/122
f 1606/237/123 3417/238/123 3469/239/70
f 1667/427/112 1666/428/112 1625/429/112
f 1665/430/112 1626/431/112 1666/428/112
f 1608/432/112 1677/433/112 1676/434/112
f 1663/435/112 1628/436/112 1664/437/112
f 1662/438/112 1628/436/112 1663/435/112
f 1607/439/112 1678/440/112 1677/433/112
f 1606/441/112 1680/442/112 1679/443/112
f 1659/444/112 1630/445/112 1660/446/112
f 1606/441/112 1681/447/112 1680/442/112
f 1658/448/112 1682/449/112 1681/447/112
f 1704/450/112 1703/451/112 1633/452/112
f 1703/451/112 1702/453/112 1633/452/112
f 1688/454/112 1687/455/112 1655/456/112
f 1701/457/112 1700/458/112 1635/459/112
f 1691/460/112 1690/461/112 1653/462/112
f 1708/463/112 1630/445/112 1659/444/112
f 1632/464/112 1705/465/112 1704/450/112
f 1693/466/112 1692/467/112 1649/468/112
f 1651/469/112 1692/467/112 1691/460/112
f 1658/448/112 1683/470/112 1682/449/112
f 1631/471/112 1707/472/112 1706/473/112
f 1632/464/112 1706/473/112 1705/465/112
f 1634/474/112 1702/453/112 1701/457/112
f 1638/475/112 1699/476/112 1698/477/112
f 1698/477/112 1697/478/112 1640/479/112
f 1696/423/112 1642/480/112 1697/478/112
f 1643/481/112 1642/480/112 1696/423/112
f 1644/422/112 1643/481/112 1696/423/112
f 1641/482/112 1640/479/112 1697/478/112
f 1642/480/112 1641/482/112 1697/478/112
f 1639/483/112 1638/475/112 1698/477/112
f 1640/479/112 1639/483/112 1698/477/112
f 1699/476/112 1636/484/112 1700/458/112
f 1637/485/112 1636/484/112 1699/476/112
f 1638/475/112 1637/485/112 1699/476/112
f 1635/459/112 1634/474/112 1701/457/112
f 1636/484/112 1635/459/112 1700/458/112
f 1633/452/112 1632/464/112 1704/450/112
f 1634/474/112 1633/452/112 1702/453/112
f 1632/464/112 1631/471/112 1706/473/112
f 1661/486/112 1629/487/112 1662/438/112
f 1664/437/112 1627/488/112 1665/430/112
f 1660/446/112 1629/487/112 1661/486/112
f 1669/489/112 1619/490/112 1670/491/112
f 1620/492/112 1669/489/112 1668/493/112
f 1617/494/112 1672/495/112 1671/496/112
f 1613/497/112 1674/498/112 1673/499/112
f 1615/500/112 1673/499/112 1672/495/112
f 1607/439/112 1679/443/112 1678/440/112
f 1686/501/112 1656/502/112 1687/455/112
f 1657/503/112 1685/504/112 1684/505/112
f 1689/506/112 1654/507/112 1690/461/112
f 1688/454/112 1654/507/112 1689/506/112
f 1694/508/112 1693/466/112 1647/509/112
f 1646/510/112 1645/425/112 1694/508/112
f 1647/509/112 1646/510/112 1694/508/112
f 1648/511/112 1647/509/112 1693/466/112
f 1649/468/112 1648/511/112 1693/466/112
f 1650/512/112 1649/468/112 1692/467/112
f 1651/469/112 1650/512/112 1692/467/112
f 1652/513/112 1651/469/112 1691/460/112
f 1653/462/112 1652/513/112 1691/460/112
f 1654/507/112 1653/462/112 1690/461/112
f 1656/502/112 1686/501/112 1685/504/112
f 1655/456/112 1654/507/112 1688/454/112
f 1656/502/112 1655/456/112 1687/455/112
f 1657/503/112 1656/502/112 1685/504/112
f 1658/448/112 1657/503/112 1683/470/112
f 1683/470/112 1657/503/112 1684/505/112
f 1606/441/112 1658/448/112 1681/447/112
f 1679/443/112 1607/439/112 1606/441/112
f 1608/432/112 1607/439/112 1677/433/112
f 1609/514/112 1608/432/112 1676/434/112
f 1675/515/112 1609/514/112 1676/434/112
f 1610/516/112 1609/514/112 1675/515/112
f 1611/517/112 1610/516/112 1675/515/112
f 1674/498/112 1611/517/112 1675/515/112
f 1612/518/112 1611/517/112 1674/498/112
f 1674/498/112 1613/497/112 1612/518/112
f 1614/519/112 1613/497/112 1673/499/112
f 1673/499/112 1615/500/112 1614/519/112
f 1616/520/112 1615/500/112 1672/495/112
f 1672/495/112 1617/494/112 1616/520/112
f 1618/521/112 1617/494/112 1671/496/112
f 1619/490/112 1618/521/112 1670/491/112
f 1670/491/112 1618/521/112 1671/496/112
f 1669/489/112 1620/492/112 1619/490/112
f 1622/522/112 1621/523/112 1668/493/112
f 1623/524/112 1622/522/112 1668/493/112
f 1668/493/112 1621/523/112 1620/492/112
f 1624/525/112 1623/524/112 1667/427/112
f 1625/429/112 1624/525/112 1667/427/112
f 1626/431/112 1625/429/112 1666/428/112
f 1627/488/112 1626/431/112 1665/430/112
f 1628/436/112 1627/488/112 1664/437/112
f 1629/487/112 1628/436/112 1662/438/112
f 1631/471/112 1708/463/112 1707/472/112
f 1630/445/112 1629/487/112 1660/446/112
f 1631/471/112 1630/445/112 1708/463/112
f 1607/420/122 3418/321/122 3417/236/123
f 1604/526/166 1605/527/167 3416/528/167
f 1604/526/166 3415/529/166 3414/530/168
f 1603/531/168 3414/530/168 3413/532/169
f 1602/533/169 3413/532/169 3412/534/170
f 1601/535/170 3412/534/170 3411/536/171
f 1600/537/171 3411/536/171 3410/538/172
f 1599/539/172 3410/538/172 3409/540/173
f 1598/541/173 3409/540/173 3408/542/174
f 1596/543/175 1597/544/174 3408/542/174
f 1596/543/175 3407/545/175 3406/546/176
f 1595/547/176 3406/546/176 3405/548/177
f 1594/549/177 3405/548/177 3404/550/178
f 1593/551/178 3404/550/178 3403/552/179
f 1592/553/179 3403/552/179 3402/554/180
f 1590/260/181 1591/555/180 3402/554/180
f 1590/260/181 3401/258/181 3400/556/182
f 1589/557/182 3400/556/182 3399/558/183
f 1588/559/183 3399/558/183 3398/560/184
f 1587/561/184 3398/560/184 3397/562/185
f 1586/563/185 3397/562/185 3396/564/186
f 1585/565/186 3396/564/186 3395/566/187
f 1584/567/187 3395/566/187 3394/568/188
f 1583/569/188 3394/568/188 3393/570/189
f 1581/571/190 1582/572/189 3393/570/189
f 1581/571/190 3392/573/190 3391/574/191
f 1580/575/192 3391/574/191 3390/576/193
f 1579/577/193 3390/576/193 3389/185/194
f 1578/186/195 3389/185/194 3388/578/196
f 1577/579/197 3388/578/196 3387/580/198
f 1576/581/199 3387/580/198 3386/582/200
f 1575/583/201 3386/582/200 3385/584/202
f 1574/585/202 3385/584/202 3384/586/203
f 1573/587/203 3384/586/203 3383/588/204
f 1572/589/205 3383/588/204 3382/590/206
f 1570/591/207 1571/592/206 3382/590/206
f 1570/591/207 3381/593/208 3380/594/209
f 1569/595/209 3380/594/209 3379/596/210
f 1567/597/56 1568/598/210 3379/596/210
f 3378/599/211 1566/600/211 1567/597/56
f 1566/600/211 3378/599/211 3377/297/212
f 1565/298/212 3377/297/212 3376/601/213
f 1564/602/214 3376/601/213 3375/603/215
f 1563/604/215 3375/603/215 3374/605/216
f 1562/606/217 3374/605/216 3373/607/218
f 1561/608/218 3373/607/218 3372/609/219
f 1560/610/219 3372/609/219 3371/611/220
f 1559/612/221 3371/611/220 3370/613/222
f 1558/614/222 3370/613/222 3369/615/223
f 1556/616/224 1557/617/225 3369/615/223
f 1556/616/224 3368/618/224 3367/619/226
f 1555/620/227 3367/619/226 3366/621/228
f 1554/622/229 3366/621/228 3365/236/230
f 1553/237/230 3365/238/230 3416/528/167
f 1552/623/231 3364/624/231 3363/625/232
f 1550/626/233 1551/627/232 3363/625/232
f 1549/628/234 1550/626/233 3362/629/233
f 1549/628/234 3361/630/234 3360/631/235
f 1548/632/235 3360/631/235 3359/633/236
f 1547/634/236 3359/633/236 3358/635/237
f 1546/636/237 3358/635/237 3357/637/238
f 1545/638/238 3357/637/238 3356/639/239
f 1543/640/240 1544/641/239 3356/639/239
f 1543/640/240 3355/642/240 3354/643/241
f 1542/644/241 3354/643/241 3353/645/242
f 1541/646/242 3353/645/242 3352/647/243
f 1540/648/243 3352/647/243 3351/649/244
f 1539/650/244 3351/649/244 3350/651/245
f 1538/652/245 3350/651/245 3349/653/246
f 1537/654/247 3349/653/246 3348/655/248
f 1536/656/248 3348/655/248 3347/657/249
f 1535/658/249 3347/657/249 3346/659/250
f 1534/660/250 3346/659/250 3345/661/251
f 1533/662/251 3345/661/251 3344/663/252
f 1532/664/252 3344/663/252 3343/665/253
f 1531/666/254 3343/665/253 3342/667/255
f 1530/668/255 3342/667/255 3341/669/256
f 1529/670/256 3341/669/256 3340/671/257
f 1528/672/257 3340/671/257 3339/673/258
f 1527/674/258 3339/673/258 3338/675/110
f 1526/676/259 3338/675/259 3337/677/259
f 1525/678/56 3337/677/56 3336/679/211
f 1524/680/211 3336/679/211 3335/681/260
f 1523/682/260 3335/681/260 3334/683/261
f 1522/684/213 3334/683/261 3333/685/262
f 1521/686/262 3333/685/262 3332/687/217
f 1520/688/263 3332/687/217 3331/689/264
f 1519/690/264 3331/689/264 3330/691/265
f 1518/692/265 3330/691/265 3329/693/266
f 1517/694/267 3329/693/266 3328/695/268
f 1516/696/269 3328/695/268 3327/697/270
f 1515/698/271 3327/697/270 3326/699/272
f 1514/700/273 3326/699/272 3325/701/227
f 1513/702/227 3325/701/227 3324/703/228
f 1512/704/228 3324/703/228 3323/705/274
f 1510/706/275 1511/707/274 3323/705/274
f 1510/706/275 3322/708/275 3321/709/276
f 1509/710/276 3321/709/276 3320/711/277
f 1508/712/277 3320/711/277 3319/713/278
f 1507/714/278 3319/713/278 3318/715/279
f 1506/716/279 3318/715/279 3317/717/280
f 1505/718/280 3317/717/280 3316/719/281
f 1504/720/281 3316/719/281 3315/721/282
f 1503/722/282 3315/721/282 3314/723/283
f 1502/724/283 3314/723/283 3313/725/284
f 1568/726/112 1567/727/112 1526/728/112
f 1524/729/112 1523/730/112 1526/728/112
f 1526/728/112 1525/731/112 1524/729/112
f 1570/732/285 1569/733/112 1526/728/112
f 1522/734/112 1570/732/285 1526/728/112
f 1523/730/112 1522/734/112 1526/728/112
f 1521/735/112 1571/736/286 1570/732/285
f 1522/734/112 1521/735/112 1570/732/285
f 1521/735/112 1572/737/287 1571/736/286
f 1521/735/112 1520/738/112 1572/737/287
f 1520/738/112 1573/739/112 1572/737/287
f 1520/738/112 1519/740/112 1573/739/112
f 1518/741/112 1574/742/112 1573/739/112
f 1519/740/112 1518/741/112 1573/739/112
f 1518/741/112 1575/743/285 1574/742/112
f 1518/741/112 1517/744/112 1575/743/285
f 1517/744/112 1576/745/285 1575/743/285
f 1517/744/112 1516/746/112 1576/745/285
f 1515/747/112 1577/748/288 1576/745/285
f 1516/746/112 1515/747/112 1576/745/285
f 1514/749/112 1578/750/285 1577/748/288
f 1515/747/112 1514/749/112 1577/748/288
f 1514/749/112 1579/751/112 1578/750/285
f 1514/749/112 1513/752/112 1579/751/112
f 1513/752/112 1512/753/112 1579/751/112
f 1580/754/288 1579/751/112 1512/753/112
f 1512/753/112 1511/755/112 1581/756/112
f 1510/757/112 1509/758/112 1581/756/112
f 1511/755/112 1510/757/112 1581/756/112
f 1508/759/112 1507/760/112 1581/756/112
f 1509/758/112 1508/759/112 1581/756/112
f 1507/760/112 1506/761/112 1581/756/112
f 1505/762/112 1504/763/112 1581/756/112
f 1505/762/112 1581/756/112 1506/761/112
f 1581/756/112 1580/754/288 1512/753/112
f 1502/764/112 1501/765/112 1581/756/112
f 1503/766/112 1502/764/112 1581/756/112
f 1504/763/112 1503/766/112 1581/756/112
f 1500/767/289 1501/768/284 3313/725/284
f 1500/767/289 3312/769/289 3311/236/290
f 1600/770/112 1599/771/112 1543/772/112
f 1599/771/112 1598/773/112 1543/772/112
f 1541/774/112 1602/775/112 1601/776/112
f 1541/774/112 1603/777/112 1602/775/112
f 1597/778/112 1545/779/112 1598/773/112
f 1540/780/112 1604/781/112 1603/777/112
f 1540/780/112 1605/782/112 1604/781/112
f 1596/783/112 1547/784/112 1597/778/112
f 1540/780/112 1553/785/112 1605/782/112
f 1558/786/291 1557/787/112 1539/788/112
f 1591/789/112 1590/790/112 1501/765/112
f 1590/790/112 1589/791/112 1501/765/112
f 1559/792/292 1558/786/291 1539/788/112
f 1560/793/293 1559/792/292 1539/788/112
f 1589/791/112 1588/794/112 1501/765/112
f 1588/794/112 1587/795/112 1501/765/112
f 1561/796/112 1560/793/293 1539/788/112
f 1530/797/112 1562/798/112 1561/796/112
f 1587/795/112 1586/799/112 1501/765/112
f 1586/799/112 1585/800/112 1501/765/112
f 1530/797/112 1563/801/112 1562/798/112
f 1530/797/112 1564/802/294 1563/801/112
f 1585/800/112 1584/803/112 1501/765/112
f 1584/803/112 1583/804/112 1501/765/112
f 1539/788/112 1530/797/112 1561/796/112
f 1530/797/112 1565/805/112 1564/802/294
f 1539/788/112 1555/806/295 1554/807/296
f 1540/780/112 1554/807/296 1553/785/112
f 1552/808/112 1595/809/112 1594/810/112
f 1592/811/112 1499/812/112 1593/813/112
f 1583/804/112 1582/814/112 1501/765/112
f 1582/814/112 1581/756/112 1501/765/112
f 1501/765/112 1592/811/112 1591/789/112
f 1501/765/112 1500/815/112 1592/811/112
f 1499/812/112 1592/811/112 1500/815/112
f 1499/812/112 1552/808/112 1593/813/112
f 1593/813/112 1552/808/112 1594/810/112
f 1551/816/112 1550/817/112 1595/809/112
f 1595/809/112 1552/808/112 1551/816/112
f 1548/818/112 1547/784/112 1596/783/112
f 1549/819/112 1548/818/112 1596/783/112
f 1595/809/112 1550/817/112 1596/783/112
f 1546/820/112 1545/779/112 1597/778/112
f 1547/784/112 1546/820/112 1597/778/112
f 1549/819/112 1596/783/112 1550/817/112
f 1544/821/112 1543/772/112 1598/773/112
f 1545/779/112 1544/821/112 1598/773/112
f 1542/822/112 1541/774/112 1601/776/112
f 1543/772/112 1542/822/112 1600/770/112
f 1539/788/112 1556/823/112 1555/806/295
f 1541/774/112 1540/780/112 1603/777/112
f 1532/824/297 1530/797/112 1538/825/291
f 1534/826/112 1532/824/297 1538/825/291
f 1527/827/112 1565/805/112 1530/797/112
f 1567/727/112 1566/828/112 1527/827/112
f 1565/805/112 1527/827/112 1566/828/112
f 1527/827/112 1526/728/112 1567/727/112
f 1528/829/298 1527/827/112 1530/797/112
f 1530/797/112 1529/830/299 1528/829/298
f 1532/824/297 1531/831/300 1530/797/112
f 1534/826/112 1533/832/112 1532/824/297
f 1535/833/112 1534/826/112 1538/825/291
f 1536/834/112 1535/833/112 1538/825/291
f 1538/825/291 1537/835/301 1536/834/112
f 1556/823/112 1539/788/112 1557/787/112
f 1539/788/112 1538/825/291 1530/797/112
f 1540/780/112 1539/788/112 1554/807/296
f 1499/237/290 3311/238/290 3364/624/231
f 1497/836/302 1498/837/303 3310/838/303
f 1497/836/302 3309/839/304 3308/840/305
f 1496/841/306 3308/840/305 3307/842/307
f 1495/843/307 3307/842/307 3306/844/308
f 1494/845/309 3306/844/308 3305/846/310
f 1493/847/310 3305/846/310 3304/848/311
f 1492/849/311 3304/848/311 3303/850/312
f 1490/851/313 1491/852/314 3303/850/312
f 1490/851/313 3302/853/313 3301/854/315
f 1489/855/316 3301/854/315 3300/856/317
f 1488/857/317 3300/856/317 3299/858/318
f 1487/859/318 3299/858/318 3298/860/110
f 1486/861/259 3298/860/259 3297/862/259
f 1484/863/319 1485/864/56 3297/862/56
f 1484/863/319 3296/865/319 3295/866/320
f 1483/867/320 3295/866/320 3294/868/321
f 1482/869/321 3294/868/321 3293/870/322
f 1480/871/323 1481/872/324 3293/870/322
f 1480/871/323 3292/873/325 3291/874/326
f 1479/875/326 3291/874/326 3290/876/327
f 1478/877/328 3290/876/327 3289/878/329
f 1477/879/330 3289/878/329 3288/880/331
f 1475/881/332 1476/882/331 3288/880/331
f 1475/881/332 3287/883/332 3286/884/333
f 1474/885/334 3286/884/333 3285/886/335
f 1472/887/336 1473/888/337 3285/886/335
f 1480/889/338 1476/890/112 1484/891/112
f 1498/892/297 1496/893/339 1492/894/285
f 1481/895/340 1480/889/338 1484/891/112
f 1482/896/341 1481/895/340 1484/891/112
f 1484/891/112 1483/897/342 1482/896/341
f 1485/898/112 1484/891/112 1471/899/112
f 1471/899/112 1486/900/112 1485/898/112
f 1487/901/112 1486/900/112 1471/899/112
f 1488/902/285 1487/901/112 1498/892/297
f 1490/903/343 1489/904/344 1488/902/285
f 1491/905/338 1490/903/343 1488/902/285
f 1492/894/285 1491/905/338 1488/902/285
f 1493/906/112 1492/894/285 1496/893/339
f 1494/907/112 1493/906/112 1496/893/339
f 1496/893/339 1495/908/345 1494/907/112
f 1498/892/297 1497/909/346 1496/893/339
f 1488/902/285 1498/892/297 1492/894/285
f 1471/899/112 1498/892/297 1487/901/112
f 1472/910/112 1471/899/112 1484/891/112
f 1473/911/347 1472/910/112 1476/890/112
f 1474/912/297 1473/911/347 1476/890/112
f 1476/890/112 1475/913/348 1474/912/297
f 1477/914/349 1476/890/112 1480/889/338
f 1478/915/112 1477/914/349 1480/889/338
f 1480/889/338 1479/916/350 1478/915/112
f 3281/917/351 3280/236/352 1468/918/353
f 1469/919/351 3281/917/351 1468/918/353
f 3282/920/351 3281/917/351 1470/921/351
f 3283/922/351 3282/920/351 1471/923/351
f 1472/887/336 3284/924/354 3283/922/351
f 1471/923/351 1472/887/336 3283/922/351
f 1470/921/351 1471/923/351 3282/920/351
f 1468/237/353 3280/238/352 3310/838/303
f 3277/147/351 1465/925/351 3278/926/351
f 1465/925/351 1466/927/351 3278/926/351
f 1466/927/351 1467/928/355 3279/239/355
f 3276/151/351 1464/929/351 3277/147/351
f 1464/929/351 1465/925/351 3277/147/351
f 3275/240/356 1464/929/351 3276/151/351
f 3275/240/356 1463/241/356 1464/929/351
f 1463/241/356 3275/240/356 3274/243/357
f 1462/242/357 3274/243/357 3273/155/358
f 1461/156/359 3273/155/358 3272/244/360
f 1460/245/360 3272/244/360 3271/246/361
f 1459/247/361 3271/246/361 3270/159/362
f 1458/160/363 3270/159/362 3269/248/364
f 1457/249/365 3269/248/364 3268/250/366
f 1456/251/366 3268/250/366 3267/252/367
f 1455/253/368 3267/252/367 3266/254/369
f 1454/255/370 3266/254/369 3265/256/371
f 1453/257/371 3265/256/371 3264/258/372
f 1452/260/372 3264/258/372 3263/421/373
f 1451/259/373 3263/421/373 3262/263/374
f 1450/261/374 3262/263/374 3261/264/375
f 1449/265/375 3261/264/375 3260/173/376
f 1448/174/376 3260/173/376 3259/266/377
f 1447/268/378 3259/266/377 3258/269/379
f 1446/267/380 3258/269/379 3257/177/381
f 1445/178/382 3257/177/381 3256/270/383
f 1444/272/384 3256/270/383 3255/273/385
f 1443/271/386 3255/273/385 3254/181/387
f 1442/182/388 3254/181/387 3253/274/389
f 1441/275/390 3253/274/389 3252/276/391
f 1440/277/391 3252/276/391 3251/185/392
f 1439/186/393 3251/185/392 3250/278/394
f 1438/279/395 3250/278/394 3249/280/396
f 1437/282/396 3249/280/396 3248/283/397
f 1437/930/112 1436/931/291 1439/932/297
f 1435/206/398 1436/281/399 3248/283/397
f 1435/206/398 3247/205/398 3246/284/400
f 1434/285/401 3246/284/400 3245/286/402
f 1433/287/222 3245/286/402 3244/209/403
f 1432/210/404 3244/209/403 3243/288/405
f 1431/289/405 3243/288/405 3242/290/406
f 1430/291/407 3242/290/406 3241/292/408
f 1429/212/409 3241/292/408 3240/293/410
f 1427/294/411 1428/295/412 3240/293/410
f 1427/294/411 3239/296/411 3238/297/413
f 1426/298/413 3238/297/413 3237/299/414
f 1425/301/414 3237/299/414 3236/302/415
f 1424/303/415 3236/302/415 3235/309/416
f 1423/310/416 3235/309/416 3234/224/321
f 1422/225/321 3234/224/321 3233/311/417
f 1421/312/418 3233/311/417 3232/313/325
f 1420/314/419 3232/313/325 3231/228/326
f 1418/316/420 1419/229/421 3231/228/326
f 1418/316/420 3230/315/422 3229/317/423
f 1417/318/423 3229/317/423 3228/232/424
f 1416/233/424 3228/232/424 3227/319/425
f 1415/320/425 3227/319/425 3226/321/334
f 1414/420/333 3226/321/334 3225/236/335
f 1447/933/338 1443/934/338 1439/932/297
f 1449/935/112 1447/933/338 1439/932/297
f 1457/936/426 1455/937/427 1451/938/112
f 1459/939/297 1457/936/426 1451/938/112
f 1461/940/297 1459/939/297 1451/938/112
f 1417/941/285 1415/942/297 1423/943/428
f 1419/944/296 1417/941/285 1423/943/428
f 1431/945/112 1425/946/112 1436/931/291
f 1427/947/429 1425/946/112 1431/945/112
f 1436/931/291 1435/948/430 1431/945/112
f 1439/932/297 1436/931/291 1466/949/112
f 1441/950/297 1440/951/431 1439/932/297
f 1442/952/432 1441/950/297 1439/932/297
f 1443/934/338 1442/952/432 1439/932/297
f 1444/953/433 1443/934/338 1447/933/338
f 1445/954/434 1444/953/433 1447/933/338
f 1447/933/338 1446/955/435 1445/954/434
f 1449/935/112 1448/956/112 1447/933/338
f 1450/957/112 1449/935/112 1439/932/297
f 1451/938/112 1450/957/112 1439/932/297
f 1452/958/112 1451/938/112 1455/937/427
f 1453/959/436 1452/958/112 1455/937/427
f 1455/937/427 1454/960/437 1453/959/436
f 1457/936/426 1456/961/438 1455/937/427
f 1459/939/297 1458/962/439 1457/936/426
f 1461/940/297 1460/963/440 1459/939/297
f 1439/932/297 1462/964/297 1451/938/112
f 1462/964/297 1461/940/297 1451/938/112
f 1466/949/112 1462/964/297 1439/932/297
f 1415/942/297 1467/965/112 1423/943/428
f 1413/966/297 1467/965/112 1415/942/297
f 1415/942/297 1414/967/441 1413/966/297
f 1417/941/285 1416/968/442 1415/942/297
f 1419/944/296 1418/969/443 1417/941/285
f 1420/970/285 1419/944/296 1423/943/428
f 1421/971/438 1420/970/285 1423/943/428
f 1423/943/428 1422/972/444 1421/971/438
f 1466/949/112 1424/973/297 1467/965/112
f 1424/973/297 1423/943/428 1467/965/112
f 1425/946/112 1424/973/297 1466/949/112
f 1427/947/429 1426/974/445 1425/946/112
f 1429/975/285 1428/976/446 1427/947/429
f 1430/977/447 1429/975/285 1427/947/429
f 1431/945/112 1430/977/447 1427/947/429
f 1432/978/448 1431/945/112 1435/948/430
f 1433/979/112 1432/978/448 1435/948/430
f 1435/948/430 1434/980/112 1433/979/112
f 1413/237/335 3225/238/335 3279/239/355
f 1412/981/449 3224/982/449 3223/983/450
f 1411/984/450 3223/983/450 3222/985/451
f 1410/986/452 3222/985/451 3221/476/453
f 1409/987/453 3221/476/453 3220/988/454
f 1408/929/455 3220/988/454 3219/844/456
f 1407/845/456 3219/844/456 3218/989/457
f 1406/990/458 3218/989/457 3217/991/459
f 1405/992/460 3217/991/459 3216/993/461
f 1404/994/462 3216/993/461 3215/244/463
f 1403/245/463 3215/244/463 3214/995/464
f 1402/996/464 3214/995/464 3213/854/465
f 1401/855/466 3213/854/465 3212/997/467
f 1400/998/468 3212/997/467 3211/266/469
f 1399/268/470 3211/266/469 3210/999/471
f 1398/1000/471 3210/999/471 3209/1001/472
f 1397/1002/472 3209/1001/472 3208/1003/473
f 1396/1004/473 3208/1003/473 3207/1005/474
f 1395/1006/474 3207/1005/474 3206/185/475
f 1394/186/476 3206/185/475 3205/1007/477
f 1393/1008/477 3205/1007/477 3204/1009/478
f 1392/1010/479 3204/1009/478 3203/1011/480
f 1391/1012/480 3203/1011/480 3202/1013/481
f 1390/1014/481 3202/1013/481 3201/1015/482
f 1389/1016/482 3201/1015/482 3200/873/483
f 1388/871/483 3200/873/483 3199/1017/484
f 1387/1018/484 3199/1017/484 3198/1019/485
f 1386/1020/485 3198/1019/485 3197/1021/486
f 1385/1022/486 3197/1021/486 3196/284/487
f 1384/285/487 3196/284/487 3195/1023/488
f 1383/1024/488 3195/1023/488 3194/883/489
f 1381/1025/490 1382/881/489 3194/883/489
f 1381/1025/490 3193/1026/490 3192/1027/491
f 1380/1028/491 3192/1027/491 3191/297/492
f 1379/298/492 3191/297/492 3190/1029/493
f 1378/1030/493 3190/1029/493 3189/1031/494
f 1377/1032/494 3189/1031/494 3188/922/495
f 1375/1033/496 1376/1034/495 3188/922/495
f 1375/1033/496 3187/1035/496 3186/1036/497
f 1374/1037/497 3186/1036/497 3185/1038/498
f 1373/1039/498 3185/1038/498 3184/1040/499
f 1372/1041/499 3184/1040/499 3183/1042/500
f 1371/1043/500 3183/1042/500 3182/1044/501
f 1370/921/501 3182/1044/501 3181/311/502
f 1369/312/502 3181/311/502 3180/1045/503
f 1368/1046/503 3180/1045/503 3179/1047/504
f 1367/1048/504 3179/1047/504 3178/1049/505
f 1366/1050/505 3178/1049/505 3177/1051/506
f 1364/237/507 3176/238/507 3224/982/449
f 1365/1052/506 3177/1051/506 3176/236/507
f 1360/1053/508 3172/1054/508 3171/1055/509
f 1359/1056/509 3171/1055/509 3170/1057/510
f 1358/1058/510 3170/1057/510 3169/1059/511
f 1356/1060/512 1357/1061/511 3169/1059/511
f 1356/1060/512 3168/1062/512 3167/1063/513
f 1355/1064/513 3167/1063/513 3166/1065/514
f 1354/1066/514 3166/1065/514 3165/1067/515
f 1353/1068/515 3165/1067/515 3164/1069/516
f 1352/1070/516 3164/1069/516 3163/1071/517
f 1350/1072/518 1351/1073/517 3163/1071/517
f 1350/1072/518 3162/1074/518 3161/1075/311
f 1348/1076/519 1349/1077/311 3161/1075/311
f 1348/1076/519 3160/1078/519 3159/1079/520
f 1347/1080/520 3159/1079/520 3158/1081/521
f 1346/1082/521 3158/1081/521 3157/1083/522
f 1345/1084/522 3157/1083/522 3156/1085/523
f 1344/1086/523 3156/1085/523 3155/1087/524
f 1343/1088/524 3155/1087/524 3154/1089/525
f 1342/1090/525 3154/1089/525 3153/244/526
f 1340/1091/527 1341/245/526 3153/244/526
f 1340/1091/527 3152/1092/527 3151/1093/528
f 1339/1094/528 3151/1093/528 3150/1095/529
f 1337/1096/530 1338/1097/529 3150/1095/529
f 1336/1098/531 1337/1096/530 3149/1099/530
f 1336/1098/531 3148/1100/531 3147/1101/532
f 1335/1102/532 3147/1101/532 3146/1103/533
f 1334/1104/533 3146/1103/533 3145/1105/534
f 1333/1106/534 3145/1105/534 3144/1107/535
f 1332/1108/535 3144/1107/535 3143/1109/536
f 1331/1110/536 3143/1109/536 3142/1111/537
f 1329/1112/538 1330/1113/537 3142/1111/537
f 1329/1112/538 3141/1114/538 3140/1115/539
f 1328/1116/539 3140/1115/539 3139/1117/540
f 1327/1118/540 3139/1117/540 3138/1119/541
f 1326/1120/541 3138/1119/541 3137/1121/542
f 1325/1122/542 3137/1121/542 3136/1123/543
f 1324/1124/543 3136/1123/543 3135/1125/544
f 1323/1126/544 3135/1125/544 3134/1127/545
f 1322/1128/545 3134/1127/545 3133/1129/546
f 1320/1130/547 1321/1131/546 3133/1129/546
f 1320/1130/547 3132/1132/547 3131/1133/548
f 1319/1134/549 3131/1133/548 3130/1135/550
f 1318/1136/550 3130/1135/550 3129/1137/551
f 1317/1138/551 3129/1137/551 3128/1139/552
f 1316/1140/552 3128/1139/552 3127/1141/553
f 1315/1142/553 3127/1141/553 3126/1143/554
f 1314/1144/554 3126/1143/554 3125/1145/555
f 1313/1146/556 3125/1145/555 3124/1147/557
f 3124/1147/557 3123/1148/558 1311/1149/558
f 1311/1149/558 3123/1148/558 3122/1150/397
f 1309/1151/559 1310/1152/397 3122/1150/397
f 1309/1151/559 3121/1153/559 3120/1154/560
f 1308/1155/401 3120/1154/560 3119/1156/222
f 1307/1157/222 3119/1156/222 3118/1158/561
f 1306/1159/561 3118/1158/561 3117/1160/405
f 1305/1161/405 3117/1160/405 3116/1162/562
f 1303/1163/563 1304/1164/564 3116/1162/562
f 1303/1163/563 3115/1165/409 3114/1166/410
f 1302/1167/412 3114/1166/410 3113/1168/411
f 1301/1169/565 3113/1168/411 3112/1170/566
f 1300/1171/566 3112/1170/566 3111/1172/567
f 1299/1173/567 3111/1172/567 3110/1174/568
f 1298/1175/568 3110/1174/568 3109/1176/569
f 1297/1177/569 3109/1176/569 3108/1178/570
f 1296/1179/570 3108/1178/570 3107/1180/571
f 1295/1181/571 3107/1180/571 3106/1182/572
f 1294/1183/572 3106/1182/572 3105/1184/573
f 1293/1185/573 3105/1184/573 3104/1186/574
f 1292/1187/574 3104/1186/574 3103/1188/575
f 1291/1189/575 3103/1188/575 3102/1190/576
f 1290/1191/576 3102/1190/576 3101/1192/577
f 1289/1193/577 3101/1192/577 3100/1194/578
f 1288/1195/578 3100/1194/578 3099/1196/579
f 1286/1197/580 1287/1198/579 3099/1196/579
f 1286/1197/580 3098/1199/580 3097/1200/581
f 1284/1201/582 1285/1202/581 3097/1200/581
f 1284/1201/582 3096/1203/582 3095/1204/583
f 1283/1205/583 3095/1204/583 3094/1206/584
f 1282/1207/584 3094/1206/584 3093/284/585
f 1281/285/585 3093/284/585 3092/1208/586
f 1280/1209/586 3092/1208/586 3091/1210/587
f 1279/1211/587 3091/1210/587 3090/1212/588
f 1277/1213/589 1278/1214/588 3090/1212/588
f 1277/1213/589 3089/1215/589 3088/1216/590
f 1276/1217/590 3088/1216/590 3087/1218/591
f 1274/1219/112 1393/1220/291 1392/1221/297
f 1391/1222/112 1390/1223/112 1274/1219/112
f 1274/1219/112 1394/1224/292 1393/1220/291
f 1274/1219/112 1395/1225/297 1394/1224/292
f 1389/1226/112 1276/1227/112 1390/1223/112
f 1274/1219/112 1396/1228/297 1395/1225/297
f 1274/1219/112 1397/1229/592 1396/1228/297
f 1388/1230/112 1276/1227/112 1389/1226/112
f 1386/1231/112 1276/1227/112 1387/1232/112
f 1274/1219/112 1398/1233/593 1397/1229/592
f 1274/1219/112 1399/1234/338 1398/1233/593
f 1276/1227/112 1388/1230/112 1387/1232/112
f 1275/1235/112 1274/1219/112 1390/1223/112
f 1276/1227/112 1275/1235/112 1390/1223/112
f 1386/1231/112 1385/1236/112 1276/1227/112
f 1274/1237/594 1275/1238/591 3087/1218/591
f 1274/1237/594 3086/1239/594 3085/1240/595
f 1273/1241/595 3085/1240/595 3084/1242/596
f 1272/1243/596 3084/1242/596 3083/1244/597
f 1271/1245/597 3083/1244/597 3082/1246/598
f 1270/1247/598 3082/1246/598 3081/1248/599
f 1269/1249/599 3081/1248/599 3080/1250/600
f 1268/1251/600 3080/1250/600 3079/1252/601
f 1267/1253/601 3079/1252/601 3078/1254/602
f 1266/1255/602 3078/1254/602 3077/1256/603
f 1264/1257/604 1265/1258/605 3077/1256/603
f 1264/1257/604 3076/1259/604 3075/1260/606
f 1263/1261/606 3075/1260/606 3074/1262/607
f 1262/1263/607 3074/1262/607 3073/1036/608
f 1261/1037/608 3073/1036/608 3072/1264/609
f 1260/1265/609 3072/1264/609 3071/1266/610
f 1259/1267/610 3071/1266/610 3070/1268/611
f 1257/1269/612 1258/1270/611 3070/1268/611
f 1257/1269/612 3069/1271/612 3068/1272/613
f 1256/1273/613 3068/1272/613 3067/1274/614
f 1255/1275/614 3067/1274/614 3066/1276/615
f 1254/1277/615 3066/1276/615 3065/1278/616
f 1253/1279/616 3065/1278/616 3064/1280/617
f 1252/1281/617 3064/1280/617 3063/1282/618
f 1251/1283/618 3063/1282/618 3062/1284/619
f 1250/1285/619 3062/1284/619 3061/1286/620
f 1248/1287/621 1249/1288/620 3061/1286/620
f 1248/1287/621 3060/1289/621 3059/1290/622
f 1247/1291/622 3059/1290/622 3058/1292/623
f 1246/1293/623 3058/1292/623 3057/1294/624
f 1245/1295/624 3057/1294/624 3056/1296/625
f 1244/1297/625 3056/1296/625 3055/1298/626
f 1243/1299/627 3055/1298/626 3054/1300/628
f 1242/1301/629 3054/1300/628 3053/236/354
f 1406/1302/630 1405/1303/294 1305/1304/112
f 1305/1304/112 1408/1305/292 1407/1306/112
f 1405/1303/294 1404/1307/291 1305/1304/112
f 1404/1307/291 1403/1308/631 1305/1304/112
f 1305/1304/112 1409/1309/291 1408/1305/292
f 1403/1308/631 1402/1310/632 1305/1304/112
f 1400/1311/338 1313/1312/112 1312/1313/112
f 1315/1314/112 1314/1315/112 1399/1234/338
f 1316/1316/112 1315/1314/112 1399/1234/338
f 1317/1317/112 1316/1316/112 1399/1234/338
f 1318/1318/112 1317/1317/112 1399/1234/338
f 1319/1319/297 1318/1318/112 1399/1234/338
f 1274/1219/112 1320/1320/297 1319/1319/297
f 1274/1219/112 1321/1321/297 1320/1320/297
f 1273/1322/112 1322/1323/112 1321/1321/297
f 1272/1324/112 1323/1325/593 1322/1323/112
f 1270/1326/112 1324/1327/291 1323/1325/593
f 1365/1328/112 1364/1329/297 1291/1330/112
f 1366/1331/112 1365/1328/112 1290/1332/112
f 1333/1333/112 1332/1334/112 1261/1335/112
f 1289/1336/112 1367/1337/112 1366/1331/112
f 1334/1338/112 1333/1333/112 1261/1335/112
f 1289/1336/112 1368/1339/112 1367/1337/112
f 1335/1340/112 1334/1338/112 1260/1341/112
f 1336/1342/112 1335/1340/112 1260/1341/112
f 1288/1343/112 1369/1344/112 1368/1339/112
f 1337/1345/112 1336/1342/112 1259/1346/112
f 1288/1343/112 1370/1347/112 1369/1344/112
f 1338/1348/112 1337/1345/112 1259/1346/112
f 1288/1343/112 1371/1349/112 1370/1347/112
f 1258/1350/112 1339/1351/112 1338/1348/112
f 1340/1352/112 1339/1351/112 1258/1350/112
f 1377/1353/112 1376/1354/112 1285/1355/112
f 1378/1356/112 1377/1353/112 1285/1355/112
f 1379/1357/112 1378/1356/112 1284/1358/112
f 1346/1359/112 1345/1360/112 1256/1361/112
f 1380/1362/112 1379/1357/112 1284/1358/112
f 1381/1363/112 1380/1362/112 1284/1358/112
f 1344/1364/112 1257/1365/112 1345/1360/112
f 1343/1366/112 1257/1365/112 1344/1364/112
f 1265/1367/112 1327/1368/112 1326/1369/112
f 1256/1361/112 1347/1370/112 1346/1359/112
f 1347/1370/112 1359/1371/112 1348/1372/112
f 1341/1373/112 1258/1350/112 1342/1374/112
f 1330/1375/112 1262/1376/112 1331/1377/112
f 1263/1378/112 1329/1379/112 1328/1380/112
f 1264/1381/112 1328/1380/112 1327/1368/112
f 1325/1382/112 1266/1383/112 1326/1369/112
f 1401/1384/291 1400/1311/338 1312/1313/112
f 1313/1312/112 1399/1234/338 1314/1315/112
f 1399/1234/338 1274/1219/112 1319/1319/297
f 1400/1311/338 1399/1234/338 1313/1312/112
f 1273/1322/112 1272/1324/112 1322/1323/112
f 1274/1219/112 1273/1322/112 1321/1321/297
f 1271/1385/112 1270/1326/112 1323/1325/593
f 1272/1324/112 1271/1385/112 1323/1325/593
f 1324/1327/291 1267/1386/112 1325/1382/112
f 1269/1387/112 1268/1388/112 1324/1327/291
f 1270/1326/112 1269/1387/112 1324/1327/291
f 1267/1386/112 1266/1383/112 1325/1382/112
f 1268/1388/112 1267/1386/112 1324/1327/291
f 1265/1367/112 1264/1381/112 1327/1368/112
f 1266/1383/112 1265/1367/112 1326/1369/112
f 1263/1378/112 1262/1376/112 1329/1379/112
f 1264/1381/112 1263/1378/112 1328/1380/112
f 1262/1376/112 1330/1375/112 1329/1379/112
f 1261/1335/112 1260/1341/112 1334/1338/112
f 1262/1376/112 1261/1335/112 1331/1377/112
f 1331/1377/112 1261/1335/112 1332/1334/112
f 1259/1346/112 1258/1350/112 1338/1348/112
f 1260/1341/112 1259/1346/112 1336/1342/112
f 1258/1350/112 1341/1373/112 1340/1352/112
f 1257/1365/112 1256/1361/112 1345/1360/112
f 1258/1350/112 1257/1365/112 1342/1374/112
f 1342/1374/112 1257/1365/112 1343/1366/112
f 1255/1389/112 1254/1390/112 1359/1371/112
f 1256/1361/112 1255/1389/112 1359/1371/112
f 1359/1371/112 1347/1370/112 1256/1361/112
f 1254/1390/112 1253/1391/112 1359/1371/112
f 1252/1392/112 1359/1371/112 1253/1391/112
f 1252/1392/112 1251/1393/112 1359/1371/112
f 1249/1394/112 1248/1395/112 1363/1396/112
f 1250/1397/112 1249/1394/112 1363/1396/112
f 1248/1395/112 1247/1398/112 1363/1396/112
f 1245/1399/633 1244/1400/112 1242/1401/112
f 1246/1402/297 1245/1399/633 1242/1401/112
f 1244/1400/112 1243/1403/592 1242/1401/112
f 1246/1402/297 1241/1404/112 1247/1398/112
f 1241/1404/112 1363/1396/112 1247/1398/112
f 1242/1401/112 1241/1404/112 1246/1402/297
f 1363/1396/112 1251/1393/112 1250/1397/112
f 1359/1371/112 1358/1405/593 1356/1406/428
f 1363/1396/112 1359/1371/112 1251/1393/112
f 1358/1405/593 1357/1407/112 1356/1406/428
f 1355/1408/112 1354/1409/593 1359/1371/112
f 1356/1406/428 1355/1408/112 1359/1371/112
f 1353/1410/112 1352/1411/112 1359/1371/112
f 1354/1409/593 1353/1410/112 1359/1371/112
f 1351/1412/112 1350/1413/112 1359/1371/112
f 1352/1411/112 1351/1412/112 1359/1371/112
f 1349/1414/112 1348/1372/112 1359/1371/112
f 1350/1413/112 1349/1414/112 1359/1371/112
f 1383/1415/112 1382/1416/112 1283/1417/112
f 1297/1418/112 1410/1419/592 1409/1309/291
f 1384/1420/112 1383/1415/112 1283/1417/112
f 1375/1421/112 1286/1422/112 1376/1354/112
f 1310/1423/292 1402/1310/632 1401/1384/291
f 1301/1424/592 1299/1425/112 1305/1304/112
f 1296/1426/112 1411/1427/112 1410/1419/592
f 1292/1428/112 1364/1329/297 1412/1429/291
f 1373/1430/112 1287/1431/112 1374/1432/112
f 1381/1363/112 1283/1417/112 1382/1416/112
f 1385/1236/112 1384/1420/112 1282/1433/112
f 1277/1434/112 1276/1227/112 1385/1236/112
f 1278/1435/112 1277/1434/112 1385/1236/112
f 1279/1436/112 1278/1435/112 1385/1236/112
f 1280/1437/112 1279/1436/112 1385/1236/112
f 1281/1438/112 1280/1437/112 1385/1236/112
f 1282/1433/112 1281/1438/112 1385/1236/112
f 1283/1417/112 1282/1433/112 1384/1420/112
f 1374/1432/112 1286/1422/112 1375/1421/112
f 1284/1358/112 1283/1417/112 1381/1363/112
f 1285/1355/112 1284/1358/112 1378/1356/112
f 1287/1431/112 1373/1430/112 1372/1439/112
f 1286/1422/112 1285/1355/112 1376/1354/112
f 1287/1431/112 1286/1422/112 1374/1432/112
f 1371/1349/112 1287/1431/112 1372/1439/112
f 1288/1343/112 1287/1431/112 1371/1349/112
f 1289/1336/112 1288/1343/112 1368/1339/112
f 1290/1332/112 1289/1336/112 1366/1331/112
f 1291/1330/112 1290/1332/112 1365/1328/112
f 1293/1440/112 1412/1429/291 1411/1427/112
f 1292/1428/112 1291/1330/112 1364/1329/297
f 1293/1440/112 1292/1428/112 1412/1429/291
f 1294/1441/112 1293/1440/112 1411/1427/112
f 1295/1442/112 1294/1441/112 1411/1427/112
f 1296/1426/112 1295/1442/112 1411/1427/112
f 1297/1418/112 1296/1426/112 1410/1419/592
f 1305/1304/112 1298/1443/112 1409/1309/291
f 1298/1443/112 1297/1418/112 1409/1309/291
f 1299/1425/112 1298/1443/112 1305/1304/112
f 1301/1424/592 1300/1444/292 1299/1425/112
f 1302/1445/112 1301/1424/592 1305/1304/112
f 1303/1446/432 1302/1445/112 1305/1304/112
f 1305/1304/112 1304/1447/634 1303/1446/432
f 1306/1448/112 1305/1304/112 1309/1449/635
f 1307/1450/112 1306/1448/112 1309/1449/635
f 1309/1449/635 1308/1451/112 1307/1450/112
f 1402/1310/632 1310/1423/292 1305/1304/112
f 1310/1423/292 1309/1449/635 1305/1304/112
f 1312/1313/112 1310/1423/292 1401/1384/291
f 1363/1452/351 3175/1453/351 3174/1454/351
f 1363/1452/351 3053/238/354 3175/1453/351
f 1361/1455/351 1362/1456/351 3173/1457/351
f 3172/1054/508 1361/1455/351 3173/1457/351
f 1363/1452/351 1241/237/354 3053/238/354
f 1362/1456/351 1363/1452/351 3174/1454/351
f 3172/1054/508 1360/1053/508 1361/1455/351
f 1240/1458/636 3052/1459/636 3051/1460/637
f 1238/1461/638 1239/1462/637 3051/1460/637
f 1238/1461/638 3050/1463/638 3049/1464/639
f 1237/1465/639 3049/1464/639 3048/1466/640
f 1236/1467/640 3048/1466/640 3047/1468/641
f 1235/1469/641 3047/1468/641 3046/1470/642
f 1234/1471/642 3046/1470/642 3045/1472/643
f 1232/1473/644 1233/1474/643 3045/1472/643
f 1232/1473/644 3044/1475/644 3043/1476/645
f 1231/1477/645 3043/1476/645 3042/1478/646
f 1230/1479/646 3042/1478/646 3041/1480/647
f 1229/1481/647 3041/1480/647 3040/1482/648
f 1228/1483/648 3040/1482/648 3039/1484/414
f 1227/1485/414 3039/1484/414 3038/1486/413
f 1226/1487/413 3038/1486/413 3037/1488/649
f 1224/1489/410 1225/1490/565 3037/1488/649
f 1223/1491/563 1224/1489/410 3036/1492/412
f 1223/1491/563 3035/1493/650 3034/1494/564
f 1222/1495/564 3034/1494/564 3033/1496/651
f 1221/1497/405 3033/1496/651 3032/1498/561
f 1220/1499/561 3032/1498/561 3031/1500/652
f 1219/1501/652 3031/1500/652 3030/1502/400
f 1218/1503/400 3030/1502/400 3029/1504/398
f 1217/1505/398 3029/1504/398 3028/1506/399
f 3624/1507/653 3623/1508/653 3625/1509/653
f 1216/1510/654 3028/1506/399 3027/1511/655
f 1214/1512/656 1215/1513/657 3026/1514/658
f 1214/1512/656 3025/1515/319 3024/1516/320
f 1213/1517/320 3024/1516/320 3023/1518/659
f 1212/1519/660 3023/1518/659 3022/1520/661
f 1211/1521/662 3022/1520/661 3021/1522/663
f 1210/1523/664 3021/1522/663 3020/1524/665
f 1209/1525/665 3020/1524/665 3019/1526/666
f 1208/1527/666 3019/1526/666 3018/1528/667
f 1207/1529/667 3018/1528/667 3017/1530/668
f 1206/1531/669 3017/1530/668 3016/1532/670
f 1204/1533/671 1205/1534/670 3016/1532/670
f 1204/1533/671 3015/1535/672 3014/1536/337
f 1202/1537/336 1203/1538/673 3014/1536/337
f 3012/1539/351 3011/1540/674 1199/1541/351
f 3013/1542/336 3012/1539/351 1200/1543/351
f 1201/1544/351 1202/1537/336 3013/1542/336
f 1200/1543/351 1201/1544/351 3013/1542/336
f 1199/1541/351 1200/1543/351 3012/1539/351
f 1197/1545/335 1198/1546/354 3011/1540/674
f 1197/1545/335 3010/1547/675 3009/1548/334
f 1196/1549/676 3009/1548/334 3008/1550/677
f 1195/1551/677 3008/1550/677 3007/426/678
f 1194/1552/678 3007/426/678 3006/1553/330
f 1193/1554/679 3006/1553/330 3005/1555/328
f 1192/1556/328 3005/1555/328 3004/1557/680
f 1191/1558/326 3004/1557/680 3003/1559/323
f 1189/1560/322 1190/1561/681 3003/1559/323
f 1189/1560/322 3002/1562/324 3001/1563/682
f 1188/1564/321 3001/1563/682 3000/1565/683
f 1186/1566/684 1187/1567/683 3000/1565/683
f 1186/1566/684 2999/1568/684 2998/1569/319
f 1185/1570/319 2998/1569/319 2997/1571/320
f 1184/1572/320 2997/1571/320 2996/1573/321
f 1183/1574/682 2996/1573/321 2995/1575/685
f 1182/1576/417 2995/1575/685 2994/1577/325
f 1181/1578/681 2994/1577/325 2993/1579/326
f 1180/1580/326 2993/1579/326 2992/1581/422
f 1178/1582/686 1179/1583/420 2992/1581/422
f 1178/1582/686 2991/1584/423 2990/1585/424
f 1177/1586/424 2990/1585/424 2989/1587/425
f 1176/1588/425 2989/1587/425 2988/1589/334
f 1175/1590/333 2988/1589/334 2987/1591/629
f 1173/1592/354 1174/1593/687 2987/1591/629
f 2981/1594/688 1169/1595/688 1170/1596/351
f 2982/1597/351 2981/1594/688 1171/1598/351
f 2983/1599/351 2982/1597/351 1171/1598/351
f 2984/1600/351 2983/1599/351 1171/1598/351
f 2985/1601/351 2984/1600/351 1172/1602/351
f 1173/1592/354 2986/1603/354 2985/1601/351
f 1172/1602/351 1173/1592/354 2985/1601/351
f 1171/1598/351 1172/1602/351 2984/1600/351
f 1168/1604/689 1169/1595/688 2981/1594/688
f 1172/1605/112 1168/1606/297 1167/1607/112
f 1173/1608/112 1172/1605/112 1174/1609/297
f 1168/1604/689 2980/1610/245 2979/1611/690
f 1167/1612/304 2979/1611/690 2978/1613/306
f 1166/1614/305 2978/1613/306 2977/1615/691
f 1165/1616/691 2977/1615/691 2976/1617/692
f 1164/1618/250 2976/1617/692 2975/1619/693
f 1163/1620/693 2975/1619/693 2974/1621/694
f 1162/1622/694 2974/1621/694 2973/1623/695
f 1161/1624/696 2973/1623/695 2972/1625/697
f 1160/1626/697 2972/1625/697 2971/1627/698
f 1159/1628/699 2971/1627/698 2970/1629/700
f 1158/1630/700 2970/1629/700 2969/1631/318
f 1157/1632/318 2969/1631/318 2968/1633/318
f 1156/1634/318 2968/1633/318 2967/1635/700
f 1155/1636/700 2967/1635/700 2966/1637/698
f 1154/1638/698 2966/1637/698 2965/1639/701
f 1153/1640/702 2965/1639/701 2964/1641/703
f 1152/1642/703 2964/1641/703 2963/1643/704
f 1151/1644/704 2963/1643/704 2962/1645/693
f 1150/1646/693 2962/1645/693 2961/1647/705
f 1149/1648/250 2961/1647/705 2960/1649/706
f 1147/1650/305 1148/1651/706 2960/1649/706
f 1147/1650/305 2959/1652/306 2958/1653/690
f 1146/1654/246 2958/1653/690 2957/1655/707
f 1197/1656/708 1196/1657/112 1145/1658/709
f 1198/1659/710 1197/1656/708 1145/1658/709
f 1144/1660/711 1198/1659/710 1145/1658/709
f 1195/1661/112 1147/1662/445 1146/1663/712
f 1196/1657/112 1195/1661/112 1146/1663/712
f 1195/1661/112 1148/1664/593 1147/1662/445
f 1195/1661/112 1194/1665/112 1148/1664/593
f 1193/1666/112 1149/1667/633 1148/1664/593
f 1194/1665/112 1193/1666/112 1148/1664/593
f 1192/1668/297 1150/1669/291 1149/1667/633
f 1193/1666/112 1192/1668/297 1149/1667/633
f 1192/1668/297 1151/1670/593 1150/1669/291
f 1192/1668/297 1191/1671/342 1151/1670/593
f 1190/1672/291 1152/1673/112 1151/1670/593
f 1191/1671/342 1190/1672/291 1151/1670/593
f 1189/1674/291 1153/1675/291 1152/1673/112
f 1190/1672/291 1189/1674/291 1152/1673/112
f 1189/1674/291 1154/1676/112 1153/1675/291
f 1189/1674/291 1188/1677/592 1154/1676/112
f 1188/1677/592 1155/1678/291 1154/1676/112
f 1188/1677/592 1187/1679/112 1155/1678/291
f 1186/1680/112 1156/1681/297 1155/1678/291
f 1187/1679/112 1186/1680/112 1155/1678/291
f 1167/1607/112 1163/1682/713 1159/1683/112
f 1179/1684/714 1177/1685/297 1185/1686/112
f 1183/1687/436 1181/1688/715 1179/1684/714
f 1185/1686/112 1183/1687/436 1179/1684/714
f 1185/1686/112 1184/1689/342 1183/1687/436
f 1183/1687/436 1182/1690/716 1181/1688/715
f 1181/1688/715 1180/1691/717 1179/1684/714
f 1179/1684/714 1178/1692/718 1177/1685/297
f 1174/1609/297 1186/1680/112 1185/1686/112
f 1177/1685/297 1175/1693/428 1185/1686/112
f 1163/1682/713 1161/1694/719 1159/1683/112
f 1157/1695/285 1156/1681/297 1167/1607/112
f 1159/1683/112 1157/1695/285 1167/1607/112
f 1159/1683/112 1158/1696/592 1157/1695/285
f 1161/1694/719 1160/1697/720 1159/1683/112
f 1163/1682/713 1162/1698/721 1161/1694/719
f 1164/1699/722 1163/1682/713 1167/1607/112
f 1165/1700/723 1164/1699/722 1167/1607/112
f 1167/1607/112 1166/1701/724 1165/1700/723
f 1186/1680/112 1174/1609/297 1156/1681/297
f 1174/1609/297 1167/1607/112 1156/1681/297
f 1175/1693/428 1174/1609/297 1185/1686/112
f 1177/1685/297 1176/1702/442 1175/1693/428
f 1145/1703/707 2957/1655/707 2956/1704/244
f 2954/1705/351 2953/1706/351 1142/1707/351
f 2955/1708/351 2954/1705/351 1143/1709/351
f 1143/1709/351 1144/1710/353 2956/1704/244
f 1141/285/351 2953/1706/351 2952/1711/353
f 1142/1707/351 1143/1709/351 2954/1705/351
f 1141/285/351 1142/1707/351 2953/1706/351
f 2952/1711/353 1140/1712/352 1141/285/351
f 1198/1659/710 1144/1660/711 1139/1713/725
f 1139/1713/726 1199/1714/726 1198/1659/726
f 1139/1715/303 1140/1712/352 2952/1711/353
f 1138/1716/727 1139/1715/303 2951/1717/728
f 1138/1716/727 2950/1718/729 2949/1719/730
f 1137/1720/730 2949/1719/730 2948/1721/731
f 1136/1722/732 2948/1721/731 2947/1723/733
f 1135/1724/734 2947/1723/733 2946/1725/735
f 1134/1726/735 2946/1725/735 2945/1727/736
f 1133/1728/704 2945/1727/736 2944/1729/737
f 1132/1730/253 2944/1729/737 2943/1731/702
f 1131/1732/702 2943/1731/702 2942/1733/698
f 1130/1734/698 2942/1733/698 2941/1735/700
f 1129/1736/700 2941/1735/700 2940/1737/318
f 1127/1738/738 1128/1739/318 2940/1737/318
f 1127/1738/738 2939/1740/738 2938/1741/739
f 1126/1742/739 2938/1741/739 2937/1743/740
f 1125/1744/741 2937/1743/740 2936/1745/742
f 1124/1746/743 2936/1745/742 2935/1747/744
f 1123/1748/745 2935/1747/744 2934/1749/746
f 1122/1750/746 2934/1749/746 2933/1751/747
f 1121/1752/747 2933/1751/747 2932/1753/748
f 1120/1754/749 2932/1753/748 2931/1755/750
f 1119/1756/751 2931/1755/750 2930/1757/752
f 1118/1758/753 2930/1757/752 2929/1759/754
f 1117/1760/754 2929/1759/754 2928/1761/755
f 1116/1762/755 2928/1761/755 2927/1763/756
f 1115/1764/112 1127/1765/112 1121/1766/296
f 1117/1767/757 1115/1764/112 1121/1766/296
f 1127/1765/112 1125/1768/630 1121/1766/296
f 1128/1769/291 3624/1770/112 1139/1713/713
f 1133/1771/338 1131/1772/758 1129/1773/294
f 1135/1774/291 1133/1771/338 1129/1773/294
f 1137/1775/339 1135/1774/291 1129/1773/294
f 1213/1776/112 1211/1777/285 1203/1778/759
f 1129/1773/294 1139/1713/713 1137/1775/339
f 3624/1770/112 1215/1779/112 1139/1713/713
f 1115/1764/112 3624/1770/112 1127/1765/112
f 1117/1767/757 1116/1780/760 1115/1764/112
f 1119/1781/761 1118/1782/762 1117/1767/757
f 1120/1783/112 1119/1781/761 1117/1767/757
f 1121/1766/296 1120/1783/112 1117/1767/757
f 1122/1784/112 1121/1766/296 1125/1768/630
f 1123/1785/338 1122/1784/112 1125/1768/630
f 1125/1768/630 1124/1786/763 1123/1785/338
f 1127/1765/112 1126/1787/112 1125/1768/630
f 1128/1769/291 1127/1765/112 3624/1770/112
f 1129/1773/294 1128/1769/291 1139/1713/713
f 1131/1772/758 1130/1788/764 1129/1773/294
f 1133/1771/338 1132/1789/765 1131/1772/758
f 1135/1774/291 1134/1790/345 1133/1771/338
f 1137/1775/339 1136/1791/345 1135/1774/291
f 1139/1713/713 1138/1792/766 1137/1775/339
f 1202/1793/291 1139/1713/713 1215/1779/112
f 1203/1778/759 1202/1793/291 1214/1794/112
f 1204/1795/767 1203/1778/759 1207/1796/112
f 1205/1797/768 1204/1795/767 1207/1796/112
f 1207/1796/112 1206/1798/769 1205/1797/768
f 1208/1799/770 1207/1796/112 1211/1777/285
f 1209/1800/771 1208/1799/770 1211/1777/285
f 1211/1777/285 1210/1801/772 1209/1800/771
f 1213/1776/112 1212/1802/773 1211/1777/285
f 1214/1794/112 1213/1776/112 1203/1778/759
f 1215/1779/112 1214/1794/112 1202/1793/291
f 3624/1803/259 2926/1804/259 2925/1805/259
f 3623/1806/259 3624/1803/259 2924/1807/774
f 2924/1807/774 3625/1808/775 3623/1806/259
f 1115/1809/776 2927/1763/756 2926/1804/259
f 3624/1803/259 1115/1809/776 2926/1804/259
f 3625/1808/775 2924/1807/774 2923/1810/777
f 1114/1811/778 1113/1812/297 1216/1813/779
f 1216/1813/779 1215/1814/780 3625/1815/781
f 1114/1816/782 2923/1810/777 2922/1817/783
f 1113/1818/784 2922/1817/783 2921/1819/785
f 1112/1820/786 2921/1819/785 2920/1821/787
f 1111/1822/788 2920/1821/787 2919/1823/789
f 1110/1824/789 2919/1823/789 2918/1825/790
f 1109/1826/790 2918/1825/790 2917/1827/791
f 1108/1828/791 2917/1827/791 2916/1829/792
f 1106/1830/742 1107/1831/793 2916/1829/792
f 1106/1830/742 2915/1832/743 2914/1833/794
f 1105/1834/741 2914/1833/794 2913/1835/795
f 1104/1836/795 2913/1835/795 2912/1837/796
f 2912/1837/796 2911/1838/797 1102/1839/797
f 1102/1839/797 2911/1838/797 2910/1840/798
f 1101/1841/798 2910/1840/798 2909/1842/799
f 1100/1843/799 2909/1842/799 2908/1844/800
f 1099/1845/800 2908/1844/800 2907/1846/801
f 1098/1847/801 2907/1846/801 2906/1848/802
f 1097/1849/802 2906/1848/802 2905/1850/803
f 1096/1851/803 2905/1850/803 2904/1852/804
f 1095/1853/804 2904/1852/804 2903/1854/805
f 1094/1855/805 2903/1854/805 2902/1856/806
f 1093/1857/807 2902/1856/806 2901/1858/808
f 1092/1859/808 2901/1858/808 2900/1860/809
f 1091/1861/809 2900/1860/809 2899/1862/810
f 1090/1863/810 2899/1862/810 2898/1864/259
f 2897/238/351 3052/1459/636 1240/1458/636
f 1090/1865/112 1236/1866/112 1235/1867/112
f 1090/1865/112 1237/1868/112 1236/1866/112
f 1089/1869/112 1238/1870/112 1237/1868/112
f 1089/1869/112 1239/1871/112 1238/1870/112
f 1090/1865/112 1232/1872/112 1101/1873/112
f 1228/1874/112 1227/1875/112 1103/1876/112
f 1231/1877/112 1102/1878/112 1232/1872/112
f 1230/1879/112 1102/1878/112 1231/1877/112
f 1090/1865/112 1233/1880/112 1232/1872/112
f 1089/1869/112 1240/1881/112 1239/1871/112
f 1089/1869/112 1088/1882/112 1240/1881/112
f 1090/1865/112 1089/1869/112 1237/1868/112
f 1233/1880/112 1090/1865/112 1234/1883/112
f 1091/1884/112 1090/1865/112 1101/1873/112
f 1092/1885/112 1091/1884/112 1100/1886/112
f 1093/1887/112 1092/1885/112 1099/1888/112
f 1096/1889/112 1095/1890/112 1094/1891/112
f 1097/1892/112 1096/1889/112 1094/1891/112
f 1098/1893/112 1097/1892/112 1094/1891/112
f 1093/1887/112 1098/1893/112 1094/1891/112
f 1099/1888/112 1098/1893/112 1093/1887/112
f 1100/1886/112 1099/1888/112 1092/1885/112
f 1101/1873/112 1100/1886/112 1091/1884/112
f 1102/1878/112 1229/1894/112 1228/1874/112
f 1227/1875/112 1226/1895/112 1103/1876/112
f 1226/1895/112 1104/1896/112 1103/1876/112
f 1229/1894/112 1102/1878/112 1230/1879/112
f 1102/1878/112 1101/1873/112 1232/1872/112
f 1103/1876/112 1102/1878/112 1228/1874/112
f 1226/1895/112 1225/1897/292 1104/1896/112
f 1225/1897/292 1105/1898/112 1104/1896/112
f 1106/1899/633 1105/1898/112 1225/1897/292
f 1224/1900/297 1106/1899/633 1225/1897/292
f 1224/1900/297 1223/1901/592 1106/1899/633
f 1223/1901/592 1107/1902/592 1106/1899/633
f 1223/1901/592 1222/1903/342 1107/1902/592
f 1222/1903/342 1108/1904/445 1107/1902/592
f 1109/1905/112 1108/1904/445 1222/1903/342
f 1221/1906/297 1109/1905/112 1222/1903/342
f 1221/1906/297 1220/1907/112 1109/1905/112
f 1220/1907/112 1110/1908/759 1109/1905/112
f 1220/1907/112 1219/1909/811 1110/1908/759
f 1219/1909/811 1111/1910/291 1110/1908/759
f 1112/1911/812 1111/1910/291 1219/1909/811
f 1218/1912/813 1112/1911/812 1219/1909/811
f 1218/1912/813 1217/1913/297 1112/1911/812
f 1217/1913/297 1113/1812/297 1112/1911/812
f 1217/1913/297 1216/1813/779 1113/1812/297
f 1088/918/56 1089/1914/56 2898/1864/56
f 1087/1915/814 2896/1916/814 2895/1917/815
f 1086/1918/815 2895/1917/815 2894/239/816
f 1085/928/816 2894/239/816 2893/1919/817
f 1084/1920/817 2893/1919/817 2892/1921/818
f 1083/1922/818 2892/1921/818 2891/1923/819
f 1082/927/819 2891/1923/819 2890/1924/820
f 1081/1925/820 2890/1924/820 2889/1926/821
f 1080/1927/821 2889/1926/821 2888/139/822
f 1079/140/822 2888/139/822 2887/1928/823
f 1078/1929/823 2887/1928/823 2886/1930/824
f 1077/1931/824 2886/1930/824 2885/1932/825
f 1075/929/826 1076/1933/825 2885/1932/825
f 1075/929/826 2884/988/826 2883/1934/827
f 1074/1935/827 2883/1934/827 2882/1936/828
f 1073/1937/828 2882/1936/828 2881/147/829
f 1072/148/829 2881/147/829 2880/1938/830
f 1071/1939/830 2880/1938/830 2879/1940/831
f 1070/1941/831 2879/1940/831 2878/1942/832
f 1068/1943/833 1069/1944/834 2878/1942/832
f 1068/1943/833 2877/1945/833 2876/1946/835
f 1067/1947/835 2876/1946/835 2875/1948/836
f 1066/1949/836 2875/1948/836 2874/1950/837
f 1065/1951/837 2874/1950/837 2873/1952/838
f 1064/1953/838 2873/1952/838 2872/151/839
f 1063/152/839 2872/151/839 2871/1954/840
f 1062/1955/840 2871/1954/840 2870/1956/841
f 1061/1957/841 2870/1956/841 2869/240/842
f 1060/241/842 2869/240/842 2868/1958/843
f 1059/1959/843 2868/1958/843 2867/1960/844
f 1058/1961/844 2867/1960/844 2866/243/845
f 1057/242/845 2866/243/845 2865/1962/846
f 1056/1963/846 2865/1962/846 2864/1964/847
f 1055/1965/847 2864/1964/847 2863/155/848
f 1054/156/848 2863/155/848 2862/1966/849
f 1052/1967/850 1053/1968/849 2862/1966/849
f 1051/245/851 1052/1967/850 2861/1969/850
f 1051/245/851 2860/244/851 2859/1970/852
f 1049/1971/853 1050/1972/852 2859/1970/852
f 1049/1971/853 2858/1973/853 2857/246/854
f 1048/247/854 2857/246/854 2856/1974/855
f 1047/1975/855 2856/1974/855 2855/1976/856
f 1046/1977/856 2855/1976/856 2854/159/857
f 1045/160/857 2854/159/857 2853/1978/858
f 1043/1979/859 1044/1980/858 2853/1978/858
f 1043/1979/859 2852/1981/860 2851/248/861
f 1041/1982/862 1042/249/861 2851/248/861
f 1041/1982/862 2850/1983/862 2849/1984/863
f 1040/1985/863 2849/1984/863 2848/250/864
f 1039/251/259 2848/250/259 2847/258/865
f 1038/260/865 2847/258/865 2846/1986/866
f 1037/1987/866 2846/1986/866 2845/1988/867
f 1035/259/868 1036/1989/869 2845/1988/867
f 1035/259/868 2844/421/870 2843/1990/268
f 1034/1991/268 2843/1990/268 2842/1992/871
f 1033/1993/871 2842/1992/871 2841/1994/872
f 1032/1995/873 2841/1994/872 2840/1996/874
f 1031/1997/874 2840/1996/874 2839/1998/875
f 1030/1999/876 2839/1998/875 2838/2000/877
f 1028/2001/878 1029/2002/877 2838/2000/877
f 1028/2001/878 2837/2003/879 2836/2004/566
f 1027/2005/566 2836/2004/566 2835/2006/567
f 1026/2007/567 2835/2006/567 2834/2008/880
f 1025/2009/880 2834/2008/880 2833/2010/881
f 1024/2011/881 2833/2010/881 2832/2012/882
f 1023/2013/882 2832/2012/882 2831/2014/883
f 1022/2015/883 2831/2014/883 2830/426/884
f 1021/1552/884 2830/426/884 2829/2016/885
f 1020/2017/885 2829/2016/885 2828/2018/886
f 1019/2019/886 2828/2018/886 2827/165/332
f 1018/166/332 2827/165/332 2826/2020/887
f 1017/2021/887 2826/2020/887 2825/2022/888
f 1016/2023/888 2825/2022/888 2824/2024/889
f 1015/2025/889 2824/2024/889 2823/2026/890
f 1014/2027/890 2823/2026/890 2822/2028/891
f 1012/2029/351 1013/2030/891 2821/2031/892
f 1011/2032/892 1012/2029/351 2821/2031/892
f 1011/2032/892 2821/2031/892 2820/173/893
f 1010/174/893 2820/173/893 2819/2033/894
f 1009/2034/894 2819/2033/894 2818/2035/895
f 1008/2036/895 2818/2035/895 2817/266/896
f 1007/268/896 2817/266/896 2816/2037/897
f 1005/2038/898 1006/2039/897 2816/2037/897
f 1005/2038/898 2815/2040/898 2814/269/899
f 1004/267/899 2814/269/899 2813/2041/900
f 1003/2042/901 2813/2041/900 2812/2043/902
f 1001/178/903 1002/2044/902 2812/2043/902
f 1001/178/903 2811/177/903 2810/2045/904
f 1000/2046/904 2810/2045/904 2809/2047/905
f 999/2048/905 2809/2047/905 2808/274/906
f 998/275/906 2808/274/906 2807/2049/907
f 997/2050/907 2807/2049/907 2806/2051/908
f 996/2052/908 2806/2051/908 2805/276/909
f 995/277/909 2805/276/909 2804/2053/910
f 994/2054/910 2804/2053/910 2803/2055/911
f 993/2056/911 2803/2055/911 2802/185/912
f 992/186/912 2802/185/912 2801/2057/913
f 991/2058/913 2801/2057/913 2800/2059/914
f 989/279/915 990/2060/914 2800/2059/914
f 989/279/915 2799/278/915 2798/2061/916
f 988/2062/916 2798/2061/916 2797/2063/917
f 987/2064/917 2797/2063/917 2796/2065/918
f 2796/2065/918 2795/193/919 985/194/919
f 985/194/919 2795/193/919 2794/2066/920
f 984/2067/920 2794/2066/920 2793/2068/921
f 982/2069/922 983/2070/921 2793/2068/921
f 981/2071/923 982/2069/922 2792/2072/922
f 981/2071/923 2791/2073/923 2790/2074/924
f 980/2075/924 2790/2074/924 2789/1015/925
f 979/1016/925 2789/1015/925 2788/2076/926
f 978/2077/926 2788/2076/926 2787/2078/927
f 977/2079/927 2787/2078/927 2786/197/928
f 976/198/928 2786/197/928 2785/2080/929
f 975/2081/929 2785/2080/929 2784/2082/930
f 974/2083/930 2784/2082/930 2783/2084/931
f 973/2085/931 2783/2084/931 2782/2086/932
f 971/2087/933 972/2088/932 2782/2086/932
f 971/2087/933 2781/2089/933 2780/201/934
f 970/203/934 2780/201/934 2779/2090/935
f 968/2091/936 969/2092/935 2779/2090/935
f 968/2091/936 2778/2093/936 2777/280/937
f 967/282/937 2777/280/937 2776/2094/938
f 966/2095/938 2776/2094/938 2775/2096/939
f 965/2097/939 2775/2096/939 2774/283/940
f 964/281/940 2774/283/940 2773/2098/941
f 963/2099/941 2773/2098/941 2772/2100/942
f 962/2101/942 2772/2100/942 2771/205/943
f 961/206/943 2771/205/943 2770/2102/944
f 960/2103/944 2770/2102/944 2769/2104/945
f 959/2105/945 2769/2104/945 2768/286/946
f 958/287/946 2768/286/946 2767/2106/947
f 957/2107/947 2767/2106/947 2766/2108/948
f 956/2109/948 2766/2108/948 2765/209/949
f 955/210/949 2765/209/949 2764/2110/950
f 954/2111/950 2764/2110/950 2763/2112/951
f 953/2113/951 2763/2112/951 2762/288/952
f 952/289/952 2762/288/952 2761/2114/953
f 951/2115/953 2761/2114/953 2760/2116/954
f 950/2117/954 2760/2116/954 2759/290/955
f 949/291/955 2759/290/955 2758/2118/956
f 948/2119/956 2758/2118/956 2757/2120/957
f 947/2121/957 2757/2120/957 2756/292/958
f 946/212/958 2756/292/958 2755/2122/959
f 945/2123/959 2755/2122/959 2754/2124/960
f 944/2125/961 2754/2124/960 2753/293/962
f 943/295/962 2753/293/962 2752/2126/963
f 942/2127/964 2752/2126/963 2751/2128/965
f 941/2129/965 2751/2128/965 2750/296/966
f 940/294/966 2750/296/966 2749/2130/967
f 939/2131/968 2749/2130/967 2748/2132/969
f 938/2133/969 2748/2132/969 2747/297/970
f 937/298/971 2747/297/970 2746/2134/972
f 936/2135/973 2746/2134/972 2745/2136/974
f 2742/2137/351 933/2138/351 2743/2139/351
f 934/2140/351 2745/2136/974 2744/299/351
f 934/2140/351 935/2141/974 2745/2136/974
f 2741/2142/353 933/2138/351 2742/2137/351
f 933/2138/351 934/2140/351 2743/2139/351
f 932/2143/353 933/2138/351 2741/2142/353
f 932/2143/353 2741/2142/353 2740/2144/689
f 931/2145/689 2740/2144/689 2739/2146/304
f 930/2147/304 2739/2146/304 2738/2148/305
f 929/2149/306 2738/2148/305 2737/2150/691
f 928/2151/691 2737/2150/691 2736/2152/975
f 927/2153/975 2736/2152/975 2735/2154/976
f 926/2155/693 2735/2154/976 2734/2156/977
f 925/300/977 2734/2156/977 2733/2157/978
f 924/2158/978 2733/2157/978 2732/2159/255
f 923/2160/255 2732/2159/255 2731/1036/979
f 922/1037/979 2731/1036/979 2730/2161/980
f 921/2162/980 2730/2161/980 2729/2163/981
f 920/2164/981 2729/2163/981 2728/216/982
f 919/217/982 2728/216/982 2727/2165/983
f 918/2166/983 2727/2165/983 2726/2167/984
f 917/2168/984 2726/2167/984 2725/2169/985
f 916/2170/985 2725/2169/985 2724/2171/986
f 915/2172/986 2724/2171/986 2723/2173/987
f 914/2174/987 2723/2173/987 2722/2175/988
f 913/2176/988 2722/2175/988 2721/2177/989
f 912/2178/989 2721/2177/989 2720/2179/990
f 911/2180/990 2720/2179/990 2719/220/991
f 910/221/991 2719/220/991 2718/2181/992
f 908/2182/993 909/2183/992 2718/2181/992
f 908/2182/993 2717/2184/993 2716/2185/994
f 907/2186/994 2716/2185/994 2715/313/995
f 906/314/995 2715/313/995 2714/2187/996
f 905/2188/996 2714/2187/996 2713/2189/997
f 904/2190/997 2713/2189/997 2712/228/998
f 903/229/998 2712/228/998 2711/2191/999
f 902/2192/999 2711/2191/999 2710/2193/1000
f 901/2194/1000 2710/2193/1000 2709/315/1001
f 900/316/1001 2709/315/1001 2708/2195/1002
f 899/2196/1002 2708/2195/1002 2707/2197/1003
f 898/2198/1003 2707/2197/1003 2706/317/1004
f 897/318/1004 2706/317/1004 2705/2199/621
f 896/2200/621 2705/2199/621 2704/2201/1005
f 895/2202/1005 2704/2201/1005 2703/236/1006
f 970/2203/112 969/2204/112 904/2205/112
f 969/2204/112 968/2206/112 904/2205/112
f 902/2207/112 972/2208/112 971/2209/112
f 967/2210/112 905/2211/112 968/2206/112
f 966/2212/112 905/2211/112 967/2210/112
f 1080/2213/112 975/2214/112 974/2215/112
f 965/2216/112 906/2217/112 966/2212/112
f 964/2218/112 906/2217/112 965/2216/112
f 1065/2219/112 1064/2220/112 990/2221/112
f 1064/2220/112 1063/2222/112 996/2223/112
f 963/2224/112 906/2217/112 964/2218/112
f 1056/2225/112 1055/2226/112 1010/2227/112
f 962/2228/112 907/2229/112 963/2224/112
f 1055/2226/112 1054/2230/112 1010/2227/112
f 959/2231/112 907/2229/112 960/2232/112
f 1054/2230/112 1053/2233/112 1010/2227/112
f 1053/2233/112 1052/2234/112 1010/2227/112
f 1052/2234/112 1051/2235/112 1013/2236/112
f 1051/2235/112 1050/2237/112 1013/2236/112
f 1050/2237/112 1049/2238/112 1013/2236/112
f 954/2239/112 953/2240/112 910/2241/112
f 1049/2238/112 1048/2242/112 1014/2243/112
f 953/2240/112 952/2244/112 910/2241/112
f 1048/2242/112 1047/2245/112 1014/2243/112
f 952/2244/112 951/2246/112 911/2247/112
f 1047/2245/112 1046/2248/112 1014/2243/112
f 951/2246/112 950/2249/112 911/2247/112
f 981/2250/112 980/2251/112 1076/2252/112
f 982/2253/112 981/2250/112 1076/2252/112
f 1071/2254/112 986/2255/112 1072/2256/112
f 1045/2257/112 1015/2258/112 1046/2248/112
f 1044/2259/112 1015/2258/112 1045/2257/112
f 983/2260/112 982/2253/112 1076/2252/112
f 1070/2261/112 986/2255/112 1071/2254/112
f 984/2262/112 983/2260/112 1075/2263/112
f 1069/2264/112 986/2255/112 1070/2261/112
f 985/2265/112 984/2262/112 1075/2263/112
f 996/2223/112 992/2266/112 1064/2220/112
f 1006/2267/112 1063/2222/112 1062/2268/112
f 1030/2269/291 1026/2270/112 1038/2271/291
f 1042/2272/112 1041/2273/112 1017/2274/112
f 1041/2273/112 1040/2275/112 1017/2274/112
f 1032/2276/1007 1030/2269/291 1038/2271/291
f 1034/2277/338 1032/2276/1007 1038/2271/291
f 1009/2278/112 1058/2279/112 1057/2280/112
f 1010/2227/112 1057/2280/112 1056/2225/112
f 1060/2281/112 1008/2282/112 1061/2283/112
f 1007/2284/112 1062/2268/112 1061/2283/112
f 1009/2278/112 1060/2281/112 1059/2285/112
f 988/2286/112 1067/2287/112 1066/2288/112
f 986/2255/112 985/2265/112 1073/1003/112
f 987/2289/112 1068/2290/112 1067/2287/112
f 1068/2290/112 987/2289/112 1069/2264/112
f 987/2289/112 986/2255/112 1069/2264/112
f 1067/2287/112 988/2286/112 987/2289/112
f 989/2291/112 988/2286/112 1066/2288/112
f 990/2221/112 989/2291/112 1065/2219/112
f 1065/2219/112 989/2291/112 1066/2288/112
f 991/2292/112 990/2221/112 1064/2220/112
f 992/2266/112 991/2292/112 1064/2220/112
f 993/2293/112 992/2266/112 996/2223/112
f 994/2294/112 993/2293/112 996/2223/112
f 996/2223/112 995/2295/112 994/2294/112
f 997/2296/112 996/2223/112 1063/2222/112
f 998/2297/112 997/2296/112 1063/2222/112
f 1005/2298/112 999/2299/112 1063/2222/112
f 999/2299/112 998/2297/112 1063/2222/112
f 1000/2300/112 999/2299/112 1005/2298/112
f 1001/2301/112 1000/2300/112 1004/2302/112
f 1003/2303/112 1002/2304/338 1001/2301/112
f 1004/2302/112 1003/2303/112 1001/2301/112
f 1005/2298/112 1004/2302/112 1000/2300/112
f 1006/2267/112 1005/2298/112 1063/2222/112
f 1007/2284/112 1006/2267/112 1062/2268/112
f 1008/2282/112 1007/2284/112 1061/2283/112
f 1058/2279/112 1009/2278/112 1059/2285/112
f 1009/2278/112 1008/2282/112 1060/2281/112
f 1057/2280/112 1010/2227/112 1009/2278/112
f 1013/2236/112 1010/2227/112 1052/2234/112
f 1014/2243/112 1013/2236/112 1049/2238/112
f 1043/2305/112 1015/2258/112 1044/2259/112
f 1015/2258/112 1014/2243/112 1046/2248/112
f 1016/2306/112 1015/2258/112 1043/2305/112
f 1042/2272/112 1016/2306/112 1043/2305/112
f 1017/2274/112 1016/2306/112 1042/2272/112
f 1018/2307/112 1017/2274/112 1040/2275/112
f 1019/2308/112 1018/2307/112 1039/2309/112
f 1020/2310/112 1019/2308/112 1038/2271/291
f 1021/2311/112 1020/2310/112 1038/2271/291
f 1022/2312/112 1021/2311/112 1038/2271/291
f 1023/2313/112 1022/2312/112 1038/2271/291
f 1024/2314/112 1023/2313/112 1038/2271/291
f 1025/2315/112 1024/2314/112 1038/2271/291
f 1026/2270/112 1025/2315/112 1038/2271/291
f 1028/2316/1008 1027/2317/292 1026/2270/112
f 1029/2318/427 1028/2316/1008 1026/2270/112
f 1030/2269/291 1029/2318/427 1026/2270/112
f 1032/2276/1007 1031/2319/1009 1030/2269/291
f 1034/2277/338 1033/2320/112 1032/2276/1007
f 1036/2321/1010 1035/2322/1011 1034/2277/338
f 1037/2323/1012 1036/2321/1010 1034/2277/338
f 1038/2271/291 1037/2323/1012 1034/2277/338
f 1039/2309/112 1038/2271/291 1019/2308/112
f 1040/2275/112 1039/2309/112 1018/2307/112
f 949/2324/112 934/2325/112 950/2249/112
f 1073/1003/112 1072/2256/112 986/2255/112
f 979/2326/112 1076/2252/112 980/2251/112
f 1074/2327/112 1073/1003/112 985/2265/112
f 949/2324/112 948/2328/112 934/2325/112
f 1075/2263/112 1074/2327/112 985/2265/112
f 978/2329/112 1077/2330/112 979/2326/112
f 1081/2331/112 974/2215/112 1087/2332/112
f 909/2333/112 956/2334/112 955/2335/112
f 947/2336/112 945/2337/112 938/2338/112
f 948/2328/112 947/2336/112 934/2325/112
f 947/2336/112 946/2339/112 945/2337/112
f 944/2340/112 942/2341/292 938/2338/112
f 945/2337/112 944/2340/112 938/2338/112
f 938/2338/112 936/2342/112 947/2336/112
f 926/2343/291 924/2344/297 920/2345/112
f 928/2346/112 926/2343/291 920/2345/112
f 909/2333/112 957/2347/112 956/2334/112
f 907/2229/112 961/2348/112 960/2232/112
f 958/1009/112 908/2349/112 959/2231/112
f 901/2350/112 973/2351/112 972/2208/112
f 1076/2252/112 1075/2263/112 983/2260/112
f 977/2352/112 1077/2330/112 978/2329/112
f 1077/2330/112 1076/2252/112 979/2326/112
f 1078/2353/112 1077/2330/112 977/2352/112
f 976/2354/112 1078/2353/112 977/2352/112
f 1079/2355/112 1078/2353/112 976/2354/112
f 1080/2213/112 1079/2355/112 975/2214/112
f 975/2214/112 1079/2355/112 976/2354/112
f 1081/2331/112 1080/2213/112 974/2215/112
f 1082/2356/112 1085/2357/112 1083/2358/112
f 1085/2357/112 1084/2359/112 1083/2358/112
f 1086/2360/112 1085/2357/112 1082/2356/112
f 1081/2331/112 1086/2360/112 1082/2356/112
f 1087/2332/112 1086/2360/112 1081/2331/112
f 974/2215/112 894/2361/112 1087/2332/112
f 895/2362/112 894/2361/112 974/2215/112
f 896/2363/112 895/2362/112 973/2351/112
f 897/2364/112 896/2363/112 900/2365/112
f 898/2366/112 897/2364/112 900/2365/112
f 900/2365/112 899/2367/112 898/2366/112
f 973/2351/112 895/2362/112 974/2215/112
f 901/2350/112 900/2365/112 896/2363/112
f 902/2207/112 901/2350/112 972/2208/112
f 973/2351/112 901/2350/112 896/2363/112
f 903/2368/112 902/2207/112 971/2209/112
f 904/2205/112 903/2368/112 970/2203/112
f 961/2348/112 907/2229/112 962/2228/112
f 905/2211/112 904/2205/112 968/2206/112
f 906/2217/112 905/2211/112 966/2212/112
f 908/2349/112 958/1009/112 957/2347/112
f 907/2229/112 906/2217/112 963/2224/112
f 908/2349/112 907/2229/112 959/2231/112
f 909/2333/112 908/2349/112 957/2347/112
f 910/2241/112 909/2333/112 954/2239/112
f 954/2239/112 909/2333/112 955/2335/112
f 911/2247/112 910/2241/112 952/2244/112
f 912/2369/112 911/2247/112 934/2325/112
f 934/2325/112 911/2247/112 950/2249/112
f 913/2370/112 912/2369/112 934/2325/112
f 914/2371/112 913/2370/112 934/2325/112
f 915/2372/112 914/2371/112 934/2325/112
f 916/2373/112 915/2372/112 931/2374/112
f 918/2375/112 917/2376/112 931/2374/112
f 920/2345/112 930/2377/112 928/2346/112
f 919/2378/112 918/2375/112 931/2374/112
f 920/2345/112 919/2378/112 931/2374/112
f 921/2379/112 920/2345/112 924/2344/297
f 922/2380/112 921/2379/112 924/2344/297
f 924/2344/297 923/2381/633 922/2380/112
f 926/2343/291 925/2382/112 924/2344/297
f 928/2346/112 927/2383/112 926/2343/291
f 930/2377/112 929/2384/112 928/2346/112
f 916/2373/112 931/2374/112 917/2376/112
f 931/2374/112 930/2377/112 920/2345/112
f 934/2325/112 931/2374/112 915/2372/112
f 935/2385/297 934/2325/112 947/2336/112
f 936/2342/112 935/2385/297 947/2336/112
f 938/2338/112 937/2386/112 936/2342/112
f 940/2387/1013 939/2388/112 938/2338/112
f 941/2389/1014 940/2387/1013 938/2338/112
f 942/2341/292 941/2389/1014 938/2338/112
f 944/2340/112 943/2390/112 942/2341/292
f 894/237/1006 2703/238/1006 2896/1916/814
f 893/981/1015 2702/982/1015 2701/983/450
f 892/984/450 2701/983/450 2700/985/1016
f 891/986/1017 2700/985/1016 2699/476/1018
f 890/987/1019 2699/476/1018 2698/988/1020
f 889/929/1021 2698/988/1020 2697/844/1022
f 888/845/1022 2697/844/1022 2696/989/457
f 887/990/458 2696/989/457 2695/991/1023
f 886/992/1023 2695/991/1023 2694/993/462
f 885/994/462 2694/993/462 2693/244/1024
f 884/245/1024 2693/244/1024 2692/995/464
f 883/996/1025 2692/995/464 2691/854/465
f 882/855/466 2691/854/465 2690/2391/351
f 881/2392/351 882/855/466 2690/2391/351
f 2689/997/467 880/998/467 881/2392/351
f 879/268/469 880/998/467 2689/997/467
f 879/268/469 2688/266/1026 2687/999/471
f 878/1000/471 2687/999/471 2686/1001/1027
f 877/1002/1027 2686/1001/1027 2685/1003/1028
f 876/1004/1029 2685/1003/1028 2684/1005/1030
f 875/1006/1031 2684/1005/1030 2683/185/1032
f 874/186/1033 2683/185/1032 2682/1007/1034
f 872/1010/479 873/1008/1034 2682/1007/1034
f 872/1010/479 2681/1009/478 2680/1011/480
f 871/1012/480 2680/1011/480 2679/1013/481
f 870/1014/481 2679/1013/481 2678/1015/482
f 869/1016/482 2678/1015/482 2677/873/483
f 868/871/483 2677/873/483 2676/1017/484
f 867/1018/484 2676/1017/484 2675/1019/485
f 866/1020/1035 2675/1019/485 2674/1021/1036
f 865/1022/1036 2674/1021/1036 2673/284/487
f 864/285/487 2673/284/487 2672/1023/488
f 863/1024/488 2672/1023/488 2671/883/489
f 861/1025/490 862/881/489 2671/883/489
f 860/1028/491 861/1025/490 2670/1026/490
f 860/1028/491 2669/1027/491 2668/297/492
f 859/298/492 2668/297/492 2667/1029/493
f 857/1032/494 858/1030/493 2667/1029/493
f 857/1032/494 2666/1031/494 2665/922/495
f 856/1034/495 2665/922/495 2664/1035/496
f 855/1033/496 2664/1035/496 2663/1036/497
f 853/1039/498 854/1037/497 2663/1036/497
f 853/1039/498 2662/1038/498 2661/1040/499
f 852/1041/499 2661/1040/499 2660/1042/500
f 851/1043/500 2660/1042/500 2659/1044/501
f 850/921/501 2659/1044/501 2658/311/502
f 849/312/502 2658/311/502 2657/1045/503
f 848/1046/503 2657/1045/503 2656/1047/1037
f 847/1048/1038 2656/1047/1037 2655/1049/505
f 846/1050/505 2655/1049/505 2654/1051/1039
f 845/1052/1039 2654/1051/1039 2653/236/1040
f 844/237/1040 2653/238/1040 2702/982/1015
f 839/1053/508 2652/1054/508 2651/1055/509
f 838/1056/509 2651/1055/509 2650/1057/510
f 837/1058/510 2650/1057/510 2649/1059/511
f 836/1061/511 2649/1059/511 2648/1062/512
f 835/1060/512 2648/1062/512 2647/1063/513
f 834/1064/513 2647/1063/513 2646/1065/514
f 833/1066/514 2646/1065/514 2645/1067/515
f 832/1068/515 2645/1067/515 2644/1069/1041
f 831/1070/1041 2644/1069/1041 2643/1071/517
f 830/1073/517 2643/1071/517 2642/1074/1042
f 829/1072/1042 2642/1074/1042 2641/1075/311
f 828/1077/311 2641/1075/311 2640/1078/519
f 827/1076/519 2640/1078/519 2639/1079/1043
f 826/1080/1043 2639/1079/1043 2638/1081/521
f 825/1082/521 2638/1081/521 2637/1083/522
f 824/1084/522 2637/1083/522 2636/1085/523
f 823/1086/523 2636/1085/523 2635/1087/524
f 822/1088/524 2635/1087/524 2634/1089/525
f 821/1090/525 2634/1089/525 2633/244/526
f 820/245/526 2633/244/526 2632/1092/527
f 818/1094/528 819/1091/527 2632/1092/527
f 818/1094/528 2631/1093/528 2630/1095/529
f 816/1096/530 817/1097/529 2630/1095/529
f 816/1096/530 2629/1099/530 2628/1100/531
f 815/1098/531 2628/1100/531 2627/1101/532
f 814/1102/532 2627/1101/532 2626/1103/533
f 812/1106/534 813/1104/533 2626/1103/533
f 812/1106/534 2625/1105/534 2624/1107/535
f 811/1108/535 2624/1107/535 2623/1109/536
f 810/1110/536 2623/1109/536 2622/1111/537
f 808/1112/538 809/1113/537 2622/1111/537
f 808/1112/538 2621/1114/538 2620/1115/539
f 807/1116/539 2620/1115/539 2619/1117/540
f 806/1118/540 2619/1117/540 2618/1119/541
f 805/1120/541 2618/1119/541 2617/1121/542
f 804/1122/542 2617/1121/542 2616/1123/1044
f 803/1124/1044 2616/1123/1044 2615/1125/1045
f 802/1126/1045 2615/1125/1045 2614/1127/545
f 801/1128/545 2614/1127/545 2613/1129/546
f 799/1130/1046 800/1131/546 2613/1129/546
f 798/1134/1047 799/1130/1046 2612/1132/1046
f 798/1134/1047 2611/1133/1048 2610/1135/1049
f 797/1136/1049 2610/1135/1049 2609/1137/1050
f 796/1138/1050 2609/1137/1050 2608/1139/1051
f 795/1140/1051 2608/1139/1051 2607/1141/1052
f 794/1142/1052 2607/1141/1052 2606/1143/554
f 793/1144/554 2606/1143/554 2605/1145/555
f 791/2393/557 792/1146/556 2605/1145/555
f 2604/1147/557 2603/1148/655 790/1149/655
f 790/1149/655 2603/1148/655 2602/1150/397
f 788/1151/398 789/1152/397 2602/1150/397
f 788/1151/398 2601/1153/398 2600/1154/401
f 787/1155/401 2600/1154/401 2599/1156/1053
f 786/1157/1053 2599/1156/1053 2598/1158/1054
f 785/1159/1054 2598/1158/1054 2597/1160/405
f 784/1161/405 2597/1160/405 2596/1162/1055
f 783/1164/406 2596/1162/1055 2595/1165/409
f 782/1163/563 2595/1165/409 2594/1166/1056
f 781/1167/1057 2594/1166/1056 2593/1168/411
f 780/1169/565 2593/1168/411 2592/1170/1058
f 779/1171/1058 2592/1170/1058 2591/1172/1059
f 778/1173/1059 2591/1172/1059 2590/1174/568
f 777/1175/568 2590/1174/568 2589/1176/569
f 776/1177/569 2589/1176/569 2588/1178/570
f 775/1179/570 2588/1178/570 2587/1180/571
f 774/1181/571 2587/1180/571 2586/1182/572
f 773/1183/572 2586/1182/572 2585/1184/573
f 772/1185/573 2585/1184/573 2584/1186/574
f 771/1187/574 2584/1186/574 2583/1188/575
f 770/1189/575 2583/1188/575 2582/1190/576
f 769/1191/576 2582/1190/576 2581/1192/577
f 768/1193/577 2581/1192/577 2580/1194/578
f 767/1195/578 2580/1194/578 2579/1196/579
f 766/1198/579 2579/1196/579 2578/1199/580
f 765/1197/580 2578/1199/580 2577/1200/581
f 763/1201/582 764/1202/581 2577/1200/581
f 763/1201/582 2576/1203/582 2575/1204/583
f 762/1205/583 2575/1204/583 2574/1206/584
f 761/1207/584 2574/1206/584 2573/284/585
f 760/285/585 2573/284/585 2572/1208/586
f 759/1209/586 2572/1208/586 2571/1210/587
f 758/1211/587 2571/1210/587 2570/1212/588
f 757/1214/588 2570/1212/588 2569/1215/589
f 756/1213/589 2569/1215/589 2568/1216/590
f 755/1217/590 2568/1216/590 2567/1218/591
f 864/2394/112 761/2395/112 865/2396/112
f 870/2397/112 869/2398/292 755/2399/112
f 753/2400/112 871/2401/112 870/2397/112
f 753/2400/112 872/2402/297 871/2401/112
f 753/2400/112 873/2403/112 872/2402/297
f 858/2404/112 857/2405/112 764/2406/112
f 857/2405/112 856/2407/112 764/2406/112
f 753/2400/112 874/2408/292 873/2403/112
f 753/2400/112 875/2409/297 874/2408/292
f 856/2407/112 855/2410/112 765/2411/112
f 855/2410/112 854/2412/112 765/2411/112
f 753/2400/112 876/2413/297 875/2409/297
f 753/2400/112 877/2414/297 876/2413/297
f 867/2415/112 759/2416/112 868/2417/292
f 753/2400/112 878/2418/1060 877/2414/297
f 753/2400/112 879/2419/1061 878/2418/1060
f 863/2420/112 762/2421/112 864/2394/112
f 852/2422/112 851/2423/112 766/2424/112
f 766/2424/112 853/2425/112 852/2422/112
f 763/2426/112 859/2427/112 858/2404/112
f 760/2428/112 867/2415/112 866/2429/112
f 762/2421/112 862/2430/112 861/2431/112
f 868/2417/292 757/2432/112 869/2398/292
f 753/2400/112 880/2433/297 879/2419/1061
f 753/2400/112 881/2434/112 880/2433/297
f 754/2435/112 753/2400/112 870/2397/112
f 755/2399/112 754/2435/112 870/2397/112
f 756/2436/112 755/2399/112 869/2398/292
f 757/2432/112 756/2436/112 869/2398/292
f 758/2437/112 757/2432/112 868/2417/292
f 759/2416/112 758/2437/112 868/2417/292
f 862/2430/112 762/2421/112 863/2420/112
f 760/2428/112 759/2416/112 867/2415/112
f 761/2395/112 760/2428/112 865/2396/112
f 763/2426/112 861/2431/112 860/2438/112
f 762/2421/112 761/2395/112 864/2394/112
f 763/2426/112 762/2421/112 861/2431/112
f 859/2427/112 763/2426/112 860/2438/112
f 764/2406/112 763/2426/112 858/2404/112
f 765/2411/112 764/2406/112 856/2407/112
f 853/2425/112 766/2424/112 854/2412/112
f 766/2424/112 765/2411/112 854/2412/112
f 851/2423/112 767/2439/112 766/2424/112
f 768/2440/112 767/2439/112 850/2441/112
f 769/2442/112 768/2440/112 850/2441/112
f 771/2443/112 770/2444/112 850/2441/112
f 772/2445/112 771/2443/112 850/2441/112
f 769/2442/112 850/2441/112 770/2444/112
f 850/2441/112 773/2446/112 772/2445/112
f 851/2423/112 850/2441/112 767/2439/112
f 754/1238/591 2567/1218/591 2566/1239/594
f 753/1237/594 2566/1239/594 2565/1240/595
f 2565/1240/595 2564/1242/1062 751/1243/1062
f 751/1243/1062 2564/1242/1062 2563/1244/597
f 750/1245/597 2563/1244/597 2562/1246/598
f 749/1247/598 2562/1246/598 2561/1248/599
f 748/1249/599 2561/1248/599 2560/1250/600
f 747/1251/600 2560/1250/600 2559/1252/601
f 746/1253/601 2559/1252/601 2558/1254/602
f 745/1255/602 2558/1254/602 2557/1256/605
f 743/1257/604 744/1258/605 2557/1256/605
f 743/1257/604 2556/1259/604 2555/1260/606
f 742/1261/606 2555/1260/606 2554/1262/607
f 741/1263/607 2554/1262/607 2553/1036/608
f 740/1037/608 2553/1036/608 2552/1264/609
f 2552/1264/609 2551/1266/610 738/1267/610
f 738/1267/610 2551/1266/610 2550/1268/611
f 736/1269/612 737/1270/611 2550/1268/611
f 735/1273/613 736/1269/612 2549/1271/612
f 735/1273/613 2548/1272/613 2547/1274/614
f 734/1275/614 2547/1274/614 2546/1276/615
f 733/1277/615 2546/1276/615 2545/1278/616
f 732/1279/616 2545/1278/616 2544/1280/617
f 731/1281/617 2544/1280/617 2543/1282/618
f 730/1283/618 2543/1282/618 2542/1284/619
f 728/1288/1063 729/1285/619 2542/1284/619
f 728/1288/1063 2541/1286/1063 2540/1289/621
f 727/1287/621 2540/1289/621 2539/1290/622
f 726/1291/622 2539/1290/622 2538/1292/1064
f 725/1293/1064 2538/1292/1064 2537/1294/624
f 724/1295/1065 2537/1294/624 2536/1296/1066
f 723/1297/1067 2536/1296/1066 2535/1298/1068
f 814/2447/112 813/2448/112 739/2449/112
f 815/2450/112 814/2447/112 739/2449/112
f 816/2451/112 815/2450/112 738/2452/112
f 817/2453/112 816/2451/112 738/2452/112
f 737/2454/112 818/2455/112 817/2453/112
f 737/2454/112 819/2456/112 818/2455/112
f 737/2454/112 820/2457/112 819/2456/112
f 737/2454/112 821/2458/112 820/2457/112
f 803/2459/112 802/2460/112 749/2461/112
f 802/2460/112 801/2462/112 751/2463/112
f 736/2464/112 822/2465/112 821/2458/112
f 801/2462/112 800/2466/112 752/2467/112
f 800/2466/112 799/2468/112 753/2400/112
f 736/2464/112 823/2469/112 822/2465/112
f 736/2464/112 824/2470/112 823/2469/112
f 799/2468/112 798/2471/112 753/2400/112
f 798/2471/112 797/2472/292 753/2400/112
f 735/2473/112 825/2474/112 824/2470/112
f 797/2472/292 796/2475/291 753/2400/112
f 796/2475/291 795/2476/112 753/2400/112
f 827/2477/112 826/2478/112 838/2479/112
f 795/2476/112 794/2480/112 753/2400/112
f 794/2480/112 793/2481/297 753/2400/112
f 805/2482/112 744/2483/112 806/2484/112
f 806/2484/112 743/2485/112 807/2486/112
f 745/2487/112 805/2482/112 804/2488/112
f 740/2489/112 811/2490/112 810/2491/112
f 735/2473/112 826/2478/112 825/2474/112
f 828/2492/291 827/2477/112 838/2479/112
f 829/2493/297 828/2492/291 838/2479/112
f 830/2494/112 829/2493/297 838/2479/112
f 831/2495/112 830/2494/112 838/2479/112
f 832/2496/292 831/2495/112 838/2479/112
f 833/2497/112 832/2496/292 838/2479/112
f 834/2498/592 833/2497/112 838/2479/112
f 835/2499/112 834/2498/592 838/2479/112
f 836/2500/112 835/2499/112 838/2479/112
f 838/2479/112 837/2501/633 836/2500/112
f 723/2502/112 722/2503/297 725/2504/112
f 725/2504/112 724/2505/112 723/2502/112
f 726/2506/112 725/2504/112 722/2503/297
f 727/2507/112 726/2506/112 722/2503/297
f 838/2479/112 728/2508/112 722/2503/297
f 728/2508/112 727/2507/112 722/2503/297
f 729/2509/112 728/2508/112 838/2479/112
f 730/2510/112 729/2509/112 838/2479/112
f 731/2511/112 730/2510/112 838/2479/112
f 732/2512/112 731/2511/112 838/2479/112
f 733/2513/112 732/2512/112 838/2479/112
f 734/2514/112 733/2513/112 838/2479/112
f 735/2473/112 734/2514/112 838/2479/112
f 826/2478/112 735/2473/112 838/2479/112
f 736/2464/112 735/2473/112 824/2470/112
f 737/2454/112 736/2464/112 821/2458/112
f 811/2490/112 740/2489/112 812/2515/112
f 738/2452/112 737/2454/112 817/2453/112
f 739/2449/112 738/2452/112 815/2450/112
f 741/2516/112 810/2491/112 809/2517/112
f 740/2489/112 739/2449/112 813/2448/112
f 741/2516/112 740/2489/112 810/2491/112
f 808/2518/112 741/2516/112 809/2517/112
f 742/2519/112 741/2516/112 808/2518/112
f 743/2485/112 742/2519/112 807/2486/112
f 807/2486/112 742/2519/112 808/2518/112
f 744/2483/112 743/2485/112 806/2484/112
f 805/2482/112 745/2487/112 744/2483/112
f 746/2520/112 745/2487/112 804/2488/112
f 747/2521/112 746/2520/112 803/2459/112
f 803/2459/112 746/2520/112 804/2488/112
f 749/2461/112 748/2522/112 803/2459/112
f 803/2459/112 748/2522/112 747/2521/112
f 751/2463/112 750/2523/112 802/2460/112
f 802/2460/112 750/2523/112 749/2461/112
f 752/2467/112 751/2463/112 801/2462/112
f 753/2400/112 752/2467/112 800/2466/112
f 793/2481/297 883/2524/112 882/2525/722
f 881/2434/112 753/2400/112 793/2481/297
f 882/2525/722 881/2434/112 793/2481/297
f 888/2526/297 887/2527/429 777/2528/112
f 889/2529/297 888/2526/297 776/2530/112
f 890/2531/291 889/2529/297 775/2532/112
f 774/2533/112 891/2534/592 890/2531/291
f 774/2533/112 892/2535/112 891/2534/592
f 774/2533/112 893/2536/291 892/2535/112
f 773/2446/112 844/2537/291 893/2536/291
f 793/2481/297 792/2538/1069 883/2524/112
f 773/2446/112 845/2539/112 844/2537/291
f 773/2446/112 846/2540/112 845/2539/112
f 886/2541/294 789/2542/112 887/2527/429
f 792/2538/1069 791/2543/1070 883/2524/112
f 789/2542/112 777/2528/112 887/2527/429
f 773/2446/112 847/2544/112 846/2540/112
f 773/2446/112 848/2545/112 847/2544/112
f 786/2546/291 782/2547/291 778/2548/112
f 885/2549/630 789/2542/112 886/2541/294
f 773/2446/112 849/2550/112 848/2545/112
f 773/2446/112 850/2441/112 849/2550/112
f 774/2533/112 773/2446/112 893/2536/291
f 789/2542/112 885/2549/630 884/2551/592
f 775/2532/112 774/2533/112 890/2531/291
f 776/2530/112 775/2532/112 889/2529/297
f 778/2548/112 788/2552/297 786/2546/291
f 777/2528/112 776/2530/112 888/2526/297
f 778/2548/112 777/2528/112 789/2542/112
f 779/2553/112 778/2548/112 782/2547/291
f 780/2554/112 779/2553/112 782/2547/291
f 782/2547/291 781/2555/1071 780/2554/112
f 784/2556/112 783/2557/1072 782/2547/291
f 785/2558/112 784/2556/112 782/2547/291
f 786/2546/291 785/2558/112 782/2547/291
f 788/2552/297 787/2559/1073 786/2546/291
f 789/2542/112 884/2551/592 883/2524/112
f 789/2542/112 788/2552/297 778/2548/112
f 791/2543/1070 789/2542/112 883/2524/112
f 721/1301/687 722/1299/1068 2535/1298/1068
f 720/918/336 721/1301/687 2534/1300/628
f 722/2503/297 721/2560/112 720/2561/1074
f 843/2562/1075 838/2479/112 722/2503/297
f 2652/1054/508 839/1053/508 840/2563/351
f 842/2564/351 2533/238/1076 841/1456/351
f 2533/238/1076 2652/1054/508 841/1456/351
f 843/1452/351 720/237/336 2533/238/1076
f 842/2564/351 843/1452/351 2533/238/1076
f 718/2565/1077 719/2566/1078 2532/2567/1078
f 718/2565/1077 2531/2568/1077 2530/2569/1079
f 717/2570/1079 2530/2569/1079 2529/2571/1080
f 716/2572/1080 2529/2571/1080 2528/2573/1081
f 715/2574/1081 2528/2573/1081 2527/2575/1082
f 714/2576/1082 2527/2575/1082 2526/2577/1083
f 713/2578/1083 2526/2577/1083 2525/2579/1084
f 712/2580/1084 2525/2579/1084 2524/2581/1085
f 711/2582/1085 2524/2581/1085 2523/2583/1086
f 710/2584/1086 2523/2583/1086 2522/2585/1087
f 709/2586/1087 2522/2585/1087 2521/2587/1088
f 708/2588/1089 2521/2587/1088 2520/2589/1090
f 707/2590/1090 2520/2589/1090 2519/2591/1091
f 706/2592/1091 2519/2591/1091 2518/2593/1092
f 705/2594/1092 2518/2593/1092 2517/2595/1093
f 704/2596/1093 2517/2595/1093 2516/2597/1094
f 703/2598/1094 2516/2597/1094 2515/2599/1095
f 702/2600/1095 2515/2599/1095 2514/2601/1096
f 701/2602/1096 2514/2601/1096 2513/2603/1097
f 700/2604/1097 2513/2603/1097 2512/2605/1098
f 699/2606/1098 2512/2605/1098 2511/2607/1099
f 698/2608/1099 2511/2607/1099 2510/2609/1100
f 697/2610/1100 2510/2609/1100 2509/2611/1101
f 696/2612/1101 2509/2611/1101 2508/2613/1102
f 695/2614/1102 2508/2613/1102 2507/2615/1103
f 694/2616/1103 2507/2615/1103 2506/2617/1104
f 693/2618/1104 2506/2617/1104 2505/2619/1105
f 692/2620/1105 2505/2619/1105 2504/2621/1106
f 691/2622/1106 2504/2621/1106 2503/2623/1107
f 690/2624/1107 2503/2623/1107 2502/2625/1108
f 689/2626/1108 2502/2625/1108 2501/2627/1109
f 688/2628/1109 2501/2627/1109 2500/2629/1110
f 687/2630/1110 2500/2629/1110 2499/2631/1111
f 686/2632/1111 2499/2631/1111 2498/2633/1112
f 685/2634/1112 2498/2633/1112 2497/2635/1113
f 683/2636/1114 684/2637/1113 2497/2635/1113
f 682/2638/1115 683/2636/1114 2496/2639/1114
f 682/2638/1115 2495/2640/1115 2494/2641/1116
f 681/2642/1117 2494/2641/1116 2493/2643/1118
f 680/2644/1118 2493/2643/1118 2492/2645/1119
f 679/2646/1119 2492/2645/1119 2491/2647/1120
f 678/2648/1120 2491/2647/1120 2490/2649/1121
f 677/2650/1121 2490/2649/1121 2489/2651/1122
f 676/2652/1122 2489/2651/1122 2488/2653/1123
f 675/2654/1123 2488/2653/1123 2487/2655/1124
f 673/2656/1125 674/2657/1124 2487/2655/1124
f 673/2656/1125 2486/2658/1125 2485/2659/1126
f 672/2660/1126 2485/2659/1126 2484/2661/1127
f 670/2662/1128 671/2663/1127 2484/2661/1127
f 670/2662/1128 2483/2664/1128 2482/2665/1129
f 669/2666/1129 2482/2665/1129 2481/2667/1130
f 668/2668/1130 2481/2667/1130 2480/2669/1131
f 667/2670/1131 2480/2669/1131 2479/2671/1132
f 666/2672/1132 2479/2671/1132 2478/2673/1133
f 665/2674/1133 2478/2673/1133 2477/2675/1134
f 664/2676/1134 2477/2675/1134 2476/2677/1135
f 663/2678/1135 2476/2677/1135 2475/2679/1136
f 662/2680/1136 2475/2679/1136 2474/2681/1137
f 661/2682/1137 2474/2681/1137 2473/2683/1138
f 660/2684/1138 2473/2683/1138 2472/2685/1139
f 659/2686/1139 2472/2685/1139 2471/2687/1140
f 658/2688/1140 2471/2687/1140 2470/2689/1141
f 657/2690/1141 2470/2689/1141 2469/2691/1142
f 656/2692/1142 2469/2691/1142 2468/2693/1143
f 655/2694/1143 2468/2693/1143 2467/2695/1144
f 654/2696/1144 2467/2695/1144 2466/2697/1145
f 653/2698/1145 2466/2697/1145 2465/2699/1146
f 652/2700/1146 2465/2699/1146 2464/2701/1147
f 651/2702/1147 2464/2701/1147 2463/2703/1148
f 650/2704/1148 2463/2703/1148 2462/2705/1149
f 649/2706/1149 2462/2705/1149 2461/2707/1150
f 648/2708/1150 2461/2707/1150 2460/2709/1151
f 647/2710/1151 2460/2709/1151 2459/2711/1152
f 646/2712/1152 2459/2711/1152 2458/2713/1153
f 645/2714/1153 2458/2713/1153 2457/2715/1154
f 644/2716/1154 2457/2715/1154 2456/2717/1155
f 642/2718/1156 643/2719/1155 2456/2717/1155
f 642/2718/1156 2455/2720/1156 2454/2721/1157
f 641/2722/1157 2454/2721/1157 2453/2723/423
f 640/2724/423 2453/2723/423 2452/2725/331
f 639/2726/331 2452/2725/331 2451/2727/332
f 637/2728/333 638/2729/332 2451/2727/332
f 637/2728/333 2450/2730/333 2449/2731/675
f 636/2732/675 2449/2731/675 2448/2733/354
f 635/2734/354 2448/2733/354 2447/2735/351
f 634/2736/353 635/2734/354 2446/2737/351
f 2445/2738/353 634/2736/353 2446/2737/351
f 634/2736/353 2445/2738/353 2444/2739/245
f 633/2740/689 2444/2739/245 2443/2741/246
f 632/2742/1158 2443/2741/246 2442/2743/1159
f 631/2744/1159 2442/2743/1159 2441/2745/249
f 630/2746/249 2441/2745/249 2440/2747/1160
f 629/2748/1160 2440/2747/1160 2439/2749/1161
f 628/2750/1161 2439/2749/1161 2438/2751/1162
f 627/2752/1162 2438/2751/1162 2437/2753/1163
f 626/2754/1163 2437/2753/1163 2436/2755/701
f 624/2756/1164 625/2757/701 2436/2755/701
f 624/2756/1164 2435/2758/1164 2434/2759/1165
f 623/2760/1165 2434/2759/1165 2433/2761/258
f 622/2762/258 2433/2761/258 2432/2763/1166
f 621/2764/1166 2432/2763/1166 2431/2765/1167
f 620/2766/1167 2431/2765/1167 2430/2767/1168
f 619/2768/1168 2430/2767/1168 2429/2769/1169
f 618/2770/1169 2429/2769/1169 2428/2771/1170
f 617/2772/1170 2428/2771/1170 2427/2773/1171
f 616/2774/1171 2427/2773/1171 2426/2775/1172
f 615/2776/1172 2426/2775/1172 2425/2777/1173
f 614/2778/1173 2425/2777/1173 2424/2779/1174
f 613/2780/1174 2424/2779/1174 2423/2781/1175
f 612/2782/1175 2423/2781/1175 2422/2783/1176
f 611/2784/1176 2422/2783/1176 2421/2785/1177
f 610/2786/1177 2421/2785/1177 2420/2787/1178
f 609/2788/1178 2420/2787/1178 2419/2789/1179
f 608/2790/1179 2419/2789/1179 2418/2791/1180
f 607/2792/1180 2418/2791/1180 2417/2793/1181
f 606/2794/1181 2417/2793/1181 2416/2795/1182
f 605/2796/1182 2416/2795/1182 2415/2797/1183
f 603/2798/1184 604/2799/1183 2415/2797/1183
f 603/2798/1184 2414/2800/1184 2413/2801/1185
f 602/2802/1185 2413/2801/1185 2412/2803/1186
f 600/2804/1187 601/2805/1186 2412/2803/1186
f 600/2804/1187 2411/2806/1187 2410/2807/1188
f 599/2808/1188 2410/2807/1188 2409/2809/1189
f 598/2810/1189 2409/2809/1189 2408/2811/1190
f 596/2812/351 2407/2813/351 2406/2814/351
f 595/2815/351 596/2812/351 2406/2814/351
f 2405/2816/1191 594/2817/1191 595/2815/351
f 597/2818/1192 2408/2811/1190 2407/2813/351
f 596/2812/351 597/2818/1192 2407/2813/351
f 594/2817/1191 2405/2816/1191 2404/2819/1193
f 592/2820/1194 593/2821/1193 2404/2819/1193
f 592/2820/1194 2403/2822/1194 2402/2823/1195
f 591/2824/1195 2402/2823/1195 2401/2825/1196
f 590/2826/1196 2401/2825/1196 2400/2827/1197
f 589/2828/1197 2400/2827/1197 2399/2829/1198
f 588/2830/1198 2399/2829/1198 2398/2831/1199
f 587/2832/1199 2398/2831/1199 2397/2833/1200
f 586/2834/1200 2397/2833/1200 2396/2835/1201
f 585/2836/1201 2396/2835/1201 2395/2837/1202
f 584/2838/1202 2395/2837/1202 2394/2839/1203
f 583/2840/1203 2394/2839/1203 2393/2841/1044
f 582/2842/1044 2393/2841/1044 2392/2843/1204
f 581/2844/1204 2392/2843/1204 2391/2845/1205
f 580/2846/1205 2391/2845/1205 2390/2847/1206
f 578/2848/1207 579/2849/1206 2390/2847/1206
f 578/2848/1207 2389/2850/1207 2388/2851/1208
f 577/2852/1208 2388/2851/1208 2387/2853/1209
f 576/2854/1209 2387/2853/1209 2386/2855/1210
f 574/2856/1211 575/2857/1210 2386/2855/1210
f 574/2856/1211 2385/2858/1211 2384/2859/1212
f 573/2860/1212 2384/2859/1212 2383/2861/1213
f 572/2862/1213 2383/2861/1213 2382/2863/1214
f 571/2864/1214 2382/2863/1214 2381/2865/1215
f 570/2866/1215 2381/2865/1215 2380/2867/1216
f 569/2868/1216 2380/2867/1216 2379/2869/1217
f 568/2870/1218 2379/2869/1217 2378/2871/1219
f 567/2872/1219 2378/2871/1219 2377/2873/1220
f 566/2874/1221 2377/2873/1220 2376/2875/1222
f 564/2876/1223 565/2877/1222 2376/2875/1222
f 564/2876/1223 2375/2878/1223 2374/2879/1224
f 563/2880/1224 2374/2879/1224 2373/2881/1225
f 562/2882/1225 2373/2881/1225 2372/2883/1226
f 561/2884/1227 2372/2883/1226 2371/2885/1228
f 560/2886/1228 2371/2885/1228 2370/2887/1229
f 559/2888/1229 2370/2887/1229 2369/2889/1230
f 558/2890/1230 2369/2889/1230 2368/2891/1231
f 557/2892/1231 2368/2891/1231 2367/2893/1232
f 556/2894/1232 2367/2893/1232 2366/2895/1233
f 555/2896/1233 2366/2895/1233 2365/2897/1234
f 554/2898/1234 2365/2897/1234 2364/2899/1235
f 553/2900/1235 2364/2899/1235 2363/2901/1236
f 552/2902/1236 2363/2901/1236 2362/2903/1237
f 551/2904/1237 2362/2903/1237 2361/2905/1238
f 550/2906/1238 2361/2905/1238 2360/2907/1239
f 549/2908/1239 2360/2907/1239 2359/2909/1240
f 548/2910/1240 2359/2909/1240 2358/2911/1241
f 547/2912/1241 2358/2911/1241 2357/2913/1242
f 546/2914/1242 2357/2913/1242 2356/2915/1243
f 545/2916/1243 2356/2915/1243 2355/2917/1244
f 544/2918/1244 2355/2917/1244 2354/2919/1245
f 543/2920/1245 2354/2919/1245 2353/2921/1246
f 542/2922/1246 2353/2921/1246 2352/2923/1247
f 541/2924/1247 2352/2923/1247 2351/2925/1248
f 586/2926/112 585/2927/112 539/2928/112
f 539/2928/112 588/2929/112 587/2930/112
f 539/2928/112 589/2931/112 588/2929/112
f 585/2927/112 584/2932/112 539/2928/112
f 539/2928/112 590/2933/112 589/2931/112
f 539/2928/112 591/2934/112 590/2933/112
f 539/2928/112 592/2935/112 591/2934/112
f 539/2928/112 593/2936/112 592/2935/112
f 567/2937/112 563/2938/112 559/2939/112
f 583/2940/112 570/2941/112 584/2932/112
f 579/2942/112 575/2943/112 571/2944/112
f 581/2945/291 579/2942/112 571/2944/112
f 559/2939/112 557/2946/112 567/2937/112
f 570/2941/112 539/2928/112 584/2932/112
f 539/2928/112 594/2947/1249 593/2936/112
f 539/2928/112 595/2948/1014 594/2947/1249
f 540/2949/112 539/2928/112 570/2941/112
f 541/2950/112 540/2949/112 570/2941/112
f 542/2951/112 541/2950/112 570/2941/112
f 543/2952/112 542/2951/112 570/2941/112
f 544/2953/112 543/2952/112 570/2941/112
f 545/2954/112 544/2953/112 570/2941/112
f 546/2955/112 545/2954/112 570/2941/112
f 547/2956/112 546/2955/112 570/2941/112
f 548/2957/112 547/2956/112 570/2941/112
f 549/2958/112 548/2957/112 570/2941/112
f 551/2959/112 550/2960/112 569/2961/112
f 552/2962/112 551/2959/112 569/2961/112
f 553/2963/112 552/2962/112 569/2961/112
f 554/2964/112 553/2963/112 569/2961/112
f 555/2965/112 554/2964/112 569/2961/112
f 557/2946/112 569/2961/112 567/2937/112
f 556/2966/112 555/2965/112 569/2961/112
f 557/2946/112 556/2966/112 569/2961/112
f 559/2939/112 558/2967/297 557/2946/112
f 561/2968/112 560/2969/112 559/2939/112
f 562/2970/292 561/2968/112 559/2939/112
f 563/2938/112 562/2970/292 559/2939/112
f 564/2971/112 563/2938/112 567/2937/112
f 565/2972/112 564/2971/112 567/2937/112
f 567/2937/112 566/2973/112 565/2972/112
f 569/2961/112 568/2974/1071 567/2937/112
f 549/2958/112 569/2961/112 550/2960/112
f 570/2941/112 569/2961/112 549/2958/112
f 571/2944/112 570/2941/112 582/2975/112
f 573/2976/635 572/2977/432 571/2944/112
f 574/2978/112 573/2976/635 571/2944/112
f 575/2943/112 574/2978/112 571/2944/112
f 577/2979/112 576/2980/759 575/2943/112
f 578/2981/112 577/2979/112 575/2943/112
f 579/2942/112 578/2981/112 575/2943/112
f 581/2945/291 580/2982/112 579/2942/112
f 582/2975/112 581/2945/291 571/2944/112
f 583/2940/112 582/2975/112 570/2941/112
f 540/2983/1248 2351/2925/1248 2350/2984/1250
f 539/2985/1250 2350/2984/1250 2349/2986/1251
f 538/2987/1251 2349/2986/1251 2348/2988/1252
f 537/2989/1252 2348/2988/1252 2347/2990/1253
f 536/2991/1253 2347/2990/1253 2346/2992/1254
f 535/2993/1254 2346/2992/1254 2345/2994/1255
f 534/2995/1255 2345/2994/1255 2344/2996/1256
f 533/2997/1256 2344/2996/1256 2343/2998/1257
f 532/2999/1257 2343/2998/1257 2342/3000/1258
f 531/3001/1258 2342/3000/1258 2341/3002/1259
f 530/3003/1259 2341/3002/1259 2340/3004/1260
f 529/3005/1261 2340/3004/1260 2339/3006/1262
f 528/3007/1263 2339/3006/1262 2338/3008/1264
f 527/3009/1264 2338/3008/1264 2337/3010/1265
f 526/3011/1265 2337/3010/1265 2336/3012/1266
f 525/3013/1266 2336/3012/1266 2335/3014/1267
f 524/3015/1267 2335/3014/1267 2334/3016/1268
f 523/3017/1268 2334/3016/1268 2333/3018/1269
f 522/3019/1269 2333/3018/1269 2332/3020/1270
f 521/3021/1270 2332/3020/1270 2331/3022/1271
f 520/3023/1271 2331/3022/1271 2330/3024/1272
f 519/3025/1272 2330/3024/1272 2329/3026/1273
f 518/3027/1273 2329/3026/1273 2328/3028/913
f 517/3029/913 2328/3028/913 2327/3030/1274
f 516/3031/1274 2327/3030/1274 2326/3032/1275
f 515/3033/1275 2326/3032/1275 2325/3034/1276
f 513/3035/1277 514/3036/1276 2325/3034/1276
f 513/3035/1277 2324/3037/1277 2323/3038/1278
f 512/3039/1278 2323/3038/1278 2322/3040/1279
f 511/3041/1279 2322/3040/1279 2321/3042/1280
f 510/3043/1280 2321/3042/1280 2320/3044/1281
f 509/3045/1281 2320/3044/1281 2319/3046/1282
f 508/3047/1282 2319/3046/1282 2318/3048/1283
f 506/3049/1284 507/3050/1283 2318/3048/1283
f 505/3051/1285 506/3049/1284 2317/3052/1284
f 505/3051/1285 2316/3053/1285 2315/3054/1286
f 504/3055/1286 2315/3054/1286 2314/3056/1287
f 503/3057/1287 2314/3056/1287 2313/3058/1288
f 502/3059/1288 2313/3058/1288 2312/3060/1289
f 501/3061/1289 2312/3060/1289 2311/3062/1290
f 500/3063/1290 2311/3062/1290 2310/3064/1291
f 499/3065/1291 2310/3064/1291 2309/3066/1292
f 498/3067/1292 2309/3066/1292 2308/3068/1293
f 497/3069/1293 2308/3068/1293 2307/3070/1294
f 496/3071/1294 2307/3070/1294 2306/3072/1295
f 495/3073/1295 2306/3072/1295 2305/3074/1296
f 494/3075/1296 2305/3074/1296 2304/3076/1297
f 492/3077/1298 493/3078/1297 2304/3076/1297
f 492/3077/1298 2303/3079/1298 2302/3080/1299
f 491/3081/1299 2302/3080/1299 2301/3082/1300
f 490/3083/1301 2301/3082/1300 2300/3084/1302
f 489/3085/1302 2300/3084/1302 2299/3086/1303
f 488/3087/1303 2299/3086/1303 2298/3088/1304
f 486/3089/1305 487/3090/1306 2298/3088/1304
f 486/3089/1305 2297/3091/1305 2296/3092/1307
f 485/3093/1307 2296/3092/1307 2295/236/1308
f 620/3094/112 649/3095/112 621/3096/112
f 632/3097/112 628/3098/112 624/3099/112
f 640/3100/112 636/3101/297 645/3102/112
f 654/3103/112 620/3094/112 619/3104/112
f 617/3105/112 664/3106/112 618/3107/112
f 610/3108/112 698/3109/112 611/3110/112
f 609/3111/112 703/3112/112 610/3108/112
f 608/3113/112 707/3114/112 609/3111/112
f 606/3115/112 714/3116/112 607/3117/112
f 607/3117/112 711/3118/112 608/3113/112
f 605/3119/112 717/3120/112 606/3115/112
f 484/3121/112 605/3119/112 604/3122/112
f 486/3123/112 604/3122/112 603/3124/112
f 488/3125/112 603/3124/112 602/3126/112
f 490/3127/112 602/3126/112 601/3128/112
f 492/3129/112 601/3128/112 600/3130/112
f 496/3131/112 599/3132/112 598/3133/112
f 597/3134/112 496/3131/112 598/3133/112
f 597/3134/112 596/3135/112 496/3131/112
f 538/3136/112 537/3137/112 596/3135/112
f 539/2928/112 538/3136/112 596/3135/112
f 536/3138/112 535/3139/112 596/3135/112
f 537/3137/112 536/3138/112 596/3135/112
f 596/3135/112 534/3140/112 532/3141/112
f 535/3139/112 534/3140/112 596/3135/112
f 532/3141/112 531/3142/112 596/3135/112
f 533/3143/112 532/3141/112 534/3140/112
f 530/3144/112 529/3145/112 596/3135/112
f 531/3142/112 530/3144/112 596/3135/112
f 528/3146/112 527/3147/112 596/3135/112
f 529/3145/112 528/3146/112 596/3135/112
f 526/3148/112 525/3149/112 596/3135/112
f 527/3147/112 526/3148/112 596/3135/112
f 524/3150/112 523/3151/112 596/3135/112
f 525/3149/112 524/3150/112 596/3135/112
f 596/3135/112 522/3152/112 519/3153/112
f 523/3151/112 522/3152/112 596/3135/112
f 520/3154/112 519/3153/112 522/3152/112
f 521/3155/812 520/3154/112 522/3152/112
f 518/3156/112 517/3157/112 596/3135/112
f 519/3153/112 518/3156/112 596/3135/112
f 516/3158/112 515/3159/112 596/3135/112
f 517/3157/112 516/3158/112 596/3135/112
f 514/3160/112 513/3161/112 596/3135/112
f 515/3159/112 514/3160/112 596/3135/112
f 512/3162/112 511/3163/112 596/3135/112
f 513/3161/112 512/3162/112 596/3135/112
f 510/3164/112 509/3165/112 596/3135/112
f 511/3163/112 510/3164/112 596/3135/112
f 508/3166/112 507/3167/112 596/3135/112
f 509/3165/112 508/3166/112 596/3135/112
f 506/3168/112 505/3169/112 596/3135/112
f 507/3167/112 506/3168/112 596/3135/112
f 504/3170/112 503/3171/112 596/3135/112
f 505/3169/112 504/3170/112 596/3135/112
f 502/3172/112 501/3173/112 596/3135/112
f 503/3171/112 502/3172/112 596/3135/112
f 500/3174/112 499/3175/112 596/3135/112
f 501/3173/112 500/3174/112 596/3135/112
f 498/3176/112 497/3177/112 596/3135/112
f 499/3175/112 498/3176/112 596/3135/112
f 496/3131/112 495/3178/112 599/3132/112
f 497/3177/112 496/3131/112 596/3135/112
f 599/3132/112 494/3179/112 600/3130/112
f 495/3178/112 494/3179/112 599/3132/112
f 493/3180/112 600/3130/112 494/3179/112
f 493/3180/112 492/3129/112 600/3130/112
f 601/3128/112 492/3129/112 491/3181/112
f 491/3181/112 490/3127/112 601/3128/112
f 602/3126/112 490/3127/112 489/3182/112
f 489/3182/112 488/3125/112 602/3126/112
f 603/3124/112 488/3125/112 487/3183/112
f 487/3183/112 486/3123/112 603/3124/112
f 604/3122/112 486/3123/112 485/3184/112
f 485/3184/112 484/3121/112 604/3122/112
f 605/3119/112 484/3121/112 719/3185/112
f 719/3185/112 718/3186/112 605/3119/112
f 717/3120/112 605/3119/112 718/3186/112
f 717/3120/112 716/3187/112 606/3115/112
f 715/3188/112 606/3115/112 716/3187/112
f 715/3188/112 714/3116/112 606/3115/112
f 713/3189/112 607/3117/112 714/3116/112
f 713/3189/112 712/3190/112 607/3117/112
f 711/3118/112 607/3117/112 712/3190/112
f 711/3118/112 710/3191/112 608/3113/112
f 709/3192/112 608/3113/112 710/3191/112
f 709/3192/112 708/3193/112 608/3113/112
f 707/3114/112 608/3113/112 708/3193/112
f 707/3114/112 706/3194/112 609/3111/112
f 705/3195/112 609/3111/112 706/3194/112
f 705/3195/112 704/3196/112 609/3111/112
f 703/3112/112 609/3111/112 704/3196/112
f 703/3112/112 702/3197/112 610/3108/112
f 701/3198/112 610/3108/112 702/3197/112
f 701/3198/112 700/3199/112 610/3108/112
f 699/3200/112 610/3108/112 700/3199/112
f 699/3200/112 698/3109/112 610/3108/112
f 697/3201/112 611/3110/112 698/3109/112
f 697/3201/112 696/3202/112 611/3110/112
f 695/3203/112 611/3110/112 696/3202/112
f 694/3204/112 693/3205/112 611/3110/112
f 695/3203/112 694/3204/112 611/3110/112
f 693/3205/112 612/3206/112 611/3110/112
f 693/3205/112 692/3207/112 612/3206/112
f 691/3208/112 612/3206/112 692/3207/112
f 690/3209/112 689/3210/112 612/3206/112
f 691/3208/112 690/3209/112 612/3206/112
f 688/3211/112 687/3212/112 612/3206/112
f 689/3210/112 688/3211/112 612/3206/112
f 687/3212/112 613/3213/112 612/3206/112
f 686/3214/112 685/3215/112 613/3213/112
f 687/3212/112 686/3214/112 613/3213/112
f 613/3213/112 683/3216/112 614/3217/112
f 684/3218/112 683/3216/112 613/3213/112
f 685/3215/112 684/3218/112 613/3213/112
f 682/3219/112 681/3220/112 614/3217/112
f 683/3216/112 682/3219/112 614/3217/112
f 680/3221/112 679/3222/112 614/3217/112
f 681/3220/112 680/3221/112 614/3217/112
f 678/3223/112 677/3224/112 615/3225/112
f 679/3222/112 678/3223/112 614/3217/112
f 676/3226/112 675/3227/112 615/3225/112
f 677/3224/112 676/3226/112 615/3225/112
f 615/3225/112 673/3228/112 616/3229/112
f 674/3230/112 673/3228/112 615/3225/112
f 675/3227/112 674/3230/112 615/3225/112
f 672/3231/112 671/3232/112 616/3229/112
f 673/3228/112 672/3231/112 616/3229/112
f 616/3229/112 669/3233/112 617/3105/112
f 670/3234/112 669/3233/112 616/3229/112
f 671/3232/112 670/3234/112 616/3229/112
f 668/3235/112 667/3236/112 617/3105/112
f 669/3233/112 668/3235/112 617/3105/112
f 666/3237/112 665/3238/112 617/3105/112
f 667/3236/112 666/3237/112 617/3105/112
f 664/3106/112 663/3239/112 618/3107/112
f 665/3238/112 664/3106/112 617/3105/112
f 662/3240/112 661/3241/112 618/3107/112
f 663/3239/112 662/3240/112 618/3107/112
f 618/3107/112 659/3242/112 619/3104/112
f 660/3243/112 659/3242/112 618/3107/112
f 661/3241/112 660/3243/112 618/3107/112
f 658/3244/112 657/3245/112 619/3104/112
f 659/3242/112 658/3244/112 619/3104/112
f 656/3246/112 655/3247/112 619/3104/112
f 657/3245/112 656/3246/112 619/3104/112
f 654/3103/112 653/3248/112 620/3094/112
f 655/3247/112 654/3103/112 619/3104/112
f 652/3249/112 651/3250/112 620/3094/112
f 653/3248/112 652/3249/112 620/3094/112
f 650/3251/112 649/3095/112 620/3094/112
f 651/3250/112 650/3251/112 620/3094/112
f 648/3252/112 647/3253/112 621/3096/112
f 649/3095/112 648/3252/112 621/3096/112
f 647/3253/112 646/3254/112 645/3102/112
f 645/3102/112 644/3255/1309 643/3256/112
f 642/3257/291 640/3100/112 645/3102/112
f 643/3256/112 642/3257/291 645/3102/112
f 634/3258/112 632/3097/112 622/3259/112
f 635/3260/112 622/3259/112 647/3253/112
f 636/3101/297 647/3253/112 645/3102/112
f 622/3259/112 621/3096/112 647/3253/112
f 624/3099/112 622/3259/112 632/3097/112
f 624/3099/112 623/3261/112 622/3259/112
f 626/3262/1310 625/3263/1311 624/3099/112
f 627/3264/1312 626/3262/1310 624/3099/112
f 628/3098/112 627/3264/1312 624/3099/112
f 629/3265/112 628/3098/112 632/3097/112
f 630/3266/112 629/3265/112 632/3097/112
f 632/3097/112 631/3267/1313 630/3266/112
f 634/3258/112 633/3268/1314 632/3097/112
f 635/3260/112 634/3258/112 622/3259/112
f 636/3101/297 635/3260/112 647/3253/112
f 638/3269/338 637/3270/1315 636/3101/297
f 639/3271/1316 638/3269/338 636/3101/297
f 640/3100/112 639/3271/1316 636/3101/297
f 642/3257/291 641/3272/342 640/3100/112
f 484/237/1308 2295/238/1308 2532/2567/1078
f 482/1933/1317 483/927/1318 2294/1923/1318
f 481/144/412 482/1933/1317 2293/1932/1317
f 481/144/412 2292/143/412 2291/988/408
f 479/1944/406 480/929/408 2291/988/408
f 479/1944/406 2290/1942/406 2289/151/1319
f 478/152/1319 2289/151/1319 2288/243/561
f 477/242/561 2288/243/561 2287/244/1053
f 476/245/1053 2287/244/1053 2286/159/400
f 474/251/1320 475/160/400 2286/159/400
f 473/255/1321 474/251/1320 2285/250/1320
f 473/255/1321 2284/254/1321 2283/258/259
f 472/260/259 2283/258/259 2282/1994/1322
f 471/1995/1322 2282/1994/1322 2281/2006/783
f 470/2007/783 2281/2006/783 2280/3273/786
f 469/3274/786 2280/3273/786 2279/426/1323
f 468/1552/1323 2279/426/1323 2278/2024/1324
f 467/2025/1324 2278/2024/1324 2277/169/1325
f 466/170/1325 2277/169/1325 2276/264/791
f 465/265/791 2276/264/791 2275/266/1326
f 464/268/1326 2275/266/1326 2274/177/743
f 463/178/743 2274/177/743 2273/273/1327
f 462/271/1327 2273/273/1327 2272/274/1328
f 461/275/1328 2272/274/1328 2271/185/110
f 460/186/110 2271/185/110 2270/2065/257
f 459/3275/257 2270/2065/257 2269/3276/979
f 458/3277/979 2269/3276/979 2268/193/1329
f 457/194/1329 2268/193/1329 2267/1015/1163
f 456/1016/1163 2267/1015/1163 2266/2084/1330
f 455/2085/1330 2266/2084/1330 2265/201/251
f 454/203/251 2265/201/251 2264/283/1160
f 453/281/1160 2264/283/1160 2263/284/249
f 451/210/248 452/285/249 2263/284/249
f 451/210/248 2262/209/248 2261/290/246
f 450/291/246 2261/290/246 2260/293/245
f 449/295/245 2260/293/245 2259/297/351
f 448/298/351 2259/297/351 2258/2139/687
f 446/3278/333 447/3279/687 2258/2139/687
f 446/3278/333 2257/3280/333 2256/2150/332
f 445/2151/332 2256/2150/332 2255/1036/331
f 444/1037/331 2255/1036/331 2254/2169/686
f 443/2170/686 2254/2169/686 2253/220/1331
f 442/221/1331 2253/220/1331 2252/309/680
f 441/310/680 2252/309/680 2251/311/325
f 440/312/325 2251/311/325 2250/228/322
f 439/229/322 2250/228/322 2249/317/1332
f 438/318/1332 2249/317/1332 2248/319/1333
f 436/918/56 437/320/1333 2248/319/1333
f 483/927/1318 436/237/56 2247/238/56
f 434/1933/1334 435/927/110 2246/1923/110
f 434/1933/1334 2245/1932/1334 2244/143/1335
f 433/144/1335 2244/143/1335 2243/988/1336
f 431/1944/1337 432/929/1336 2243/988/1336
f 431/1944/1337 2242/1942/1337 2241/151/1338
f 430/152/1338 2241/151/1338 2240/243/1339
f 429/242/1339 2240/243/1339 2239/244/1340
f 428/245/1340 2239/244/1340 2238/159/1341
f 427/160/1341 2238/159/1341 2237/250/1342
f 425/255/1343 426/251/1342 2237/250/1342
f 425/255/1343 2236/254/1343 2235/258/782
f 424/260/782 2235/258/782 2234/1994/259
f 423/1995/259 2234/1994/259 2233/2006/1344
f 422/2007/1344 2233/2006/1344 2232/3273/1345
f 421/3274/1345 2232/3273/1345 2231/426/1346
f 420/1552/1346 2231/426/1346 2230/2024/1347
f 419/2025/1347 2230/2024/1347 2229/169/1348
f 418/170/1348 2229/169/1348 2228/264/1349
f 417/265/1349 2228/264/1349 2227/266/1350
f 415/178/1351 416/268/1350 2227/266/1350
f 415/178/1351 2226/177/1351 2225/273/1352
f 414/271/1352 2225/273/1352 2224/274/1353
f 413/275/1353 2224/274/1353 2223/185/1354
f 412/186/1354 2223/185/1354 2222/2065/56
f 411/3275/56 2222/2065/56 2221/3276/1355
f 410/3277/1355 2221/3276/1355 2220/193/1356
f 409/194/1356 2220/193/1356 2219/1015/1357
f 408/1016/1357 2219/1015/1357 2218/2084/1358
f 406/203/1359 407/2085/1358 2218/2084/1358
f 406/203/1359 2217/201/1359 2216/283/1360
f 404/285/667 405/281/1360 2216/283/1360
f 404/285/667 2215/284/667 2214/209/668
f 403/210/668 2214/209/668 2213/290/1361
f 402/291/1361 2213/290/1361 2212/293/1362
f 401/295/1362 2212/293/1362 2211/297/337
f 400/298/337 2211/297/337 2210/2139/351
f 399/3279/351 2210/2139/351 2209/3280/1363
f 398/3278/1363 2209/3280/1363 2208/2150/1364
f 396/1037/1365 397/2151/1364 2208/2150/1364
f 396/1037/1365 2207/1036/1365 2206/2169/1366
f 394/221/1367 395/2170/1366 2206/2169/1366
f 394/221/1367 2205/220/1367 2204/309/1368
f 393/310/1368 2204/309/1368 2203/311/1369
f 391/229/1370 392/312/1369 2203/311/1369
f 391/229/1370 2202/228/1370 2201/317/1371
f 390/318/1371 2201/317/1371 2200/319/1372
f 388/237/933 2199/238/933 2246/1923/110
f 455/3281/112 454/3282/112 417/3283/112
f 416/3284/112 456/3285/112 455/3281/112
f 415/3286/112 457/3287/112 456/3285/112
f 451/3288/112 420/3289/112 452/3290/112
f 413/3291/112 459/3292/112 458/3293/112
f 443/3294/112 442/3295/112 429/3296/112
f 407/3297/112 464/3298/112 463/3299/112
f 441/3300/112 440/3301/112 431/3302/112
f 406/3303/112 465/3304/112 464/3298/112
f 440/3301/112 439/3305/112 432/3306/112
f 438/3307/112 433/3308/112 439/3305/112
f 404/3309/112 467/3310/112 466/3311/112
f 437/3312/112 434/3313/112 438/3307/112
f 411/3314/112 461/3315/112 460/3316/112
f 412/3317/112 460/3316/112 459/3292/112
f 414/3318/112 458/3293/112 457/3287/112
f 423/3319/112 449/3320/112 448/3321/112
f 419/3322/112 453/3323/112 452/3290/112
f 421/3324/112 451/3288/112 450/3325/112
f 449/3320/112 422/3326/112 450/3325/112
f 447/3327/112 424/3328/112 448/3321/112
f 444/3329/112 427/3330/112 445/3331/112
f 428/3332/112 444/3329/112 443/3294/112
f 430/3333/112 442/3295/112 441/3300/112
f 435/3334/112 437/3312/112 436/3335/112
f 483/3336/112 482/3337/112 388/3338/112
f 482/3337/112 481/3339/112 388/3338/112
f 483/3336/112 435/3334/112 436/3335/112
f 388/3338/112 435/3334/112 483/3336/112
f 437/3312/112 435/3334/112 434/3313/112
f 433/3308/112 432/3306/112 439/3305/112
f 434/3313/112 433/3308/112 438/3307/112
f 431/3302/112 430/3333/112 441/3300/112
f 432/3306/112 431/3302/112 440/3301/112
f 429/3296/112 428/3332/112 443/3294/112
f 430/3333/112 429/3296/112 442/3295/112
f 445/3331/112 426/3340/112 446/3341/112
f 427/3330/112 426/3340/112 445/3331/112
f 428/3332/112 427/3330/112 444/3329/112
f 446/3341/112 425/3342/112 447/3327/112
f 426/3340/112 425/3342/112 446/3341/112
f 424/3328/112 447/3327/112 425/3342/112
f 424/3328/112 423/3319/112 448/3321/112
f 422/3326/112 449/3320/112 423/3319/112
f 422/3326/112 421/3324/112 450/3325/112
f 451/3288/112 421/3324/112 420/3289/112
f 420/3289/112 419/3322/112 452/3290/112
f 453/3323/112 419/3322/112 418/3343/112
f 417/3283/112 416/3284/112 455/3281/112
f 418/3343/112 417/3283/112 454/3282/112
f 415/3286/112 414/3318/112 457/3287/112
f 416/3284/112 415/3286/112 456/3285/112
f 413/3291/112 412/3317/112 459/3292/112
f 414/3318/112 413/3291/112 458/3293/112
f 461/3315/112 409/3344/112 462/3345/112
f 411/3314/112 410/3346/112 461/3315/112
f 412/3317/112 411/3314/112 460/3316/112
f 462/3345/112 408/3347/112 463/3299/112
f 409/3344/112 408/3347/112 462/3345/112
f 410/3346/112 409/3344/112 461/3315/112
f 465/3304/112 405/3348/112 466/3311/112
f 407/3297/112 406/3303/112 464/3298/112
f 408/3347/112 407/3297/112 463/3299/112
f 467/3310/112 403/3349/112 468/3350/112
f 405/3348/112 404/3309/112 466/3311/112
f 406/3303/112 405/3348/112 465/3304/112
f 401/3351/112 470/3352/112 469/3353/112
f 402/3354/112 469/3353/112 468/3350/112
f 472/3355/112 471/3356/112 399/3357/112
f 392/3358/112 391/3359/112 472/3355/112
f 393/3360/112 392/3358/112 472/3355/112
f 394/3361/112 393/3360/112 472/3355/112
f 395/3362/112 394/3361/112 472/3355/112
f 396/3363/112 395/3362/112 472/3355/112
f 397/3364/112 396/3363/112 472/3355/112
f 398/3365/112 397/3364/112 472/3355/112
f 400/3366/112 471/3356/112 470/3352/112
f 399/3357/112 398/3365/112 472/3355/112
f 400/3366/112 399/3357/112 471/3356/112
f 401/3351/112 400/3366/112 470/3352/112
f 469/3353/112 402/3354/112 401/3351/112
f 403/3349/112 402/3354/112 468/3350/112
f 404/3309/112 403/3349/112 467/3310/112
f 476/3367/112 391/3359/112 477/3368/112
f 475/3369/112 391/3359/112 476/3367/112
f 474/3370/112 391/3359/112 475/3369/112
f 479/3371/112 391/3359/112 480/3372/112
f 473/3373/112 391/3359/112 474/3370/112
f 481/3339/112 480/3372/112 390/3374/112
f 389/3375/112 388/3338/112 481/3339/112
f 391/3359/112 479/3371/112 478/3376/112
f 390/3374/112 389/3375/112 481/3339/112
f 391/3359/112 390/3374/112 480/3372/112
f 473/3373/112 472/3355/112 391/3359/112
f 388/918/933 389/320/1372 2200/319/1372
f 386/3377/1373 387/3378/1374 2198/3379/1375
f 386/3377/1373 2197/3380/1376 2196/3381/1377
f 385/3382/1378 2196/3381/1377 2195/3383/1379
f 383/3384/1380 384/3385/1381 2195/3383/1379
f 383/3384/1380 2194/3386/1380 2193/3387/1382
f 382/3388/1383 2193/3387/1382 2192/3389/1384
f 381/3390/1384 2192/3389/1384 2191/3391/1385
f 380/3392/1385 2191/3391/1385 2190/3393/1386
f 379/3394/1386 2190/3393/1386 2189/3395/1387
f 378/3396/1387 2189/3395/1387 2188/3397/1388
f 377/3398/1389 2188/3397/1388 2187/3399/1390
f 376/3400/1390 2187/3399/1390 2186/3401/1391
f 375/3402/1391 2186/3401/1391 2185/3403/1392
f 374/3404/1392 2185/3403/1392 2184/3405/1393
f 373/3406/1393 2184/3405/1393 2183/3407/1394
f 372/3408/1394 2183/3407/1394 2182/3409/1395
f 371/3410/1395 2182/3409/1395 2181/3411/1396
f 370/3412/1396 2181/3411/1396 2180/3413/1397
f 369/3414/1397 2180/3413/1397 2179/3415/1398
f 368/3416/1398 2179/3415/1398 2178/3417/1399
f 367/3418/1399 2178/3417/1399 2177/3419/1400
f 366/3420/1400 2177/3419/1400 2176/3421/1401
f 365/3422/1402 2176/3421/1401 2175/3423/1403
f 364/3424/1403 2175/3423/1403 2174/3425/1404
f 363/3426/1404 2174/3425/1404 2173/3427/1405
f 362/3428/1405 2173/3427/1405 2172/3429/1406
f 361/3430/1406 2172/3429/1406 2171/3431/1407
f 360/3432/1407 2171/3431/1407 2170/3433/1408
f 359/3434/1408 2170/3433/1408 2169/3435/424
f 358/3436/424 2169/3435/424 2168/3437/1409
f 357/3438/1409 2168/3437/1409 2167/3439/1410
f 356/3440/1410 2167/3439/1410 2166/3441/1411
f 355/3442/1411 2166/3441/1411 2165/3443/1412
f 354/3444/1412 2165/3443/1412 2164/3445/1413
f 353/3446/1413 2164/3445/1413 2163/3447/1414
f 352/3448/1414 2163/3447/1414 2162/3449/1415
f 351/3450/1415 2162/3449/1415 2161/3451/1416
f 350/3452/1416 2161/3451/1416 2160/3453/1417
f 349/3454/1417 2160/3453/1417 2159/3455/1418
f 348/3456/1418 2159/3455/1418 2158/3457/1419
f 347/3458/1419 2158/3457/1419 2157/3459/1420
f 346/3460/1420 2157/3459/1420 2156/3461/1421
f 344/3462/1422 345/3463/1421 2156/3461/1421
f 344/3462/1422 2155/3464/1422 2154/3465/1423
f 343/3466/1424 2154/3465/1423 2153/3467/1425
f 342/3468/1425 2153/3467/1425 2152/3469/1426
f 341/3470/1426 2152/3469/1426 2151/3471/1427
f 340/3472/1427 2151/3471/1427 2150/3473/1428
f 339/3474/1428 2150/3473/1428 2149/3475/1429
f 338/3476/1429 2149/3475/1429 2148/3477/1430
f 337/3478/1430 2148/3477/1430 2147/3479/1431
f 336/3480/1431 2147/3479/1431 2146/3481/1432
f 334/3482/1433 335/3483/1432 2146/3481/1432
f 334/3482/1433 2145/3484/1433 2144/3485/1434
f 333/3486/1434 2144/3485/1434 2143/3487/1435
f 331/3488/1436 332/3489/1435 2143/3487/1435
f 331/3488/1436 2142/3490/1436 2141/3491/1437
f 330/3492/1437 2141/3491/1437 2140/3493/1438
f 328/3494/1439 329/3495/1438 2140/3493/1438
f 328/3494/1439 2139/3496/1439 2138/3497/1440
f 327/3498/1440 2138/3497/1440 2137/3499/1441
f 326/3500/1441 2137/3499/1441 2136/3501/1442
f 325/3502/1442 2136/3501/1442 2135/3503/1443
f 324/3504/1443 2135/3503/1443 2134/3505/1444
f 323/3506/1444 2134/3505/1444 2133/3507/1445
f 322/3508/1445 2133/3507/1445 2132/3509/1446
f 321/3510/1446 2132/3509/1446 2131/3511/1447
f 320/3512/1447 2131/3511/1447 2130/3513/1448
f 319/3514/1448 2130/3513/1448 2129/3515/1449
f 318/3516/1449 2129/3515/1449 2128/3517/1450
f 317/3518/1450 2128/3517/1450 2127/3519/1451
f 316/3520/1451 2127/3519/1451 2126/3521/1452
f 315/3522/1452 2126/3521/1452 2125/3523/1453
f 314/3524/1453 2125/3523/1453 2124/3525/1454
f 313/3526/1454 2124/3525/1454 2123/3527/1455
f 312/3528/1455 2123/3527/1455 2122/3529/1456
f 311/3530/1457 2122/3529/1456 2121/3531/1458
f 310/3532/1459 2121/3531/1458 2120/3533/1460
f 309/3534/1461 2120/3533/1460 2119/3535/1462
f 308/3536/1462 2119/3535/1462 2118/3537/1463
f 307/3538/1464 2118/3537/1463 2117/3539/1255
f 305/3540/1465 306/3541/1255 2117/3539/1255
f 305/3540/1465 2116/3542/1466 2115/3543/1467
f 304/3544/1468 2115/3543/1467 2114/3545/1469
f 303/3546/1470 2114/3545/1469 2113/3547/1471
f 302/3548/1472 2113/3547/1471 2112/3549/1473
f 301/3550/1474 2112/3549/1473 2111/3551/1475
f 300/3552/1475 2111/3551/1475 2110/3553/1476
f 299/3554/1477 2110/3553/1476 2109/3555/1478
f 298/3556/1478 2109/3555/1478 2108/3557/1479
f 296/3558/1480 297/3559/1481 2108/3557/1479
f 296/3558/1480 2107/3560/1482 2106/3561/1483
f 295/3562/1483 2106/3561/1483 2105/3563/1484
f 293/3564/1485 294/3565/1486 2105/3563/1484
f 293/3564/1485 2104/3566/1485 2103/3567/1487
f 292/3568/1488 2103/3567/1487 2102/3569/1489
f 291/3570/1489 2102/3569/1489 2101/3571/1490
f 290/3572/1490 2101/3571/1490 2100/3573/1491
f 289/3574/1491 2100/3573/1491 2099/3575/1492
f 288/3576/1492 2099/3575/1492 2098/3577/1493
f 287/3578/1493 2098/3577/1493 2097/3579/1494
f 286/3580/1494 2097/3579/1494 2096/3581/1495
f 285/3582/1495 2096/3581/1495 2095/426/1496
f 284/1552/1496 2095/426/1496 2094/3583/1497
f 283/3584/1497 2094/3583/1497 2093/3585/1498
f 282/3586/1498 2093/3585/1498 2092/3587/1499
f 281/3588/1499 2092/3587/1499 2091/3589/1500
f 280/3590/1500 2091/3589/1500 2090/3591/1501
f 279/3592/1501 2090/3591/1501 2089/3593/1502
f 278/3594/1502 2089/3593/1502 2088/3595/1503
f 277/3596/1503 2088/3595/1503 2087/3597/1504
f 275/3598/1505 276/3599/1504 2087/3597/1504
f 275/3598/1505 2086/3600/1505 2085/3601/1506
f 274/3602/1506 2085/3601/1506 2084/3603/320
f 273/3604/320 2084/3603/320 2083/3605/1507
f 272/3606/1507 2083/3605/1507 2082/3607/1508
f 271/3608/1508 2082/3607/1508 2081/3609/1509
f 270/3610/1509 2081/3609/1509 2080/3611/1510
f 269/3612/1510 2080/3611/1510 2079/3613/1511
f 268/3614/1511 2079/3613/1511 2078/3615/1512
f 267/3616/1512 2078/3615/1512 2077/3617/1513
f 265/3618/1514 266/3619/1513 2077/3617/1513
f 265/3618/1514 2076/3620/1514 2075/3621/1515
f 264/3622/1515 2075/3621/1515 2074/3623/1516
f 263/3624/1516 2074/3623/1516 2073/3625/1517
f 262/3626/1517 2073/3625/1517 2072/3627/1518
f 261/3628/1518 2072/3627/1518 2071/3629/1519
f 259/3630/53 260/3631/1519 2071/3629/1519
f 259/3630/53 2070/3632/53 2069/3633/1520
f 257/3634/1521 258/3635/1520 2069/3633/1520
f 257/3634/1521 2068/3636/1521 2067/3637/1522
f 256/3638/1522 2067/3637/1522 2066/3639/1523
f 255/3640/1523 2066/3639/1523 2065/3641/1524
f 254/3642/1524 2065/3641/1524 2064/3643/1525
f 252/3644/1526 253/3645/1525 2064/3643/1525
f 251/3646/1527 252/3644/1526 2063/3647/1526
f 251/3646/1527 2062/3648/1527 2061/3649/1528
f 249/3650/1529 250/3651/1528 2061/3649/1528
f 249/3650/1529 2060/3652/1529 2059/3653/1530
f 248/3654/1530 2059/3653/1530 2058/3655/1531
f 247/3656/1531 2058/3655/1531 2057/3657/1532
f 245/3658/1533 246/3659/1532 2057/3657/1532
f 245/3658/1533 2056/3660/1533 2055/3661/1121
f 244/3662/1121 2055/3661/1121 2054/3663/1534
f 242/3664/1535 243/3665/1534 2054/3663/1534
f 242/3664/1535 2053/3666/1535 2052/3667/1536
f 241/3668/1536 2052/3667/1536 2051/3669/1537
f 240/3670/1537 2051/3669/1537 2050/3671/1538
f 239/3672/1538 2050/3671/1538 2049/3673/1539
f 238/3674/1539 2049/3673/1539 2048/3675/1540
f 237/3676/1540 2048/3675/1540 2047/3677/1541
f 236/3678/1541 2047/3677/1541 2046/3679/1542
f 235/3680/1542 2046/3679/1542 2045/3681/1543
f 233/3682/1544 234/3683/1543 2045/3681/1543
f 233/3682/1544 2044/3684/1544 2043/3685/1545
f 232/3686/1545 2043/3685/1545 2042/3687/1546
f 231/3688/1546 2042/3687/1546 2041/3689/1547
f 230/3690/1547 2041/3689/1547 2040/3691/1548
f 229/3692/1548 2040/3691/1548 2039/3693/1549
f 228/3694/1549 2039/3693/1549 2038/3695/1550
f 227/3696/1550 2038/3695/1550 2037/3697/1551
f 226/3698/1551 2037/3697/1551 2036/3699/1552
f 225/3700/1552 2036/3699/1552 2035/3701/1553
f 224/3702/1553 2035/3701/1553 2034/3703/1554
f 223/3704/1554 2034/3703/1554 2033/3705/1555
f 222/3706/1555 2033/3705/1555 2032/3707/1556
f 221/3708/1556 2032/3707/1556 2031/3709/1557
f 220/3710/1557 2031/3709/1557 2030/3711/1558
f 219/3712/1558 2030/3711/1558 2029/3713/1559
f 217/3714/1560 218/3715/1559 2029/3713/1559
f 217/3714/1560 2028/3716/1560 2027/3717/1561
f 216/3718/1561 2027/3717/1561 2026/3719/1562
f 215/3720/1562 2026/3719/1562 2025/3721/1563
f 214/3722/1563 2025/3721/1563 2024/3723/1564
f 213/3724/1564 2024/3723/1564 2023/3725/1565
f 212/3726/1565 2023/3725/1565 2022/3727/1566
f 211/3728/1566 2022/3727/1566 2021/3729/1567
f 210/3730/1568 2021/3729/1567 2020/3731/1569
f 209/3732/1569 2020/3731/1569 2019/3733/1570
f 207/3734/1571 208/3735/1570 2019/3733/1570
f 207/3734/1571 2018/3736/1571 2017/3737/1572
f 206/3738/1572 2017/3737/1572 2016/3739/1573
f 205/3740/1573 2016/3739/1573 2015/3741/1574
f 204/3742/1574 2015/3741/1574 2014/3743/1575
f 203/3744/1575 2014/3743/1575 2013/3745/1576
f 202/3746/1576 2013/3745/1576 2012/3747/1577
f 201/3748/1577 2012/3747/1577 2011/3749/1578
f 200/3750/1578 2011/3749/1578 2010/3751/1579
f 199/3752/1579 2010/3751/1579 2009/3753/1580
f 198/3754/1580 2009/3753/1580 2008/3755/1581
f 197/3756/1581 2008/3755/1581 2007/3757/1582
f 196/3758/1582 2007/3757/1582 2006/3759/1583
f 195/3760/1583 2006/3759/1583 2005/3761/1584
f 194/3762/1584 2005/3761/1584 2004/3763/1585
f 193/3764/1585 2004/3763/1585 2003/3765/1586
f 192/3766/1586 2003/3765/1586 2002/3767/1587
f 191/3768/1587 2002/3767/1587 2001/3769/1588
f 190/3770/1588 2001/3769/1588 2000/3771/1589
f 189/3772/1589 2000/3771/1589 1999/3773/1590
f 188/3774/1590 1999/3773/1590 1998/3775/1591
f 187/3776/1591 1998/3775/1591 1997/3777/1592
f 186/3778/1592 1997/3777/1592 1996/3779/1593
f 185/3780/1593 1996/3779/1593 1995/3781/1594
f 184/3782/1594 1995/3781/1594 1994/3783/1595
f 183/3784/1595 1994/3783/1595 1993/3785/1596
f 182/3786/1596 1993/3785/1596 1992/3787/1597
f 181/3788/1597 1992/3787/1597 1991/3789/1598
f 180/3790/1598 1991/3789/1598 1990/3791/1599
f 179/3792/1600 1990/3791/1599 1989/3793/1601
f 178/3794/1601 1989/3793/1601 1988/3795/1602
f 177/3796/1602 1988/3795/1602 1987/3797/1603
f 176/3798/1603 1987/3797/1603 1986/3799/1604
f 175/3800/1604 1986/3799/1604 1985/3801/1605
f 174/3802/1605 1985/3801/1605 1984/3803/1606
f 173/3804/1606 1984/3803/1606 1983/3805/1607
f 171/3806/1608 172/3807/1607 1983/3805/1607
f 171/3806/1608 1982/3808/1608 1981/3809/1609
f 170/3810/1609 1981/3809/1609 1980/3811/1610
f 169/3812/1610 1980/3811/1610 1979/3813/1611
f 168/3814/1611 1979/3813/1611 1978/3815/1612
f 167/3816/1612 1978/3815/1612 1977/3817/1613
f 166/3818/1613 1977/3817/1613 1976/3819/1614
f 165/3820/1614 1976/3819/1614 1975/3821/1615
f 164/3822/1615 1975/3821/1615 1974/3823/1616
f 163/3824/1616 1974/3823/1616 1973/3825/1617
f 162/3826/1617 1973/3825/1617 1972/3827/1618
f 161/3828/1618 1972/3827/1618 1971/3829/1619
f 160/3830/1619 1971/3829/1619 1970/3831/1620
f 159/3832/1620 1970/3831/1620 1969/284/1621
f 158/285/1621 1969/284/1621 1968/3833/1622
f 157/3834/1622 1968/3833/1622 1967/3835/1623
f 156/3836/1623 1967/3835/1623 1966/3837/1624
f 155/3838/1624 1966/3837/1624 1965/3839/1625
f 154/3840/1625 1965/3839/1625 1964/3841/1626
f 152/3842/1627 153/3843/1626 1964/3841/1626
f 152/3842/1627 1963/3844/1627 1962/3845/1628
f 151/3846/1628 1962/3845/1628 1961/3847/1629
f 150/3848/1629 1961/3847/1629 1960/3849/1630
f 149/3850/1630 1960/3849/1630 1959/3851/1631
f 148/3852/1631 1959/3851/1631 1958/3853/1632
f 147/3854/1632 1958/3853/1632 1957/3855/1633
f 146/3856/1633 1957/3855/1633 1956/3857/1634
f 144/3858/1635 145/3859/1634 1956/3857/1634
f 144/3858/1635 1955/3860/1635 1954/3861/1636
f 143/3862/1636 1954/3861/1636 1953/3863/1637
f 142/3864/1637 1953/3863/1637 1952/3865/1638
f 141/3866/1638 1952/3865/1638 1951/3867/1639
f 140/3868/1639 1951/3867/1639 1950/3869/1640
f 139/3870/1640 1950/3869/1640 1949/3871/1641
f 138/3872/1641 1949/3871/1641 1948/3873/1642
f 137/3874/1642 1948/3873/1642 1947/3875/1643
f 136/3876/1643 1947/3875/1643 1946/3877/1644
f 134/3878/1645 135/3879/1644 1946/3877/1644
f 134/3878/1645 1945/3880/1645 1944/3881/1646
f 133/3882/1646 1944/3881/1646 1943/3883/1647
f 132/3884/1647 1943/3883/1647 1942/3885/1648
f 131/3886/1648 1942/3885/1648 1941/3887/1649
f 130/3888/1649 1941/3887/1649 1940/3889/1650
f 129/3890/1650 1940/3889/1650 1939/3891/1651
f 128/3892/1651 1939/3891/1651 1938/3893/1652
f 127/3894/1652 1938/3893/1652 1937/3895/966
f 126/3896/966 1937/3895/966 1936/3897/1653
f 125/3898/1653 1936/3897/1653 1935/3899/1654
f 124/3900/1654 1935/3899/1654 1934/3901/1655
f 123/3902/1655 1934/3901/1655 1933/3903/1656
f 122/3904/1656 1933/3903/1656 1932/3905/1657
f 121/3906/1657 1932/3905/1657 1931/3907/1658
f 120/3908/1658 1931/3907/1658 1930/3909/1659
f 119/3910/1660 1930/3909/1660 1929/3911/1660
f 118/3912/1661 1929/3911/1661 1928/3913/1662
f 117/3914/1662 1928/3913/1662 1927/3915/1663
f 116/3916/1663 1927/3915/1663 1926/3917/1664
f 115/3918/1664 1926/3917/1664 1925/3919/1665
f 114/3920/1666 1925/3919/1665 1924/3921/1667
f 113/3922/1668 1924/3921/1667 1923/3923/1669
f 112/3924/1669 1923/3923/1669 1922/3925/1670
f 111/3926/1670 1922/3925/1670 1921/3927/1671
f 110/3928/1671 1921/3927/1671 1920/3929/1672
f 109/3930/1672 1920/3929/1672 1919/3931/1673
f 108/3932/1673 1919/3931/1673 1918/3933/1674
f 106/3934/1675 107/3935/1674 1918/3933/1674
f 106/3934/1675 1917/3936/1675 1916/3937/1676
f 105/3938/1676 1916/3937/1676 1915/3939/1677
f 104/3940/1677 1915/3939/1677 1914/3941/1678
f 103/3942/1678 1914/3941/1678 1913/3943/1679
f 102/3944/1680 1913/3943/1679 1912/3945/1681
f 101/3946/1681 1912/3945/1681 1911/3947/1682
f 100/3948/1682 1911/3947/1682 1910/3949/1683
f 99/3950/1683 1910/3949/1683 1909/3951/1684
f 98/3952/1684 1909/3951/1684 1908/3953/1685
f 97/3954/1686 1908/3953/1685 1907/3955/1687
f 96/3956/1687 1907/3955/1687 1906/3957/1688
f 95/3958/1688 1906/3957/1688 1905/3959/1689
f 94/3960/1689 1905/3959/1689 1904/3961/1690
f 93/3962/1690 1904/3961/1690 1903/3963/1691
f 91/3964/1692 92/3965/1691 1903/3963/1691
f 91/3964/1692 1902/3966/1692 1901/3967/1693
f 90/3968/1693 1901/3967/1693 1900/3969/1694
f 89/3970/1694 1900/3969/1694 1899/3971/1695
f 88/3972/1695 1899/3971/1695 1898/3973/1696
f 87/3974/1696 1898/3973/1696 1897/3975/1697
f 85/3976/1698 86/3977/1699 1897/3975/1697
f 85/3976/1698 1896/3978/1698 1895/3979/1700
f 84/3980/1700 1895/3979/1700 1894/3981/1701
f 83/3982/1701 1894/3981/1701 1893/3983/1702
f 82/3984/1702 1893/3983/1702 1892/3985/1703
f 81/3986/1703 1892/3985/1703 1891/3987/1704
f 80/3988/1704 1891/3987/1704 1890/3989/1705
f 79/3990/1705 1890/3989/1705 1889/3991/1706
f 78/3992/1706 1889/3991/1706 1888/3993/1707
f 77/3994/1707 1888/3993/1707 1887/3995/1708
f 76/3996/1708 1887/3995/1708 1886/3997/1709
f 74/3998/1710 75/3999/1709 1886/3997/1709
f 74/3998/1710 1885/4000/1710 1884/4001/1711
f 72/4002/1712 73/4003/1711 1884/4001/1711
f 72/4002/1712 1883/4004/1712 1882/4005/1713
f 71/4006/1713 1882/4005/1713 1881/4007/1714
f 70/4008/1714 1881/4007/1714 1880/4009/1715
f 69/4010/1715 1880/4009/1715 1879/4011/1716
f 68/4012/1716 1879/4011/1716 1878/4013/1717
f 67/4014/1717 1878/4013/1717 1877/4015/1718
f 66/4016/1718 1877/4015/1718 1876/4017/1719
f 65/4018/1719 1876/4017/1719 1875/4019/1545
f 64/4020/1545 1875/4019/1545 1874/4021/1720
f 63/4022/1720 1874/4021/1720 1873/4023/1721
f 61/4024/1722 62/4025/1721 1873/4023/1721
f 61/4024/1722 1872/4026/1722 1871/4027/1723
f 60/4028/1723 1871/4027/1723 1870/4029/1724
f 59/4030/1724 1870/4029/1724 1869/4031/1725
f 58/4032/1725 1869/4031/1725 1868/4033/1726
f 57/4034/1726 1868/4033/1726 1867/4035/1727
f 56/4036/1727 1867/4035/1727 1866/4037/1728
f 55/4038/1728 1866/4037/1728 1865/4039/1729
f 54/4040/1729 1865/4039/1729 1864/4041/1730
f 53/4042/1730 1864/4041/1730 1863/4043/1731
f 52/4044/1731 1863/4043/1731 1862/4045/1732
f 51/4046/1732 1862/4045/1732 1861/4047/1733
f 50/4048/1733 1861/4047/1733 1860/4049/1734
f 49/4050/1734 1860/4049/1734 1859/4051/1735
f 48/4052/1735 1859/4051/1735 1858/4053/1736
f 47/4054/1736 1858/4053/1736 1857/4055/1737
f 46/4056/1737 1857/4055/1737 1856/4057/1738
f 45/4058/1738 1856/4057/1738 1855/4059/1739
f 44/4060/1740 1855/4059/1739 1854/4061/1741
f 43/4062/1742 1854/4061/1741 1853/4063/1743
f 42/4064/1743 1853/4063/1743 1852/4065/1744
f 41/4066/1744 1852/4065/1744 1851/4067/1745
f 40/4068/1745 1851/4067/1745 1850/4069/1746
f 39/4070/1747 1850/4069/1746 1849/4071/1748
f 38/4072/1749 1849/4071/1748 1848/4073/1750
f 37/4074/1751 1848/4073/1750 1847/4075/1752
f 36/4076/1753 1847/4075/1752 1846/4077/1754
f 35/4078/1755 1846/4077/1754 1845/4079/1756
f 34/4080/1756 1845/4079/1756 1844/4081/1757
f 33/4082/1758 1844/4081/1757 1843/236/1759
f 201/4083/112 365/4084/112 202/4085/112
f 200/4086/112 366/4087/112 201/4083/112
f 206/4088/112 205/4089/112 360/4090/112
f 199/4091/112 367/4092/112 200/4086/112
f 357/4093/112 208/4094/112 207/4095/112
f 190/4096/112 189/4097/112 45/4098/112
f 189/4097/112 188/4099/112 45/4098/112
f 350/4100/112 213/4101/112 212/4102/112
f 188/4099/112 187/4103/112 45/4098/112
f 187/4103/112 186/4104/112 45/4098/112
f 186/4104/112 185/4105/112 45/4098/112
f 185/4105/112 184/4106/112 45/4098/112
f 348/4107/112 215/4108/112 214/4109/112
f 184/4106/112 183/4110/112 45/4098/112
f 183/4110/112 182/4111/112 46/4112/112
f 222/4113/112 221/4114/112 342/4115/112
f 181/4116/112 47/4117/112 182/4111/112
f 223/4118/112 222/4113/112 341/4119/112
f 179/4120/112 49/4121/112 180/4122/112
f 225/4123/112 224/4124/112 340/1/112
f 177/4125/112 51/4126/112 178/4127/112
f 227/6/112 226/5/112 338/4/112
f 229/4128/112 228/10/112 336/9/112
f 335/4129/112 230/4130/112 229/4128/112
f 175/4131/112 53/4132/112 176/4133/112
f 334/13/112 231/4134/112 230/4130/112
f 333/4135/112 233/4136/112 232/4137/112
f 169/4138/112 168/4139/112 59/4140/112
f 332/17/112 234/19/112 233/4136/112
f 167/4141/112 166/4142/112 62/4143/112
f 166/4142/112 165/4144/112 62/4143/112
f 330/21/112 236/23/112 235/4145/112
f 164/4146/112 63/4147/112 165/4144/112
f 328/4148/112 238/4149/112 237/27/112
f 161/4150/112 65/4151/112 162/4152/112
f 247/44/112 246/4153/112 320/4154/112
f 319/47/112 248/4155/112 247/44/112
f 319/47/112 249/46/112 248/4155/112
f 156/4156/112 69/4157/112 157/4158/112
f 155/4159/112 69/4157/112 156/4156/112
f 318/49/112 250/54/112 249/46/112
f 316/50/112 252/52/112 251/4160/112
f 148/4161/112 147/4162/112 75/4163/112
f 315/56/112 255/4164/112 254/4165/112
f 315/56/112 256/4166/112 255/4164/112
f 145/4167/112 144/4168/112 77/4169/112
f 315/56/112 257/4170/112 256/4166/112
f 315/56/112 258/4171/112 257/4170/112
f 144/4168/112 143/4172/112 78/4173/112
f 143/4172/112 142/4174/112 78/4173/112
f 315/56/112 261/57/112 260/4175/112
f 141/4176/112 79/4177/112 142/4174/112
f 289/55/112 262/4178/112 261/57/112
f 138/4179/112 81/4180/112 139/4181/112
f 326/30/112 240/33/112 239/31/112
f 315/56/112 259/4182/112 258/4171/112
f 262/4178/112 289/55/112 263/84/112
f 283/90/112 279/93/112 271/4183/112
f 287/85/112 283/90/112 271/4183/112
f 295/77/112 291/82/112 303/70/112
f 259/4182/112 315/56/112 260/4175/112
f 244/4184/112 322/37/112 245/39/112
f 326/30/112 241/32/112 240/33/112
f 344/4185/112 220/4186/112 219/4187/112
f 347/4188/112 217/4189/112 216/4190/112
f 352/4191/112 211/4192/112 210/4193/112
f 358/4194/112 207/4095/112 206/4088/112
f 354/4195/112 210/4193/112 209/4196/112
f 348/4107/112 216/4190/112 215/4108/112
f 346/4197/112 218/4198/112 217/4189/112
f 324/4199/112 243/4200/112 242/4201/112
f 253/4202/112 315/56/112 254/4165/112
f 315/56/112 289/55/112 261/57/112
f 313/60/112 311/62/112 303/70/112
f 309/63/112 307/65/112 303/70/112
f 311/62/112 309/63/112 303/70/112
f 297/75/112 295/77/112 303/70/112
f 299/74/112 297/75/112 303/70/112
f 273/4203/112 271/4183/112 279/93/112
f 275/98/112 273/4203/112 279/93/112
f 269/4204/112 267/106/112 287/85/112
f 271/4183/112 269/4204/112 287/85/112
f 265/108/112 264/107/112 287/85/112
f 267/106/112 265/108/112 287/85/112
f 267/106/112 266/105/112 265/108/112
f 269/4204/112 268/103/112 267/106/112
f 271/4183/112 270/4205/112 269/4204/112
f 273/4203/112 272/100/112 271/4183/112
f 275/98/112 274/97/291 273/4203/112
f 277/96/112 276/94/112 275/98/112
f 278/95/112 277/96/112 275/98/112
f 279/93/112 278/95/112 275/98/112
f 281/4206/112 280/91/292 279/93/112
f 282/89/112 281/4206/112 279/93/112
f 283/90/112 282/89/112 279/93/112
f 285/4207/592 284/86/112 283/90/112
f 286/87/112 285/4207/592 283/90/112
f 287/85/112 286/87/112 283/90/112
f 263/84/112 288/83/112 264/107/112
f 288/83/112 287/85/112 264/107/112
f 289/55/112 288/83/112 263/84/112
f 303/70/112 290/81/112 313/60/112
f 291/82/112 290/81/112 303/70/112
f 293/80/292 292/78/593 291/82/112
f 294/79/112 293/80/292 291/82/112
f 295/77/112 294/79/112 291/82/112
f 297/75/112 296/76/112 295/77/112
f 299/74/112 298/73/112 297/75/112
f 301/72/592 300/71/112 299/74/112
f 302/69/811 301/72/592 299/74/112
f 303/70/112 302/69/811 299/74/112
f 305/68/112 304/66/350 303/70/112
f 306/67/112 305/68/112 303/70/112
f 307/65/112 306/67/112 303/70/112
f 309/63/112 308/64/1760 307/65/112
f 311/62/112 310/61/112 309/63/112
f 313/60/112 312/59/112 311/62/112
f 289/55/112 314/58/112 290/81/112
f 314/58/112 313/60/112 290/81/112
f 315/56/112 314/58/112 289/55/112
f 252/52/112 315/56/112 253/4202/112
f 316/50/112 315/56/112 252/52/112
f 317/53/112 316/50/112 251/4160/112
f 250/54/112 317/53/112 251/4160/112
f 318/49/112 317/53/112 250/54/112
f 319/47/112 318/49/112 249/46/112
f 321/45/112 246/4153/112 245/39/112
f 320/4154/112 319/47/112 247/44/112
f 321/45/112 320/4154/112 246/4153/112
f 323/40/112 244/4184/112 243/4200/112
f 322/37/112 321/45/112 245/39/112
f 323/40/112 322/37/112 244/4184/112
f 324/4199/112 323/40/112 243/4200/112
f 325/34/112 324/4199/112 242/4201/112
f 241/32/112 325/34/112 242/4201/112
f 326/30/112 325/34/112 241/32/112
f 327/29/112 326/30/112 239/31/112
f 238/4149/112 327/29/112 239/31/112
f 328/4148/112 327/29/112 238/4149/112
f 329/25/112 328/4148/112 237/27/112
f 236/23/112 329/25/112 237/27/112
f 330/21/112 329/25/112 236/23/112
f 331/24/112 330/21/112 235/4145/112
f 234/19/112 331/24/112 235/4145/112
f 332/17/112 331/24/112 234/19/112
f 333/4135/112 332/17/112 233/4136/112
f 231/4134/112 333/4135/112 232/4137/112
f 334/13/112 333/4135/112 231/4134/112
f 335/4129/112 334/13/112 230/4130/112
f 337/4208/112 228/10/112 227/6/112
f 336/9/112 335/4129/112 229/4128/112
f 337/4208/112 336/9/112 228/10/112
f 339/7/112 226/5/112 225/4123/112
f 338/4/112 337/4208/112 227/6/112
f 339/7/112 338/4/112 226/5/112
f 341/4119/112 224/4124/112 223/4118/112
f 340/1/112 339/7/112 225/4123/112
f 341/4119/112 340/1/112 224/4124/112
f 343/4209/112 221/4114/112 220/4186/112
f 342/4115/112 341/4119/112 222/4113/112
f 343/4209/112 342/4115/112 221/4114/112
f 345/4210/112 219/4187/112 218/4198/112
f 344/4185/112 343/4209/112 220/4186/112
f 345/4210/112 344/4185/112 219/4187/112
f 346/4197/112 345/4210/112 218/4198/112
f 347/4188/112 346/4197/112 217/4189/112
f 348/4107/112 347/4188/112 216/4190/112
f 349/4211/112 348/4107/112 214/4109/112
f 213/4101/112 349/4211/112 214/4109/112
f 350/4100/112 349/4211/112 213/4101/112
f 351/4212/112 350/4100/112 212/4102/112
f 211/4192/112 351/4212/112 212/4102/112
f 352/4191/112 351/4212/112 211/4192/112
f 353/4213/112 352/4191/112 210/4193/112
f 354/4195/112 353/4213/112 210/4193/112
f 355/4214/112 354/4195/112 209/4196/112
f 208/4094/112 355/4214/112 209/4196/112
f 356/4215/112 355/4214/112 208/4094/112
f 357/4093/112 356/4215/112 208/4094/112
f 358/4194/112 357/4093/112 207/4095/112
f 359/4216/112 358/4194/112 206/4088/112
f 361/4217/112 205/4089/112 204/4218/112
f 360/4090/112 359/4216/112 206/4088/112
f 361/4217/112 360/4090/112 205/4089/112
f 203/4219/112 362/4220/112 204/4218/112
f 362/4220/112 361/4217/112 204/4218/112
f 363/4221/112 362/4220/112 203/4219/112
f 198/4222/112 368/4223/112 199/4091/112
f 364/4224/112 363/4221/112 203/4219/112
f 365/4084/112 364/4224/112 202/4085/112
f 197/4225/112 369/4226/112 198/4222/112
f 366/4087/112 365/4084/112 201/4083/112
f 367/4092/112 366/4087/112 200/4086/112
f 196/4227/112 370/4228/112 197/4225/112
f 368/4223/112 367/4092/112 199/4091/112
f 133/4229/112 85/4230/112 134/4231/112
f 132/4232/112 85/4230/112 133/4229/112
f 369/4226/112 368/4223/112 198/4222/112
f 195/4233/112 371/4234/112 196/4227/112
f 371/4234/112 195/4233/112 194/4235/112
f 370/4228/112 369/4226/112 197/4225/112
f 372/4236/112 194/4235/112 193/4237/112
f 371/4234/112 370/4228/112 196/4227/112
f 372/4236/112 371/4234/112 194/4235/112
f 373/4238/112 192/4239/112 191/4240/112
f 192/4239/112 373/4238/112 193/4237/112
f 373/4238/112 372/4236/112 193/4237/112
f 45/4098/112 191/4240/112 190/4096/112
f 45/4098/112 373/4238/112 191/4240/112
f 125/4241/112 124/4242/112 91/4243/112
f 124/4242/112 123/4244/112 92/4245/112
f 45/4098/112 374/4246/112 373/4238/112
f 130/4247/112 87/4248/112 131/4249/112
f 153/4250/112 71/4251/112 154/4252/112
f 38/4253/338 382/4254/112 376/4255/112
f 386/4256/112 382/4254/112 38/4253/338
f 67/4257/112 159/4258/112 158/4259/112
f 83/4260/112 136/4261/112 135/4262/112
f 91/4243/112 126/4263/112 125/4241/112
f 106/4264/112 102/4265/112 93/4266/112
f 110/4267/112 106/4264/112 93/4266/112
f 114/4268/112 110/4267/112 93/4266/112
f 122/4269/112 117/4270/112 123/4244/112
f 117/4270/112 122/4269/112 121/4271/112
f 116/4272/112 114/4268/112 93/4266/112
f 114/4268/112 112/4273/291 110/4267/112
f 100/4274/112 98/4275/112 94/4276/112
f 102/4265/112 100/4274/112 94/4276/112
f 128/4277/112 88/4278/112 129/4279/112
f 88/4278/112 130/4247/112 129/4279/112
f 134/4231/112 84/4280/112 135/4262/112
f 140/1045/112 80/4281/112 141/4176/112
f 137/4282/112 82/4283/112 138/4179/112
f 74/4284/112 149/4285/112 148/4161/112
f 76/4286/112 146/4287/112 145/4167/112
f 151/4288/112 72/4289/112 152/4290/112
f 73/4291/112 150/4292/112 149/4285/112
f 152/4290/112 71/4251/112 153/4250/112
f 157/4158/112 68/4293/112 158/4259/112
f 154/4252/112 70/4294/112 155/4159/112
f 159/4258/112 67/4257/112 160/4295/112
f 163/4296/112 64/4297/112 164/4146/112
f 160/4295/112 66/4298/112 161/4150/112
f 170/4299/112 58/4300/112 171/4301/112
f 61/4302/112 168/4139/112 167/4141/112
f 173/4303/112 55/4304/112 174/4305/112
f 44/4306/338 42/4307/338 376/4255/112
f 45/4098/112 375/4308/112 374/4246/112
f 32/4309/1761 386/4256/112 38/4253/338
f 34/4310/1762 32/4309/1761 38/4253/338
f 38/4253/338 376/4255/112 42/4307/338
f 376/4255/112 375/4308/112 44/4306/338
f 378/4311/297 376/4255/112 382/4254/112
f 378/4311/297 377/4312/1763 376/4255/112
f 380/4313/1764 379/4314/1765 378/4311/297
f 381/4315/112 380/4313/1764 378/4311/297
f 382/4254/112 381/4315/112 378/4311/297
f 383/4316/1766 382/4254/112 386/4256/112
f 384/4317/1767 383/4316/1766 386/4256/112
f 386/4256/112 385/4318/1768 384/4317/1767
f 32/4309/1761 387/4319/1769 386/4256/112
f 34/4310/1762 33/4320/112 32/4309/1761
f 35/4321/1770 34/4310/1762 38/4253/338
f 36/4322/1771 35/4321/1770 38/4253/338
f 38/4253/338 37/4323/1772 36/4322/1771
f 39/4324/112 38/4253/338 42/4307/338
f 40/4325/112 39/4324/112 42/4307/338
f 42/4307/338 41/4326/112 40/4325/112
f 44/4306/338 43/4327/1773 42/4307/338
f 45/4098/112 44/4306/338 375/4308/112
f 46/4112/112 45/4098/112 183/4110/112
f 48/4328/112 181/4116/112 180/4122/112
f 47/4117/112 46/4112/112 182/4111/112
f 48/4328/112 47/4117/112 181/4116/112
f 50/4329/112 179/4120/112 178/4127/112
f 49/4121/112 48/4328/112 180/4122/112
f 50/4329/112 49/4121/112 179/4120/112
f 52/4330/112 177/4125/112 176/4133/112
f 51/4126/112 50/4329/112 178/4127/112
f 52/4330/112 51/4126/112 177/4125/112
f 54/4331/112 175/4131/112 174/4305/112
f 53/4132/112 52/4330/112 176/4133/112
f 54/4331/112 53/4132/112 175/4131/112
f 56/4332/112 173/4303/112 172/4333/112
f 55/4304/112 54/4331/112 174/4305/112
f 56/4332/112 55/4304/112 173/4303/112
f 171/4301/112 57/4334/112 172/4333/112
f 57/4334/112 56/4332/112 172/4333/112
f 58/4300/112 57/4334/112 171/4301/112
f 169/4138/112 58/4300/112 170/4299/112
f 59/4140/112 58/4300/112 169/4138/112
f 60/4335/112 59/4140/112 168/4139/112
f 61/4302/112 60/4335/112 168/4139/112
f 62/4143/112 61/4302/112 167/4141/112
f 64/4297/112 163/4296/112 162/4152/112
f 63/4147/112 62/4143/112 165/4144/112
f 64/4297/112 63/4147/112 164/4146/112
f 65/4151/112 64/4297/112 162/4152/112
f 66/4298/112 65/4151/112 161/4150/112
f 67/4257/112 66/4298/112 160/4295/112
f 68/4293/112 67/4257/112 158/4259/112
f 69/4157/112 68/4293/112 157/4158/112
f 70/4294/112 69/4157/112 155/4159/112
f 71/4251/112 70/4294/112 154/4252/112
f 72/4289/112 71/4251/112 152/4290/112
f 150/4292/112 73/4291/112 151/4288/112
f 73/4291/112 72/4289/112 151/4288/112
f 149/4285/112 74/4284/112 73/4291/112
f 75/4163/112 74/4284/112 148/4161/112
f 76/4286/112 75/4163/112 147/4162/112
f 146/4287/112 76/4286/112 147/4162/112
f 77/4169/112 76/4286/112 145/4167/112
f 78/4173/112 77/4169/112 144/4168/112
f 80/4281/112 140/1045/112 139/4181/112
f 79/4177/112 78/4173/112 142/4174/112
f 80/4281/112 79/4177/112 141/4176/112
f 82/4283/112 137/4282/112 136/4261/112
f 81/4180/112 80/4281/112 139/4181/112
f 82/4283/112 81/4180/112 138/4179/112
f 83/4260/112 82/4283/112 136/4261/112
f 84/4280/112 83/4260/112 135/4262/112
f 86/4336/112 132/4232/112 131/4249/112
f 85/4230/112 84/4280/112 134/4231/112
f 86/4336/112 85/4230/112 132/4232/112
f 87/4248/112 86/4336/112 131/4249/112
f 88/4278/112 87/4248/112 130/4247/112
f 127/4337/112 89/4338/112 128/4277/112
f 89/4338/112 88/4278/112 128/4277/112
f 90/4339/112 89/4338/112 127/4337/112
f 126/4263/112 90/4339/112 127/4337/112
f 91/4243/112 90/4339/112 126/4263/112
f 92/4245/112 91/4243/112 124/4242/112
f 117/4270/112 92/4245/112 123/4244/112
f 93/4266/112 92/4245/112 117/4270/112
f 94/4276/112 93/4266/112 102/4265/112
f 96/4340/112 95/4341/112 94/4276/112
f 97/4342/592 96/4340/112 94/4276/112
f 98/4275/112 97/4342/592 94/4276/112
f 100/4274/112 99/4343/112 98/4275/112
f 102/4265/112 101/4344/428 100/4274/112
f 104/4345/291 103/4346/297 102/4265/112
f 105/4347/112 104/4345/291 102/4265/112
f 106/4264/112 105/4347/112 102/4265/112
f 107/4348/112 106/4264/112 110/4267/112
f 108/4349/112 107/4348/112 110/4267/112
f 110/4267/112 109/4350/112 108/4349/112
f 112/4273/291 111/4351/112 110/4267/112
f 114/4268/112 113/4352/1314 112/4273/291
f 116/4272/112 115/4353/811 114/4268/112
f 120/4354/112 117/4270/112 121/4271/112
f 117/4270/112 116/4272/112 93/4266/112
f 118/4355/112 117/4270/112 120/4354/112
f 120/4354/112 119/4356/112 118/4355/112
f 32/237/1759 1843/238/1759 2198/3379/1375
f 30/836/1774 31/837/1775 1842/838/1775
f 30/836/1774 1841/839/1776 1840/840/1777
f 29/841/1777 1840/840/1777 1839/842/1778
f 28/843/1778 1839/842/1778 1838/844/1779
f 27/845/1779 1838/844/1779 1837/846/1780
f 26/847/1780 1837/846/1780 1836/848/1781
f 25/849/1781 1836/848/1781 1835/850/1782
f 24/852/1782 1835/850/1782 1834/853/1783
f 22/855/1784 23/851/1783 1834/853/1783
f 22/855/1784 1833/854/1784 1832/856/1785
f 21/857/1786 1832/856/1785 1831/858/1787
f 20/859/1787 1831/858/1787 1830/860/110
f 19/861/259 1830/860/259 1829/862/259
f 18/864/56 1829/862/56 1828/865/1788
f 17/863/1788 1828/865/1788 1827/866/1789
f 16/867/1789 1827/866/1789 1826/868/1790
f 15/869/1791 1826/868/1790 1825/870/206
f 14/872/1792 1825/870/206 1824/873/1793
f 13/871/1794 1824/873/1793 1823/874/1795
f 12/875/1796 1823/874/1795 1822/876/1797
f 11/877/1797 1822/876/1797 1821/878/201
f 10/879/200 1821/878/201 1820/880/1798
f 9/882/1798 1820/880/1798 1819/883/1799
f 8/881/1412 1819/883/1799 1818/884/1800
f 7/885/1801 1818/884/1800 1817/886/1802
f 5/887/1803 6/888/1802 1817/886/1802
f 24/4357/338 22/111/1804 28/4358/592
f 30/4359/427 28/4358/592 20/4360/112
f 8/4361/288 6/4362/1805 16/127/112
f 10/4363/292 8/4361/288 16/127/112
f 12/4364/297 10/4363/292 16/127/112
f 18/125/112 17/114/112 4/4365/112
f 19/126/112 18/125/112 4/4365/112
f 20/4360/112 19/126/112 4/4365/112
f 22/111/1804 21/4366/342 20/4360/112
f 24/4357/338 23/4367/1806 22/111/1804
f 25/4368/112 24/4357/338 28/4358/592
f 26/4369/112 25/4368/112 28/4358/592
f 28/4358/592 27/4370/345 26/4369/112
f 30/4359/427 29/4371/112 28/4358/592
f 31/4372/713 30/4359/427 20/4360/112
f 4/4365/112 31/4372/713 20/4360/112
f 16/127/112 5/136/285 17/114/112
f 5/136/285 4/4365/112 17/114/112
f 6/4362/1805 5/136/285 16/127/112
f 8/4361/288 7/4373/1807 6/4362/1805
f 10/4363/292 9/4374/112 8/4361/288
f 12/4364/297 11/4375/350 10/4363/292
f 13/4376/1808 12/4364/297 16/127/112
f 1/237/1809 1842/838/1775 31/837/1775
f 31/4372/713 2/4377/112 1/4378/1810
f 4/4379/351 1816/924/191 1815/4380/351
f 2/4377/112 31/4372/713 3/4381/1811
f 31/4372/713 4/4365/112 3/4381/1811
f 22/111/1804 20/4360/112 28/4358/592
f 5/887/1803 1817/886/1802 1816/924/191
f 7/885/1801 1817/886/1802 6/888/1802
f 8/881/1412 1818/884/1800 7/885/1801
f 9/882/1798 1819/883/1799 8/881/1412
f 10/879/200 1820/880/1798 9/882/1798
f 11/877/1797 1821/878/201 10/879/200
f 12/875/1796 1822/876/1797 11/877/1797
f 13/871/1794 1823/874/1795 12/875/1796
f 14/872/1792 1824/873/1793 13/871/1794
f 15/869/1791 1825/870/206 14/872/1792
f 16/867/1789 1826/868/1790 15/869/1791
f 17/863/1788 1827/866/1789 16/867/1789
f 18/864/56 1828/865/1788 17/863/1788
f 19/861/259 1829/862/259 18/864/259
f 20/859/1787 1830/860/110 19/861/110
f 21/857/1786 1831/858/1787 20/859/1787
f 22/855/1784 1832/856/1785 21/857/1786
f 22/855/1784 1834/853/1783 1833/854/1784
f 24/852/1782 1834/853/1783 23/851/1783
f 25/849/1781 1835/850/1782 24/852/1782
f 26/847/1780 1836/848/1781 25/849/1781
f 27/845/1779 1837/846/1780 26/847/1780
f 28/843/1778 1838/844/1779 27/845/1779
f 29/841/1777 1839/842/1778 28/843/1778
f 30/836/1774 1840/840/1777 29/841/1777
f 30/836/1774 1842/838/1775 1841/839/1776
f 32/237/1759 2198/3379/1375 387/3378/1374
f 203/4219/112 202/4085/112 364/4224/112
f 33/4082/1758 1843/236/1759 32/918/1759
f 34/4080/1756 1844/4081/1757 33/4082/1758
f 35/4078/1755 1845/4079/1756 34/4080/1756
f 36/4076/1753 1846/4077/1754 35/4078/1755
f 37/4074/1751 1847/4075/1752 36/4076/1753
f 38/4072/1749 1848/4073/1750 37/4074/1751
f 39/4070/1747 1849/4071/1748 38/4072/1749
f 40/4068/1745 1850/4069/1746 39/4070/1747
f 41/4066/1744 1851/4067/1745 40/4068/1745
f 42/4064/1743 1852/4065/1744 41/4066/1744
f 43/4062/1742 1853/4063/1743 42/4064/1743
f 44/4060/1740 1854/4061/1741 43/4062/1742
f 45/4058/1738 1855/4059/1739 44/4060/1740
f 46/4056/1737 1856/4057/1738 45/4058/1738
f 47/4054/1736 1857/4055/1737 46/4056/1737
f 48/4052/1735 1858/4053/1736 47/4054/1736
f 49/4050/1734 1859/4051/1735 48/4052/1735
f 50/4048/1733 1860/4049/1734 49/4050/1734
f 51/4046/1732 1861/4047/1733 50/4048/1733
f 52/4044/1731 1862/4045/1732 51/4046/1732
f 53/4042/1730 1863/4043/1731 52/4044/1731
f 54/4040/1729 1864/4041/1730 53/4042/1730
f 55/4038/1728 1865/4039/1729 54/4040/1729
f 56/4036/1727 1866/4037/1728 55/4038/1728
f 57/4034/1726 1867/4035/1727 56/4036/1727
f 58/4032/1725 1868/4033/1726 57/4034/1726
f 59/4030/1724 1869/4031/1725 58/4032/1725
f 60/4028/1723 1870/4029/1724 59/4030/1724
f 61/4024/1722 1871/4027/1723 60/4028/1723
f 61/4024/1722 1873/4023/1721 1872/4026/1722
f 63/4022/1720 1873/4023/1721 62/4025/1721
f 64/4020/1545 1874/4021/1720 63/4022/1720
f 65/4018/1719 1875/4019/1545 64/4020/1545
f 66/4016/1718 1876/4017/1719 65/4018/1719
f 67/4014/1717 1877/4015/1718 66/4016/1718
f 68/4012/1716 1878/4013/1717 67/4014/1717
f 69/4010/1715 1879/4011/1716 68/4012/1716
f 70/4008/1714 1880/4009/1715 69/4010/1715
f 71/4006/1713 1881/4007/1714 70/4008/1714
f 72/4002/1712 1882/4005/1713 71/4006/1713
f 72/4002/1712 1884/4001/1711 1883/4004/1712
f 74/3998/1710 1884/4001/1711 73/4003/1711
f 74/3998/1710 1886/3997/1709 1885/4000/1710
f 76/3996/1708 1886/3997/1709 75/3999/1709
f 77/3994/1707 1887/3995/1708 76/3996/1708
f 78/3992/1706 1888/3993/1707 77/3994/1707
f 79/3990/1705 1889/3991/1706 78/3992/1706
f 80/3988/1704 1890/3989/1705 79/3990/1705
f 81/3986/1703 1891/3987/1704 80/3988/1704
f 82/3984/1702 1892/3985/1703 81/3986/1703
f 83/3982/1701 1893/3983/1702 82/3984/1702
f 84/3980/1700 1894/3981/1701 83/3982/1701
f 85/3976/1698 1895/3979/1700 84/3980/1700
f 85/3976/1698 1897/3975/1697 1896/3978/1698
f 87/3974/1696 1897/3975/1697 86/3977/1699
f 88/3972/1695 1898/3973/1696 87/3974/1696
f 89/3970/1694 1899/3971/1695 88/3972/1695
f 90/3968/1693 1900/3969/1694 89/3970/1694
f 91/3964/1692 1901/3967/1693 90/3968/1693
f 91/3964/1692 1903/3963/1691 1902/3966/1692
f 93/3962/1690 1903/3963/1691 92/3965/1691
f 94/3960/1689 1904/3961/1690 93/3962/1690
f 95/3958/1688 1905/3959/1689 94/3960/1689
f 96/3956/1687 1906/3957/1688 95/3958/1688
f 97/3954/1686 1907/3955/1687 96/3956/1687
f 98/3952/1684 1908/3953/1685 97/3954/1686
f 99/3950/1683 1909/3951/1684 98/3952/1684
f 100/3948/1682 1910/3949/1683 99/3950/1683
f 101/3946/1681 1911/3947/1682 100/3948/1682
f 102/3944/1680 1912/3945/1681 101/3946/1681
f 103/3942/1678 1913/3943/1679 102/3944/1680
f 104/3940/1677 1914/3941/1678 103/3942/1678
f 105/3938/1676 1915/3939/1677 104/3940/1677
f 106/3934/1675 1916/3937/1676 105/3938/1676
f 106/3934/1675 1918/3933/1674 1917/3936/1675
f 108/3932/1673 1918/3933/1674 107/3935/1674
f 109/3930/1672 1919/3931/1673 108/3932/1673
f 110/3928/1671 1920/3929/1672 109/3930/1672
f 111/3926/1670 1921/3927/1671 110/3928/1671
f 112/3924/1669 1922/3925/1670 111/3926/1670
f 113/3922/1668 1923/3923/1669 112/3924/1669
f 114/3920/1666 1924/3921/1667 113/3922/1668
f 115/3918/1664 1925/3919/1665 114/3920/1666
f 116/3916/1663 1926/3917/1664 115/3918/1664
f 117/3914/1662 1927/3915/1663 116/3916/1663
f 118/3912/1661 1928/3913/1662 117/3914/1662
f 119/3910/1660 1929/3911/1660 118/4382/1660
f 120/3908/1658 1930/3909/1659 119/3910/1812
f 121/3906/1657 1931/3907/1658 120/3908/1658
f 122/3904/1656 1932/3905/1657 121/3906/1657
f 123/3902/1655 1933/3903/1656 122/3904/1656
f 124/3900/1654 1934/3901/1655 123/3902/1655
f 125/3898/1653 1935/3899/1654 124/3900/1654
f 126/3896/966 1936/3897/1653 125/3898/1653
f 127/3894/1652 1937/3895/966 126/3896/966
f 128/3892/1651 1938/3893/1652 127/3894/1652
f 129/3890/1650 1939/3891/1651 128/3892/1651
f 130/3888/1649 1940/3889/1650 129/3890/1650
f 131/3886/1648 1941/3887/1649 130/3888/1649
f 132/3884/1647 1942/3885/1648 131/3886/1648
f 133/3882/1646 1943/3883/1647 132/3884/1647
f 134/3878/1645 1944/3881/1646 133/3882/1646
f 134/3878/1645 1946/3877/1644 1945/3880/1645
f 136/3876/1643 1946/3877/1644 135/3879/1644
f 137/3874/1642 1947/3875/1643 136/3876/1643
f 138/3872/1641 1948/3873/1642 137/3874/1642
f 139/3870/1640 1949/3871/1641 138/3872/1641
f 140/3868/1639 1950/3869/1640 139/3870/1640
f 141/3866/1638 1951/3867/1639 140/3868/1639
f 142/3864/1637 1952/3865/1638 141/3866/1638
f 143/3862/1636 1953/3863/1637 142/3864/1637
f 144/3858/1635 1954/3861/1636 143/3862/1636
f 144/3858/1635 1956/3857/1634 1955/3860/1635
f 146/3856/1633 1956/3857/1634 145/3859/1634
f 147/3854/1632 1957/3855/1633 146/3856/1633
f 148/3852/1631 1958/3853/1632 147/3854/1632
f 149/3850/1630 1959/3851/1631 148/3852/1631
f 150/3848/1629 1960/3849/1630 149/3850/1630
f 151/3846/1628 1961/3847/1629 150/3848/1629
f 152/3842/1627 1962/3845/1628 151/3846/1628
f 152/3842/1627 1964/3841/1626 1963/3844/1627
f 154/3840/1625 1964/3841/1626 153/3843/1626
f 155/3838/1624 1965/3839/1625 154/3840/1625
f 156/3836/1623 1966/3837/1624 155/3838/1624
f 157/3834/1622 1967/3835/1623 156/3836/1623
f 158/285/1621 1968/3833/1622 157/3834/1622
f 159/3832/1620 1969/284/1621 158/285/1621
f 160/3830/1619 1970/3831/1620 159/3832/1620
f 161/3828/1618 1971/3829/1619 160/3830/1619
f 162/3826/1617 1972/3827/1618 161/3828/1618
f 163/3824/1616 1973/3825/1617 162/3826/1617
f 164/3822/1615 1974/3823/1616 163/3824/1616
f 165/3820/1614 1975/3821/1615 164/3822/1615
f 166/3818/1613 1976/3819/1614 165/3820/1614
f 167/3816/1612 1977/3817/1613 166/3818/1613
f 168/3814/1611 1978/3815/1612 167/3816/1612
f 169/3812/1610 1979/3813/1611 168/3814/1611
f 170/3810/1609 1980/3811/1610 169/3812/1610
f 171/3806/1608 1981/3809/1609 170/3810/1609
f 171/3806/1608 1983/3805/1607 1982/3808/1608
f 173/3804/1606 1983/3805/1607 172/3807/1607
f 174/3802/1605 1984/3803/1606 173/3804/1606
f 175/3800/1604 1985/3801/1605 174/3802/1605
f 176/3798/1603 1986/3799/1604 175/3800/1604
f 177/3796/1602 1987/3797/1603 176/3798/1603
f 178/3794/1601 1988/3795/1602 177/3796/1602
f 179/3792/1600 1989/3793/1601 178/3794/1601
f 180/3790/1598 1990/3791/1599 179/3792/1600
f 181/3788/1597 1991/3789/1598 180/3790/1598
f 182/3786/1596 1992/3787/1597 181/3788/1597
f 183/3784/1595 1993/3785/1596 182/3786/1596
f 184/3782/1594 1994/3783/1595 183/3784/1595
f 185/3780/1593 1995/3781/1594 184/3782/1594
f 186/3778/1592 1996/3779/1593 185/3780/1593
f 187/3776/1591 1997/3777/1592 186/3778/1592
f 188/3774/1590 1998/3775/1591 187/3776/1591
f 189/3772/1589 1999/3773/1590 188/3774/1590
f 190/3770/1588 2000/3771/1589 189/3772/1589
f 191/3768/1587 2001/3769/1588 190/3770/1588
f 192/3766/1586 2002/3767/1587 191/3768/1587
f 193/3764/1585 2003/3765/1586 192/3766/1586
f 194/3762/1584 2004/3763/1585 193/3764/1585
f 195/3760/1583 2005/3761/1584 194/3762/1584
f 196/3758/1582 2006/3759/1583 195/3760/1583
f 197/3756/1581 2007/3757/1582 196/3758/1582
f 198/3754/1580 2008/3755/1581 197/3756/1581
f 199/3752/1579 2009/3753/1580 198/3754/1580
f 200/3750/1578 2010/3751/1579 199/3752/1579
f 201/3748/1577 2011/3749/1578 200/3750/1578
f 202/3746/1576 2012/3747/1577 201/3748/1577
f 203/3744/1575 2013/3745/1576 202/3746/1576
f 204/3742/1574 2014/3743/1575 203/3744/1575
f 205/3740/1573 2015/3741/1574 204/3742/1574
f 206/3738/1572 2016/3739/1573 205/3740/1573
f 207/3734/1571 2017/3737/1572 206/3738/1572
f 207/3734/1571 2019/3733/1570 2018/3736/1571
f 209/3732/1569 2019/3733/1570 208/3735/1570
f 210/3730/1568 2020/3731/1569 209/3732/1569
f 211/3728/1566 2021/3729/1567 210/3730/1568
f 212/3726/1565 2022/3727/1566 211/3728/1566
f 213/3724/1564 2023/3725/1565 212/3726/1565
f 214/3722/1563 2024/3723/1564 213/3724/1564
f 215/3720/1562 2025/3721/1563 214/3722/1563
f 216/3718/1561 2026/3719/1562 215/3720/1562
f 217/3714/1560 2027/3717/1561 216/3718/1561
f 217/3714/1560 2029/3713/1559 2028/3716/1560
f 219/3712/1558 2029/3713/1559 218/3715/1559
f 220/3710/1557 2030/3711/1558 219/3712/1558
f 221/3708/1556 2031/3709/1557 220/3710/1557
f 222/3706/1555 2032/3707/1556 221/3708/1556
f 223/3704/1554 2033/3705/1555 222/3706/1555
f 224/3702/1553 2034/3703/1554 223/3704/1554
f 225/3700/1552 2035/3701/1553 224/3702/1553
f 226/3698/1551 2036/3699/1552 225/3700/1552
f 227/3696/1550 2037/3697/1551 226/3698/1551
f 228/3694/1549 2038/3695/1550 227/3696/1550
f 229/3692/1548 2039/3693/1549 228/3694/1549
f 230/3690/1547 2040/3691/1548 229/3692/1548
f 231/3688/1546 2041/3689/1547 230/3690/1547
f 232/3686/1545 2042/3687/1546 231/3688/1546
f 233/3682/1544 2043/3685/1545 232/3686/1545
f 233/3682/1544 2045/3681/1543 2044/3684/1544
f 235/3680/1542 2045/3681/1543 234/3683/1543
f 236/3678/1541 2046/3679/1542 235/3680/1542
f 237/3676/1540 2047/3677/1541 236/3678/1541
f 238/3674/1539 2048/3675/1540 237/3676/1540
f 239/3672/1538 2049/3673/1539 238/3674/1539
f 240/3670/1537 2050/3671/1538 239/3672/1538
f 241/3668/1536 2051/3669/1537 240/3670/1537
f 242/3664/1535 2052/3667/1536 241/3668/1536
f 242/3664/1535 2054/3663/1534 2053/3666/1535
f 244/3662/1121 2054/3663/1534 243/3665/1534
f 245/3658/1533 2055/3661/1121 244/3662/1121
f 245/3658/1533 2057/3657/1532 2056/3660/1533
f 247/3656/1531 2057/3657/1532 246/3659/1532
f 248/3654/1530 2058/3655/1531 247/3656/1531
f 249/3650/1529 2059/3653/1530 248/3654/1530
f 249/3650/1529 2061/3649/1528 2060/3652/1529
f 251/3646/1527 2061/3649/1528 250/3651/1528
f 251/3646/1527 2063/3647/1526 2062/3648/1527
f 252/3644/1526 2064/3643/1525 2063/3647/1526
f 254/3642/1524 2064/3643/1525 253/3645/1525
f 255/3640/1523 2065/3641/1524 254/3642/1524
f 256/3638/1522 2066/3639/1523 255/3640/1523
f 257/3634/1521 2067/3637/1522 256/3638/1522
f 257/3634/1521 2069/3633/1520 2068/3636/1521
f 259/3630/53 2069/3633/1520 258/3635/1520
f 259/3630/53 2071/3629/1519 2070/3632/53
f 261/3628/1518 2071/3629/1519 260/3631/1519
f 262/3626/1517 2072/3627/1518 261/3628/1518
f 263/3624/1516 2073/3625/1517 262/3626/1517
f 264/3622/1515 2074/3623/1516 263/3624/1516
f 265/3618/1514 2075/3621/1515 264/3622/1515
f 265/3618/1514 2077/3617/1513 2076/3620/1514
f 267/3616/1512 2077/3617/1513 266/3619/1513
f 268/3614/1511 2078/3615/1512 267/3616/1512
f 269/3612/1510 2079/3613/1511 268/3614/1511
f 270/3610/1509 2080/3611/1510 269/3612/1510
f 271/3608/1508 2081/3609/1509 270/3610/1509
f 272/3606/1507 2082/3607/1508 271/3608/1508
f 273/3604/320 2083/3605/1507 272/3606/1507
f 274/3602/1506 2084/3603/320 273/3604/320
f 275/3598/1505 2085/3601/1506 274/3602/1506
f 275/3598/1505 2087/3597/1504 2086/3600/1505
f 277/3596/1503 2087/3597/1504 276/3599/1504
f 278/3594/1502 2088/3595/1503 277/3596/1503
f 279/3592/1501 2089/3593/1502 278/3594/1502
f 280/3590/1500 2090/3591/1501 279/3592/1501
f 281/3588/1499 2091/3589/1500 280/3590/1500
f 282/3586/1498 2092/3587/1499 281/3588/1499
f 283/3584/1497 2093/3585/1498 282/3586/1498
f 284/1552/1496 2094/3583/1497 283/3584/1497
f 285/3582/1495 2095/426/1496 284/1552/1496
f 286/3580/1494 2096/3581/1495 285/3582/1495
f 287/3578/1493 2097/3579/1494 286/3580/1494
f 288/3576/1492 2098/3577/1493 287/3578/1493
f 289/3574/1491 2099/3575/1492 288/3576/1492
f 290/3572/1490 2100/3573/1491 289/3574/1491
f 291/3570/1489 2101/3571/1490 290/3572/1490
f 292/3568/1488 2102/3569/1489 291/3570/1489
f 293/3564/1485 2103/3567/1487 292/3568/1488
f 293/3564/1485 2105/3563/1484 2104/3566/1485
f 295/3562/1483 2105/3563/1484 294/3565/1486
f 296/3558/1480 2106/3561/1483 295/3562/1483
f 296/3558/1480 2108/3557/1479 2107/3560/1482
f 298/3556/1478 2108/3557/1479 297/3559/1481
f 299/3554/1477 2109/3555/1478 298/3556/1478
f 300/3552/1475 2110/3553/1476 299/3554/1477
f 301/3550/1474 2111/3551/1475 300/3552/1475
f 302/3548/1472 2112/3549/1473 301/3550/1474
f 303/3546/1470 2113/3547/1471 302/3548/1472
f 304/3544/1468 2114/3545/1469 303/3546/1470
f 305/3540/1465 2115/3543/1467 304/3544/1468
f 305/3540/1465 2117/3539/1255 2116/3542/1466
f 307/3538/1464 2117/3539/1255 306/3541/1255
f 308/3536/1462 2118/3537/1463 307/3538/1464
f 309/3534/1461 2119/3535/1462 308/3536/1462
f 310/3532/1459 2120/3533/1460 309/3534/1461
f 311/3530/1457 2121/3531/1458 310/3532/1459
f 312/3528/1455 2122/3529/1456 311/3530/1457
f 313/3526/1454 2123/3527/1455 312/3528/1455
f 314/3524/1453 2124/3525/1454 313/3526/1454
f 315/3522/1452 2125/3523/1453 314/3524/1453
f 316/3520/1451 2126/3521/1452 315/3522/1452
f 317/3518/1450 2127/3519/1451 316/3520/1451
f 318/3516/1449 2128/3517/1450 317/3518/1450
f 319/3514/1448 2129/3515/1449 318/3516/1449
f 320/3512/1447 2130/3513/1448 319/3514/1448
f 321/3510/1446 2131/3511/1447 320/3512/1447
f 322/3508/1445 2132/3509/1446 321/3510/1446
f 323/3506/1444 2133/3507/1445 322/3508/1445
f 324/3504/1443 2134/3505/1444 323/3506/1444
f 325/3502/1442 2135/3503/1443 324/3504/1443
f 326/3500/1441 2136/3501/1442 325/3502/1442
f 327/3498/1440 2137/3499/1441 326/3500/1441
f 328/3494/1439 2138/3497/1440 327/3498/1440
f 328/3494/1439 2140/3493/1438 2139/3496/1439
f 330/3492/1437 2140/3493/1438 329/3495/1438
f 331/3488/1436 2141/3491/1437 330/3492/1437
f 331/3488/1436 2143/3487/1435 2142/3490/1436
f 333/3486/1434 2143/3487/1435 332/3489/1435
f 334/3482/1433 2144/3485/1434 333/3486/1434
f 334/3482/1433 2146/3481/1432 2145/3484/1433
f 336/3480/1431 2146/3481/1432 335/3483/1432
f 337/3478/1430 2147/3479/1431 336/3480/1431
f 338/3476/1429 2148/3477/1430 337/3478/1430
f 339/3474/1428 2149/3475/1429 338/3476/1429
f 340/3472/1427 2150/3473/1428 339/3474/1428
f 341/3470/1426 2151/3471/1427 340/3472/1427
f 342/3468/1425 2152/3469/1426 341/3470/1426
f 343/3466/1424 2153/3467/1425 342/3468/1425
f 344/3462/1422 2154/3465/1423 343/3466/1424
f 344/3462/1422 2156/3461/1421 2155/3464/1422
f 346/3460/1420 2156/3461/1421 345/3463/1421
f 347/3458/1419 2157/3459/1420 346/3460/1420
f 348/3456/1418 2158/3457/1419 347/3458/1419
f 349/3454/1417 2159/3455/1418 348/3456/1418
f 350/3452/1416 2160/3453/1417 349/3454/1417
f 351/3450/1415 2161/3451/1416 350/3452/1416
f 352/3448/1414 2162/3449/1415 351/3450/1415
f 353/3446/1413 2163/3447/1414 352/3448/1414
f 354/3444/1412 2164/3445/1413 353/3446/1413
f 355/3442/1411 2165/3443/1412 354/3444/1412
f 356/3440/1410 2166/3441/1411 355/3442/1411
f 357/3438/1409 2167/3439/1410 356/3440/1410
f 358/3436/424 2168/3437/1409 357/3438/1409
f 359/3434/1408 2169/3435/424 358/3436/424
f 360/3432/1407 2170/3433/1408 359/3434/1408
f 361/3430/1406 2171/3431/1407 360/3432/1407
f 362/3428/1405 2172/3429/1406 361/3430/1406
f 363/3426/1404 2173/3427/1405 362/3428/1405
f 364/3424/1403 2174/3425/1404 363/3426/1404
f 365/3422/1402 2175/3423/1403 364/3424/1403
f 366/3420/1400 2176/3421/1401 365/3422/1402
f 367/3418/1399 2177/3419/1400 366/3420/1400
f 368/3416/1398 2178/3417/1399 367/3418/1399
f 369/3414/1397 2179/3415/1398 368/3416/1398
f 370/3412/1396 2180/3413/1397 369/3414/1397
f 371/3410/1395 2181/3411/1396 370/3412/1396
f 372/3408/1394 2182/3409/1395 371/3410/1395
f 373/3406/1393 2183/3407/1394 372/3408/1394
f 374/3404/1392 2184/3405/1393 373/3406/1393
f 375/3402/1391 2185/3403/1392 374/3404/1392
f 376/3400/1390 2186/3401/1391 375/3402/1391
f 377/3398/1389 2187/3399/1390 376/3400/1390
f 378/3396/1387 2188/3397/1388 377/3398/1389
f 379/3394/1386 2189/3395/1387 378/3396/1387
f 380/3392/1385 2190/3393/1386 379/3394/1386
f 381/3390/1384 2191/3391/1385 380/3392/1385
f 382/3388/1383 2192/3389/1384 381/3390/1384
f 383/3384/1380 2193/3387/1382 382/3388/1383
f 383/3384/1380 2195/3383/1379 2194/3386/1380
f 385/3382/1378 2195/3383/1379 384/3385/1381
f 386/3377/1373 2196/3381/1377 385/3382/1378
f 386/3377/1373 2198/3379/1375 2197/3380/1376
f 388/918/933 2200/319/1372 2199/236/933
f 477/3368/112 391/3359/112 478/3376/112
f 453/3323/112 418/3343/112 454/3282/112
f 388/237/933 2246/1923/110 435/927/110
f 390/318/1371 2200/319/1372 389/320/1372
f 391/229/1370 2201/317/1371 390/318/1371
f 391/229/1370 2203/311/1369 2202/228/1370
f 393/310/1368 2203/311/1369 392/312/1369
f 394/221/1367 2204/309/1368 393/310/1368
f 394/221/1367 2206/2169/1366 2205/220/1367
f 396/1037/1365 2206/2169/1366 395/2170/1366
f 396/1037/1365 2208/2150/1364 2207/1036/1365
f 398/3278/1363 2208/2150/1364 397/2151/1364
f 399/3279/351 2209/3280/1363 398/3278/1363
f 400/298/337 2210/2139/351 399/3279/351
f 401/295/1362 2211/297/337 400/298/337
f 402/291/1361 2212/293/1362 401/295/1362
f 403/210/668 2213/290/1361 402/291/1361
f 404/285/667 2214/209/668 403/210/668
f 404/285/667 2216/283/1360 2215/284/667
f 406/203/1359 2216/283/1360 405/281/1360
f 406/203/1359 2218/2084/1358 2217/201/1359
f 408/1016/1357 2218/2084/1358 407/2085/1358
f 409/194/1356 2219/1015/1357 408/1016/1357
f 410/3277/1355 2220/193/1356 409/194/1356
f 411/3275/56 2221/3276/1355 410/3277/1355
f 412/186/1354 2222/2065/56 411/3275/56
f 413/275/1353 2223/185/1354 412/186/1354
f 414/271/1352 2224/274/1353 413/275/1353
f 415/178/1351 2225/273/1352 414/271/1352
f 415/178/1351 2227/266/1350 2226/177/1351
f 417/265/1349 2227/266/1350 416/268/1350
f 418/170/1348 2228/264/1349 417/265/1349
f 419/2025/1347 2229/169/1348 418/170/1348
f 420/1552/1346 2230/2024/1347 419/2025/1347
f 421/3274/1345 2231/426/1346 420/1552/1346
f 422/2007/1344 2232/3273/1345 421/3274/1345
f 423/1995/259 2233/2006/1344 422/2007/1344
f 424/260/782 2234/1994/259 423/1995/259
f 425/255/1343 2235/258/782 424/260/782
f 425/255/1343 2237/250/1342 2236/254/1343
f 427/160/1341 2237/250/1342 426/251/1342
f 428/245/1340 2238/159/1341 427/160/1341
f 429/242/1339 2239/244/1340 428/245/1340
f 430/152/1338 2240/243/1339 429/242/1339
f 431/1944/1337 2241/151/1338 430/152/1338
f 431/1944/1337 2243/988/1336 2242/1942/1337
f 433/144/1335 2243/988/1336 432/929/1336
f 434/1933/1334 2244/143/1335 433/144/1335
f 434/1933/1334 2246/1923/110 2245/1932/1334
f 483/927/1318 2247/238/56 2294/1923/1318
f 436/918/56 2248/319/1333 2247/236/56
f 438/318/1332 2248/319/1333 437/320/1333
f 439/229/322 2249/317/1332 438/318/1332
f 440/312/325 2250/228/322 439/229/322
f 441/310/680 2251/311/325 440/312/325
f 442/221/1331 2252/309/680 441/310/680
f 443/2170/686 2253/220/1331 442/221/1331
f 444/1037/331 2254/2169/686 443/2170/686
f 445/2151/332 2255/1036/331 444/1037/331
f 446/3278/333 2256/2150/332 445/2151/332
f 446/3278/333 2258/2139/687 2257/3280/333
f 448/298/351 2258/2139/687 447/3279/687
f 449/295/245 2259/297/351 448/298/351
f 450/291/246 2260/293/245 449/295/245
f 451/210/248 2261/290/246 450/291/246
f 451/210/248 2263/284/249 2262/209/248
f 453/281/1160 2263/284/249 452/285/249
f 454/203/251 2264/283/1160 453/281/1160
f 455/2085/1330 2265/201/251 454/203/251
f 456/1016/1163 2266/2084/1330 455/2085/1330
f 457/194/1329 2267/1015/1163 456/1016/1163
f 458/3277/979 2268/193/1329 457/194/1329
f 459/3275/257 2269/3276/979 458/3277/979
f 460/186/110 2270/2065/257 459/3275/257
f 461/275/1328 2271/185/110 460/186/110
f 462/271/1327 2272/274/1328 461/275/1328
f 463/178/743 2273/273/1327 462/271/1327
f 464/268/1326 2274/177/743 463/178/743
f 465/265/791 2275/266/1326 464/268/1326
f 466/170/1325 2276/264/791 465/265/791
f 467/2025/1324 2277/169/1325 466/170/1325
f 468/1552/1323 2278/2024/1324 467/2025/1324
f 469/3274/786 2279/426/1323 468/1552/1323
f 470/2007/783 2280/3273/786 469/3274/786
f 471/1995/1322 2281/2006/783 470/2007/783
f 472/260/259 2282/1994/1322 471/1995/1322
f 473/255/1321 2283/258/259 472/260/259
f 473/255/1321 2285/250/1320 2284/254/1321
f 474/251/1320 2286/159/400 2285/250/1320
f 476/245/1053 2286/159/400 475/160/400
f 477/242/561 2287/244/1053 476/245/1053
f 478/152/1319 2288/243/561 477/242/561
f 479/1944/406 2289/151/1319 478/152/1319
f 479/1944/406 2291/988/408 2290/1942/406
f 481/144/412 2291/988/408 480/929/408
f 481/144/412 2293/1932/1317 2292/143/412
f 482/1933/1317 2294/1923/1318 2293/1932/1317
f 484/237/1308 2532/2567/1078 719/2566/1078
f 678/3223/112 615/3225/112 614/3217/112
f 485/3093/1307 2295/236/1308 484/918/1308
f 486/3089/1305 2296/3092/1307 485/3093/1307
f 486/3089/1305 2298/3088/1304 2297/3091/1305
f 488/3087/1303 2298/3088/1304 487/3090/1306
f 489/3085/1302 2299/3086/1303 488/3087/1303
f 490/3083/1301 2300/3084/1302 489/3085/1302
f 491/3081/1299 2301/3082/1300 490/3083/1301
f 492/3077/1298 2302/3080/1299 491/3081/1299
f 492/3077/1298 2304/3076/1297 2303/3079/1298
f 494/3075/1296 2304/3076/1297 493/3078/1297
f 495/3073/1295 2305/3074/1296 494/3075/1296
f 496/3071/1294 2306/3072/1295 495/3073/1295
f 497/3069/1293 2307/3070/1294 496/3071/1294
f 498/3067/1292 2308/3068/1293 497/3069/1293
f 499/3065/1291 2309/3066/1292 498/3067/1292
f 500/3063/1290 2310/3064/1291 499/3065/1291
f 501/3061/1289 2311/3062/1290 500/3063/1290
f 502/3059/1288 2312/3060/1289 501/3061/1289
f 503/3057/1287 2313/3058/1288 502/3059/1288
f 504/3055/1286 2314/3056/1287 503/3057/1287
f 505/3051/1285 2315/3054/1286 504/3055/1286
f 505/3051/1285 2317/3052/1284 2316/3053/1285
f 506/3049/1284 2318/3048/1283 2317/3052/1284
f 508/3047/1282 2318/3048/1283 507/3050/1283
f 509/3045/1281 2319/3046/1282 508/3047/1282
f 510/3043/1280 2320/3044/1281 509/3045/1281
f 511/3041/1279 2321/3042/1280 510/3043/1280
f 512/3039/1278 2322/3040/1279 511/3041/1279
f 513/3035/1277 2323/3038/1278 512/3039/1278
f 513/3035/1277 2325/3034/1276 2324/3037/1277
f 515/3033/1275 2325/3034/1276 514/3036/1276
f 516/3031/1274 2326/3032/1275 515/3033/1275
f 517/3029/913 2327/3030/1274 516/3031/1274
f 518/3027/1273 2328/3028/913 517/3029/913
f 519/3025/1272 2329/3026/1273 518/3027/1273
f 520/3023/1271 2330/3024/1272 519/3025/1272
f 521/3021/1270 2331/3022/1271 520/3023/1271
f 522/3019/1269 2332/3020/1270 521/3021/1270
f 523/3017/1268 2333/3018/1269 522/3019/1269
f 524/3015/1267 2334/3016/1268 523/3017/1268
f 525/3013/1266 2335/3014/1267 524/3015/1267
f 526/3011/1265 2336/3012/1266 525/3013/1266
f 527/3009/1264 2337/3010/1265 526/3011/1265
f 528/3007/1263 2338/3008/1264 527/3009/1264
f 529/3005/1261 2339/3006/1262 528/3007/1263
f 530/3003/1259 2340/3004/1260 529/3005/1261
f 531/3001/1258 2341/3002/1259 530/3003/1259
f 532/2999/1257 2342/3000/1258 531/3001/1258
f 533/2997/1256 2343/2998/1257 532/2999/1257
f 534/2995/1255 2344/2996/1256 533/2997/1256
f 535/2993/1254 2345/2994/1255 534/2995/1255
f 536/2991/1253 2346/2992/1254 535/2993/1254
f 537/2989/1252 2347/2990/1253 536/2991/1253
f 538/2987/1251 2348/2988/1252 537/2989/1252
f 539/2985/1250 2349/2986/1251 538/2987/1251
f 540/2983/1248 2350/2984/1250 539/2985/1250
f 539/2928/112 587/2930/112 586/2926/112
f 539/2928/112 596/3135/112 595/2948/1014
f 541/2924/1247 2351/2925/1248 540/2983/1248
f 542/2922/1246 2352/2923/1247 541/2924/1247
f 543/2920/1245 2353/2921/1246 542/2922/1246
f 544/2918/1244 2354/2919/1245 543/2920/1245
f 545/2916/1243 2355/2917/1244 544/2918/1244
f 546/2914/1242 2356/2915/1243 545/2916/1243
f 547/2912/1241 2357/2913/1242 546/2914/1242
f 548/2910/1240 2358/2911/1241 547/2912/1241
f 549/2908/1239 2359/2909/1240 548/2910/1240
f 550/2906/1238 2360/2907/1239 549/2908/1239
f 551/2904/1237 2361/2905/1238 550/2906/1238
f 552/2902/1236 2362/2903/1237 551/2904/1237
f 553/2900/1235 2363/2901/1236 552/2902/1236
f 554/2898/1234 2364/2899/1235 553/2900/1235
f 555/2896/1233 2365/2897/1234 554/2898/1234
f 556/2894/1232 2366/2895/1233 555/2896/1233
f 557/2892/1231 2367/2893/1232 556/2894/1232
f 558/2890/1230 2368/2891/1231 557/2892/1231
f 559/2888/1229 2369/2889/1230 558/2890/1230
f 560/2886/1228 2370/2887/1229 559/2888/1229
f 561/2884/1227 2371/2885/1228 560/2886/1228
f 562/2882/1225 2372/2883/1226 561/2884/1227
f 563/2880/1224 2373/2881/1225 562/2882/1225
f 564/2876/1223 2374/2879/1224 563/2880/1224
f 564/2876/1223 2376/2875/1222 2375/2878/1223
f 566/2874/1221 2376/2875/1222 565/2877/1222
f 567/2872/1219 2377/2873/1220 566/2874/1221
f 568/2870/1218 2378/2871/1219 567/2872/1219
f 569/2868/1216 2379/2869/1217 568/2870/1218
f 570/2866/1215 2380/2867/1216 569/2868/1216
f 571/2864/1214 2381/2865/1215 570/2866/1215
f 572/2862/1213 2382/2863/1214 571/2864/1214
f 573/2860/1212 2383/2861/1213 572/2862/1213
f 574/2856/1211 2384/2859/1212 573/2860/1212
f 574/2856/1211 2386/2855/1210 2385/2858/1211
f 576/2854/1209 2386/2855/1210 575/2857/1210
f 577/2852/1208 2387/2853/1209 576/2854/1209
f 578/2848/1207 2388/2851/1208 577/2852/1208
f 578/2848/1207 2390/2847/1206 2389/2850/1207
f 580/2846/1205 2390/2847/1206 579/2849/1206
f 581/2844/1204 2391/2845/1205 580/2846/1205
f 582/2842/1044 2392/2843/1204 581/2844/1204
f 583/2840/1203 2393/2841/1044 582/2842/1044
f 584/2838/1202 2394/2839/1203 583/2840/1203
f 585/2836/1201 2395/2837/1202 584/2838/1202
f 586/2834/1200 2396/2835/1201 585/2836/1201
f 587/2832/1199 2397/2833/1200 586/2834/1200
f 588/2830/1198 2398/2831/1199 587/2832/1199
f 589/2828/1197 2399/2829/1198 588/2830/1198
f 590/2826/1196 2400/2827/1197 589/2828/1197
f 591/2824/1195 2401/2825/1196 590/2826/1196
f 592/2820/1194 2402/2823/1195 591/2824/1195
f 592/2820/1194 2404/2819/1193 2403/2822/1194
f 594/2817/1191 2404/2819/1193 593/2821/1193
f 2406/2814/351 2405/2816/1191 595/2815/351
f 598/2810/1189 2408/2811/1190 597/2818/1192
f 599/2808/1188 2409/2809/1189 598/2810/1189
f 600/2804/1187 2410/2807/1188 599/2808/1188
f 600/2804/1187 2412/2803/1186 2411/2806/1187
f 602/2802/1185 2412/2803/1186 601/2805/1186
f 603/2798/1184 2413/2801/1185 602/2802/1185
f 603/2798/1184 2415/2797/1183 2414/2800/1184
f 605/2796/1182 2415/2797/1183 604/2799/1183
f 606/2794/1181 2416/2795/1182 605/2796/1182
f 607/2792/1180 2417/2793/1181 606/2794/1181
f 608/2790/1179 2418/2791/1180 607/2792/1180
f 609/2788/1178 2419/2789/1179 608/2790/1179
f 610/2786/1177 2420/2787/1178 609/2788/1178
f 611/2784/1176 2421/2785/1177 610/2786/1177
f 612/2782/1175 2422/2783/1176 611/2784/1176
f 613/2780/1174 2423/2781/1175 612/2782/1175
f 614/2778/1173 2424/2779/1174 613/2780/1174
f 615/2776/1172 2425/2777/1173 614/2778/1173
f 616/2774/1171 2426/2775/1172 615/2776/1172
f 617/2772/1170 2427/2773/1171 616/2774/1171
f 618/2770/1169 2428/2771/1170 617/2772/1170
f 619/2768/1168 2429/2769/1169 618/2770/1169
f 620/2766/1167 2430/2767/1168 619/2768/1168
f 621/2764/1166 2431/2765/1167 620/2766/1167
f 622/2762/258 2432/2763/1166 621/2764/1166
f 623/2760/1165 2433/2761/258 622/2762/258
f 624/2756/1164 2434/2759/1165 623/2760/1165
f 624/2756/1164 2436/2755/701 2435/2758/1164
f 626/2754/1163 2436/2755/701 625/2757/701
f 627/2752/1162 2437/2753/1163 626/2754/1163
f 628/2750/1161 2438/2751/1162 627/2752/1162
f 629/2748/1160 2439/2749/1161 628/2750/1161
f 630/2746/249 2440/2747/1160 629/2748/1160
f 631/2744/1159 2441/2745/249 630/2746/249
f 632/2742/1158 2442/2743/1159 631/2744/1159
f 633/2740/689 2443/2741/246 632/2742/1158
f 634/2736/353 2444/2739/245 633/2740/689
f 635/2734/354 2447/2735/351 2446/2737/351
f 636/2732/675 2448/2733/354 635/2734/354
f 637/2728/333 2449/2731/675 636/2732/675
f 637/2728/333 2451/2727/332 2450/2730/333
f 639/2726/331 2451/2727/332 638/2729/332
f 640/2724/423 2452/2725/331 639/2726/331
f 641/2722/1157 2453/2723/423 640/2724/423
f 642/2718/1156 2454/2721/1157 641/2722/1157
f 642/2718/1156 2456/2717/1155 2455/2720/1156
f 644/2716/1154 2456/2717/1155 643/2719/1155
f 645/2714/1153 2457/2715/1154 644/2716/1154
f 646/2712/1152 2458/2713/1153 645/2714/1153
f 647/2710/1151 2459/2711/1152 646/2712/1152
f 648/2708/1150 2460/2709/1151 647/2710/1151
f 649/2706/1149 2461/2707/1150 648/2708/1150
f 650/2704/1148 2462/2705/1149 649/2706/1149
f 651/2702/1147 2463/2703/1148 650/2704/1148
f 652/2700/1146 2464/2701/1147 651/2702/1147
f 653/2698/1145 2465/2699/1146 652/2700/1146
f 654/2696/1144 2466/2697/1145 653/2698/1145
f 655/2694/1143 2467/2695/1144 654/2696/1144
f 656/2692/1142 2468/2693/1143 655/2694/1143
f 657/2690/1141 2469/2691/1142 656/2692/1142
f 658/2688/1140 2470/2689/1141 657/2690/1141
f 659/2686/1139 2471/2687/1140 658/2688/1140
f 660/2684/1138 2472/2685/1139 659/2686/1139
f 661/2682/1137 2473/2683/1138 660/2684/1138
f 662/2680/1136 2474/2681/1137 661/2682/1137
f 663/2678/1135 2475/2679/1136 662/2680/1136
f 664/2676/1134 2476/2677/1135 663/2678/1135
f 665/2674/1133 2477/2675/1134 664/2676/1134
f 666/2672/1132 2478/2673/1133 665/2674/1133
f 667/2670/1131 2479/2671/1132 666/2672/1132
f 668/2668/1130 2480/2669/1131 667/2670/1131
f 669/2666/1129 2481/2667/1130 668/2668/1130
f 670/2662/1128 2482/2665/1129 669/2666/1129
f 670/2662/1128 2484/2661/1127 2483/2664/1128
f 672/2660/1126 2484/2661/1127 671/2663/1127
f 673/2656/1125 2485/2659/1126 672/2660/1126
f 673/2656/1125 2487/2655/1124 2486/2658/1125
f 675/2654/1123 2487/2655/1124 674/2657/1124
f 676/2652/1122 2488/2653/1123 675/2654/1123
f 677/2650/1121 2489/2651/1122 676/2652/1122
f 678/2648/1120 2490/2649/1121 677/2650/1121
f 679/2646/1119 2491/2647/1120 678/2648/1120
f 680/2644/1118 2492/2645/1119 679/2646/1119
f 681/2642/1117 2493/2643/1118 680/2644/1118
f 682/2638/1115 2494/2641/1116 681/2642/1117
f 682/2638/1115 2496/2639/1114 2495/2640/1115
f 683/2636/1114 2497/2635/1113 2496/2639/1114
f 685/2634/1112 2497/2635/1113 684/2637/1113
f 686/2632/1111 2498/2633/1112 685/2634/1112
f 687/2630/1110 2499/2631/1111 686/2632/1111
f 688/2628/1109 2500/2629/1110 687/2630/1110
f 689/2626/1108 2501/2627/1109 688/2628/1109
f 690/2624/1107 2502/2625/1108 689/2626/1108
f 691/2622/1106 2503/2623/1107 690/2624/1107
f 692/2620/1105 2504/2621/1106 691/2622/1106
f 693/2618/1104 2505/2619/1105 692/2620/1105
f 694/2616/1103 2506/2617/1104 693/2618/1104
f 695/2614/1102 2507/2615/1103 694/2616/1103
f 696/2612/1101 2508/2613/1102 695/2614/1102
f 697/2610/1100 2509/2611/1101 696/2612/1101
f 698/2608/1099 2510/2609/1100 697/2610/1100
f 699/2606/1098 2511/2607/1099 698/2608/1099
f 700/2604/1097 2512/2605/1098 699/2606/1098
f 701/2602/1096 2513/2603/1097 700/2604/1097
f 702/2600/1095 2514/2601/1096 701/2602/1096
f 703/2598/1094 2515/2599/1095 702/2600/1095
f 704/2596/1093 2516/2597/1094 703/2598/1094
f 705/2594/1092 2517/2595/1093 704/2596/1093
f 706/2592/1091 2518/2593/1092 705/2594/1092
f 707/2590/1090 2519/2591/1091 706/2592/1091
f 708/2588/1089 2520/2589/1090 707/2590/1090
f 709/2586/1087 2521/2587/1088 708/2588/1089
f 710/2584/1086 2522/2585/1087 709/2586/1087
f 711/2582/1085 2523/2583/1086 710/2584/1086
f 712/2580/1084 2524/2581/1085 711/2582/1085
f 713/2578/1083 2525/2579/1084 712/2580/1084
f 714/2576/1082 2526/2577/1083 713/2578/1083
f 715/2574/1081 2527/2575/1082 714/2576/1082
f 716/2572/1080 2528/2573/1081 715/2574/1081
f 717/2570/1079 2529/2571/1080 716/2572/1080
f 718/2565/1077 2530/2569/1079 717/2570/1079
f 718/2565/1077 2532/2567/1078 2531/2568/1077
f 2652/1054/508 840/2563/351 841/1456/351
f 722/2503/297 720/2561/1074 843/2562/1075
f 720/918/336 2534/1300/628 2533/236/1076
f 721/1301/687 2535/1298/1068 2534/1300/628
f 812/2515/112 740/2489/112 813/2448/112
f 723/1297/1067 2535/1298/1068 722/1299/1068
f 724/1295/1065 2536/1296/1066 723/1297/1067
f 725/1293/1064 2537/1294/624 724/1295/1065
f 726/1291/622 2538/1292/1064 725/1293/1064
f 727/1287/621 2539/1290/622 726/1291/622
f 728/1288/1063 2540/1289/621 727/1287/621
f 728/1288/1063 2542/1284/619 2541/1286/1063
f 730/1283/618 2542/1284/619 729/1285/619
f 731/1281/617 2543/1282/618 730/1283/618
f 732/1279/616 2544/1280/617 731/1281/617
f 733/1277/615 2545/1278/616 732/1279/616
f 734/1275/614 2546/1276/615 733/1277/615
f 735/1273/613 2547/1274/614 734/1275/614
f 735/1273/613 2549/1271/612 2548/1272/613
f 736/1269/612 2550/1268/611 2549/1271/612
f 738/1267/610 2550/1268/611 737/1270/611
f 2552/1264/609 738/1267/610 739/1265/609
f 740/1037/608 2552/1264/609 739/1265/609
f 741/1263/607 2553/1036/608 740/1037/608
f 742/1261/606 2554/1262/607 741/1263/607
f 743/1257/604 2555/1260/606 742/1261/606
f 743/1257/604 2557/1256/605 2556/1259/604
f 745/1255/602 2557/1256/605 744/1258/605
f 746/1253/601 2558/1254/602 745/1255/602
f 747/1251/600 2559/1252/601 746/1253/601
f 748/1249/599 2560/1250/600 747/1251/600
f 749/1247/598 2561/1248/599 748/1249/599
f 750/1245/597 2562/1246/598 749/1247/598
f 751/1243/1062 2563/1244/597 750/1245/597
f 2565/1240/595 751/1243/1062 752/1241/595
f 753/1237/594 2565/1240/595 752/1241/595
f 754/1238/591 2566/1239/594 753/1237/594
f 865/2396/112 760/2428/112 866/2429/112
f 755/1217/590 2567/1218/591 754/1238/591
f 756/1213/589 2568/1216/590 755/1217/590
f 757/1214/588 2569/1215/589 756/1213/589
f 758/1211/587 2570/1212/588 757/1214/588
f 759/1209/586 2571/1210/587 758/1211/587
f 760/285/585 2572/1208/586 759/1209/586
f 761/1207/584 2573/284/585 760/285/585
f 762/1205/583 2574/1206/584 761/1207/584
f 763/1201/582 2575/1204/583 762/1205/583
f 763/1201/582 2577/1200/581 2576/1203/582
f 765/1197/580 2577/1200/581 764/1202/581
f 766/1198/579 2578/1199/580 765/1197/580
f 767/1195/578 2579/1196/579 766/1198/579
f 768/1193/577 2580/1194/578 767/1195/578
f 769/1191/576 2581/1192/577 768/1193/577
f 770/1189/575 2582/1190/576 769/1191/576
f 771/1187/574 2583/1188/575 770/1189/575
f 772/1185/573 2584/1186/574 771/1187/574
f 773/1183/572 2585/1184/573 772/1185/573
f 774/1181/571 2586/1182/572 773/1183/572
f 775/1179/570 2587/1180/571 774/1181/571
f 776/1177/569 2588/1178/570 775/1179/570
f 777/1175/568 2589/1176/569 776/1177/569
f 778/1173/1059 2590/1174/568 777/1175/568
f 779/1171/1058 2591/1172/1059 778/1173/1059
f 780/1169/565 2592/1170/1058 779/1171/1058
f 781/1167/1057 2593/1168/411 780/1169/565
f 782/1163/563 2594/1166/1056 781/1167/1057
f 783/1164/406 2595/1165/409 782/1163/563
f 784/1161/405 2596/1162/1055 783/1164/406
f 785/1159/1054 2597/1160/405 784/1161/405
f 786/1157/1053 2598/1158/1054 785/1159/1054
f 787/1155/401 2599/1156/1053 786/1157/1053
f 788/1151/398 2600/1154/401 787/1155/401
f 788/1151/398 2602/1150/397 2601/1153/398
f 791/2543/1070 790/4383/1813 789/2542/112
f 790/1149/655 2602/1150/397 789/1152/397
f 2604/1147/557 790/1149/655 791/2393/557
f 791/2393/557 2605/1145/555 2604/1147/557
f 793/1144/554 2605/1145/555 792/1146/556
f 794/1142/1052 2606/1143/554 793/1144/554
f 795/1140/1051 2607/1141/1052 794/1142/1052
f 796/1138/1050 2608/1139/1051 795/1140/1051
f 797/1136/1049 2609/1137/1050 796/1138/1050
f 798/1134/1047 2610/1135/1049 797/1136/1049
f 798/1134/1047 2612/1132/1046 2611/1133/1048
f 799/1130/1046 2613/1129/546 2612/1132/1046
f 801/1128/545 2613/1129/546 800/1131/546
f 802/1126/1045 2614/1127/545 801/1128/545
f 803/1124/1044 2615/1125/1045 802/1126/1045
f 804/1122/542 2616/1123/1044 803/1124/1044
f 805/1120/541 2617/1121/542 804/1122/542
f 806/1118/540 2618/1119/541 805/1120/541
f 807/1116/539 2619/1117/540 806/1118/540
f 808/1112/538 2620/1115/539 807/1116/539
f 808/1112/538 2622/1111/537 2621/1114/538
f 810/1110/536 2622/1111/537 809/1113/537
f 811/1108/535 2623/1109/536 810/1110/536
f 812/1106/534 2624/1107/535 811/1108/535
f 812/1106/534 2626/1103/533 2625/1105/534
f 814/1102/532 2626/1103/533 813/1104/533
f 815/1098/531 2627/1101/532 814/1102/532
f 816/1096/530 2628/1100/531 815/1098/531
f 816/1096/530 2630/1095/529 2629/1099/530
f 818/1094/528 2630/1095/529 817/1097/529
f 818/1094/528 2632/1092/527 2631/1093/528
f 820/245/526 2632/1092/527 819/1091/527
f 821/1090/525 2633/244/526 820/245/526
f 822/1088/524 2634/1089/525 821/1090/525
f 823/1086/523 2635/1087/524 822/1088/524
f 824/1084/522 2636/1085/523 823/1086/523
f 825/1082/521 2637/1083/522 824/1084/522
f 826/1080/1043 2638/1081/521 825/1082/521
f 827/1076/519 2639/1079/1043 826/1080/1043
f 828/1077/311 2640/1078/519 827/1076/519
f 829/1072/1042 2641/1075/311 828/1077/311
f 830/1073/517 2642/1074/1042 829/1072/1042
f 831/1070/1041 2643/1071/517 830/1073/517
f 832/1068/515 2644/1069/1041 831/1070/1041
f 833/1066/514 2645/1067/515 832/1068/515
f 834/1064/513 2646/1065/514 833/1066/514
f 835/1060/512 2647/1063/513 834/1064/513
f 836/1061/511 2648/1062/512 835/1060/512
f 837/1058/510 2649/1059/511 836/1061/511
f 838/1056/509 2650/1057/510 837/1058/510
f 839/1053/508 2651/1055/509 838/1056/509
f 838/2479/112 840/4384/813 839/4385/1814
f 838/2479/112 841/4386/112 840/4384/813
f 838/2479/112 842/4387/1061 841/4386/112
f 838/2479/112 843/2562/1075 842/4387/1061
f 844/237/1040 2702/982/1015 893/981/1015
f 845/1052/1039 2653/236/1040 844/918/1040
f 846/1050/505 2654/1051/1039 845/1052/1039
f 847/1048/1038 2655/1049/505 846/1050/505
f 848/1046/503 2656/1047/1037 847/1048/1038
f 849/312/502 2657/1045/503 848/1046/503
f 850/921/501 2658/311/502 849/312/502
f 851/1043/500 2659/1044/501 850/921/501
f 852/1041/499 2660/1042/500 851/1043/500
f 853/1039/498 2661/1040/499 852/1041/499
f 853/1039/498 2663/1036/497 2662/1038/498
f 855/1033/496 2663/1036/497 854/1037/497
f 856/1034/495 2664/1035/496 855/1033/496
f 857/1032/494 2665/922/495 856/1034/495
f 857/1032/494 2667/1029/493 2666/1031/494
f 859/298/492 2667/1029/493 858/1030/493
f 860/1028/491 2668/297/492 859/298/492
f 860/1028/491 2670/1026/490 2669/1027/491
f 861/1025/490 2671/883/489 2670/1026/490
f 863/1024/488 2671/883/489 862/881/489
f 864/285/487 2672/1023/488 863/1024/488
f 865/1022/1036 2673/284/487 864/285/487
f 866/1020/1035 2674/1021/1036 865/1022/1036
f 867/1018/484 2675/1019/485 866/1020/1035
f 868/871/483 2676/1017/484 867/1018/484
f 869/1016/482 2677/873/483 868/871/483
f 870/1014/481 2678/1015/482 869/1016/482
f 871/1012/480 2679/1013/481 870/1014/481
f 872/1010/479 2680/1011/480 871/1012/480
f 872/1010/479 2682/1007/1034 2681/1009/478
f 874/186/1033 2682/1007/1034 873/1008/1034
f 875/1006/1031 2683/185/1032 874/186/1033
f 876/1004/1029 2684/1005/1030 875/1006/1031
f 877/1002/1027 2685/1003/1028 876/1004/1029
f 878/1000/471 2686/1001/1027 877/1002/1027
f 879/268/469 2687/999/471 878/1000/471
f 879/268/469 2689/997/467 2688/266/1026
f 2690/2391/351 2689/997/467 881/2392/351
f 883/996/1025 2691/854/465 882/855/466
f 884/245/1024 2692/995/464 883/996/1025
f 885/994/462 2693/244/1024 884/245/1024
f 886/992/1023 2694/993/462 885/994/462
f 887/990/458 2695/991/1023 886/992/1023
f 888/845/1022 2696/989/457 887/990/458
f 889/929/1021 2697/844/1022 888/845/1022
f 890/987/1019 2698/988/1020 889/929/1021
f 891/986/1017 2699/476/1018 890/987/1019
f 892/984/450 2700/985/1016 891/986/1017
f 893/981/1015 2701/983/450 892/984/450
f 894/237/1006 2896/1916/814 1087/1915/814
f 903/2368/112 971/2209/112 970/2203/112
f 895/2202/1005 2703/236/1006 894/918/1006
f 896/2200/621 2704/2201/1005 895/2202/1005
f 897/318/1004 2705/2199/621 896/2200/621
f 898/2198/1003 2706/317/1004 897/318/1004
f 899/2196/1002 2707/2197/1003 898/2198/1003
f 900/316/1001 2708/2195/1002 899/2196/1002
f 901/2194/1000 2709/315/1001 900/316/1001
f 902/2192/999 2710/2193/1000 901/2194/1000
f 903/229/998 2711/2191/999 902/2192/999
f 904/2190/997 2712/228/998 903/229/998
f 905/2188/996 2713/2189/997 904/2190/997
f 906/314/995 2714/2187/996 905/2188/996
f 907/2186/994 2715/313/995 906/314/995
f 908/2182/993 2716/2185/994 907/2186/994
f 908/2182/993 2718/2181/992 2717/2184/993
f 910/221/991 2718/2181/992 909/2183/992
f 911/2180/990 2719/220/991 910/221/991
f 912/2178/989 2720/2179/990 911/2180/990
f 913/2176/988 2721/2177/989 912/2178/989
f 914/2174/987 2722/2175/988 913/2176/988
f 915/2172/986 2723/2173/987 914/2174/987
f 916/2170/985 2724/2171/986 915/2172/986
f 917/2168/984 2725/2169/985 916/2170/985
f 918/2166/983 2726/2167/984 917/2168/984
f 919/217/982 2727/2165/983 918/2166/983
f 920/2164/981 2728/216/982 919/217/982
f 921/2162/980 2729/2163/981 920/2164/981
f 922/1037/979 2730/2161/980 921/2162/980
f 923/2160/255 2731/1036/979 922/1037/979
f 924/2158/978 2732/2159/255 923/2160/255
f 925/300/977 2733/2157/978 924/2158/978
f 926/2155/693 2734/2156/977 925/300/977
f 927/2153/975 2735/2154/976 926/2155/693
f 928/2151/691 2736/2152/975 927/2153/975
f 929/2149/306 2737/2150/691 928/2151/691
f 930/2147/304 2738/2148/305 929/2149/306
f 931/2145/689 2739/2146/304 930/2147/304
f 932/2143/353 2740/2144/689 931/2145/689
f 932/4388/112 931/2374/112 933/4389/1815
f 931/2374/112 934/2325/112 933/4389/1815
f 934/2140/351 2744/299/351 2743/2139/351
f 936/2135/973 2745/2136/974 935/2141/974
f 937/298/971 2746/2134/972 936/2135/973
f 938/2133/969 2747/297/970 937/298/971
f 939/2131/968 2748/2132/969 938/2133/969
f 940/294/966 2749/2130/967 939/2131/968
f 941/2129/965 2750/296/966 940/294/966
f 942/2127/964 2751/2128/965 941/2129/965
f 943/295/962 2752/2126/963 942/2127/964
f 944/2125/961 2753/293/962 943/295/962
f 945/2123/959 2754/2124/960 944/2125/961
f 946/212/958 2755/2122/959 945/2123/959
f 947/2121/957 2756/292/958 946/212/958
f 948/2119/956 2757/2120/957 947/2121/957
f 949/291/955 2758/2118/956 948/2119/956
f 950/2117/954 2759/290/955 949/291/955
f 951/2115/953 2760/2116/954 950/2117/954
f 952/289/952 2761/2114/953 951/2115/953
f 953/2113/951 2762/288/952 952/289/952
f 954/2111/950 2763/2112/951 953/2113/951
f 955/210/949 2764/2110/950 954/2111/950
f 956/2109/948 2765/209/949 955/210/949
f 957/2107/947 2766/2108/948 956/2109/948
f 958/287/946 2767/2106/947 957/2107/947
f 959/2105/945 2768/286/946 958/287/946
f 960/2103/944 2769/2104/945 959/2105/945
f 961/206/943 2770/2102/944 960/2103/944
f 962/2101/942 2771/205/943 961/206/943
f 963/2099/941 2772/2100/942 962/2101/942
f 964/281/940 2773/2098/941 963/2099/941
f 965/2097/939 2774/283/940 964/281/940
f 966/2095/938 2775/2096/939 965/2097/939
f 967/282/937 2776/2094/938 966/2095/938
f 968/2091/936 2777/280/937 967/282/937
f 968/2091/936 2779/2090/935 2778/2093/936
f 970/203/934 2779/2090/935 969/2092/935
f 971/2087/933 2780/201/934 970/203/934
f 971/2087/933 2782/2086/932 2781/2089/933
f 973/2085/931 2782/2086/932 972/2088/932
f 974/2083/930 2783/2084/931 973/2085/931
f 975/2081/929 2784/2082/930 974/2083/930
f 976/198/928 2785/2080/929 975/2081/929
f 977/2079/927 2786/197/928 976/198/928
f 978/2077/926 2787/2078/927 977/2079/927
f 979/1016/925 2788/2076/926 978/2077/926
f 980/2075/924 2789/1015/925 979/1016/925
f 981/2071/923 2790/2074/924 980/2075/924
f 981/2071/923 2792/2072/922 2791/2073/923
f 982/2069/922 2793/2068/921 2792/2072/922
f 984/2067/920 2793/2068/921 983/2070/921
f 985/194/919 2794/2066/920 984/2067/920
f 2796/2065/918 985/194/919 986/3275/918
f 987/2064/917 2796/2065/918 986/3275/918
f 988/2062/916 2797/2063/917 987/2064/917
f 989/279/915 2798/2061/916 988/2062/916
f 989/279/915 2800/2059/914 2799/278/915
f 991/2058/913 2800/2059/914 990/2060/914
f 992/186/912 2801/2057/913 991/2058/913
f 993/2056/911 2802/185/912 992/186/912
f 994/2054/910 2803/2055/911 993/2056/911
f 995/277/909 2804/2053/910 994/2054/910
f 996/2052/908 2805/276/909 995/277/909
f 997/2050/907 2806/2051/908 996/2052/908
f 998/275/906 2807/2049/907 997/2050/907
f 999/2048/905 2808/274/906 998/275/906
f 1000/2046/904 2809/2047/905 999/2048/905
f 1001/178/903 2810/2045/904 1000/2046/904
f 1001/178/903 2812/2043/902 2811/177/903
f 1003/2042/901 2812/2043/902 1002/2044/902
f 1004/267/899 2813/2041/900 1003/2042/901
f 1005/2038/898 2814/269/899 1004/267/899
f 1005/2038/898 2816/2037/897 2815/2040/898
f 1007/268/896 2816/2037/897 1006/2039/897
f 1008/2036/895 2817/266/896 1007/268/896
f 1009/2034/894 2818/2035/895 1008/2036/895
f 1010/174/893 2819/2033/894 1009/2034/894
f 1011/2032/892 2820/173/893 1010/174/893
f 1010/2227/112 1012/4390/759 1011/4391/297
f 1010/2227/112 1013/2236/112 1012/4390/759
f 1013/2030/891 2822/2028/891 2821/2031/892
f 1014/2027/890 2822/2028/891 1013/2030/891
f 1015/2025/889 2823/2026/890 1014/2027/890
f 1016/2023/888 2824/2024/889 1015/2025/889
f 1017/2021/887 2825/2022/888 1016/2023/888
f 1018/166/332 2826/2020/887 1017/2021/887
f 1019/2019/886 2827/165/332 1018/166/332
f 1020/2017/885 2828/2018/886 1019/2019/886
f 1021/1552/884 2829/2016/885 1020/2017/885
f 1022/2015/883 2830/426/884 1021/1552/884
f 1023/2013/882 2831/2014/883 1022/2015/883
f 1024/2011/881 2832/2012/882 1023/2013/882
f 1025/2009/880 2833/2010/881 1024/2011/881
f 1026/2007/567 2834/2008/880 1025/2009/880
f 1027/2005/566 2835/2006/567 1026/2007/567
f 1028/2001/878 2836/2004/566 1027/2005/566
f 1028/2001/878 2838/2000/877 2837/2003/879
f 1030/1999/876 2838/2000/877 1029/2002/877
f 1031/1997/874 2839/1998/875 1030/1999/876
f 1032/1995/873 2840/1996/874 1031/1997/874
f 1033/1993/871 2841/1994/872 1032/1995/873
f 1034/1991/268 2842/1992/871 1033/1993/871
f 1035/259/868 2843/1990/268 1034/1991/268
f 1035/259/868 2845/1988/867 2844/421/870
f 1037/1987/866 2845/1988/867 1036/1989/869
f 1038/260/865 2846/1986/866 1037/1987/866
f 1039/251/259 2847/258/865 1038/260/865
f 1040/1985/863 2848/250/864 1039/251/864
f 1041/1982/862 2849/1984/863 1040/1985/863
f 1041/1982/862 2851/248/861 2850/1983/862
f 1043/1979/859 2851/248/861 1042/249/861
f 1043/1979/859 2853/1978/858 2852/1981/860
f 1045/160/857 2853/1978/858 1044/1980/858
f 1046/1977/856 2854/159/857 1045/160/857
f 1047/1975/855 2855/1976/856 1046/1977/856
f 1048/247/854 2856/1974/855 1047/1975/855
f 1049/1971/853 2857/246/854 1048/247/854
f 1049/1971/853 2859/1970/852 2858/1973/853
f 1051/245/851 2859/1970/852 1050/1972/852
f 1051/245/851 2861/1969/850 2860/244/851
f 1052/1967/850 2862/1966/849 2861/1969/850
f 1054/156/848 2862/1966/849 1053/1968/849
f 1055/1965/847 2863/155/848 1054/156/848
f 1056/1963/846 2864/1964/847 1055/1965/847
f 1057/242/845 2865/1962/846 1056/1963/846
f 1058/1961/844 2866/243/845 1057/242/845
f 1059/1959/843 2867/1960/844 1058/1961/844
f 1060/241/842 2868/1958/843 1059/1959/843
f 1061/1957/841 2869/240/842 1060/241/842
f 1062/1955/840 2870/1956/841 1061/1957/841
f 1063/152/839 2871/1954/840 1062/1955/840
f 1064/1953/838 2872/151/839 1063/152/839
f 1065/1951/837 2873/1952/838 1064/1953/838
f 1066/1949/836 2874/1950/837 1065/1951/837
f 1067/1947/835 2875/1948/836 1066/1949/836
f 1068/1943/833 2876/1946/835 1067/1947/835
f 1068/1943/833 2878/1942/832 2877/1945/833
f 1070/1941/831 2878/1942/832 1069/1944/834
f 1071/1939/830 2879/1940/831 1070/1941/831
f 1072/148/829 2880/1938/830 1071/1939/830
f 1073/1937/828 2881/147/829 1072/148/829
f 1074/1935/827 2882/1936/828 1073/1937/828
f 1075/929/826 2883/1934/827 1074/1935/827
f 1075/929/826 2885/1932/825 2884/988/826
f 1077/1931/824 2885/1932/825 1076/1933/825
f 1078/1929/823 2886/1930/824 1077/1931/824
f 1079/140/822 2887/1928/823 1078/1929/823
f 1080/1927/821 2888/139/822 1079/140/822
f 1081/1925/820 2889/1926/821 1080/1927/821
f 1082/927/819 2890/1924/820 1081/1925/820
f 1083/1922/818 2891/1923/819 1082/927/819
f 1084/1920/817 2892/1921/818 1083/1922/818
f 1085/928/816 2893/1919/817 1084/1920/817
f 1086/1918/815 2894/239/816 1085/928/816
f 1087/1915/814 2895/1917/815 1086/1918/815
f 1088/918/56 2898/1864/56 2897/236/56
f 1090/1865/112 1235/1867/112 1234/1883/112
f 2897/238/351 1240/1458/636 1088/237/351
f 1090/1863/810 2898/1864/259 1089/1914/259
f 1091/1861/809 2899/1862/810 1090/1863/810
f 1092/1859/808 2900/1860/809 1091/1861/809
f 1093/1857/807 2901/1858/808 1092/1859/808
f 1094/1855/805 2902/1856/806 1093/1857/807
f 1095/1853/804 2903/1854/805 1094/1855/805
f 1096/1851/803 2904/1852/804 1095/1853/804
f 1097/1849/802 2905/1850/803 1096/1851/803
f 1098/1847/801 2906/1848/802 1097/1849/802
f 1099/1845/800 2907/1846/801 1098/1847/801
f 1100/1843/799 2908/1844/800 1099/1845/800
f 1101/1841/798 2909/1842/799 1100/1843/799
f 1102/1839/797 2910/1840/798 1101/1841/798
f 2912/1837/796 1102/1839/797 1103/4392/796
f 1104/1836/795 2912/1837/796 1103/4392/796
f 1105/1834/741 2913/1835/795 1104/1836/795
f 1106/1830/742 2914/1833/794 1105/1834/741
f 1106/1830/742 2916/1829/792 2915/1832/743
f 1108/1828/791 2916/1829/792 1107/1831/793
f 1109/1826/790 2917/1827/791 1108/1828/791
f 1110/1824/789 2918/1825/790 1109/1826/790
f 1111/1822/788 2919/1823/789 1110/1824/789
f 1112/1820/786 2920/1821/787 1111/1822/788
f 1113/1818/784 2921/1819/785 1112/1820/786
f 1114/1816/782 2922/1817/783 1113/1818/784
f 3625/1815/781 1114/1811/778 1216/1813/779
f 3625/1808/775 2923/1810/777 1114/1816/782
f 2925/1805/259 2924/1807/774 3624/1803/259
f 1211/1777/285 1207/1796/112 1203/1778/759
f 1116/1762/755 2927/1763/756 1115/1809/776
f 1117/1760/754 2928/1761/755 1116/1762/755
f 1118/1758/753 2929/1759/754 1117/1760/754
f 1119/1756/751 2930/1757/752 1118/1758/753
f 1120/1754/749 2931/1755/750 1119/1756/751
f 1121/1752/747 2932/1753/748 1120/1754/749
f 1122/1750/746 2933/1751/747 1121/1752/747
f 1123/1748/745 2934/1749/746 1122/1750/746
f 1124/1746/743 2935/1747/744 1123/1748/745
f 1125/1744/741 2936/1745/742 1124/1746/743
f 1126/1742/739 2937/1743/740 1125/1744/741
f 1127/1738/738 2938/1741/739 1126/1742/739
f 1127/1738/738 2940/1737/318 2939/1740/738
f 1129/1736/700 2940/1737/318 1128/1739/318
f 1130/1734/698 2941/1735/700 1129/1736/700
f 1131/1732/702 2942/1733/698 1130/1734/698
f 1132/1730/253 2943/1731/702 1131/1732/702
f 1133/1728/704 2944/1729/737 1132/1730/253
f 1134/1726/735 2945/1727/736 1133/1728/704
f 1135/1724/734 2946/1725/735 1134/1726/735
f 1136/1722/732 2947/1723/733 1135/1724/734
f 1137/1720/730 2948/1721/731 1136/1722/732
f 1138/1716/727 2949/1719/730 1137/1720/730
f 1138/1716/727 2951/1717/728 2950/1718/729
f 1139/1715/303 2952/1711/353 2951/1717/728
f 1140/4393/1816 1139/1713/725 1141/4394/1817
f 1139/1713/725 1142/4395/112 1141/4394/1817
f 1139/1713/725 1143/4396/112 1142/4395/112
f 1144/1660/711 1143/4396/112 1139/1713/725
f 1199/1714/1818 1139/1713/713 1200/4397/1819
f 1201/4398/1820 1200/4397/1819 1139/1713/713
f 1139/1713/713 1202/1793/291 1201/4398/1820
f 1143/1709/351 2956/1704/244 2955/1708/351
f 1145/1703/707 2956/1704/244 1144/1710/353
f 1196/1657/112 1146/1663/712 1145/1658/709
f 1146/1654/246 2957/1655/707 1145/1703/707
f 1147/1650/305 2958/1653/690 1146/1654/246
f 1147/1650/305 2960/1649/706 2959/1652/306
f 1149/1648/250 2960/1649/706 1148/1651/706
f 1150/1646/693 2961/1647/705 1149/1648/250
f 1151/1644/704 2962/1645/693 1150/1646/693
f 1152/1642/703 2963/1643/704 1151/1644/704
f 1153/1640/702 2964/1641/703 1152/1642/703
f 1154/1638/698 2965/1639/701 1153/1640/702
f 1155/1636/700 2966/1637/698 1154/1638/698
f 1156/1634/318 2967/1635/700 1155/1636/700
f 1157/1632/318 2968/1633/318 1156/1634/318
f 1158/1630/700 2969/1631/318 1157/1632/318
f 1159/1628/699 2970/1629/700 1158/1630/700
f 1160/1626/697 2971/1627/698 1159/1628/699
f 1161/1624/696 2972/1625/697 1160/1626/697
f 1162/1622/694 2973/1623/695 1161/1624/696
f 1163/1620/693 2974/1621/694 1162/1622/694
f 1164/1618/250 2975/1619/693 1163/1620/693
f 1165/1616/691 2976/1617/692 1164/1618/250
f 1166/1614/305 2977/1615/691 1165/1616/691
f 1167/1612/304 2978/1613/306 1166/1614/305
f 1168/1604/689 2979/1611/690 1167/1612/304
f 1174/1609/297 1172/1605/112 1167/1607/112
f 1168/1604/689 2981/1594/688 2980/1610/245
f 1168/1606/297 1170/4399/1821 1169/4400/780
f 1170/4399/1821 1168/1606/297 1171/4401/1822
f 1168/1606/297 1172/1605/112 1171/4401/1822
f 2981/1594/688 1170/1596/351 1171/1598/351
f 1173/1592/354 2987/1591/629 2986/1603/354
f 1175/1590/333 2987/1591/629 1174/1593/687
f 1176/1588/425 2988/1589/334 1175/1590/333
f 1177/1586/424 2989/1587/425 1176/1588/425
f 1178/1582/686 2990/1585/424 1177/1586/424
f 1178/1582/686 2992/1581/422 2991/1584/423
f 1180/1580/326 2992/1581/422 1179/1583/420
f 1181/1578/681 2993/1579/326 1180/1580/326
f 1182/1576/417 2994/1577/325 1181/1578/681
f 1183/1574/682 2995/1575/685 1182/1576/417
f 1184/1572/320 2996/1573/321 1183/1574/682
f 1185/1570/319 2997/1571/320 1184/1572/320
f 1186/1566/684 2998/1569/319 1185/1570/319
f 1186/1566/684 3000/1565/683 2999/1568/684
f 1188/1564/321 3000/1565/683 1187/1567/683
f 1189/1560/322 3001/1563/682 1188/1564/321
f 1189/1560/322 3003/1559/323 3002/1562/324
f 1191/1558/326 3003/1559/323 1190/1561/681
f 1192/1556/328 3004/1557/680 1191/1558/326
f 1193/1554/679 3005/1555/328 1192/1556/328
f 1194/1552/678 3006/1553/330 1193/1554/679
f 1195/1551/677 3007/426/678 1194/1552/678
f 1196/1549/676 3008/1550/677 1195/1551/677
f 1197/1545/335 3009/1548/334 1196/1549/676
f 1197/1545/335 3011/1540/674 3010/1547/675
f 3011/1540/674 1198/1546/354 1199/1541/351
f 1202/1537/336 3014/1536/337 3013/1542/336
f 1204/1533/671 3014/1536/337 1203/1538/673
f 1204/1533/671 3016/1532/670 3015/1535/672
f 1206/1531/669 3016/1532/670 1205/1534/670
f 1207/1529/667 3017/1530/668 1206/1531/669
f 1208/1527/666 3018/1528/667 1207/1529/667
f 1209/1525/665 3019/1526/666 1208/1527/666
f 1210/1523/664 3020/1524/665 1209/1525/665
f 1211/1521/662 3021/1522/663 1210/1523/664
f 1212/1519/660 3022/1520/661 1211/1521/662
f 1213/1517/320 3023/1518/659 1212/1519/660
f 1214/1512/656 3024/1516/320 1213/1517/320
f 1214/1512/656 3026/1514/658 3025/1515/319
f 1216/1510/654 3027/1511/655 1215/4402/1823
f 3624/1507/1 3625/1509/1 1215/4403/1
f 1215/4402/1823 3027/1511/655 3026/1514/259
f 2/4404/351 3/4405/351 1815/4380/351
f 1217/1505/398 3028/1506/399 1216/1510/654
f 1218/1503/400 3029/1504/398 1217/1505/398
f 1219/1501/652 3030/1502/400 1218/1503/400
f 1220/1499/561 3031/1500/652 1219/1501/652
f 1221/1497/405 3032/1498/561 1220/1499/561
f 1222/1495/564 3033/1496/651 1221/1497/405
f 1223/1491/563 3034/1494/564 1222/1495/564
f 1223/1491/563 3036/1492/412 3035/1493/650
f 1224/1489/410 3037/1488/649 3036/1492/412
f 1226/1487/413 3037/1488/649 1225/1490/565
f 1227/1485/414 3038/1486/413 1226/1487/413
f 1228/1483/648 3039/1484/414 1227/1485/414
f 1229/1481/647 3040/1482/648 1228/1483/648
f 1230/1479/646 3041/1480/647 1229/1481/647
f 1231/1477/645 3042/1478/646 1230/1479/646
f 1232/1473/644 3043/1476/645 1231/1477/645
f 1232/1473/644 3045/1472/643 3044/1475/644
f 1234/1471/642 3045/1472/643 1233/1474/643
f 1235/1469/641 3046/1470/642 1234/1471/642
f 1236/1467/640 3047/1468/641 1235/1469/641
f 1237/1465/639 3048/1466/640 1236/1467/640
f 1238/1461/638 3049/1464/639 1237/1465/639
f 1238/1461/638 3051/1460/637 3050/1463/638
f 1240/1458/636 3051/1460/637 1239/1462/637
f 3174/1454/351 3173/1457/351 1362/1456/351
f 1305/1304/112 1407/1306/112 1406/1302/630
f 1242/1301/629 3053/236/354 1241/918/354
f 1243/1299/627 3054/1300/628 1242/1301/629
f 1244/1297/625 3055/1298/626 1243/1299/627
f 1245/1295/624 3056/1296/625 1244/1297/625
f 1246/1293/623 3057/1294/624 1245/1295/624
f 1247/1291/622 3058/1292/623 1246/1293/623
f 1248/1287/621 3059/1290/622 1247/1291/622
f 1248/1287/621 3061/1286/620 3060/1289/621
f 1250/1285/619 3061/1286/620 1249/1288/620
f 1251/1283/618 3062/1284/619 1250/1285/619
f 1252/1281/617 3063/1282/618 1251/1283/618
f 1253/1279/616 3064/1280/617 1252/1281/617
f 1254/1277/615 3065/1278/616 1253/1279/616
f 1255/1275/614 3066/1276/615 1254/1277/615
f 1256/1273/613 3067/1274/614 1255/1275/614
f 1257/1269/612 3068/1272/613 1256/1273/613
f 1257/1269/612 3070/1268/611 3069/1271/612
f 1259/1267/610 3070/1268/611 1258/1270/611
f 1260/1265/609 3071/1266/610 1259/1267/610
f 1261/1037/608 3072/1264/609 1260/1265/609
f 1262/1263/607 3073/1036/608 1261/1037/608
f 1263/1261/606 3074/1262/607 1262/1263/607
f 1264/1257/604 3075/1260/606 1263/1261/606
f 1264/1257/604 3077/1256/603 3076/1259/604
f 1266/1255/602 3077/1256/603 1265/1258/605
f 1267/1253/601 3078/1254/602 1266/1255/602
f 1268/1251/600 3079/1252/601 1267/1253/601
f 1269/1249/599 3080/1250/600 1268/1251/600
f 1270/1247/598 3081/1248/599 1269/1249/599
f 1271/1245/597 3082/1246/598 1270/1247/598
f 1272/1243/596 3083/1244/597 1271/1245/597
f 1273/1241/595 3084/1242/596 1272/1243/596
f 1274/1237/594 3085/1240/595 1273/1241/595
f 1274/1237/594 3087/1218/591 3086/1239/594
f 1274/1219/112 1392/1221/297 1391/1222/112
f 1276/1217/590 3087/1218/591 1275/1238/591
f 1277/1213/589 3088/1216/590 1276/1217/590
f 1277/1213/589 3090/1212/588 3089/1215/589
f 1279/1211/587 3090/1212/588 1278/1214/588
f 1280/1209/586 3091/1210/587 1279/1211/587
f 1281/285/585 3092/1208/586 1280/1209/586
f 1282/1207/584 3093/284/585 1281/285/585
f 1283/1205/583 3094/1206/584 1282/1207/584
f 1284/1201/582 3095/1204/583 1283/1205/583
f 1284/1201/582 3097/1200/581 3096/1203/582
f 1286/1197/580 3097/1200/581 1285/1202/581
f 1286/1197/580 3099/1196/579 3098/1199/580
f 1288/1195/578 3099/1196/579 1287/1198/579
f 1289/1193/577 3100/1194/578 1288/1195/578
f 1290/1191/576 3101/1192/577 1289/1193/577
f 1291/1189/575 3102/1190/576 1290/1191/576
f 1292/1187/574 3103/1188/575 1291/1189/575
f 1293/1185/573 3104/1186/574 1292/1187/574
f 1294/1183/572 3105/1184/573 1293/1185/573
f 1295/1181/571 3106/1182/572 1294/1183/572
f 1296/1179/570 3107/1180/571 1295/1181/571
f 1297/1177/569 3108/1178/570 1296/1179/570
f 1298/1175/568 3109/1176/569 1297/1177/569
f 1299/1173/567 3110/1174/568 1298/1175/568
f 1300/1171/566 3111/1172/567 1299/1173/567
f 1301/1169/565 3112/1170/566 1300/1171/566
f 1302/1167/412 3113/1168/411 1301/1169/565
f 1303/1163/563 3114/1166/410 1302/1167/412
f 1303/1163/563 3116/1162/562 3115/1165/409
f 1305/1161/405 3116/1162/562 1304/1164/564
f 1306/1159/561 3117/1160/405 1305/1161/405
f 1307/1157/222 3118/1158/561 1306/1159/561
f 1308/1155/401 3119/1156/222 1307/1157/222
f 1309/1151/559 3120/1154/560 1308/1155/401
f 1309/1151/559 3122/1150/397 3121/1153/559
f 1312/1313/112 1311/4406/1824 1310/1423/292
f 1311/1149/558 3122/1150/397 1310/1152/397
f 3124/1147/557 1311/1149/558 1312/2393/557
f 1313/1146/556 3124/1147/557 1312/2393/557
f 1314/1144/554 3125/1145/555 1313/1146/556
f 1315/1142/553 3126/1143/554 1314/1144/554
f 1316/1140/552 3127/1141/553 1315/1142/553
f 1317/1138/551 3128/1139/552 1316/1140/552
f 1318/1136/550 3129/1137/551 1317/1138/551
f 1319/1134/549 3130/1135/550 1318/1136/550
f 1320/1130/547 3131/1133/548 1319/1134/549
f 1320/1130/547 3133/1129/546 3132/1132/547
f 1322/1128/545 3133/1129/546 1321/1131/546
f 1323/1126/544 3134/1127/545 1322/1128/545
f 1324/1124/543 3135/1125/544 1323/1126/544
f 1325/1122/542 3136/1123/543 1324/1124/543
f 1326/1120/541 3137/1121/542 1325/1122/542
f 1327/1118/540 3138/1119/541 1326/1120/541
f 1328/1116/539 3139/1117/540 1327/1118/540
f 1329/1112/538 3140/1115/539 1328/1116/539
f 1329/1112/538 3142/1111/537 3141/1114/538
f 1331/1110/536 3142/1111/537 1330/1113/537
f 1332/1108/535 3143/1109/536 1331/1110/536
f 1333/1106/534 3144/1107/535 1332/1108/535
f 1334/1104/533 3145/1105/534 1333/1106/534
f 1335/1102/532 3146/1103/533 1334/1104/533
f 1336/1098/531 3147/1101/532 1335/1102/532
f 1336/1098/531 3149/1099/530 3148/1100/531
f 1337/1096/530 3150/1095/529 3149/1099/530
f 1339/1094/528 3150/1095/529 1338/1097/529
f 1340/1091/527 3151/1093/528 1339/1094/528
f 1340/1091/527 3153/244/526 3152/1092/527
f 1342/1090/525 3153/244/526 1341/245/526
f 1343/1088/524 3154/1089/525 1342/1090/525
f 1344/1086/523 3155/1087/524 1343/1088/524
f 1345/1084/522 3156/1085/523 1344/1086/523
f 1346/1082/521 3157/1083/522 1345/1084/522
f 1347/1080/520 3158/1081/521 1346/1082/521
f 1348/1076/519 3159/1079/520 1347/1080/520
f 1348/1076/519 3161/1075/311 3160/1078/519
f 1350/1072/518 3161/1075/311 1349/1077/311
f 1350/1072/518 3163/1071/517 3162/1074/518
f 1352/1070/516 3163/1071/517 1351/1073/517
f 1353/1068/515 3164/1069/516 1352/1070/516
f 1354/1066/514 3165/1067/515 1353/1068/515
f 1355/1064/513 3166/1065/514 1354/1066/514
f 1356/1060/512 3167/1063/513 1355/1064/513
f 1356/1060/512 3169/1059/511 3168/1062/512
f 1358/1058/510 3169/1059/511 1357/1061/511
f 1359/1056/509 3170/1057/510 1358/1058/510
f 1360/1053/508 3171/1055/509 1359/1056/509
f 1360/4407/112 1359/1371/112 1361/4408/112
f 1359/1371/112 1362/4409/1813 1361/4408/112
f 1359/1371/112 1363/1396/112 1362/4409/1813
f 1365/1052/506 3176/236/507 1364/918/507
f 1364/237/507 3224/982/449 1412/981/449
f 1366/1050/505 3177/1051/506 1365/1052/506
f 1367/1048/504 3178/1049/505 1366/1050/505
f 1368/1046/503 3179/1047/504 1367/1048/504
f 1369/312/502 3180/1045/503 1368/1046/503
f 1370/921/501 3181/311/502 1369/312/502
f 1371/1043/500 3182/1044/501 1370/921/501
f 1372/1041/499 3183/1042/500 1371/1043/500
f 1373/1039/498 3184/1040/499 1372/1041/499
f 1374/1037/497 3185/1038/498 1373/1039/498
f 1375/1033/496 3186/1036/497 1374/1037/497
f 1375/1033/496 3188/922/495 3187/1035/496
f 1377/1032/494 3188/922/495 1376/1034/495
f 1378/1030/493 3189/1031/494 1377/1032/494
f 1379/298/492 3190/1029/493 1378/1030/493
f 1380/1028/491 3191/297/492 1379/298/492
f 1381/1025/490 3192/1027/491 1380/1028/491
f 1381/1025/490 3194/883/489 3193/1026/490
f 1383/1024/488 3194/883/489 1382/881/489
f 1384/285/487 3195/1023/488 1383/1024/488
f 1385/1022/486 3196/284/487 1384/285/487
f 1386/1020/485 3197/1021/486 1385/1022/486
f 1387/1018/484 3198/1019/485 1386/1020/485
f 1388/871/483 3199/1017/484 1387/1018/484
f 1389/1016/482 3200/873/483 1388/871/483
f 1390/1014/481 3201/1015/482 1389/1016/482
f 1391/1012/480 3202/1013/481 1390/1014/481
f 1392/1010/479 3203/1011/480 1391/1012/480
f 1393/1008/477 3204/1009/478 1392/1010/479
f 1394/186/476 3205/1007/477 1393/1008/477
f 1395/1006/474 3206/185/475 1394/186/476
f 1396/1004/473 3207/1005/474 1395/1006/474
f 1397/1002/472 3208/1003/473 1396/1004/473
f 1398/1000/471 3209/1001/472 1397/1002/472
f 1399/268/470 3210/999/471 1398/1000/471
f 1400/998/468 3211/266/469 1399/268/470
f 1401/855/466 3212/997/467 1400/998/468
f 1402/996/464 3213/854/465 1401/855/466
f 1403/245/463 3214/995/464 1402/996/464
f 1404/994/462 3215/244/463 1403/245/463
f 1405/992/460 3216/993/461 1404/994/462
f 1406/990/458 3217/991/459 1405/992/460
f 1407/845/456 3218/989/457 1406/990/458
f 1408/929/455 3219/844/456 1407/845/456
f 1409/987/453 3220/988/454 1408/929/455
f 1410/986/452 3221/476/453 1409/987/453
f 1411/984/450 3222/985/451 1410/986/452
f 1412/981/449 3223/983/450 1411/984/450
f 1413/237/335 3279/239/355 1467/928/355
f 1436/931/291 1425/946/112 1466/949/112
f 1414/420/333 3225/236/335 1413/918/335
f 1415/320/425 3226/321/334 1414/420/333
f 1416/233/424 3227/319/425 1415/320/425
f 1417/318/423 3228/232/424 1416/233/424
f 1418/316/420 3229/317/423 1417/318/423
f 1418/316/420 3231/228/326 3230/315/422
f 1420/314/419 3231/228/326 1419/229/421
f 1421/312/418 3232/313/325 1420/314/419
f 1422/225/321 3233/311/417 1421/312/418
f 1423/310/416 3234/224/321 1422/225/321
f 1424/303/415 3235/309/416 1423/310/416
f 1425/301/414 3236/302/415 1424/303/415
f 1426/298/413 3237/299/414 1425/301/414
f 1427/294/411 3238/297/413 1426/298/413
f 1427/294/411 3240/293/410 3239/296/411
f 1429/212/409 3240/293/410 1428/295/412
f 1430/291/407 3241/292/408 1429/212/409
f 1431/289/405 3242/290/406 1430/291/407
f 1432/210/404 3243/288/405 1431/289/405
f 1433/287/222 3244/209/403 1432/210/404
f 1434/285/401 3245/286/402 1433/287/222
f 1435/206/398 3246/284/400 1434/285/401
f 1435/206/398 3248/283/397 3247/205/398
f 1437/930/112 1439/932/297 1438/4410/1314
f 1437/282/396 3248/283/397 1436/281/399
f 1438/279/395 3249/280/396 1437/282/396
f 1439/186/393 3250/278/394 1438/279/395
f 1440/277/391 3251/185/392 1439/186/393
f 1441/275/390 3252/276/391 1440/277/391
f 1442/182/388 3253/274/389 1441/275/390
f 1443/271/386 3254/181/387 1442/182/388
f 1444/272/384 3255/273/385 1443/271/386
f 1445/178/382 3256/270/383 1444/272/384
f 1446/267/380 3257/177/381 1445/178/382
f 1447/268/378 3258/269/379 1446/267/380
f 1448/174/376 3259/266/377 1447/268/378
f 1449/265/375 3260/173/376 1448/174/376
f 1450/261/374 3261/264/375 1449/265/375
f 1451/259/373 3262/263/374 1450/261/374
f 1452/260/372 3263/421/373 1451/259/373
f 1453/257/371 3264/258/372 1452/260/372
f 1454/255/370 3265/256/371 1453/257/371
f 1455/253/368 3266/254/369 1454/255/370
f 1456/251/366 3267/252/367 1455/253/368
f 1457/249/365 3268/250/366 1456/251/366
f 1458/160/363 3269/248/364 1457/249/365
f 1459/247/361 3270/159/362 1458/160/363
f 1460/245/360 3271/246/361 1459/247/361
f 1461/156/359 3272/244/360 1460/245/360
f 1462/242/357 3273/155/358 1461/156/359
f 1463/241/356 3274/243/357 1462/242/357
f 1463/4411/1825 1462/964/297 1464/4412/1826
f 1462/964/297 1465/4413/112 1464/4412/1826
f 1465/4413/112 1462/964/297 1466/949/112
f 1466/927/351 3279/239/355 3278/926/351
f 1468/237/353 3310/838/303 1498/837/303
f 1468/4414/1827 1498/892/297 1469/4415/1828
f 1469/919/351 1470/921/351 3281/917/351
f 1498/892/297 1470/4416/1829 1469/4415/1828
f 1470/4416/1829 1498/892/297 1471/899/112
f 1476/890/112 1472/910/112 1484/891/112
f 1472/887/336 3285/886/335 3284/924/354
f 1474/885/334 3285/886/335 1473/888/337
f 1475/881/332 3286/884/333 1474/885/334
f 1475/881/332 3288/880/331 3287/883/332
f 1477/879/330 3288/880/331 1476/882/331
f 1478/877/328 3289/878/329 1477/879/330
f 1479/875/326 3290/876/327 1478/877/328
f 1480/871/323 3291/874/326 1479/875/326
f 1480/871/323 3293/870/322 3292/873/325
f 1482/869/321 3293/870/322 1481/872/324
f 1483/867/320 3294/868/321 1482/869/321
f 1484/863/319 3295/866/320 1483/867/320
f 1484/863/319 3297/862/56 3296/865/319
f 1486/861/259 3297/862/259 1485/864/259
f 1487/859/318 3298/860/110 1486/861/110
f 1488/857/317 3299/858/318 1487/859/318
f 1489/855/316 3300/856/317 1488/857/317
f 1490/851/313 3301/854/315 1489/855/316
f 1490/851/313 3303/850/312 3302/853/313
f 1492/849/311 3303/850/312 1491/852/314
f 1493/847/310 3304/848/311 1492/849/311
f 1494/845/309 3305/846/310 1493/847/310
f 1495/843/307 3306/844/308 1494/845/309
f 1496/841/306 3307/842/307 1495/843/307
f 1497/836/302 3308/840/305 1496/841/306
f 1497/836/302 3310/838/303 3309/839/304
f 1499/237/290 3364/624/231 1552/623/231
f 1542/822/112 1601/776/112 1600/770/112
f 1500/767/289 3311/236/290 1499/918/290
f 1500/767/289 3313/725/284 3312/769/289
f 1569/733/112 1568/726/112 1526/728/112
f 1502/724/283 3313/725/284 1501/768/284
f 1503/722/282 3314/723/283 1502/724/283
f 1504/720/281 3315/721/282 1503/722/282
f 1505/718/280 3316/719/281 1504/720/281
f 1506/716/279 3317/717/280 1505/718/280
f 1507/714/278 3318/715/279 1506/716/279
f 1508/712/277 3319/713/278 1507/714/278
f 1509/710/276 3320/711/277 1508/712/277
f 1510/706/275 3321/709/276 1509/710/276
f 1510/706/275 3323/705/274 3322/708/275
f 1512/704/228 3323/705/274 1511/707/274
f 1513/702/227 3324/703/228 1512/704/228
f 1514/700/273 3325/701/227 1513/702/227
f 1515/698/271 3326/699/272 1514/700/273
f 1516/696/269 3327/697/270 1515/698/271
f 1517/694/267 3328/695/268 1516/696/269
f 1518/692/265 3329/693/266 1517/694/267
f 1519/690/264 3330/691/265 1518/692/265
f 1520/688/263 3331/689/264 1519/690/264
f 1521/686/262 3332/687/217 1520/688/263
f 1522/684/213 3333/685/262 1521/686/262
f 1523/682/260 3334/683/261 1522/684/213
f 1524/680/211 3335/681/260 1523/682/260
f 1525/678/56 3336/679/211 1524/680/211
f 1526/676/259 3337/677/259 1525/678/259
f 1527/674/258 3338/675/110 1526/676/110
f 1528/672/257 3339/673/258 1527/674/258
f 1529/670/256 3340/671/257 1528/672/257
f 1530/668/255 3341/669/256 1529/670/256
f 1531/666/254 3342/667/255 1530/668/255
f 1532/664/252 3343/665/253 1531/666/254
f 1533/662/251 3344/663/252 1532/664/252
f 1534/660/250 3345/661/251 1533/662/251
f 1535/658/249 3346/659/250 1534/660/250
f 1536/656/248 3347/657/249 1535/658/249
f 1537/654/247 3348/655/248 1536/656/248
f 1538/652/245 3349/653/246 1537/654/247
f 1539/650/244 3350/651/245 1538/652/245
f 1540/648/243 3351/649/244 1539/650/244
f 1541/646/242 3352/647/243 1540/648/243
f 1542/644/241 3353/645/242 1541/646/242
f 1543/640/240 3354/643/241 1542/644/241
f 1543/640/240 3356/639/239 3355/642/240
f 1545/638/238 3356/639/239 1544/641/239
f 1546/636/237 3357/637/238 1545/638/238
f 1547/634/236 3358/635/237 1546/636/237
f 1548/632/235 3359/633/236 1547/634/236
f 1549/628/234 3360/631/235 1548/632/235
f 1549/628/234 3362/629/233 3361/630/234
f 1550/626/233 3363/625/232 3362/629/233
f 1552/623/231 3363/625/232 1551/627/232
f 1553/237/230 3416/528/167 1605/527/167
f 1554/622/229 3365/236/230 1553/918/230
f 1555/620/227 3366/621/228 1554/622/229
f 1556/616/224 3367/619/226 1555/620/227
f 1556/616/224 3369/615/223 3368/618/224
f 1558/614/222 3369/615/223 1557/617/225
f 1559/612/221 3370/613/222 1558/614/222
f 1560/610/219 3371/611/220 1559/612/221
f 1561/608/218 3372/609/219 1560/610/219
f 1562/606/217 3373/607/218 1561/608/218
f 1563/604/215 3374/605/216 1562/606/217
f 1564/602/214 3375/603/215 1563/604/215
f 1565/298/212 3376/601/213 1564/602/214
f 1566/600/211 3377/297/212 1565/298/212
f 1567/597/56 3379/596/210 3378/599/211
f 1569/595/209 3379/596/210 1568/598/210
f 1570/591/207 3380/594/209 1569/595/209
f 1570/591/207 3382/590/206 3381/593/208
f 1572/589/205 3382/590/206 1571/592/206
f 1573/587/203 3383/588/204 1572/589/205
f 1574/585/202 3384/586/203 1573/587/203
f 1575/583/201 3385/584/202 1574/585/202
f 1576/581/199 3386/582/200 1575/583/201
f 1577/579/197 3387/580/198 1576/581/199
f 1578/186/195 3388/578/196 1577/579/197
f 1579/577/193 3389/185/194 1578/186/195
f 1580/575/192 3390/576/193 1579/577/193
f 1581/571/190 3391/574/191 1580/575/192
f 1581/571/190 3393/570/189 3392/573/190
f 1583/569/188 3393/570/189 1582/572/189
f 1584/567/187 3394/568/188 1583/569/188
f 1585/565/186 3395/566/187 1584/567/187
f 1586/563/185 3396/564/186 1585/565/186
f 1587/561/184 3397/562/185 1586/563/185
f 1588/559/183 3398/560/184 1587/561/184
f 1589/557/182 3399/558/183 1588/559/183
f 1590/260/181 3400/556/182 1589/557/182
f 1590/260/181 3402/554/180 3401/258/181
f 1592/553/179 3402/554/180 1591/555/180
f 1593/551/178 3403/552/179 1592/553/179
f 1594/549/177 3404/550/178 1593/551/178
f 1595/547/176 3405/548/177 1594/549/177
f 1596/543/175 3406/546/176 1595/547/176
f 1596/543/175 3408/542/174 3407/545/175
f 1598/541/173 3408/542/174 1597/544/174
f 1599/539/172 3409/540/173 1598/541/173
f 1600/537/171 3410/538/172 1599/539/172
f 1601/535/170 3411/536/171 1600/537/171
f 1602/533/169 3412/534/170 1601/535/170
f 1603/531/168 3413/532/169 1602/533/169
f 1604/526/166 3414/530/168 1603/531/168
f 1604/526/166 3416/528/167 3415/529/166
f 1607/420/122 3417/236/123 1606/918/123
f 1668/493/112 1667/427/112 1623/524/112
f 1606/237/123 3469/239/70 1658/928/70
f 1608/320/121 3418/321/122 1607/420/122
f 1609/233/164 3419/319/165 1608/320/121
f 1609/233/164 3421/317/163 3420/232/164
f 1611/316/162 3421/317/163 1610/318/163
f 1612/229/161 3422/315/162 1611/316/162
f 1613/314/160 3423/228/161 1612/229/161
f 1614/312/159 3424/313/160 1613/314/160
f 1615/225/158 3425/311/159 1614/312/159
f 1616/310/157 3426/224/158 1615/225/158
f 1617/303/111 3427/309/157 1616/310/157
f 1617/303/111 3429/299/109 3428/302/111
f 1619/298/156 3429/299/109 1618/301/109
f 1620/294/155 3430/297/156 1619/298/156
f 1621/295/154 3431/296/155 1620/294/155
f 1622/212/153 3432/293/154 1621/295/154
f 1623/291/152 3433/292/153 1622/212/153
f 1624/289/151 3434/290/152 1623/291/152
f 1625/210/150 3435/288/151 1624/289/151
f 1626/287/149 3436/209/150 1625/210/150
f 1627/285/148 3437/286/149 1626/287/149
f 1628/206/99 3438/284/148 1627/285/148
f 1629/281/98 3439/205/99 1628/206/99
f 1630/282/97 3440/283/98 1629/281/98
f 1631/279/96 3441/280/97 1630/282/97
f 1632/186/95 3442/278/96 1631/279/96
f 1633/277/147 3443/185/95 1632/186/95
f 1634/275/146 3444/276/147 1633/277/147
f 1635/182/145 3445/274/93 1634/275/146
f 1636/271/91 3446/181/145 1635/182/145
f 1637/272/144 3447/273/91 1636/271/91
f 1638/178/143 3448/270/144 1637/272/144
f 1639/267/142 3449/177/143 1638/178/143
f 1640/268/87 3450/269/142 1639/267/142
f 1641/174/141 3451/266/87 1640/268/87
f 1641/174/141 3453/264/85 3452/173/141
f 1643/261/84 3453/264/85 1642/265/85
f 3455/426/56 3454/263/84 1644/166/56
f 1695/424/112 1694/508/112 1645/425/112
f 1646/260/82 3456/421/83 1645/259/83
f 1647/257/81 3457/258/82 1646/260/82
f 1648/255/80 3458/256/81 1647/257/81
f 1649/253/79 3459/254/80 1648/255/80
f 1650/251/78 3460/252/79 1649/253/79
f 1651/249/77 3461/250/78 1650/251/78
f 1652/160/140 3462/248/77 1651/249/77
f 1653/247/75 3463/159/140 1652/160/140
f 1654/245/74 3464/246/75 1653/247/75
f 1655/156/73 3465/244/74 1654/245/74
f 1656/242/72 3466/155/73 1655/156/73
f 1656/242/72 3468/240/71 3467/243/72
f 3469/239/70 1657/241/71 1658/928/70
f 1708/137/17 3470/238/69 3519/138/17
f 1660/235/139 3470/236/69 1659/918/69
f 1661/233/67 3471/234/139 1660/235/139
f 1662/231/66 3472/232/67 1661/233/67
f 1663/229/65 3473/230/66 1662/231/66
f 1664/227/138 3474/228/65 1663/229/65
f 1665/225/137 3475/226/138 1664/227/138
f 1666/223/136 3476/224/137 1665/225/137
f 1667/221/135 3477/222/136 1666/223/136
f 1668/219/134 3478/220/135 1667/221/135
f 1669/217/133 3479/218/134 1668/219/134
f 1670/215/57 3480/216/133 1669/217/133
f 1671/213/55 3481/214/57 1670/215/57
f 1672/210/54 3482/211/55 1671/213/55
f 1673/208/53 3483/209/54 1672/210/54
f 1674/206/52 3484/207/53 1673/208/53
f 1675/202/50 3485/205/132 1674/206/52
f 1676/203/51 3486/204/50 1675/202/50
f 1677/200/48 3487/201/49 1676/203/51
f 1678/198/47 3488/199/48 1677/200/48
f 1679/196/46 3489/197/47 1678/198/47
f 1680/194/45 3490/195/46 1679/196/46
f 1681/192/44 3491/193/45 1680/194/45
f 1682/190/43 3492/191/44 1681/192/44
f 1683/188/42 3493/189/43 1682/190/43
f 1684/186/131 3494/187/42 1683/188/42
f 1685/184/40 3495/185/131 1684/186/131
f 1686/182/39 3496/183/40 1685/184/40
f 1687/180/38 3497/181/39 1686/182/39
f 1688/178/37 3498/179/38 1687/180/38
f 1689/176/36 3499/177/37 1688/178/37
f 1690/174/35 3500/175/36 1689/176/36
f 1691/172/34 3501/173/35 1690/174/35
f 1692/170/33 3502/171/34 1691/172/34
f 1693/168/32 3503/169/33 1692/170/33
f 1694/166/31 3504/167/32 1693/168/32
f 1694/166/31 3506/163/30 3505/165/31
f 1696/162/29 3506/163/30 1695/164/30
f 1697/160/130 3507/161/29 1696/162/29
f 1698/158/129 3508/159/130 1697/160/130
f 1699/156/128 3509/157/129 1698/158/129
f 1700/154/127 3510/155/128 1699/156/128
f 1701/152/126 3511/153/127 1700/154/127
f 1702/150/125 3512/151/126 1701/152/126
f 1702/150/125 3514/147/124 3513/149/125
f 1704/146/21 3514/147/124 1703/148/124
f 1705/144/20 3515/145/21 1704/146/21
f 1706/142/19 3516/143/20 1705/144/20
f 1707/140/18 3517/141/19 1706/142/19
f 1708/137/17 3518/139/18 1707/140/18
f 1710/420/122 3520/236/123 1709/918/123
f 1803/324/112 1802/405/112 1742/406/112
f 1709/237/123 3572/239/70 1761/928/70
f 1711/320/121 3521/321/122 1710/420/122
f 1712/233/120 3522/319/121 1711/320/121
f 1713/318/119 3523/232/120 1712/233/120
f 1714/316/118 3524/317/119 1713/318/119
f 1715/229/117 3525/315/118 1714/316/118
f 1716/314/116 3526/228/117 1715/229/117
f 1717/312/115 3527/313/116 1716/314/116
f 1718/225/114 3528/311/115 1717/312/115
f 1719/310/113 3529/224/114 1718/225/114
f 1720/303/111 3530/309/113 1719/310/113
f 1775/304/112 1721/306/112 1720/307/112
f 1721/300/110 3532/299/109 3531/302/111
f 1723/298/108 3532/299/109 1722/301/109
f 1724/294/107 3533/297/108 1723/298/108
f 1724/294/107 3535/293/106 3534/296/107
f 1726/212/105 3535/293/106 1725/295/106
f 1727/291/104 3536/292/105 1726/212/105
f 1728/289/103 3537/290/104 1727/291/104
f 1729/210/102 3538/288/103 1728/289/103
f 1730/287/101 3539/209/102 1729/210/102
f 1731/285/100 3540/286/101 1730/287/101
f 1732/206/99 3541/284/100 1731/285/100
f 1732/206/99 3543/283/98 3542/205/99
f 1733/281/98 3544/280/97 3543/283/98
f 1735/279/96 3544/280/97 1734/282/97
f 1736/186/95 3545/278/96 1735/279/96
f 1737/277/94 3546/185/95 1736/186/95
f 1738/275/93 3547/276/94 1737/277/94
f 1739/182/92 3548/274/93 1738/275/93
f 1740/271/91 3549/181/92 1739/182/92
f 1740/271/91 3551/270/90 3550/273/91
f 1742/178/89 3551/270/90 1741/272/90
f 1743/267/88 3552/177/89 1742/178/89
f 1743/267/88 3554/266/87 3553/269/88
f 1745/174/86 3554/266/87 1744/268/87
f 1745/174/86 3556/264/85 3555/173/86
f 1747/261/84 3556/264/85 1746/265/85
f 1748/259/83 3559/421/83 3558/262/56
f 1748/259/83 3560/258/82 3559/421/83
f 1750/257/81 3560/258/82 1749/260/82
f 1751/255/80 3561/256/81 1750/257/81
f 1752/253/79 3562/254/80 1751/255/80
f 1753/251/78 3563/252/79 1752/253/79
f 1754/249/77 3564/250/78 1753/251/78
f 1755/160/76 3565/248/77 1754/249/77
f 1756/247/75 3566/159/76 1755/160/76
f 1757/245/74 3567/246/75 1756/247/75
f 1758/156/73 3568/244/74 1757/245/74
f 1759/242/72 3569/155/73 1758/156/73
f 1759/242/72 3571/240/71 3570/243/72
f 3572/239/70 1760/241/71 1761/928/70
f 1762/237/69 3622/138/17 1812/137/17
f 1763/235/68 3573/236/69 1762/918/69
f 1764/233/67 3574/234/68 1763/235/68
f 1765/231/66 3575/232/67 1764/233/67
f 1766/229/65 3576/230/66 1765/231/66
f 1767/227/64 3577/228/65 1766/229/65
f 1768/225/63 3578/226/64 1767/227/64
f 1769/223/62 3579/224/63 1768/225/63
f 1770/221/61 3580/222/62 1769/223/62
f 1771/219/59 3581/220/60 1770/221/61
f 1772/217/58 3582/218/59 1771/219/59
f 1773/215/57 3583/216/58 1772/217/58
f 1774/212/56 3585/211/55 3584/214/57
f 1776/210/54 3585/211/55 1775/213/55
f 1777/208/53 3586/209/54 1776/210/54
f 1778/206/52 3587/207/53 1777/208/53
f 1779/202/50 3588/205/52 1778/206/52
f 1779/202/50 3590/201/49 3589/204/50
f 1781/200/48 3590/201/49 1780/203/51
f 1782/198/47 3591/199/48 1781/200/48
f 1783/196/46 3592/197/47 1782/198/47
f 1784/194/45 3593/195/46 1783/196/46
f 1785/192/44 3594/193/45 1784/194/45
f 1786/190/43 3595/191/44 1785/192/44
f 1787/188/42 3596/189/43 1786/190/43
f 1788/186/41 3597/187/42 1787/188/42
f 1789/184/40 3598/185/41 1788/186/41
f 1790/182/39 3599/183/40 1789/184/40
f 1791/180/38 3600/181/39 1790/182/39
f 1792/178/37 3601/179/38 1791/180/38
f 1793/176/36 3602/177/37 1792/178/37
f 1794/174/35 3603/175/36 1793/176/36
f 1795/172/34 3604/173/35 1794/174/35
f 1796/170/33 3605/171/34 1795/172/34
f 1797/168/32 3606/169/33 1796/170/33
f 1798/166/31 3607/167/32 1797/168/32
f 1799/164/30 3608/165/31 1798/166/31
f 1800/162/29 3609/163/30 1799/164/30
f 1801/160/28 3610/161/29 1800/162/29
f 1802/158/27 3611/159/28 1801/160/28
f 1803/156/26 3612/157/27 1802/158/27
f 1804/154/25 3613/155/26 1803/156/26
f 1805/152/24 3614/153/25 1804/154/25
f 1806/150/23 3615/151/24 1805/152/24
f 1807/148/22 3616/149/23 1806/150/23
f 1808/146/21 3617/147/22 1807/148/22
f 1809/144/20 3618/145/21 1808/146/21
f 1810/142/19 3619/143/20 1809/144/20
f 1811/140/18 3620/141/19 1810/142/19
f 1812/137/17 3621/139/18 1811/140/18
f 1813/4417/1 1814/4418/1 1842/112/8
f 1814/4418/1 1815/135/1 1842/112/8
f 1815/135/1 1817/115/1 1842/112/8
f 1833/111/1 1837/120/2 1841/116/12
f 2007/4419/1 2008/4225/1 2181/4228/1
f 2284/3373/1 2285/3370/1 2208/3364/1
f 2259/3321/1 2260/3320/1 2234/3319/1
f 2425/3217/1 2426/3225/1 2488/4420/1
f 2399/2929/1 2350/4421/1 2398/2930/1
f 2406/4422/1 2350/4421/1 2405/2947/1
f 2406/4422/1 2407/4423/1 2350/4421/1
f 2445/3258/16 2446/4424/1 2444/3268/1
f 2446/4424/1 2447/4425/1 2444/3268/1
f 2619/2484/1 2557/2483/1 2618/2482/1
f 2568/2399/1 2678/2398/2 2679/2397/1
f 2772/2228/1 2773/2224/1 2716/2229/1
f 2741/4388/1 2742/4389/1 2740/2374/1
f 2742/4389/1 2743/4426/1 2740/2374/1
f 2743/4426/1 2744/2325/1 2740/2374/1
f 2923/1811/1 3031/1909/1 3032/1907/1
f 2924/4427/1 2925/4428/1 3026/4403/1
f 3027/1814/1830 2924/4429/1830 3026/4403/1830
f 1813/236/1831 2/4404/351 1814/4430/351
f 3013/1793/2 3017/1798/2 3025/1794/1
f 2952/4431/1 2953/4432/1 2951/4433/1
f 2953/4432/1 2954/4395/1 2951/4433/1
f 2955/4434/1832 2951/4433/1 2954/4395/1
f 2956/1660/1 3011/4435/1833 2951/4433/1
f 3011/4435/1833 3012/4436/1 2951/4433/1
f 3009/4437/8 2957/1658/4 2958/4438/7
f 2982/4439/1834 2983/4401/1 2980/4440/1
f 2980/4440/1 2981/4400/1 2982/4439/1834
f 2983/4401/1 2984/4441/1 2980/4440/1
f 2985/997/1835 2980/4440/1 2984/4441/1
f 2987/1609/8 2985/997/1835 2986/1608/1
f 3055/1403/1836 3171/4442/1 3175/1396/1837
f 3148/1342/1 3149/1345/1 3071/1346/1
f 3206/4443/1 3085/1322/1 3205/4444/2
f 3122/1423/8 3124/1313/1838 3083/1385/1
f 3179/1337/1 3180/1339/1 3101/1336/1
f 3172/4407/1839 3173/4445/1 3171/4442/1
f 3173/4445/1 3174/4446/1 3171/4442/1
f 3174/4446/1 3175/1396/1837 3171/4442/1
f 3239/947/1 3243/945/1 3247/948/2
f 3276/4447/1 3277/4448/1 3274/4449/1
f 3274/4449/1 3275/4450/1 3276/4447/1
f 3277/4448/1 3278/4451/1 3274/4449/1
f 3280/4414/1840 3281/4415/1841 3310/4452/2
f 3281/4415/1841 3282/4453/1 3310/4452/2
f 3282/4453/1 3283/4454/1 3310/4452/2
f 3283/4454/1 3285/911/1 3310/4452/2
f 3293/4455/8 3295/897/1 3289/914/1
f 3317/762/1 3401/790/1 3402/789/1
f 3339/827/1 3374/4456/1836 3338/4457/1
f 3491/442/1 3492/447/1 3417/441/1
f 3516/465/1 3517/473/1 3443/464/1
f 3588/360/1 3589/365/1 3524/414/1
f 3612/405/1 3613/324/1 3556/382/1
f 14/4458/1842 13/4376/1808 16/127/112
f 16/127/112 15/4459/720 14/4458/1842
f 3/4405/351 4/4379/351 1815/4380/351
f 4/4379/351 5/887/1803 1816/924/191
f 1814/4430/351 2/4404/351 1815/4380/351
f 1813/236/1831 1/918/1809 2/4404/351
f 1/237/1809 1813/238/1831 1842/838/1775
f 2152/2/1 2153/4115/1 2033/4460/1
f 2033/4460/1 2153/4115/1 2032/4114/1
f 2153/4115/1 2154/4209/1 2032/4114/1
f 2154/4209/1 2155/4185/1 2031/4461/1
f 2031/4461/1 2155/4185/1 2030/4187/1
f 2155/4185/1 2156/4210/1 2030/4187/1
f 2156/4210/1 2157/4462/1 2029/4463/1
f 2029/4463/1 2157/4462/1 2028/4189/1
f 2157/4462/1 2158/4188/1 2028/4189/1
f 2158/4188/1 2159/4107/1 2027/4464/1
f 2027/4464/1 2159/4107/1 2026/4108/1
f 2159/4107/1 2160/4211/1 2025/4109/1
f 2160/4211/1 2161/4465/1 2024/4101/1
f 2159/4107/1 2025/4109/1 2026/4108/1
f 2161/4465/1 2162/4212/1 2023/4466/1
f 2162/4212/1 2163/4191/1 2022/4192/1
f 2163/4191/1 2164/4213/1 2021/4193/1
f 2164/4213/1 2165/4467/1 2021/4193/1
f 2161/4465/1 2023/4466/1 2024/4101/1
f 2165/4467/1 2166/4214/1 2020/4196/1
f 2166/4214/1 2167/4215/1 2019/4468/1
f 2167/4215/1 2168/4093/1 2019/4468/1
f 2168/4093/1 2169/4194/1 2018/4469/1
f 2163/4191/1 2021/4193/1 2022/4192/1
f 2169/4194/1 2170/4470/1 2017/4471/1
f 2170/4470/1 2171/4090/1 2017/4471/1
f 2171/4090/1 2172/4217/1 2016/4472/1
f 2172/4217/1 2173/4220/1 2015/4218/1
f 2020/4196/1 2166/4214/1 2019/4468/1
f 2173/4220/1 2174/4473/1 2014/4474/1
f 2021/4193/1 2165/4467/1 2020/4196/1
f 2162/4212/1 2022/4192/1 2023/4466/1
f 2160/4211/1 2024/4101/1 2025/4109/1
f 2140/25/1 2047/23/1 2048/27/1
f 2066/4164/1 2126/56/1 2065/4165/1
f 2123/59/1 2125/58/1 2101/81/1
f 2111/71/1 2113/69/2 2119/64/1
f 2113/69/2 2115/66/3 2119/64/1
f 2101/81/1 2103/78/8 2107/76/1
f 2119/64/1 2101/81/1 2107/76/1
f 2091/91/1 2093/89/1 2087/94/1
f 2093/89/1 2095/86/1 2087/94/1
f 2079/103/1 2081/101/1 2099/83/1
f 2081/101/1 2083/100/1 2099/83/1
f 2075/107/1 2077/105/1 2099/83/1
f 2077/105/1 2079/103/1 2099/83/1
f 2074/84/1 2075/107/1 2099/83/1
f 2083/100/1 2087/94/1 2099/83/1
f 2095/86/1 2099/83/1 2087/94/1
f 2107/76/1 2111/71/1 2119/64/1
f 2126/56/1 2066/4164/1 2067/4166/1
f 2138/29/1 2049/28/1 2050/31/1
f 2142/24/1 2045/19/1 2046/22/1
f 2158/4188/1 2027/4464/1 2028/4189/1
f 2174/4473/1 2175/4224/1 2014/4474/1
f 2065/4165/1 2126/56/1 2064/4202/1
f 2126/56/1 2067/4166/1 2068/4170/1
f 2074/84/1 2100/55/1 2073/4178/1
f 2073/4178/1 2100/55/1 2072/57/1
f 2175/4224/1 2176/4084/1 2013/4085/1
f 2072/57/1 2126/56/1 2071/4475/1
f 2019/4468/1 2168/4093/1 2018/4469/1
f 2176/4084/1 2177/4087/1 2012/4083/1
f 2071/4475/1 2126/56/1 2070/4182/1
f 2070/4182/1 2126/56/1 2069/4171/1
f 2186/4476/1 2187/4255/1 1855/4306/1
f 2187/4255/1 2188/4477/1 1852/4478/1
f 2188/4477/1 2189/4479/1 2190/4480/1
f 2190/4480/1 2191/4481/7 2188/4477/1
f 2191/4481/7 2192/4315/1 2188/4477/1
f 2192/4315/1 2193/4482/1843 2194/4316/1
f 2194/4316/1 2195/4317/6 2196/4318/1
f 2196/4318/1 2197/4483/1 2198/4484/1
f 2198/4484/1 1843/4309/1 2196/4318/1
f 1843/4309/1 1844/4485/1 2196/4318/1
f 1844/4485/1 1845/4486/1 1846/4487/1
f 1846/4487/1 1847/4488/1844 1848/4489/1
f 1848/4489/1 1849/4490/16 1850/4491/3
f 1850/4491/3 1851/4492/1 1852/4478/1
f 1852/4478/1 1853/4493/1 1854/4494/1
f 1854/4494/1 1855/4306/1 2187/4255/1
f 1855/4306/1 1856/4098/1 2186/4476/1
f 1856/4098/1 1857/4112/1 1994/4110/1
f 1857/4112/1 1858/4117/1 1993/4111/1
f 1856/4098/1 1994/4110/1 1995/4106/1
f 1858/4117/1 1859/4328/1 1992/4116/1
f 1859/4328/1 1860/4121/1 1991/4122/1
f 1858/4117/1 1992/4116/1 1993/4111/1
f 1860/4121/1 1861/4329/1 1990/4120/1
f 1861/4329/1 1862/4126/1 1989/4127/1
f 1989/4127/1 1862/4126/1 1988/4125/1
f 1862/4126/1 1863/4330/1 1988/4125/1
f 1863/4330/1 1864/4132/1 1987/4133/1
f 1987/4133/1 1864/4132/1 1986/4131/1
f 1864/4132/1 1865/4331/1 1986/4131/1
f 1865/4331/1 1866/4304/1 1985/4305/1
f 1985/4305/1 1866/4304/1 1984/4303/1
f 1866/4304/1 1867/4495/1 1984/4303/1
f 1867/4495/1 1868/4496/1 1983/4497/1
f 1983/4497/1 1868/4496/1 1982/4301/1
f 1868/4496/1 1869/4300/1 1982/4301/1
f 1869/4300/1 1870/4140/1 1980/4498/1
f 1870/4140/1 1871/4335/1 1979/4139/1
f 1871/4335/1 1872/4302/1 1979/4139/1
f 1979/4139/1 1872/4302/1 1978/4141/1
f 1872/4302/1 1873/4143/1 1978/4141/1
f 1873/4143/1 1874/4147/1 1976/4144/1
f 1978/4141/1 1873/4143/1 1977/4142/1
f 1874/4147/1 1875/4297/1 1975/4146/1
f 1875/4297/1 1876/4151/1 1973/4152/1
f 1876/4151/1 1877/4298/1 1972/4150/1
f 1877/4298/1 1878/4257/1 1971/4295/1
f 1970/4258/1 1878/4257/1 1969/4259/1
f 1878/4257/1 1879/4499/1 1969/4259/1
f 1879/4499/1 1880/4157/1 1968/4158/1
f 1967/4156/1 1880/4157/1 1966/4159/1
f 1880/4157/1 1881/4294/1 1966/4159/1
f 1881/4294/1 1882/4500/1 1965/4252/1
f 1964/4250/1 1882/4500/1 1963/4290/1
f 1882/4500/1 1883/4289/1 1963/4290/1
f 1883/4289/1 1884/4291/1 1962/4288/1
f 1961/4292/1 1884/4291/1 1960/4285/1
f 1884/4291/1 1885/4284/1 1960/4285/1
f 1885/4284/1 1886/4163/1 1959/4161/1
f 1958/4162/1 1886/4163/1 1887/4286/1
f 1887/4286/1 1888/4169/1 1956/4167/1
f 1957/4287/1 1887/4286/1 1956/4167/1
f 1888/4169/1 1889/4173/1 1955/4168/1
f 1889/4173/1 1890/4177/1 1953/4174/1
f 1888/4169/1 1955/4168/1 1956/4167/1
f 1890/4177/1 1891/4281/1 1952/4176/1
f 1891/4281/1 1892/4180/1 1950/4181/1
f 1890/4177/1 1952/4176/1 1953/4174/1
f 1892/4180/1 1893/4283/1 1949/4179/1
f 1893/4283/1 1894/4260/1 1947/4261/1
f 1947/4261/1 1894/4260/1 1946/4262/1
f 1894/4260/1 1895/4280/1 1946/4262/1
f 1895/4280/1 1896/4230/1 1945/4231/1
f 1944/4229/1 1896/4230/1 1943/4232/1
f 1896/4230/1 1897/4501/1 1943/4232/1
f 1897/4501/1 1898/4248/1 1942/4249/1
f 1941/4502/1 1898/4248/1 1899/4278/1
f 1899/4278/1 1900/4338/1 1939/4277/1
f 1939/4277/1 1900/4338/1 1938/4337/1
f 1900/4338/1 1901/4339/1 1938/4337/1
f 1901/4339/1 1902/4243/1 1937/4263/1
f 1935/4242/1 1902/4243/1 1903/4503/1
f 1903/4503/1 1904/4266/1 1928/4270/1
f 1934/4244/1 1903/4503/1 1928/4270/1
f 1904/4266/1 1905/4504/9 1906/4341/1
f 1906/4341/1 1907/4505/3 1904/4266/1
f 1907/4505/3 1908/4342/1 1904/4266/1
f 1908/4342/1 1909/4275/1836 1910/4343/1
f 1910/4343/1 1911/4506/1 1908/4342/1
f 1911/4506/1 1912/4507/1 1908/4342/1
f 1912/4507/1 1913/4265/8 1914/4508/1
f 1914/4508/1 1915/4345/1 1912/4507/1
f 1915/4345/1 1916/4347/1 1912/4507/1
f 1916/4347/1 1917/4509/1 1918/4348/1
f 1918/4348/1 1919/4510/1 1920/4350/1
f 1920/4350/1 1921/4267/1 1924/4352/1
f 1921/4267/1 1922/4351/1 1924/4352/1
f 1922/4351/1 1923/4511/1 1924/4352/1
f 1924/4352/1 1925/4512/6 1926/4513/1836
f 1926/4513/1836 1927/4272/6 1928/4270/1
f 1928/4270/1 1929/4355/1 1931/4354/1
f 1929/4355/1 1930/4356/1 1931/4354/1
f 1924/4352/1 1926/4513/1836 1928/4270/1
f 1916/4347/1 1918/4348/1 1924/4352/1
f 1918/4348/1 1920/4350/1 1924/4352/1
f 1902/4243/1 1935/4242/1 1936/4241/1
f 1903/4503/1 1934/4244/1 1935/4242/1
f 1898/4248/1 1941/4502/1 1942/4249/1
f 1937/4263/1 1902/4243/1 1936/4241/1
f 1896/4230/1 1944/4229/1 1945/4231/1
f 1886/4163/1 1958/4162/1 1959/4161/1
f 1887/4286/1 1957/4287/1 1958/4162/1
f 1882/4500/1 1964/4250/1 1965/4252/1
f 1884/4291/1 1961/4292/1 1962/4288/1
f 1878/4257/1 1970/4258/1 1971/4295/1
f 1880/4157/1 1967/4156/1 1968/4158/1
f 1976/4144/1 1874/4147/1 1975/4146/1
f 1869/4300/1 1980/4498/1 1981/4299/1
f 1856/4098/1 1995/4106/1 1996/4105/1
f 1852/4478/1 1854/4494/1 2187/4255/1
f 1848/4489/1 1850/4491/3 1852/4478/1
f 1844/4485/1 1846/4487/1 1852/4478/1
f 1846/4487/1 1848/4489/1 1852/4478/1
f 2192/4315/1 2194/4316/1 1844/4485/1
f 2194/4316/1 2196/4318/1 1844/4485/1
f 2188/4477/1 2192/4315/1 1844/4485/1
f 2186/4476/1 1856/4098/1 2185/4246/1
f 1869/4300/1 1981/4299/1 1982/4301/1
f 1977/4142/1 1873/4143/1 1976/4144/1
f 1881/4294/1 1965/4252/1 1966/4159/1
f 1885/4284/1 1959/4161/1 1960/4285/1
f 1897/4501/1 1942/4249/1 1943/4232/1
f 1904/4266/1 1908/4342/1 1912/4507/1
f 1912/4507/1 1916/4347/1 1904/4266/1
f 1924/4352/1 1928/4270/1 1904/4266/1
f 1928/4270/1 1931/4354/1 1932/4271/1
f 1928/4270/1 1932/4271/1 1933/4269/1
f 1916/4347/1 1924/4352/1 1904/4266/1
f 1901/4339/1 1937/4263/1 1938/4337/1
f 1844/4485/1 1852/4478/1 2188/4477/1
f 2185/4246/1 1856/4098/1 2184/4514/1
f 1928/4270/1 1933/4269/1 1934/4244/1
f 2184/4514/1 1856/4098/1 2002/4240/1
f 1999/4099/1 1856/4098/1 1998/4103/1
f 2183/4515/1 2184/4514/1 2004/4237/1
f 1856/4098/1 1999/4099/1 2000/4516/1
f 2182/4517/1 2183/4515/1 2005/4518/1
f 1856/4098/1 2000/4516/1 2001/4519/1
f 1899/4278/1 1939/4277/1 1940/4279/1
f 2181/4228/1 2182/4517/1 2007/4419/1
f 1856/4098/1 2001/4519/1 2002/4240/1
f 2180/4226/1 2181/4228/1 2008/4225/1
f 1899/4278/1 1940/4279/1 1941/4502/1
f 2179/4223/1 2180/4226/1 2009/4222/1
f 2184/4514/1 2002/4240/1 2003/4520/1
f 2178/4521/1 2179/4223/1 2010/4522/1
f 2184/4514/1 2003/4520/1 2004/4237/1
f 2177/4087/1 2178/4521/1 2011/4086/1
f 2069/4171/1 2126/56/1 2068/4170/1
f 2064/4202/1 2126/56/1 2063/52/1
f 1895/4280/1 1945/4231/1 1946/4262/1
f 2062/51/1 2128/53/1 2061/54/1
f 1893/4283/1 1947/4261/1 1948/4282/1
f 1893/4283/1 1948/4282/1 1949/4179/1
f 2061/54/1 2129/49/1 2060/46/1
f 1892/4180/1 1949/4179/1 1950/4181/1
f 1950/4181/1 1951/1045/1 1891/4281/1
f 2059/48/1 2130/47/1 2058/44/1
f 1951/1045/1 1952/4176/1 1891/4281/1
f 2057/43/1 2132/45/1 2056/39/1
f 1953/4174/1 1954/4172/1 1889/4173/1
f 1954/4172/1 1955/4168/1 1889/4173/1
f 2055/38/1 2134/40/1 2054/41/1
f 2053/36/1 2054/41/1 2135/35/1
f 2052/32/1 2053/36/1 2136/34/1
f 1883/4289/1 1962/4288/1 1963/4290/1
f 2050/31/1 2051/33/1 2137/30/1
f 2044/18/1 2144/20/1 2043/4137/1
f 2043/4137/1 2144/20/1 2042/15/1
f 1879/4499/1 1968/4158/1 1969/4259/1
f 2041/14/1 2146/16/1 2040/11/1
f 2039/10/1 2148/12/1 2038/6/1
f 1877/4298/1 1971/4295/1 1972/4150/1
f 2037/5/1 2150/7/1 2036/8/1
f 1876/4151/1 1972/4150/1 1973/4152/1
f 1973/4152/1 1974/4296/1 1875/4297/1
f 1974/4296/1 1975/4146/1 1875/4297/1
f 2035/3/1 2036/8/1 2151/1/1
f 2034/4118/1 2035/3/1 2152/2/1
f 2033/4460/1 2034/4118/1 2152/2/1
f 1870/4140/1 1979/4139/1 1980/4498/1
f 2031/4461/1 2032/4114/1 2154/4209/1
f 1867/4495/1 1983/4497/1 1984/4303/1
f 2029/4463/1 2030/4187/1 2156/4210/1
f 1865/4331/1 1985/4305/1 1986/4131/1
f 2018/4469/1 2169/4194/1 2017/4471/1
f 1863/4330/1 1987/4133/1 1988/4125/1
f 1861/4329/1 1989/4127/1 1990/4120/1
f 2017/4471/1 2171/4090/1 2016/4472/1
f 2016/4472/1 2172/4217/1 2015/4218/1
f 1860/4121/1 1990/4120/1 1991/4122/1
f 1991/4122/1 1992/4116/1 1859/4328/1
f 2015/4218/1 2173/4220/1 2014/4474/1
f 1993/4111/1 1994/4110/1 1857/4112/1
f 2014/4474/1 2175/4224/1 2013/4085/1
f 1996/4105/1 1997/4523/1 1856/4098/1
f 2013/4085/1 2176/4084/1 2012/4083/1
f 1997/4523/1 1998/4103/1 1856/4098/1
f 2011/4086/1 2012/4083/1 2177/4087/1
f 2183/4515/1 2004/4237/1 2005/4518/1
f 2010/4522/1 2011/4086/1 2178/4521/1
f 2009/4222/1 2010/4522/1 2179/4223/1
f 2182/4517/1 2005/4518/1 2006/4233/1
f 2182/4517/1 2006/4233/1 2007/4419/1
f 2008/4225/1 2009/4222/1 2180/4226/1
f 2220/3344/1 2221/3346/1 2272/3315/1
f 2221/3346/1 2222/3314/1 2272/3315/1
f 2220/3344/1 2273/3345/1 2219/3347/1
f 2272/3315/1 2273/3345/1 2220/3344/1
f 2273/3345/1 2274/3299/1 2219/3347/1
f 2217/3303/1 2218/3297/1 2275/3298/1
f 2218/3297/1 2219/3347/1 2274/3299/1
f 2276/3304/1 2216/3348/1 2217/3303/1
f 2215/3309/1 2216/3348/1 2277/3311/1
f 2278/3310/1 2214/3349/1 2215/3309/1
f 2213/3354/1 2214/3349/1 2279/3350/1
f 2213/3354/1 2280/3353/1 2212/3351/1
f 2211/3366/1 2212/3351/1 2281/3352/1
f 2281/3352/1 2212/3351/1 2280/3353/1
f 2209/3365/1 2210/3357/1 2283/3355/1
f 2210/3357/1 2211/3366/1 2282/3356/1
f 2282/3356/1 2211/3366/1 2281/3352/1
f 2207/3363/1 2208/3364/1 2285/3370/1
f 2208/3364/1 2209/3365/1 2284/3373/1
f 2205/3361/1 2206/3362/1 2287/3367/1
f 2206/3362/1 2207/3363/1 2286/3369/1
f 2203/3358/1 2204/3360/1 2289/3376/1
f 2204/3360/1 2205/3361/1 2288/3368/1
f 2201/3374/1 2202/4524/1 2291/3372/1
f 2202/4524/1 2203/3358/1 2290/3371/1
f 2199/4525/1 2200/3375/1 2292/3339/1
f 2200/3375/1 2201/3374/1 2292/3339/1
f 2291/3372/1 2292/3339/1 2201/3374/1
f 2290/3371/1 2291/3372/1 2202/4524/1
f 2205/3361/1 2287/3367/1 2288/3368/1
f 2207/3363/1 2285/3370/1 2286/3369/1
f 2284/3373/1 2209/3365/1 2283/3355/1
f 2280/3353/1 2213/3354/1 2279/3350/1
f 2214/3349/1 2278/3310/1 2279/3350/1
f 2216/3348/1 2276/3304/1 2277/3311/1
f 2274/3299/1 2275/3298/1 2218/3297/1
f 2210/3357/1 2282/3356/1 2283/3355/1
f 2289/3376/1 2290/3371/1 2203/3358/1
f 2275/3298/1 2276/3304/1 2217/3303/1
f 2288/3368/1 2289/3376/1 2204/3360/1
f 2277/3311/1 2278/3310/1 2215/3309/1
f 2286/3369/1 2287/3367/1 2206/3362/1
f 2271/3316/1 2272/3315/1 2222/3314/1
f 2222/3314/1 2223/3317/1 2271/3316/1
f 2223/3317/1 2224/3291/1 2270/3292/1
f 2270/3292/1 2224/3291/1 2269/3293/1
f 2224/3291/1 2225/3318/1 2269/3293/1
f 2225/3318/1 2226/3286/1 2268/3287/1
f 2269/3293/1 2225/3318/1 2268/3287/1
f 2226/3286/1 2227/3284/1 2267/3285/1
f 2227/3284/1 2228/3283/1 2266/3281/1
f 2228/3283/1 2229/3343/1 2265/3282/1
f 2229/3343/1 2230/3322/1 2264/3323/1
f 2230/3322/1 2231/3289/1 2263/3290/1
f 2231/3289/1 2232/3324/1 2262/3288/1
f 2261/3325/1 2232/3324/1 2233/3326/1
f 2233/3326/1 2234/3319/1 2260/3320/1
f 2259/3321/1 2235/3328/1 2258/3327/1
f 2234/3319/1 2235/3328/1 2259/3321/1
f 2235/3328/1 2236/3342/1 2258/3327/1
f 2257/3341/1 2237/3340/1 2256/3331/1
f 2236/3342/1 2237/3340/1 2257/3341/1
f 2237/3340/1 2238/3330/1 2256/3331/1
f 2256/3331/1 2238/3330/1 2255/3329/1
f 2238/3330/1 2239/3332/1 2255/3329/1
f 2239/3332/1 2240/3296/1 2254/3294/1
f 2255/3329/1 2239/3332/1 2254/3294/1
f 2240/3296/1 2241/3333/1 2253/3295/1
f 2241/3333/1 2242/3302/1 2252/3300/1
f 2242/3302/1 2243/3306/1 2251/3301/1
f 2243/3306/1 2244/3308/1 2250/3305/1
f 2244/3308/1 2245/3313/1 2249/3307/1
f 2245/3313/1 2246/3334/1 2248/3312/1
f 2246/3334/1 2199/4525/1 2294/3336/1
f 2199/4525/1 2292/3339/1 2293/4526/1
f 2199/4525/1 2293/4526/1 2294/3336/1
f 2252/3300/1 2242/3302/1 2251/3301/1
f 2250/3305/1 2244/3308/1 2249/3307/1
f 2253/3295/1 2241/3333/1 2252/3300/1
f 2254/3294/1 2240/3296/1 2253/3295/1
f 2232/3324/1 2261/3325/1 2262/3288/1
f 2258/3327/1 2236/3342/1 2257/3341/1
f 2268/3287/1 2226/3286/1 2267/3285/1
f 2266/3281/1 2228/3283/1 2265/3282/1
f 2270/3292/1 2271/3316/1 2223/3317/1
f 2246/3334/1 2294/3336/1 2247/3335/1
f 2267/3285/1 2227/3284/1 2266/3281/1
f 2246/3334/1 2247/3335/1 2248/3312/1
f 2248/3312/1 2249/3307/1 2245/3313/1
f 2265/3282/1 2229/3343/1 2264/3323/1
f 2250/3305/1 2251/3301/1 2243/3306/1
f 2263/3290/1 2264/3323/1 2230/3322/1
f 2262/3288/1 2263/3290/1 2231/3289/1
f 2260/3320/1 2261/3325/1 2233/3326/1
f 2433/3259/1 2434/3261/1 2437/3262/1
f 2434/3261/1 2435/3099/1 2437/3262/1
f 2435/3099/1 2436/4527/12 2437/3262/1
f 2437/3262/1 2438/3264/3 2441/3266/1
f 2438/3264/3 2439/3098/5 2441/3266/1
f 2439/3098/5 2440/4528/1 2441/3266/1
f 2441/3266/1 2442/3267/11 2443/3097/1
f 2443/3097/1 2444/3268/1 2433/3259/1
f 2444/3268/1 2447/4425/1 2433/3259/1
f 2447/4425/1 2448/3260/1 2460/3253/1
f 2448/3260/1 2449/3101/1 2459/3254/1
f 2449/3101/1 2450/3270/1 2451/3269/1
f 2451/3269/1 2452/4529/1 2453/4530/1845
f 2453/4530/1845 2454/4531/1836 2451/3269/1
f 2454/4531/1836 2455/3257/1 2451/3269/1
f 2455/3257/1 2456/3256/1 2459/3254/1
f 2456/3256/1 2457/3255/2 2459/3254/1
f 2457/3255/2 2458/3102/8 2459/3254/1
f 2459/3254/1 2460/3253/1 2448/3260/1
f 2460/3253/1 2461/4532/1 2447/4425/1
f 2461/4532/1 2462/4533/1 2432/4534/1
f 2462/4533/1 2463/3251/1 2432/4534/1
f 2463/3251/1 2464/3250/1 2431/4535/1
f 2464/3250/1 2465/3249/1 2431/4535/1
f 2463/3251/1 2431/4535/1 2432/4534/1
f 2465/3249/1 2466/3248/1 2431/4535/1
f 2466/3248/1 2467/3103/1 2431/4535/1
f 2467/3103/1 2468/3247/1 2430/3104/1
f 2468/3247/1 2469/4536/1 2430/3104/1
f 2467/3103/1 2430/3104/1 2431/4535/1
f 2469/4536/1 2470/4537/1 2430/3104/1
f 2470/4537/1 2471/3244/1 2430/3104/1
f 2471/3244/1 2472/3242/1 2430/3104/1
f 2472/3242/1 2473/3243/1 2429/3107/1
f 2430/3104/1 2472/3242/1 2429/3107/1
f 2473/3243/1 2474/3241/1 2429/3107/1
f 2474/3241/1 2475/3240/1 2429/3107/1
f 2475/3240/1 2476/3239/1 2429/3107/1
f 2476/3239/1 2477/3106/1 2429/3107/1
f 2477/3106/1 2478/4538/1 2428/3105/1
f 2478/4538/1 2479/4539/1 2428/3105/1
f 2477/3106/1 2428/3105/1 2429/3107/1
f 2479/4539/1 2480/3236/1 2428/3105/1
f 2480/3236/1 2481/3235/1 2428/3105/1
f 2481/3235/1 2482/3233/1 2428/3105/1
f 2482/3233/1 2483/3234/1 2427/3229/1
f 2483/3234/1 2484/3232/1 2427/3229/1
f 2484/3232/1 2485/3231/1 2427/3229/1
f 2485/3231/1 2486/3228/1 2427/3229/1
f 2486/3228/1 2487/4540/1 2426/3225/1
f 2487/4540/1 2488/4420/1 2426/3225/1
f 2488/4420/1 2489/3226/1 2425/3217/1
f 2425/3217/1 2489/3226/1 2490/3224/1
f 2490/3224/1 2491/3223/1 2425/3217/1
f 2425/3217/1 2491/3223/1 2492/3222/1
f 2492/3222/1 2493/3221/1 2425/3217/1
f 2425/3217/1 2493/3221/1 2424/4541/1
f 2493/3221/1 2494/3220/1 2424/4541/1
f 2494/3220/1 2495/4542/1 2424/4541/1
f 2424/4541/1 2495/4542/1 2496/4543/1
f 2496/4543/1 2497/3218/1 2424/4541/1
f 2424/4541/1 2497/3218/1 2498/3215/1
f 2498/3215/1 2499/3214/1 2424/4541/1
f 2424/4541/1 2499/3214/1 2500/3212/1
f 2500/3212/1 2501/3211/1 2423/4544/1
f 2501/3211/1 2502/3210/1 2423/4544/1
f 2502/3210/1 2503/3209/1 2423/4544/1
f 2423/4544/1 2503/3209/1 2504/4545/1
f 2504/4545/1 2505/4546/1 2423/4544/1
f 2423/4544/1 2505/4546/1 2506/3205/1
f 2506/3205/1 2507/3204/1 2422/4547/1
f 2422/4547/1 2507/3204/1 2508/3203/1
f 2508/3203/1 2509/3202/1 2422/4547/1
f 2422/4547/1 2509/3202/1 2510/3201/1
f 2510/3201/1 2511/3109/1 2422/4547/1
f 2422/4547/1 2511/3109/1 2421/3108/1
f 2511/3109/1 2512/3200/1 2421/3108/1
f 2512/3200/1 2513/4548/1 2421/3108/1
f 2421/3108/1 2513/4548/1 2514/4549/1
f 2514/4549/1 2515/3197/1 2421/3108/1
f 2421/3108/1 2515/3197/1 2516/3112/1
f 2516/3112/1 2517/3196/1 2420/3111/1
f 2420/3111/1 2517/3196/1 2518/3195/1
f 2518/3195/1 2519/4550/1 2420/3111/1
f 2420/3111/1 2519/4550/1 2520/3114/1
f 2520/3114/1 2521/4551/1 2419/3113/1
f 2419/3113/1 2521/4551/1 2522/4552/1
f 2522/4552/1 2523/3191/1 2419/3113/1
f 2419/3113/1 2523/3191/1 2524/3118/1
f 2524/3118/1 2525/3190/1 2418/3117/1
f 2418/3117/1 2525/3190/1 2526/3189/1
f 2526/3189/1 2527/3116/1 2418/3117/1
f 2417/3115/1 2527/3116/1 2528/4553/1
f 2528/4553/1 2529/3187/1 2417/3115/1
f 2417/3115/1 2530/4554/1 2416/3119/1
f 2529/3187/1 2530/4554/1 2417/3115/1
f 2530/4554/1 2531/4555/1 2416/3119/1
f 2416/3119/1 2531/4555/1 2532/4556/1
f 2532/4556/1 2295/3121/1 2416/3119/1
f 2415/4557/1 2295/3121/1 2296/4558/1
f 2296/4558/1 2297/4559/1 2415/4557/1
f 2414/4560/1 2297/4559/1 2298/3183/1
f 2298/3183/1 2299/3125/1 2414/4560/1
f 2413/3126/1 2299/3125/1 2300/3182/1
f 2300/3182/1 2301/4561/1 2413/3126/1
f 2412/3128/1 2301/4561/1 2302/4562/1
f 2302/4562/1 2303/4563/1 2412/3128/1
f 2411/3130/1 2303/4563/1 2304/3180/1
f 2304/3180/1 2305/3179/1 2411/3130/1
f 2411/3130/1 2305/3179/1 2410/3132/1
f 2305/3179/1 2306/4564/1 2410/3132/1
f 2306/4564/1 2307/3131/1 2410/3132/1
f 2307/3131/1 2308/3177/1 2408/3134/1
f 2308/3177/1 2309/3176/1 2407/4423/1
f 2307/3131/1 2409/3133/1 2410/3132/1
f 2309/3176/1 2310/4565/1 2407/4423/1
f 2310/4565/1 2311/4566/1 2407/4423/1
f 2311/4566/1 2312/3173/1 2407/4423/1
f 2312/3173/1 2313/3172/1 2407/4423/1
f 2313/3172/1 2314/4567/1 2407/4423/1
f 2314/4567/1 2315/3170/1 2407/4423/1
f 2315/3170/1 2316/3169/1 2407/4423/1
f 2316/3169/1 2317/3168/1 2407/4423/1
f 2317/3168/1 2318/3167/1 2407/4423/1
f 2318/3167/1 2319/4568/1 2407/4423/1
f 2319/4568/1 2320/4569/1 2407/4423/1
f 2320/4569/1 2321/3164/1 2407/4423/1
f 2321/3164/1 2322/3163/1 2407/4423/1
f 2322/3163/1 2323/4570/1 2407/4423/1
f 2323/4570/1 2324/3161/1 2407/4423/1
f 2324/3161/1 2325/3160/1 2407/4423/1
f 2325/3160/1 2326/3159/1 2407/4423/1
f 2326/3159/1 2327/4571/1 2407/4423/1
f 2327/4571/1 2328/4572/1 2407/4423/1
f 2328/4572/1 2329/4573/1 2407/4423/1
f 2329/4573/1 2330/4574/1 2407/4423/1
f 2330/4574/1 2331/3154/1 2333/4575/1
f 2331/3154/1 2332/4576/5 2333/4575/1
f 2333/4575/1 2334/4577/1 2407/4423/1
f 2334/4577/1 2335/3150/1 2407/4423/1
f 2333/4575/1 2407/4423/1 2330/4574/1
f 2335/3150/1 2336/4578/1 2407/4423/1
f 2336/4578/1 2337/4579/1 2407/4423/1
f 2337/4579/1 2338/3147/1 2407/4423/1
f 2338/3147/1 2339/3146/1 2407/4423/1
f 2339/3146/1 2340/4580/1 2407/4423/1
f 2340/4580/1 2341/4581/1 2407/4423/1
f 2341/4581/1 2342/4582/1 2407/4423/1
f 2342/4582/1 2343/3141/1 2407/4423/1
f 2343/3141/1 2344/3143/1836 2345/4583/1
f 2345/4583/1 2346/4584/1 2407/4423/1
f 2346/4584/1 2347/3138/1 2407/4423/1
f 2345/4583/1 2407/4423/1 2343/3141/1
f 2347/3138/1 2348/3137/1 2407/4423/1
f 2348/3137/1 2349/4585/1 2407/4423/1
f 2349/4585/1 2350/4421/1 2407/4423/1
f 2407/4423/1 2408/3134/1 2308/3177/1
f 2409/3133/1 2307/3131/1 2408/3134/1
f 2303/4563/1 2411/3130/1 2412/3128/1
f 2299/3125/1 2413/3126/1 2414/4560/1
f 2301/4561/1 2412/3128/1 2413/3126/1
f 2295/3121/1 2415/4557/1 2416/3119/1
f 2297/4559/1 2414/4560/1 2415/4557/1
f 2527/3116/1 2417/3115/1 2418/3117/1
f 2420/3111/1 2520/3114/1 2419/3113/1
f 2421/3108/1 2516/3112/1 2420/3111/1
f 2500/3212/1 2423/4544/1 2424/4541/1
f 2447/4425/1 2461/4532/1 2432/4534/1
f 2449/3101/1 2451/3269/1 2459/3254/1
f 2441/3266/1 2443/3097/1 2433/3259/1
f 2432/4534/1 2433/3259/1 2447/4425/1
f 2433/3259/1 2437/3262/1 2441/3266/1
f 2451/3269/1 2455/3257/1 2459/3254/1
f 2482/3233/1 2427/3229/1 2428/3105/1
f 2419/3113/1 2524/3118/1 2418/3117/1
f 2506/3205/1 2422/4547/1 2423/4544/1
f 2427/3229/1 2486/3228/1 2426/3225/1
f 2379/2974/2 2380/2961/1 2368/2946/1
f 2380/2961/1 2381/2941/1 2360/2958/1
f 2363/2962/1 2380/2961/1 2362/2959/1
f 2381/2941/1 2382/4586/1846 2383/2977/1
f 2383/2977/1 2384/2976/1847 2385/2978/1
f 2385/2978/1 2386/2943/3 2383/2977/1
f 2386/2943/3 2387/2980/1 2383/2977/1
f 2387/2980/1 2388/2979/9 2389/2981/3
f 2389/2981/3 2390/4587/1 2387/2980/1
f 2390/4587/1 2391/2982/2 2387/2980/1
f 2391/2982/2 2392/2945/1 2393/2975/1
f 2391/2982/2 2393/2975/1 2381/2941/1
f 2393/2975/1 2394/2940/1 2381/2941/1
f 2380/2961/1 2363/2962/1 2364/2963/1
f 2381/2941/1 2383/2977/1 2387/2980/1
f 2377/4588/1 2378/2937/1848 2379/2974/2
f 2375/2971/1 2376/2972/1849 2379/2974/2
f 2376/2972/1849 2377/4588/1 2379/2974/2
f 2373/2970/1850 2374/2938/1851 2371/4589/1
f 2374/2938/1851 2375/2971/1 2371/4589/1
f 2371/4589/1 2372/2968/1845 2373/2970/1850
f 2369/2967/1 2370/2939/7 2371/4589/1
f 2367/2966/1 2368/2946/1 2380/2961/1
f 2368/2946/1 2369/2967/1 2379/2974/2
f 2365/2964/1 2366/4590/1 2380/2961/1
f 2366/4590/1 2367/2966/1 2380/2961/1
f 2364/2963/1 2365/2964/1 2380/2961/1
f 2361/2960/1 2362/2959/1 2380/2961/1
f 2359/2957/1 2360/2958/1 2381/2941/1
f 2360/2958/1 2361/2960/1 2380/2961/1
f 2357/2955/1 2358/4591/1 2381/2941/1
f 2358/4591/1 2359/2957/1 2381/2941/1
f 2355/2953/1 2356/2954/1 2357/2955/1
f 2353/4592/1 2354/4593/1 2381/2941/1
f 2354/4593/1 2355/2953/1 2381/2941/1
f 2351/2949/1 2352/2950/1 2381/2941/1
f 2352/2950/1 2353/4592/1 2381/2941/1
f 2405/2947/1 2350/4421/1 2404/4594/1
f 2350/4421/1 2351/2949/1 2381/2941/1
f 2404/4594/1 2350/4421/1 2403/1027/1
f 2403/1027/1 2350/4421/1 2402/2934/1
f 2355/2953/1 2357/2955/1 2381/2941/1
f 2369/2967/1 2371/4589/1 2375/2971/1
f 2381/2941/1 2387/2980/1 2391/2982/2
f 2394/2940/1 2395/2932/1 2381/2941/1
f 2375/2971/1 2379/2974/2 2369/2967/1
f 2402/2934/1 2350/4421/1 2401/2933/1
f 2401/2933/1 2350/4421/1 2400/2931/1
f 2350/4421/1 2381/2941/1 2395/2932/1
f 2397/4595/1 2350/4421/1 2396/4596/1
f 2350/4421/1 2397/4595/1 2398/2930/1
f 2400/2931/1 2350/4421/1 2399/2929/1
f 2395/2932/1 2396/4596/1 2350/4421/1
f 2576/2426/1 2577/2406/1 2667/2404/1
f 2577/2406/1 2578/2411/1 2665/2407/1
f 2662/2425/1 2579/2424/1 2661/2422/1
f 2578/2411/1 2579/2424/1 2663/2412/1
f 2579/2424/1 2580/2439/1 2660/2423/1
f 2580/2439/1 2581/2440/1 2657/2545/1
f 2581/2440/1 2582/2442/1 2655/2540/1
f 2580/2439/1 2659/4597/1 2660/2423/1
f 2582/2442/1 2583/4598/1 2654/2539/1
f 2583/4598/1 2584/2443/1 2653/2537/8
f 2584/2443/1 2585/2445/1 2653/2537/8
f 2585/2445/1 2586/2446/1 2702/2536/8
f 2586/2446/1 2587/2533/1 2702/2536/8
f 2587/2533/1 2588/2532/1 2701/2535/7
f 2588/2532/1 2589/2530/1 2698/4599/1836
f 2589/2530/1 2590/2528/1 2697/2526/8
f 2603/4383/1 2590/2528/1 2591/2548/1
f 2591/2548/1 2592/2553/1 2602/2542/2
f 2592/2553/1 2593/2554/11 2594/4600/1852
f 2594/4600/1852 2595/4601/1853 2592/2553/1
f 2595/4601/1853 2596/4602/1854 2592/2553/1
f 2596/4602/1854 2597/4603/1 2600/2559/2
f 2597/4603/1 2598/2558/2 2600/2559/2
f 2598/2558/2 2599/4604/1855 2600/2559/2
f 2600/2559/2 2601/2552/1837 2602/2542/2
f 2602/2542/2 2603/4383/1 2591/2548/1
f 2603/4383/1 2604/2543/1856 2692/4605/1
f 2603/4383/1 2694/4606/3 2695/4607/8
f 2600/2559/2 2602/2542/2 2592/2553/1
f 2694/4606/3 2603/4383/1 2693/4608/2
f 2590/2528/1 2603/4383/1 2697/2526/8
f 2600/2559/2 2592/2553/1 2596/4602/1854
f 2583/4598/1 2653/2537/8 2654/2539/1
f 2585/2445/1 2702/2536/8 2653/2537/8
f 2582/2442/1 2654/2539/1 2655/2540/1
f 2659/4597/1 2580/2439/1 2658/2550/1
f 2581/2440/1 2655/2540/1 2656/2544/1
f 2658/2550/1 2580/2439/1 2657/2545/1
f 2579/2424/1 2662/2425/1 2663/2412/1
f 2579/2424/1 2660/2423/1 2661/2422/1
f 2574/2395/1 2575/2421/1 2667/2404/1
f 2575/2421/1 2576/2426/1 2667/2404/1
f 2572/2416/1 2573/2428/1 2667/2404/1
f 2573/2428/1 2574/2395/1 2667/2404/1
f 2570/2432/1 2571/2437/1 2667/2404/1
f 2571/2437/1 2572/2416/1 2667/2404/1
f 2667/2404/1 2569/4609/1 2570/2432/1
f 2666/2405/1 2667/2404/1 2577/2406/1
f 2693/4608/2 2603/4383/1 2692/4605/1
f 2665/2407/1 2666/2405/1 2577/2406/1
f 2604/2543/1856 2605/2538/1 2692/4605/1
f 2664/2410/1 2665/2407/1 2578/2411/1
f 2663/2412/1 2664/2410/1 2578/2411/1
f 2640/4610/1 2641/4611/2 2652/4612/1
f 2641/4611/2 2642/2493/1 2652/4612/1
f 2642/2493/1 2643/2494/8 2652/4612/1
f 2643/2494/8 2644/2495/1 2652/4612/1
f 2644/2495/1 2645/2496/7 2652/4612/1
f 2645/2496/7 2646/2497/1 2652/4612/1
f 2646/2497/1 2647/2498/8 2652/4612/1
f 2647/2498/8 2648/2499/1836 2652/4612/1
f 2648/2499/1836 2649/2500/1 2652/4612/1
f 2649/2500/1 2650/2501/5 2652/4612/1
f 2650/2501/5 2651/4613/1857 2652/4612/1
f 2652/4612/1 2533/2561/1858 2541/2508/1
f 2533/2561/1858 2534/284/1859 2539/2506/1860
f 2541/2508/1 2533/2561/1858 2540/2507/1
f 2534/284/1859 2535/4614/1 2536/2502/1
f 2536/2502/1 2537/2505/6 2538/2504/10
f 2538/2504/10 2539/2506/1860 2534/284/1859
f 2539/2506/1860 2540/2507/1 2533/2561/1858
f 2541/2508/1 2542/2509/1 2652/4612/1
f 2542/2509/1 2543/2510/1 2652/4612/1
f 2543/2510/1 2544/2511/1 2652/4612/1
f 2544/2511/1 2545/2512/1 2652/4612/1
f 2545/2512/1 2546/2513/1 2652/4612/1
f 2546/2513/1 2547/2514/1 2652/4612/1
f 2547/2514/1 2548/2473/1 2652/4612/1
f 2548/2473/1 2549/2464/1 2637/4615/1
f 2549/2464/1 2550/2454/1 2634/2458/1
f 2630/2453/1 2550/2454/1 2551/2452/1
f 2551/2452/1 2552/2449/1 2628/2450/1
f 2626/2448/1 2553/2489/1 2625/2515/1
f 2552/2449/1 2553/2489/1 2626/2448/1
f 2553/2489/1 2554/2516/1 2623/2491/1
f 2624/2490/1 2553/2489/1 2623/2491/1
f 2554/2516/1 2555/2519/1 2621/2518/1
f 2555/2519/1 2556/2485/1 2620/2486/1
f 2556/2485/1 2557/2483/1 2619/2484/1
f 2557/2483/1 2558/2487/1 2618/2482/1
f 2558/2487/1 2559/2520/1 2617/2488/1
f 2559/2520/1 2560/2521/1 2616/2459/1
f 2560/2521/1 2561/2522/1 2616/2459/1
f 2561/2522/1 2562/2461/1 2616/2459/1
f 2562/2461/1 2563/2523/1 2615/2460/8
f 2563/2523/1 2564/2463/1 2615/2460/8
f 2564/2463/1 2565/2467/1 2611/4616/2
f 2565/2467/1 2566/2400/1 2610/4617/3
f 2566/2400/1 2606/4618/12 2607/4619/2
f 2566/2400/1 2690/4620/1 2605/2538/1
f 2690/4620/1 2691/2525/1 2605/2538/1
f 2566/2400/1 2605/2538/1 2606/4618/12
f 2559/2520/1 2616/2459/1 2617/2488/1
f 2558/2487/1 2617/2488/1 2618/2482/1
f 2555/2519/1 2620/2486/1 2621/2518/1
f 2553/2489/1 2624/2490/1 2625/2515/1
f 2623/2491/1 2554/2516/1 2622/2517/1
f 2550/2454/1 2630/2453/1 2631/2455/1
f 2536/2502/1 2538/2504/10 2534/284/1859
f 2639/2478/1 2640/4610/1 2652/4612/1
f 2552/2449/1 2626/2448/1 2627/2447/1
f 2554/2516/1 2621/2518/1 2622/2517/1
f 2691/2525/1 2692/4605/1 2605/2538/1
f 2638/2474/1 2639/2478/1 2548/2473/1
f 2639/2478/1 2652/4612/1 2548/2473/1
f 2637/4615/1 2638/2474/1 2548/2473/1
f 2636/2469/1 2637/4615/1 2549/2464/1
f 2657/2545/1 2581/2440/1 2656/2544/1
f 2702/2536/8 2587/2533/1 2701/2535/7
f 2700/2534/1 2701/2535/7 2588/2532/1
f 2699/4621/8 2700/2534/1 2588/2532/1
f 2698/4599/1836 2699/4621/8 2588/2532/1
f 2697/2526/8 2698/4599/1836 2589/2530/1
f 2696/4622/1 2697/2526/8 2603/4383/1
f 2695/4607/8 2696/4622/1 2603/4383/1
f 2635/2465/1 2636/2469/1 2549/2464/1
f 2634/2458/1 2635/2465/1 2549/2464/1
f 2566/2400/1 2607/4619/2 2608/2476/1
f 2633/2457/1 2634/2458/1 2550/2454/1
f 2632/2456/1 2633/2457/1 2550/2454/1
f 2566/2400/1 2608/2476/1 2609/4623/1
f 2566/2400/1 2609/4623/1 2610/4617/3
f 2631/2455/1 2632/2456/1 2550/2454/1
f 2565/2467/1 2610/4617/3 2611/4616/2
f 2629/2451/1 2630/2453/1 2551/2452/1
f 2628/2450/1 2629/2451/1 2551/2452/1
f 2564/2463/1 2611/4616/2 2612/4624/1
f 2627/2447/1 2628/2450/1 2552/2449/1
f 2564/2463/1 2612/4624/1 2613/2466/2
f 2564/2463/1 2613/2466/2 2614/2462/8
f 2564/2463/1 2614/2462/8 2615/2460/8
f 2615/2460/8 2616/2459/1 2562/2461/1
f 2620/2486/1 2556/2485/1 2619/2484/1
f 2689/2433/8 2690/4620/1 2566/2400/1
f 2566/2400/1 2567/2435/1 2681/2402/1
f 2567/2435/1 2568/2399/1 2681/2402/1
f 2566/2400/1 2686/4625/10 2687/2418/2
f 2568/2399/1 2569/4609/1 2678/2398/2
f 2569/4609/1 2667/2404/1 2668/2427/1
f 2569/4609/1 2668/2427/1 2669/2438/1
f 2688/2419/15 2689/2433/8 2566/2400/1
f 2687/2418/2 2688/2419/15 2566/2400/1
f 2569/4609/1 2669/2438/1 2670/2431/1
f 2569/4609/1 2670/2431/1 2671/2430/1
f 2686/4625/10 2566/2400/1 2685/2413/1
f 2685/2413/1 2566/2400/1 2684/4626/1
f 2569/4609/1 2671/2430/1 2672/2420/1
f 2569/4609/1 2672/2420/1 2673/2394/1
f 2684/4626/1 2566/2400/1 2683/4627/8
f 2683/4627/8 2566/2400/1 2682/4628/1836
f 2569/4609/1 2673/2394/1 2674/2396/1
f 2569/4609/1 2674/2396/1 2675/2429/1
f 2682/4628/1836 2566/2400/1 2681/2402/1
f 2569/4609/1 2675/2429/1 2676/2415/1
f 2569/4609/1 2676/2415/1 2677/2417/2
f 2680/2401/1 2681/2402/1 2568/2399/1
f 2569/4609/1 2677/2417/2 2678/2398/2
f 2679/2397/1 2680/2401/1 2568/2399/1
f 2795/2265/1 2796/2255/1 2882/4629/1
f 2796/2255/1 2797/2289/1 2878/2264/1
f 2877/4630/1 2797/2289/1 2876/2287/1
f 2797/2289/1 2798/2286/1 2876/2287/1
f 2798/2286/1 2799/2291/1 2875/4631/1
f 2799/2291/1 2800/2221/1 2874/2219/1
f 2800/2221/1 2801/4632/1 2873/2220/1
f 2801/4632/1 2802/2266/1 2873/2220/1
f 2802/2266/1 2803/2293/1 2807/4633/1
f 2803/2293/1 2804/2294/1 2805/2295/1
f 2805/2295/1 2806/2223/1 2803/2293/1
f 2806/2223/1 2807/4633/1 2803/2293/1
f 2807/4633/1 2808/4634/1 2873/2220/1
f 2808/4634/1 2809/4635/1 2873/2220/1
f 2807/4633/1 2873/2220/1 2802/2266/1
f 2809/4635/1 2810/2300/1 2815/4636/1
f 2810/2300/1 2811/2301/1 2814/2302/1
f 2815/4636/1 2810/2300/1 2814/2302/1
f 2811/2301/1 2812/2304/1 2813/2303/1
f 2813/2303/1 2814/2302/1 2811/2301/1
f 2815/4636/1 2816/4637/1 2872/2222/1
f 2816/4637/1 2817/2284/1 2871/2268/1
f 2869/2281/1 2818/4638/1 2819/2278/1
f 2817/2284/1 2818/4638/1 2870/4639/1
f 2864/2226/1 2820/2227/1 2863/2230/1
f 2819/2278/1 2820/2227/1 2866/4640/1
f 2820/2227/1 2821/4391/1 2863/2230/1
f 2860/2235/1 2822/2236/1 2859/4641/1
f 2821/4391/1 2822/2236/1 2860/2235/1
f 2822/2236/1 2823/4642/1 2858/2238/1
f 2823/4642/1 2824/2258/1 2855/2248/1
f 2824/2258/1 2825/4643/1 2852/2305/1
f 2823/4642/1 2857/4644/1 2858/2238/1
f 2825/4643/1 2826/2274/1 2851/4645/1
f 2826/2274/1 2827/2307/1 2849/2275/1
f 2853/2259/1 2824/2258/1 2852/2305/1
f 2827/2307/1 2828/2308/1 2848/2309/1
f 2828/2308/1 2829/2310/1 2847/2271/1
f 2829/2310/1 2830/2311/1 2847/2271/1
f 2830/2311/1 2831/2312/1 2847/2271/1
f 2831/2312/1 2832/4646/1 2847/2271/1
f 2832/4646/1 2833/2314/1 2847/2271/1
f 2833/2314/1 2834/4647/1 2847/2271/1
f 2834/4647/1 2835/2270/1 2847/2271/1
f 2835/2270/1 2836/4648/1 2837/2316/1
f 2837/2316/1 2838/4649/1 2839/4650/1
f 2839/4650/1 2840/2319/1 2841/2276/1
f 2841/2276/1 2842/4651/1 2843/2277/1
f 2843/2277/1 2844/2322/1 2845/4652/1
f 2845/4652/1 2846/4653/1 2843/2277/1
f 2846/4653/1 2847/2271/1 2843/2277/1
f 2847/2271/1 2848/2309/1 2828/2308/1
f 2848/2309/1 2849/2275/1 2827/2307/1
f 2849/2275/1 2850/4654/1 2826/2274/1
f 2839/4650/1 2841/2276/1 2847/2271/1
f 2841/2276/1 2843/2277/1 2847/2271/1
f 2835/2270/1 2837/2316/1 2839/4650/1
f 2857/4644/1 2823/4642/1 2856/2245/1
f 2824/2258/1 2853/2259/1 2854/2257/1
f 2856/2245/1 2823/4642/1 2855/2248/1
f 2822/2236/1 2858/2238/1 2859/4641/1
f 2818/4638/1 2869/2281/1 2870/4639/1
f 2820/2227/1 2864/2226/1 2865/2225/1
f 2874/2219/1 2800/2221/1 2873/2220/1
f 2797/2289/1 2877/4630/1 2878/2264/1
f 2876/2287/1 2798/2286/1 2875/4631/1
f 2794/2262/1 2795/2265/1 2884/4655/1
f 2809/4635/1 2815/4636/1 2872/2222/1
f 2820/2227/1 2865/2225/1 2866/4640/1
f 2835/2270/1 2839/4650/1 2847/2271/1
f 2850/4654/1 2851/4645/1 2826/2274/1
f 2851/4645/1 2852/2305/1 2825/4643/1
f 2821/4391/1 2860/2235/1 2861/2234/1
f 2793/2260/1 2794/2262/1 2884/4655/1
f 2796/2255/1 2878/2264/1 2879/2261/1
f 2792/2253/1 2793/2260/1 2885/2252/1
f 2796/2255/1 2879/2261/1 2880/2254/1
f 2791/2250/1 2792/2253/1 2885/2252/1
f 2796/2255/1 2880/2254/1 2881/2256/1
f 2854/2257/1 2855/2248/1 2824/2258/1
f 2790/2251/1 2791/2250/1 2885/2252/1
f 2796/2255/1 2881/2256/1 2882/4629/1
f 2789/2326/1 2790/2251/1 2885/2252/1
f 2788/2329/1 2789/2326/1 2886/2330/1
f 2795/2265/1 2882/4629/1 2883/2327/1
f 2821/4391/1 2861/2234/1 2862/2233/1
f 2821/4391/1 2862/2233/1 2863/2230/1
f 2819/2278/1 2866/4640/1 2867/2279/1
f 2819/2278/1 2867/2279/1 2868/4656/1
f 2819/2278/1 2868/4656/1 2869/2281/1
f 2817/2284/1 2870/4639/1 2871/2268/1
f 2816/4637/1 2871/2268/1 2872/2222/1
f 2872/2222/1 2873/2220/1 2809/4635/1
f 2874/2219/1 2875/4631/1 2799/2291/1
f 2795/2265/1 2883/2327/1 2884/4655/1
f 2793/2260/1 2884/4655/1 2885/2252/1
f 2787/2352/1 2788/2329/1 2886/2330/1
f 2789/2326/1 2885/2252/1 2886/2330/1
f 2886/2330/1 2887/2353/1 2787/2352/1
f 2887/2353/1 2888/2355/1 2786/2354/1
f 2888/2355/1 2889/4657/1 2785/2214/1
f 2889/4657/1 2890/2331/1 2784/2215/1
f 2888/2355/1 2785/2214/1 2786/2354/1
f 2890/2331/1 2891/4658/1 2895/2360/1
f 2891/4658/1 2892/2358/1 2894/2357/1
f 2892/2358/1 2893/2359/1 2894/2357/1
f 2894/2357/1 2895/2360/1 2891/4658/1
f 2895/2360/1 2896/2332/1 2890/2331/1
f 2784/2215/1 2703/2361/1 2783/2351/1
f 2896/2332/1 2703/2361/1 2784/2215/1
f 2703/2361/1 2704/2362/1 2782/2208/1
f 2782/2208/1 2705/2363/1 2710/2350/1
f 2704/2362/1 2705/2363/1 2782/2208/1
f 2705/2363/1 2706/2364/1 2709/2365/1
f 2710/2350/1 2705/2363/1 2709/2365/1
f 2706/2364/1 2707/2366/1 2708/2367/1
f 2708/2367/1 2709/2365/1 2706/2364/1
f 2710/2350/1 2711/2207/1 2782/2208/1
f 2711/2207/1 2712/2368/1 2781/2209/1
f 2780/2203/1 2712/2368/1 2713/4659/1
f 2713/4659/1 2714/2211/1 2778/2206/1
f 2779/2204/1 2713/4659/1 2778/2206/1
f 2714/2211/1 2715/2217/1 2776/2212/1
f 2715/2217/1 2716/2229/1 2773/2224/1
f 2716/2229/1 2717/2349/1 2769/2231/1
f 2717/2349/1 2718/2333/1 2767/2347/1
f 2764/2239/1 2719/2241/1 2763/2240/1
f 2718/2333/1 2719/2241/1 2764/2239/1
f 2719/2241/1 2720/2247/1 2762/2244/1
f 2720/2247/1 2721/2369/1 2744/2325/1
f 2721/2369/1 2722/2370/1 2744/2325/1
f 2720/2247/1 2761/2246/1 2762/2244/1
f 2722/2370/1 2723/2371/1 2744/2325/1
f 2723/2371/1 2724/2372/1 2744/2325/1
f 2724/2372/1 2725/4660/1 2740/2374/1
f 2725/4660/1 2726/4661/1 2740/2374/1
f 2726/4661/1 2727/2375/1 2740/2374/1
f 2727/2375/1 2728/2378/1 2740/2374/1
f 2728/2378/1 2729/2345/1 2740/2374/1
f 2729/2345/1 2730/2379/1 2740/2374/1
f 2730/2379/1 2731/2380/1845 2732/4662/1
f 2732/4662/1 2733/4663/1 2734/4664/1
f 2734/4664/1 2735/4665/1861 2736/4666/1849
f 2736/4666/1849 2737/2346/1862 2740/2374/1
f 2737/2346/1862 2738/4667/1 2740/2374/1
f 2738/4667/1 2739/2377/1863 2740/2374/1
f 2740/2374/1 2744/2325/1 2724/2372/1
f 2744/2325/1 2745/2385/8 2757/2336/1
f 2745/2385/8 2746/2342/1864 2747/2386/2
f 2747/2386/2 2748/4668/1865 2749/4669/7
f 2749/4669/7 2750/4670/1866 2747/2386/2
f 2750/4670/1866 2751/4671/1 2747/2386/2
f 2751/4671/1 2752/4672/1 2753/4673/1
f 2753/4673/1 2754/4674/1 2751/4671/1
f 2754/4674/1 2755/2337/1 2751/4671/1
f 2755/2337/1 2756/2339/1 2757/2336/1
f 2755/2337/1 2757/2336/1 2747/2386/2
f 2757/2336/1 2758/2328/1 2744/2325/1
f 2747/2386/2 2757/2336/1 2745/2385/8
f 2744/2325/1 2759/2324/1 2760/2249/1
f 2732/4662/1 2734/4664/1 2740/2374/1
f 2734/4664/1 2736/4666/1849 2740/2374/1
f 2730/2379/1 2732/4662/1 2740/2374/1
f 2761/2246/1 2720/2247/1 2760/2249/1
f 2760/2249/1 2720/2247/1 2744/2325/1
f 2719/2241/1 2762/2244/1 2763/2240/1
f 2713/4659/1 2779/2204/1 2780/2203/1
f 2778/2206/1 2714/2211/1 2777/4675/1
f 2712/2368/1 2780/2203/1 2781/2209/1
f 2887/2353/1 2786/2354/1 2787/2352/1
f 2759/2324/1 2744/2325/1 2758/2328/1
f 2747/2386/2 2751/4671/1 2755/2337/1
f 2711/2207/1 2781/2209/1 2782/2208/1
f 2785/2214/1 2889/4657/1 2784/2215/1
f 2784/2215/1 2890/2331/1 2896/2332/1
f 2782/2208/1 2783/2351/1 2703/2361/1
f 2718/2333/1 2764/2239/1 2765/2335/1
f 2718/2333/1 2765/2335/1 2766/2334/1
f 2718/2333/1 2766/2334/1 2767/2347/1
f 2777/4675/1 2714/2211/1 2776/2212/1
f 2717/2349/1 2767/2347/1 2768/1009/1
f 2776/2212/1 2715/2217/1 2775/2216/1
f 2775/2216/1 2715/2217/1 2774/2218/1
f 2717/2349/1 2768/1009/1 2769/2231/1
f 2774/2218/1 2715/2217/1 2773/2224/1
f 2716/2229/1 2769/2231/1 2770/2232/1857
f 2716/2229/1 2770/2232/1857 2771/2348/1
f 2716/2229/1 2771/2348/1 2772/2228/1
f 3052/1881/1 2897/1882/1 2898/1869/1
f 2898/1869/1 2899/1865/1 3049/1868/1
f 2899/1865/1 2900/1884/1 2910/1873/1
f 2898/1869/1 3051/1871/1 3052/1881/1
f 2900/1884/1 2901/1885/1 2909/1886/1
f 2901/1885/1 2902/1887/1 2908/1888/1
f 2902/1887/1 2903/1891/1 2907/1893/1
f 2903/1891/1 2904/1890/1 2906/1892/1
f 2904/1890/1 2905/1889/1 2906/1892/1
f 2906/1892/1 2907/1893/1 2903/1891/1
f 2907/1893/1 2908/1888/1 2902/1887/1
f 2908/1888/1 2909/1886/1 2901/1885/1
f 2909/1886/1 2910/1873/1 2900/1884/1
f 2910/1873/1 2911/1878/1 3046/1883/1
f 2911/1878/1 2912/1876/1 3046/1883/1
f 2910/1873/1 3046/1883/1 2899/1865/1
f 3051/1871/1 2898/1869/1 3050/1870/1
f 3050/1870/1 2898/1869/1 3049/1868/1
f 3049/1868/1 2899/1865/1 3048/1866/1
f 3048/1866/1 2899/1865/1 3047/1867/1
f 2912/1876/1 2913/1896/1 3046/1883/1
f 2913/1896/1 2914/1898/12 3046/1883/1
f 3047/1867/1 2899/1865/1 3046/1883/1
f 3046/1883/1 2914/1898/12 3045/1880/8
f 2914/1898/12 2915/4676/8 3045/1880/8
f 3045/1880/8 2915/4676/8 3044/1872/1
f 2915/4676/8 2916/4677/1 3044/1872/1
f 3044/1872/1 2916/4677/1 3043/1877/1
f 2916/4677/1 2917/4678/1 3043/1877/1
f 3043/1877/1 2917/4678/1 3042/1879/1
f 2917/4678/1 2918/4679/1845 3042/1879/1
f 3042/1879/1 2918/4679/1845 3041/1894/1
f 2918/4679/1845 2919/4680/2 3039/1875/1
f 3041/1894/1 2918/4679/1845 3040/1874/1
f 3040/1874/1 2918/4679/1845 3039/1875/1
f 2919/4680/2 2920/4681/1843 3039/1875/1
f 3038/1895/1 3039/1875/1 2920/4681/1843
f 3038/1895/1 2920/4681/1843 3037/1897/1
f 2920/4681/1843 2921/4682/8 3037/1897/1
f 3037/1897/1 2921/4682/8 3036/4683/1
f 2921/4682/8 2922/4684/1 3036/4683/1
f 2923/1811/1 2924/4429/1 3027/4685/1867
f 3036/4683/1 2922/4684/1 3035/1901/1
f 2922/4684/1 2923/1811/1 3035/1901/1
f 2923/1811/1 3027/4685/1867 3028/4686/1868
f 2923/1811/1 3028/4686/1868 3029/4687/1843
f 3034/4688/1 3035/1901/1 2923/1811/1
f 3033/1906/1 3034/4688/1 2923/1811/1
f 2923/1811/1 3029/4687/1843 3030/4689/1
f 2923/1811/1 3030/4689/1 3031/1909/1
f 3032/1907/1 3033/1906/1 2923/1811/1
f 2927/1764/8 2928/1780/1869 2929/4690/5
f 2929/4690/5 2930/4691/1 2931/4692/1870
f 2931/4692/1870 2932/4693/2 2929/4690/5
f 2932/4693/2 2933/4694/1 2929/4690/5
f 2933/4694/1 2934/1784/1 2937/1768/1836
f 2934/1784/1 2935/4695/1 2937/1768/1836
f 2935/4695/1 2936/4696/11 2937/1768/1836
f 2937/1768/1836 2938/1787/7 2939/4697/1
f 2939/4697/1 2940/1769/1 2925/4428/1
f 2940/1769/1 2941/1773/1 2951/4433/1
f 2925/4428/1 2940/1769/1 2951/4433/1
f 2941/1773/1 2942/1788/1 2945/4698/1
f 2942/1788/1 2943/4699/1871 2945/4698/1
f 2943/4699/1871 2944/1789/14 2945/4698/1
f 2945/4698/1 2946/1790/15 2947/4700/2
f 2947/4700/2 2948/4701/1864 2949/1775/1
f 2949/1775/1 2950/1792/1 2951/4433/1
f 2951/4433/1 3012/4436/1 2925/4428/1
f 3012/4436/1 3013/1793/2 3025/1794/1
f 2925/4428/1 3012/4436/1 3026/4403/1
f 3013/1793/2 3014/1778/1872 3017/1798/2
f 3014/1778/1872 3015/1795/1 3017/1798/2
f 3015/1795/1 3016/1797/1 3017/1798/2
f 3017/1798/2 3018/4702/1 3019/4703/1
f 3019/4703/1 3020/4704/1 3021/4705/1
f 3021/4705/1 3022/4706/1 3025/1794/1
f 3022/4706/1 3023/1802/5 3025/1794/1
f 3023/1802/5 3024/1776/12 3025/1794/1
f 3025/1794/1 3026/4403/1 3012/4436/1
f 2926/4707/1 2927/1764/8 2939/4697/1
f 2927/1764/8 2929/4690/5 2933/4694/1
f 2925/4428/1 2926/4707/1 2939/4697/1
f 2951/4433/1 2941/1773/1 2949/1775/1
f 3017/1798/2 3019/4703/1 3025/1794/1
f 3019/4703/1 3021/4705/1 3025/1794/1
f 2945/4698/1 2947/4700/2 2941/1773/1
f 2947/4700/2 2949/1775/1 2941/1773/1
f 2937/1768/1836 2939/4697/1 2933/4694/1
f 2933/4694/1 2939/4697/1 2927/1764/8
f 2956/1660/1 3010/1656/1873 3011/4435/1833
f 2951/4433/1 2955/4434/1832 2956/1660/1
f 2996/1687/1 2997/4708/12 2998/1686/1
f 2996/1687/1 2998/1686/1 2990/4709/8
f 2998/1686/1 2999/1680/1 2987/1609/8
f 2990/4709/8 2998/1686/1 2988/4710/5
f 2994/1688/1 2995/4711/11 2996/1687/1
f 2992/1684/10 2993/4712/15 2994/1688/1
f 2990/4709/8 2991/4713/1 2992/1684/10
f 2988/4710/5 2989/1702/1864 2990/4709/8
f 2980/4440/1 2987/1609/8 2999/1680/1
f 2987/1609/8 2988/4710/5 2998/1686/1
f 2978/1701/1874 2979/4714/1875 2980/4440/1
f 2976/4715/1836 2977/1700/2 2980/4440/1
f 2977/1700/2 2978/1701/1874 2980/4440/1
f 2974/1698/1872 2975/4716/1 2972/4717/1
f 2975/4716/1 2976/4715/1836 2972/4717/1
f 2972/4717/1 2973/4718/15 2974/1698/1872
f 2970/4719/7 2971/1683/1839 2972/4717/1
f 2968/1681/1 2969/1695/2 2980/4440/1
f 2969/1695/2 2970/4719/7 2980/4440/1
f 2970/4719/7 2972/4717/1 2980/4440/1
f 2990/4709/8 2992/1684/10 2994/1688/1
f 2994/1688/1 2996/1687/1 2990/4709/8
f 2976/4715/1836 2980/4440/1 2972/4717/1
f 2968/1681/1 2980/4440/1 2999/1680/1
f 2967/1678/1 2968/1681/1 2999/1680/1
f 2967/1678/1 2999/1680/1 3000/1679/7
f 2966/1676/1 2967/1678/1 3000/1679/7
f 2966/1676/1 3000/1679/7 3001/1677/3
f 2965/4720/1 2966/1676/1 3001/1677/3
f 2965/4720/1 3001/1677/3 3002/4721/1
f 2964/4722/1 2965/4720/1 3003/4723/7
f 2965/4720/1 3002/4721/1 3003/4723/7
f 2963/1670/1 2964/4722/1 3003/4723/7
f 2963/1670/1 3003/4723/7 3004/4724/8
f 2962/4725/1 2963/1670/1 3005/4726/1
f 2963/1670/1 3004/4724/8 3005/4726/1
f 2961/4727/1 2962/4725/1 3005/4726/1
f 2961/4727/1 3005/4726/1 3006/4728/1
f 2960/1664/6 2961/4727/1 3006/4728/1
f 2960/1664/6 3006/4728/1 3007/4729/5
f 2959/4730/2 2960/1664/6 3007/4729/5
f 2959/4730/2 3007/4729/5 3008/1661/1843
f 2958/4438/7 2959/4730/2 3008/1661/1843
f 3009/4437/8 3010/1656/1873 2957/1658/4
f 3010/1656/1873 2956/1660/1 2957/1658/4
f 2958/4438/7 3008/1661/1843 3009/4437/8
f 2987/1609/8 2980/4440/1 2985/997/1835
f 3175/1396/1837 3053/1404/1876 3055/1403/1836
f 3053/1404/1876 3054/4731/1877 3055/1403/1836
f 3083/1385/1 3124/1313/1838 3125/1312/1878
f 3083/1385/1 3125/1312/1878 3126/1315/1871
f 3081/1387/1 3082/1326/1 3136/1327/7
f 3082/1326/1 3083/1385/1 3135/1325/2
f 3136/1327/7 3080/1388/1 3081/1387/1
f 3079/1386/1 3080/1388/1 3136/1327/7
f 3137/1382/1 3078/1383/1 3079/1386/1
f 3077/1367/1 3078/1383/1 3138/1369/1
f 3077/1367/1 3139/1368/1 3076/1381/1
f 3075/1378/1 3076/1381/1 3140/1380/1
f 3142/1375/1 3074/1376/1 3141/1379/1
f 3073/1335/1 3074/1376/1 3143/1377/1
f 3074/1376/1 3075/1378/1 3141/1379/1
f 3073/1335/1 3144/1334/1 3145/1333/1
f 3071/1346/1 3072/1341/1 3148/1342/1
f 3072/1341/1 3073/1335/1 3146/1338/1
f 3146/1338/1 3073/1335/1 3145/1333/1
f 3069/1365/1 3070/1350/1 3154/1374/1
f 3070/1350/1 3071/1346/1 3150/1348/1
f 3147/1340/1 3072/1341/1 3146/1338/1
f 3067/1389/1 3068/1361/1 3171/4442/1
f 3068/1361/1 3069/1365/1 3157/1360/1
f 3153/1373/1 3070/1350/1 3152/1352/1
f 3065/1391/1 3066/1390/1 3171/4442/1
f 3066/1390/1 3067/1389/1 3171/4442/1
f 3171/4442/1 3068/1361/1 3159/1370/1
f 3063/1393/1 3064/1392/1 3171/4442/1
f 3064/1392/1 3065/1391/1 3171/4442/1
f 3061/1394/1 3062/1397/1 3171/4442/1
f 3062/1397/1 3063/1393/1 3171/4442/1
f 3059/1398/1 3060/1395/1 3055/1403/1836
f 3060/1395/1 3061/1394/1 3055/1403/1836
f 3057/1399/8 3058/1402/1 3055/1403/1836
f 3058/1402/1 3059/1398/1 3055/1403/1836
f 3055/1403/1836 3056/1400/9 3057/1399/8
f 3170/1405/1879 3171/4442/1 3168/1406/5
f 3171/4442/1 3055/1403/1836 3061/1394/1
f 3168/1406/5 3169/1407/1 3170/1405/1879
f 3166/1409/1 3167/1408/1 3171/4442/1
f 3167/1408/1 3168/1406/5 3171/4442/1
f 3164/1411/1 3165/1410/1 3171/4442/1
f 3165/1410/1 3166/1409/1 3171/4442/1
f 3162/1413/1 3163/1412/1 3171/4442/1
f 3163/1412/1 3164/1411/1 3171/4442/1
f 3160/4732/8 3161/1414/1 3171/4442/1
f 3161/1414/1 3162/1413/1 3171/4442/1
f 3070/1350/1 3153/1373/1 3154/1374/1
f 3072/1341/1 3147/1340/1 3148/1342/1
f 3144/1334/1 3073/1335/1 3143/1377/1
f 3074/1376/1 3142/1375/1 3143/1377/1
f 3139/1368/1 3077/1367/1 3138/1369/1
f 3078/1383/1 3137/1382/1 3138/1369/1
f 3083/1385/1 3126/1315/1871 3127/1314/2
f 3083/1385/1 3127/1314/2 3128/4733/8
f 3159/1370/1 3160/4732/8 3171/4442/1
f 3141/1379/1 3075/1378/1 3140/1380/1
f 3083/1385/1 3128/4733/8 3129/4734/3
f 3083/1385/1 3129/4734/3 3130/1318/8
f 3158/1359/1 3159/1370/1 3068/1361/1
f 3083/1385/1 3130/1318/8 3131/4735/8
f 3083/1385/1 3131/4735/8 3132/4736/2
f 3157/1360/1 3158/1359/1 3068/1361/1
f 3156/1364/1 3157/1360/1 3069/1365/1
f 3083/1385/1 3132/4736/2 3133/1321/1
f 3083/1385/1 3133/1321/1 3134/1323/1
f 3155/1366/1 3156/1364/1 3069/1365/1
f 3154/1374/1 3155/1366/1 3069/1365/1
f 3083/1385/1 3134/1323/1 3135/1325/2
f 3135/1325/2 3136/1327/7 3082/1326/1
f 3136/1327/7 3137/1382/1 3079/1386/1
f 3151/1351/1 3152/1352/1 3070/1350/1
f 3150/1348/1 3151/1351/1 3070/1350/1
f 3139/1368/1 3140/1380/1 3076/1381/1
f 3149/1345/1 3150/1348/1 3071/1346/1
f 3212/1311/1 3213/1384/2 3122/1423/8
f 3213/1384/2 3108/1426/1 3109/1418/1
f 3110/1443/1 3213/1384/2 3109/1418/1
f 3110/1443/1 3111/1425/8 3122/1423/8
f 3111/1425/8 3112/1444/1836 3122/1423/8
f 3112/1444/1836 3113/1424/11 3114/4737/1857
f 3114/4737/1857 3115/4738/1880 3116/1447/1881
f 3116/1447/1881 3117/1304/1 3114/4737/1857
f 3117/1304/1 3118/1448/1 3114/4737/1857
f 3118/1448/1 3119/4739/1 3122/1423/8
f 3119/4739/1 3120/4740/8 3122/1423/8
f 3120/4740/8 3121/1449/1875 3122/1423/8
f 3122/1423/8 3083/1385/1 3212/1311/1
f 3083/1385/1 3084/1324/1 3207/4741/1836
f 3211/4742/8 3083/1385/1 3210/1233/5
f 3084/1324/1 3085/1322/1 3207/4741/1836
f 3085/1322/1 3086/4743/1 3205/4444/2
f 3209/4744/7 3083/1385/1 3208/1228/8
f 3086/4743/1 3087/1235/1 3202/1223/1
f 3087/1235/1 3198/1231/1 3199/1232/1
f 3087/1235/1 3199/1232/1 3200/1230/8
f 3083/1385/1 3211/4742/8 3212/1311/1
f 3083/1385/1 3209/4744/7 3210/1233/5
f 3112/1444/1836 3114/4737/1857 3122/1423/8
f 3213/1384/2 3110/1443/1 3122/1423/8
f 3114/4737/1857 3118/1448/1 3122/1423/8
f 3087/1235/1 3200/1230/8 3201/1226/8
f 3087/1235/1 3201/1226/8 3202/1223/1
f 3208/1228/8 3083/1385/1 3207/4741/1836
f 3086/4743/1 3202/1223/1 3203/1222/1
f 3086/4743/1 3203/1222/1 3204/1221/2
f 3086/4743/1 3204/1221/2 3205/4444/2
f 3207/4741/1836 3085/1322/1 3206/4443/1
f 3122/1423/8 3123/4406/1 3124/1313/1838
f 3197/1236/1 3198/1231/1 3093/1438/1
f 3198/1231/1 3087/1235/1 3088/4745/1
f 3089/1434/1 3198/1231/1 3088/4745/1
f 3089/1434/1 3090/1435/1 3198/1231/1
f 3090/1435/1 3091/1436/1 3198/1231/1
f 3091/1436/1 3092/1437/1 3198/1231/1
f 3092/1437/1 3093/1438/1 3198/1231/1
f 3197/1236/1 3093/1438/1 3094/1433/1
f 3094/1433/1 3095/1417/1 3196/1420/1
f 3095/1417/1 3096/1358/1 3193/1363/1
f 3096/1358/1 3097/1355/1 3190/1356/1
f 3095/1417/1 3195/1415/1 3196/1420/1
f 3097/1355/1 3098/1422/1 3188/1354/1
f 3098/1422/1 3099/1431/1 3186/1432/1
f 3187/1421/1 3098/1422/1 3186/1432/1
f 3099/1431/1 3100/1343/1 3183/1349/1
f 3100/1343/1 3101/1336/1 3180/1339/1
f 3101/1336/1 3102/1332/1 3178/1331/1
f 3102/1332/1 3103/1330/1 3177/1328/1
f 3181/4746/1 3100/1343/1 3180/1339/1
f 3103/1330/1 3104/1428/1 3176/1329/8
f 3104/1428/1 3105/1440/1 3176/1329/8
f 3105/1440/1 3106/1441/1 3223/1427/3
f 3106/1441/1 3107/1442/1 3222/1419/7
f 3217/1303/1 3108/1426/1 3216/1307/1
f 3108/1426/1 3213/1384/2 3214/1310/1874
f 3108/1426/1 3214/1310/1874 3215/1308/1836
f 3108/1426/1 3217/1303/1 3218/1302/2
f 3107/1442/1 3108/1426/1 3221/4747/2
f 3216/1307/1 3108/1426/1 3215/1308/1836
f 3100/1343/1 3181/4746/1 3182/1347/1
f 3102/1332/1 3177/1328/1 3178/1331/1
f 3098/1422/1 3187/1421/1 3188/1354/1
f 3186/1432/1 3099/1431/1 3185/1430/1
f 3094/1433/1 3196/1420/1 3197/1236/1
f 3195/1415/1 3095/1417/1 3194/1416/1
f 3185/1430/1 3099/1431/1 3184/1439/1
f 3108/1426/1 3218/1302/2 3219/1306/1
f 3194/1416/1 3095/1417/1 3193/1363/1
f 3108/1426/1 3219/1306/1 3220/4748/2
f 3108/1426/1 3220/4748/2 3221/4747/2
f 3193/1363/1 3096/1358/1 3192/1362/1
f 3192/1362/1 3096/1358/1 3191/1357/1
f 3107/1442/1 3221/4747/2 3222/1419/7
f 3191/1357/1 3096/1358/1 3190/1356/1
f 3106/1441/1 3222/1419/7 3223/1427/3
f 3189/1353/1 3190/1356/1 3097/1355/1
f 3105/1440/1 3223/1427/3 3224/1429/1
f 3188/1354/1 3189/1353/1 3097/1355/1
f 3105/1440/1 3224/1429/1 3176/1329/8
f 3176/1329/8 3177/1328/1 3103/1330/1
f 3184/1439/1 3099/1431/1 3183/1349/1
f 3178/1331/1 3179/1337/1 3101/1336/1
f 3183/1349/1 3100/1343/1 3182/1347/1
f 3247/948/2 3248/931/1835 3249/930/2
f 3249/930/2 3250/4410/1 3278/4451/1
f 3250/4410/1 3251/932/8 3262/957/1
f 3278/4451/1 3250/4410/1 3274/4449/1
f 3251/932/8 3252/951/1882 3253/4749/8
f 3253/4749/8 3254/952/1 3251/932/8
f 3254/952/1 3255/934/1 3251/932/8
f 3255/934/1 3256/4750/9 3259/933/1
f 3256/4750/9 3257/4751/1872 3259/933/1
f 3257/4751/1872 3258/4752/1883 3259/933/1
f 3259/933/1 3260/956/12 3261/935/1
f 3261/935/1 3262/957/1 3255/934/1
f 3262/957/1 3263/938/1 3250/4410/1
f 3255/934/1 3262/957/1 3251/932/8
f 3263/938/1 3264/958/1 3267/4753/1
f 3264/958/1 3265/959/1 3267/4753/1
f 3265/959/1 3266/4754/1 3267/4753/1
f 3267/4753/1 3268/4755/1 3271/4756/8
f 3268/4755/1 3269/936/1884 3271/4756/8
f 3269/936/1884 3270/962/1885 3271/4756/8
f 3271/4756/8 3272/4757/1873 3273/940/8
f 3273/940/8 3274/4449/1 3271/4756/8
f 3278/4451/1 3279/965/2 3236/973/8
f 3279/965/2 3225/4758/2 3235/943/5
f 3225/4758/2 3226/4759/1875 3227/942/8
f 3227/942/8 3228/968/15 3229/4760/2
f 3229/4760/2 3230/4761/1 3231/944/1
f 3231/944/1 3232/4762/1 3235/943/5
f 3232/4762/1 3233/4763/1 3235/943/5
f 3233/4763/1 3234/972/1843 3235/943/5
f 3235/943/5 3236/973/8 3279/965/2
f 3236/973/8 3237/946/1 3278/4451/1
f 3237/946/1 3238/974/10 3239/947/1
f 3239/947/1 3240/4764/14 3241/4765/1
f 3241/4765/1 3242/4766/1 3239/947/1
f 3242/4766/1 3243/945/1 3239/947/1
f 3243/945/1 3244/978/1 3247/948/2
f 3244/978/1 3245/979/1 3247/948/2
f 3245/979/1 3246/4767/1 3247/948/2
f 3247/948/2 3249/930/2 3239/947/1
f 3259/933/1 3261/935/1 3255/934/1
f 3250/4410/1 3263/938/1 3274/4449/1
f 3271/4756/8 3274/4449/1 3263/938/1
f 3225/4758/2 3227/942/8 3235/943/5
f 3227/942/8 3229/4760/2 3235/943/5
f 3229/4760/2 3231/944/1 3235/943/5
f 3237/946/1 3239/947/1 3249/930/2
f 3278/4451/1 3237/946/1 3249/930/2
f 3263/938/1 3267/4753/1 3271/4756/8
f 3283/4454/1 3284/910/1 3285/911/1
f 3295/897/1 3296/891/1 3289/914/1
f 3296/891/1 3297/4768/1 3299/901/1
f 3297/4768/1 3298/900/1 3299/901/1
f 3299/901/1 3300/902/1 3303/4769/8
f 3300/902/1 3301/904/1 3303/4769/8
f 3301/904/1 3302/4770/15 3303/4769/8
f 3303/4769/8 3304/4771/15 3305/4772/1
f 3305/4772/1 3306/907/1 3307/908/8
f 3307/908/8 3308/893/1886 3309/909/8
f 3309/909/8 3310/4452/2 3307/908/8
f 3310/4452/2 3285/911/1 3299/901/1
f 3307/908/8 3310/4452/2 3299/901/1
f 3285/911/1 3286/912/1875 3287/913/1874
f 3287/913/1874 3288/890/2 3285/911/1
f 3288/890/2 3289/914/1 3285/911/1
f 3289/914/1 3290/915/1 3291/4773/1
f 3291/4773/1 3292/889/15 3293/4455/8
f 3293/4455/8 3294/896/1839 3295/897/1
f 3296/891/1 3299/901/1 3285/911/1
f 3289/914/1 3296/891/1 3285/911/1
f 3303/4769/8 3305/4772/1 3299/901/1
f 3305/4772/1 3307/908/8 3299/901/1
f 3289/914/1 3291/4773/1 3293/4455/8
f 3317/762/1 3318/761/1 3401/790/1
f 3318/761/1 3319/760/1 3401/790/1
f 3399/794/1 3320/759/1 3321/758/1
f 3319/760/1 3320/759/1 3400/791/1
f 3321/758/1 3397/799/1 3398/795/1
f 3321/758/1 3322/757/1 3397/799/1
f 3322/757/1 3323/755/1 3395/803/1
f 3395/803/1 3323/755/1 3394/804/1
f 3323/755/1 3324/753/1 3392/756/1
f 3320/759/1 3399/794/1 3400/791/1
f 3315/766/1 3316/763/1 3402/789/1
f 3316/763/1 3317/762/1 3402/789/1
f 3403/811/1 3314/764/1 3402/789/1
f 3313/4774/1 3314/764/1 3403/811/1
f 3314/764/1 3315/766/1 3402/789/1
f 3404/813/1 3312/815/1 3403/811/1
f 3311/812/1 3312/815/1 3404/813/1
f 3312/815/1 3313/4774/1 3403/811/1
f 3363/816/1 3406/809/1 3362/817/1
f 3363/816/1 3364/808/1 3406/809/1
f 3364/808/1 3311/812/1 3405/810/1
f 3361/819/1 3407/783/1 3360/818/1
f 3361/819/1 3362/817/1 3407/783/1
f 3359/784/1 3407/783/1 3408/778/1
f 3359/784/1 3360/818/1 3407/783/1
f 3408/778/1 3358/820/1 3359/784/1
f 3357/779/1 3358/820/1 3408/778/1
f 3357/779/1 3409/773/1 3356/821/1
f 3355/772/1 3356/821/1 3409/773/1
f 3355/772/1 3409/773/1 3410/771/1
f 3353/774/1 3354/822/1 3412/776/1
f 3354/822/1 3355/772/1 3411/770/1
f 3365/785/1 3352/780/1 3416/782/1
f 3351/788/1 3352/780/1 3366/807/1
f 3352/780/1 3353/774/1 3414/777/1
f 3351/788/1 3366/807/1 3367/4775/8
f 3349/835/1 3350/825/1 3347/833/1
f 3350/825/1 3351/788/1 3347/833/1
f 3347/833/1 3348/834/1 3349/835/1
f 3345/832/1 3346/826/1 3347/833/1
f 3343/831/2 3344/4776/12 3345/832/1
f 3341/830/8 3342/4777/10 3343/831/2
f 3339/827/1 3340/829/1 3343/831/2
f 3340/829/1 3341/830/8 3343/831/2
f 3372/4778/1 3373/4779/8 3339/827/1
f 3371/4780/7 3372/4778/1 3351/788/1
f 3372/4778/1 3339/827/1 3351/788/1
f 3343/831/2 3345/832/1 3339/827/1
f 3345/832/1 3347/833/1 3339/827/1
f 3352/780/1 3365/785/1 3366/807/1
f 3409/773/1 3357/779/1 3408/778/1
f 3322/757/1 3395/803/1 3396/800/1
f 3394/804/1 3323/755/1 3393/814/1
f 3393/814/1 3323/755/1 3392/756/1
f 3324/753/1 3325/4781/1 3391/754/1
f 3407/783/1 3362/817/1 3406/809/1
f 3405/810/1 3311/812/1 3404/813/1
f 3347/833/1 3351/788/1 3339/827/1
f 3370/4782/2 3371/4780/7 3351/788/1
f 3369/787/1 3370/4782/2 3351/788/1
f 3351/788/1 3367/4775/8 3368/823/1
f 3368/823/1 3369/787/1 3351/788/1
f 3336/729/1 3337/731/1 3338/4457/1
f 3338/4457/1 3374/4456/1836 3375/4783/1887
f 3338/4457/1 3375/4783/1887 3376/802/1856
f 3335/730/5 3336/729/1 3338/4457/1
f 3334/734/8 3335/730/5 3338/4457/1
f 3338/4457/1 3376/802/1856 3377/805/12
f 3338/4457/1 3377/805/12 3378/828/7
f 3333/4784/1 3334/734/8 3382/4785/1
f 3334/734/8 3338/4457/1 3382/4785/1
f 3332/4786/1 3333/4784/1 3382/4785/1
f 3338/4457/1 3378/828/7 3379/726/1
f 3338/4457/1 3379/726/1 3380/733/1
f 3331/4787/1 3332/4786/1 3382/4785/1
f 3330/4788/1 3331/4787/1 3382/4785/1
f 3338/4457/1 3380/733/1 3381/732/1
f 3338/4457/1 3381/732/1 3382/4785/1
f 3329/4789/1857 3330/4788/1 3382/4785/1
f 3329/4789/1857 3382/4785/1 3383/4790/1
f 3328/4791/1848 3329/4789/1857 3384/4792/1
f 3329/4789/1857 3383/4790/1 3384/4792/1
f 3327/747/1888 3328/4791/1848 3385/4793/1
f 3328/4791/1848 3384/4792/1 3385/4793/1
f 3326/749/1889 3327/747/1888 3386/743/1
f 3327/747/1888 3385/4793/1 3386/743/1
f 3325/4781/1 3326/749/1889 3387/4794/1
f 3326/749/1889 3386/743/1 3387/4794/1
f 3416/782/1 3352/780/1 3415/781/1
f 3415/781/1 3352/780/1 3414/777/1
f 3325/4781/1 3387/4794/1 3388/4795/1
f 3325/4781/1 3388/4795/1 3389/4796/1
f 3325/4781/1 3389/4796/1 3390/4797/1
f 3325/4781/1 3390/4797/1 3391/754/1
f 3414/777/1 3353/774/1 3413/775/1
f 3413/775/1 3353/774/1 3412/776/1
f 3324/753/1 3391/754/1 3392/756/1
f 3412/776/1 3354/822/1 3411/770/1
f 3322/757/1 3396/800/1 3397/799/1
f 3410/771/1 3411/770/1 3355/772/1
f 3321/758/1 3398/795/1 3399/794/1
f 3406/809/1 3364/808/1 3405/810/1
f 3319/760/1 3400/791/1 3401/790/1
f 3339/827/1 3373/4779/8 3374/4456/1836
f 3427/520/1 3428/494/1 3483/495/1
f 3428/494/1 3429/521/1 3481/491/1
f 3481/491/1 3429/521/1 3480/489/1
f 3429/521/1 3430/490/1 3480/489/1
f 3430/490/1 3479/493/1 3480/489/1
f 3426/500/1 3427/520/1 3483/495/1
f 3424/497/1 3425/519/1 3484/499/1
f 3425/519/1 3426/500/1 3484/499/1
f 3422/517/1 3423/518/1 3485/498/1
f 3423/518/1 3424/497/1 3485/498/1
f 3484/499/1 3426/500/1 3483/495/1
f 3420/514/1 3421/516/1 3486/515/1
f 3421/516/1 3422/517/1 3485/498/1
f 3418/439/1 3419/432/1 3488/433/1
f 3419/432/1 3420/514/1 3487/434/1
f 3469/448/1 3417/441/1 3492/447/1
f 3417/441/1 3418/439/1 3490/443/1
f 3469/448/1 3493/449/1 3494/470/1
f 3467/502/1 3468/503/1 3496/504/1
f 3468/503/1 3469/448/1 3494/470/1
f 3467/502/1 3496/504/1 3497/501/1
f 3465/507/1 3466/456/1 3499/454/1
f 3466/456/1 3467/502/1 3498/455/1
f 3498/455/1 3467/502/1 3497/501/1
f 3463/513/1 3464/462/1 3502/460/1
f 3464/462/1 3465/507/1 3501/461/1
f 3500/506/1 3465/507/1 3499/454/1
f 3461/512/1 3462/469/1 3503/467/1
f 3462/469/1 3463/513/1 3502/460/1
f 3459/511/1 3460/468/1 3504/466/1
f 3460/468/1 3461/512/1 3503/467/1
f 3457/510/1 3458/509/1 3505/508/1
f 3458/509/1 3459/511/1 3504/466/1
f 3504/466/1 3460/468/1 3503/467/1
f 3455/4798/1 3456/425/1 3506/424/1
f 3456/425/1 3457/510/1 3505/508/1
f 3506/424/1 3507/423/1 3455/4798/1
f 3505/508/1 3506/424/1 3456/425/1
f 3502/460/1 3464/462/1 3501/461/1
f 3465/507/1 3500/506/1 3501/461/1
f 3493/449/1 3469/448/1 3492/447/1
f 3424/497/1 3484/499/1 3485/498/1
f 3428/494/1 3481/491/1 3482/496/1
f 3428/494/1 3482/496/1 3483/495/1
f 3466/456/1 3498/455/1 3499/454/1
f 3496/504/1 3468/503/1 3495/505/1
f 3504/466/1 3505/508/1 3458/509/1
f 3502/460/1 3503/467/1 3462/469/1
f 3421/516/1 3485/498/1 3486/515/1
f 3420/514/1 3486/515/1 3487/434/1
f 3419/432/1 3487/434/1 3488/433/1
f 3495/505/1 3468/503/1 3494/470/1
f 3418/439/1 3488/433/1 3489/440/1
f 3418/439/1 3489/440/1 3490/443/1
f 3490/443/1 3491/442/1 3417/441/1
f 3453/480/1 3454/481/1 3507/423/1
f 3454/481/1 3455/4798/1 3507/423/1
f 3453/480/1 3507/423/1 3508/478/1
f 3508/478/1 3509/477/1 3451/479/1
f 3453/480/1 3508/478/1 3452/482/1
f 3508/478/1 3451/479/1 3452/482/1
f 3450/483/1 3451/479/1 3509/477/1
f 3450/483/1 3509/477/1 3449/475/1
f 3448/485/1 3449/475/1 3510/476/1
f 3448/485/1 3510/476/1 3447/484/1
f 3446/459/1 3447/484/1 3511/458/1
f 3511/458/1 3447/484/1 3510/476/1
f 3444/452/1 3445/474/1 3513/453/1
f 3445/474/1 3446/459/1 3512/457/1
f 3444/452/1 3515/450/1 3443/464/1
f 3442/471/1 3443/464/1 3517/473/1
f 3519/463/1 3441/445/1 3442/471/1
f 3440/487/1 3441/445/1 3471/446/1
f 3471/446/1 3441/445/1 3470/444/1
f 3438/488/1 3439/436/1 3475/437/1
f 3439/436/1 3440/487/1 3473/438/1
f 3472/486/1 3440/487/1 3471/446/1
f 3436/429/1 3437/431/1 3477/428/1
f 3437/431/1 3438/488/1 3476/430/1
f 3434/524/1 3435/525/1 3478/427/1
f 3435/525/1 3436/429/1 3478/427/1
f 3432/523/1 3433/4799/1 3479/493/1
f 3433/4799/1 3434/524/1 3479/493/1
f 3430/490/1 3431/492/1 3479/493/1
f 3431/492/1 3432/523/1 3479/493/1
f 3478/427/1 3479/493/1 3434/524/1
f 3477/428/1 3478/427/1 3436/429/1
f 3438/488/1 3475/437/1 3476/430/1
f 3475/437/1 3439/436/1 3474/435/1
f 3440/487/1 3472/486/1 3473/438/1
f 3441/445/1 3519/463/1 3470/444/1
f 3515/450/1 3444/452/1 3514/451/1
f 3519/463/1 3442/471/1 3518/472/1
f 3509/477/1 3510/476/1 3449/475/1
f 3476/430/1 3477/428/1 3437/431/1
f 3446/459/1 3511/458/1 3512/457/1
f 3473/438/1 3474/435/1 3439/436/1
f 3512/457/1 3513/453/1 3445/474/1
f 3513/453/1 3514/451/1 3444/452/1
f 3515/450/1 3516/465/1 3443/464/1
f 3518/472/1 3442/471/1 3517/473/1
f 3564/411/1 3565/356/1 3606/357/1
f 3565/356/1 3566/412/1 3605/358/1
f 3605/358/1 3566/412/1 3567/413/1
f 3567/413/1 3568/330/1 3604/328/1
f 3603/329/1 3568/330/1 3602/4800/1
f 3568/330/1 3569/337/1 3602/4800/1
f 3569/337/1 3570/372/1 3601/336/1
f 3600/371/1 3570/372/1 3599/342/1
f 3570/372/1 3571/341/1 3599/342/1
f 3571/341/1 3572/370/1 3597/343/1
f 3599/342/1 3571/341/1 3598/340/1
f 3572/370/1 3520/366/1 3595/373/1
f 3520/366/1 3521/352/1 3593/368/1
f 3521/352/1 3522/363/1 3591/351/1
f 3522/363/1 3523/364/1 3590/362/1
f 3523/364/1 3524/414/1 3589/365/1
f 3524/414/1 3525/415/1 3588/360/1
f 3587/361/1 3527/359/1 3528/417/1
f 3525/415/1 3526/416/1 3588/360/1
f 3526/416/1 3527/359/1 3588/360/1
f 3587/361/1 3529/418/1 3586/308/1
f 3528/417/1 3529/418/1 3587/361/1
f 3586/308/1 3530/419/1 3531/307/1
f 3529/418/1 3530/419/1 3586/308/1
f 3584/397/1 3532/398/1 3583/396/1
f 3531/307/1 3532/398/1 3584/397/1
f 3532/398/1 3533/399/1 3583/396/1
f 3583/396/1 3534/395/1 3582/393/1
f 3533/399/1 3534/395/1 3583/396/1
f 3534/395/1 3535/400/1 3582/393/1
f 3582/393/1 3535/400/1 3536/401/1
f 3536/401/1 3537/392/1 3582/393/1
f 3581/391/1 3537/392/1 3538/402/1
f 3538/402/1 3539/394/1 3581/391/1
f 3581/391/1 3539/394/1 3580/347/1
f 3539/394/1 3540/349/1 3580/347/1
f 3540/349/1 3541/388/1 3579/348/1
f 3578/344/1 3541/388/1 3542/346/1
f 3542/346/1 3543/390/1 3576/353/1
f 3574/386/1 3543/390/1 3544/385/1
f 3544/385/1 3545/338/1 3622/238/1
f 3621/339/1 3545/338/1 3620/335/1
f 3545/338/1 3546/332/1 3620/335/1
f 3546/332/1 3547/354/1 3618/334/1
f 3620/335/1 3546/332/1 3619/333/1
f 3547/354/1 3548/325/1 3616/326/1
f 3548/325/1 3549/384/1 3615/327/1
f 3549/384/1 3550/322/1 3614/323/1
f 3550/322/1 3551/403/1 3614/323/1
f 3551/403/1 3552/406/1 3614/323/1
f 3552/406/1 3553/407/1 3614/323/1
f 3553/407/1 3554/404/1 3614/323/1
f 3554/404/1 3555/408/1 3614/323/1
f 3555/408/1 3556/382/1 3614/323/1
f 3614/323/1 3615/327/1 3549/384/1
f 3618/334/1 3547/354/1 3617/355/1
f 3617/355/1 3547/354/1 3616/326/1
f 3545/338/1 3621/339/1 3622/238/1
f 3541/388/1 3578/344/1 3579/348/1
f 3543/390/1 3574/386/1 3575/389/1
f 3537/392/1 3581/391/1 3582/393/1
f 3527/359/1 3587/361/1 3588/360/1
f 3586/308/1 3531/307/1 3585/304/1
f 3571/341/1 3597/343/1 3598/340/1
f 3593/368/1 3521/352/1 3592/350/1
f 3597/343/1 3572/370/1 3596/369/1
f 3570/372/1 3600/371/1 3601/336/1
f 3568/330/1 3603/329/1 3604/328/1
f 3562/410/1 3563/374/1 3607/375/1
f 3563/374/1 3564/411/1 3606/357/1
f 3560/409/1 3561/379/1 3608/378/1
f 3561/379/1 3562/410/1 3607/375/1
f 3608/378/1 3561/379/1 3607/375/1
f 3558/4801/1 3559/376/1 3609/377/1
f 3559/376/1 3560/409/1 3608/378/1
f 3609/377/1 3610/381/1 3558/4801/1
f 3608/378/1 3609/377/1 3559/376/1
f 3543/390/1 3575/389/1 3576/353/1
f 3615/327/1 3616/326/1 3548/325/1
f 3567/413/1 3604/328/1 3605/358/1
f 3618/334/1 3619/333/1 3546/332/1
f 3606/357/1 3607/375/1 3563/374/1
f 3605/358/1 3606/357/1 3565/356/1
f 3544/385/1 3622/238/1 3573/387/1
f 3544/385/1 3573/387/1 3574/386/1
f 3601/336/1 3602/4800/1 3569/337/1
f 3542/346/1 3576/353/1 3577/345/1
f 3542/346/1 3577/345/1 3578/344/1
f 3596/369/1 3572/370/1 3595/373/1
f 3595/373/1 3520/366/1 3594/367/1
f 3540/349/1 3579/348/1 3580/347/1
f 3594/367/1 3520/366/1 3593/368/1
f 3531/307/1 3584/397/1 3585/304/1
f 3592/350/1 3521/352/1 3591/351/1
f 3591/351/1 3522/363/1 3590/362/1
f 3589/365/1 3590/362/1 3523/364/1
f 3558/4801/1 3610/381/1 3611/383/1
f 3558/4801/1 3611/383/1 3557/380/1
f 3611/383/1 3612/405/1 3556/382/1
f 3556/382/1 3557/380/1 3611/383/1
f 3613/324/1 3614/323/1 3556/382/1
