# Blender 5.2.1 LTS
# www.blender.org
mtllib jestei-lockup-blue.mtl
o jestei-lockup-blue
v 0.950383 0.073705 0.190000
v 0.951345 0.073705 0.190000
v 0.954004 0.073705 0.190000
v 0.958022 0.073705 0.190000
v 0.963058 0.073705 0.190000
v 0.968774 0.073705 0.190000
v 0.974829 0.073705 0.190000
v 0.980884 0.073705 0.190000
v 0.986599 0.073705 0.190000
v 0.991635 0.073705 0.190000
v 0.995653 0.073705 0.190000
v 0.998313 0.073705 0.190000
v 0.999275 0.073705 0.190000
v 0.999371 0.073698 0.190000
v 0.999465 0.073679 0.190000
v 0.999553 0.073648 0.190000
v 0.999637 0.073606 0.190000
v 0.999714 0.073554 0.190000
v 0.999784 0.073492 0.190000
v 0.999846 0.073423 0.190000
v 0.999899 0.073346 0.190000
v 0.999942 0.073262 0.190000
v 0.999973 0.073173 0.190000
v 0.999993 0.073078 0.190000
v 1.000000 0.072980 0.190000
v 1.000000 0.070216 0.190000
v 1.000000 0.062576 0.190000
v 1.000000 0.051033 0.190000
v 1.000000 0.036565 0.190000
v 1.000000 0.020145 0.190000
v 1.000000 0.002750 0.190000
v 1.000000 -0.014645 0.190000
v 1.000000 -0.031064 0.190000
v 1.000000 -0.045533 0.190000
v 1.000000 -0.057075 0.190000
v 1.000000 -0.064716 0.190000
v 1.000000 -0.067480 0.190000
v 0.949658 -0.067480 0.190000
v 0.949658 0.072980 0.190000
v 0.949664 0.073078 0.190000
v 0.949683 0.073173 0.190000
v 0.949714 0.073262 0.190000
v 0.949755 0.073346 0.190000
v 0.949807 0.073423 0.190000
v 0.949868 0.073493 0.190000
v 0.949937 0.073554 0.190000
v 0.950014 0.073606 0.190000
v 0.950098 0.073648 0.190000
v 0.950188 0.073679 0.190000
v 0.950283 0.073698 0.190000
v -0.652498 0.173185 0.190000
v -0.652423 0.173089 0.190000
v -0.652353 0.172989 0.190000
v -0.652290 0.172886 0.190000
v -0.652233 0.172779 0.190000
v -0.652182 0.172670 0.190000
v -0.652138 0.172558 0.190000
v -0.652100 0.172443 0.190000
v -0.652069 0.172327 0.190000
v -0.652044 0.172209 0.190000
v -0.652027 0.172089 0.190000
v -0.652016 0.171968 0.190000
v -0.652013 0.171846 0.190000
v -0.652013 -0.001379 0.190000
v -0.652220 -0.009972 0.190000
v -0.652855 -0.018518 0.190000
v -0.653916 -0.027002 0.190000
v -0.655395 -0.035407 0.190000
v -0.657290 -0.043720 0.190000
v -0.659595 -0.051925 0.190000
v -0.662306 -0.060007 0.190000
v -0.665418 -0.067951 0.190000
v -0.668926 -0.075741 0.190000
v -0.672826 -0.083364 0.190000
v -0.677113 -0.090804 0.190000
v -0.681783 -0.098045 0.190000
v -0.686810 -0.105047 0.190000
v -0.692165 -0.111770 0.190000
v -0.697837 -0.118206 0.190000
v -0.703812 -0.124344 0.190000
v -0.710078 -0.130175 0.190000
v -0.716623 -0.135689 0.190000
v -0.723435 -0.140875 0.190000
v -0.730501 -0.145723 0.190000
v -0.737809 -0.150225 0.190000
v -0.745346 -0.154370 0.190000
v -0.753100 -0.158147 0.190000
v -0.761059 -0.161548 0.190000
v -0.769179 -0.164552 0.190000
v -0.777413 -0.167142 0.190000
v -0.785747 -0.169319 0.190000
v -0.794164 -0.171081 0.190000
v -0.802648 -0.172426 0.190000
v -0.811184 -0.173353 0.190000
v -0.819756 -0.173860 0.190000
v -0.828347 -0.173948 0.190000
v -0.836943 -0.173613 0.190000
v -0.845527 -0.172855 0.190000
v -0.854084 -0.171673 0.190000
v -0.862597 -0.170065 0.190000
v -0.870445 -0.168212 0.190000
v -0.878175 -0.166047 0.190000
v -0.885775 -0.163568 0.190000
v -0.893233 -0.160775 0.190000
v -0.900539 -0.157665 0.190000
v -0.907681 -0.154237 0.190000
v -0.914649 -0.150490 0.190000
v -0.921430 -0.146422 0.190000
v -0.928013 -0.142032 0.190000
v -0.934389 -0.137319 0.190000
v -0.940544 -0.132281 0.190000
v -0.946469 -0.126916 0.190000
v -0.946938 -0.126437 0.190000
v -0.947369 -0.125929 0.190000
v -0.947762 -0.125396 0.190000
v -0.948116 -0.124839 0.190000
v -0.948430 -0.124260 0.190000
v -0.948704 -0.123662 0.190000
v -0.948938 -0.123046 0.190000
v -0.949130 -0.122416 0.190000
v -0.949281 -0.121773 0.190000
v -0.949389 -0.121119 0.190000
v -0.949454 -0.120457 0.190000
v -0.949476 -0.119788 0.190000
v -0.949469 -0.119420 0.190000
v -0.949449 -0.119052 0.190000
v -0.949416 -0.118685 0.190000
v -0.949369 -0.118321 0.190000
v -0.949309 -0.117959 0.190000
v -0.949236 -0.117599 0.190000
v -0.949150 -0.117242 0.190000
v -0.949052 -0.116888 0.190000
v -0.948940 -0.116538 0.190000
v -0.948815 -0.116191 0.190000
v -0.948678 -0.115849 0.190000
v -0.948528 -0.115512 0.190000
v -0.948338 -0.115104 0.190000
v -0.947812 -0.113974 0.190000
v -0.947017 -0.112268 0.190000
v -0.946021 -0.110130 0.190000
v -0.944891 -0.107703 0.190000
v -0.943694 -0.105132 0.190000
v -0.942496 -0.102561 0.190000
v -0.941366 -0.100134 0.190000
v -0.940370 -0.097996 0.190000
v -0.939575 -0.096290 0.190000
v -0.939049 -0.095160 0.190000
v -0.938859 -0.094752 0.190000
v -0.935977 -0.094552 0.190000
v -0.932842 -0.098084 0.190000
v -0.929596 -0.101509 0.190000
v -0.926242 -0.104823 0.190000
v -0.922782 -0.108024 0.190000
v -0.919221 -0.111109 0.190000
v -0.915561 -0.114077 0.190000
v -0.911804 -0.116924 0.190000
v -0.907954 -0.119650 0.190000
v -0.904014 -0.122250 0.190000
v -0.899987 -0.124723 0.190000
v -0.895875 -0.127066 0.190000
v -0.891682 -0.129278 0.190000
v -0.887214 -0.131446 0.190000
v -0.882681 -0.133458 0.190000
v -0.878085 -0.135312 0.190000
v -0.873433 -0.137007 0.190000
v -0.868727 -0.138542 0.190000
v -0.863972 -0.139915 0.190000
v -0.859173 -0.141126 0.190000
v -0.854333 -0.142174 0.190000
v -0.849458 -0.143057 0.190000
v -0.844550 -0.143774 0.190000
v -0.839614 -0.144324 0.190000
v -0.834655 -0.144706 0.190000
v -0.829686 -0.144919 0.190000
v -0.824720 -0.144962 0.190000
v -0.819761 -0.144836 0.190000
v -0.814813 -0.144542 0.190000
v -0.809882 -0.144080 0.190000
v -0.804970 -0.143451 0.190000
v -0.800084 -0.142655 0.190000
v -0.795226 -0.141693 0.190000
v -0.790402 -0.140566 0.190000
v -0.785615 -0.139274 0.190000
v -0.780870 -0.137819 0.190000
v -0.776172 -0.136200 0.190000
v -0.771532 -0.134421 0.190000
v -0.766963 -0.132488 0.190000
v -0.762469 -0.130403 0.190000
v -0.758054 -0.128169 0.190000
v -0.753722 -0.125787 0.190000
v -0.749475 -0.123260 0.190000
v -0.745319 -0.120590 0.190000
v -0.741255 -0.117779 0.190000
v -0.737289 -0.114830 0.190000
v -0.733424 -0.111746 0.190000
v -0.729664 -0.108527 0.190000
v -0.726012 -0.105178 0.190000
v -0.725863 -0.105025 0.190000
v -0.725452 -0.104604 0.190000
v -0.724831 -0.103968 0.190000
v -0.724052 -0.103170 0.190000
v -0.723169 -0.102265 0.190000
v -0.722233 -0.101306 0.190000
v -0.721297 -0.100347 0.190000
v -0.720413 -0.099441 0.190000
v -0.719635 -0.098644 0.190000
v -0.719013 -0.098007 0.190000
v -0.718602 -0.097586 0.190000
v -0.718454 -0.097434 0.190000
v -0.714114 -0.092419 0.190000
v -0.710023 -0.087225 0.190000
v -0.706185 -0.081863 0.190000
v -0.702603 -0.076339 0.190000
v -0.699283 -0.070666 0.190000
v -0.696230 -0.064850 0.190000
v -0.693447 -0.058902 0.190000
v -0.690940 -0.052831 0.190000
v -0.688713 -0.046647 0.190000
v -0.686771 -0.040358 0.190000
v -0.685118 -0.033974 0.190000
v -0.683759 -0.027504 0.190000
v -0.682702 -0.020979 0.190000
v -0.681950 -0.014430 0.190000
v -0.681503 -0.007868 0.190000
v -0.681359 -0.001302 0.190000
v -0.681518 0.005256 0.190000
v -0.681978 0.011797 0.190000
v -0.682739 0.018311 0.190000
v -0.683800 0.024786 0.190000
v -0.685160 0.031213 0.190000
v -0.686817 0.037582 0.190000
v -0.688772 0.043881 0.190000
v -0.691022 0.050101 0.190000
v -0.693558 0.056212 0.190000
v -0.696368 0.062185 0.190000
v -0.699444 0.068012 0.190000
v -0.702781 0.073684 0.190000
v -0.706372 0.079194 0.190000
v -0.710211 0.084532 0.190000
v -0.714292 0.089690 0.190000
v -0.718608 0.094661 0.190000
v -0.723154 0.099436 0.190000
v -0.727922 0.104006 0.190000
v -0.732908 0.108364 0.190000
v -0.738103 0.112501 0.190000
v -0.743485 0.116396 0.190000
v -0.749028 0.120032 0.190000
v -0.754720 0.123405 0.190000
v -0.760554 0.126511 0.190000
v -0.766518 0.129346 0.190000
v -0.772603 0.131907 0.190000
v -0.778801 0.134190 0.190000
v -0.785100 0.136190 0.190000
v -0.791491 0.137905 0.190000
v -0.797964 0.139330 0.190000
v -0.804510 0.140461 0.190000
v -0.811120 0.141294 0.190000
v -0.817761 0.141825 0.190000
v -0.824401 0.142052 0.190000
v -0.831032 0.141977 0.190000
v -0.837642 0.141601 0.190000
v -0.844221 0.140927 0.190000
v -0.850758 0.139955 0.190000
v -0.857245 0.138689 0.190000
v -0.863669 0.137129 0.190000
v -0.870021 0.135278 0.190000
v -0.876291 0.133137 0.190000
v -0.882468 0.130708 0.190000
v -0.888542 0.127992 0.190000
v -0.894484 0.125002 0.190000
v -0.900265 0.121753 0.190000
v -0.905879 0.118252 0.190000
v -0.911316 0.114505 0.190000
v -0.916570 0.110520 0.190000
v -0.921632 0.106303 0.190000
v -0.926495 0.101861 0.190000
v -0.931150 0.097201 0.190000
v -0.935590 0.092330 0.190000
v -0.939808 0.087254 0.190000
v -0.943794 0.081981 0.190000
v -0.947542 0.076517 0.190000
v -0.951032 0.070888 0.190000
v -0.954250 0.065121 0.190000
v -0.957191 0.059226 0.190000
v -0.959852 0.053213 0.190000
v -0.962232 0.047091 0.190000
v -0.964326 0.040872 0.190000
v -0.966131 0.034564 0.190000
v -0.967645 0.028178 0.190000
v -0.968864 0.021723 0.190000
v -0.969785 0.015209 0.190000
v -0.970406 0.008647 0.190000
v -0.970722 0.002045 0.190000
v -0.970808 -0.004190 0.190000
v -0.970741 -0.010363 0.190000
v -0.970501 -0.016474 0.190000
v -0.970068 -0.022521 0.190000
v -0.969420 -0.028503 0.190000
v -0.968538 -0.034420 0.190000
v -0.967401 -0.040271 0.190000
v -0.965987 -0.046055 0.190000
v -0.964277 -0.051770 0.190000
v -0.962250 -0.057417 0.190000
v -0.959885 -0.062994 0.190000
v -0.957161 -0.068500 0.190000
v -0.956850 -0.069112 0.190000
v -0.956562 -0.069734 0.190000
v -0.956297 -0.070365 0.190000
v -0.956057 -0.071006 0.190000
v -0.955843 -0.071654 0.190000
v -0.955654 -0.072309 0.190000
v -0.955493 -0.072971 0.190000
v -0.955359 -0.073639 0.190000
v -0.955254 -0.074312 0.190000
v -0.955177 -0.074990 0.190000
v -0.955131 -0.075671 0.190000
v -0.955116 -0.076356 0.190000
v -0.955125 -0.076887 0.190000
v -0.955152 -0.077417 0.190000
v -0.955198 -0.077946 0.190000
v -0.955261 -0.078472 0.190000
v -0.955343 -0.078995 0.190000
v -0.955442 -0.079515 0.190000
v -0.955559 -0.080032 0.190000
v -0.955694 -0.080544 0.190000
v -0.955846 -0.081052 0.190000
v -0.956016 -0.081555 0.190000
v -0.956204 -0.082053 0.190000
v -0.956408 -0.082544 0.190000
v -0.956593 -0.082967 0.190000
v -0.957102 -0.084136 0.190000
v -0.957873 -0.085901 0.190000
v -0.958839 -0.088113 0.190000
v -0.959934 -0.090624 0.190000
v -0.961095 -0.093285 0.190000
v -0.962256 -0.095945 0.190000
v -0.963352 -0.098456 0.190000
v -0.964318 -0.100669 0.190000
v -0.965088 -0.102434 0.190000
v -0.965598 -0.103602 0.190000
v -0.965783 -0.104025 0.190000
v -0.995860 -0.172587 0.190000
v -0.996041 -0.172918 0.190000
v -0.996267 -0.173202 0.190000
v -0.996531 -0.173437 0.190000
v -0.996826 -0.173623 0.190000
v -0.997145 -0.173757 0.190000
v -0.997480 -0.173839 0.190000
v -0.997823 -0.173868 0.190000
v -0.998168 -0.173842 0.190000
v -0.998508 -0.173760 0.190000
v -0.998834 -0.173621 0.190000
v -0.999140 -0.173424 0.190000
v -0.999418 -0.173167 0.190000
v -0.999504 -0.173067 0.190000
v -0.999583 -0.172963 0.190000
v -0.999655 -0.172854 0.190000
v -0.999721 -0.172741 0.190000
v -0.999779 -0.172625 0.190000
v -0.999830 -0.172505 0.190000
v -0.999873 -0.172382 0.190000
v -0.999909 -0.172257 0.190000
v -0.999937 -0.172130 0.190000
v -0.999957 -0.172001 0.190000
v -0.999969 -0.171871 0.190000
v -0.999974 -0.171739 0.190000
v -0.999974 -0.168387 0.190000
v -0.999976 -0.159120 0.190000
v -0.999978 -0.145120 0.190000
v -0.999980 -0.127572 0.190000
v -0.999983 -0.107657 0.190000
v -0.999987 -0.086559 0.190000
v -0.999990 -0.065461 0.190000
v -0.999993 -0.045546 0.190000
v -0.999996 -0.027998 0.190000
v -0.999998 -0.013998 0.190000
v -0.999999 -0.004731 0.190000
v -1.000000 -0.001379 0.190000
v -0.999764 0.007677 0.190000
v -0.999052 0.016678 0.190000
v -0.997870 0.025605 0.190000
v -0.996224 0.034441 0.190000
v -0.994119 0.043169 0.190000
v -0.991562 0.051770 0.190000
v -0.988557 0.060229 0.190000
v -0.985111 0.068526 0.190000
v -0.981230 0.076645 0.190000
v -0.976918 0.084568 0.190000
v -0.972182 0.092278 0.190000
v -0.967027 0.099757 0.190000
v -0.961484 0.106957 0.190000
v -0.955589 0.113835 0.190000
v -0.949356 0.120381 0.190000
v -0.942801 0.126583 0.190000
v -0.935938 0.132430 0.190000
v -0.928783 0.137913 0.190000
v -0.921350 0.143019 0.190000
v -0.913655 0.147738 0.190000
v -0.905712 0.152059 0.190000
v -0.897537 0.155972 0.190000
v -0.889144 0.159464 0.190000
v -0.880548 0.162527 0.190000
v -0.871802 0.165137 0.190000
v -0.862961 0.167282 0.190000
v -0.854044 0.168962 0.190000
v -0.845068 0.170175 0.190000
v -0.836052 0.170923 0.190000
v -0.827015 0.171205 0.190000
v -0.817976 0.171020 0.190000
v -0.808952 0.170370 0.190000
v -0.799963 0.169253 0.190000
v -0.791028 0.167669 0.190000
v -0.782163 0.165619 0.190000
v -0.773389 0.163103 0.190000
v -0.768064 0.161329 0.190000
v -0.762811 0.159391 0.190000
v -0.757634 0.157290 0.190000
v -0.752537 0.155030 0.190000
v -0.747523 0.152611 0.190000
v -0.742595 0.150038 0.190000
v -0.737758 0.147312 0.190000
v -0.733014 0.144437 0.190000
v -0.728367 0.141413 0.190000
v -0.723820 0.138245 0.190000
v -0.719378 0.134933 0.190000
v -0.715043 0.131482 0.190000
v -0.711297 0.128855 0.190000
v -0.707250 0.126841 0.190000
v -0.702993 0.125435 0.190000
v -0.698614 0.124636 0.190000
v -0.694205 0.124440 0.190000
v -0.689853 0.124844 0.190000
v -0.685650 0.125846 0.190000
v -0.681684 0.127443 0.190000
v -0.678046 0.129632 0.190000
v -0.674824 0.132410 0.190000
v -0.672110 0.135774 0.190000
v -0.669992 0.139722 0.190000
v -0.669718 0.140370 0.190000
v -0.668962 0.142161 0.190000
v -0.667819 0.144868 0.190000
v -0.666387 0.148261 0.190000
v -0.664761 0.152111 0.190000
v -0.663039 0.156190 0.190000
v -0.661316 0.160269 0.190000
v -0.659691 0.164119 0.190000
v -0.658258 0.167512 0.190000
v -0.657116 0.170218 0.190000
v -0.656359 0.172010 0.190000
v -0.656085 0.172658 0.190000
v -0.655905 0.172998 0.190000
v -0.655676 0.173288 0.190000
v -0.655408 0.173527 0.190000
v -0.655107 0.173713 0.190000
v -0.654782 0.173846 0.190000
v -0.654441 0.173925 0.190000
v -0.654092 0.173948 0.190000
v -0.653742 0.173914 0.190000
v -0.653400 0.173822 0.190000
v -0.653074 0.173670 0.190000
v -0.652770 0.173459 0.190000
v -0.945736 0.016554 0.190000
v -0.942523 0.032310 0.190000
v -0.937343 0.047249 0.190000
v -0.930342 0.061228 0.190000
v -0.921662 0.074103 0.190000
v -0.911448 0.085729 0.190000
v -0.899844 0.095962 0.190000
v -0.886993 0.104659 0.190000
v -0.873040 0.111673 0.190000
v -0.858128 0.116862 0.190000
v -0.842403 0.120082 0.190000
v -0.826006 0.121187 0.190000
v -0.809610 0.120082 0.190000
v -0.793884 0.116863 0.190000
v -0.778973 0.111673 0.190000
v -0.765020 0.104659 0.190000
v -0.752169 0.095963 0.190000
v -0.740565 0.085729 0.190000
v -0.730350 0.074103 0.190000
v -0.721671 0.061228 0.190000
v -0.714669 0.047249 0.190000
v -0.709490 0.032310 0.190000
v -0.706277 0.016554 0.190000
v -0.705173 0.000127 0.190000
v -0.706277 -0.016300 0.190000
v -0.709490 -0.032056 0.190000
v -0.714669 -0.046995 0.190000
v -0.721671 -0.060975 0.190000
v -0.730351 -0.073850 0.190000
v -0.740565 -0.085476 0.190000
v -0.752169 -0.095709 0.190000
v -0.765020 -0.104405 0.190000
v -0.778973 -0.111420 0.190000
v -0.793884 -0.116609 0.190000
v -0.809610 -0.119829 0.190000
v -0.826006 -0.120934 0.190000
v -0.842403 -0.119829 0.190000
v -0.858128 -0.116609 0.190000
v -0.873040 -0.111420 0.190000
v -0.886993 -0.104405 0.190000
v -0.899844 -0.095709 0.190000
v -0.911448 -0.085476 0.190000
v -0.921662 -0.073850 0.190000
v -0.930342 -0.060975 0.190000
v -0.937343 -0.046995 0.190000
v -0.942523 -0.032056 0.190000
v -0.945736 -0.016300 0.190000
v -0.946839 0.000127 0.190000
v -0.880248 -0.000010 0.190000
v -0.879771 -0.007092 0.190000
v -0.878383 -0.013884 0.190000
v -0.876146 -0.020324 0.190000
v -0.873121 -0.026350 0.190000
v -0.869372 -0.031900 0.190000
v -0.864959 -0.036912 0.190000
v -0.859946 -0.041324 0.190000
v -0.854395 -0.045072 0.190000
v -0.848367 -0.048096 0.190000
v -0.841926 -0.050333 0.190000
v -0.835132 -0.051721 0.190000
v -0.828049 -0.052198 0.190000
v -0.820966 -0.051721 0.190000
v -0.814173 -0.050333 0.190000
v -0.807732 -0.048096 0.190000
v -0.801704 -0.045072 0.190000
v -0.796153 -0.041324 0.190000
v -0.791140 -0.036912 0.190000
v -0.786727 -0.031900 0.190000
v -0.782978 -0.026350 0.190000
v -0.779953 -0.020324 0.190000
v -0.777716 -0.013884 0.190000
v -0.776328 -0.007092 0.190000
v -0.775851 -0.000010 0.190000
v -0.776328 0.007071 0.190000
v -0.777716 0.013863 0.190000
v -0.779953 0.020304 0.190000
v -0.782978 0.026330 0.190000
v -0.786727 0.031880 0.190000
v -0.791140 0.036892 0.190000
v -0.796153 0.041304 0.190000
v -0.801704 0.045053 0.190000
v -0.807732 0.048077 0.190000
v -0.814173 0.050314 0.190000
v -0.820966 0.051701 0.190000
v -0.828049 0.052178 0.190000
v -0.835132 0.051701 0.190000
v -0.841926 0.050314 0.190000
v -0.848367 0.048077 0.190000
v -0.854395 0.045053 0.190000
v -0.859946 0.041304 0.190000
v -0.864959 0.036892 0.190000
v -0.869372 0.031880 0.190000
v -0.873121 0.026330 0.190000
v -0.876146 0.020304 0.190000
v -0.878383 0.013863 0.190000
v -0.879771 0.007071 0.190000
v -0.356947 -0.071868 0.190000
v -0.359035 -0.072277 0.190000
v -0.361159 -0.072651 0.190000
v -0.363318 -0.072989 0.190000
v -0.365514 -0.073292 0.190000
v -0.367744 -0.073559 0.190000
v -0.370010 -0.073790 0.190000
v -0.372312 -0.073986 0.190000
v -0.374650 -0.074146 0.190000
v -0.377023 -0.074271 0.190000
v -0.379431 -0.074360 0.190000
v -0.381875 -0.074413 0.190000
v -0.384355 -0.074431 0.190000
v -0.396384 -0.074431 0.190000
v -0.399670 -0.074399 0.190000
v -0.402891 -0.074305 0.190000
v -0.406046 -0.074147 0.190000
v -0.409135 -0.073927 0.190000
v -0.412159 -0.073644 0.190000
v -0.415116 -0.073297 0.190000
v -0.418009 -0.072888 0.190000
v -0.420835 -0.072416 0.190000
v -0.423595 -0.071880 0.190000
v -0.426290 -0.071282 0.190000
v -0.428919 -0.070621 0.190000
v -0.431483 -0.069896 0.190000
v -0.433968 -0.069126 0.190000
v -0.436363 -0.068325 0.190000
v -0.438668 -0.067494 0.190000
v -0.440882 -0.066633 0.190000
v -0.443006 -0.065741 0.190000
v -0.445039 -0.064820 0.190000
v -0.446982 -0.063869 0.190000
v -0.448835 -0.062887 0.190000
v -0.450598 -0.061875 0.190000
v -0.452270 -0.060834 0.190000
v -0.453852 -0.059762 0.190000
v -0.455343 -0.058660 0.190000
v -0.456736 -0.057493 0.190000
v -0.458087 -0.056294 0.190000
v -0.459397 -0.055062 0.190000
v -0.460667 -0.053796 0.190000
v -0.461895 -0.052498 0.190000
v -0.463082 -0.051168 0.190000
v -0.464228 -0.049804 0.190000
v -0.465333 -0.048408 0.190000
v -0.466397 -0.046978 0.190000
v -0.467420 -0.045516 0.190000
v -0.468402 -0.044021 0.190000
v -0.469342 -0.042494 0.190000
v -0.470205 -0.040927 0.190000
v -0.471018 -0.039383 0.190000
v -0.471783 -0.037861 0.190000
v -0.472497 -0.036360 0.190000
v -0.473163 -0.034882 0.190000
v -0.473779 -0.033425 0.190000
v -0.474346 -0.031990 0.190000
v -0.474864 -0.030577 0.190000
v -0.475332 -0.029186 0.190000
v -0.475751 -0.027817 0.190000
v -0.476121 -0.026470 0.190000
v -0.476441 -0.025144 0.190000
v -0.476693 -0.023793 0.190000
v -0.476923 -0.022434 0.190000
v -0.477131 -0.021066 0.190000
v -0.477318 -0.019690 0.190000
v -0.477482 -0.018306 0.190000
v -0.477624 -0.016914 0.190000
v -0.477745 -0.015514 0.190000
v -0.477843 -0.014105 0.190000
v -0.477920 -0.012688 0.190000
v -0.477975 -0.011263 0.190000
v -0.478008 -0.009829 0.190000
v -0.478019 -0.008388 0.190000
v -0.477994 -0.008028 0.190000
v -0.477922 -0.007684 0.190000
v -0.477807 -0.007358 0.190000
v -0.477651 -0.007053 0.190000
v -0.477458 -0.006774 0.190000
v -0.477231 -0.006523 0.190000
v -0.476974 -0.006303 0.190000
v -0.476689 -0.006117 0.190000
v -0.476381 -0.005970 0.190000
v -0.476052 -0.005863 0.190000
v -0.475705 -0.005801 0.190000
v -0.475345 -0.005786 0.190000
v -0.474365 -0.005812 0.190000
v -0.471657 -0.005886 0.190000
v -0.467565 -0.005997 0.190000
v -0.462436 -0.006136 0.190000
v -0.456615 -0.006293 0.190000
v -0.450449 -0.006461 0.190000
v -0.444282 -0.006628 0.190000
v -0.438462 -0.006786 0.190000
v -0.433333 -0.006925 0.190000
v -0.429241 -0.007035 0.190000
v -0.426532 -0.007109 0.190000
v -0.425552 -0.007135 0.190000
v -0.425194 -0.007167 0.190000
v -0.424849 -0.007242 0.190000
v -0.424520 -0.007356 0.190000
v -0.424210 -0.007507 0.190000
v -0.423921 -0.007693 0.190000
v -0.423655 -0.007911 0.190000
v -0.423416 -0.008158 0.190000
v -0.423205 -0.008432 0.190000
v -0.423025 -0.008730 0.190000
v -0.422879 -0.009049 0.190000
v -0.422769 -0.009387 0.190000
v -0.422697 -0.009740 0.190000
v -0.422046 -0.013366 0.190000
v -0.421144 -0.016676 0.190000
v -0.419957 -0.019671 0.190000
v -0.418449 -0.022351 0.190000
v -0.416587 -0.024715 0.190000
v -0.414334 -0.026764 0.190000
v -0.411657 -0.028498 0.190000
v -0.408519 -0.029917 0.190000
v -0.404886 -0.031020 0.190000
v -0.400722 -0.031808 0.190000
v -0.395994 -0.032281 0.190000
v -0.390634 -0.032439 0.190000
v -0.390548 -0.032439 0.190000
v -0.390419 -0.032439 0.190000
v -0.390256 -0.032439 0.190000
v -0.390072 -0.032439 0.190000
v -0.389876 -0.032439 0.190000
v -0.389681 -0.032439 0.190000
v -0.389497 -0.032439 0.190000
v -0.389334 -0.032439 0.190000
v -0.389205 -0.032439 0.190000
v -0.389088 -0.032439 0.190000
v -0.386326 -0.032377 0.190000
v -0.383693 -0.032192 0.190000
v -0.381188 -0.031884 0.190000
v -0.378812 -0.031453 0.190000
v -0.376565 -0.030899 0.190000
v -0.374447 -0.030221 0.190000
v -0.372457 -0.029420 0.190000
v -0.370597 -0.028496 0.190000
v -0.368864 -0.027449 0.190000
v -0.367261 -0.026278 0.190000
v -0.365786 -0.024984 0.190000
v -0.364440 -0.023567 0.190000
v -0.363180 -0.022045 0.190000
v -0.362030 -0.020435 0.190000
v -0.360989 -0.018738 0.190000
v -0.360058 -0.016953 0.190000
v -0.359236 -0.015080 0.190000
v -0.358524 -0.013119 0.190000
v -0.357922 -0.011071 0.190000
v -0.357429 -0.008935 0.190000
v -0.357045 -0.006712 0.190000
v -0.356771 -0.004401 0.190000
v -0.356607 -0.002002 0.190000
v -0.356552 0.000484 0.190000
v -0.356552 0.001881 0.190000
v -0.356552 0.005745 0.190000
v -0.356552 0.011582 0.190000
v -0.356552 0.018899 0.190000
v -0.356552 0.027202 0.190000
v -0.356552 0.035999 0.190000
v -0.356552 0.044795 0.190000
v -0.356552 0.053099 0.190000
v -0.356552 0.060415 0.190000
v -0.356552 0.066252 0.190000
v -0.356552 0.070116 0.190000
v -0.356552 0.071514 0.190000
v -0.356526 0.071907 0.190000
v -0.356449 0.072284 0.190000
v -0.356325 0.072642 0.190000
v -0.356157 0.072977 0.190000
v -0.355948 0.073285 0.190000
v -0.355703 0.073564 0.190000
v -0.355425 0.073809 0.190000
v -0.355116 0.074017 0.190000
v -0.354782 0.074185 0.190000
v -0.354424 0.074309 0.190000
v -0.354046 0.074387 0.190000
v -0.353652 0.074413 0.190000
v -0.352665 0.074413 0.190000
v -0.349934 0.074413 0.190000
v -0.345809 0.074413 0.190000
v -0.340637 0.074413 0.190000
v -0.334769 0.074413 0.190000
v -0.328552 0.074413 0.190000
v -0.322335 0.074413 0.190000
v -0.316466 0.074413 0.190000
v -0.311295 0.074413 0.190000
v -0.307170 0.074413 0.190000
v -0.304439 0.074413 0.190000
v -0.303451 0.074413 0.190000
v -0.303058 0.074387 0.190000
v -0.302680 0.074309 0.190000
v -0.302322 0.074185 0.190000
v -0.301988 0.074017 0.190000
v -0.301679 0.073809 0.190000
v -0.301401 0.073564 0.190000
v -0.301155 0.073285 0.190000
v -0.300947 0.072977 0.190000
v -0.300779 0.072642 0.190000
v -0.300655 0.072284 0.190000
v -0.300577 0.071907 0.190000
v -0.300551 0.071514 0.190000
v -0.300551 0.070093 0.190000
v -0.300551 0.066165 0.190000
v -0.300551 0.060230 0.190000
v -0.300551 0.052792 0.190000
v -0.300551 0.044350 0.190000
v -0.300551 0.035407 0.190000
v -0.300551 0.026464 0.190000
v -0.300551 0.018023 0.190000
v -0.300551 0.010584 0.190000
v -0.300551 0.004650 0.190000
v -0.300551 0.000722 0.190000
v -0.300551 -0.000699 0.190000
v -0.300556 -0.001909 0.190000
v -0.300573 -0.003109 0.190000
v -0.300600 -0.004297 0.190000
v -0.300639 -0.005475 0.190000
v -0.300688 -0.006641 0.190000
v -0.300749 -0.007797 0.190000
v -0.300820 -0.008941 0.190000
v -0.300902 -0.010075 0.190000
v -0.300995 -0.011197 0.190000
v -0.301099 -0.012309 0.190000
v -0.301214 -0.013410 0.190000
v -0.301340 -0.014500 0.190000
v -0.301482 -0.015592 0.190000
v -0.301647 -0.016701 0.190000
v -0.301833 -0.017826 0.190000
v -0.302041 -0.018968 0.190000
v -0.302271 -0.020126 0.190000
v -0.302523 -0.021301 0.190000
v -0.302797 -0.022492 0.190000
v -0.303093 -0.023699 0.190000
v -0.303410 -0.024923 0.190000
v -0.303750 -0.026163 0.190000
v -0.304111 -0.027420 0.190000
v -0.304495 -0.028693 0.190000
v -0.304899 -0.029935 0.190000
v -0.305322 -0.031163 0.190000
v -0.305764 -0.032378 0.190000
v -0.306226 -0.033578 0.190000
v -0.306706 -0.034765 0.190000
v -0.307206 -0.035939 0.190000
v -0.307725 -0.037098 0.190000
v -0.308263 -0.038244 0.190000
v -0.308821 -0.039376 0.190000
v -0.309397 -0.040495 0.190000
v -0.309993 -0.041600 0.190000
v -0.310608 -0.042691 0.190000
v -0.311252 -0.043741 0.190000
v -0.311934 -0.044788 0.190000
v -0.312654 -0.045833 0.190000
v -0.313413 -0.046874 0.190000
v -0.314210 -0.047914 0.190000
v -0.315045 -0.048950 0.190000
v -0.315919 -0.049984 0.190000
v -0.316830 -0.051015 0.190000
v -0.317781 -0.052043 0.190000
v -0.318769 -0.053068 0.190000
v -0.319797 -0.054091 0.190000
v -0.320862 -0.055111 0.190000
v -0.321962 -0.056085 0.190000
v -0.323091 -0.057033 0.190000
v -0.324251 -0.057957 0.190000
v -0.325441 -0.058857 0.190000
v -0.326661 -0.059731 0.190000
v -0.327911 -0.060582 0.190000
v -0.329191 -0.061407 0.190000
v -0.330502 -0.062208 0.190000
v -0.331842 -0.062984 0.190000
v -0.333213 -0.063735 0.190000
v -0.334613 -0.064462 0.190000
v -0.336044 -0.065165 0.190000
v -0.337485 -0.065844 0.190000
v -0.338980 -0.066501 0.190000
v -0.340531 -0.067136 0.190000
v -0.342136 -0.067750 0.190000
v -0.343795 -0.068341 0.190000
v -0.345510 -0.068911 0.190000
v -0.347279 -0.069458 0.190000
v -0.349103 -0.069984 0.190000
v -0.350982 -0.070488 0.190000
v -0.352915 -0.070970 0.190000
v -0.354904 -0.071430 0.190000
v -0.131863 -0.028984 0.190000
v -0.131812 -0.028988 0.190000
v -0.131764 -0.028998 0.190000
v -0.131522 -0.029210 0.190000
v -0.131506 -0.029256 0.190000
v -0.131496 -0.029304 0.190000
v -0.131493 -0.029354 0.190000
v -0.131698 -0.033030 0.190000
v -0.132424 -0.037036 0.190000
v -0.133838 -0.041250 0.190000
v -0.136105 -0.045546 0.190000
v -0.139393 -0.049801 0.190000
v -0.143868 -0.053891 0.190000
v -0.149696 -0.057692 0.190000
v -0.157043 -0.061080 0.190000
v -0.166076 -0.063931 0.190000
v -0.176962 -0.066121 0.190000
v -0.189867 -0.067526 0.190000
v -0.205150 -0.068022 0.190000
v -0.229050 -0.067459 0.190000
v -0.241452 -0.065844 0.190000
v -0.252094 -0.063292 0.190000
v -0.261097 -0.059915 0.190000
v -0.268583 -0.055827 0.190000
v -0.274676 -0.051139 0.190000
v -0.279496 -0.045966 0.190000
v -0.283166 -0.040421 0.190000
v -0.285808 -0.034616 0.190000
v -0.287544 -0.028664 0.190000
v -0.288496 -0.022679 0.190000
v -0.288786 -0.016774 0.190000
v -0.288786 -0.016701 0.190000
v -0.288786 -0.016500 0.190000
v -0.288786 -0.016196 0.190000
v -0.288786 -0.015815 0.190000
v -0.288786 -0.015382 0.190000
v -0.288786 -0.014924 0.190000
v -0.288786 -0.014465 0.190000
v -0.288786 -0.014033 0.190000
v -0.288786 -0.013651 0.190000
v -0.288786 -0.013347 0.190000
v -0.288786 -0.013146 0.190000
v -0.288786 -0.013073 0.190000
v -0.288517 -0.007229 0.190000
v -0.287624 -0.001329 0.190000
v -0.285973 0.004517 0.190000
v -0.283433 0.010204 0.190000
v -0.279874 0.015623 0.190000
v -0.275162 0.020668 0.190000
v -0.269166 0.025231 0.190000
v -0.261755 0.029205 0.190000
v -0.252796 0.032483 0.190000
v -0.242159 0.034957 0.190000
v -0.229711 0.036520 0.190000
v -0.215320 0.037065 0.190000
v -0.215120 0.037065 0.190000
v -0.214566 0.037065 0.190000
v -0.213730 0.037065 0.190000
v -0.212682 0.037065 0.190000
v -0.211492 0.037065 0.190000
v -0.210232 0.037065 0.190000
v -0.208971 0.037065 0.190000
v -0.207782 0.037065 0.190000
v -0.206733 0.037065 0.190000
v -0.205897 0.037065 0.190000
v -0.205343 0.037065 0.190000
v -0.205143 0.037065 0.190000
v -0.190042 0.036454 0.190000
v -0.177107 0.034707 0.190000
v -0.166175 0.031951 0.190000
v -0.157084 0.028315 0.190000
v -0.149672 0.023925 0.190000
v -0.143775 0.018911 0.190000
v -0.139231 0.013399 0.190000
v -0.135878 0.007518 0.190000
v -0.133554 0.001395 0.190000
v -0.132094 -0.004841 0.190000
v -0.131338 -0.011063 0.190000
v -0.131122 -0.017144 0.190000
v -0.131122 -0.017239 0.190000
v -0.131122 -0.017501 0.190000
v -0.131122 -0.017898 0.190000
v -0.131122 -0.018395 0.190000
v -0.131122 -0.018959 0.190000
v -0.131122 -0.019557 0.190000
v -0.131122 -0.020154 0.190000
v -0.131122 -0.020718 0.190000
v -0.131122 -0.021216 0.190000
v -0.131122 -0.021612 0.190000
v -0.131122 -0.021875 0.190000
v -0.131122 -0.021970 0.190000
v -0.131128 -0.022068 0.190000
v -0.131148 -0.022162 0.190000
v -0.131179 -0.022252 0.190000
v -0.131221 -0.022335 0.190000
v -0.131273 -0.022412 0.190000
v -0.131334 -0.022482 0.190000
v -0.131404 -0.022543 0.190000
v -0.131481 -0.022595 0.190000
v -0.131565 -0.022637 0.190000
v -0.131654 -0.022669 0.190000
v -0.131748 -0.022688 0.190000
v -0.133946 -0.022694 0.190000
v -0.238633 -0.022703 0.190000
v -0.238737 -0.022726 0.190000
v -0.238834 -0.022764 0.190000
v -0.238923 -0.022814 0.190000
v -0.239004 -0.022877 0.190000
v -0.239074 -0.022949 0.190000
v -0.239134 -0.023031 0.190000
v -0.239181 -0.023121 0.190000
v -0.239215 -0.023217 0.190000
v -0.239234 -0.023319 0.190000
v -0.239237 -0.023425 0.190000
v -0.239224 -0.023534 0.190000
v -0.238597 -0.025932 0.190000
v -0.237691 -0.028224 0.190000
v -0.236486 -0.030390 0.190000
v -0.234966 -0.032411 0.190000
v -0.233110 -0.034267 0.190000
v -0.230902 -0.035939 0.190000
v -0.228322 -0.037408 0.190000
v -0.225352 -0.038653 0.190000
v -0.221975 -0.039655 0.190000
v -0.218172 -0.040395 0.190000
v -0.213924 -0.040854 0.190000
v -0.209029 -0.041011 0.190000
v -0.204960 -0.040911 0.190000
v -0.201302 -0.040627 0.190000
v -0.198033 -0.040179 0.190000
v -0.195133 -0.039590 0.190000
v -0.192578 -0.038881 0.190000
v -0.190348 -0.038074 0.190000
v -0.188422 -0.037189 0.190000
v -0.186776 -0.036250 0.190000
v -0.185391 -0.035277 0.190000
v -0.184243 -0.034291 0.190000
v -0.183313 -0.033315 0.190000
v -0.182578 -0.032371 0.190000
v -0.182257 -0.031935 0.190000
v -0.181912 -0.031509 0.190000
v -0.181544 -0.031100 0.190000
v -0.181153 -0.030711 0.190000
v -0.180741 -0.030349 0.190000
v -0.180309 -0.030018 0.190000
v -0.179858 -0.029724 0.190000
v -0.179389 -0.029472 0.190000
v -0.178903 -0.029266 0.190000
v -0.178401 -0.029113 0.190000
v -0.177885 -0.029017 0.190000
v -0.177355 -0.028984 0.190000
v -0.176460 -0.028984 0.190000
v -0.173985 -0.028984 0.190000
v -0.170247 -0.028984 0.190000
v -0.165560 -0.028984 0.190000
v -0.160242 -0.028984 0.190000
v -0.154609 -0.028984 0.190000
v -0.148975 -0.028984 0.190000
v -0.143657 -0.028984 0.190000
v -0.138971 -0.028984 0.190000
v -0.135232 -0.028984 0.190000
v -0.132758 -0.028984 0.190000
v -0.181650 -0.001479 0.190000
v -0.182317 0.000636 0.190000
v -0.183243 0.002603 0.190000
v -0.184445 0.004416 0.190000
v -0.185937 0.006068 0.190000
v -0.187734 0.007552 0.190000
v -0.189852 0.008861 0.190000
v -0.192305 0.009987 0.190000
v -0.195110 0.010925 0.190000
v -0.198280 0.011666 0.190000
v -0.201832 0.012205 0.190000
v -0.205780 0.012533 0.190000
v -0.210140 0.012643 0.190000
v -0.214513 0.012527 0.190000
v -0.218450 0.012183 0.190000
v -0.221970 0.011623 0.190000
v -0.225096 0.010857 0.190000
v -0.227850 0.009896 0.190000
v -0.230254 0.008750 0.190000
v -0.232329 0.007429 0.190000
v -0.234099 0.005943 0.190000
v -0.235584 0.004304 0.190000
v -0.236808 0.002522 0.190000
v -0.237791 0.000606 0.190000
v -0.238556 -0.001433 0.190000
v -0.238581 -0.001546 0.190000
v -0.238588 -0.001658 0.190000
v -0.238577 -0.001767 0.190000
v -0.238549 -0.001871 0.190000
v -0.238506 -0.001969 0.190000
v -0.238448 -0.002058 0.190000
v -0.238378 -0.002139 0.190000
v -0.238295 -0.002208 0.190000
v -0.238203 -0.002265 0.190000
v -0.238101 -0.002307 0.190000
v -0.237991 -0.002334 0.190000
v -0.237874 -0.002343 0.190000
v -0.236781 -0.002343 0.190000
v -0.233760 -0.002343 0.190000
v -0.229197 -0.002343 0.190000
v -0.223476 -0.002343 0.190000
v -0.216985 -0.002343 0.190000
v -0.210107 -0.002343 0.190000
v -0.203229 -0.002343 0.190000
v -0.196738 -0.002343 0.190000
v -0.191017 -0.002343 0.190000
v -0.186453 -0.002343 0.190000
v -0.183432 -0.002343 0.190000
v -0.182340 -0.002343 0.190000
v -0.182228 -0.002334 0.190000
v -0.182122 -0.002310 0.190000
v -0.182024 -0.002271 0.190000
v -0.181933 -0.002218 0.190000
v -0.181852 -0.002153 0.190000
v -0.181782 -0.002078 0.190000
v -0.181723 -0.001993 0.190000
v -0.181678 -0.001901 0.190000
v -0.181646 -0.001802 0.190000
v -0.181630 -0.001697 0.190000
v -0.181631 -0.001589 0.190000
v 0.022470 -0.032525 0.190000
v 0.022470 -0.032596 0.190000
v 0.022470 -0.032702 0.190000
v 0.022470 -0.032835 0.190000
v 0.022470 -0.032987 0.190000
v 0.022470 -0.033147 0.190000
v 0.022470 -0.033307 0.190000
v 0.022470 -0.033459 0.190000
v 0.022470 -0.033592 0.190000
v 0.022470 -0.033698 0.190000
v 0.022470 -0.033794 0.190000
v 0.022232 -0.038276 0.190000
v 0.021432 -0.042625 0.190000
v 0.019940 -0.046791 0.190000
v 0.017624 -0.050726 0.190000
v 0.014355 -0.054381 0.190000
v 0.010002 -0.057707 0.190000
v 0.004435 -0.060655 0.190000
v -0.002478 -0.063177 0.190000
v -0.010865 -0.065223 0.190000
v -0.020859 -0.066746 0.190000
v -0.032588 -0.067695 0.190000
v -0.046384 -0.068022 0.190000
v -0.070265 -0.067574 0.190000
v -0.082102 -0.066304 0.190000
v -0.092037 -0.064322 0.190000
v -0.100233 -0.061738 0.190000
v -0.106854 -0.058664 0.190000
v -0.112063 -0.055210 0.190000
v -0.116023 -0.051485 0.190000
v -0.118896 -0.047602 0.190000
v -0.120847 -0.043669 0.190000
v -0.122039 -0.039798 0.190000
v -0.122634 -0.036100 0.190000
v -0.122796 -0.032684 0.190000
v -0.122784 -0.032508 0.190000
v -0.122750 -0.032340 0.190000
v -0.122694 -0.032180 0.190000
v -0.122619 -0.032031 0.190000
v -0.122526 -0.031893 0.190000
v -0.122416 -0.031769 0.190000
v -0.122292 -0.031659 0.190000
v -0.122154 -0.031566 0.190000
v -0.122004 -0.031491 0.190000
v -0.121844 -0.031436 0.190000
v -0.121676 -0.031401 0.190000
v -0.121500 -0.031389 0.190000
v -0.120530 -0.031389 0.190000
v -0.117850 -0.031389 0.190000
v -0.113801 -0.031389 0.190000
v -0.108726 -0.031389 0.190000
v -0.102966 -0.031389 0.190000
v -0.096864 -0.031389 0.190000
v -0.090762 -0.031389 0.190000
v -0.085002 -0.031389 0.190000
v -0.079927 -0.031389 0.190000
v -0.075878 -0.031389 0.190000
v -0.073197 -0.031389 0.190000
v -0.072228 -0.031389 0.190000
v -0.072133 -0.031396 0.190000
v -0.072041 -0.031414 0.190000
v -0.071954 -0.031443 0.190000
v -0.071872 -0.031482 0.190000
v -0.071796 -0.031531 0.190000
v -0.071727 -0.031588 0.190000
v -0.071665 -0.031654 0.190000
v -0.071611 -0.031727 0.190000
v -0.071566 -0.031806 0.190000
v -0.071530 -0.031892 0.190000
v -0.071505 -0.031982 0.190000
v -0.071491 -0.032077 0.190000
v -0.071353 -0.033164 0.190000
v -0.071086 -0.034353 0.190000
v -0.070644 -0.035606 0.190000
v -0.069979 -0.036885 0.190000
v -0.069045 -0.038154 0.190000
v -0.067793 -0.039375 0.190000
v -0.066178 -0.040510 0.190000
v -0.064152 -0.041523 0.190000
v -0.061668 -0.042376 0.190000
v -0.058679 -0.043031 0.190000
v -0.055137 -0.043451 0.190000
v -0.050900 -0.043600 0.190000
v -0.050856 -0.043600 0.190000
v -0.050810 -0.043600 0.190000
v -0.050764 -0.043600 0.190000
v -0.050625 -0.043600 0.190000
v -0.046489 -0.043517 0.190000
v -0.042935 -0.043279 0.190000
v -0.039921 -0.042897 0.190000
v -0.037404 -0.042387 0.190000
v -0.035343 -0.041761 0.190000
v -0.033693 -0.041033 0.190000
v -0.032414 -0.040216 0.190000
v -0.031463 -0.039324 0.190000
v -0.030796 -0.038371 0.190000
v -0.030373 -0.037369 0.190000
v -0.030150 -0.036332 0.190000
v -0.030085 -0.035179 0.190000
v -0.030085 -0.035135 0.190000
v -0.030085 -0.035090 0.190000
v -0.030085 -0.035044 0.190000
v -0.030085 -0.034905 0.190000
v -0.030146 -0.033741 0.190000
v -0.030353 -0.032657 0.190000
v -0.030747 -0.031656 0.190000
v -0.031367 -0.030739 0.190000
v -0.032251 -0.029909 0.190000
v -0.033439 -0.029170 0.190000
v -0.034970 -0.028522 0.190000
v -0.036884 -0.027970 0.190000
v -0.039219 -0.027516 0.190000
v -0.042014 -0.027161 0.190000
v -0.045310 -0.026910 0.190000
v -0.049145 -0.026764 0.190000
v -0.049560 -0.026753 0.190000
v -0.050707 -0.026722 0.190000
v -0.052441 -0.026677 0.190000
v -0.054614 -0.026620 0.190000
v -0.057081 -0.026555 0.190000
v -0.059693 -0.026486 0.190000
v -0.062306 -0.026417 0.190000
v -0.064772 -0.026352 0.190000
v -0.066945 -0.026295 0.190000
v -0.068679 -0.026250 0.190000
v -0.069827 -0.026219 0.190000
v -0.070241 -0.026208 0.190000
v -0.080039 -0.025604 0.190000
v -0.088573 -0.024471 0.190000
v -0.095923 -0.022858 0.190000
v -0.102166 -0.020816 0.190000
v -0.107381 -0.018394 0.190000
v -0.111646 -0.015640 0.190000
v -0.115040 -0.012606 0.190000
v -0.117642 -0.009339 0.190000
v -0.119528 -0.005890 0.190000
v -0.120779 -0.002308 0.190000
v -0.121472 0.001358 0.190000
v -0.121685 0.005079 0.190000
v -0.121685 0.005140 0.190000
v -0.121685 0.005231 0.190000
v -0.121685 0.005345 0.190000
v -0.121685 0.005475 0.190000
v -0.121685 0.005613 0.190000
v -0.121685 0.005750 0.190000
v -0.121685 0.005880 0.190000
v -0.121685 0.005994 0.190000
v -0.121685 0.006086 0.190000
v -0.121685 0.006168 0.190000
v -0.121450 0.010196 0.190000
v -0.120663 0.014110 0.190000
v -0.119208 0.017864 0.190000
v -0.116963 0.021414 0.190000
v -0.113812 0.024715 0.190000
v -0.109634 0.027722 0.190000
v -0.104311 0.030389 0.190000
v -0.097725 0.032673 0.190000
v -0.089756 0.034527 0.190000
v -0.080285 0.035907 0.190000
v -0.069193 0.036768 0.190000
v -0.056362 0.037065 0.190000
v -0.056169 0.037065 0.190000
v -0.055636 0.037065 0.190000
v -0.054830 0.037065 0.190000
v -0.053820 0.037065 0.190000
v -0.052673 0.037065 0.190000
v -0.051459 0.037065 0.190000
v -0.050244 0.037065 0.190000
v -0.049098 0.037065 0.190000
v -0.048087 0.037065 0.190000
v -0.047282 0.037065 0.190000
v -0.046748 0.037065 0.190000
v -0.046555 0.037065 0.190000
v -0.034035 0.036761 0.190000
v -0.023147 0.035881 0.190000
v -0.013786 0.034475 0.190000
v -0.005850 0.032590 0.190000
v 0.000764 0.030277 0.190000
v 0.006162 0.027583 0.190000
v 0.010445 0.024558 0.190000
v 0.013717 0.021250 0.190000
v 0.016082 0.017708 0.190000
v 0.017643 0.013981 0.190000
v 0.018504 0.010118 0.190000
v 0.018768 0.006126 0.190000
v 0.018768 0.006079 0.190000
v 0.018768 0.006020 0.190000
v 0.018768 0.005954 0.190000
v 0.018768 0.005883 0.190000
v 0.018768 0.005813 0.190000
v 0.018768 0.005746 0.190000
v 0.018768 0.005687 0.190000
v 0.018768 0.005598 0.190000
v 0.018762 0.005500 0.190000
v 0.018742 0.005406 0.190000
v 0.018711 0.005316 0.190000
v 0.018669 0.005232 0.190000
v 0.018617 0.005155 0.190000
v 0.018556 0.005086 0.190000
v 0.018487 0.005024 0.190000
v 0.018410 0.004972 0.190000
v 0.018326 0.004930 0.190000
v 0.018236 0.004899 0.190000
v 0.018142 0.004880 0.190000
v 0.017067 0.004873 0.190000
v -0.031694 0.005755 0.190000
v -0.031928 0.006715 0.190000
v -0.032320 0.007724 0.190000
v -0.032922 0.008752 0.190000
v -0.033787 0.009769 0.190000
v -0.034966 0.010747 0.190000
v -0.036511 0.011656 0.190000
v -0.038474 0.012465 0.190000
v -0.040908 0.013146 0.190000
v -0.043864 0.013670 0.190000
v -0.047395 0.014005 0.190000
v -0.051736 0.014124 0.190000
v -0.055539 0.014074 0.190000
v -0.058829 0.013925 0.190000
v -0.061642 0.013678 0.190000
v -0.064011 0.013336 0.190000
v -0.065971 0.012898 0.190000
v -0.067558 0.012366 0.190000
v -0.068805 0.011742 0.190000
v -0.069748 0.011026 0.190000
v -0.070420 0.010221 0.190000
v -0.070858 0.009327 0.190000
v -0.071095 0.008346 0.190000
v -0.071166 0.007093 0.190000
v -0.071096 0.006103 0.190000
v -0.070862 0.005170 0.190000
v -0.070435 0.004297 0.190000
v -0.069782 0.003488 0.190000
v -0.068872 0.002746 0.190000
v -0.067673 0.002074 0.190000
v -0.066155 0.001476 0.190000
v -0.064285 0.000953 0.190000
v -0.062032 0.000510 0.190000
v -0.059364 0.000151 0.190000
v -0.056251 -0.000123 0.190000
v -0.052661 -0.000308 0.190000
v -0.052249 -0.000319 0.190000
v -0.051112 -0.000349 0.190000
v -0.049394 -0.000394 0.190000
v -0.047240 -0.000452 0.190000
v -0.044795 -0.000516 0.190000
v -0.042206 -0.000585 0.190000
v -0.039617 -0.000654 0.190000
v -0.037172 -0.000719 0.190000
v -0.035018 -0.000776 0.190000
v -0.033300 -0.000822 0.190000
v -0.032163 -0.000852 0.190000
v -0.031751 -0.000863 0.190000
v -0.021238 -0.001383 0.190000
v -0.012121 -0.002294 0.190000
v -0.004308 -0.003594 0.190000
v 0.002292 -0.005282 0.190000
v 0.007772 -0.007355 0.190000
v 0.012223 -0.009812 0.190000
v 0.015737 -0.012651 0.190000
v 0.018406 -0.015869 0.190000
v 0.020321 -0.019465 0.190000
v 0.021576 -0.023436 0.190000
v 0.022262 -0.027782 0.190000
v 0.115729 -0.034350 0.190000
v 0.115729 -0.065247 0.190000
v 0.073169 -0.065247 0.190000
v 0.069032 -0.065051 0.190000
v 0.065232 -0.064461 0.190000
v 0.061773 -0.063478 0.190000
v 0.058659 -0.062102 0.190000
v 0.055894 -0.060333 0.190000
v 0.053483 -0.058170 0.190000
v 0.051431 -0.055615 0.190000
v 0.049742 -0.052666 0.190000
v 0.048420 -0.049324 0.190000
v 0.047471 -0.045589 0.190000
v 0.046898 -0.041461 0.190000
v 0.046706 -0.036940 0.190000
v 0.046706 -0.036153 0.190000
v 0.046706 -0.033979 0.190000
v 0.046706 -0.030693 0.190000
v 0.046706 -0.026575 0.190000
v 0.046706 -0.021902 0.190000
v 0.046706 -0.016951 0.190000
v 0.046706 -0.012000 0.190000
v 0.046706 -0.007327 0.190000
v 0.046706 -0.003208 0.190000
v 0.046706 0.000077 0.190000
v 0.046706 0.002252 0.190000
v 0.046706 0.003038 0.190000
v 0.046699 0.003136 0.190000
v 0.046680 0.003231 0.190000
v 0.046649 0.003320 0.190000
v 0.046607 0.003404 0.190000
v 0.046555 0.003481 0.190000
v 0.046493 0.003551 0.190000
v 0.046424 0.003612 0.190000
v 0.046346 0.003664 0.190000
v 0.046263 0.003706 0.190000
v 0.046173 0.003737 0.190000
v 0.046079 0.003756 0.190000
v 0.028272 0.003770 0.190000
v 0.028178 0.003789 0.190000
v 0.028088 0.003820 0.190000
v 0.028004 0.003862 0.190000
v 0.027927 0.003914 0.190000
v 0.027857 0.003975 0.190000
v 0.027796 0.004045 0.190000
v 0.027744 0.004122 0.190000
v 0.027702 0.004206 0.190000
v 0.027671 0.004295 0.190000
v 0.027651 0.004389 0.190000
v 0.027645 0.004488 0.190000
v 0.027645 0.005060 0.190000
v 0.027645 0.006642 0.190000
v 0.027645 0.009031 0.190000
v 0.027645 0.012026 0.190000
v 0.027645 0.015425 0.190000
v 0.027645 0.019026 0.190000
v 0.027645 0.022627 0.190000
v 0.027645 0.026027 0.190000
v 0.027645 0.029022 0.190000
v 0.027645 0.031411 0.190000
v 0.027645 0.032993 0.190000
v 0.027645 0.033565 0.190000
v 0.027651 0.033663 0.190000
v 0.027671 0.033758 0.190000
v 0.027702 0.033847 0.190000
v 0.027744 0.033931 0.190000
v 0.027796 0.034008 0.190000
v 0.027857 0.034078 0.190000
v 0.027927 0.034139 0.190000
v 0.028004 0.034191 0.190000
v 0.028088 0.034233 0.190000
v 0.028178 0.034264 0.190000
v 0.028272 0.034283 0.190000
v 0.028371 0.034290 0.190000
v 0.028718 0.034290 0.190000
v 0.029675 0.034290 0.190000
v 0.031122 0.034290 0.190000
v 0.032936 0.034290 0.190000
v 0.034995 0.034290 0.190000
v 0.037176 0.034290 0.190000
v 0.039357 0.034290 0.190000
v 0.041415 0.034290 0.190000
v 0.043229 0.034290 0.190000
v 0.044676 0.034290 0.190000
v 0.045634 0.034290 0.190000
v 0.045981 0.034290 0.190000
v 0.046079 0.034297 0.190000
v 0.046173 0.034316 0.190000
v 0.046263 0.034347 0.190000
v 0.046347 0.034389 0.190000
v 0.046424 0.034441 0.190000
v 0.046493 0.034502 0.190000
v 0.046555 0.034572 0.190000
v 0.046607 0.034649 0.190000
v 0.046649 0.034733 0.190000
v 0.046680 0.034822 0.190000
v 0.046699 0.034916 0.190000
v 0.046706 0.035015 0.190000
v 0.046706 0.035558 0.190000
v 0.046706 0.037059 0.190000
v 0.046706 0.039327 0.190000
v 0.046706 0.042170 0.190000
v 0.046706 0.045396 0.190000
v 0.046706 0.048813 0.190000
v 0.046706 0.052231 0.190000
v 0.046706 0.055457 0.190000
v 0.046706 0.058300 0.190000
v 0.046706 0.060568 0.190000
v 0.046706 0.062069 0.190000
v 0.046706 0.062612 0.190000
v 0.046712 0.062710 0.190000
v 0.046732 0.062805 0.190000
v 0.046763 0.062894 0.190000
v 0.046805 0.062978 0.190000
v 0.046857 0.063055 0.190000
v 0.046918 0.063124 0.190000
v 0.046988 0.063186 0.190000
v 0.047065 0.063238 0.190000
v 0.047149 0.063280 0.190000
v 0.047238 0.063311 0.190000
v 0.047333 0.063330 0.190000
v 0.047431 0.063337 0.190000
v 0.048385 0.063337 0.190000
v 0.051024 0.063337 0.190000
v 0.055011 0.063337 0.190000
v 0.060008 0.063337 0.190000
v 0.065679 0.063337 0.190000
v 0.071688 0.063337 0.190000
v 0.077696 0.063337 0.190000
v 0.083367 0.063337 0.190000
v 0.088364 0.063337 0.190000
v 0.092351 0.063337 0.190000
v 0.094990 0.063337 0.190000
v 0.095944 0.063337 0.190000
v 0.096043 0.063330 0.190000
v 0.096137 0.063311 0.190000
v 0.096227 0.063280 0.190000
v 0.096310 0.063238 0.190000
v 0.096388 0.063186 0.190000
v 0.096457 0.063124 0.190000
v 0.096519 0.063055 0.190000
v 0.096570 0.062978 0.190000
v 0.096613 0.062894 0.190000
v 0.096644 0.062805 0.190000
v 0.096663 0.062710 0.190000
v 0.096669 0.062612 0.190000
v 0.096669 0.062069 0.190000
v 0.096669 0.060568 0.190000
v 0.096669 0.058300 0.190000
v 0.096669 0.055457 0.190000
v 0.096669 0.052231 0.190000
v 0.096669 0.048813 0.190000
v 0.096669 0.045396 0.190000
v 0.096669 0.042170 0.190000
v 0.096669 0.039327 0.190000
v 0.096669 0.037059 0.190000
v 0.096669 0.035558 0.190000
v 0.096669 0.035015 0.190000
v 0.096676 0.034916 0.190000
v 0.096695 0.034822 0.190000
v 0.096727 0.034733 0.190000
v 0.096768 0.034649 0.190000
v 0.096821 0.034572 0.190000
v 0.096882 0.034502 0.190000
v 0.096952 0.034441 0.190000
v 0.097029 0.034389 0.190000
v 0.097112 0.034347 0.190000
v 0.097202 0.034316 0.190000
v 0.097296 0.034297 0.190000
v 0.097394 0.034290 0.190000
v 0.097741 0.034290 0.190000
v 0.098699 0.034290 0.190000
v 0.100146 0.034290 0.190000
v 0.101960 0.034290 0.190000
v 0.104019 0.034290 0.190000
v 0.106200 0.034290 0.190000
v 0.108381 0.034290 0.190000
v 0.110439 0.034290 0.190000
v 0.112253 0.034290 0.190000
v 0.113701 0.034290 0.190000
v 0.114658 0.034290 0.190000
v 0.115005 0.034290 0.190000
v 0.115104 0.034283 0.190000
v 0.115198 0.034264 0.190000
v 0.115287 0.034233 0.190000
v 0.115371 0.034191 0.190000
v 0.115448 0.034139 0.190000
v 0.115517 0.034078 0.190000
v 0.115578 0.034008 0.190000
v 0.115630 0.033931 0.190000
v 0.115672 0.033847 0.190000
v 0.115703 0.033758 0.190000
v 0.115723 0.033663 0.190000
v 0.115729 0.033565 0.190000
v 0.115729 0.032979 0.190000
v 0.115729 0.031358 0.190000
v 0.115729 0.028909 0.190000
v 0.115729 0.025839 0.190000
v 0.115729 0.022355 0.190000
v 0.115729 0.018664 0.190000
v 0.115729 0.014973 0.190000
v 0.115729 0.011489 0.190000
v 0.115729 0.008420 0.190000
v 0.115729 0.005971 0.190000
v 0.115729 0.004349 0.190000
v 0.097296 0.003756 0.190000
v 0.097202 0.003737 0.190000
v 0.097112 0.003706 0.190000
v 0.097028 0.003664 0.190000
v 0.096951 0.003612 0.190000
v 0.096882 0.003551 0.190000
v 0.096820 0.003481 0.190000
v 0.096768 0.003404 0.190000
v 0.096726 0.003320 0.190000
v 0.096695 0.003231 0.190000
v 0.096676 0.003136 0.190000
v 0.096669 0.003038 0.190000
v 0.096669 0.002474 0.190000
v 0.096669 0.000913 0.190000
v 0.096669 -0.001445 0.190000
v 0.096669 -0.004401 0.190000
v 0.096669 -0.007755 0.190000
v 0.096669 -0.011308 0.190000
v 0.096669 -0.014862 0.190000
v 0.096669 -0.018216 0.190000
v 0.096669 -0.021171 0.190000
v 0.096669 -0.023529 0.190000
v 0.096669 -0.025090 0.190000
v 0.096669 -0.025655 0.190000
v 0.096696 -0.027108 0.190000
v 0.096785 -0.028418 0.190000
v 0.096956 -0.029589 0.190000
v 0.097225 -0.030622 0.190000
v 0.097609 -0.031522 0.190000
v 0.098127 -0.032291 0.190000
v 0.098795 -0.032934 0.190000
v 0.099630 -0.033452 0.190000
v 0.100651 -0.033849 0.190000
v 0.101874 -0.034129 0.190000
v 0.103317 -0.034295 0.190000
v 0.104996 -0.034350 0.190000
v 0.105208 -0.034350 0.190000
v 0.105791 -0.034350 0.190000
v 0.106673 -0.034350 0.190000
v 0.107779 -0.034350 0.190000
v 0.109034 -0.034350 0.190000
v 0.110363 -0.034350 0.190000
v 0.111692 -0.034350 0.190000
v 0.112947 -0.034350 0.190000
v 0.114052 -0.034350 0.190000
v 0.114934 -0.034350 0.190000
v 0.115518 -0.034350 0.190000
v 0.282628 -0.028984 0.190000
v 0.282678 -0.028988 0.190000
v 0.282726 -0.028998 0.190000
v 0.282969 -0.029210 0.190000
v 0.282984 -0.029256 0.190000
v 0.282994 -0.029304 0.190000
v 0.282998 -0.029354 0.190000
v 0.282793 -0.033030 0.190000
v 0.282067 -0.037036 0.190000
v 0.280653 -0.041250 0.190000
v 0.278386 -0.045546 0.190000
v 0.275098 -0.049801 0.190000
v 0.270623 -0.053891 0.190000
v 0.264795 -0.057692 0.190000
v 0.257448 -0.061080 0.190000
v 0.248414 -0.063931 0.190000
v 0.237528 -0.066121 0.190000
v 0.224624 -0.067526 0.190000
v 0.209340 -0.068022 0.190000
v 0.185441 -0.067459 0.190000
v 0.173039 -0.065844 0.190000
v 0.162397 -0.063292 0.190000
v 0.153394 -0.059915 0.190000
v 0.145908 -0.055827 0.190000
v 0.139815 -0.051139 0.190000
v 0.134995 -0.045966 0.190000
v 0.131325 -0.040421 0.190000
v 0.128683 -0.034616 0.190000
v 0.126947 -0.028664 0.190000
v 0.125995 -0.022679 0.190000
v 0.125705 -0.016774 0.190000
v 0.125705 -0.016701 0.190000
v 0.125705 -0.016500 0.190000
v 0.125705 -0.016196 0.190000
v 0.125705 -0.015815 0.190000
v 0.125705 -0.015382 0.190000
v 0.125705 -0.014924 0.190000
v 0.125705 -0.014465 0.190000
v 0.125705 -0.014033 0.190000
v 0.125705 -0.013651 0.190000
v 0.125705 -0.013347 0.190000
v 0.125705 -0.013146 0.190000
v 0.125705 -0.013073 0.190000
v 0.125973 -0.007229 0.190000
v 0.126867 -0.001329 0.190000
v 0.128518 0.004517 0.190000
v 0.131058 0.010204 0.190000
v 0.134617 0.015623 0.190000
v 0.139329 0.020668 0.190000
v 0.145325 0.025231 0.190000
v 0.152736 0.029205 0.190000
v 0.161694 0.032483 0.190000
v 0.172332 0.034957 0.190000
v 0.184780 0.036520 0.190000
v 0.199171 0.037065 0.190000
v 0.199371 0.037065 0.190000
v 0.199924 0.037065 0.190000
v 0.200761 0.037065 0.190000
v 0.201809 0.037065 0.190000
v 0.202999 0.037065 0.190000
v 0.204259 0.037065 0.190000
v 0.205520 0.037065 0.190000
v 0.206709 0.037065 0.190000
v 0.207758 0.037065 0.190000
v 0.208594 0.037065 0.190000
v 0.209147 0.037065 0.190000
v 0.209348 0.037065 0.190000
v 0.224449 0.036454 0.190000
v 0.237384 0.034707 0.190000
v 0.248316 0.031951 0.190000
v 0.257407 0.028315 0.190000
v 0.264819 0.023925 0.190000
v 0.270716 0.018911 0.190000
v 0.275259 0.013399 0.190000
v 0.278612 0.007518 0.190000
v 0.280937 0.001395 0.190000
v 0.282396 -0.004841 0.190000
v 0.283153 -0.011063 0.190000
v 0.283369 -0.017144 0.190000
v 0.283369 -0.017239 0.190000
v 0.283369 -0.017501 0.190000
v 0.283369 -0.017898 0.190000
v 0.283369 -0.018395 0.190000
v 0.283369 -0.018959 0.190000
v 0.283369 -0.019557 0.190000
v 0.283369 -0.020154 0.190000
v 0.283369 -0.020718 0.190000
v 0.283369 -0.021216 0.190000
v 0.283369 -0.021612 0.190000
v 0.283369 -0.021875 0.190000
v 0.283369 -0.021970 0.190000
v 0.283362 -0.022068 0.190000
v 0.283343 -0.022162 0.190000
v 0.283312 -0.022252 0.190000
v 0.283270 -0.022335 0.190000
v 0.283218 -0.022412 0.190000
v 0.283157 -0.022482 0.190000
v 0.283087 -0.022543 0.190000
v 0.283010 -0.022595 0.190000
v 0.282926 -0.022637 0.190000
v 0.282837 -0.022669 0.190000
v 0.282742 -0.022688 0.190000
v 0.280545 -0.022694 0.190000
v 0.175858 -0.022703 0.190000
v 0.175754 -0.022726 0.190000
v 0.175657 -0.022764 0.190000
v 0.175567 -0.022814 0.190000
v 0.175487 -0.022877 0.190000
v 0.175416 -0.022949 0.190000
v 0.175357 -0.023031 0.190000
v 0.175310 -0.023121 0.190000
v 0.175276 -0.023217 0.190000
v 0.175257 -0.023319 0.190000
v 0.175253 -0.023425 0.190000
v 0.175267 -0.023534 0.190000
v 0.175894 -0.025932 0.190000
v 0.176800 -0.028224 0.190000
v 0.178005 -0.030390 0.190000
v 0.179525 -0.032411 0.190000
v 0.181381 -0.034267 0.190000
v 0.183589 -0.035939 0.190000
v 0.186169 -0.037408 0.190000
v 0.189138 -0.038653 0.190000
v 0.192515 -0.039655 0.190000
v 0.196318 -0.040395 0.190000
v 0.200566 -0.040854 0.190000
v 0.205462 -0.041011 0.190000
v 0.209531 -0.040911 0.190000
v 0.213189 -0.040627 0.190000
v 0.216457 -0.040179 0.190000
v 0.219358 -0.039590 0.190000
v 0.221912 -0.038881 0.190000
v 0.224142 -0.038074 0.190000
v 0.226069 -0.037189 0.190000
v 0.227714 -0.036250 0.190000
v 0.229100 -0.035277 0.190000
v 0.230247 -0.034291 0.190000
v 0.231178 -0.033315 0.190000
v 0.231913 -0.032371 0.190000
v 0.232234 -0.031935 0.190000
v 0.232579 -0.031509 0.190000
v 0.232947 -0.031100 0.190000
v 0.233338 -0.030711 0.190000
v 0.233749 -0.030349 0.190000
v 0.234182 -0.030018 0.190000
v 0.234633 -0.029724 0.190000
v 0.235102 -0.029472 0.190000
v 0.235588 -0.029266 0.190000
v 0.236089 -0.029113 0.190000
v 0.236606 -0.029017 0.190000
v 0.237136 -0.028984 0.190000
v 0.238031 -0.028984 0.190000
v 0.240506 -0.028984 0.190000
v 0.244244 -0.028984 0.190000
v 0.248930 -0.028984 0.190000
v 0.254248 -0.028984 0.190000
v 0.259882 -0.028984 0.190000
v 0.265516 -0.028984 0.190000
v 0.270834 -0.028984 0.190000
v 0.275520 -0.028984 0.190000
v 0.279258 -0.028984 0.190000
v 0.281733 -0.028984 0.190000
v 0.232841 -0.001479 0.190000
v 0.232174 0.000636 0.190000
v 0.231247 0.002603 0.190000
v 0.230046 0.004416 0.190000
v 0.228554 0.006068 0.190000
v 0.226756 0.007552 0.190000
v 0.224639 0.008861 0.190000
v 0.222185 0.009987 0.190000
v 0.219381 0.010925 0.190000
v 0.216211 0.011666 0.190000
v 0.212659 0.012205 0.190000
v 0.208711 0.012533 0.190000
v 0.204351 0.012643 0.190000
v 0.199977 0.012527 0.190000
v 0.196041 0.012183 0.190000
v 0.192521 0.011623 0.190000
v 0.189395 0.010857 0.190000
v 0.186641 0.009896 0.190000
v 0.184237 0.008750 0.190000
v 0.182161 0.007429 0.190000
v 0.180392 0.005943 0.190000
v 0.178906 0.004304 0.190000
v 0.177683 0.002522 0.190000
v 0.176700 0.000606 0.190000
v 0.175935 -0.001433 0.190000
v 0.175909 -0.001546 0.190000
v 0.175903 -0.001658 0.190000
v 0.175914 -0.001767 0.190000
v 0.175942 -0.001871 0.190000
v 0.175985 -0.001969 0.190000
v 0.176043 -0.002058 0.190000
v 0.176113 -0.002139 0.190000
v 0.176195 -0.002208 0.190000
v 0.176288 -0.002265 0.190000
v 0.176390 -0.002307 0.190000
v 0.176500 -0.002334 0.190000
v 0.176617 -0.002343 0.190000
v 0.177709 -0.002343 0.190000
v 0.180730 -0.002343 0.190000
v 0.185294 -0.002343 0.190000
v 0.191015 -0.002343 0.190000
v 0.197506 -0.002343 0.190000
v 0.204384 -0.002343 0.190000
v 0.211261 -0.002343 0.190000
v 0.217753 -0.002343 0.190000
v 0.223474 -0.002343 0.190000
v 0.228037 -0.002343 0.190000
v 0.231058 -0.002343 0.190000
v 0.232151 -0.002343 0.190000
v 0.232263 -0.002334 0.190000
v 0.232368 -0.002310 0.190000
v 0.232467 -0.002271 0.190000
v 0.232558 -0.002218 0.190000
v 0.232638 -0.002153 0.190000
v 0.232709 -0.002078 0.190000
v 0.232767 -0.001993 0.190000
v 0.232813 -0.001901 0.190000
v 0.232844 -0.001802 0.190000
v 0.232860 -0.001697 0.190000
v 0.232860 -0.001589 0.190000
v 0.343083 0.070867 0.190000
v 0.343178 0.070847 0.190000
v 0.343267 0.070816 0.190000
v 0.343351 0.070774 0.190000
v 0.343428 0.070722 0.190000
v 0.343498 0.070661 0.190000
v 0.343559 0.070592 0.190000
v 0.343611 0.070514 0.190000
v 0.343653 0.070431 0.190000
v 0.343684 0.070341 0.190000
v 0.343703 0.070247 0.190000
v 0.343710 0.070149 0.190000
v 0.343710 0.069621 0.190000
v 0.343710 0.068163 0.190000
v 0.343710 0.065960 0.190000
v 0.343710 0.063198 0.190000
v 0.343710 0.060064 0.190000
v 0.343710 0.056744 0.190000
v 0.343710 0.053424 0.190000
v 0.343710 0.050291 0.190000
v 0.343710 0.047529 0.190000
v 0.343710 0.045326 0.190000
v 0.343710 0.043868 0.190000
v 0.343710 0.043340 0.190000
v 0.343704 0.043242 0.190000
v 0.343684 0.043148 0.190000
v 0.343653 0.043058 0.190000
v 0.343611 0.042974 0.190000
v 0.343559 0.042897 0.190000
v 0.343498 0.042828 0.190000
v 0.343428 0.042766 0.190000
v 0.343351 0.042714 0.190000
v 0.343267 0.042672 0.190000
v 0.343178 0.042641 0.190000
v 0.343083 0.042622 0.190000
v 0.342023 0.042615 0.190000
v 0.294024 0.042622 0.190000
v 0.293928 0.042642 0.190000
v 0.293837 0.042675 0.190000
v 0.293752 0.042718 0.190000
v 0.293674 0.042773 0.190000
v 0.293604 0.042836 0.190000
v 0.293543 0.042908 0.190000
v 0.293491 0.042988 0.190000
v 0.293450 0.043074 0.190000
v 0.293421 0.043166 0.190000
v 0.293404 0.043263 0.190000
v 0.293400 0.043364 0.190000
v 0.293417 0.043891 0.190000
v 0.293465 0.045350 0.190000
v 0.293537 0.047553 0.190000
v 0.293627 0.050314 0.190000
v 0.293729 0.053448 0.190000
v 0.293838 0.056768 0.190000
v 0.293946 0.060088 0.190000
v 0.294048 0.063222 0.190000
v 0.294139 0.065983 0.190000
v 0.294211 0.068186 0.190000
v 0.294258 0.069645 0.190000
v 0.294276 0.070172 0.190000
v 0.294285 0.070268 0.190000
v 0.294307 0.070360 0.190000
v 0.294339 0.070447 0.190000
v 0.294382 0.070528 0.190000
v 0.294435 0.070602 0.190000
v 0.294496 0.070669 0.190000
v 0.294565 0.070728 0.190000
v 0.294641 0.070778 0.190000
v 0.294724 0.070819 0.190000
v 0.294812 0.070849 0.190000
v 0.294904 0.070867 0.190000
v 0.295000 0.070873 0.190000
v 0.295945 0.070873 0.190000
v 0.298555 0.070873 0.190000
v 0.302498 0.070873 0.190000
v 0.307441 0.070873 0.190000
v 0.313050 0.070873 0.190000
v 0.318993 0.070873 0.190000
v 0.324935 0.070873 0.190000
v 0.330545 0.070873 0.190000
v 0.335488 0.070873 0.190000
v 0.339431 0.070873 0.190000
v 0.342041 0.070873 0.190000
v 0.342985 0.070873 0.190000
v 0.294102 0.034290 0.190000
v 0.295063 0.034290 0.190000
v 0.297723 0.034290 0.190000
v 0.301740 0.034290 0.190000
v 0.306775 0.034290 0.190000
v 0.312490 0.034290 0.190000
v 0.318543 0.034290 0.190000
v 0.324597 0.034290 0.190000
v 0.330312 0.034290 0.190000
v 0.335347 0.034290 0.190000
v 0.339364 0.034290 0.190000
v 0.342023 0.034290 0.190000
v 0.342985 0.034290 0.190000
v 0.343083 0.034283 0.190000
v 0.343178 0.034264 0.190000
v 0.343267 0.034233 0.190000
v 0.343351 0.034191 0.190000
v 0.343428 0.034139 0.190000
v 0.343498 0.034078 0.190000
v 0.343559 0.034008 0.190000
v 0.343611 0.033931 0.190000
v 0.343653 0.033847 0.190000
v 0.343684 0.033758 0.190000
v 0.343704 0.033663 0.190000
v 0.343710 0.033565 0.190000
v 0.343710 0.031621 0.190000
v 0.343710 0.026246 0.190000
v 0.343710 0.018126 0.190000
v 0.343710 0.007947 0.190000
v 0.343710 -0.003604 0.190000
v 0.343710 -0.015841 0.190000
v 0.343710 -0.028078 0.190000
v 0.343710 -0.039629 0.190000
v 0.343710 -0.049808 0.190000
v 0.343710 -0.057928 0.190000
v 0.343710 -0.063303 0.190000
v 0.343710 -0.065247 0.190000
v 0.293377 -0.065247 0.190000
v 0.293377 0.033565 0.190000
v 0.293383 0.033663 0.190000
v 0.293402 0.033758 0.190000
v 0.293433 0.033847 0.190000
v 0.293475 0.033931 0.190000
v 0.293527 0.034008 0.190000
v 0.293589 0.034078 0.190000
v 0.293658 0.034139 0.190000
v 0.293735 0.034191 0.190000
v 0.293819 0.034233 0.190000
v 0.293908 0.034264 0.190000
v 0.294003 0.034283 0.190000
v 0.596378 0.021696 0.190000
v 0.596054 0.015543 0.190000
v 0.595034 0.009611 0.190000
v 0.593249 0.003961 0.190000
v 0.590627 -0.001348 0.190000
v 0.587098 -0.006256 0.190000
v 0.582591 -0.010704 0.190000
v 0.577035 -0.014631 0.190000
v 0.570360 -0.017979 0.190000
v 0.562496 -0.020686 0.190000
v 0.553371 -0.022694 0.190000
v 0.542915 -0.023942 0.190000
v 0.531058 -0.024372 0.190000
v 0.469595 -0.024372 0.190000
v 0.469498 -0.024378 0.190000
v 0.469405 -0.024398 0.190000
v 0.469316 -0.024429 0.190000
v 0.469233 -0.024471 0.190000
v 0.469155 -0.024523 0.190000
v 0.469085 -0.024584 0.190000
v 0.469023 -0.024654 0.190000
v 0.468971 -0.024731 0.190000
v 0.468928 -0.024814 0.190000
v 0.468896 -0.024904 0.190000
v 0.468876 -0.024998 0.190000
v 0.468870 -0.025096 0.190000
v 0.468870 -0.025883 0.190000
v 0.468870 -0.028058 0.190000
v 0.468870 -0.031343 0.190000
v 0.468870 -0.035461 0.190000
v 0.468870 -0.040135 0.190000
v 0.468870 -0.045086 0.190000
v 0.468870 -0.050037 0.190000
v 0.468870 -0.054710 0.190000
v 0.468870 -0.058828 0.190000
v 0.468870 -0.062113 0.190000
v 0.468870 -0.064288 0.190000
v 0.468870 -0.065075 0.190000
v 0.416322 -0.065075 0.190000
v 0.416322 0.069223 0.190000
v 0.416348 0.069617 0.190000
v 0.416426 0.069994 0.190000
v 0.416550 0.070352 0.190000
v 0.416718 0.070687 0.190000
v 0.416927 0.070995 0.190000
v 0.417172 0.071274 0.190000
v 0.417450 0.071519 0.190000
v 0.417759 0.071727 0.190000
v 0.418094 0.071895 0.190000
v 0.418451 0.072019 0.190000
v 0.418829 0.072096 0.190000
v 0.419222 0.072123 0.190000
v 0.421422 0.072123 0.190000
v 0.427506 0.072123 0.190000
v 0.436696 0.072123 0.190000
v 0.448216 0.072123 0.190000
v 0.461290 0.072123 0.190000
v 0.475140 0.072123 0.190000
v 0.488990 0.072123 0.190000
v 0.502064 0.072123 0.190000
v 0.513584 0.072123 0.190000
v 0.522774 0.072123 0.190000
v 0.528858 0.072123 0.190000
v 0.531058 0.072123 0.190000
v 0.542994 0.071673 0.190000
v 0.553502 0.070367 0.190000
v 0.562655 0.068270 0.190000
v 0.570528 0.065449 0.190000
v 0.577195 0.061969 0.190000
v 0.582732 0.057894 0.190000
v 0.587212 0.053292 0.190000
v 0.590711 0.048228 0.190000
v 0.593302 0.042766 0.190000
v 0.595060 0.036973 0.190000
v 0.596061 0.030915 0.190000
v 0.596378 0.024657 0.190000
v 0.596378 0.024598 0.190000
v 0.596378 0.024437 0.190000
v 0.596378 0.024194 0.190000
v 0.596378 0.023889 0.190000
v 0.596378 0.023543 0.190000
v 0.596378 0.023177 0.190000
v 0.596378 0.022810 0.190000
v 0.596378 0.022464 0.190000
v 0.596378 0.022159 0.190000
v 0.596378 0.021916 0.190000
v 0.596378 0.021755 0.190000
v 0.523679 0.035757 0.190000
v 0.516145 0.035757 0.190000
v 0.504012 0.035757 0.190000
v 0.497180 0.035757 0.190000
v 0.483898 0.035757 0.190000
v 0.473681 0.035757 0.190000
v 0.469595 0.035757 0.190000
v 0.469498 0.035750 0.190000
v 0.469405 0.035731 0.190000
v 0.469316 0.035700 0.190000
v 0.469233 0.035658 0.190000
v 0.469155 0.035606 0.190000
v 0.469085 0.035545 0.190000
v 0.469023 0.035475 0.190000
v 0.468971 0.035398 0.190000
v 0.468928 0.035314 0.190000
v 0.468896 0.035225 0.190000
v 0.468876 0.035130 0.190000
v 0.468870 0.035032 0.190000
v 0.468870 0.034555 0.190000
v 0.468870 0.033234 0.190000
v 0.468870 0.031240 0.190000
v 0.468870 0.028741 0.190000
v 0.468870 0.025904 0.190000
v 0.468870 0.022898 0.190000
v 0.468870 0.019893 0.190000
v 0.468870 0.017056 0.190000
v 0.468870 0.014557 0.190000
v 0.468870 0.012562 0.190000
v 0.468870 0.011242 0.190000
v 0.468870 0.010765 0.190000
v 0.468876 0.010666 0.190000
v 0.468896 0.010572 0.190000
v 0.468928 0.010483 0.190000
v 0.468971 0.010399 0.190000
v 0.469023 0.010322 0.190000
v 0.469085 0.010252 0.190000
v 0.469155 0.010191 0.190000
v 0.469233 0.010139 0.190000
v 0.469316 0.010097 0.190000
v 0.469405 0.010066 0.190000
v 0.469498 0.010047 0.190000
v 0.469595 0.010040 0.190000
v 0.470680 0.010040 0.190000
v 0.473681 0.010040 0.190000
v 0.478215 0.010040 0.190000
v 0.483898 0.010040 0.190000
v 0.490347 0.010040 0.190000
v 0.497180 0.010040 0.190000
v 0.504012 0.010040 0.190000
v 0.510461 0.010040 0.190000
v 0.516145 0.010040 0.190000
v 0.520678 0.010040 0.190000
v 0.523679 0.010040 0.190000
v 0.524765 0.010040 0.190000
v 0.527632 0.010143 0.190000
v 0.530226 0.010445 0.190000
v 0.532552 0.010939 0.190000
v 0.534614 0.011616 0.190000
v 0.536417 0.012468 0.190000
v 0.537965 0.013486 0.190000
v 0.539262 0.014662 0.190000
v 0.540314 0.015988 0.190000
v 0.541124 0.017455 0.190000
v 0.541697 0.019055 0.190000
v 0.542037 0.020780 0.190000
v 0.542150 0.022662 0.190000
v 0.542150 0.022708 0.190000
v 0.542150 0.022765 0.190000
v 0.542150 0.022830 0.190000
v 0.542150 0.022899 0.190000
v 0.542150 0.022968 0.190000
v 0.542150 0.023033 0.190000
v 0.542150 0.023090 0.190000
v 0.542150 0.023177 0.190000
v 0.542041 0.025056 0.190000
v 0.541710 0.026806 0.190000
v 0.541150 0.028420 0.190000
v 0.540356 0.029891 0.190000
v 0.539320 0.031214 0.190000
v 0.538036 0.032380 0.190000
v 0.536497 0.033385 0.190000
v 0.534698 0.034222 0.190000
v 0.532632 0.034884 0.190000
v 0.530292 0.035365 0.190000
v 0.527672 0.035658 0.190000
v 0.659847 -0.069645 0.190000
v 0.646562 -0.067909 0.190000
v 0.635373 -0.065184 0.190000
v 0.626103 -0.061607 0.190000
v 0.618579 -0.057315 0.190000
v 0.612625 -0.052447 0.190000
v 0.608066 -0.047140 0.190000
v 0.604729 -0.041530 0.190000
v 0.602437 -0.035756 0.190000
v 0.601016 -0.029955 0.190000
v 0.600292 -0.024264 0.190000
v 0.600090 -0.018821 0.190000
v 0.600090 -0.018755 0.190000
v 0.600090 -0.018574 0.190000
v 0.600090 -0.018301 0.190000
v 0.600090 -0.017958 0.190000
v 0.600090 -0.017568 0.190000
v 0.600090 -0.017156 0.190000
v 0.600090 -0.016744 0.190000
v 0.600090 -0.016354 0.190000
v 0.600090 -0.016011 0.190000
v 0.600090 -0.015738 0.190000
v 0.600090 -0.015557 0.190000
v 0.600090 -0.015491 0.190000
v 0.600303 -0.010148 0.190000
v 0.601054 -0.004569 0.190000
v 0.602511 0.001114 0.190000
v 0.604844 0.006765 0.190000
v 0.608220 0.012252 0.190000
v 0.612808 0.017441 0.190000
v 0.618775 0.022198 0.190000
v 0.626292 0.026390 0.190000
v 0.635525 0.029883 0.190000
v 0.646644 0.032543 0.190000
v 0.659817 0.034237 0.190000
v 0.675212 0.034832 0.190000
v 0.675488 0.034832 0.190000
v 0.676253 0.034832 0.190000
v 0.677409 0.034832 0.190000
v 0.678858 0.034832 0.190000
v 0.680502 0.034832 0.190000
v 0.682244 0.034832 0.190000
v 0.683985 0.034832 0.190000
v 0.685629 0.034832 0.190000
v 0.687078 0.034832 0.190000
v 0.688234 0.034832 0.190000
v 0.688999 0.034832 0.190000
v 0.689276 0.034832 0.190000
v 0.704172 0.034241 0.190000
v 0.717028 0.032555 0.190000
v 0.727985 0.029906 0.190000
v 0.737185 0.026424 0.190000
v 0.744771 0.022241 0.190000
v 0.750884 0.017487 0.190000
v 0.755668 0.012294 0.190000
v 0.759262 0.006792 0.190000
v 0.761811 0.001114 0.190000
v 0.763456 -0.004612 0.190000
v 0.764338 -0.010252 0.190000
v 0.764601 -0.015677 0.190000
v 0.764601 -0.015735 0.190000
v 0.764601 -0.015896 0.190000
v 0.764601 -0.016139 0.190000
v 0.764601 -0.016444 0.190000
v 0.764601 -0.016790 0.190000
v 0.764601 -0.017157 0.190000
v 0.764601 -0.017523 0.190000
v 0.764601 -0.017869 0.190000
v 0.764601 -0.018174 0.190000
v 0.764601 -0.018418 0.190000
v 0.764601 -0.018579 0.190000
v 0.764601 -0.018637 0.190000
v 0.764335 -0.024161 0.190000
v 0.763442 -0.029912 0.190000
v 0.761782 -0.035756 0.190000
v 0.759214 -0.041557 0.190000
v 0.755598 -0.047181 0.190000
v 0.750792 -0.052493 0.190000
v 0.744656 -0.057358 0.190000
v 0.737050 -0.061641 0.190000
v 0.727832 -0.065207 0.190000
v 0.716862 -0.067921 0.190000
v 0.703999 -0.069648 0.190000
v 0.688833 -0.070254 0.190000
v 0.676286 0.006456 0.190000
v 0.671218 0.005728 0.190000
v 0.666826 0.004577 0.190000
v 0.663068 0.003051 0.190000
v 0.659904 0.001201 0.190000
v 0.657294 -0.000922 0.190000
v 0.655196 -0.003269 0.190000
v 0.653571 -0.005789 0.190000
v 0.652378 -0.008432 0.190000
v 0.651576 -0.011149 0.190000
v 0.651124 -0.013889 0.190000
v 0.650983 -0.016602 0.190000
v 0.650983 -0.016717 0.190000
v 0.650983 -0.016793 0.190000
v 0.650983 -0.016880 0.190000
v 0.650983 -0.016971 0.190000
v 0.650983 -0.017063 0.190000
v 0.650983 -0.017149 0.190000
v 0.650983 -0.017225 0.190000
v 0.650983 -0.017286 0.190000
v 0.651121 -0.020041 0.190000
v 0.651564 -0.022826 0.190000
v 0.652354 -0.025635 0.190000
v 0.653533 -0.028408 0.190000
v 0.655144 -0.031083 0.190000
v 0.657229 -0.033600 0.190000
v 0.659830 -0.035896 0.190000
v 0.662991 -0.037912 0.190000
v 0.666753 -0.039587 0.190000
v 0.671158 -0.040858 0.190000
v 0.676250 -0.041666 0.190000
v 0.682070 -0.041949 0.190000
v 0.688107 -0.041669 0.190000
v 0.693235 -0.040871 0.190000
v 0.697670 -0.039613 0.190000
v 0.701456 -0.037954 0.190000
v 0.704635 -0.035953 0.190000
v 0.707250 -0.033669 0.190000
v 0.709345 -0.031162 0.190000
v 0.710963 -0.028490 0.190000
v 0.712146 -0.025713 0.190000
v 0.712937 -0.022890 0.190000
v 0.713381 -0.020079 0.190000
v 0.713519 -0.017341 0.190000
v 0.713519 -0.017225 0.190000
v 0.713519 -0.017149 0.190000
v 0.713519 -0.017063 0.190000
v 0.713519 -0.016971 0.190000
v 0.713519 -0.016880 0.190000
v 0.713519 -0.016793 0.190000
v 0.713519 -0.016717 0.190000
v 0.713519 -0.016656 0.190000
v 0.713378 -0.013850 0.190000
v 0.712925 -0.011085 0.190000
v 0.712121 -0.008354 0.190000
v 0.710924 -0.005706 0.190000
v 0.709292 -0.003190 0.190000
v 0.707185 -0.000852 0.190000
v 0.704561 0.001258 0.190000
v 0.701378 0.003092 0.190000
v 0.697597 0.004603 0.190000
v 0.693175 0.005741 0.190000
v 0.688071 0.006460 0.190000
v 0.682244 0.006710 0.190000
v 0.833970 -0.069645 0.190000
v 0.820685 -0.067909 0.190000
v 0.809495 -0.065184 0.190000
v 0.800224 -0.061607 0.190000
v 0.792697 -0.057315 0.190000
v 0.786742 -0.052447 0.190000
v 0.782182 -0.047140 0.190000
v 0.778842 -0.041530 0.190000
v 0.776549 -0.035756 0.190000
v 0.775127 -0.029955 0.190000
v 0.774402 -0.024264 0.190000
v 0.774199 -0.018821 0.190000
v 0.774199 -0.018755 0.190000
v 0.774199 -0.018574 0.190000
v 0.774199 -0.018301 0.190000
v 0.774199 -0.017958 0.190000
v 0.774199 -0.017568 0.190000
v 0.774199 -0.017156 0.190000
v 0.774199 -0.016744 0.190000
v 0.774199 -0.016354 0.190000
v 0.774199 -0.016011 0.190000
v 0.774199 -0.015738 0.190000
v 0.774199 -0.015557 0.190000
v 0.774199 -0.015491 0.190000
v 0.774413 -0.010148 0.190000
v 0.775165 -0.004569 0.190000
v 0.776623 0.001114 0.190000
v 0.778958 0.006765 0.190000
v 0.782335 0.012252 0.190000
v 0.786925 0.017441 0.190000
v 0.792894 0.022198 0.190000
v 0.800413 0.026390 0.190000
v 0.809647 0.029883 0.190000
v 0.820767 0.032543 0.190000
v 0.833941 0.034237 0.190000
v 0.849336 0.034832 0.190000
v 0.849612 0.034832 0.190000
v 0.850377 0.034832 0.190000
v 0.851533 0.034832 0.190000
v 0.852982 0.034832 0.190000
v 0.854626 0.034832 0.190000
v 0.856368 0.034832 0.190000
v 0.858110 0.034832 0.190000
v 0.859754 0.034832 0.190000
v 0.861202 0.034832 0.190000
v 0.862358 0.034832 0.190000
v 0.863124 0.034832 0.190000
v 0.863400 0.034832 0.190000
v 0.878293 0.034241 0.190000
v 0.891146 0.032555 0.190000
v 0.902101 0.029906 0.190000
v 0.911299 0.026424 0.190000
v 0.918884 0.022241 0.190000
v 0.924996 0.017487 0.190000
v 0.929778 0.012294 0.190000
v 0.933373 0.006792 0.190000
v 0.935921 0.001114 0.190000
v 0.937566 -0.004612 0.190000
v 0.938448 -0.010252 0.190000
v 0.938711 -0.015677 0.190000
v 0.938711 -0.015735 0.190000
v 0.938711 -0.015896 0.190000
v 0.938711 -0.016139 0.190000
v 0.938711 -0.016444 0.190000
v 0.938711 -0.016790 0.190000
v 0.938711 -0.017157 0.190000
v 0.938711 -0.017523 0.190000
v 0.938711 -0.017869 0.190000
v 0.938711 -0.018174 0.190000
v 0.938711 -0.018418 0.190000
v 0.938711 -0.018579 0.190000
v 0.938711 -0.018637 0.190000
v 0.938444 -0.024161 0.190000
v 0.937551 -0.029912 0.190000
v 0.935892 -0.035756 0.190000
v 0.933324 -0.041557 0.190000
v 0.929707 -0.047181 0.190000
v 0.924901 -0.052493 0.190000
v 0.918766 -0.057358 0.190000
v 0.911159 -0.061641 0.190000
v 0.901941 -0.065207 0.190000
v 0.890971 -0.067921 0.190000
v 0.878108 -0.069648 0.190000
v 0.862942 -0.070254 0.190000
v 0.850399 0.006456 0.190000
v 0.845333 0.005728 0.190000
v 0.840942 0.004577 0.190000
v 0.837184 0.003051 0.190000
v 0.834020 0.001201 0.190000
v 0.831409 -0.000922 0.190000
v 0.829311 -0.003269 0.190000
v 0.827684 -0.005789 0.190000
v 0.826490 -0.008432 0.190000
v 0.825687 -0.011149 0.190000
v 0.825235 -0.013889 0.190000
v 0.825093 -0.016602 0.190000
v 0.825093 -0.016717 0.190000
v 0.825093 -0.016793 0.190000
v 0.825093 -0.016880 0.190000
v 0.825093 -0.016971 0.190000
v 0.825093 -0.017063 0.190000
v 0.825093 -0.017149 0.190000
v 0.825093 -0.017225 0.190000
v 0.825093 -0.017286 0.190000
v 0.825231 -0.020041 0.190000
v 0.825674 -0.022826 0.190000
v 0.826463 -0.025635 0.190000
v 0.827642 -0.028408 0.190000
v 0.829253 -0.031083 0.190000
v 0.831338 -0.033600 0.190000
v 0.833940 -0.035896 0.190000
v 0.837100 -0.037912 0.190000
v 0.840862 -0.039587 0.190000
v 0.845268 -0.040858 0.190000
v 0.850360 -0.041666 0.190000
v 0.856180 -0.041949 0.190000
v 0.862231 -0.041669 0.190000
v 0.867359 -0.040871 0.190000
v 0.871794 -0.039613 0.190000
v 0.875580 -0.037954 0.190000
v 0.878759 -0.035953 0.190000
v 0.881374 -0.033669 0.190000
v 0.883469 -0.031162 0.190000
v 0.885087 -0.028490 0.190000
v 0.886270 -0.025713 0.190000
v 0.887062 -0.022890 0.190000
v 0.887505 -0.020079 0.190000
v 0.887643 -0.017341 0.190000
v 0.887643 -0.017225 0.190000
v 0.887643 -0.017149 0.190000
v 0.887643 -0.017063 0.190000
v 0.887643 -0.016971 0.190000
v 0.887643 -0.016880 0.190000
v 0.887643 -0.016793 0.190000
v 0.887643 -0.016717 0.190000
v 0.887643 -0.016656 0.190000
v 0.887502 -0.013850 0.190000
v 0.887049 -0.011085 0.190000
v 0.886243 -0.008354 0.190000
v 0.885045 -0.005706 0.190000
v 0.883412 -0.003190 0.190000
v 0.881304 -0.000852 0.190000
v 0.878679 0.001258 0.190000
v 0.875496 0.003092 0.190000
v 0.871715 0.004603 0.190000
v 0.867294 0.005741 0.190000
v 0.862192 0.006460 0.190000
v 0.856368 0.006710 0.190000
v 0.950383 0.073705 -0.190000
v 0.951345 0.073705 -0.190000
v 0.954004 0.073705 -0.190000
v 0.958022 0.073705 -0.190000
v 0.963058 0.073705 -0.190000
v 0.968774 0.073705 -0.190000
v 0.974829 0.073705 -0.190000
v 0.980884 0.073705 -0.190000
v 0.986599 0.073705 -0.190000
v 0.991635 0.073705 -0.190000
v 0.995653 0.073705 -0.190000
v 0.998313 0.073705 -0.190000
v 0.999275 0.073705 -0.190000
v 0.999371 0.073698 -0.190000
v 0.999465 0.073679 -0.190000
v 0.999553 0.073648 -0.190000
v 0.999637 0.073606 -0.190000
v 0.999714 0.073554 -0.190000
v 0.999784 0.073493 -0.190000
v 0.999846 0.073423 -0.190000
v 0.999899 0.073346 -0.190000
v 0.999942 0.073262 -0.190000
v 0.999973 0.073173 -0.190000
v 0.999993 0.073078 -0.190000
v 1.000000 0.072980 -0.190000
v 1.000000 0.070216 -0.190000
v 1.000000 0.062576 -0.190000
v 1.000000 0.051033 -0.190000
v 1.000000 0.036565 -0.190000
v 1.000000 0.020145 -0.190000
v 1.000000 0.002750 -0.190000
v 1.000000 -0.014645 -0.190000
v 1.000000 -0.031064 -0.190000
v 1.000000 -0.045533 -0.190000
v 1.000000 -0.057075 -0.190000
v 1.000000 -0.064716 -0.190000
v 1.000000 -0.067480 -0.190000
v 0.949658 -0.067480 -0.190000
v 0.949658 0.072980 -0.190000
v 0.949664 0.073078 -0.190000
v 0.949683 0.073173 -0.190000
v 0.949714 0.073262 -0.190000
v 0.949755 0.073346 -0.190000
v 0.949807 0.073423 -0.190000
v 0.949868 0.073493 -0.190000
v 0.949937 0.073554 -0.190000
v 0.950014 0.073606 -0.190000
v 0.950098 0.073648 -0.190000
v 0.950188 0.073679 -0.190000
v 0.950283 0.073698 -0.190000
v -0.652498 0.173185 -0.190000
v -0.652423 0.173089 -0.190000
v -0.652353 0.172989 -0.190000
v -0.652290 0.172886 -0.190000
v -0.652233 0.172779 -0.190000
v -0.652182 0.172670 -0.190000
v -0.652138 0.172558 -0.190000
v -0.652100 0.172443 -0.190000
v -0.652069 0.172327 -0.190000
v -0.652044 0.172209 -0.190000
v -0.652027 0.172089 -0.190000
v -0.652016 0.171968 -0.190000
v -0.652013 0.171846 -0.190000
v -0.652013 -0.001379 -0.190000
v -0.652220 -0.009972 -0.190000
v -0.652855 -0.018518 -0.190000
v -0.653916 -0.027002 -0.190000
v -0.655395 -0.035407 -0.190000
v -0.657290 -0.043720 -0.190000
v -0.659595 -0.051925 -0.190000
v -0.662306 -0.060007 -0.190000
v -0.665418 -0.067950 -0.190000
v -0.668926 -0.075741 -0.190000
v -0.672826 -0.083364 -0.190000
v -0.677113 -0.090804 -0.190000
v -0.681783 -0.098045 -0.190000
v -0.686810 -0.105047 -0.190000
v -0.692165 -0.111770 -0.190000
v -0.697837 -0.118206 -0.190000
v -0.703812 -0.124344 -0.190000
v -0.710078 -0.130175 -0.190000
v -0.716623 -0.135689 -0.190000
v -0.723435 -0.140875 -0.190000
v -0.730501 -0.145723 -0.190000
v -0.737809 -0.150225 -0.190000
v -0.745346 -0.154370 -0.190000
v -0.753100 -0.158147 -0.190000
v -0.761059 -0.161548 -0.190000
v -0.769179 -0.164552 -0.190000
v -0.777413 -0.167142 -0.190000
v -0.785747 -0.169319 -0.190000
v -0.794164 -0.171081 -0.190000
v -0.802648 -0.172426 -0.190000
v -0.811184 -0.173353 -0.190000
v -0.819756 -0.173860 -0.190000
v -0.828347 -0.173948 -0.190000
v -0.836943 -0.173613 -0.190000
v -0.845527 -0.172855 -0.190000
v -0.854084 -0.171673 -0.190000
v -0.862597 -0.170065 -0.190000
v -0.870445 -0.168212 -0.190000
v -0.878175 -0.166047 -0.190000
v -0.885775 -0.163568 -0.190000
v -0.893233 -0.160775 -0.190000
v -0.900539 -0.157665 -0.190000
v -0.907681 -0.154237 -0.190000
v -0.914649 -0.150490 -0.190000
v -0.921430 -0.146422 -0.190000
v -0.928013 -0.142032 -0.190000
v -0.934389 -0.137319 -0.190000
v -0.940544 -0.132281 -0.190000
v -0.946469 -0.126916 -0.190000
v -0.946938 -0.126437 -0.190000
v -0.947369 -0.125929 -0.190000
v -0.947762 -0.125396 -0.190000
v -0.948116 -0.124839 -0.190000
v -0.948430 -0.124260 -0.190000
v -0.948704 -0.123662 -0.190000
v -0.948938 -0.123046 -0.190000
v -0.949130 -0.122416 -0.190000
v -0.949281 -0.121773 -0.190000
v -0.949389 -0.121119 -0.190000
v -0.949454 -0.120457 -0.190000
v -0.949476 -0.119788 -0.190000
v -0.949469 -0.119420 -0.190000
v -0.949449 -0.119052 -0.190000
v -0.949416 -0.118685 -0.190000
v -0.949369 -0.118321 -0.190000
v -0.949309 -0.117959 -0.190000
v -0.949236 -0.117599 -0.190000
v -0.949150 -0.117242 -0.190000
v -0.949052 -0.116888 -0.190000
v -0.948940 -0.116538 -0.190000
v -0.948815 -0.116191 -0.190000
v -0.948678 -0.115849 -0.190000
v -0.948528 -0.115512 -0.190000
v -0.948338 -0.115104 -0.190000
v -0.947812 -0.113974 -0.190000
v -0.947017 -0.112268 -0.190000
v -0.946021 -0.110130 -0.190000
v -0.944891 -0.107703 -0.190000
v -0.943694 -0.105132 -0.190000
v -0.942496 -0.102561 -0.190000
v -0.941366 -0.100134 -0.190000
v -0.940370 -0.097996 -0.190000
v -0.939575 -0.096290 -0.190000
v -0.939049 -0.095160 -0.190000
v -0.938859 -0.094752 -0.190000
v -0.935977 -0.094552 -0.190000
v -0.932842 -0.098084 -0.190000
v -0.929596 -0.101509 -0.190000
v -0.926242 -0.104823 -0.190000
v -0.922782 -0.108024 -0.190000
v -0.919221 -0.111109 -0.190000
v -0.915561 -0.114077 -0.190000
v -0.911804 -0.116924 -0.190000
v -0.907954 -0.119649 -0.190000
v -0.904014 -0.122250 -0.190000
v -0.899987 -0.124723 -0.190000
v -0.895875 -0.127066 -0.190000
v -0.891682 -0.129278 -0.190000
v -0.887214 -0.131446 -0.190000
v -0.882681 -0.133458 -0.190000
v -0.878085 -0.135312 -0.190000
v -0.873433 -0.137007 -0.190000
v -0.868727 -0.138542 -0.190000
v -0.863972 -0.139915 -0.190000
v -0.859173 -0.141126 -0.190000
v -0.854333 -0.142174 -0.190000
v -0.849458 -0.143057 -0.190000
v -0.844550 -0.143774 -0.190000
v -0.839614 -0.144324 -0.190000
v -0.834655 -0.144706 -0.190000
v -0.829686 -0.144919 -0.190000
v -0.824720 -0.144962 -0.190000
v -0.819761 -0.144836 -0.190000
v -0.814813 -0.144542 -0.190000
v -0.809882 -0.144080 -0.190000
v -0.804970 -0.143451 -0.190000
v -0.800084 -0.142655 -0.190000
v -0.795226 -0.141693 -0.190000
v -0.790402 -0.140566 -0.190000
v -0.785615 -0.139274 -0.190000
v -0.780870 -0.137819 -0.190000
v -0.776172 -0.136200 -0.190000
v -0.771532 -0.134421 -0.190000
v -0.766963 -0.132488 -0.190000
v -0.762469 -0.130403 -0.190000
v -0.758054 -0.128169 -0.190000
v -0.753722 -0.125787 -0.190000
v -0.749475 -0.123259 -0.190000
v -0.745319 -0.120590 -0.190000
v -0.741255 -0.117779 -0.190000
v -0.737289 -0.114830 -0.190000
v -0.733424 -0.111746 -0.190000
v -0.729664 -0.108527 -0.190000
v -0.726012 -0.105178 -0.190000
v -0.725863 -0.105025 -0.190000
v -0.725452 -0.104604 -0.190000
v -0.724831 -0.103968 -0.190000
v -0.724052 -0.103170 -0.190000
v -0.723169 -0.102265 -0.190000
v -0.722233 -0.101306 -0.190000
v -0.721297 -0.100347 -0.190000
v -0.720413 -0.099441 -0.190000
v -0.719635 -0.098644 -0.190000
v -0.719013 -0.098007 -0.190000
v -0.718602 -0.097586 -0.190000
v -0.718454 -0.097434 -0.190000
v -0.714114 -0.092419 -0.190000
v -0.710023 -0.087225 -0.190000
v -0.706185 -0.081862 -0.190000
v -0.702603 -0.076339 -0.190000
v -0.699283 -0.070665 -0.190000
v -0.696230 -0.064850 -0.190000
v -0.693447 -0.058902 -0.190000
v -0.690940 -0.052831 -0.190000
v -0.688713 -0.046647 -0.190000
v -0.686771 -0.040358 -0.190000
v -0.685118 -0.033974 -0.190000
v -0.683759 -0.027504 -0.190000
v -0.682702 -0.020979 -0.190000
v -0.681950 -0.014430 -0.190000
v -0.681503 -0.007868 -0.190000
v -0.681359 -0.001302 -0.190000
v -0.681518 0.005256 -0.190000
v -0.681978 0.011797 -0.190000
v -0.682739 0.018311 -0.190000
v -0.683800 0.024786 -0.190000
v -0.685160 0.031213 -0.190000
v -0.686817 0.037582 -0.190000
v -0.688772 0.043881 -0.190000
v -0.691022 0.050102 -0.190000
v -0.693558 0.056212 -0.190000
v -0.696368 0.062185 -0.190000
v -0.699444 0.068012 -0.190000
v -0.702781 0.073684 -0.190000
v -0.706372 0.079194 -0.190000
v -0.710211 0.084532 -0.190000
v -0.714292 0.089690 -0.190000
v -0.718608 0.094661 -0.190000
v -0.723154 0.099436 -0.190000
v -0.727922 0.104006 -0.190000
v -0.732908 0.108364 -0.190000
v -0.738103 0.112501 -0.190000
v -0.743485 0.116396 -0.190000
v -0.749028 0.120032 -0.190000
v -0.754720 0.123405 -0.190000
v -0.760554 0.126511 -0.190000
v -0.766518 0.129346 -0.190000
v -0.772603 0.131907 -0.190000
v -0.778801 0.134190 -0.190000
v -0.785100 0.136190 -0.190000
v -0.791491 0.137905 -0.190000
v -0.797964 0.139330 -0.190000
v -0.804510 0.140461 -0.190000
v -0.811120 0.141294 -0.190000
v -0.817761 0.141825 -0.190000
v -0.824401 0.142052 -0.190000
v -0.831032 0.141977 -0.190000
v -0.837642 0.141601 -0.190000
v -0.844221 0.140927 -0.190000
v -0.850758 0.139955 -0.190000
v -0.857245 0.138689 -0.190000
v -0.863669 0.137129 -0.190000
v -0.870021 0.135278 -0.190000
v -0.876291 0.133137 -0.190000
v -0.882468 0.130708 -0.190000
v -0.888542 0.127992 -0.190000
v -0.894484 0.125002 -0.190000
v -0.900265 0.121753 -0.190000
v -0.905879 0.118252 -0.190000
v -0.911316 0.114505 -0.190000
v -0.916570 0.110520 -0.190000
v -0.921632 0.106303 -0.190000
v -0.926495 0.101861 -0.190000
v -0.931150 0.097201 -0.190000
v -0.935590 0.092330 -0.190000
v -0.939808 0.087254 -0.190000
v -0.943794 0.081981 -0.190000
v -0.947542 0.076517 -0.190000
v -0.951032 0.070888 -0.190000
v -0.954250 0.065121 -0.190000
v -0.957191 0.059226 -0.190000
v -0.959852 0.053213 -0.190000
v -0.962232 0.047091 -0.190000
v -0.964326 0.040872 -0.190000
v -0.966131 0.034564 -0.190000
v -0.967645 0.028178 -0.190000
v -0.968864 0.021723 -0.190000
v -0.969785 0.015209 -0.190000
v -0.970406 0.008647 -0.190000
v -0.970722 0.002045 -0.190000
v -0.970808 -0.004190 -0.190000
v -0.970741 -0.010363 -0.190000
v -0.970501 -0.016474 -0.190000
v -0.970068 -0.022521 -0.190000
v -0.969420 -0.028503 -0.190000
v -0.968538 -0.034420 -0.190000
v -0.967401 -0.040271 -0.190000
v -0.965987 -0.046055 -0.190000
v -0.964277 -0.051770 -0.190000
v -0.962250 -0.057417 -0.190000
v -0.959885 -0.062994 -0.190000
v -0.957161 -0.068500 -0.190000
v -0.956850 -0.069112 -0.190000
v -0.956562 -0.069734 -0.190000
v -0.956297 -0.070365 -0.190000
v -0.956057 -0.071006 -0.190000
v -0.955843 -0.071654 -0.190000
v -0.955654 -0.072309 -0.190000
v -0.955493 -0.072971 -0.190000
v -0.955359 -0.073639 -0.190000
v -0.955254 -0.074312 -0.190000
v -0.955177 -0.074990 -0.190000
v -0.955131 -0.075671 -0.190000
v -0.955116 -0.076356 -0.190000
v -0.955125 -0.076887 -0.190000
v -0.955152 -0.077417 -0.190000
v -0.955198 -0.077946 -0.190000
v -0.955261 -0.078472 -0.190000
v -0.955343 -0.078995 -0.190000
v -0.955442 -0.079515 -0.190000
v -0.955559 -0.080032 -0.190000
v -0.955694 -0.080544 -0.190000
v -0.955846 -0.081052 -0.190000
v -0.956016 -0.081555 -0.190000
v -0.956204 -0.082053 -0.190000
v -0.956408 -0.082544 -0.190000
v -0.956593 -0.082967 -0.190000
v -0.957102 -0.084135 -0.190000
v -0.957873 -0.085901 -0.190000
v -0.958839 -0.088113 -0.190000
v -0.959934 -0.090624 -0.190000
v -0.961095 -0.093285 -0.190000
v -0.962256 -0.095945 -0.190000
v -0.963352 -0.098456 -0.190000
v -0.964318 -0.100669 -0.190000
v -0.965088 -0.102434 -0.190000
v -0.965598 -0.103602 -0.190000
v -0.965783 -0.104025 -0.190000
v -0.995860 -0.172587 -0.190000
v -0.996041 -0.172918 -0.190000
v -0.996267 -0.173202 -0.190000
v -0.996531 -0.173437 -0.190000
v -0.996826 -0.173623 -0.190000
v -0.997145 -0.173757 -0.190000
v -0.997480 -0.173839 -0.190000
v -0.997823 -0.173868 -0.190000
v -0.998168 -0.173842 -0.190000
v -0.998508 -0.173760 -0.190000
v -0.998834 -0.173621 -0.190000
v -0.999140 -0.173424 -0.190000
v -0.999418 -0.173167 -0.190000
v -0.999504 -0.173067 -0.190000
v -0.999583 -0.172963 -0.190000
v -0.999655 -0.172854 -0.190000
v -0.999721 -0.172741 -0.190000
v -0.999779 -0.172625 -0.190000
v -0.999830 -0.172505 -0.190000
v -0.999873 -0.172382 -0.190000
v -0.999909 -0.172257 -0.190000
v -0.999937 -0.172130 -0.190000
v -0.999957 -0.172001 -0.190000
v -0.999969 -0.171871 -0.190000
v -0.999974 -0.171739 -0.190000
v -0.999974 -0.168387 -0.190000
v -0.999976 -0.159120 -0.190000
v -0.999978 -0.145120 -0.190000
v -0.999980 -0.127572 -0.190000
v -0.999983 -0.107657 -0.190000
v -0.999987 -0.086559 -0.190000
v -0.999990 -0.065461 -0.190000
v -0.999993 -0.045546 -0.190000
v -0.999996 -0.027998 -0.190000
v -0.999998 -0.013998 -0.190000
v -0.999999 -0.004731 -0.190000
v -1.000000 -0.001379 -0.190000
v -0.999764 0.007677 -0.190000
v -0.999052 0.016678 -0.190000
v -0.997870 0.025605 -0.190000
v -0.996224 0.034441 -0.190000
v -0.994119 0.043169 -0.190000
v -0.991562 0.051770 -0.190000
v -0.988557 0.060229 -0.190000
v -0.985111 0.068526 -0.190000
v -0.981230 0.076645 -0.190000
v -0.976918 0.084568 -0.190000
v -0.972182 0.092278 -0.190000
v -0.967027 0.099757 -0.190000
v -0.961484 0.106957 -0.190000
v -0.955589 0.113835 -0.190000
v -0.949356 0.120381 -0.190000
v -0.942801 0.126583 -0.190000
v -0.935938 0.132430 -0.190000
v -0.928783 0.137913 -0.190000
v -0.921350 0.143019 -0.190000
v -0.913655 0.147738 -0.190000
v -0.905712 0.152059 -0.190000
v -0.897537 0.155972 -0.190000
v -0.889144 0.159464 -0.190000
v -0.880548 0.162527 -0.190000
v -0.871802 0.165137 -0.190000
v -0.862961 0.167282 -0.190000
v -0.854044 0.168962 -0.190000
v -0.845068 0.170175 -0.190000
v -0.836052 0.170923 -0.190000
v -0.827015 0.171205 -0.190000
v -0.817976 0.171020 -0.190000
v -0.808952 0.170370 -0.190000
v -0.799963 0.169253 -0.190000
v -0.791028 0.167669 -0.190000
v -0.782163 0.165619 -0.190000
v -0.773389 0.163103 -0.190000
v -0.768064 0.161329 -0.190000
v -0.762811 0.159391 -0.190000
v -0.757634 0.157290 -0.190000
v -0.752537 0.155030 -0.190000
v -0.747523 0.152611 -0.190000
v -0.742595 0.150038 -0.190000
v -0.737758 0.147312 -0.190000
v -0.733014 0.144437 -0.190000
v -0.728367 0.141413 -0.190000
v -0.723820 0.138245 -0.190000
v -0.719378 0.134933 -0.190000
v -0.715043 0.131482 -0.190000
v -0.711297 0.128855 -0.190000
v -0.707250 0.126841 -0.190000
v -0.702993 0.125435 -0.190000
v -0.698614 0.124636 -0.190000
v -0.694205 0.124440 -0.190000
v -0.689853 0.124844 -0.190000
v -0.685650 0.125846 -0.190000
v -0.681684 0.127443 -0.190000
v -0.678046 0.129632 -0.190000
v -0.674824 0.132410 -0.190000
v -0.672110 0.135774 -0.190000
v -0.669992 0.139722 -0.190000
v -0.669718 0.140370 -0.190000
v -0.668962 0.142161 -0.190000
v -0.667819 0.144868 -0.190000
v -0.666387 0.148261 -0.190000
v -0.664761 0.152111 -0.190000
v -0.663039 0.156190 -0.190000
v -0.661316 0.160269 -0.190000
v -0.659691 0.164119 -0.190000
v -0.658258 0.167512 -0.190000
v -0.657116 0.170218 -0.190000
v -0.656359 0.172010 -0.190000
v -0.656085 0.172658 -0.190000
v -0.655905 0.172998 -0.190000
v -0.655676 0.173288 -0.190000
v -0.655408 0.173527 -0.190000
v -0.655107 0.173713 -0.190000
v -0.654782 0.173846 -0.190000
v -0.654441 0.173925 -0.190000
v -0.654092 0.173948 -0.190000
v -0.653742 0.173914 -0.190000
v -0.653400 0.173822 -0.190000
v -0.653074 0.173670 -0.190000
v -0.652770 0.173459 -0.190000
v -0.945736 0.016554 -0.190000
v -0.942523 0.032310 -0.190000
v -0.937343 0.047249 -0.190000
v -0.930342 0.061228 -0.190000
v -0.921662 0.074103 -0.190000
v -0.911448 0.085729 -0.190000
v -0.899844 0.095962 -0.190000
v -0.886993 0.104659 -0.190000
v -0.873040 0.111673 -0.190000
v -0.858128 0.116862 -0.190000
v -0.842403 0.120082 -0.190000
v -0.826006 0.121187 -0.190000
v -0.809610 0.120082 -0.190000
v -0.793884 0.116863 -0.190000
v -0.778973 0.111673 -0.190000
v -0.765020 0.104659 -0.190000
v -0.752169 0.095963 -0.190000
v -0.740565 0.085729 -0.190000
v -0.730350 0.074103 -0.190000
v -0.721671 0.061228 -0.190000
v -0.714669 0.047249 -0.190000
v -0.709490 0.032310 -0.190000
v -0.706277 0.016554 -0.190000
v -0.705173 0.000127 -0.190000
v -0.706277 -0.016300 -0.190000
v -0.709490 -0.032056 -0.190000
v -0.714669 -0.046995 -0.190000
v -0.721671 -0.060975 -0.190000
v -0.730351 -0.073850 -0.190000
v -0.740565 -0.085476 -0.190000
v -0.752169 -0.095709 -0.190000
v -0.765020 -0.104405 -0.190000
v -0.778973 -0.111420 -0.190000
v -0.793884 -0.116609 -0.190000
v -0.809610 -0.119829 -0.190000
v -0.826006 -0.120934 -0.190000
v -0.842403 -0.119829 -0.190000
v -0.858128 -0.116609 -0.190000
v -0.873040 -0.111420 -0.190000
v -0.886993 -0.104405 -0.190000
v -0.899844 -0.095709 -0.190000
v -0.911448 -0.085476 -0.190000
v -0.921662 -0.073850 -0.190000
v -0.930342 -0.060975 -0.190000
v -0.937343 -0.046995 -0.190000
v -0.942523 -0.032056 -0.190000
v -0.945736 -0.016300 -0.190000
v -0.946839 0.000127 -0.190000
v -0.880248 -0.000010 -0.190000
v -0.879771 -0.007092 -0.190000
v -0.878383 -0.013884 -0.190000
v -0.876146 -0.020324 -0.190000
v -0.873121 -0.026350 -0.190000
v -0.869372 -0.031900 -0.190000
v -0.864959 -0.036912 -0.190000
v -0.859946 -0.041324 -0.190000
v -0.854395 -0.045072 -0.190000
v -0.848367 -0.048096 -0.190000
v -0.841926 -0.050333 -0.190000
v -0.835132 -0.051721 -0.190000
v -0.828049 -0.052198 -0.190000
v -0.820966 -0.051721 -0.190000
v -0.814173 -0.050333 -0.190000
v -0.807732 -0.048096 -0.190000
v -0.801704 -0.045072 -0.190000
v -0.796153 -0.041324 -0.190000
v -0.791140 -0.036912 -0.190000
v -0.786727 -0.031900 -0.190000
v -0.782978 -0.026350 -0.190000
v -0.779953 -0.020324 -0.190000
v -0.777716 -0.013884 -0.190000
v -0.776328 -0.007092 -0.190000
v -0.775851 -0.000010 -0.190000
v -0.776328 0.007071 -0.190000
v -0.777716 0.013863 -0.190000
v -0.779953 0.020304 -0.190000
v -0.782978 0.026330 -0.190000
v -0.786727 0.031880 -0.190000
v -0.791140 0.036892 -0.190000
v -0.796153 0.041304 -0.190000
v -0.801704 0.045053 -0.190000
v -0.807732 0.048077 -0.190000
v -0.814173 0.050314 -0.190000
v -0.820966 0.051701 -0.190000
v -0.828049 0.052178 -0.190000
v -0.835132 0.051701 -0.190000
v -0.841926 0.050314 -0.190000
v -0.848367 0.048077 -0.190000
v -0.854395 0.045053 -0.190000
v -0.859946 0.041304 -0.190000
v -0.864959 0.036892 -0.190000
v -0.869372 0.031880 -0.190000
v -0.873121 0.026330 -0.190000
v -0.876146 0.020304 -0.190000
v -0.878383 0.013863 -0.190000
v -0.879771 0.007071 -0.190000
v -0.356947 -0.071868 -0.190000
v -0.359035 -0.072277 -0.190000
v -0.361159 -0.072651 -0.190000
v -0.363318 -0.072989 -0.190000
v -0.365514 -0.073292 -0.190000
v -0.367744 -0.073559 -0.190000
v -0.370010 -0.073790 -0.190000
v -0.372312 -0.073986 -0.190000
v -0.374650 -0.074146 -0.190000
v -0.377023 -0.074271 -0.190000
v -0.379431 -0.074360 -0.190000
v -0.381875 -0.074413 -0.190000
v -0.384355 -0.074431 -0.190000
v -0.396384 -0.074431 -0.190000
v -0.399670 -0.074399 -0.190000
v -0.402891 -0.074305 -0.190000
v -0.406046 -0.074147 -0.190000
v -0.409135 -0.073927 -0.190000
v -0.412159 -0.073644 -0.190000
v -0.415116 -0.073297 -0.190000
v -0.418009 -0.072888 -0.190000
v -0.420835 -0.072416 -0.190000
v -0.423595 -0.071880 -0.190000
v -0.426290 -0.071282 -0.190000
v -0.428919 -0.070621 -0.190000
v -0.431483 -0.069896 -0.190000
v -0.433968 -0.069125 -0.190000
v -0.436363 -0.068325 -0.190000
v -0.438668 -0.067494 -0.190000
v -0.440882 -0.066633 -0.190000
v -0.443006 -0.065741 -0.190000
v -0.445039 -0.064820 -0.190000
v -0.446982 -0.063869 -0.190000
v -0.448835 -0.062887 -0.190000
v -0.450598 -0.061875 -0.190000
v -0.452270 -0.060834 -0.190000
v -0.453852 -0.059762 -0.190000
v -0.455343 -0.058660 -0.190000
v -0.456736 -0.057493 -0.190000
v -0.458087 -0.056294 -0.190000
v -0.459397 -0.055062 -0.190000
v -0.460667 -0.053796 -0.190000
v -0.461895 -0.052498 -0.190000
v -0.463082 -0.051168 -0.190000
v -0.464228 -0.049804 -0.190000
v -0.465333 -0.048408 -0.190000
v -0.466397 -0.046978 -0.190000
v -0.467420 -0.045516 -0.190000
v -0.468402 -0.044021 -0.190000
v -0.469342 -0.042494 -0.190000
v -0.470205 -0.040927 -0.190000
v -0.471018 -0.039383 -0.190000
v -0.471783 -0.037861 -0.190000
v -0.472497 -0.036360 -0.190000
v -0.473163 -0.034882 -0.190000
v -0.473779 -0.033425 -0.190000
v -0.474346 -0.031990 -0.190000
v -0.474864 -0.030577 -0.190000
v -0.475332 -0.029186 -0.190000
v -0.475751 -0.027817 -0.190000
v -0.476121 -0.026470 -0.190000
v -0.476441 -0.025144 -0.190000
v -0.476693 -0.023793 -0.190000
v -0.476923 -0.022434 -0.190000
v -0.477131 -0.021066 -0.190000
v -0.477318 -0.019690 -0.190000
v -0.477482 -0.018306 -0.190000
v -0.477624 -0.016914 -0.190000
v -0.477745 -0.015513 -0.190000
v -0.477843 -0.014105 -0.190000
v -0.477920 -0.012688 -0.190000
v -0.477975 -0.011263 -0.190000
v -0.478008 -0.009829 -0.190000
v -0.478019 -0.008388 -0.190000
v -0.477994 -0.008028 -0.190000
v -0.477922 -0.007684 -0.190000
v -0.477807 -0.007358 -0.190000
v -0.477651 -0.007053 -0.190000
v -0.477458 -0.006774 -0.190000
v -0.477231 -0.006523 -0.190000
v -0.476974 -0.006303 -0.190000
v -0.476689 -0.006117 -0.190000
v -0.476381 -0.005970 -0.190000
v -0.476052 -0.005863 -0.190000
v -0.475705 -0.005801 -0.190000
v -0.475345 -0.005786 -0.190000
v -0.474365 -0.005812 -0.190000
v -0.471657 -0.005886 -0.190000
v -0.467565 -0.005997 -0.190000
v -0.462436 -0.006136 -0.190000
v -0.456615 -0.006293 -0.190000
v -0.450449 -0.006461 -0.190000
v -0.444282 -0.006628 -0.190000
v -0.438462 -0.006785 -0.190000
v -0.433333 -0.006925 -0.190000
v -0.429241 -0.007035 -0.190000
v -0.426532 -0.007109 -0.190000
v -0.425552 -0.007135 -0.190000
v -0.425194 -0.007167 -0.190000
v -0.424849 -0.007242 -0.190000
v -0.424520 -0.007356 -0.190000
v -0.424210 -0.007507 -0.190000
v -0.423921 -0.007693 -0.190000
v -0.423655 -0.007911 -0.190000
v -0.423416 -0.008158 -0.190000
v -0.423205 -0.008432 -0.190000
v -0.423025 -0.008730 -0.190000
v -0.422879 -0.009049 -0.190000
v -0.422769 -0.009387 -0.190000
v -0.422697 -0.009740 -0.190000
v -0.422046 -0.013366 -0.190000
v -0.421144 -0.016676 -0.190000
v -0.419957 -0.019671 -0.190000
v -0.418449 -0.022351 -0.190000
v -0.416587 -0.024715 -0.190000
v -0.414334 -0.026764 -0.190000
v -0.411657 -0.028498 -0.190000
v -0.408519 -0.029917 -0.190000
v -0.404886 -0.031020 -0.190000
v -0.400722 -0.031808 -0.190000
v -0.395994 -0.032281 -0.190000
v -0.390634 -0.032439 -0.190000
v -0.390548 -0.032439 -0.190000
v -0.390419 -0.032439 -0.190000
v -0.390256 -0.032439 -0.190000
v -0.390072 -0.032439 -0.190000
v -0.389876 -0.032439 -0.190000
v -0.389681 -0.032439 -0.190000
v -0.389497 -0.032439 -0.190000
v -0.389334 -0.032439 -0.190000
v -0.389205 -0.032439 -0.190000
v -0.389088 -0.032439 -0.190000
v -0.386326 -0.032377 -0.190000
v -0.383693 -0.032192 -0.190000
v -0.381188 -0.031884 -0.190000
v -0.378812 -0.031453 -0.190000
v -0.376565 -0.030899 -0.190000
v -0.374447 -0.030221 -0.190000
v -0.372457 -0.029420 -0.190000
v -0.370597 -0.028496 -0.190000
v -0.368864 -0.027449 -0.190000
v -0.367261 -0.026278 -0.190000
v -0.365786 -0.024984 -0.190000
v -0.364440 -0.023567 -0.190000
v -0.363180 -0.022045 -0.190000
v -0.362030 -0.020435 -0.190000
v -0.360989 -0.018738 -0.190000
v -0.360058 -0.016952 -0.190000
v -0.359236 -0.015080 -0.190000
v -0.358524 -0.013119 -0.190000
v -0.357922 -0.011071 -0.190000
v -0.357429 -0.008935 -0.190000
v -0.357045 -0.006712 -0.190000
v -0.356771 -0.004401 -0.190000
v -0.356607 -0.002002 -0.190000
v -0.356552 0.000484 -0.190000
v -0.356552 0.001881 -0.190000
v -0.356552 0.005745 -0.190000
v -0.356552 0.011582 -0.190000
v -0.356552 0.018899 -0.190000
v -0.356552 0.027202 -0.190000
v -0.356552 0.035999 -0.190000
v -0.356552 0.044795 -0.190000
v -0.356552 0.053099 -0.190000
v -0.356552 0.060415 -0.190000
v -0.356552 0.066252 -0.190000
v -0.356552 0.070116 -0.190000
v -0.356552 0.071514 -0.190000
v -0.356526 0.071907 -0.190000
v -0.356449 0.072284 -0.190000
v -0.356325 0.072642 -0.190000
v -0.356157 0.072977 -0.190000
v -0.355948 0.073285 -0.190000
v -0.355703 0.073564 -0.190000
v -0.355425 0.073809 -0.190000
v -0.355116 0.074017 -0.190000
v -0.354782 0.074185 -0.190000
v -0.354424 0.074309 -0.190000
v -0.354046 0.074387 -0.190000
v -0.353652 0.074413 -0.190000
v -0.352665 0.074413 -0.190000
v -0.349934 0.074413 -0.190000
v -0.345809 0.074413 -0.190000
v -0.340637 0.074413 -0.190000
v -0.334769 0.074413 -0.190000
v -0.328552 0.074413 -0.190000
v -0.322335 0.074413 -0.190000
v -0.316466 0.074413 -0.190000
v -0.311295 0.074413 -0.190000
v -0.307170 0.074413 -0.190000
v -0.304439 0.074413 -0.190000
v -0.303451 0.074413 -0.190000
v -0.303058 0.074387 -0.190000
v -0.302680 0.074309 -0.190000
v -0.302322 0.074185 -0.190000
v -0.301988 0.074017 -0.190000
v -0.301679 0.073809 -0.190000
v -0.301401 0.073564 -0.190000
v -0.301155 0.073285 -0.190000
v -0.300947 0.072977 -0.190000
v -0.300779 0.072642 -0.190000
v -0.300655 0.072284 -0.190000
v -0.300577 0.071907 -0.190000
v -0.300551 0.071514 -0.190000
v -0.300551 0.070093 -0.190000
v -0.300551 0.066165 -0.190000
v -0.300551 0.060230 -0.190000
v -0.300551 0.052792 -0.190000
v -0.300551 0.044350 -0.190000
v -0.300551 0.035407 -0.190000
v -0.300551 0.026464 -0.190000
v -0.300551 0.018023 -0.190000
v -0.300551 0.010584 -0.190000
v -0.300551 0.004650 -0.190000
v -0.300551 0.000722 -0.190000
v -0.300551 -0.000699 -0.190000
v -0.300556 -0.001909 -0.190000
v -0.300573 -0.003109 -0.190000
v -0.300600 -0.004297 -0.190000
v -0.300639 -0.005475 -0.190000
v -0.300688 -0.006641 -0.190000
v -0.300749 -0.007797 -0.190000
v -0.300820 -0.008941 -0.190000
v -0.300902 -0.010075 -0.190000
v -0.300995 -0.011197 -0.190000
v -0.301099 -0.012309 -0.190000
v -0.301214 -0.013410 -0.190000
v -0.301340 -0.014500 -0.190000
v -0.301482 -0.015592 -0.190000
v -0.301647 -0.016701 -0.190000
v -0.301833 -0.017826 -0.190000
v -0.302041 -0.018968 -0.190000
v -0.302271 -0.020126 -0.190000
v -0.302523 -0.021301 -0.190000
v -0.302797 -0.022492 -0.190000
v -0.303093 -0.023699 -0.190000
v -0.303410 -0.024923 -0.190000
v -0.303750 -0.026163 -0.190000
v -0.304111 -0.027420 -0.190000
v -0.304495 -0.028693 -0.190000
v -0.304899 -0.029935 -0.190000
v -0.305322 -0.031163 -0.190000
v -0.305764 -0.032378 -0.190000
v -0.306226 -0.033578 -0.190000
v -0.306706 -0.034765 -0.190000
v -0.307206 -0.035939 -0.190000
v -0.307725 -0.037098 -0.190000
v -0.308263 -0.038244 -0.190000
v -0.308821 -0.039376 -0.190000
v -0.309397 -0.040495 -0.190000
v -0.309993 -0.041600 -0.190000
v -0.310608 -0.042691 -0.190000
v -0.311252 -0.043741 -0.190000
v -0.311934 -0.044788 -0.190000
v -0.312654 -0.045833 -0.190000
v -0.313413 -0.046874 -0.190000
v -0.314210 -0.047914 -0.190000
v -0.315045 -0.048950 -0.190000
v -0.315919 -0.049984 -0.190000
v -0.316830 -0.051015 -0.190000
v -0.317781 -0.052043 -0.190000
v -0.318769 -0.053068 -0.190000
v -0.319797 -0.054091 -0.190000
v -0.320862 -0.055111 -0.190000
v -0.321962 -0.056085 -0.190000
v -0.323091 -0.057033 -0.190000
v -0.324251 -0.057957 -0.190000
v -0.325441 -0.058857 -0.190000
v -0.326661 -0.059731 -0.190000
v -0.327911 -0.060582 -0.190000
v -0.329191 -0.061407 -0.190000
v -0.330502 -0.062208 -0.190000
v -0.331842 -0.062984 -0.190000
v -0.333213 -0.063735 -0.190000
v -0.334613 -0.064462 -0.190000
v -0.336044 -0.065165 -0.190000
v -0.337485 -0.065844 -0.190000
v -0.338980 -0.066501 -0.190000
v -0.340531 -0.067136 -0.190000
v -0.342136 -0.067750 -0.190000
v -0.343795 -0.068341 -0.190000
v -0.345510 -0.068911 -0.190000
v -0.347279 -0.069458 -0.190000
v -0.349103 -0.069984 -0.190000
v -0.350982 -0.070488 -0.190000
v -0.352915 -0.070970 -0.190000
v -0.354904 -0.071430 -0.190000
v -0.131863 -0.028984 -0.190000
v -0.131812 -0.028988 -0.190000
v -0.131764 -0.028998 -0.190000
v -0.131522 -0.029210 -0.190000
v -0.131506 -0.029256 -0.190000
v -0.131496 -0.029304 -0.190000
v -0.131493 -0.029354 -0.190000
v -0.131698 -0.033030 -0.190000
v -0.132424 -0.037036 -0.190000
v -0.133838 -0.041250 -0.190000
v -0.136105 -0.045546 -0.190000
v -0.139393 -0.049801 -0.190000
v -0.143868 -0.053891 -0.190000
v -0.149696 -0.057692 -0.190000
v -0.157043 -0.061080 -0.190000
v -0.166076 -0.063931 -0.190000
v -0.176962 -0.066121 -0.190000
v -0.189867 -0.067526 -0.190000
v -0.205150 -0.068022 -0.190000
v -0.229050 -0.067459 -0.190000
v -0.241452 -0.065844 -0.190000
v -0.252094 -0.063292 -0.190000
v -0.261097 -0.059915 -0.190000
v -0.268583 -0.055827 -0.190000
v -0.274676 -0.051139 -0.190000
v -0.279496 -0.045966 -0.190000
v -0.283166 -0.040421 -0.190000
v -0.285808 -0.034616 -0.190000
v -0.287544 -0.028664 -0.190000
v -0.288496 -0.022679 -0.190000
v -0.288786 -0.016774 -0.190000
v -0.288786 -0.016701 -0.190000
v -0.288786 -0.016500 -0.190000
v -0.288786 -0.016196 -0.190000
v -0.288786 -0.015815 -0.190000
v -0.288786 -0.015382 -0.190000
v -0.288786 -0.014924 -0.190000
v -0.288786 -0.014465 -0.190000
v -0.288786 -0.014033 -0.190000
v -0.288786 -0.013651 -0.190000
v -0.288786 -0.013347 -0.190000
v -0.288786 -0.013146 -0.190000
v -0.288786 -0.013073 -0.190000
v -0.288517 -0.007229 -0.190000
v -0.287624 -0.001329 -0.190000
v -0.285973 0.004517 -0.190000
v -0.283433 0.010204 -0.190000
v -0.279874 0.015623 -0.190000
v -0.275162 0.020668 -0.190000
v -0.269166 0.025231 -0.190000
v -0.261755 0.029205 -0.190000
v -0.252796 0.032483 -0.190000
v -0.242159 0.034957 -0.190000
v -0.229711 0.036520 -0.190000
v -0.215320 0.037065 -0.190000
v -0.215120 0.037065 -0.190000
v -0.214566 0.037065 -0.190000
v -0.213730 0.037065 -0.190000
v -0.212682 0.037065 -0.190000
v -0.211492 0.037065 -0.190000
v -0.210232 0.037065 -0.190000
v -0.208971 0.037065 -0.190000
v -0.207782 0.037065 -0.190000
v -0.206733 0.037065 -0.190000
v -0.205897 0.037065 -0.190000
v -0.205343 0.037065 -0.190000
v -0.205143 0.037065 -0.190000
v -0.190042 0.036454 -0.190000
v -0.177107 0.034707 -0.190000
v -0.166175 0.031951 -0.190000
v -0.157084 0.028315 -0.190000
v -0.149672 0.023925 -0.190000
v -0.143775 0.018911 -0.190000
v -0.139231 0.013399 -0.190000
v -0.135878 0.007518 -0.190000
v -0.133554 0.001395 -0.190000
v -0.132094 -0.004841 -0.190000
v -0.131338 -0.011063 -0.190000
v -0.131122 -0.017144 -0.190000
v -0.131122 -0.017239 -0.190000
v -0.131122 -0.017501 -0.190000
v -0.131122 -0.017898 -0.190000
v -0.131122 -0.018395 -0.190000
v -0.131122 -0.018959 -0.190000
v -0.131122 -0.019557 -0.190000
v -0.131122 -0.020154 -0.190000
v -0.131122 -0.020718 -0.190000
v -0.131122 -0.021216 -0.190000
v -0.131122 -0.021612 -0.190000
v -0.131122 -0.021875 -0.190000
v -0.131122 -0.021970 -0.190000
v -0.131128 -0.022068 -0.190000
v -0.131148 -0.022162 -0.190000
v -0.131179 -0.022252 -0.190000
v -0.131221 -0.022335 -0.190000
v -0.131273 -0.022412 -0.190000
v -0.131334 -0.022482 -0.190000
v -0.131404 -0.022543 -0.190000
v -0.131481 -0.022595 -0.190000
v -0.131565 -0.022637 -0.190000
v -0.131654 -0.022668 -0.190000
v -0.131748 -0.022688 -0.190000
v -0.133946 -0.022694 -0.190000
v -0.238633 -0.022703 -0.190000
v -0.238737 -0.022726 -0.190000
v -0.238834 -0.022764 -0.190000
v -0.238923 -0.022814 -0.190000
v -0.239004 -0.022877 -0.190000
v -0.239074 -0.022949 -0.190000
v -0.239134 -0.023031 -0.190000
v -0.239181 -0.023121 -0.190000
v -0.239215 -0.023217 -0.190000
v -0.239234 -0.023319 -0.190000
v -0.239237 -0.023425 -0.190000
v -0.239224 -0.023534 -0.190000
v -0.238597 -0.025932 -0.190000
v -0.237691 -0.028224 -0.190000
v -0.236486 -0.030390 -0.190000
v -0.234966 -0.032411 -0.190000
v -0.233110 -0.034267 -0.190000
v -0.230902 -0.035939 -0.190000
v -0.228322 -0.037408 -0.190000
v -0.225352 -0.038653 -0.190000
v -0.221975 -0.039655 -0.190000
v -0.218172 -0.040395 -0.190000
v -0.213924 -0.040853 -0.190000
v -0.209029 -0.041011 -0.190000
v -0.204960 -0.040911 -0.190000
v -0.201302 -0.040627 -0.190000
v -0.198033 -0.040179 -0.190000
v -0.195133 -0.039590 -0.190000
v -0.192578 -0.038881 -0.190000
v -0.190348 -0.038074 -0.190000
v -0.188422 -0.037189 -0.190000
v -0.186776 -0.036250 -0.190000
v -0.185391 -0.035277 -0.190000
v -0.184243 -0.034291 -0.190000
v -0.183313 -0.033315 -0.190000
v -0.182578 -0.032371 -0.190000
v -0.182257 -0.031935 -0.190000
v -0.181912 -0.031509 -0.190000
v -0.181544 -0.031100 -0.190000
v -0.181153 -0.030711 -0.190000
v -0.180741 -0.030349 -0.190000
v -0.180309 -0.030018 -0.190000
v -0.179858 -0.029724 -0.190000
v -0.179389 -0.029472 -0.190000
v -0.178903 -0.029266 -0.190000
v -0.178401 -0.029113 -0.190000
v -0.177885 -0.029017 -0.190000
v -0.177355 -0.028984 -0.190000
v -0.176460 -0.028984 -0.190000
v -0.173985 -0.028984 -0.190000
v -0.170247 -0.028984 -0.190000
v -0.165560 -0.028984 -0.190000
v -0.160242 -0.028984 -0.190000
v -0.154609 -0.028984 -0.190000
v -0.148975 -0.028984 -0.190000
v -0.143657 -0.028984 -0.190000
v -0.138971 -0.028984 -0.190000
v -0.135232 -0.028984 -0.190000
v -0.132758 -0.028984 -0.190000
v -0.181650 -0.001479 -0.190000
v -0.182317 0.000636 -0.190000
v -0.183243 0.002603 -0.190000
v -0.184445 0.004416 -0.190000
v -0.185937 0.006068 -0.190000
v -0.187734 0.007552 -0.190000
v -0.189852 0.008861 -0.190000
v -0.192305 0.009987 -0.190000
v -0.195110 0.010925 -0.190000
v -0.198280 0.011666 -0.190000
v -0.201832 0.012205 -0.190000
v -0.205780 0.012533 -0.190000
v -0.210140 0.012644 -0.190000
v -0.214513 0.012527 -0.190000
v -0.218450 0.012183 -0.190000
v -0.221970 0.011623 -0.190000
v -0.225096 0.010857 -0.190000
v -0.227850 0.009896 -0.190000
v -0.230254 0.008750 -0.190000
v -0.232329 0.007429 -0.190000
v -0.234099 0.005943 -0.190000
v -0.235584 0.004304 -0.190000
v -0.236808 0.002522 -0.190000
v -0.237791 0.000606 -0.190000
v -0.238556 -0.001433 -0.190000
v -0.238581 -0.001546 -0.190000
v -0.238588 -0.001658 -0.190000
v -0.238577 -0.001767 -0.190000
v -0.238549 -0.001871 -0.190000
v -0.238506 -0.001969 -0.190000
v -0.238448 -0.002058 -0.190000
v -0.238378 -0.002139 -0.190000
v -0.238295 -0.002208 -0.190000
v -0.238203 -0.002265 -0.190000
v -0.238101 -0.002307 -0.190000
v -0.237991 -0.002334 -0.190000
v -0.237874 -0.002343 -0.190000
v -0.236781 -0.002343 -0.190000
v -0.233760 -0.002343 -0.190000
v -0.229197 -0.002343 -0.190000
v -0.223476 -0.002343 -0.190000
v -0.216985 -0.002343 -0.190000
v -0.210107 -0.002343 -0.190000
v -0.203229 -0.002343 -0.190000
v -0.196738 -0.002343 -0.190000
v -0.191017 -0.002343 -0.190000
v -0.186453 -0.002343 -0.190000
v -0.183432 -0.002343 -0.190000
v -0.182340 -0.002343 -0.190000
v -0.182228 -0.002334 -0.190000
v -0.182122 -0.002310 -0.190000
v -0.182024 -0.002270 -0.190000
v -0.181933 -0.002218 -0.190000
v -0.181852 -0.002153 -0.190000
v -0.181782 -0.002078 -0.190000
v -0.181723 -0.001993 -0.190000
v -0.181678 -0.001901 -0.190000
v -0.181646 -0.001802 -0.190000
v -0.181630 -0.001697 -0.190000
v -0.181631 -0.001589 -0.190000
v 0.022470 -0.032525 -0.190000
v 0.022470 -0.032596 -0.190000
v 0.022470 -0.032702 -0.190000
v 0.022470 -0.032835 -0.190000
v 0.022470 -0.032987 -0.190000
v 0.022470 -0.033147 -0.190000
v 0.022470 -0.033307 -0.190000
v 0.022470 -0.033459 -0.190000
v 0.022470 -0.033592 -0.190000
v 0.022470 -0.033698 -0.190000
v 0.022470 -0.033794 -0.190000
v 0.022232 -0.038276 -0.190000
v 0.021432 -0.042625 -0.190000
v 0.019940 -0.046791 -0.190000
v 0.017624 -0.050726 -0.190000
v 0.014355 -0.054381 -0.190000
v 0.010002 -0.057707 -0.190000
v 0.004435 -0.060655 -0.190000
v -0.002478 -0.063177 -0.190000
v -0.010865 -0.065223 -0.190000
v -0.020859 -0.066746 -0.190000
v -0.032588 -0.067695 -0.190000
v -0.046384 -0.068022 -0.190000
v -0.070265 -0.067574 -0.190000
v -0.082102 -0.066304 -0.190000
v -0.092037 -0.064321 -0.190000
v -0.100233 -0.061738 -0.190000
v -0.106854 -0.058664 -0.190000
v -0.112063 -0.055209 -0.190000
v -0.116023 -0.051485 -0.190000
v -0.118896 -0.047602 -0.190000
v -0.120847 -0.043669 -0.190000
v -0.122039 -0.039798 -0.190000
v -0.122634 -0.036100 -0.190000
v -0.122796 -0.032684 -0.190000
v -0.122784 -0.032508 -0.190000
v -0.122750 -0.032340 -0.190000
v -0.122694 -0.032180 -0.190000
v -0.122619 -0.032031 -0.190000
v -0.122526 -0.031893 -0.190000
v -0.122416 -0.031769 -0.190000
v -0.122292 -0.031659 -0.190000
v -0.122154 -0.031566 -0.190000
v -0.122004 -0.031491 -0.190000
v -0.121844 -0.031436 -0.190000
v -0.121676 -0.031401 -0.190000
v -0.121500 -0.031389 -0.190000
v -0.120530 -0.031389 -0.190000
v -0.117850 -0.031389 -0.190000
v -0.113801 -0.031389 -0.190000
v -0.108726 -0.031389 -0.190000
v -0.102966 -0.031389 -0.190000
v -0.096864 -0.031389 -0.190000
v -0.090762 -0.031389 -0.190000
v -0.085002 -0.031389 -0.190000
v -0.079927 -0.031389 -0.190000
v -0.075878 -0.031389 -0.190000
v -0.073197 -0.031389 -0.190000
v -0.072228 -0.031389 -0.190000
v -0.072133 -0.031396 -0.190000
v -0.072041 -0.031413 -0.190000
v -0.071954 -0.031442 -0.190000
v -0.071872 -0.031482 -0.190000
v -0.071796 -0.031531 -0.190000
v -0.071727 -0.031588 -0.190000
v -0.071665 -0.031654 -0.190000
v -0.071611 -0.031727 -0.190000
v -0.071566 -0.031806 -0.190000
v -0.071530 -0.031892 -0.190000
v -0.071505 -0.031982 -0.190000
v -0.071491 -0.032076 -0.190000
v -0.071353 -0.033164 -0.190000
v -0.071086 -0.034353 -0.190000
v -0.070644 -0.035606 -0.190000
v -0.069979 -0.036885 -0.190000
v -0.069045 -0.038154 -0.190000
v -0.067793 -0.039375 -0.190000
v -0.066178 -0.040510 -0.190000
v -0.064152 -0.041523 -0.190000
v -0.061668 -0.042375 -0.190000
v -0.058679 -0.043031 -0.190000
v -0.055137 -0.043451 -0.190000
v -0.050900 -0.043600 -0.190000
v -0.050856 -0.043600 -0.190000
v -0.050810 -0.043600 -0.190000
v -0.050764 -0.043600 -0.190000
v -0.050625 -0.043600 -0.190000
v -0.046489 -0.043517 -0.190000
v -0.042935 -0.043279 -0.190000
v -0.039921 -0.042897 -0.190000
v -0.037404 -0.042387 -0.190000
v -0.035343 -0.041761 -0.190000
v -0.033693 -0.041033 -0.190000
v -0.032414 -0.040216 -0.190000
v -0.031463 -0.039324 -0.190000
v -0.030796 -0.038371 -0.190000
v -0.030373 -0.037369 -0.190000
v -0.030150 -0.036332 -0.190000
v -0.030085 -0.035179 -0.190000
v -0.030085 -0.035135 -0.190000
v -0.030085 -0.035090 -0.190000
v -0.030085 -0.035044 -0.190000
v -0.030085 -0.034905 -0.190000
v -0.030146 -0.033741 -0.190000
v -0.030353 -0.032657 -0.190000
v -0.030747 -0.031656 -0.190000
v -0.031367 -0.030739 -0.190000
v -0.032251 -0.029909 -0.190000
v -0.033439 -0.029170 -0.190000
v -0.034970 -0.028522 -0.190000
v -0.036884 -0.027970 -0.190000
v -0.039219 -0.027516 -0.190000
v -0.042014 -0.027161 -0.190000
v -0.045310 -0.026910 -0.190000
v -0.049145 -0.026764 -0.190000
v -0.049560 -0.026753 -0.190000
v -0.050707 -0.026722 -0.190000
v -0.052441 -0.026677 -0.190000
v -0.054614 -0.026620 -0.190000
v -0.057081 -0.026555 -0.190000
v -0.059693 -0.026486 -0.190000
v -0.062306 -0.026417 -0.190000
v -0.064772 -0.026352 -0.190000
v -0.066945 -0.026295 -0.190000
v -0.068679 -0.026249 -0.190000
v -0.069827 -0.026219 -0.190000
v -0.070241 -0.026208 -0.190000
v -0.080039 -0.025604 -0.190000
v -0.088573 -0.024471 -0.190000
v -0.095923 -0.022858 -0.190000
v -0.102166 -0.020816 -0.190000
v -0.107381 -0.018394 -0.190000
v -0.111646 -0.015640 -0.190000
v -0.115040 -0.012606 -0.190000
v -0.117642 -0.009339 -0.190000
v -0.119528 -0.005890 -0.190000
v -0.120779 -0.002308 -0.190000
v -0.121472 0.001358 -0.190000
v -0.121685 0.005079 -0.190000
v -0.121685 0.005140 -0.190000
v -0.121685 0.005231 -0.190000
v -0.121685 0.005345 -0.190000
v -0.121685 0.005475 -0.190000
v -0.121685 0.005613 -0.190000
v -0.121685 0.005750 -0.190000
v -0.121685 0.005880 -0.190000
v -0.121685 0.005994 -0.190000
v -0.121685 0.006086 -0.190000
v -0.121685 0.006168 -0.190000
v -0.121450 0.010196 -0.190000
v -0.120663 0.014110 -0.190000
v -0.119208 0.017864 -0.190000
v -0.116963 0.021414 -0.190000
v -0.113812 0.024715 -0.190000
v -0.109634 0.027722 -0.190000
v -0.104311 0.030389 -0.190000
v -0.097725 0.032673 -0.190000
v -0.089756 0.034527 -0.190000
v -0.080285 0.035907 -0.190000
v -0.069193 0.036768 -0.190000
v -0.056362 0.037065 -0.190000
v -0.056169 0.037065 -0.190000
v -0.055636 0.037065 -0.190000
v -0.054830 0.037065 -0.190000
v -0.053820 0.037065 -0.190000
v -0.052673 0.037065 -0.190000
v -0.051459 0.037065 -0.190000
v -0.050244 0.037065 -0.190000
v -0.049098 0.037065 -0.190000
v -0.048087 0.037065 -0.190000
v -0.047282 0.037065 -0.190000
v -0.046748 0.037065 -0.190000
v -0.046555 0.037065 -0.190000
v -0.034035 0.036761 -0.190000
v -0.023147 0.035881 -0.190000
v -0.013786 0.034475 -0.190000
v -0.005850 0.032591 -0.190000
v 0.000764 0.030277 -0.190000
v 0.006162 0.027583 -0.190000
v 0.010445 0.024558 -0.190000
v 0.013717 0.021250 -0.190000
v 0.016082 0.017708 -0.190000
v 0.017643 0.013981 -0.190000
v 0.018504 0.010118 -0.190000
v 0.018768 0.006126 -0.190000
v 0.018768 0.006079 -0.190000
v 0.018768 0.006020 -0.190000
v 0.018768 0.005954 -0.190000
v 0.018768 0.005883 -0.190000
v 0.018768 0.005813 -0.190000
v 0.018768 0.005746 -0.190000
v 0.018768 0.005687 -0.190000
v 0.018768 0.005598 -0.190000
v 0.018762 0.005500 -0.190000
v 0.018742 0.005406 -0.190000
v 0.018711 0.005316 -0.190000
v 0.018669 0.005232 -0.190000
v 0.018617 0.005155 -0.190000
v 0.018556 0.005086 -0.190000
v 0.018487 0.005024 -0.190000
v 0.018410 0.004972 -0.190000
v 0.018326 0.004930 -0.190000
v 0.018236 0.004899 -0.190000
v 0.018142 0.004880 -0.190000
v 0.017067 0.004873 -0.190000
v -0.031694 0.005755 -0.190000
v -0.031928 0.006715 -0.190000
v -0.032320 0.007724 -0.190000
v -0.032922 0.008752 -0.190000
v -0.033787 0.009769 -0.190000
v -0.034966 0.010747 -0.190000
v -0.036511 0.011656 -0.190000
v -0.038474 0.012465 -0.190000
v -0.040908 0.013147 -0.190000
v -0.043864 0.013670 -0.190000
v -0.047395 0.014005 -0.190000
v -0.051736 0.014124 -0.190000
v -0.055539 0.014074 -0.190000
v -0.058829 0.013925 -0.190000
v -0.061642 0.013678 -0.190000
v -0.064011 0.013336 -0.190000
v -0.065971 0.012898 -0.190000
v -0.067558 0.012366 -0.190000
v -0.068805 0.011742 -0.190000
v -0.069748 0.011027 -0.190000
v -0.070420 0.010221 -0.190000
v -0.070858 0.009327 -0.190000
v -0.071095 0.008346 -0.190000
v -0.071166 0.007093 -0.190000
v -0.071096 0.006103 -0.190000
v -0.070862 0.005170 -0.190000
v -0.070435 0.004297 -0.190000
v -0.069782 0.003488 -0.190000
v -0.068872 0.002746 -0.190000
v -0.067673 0.002074 -0.190000
v -0.066155 0.001476 -0.190000
v -0.064285 0.000953 -0.190000
v -0.062032 0.000511 -0.190000
v -0.059364 0.000151 -0.190000
v -0.056251 -0.000123 -0.190000
v -0.052661 -0.000308 -0.190000
v -0.052249 -0.000319 -0.190000
v -0.051112 -0.000349 -0.190000
v -0.049394 -0.000394 -0.190000
v -0.047240 -0.000452 -0.190000
v -0.044795 -0.000516 -0.190000
v -0.042206 -0.000585 -0.190000
v -0.039617 -0.000654 -0.190000
v -0.037172 -0.000719 -0.190000
v -0.035018 -0.000776 -0.190000
v -0.033300 -0.000822 -0.190000
v -0.032163 -0.000852 -0.190000
v -0.031751 -0.000863 -0.190000
v -0.021238 -0.001383 -0.190000
v -0.012121 -0.002294 -0.190000
v -0.004308 -0.003594 -0.190000
v 0.002292 -0.005282 -0.190000
v 0.007772 -0.007355 -0.190000
v 0.012223 -0.009812 -0.190000
v 0.015737 -0.012651 -0.190000
v 0.018406 -0.015869 -0.190000
v 0.020321 -0.019465 -0.190000
v 0.021576 -0.023436 -0.190000
v 0.022262 -0.027782 -0.190000
v 0.115729 -0.034350 -0.190000
v 0.115729 -0.065247 -0.190000
v 0.073169 -0.065247 -0.190000
v 0.069032 -0.065051 -0.190000
v 0.065232 -0.064461 -0.190000
v 0.061773 -0.063478 -0.190000
v 0.058659 -0.062102 -0.190000
v 0.055894 -0.060333 -0.190000
v 0.053483 -0.058170 -0.190000
v 0.051431 -0.055615 -0.190000
v 0.049742 -0.052666 -0.190000
v 0.048420 -0.049324 -0.190000
v 0.047471 -0.045589 -0.190000
v 0.046898 -0.041461 -0.190000
v 0.046706 -0.036940 -0.190000
v 0.046706 -0.036153 -0.190000
v 0.046706 -0.033979 -0.190000
v 0.046706 -0.030693 -0.190000
v 0.046706 -0.026575 -0.190000
v 0.046706 -0.021902 -0.190000
v 0.046706 -0.016951 -0.190000
v 0.046706 -0.012000 -0.190000
v 0.046706 -0.007327 -0.190000
v 0.046706 -0.003208 -0.190000
v 0.046706 0.000077 -0.190000
v 0.046706 0.002252 -0.190000
v 0.046706 0.003038 -0.190000
v 0.046699 0.003136 -0.190000
v 0.046680 0.003231 -0.190000
v 0.046649 0.003320 -0.190000
v 0.046607 0.003404 -0.190000
v 0.046555 0.003481 -0.190000
v 0.046493 0.003551 -0.190000
v 0.046424 0.003612 -0.190000
v 0.046346 0.003664 -0.190000
v 0.046263 0.003706 -0.190000
v 0.046173 0.003737 -0.190000
v 0.046079 0.003756 -0.190000
v 0.028272 0.003770 -0.190000
v 0.028178 0.003789 -0.190000
v 0.028088 0.003820 -0.190000
v 0.028004 0.003862 -0.190000
v 0.027927 0.003914 -0.190000
v 0.027857 0.003975 -0.190000
v 0.027796 0.004045 -0.190000
v 0.027744 0.004122 -0.190000
v 0.027702 0.004206 -0.190000
v 0.027671 0.004295 -0.190000
v 0.027651 0.004390 -0.190000
v 0.027645 0.004488 -0.190000
v 0.027645 0.005060 -0.190000
v 0.027645 0.006642 -0.190000
v 0.027645 0.009031 -0.190000
v 0.027645 0.012026 -0.190000
v 0.027645 0.015425 -0.190000
v 0.027645 0.019026 -0.190000
v 0.027645 0.022628 -0.190000
v 0.027645 0.026027 -0.190000
v 0.027645 0.029022 -0.190000
v 0.027645 0.031411 -0.190000
v 0.027645 0.032993 -0.190000
v 0.027645 0.033565 -0.190000
v 0.027651 0.033663 -0.190000
v 0.027671 0.033758 -0.190000
v 0.027702 0.033847 -0.190000
v 0.027744 0.033931 -0.190000
v 0.027796 0.034008 -0.190000
v 0.027857 0.034078 -0.190000
v 0.027927 0.034139 -0.190000
v 0.028004 0.034191 -0.190000
v 0.028088 0.034233 -0.190000
v 0.028178 0.034264 -0.190000
v 0.028272 0.034283 -0.190000
v 0.028371 0.034290 -0.190000
v 0.028718 0.034290 -0.190000
v 0.029675 0.034290 -0.190000
v 0.031122 0.034290 -0.190000
v 0.032936 0.034290 -0.190000
v 0.034995 0.034290 -0.190000
v 0.037176 0.034290 -0.190000
v 0.039357 0.034290 -0.190000
v 0.041415 0.034290 -0.190000
v 0.043229 0.034290 -0.190000
v 0.044676 0.034290 -0.190000
v 0.045634 0.034290 -0.190000
v 0.045981 0.034290 -0.190000
v 0.046079 0.034297 -0.190000
v 0.046173 0.034316 -0.190000
v 0.046263 0.034347 -0.190000
v 0.046347 0.034389 -0.190000
v 0.046424 0.034441 -0.190000
v 0.046493 0.034502 -0.190000
v 0.046555 0.034572 -0.190000
v 0.046607 0.034649 -0.190000
v 0.046649 0.034733 -0.190000
v 0.046680 0.034822 -0.190000
v 0.046699 0.034916 -0.190000
v 0.046706 0.035015 -0.190000
v 0.046706 0.035558 -0.190000
v 0.046706 0.037059 -0.190000
v 0.046706 0.039327 -0.190000
v 0.046706 0.042170 -0.190000
v 0.046706 0.045396 -0.190000
v 0.046706 0.048813 -0.190000
v 0.046706 0.052231 -0.190000
v 0.046706 0.055457 -0.190000
v 0.046706 0.058300 -0.190000
v 0.046706 0.060568 -0.190000
v 0.046706 0.062069 -0.190000
v 0.046706 0.062612 -0.190000
v 0.046712 0.062710 -0.190000
v 0.046732 0.062805 -0.190000
v 0.046763 0.062894 -0.190000
v 0.046805 0.062978 -0.190000
v 0.046857 0.063055 -0.190000
v 0.046918 0.063125 -0.190000
v 0.046988 0.063186 -0.190000
v 0.047065 0.063238 -0.190000
v 0.047149 0.063280 -0.190000
v 0.047238 0.063311 -0.190000
v 0.047333 0.063330 -0.190000
v 0.047431 0.063337 -0.190000
v 0.048385 0.063337 -0.190000
v 0.051024 0.063337 -0.190000
v 0.055011 0.063337 -0.190000
v 0.060008 0.063337 -0.190000
v 0.065679 0.063337 -0.190000
v 0.071688 0.063337 -0.190000
v 0.077696 0.063337 -0.190000
v 0.083367 0.063337 -0.190000
v 0.088364 0.063337 -0.190000
v 0.092351 0.063337 -0.190000
v 0.094990 0.063337 -0.190000
v 0.095944 0.063337 -0.190000
v 0.096043 0.063330 -0.190000
v 0.096137 0.063311 -0.190000
v 0.096227 0.063280 -0.190000
v 0.096310 0.063238 -0.190000
v 0.096388 0.063186 -0.190000
v 0.096457 0.063125 -0.190000
v 0.096519 0.063055 -0.190000
v 0.096570 0.062978 -0.190000
v 0.096613 0.062894 -0.190000
v 0.096644 0.062805 -0.190000
v 0.096663 0.062710 -0.190000
v 0.096669 0.062612 -0.190000
v 0.096669 0.062069 -0.190000
v 0.096669 0.060568 -0.190000
v 0.096669 0.058300 -0.190000
v 0.096669 0.055457 -0.190000
v 0.096669 0.052231 -0.190000
v 0.096669 0.048813 -0.190000
v 0.096669 0.045396 -0.190000
v 0.096669 0.042170 -0.190000
v 0.096669 0.039327 -0.190000
v 0.096669 0.037059 -0.190000
v 0.096669 0.035558 -0.190000
v 0.096669 0.035015 -0.190000
v 0.096676 0.034916 -0.190000
v 0.096695 0.034822 -0.190000
v 0.096727 0.034733 -0.190000
v 0.096768 0.034649 -0.190000
v 0.096821 0.034572 -0.190000
v 0.096882 0.034502 -0.190000
v 0.096952 0.034441 -0.190000
v 0.097029 0.034389 -0.190000
v 0.097112 0.034347 -0.190000
v 0.097202 0.034316 -0.190000
v 0.097296 0.034297 -0.190000
v 0.097394 0.034290 -0.190000
v 0.097741 0.034290 -0.190000
v 0.098699 0.034290 -0.190000
v 0.100146 0.034290 -0.190000
v 0.101960 0.034290 -0.190000
v 0.104019 0.034290 -0.190000
v 0.106200 0.034290 -0.190000
v 0.108381 0.034290 -0.190000
v 0.110439 0.034290 -0.190000
v 0.112253 0.034290 -0.190000
v 0.113701 0.034290 -0.190000
v 0.114658 0.034290 -0.190000
v 0.115005 0.034290 -0.190000
v 0.115104 0.034283 -0.190000
v 0.115198 0.034264 -0.190000
v 0.115287 0.034233 -0.190000
v 0.115371 0.034191 -0.190000
v 0.115448 0.034139 -0.190000
v 0.115517 0.034078 -0.190000
v 0.115578 0.034008 -0.190000
v 0.115630 0.033931 -0.190000
v 0.115672 0.033847 -0.190000
v 0.115703 0.033758 -0.190000
v 0.115723 0.033663 -0.190000
v 0.115729 0.033565 -0.190000
v 0.115729 0.032979 -0.190000
v 0.115729 0.031358 -0.190000
v 0.115729 0.028909 -0.190000
v 0.115729 0.025839 -0.190000
v 0.115729 0.022355 -0.190000
v 0.115729 0.018664 -0.190000
v 0.115729 0.014973 -0.190000
v 0.115729 0.011489 -0.190000
v 0.115729 0.008420 -0.190000
v 0.115729 0.005971 -0.190000
v 0.115729 0.004349 -0.190000
v 0.097296 0.003756 -0.190000
v 0.097202 0.003737 -0.190000
v 0.097112 0.003706 -0.190000
v 0.097028 0.003664 -0.190000
v 0.096951 0.003612 -0.190000
v 0.096882 0.003551 -0.190000
v 0.096820 0.003481 -0.190000
v 0.096768 0.003404 -0.190000
v 0.096726 0.003320 -0.190000
v 0.096695 0.003231 -0.190000
v 0.096676 0.003136 -0.190000
v 0.096669 0.003038 -0.190000
v 0.096669 0.002474 -0.190000
v 0.096669 0.000913 -0.190000
v 0.096669 -0.001445 -0.190000
v 0.096669 -0.004401 -0.190000
v 0.096669 -0.007755 -0.190000
v 0.096669 -0.011308 -0.190000
v 0.096669 -0.014862 -0.190000
v 0.096669 -0.018216 -0.190000
v 0.096669 -0.021171 -0.190000
v 0.096669 -0.023529 -0.190000
v 0.096669 -0.025090 -0.190000
v 0.096669 -0.025655 -0.190000
v 0.096696 -0.027108 -0.190000
v 0.096785 -0.028418 -0.190000
v 0.096956 -0.029588 -0.190000
v 0.097225 -0.030622 -0.190000
v 0.097609 -0.031522 -0.190000
v 0.098127 -0.032291 -0.190000
v 0.098795 -0.032933 -0.190000
v 0.099630 -0.033452 -0.190000
v 0.100651 -0.033849 -0.190000
v 0.101874 -0.034129 -0.190000
v 0.103317 -0.034295 -0.190000
v 0.104996 -0.034350 -0.190000
v 0.105208 -0.034350 -0.190000
v 0.105791 -0.034350 -0.190000
v 0.106673 -0.034350 -0.190000
v 0.107779 -0.034350 -0.190000
v 0.109034 -0.034350 -0.190000
v 0.110363 -0.034350 -0.190000
v 0.111692 -0.034350 -0.190000
v 0.112947 -0.034350 -0.190000
v 0.114052 -0.034350 -0.190000
v 0.114934 -0.034350 -0.190000
v 0.115518 -0.034350 -0.190000
v 0.282628 -0.028984 -0.190000
v 0.282678 -0.028988 -0.190000
v 0.282726 -0.028998 -0.190000
v 0.282969 -0.029210 -0.190000
v 0.282984 -0.029256 -0.190000
v 0.282994 -0.029304 -0.190000
v 0.282998 -0.029354 -0.190000
v 0.282793 -0.033030 -0.190000
v 0.282067 -0.037036 -0.190000
v 0.280653 -0.041250 -0.190000
v 0.278386 -0.045546 -0.190000
v 0.275098 -0.049801 -0.190000
v 0.270623 -0.053891 -0.190000
v 0.264795 -0.057692 -0.190000
v 0.257448 -0.061080 -0.190000
v 0.248414 -0.063931 -0.190000
v 0.237528 -0.066121 -0.190000
v 0.224624 -0.067526 -0.190000
v 0.209340 -0.068022 -0.190000
v 0.185441 -0.067459 -0.190000
v 0.173039 -0.065844 -0.190000
v 0.162397 -0.063292 -0.190000
v 0.153394 -0.059915 -0.190000
v 0.145908 -0.055827 -0.190000
v 0.139815 -0.051139 -0.190000
v 0.134995 -0.045966 -0.190000
v 0.131325 -0.040421 -0.190000
v 0.128683 -0.034616 -0.190000
v 0.126947 -0.028664 -0.190000
v 0.125995 -0.022679 -0.190000
v 0.125705 -0.016774 -0.190000
v 0.125705 -0.016701 -0.190000
v 0.125705 -0.016500 -0.190000
v 0.125705 -0.016196 -0.190000
v 0.125705 -0.015815 -0.190000
v 0.125705 -0.015382 -0.190000
v 0.125705 -0.014924 -0.190000
v 0.125705 -0.014465 -0.190000
v 0.125705 -0.014033 -0.190000
v 0.125705 -0.013651 -0.190000
v 0.125705 -0.013347 -0.190000
v 0.125705 -0.013146 -0.190000
v 0.125705 -0.013073 -0.190000
v 0.125973 -0.007229 -0.190000
v 0.126867 -0.001329 -0.190000
v 0.128518 0.004517 -0.190000
v 0.131058 0.010204 -0.190000
v 0.134617 0.015623 -0.190000
v 0.139329 0.020668 -0.190000
v 0.145325 0.025231 -0.190000
v 0.152736 0.029205 -0.190000
v 0.161694 0.032483 -0.190000
v 0.172332 0.034957 -0.190000
v 0.184780 0.036520 -0.190000
v 0.199171 0.037065 -0.190000
v 0.199371 0.037065 -0.190000
v 0.199924 0.037065 -0.190000
v 0.200761 0.037065 -0.190000
v 0.201809 0.037065 -0.190000
v 0.202999 0.037065 -0.190000
v 0.204259 0.037065 -0.190000
v 0.205520 0.037065 -0.190000
v 0.206709 0.037065 -0.190000
v 0.207758 0.037065 -0.190000
v 0.208594 0.037065 -0.190000
v 0.209147 0.037065 -0.190000
v 0.209348 0.037065 -0.190000
v 0.224449 0.036454 -0.190000
v 0.237384 0.034707 -0.190000
v 0.248316 0.031951 -0.190000
v 0.257407 0.028315 -0.190000
v 0.264819 0.023925 -0.190000
v 0.270716 0.018911 -0.190000
v 0.275259 0.013399 -0.190000
v 0.278612 0.007518 -0.190000
v 0.280937 0.001395 -0.190000
v 0.282396 -0.004841 -0.190000
v 0.283153 -0.011063 -0.190000
v 0.283369 -0.017144 -0.190000
v 0.283369 -0.017239 -0.190000
v 0.283369 -0.017501 -0.190000
v 0.283369 -0.017898 -0.190000
v 0.283369 -0.018395 -0.190000
v 0.283369 -0.018959 -0.190000
v 0.283369 -0.019557 -0.190000
v 0.283369 -0.020154 -0.190000
v 0.283369 -0.020718 -0.190000
v 0.283369 -0.021216 -0.190000
v 0.283369 -0.021612 -0.190000
v 0.283369 -0.021875 -0.190000
v 0.283369 -0.021970 -0.190000
v 0.283362 -0.022068 -0.190000
v 0.283343 -0.022162 -0.190000
v 0.283312 -0.022252 -0.190000
v 0.283270 -0.022335 -0.190000
v 0.283218 -0.022412 -0.190000
v 0.283157 -0.022482 -0.190000
v 0.283087 -0.022543 -0.190000
v 0.283010 -0.022595 -0.190000
v 0.282926 -0.022637 -0.190000
v 0.282837 -0.022668 -0.190000
v 0.282742 -0.022688 -0.190000
v 0.280545 -0.022694 -0.190000
v 0.175858 -0.022703 -0.190000
v 0.175754 -0.022726 -0.190000
v 0.175657 -0.022764 -0.190000
v 0.175567 -0.022814 -0.190000
v 0.175487 -0.022877 -0.190000
v 0.175416 -0.022949 -0.190000
v 0.175357 -0.023031 -0.190000
v 0.175310 -0.023121 -0.190000
v 0.175276 -0.023217 -0.190000
v 0.175257 -0.023319 -0.190000
v 0.175253 -0.023425 -0.190000
v 0.175267 -0.023534 -0.190000
v 0.175894 -0.025932 -0.190000
v 0.176800 -0.028224 -0.190000
v 0.178005 -0.030390 -0.190000
v 0.179525 -0.032411 -0.190000
v 0.181381 -0.034267 -0.190000
v 0.183589 -0.035939 -0.190000
v 0.186169 -0.037408 -0.190000
v 0.189138 -0.038653 -0.190000
v 0.192515 -0.039655 -0.190000
v 0.196318 -0.040395 -0.190000
v 0.200566 -0.040853 -0.190000
v 0.205462 -0.041011 -0.190000
v 0.209531 -0.040911 -0.190000
v 0.213189 -0.040627 -0.190000
v 0.216457 -0.040179 -0.190000
v 0.219358 -0.039590 -0.190000
v 0.221912 -0.038881 -0.190000
v 0.224142 -0.038074 -0.190000
v 0.226069 -0.037189 -0.190000
v 0.227714 -0.036250 -0.190000
v 0.229100 -0.035277 -0.190000
v 0.230247 -0.034291 -0.190000
v 0.231178 -0.033315 -0.190000
v 0.231913 -0.032371 -0.190000
v 0.232234 -0.031935 -0.190000
v 0.232579 -0.031509 -0.190000
v 0.232947 -0.031100 -0.190000
v 0.233338 -0.030711 -0.190000
v 0.233749 -0.030349 -0.190000
v 0.234182 -0.030018 -0.190000
v 0.234633 -0.029724 -0.190000
v 0.235102 -0.029472 -0.190000
v 0.235588 -0.029266 -0.190000
v 0.236089 -0.029113 -0.190000
v 0.236606 -0.029017 -0.190000
v 0.237136 -0.028984 -0.190000
v 0.238031 -0.028984 -0.190000
v 0.240506 -0.028984 -0.190000
v 0.244244 -0.028984 -0.190000
v 0.248930 -0.028984 -0.190000
v 0.254248 -0.028984 -0.190000
v 0.259882 -0.028984 -0.190000
v 0.265516 -0.028984 -0.190000
v 0.270834 -0.028984 -0.190000
v 0.275520 -0.028984 -0.190000
v 0.279258 -0.028984 -0.190000
v 0.281733 -0.028984 -0.190000
v 0.232841 -0.001479 -0.190000
v 0.232174 0.000636 -0.190000
v 0.231247 0.002603 -0.190000
v 0.230046 0.004416 -0.190000
v 0.228554 0.006068 -0.190000
v 0.226756 0.007552 -0.190000
v 0.224639 0.008861 -0.190000
v 0.222185 0.009987 -0.190000
v 0.219381 0.010925 -0.190000
v 0.216211 0.011666 -0.190000
v 0.212659 0.012205 -0.190000
v 0.208711 0.012533 -0.190000
v 0.204351 0.012644 -0.190000
v 0.199977 0.012527 -0.190000
v 0.196041 0.012183 -0.190000
v 0.192521 0.011623 -0.190000
v 0.189395 0.010857 -0.190000
v 0.186641 0.009896 -0.190000
v 0.184237 0.008750 -0.190000
v 0.182161 0.007429 -0.190000
v 0.180392 0.005943 -0.190000
v 0.178906 0.004304 -0.190000
v 0.177683 0.002522 -0.190000
v 0.176700 0.000606 -0.190000
v 0.175935 -0.001433 -0.190000
v 0.175909 -0.001546 -0.190000
v 0.175903 -0.001658 -0.190000
v 0.175914 -0.001767 -0.190000
v 0.175942 -0.001871 -0.190000
v 0.175985 -0.001969 -0.190000
v 0.176043 -0.002058 -0.190000
v 0.176113 -0.002139 -0.190000
v 0.176195 -0.002208 -0.190000
v 0.176288 -0.002265 -0.190000
v 0.176390 -0.002307 -0.190000
v 0.176500 -0.002334 -0.190000
v 0.176617 -0.002343 -0.190000
v 0.177709 -0.002343 -0.190000
v 0.180730 -0.002343 -0.190000
v 0.185294 -0.002343 -0.190000
v 0.191015 -0.002343 -0.190000
v 0.197506 -0.002343 -0.190000
v 0.204384 -0.002343 -0.190000
v 0.211261 -0.002343 -0.190000
v 0.217753 -0.002343 -0.190000
v 0.223474 -0.002343 -0.190000
v 0.228037 -0.002343 -0.190000
v 0.231058 -0.002343 -0.190000
v 0.232151 -0.002343 -0.190000
v 0.232263 -0.002334 -0.190000
v 0.232368 -0.002310 -0.190000
v 0.232467 -0.002270 -0.190000
v 0.232558 -0.002218 -0.190000
v 0.232638 -0.002153 -0.190000
v 0.232709 -0.002078 -0.190000
v 0.232767 -0.001993 -0.190000
v 0.232813 -0.001901 -0.190000
v 0.232844 -0.001802 -0.190000
v 0.232860 -0.001697 -0.190000
v 0.232860 -0.001589 -0.190000
v 0.343083 0.070867 -0.190000
v 0.343178 0.070848 -0.190000
v 0.343267 0.070816 -0.190000
v 0.343351 0.070774 -0.190000
v 0.343428 0.070722 -0.190000
v 0.343498 0.070661 -0.190000
v 0.343559 0.070592 -0.190000
v 0.343611 0.070514 -0.190000
v 0.343653 0.070431 -0.190000
v 0.343684 0.070341 -0.190000
v 0.343703 0.070247 -0.190000
v 0.343710 0.070149 -0.190000
v 0.343710 0.069621 -0.190000
v 0.343710 0.068163 -0.190000
v 0.343710 0.065960 -0.190000
v 0.343710 0.063198 -0.190000
v 0.343710 0.060064 -0.190000
v 0.343710 0.056744 -0.190000
v 0.343710 0.053424 -0.190000
v 0.343710 0.050291 -0.190000
v 0.343710 0.047529 -0.190000
v 0.343710 0.045326 -0.190000
v 0.343710 0.043868 -0.190000
v 0.343710 0.043340 -0.190000
v 0.343704 0.043242 -0.190000
v 0.343684 0.043148 -0.190000
v 0.343653 0.043058 -0.190000
v 0.343611 0.042974 -0.190000
v 0.343559 0.042897 -0.190000
v 0.343498 0.042828 -0.190000
v 0.343428 0.042766 -0.190000
v 0.343351 0.042714 -0.190000
v 0.343267 0.042672 -0.190000
v 0.343178 0.042641 -0.190000
v 0.343083 0.042622 -0.190000
v 0.342023 0.042615 -0.190000
v 0.294024 0.042622 -0.190000
v 0.293928 0.042642 -0.190000
v 0.293837 0.042675 -0.190000
v 0.293752 0.042719 -0.190000
v 0.293674 0.042773 -0.190000
v 0.293604 0.042836 -0.190000
v 0.293543 0.042908 -0.190000
v 0.293491 0.042988 -0.190000
v 0.293450 0.043074 -0.190000
v 0.293421 0.043166 -0.190000
v 0.293404 0.043263 -0.190000
v 0.293400 0.043364 -0.190000
v 0.293417 0.043891 -0.190000
v 0.293465 0.045350 -0.190000
v 0.293537 0.047553 -0.190000
v 0.293627 0.050314 -0.190000
v 0.293729 0.053448 -0.190000
v 0.293838 0.056768 -0.190000
v 0.293946 0.060088 -0.190000
v 0.294048 0.063222 -0.190000
v 0.294139 0.065983 -0.190000
v 0.294211 0.068186 -0.190000
v 0.294258 0.069645 -0.190000
v 0.294276 0.070172 -0.190000
v 0.294285 0.070268 -0.190000
v 0.294307 0.070360 -0.190000
v 0.294339 0.070447 -0.190000
v 0.294382 0.070528 -0.190000
v 0.294435 0.070602 -0.190000
v 0.294496 0.070669 -0.190000
v 0.294565 0.070728 -0.190000
v 0.294641 0.070778 -0.190000
v 0.294724 0.070819 -0.190000
v 0.294812 0.070849 -0.190000
v 0.294904 0.070867 -0.190000
v 0.295000 0.070873 -0.190000
v 0.295945 0.070873 -0.190000
v 0.298555 0.070873 -0.190000
v 0.302498 0.070873 -0.190000
v 0.307441 0.070873 -0.190000
v 0.313050 0.070873 -0.190000
v 0.318993 0.070873 -0.190000
v 0.324935 0.070873 -0.190000
v 0.330545 0.070873 -0.190000
v 0.335488 0.070873 -0.190000
v 0.339431 0.070873 -0.190000
v 0.342041 0.070873 -0.190000
v 0.342985 0.070873 -0.190000
v 0.294102 0.034290 -0.190000
v 0.295063 0.034290 -0.190000
v 0.297723 0.034290 -0.190000
v 0.301740 0.034290 -0.190000
v 0.306775 0.034290 -0.190000
v 0.312490 0.034290 -0.190000
v 0.318543 0.034290 -0.190000
v 0.324597 0.034290 -0.190000
v 0.330312 0.034290 -0.190000
v 0.335347 0.034290 -0.190000
v 0.339364 0.034290 -0.190000
v 0.342023 0.034290 -0.190000
v 0.342985 0.034290 -0.190000
v 0.343083 0.034283 -0.190000
v 0.343178 0.034264 -0.190000
v 0.343267 0.034233 -0.190000
v 0.343351 0.034191 -0.190000
v 0.343428 0.034139 -0.190000
v 0.343498 0.034078 -0.190000
v 0.343559 0.034008 -0.190000
v 0.343611 0.033931 -0.190000
v 0.343653 0.033847 -0.190000
v 0.343684 0.033758 -0.190000
v 0.343704 0.033663 -0.190000
v 0.343710 0.033565 -0.190000
v 0.343710 0.031621 -0.190000
v 0.343710 0.026246 -0.190000
v 0.343710 0.018126 -0.190000
v 0.343710 0.007947 -0.190000
v 0.343710 -0.003604 -0.190000
v 0.343710 -0.015841 -0.190000
v 0.343710 -0.028078 -0.190000
v 0.343710 -0.039629 -0.190000
v 0.343710 -0.049808 -0.190000
v 0.343710 -0.057928 -0.190000
v 0.343710 -0.063303 -0.190000
v 0.343710 -0.065247 -0.190000
v 0.293377 -0.065247 -0.190000
v 0.293377 0.033565 -0.190000
v 0.293383 0.033663 -0.190000
v 0.293402 0.033758 -0.190000
v 0.293433 0.033847 -0.190000
v 0.293475 0.033931 -0.190000
v 0.293527 0.034008 -0.190000
v 0.293589 0.034078 -0.190000
v 0.293658 0.034139 -0.190000
v 0.293735 0.034191 -0.190000
v 0.293819 0.034233 -0.190000
v 0.293908 0.034264 -0.190000
v 0.294003 0.034283 -0.190000
v 0.596378 0.021697 -0.190000
v 0.596054 0.015543 -0.190000
v 0.595034 0.009611 -0.190000
v 0.593249 0.003961 -0.190000
v 0.590627 -0.001348 -0.190000
v 0.587098 -0.006256 -0.190000
v 0.582591 -0.010704 -0.190000
v 0.577035 -0.014631 -0.190000
v 0.570360 -0.017979 -0.190000
v 0.562496 -0.020686 -0.190000
v 0.553371 -0.022694 -0.190000
v 0.542915 -0.023942 -0.190000
v 0.531058 -0.024372 -0.190000
v 0.469595 -0.024372 -0.190000
v 0.469498 -0.024378 -0.190000
v 0.469405 -0.024398 -0.190000
v 0.469316 -0.024429 -0.190000
v 0.469233 -0.024471 -0.190000
v 0.469155 -0.024523 -0.190000
v 0.469085 -0.024584 -0.190000
v 0.469023 -0.024654 -0.190000
v 0.468971 -0.024731 -0.190000
v 0.468928 -0.024814 -0.190000
v 0.468896 -0.024904 -0.190000
v 0.468876 -0.024998 -0.190000
v 0.468870 -0.025096 -0.190000
v 0.468870 -0.025883 -0.190000
v 0.468870 -0.028058 -0.190000
v 0.468870 -0.031343 -0.190000
v 0.468870 -0.035461 -0.190000
v 0.468870 -0.040135 -0.190000
v 0.468870 -0.045086 -0.190000
v 0.468870 -0.050037 -0.190000
v 0.468870 -0.054710 -0.190000
v 0.468870 -0.058828 -0.190000
v 0.468870 -0.062113 -0.190000
v 0.468870 -0.064288 -0.190000
v 0.468870 -0.065075 -0.190000
v 0.416322 -0.065075 -0.190000
v 0.416322 0.069223 -0.190000
v 0.416348 0.069617 -0.190000
v 0.416426 0.069994 -0.190000
v 0.416550 0.070352 -0.190000
v 0.416718 0.070687 -0.190000
v 0.416927 0.070995 -0.190000
v 0.417172 0.071274 -0.190000
v 0.417450 0.071519 -0.190000
v 0.417759 0.071727 -0.190000
v 0.418094 0.071895 -0.190000
v 0.418451 0.072019 -0.190000
v 0.418829 0.072096 -0.190000
v 0.419222 0.072123 -0.190000
v 0.421422 0.072123 -0.190000
v 0.427506 0.072123 -0.190000
v 0.436696 0.072123 -0.190000
v 0.448216 0.072123 -0.190000
v 0.461290 0.072123 -0.190000
v 0.475140 0.072123 -0.190000
v 0.488990 0.072123 -0.190000
v 0.502064 0.072123 -0.190000
v 0.513584 0.072123 -0.190000
v 0.522774 0.072123 -0.190000
v 0.528858 0.072123 -0.190000
v 0.531058 0.072123 -0.190000
v 0.542994 0.071673 -0.190000
v 0.553502 0.070367 -0.190000
v 0.562655 0.068270 -0.190000
v 0.570528 0.065449 -0.190000
v 0.577195 0.061969 -0.190000
v 0.582732 0.057895 -0.190000
v 0.587212 0.053292 -0.190000
v 0.590711 0.048228 -0.190000
v 0.593302 0.042766 -0.190000
v 0.595060 0.036973 -0.190000
v 0.596061 0.030915 -0.190000
v 0.596378 0.024657 -0.190000
v 0.596378 0.024598 -0.190000
v 0.596378 0.024437 -0.190000
v 0.596378 0.024194 -0.190000
v 0.596378 0.023889 -0.190000
v 0.596378 0.023543 -0.190000
v 0.596378 0.023177 -0.190000
v 0.596378 0.022810 -0.190000
v 0.596378 0.022464 -0.190000
v 0.596378 0.022159 -0.190000
v 0.596378 0.021916 -0.190000
v 0.596378 0.021755 -0.190000
v 0.523679 0.035757 -0.190000
v 0.516145 0.035757 -0.190000
v 0.504012 0.035757 -0.190000
v 0.497180 0.035757 -0.190000
v 0.483898 0.035757 -0.190000
v 0.473681 0.035757 -0.190000
v 0.469595 0.035757 -0.190000
v 0.469498 0.035750 -0.190000
v 0.469405 0.035731 -0.190000
v 0.469316 0.035700 -0.190000
v 0.469233 0.035658 -0.190000
v 0.469155 0.035606 -0.190000
v 0.469085 0.035545 -0.190000
v 0.469023 0.035475 -0.190000
v 0.468971 0.035398 -0.190000
v 0.468928 0.035314 -0.190000
v 0.468896 0.035225 -0.190000
v 0.468876 0.035130 -0.190000
v 0.468870 0.035032 -0.190000
v 0.468870 0.034555 -0.190000
v 0.468870 0.033234 -0.190000
v 0.468870 0.031240 -0.190000
v 0.468870 0.028741 -0.190000
v 0.468870 0.025904 -0.190000
v 0.468870 0.022898 -0.190000
v 0.468870 0.019893 -0.190000
v 0.468870 0.017056 -0.190000
v 0.468870 0.014557 -0.190000
v 0.468870 0.012562 -0.190000
v 0.468870 0.011242 -0.190000
v 0.468870 0.010765 -0.190000
v 0.468876 0.010666 -0.190000
v 0.468896 0.010572 -0.190000
v 0.468928 0.010483 -0.190000
v 0.468971 0.010399 -0.190000
v 0.469023 0.010322 -0.190000
v 0.469085 0.010252 -0.190000
v 0.469155 0.010191 -0.190000
v 0.469233 0.010139 -0.190000
v 0.469316 0.010097 -0.190000
v 0.469405 0.010066 -0.190000
v 0.469498 0.010047 -0.190000
v 0.469595 0.010040 -0.190000
v 0.470680 0.010040 -0.190000
v 0.473681 0.010040 -0.190000
v 0.478215 0.010040 -0.190000
v 0.483898 0.010040 -0.190000
v 0.490347 0.010040 -0.190000
v 0.497180 0.010040 -0.190000
v 0.504012 0.010040 -0.190000
v 0.510461 0.010040 -0.190000
v 0.516145 0.010040 -0.190000
v 0.520678 0.010040 -0.190000
v 0.523679 0.010040 -0.190000
v 0.524765 0.010040 -0.190000
v 0.527632 0.010143 -0.190000
v 0.530226 0.010445 -0.190000
v 0.532552 0.010939 -0.190000
v 0.534614 0.011616 -0.190000
v 0.536417 0.012468 -0.190000
v 0.537965 0.013486 -0.190000
v 0.539262 0.014662 -0.190000
v 0.540314 0.015988 -0.190000
v 0.541124 0.017455 -0.190000
v 0.541697 0.019055 -0.190000
v 0.542037 0.020780 -0.190000
v 0.542150 0.022663 -0.190000
v 0.542150 0.022708 -0.190000
v 0.542150 0.022765 -0.190000
v 0.542150 0.022830 -0.190000
v 0.542150 0.022899 -0.190000
v 0.542150 0.022968 -0.190000
v 0.542150 0.023033 -0.190000
v 0.542150 0.023090 -0.190000
v 0.542150 0.023177 -0.190000
v 0.542041 0.025056 -0.190000
v 0.541710 0.026806 -0.190000
v 0.541150 0.028420 -0.190000
v 0.540356 0.029891 -0.190000
v 0.539320 0.031214 -0.190000
v 0.538036 0.032380 -0.190000
v 0.536497 0.033385 -0.190000
v 0.534698 0.034222 -0.190000
v 0.532632 0.034884 -0.190000
v 0.530292 0.035365 -0.190000
v 0.527672 0.035658 -0.190000
v 0.659847 -0.069645 -0.190000
v 0.646562 -0.067909 -0.190000
v 0.635373 -0.065184 -0.190000
v 0.626103 -0.061607 -0.190000
v 0.618579 -0.057315 -0.190000
v 0.612625 -0.052447 -0.190000
v 0.608066 -0.047140 -0.190000
v 0.604729 -0.041530 -0.190000
v 0.602437 -0.035756 -0.190000
v 0.601016 -0.029955 -0.190000
v 0.600292 -0.024264 -0.190000
v 0.600090 -0.018821 -0.190000
v 0.600090 -0.018755 -0.190000
v 0.600090 -0.018574 -0.190000
v 0.600090 -0.018301 -0.190000
v 0.600090 -0.017958 -0.190000
v 0.600090 -0.017568 -0.190000
v 0.600090 -0.017156 -0.190000
v 0.600090 -0.016744 -0.190000
v 0.600090 -0.016354 -0.190000
v 0.600090 -0.016011 -0.190000
v 0.600090 -0.015738 -0.190000
v 0.600090 -0.015557 -0.190000
v 0.600090 -0.015491 -0.190000
v 0.600303 -0.010148 -0.190000
v 0.601054 -0.004569 -0.190000
v 0.602511 0.001114 -0.190000
v 0.604844 0.006765 -0.190000
v 0.608220 0.012252 -0.190000
v 0.612808 0.017441 -0.190000
v 0.618775 0.022198 -0.190000
v 0.626292 0.026390 -0.190000
v 0.635525 0.029883 -0.190000
v 0.646644 0.032543 -0.190000
v 0.659817 0.034237 -0.190000
v 0.675212 0.034832 -0.190000
v 0.675488 0.034832 -0.190000
v 0.676253 0.034832 -0.190000
v 0.677409 0.034832 -0.190000
v 0.678858 0.034832 -0.190000
v 0.680502 0.034832 -0.190000
v 0.682244 0.034832 -0.190000
v 0.683985 0.034832 -0.190000
v 0.685629 0.034832 -0.190000
v 0.687078 0.034832 -0.190000
v 0.688234 0.034832 -0.190000
v 0.688999 0.034832 -0.190000
v 0.689276 0.034832 -0.190000
v 0.704172 0.034241 -0.190000
v 0.717028 0.032555 -0.190000
v 0.727985 0.029906 -0.190000
v 0.737185 0.026424 -0.190000
v 0.744771 0.022241 -0.190000
v 0.750884 0.017487 -0.190000
v 0.755668 0.012294 -0.190000
v 0.759262 0.006792 -0.190000
v 0.761811 0.001114 -0.190000
v 0.763456 -0.004612 -0.190000
v 0.764338 -0.010252 -0.190000
v 0.764601 -0.015677 -0.190000
v 0.764601 -0.015735 -0.190000
v 0.764601 -0.015896 -0.190000
v 0.764601 -0.016139 -0.190000
v 0.764601 -0.016444 -0.190000
v 0.764601 -0.016790 -0.190000
v 0.764601 -0.017157 -0.190000
v 0.764601 -0.017523 -0.190000
v 0.764601 -0.017869 -0.190000
v 0.764601 -0.018174 -0.190000
v 0.764601 -0.018418 -0.190000
v 0.764601 -0.018579 -0.190000
v 0.764601 -0.018637 -0.190000
v 0.764335 -0.024161 -0.190000
v 0.763442 -0.029912 -0.190000
v 0.761782 -0.035756 -0.190000
v 0.759214 -0.041557 -0.190000
v 0.755598 -0.047181 -0.190000
v 0.750792 -0.052493 -0.190000
v 0.744656 -0.057358 -0.190000
v 0.737050 -0.061641 -0.190000
v 0.727832 -0.065207 -0.190000
v 0.716862 -0.067921 -0.190000
v 0.703999 -0.069648 -0.190000
v 0.688833 -0.070254 -0.190000
v 0.676286 0.006456 -0.190000
v 0.671218 0.005728 -0.190000
v 0.666826 0.004577 -0.190000
v 0.663068 0.003051 -0.190000
v 0.659904 0.001201 -0.190000
v 0.657294 -0.000922 -0.190000
v 0.655196 -0.003269 -0.190000
v 0.653571 -0.005789 -0.190000
v 0.652378 -0.008432 -0.190000
v 0.651576 -0.011149 -0.190000
v 0.651124 -0.013889 -0.190000
v 0.650983 -0.016602 -0.190000
v 0.650983 -0.016717 -0.190000
v 0.650983 -0.016793 -0.190000
v 0.650983 -0.016880 -0.190000
v 0.650983 -0.016971 -0.190000
v 0.650983 -0.017063 -0.190000
v 0.650983 -0.017149 -0.190000
v 0.650983 -0.017225 -0.190000
v 0.650983 -0.017286 -0.190000
v 0.651121 -0.020040 -0.190000
v 0.651564 -0.022826 -0.190000
v 0.652354 -0.025635 -0.190000
v 0.653533 -0.028408 -0.190000
v 0.655144 -0.031083 -0.190000
v 0.657229 -0.033600 -0.190000
v 0.659830 -0.035896 -0.190000
v 0.662991 -0.037912 -0.190000
v 0.666753 -0.039587 -0.190000
v 0.671158 -0.040858 -0.190000
v 0.676250 -0.041666 -0.190000
v 0.682070 -0.041949 -0.190000
v 0.688107 -0.041669 -0.190000
v 0.693235 -0.040871 -0.190000
v 0.697670 -0.039613 -0.190000
v 0.701456 -0.037954 -0.190000
v 0.704635 -0.035953 -0.190000
v 0.707250 -0.033669 -0.190000
v 0.709345 -0.031162 -0.190000
v 0.710963 -0.028490 -0.190000
v 0.712146 -0.025713 -0.190000
v 0.712937 -0.022890 -0.190000
v 0.713381 -0.020079 -0.190000
v 0.713519 -0.017341 -0.190000
v 0.713519 -0.017225 -0.190000
v 0.713519 -0.017149 -0.190000
v 0.713519 -0.017063 -0.190000
v 0.713519 -0.016971 -0.190000
v 0.713519 -0.016880 -0.190000
v 0.713519 -0.016793 -0.190000
v 0.713519 -0.016717 -0.190000
v 0.713519 -0.016656 -0.190000
v 0.713378 -0.013850 -0.190000
v 0.712925 -0.011085 -0.190000
v 0.712121 -0.008354 -0.190000
v 0.710924 -0.005706 -0.190000
v 0.709292 -0.003190 -0.190000
v 0.707185 -0.000852 -0.190000
v 0.704561 0.001258 -0.190000
v 0.701378 0.003092 -0.190000
v 0.697597 0.004603 -0.190000
v 0.693175 0.005741 -0.190000
v 0.688071 0.006460 -0.190000
v 0.682244 0.006710 -0.190000
v 0.833970 -0.069645 -0.190000
v 0.820685 -0.067909 -0.190000
v 0.809495 -0.065184 -0.190000
v 0.800224 -0.061607 -0.190000
v 0.792697 -0.057315 -0.190000
v 0.786742 -0.052447 -0.190000
v 0.782182 -0.047140 -0.190000
v 0.778842 -0.041530 -0.190000
v 0.776549 -0.035756 -0.190000
v 0.775127 -0.029955 -0.190000
v 0.774402 -0.024264 -0.190000
v 0.774199 -0.018821 -0.190000
v 0.774199 -0.018755 -0.190000
v 0.774199 -0.018574 -0.190000
v 0.774199 -0.018301 -0.190000
v 0.774199 -0.017958 -0.190000
v 0.774199 -0.017568 -0.190000
v 0.774199 -0.017156 -0.190000
v 0.774199 -0.016744 -0.190000
v 0.774199 -0.016354 -0.190000
v 0.774199 -0.016011 -0.190000
v 0.774199 -0.015738 -0.190000
v 0.774199 -0.015557 -0.190000
v 0.774199 -0.015491 -0.190000
v 0.774413 -0.010148 -0.190000
v 0.775165 -0.004569 -0.190000
v 0.776623 0.001114 -0.190000
v 0.778958 0.006765 -0.190000
v 0.782335 0.012252 -0.190000
v 0.786925 0.017441 -0.190000
v 0.792894 0.022198 -0.190000
v 0.800413 0.026390 -0.190000
v 0.809647 0.029883 -0.190000
v 0.820767 0.032543 -0.190000
v 0.833941 0.034237 -0.190000
v 0.849336 0.034832 -0.190000
v 0.849612 0.034832 -0.190000
v 0.850377 0.034832 -0.190000
v 0.851533 0.034832 -0.190000
v 0.852982 0.034832 -0.190000
v 0.854626 0.034832 -0.190000
v 0.856368 0.034832 -0.190000
v 0.858110 0.034832 -0.190000
v 0.859754 0.034832 -0.190000
v 0.861202 0.034832 -0.190000
v 0.862358 0.034832 -0.190000
v 0.863124 0.034832 -0.190000
v 0.863400 0.034832 -0.190000
v 0.878293 0.034241 -0.190000
v 0.891146 0.032555 -0.190000
v 0.902101 0.029906 -0.190000
v 0.911299 0.026424 -0.190000
v 0.918884 0.022241 -0.190000
v 0.924996 0.017487 -0.190000
v 0.929778 0.012294 -0.190000
v 0.933373 0.006792 -0.190000
v 0.935921 0.001114 -0.190000
v 0.937566 -0.004612 -0.190000
v 0.938448 -0.010252 -0.190000
v 0.938711 -0.015677 -0.190000
v 0.938711 -0.015735 -0.190000
v 0.938711 -0.015896 -0.190000
v 0.938711 -0.016139 -0.190000
v 0.938711 -0.016444 -0.190000
v 0.938711 -0.016790 -0.190000
v 0.938711 -0.017157 -0.190000
v 0.938711 -0.017523 -0.190000
v 0.938711 -0.017869 -0.190000
v 0.938711 -0.018174 -0.190000
v 0.938711 -0.018418 -0.190000
v 0.938711 -0.018579 -0.190000
v 0.938711 -0.018637 -0.190000
v 0.938444 -0.024161 -0.190000
v 0.937551 -0.029912 -0.190000
v 0.935892 -0.035756 -0.190000
v 0.933324 -0.041557 -0.190000
v 0.929707 -0.047181 -0.190000
v 0.924901 -0.052493 -0.190000
v 0.918766 -0.057358 -0.190000
v 0.911159 -0.061641 -0.190000
v 0.901941 -0.065207 -0.190000
v 0.890971 -0.067921 -0.190000
v 0.878108 -0.069648 -0.190000
v 0.862942 -0.070254 -0.190000
v 0.850399 0.006456 -0.190000
v 0.845333 0.005728 -0.190000
v 0.840942 0.004577 -0.190000
v 0.837184 0.003051 -0.190000
v 0.834020 0.001201 -0.190000
v 0.831409 -0.000922 -0.190000
v 0.829311 -0.003269 -0.190000
v 0.827684 -0.005789 -0.190000
v 0.826490 -0.008432 -0.190000
v 0.825687 -0.011149 -0.190000
v 0.825235 -0.013889 -0.190000
v 0.825093 -0.016602 -0.190000
v 0.825093 -0.016717 -0.190000
v 0.825093 -0.016793 -0.190000
v 0.825093 -0.016880 -0.190000
v 0.825093 -0.016971 -0.190000
v 0.825093 -0.017063 -0.190000
v 0.825093 -0.017149 -0.190000
v 0.825093 -0.017225 -0.190000
v 0.825093 -0.017286 -0.190000
v 0.825231 -0.020040 -0.190000
v 0.825674 -0.022826 -0.190000
v 0.826463 -0.025635 -0.190000
v 0.827642 -0.028408 -0.190000
v 0.829253 -0.031083 -0.190000
v 0.831338 -0.033600 -0.190000
v 0.833940 -0.035896 -0.190000
v 0.837100 -0.037912 -0.190000
v 0.840862 -0.039587 -0.190000
v 0.845268 -0.040858 -0.190000
v 0.850360 -0.041666 -0.190000
v 0.856180 -0.041949 -0.190000
v 0.862231 -0.041669 -0.190000
v 0.867359 -0.040871 -0.190000
v 0.871794 -0.039613 -0.190000
v 0.875580 -0.037954 -0.190000
v 0.878759 -0.035953 -0.190000
v 0.881374 -0.033669 -0.190000
v 0.883469 -0.031162 -0.190000
v 0.885087 -0.028490 -0.190000
v 0.886270 -0.025713 -0.190000
v 0.887062 -0.022890 -0.190000
v 0.887505 -0.020079 -0.190000
v 0.887643 -0.017341 -0.190000
v 0.887643 -0.017225 -0.190000
v 0.887643 -0.017149 -0.190000
v 0.887643 -0.017063 -0.190000
v 0.887643 -0.016971 -0.190000
v 0.887643 -0.016880 -0.190000
v 0.887643 -0.016793 -0.190000
v 0.887643 -0.016717 -0.190000
v 0.887643 -0.016656 -0.190000
v 0.887502 -0.013850 -0.190000
v 0.887049 -0.011085 -0.190000
v 0.886243 -0.008354 -0.190000
v 0.885045 -0.005706 -0.190000
v 0.883412 -0.003190 -0.190000
v 0.881304 -0.000852 -0.190000
v 0.878679 0.001258 -0.190000
v 0.875496 0.003092 -0.190000
v 0.871715 0.004603 -0.190000
v 0.867294 0.005741 -0.190000
v 0.862192 0.006460 -0.190000
v 0.856368 0.006710 -0.190000
v -0.652498 0.173185 -0.190000
v -0.652498 0.173185 0.190000
v -0.652423 0.173089 -0.190000
v -0.652423 0.173089 0.190000
v -0.652353 0.172989 -0.190000
v -0.652353 0.172989 0.190000
v -0.652290 0.172886 -0.190000
v -0.652290 0.172886 0.190000
v -0.652233 0.172779 -0.190000
v -0.652233 0.172779 0.190000
v -0.652182 0.172670 -0.190000
v -0.652182 0.172670 0.190000
v -0.652138 0.172558 -0.190000
v -0.652138 0.172558 0.190000
v -0.652100 0.172443 -0.190000
v -0.652100 0.172443 0.190000
v -0.652069 0.172327 -0.190000
v -0.652069 0.172327 0.190000
v -0.652044 0.172209 -0.190000
v -0.652044 0.172209 0.190000
v -0.652027 0.172089 -0.190000
v -0.652027 0.172089 0.190000
v -0.652016 0.171968 -0.190000
v -0.652016 0.171968 0.190000
v -0.652013 0.171846 -0.190000
v -0.652013 0.171846 0.190000
v -0.652013 -0.001379 -0.190000
v -0.652013 -0.001379 0.190000
v -0.652220 -0.009972 -0.190000
v -0.652220 -0.009972 0.190000
v -0.652855 -0.018518 -0.190000
v -0.652855 -0.018518 0.190000
v -0.653916 -0.027002 -0.190000
v -0.653916 -0.027002 0.190000
v -0.655395 -0.035407 -0.190000
v -0.655395 -0.035407 0.190000
v -0.657290 -0.043720 -0.190000
v -0.657290 -0.043720 0.190000
v -0.659595 -0.051925 -0.190000
v -0.659595 -0.051925 0.190000
v -0.662306 -0.060007 -0.190000
v -0.662306 -0.060007 0.190000
v -0.665418 -0.067950 -0.190000
v -0.665418 -0.067951 0.190000
v -0.668926 -0.075741 -0.190000
v -0.668926 -0.075741 0.190000
v -0.672826 -0.083364 -0.190000
v -0.672826 -0.083364 0.190000
v -0.677113 -0.090804 -0.190000
v -0.677113 -0.090804 0.190000
v -0.681783 -0.098045 -0.190000
v -0.681783 -0.098045 0.190000
v -0.686810 -0.105047 -0.190000
v -0.686810 -0.105047 0.190000
v -0.692165 -0.111770 -0.190000
v -0.692165 -0.111770 0.190000
v -0.697837 -0.118206 -0.190000
v -0.697837 -0.118206 0.190000
v -0.703812 -0.124344 -0.190000
v -0.703812 -0.124344 0.190000
v -0.710078 -0.130175 -0.190000
v -0.710078 -0.130175 0.190000
v -0.716623 -0.135689 -0.190000
v -0.716623 -0.135689 0.190000
v -0.723435 -0.140875 -0.190000
v -0.723435 -0.140875 0.190000
v -0.730501 -0.145723 -0.190000
v -0.730501 -0.145723 0.190000
v -0.737809 -0.150225 -0.190000
v -0.737809 -0.150225 0.190000
v -0.745346 -0.154370 -0.190000
v -0.745346 -0.154370 0.190000
v -0.753100 -0.158147 -0.190000
v -0.753100 -0.158147 0.190000
v -0.761059 -0.161548 -0.190000
v -0.761059 -0.161548 0.190000
v -0.769179 -0.164552 -0.190000
v -0.769179 -0.164552 0.190000
v -0.777413 -0.167142 -0.190000
v -0.777413 -0.167142 0.190000
v -0.785747 -0.169319 -0.190000
v -0.785747 -0.169319 0.190000
v -0.794164 -0.171081 -0.190000
v -0.794164 -0.171081 0.190000
v -0.802648 -0.172426 -0.190000
v -0.802648 -0.172426 0.190000
v -0.811184 -0.173353 -0.190000
v -0.811184 -0.173353 0.190000
v -0.819756 -0.173860 -0.190000
v -0.819756 -0.173860 0.190000
v -0.828347 -0.173948 -0.190000
v -0.828347 -0.173948 0.190000
v -0.836943 -0.173613 -0.190000
v -0.836943 -0.173613 0.190000
v -0.845527 -0.172855 -0.190000
v -0.845527 -0.172855 0.190000
v -0.854084 -0.171673 -0.190000
v -0.854084 -0.171673 0.190000
v -0.862597 -0.170065 -0.190000
v -0.862597 -0.170065 0.190000
v -0.870445 -0.168212 -0.190000
v -0.870445 -0.168212 0.190000
v -0.878175 -0.166047 -0.190000
v -0.878175 -0.166047 0.190000
v -0.885775 -0.163568 -0.190000
v -0.885775 -0.163568 0.190000
v -0.893233 -0.160775 -0.190000
v -0.893233 -0.160775 0.190000
v -0.900539 -0.157665 -0.190000
v -0.900539 -0.157665 0.190000
v -0.907681 -0.154237 -0.190000
v -0.907681 -0.154237 0.190000
v -0.914649 -0.150490 -0.190000
v -0.914649 -0.150490 0.190000
v -0.921430 -0.146422 -0.190000
v -0.921430 -0.146422 0.190000
v -0.928013 -0.142032 -0.190000
v -0.928013 -0.142032 0.190000
v -0.934389 -0.137319 -0.190000
v -0.934389 -0.137319 0.190000
v -0.940544 -0.132281 -0.190000
v -0.940544 -0.132281 0.190000
v -0.946469 -0.126916 -0.190000
v -0.946469 -0.126916 0.190000
v -0.946938 -0.126437 -0.190000
v -0.946938 -0.126437 0.190000
v -0.947369 -0.125929 -0.190000
v -0.947369 -0.125929 0.190000
v -0.947762 -0.125396 -0.190000
v -0.947762 -0.125396 0.190000
v -0.948116 -0.124839 -0.190000
v -0.948116 -0.124839 0.190000
v -0.948430 -0.124260 -0.190000
v -0.948430 -0.124260 0.190000
v -0.948704 -0.123662 -0.190000
v -0.948704 -0.123662 0.190000
v -0.948938 -0.123046 -0.190000
v -0.948938 -0.123046 0.190000
v -0.949130 -0.122416 -0.190000
v -0.949130 -0.122416 0.190000
v -0.949281 -0.121773 -0.190000
v -0.949281 -0.121773 0.190000
v -0.949389 -0.121119 -0.190000
v -0.949389 -0.121119 0.190000
v -0.949454 -0.120457 -0.190000
v -0.949454 -0.120457 0.190000
v -0.949476 -0.119788 -0.190000
v -0.949476 -0.119788 0.190000
v -0.949469 -0.119420 -0.190000
v -0.949469 -0.119420 0.190000
v -0.949449 -0.119052 -0.190000
v -0.949449 -0.119052 0.190000
v -0.949416 -0.118685 -0.190000
v -0.949416 -0.118685 0.190000
v -0.949369 -0.118321 -0.190000
v -0.949369 -0.118321 0.190000
v -0.949309 -0.117959 -0.190000
v -0.949309 -0.117959 0.190000
v -0.949236 -0.117599 -0.190000
v -0.949236 -0.117599 0.190000
v -0.949150 -0.117242 -0.190000
v -0.949150 -0.117242 0.190000
v -0.949052 -0.116888 -0.190000
v -0.949052 -0.116888 0.190000
v -0.948940 -0.116538 -0.190000
v -0.948940 -0.116538 0.190000
v -0.948815 -0.116191 -0.190000
v -0.948815 -0.116191 0.190000
v -0.948678 -0.115849 -0.190000
v -0.948678 -0.115849 0.190000
v -0.948528 -0.115512 -0.190000
v -0.948528 -0.115512 0.190000
v -0.948338 -0.115104 -0.190000
v -0.948338 -0.115104 0.190000
v -0.947812 -0.113974 -0.190000
v -0.947812 -0.113974 0.190000
v -0.947017 -0.112268 -0.190000
v -0.947017 -0.112268 0.190000
v -0.946021 -0.110130 -0.190000
v -0.946021 -0.110130 0.190000
v -0.944891 -0.107703 -0.190000
v -0.944891 -0.107703 0.190000
v -0.943694 -0.105132 -0.190000
v -0.943694 -0.105132 0.190000
v -0.942496 -0.102561 -0.190000
v -0.942496 -0.102561 0.190000
v -0.941366 -0.100134 -0.190000
v -0.941366 -0.100134 0.190000
v -0.940370 -0.097996 -0.190000
v -0.940370 -0.097996 0.190000
v -0.939575 -0.096290 -0.190000
v -0.939575 -0.096290 0.190000
v -0.939049 -0.095160 -0.190000
v -0.939049 -0.095160 0.190000
v -0.932842 -0.098084 -0.190000
v -0.932842 -0.098084 0.190000
v -0.929596 -0.101509 -0.190000
v -0.929596 -0.101509 0.190000
v -0.926242 -0.104823 -0.190000
v -0.926242 -0.104823 0.190000
v -0.922782 -0.108024 -0.190000
v -0.922782 -0.108024 0.190000
v -0.919221 -0.111109 -0.190000
v -0.919221 -0.111109 0.190000
v -0.915561 -0.114077 -0.190000
v -0.915561 -0.114077 0.190000
v -0.911804 -0.116924 -0.190000
v -0.911804 -0.116924 0.190000
v -0.907954 -0.119649 -0.190000
v -0.907954 -0.119650 0.190000
v -0.904014 -0.122250 -0.190000
v -0.904014 -0.122250 0.190000
v -0.899987 -0.124723 -0.190000
v -0.899987 -0.124723 0.190000
v -0.895875 -0.127066 -0.190000
v -0.895875 -0.127066 0.190000
v -0.891682 -0.129278 -0.190000
v -0.891682 -0.129278 0.190000
v -0.887214 -0.131446 -0.190000
v -0.887214 -0.131446 0.190000
v -0.882681 -0.133458 -0.190000
v -0.882681 -0.133458 0.190000
v -0.878085 -0.135312 -0.190000
v -0.878085 -0.135312 0.190000
v -0.873433 -0.137007 -0.190000
v -0.873433 -0.137007 0.190000
v -0.868727 -0.138542 -0.190000
v -0.868727 -0.138542 0.190000
v -0.863972 -0.139915 -0.190000
v -0.863972 -0.139915 0.190000
v -0.859173 -0.141126 -0.190000
v -0.859173 -0.141126 0.190000
v -0.854333 -0.142174 -0.190000
v -0.854333 -0.142174 0.190000
v -0.849458 -0.143057 -0.190000
v -0.849458 -0.143057 0.190000
v -0.844550 -0.143774 -0.190000
v -0.844550 -0.143774 0.190000
v -0.839614 -0.144324 -0.190000
v -0.839614 -0.144324 0.190000
v -0.834655 -0.144706 -0.190000
v -0.834655 -0.144706 0.190000
v -0.829686 -0.144919 -0.190000
v -0.829686 -0.144919 0.190000
v -0.824720 -0.144962 -0.190000
v -0.824720 -0.144962 0.190000
v -0.819761 -0.144836 -0.190000
v -0.819761 -0.144836 0.190000
v -0.814813 -0.144542 -0.190000
v -0.814813 -0.144542 0.190000
v -0.809882 -0.144080 -0.190000
v -0.809882 -0.144080 0.190000
v -0.804970 -0.143451 -0.190000
v -0.804970 -0.143451 0.190000
v -0.800084 -0.142655 -0.190000
v -0.800084 -0.142655 0.190000
v -0.795226 -0.141693 -0.190000
v -0.795226 -0.141693 0.190000
v -0.790402 -0.140566 -0.190000
v -0.790402 -0.140566 0.190000
v -0.785615 -0.139274 -0.190000
v -0.785615 -0.139274 0.190000
v -0.780870 -0.137819 -0.190000
v -0.780870 -0.137819 0.190000
v -0.776172 -0.136200 -0.190000
v -0.776172 -0.136200 0.190000
v -0.771532 -0.134421 -0.190000
v -0.771532 -0.134421 0.190000
v -0.766963 -0.132488 -0.190000
v -0.766963 -0.132488 0.190000
v -0.762469 -0.130403 -0.190000
v -0.762469 -0.130403 0.190000
v -0.758054 -0.128169 -0.190000
v -0.758054 -0.128169 0.190000
v -0.753722 -0.125787 -0.190000
v -0.753722 -0.125787 0.190000
v -0.749475 -0.123259 -0.190000
v -0.749475 -0.123260 0.190000
v -0.745319 -0.120590 -0.190000
v -0.745319 -0.120590 0.190000
v -0.741255 -0.117779 -0.190000
v -0.741255 -0.117779 0.190000
v -0.737289 -0.114830 -0.190000
v -0.737289 -0.114830 0.190000
v -0.733424 -0.111746 -0.190000
v -0.733424 -0.111746 0.190000
v -0.729664 -0.108527 -0.190000
v -0.729664 -0.108527 0.190000
v -0.726012 -0.105178 -0.190000
v -0.726012 -0.105178 0.190000
v -0.725863 -0.105025 -0.190000
v -0.725863 -0.105025 0.190000
v -0.725452 -0.104604 -0.190000
v -0.725452 -0.104604 0.190000
v -0.724831 -0.103968 -0.190000
v -0.724831 -0.103968 0.190000
v -0.724052 -0.103170 -0.190000
v -0.724052 -0.103170 0.190000
v -0.723169 -0.102265 -0.190000
v -0.723169 -0.102265 0.190000
v -0.722233 -0.101306 -0.190000
v -0.722233 -0.101306 0.190000
v -0.721297 -0.100347 -0.190000
v -0.721297 -0.100347 0.190000
v -0.720413 -0.099441 -0.190000
v -0.720413 -0.099441 0.190000
v -0.719635 -0.098644 -0.190000
v -0.719635 -0.098644 0.190000
v -0.719013 -0.098007 -0.190000
v -0.719013 -0.098007 0.190000
v -0.718602 -0.097586 -0.190000
v -0.718602 -0.097586 0.190000
v -0.718454 -0.097434 -0.190000
v -0.718454 -0.097434 0.190000
v -0.714114 -0.092419 -0.190000
v -0.714114 -0.092419 0.190000
v -0.710023 -0.087225 -0.190000
v -0.710023 -0.087225 0.190000
v -0.706185 -0.081862 -0.190000
v -0.706185 -0.081863 0.190000
v -0.702603 -0.076339 -0.190000
v -0.702603 -0.076339 0.190000
v -0.699283 -0.070665 -0.190000
v -0.699283 -0.070666 0.190000
v -0.696230 -0.064850 -0.190000
v -0.696230 -0.064850 0.190000
v -0.693447 -0.058902 -0.190000
v -0.693447 -0.058902 0.190000
v -0.690940 -0.052831 -0.190000
v -0.690940 -0.052831 0.190000
v -0.688713 -0.046647 -0.190000
v -0.688713 -0.046647 0.190000
v -0.686771 -0.040358 -0.190000
v -0.686771 -0.040358 0.190000
v -0.685118 -0.033974 -0.190000
v -0.685118 -0.033974 0.190000
v -0.683759 -0.027504 -0.190000
v -0.683759 -0.027504 0.190000
v -0.682702 -0.020979 -0.190000
v -0.682702 -0.020979 0.190000
v -0.681950 -0.014430 -0.190000
v -0.681950 -0.014430 0.190000
v -0.681503 -0.007868 -0.190000
v -0.681503 -0.007868 0.190000
v -0.681359 -0.001302 -0.190000
v -0.681359 -0.001302 0.190000
v -0.681518 0.005256 -0.190000
v -0.681518 0.005256 0.190000
v -0.681978 0.011797 -0.190000
v -0.681978 0.011797 0.190000
v -0.682739 0.018311 -0.190000
v -0.682739 0.018311 0.190000
v -0.683800 0.024786 -0.190000
v -0.683800 0.024786 0.190000
v -0.685160 0.031213 -0.190000
v -0.685160 0.031213 0.190000
v -0.686817 0.037582 -0.190000
v -0.686817 0.037582 0.190000
v -0.688772 0.043881 -0.190000
v -0.688772 0.043881 0.190000
v -0.691022 0.050102 -0.190000
v -0.691022 0.050101 0.190000
v -0.693558 0.056212 -0.190000
v -0.693558 0.056212 0.190000
v -0.696368 0.062185 -0.190000
v -0.696368 0.062185 0.190000
v -0.699444 0.068012 -0.190000
v -0.699444 0.068012 0.190000
v -0.702781 0.073684 -0.190000
v -0.702781 0.073684 0.190000
v -0.706372 0.079194 -0.190000
v -0.706372 0.079194 0.190000
v -0.710211 0.084532 -0.190000
v -0.710211 0.084532 0.190000
v -0.714292 0.089690 -0.190000
v -0.714292 0.089690 0.190000
v -0.718608 0.094661 -0.190000
v -0.718608 0.094661 0.190000
v -0.723154 0.099436 -0.190000
v -0.723154 0.099436 0.190000
v -0.727922 0.104006 -0.190000
v -0.727922 0.104006 0.190000
v -0.732908 0.108364 -0.190000
v -0.732908 0.108364 0.190000
v -0.738103 0.112501 -0.190000
v -0.738103 0.112501 0.190000
v -0.743485 0.116396 -0.190000
v -0.743485 0.116396 0.190000
v -0.749028 0.120032 -0.190000
v -0.749028 0.120032 0.190000
v -0.754720 0.123405 -0.190000
v -0.754720 0.123405 0.190000
v -0.760554 0.126511 -0.190000
v -0.760554 0.126511 0.190000
v -0.766518 0.129346 -0.190000
v -0.766518 0.129346 0.190000
v -0.772603 0.131907 -0.190000
v -0.772603 0.131907 0.190000
v -0.778801 0.134190 -0.190000
v -0.778801 0.134190 0.190000
v -0.785100 0.136190 -0.190000
v -0.785100 0.136190 0.190000
v -0.791491 0.137905 -0.190000
v -0.791491 0.137905 0.190000
v -0.797964 0.139330 -0.190000
v -0.797964 0.139330 0.190000
v -0.804510 0.140461 -0.190000
v -0.804510 0.140461 0.190000
v -0.811120 0.141294 -0.190000
v -0.811120 0.141294 0.190000
v -0.817761 0.141825 -0.190000
v -0.817761 0.141825 0.190000
v -0.824401 0.142052 -0.190000
v -0.824401 0.142052 0.190000
v -0.831032 0.141977 -0.190000
v -0.831032 0.141977 0.190000
v -0.837642 0.141601 -0.190000
v -0.837642 0.141601 0.190000
v -0.844221 0.140927 -0.190000
v -0.844221 0.140927 0.190000
v -0.850758 0.139955 -0.190000
v -0.850758 0.139955 0.190000
v -0.857245 0.138689 -0.190000
v -0.857245 0.138689 0.190000
v -0.863669 0.137129 -0.190000
v -0.863669 0.137129 0.190000
v -0.870021 0.135278 -0.190000
v -0.870021 0.135278 0.190000
v -0.876291 0.133137 -0.190000
v -0.876291 0.133137 0.190000
v -0.882468 0.130708 -0.190000
v -0.882468 0.130708 0.190000
v -0.888542 0.127992 -0.190000
v -0.888542 0.127992 0.190000
v -0.894484 0.125002 -0.190000
v -0.894484 0.125002 0.190000
v -0.900265 0.121753 -0.190000
v -0.900265 0.121753 0.190000
v -0.905879 0.118252 -0.190000
v -0.905879 0.118252 0.190000
v -0.911316 0.114505 -0.190000
v -0.911316 0.114505 0.190000
v -0.916570 0.110520 -0.190000
v -0.916570 0.110520 0.190000
v -0.921632 0.106303 -0.190000
v -0.921632 0.106303 0.190000
v -0.926495 0.101861 -0.190000
v -0.926495 0.101861 0.190000
v -0.931150 0.097201 -0.190000
v -0.931150 0.097201 0.190000
v -0.935590 0.092330 -0.190000
v -0.935590 0.092330 0.190000
v -0.939808 0.087254 -0.190000
v -0.939808 0.087254 0.190000
v -0.943794 0.081981 -0.190000
v -0.943794 0.081981 0.190000
v -0.947542 0.076517 -0.190000
v -0.947542 0.076517 0.190000
v -0.951032 0.070888 -0.190000
v -0.951032 0.070888 0.190000
v -0.954250 0.065121 -0.190000
v -0.954250 0.065121 0.190000
v -0.957191 0.059226 -0.190000
v -0.957191 0.059226 0.190000
v -0.959852 0.053213 -0.190000
v -0.959852 0.053213 0.190000
v -0.962232 0.047091 -0.190000
v -0.962232 0.047091 0.190000
v -0.964326 0.040872 -0.190000
v -0.964326 0.040872 0.190000
v -0.966131 0.034564 -0.190000
v -0.966131 0.034564 0.190000
v -0.967645 0.028178 -0.190000
v -0.967645 0.028178 0.190000
v -0.968864 0.021723 -0.190000
v -0.968864 0.021723 0.190000
v -0.969785 0.015209 -0.190000
v -0.969785 0.015209 0.190000
v -0.970406 0.008647 -0.190000
v -0.970406 0.008647 0.190000
v -0.970722 0.002045 -0.190000
v -0.970722 0.002045 0.190000
v -0.970808 -0.004190 -0.190000
v -0.970808 -0.004190 0.190000
v -0.970741 -0.010363 -0.190000
v -0.970741 -0.010363 0.190000
v -0.970501 -0.016474 -0.190000
v -0.970501 -0.016474 0.190000
v -0.970068 -0.022521 -0.190000
v -0.970068 -0.022521 0.190000
v -0.969420 -0.028503 -0.190000
v -0.969420 -0.028503 0.190000
v -0.968538 -0.034420 -0.190000
v -0.968538 -0.034420 0.190000
v -0.967401 -0.040271 -0.190000
v -0.967401 -0.040271 0.190000
v -0.965987 -0.046055 -0.190000
v -0.965987 -0.046055 0.190000
v -0.964277 -0.051770 -0.190000
v -0.964277 -0.051770 0.190000
v -0.962250 -0.057417 -0.190000
v -0.962250 -0.057417 0.190000
v -0.959885 -0.062994 -0.190000
v -0.959885 -0.062994 0.190000
v -0.957161 -0.068500 -0.190000
v -0.957161 -0.068500 0.190000
v -0.956850 -0.069112 -0.190000
v -0.956850 -0.069112 0.190000
v -0.956562 -0.069734 -0.190000
v -0.956562 -0.069734 0.190000
v -0.956297 -0.070365 -0.190000
v -0.956297 -0.070365 0.190000
v -0.956057 -0.071006 -0.190000
v -0.956057 -0.071006 0.190000
v -0.955843 -0.071654 -0.190000
v -0.955843 -0.071654 0.190000
v -0.955654 -0.072309 -0.190000
v -0.955654 -0.072309 0.190000
v -0.955493 -0.072971 -0.190000
v -0.955493 -0.072971 0.190000
v -0.955359 -0.073639 -0.190000
v -0.955359 -0.073639 0.190000
v -0.955254 -0.074312 -0.190000
v -0.955254 -0.074312 0.190000
v -0.955177 -0.074990 -0.190000
v -0.955177 -0.074990 0.190000
v -0.955131 -0.075671 -0.190000
v -0.955131 -0.075671 0.190000
v -0.955116 -0.076356 -0.190000
v -0.955116 -0.076356 0.190000
v -0.955125 -0.076887 -0.190000
v -0.955125 -0.076887 0.190000
v -0.955152 -0.077417 -0.190000
v -0.955152 -0.077417 0.190000
v -0.955198 -0.077946 -0.190000
v -0.955198 -0.077946 0.190000
v -0.955261 -0.078472 -0.190000
v -0.955261 -0.078472 0.190000
v -0.955343 -0.078995 -0.190000
v -0.955343 -0.078995 0.190000
v -0.955442 -0.079515 -0.190000
v -0.955442 -0.079515 0.190000
v -0.955559 -0.080032 -0.190000
v -0.955559 -0.080032 0.190000
v -0.955694 -0.080544 -0.190000
v -0.955694 -0.080544 0.190000
v -0.955846 -0.081052 -0.190000
v -0.955846 -0.081052 0.190000
v -0.956016 -0.081555 -0.190000
v -0.956016 -0.081555 0.190000
v -0.956204 -0.082053 -0.190000
v -0.956204 -0.082053 0.190000
v -0.956408 -0.082544 -0.190000
v -0.956408 -0.082544 0.190000
v -0.956593 -0.082967 -0.190000
v -0.956593 -0.082967 0.190000
v -0.957102 -0.084135 -0.190000
v -0.957102 -0.084136 0.190000
v -0.957873 -0.085901 -0.190000
v -0.957873 -0.085901 0.190000
v -0.958839 -0.088113 -0.190000
v -0.958839 -0.088113 0.190000
v -0.959934 -0.090624 -0.190000
v -0.959934 -0.090624 0.190000
v -0.961095 -0.093285 -0.190000
v -0.961095 -0.093285 0.190000
v -0.962256 -0.095945 -0.190000
v -0.962256 -0.095945 0.190000
v -0.963352 -0.098456 -0.190000
v -0.963352 -0.098456 0.190000
v -0.964318 -0.100669 -0.190000
v -0.964318 -0.100669 0.190000
v -0.965088 -0.102434 -0.190000
v -0.965088 -0.102434 0.190000
v -0.965598 -0.103602 -0.190000
v -0.965598 -0.103602 0.190000
v -0.965783 -0.104025 -0.190000
v -0.965783 -0.104025 0.190000
v -0.995860 -0.172587 -0.190000
v -0.995860 -0.172587 0.190000
v -0.996041 -0.172918 -0.190000
v -0.996041 -0.172918 0.190000
v -0.996267 -0.173202 -0.190000
v -0.996267 -0.173202 0.190000
v -0.996531 -0.173437 -0.190000
v -0.996531 -0.173437 0.190000
v -0.996826 -0.173623 -0.190000
v -0.996826 -0.173623 0.190000
v -0.997145 -0.173757 -0.190000
v -0.997145 -0.173757 0.190000
v -0.997480 -0.173839 -0.190000
v -0.997480 -0.173839 0.190000
v -0.997823 -0.173868 -0.190000
v -0.997823 -0.173868 0.190000
v -0.998168 -0.173842 -0.190000
v -0.998168 -0.173842 0.190000
v -0.998508 -0.173760 -0.190000
v -0.998508 -0.173760 0.190000
v -0.998834 -0.173621 -0.190000
v -0.998834 -0.173621 0.190000
v -0.999140 -0.173424 -0.190000
v -0.999140 -0.173424 0.190000
v -0.999418 -0.173167 -0.190000
v -0.999418 -0.173167 0.190000
v -0.999504 -0.173067 -0.190000
v -0.999504 -0.173067 0.190000
v -0.999583 -0.172963 -0.190000
v -0.999583 -0.172963 0.190000
v -0.999655 -0.172854 -0.190000
v -0.999655 -0.172854 0.190000
v -0.999721 -0.172741 -0.190000
v -0.999721 -0.172741 0.190000
v -0.999779 -0.172625 -0.190000
v -0.999779 -0.172625 0.190000
v -0.999830 -0.172505 -0.190000
v -0.999830 -0.172505 0.190000
v -0.999873 -0.172382 -0.190000
v -0.999873 -0.172382 0.190000
v -0.999909 -0.172257 -0.190000
v -0.999909 -0.172257 0.190000
v -0.999937 -0.172130 -0.190000
v -0.999937 -0.172130 0.190000
v -0.999957 -0.172001 -0.190000
v -0.999957 -0.172001 0.190000
v -0.999969 -0.171871 -0.190000
v -0.999969 -0.171871 0.190000
v -0.999974 -0.171739 -0.190000
v -0.999974 -0.171739 0.190000
v -0.999974 -0.168387 -0.190000
v -0.999974 -0.168387 0.190000
v -0.999976 -0.159120 -0.190000
v -0.999976 -0.159120 0.190000
v -0.999978 -0.145120 -0.190000
v -0.999978 -0.145120 0.190000
v -0.999980 -0.127572 -0.190000
v -0.999980 -0.127572 0.190000
v -0.999983 -0.107657 -0.190000
v -0.999983 -0.107657 0.190000
v -0.999987 -0.086559 -0.190000
v -0.999987 -0.086559 0.190000
v -0.999990 -0.065461 -0.190000
v -0.999990 -0.065461 0.190000
v -0.999993 -0.045546 -0.190000
v -0.999993 -0.045546 0.190000
v -0.999996 -0.027998 -0.190000
v -0.999996 -0.027998 0.190000
v -0.999998 -0.013998 -0.190000
v -0.999998 -0.013998 0.190000
v -0.999999 -0.004731 -0.190000
v -0.999999 -0.004731 0.190000
v -1.000000 -0.001379 -0.190000
v -1.000000 -0.001379 0.190000
v -0.999764 0.007677 -0.190000
v -0.999764 0.007677 0.190000
v -0.999052 0.016678 -0.190000
v -0.999052 0.016678 0.190000
v -0.997870 0.025605 -0.190000
v -0.997870 0.025605 0.190000
v -0.996224 0.034441 -0.190000
v -0.996224 0.034441 0.190000
v -0.994119 0.043169 -0.190000
v -0.994119 0.043169 0.190000
v -0.991562 0.051770 -0.190000
v -0.991562 0.051770 0.190000
v -0.988557 0.060229 -0.190000
v -0.988557 0.060229 0.190000
v -0.985111 0.068526 -0.190000
v -0.985111 0.068526 0.190000
v -0.981230 0.076645 -0.190000
v -0.981230 0.076645 0.190000
v -0.976918 0.084568 -0.190000
v -0.976918 0.084568 0.190000
v -0.972182 0.092278 -0.190000
v -0.972182 0.092278 0.190000
v -0.967027 0.099757 -0.190000
v -0.967027 0.099757 0.190000
v -0.961484 0.106957 -0.190000
v -0.961484 0.106957 0.190000
v -0.955589 0.113835 -0.190000
v -0.955589 0.113835 0.190000
v -0.949356 0.120381 -0.190000
v -0.949356 0.120381 0.190000
v -0.942801 0.126583 -0.190000
v -0.942801 0.126583 0.190000
v -0.935938 0.132430 -0.190000
v -0.935938 0.132430 0.190000
v -0.928783 0.137913 -0.190000
v -0.928783 0.137913 0.190000
v -0.921350 0.143019 -0.190000
v -0.921350 0.143019 0.190000
v -0.913655 0.147738 -0.190000
v -0.913655 0.147738 0.190000
v -0.905712 0.152059 -0.190000
v -0.905712 0.152059 0.190000
v -0.897537 0.155972 -0.190000
v -0.897537 0.155972 0.190000
v -0.889144 0.159464 -0.190000
v -0.889144 0.159464 0.190000
v -0.880548 0.162527 -0.190000
v -0.880548 0.162527 0.190000
v -0.871802 0.165137 -0.190000
v -0.871802 0.165137 0.190000
v -0.862961 0.167282 -0.190000
v -0.862961 0.167282 0.190000
v -0.854044 0.168962 -0.190000
v -0.854044 0.168962 0.190000
v -0.845068 0.170175 -0.190000
v -0.845068 0.170175 0.190000
v -0.836052 0.170923 -0.190000
v -0.836052 0.170923 0.190000
v -0.827015 0.171205 -0.190000
v -0.827015 0.171205 0.190000
v -0.817976 0.171020 -0.190000
v -0.817976 0.171020 0.190000
v -0.808952 0.170370 -0.190000
v -0.808952 0.170370 0.190000
v -0.799963 0.169253 -0.190000
v -0.799963 0.169253 0.190000
v -0.791028 0.167669 -0.190000
v -0.791028 0.167669 0.190000
v -0.782163 0.165619 -0.190000
v -0.782163 0.165619 0.190000
v -0.773389 0.163103 -0.190000
v -0.773389 0.163103 0.190000
v -0.768064 0.161329 -0.190000
v -0.768064 0.161329 0.190000
v -0.762811 0.159391 -0.190000
v -0.762811 0.159391 0.190000
v -0.757634 0.157290 -0.190000
v -0.757634 0.157290 0.190000
v -0.752537 0.155030 -0.190000
v -0.752537 0.155030 0.190000
v -0.747523 0.152611 -0.190000
v -0.747523 0.152611 0.190000
v -0.742595 0.150038 -0.190000
v -0.742595 0.150038 0.190000
v -0.737758 0.147312 -0.190000
v -0.737758 0.147312 0.190000
v -0.733014 0.144437 -0.190000
v -0.733014 0.144437 0.190000
v -0.728367 0.141413 -0.190000
v -0.728367 0.141413 0.190000
v -0.723820 0.138245 -0.190000
v -0.723820 0.138245 0.190000
v -0.719378 0.134933 -0.190000
v -0.719378 0.134933 0.190000
v -0.715043 0.131482 -0.190000
v -0.715043 0.131482 0.190000
v -0.711297 0.128855 -0.190000
v -0.711297 0.128855 0.190000
v -0.707250 0.126841 -0.190000
v -0.707250 0.126841 0.190000
v -0.702993 0.125435 -0.190000
v -0.702993 0.125435 0.190000
v -0.698614 0.124636 -0.190000
v -0.698614 0.124636 0.190000
v -0.694205 0.124440 -0.190000
v -0.694205 0.124440 0.190000
v -0.689853 0.124844 -0.190000
v -0.689853 0.124844 0.190000
v -0.685650 0.125846 -0.190000
v -0.685650 0.125846 0.190000
v -0.681684 0.127443 -0.190000
v -0.681684 0.127443 0.190000
v -0.678046 0.129632 -0.190000
v -0.678046 0.129632 0.190000
v -0.674824 0.132410 -0.190000
v -0.674824 0.132410 0.190000
v -0.672110 0.135774 -0.190000
v -0.672110 0.135774 0.190000
v -0.669992 0.139722 -0.190000
v -0.669992 0.139722 0.190000
v -0.669718 0.140370 -0.190000
v -0.669718 0.140370 0.190000
v -0.668962 0.142161 -0.190000
v -0.668962 0.142161 0.190000
v -0.667819 0.144868 -0.190000
v -0.667819 0.144868 0.190000
v -0.666387 0.148261 -0.190000
v -0.666387 0.148261 0.190000
v -0.664761 0.152111 -0.190000
v -0.664761 0.152111 0.190000
v -0.663039 0.156190 -0.190000
v -0.663039 0.156190 0.190000
v -0.661316 0.160269 -0.190000
v -0.661316 0.160269 0.190000
v -0.659691 0.164119 -0.190000
v -0.659691 0.164119 0.190000
v -0.658258 0.167512 -0.190000
v -0.658258 0.167512 0.190000
v -0.657116 0.170218 -0.190000
v -0.657116 0.170218 0.190000
v -0.656359 0.172010 -0.190000
v -0.656359 0.172010 0.190000
v -0.656085 0.172658 -0.190000
v -0.656085 0.172658 0.190000
v -0.655905 0.172998 -0.190000
v -0.655905 0.172998 0.190000
v -0.655676 0.173288 -0.190000
v -0.655676 0.173288 0.190000
v -0.655408 0.173527 -0.190000
v -0.655408 0.173527 0.190000
v -0.655107 0.173713 -0.190000
v -0.655107 0.173713 0.190000
v -0.654782 0.173846 -0.190000
v -0.654782 0.173846 0.190000
v -0.654441 0.173925 -0.190000
v -0.654441 0.173925 0.190000
v -0.654092 0.173948 -0.190000
v -0.654092 0.173948 0.190000
v -0.653742 0.173914 -0.190000
v -0.653742 0.173914 0.190000
v -0.653400 0.173822 -0.190000
v -0.653400 0.173822 0.190000
v -0.653074 0.173670 -0.190000
v -0.653074 0.173670 0.190000
v -0.652770 0.173459 -0.190000
v -0.652770 0.173459 0.190000
v -0.945736 0.016554 -0.190000
v -0.945736 0.016554 0.190000
v -0.942523 0.032310 -0.190000
v -0.942523 0.032310 0.190000
v -0.937343 0.047249 -0.190000
v -0.937343 0.047249 0.190000
v -0.930342 0.061228 -0.190000
v -0.930342 0.061228 0.190000
v -0.921662 0.074103 -0.190000
v -0.921662 0.074103 0.190000
v -0.911448 0.085729 -0.190000
v -0.911448 0.085729 0.190000
v -0.899844 0.095962 -0.190000
v -0.899844 0.095962 0.190000
v -0.886993 0.104659 -0.190000
v -0.886993 0.104659 0.190000
v -0.873040 0.111673 -0.190000
v -0.873040 0.111673 0.190000
v -0.858128 0.116862 -0.190000
v -0.858128 0.116862 0.190000
v -0.842403 0.120082 -0.190000
v -0.842403 0.120082 0.190000
v -0.826006 0.121187 -0.190000
v -0.826006 0.121187 0.190000
v -0.809610 0.120082 -0.190000
v -0.809610 0.120082 0.190000
v -0.793884 0.116863 -0.190000
v -0.793884 0.116863 0.190000
v -0.778973 0.111673 -0.190000
v -0.778973 0.111673 0.190000
v -0.765020 0.104659 -0.190000
v -0.765020 0.104659 0.190000
v -0.752169 0.095963 -0.190000
v -0.752169 0.095963 0.190000
v -0.740565 0.085729 -0.190000
v -0.740565 0.085729 0.190000
v -0.730350 0.074103 -0.190000
v -0.730350 0.074103 0.190000
v -0.721671 0.061228 -0.190000
v -0.721671 0.061228 0.190000
v -0.714669 0.047249 -0.190000
v -0.714669 0.047249 0.190000
v -0.709490 0.032310 -0.190000
v -0.709490 0.032310 0.190000
v -0.706277 0.016554 -0.190000
v -0.706277 0.016554 0.190000
v -0.705173 0.000127 -0.190000
v -0.705173 0.000127 0.190000
v -0.706277 -0.016300 -0.190000
v -0.706277 -0.016300 0.190000
v -0.709490 -0.032056 -0.190000
v -0.709490 -0.032056 0.190000
v -0.714669 -0.046995 -0.190000
v -0.714669 -0.046995 0.190000
v -0.721671 -0.060975 -0.190000
v -0.721671 -0.060975 0.190000
v -0.730351 -0.073850 -0.190000
v -0.730351 -0.073850 0.190000
v -0.740565 -0.085476 -0.190000
v -0.740565 -0.085476 0.190000
v -0.752169 -0.095709 -0.190000
v -0.752169 -0.095709 0.190000
v -0.765020 -0.104405 -0.190000
v -0.765020 -0.104405 0.190000
v -0.778973 -0.111420 -0.190000
v -0.778973 -0.111420 0.190000
v -0.793884 -0.116609 -0.190000
v -0.793884 -0.116609 0.190000
v -0.809610 -0.119829 -0.190000
v -0.809610 -0.119829 0.190000
v -0.826006 -0.120934 -0.190000
v -0.826006 -0.120934 0.190000
v -0.842403 -0.119829 -0.190000
v -0.842403 -0.119829 0.190000
v -0.858128 -0.116609 -0.190000
v -0.858128 -0.116609 0.190000
v -0.873040 -0.111420 -0.190000
v -0.873040 -0.111420 0.190000
v -0.886993 -0.104405 -0.190000
v -0.886993 -0.104405 0.190000
v -0.899844 -0.095709 -0.190000
v -0.899844 -0.095709 0.190000
v -0.911448 -0.085476 -0.190000
v -0.911448 -0.085476 0.190000
v -0.921662 -0.073850 -0.190000
v -0.921662 -0.073850 0.190000
v -0.930342 -0.060975 -0.190000
v -0.930342 -0.060975 0.190000
v -0.937343 -0.046995 -0.190000
v -0.937343 -0.046995 0.190000
v -0.942523 -0.032056 -0.190000
v -0.942523 -0.032056 0.190000
v -0.945736 -0.016300 -0.190000
v -0.945736 -0.016300 0.190000
v -0.946839 0.000127 -0.190000
v -0.946839 0.000127 0.190000
v -0.880248 -0.000010 -0.190000
v -0.880248 -0.000010 0.190000
v -0.879771 -0.007092 -0.190000
v -0.879771 -0.007092 0.190000
v -0.878383 -0.013884 -0.190000
v -0.878383 -0.013884 0.190000
v -0.876146 -0.020324 -0.190000
v -0.876146 -0.020324 0.190000
v -0.873121 -0.026350 -0.190000
v -0.873121 -0.026350 0.190000
v -0.869372 -0.031900 -0.190000
v -0.869372 -0.031900 0.190000
v -0.864959 -0.036912 -0.190000
v -0.864959 -0.036912 0.190000
v -0.859946 -0.041324 -0.190000
v -0.859946 -0.041324 0.190000
v -0.854395 -0.045072 -0.190000
v -0.854395 -0.045072 0.190000
v -0.848367 -0.048096 -0.190000
v -0.848367 -0.048096 0.190000
v -0.841926 -0.050333 -0.190000
v -0.841926 -0.050333 0.190000
v -0.835132 -0.051721 -0.190000
v -0.835132 -0.051721 0.190000
v -0.828049 -0.052198 -0.190000
v -0.828049 -0.052198 0.190000
v -0.820966 -0.051721 -0.190000
v -0.820966 -0.051721 0.190000
v -0.814173 -0.050333 -0.190000
v -0.814173 -0.050333 0.190000
v -0.807732 -0.048096 -0.190000
v -0.807732 -0.048096 0.190000
v -0.801704 -0.045072 -0.190000
v -0.801704 -0.045072 0.190000
v -0.796153 -0.041324 -0.190000
v -0.796153 -0.041324 0.190000
v -0.791140 -0.036912 -0.190000
v -0.791140 -0.036912 0.190000
v -0.786727 -0.031900 -0.190000
v -0.786727 -0.031900 0.190000
v -0.782978 -0.026350 -0.190000
v -0.782978 -0.026350 0.190000
v -0.779953 -0.020324 -0.190000
v -0.779953 -0.020324 0.190000
v -0.777716 -0.013884 -0.190000
v -0.777716 -0.013884 0.190000
v -0.776328 -0.007092 -0.190000
v -0.776328 -0.007092 0.190000
v -0.775851 -0.000010 -0.190000
v -0.775851 -0.000010 0.190000
v -0.776328 0.007071 -0.190000
v -0.776328 0.007071 0.190000
v -0.777716 0.013863 -0.190000
v -0.777716 0.013863 0.190000
v -0.779953 0.020304 -0.190000
v -0.779953 0.020304 0.190000
v -0.782978 0.026330 -0.190000
v -0.782978 0.026330 0.190000
v -0.786727 0.031880 -0.190000
v -0.786727 0.031880 0.190000
v -0.791140 0.036892 -0.190000
v -0.791140 0.036892 0.190000
v -0.796153 0.041304 -0.190000
v -0.796153 0.041304 0.190000
v -0.801704 0.045053 -0.190000
v -0.801704 0.045053 0.190000
v -0.807732 0.048077 -0.190000
v -0.807732 0.048077 0.190000
v -0.814173 0.050314 -0.190000
v -0.814173 0.050314 0.190000
v -0.820966 0.051701 -0.190000
v -0.820966 0.051701 0.190000
v -0.828049 0.052178 -0.190000
v -0.828049 0.052178 0.190000
v -0.835132 0.051701 -0.190000
v -0.835132 0.051701 0.190000
v -0.841926 0.050314 -0.190000
v -0.841926 0.050314 0.190000
v -0.848367 0.048077 -0.190000
v -0.848367 0.048077 0.190000
v -0.854395 0.045053 -0.190000
v -0.854395 0.045053 0.190000
v -0.859946 0.041304 -0.190000
v -0.859946 0.041304 0.190000
v -0.864959 0.036892 -0.190000
v -0.864959 0.036892 0.190000
v -0.869372 0.031880 -0.190000
v -0.869372 0.031880 0.190000
v -0.873121 0.026330 -0.190000
v -0.873121 0.026330 0.190000
v -0.876146 0.020304 -0.190000
v -0.876146 0.020304 0.190000
v -0.878383 0.013863 -0.190000
v -0.878383 0.013863 0.190000
v -0.879771 0.007071 -0.190000
v -0.879771 0.007071 0.190000
v -0.356947 -0.071868 -0.190000
v -0.356947 -0.071868 0.190000
v -0.359035 -0.072277 -0.190000
v -0.359035 -0.072277 0.190000
v -0.361159 -0.072651 -0.190000
v -0.361159 -0.072651 0.190000
v -0.363318 -0.072989 -0.190000
v -0.363318 -0.072989 0.190000
v -0.365514 -0.073292 -0.190000
v -0.365514 -0.073292 0.190000
v -0.367744 -0.073559 -0.190000
v -0.367744 -0.073559 0.190000
v -0.370010 -0.073790 -0.190000
v -0.370010 -0.073790 0.190000
v -0.372312 -0.073986 -0.190000
v -0.372312 -0.073986 0.190000
v -0.374650 -0.074146 -0.190000
v -0.374650 -0.074146 0.190000
v -0.377023 -0.074271 -0.190000
v -0.377023 -0.074271 0.190000
v -0.379431 -0.074360 -0.190000
v -0.379431 -0.074360 0.190000
v -0.381875 -0.074413 -0.190000
v -0.381875 -0.074413 0.190000
v -0.384355 -0.074431 -0.190000
v -0.384355 -0.074431 0.190000
v -0.396384 -0.074431 -0.190000
v -0.396384 -0.074431 0.190000
v -0.399670 -0.074399 -0.190000
v -0.399670 -0.074399 0.190000
v -0.402891 -0.074305 -0.190000
v -0.402891 -0.074305 0.190000
v -0.406046 -0.074147 -0.190000
v -0.406046 -0.074147 0.190000
v -0.409135 -0.073927 -0.190000
v -0.409135 -0.073927 0.190000
v -0.412159 -0.073644 -0.190000
v -0.412159 -0.073644 0.190000
v -0.415116 -0.073297 -0.190000
v -0.415116 -0.073297 0.190000
v -0.418009 -0.072888 -0.190000
v -0.418009 -0.072888 0.190000
v -0.420835 -0.072416 -0.190000
v -0.420835 -0.072416 0.190000
v -0.423595 -0.071880 -0.190000
v -0.423595 -0.071880 0.190000
v -0.426290 -0.071282 -0.190000
v -0.426290 -0.071282 0.190000
v -0.428919 -0.070621 -0.190000
v -0.428919 -0.070621 0.190000
v -0.431483 -0.069896 -0.190000
v -0.431483 -0.069896 0.190000
v -0.433968 -0.069125 -0.190000
v -0.433968 -0.069126 0.190000
v -0.436363 -0.068325 -0.190000
v -0.436363 -0.068325 0.190000
v -0.438668 -0.067494 -0.190000
v -0.438668 -0.067494 0.190000
v -0.440882 -0.066633 -0.190000
v -0.440882 -0.066633 0.190000
v -0.443006 -0.065741 -0.190000
v -0.443006 -0.065741 0.190000
v -0.445039 -0.064820 -0.190000
v -0.445039 -0.064820 0.190000
v -0.446982 -0.063869 -0.190000
v -0.446982 -0.063869 0.190000
v -0.448835 -0.062887 -0.190000
v -0.448835 -0.062887 0.190000
v -0.450598 -0.061875 -0.190000
v -0.450598 -0.061875 0.190000
v -0.452270 -0.060834 -0.190000
v -0.452270 -0.060834 0.190000
v -0.453852 -0.059762 -0.190000
v -0.453852 -0.059762 0.190000
v -0.455343 -0.058660 -0.190000
v -0.455343 -0.058660 0.190000
v -0.456736 -0.057493 -0.190000
v -0.456736 -0.057493 0.190000
v -0.458087 -0.056294 -0.190000
v -0.458087 -0.056294 0.190000
v -0.459397 -0.055062 -0.190000
v -0.459397 -0.055062 0.190000
v -0.460667 -0.053796 -0.190000
v -0.460667 -0.053796 0.190000
v -0.461895 -0.052498 -0.190000
v -0.461895 -0.052498 0.190000
v -0.463082 -0.051168 -0.190000
v -0.463082 -0.051168 0.190000
v -0.464228 -0.049804 -0.190000
v -0.464228 -0.049804 0.190000
v -0.465333 -0.048408 -0.190000
v -0.465333 -0.048408 0.190000
v -0.466397 -0.046978 -0.190000
v -0.466397 -0.046978 0.190000
v -0.467420 -0.045516 -0.190000
v -0.467420 -0.045516 0.190000
v -0.468402 -0.044021 -0.190000
v -0.468402 -0.044021 0.190000
v -0.469342 -0.042494 -0.190000
v -0.469342 -0.042494 0.190000
v -0.470205 -0.040927 -0.190000
v -0.470205 -0.040927 0.190000
v -0.471018 -0.039383 -0.190000
v -0.471018 -0.039383 0.190000
v -0.471783 -0.037861 -0.190000
v -0.471783 -0.037861 0.190000
v -0.472497 -0.036360 -0.190000
v -0.472497 -0.036360 0.190000
v -0.473163 -0.034882 -0.190000
v -0.473163 -0.034882 0.190000
v -0.473779 -0.033425 -0.190000
v -0.473779 -0.033425 0.190000
v -0.474346 -0.031990 -0.190000
v -0.474346 -0.031990 0.190000
v -0.474864 -0.030577 -0.190000
v -0.474864 -0.030577 0.190000
v -0.475332 -0.029186 -0.190000
v -0.475332 -0.029186 0.190000
v -0.475751 -0.027817 -0.190000
v -0.475751 -0.027817 0.190000
v -0.476121 -0.026470 -0.190000
v -0.476121 -0.026470 0.190000
v -0.476441 -0.025144 -0.190000
v -0.476441 -0.025144 0.190000
v -0.476693 -0.023793 -0.190000
v -0.476693 -0.023793 0.190000
v -0.476923 -0.022434 -0.190000
v -0.476923 -0.022434 0.190000
v -0.477131 -0.021066 -0.190000
v -0.477131 -0.021066 0.190000
v -0.477318 -0.019690 -0.190000
v -0.477318 -0.019690 0.190000
v -0.477482 -0.018306 -0.190000
v -0.477482 -0.018306 0.190000
v -0.477624 -0.016914 -0.190000
v -0.477624 -0.016914 0.190000
v -0.477745 -0.015513 -0.190000
v -0.477745 -0.015514 0.190000
v -0.477843 -0.014105 -0.190000
v -0.477843 -0.014105 0.190000
v -0.477920 -0.012688 -0.190000
v -0.477920 -0.012688 0.190000
v -0.477975 -0.011263 -0.190000
v -0.477975 -0.011263 0.190000
v -0.478008 -0.009829 -0.190000
v -0.478008 -0.009829 0.190000
v -0.478019 -0.008388 -0.190000
v -0.478019 -0.008388 0.190000
v -0.477994 -0.008028 -0.190000
v -0.477994 -0.008028 0.190000
v -0.477922 -0.007684 -0.190000
v -0.477922 -0.007684 0.190000
v -0.477807 -0.007358 -0.190000
v -0.477807 -0.007358 0.190000
v -0.477651 -0.007053 -0.190000
v -0.477651 -0.007053 0.190000
v -0.477458 -0.006774 -0.190000
v -0.477458 -0.006774 0.190000
v -0.477231 -0.006523 -0.190000
v -0.477231 -0.006523 0.190000
v -0.476974 -0.006303 -0.190000
v -0.476974 -0.006303 0.190000
v -0.476689 -0.006117 -0.190000
v -0.476689 -0.006117 0.190000
v -0.476381 -0.005970 -0.190000
v -0.476381 -0.005970 0.190000
v -0.476052 -0.005863 -0.190000
v -0.476052 -0.005863 0.190000
v -0.475705 -0.005801 -0.190000
v -0.475705 -0.005801 0.190000
v -0.475345 -0.005786 -0.190000
v -0.475345 -0.005786 0.190000
v -0.474365 -0.005812 -0.190000
v -0.474365 -0.005812 0.190000
v -0.471657 -0.005886 -0.190000
v -0.471657 -0.005886 0.190000
v -0.467565 -0.005997 -0.190000
v -0.467565 -0.005997 0.190000
v -0.462436 -0.006136 -0.190000
v -0.462436 -0.006136 0.190000
v -0.456615 -0.006293 -0.190000
v -0.456615 -0.006293 0.190000
v -0.450449 -0.006461 -0.190000
v -0.450449 -0.006461 0.190000
v -0.444282 -0.006628 -0.190000
v -0.444282 -0.006628 0.190000
v -0.438462 -0.006785 -0.190000
v -0.438462 -0.006786 0.190000
v -0.433333 -0.006925 -0.190000
v -0.433333 -0.006925 0.190000
v -0.429241 -0.007035 -0.190000
v -0.429241 -0.007035 0.190000
v -0.426532 -0.007109 -0.190000
v -0.426532 -0.007109 0.190000
v -0.425552 -0.007135 -0.190000
v -0.425552 -0.007135 0.190000
v -0.425194 -0.007167 -0.190000
v -0.425194 -0.007167 0.190000
v -0.424849 -0.007242 -0.190000
v -0.424849 -0.007242 0.190000
v -0.424520 -0.007356 -0.190000
v -0.424520 -0.007356 0.190000
v -0.424210 -0.007507 -0.190000
v -0.424210 -0.007507 0.190000
v -0.423921 -0.007693 -0.190000
v -0.423921 -0.007693 0.190000
v -0.423655 -0.007911 -0.190000
v -0.423655 -0.007911 0.190000
v -0.423416 -0.008158 -0.190000
v -0.423416 -0.008158 0.190000
v -0.423205 -0.008432 -0.190000
v -0.423205 -0.008432 0.190000
v -0.423025 -0.008730 -0.190000
v -0.423025 -0.008730 0.190000
v -0.422879 -0.009049 -0.190000
v -0.422879 -0.009049 0.190000
v -0.422769 -0.009387 -0.190000
v -0.422769 -0.009387 0.190000
v -0.422697 -0.009740 -0.190000
v -0.422697 -0.009740 0.190000
v -0.422046 -0.013366 -0.190000
v -0.422046 -0.013366 0.190000
v -0.421144 -0.016676 -0.190000
v -0.421144 -0.016676 0.190000
v -0.419957 -0.019671 -0.190000
v -0.419957 -0.019671 0.190000
v -0.418449 -0.022351 -0.190000
v -0.418449 -0.022351 0.190000
v -0.416587 -0.024715 -0.190000
v -0.416587 -0.024715 0.190000
v -0.414334 -0.026764 -0.190000
v -0.414334 -0.026764 0.190000
v -0.411657 -0.028498 -0.190000
v -0.411657 -0.028498 0.190000
v -0.408519 -0.029917 -0.190000
v -0.408519 -0.029917 0.190000
v -0.404886 -0.031020 -0.190000
v -0.404886 -0.031020 0.190000
v -0.400722 -0.031808 -0.190000
v -0.400722 -0.031808 0.190000
v -0.395994 -0.032281 -0.190000
v -0.395994 -0.032281 0.190000
v -0.390634 -0.032439 -0.190000
v -0.390634 -0.032439 0.190000
v -0.390548 -0.032439 -0.190000
v -0.390548 -0.032439 0.190000
v -0.390419 -0.032439 -0.190000
v -0.390419 -0.032439 0.190000
v -0.390256 -0.032439 -0.190000
v -0.390256 -0.032439 0.190000
v -0.390072 -0.032439 -0.190000
v -0.390072 -0.032439 0.190000
v -0.389876 -0.032439 -0.190000
v -0.389876 -0.032439 0.190000
v -0.389681 -0.032439 -0.190000
v -0.389681 -0.032439 0.190000
v -0.389497 -0.032439 -0.190000
v -0.389497 -0.032439 0.190000
v -0.389334 -0.032439 -0.190000
v -0.389334 -0.032439 0.190000
v -0.389205 -0.032439 -0.190000
v -0.389205 -0.032439 0.190000
v -0.389088 -0.032439 -0.190000
v -0.389088 -0.032439 0.190000
v -0.386326 -0.032377 -0.190000
v -0.386326 -0.032377 0.190000
v -0.383693 -0.032192 -0.190000
v -0.383693 -0.032192 0.190000
v -0.381188 -0.031884 -0.190000
v -0.381188 -0.031884 0.190000
v -0.378812 -0.031453 -0.190000
v -0.378812 -0.031453 0.190000
v -0.376565 -0.030899 -0.190000
v -0.376565 -0.030899 0.190000
v -0.374447 -0.030221 -0.190000
v -0.374447 -0.030221 0.190000
v -0.372457 -0.029420 -0.190000
v -0.372457 -0.029420 0.190000
v -0.370597 -0.028496 -0.190000
v -0.370597 -0.028496 0.190000
v -0.368864 -0.027449 -0.190000
v -0.368864 -0.027449 0.190000
v -0.367261 -0.026278 -0.190000
v -0.367261 -0.026278 0.190000
v -0.365786 -0.024984 -0.190000
v -0.365786 -0.024984 0.190000
v -0.364440 -0.023567 -0.190000
v -0.364440 -0.023567 0.190000
v -0.363180 -0.022045 -0.190000
v -0.363180 -0.022045 0.190000
v -0.362030 -0.020435 -0.190000
v -0.362030 -0.020435 0.190000
v -0.360989 -0.018738 -0.190000
v -0.360989 -0.018738 0.190000
v -0.360058 -0.016952 -0.190000
v -0.360058 -0.016953 0.190000
v -0.359236 -0.015080 -0.190000
v -0.359236 -0.015080 0.190000
v -0.358524 -0.013119 -0.190000
v -0.358524 -0.013119 0.190000
v -0.357922 -0.011071 -0.190000
v -0.357922 -0.011071 0.190000
v -0.357429 -0.008935 -0.190000
v -0.357429 -0.008935 0.190000
v -0.357045 -0.006712 -0.190000
v -0.357045 -0.006712 0.190000
v -0.356771 -0.004401 -0.190000
v -0.356771 -0.004401 0.190000
v -0.356607 -0.002002 -0.190000
v -0.356607 -0.002002 0.190000
v -0.356552 0.000484 -0.190000
v -0.356552 0.000484 0.190000
v -0.356552 0.001881 -0.190000
v -0.356552 0.001881 0.190000
v -0.356552 0.005745 -0.190000
v -0.356552 0.005745 0.190000
v -0.356552 0.011582 -0.190000
v -0.356552 0.011582 0.190000
v -0.356552 0.018899 -0.190000
v -0.356552 0.018899 0.190000
v -0.356552 0.027202 -0.190000
v -0.356552 0.027202 0.190000
v -0.356552 0.035999 -0.190000
v -0.356552 0.035999 0.190000
v -0.356552 0.044795 -0.190000
v -0.356552 0.044795 0.190000
v -0.356552 0.053099 -0.190000
v -0.356552 0.053099 0.190000
v -0.356552 0.060415 -0.190000
v -0.356552 0.060415 0.190000
v -0.356552 0.066252 -0.190000
v -0.356552 0.066252 0.190000
v -0.356552 0.070116 -0.190000
v -0.356552 0.070116 0.190000
v -0.356552 0.071514 -0.190000
v -0.356552 0.071514 0.190000
v -0.356526 0.071907 -0.190000
v -0.356526 0.071907 0.190000
v -0.356449 0.072284 -0.190000
v -0.356449 0.072284 0.190000
v -0.356325 0.072642 -0.190000
v -0.356325 0.072642 0.190000
v -0.356157 0.072977 -0.190000
v -0.356157 0.072977 0.190000
v -0.355948 0.073285 -0.190000
v -0.355948 0.073285 0.190000
v -0.355703 0.073564 -0.190000
v -0.355703 0.073564 0.190000
v -0.355425 0.073809 -0.190000
v -0.355425 0.073809 0.190000
v -0.355116 0.074017 -0.190000
v -0.355116 0.074017 0.190000
v -0.354782 0.074185 -0.190000
v -0.354782 0.074185 0.190000
v -0.354424 0.074309 -0.190000
v -0.354424 0.074309 0.190000
v -0.354046 0.074387 -0.190000
v -0.354046 0.074387 0.190000
v -0.353652 0.074413 -0.190000
v -0.353652 0.074413 0.190000
v -0.352665 0.074413 -0.190000
v -0.352665 0.074413 0.190000
v -0.349934 0.074413 -0.190000
v -0.349934 0.074413 0.190000
v -0.345809 0.074413 -0.190000
v -0.345809 0.074413 0.190000
v -0.340637 0.074413 -0.190000
v -0.340637 0.074413 0.190000
v -0.334769 0.074413 -0.190000
v -0.334769 0.074413 0.190000
v -0.328552 0.074413 -0.190000
v -0.328552 0.074413 0.190000
v -0.322335 0.074413 -0.190000
v -0.322335 0.074413 0.190000
v -0.316466 0.074413 -0.190000
v -0.316466 0.074413 0.190000
v -0.311295 0.074413 -0.190000
v -0.311295 0.074413 0.190000
v -0.307170 0.074413 -0.190000
v -0.307170 0.074413 0.190000
v -0.304439 0.074413 -0.190000
v -0.304439 0.074413 0.190000
v -0.303451 0.074413 -0.190000
v -0.303451 0.074413 0.190000
v -0.303058 0.074387 -0.190000
v -0.303058 0.074387 0.190000
v -0.302680 0.074309 -0.190000
v -0.302680 0.074309 0.190000
v -0.302322 0.074185 -0.190000
v -0.302322 0.074185 0.190000
v -0.301988 0.074017 -0.190000
v -0.301988 0.074017 0.190000
v -0.301679 0.073809 -0.190000
v -0.301679 0.073809 0.190000
v -0.301401 0.073564 -0.190000
v -0.301401 0.073564 0.190000
v -0.301155 0.073285 -0.190000
v -0.301155 0.073285 0.190000
v -0.300947 0.072977 -0.190000
v -0.300947 0.072977 0.190000
v -0.300779 0.072642 -0.190000
v -0.300779 0.072642 0.190000
v -0.300655 0.072284 -0.190000
v -0.300655 0.072284 0.190000
v -0.300577 0.071907 -0.190000
v -0.300577 0.071907 0.190000
v -0.300551 0.071514 -0.190000
v -0.300551 0.071514 0.190000
v -0.300551 0.070093 -0.190000
v -0.300551 0.070093 0.190000
v -0.300551 0.066165 -0.190000
v -0.300551 0.066165 0.190000
v -0.300551 0.060230 -0.190000
v -0.300551 0.060230 0.190000
v -0.300551 0.052792 -0.190000
v -0.300551 0.052792 0.190000
v -0.300551 0.044350 -0.190000
v -0.300551 0.044350 0.190000
v -0.300551 0.035407 -0.190000
v -0.300551 0.035407 0.190000
v -0.300551 0.026464 -0.190000
v -0.300551 0.026464 0.190000
v -0.300551 0.018023 -0.190000
v -0.300551 0.018023 0.190000
v -0.300551 0.010584 -0.190000
v -0.300551 0.010584 0.190000
v -0.300551 0.004650 -0.190000
v -0.300551 0.004650 0.190000
v -0.300551 0.000722 -0.190000
v -0.300551 0.000722 0.190000
v -0.300551 -0.000699 -0.190000
v -0.300551 -0.000699 0.190000
v -0.300556 -0.001909 -0.190000
v -0.300556 -0.001909 0.190000
v -0.300573 -0.003109 -0.190000
v -0.300573 -0.003109 0.190000
v -0.300600 -0.004297 -0.190000
v -0.300600 -0.004297 0.190000
v -0.300639 -0.005475 -0.190000
v -0.300639 -0.005475 0.190000
v -0.300688 -0.006641 -0.190000
v -0.300688 -0.006641 0.190000
v -0.300749 -0.007797 -0.190000
v -0.300749 -0.007797 0.190000
v -0.300820 -0.008941 -0.190000
v -0.300820 -0.008941 0.190000
v -0.300902 -0.010075 -0.190000
v -0.300902 -0.010075 0.190000
v -0.300995 -0.011197 -0.190000
v -0.300995 -0.011197 0.190000
v -0.301099 -0.012309 -0.190000
v -0.301099 -0.012309 0.190000
v -0.301214 -0.013410 -0.190000
v -0.301214 -0.013410 0.190000
v -0.301340 -0.014500 -0.190000
v -0.301340 -0.014500 0.190000
v -0.301482 -0.015592 -0.190000
v -0.301482 -0.015592 0.190000
v -0.301647 -0.016701 -0.190000
v -0.301647 -0.016701 0.190000
v -0.301833 -0.017826 -0.190000
v -0.301833 -0.017826 0.190000
v -0.302041 -0.018968 -0.190000
v -0.302041 -0.018968 0.190000
v -0.302271 -0.020126 -0.190000
v -0.302271 -0.020126 0.190000
v -0.302523 -0.021301 -0.190000
v -0.302523 -0.021301 0.190000
v -0.302797 -0.022492 -0.190000
v -0.302797 -0.022492 0.190000
v -0.303093 -0.023699 -0.190000
v -0.303093 -0.023699 0.190000
v -0.303410 -0.024923 -0.190000
v -0.303410 -0.024923 0.190000
v -0.303750 -0.026163 -0.190000
v -0.303750 -0.026163 0.190000
v -0.304111 -0.027420 -0.190000
v -0.304111 -0.027420 0.190000
v -0.304495 -0.028693 -0.190000
v -0.304495 -0.028693 0.190000
v -0.304899 -0.029935 -0.190000
v -0.304899 -0.029935 0.190000
v -0.305322 -0.031163 -0.190000
v -0.305322 -0.031163 0.190000
v -0.305764 -0.032378 -0.190000
v -0.305764 -0.032378 0.190000
v -0.306226 -0.033578 -0.190000
v -0.306226 -0.033578 0.190000
v -0.306706 -0.034765 -0.190000
v -0.306706 -0.034765 0.190000
v -0.307206 -0.035939 -0.190000
v -0.307206 -0.035939 0.190000
v -0.307725 -0.037098 -0.190000
v -0.307725 -0.037098 0.190000
v -0.308263 -0.038244 -0.190000
v -0.308263 -0.038244 0.190000
v -0.308821 -0.039376 -0.190000
v -0.308821 -0.039376 0.190000
v -0.309397 -0.040495 -0.190000
v -0.309397 -0.040495 0.190000
v -0.309993 -0.041600 -0.190000
v -0.309993 -0.041600 0.190000
v -0.310608 -0.042691 -0.190000
v -0.310608 -0.042691 0.190000
v -0.311252 -0.043741 -0.190000
v -0.311252 -0.043741 0.190000
v -0.311934 -0.044788 -0.190000
v -0.311934 -0.044788 0.190000
v -0.312654 -0.045833 -0.190000
v -0.312654 -0.045833 0.190000
v -0.313413 -0.046874 -0.190000
v -0.313413 -0.046874 0.190000
v -0.314210 -0.047914 -0.190000
v -0.314210 -0.047914 0.190000
v -0.315045 -0.048950 -0.190000
v -0.315045 -0.048950 0.190000
v -0.315919 -0.049984 -0.190000
v -0.315919 -0.049984 0.190000
v -0.316830 -0.051015 -0.190000
v -0.316830 -0.051015 0.190000
v -0.317781 -0.052043 -0.190000
v -0.317781 -0.052043 0.190000
v -0.318769 -0.053068 -0.190000
v -0.318769 -0.053068 0.190000
v -0.319797 -0.054091 -0.190000
v -0.319797 -0.054091 0.190000
v -0.320862 -0.055111 -0.190000
v -0.320862 -0.055111 0.190000
v -0.321962 -0.056085 -0.190000
v -0.321962 -0.056085 0.190000
v -0.323091 -0.057033 -0.190000
v -0.323091 -0.057033 0.190000
v -0.324251 -0.057957 -0.190000
v -0.324251 -0.057957 0.190000
v -0.325441 -0.058857 -0.190000
v -0.325441 -0.058857 0.190000
v -0.326661 -0.059731 -0.190000
v -0.326661 -0.059731 0.190000
v -0.327911 -0.060582 -0.190000
v -0.327911 -0.060582 0.190000
v -0.329191 -0.061407 -0.190000
v -0.329191 -0.061407 0.190000
v -0.330502 -0.062208 -0.190000
v -0.330502 -0.062208 0.190000
v -0.331842 -0.062984 -0.190000
v -0.331842 -0.062984 0.190000
v -0.333213 -0.063735 -0.190000
v -0.333213 -0.063735 0.190000
v -0.334613 -0.064462 -0.190000
v -0.334613 -0.064462 0.190000
v -0.336044 -0.065165 -0.190000
v -0.336044 -0.065165 0.190000
v -0.337485 -0.065844 -0.190000
v -0.337485 -0.065844 0.190000
v -0.338980 -0.066501 -0.190000
v -0.338980 -0.066501 0.190000
v -0.340531 -0.067136 -0.190000
v -0.340531 -0.067136 0.190000
v -0.342136 -0.067750 -0.190000
v -0.342136 -0.067750 0.190000
v -0.343795 -0.068341 -0.190000
v -0.343795 -0.068341 0.190000
v -0.345510 -0.068911 -0.190000
v -0.345510 -0.068911 0.190000
v -0.347279 -0.069458 -0.190000
v -0.347279 -0.069458 0.190000
v -0.349103 -0.069984 -0.190000
v -0.349103 -0.069984 0.190000
v -0.350982 -0.070488 -0.190000
v -0.350982 -0.070488 0.190000
v -0.352915 -0.070970 -0.190000
v -0.352915 -0.070970 0.190000
v -0.354904 -0.071430 -0.190000
v -0.354904 -0.071430 0.190000
v -0.131863 -0.028984 -0.190000
v -0.131863 -0.028984 0.190000
v -0.131812 -0.028988 -0.190000
v -0.131812 -0.028988 0.190000
v -0.131764 -0.028998 -0.190000
v -0.131764 -0.028998 0.190000
v -0.131522 -0.029210 -0.190000
v -0.131522 -0.029210 0.190000
v -0.131506 -0.029256 -0.190000
v -0.131506 -0.029256 0.190000
v -0.131496 -0.029304 -0.190000
v -0.131496 -0.029304 0.190000
v -0.131493 -0.029354 -0.190000
v -0.131493 -0.029354 0.190000
v -0.131698 -0.033030 -0.190000
v -0.131698 -0.033030 0.190000
v -0.132424 -0.037036 -0.190000
v -0.132424 -0.037036 0.190000
v -0.133838 -0.041250 -0.190000
v -0.133838 -0.041250 0.190000
v -0.136105 -0.045546 -0.190000
v -0.136105 -0.045546 0.190000
v -0.139393 -0.049801 -0.190000
v -0.139393 -0.049801 0.190000
v -0.143868 -0.053891 -0.190000
v -0.143868 -0.053891 0.190000
v -0.149696 -0.057692 -0.190000
v -0.149696 -0.057692 0.190000
v -0.157043 -0.061080 -0.190000
v -0.157043 -0.061080 0.190000
v -0.166076 -0.063931 -0.190000
v -0.166076 -0.063931 0.190000
v -0.176962 -0.066121 -0.190000
v -0.176962 -0.066121 0.190000
v -0.189867 -0.067526 -0.190000
v -0.189867 -0.067526 0.190000
v -0.204957 -0.068022 -0.190000
v -0.204957 -0.068022 0.190000
v -0.205150 -0.068022 -0.190000
v -0.205150 -0.068022 0.190000
v -0.205684 -0.068022 -0.190000
v -0.205684 -0.068022 0.190000
v -0.206490 -0.068022 -0.190000
v -0.206490 -0.068022 0.190000
v -0.207500 -0.068022 -0.190000
v -0.207500 -0.068022 0.190000
v -0.208646 -0.068022 -0.190000
v -0.208646 -0.068022 0.190000
v -0.209861 -0.068022 -0.190000
v -0.209861 -0.068022 0.190000
v -0.211076 -0.068022 -0.190000
v -0.211076 -0.068022 0.190000
v -0.212222 -0.068022 -0.190000
v -0.212222 -0.068022 0.190000
v -0.213232 -0.068022 -0.190000
v -0.213232 -0.068022 0.190000
v -0.214038 -0.068022 -0.190000
v -0.214038 -0.068022 0.190000
v -0.214572 -0.068022 -0.190000
v -0.214572 -0.068022 0.190000
v -0.214765 -0.068022 -0.190000
v -0.214765 -0.068022 0.190000
v -0.229050 -0.067459 -0.190000
v -0.229050 -0.067459 0.190000
v -0.241452 -0.065844 -0.190000
v -0.241452 -0.065844 0.190000
v -0.252094 -0.063292 -0.190000
v -0.252094 -0.063292 0.190000
v -0.261097 -0.059915 -0.190000
v -0.261097 -0.059915 0.190000
v -0.268583 -0.055827 -0.190000
v -0.268583 -0.055827 0.190000
v -0.274676 -0.051139 -0.190000
v -0.274676 -0.051139 0.190000
v -0.279496 -0.045966 -0.190000
v -0.279496 -0.045966 0.190000
v -0.283166 -0.040421 -0.190000
v -0.283166 -0.040421 0.190000
v -0.285808 -0.034616 -0.190000
v -0.285808 -0.034616 0.190000
v -0.287544 -0.028664 -0.190000
v -0.287544 -0.028664 0.190000
v -0.288496 -0.022679 -0.190000
v -0.288496 -0.022679 0.190000
v -0.288786 -0.016774 -0.190000
v -0.288786 -0.016774 0.190000
v -0.288786 -0.016701 -0.190000
v -0.288786 -0.016701 0.190000
v -0.288786 -0.016500 -0.190000
v -0.288786 -0.016500 0.190000
v -0.288786 -0.016196 -0.190000
v -0.288786 -0.016196 0.190000
v -0.288786 -0.015815 -0.190000
v -0.288786 -0.015815 0.190000
v -0.288786 -0.015382 -0.190000
v -0.288786 -0.015382 0.190000
v -0.288786 -0.014924 -0.190000
v -0.288786 -0.014924 0.190000
v -0.288786 -0.014465 -0.190000
v -0.288786 -0.014465 0.190000
v -0.288786 -0.014033 -0.190000
v -0.288786 -0.014033 0.190000
v -0.288786 -0.013651 -0.190000
v -0.288786 -0.013651 0.190000
v -0.288786 -0.013347 -0.190000
v -0.288786 -0.013347 0.190000
v -0.288786 -0.013146 -0.190000
v -0.288786 -0.013146 0.190000
v -0.288786 -0.013073 -0.190000
v -0.288786 -0.013073 0.190000
v -0.288517 -0.007229 -0.190000
v -0.288517 -0.007229 0.190000
v -0.287624 -0.001329 -0.190000
v -0.287624 -0.001329 0.190000
v -0.285973 0.004517 -0.190000
v -0.285973 0.004517 0.190000
v -0.283433 0.010204 -0.190000
v -0.283433 0.010204 0.190000
v -0.279874 0.015623 -0.190000
v -0.279874 0.015623 0.190000
v -0.275162 0.020668 -0.190000
v -0.275162 0.020668 0.190000
v -0.269166 0.025231 -0.190000
v -0.269166 0.025231 0.190000
v -0.261755 0.029205 -0.190000
v -0.261755 0.029205 0.190000
v -0.252796 0.032483 -0.190000
v -0.252796 0.032483 0.190000
v -0.242159 0.034957 -0.190000
v -0.242159 0.034957 0.190000
v -0.229711 0.036520 -0.190000
v -0.229711 0.036520 0.190000
v -0.215320 0.037065 -0.190000
v -0.215320 0.037065 0.190000
v -0.215120 0.037065 -0.190000
v -0.215120 0.037065 0.190000
v -0.214566 0.037065 -0.190000
v -0.214566 0.037065 0.190000
v -0.213730 0.037065 -0.190000
v -0.213730 0.037065 0.190000
v -0.212682 0.037065 -0.190000
v -0.212682 0.037065 0.190000
v -0.211492 0.037065 -0.190000
v -0.211492 0.037065 0.190000
v -0.210232 0.037065 -0.190000
v -0.210232 0.037065 0.190000
v -0.208971 0.037065 -0.190000
v -0.208971 0.037065 0.190000
v -0.207782 0.037065 -0.190000
v -0.207782 0.037065 0.190000
v -0.206733 0.037065 -0.190000
v -0.206733 0.037065 0.190000
v -0.205897 0.037065 -0.190000
v -0.205897 0.037065 0.190000
v -0.205343 0.037065 -0.190000
v -0.205343 0.037065 0.190000
v -0.205143 0.037065 -0.190000
v -0.205143 0.037065 0.190000
v -0.190042 0.036454 -0.190000
v -0.190042 0.036454 0.190000
v -0.177107 0.034707 -0.190000
v -0.177107 0.034707 0.190000
v -0.166175 0.031951 -0.190000
v -0.166175 0.031951 0.190000
v -0.157084 0.028315 -0.190000
v -0.157084 0.028315 0.190000
v -0.149672 0.023925 -0.190000
v -0.149672 0.023925 0.190000
v -0.143775 0.018911 -0.190000
v -0.143775 0.018911 0.190000
v -0.139231 0.013399 -0.190000
v -0.139231 0.013399 0.190000
v -0.135878 0.007518 -0.190000
v -0.135878 0.007518 0.190000
v -0.133554 0.001395 -0.190000
v -0.133554 0.001395 0.190000
v -0.132094 -0.004841 -0.190000
v -0.132094 -0.004841 0.190000
v -0.131338 -0.011063 -0.190000
v -0.131338 -0.011063 0.190000
v -0.131122 -0.017144 -0.190000
v -0.131122 -0.017144 0.190000
v -0.131122 -0.017239 -0.190000
v -0.131122 -0.017239 0.190000
v -0.131122 -0.017501 -0.190000
v -0.131122 -0.017501 0.190000
v -0.131122 -0.017898 -0.190000
v -0.131122 -0.017898 0.190000
v -0.131122 -0.018395 -0.190000
v -0.131122 -0.018395 0.190000
v -0.131122 -0.018959 -0.190000
v -0.131122 -0.018959 0.190000
v -0.131122 -0.019557 -0.190000
v -0.131122 -0.019557 0.190000
v -0.131122 -0.020154 -0.190000
v -0.131122 -0.020154 0.190000
v -0.131122 -0.020718 -0.190000
v -0.131122 -0.020718 0.190000
v -0.131122 -0.021216 -0.190000
v -0.131122 -0.021216 0.190000
v -0.131122 -0.021612 -0.190000
v -0.131122 -0.021612 0.190000
v -0.131122 -0.021875 -0.190000
v -0.131122 -0.021875 0.190000
v -0.131122 -0.021970 -0.190000
v -0.131122 -0.021970 0.190000
v -0.131128 -0.022068 -0.190000
v -0.131128 -0.022068 0.190000
v -0.131148 -0.022162 -0.190000
v -0.131148 -0.022162 0.190000
v -0.131179 -0.022252 -0.190000
v -0.131179 -0.022252 0.190000
v -0.131221 -0.022335 -0.190000
v -0.131221 -0.022335 0.190000
v -0.131273 -0.022412 -0.190000
v -0.131273 -0.022412 0.190000
v -0.131334 -0.022482 -0.190000
v -0.131334 -0.022482 0.190000
v -0.131404 -0.022543 -0.190000
v -0.131404 -0.022543 0.190000
v -0.131481 -0.022595 -0.190000
v -0.131481 -0.022595 0.190000
v -0.131565 -0.022637 -0.190000
v -0.131565 -0.022637 0.190000
v -0.131654 -0.022668 -0.190000
v -0.131654 -0.022669 0.190000
v -0.131748 -0.022688 -0.190000
v -0.131748 -0.022688 0.190000
v -0.131847 -0.022694 -0.190000
v -0.131847 -0.022694 0.190000
v -0.133946 -0.022694 -0.190000
v -0.133946 -0.022694 0.190000
v -0.139749 -0.022694 -0.190000
v -0.139749 -0.022694 0.190000
v -0.148515 -0.022694 -0.190000
v -0.148515 -0.022694 0.190000
v -0.159504 -0.022694 -0.190000
v -0.159504 -0.022694 0.190000
v -0.171974 -0.022694 -0.190000
v -0.171974 -0.022694 0.190000
v -0.185185 -0.022694 -0.190000
v -0.185185 -0.022694 0.190000
v -0.198396 -0.022694 -0.190000
v -0.198396 -0.022694 0.190000
v -0.210867 -0.022694 -0.190000
v -0.210867 -0.022694 0.190000
v -0.221855 -0.022694 -0.190000
v -0.221855 -0.022694 0.190000
v -0.230622 -0.022694 -0.190000
v -0.230622 -0.022694 0.190000
v -0.236425 -0.022694 -0.190000
v -0.236425 -0.022694 0.190000
v -0.238524 -0.022694 -0.190000
v -0.238524 -0.022694 0.190000
v -0.238633 -0.022703 -0.190000
v -0.238633 -0.022703 0.190000
v -0.238737 -0.022726 -0.190000
v -0.238737 -0.022726 0.190000
v -0.238834 -0.022764 -0.190000
v -0.238834 -0.022764 0.190000
v -0.238923 -0.022814 -0.190000
v -0.238923 -0.022814 0.190000
v -0.239004 -0.022877 -0.190000
v -0.239004 -0.022877 0.190000
v -0.239074 -0.022949 -0.190000
v -0.239074 -0.022949 0.190000
v -0.239134 -0.023031 -0.190000
v -0.239134 -0.023031 0.190000
v -0.239181 -0.023121 -0.190000
v -0.239181 -0.023121 0.190000
v -0.239215 -0.023217 -0.190000
v -0.239215 -0.023217 0.190000
v -0.239234 -0.023319 -0.190000
v -0.239234 -0.023319 0.190000
v -0.239237 -0.023425 -0.190000
v -0.239237 -0.023425 0.190000
v -0.239224 -0.023534 -0.190000
v -0.239224 -0.023534 0.190000
v -0.238597 -0.025932 -0.190000
v -0.238597 -0.025932 0.190000
v -0.237691 -0.028224 -0.190000
v -0.237691 -0.028224 0.190000
v -0.236486 -0.030390 -0.190000
v -0.236486 -0.030390 0.190000
v -0.234966 -0.032411 -0.190000
v -0.234966 -0.032411 0.190000
v -0.233110 -0.034267 -0.190000
v -0.233110 -0.034267 0.190000
v -0.230902 -0.035939 -0.190000
v -0.230902 -0.035939 0.190000
v -0.228322 -0.037408 -0.190000
v -0.228322 -0.037408 0.190000
v -0.225352 -0.038653 -0.190000
v -0.225352 -0.038653 0.190000
v -0.221975 -0.039655 -0.190000
v -0.221975 -0.039655 0.190000
v -0.218172 -0.040395 -0.190000
v -0.218172 -0.040395 0.190000
v -0.213924 -0.040853 -0.190000
v -0.213924 -0.040854 0.190000
v -0.209029 -0.041011 -0.190000
v -0.209029 -0.041011 0.190000
v -0.204960 -0.040911 -0.190000
v -0.204960 -0.040911 0.190000
v -0.201302 -0.040627 -0.190000
v -0.201302 -0.040627 0.190000
v -0.198033 -0.040179 -0.190000
v -0.198033 -0.040179 0.190000
v -0.195133 -0.039590 -0.190000
v -0.195133 -0.039590 0.190000
v -0.192578 -0.038881 -0.190000
v -0.192578 -0.038881 0.190000
v -0.190348 -0.038074 -0.190000
v -0.190348 -0.038074 0.190000
v -0.188422 -0.037189 -0.190000
v -0.188422 -0.037189 0.190000
v -0.186776 -0.036250 -0.190000
v -0.186776 -0.036250 0.190000
v -0.185391 -0.035277 -0.190000
v -0.185391 -0.035277 0.190000
v -0.184243 -0.034291 -0.190000
v -0.184243 -0.034291 0.190000
v -0.183313 -0.033315 -0.190000
v -0.183313 -0.033315 0.190000
v -0.182578 -0.032371 -0.190000
v -0.182578 -0.032371 0.190000
v -0.182257 -0.031935 -0.190000
v -0.182257 -0.031935 0.190000
v -0.181912 -0.031509 -0.190000
v -0.181912 -0.031509 0.190000
v -0.181544 -0.031100 -0.190000
v -0.181544 -0.031100 0.190000
v -0.181153 -0.030711 -0.190000
v -0.181153 -0.030711 0.190000
v -0.180741 -0.030349 -0.190000
v -0.180741 -0.030349 0.190000
v -0.180309 -0.030018 -0.190000
v -0.180309 -0.030018 0.190000
v -0.179858 -0.029724 -0.190000
v -0.179858 -0.029724 0.190000
v -0.179389 -0.029472 -0.190000
v -0.179389 -0.029472 0.190000
v -0.178903 -0.029266 -0.190000
v -0.178903 -0.029266 0.190000
v -0.178401 -0.029113 -0.190000
v -0.178401 -0.029113 0.190000
v -0.177885 -0.029017 -0.190000
v -0.177885 -0.029017 0.190000
v -0.177355 -0.028984 -0.190000
v -0.177355 -0.028984 0.190000
v -0.176460 -0.028984 -0.190000
v -0.176460 -0.028984 0.190000
v -0.173985 -0.028984 -0.190000
v -0.173985 -0.028984 0.190000
v -0.170247 -0.028984 -0.190000
v -0.170247 -0.028984 0.190000
v -0.165560 -0.028984 -0.190000
v -0.165560 -0.028984 0.190000
v -0.160242 -0.028984 -0.190000
v -0.160242 -0.028984 0.190000
v -0.154609 -0.028984 -0.190000
v -0.154609 -0.028984 0.190000
v -0.148975 -0.028984 -0.190000
v -0.148975 -0.028984 0.190000
v -0.143657 -0.028984 -0.190000
v -0.143657 -0.028984 0.190000
v -0.138971 -0.028984 -0.190000
v -0.138971 -0.028984 0.190000
v -0.135232 -0.028984 -0.190000
v -0.135232 -0.028984 0.190000
v -0.132758 -0.028984 -0.190000
v -0.132758 -0.028984 0.190000
v -0.181650 -0.001479 -0.190000
v -0.181650 -0.001479 0.190000
v -0.182317 0.000636 -0.190000
v -0.182317 0.000636 0.190000
v -0.183243 0.002603 -0.190000
v -0.183243 0.002603 0.190000
v -0.184445 0.004416 -0.190000
v -0.184445 0.004416 0.190000
v -0.185937 0.006068 -0.190000
v -0.185937 0.006068 0.190000
v -0.187734 0.007552 -0.190000
v -0.187734 0.007552 0.190000
v -0.189852 0.008861 -0.190000
v -0.189852 0.008861 0.190000
v -0.192305 0.009987 -0.190000
v -0.192305 0.009987 0.190000
v -0.195110 0.010925 -0.190000
v -0.195110 0.010925 0.190000
v -0.198280 0.011666 -0.190000
v -0.198280 0.011666 0.190000
v -0.201832 0.012205 -0.190000
v -0.201832 0.012205 0.190000
v -0.205780 0.012533 -0.190000
v -0.205780 0.012533 0.190000
v -0.210140 0.012644 -0.190000
v -0.210140 0.012643 0.190000
v -0.214513 0.012527 -0.190000
v -0.214513 0.012527 0.190000
v -0.218450 0.012183 -0.190000
v -0.218450 0.012183 0.190000
v -0.221970 0.011623 -0.190000
v -0.221970 0.011623 0.190000
v -0.225096 0.010857 -0.190000
v -0.225096 0.010857 0.190000
v -0.227850 0.009896 -0.190000
v -0.227850 0.009896 0.190000
v -0.230254 0.008750 -0.190000
v -0.230254 0.008750 0.190000
v -0.232329 0.007429 -0.190000
v -0.232329 0.007429 0.190000
v -0.234099 0.005943 -0.190000
v -0.234099 0.005943 0.190000
v -0.235584 0.004304 -0.190000
v -0.235584 0.004304 0.190000
v -0.236808 0.002522 -0.190000
v -0.236808 0.002522 0.190000
v -0.237791 0.000606 -0.190000
v -0.237791 0.000606 0.190000
v -0.238556 -0.001433 -0.190000
v -0.238556 -0.001433 0.190000
v -0.238581 -0.001546 -0.190000
v -0.238581 -0.001546 0.190000
v -0.238588 -0.001658 -0.190000
v -0.238588 -0.001658 0.190000
v -0.238577 -0.001767 -0.190000
v -0.238577 -0.001767 0.190000
v -0.238549 -0.001871 -0.190000
v -0.238549 -0.001871 0.190000
v -0.238506 -0.001969 -0.190000
v -0.238506 -0.001969 0.190000
v -0.238448 -0.002058 -0.190000
v -0.238448 -0.002058 0.190000
v -0.238378 -0.002139 -0.190000
v -0.238378 -0.002139 0.190000
v -0.238295 -0.002208 -0.190000
v -0.238295 -0.002208 0.190000
v -0.238203 -0.002265 -0.190000
v -0.238203 -0.002265 0.190000
v -0.238101 -0.002307 -0.190000
v -0.238101 -0.002307 0.190000
v -0.237991 -0.002334 -0.190000
v -0.237991 -0.002334 0.190000
v -0.237874 -0.002343 -0.190000
v -0.237874 -0.002343 0.190000
v -0.236781 -0.002343 -0.190000
v -0.236781 -0.002343 0.190000
v -0.233760 -0.002343 -0.190000
v -0.233760 -0.002343 0.190000
v -0.229197 -0.002343 -0.190000
v -0.229197 -0.002343 0.190000
v -0.223476 -0.002343 -0.190000
v -0.223476 -0.002343 0.190000
v -0.216985 -0.002343 -0.190000
v -0.216985 -0.002343 0.190000
v -0.210107 -0.002343 -0.190000
v -0.210107 -0.002343 0.190000
v -0.203229 -0.002343 -0.190000
v -0.203229 -0.002343 0.190000
v -0.196738 -0.002343 -0.190000
v -0.196738 -0.002343 0.190000
v -0.191017 -0.002343 -0.190000
v -0.191017 -0.002343 0.190000
v -0.186453 -0.002343 -0.190000
v -0.186453 -0.002343 0.190000
v -0.183432 -0.002343 -0.190000
v -0.183432 -0.002343 0.190000
v -0.182340 -0.002343 -0.190000
v -0.182340 -0.002343 0.190000
v -0.182228 -0.002334 -0.190000
v -0.182228 -0.002334 0.190000
v -0.182122 -0.002310 -0.190000
v -0.182122 -0.002310 0.190000
v -0.182024 -0.002270 -0.190000
v -0.182024 -0.002271 0.190000
v -0.181933 -0.002218 -0.190000
v -0.181933 -0.002218 0.190000
v -0.181852 -0.002153 -0.190000
v -0.181852 -0.002153 0.190000
v -0.181782 -0.002078 -0.190000
v -0.181782 -0.002078 0.190000
v -0.181723 -0.001993 -0.190000
v -0.181723 -0.001993 0.190000
v -0.181678 -0.001901 -0.190000
v -0.181678 -0.001901 0.190000
v -0.181646 -0.001802 -0.190000
v -0.181646 -0.001802 0.190000
v -0.181630 -0.001697 -0.190000
v -0.181630 -0.001697 0.190000
v -0.181631 -0.001589 -0.190000
v -0.181631 -0.001589 0.190000
v 0.022470 -0.032525 -0.190000
v 0.022470 -0.032525 0.190000
v 0.022470 -0.032596 -0.190000
v 0.022470 -0.032596 0.190000
v 0.022470 -0.032702 -0.190000
v 0.022470 -0.032702 0.190000
v 0.022470 -0.032835 -0.190000
v 0.022470 -0.032835 0.190000
v 0.022470 -0.032987 -0.190000
v 0.022470 -0.032987 0.190000
v 0.022470 -0.033147 -0.190000
v 0.022470 -0.033147 0.190000
v 0.022470 -0.033307 -0.190000
v 0.022470 -0.033307 0.190000
v 0.022470 -0.033459 -0.190000
v 0.022470 -0.033459 0.190000
v 0.022470 -0.033592 -0.190000
v 0.022470 -0.033592 0.190000
v 0.022470 -0.033698 -0.190000
v 0.022470 -0.033698 0.190000
v 0.022470 -0.033794 -0.190000
v 0.022470 -0.033794 0.190000
v 0.022232 -0.038276 -0.190000
v 0.022232 -0.038276 0.190000
v 0.021432 -0.042625 -0.190000
v 0.021432 -0.042625 0.190000
v 0.019940 -0.046791 -0.190000
v 0.019940 -0.046791 0.190000
v 0.017624 -0.050726 -0.190000
v 0.017624 -0.050726 0.190000
v 0.014355 -0.054381 -0.190000
v 0.014355 -0.054381 0.190000
v 0.010002 -0.057707 -0.190000
v 0.010002 -0.057707 0.190000
v 0.004435 -0.060655 -0.190000
v 0.004435 -0.060655 0.190000
v -0.002478 -0.063177 -0.190000
v -0.002478 -0.063177 0.190000
v -0.010865 -0.065223 -0.190000
v -0.010865 -0.065223 0.190000
v -0.020859 -0.066746 -0.190000
v -0.020859 -0.066746 0.190000
v -0.032588 -0.067695 -0.190000
v -0.032588 -0.067695 0.190000
v -0.046184 -0.068022 -0.190000
v -0.046184 -0.068022 0.190000
v -0.046384 -0.068022 -0.190000
v -0.046384 -0.068022 0.190000
v -0.046938 -0.068022 -0.190000
v -0.046938 -0.068022 0.190000
v -0.047774 -0.068022 -0.190000
v -0.047774 -0.068022 0.190000
v -0.048823 -0.068022 -0.190000
v -0.048823 -0.068022 0.190000
v -0.050013 -0.068022 -0.190000
v -0.050013 -0.068022 0.190000
v -0.051273 -0.068022 -0.190000
v -0.051273 -0.068022 0.190000
v -0.052534 -0.068022 -0.190000
v -0.052534 -0.068022 0.190000
v -0.053724 -0.068022 -0.190000
v -0.053724 -0.068022 0.190000
v -0.054772 -0.068022 -0.190000
v -0.054772 -0.068022 0.190000
v -0.055609 -0.068022 -0.190000
v -0.055609 -0.068022 0.190000
v -0.056162 -0.068022 -0.190000
v -0.056162 -0.068022 0.190000
v -0.056362 -0.068022 -0.190000
v -0.056362 -0.068022 0.190000
v -0.070265 -0.067574 -0.190000
v -0.070265 -0.067574 0.190000
v -0.082102 -0.066304 -0.190000
v -0.082102 -0.066304 0.190000
v -0.092037 -0.064321 -0.190000
v -0.092037 -0.064322 0.190000
v -0.100233 -0.061738 -0.190000
v -0.100233 -0.061738 0.190000
v -0.106854 -0.058664 -0.190000
v -0.106854 -0.058664 0.190000
v -0.112063 -0.055209 -0.190000
v -0.112063 -0.055210 0.190000
v -0.116023 -0.051485 -0.190000
v -0.116023 -0.051485 0.190000
v -0.118896 -0.047602 -0.190000
v -0.118896 -0.047602 0.190000
v -0.120847 -0.043669 -0.190000
v -0.120847 -0.043669 0.190000
v -0.122039 -0.039798 -0.190000
v -0.122039 -0.039798 0.190000
v -0.122634 -0.036100 -0.190000
v -0.122634 -0.036100 0.190000
v -0.122796 -0.032684 -0.190000
v -0.122796 -0.032684 0.190000
v -0.122784 -0.032508 -0.190000
v -0.122784 -0.032508 0.190000
v -0.122750 -0.032340 -0.190000
v -0.122750 -0.032340 0.190000
v -0.122694 -0.032180 -0.190000
v -0.122694 -0.032180 0.190000
v -0.122619 -0.032031 -0.190000
v -0.122619 -0.032031 0.190000
v -0.122526 -0.031893 -0.190000
v -0.122526 -0.031893 0.190000
v -0.122416 -0.031769 -0.190000
v -0.122416 -0.031769 0.190000
v -0.122292 -0.031659 -0.190000
v -0.122292 -0.031659 0.190000
v -0.122154 -0.031566 -0.190000
v -0.122154 -0.031566 0.190000
v -0.122004 -0.031491 -0.190000
v -0.122004 -0.031491 0.190000
v -0.121844 -0.031436 -0.190000
v -0.121844 -0.031436 0.190000
v -0.121676 -0.031401 -0.190000
v -0.121676 -0.031401 0.190000
v -0.121500 -0.031389 -0.190000
v -0.121500 -0.031389 0.190000
v -0.120530 -0.031389 -0.190000
v -0.120530 -0.031389 0.190000
v -0.117850 -0.031389 -0.190000
v -0.117850 -0.031389 0.190000
v -0.113801 -0.031389 -0.190000
v -0.113801 -0.031389 0.190000
v -0.108726 -0.031389 -0.190000
v -0.108726 -0.031389 0.190000
v -0.102966 -0.031389 -0.190000
v -0.102966 -0.031389 0.190000
v -0.096864 -0.031389 -0.190000
v -0.096864 -0.031389 0.190000
v -0.090762 -0.031389 -0.190000
v -0.090762 -0.031389 0.190000
v -0.085002 -0.031389 -0.190000
v -0.085002 -0.031389 0.190000
v -0.079927 -0.031389 -0.190000
v -0.079927 -0.031389 0.190000
v -0.075878 -0.031389 -0.190000
v -0.075878 -0.031389 0.190000
v -0.073197 -0.031389 -0.190000
v -0.073197 -0.031389 0.190000
v -0.072228 -0.031389 -0.190000
v -0.072228 -0.031389 0.190000
v -0.072133 -0.031396 -0.190000
v -0.072133 -0.031396 0.190000
v -0.072041 -0.031413 -0.190000
v -0.072041 -0.031414 0.190000
v -0.071954 -0.031442 -0.190000
v -0.071954 -0.031443 0.190000
v -0.071872 -0.031482 -0.190000
v -0.071872 -0.031482 0.190000
v -0.071796 -0.031531 -0.190000
v -0.071796 -0.031531 0.190000
v -0.071727 -0.031588 -0.190000
v -0.071727 -0.031588 0.190000
v -0.071665 -0.031654 -0.190000
v -0.071665 -0.031654 0.190000
v -0.071611 -0.031727 -0.190000
v -0.071611 -0.031727 0.190000
v -0.071566 -0.031806 -0.190000
v -0.071566 -0.031806 0.190000
v -0.071530 -0.031892 -0.190000
v -0.071530 -0.031892 0.190000
v -0.071505 -0.031982 -0.190000
v -0.071505 -0.031982 0.190000
v -0.071491 -0.032076 -0.190000
v -0.071491 -0.032077 0.190000
v -0.071353 -0.033164 -0.190000
v -0.071353 -0.033164 0.190000
v -0.071086 -0.034353 -0.190000
v -0.071086 -0.034353 0.190000
v -0.070644 -0.035606 -0.190000
v -0.070644 -0.035606 0.190000
v -0.069979 -0.036885 -0.190000
v -0.069979 -0.036885 0.190000
v -0.069045 -0.038154 -0.190000
v -0.069045 -0.038154 0.190000
v -0.067793 -0.039375 -0.190000
v -0.067793 -0.039375 0.190000
v -0.066178 -0.040510 -0.190000
v -0.066178 -0.040510 0.190000
v -0.064152 -0.041523 -0.190000
v -0.064152 -0.041523 0.190000
v -0.061668 -0.042375 -0.190000
v -0.061668 -0.042376 0.190000
v -0.058679 -0.043031 -0.190000
v -0.058679 -0.043031 0.190000
v -0.055137 -0.043451 -0.190000
v -0.055137 -0.043451 0.190000
v -0.050900 -0.043600 -0.190000
v -0.050900 -0.043600 0.190000
v -0.050856 -0.043600 -0.190000
v -0.050856 -0.043600 0.190000
v -0.050810 -0.043600 -0.190000
v -0.050810 -0.043600 0.190000
v -0.050764 -0.043600 -0.190000
v -0.050764 -0.043600 0.190000
v -0.050625 -0.043600 -0.190000
v -0.050625 -0.043600 0.190000
v -0.046489 -0.043517 -0.190000
v -0.046489 -0.043517 0.190000
v -0.042935 -0.043279 -0.190000
v -0.042935 -0.043279 0.190000
v -0.039921 -0.042897 -0.190000
v -0.039921 -0.042897 0.190000
v -0.037404 -0.042387 -0.190000
v -0.037404 -0.042387 0.190000
v -0.035343 -0.041761 -0.190000
v -0.035343 -0.041761 0.190000
v -0.033693 -0.041033 -0.190000
v -0.033693 -0.041033 0.190000
v -0.032414 -0.040216 -0.190000
v -0.032414 -0.040216 0.190000
v -0.031463 -0.039324 -0.190000
v -0.031463 -0.039324 0.190000
v -0.030796 -0.038371 -0.190000
v -0.030796 -0.038371 0.190000
v -0.030373 -0.037369 -0.190000
v -0.030373 -0.037369 0.190000
v -0.030150 -0.036332 -0.190000
v -0.030150 -0.036332 0.190000
v -0.030085 -0.035179 -0.190000
v -0.030085 -0.035179 0.190000
v -0.030085 -0.035135 -0.190000
v -0.030085 -0.035135 0.190000
v -0.030085 -0.035090 -0.190000
v -0.030085 -0.035090 0.190000
v -0.030085 -0.035044 -0.190000
v -0.030085 -0.035044 0.190000
v -0.030085 -0.034905 -0.190000
v -0.030085 -0.034905 0.190000
v -0.030146 -0.033741 -0.190000
v -0.030146 -0.033741 0.190000
v -0.030353 -0.032657 -0.190000
v -0.030353 -0.032657 0.190000
v -0.030747 -0.031656 -0.190000
v -0.030747 -0.031656 0.190000
v -0.031367 -0.030739 -0.190000
v -0.031367 -0.030739 0.190000
v -0.032251 -0.029909 -0.190000
v -0.032251 -0.029909 0.190000
v -0.033439 -0.029170 -0.190000
v -0.033439 -0.029170 0.190000
v -0.034970 -0.028522 -0.190000
v -0.034970 -0.028522 0.190000
v -0.036884 -0.027970 -0.190000
v -0.036884 -0.027970 0.190000
v -0.039219 -0.027516 -0.190000
v -0.039219 -0.027516 0.190000
v -0.042014 -0.027161 -0.190000
v -0.042014 -0.027161 0.190000
v -0.045310 -0.026910 -0.190000
v -0.045310 -0.026910 0.190000
v -0.049145 -0.026764 -0.190000
v -0.049145 -0.026764 0.190000
v -0.049560 -0.026753 -0.190000
v -0.049560 -0.026753 0.190000
v -0.050707 -0.026722 -0.190000
v -0.050707 -0.026722 0.190000
v -0.052441 -0.026677 -0.190000
v -0.052441 -0.026677 0.190000
v -0.054614 -0.026620 -0.190000
v -0.054614 -0.026620 0.190000
v -0.057081 -0.026555 -0.190000
v -0.057081 -0.026555 0.190000
v -0.059693 -0.026486 -0.190000
v -0.059693 -0.026486 0.190000
v -0.062306 -0.026417 -0.190000
v -0.062306 -0.026417 0.190000
v -0.064772 -0.026352 -0.190000
v -0.064772 -0.026352 0.190000
v -0.066945 -0.026295 -0.190000
v -0.066945 -0.026295 0.190000
v -0.068679 -0.026249 -0.190000
v -0.068679 -0.026250 0.190000
v -0.069827 -0.026219 -0.190000
v -0.069827 -0.026219 0.190000
v -0.070241 -0.026208 -0.190000
v -0.070241 -0.026208 0.190000
v -0.080039 -0.025604 -0.190000
v -0.080039 -0.025604 0.190000
v -0.088573 -0.024471 -0.190000
v -0.088573 -0.024471 0.190000
v -0.095923 -0.022858 -0.190000
v -0.095923 -0.022858 0.190000
v -0.102166 -0.020816 -0.190000
v -0.102166 -0.020816 0.190000
v -0.107381 -0.018394 -0.190000
v -0.107381 -0.018394 0.190000
v -0.111646 -0.015640 -0.190000
v -0.111646 -0.015640 0.190000
v -0.115040 -0.012606 -0.190000
v -0.115040 -0.012606 0.190000
v -0.117642 -0.009339 -0.190000
v -0.117642 -0.009339 0.190000
v -0.119528 -0.005890 -0.190000
v -0.119528 -0.005890 0.190000
v -0.120779 -0.002308 -0.190000
v -0.120779 -0.002308 0.190000
v -0.121472 0.001358 -0.190000
v -0.121472 0.001358 0.190000
v -0.121685 0.005079 -0.190000
v -0.121685 0.005079 0.190000
v -0.121685 0.005140 -0.190000
v -0.121685 0.005140 0.190000
v -0.121685 0.005231 -0.190000
v -0.121685 0.005231 0.190000
v -0.121685 0.005345 -0.190000
v -0.121685 0.005345 0.190000
v -0.121685 0.005475 -0.190000
v -0.121685 0.005475 0.190000
v -0.121685 0.005613 -0.190000
v -0.121685 0.005613 0.190000
v -0.121685 0.005750 -0.190000
v -0.121685 0.005750 0.190000
v -0.121685 0.005880 -0.190000
v -0.121685 0.005880 0.190000
v -0.121685 0.005994 -0.190000
v -0.121685 0.005994 0.190000
v -0.121685 0.006086 -0.190000
v -0.121685 0.006086 0.190000
v -0.121685 0.006168 -0.190000
v -0.121685 0.006168 0.190000
v -0.121450 0.010196 -0.190000
v -0.121450 0.010196 0.190000
v -0.120663 0.014110 -0.190000
v -0.120663 0.014110 0.190000
v -0.119208 0.017864 -0.190000
v -0.119208 0.017864 0.190000
v -0.116963 0.021414 -0.190000
v -0.116963 0.021414 0.190000
v -0.113812 0.024715 -0.190000
v -0.113812 0.024715 0.190000
v -0.109634 0.027722 -0.190000
v -0.109634 0.027722 0.190000
v -0.104311 0.030389 -0.190000
v -0.104311 0.030389 0.190000
v -0.097725 0.032673 -0.190000
v -0.097725 0.032673 0.190000
v -0.089756 0.034527 -0.190000
v -0.089756 0.034527 0.190000
v -0.080285 0.035907 -0.190000
v -0.080285 0.035907 0.190000
v -0.069193 0.036768 -0.190000
v -0.069193 0.036768 0.190000
v -0.056362 0.037065 -0.190000
v -0.056362 0.037065 0.190000
v -0.056169 0.037065 -0.190000
v -0.056169 0.037065 0.190000
v -0.055636 0.037065 -0.190000
v -0.055636 0.037065 0.190000
v -0.054830 0.037065 -0.190000
v -0.054830 0.037065 0.190000
v -0.053820 0.037065 -0.190000
v -0.053820 0.037065 0.190000
v -0.052673 0.037065 -0.190000
v -0.052673 0.037065 0.190000
v -0.051459 0.037065 -0.190000
v -0.051459 0.037065 0.190000
v -0.050244 0.037065 -0.190000
v -0.050244 0.037065 0.190000
v -0.049098 0.037065 -0.190000
v -0.049098 0.037065 0.190000
v -0.048087 0.037065 -0.190000
v -0.048087 0.037065 0.190000
v -0.047282 0.037065 -0.190000
v -0.047282 0.037065 0.190000
v -0.046748 0.037065 -0.190000
v -0.046748 0.037065 0.190000
v -0.046555 0.037065 -0.190000
v -0.046555 0.037065 0.190000
v -0.034035 0.036761 -0.190000
v -0.034035 0.036761 0.190000
v -0.023147 0.035881 -0.190000
v -0.023147 0.035881 0.190000
v -0.013786 0.034475 -0.190000
v -0.013786 0.034475 0.190000
v -0.005850 0.032591 -0.190000
v -0.005850 0.032590 0.190000
v 0.000764 0.030277 -0.190000
v 0.000764 0.030277 0.190000
v 0.006162 0.027583 -0.190000
v 0.006162 0.027583 0.190000
v 0.010445 0.024558 -0.190000
v 0.010445 0.024558 0.190000
v 0.013717 0.021250 -0.190000
v 0.013717 0.021250 0.190000
v 0.016082 0.017708 -0.190000
v 0.016082 0.017708 0.190000
v 0.017643 0.013981 -0.190000
v 0.017643 0.013981 0.190000
v 0.018504 0.010118 -0.190000
v 0.018504 0.010118 0.190000
v 0.018768 0.006126 -0.190000
v 0.018768 0.006126 0.190000
v 0.018768 0.006079 -0.190000
v 0.018768 0.006079 0.190000
v 0.018768 0.006020 -0.190000
v 0.018768 0.006020 0.190000
v 0.018768 0.005954 -0.190000
v 0.018768 0.005954 0.190000
v 0.018768 0.005883 -0.190000
v 0.018768 0.005883 0.190000
v 0.018768 0.005813 -0.190000
v 0.018768 0.005813 0.190000
v 0.018768 0.005746 -0.190000
v 0.018768 0.005746 0.190000
v 0.018768 0.005687 -0.190000
v 0.018768 0.005687 0.190000
v 0.018768 0.005598 -0.190000
v 0.018768 0.005598 0.190000
v 0.018762 0.005500 -0.190000
v 0.018762 0.005500 0.190000
v 0.018742 0.005406 -0.190000
v 0.018742 0.005406 0.190000
v 0.018711 0.005316 -0.190000
v 0.018711 0.005316 0.190000
v 0.018669 0.005232 -0.190000
v 0.018669 0.005232 0.190000
v 0.018617 0.005155 -0.190000
v 0.018617 0.005155 0.190000
v 0.018556 0.005086 -0.190000
v 0.018556 0.005086 0.190000
v 0.018487 0.005024 -0.190000
v 0.018487 0.005024 0.190000
v 0.018410 0.004972 -0.190000
v 0.018410 0.004972 0.190000
v 0.018326 0.004930 -0.190000
v 0.018326 0.004930 0.190000
v 0.018236 0.004899 -0.190000
v 0.018236 0.004899 0.190000
v 0.018142 0.004880 -0.190000
v 0.018142 0.004880 0.190000
v 0.018043 0.004873 -0.190000
v 0.018043 0.004873 0.190000
v 0.017067 0.004873 -0.190000
v 0.017067 0.004873 0.190000
v 0.014368 0.004873 -0.190000
v 0.014368 0.004873 0.190000
v 0.010292 0.004873 -0.190000
v 0.010292 0.004873 0.190000
v 0.005182 0.004873 -0.190000
v 0.005182 0.004873 0.190000
v -0.000618 0.004873 -0.190000
v -0.000618 0.004873 0.190000
v -0.006761 0.004873 -0.190000
v -0.006761 0.004873 0.190000
v -0.012905 0.004873 -0.190000
v -0.012905 0.004873 0.190000
v -0.018704 0.004873 -0.190000
v -0.018704 0.004873 0.190000
v -0.023814 0.004873 -0.190000
v -0.023814 0.004873 0.190000
v -0.027891 0.004873 -0.190000
v -0.027891 0.004873 0.190000
v -0.030589 0.004873 -0.190000
v -0.030589 0.004873 0.190000
v -0.031694 0.005755 -0.190000
v -0.031694 0.005755 0.190000
v -0.031928 0.006715 -0.190000
v -0.031928 0.006715 0.190000
v -0.032320 0.007724 -0.190000
v -0.032320 0.007724 0.190000
v -0.032922 0.008752 -0.190000
v -0.032922 0.008752 0.190000
v -0.033787 0.009769 -0.190000
v -0.033787 0.009769 0.190000
v -0.034966 0.010747 -0.190000
v -0.034966 0.010747 0.190000
v -0.036511 0.011656 -0.190000
v -0.036511 0.011656 0.190000
v -0.038474 0.012465 -0.190000
v -0.038474 0.012465 0.190000
v -0.040908 0.013147 -0.190000
v -0.040908 0.013146 0.190000
v -0.043864 0.013670 -0.190000
v -0.043864 0.013670 0.190000
v -0.047395 0.014005 -0.190000
v -0.047395 0.014005 0.190000
v -0.051736 0.014124 -0.190000
v -0.051736 0.014124 0.190000
v -0.055539 0.014074 -0.190000
v -0.055539 0.014074 0.190000
v -0.058829 0.013925 -0.190000
v -0.058829 0.013925 0.190000
v -0.061642 0.013678 -0.190000
v -0.061642 0.013678 0.190000
v -0.064011 0.013336 -0.190000
v -0.064011 0.013336 0.190000
v -0.065971 0.012898 -0.190000
v -0.065971 0.012898 0.190000
v -0.067558 0.012366 -0.190000
v -0.067558 0.012366 0.190000
v -0.068805 0.011742 -0.190000
v -0.068805 0.011742 0.190000
v -0.069748 0.011027 -0.190000
v -0.069748 0.011026 0.190000
v -0.070420 0.010221 -0.190000
v -0.070420 0.010221 0.190000
v -0.070858 0.009327 -0.190000
v -0.070858 0.009327 0.190000
v -0.071095 0.008346 -0.190000
v -0.071095 0.008346 0.190000
v -0.071166 0.007093 -0.190000
v -0.071166 0.007093 0.190000
v -0.071096 0.006103 -0.190000
v -0.071096 0.006103 0.190000
v -0.070862 0.005170 -0.190000
v -0.070862 0.005170 0.190000
v -0.070435 0.004297 -0.190000
v -0.070435 0.004297 0.190000
v -0.069782 0.003488 -0.190000
v -0.069782 0.003488 0.190000
v -0.068872 0.002746 -0.190000
v -0.068872 0.002746 0.190000
v -0.067673 0.002074 -0.190000
v -0.067673 0.002074 0.190000
v -0.066155 0.001476 -0.190000
v -0.066155 0.001476 0.190000
v -0.064285 0.000953 -0.190000
v -0.064285 0.000953 0.190000
v -0.062032 0.000511 -0.190000
v -0.062032 0.000510 0.190000
v -0.059364 0.000151 -0.190000
v -0.059364 0.000151 0.190000
v -0.056251 -0.000123 -0.190000
v -0.056251 -0.000123 0.190000
v -0.052661 -0.000308 -0.190000
v -0.052661 -0.000308 0.190000
v -0.052249 -0.000319 -0.190000
v -0.052249 -0.000319 0.190000
v -0.051112 -0.000349 -0.190000
v -0.051112 -0.000349 0.190000
v -0.049394 -0.000394 -0.190000
v -0.049394 -0.000394 0.190000
v -0.047240 -0.000452 -0.190000
v -0.047240 -0.000452 0.190000
v -0.044795 -0.000516 -0.190000
v -0.044795 -0.000516 0.190000
v -0.042206 -0.000585 -0.190000
v -0.042206 -0.000585 0.190000
v -0.039617 -0.000654 -0.190000
v -0.039617 -0.000654 0.190000
v -0.037172 -0.000719 -0.190000
v -0.037172 -0.000719 0.190000
v -0.035018 -0.000776 -0.190000
v -0.035018 -0.000776 0.190000
v -0.033300 -0.000822 -0.190000
v -0.033300 -0.000822 0.190000
v -0.032163 -0.000852 -0.190000
v -0.032163 -0.000852 0.190000
v -0.031751 -0.000863 -0.190000
v -0.031751 -0.000863 0.190000
v -0.021238 -0.001383 -0.190000
v -0.021238 -0.001383 0.190000
v -0.012121 -0.002294 -0.190000
v -0.012121 -0.002294 0.190000
v -0.004308 -0.003594 -0.190000
v -0.004308 -0.003594 0.190000
v 0.002292 -0.005282 -0.190000
v 0.002292 -0.005282 0.190000
v 0.007772 -0.007355 -0.190000
v 0.007772 -0.007355 0.190000
v 0.012223 -0.009812 -0.190000
v 0.012223 -0.009812 0.190000
v 0.015737 -0.012651 -0.190000
v 0.015737 -0.012651 0.190000
v 0.018406 -0.015869 -0.190000
v 0.018406 -0.015869 0.190000
v 0.020321 -0.019465 -0.190000
v 0.020321 -0.019465 0.190000
v 0.021576 -0.023436 -0.190000
v 0.021576 -0.023436 0.190000
v 0.022262 -0.027782 -0.190000
v 0.022262 -0.027782 0.190000
v 0.073169 -0.065247 -0.190000
v 0.073169 -0.065247 0.190000
v 0.069032 -0.065051 -0.190000
v 0.069032 -0.065051 0.190000
v 0.065232 -0.064461 -0.190000
v 0.065232 -0.064461 0.190000
v 0.061773 -0.063478 -0.190000
v 0.061773 -0.063478 0.190000
v 0.058659 -0.062102 -0.190000
v 0.058659 -0.062102 0.190000
v 0.055894 -0.060333 -0.190000
v 0.055894 -0.060333 0.190000
v 0.053483 -0.058170 -0.190000
v 0.053483 -0.058170 0.190000
v 0.051431 -0.055615 -0.190000
v 0.051431 -0.055615 0.190000
v 0.049742 -0.052666 -0.190000
v 0.049742 -0.052666 0.190000
v 0.048420 -0.049324 -0.190000
v 0.048420 -0.049324 0.190000
v 0.047471 -0.045589 -0.190000
v 0.047471 -0.045589 0.190000
v 0.046898 -0.041461 -0.190000
v 0.046898 -0.041461 0.190000
v 0.046706 -0.036940 -0.190000
v 0.046706 -0.036940 0.190000
v 0.046706 -0.036153 -0.190000
v 0.046706 -0.036153 0.190000
v 0.046706 -0.033979 -0.190000
v 0.046706 -0.033979 0.190000
v 0.046706 -0.030693 -0.190000
v 0.046706 -0.030693 0.190000
v 0.046706 -0.026575 -0.190000
v 0.046706 -0.026575 0.190000
v 0.046706 -0.021902 -0.190000
v 0.046706 -0.021902 0.190000
v 0.046706 -0.016951 -0.190000
v 0.046706 -0.016951 0.190000
v 0.046706 -0.012000 -0.190000
v 0.046706 -0.012000 0.190000
v 0.046706 -0.007327 -0.190000
v 0.046706 -0.007327 0.190000
v 0.046706 -0.003208 -0.190000
v 0.046706 -0.003208 0.190000
v 0.046706 0.000077 -0.190000
v 0.046706 0.000077 0.190000
v 0.046706 0.002252 -0.190000
v 0.046706 0.002252 0.190000
v 0.046706 0.003038 -0.190000
v 0.046706 0.003038 0.190000
v 0.046699 0.003136 -0.190000
v 0.046699 0.003136 0.190000
v 0.046680 0.003231 -0.190000
v 0.046680 0.003231 0.190000
v 0.046649 0.003320 -0.190000
v 0.046649 0.003320 0.190000
v 0.046607 0.003404 -0.190000
v 0.046607 0.003404 0.190000
v 0.046555 0.003481 -0.190000
v 0.046555 0.003481 0.190000
v 0.046493 0.003551 -0.190000
v 0.046493 0.003551 0.190000
v 0.046424 0.003612 -0.190000
v 0.046424 0.003612 0.190000
v 0.046346 0.003664 -0.190000
v 0.046346 0.003664 0.190000
v 0.046263 0.003706 -0.190000
v 0.046263 0.003706 0.190000
v 0.046173 0.003737 -0.190000
v 0.046173 0.003737 0.190000
v 0.046079 0.003756 -0.190000
v 0.046079 0.003756 0.190000
v 0.045981 0.003763 -0.190000
v 0.045981 0.003763 0.190000
v 0.045634 0.003763 -0.190000
v 0.045634 0.003763 0.190000
v 0.044676 0.003763 -0.190000
v 0.044676 0.003763 0.190000
v 0.043229 0.003763 -0.190000
v 0.043229 0.003763 0.190000
v 0.041415 0.003763 -0.190000
v 0.041415 0.003763 0.190000
v 0.039357 0.003763 -0.190000
v 0.039357 0.003763 0.190000
v 0.037176 0.003763 -0.190000
v 0.037176 0.003763 0.190000
v 0.034995 0.003763 -0.190000
v 0.034995 0.003763 0.190000
v 0.032936 0.003763 -0.190000
v 0.032936 0.003763 0.190000
v 0.031122 0.003763 -0.190000
v 0.031122 0.003763 0.190000
v 0.029675 0.003763 -0.190000
v 0.029675 0.003763 0.190000
v 0.028717 0.003763 -0.190000
v 0.028717 0.003763 0.190000
v 0.028371 0.003763 -0.190000
v 0.028371 0.003763 0.190000
v 0.028272 0.003770 -0.190000
v 0.028272 0.003770 0.190000
v 0.028178 0.003789 -0.190000
v 0.028178 0.003789 0.190000
v 0.028088 0.003820 -0.190000
v 0.028088 0.003820 0.190000
v 0.028004 0.003862 -0.190000
v 0.028004 0.003862 0.190000
v 0.027927 0.003914 -0.190000
v 0.027927 0.003914 0.190000
v 0.027857 0.003975 -0.190000
v 0.027857 0.003975 0.190000
v 0.027796 0.004045 -0.190000
v 0.027796 0.004045 0.190000
v 0.027744 0.004122 -0.190000
v 0.027744 0.004122 0.190000
v 0.027702 0.004206 -0.190000
v 0.027702 0.004206 0.190000
v 0.027671 0.004295 -0.190000
v 0.027671 0.004295 0.190000
v 0.027651 0.004390 -0.190000
v 0.027651 0.004389 0.190000
v 0.027645 0.004488 -0.190000
v 0.027645 0.004488 0.190000
v 0.027645 0.005060 -0.190000
v 0.027645 0.005060 0.190000
v 0.027645 0.006642 -0.190000
v 0.027645 0.006642 0.190000
v 0.027645 0.009031 -0.190000
v 0.027645 0.009031 0.190000
v 0.027645 0.012026 -0.190000
v 0.027645 0.012026 0.190000
v 0.027645 0.015425 -0.190000
v 0.027645 0.015425 0.190000
v 0.027645 0.019026 -0.190000
v 0.027645 0.019026 0.190000
v 0.027645 0.022628 -0.190000
v 0.027645 0.022627 0.190000
v 0.027645 0.026027 -0.190000
v 0.027645 0.026027 0.190000
v 0.027645 0.029022 -0.190000
v 0.027645 0.029022 0.190000
v 0.027645 0.031411 -0.190000
v 0.027645 0.031411 0.190000
v 0.027645 0.032993 -0.190000
v 0.027645 0.032993 0.190000
v 0.027645 0.033565 -0.190000
v 0.027645 0.033565 0.190000
v 0.027651 0.033663 -0.190000
v 0.027651 0.033663 0.190000
v 0.027671 0.033758 -0.190000
v 0.027671 0.033758 0.190000
v 0.027702 0.033847 -0.190000
v 0.027702 0.033847 0.190000
v 0.027744 0.033931 -0.190000
v 0.027744 0.033931 0.190000
v 0.027796 0.034008 -0.190000
v 0.027796 0.034008 0.190000
v 0.027857 0.034078 -0.190000
v 0.027857 0.034078 0.190000
v 0.027927 0.034139 -0.190000
v 0.027927 0.034139 0.190000
v 0.028004 0.034191 -0.190000
v 0.028004 0.034191 0.190000
v 0.028088 0.034233 -0.190000
v 0.028088 0.034233 0.190000
v 0.028178 0.034264 -0.190000
v 0.028178 0.034264 0.190000
v 0.028272 0.034283 -0.190000
v 0.028272 0.034283 0.190000
v 0.028371 0.034290 -0.190000
v 0.028371 0.034290 0.190000
v 0.028718 0.034290 -0.190000
v 0.028718 0.034290 0.190000
v 0.029675 0.034290 -0.190000
v 0.029675 0.034290 0.190000
v 0.031122 0.034290 -0.190000
v 0.031122 0.034290 0.190000
v 0.032936 0.034290 -0.190000
v 0.032936 0.034290 0.190000
v 0.034995 0.034290 -0.190000
v 0.034995 0.034290 0.190000
v 0.037176 0.034290 -0.190000
v 0.037176 0.034290 0.190000
v 0.039357 0.034290 -0.190000
v 0.039357 0.034290 0.190000
v 0.041415 0.034290 -0.190000
v 0.041415 0.034290 0.190000
v 0.043229 0.034290 -0.190000
v 0.043229 0.034290 0.190000
v 0.044676 0.034290 -0.190000
v 0.044676 0.034290 0.190000
v 0.045634 0.034290 -0.190000
v 0.045634 0.034290 0.190000
v 0.045981 0.034290 -0.190000
v 0.045981 0.034290 0.190000
v 0.046079 0.034297 -0.190000
v 0.046079 0.034297 0.190000
v 0.046173 0.034316 -0.190000
v 0.046173 0.034316 0.190000
v 0.046263 0.034347 -0.190000
v 0.046263 0.034347 0.190000
v 0.046347 0.034389 -0.190000
v 0.046347 0.034389 0.190000
v 0.046424 0.034441 -0.190000
v 0.046424 0.034441 0.190000
v 0.046493 0.034502 -0.190000
v 0.046493 0.034502 0.190000
v 0.046555 0.034572 -0.190000
v 0.046555 0.034572 0.190000
v 0.046607 0.034649 -0.190000
v 0.046607 0.034649 0.190000
v 0.046649 0.034733 -0.190000
v 0.046649 0.034733 0.190000
v 0.046680 0.034822 -0.190000
v 0.046680 0.034822 0.190000
v 0.046699 0.034916 -0.190000
v 0.046699 0.034916 0.190000
v 0.046706 0.035015 -0.190000
v 0.046706 0.035015 0.190000
v 0.046706 0.035558 -0.190000
v 0.046706 0.035558 0.190000
v 0.046706 0.037059 -0.190000
v 0.046706 0.037059 0.190000
v 0.046706 0.039327 -0.190000
v 0.046706 0.039327 0.190000
v 0.046706 0.042170 -0.190000
v 0.046706 0.042170 0.190000
v 0.046706 0.045396 -0.190000
v 0.046706 0.045396 0.190000
v 0.046706 0.048813 -0.190000
v 0.046706 0.048813 0.190000
v 0.046706 0.052231 -0.190000
v 0.046706 0.052231 0.190000
v 0.046706 0.055457 -0.190000
v 0.046706 0.055457 0.190000
v 0.046706 0.058300 -0.190000
v 0.046706 0.058300 0.190000
v 0.046706 0.060568 -0.190000
v 0.046706 0.060568 0.190000
v 0.046706 0.062069 -0.190000
v 0.046706 0.062069 0.190000
v 0.046706 0.062612 -0.190000
v 0.046706 0.062612 0.190000
v 0.046712 0.062710 -0.190000
v 0.046712 0.062710 0.190000
v 0.046732 0.062805 -0.190000
v 0.046732 0.062805 0.190000
v 0.046763 0.062894 -0.190000
v 0.046763 0.062894 0.190000
v 0.046805 0.062978 -0.190000
v 0.046805 0.062978 0.190000
v 0.046857 0.063055 -0.190000
v 0.046857 0.063055 0.190000
v 0.046918 0.063125 -0.190000
v 0.046918 0.063124 0.190000
v 0.046988 0.063186 -0.190000
v 0.046988 0.063186 0.190000
v 0.047065 0.063238 -0.190000
v 0.047065 0.063238 0.190000
v 0.047149 0.063280 -0.190000
v 0.047149 0.063280 0.190000
v 0.047238 0.063311 -0.190000
v 0.047238 0.063311 0.190000
v 0.047333 0.063330 -0.190000
v 0.047333 0.063330 0.190000
v 0.047431 0.063337 -0.190000
v 0.047431 0.063337 0.190000
v 0.048385 0.063337 -0.190000
v 0.048385 0.063337 0.190000
v 0.051024 0.063337 -0.190000
v 0.051024 0.063337 0.190000
v 0.055011 0.063337 -0.190000
v 0.055011 0.063337 0.190000
v 0.060008 0.063337 -0.190000
v 0.060008 0.063337 0.190000
v 0.065679 0.063337 -0.190000
v 0.065679 0.063337 0.190000
v 0.071688 0.063337 -0.190000
v 0.071688 0.063337 0.190000
v 0.077696 0.063337 -0.190000
v 0.077696 0.063337 0.190000
v 0.083367 0.063337 -0.190000
v 0.083367 0.063337 0.190000
v 0.088364 0.063337 -0.190000
v 0.088364 0.063337 0.190000
v 0.092351 0.063337 -0.190000
v 0.092351 0.063337 0.190000
v 0.094990 0.063337 -0.190000
v 0.094990 0.063337 0.190000
v 0.095944 0.063337 -0.190000
v 0.095944 0.063337 0.190000
v 0.096043 0.063330 -0.190000
v 0.096043 0.063330 0.190000
v 0.096137 0.063311 -0.190000
v 0.096137 0.063311 0.190000
v 0.096227 0.063280 -0.190000
v 0.096227 0.063280 0.190000
v 0.096310 0.063238 -0.190000
v 0.096310 0.063238 0.190000
v 0.096388 0.063186 -0.190000
v 0.096388 0.063186 0.190000
v 0.096457 0.063125 -0.190000
v 0.096457 0.063124 0.190000
v 0.096519 0.063055 -0.190000
v 0.096519 0.063055 0.190000
v 0.096570 0.062978 -0.190000
v 0.096570 0.062978 0.190000
v 0.096613 0.062894 -0.190000
v 0.096613 0.062894 0.190000
v 0.096644 0.062805 -0.190000
v 0.096644 0.062805 0.190000
v 0.096663 0.062710 -0.190000
v 0.096663 0.062710 0.190000
v 0.096669 0.062612 -0.190000
v 0.096669 0.062612 0.190000
v 0.096669 0.062069 -0.190000
v 0.096669 0.062069 0.190000
v 0.096669 0.060568 -0.190000
v 0.096669 0.060568 0.190000
v 0.096669 0.058300 -0.190000
v 0.096669 0.058300 0.190000
v 0.096669 0.055457 -0.190000
v 0.096669 0.055457 0.190000
v 0.096669 0.052231 -0.190000
v 0.096669 0.052231 0.190000
v 0.096669 0.048813 -0.190000
v 0.096669 0.048813 0.190000
v 0.096669 0.045396 -0.190000
v 0.096669 0.045396 0.190000
v 0.096669 0.042170 -0.190000
v 0.096669 0.042170 0.190000
v 0.096669 0.039327 -0.190000
v 0.096669 0.039327 0.190000
v 0.096669 0.037059 -0.190000
v 0.096669 0.037059 0.190000
v 0.096669 0.035558 -0.190000
v 0.096669 0.035558 0.190000
v 0.096669 0.035015 -0.190000
v 0.096669 0.035015 0.190000
v 0.096676 0.034916 -0.190000
v 0.096676 0.034916 0.190000
v 0.096695 0.034822 -0.190000
v 0.096695 0.034822 0.190000
v 0.096727 0.034733 -0.190000
v 0.096727 0.034733 0.190000
v 0.096768 0.034649 -0.190000
v 0.096768 0.034649 0.190000
v 0.096821 0.034572 -0.190000
v 0.096821 0.034572 0.190000
v 0.096882 0.034502 -0.190000
v 0.096882 0.034502 0.190000
v 0.096952 0.034441 -0.190000
v 0.096952 0.034441 0.190000
v 0.097029 0.034389 -0.190000
v 0.097029 0.034389 0.190000
v 0.097112 0.034347 -0.190000
v 0.097112 0.034347 0.190000
v 0.097202 0.034316 -0.190000
v 0.097202 0.034316 0.190000
v 0.097296 0.034297 -0.190000
v 0.097296 0.034297 0.190000
v 0.097394 0.034290 -0.190000
v 0.097394 0.034290 0.190000
v 0.097741 0.034290 -0.190000
v 0.097741 0.034290 0.190000
v 0.098699 0.034290 -0.190000
v 0.098699 0.034290 0.190000
v 0.100146 0.034290 -0.190000
v 0.100146 0.034290 0.190000
v 0.101960 0.034290 -0.190000
v 0.101960 0.034290 0.190000
v 0.104019 0.034290 -0.190000
v 0.104019 0.034290 0.190000
v 0.106200 0.034290 -0.190000
v 0.106200 0.034290 0.190000
v 0.108381 0.034290 -0.190000
v 0.108381 0.034290 0.190000
v 0.110439 0.034290 -0.190000
v 0.110439 0.034290 0.190000
v 0.112253 0.034290 -0.190000
v 0.112253 0.034290 0.190000
v 0.113701 0.034290 -0.190000
v 0.113701 0.034290 0.190000
v 0.114658 0.034290 -0.190000
v 0.114658 0.034290 0.190000
v 0.115005 0.034290 -0.190000
v 0.115005 0.034290 0.190000
v 0.115104 0.034283 -0.190000
v 0.115104 0.034283 0.190000
v 0.115198 0.034264 -0.190000
v 0.115198 0.034264 0.190000
v 0.115287 0.034233 -0.190000
v 0.115287 0.034233 0.190000
v 0.115371 0.034191 -0.190000
v 0.115371 0.034191 0.190000
v 0.115448 0.034139 -0.190000
v 0.115448 0.034139 0.190000
v 0.115517 0.034078 -0.190000
v 0.115517 0.034078 0.190000
v 0.115578 0.034008 -0.190000
v 0.115578 0.034008 0.190000
v 0.115630 0.033931 -0.190000
v 0.115630 0.033931 0.190000
v 0.115672 0.033847 -0.190000
v 0.115672 0.033847 0.190000
v 0.115703 0.033758 -0.190000
v 0.115703 0.033758 0.190000
v 0.115723 0.033663 -0.190000
v 0.115723 0.033663 0.190000
v 0.115729 0.033565 -0.190000
v 0.115729 0.033565 0.190000
v 0.115729 0.032979 -0.190000
v 0.115729 0.032979 0.190000
v 0.115729 0.031358 -0.190000
v 0.115729 0.031358 0.190000
v 0.115729 0.028909 -0.190000
v 0.115729 0.028909 0.190000
v 0.115729 0.025839 -0.190000
v 0.115729 0.025839 0.190000
v 0.115729 0.022355 -0.190000
v 0.115729 0.022355 0.190000
v 0.115729 0.018664 -0.190000
v 0.115729 0.018664 0.190000
v 0.115729 0.014973 -0.190000
v 0.115729 0.014973 0.190000
v 0.115729 0.011489 -0.190000
v 0.115729 0.011489 0.190000
v 0.115729 0.008420 -0.190000
v 0.115729 0.008420 0.190000
v 0.115729 0.005971 -0.190000
v 0.115729 0.005971 0.190000
v 0.115729 0.004349 -0.190000
v 0.115729 0.004349 0.190000
v 0.097394 0.003763 -0.190000
v 0.097394 0.003763 0.190000
v 0.097296 0.003756 -0.190000
v 0.097296 0.003756 0.190000
v 0.097202 0.003737 -0.190000
v 0.097202 0.003737 0.190000
v 0.097112 0.003706 -0.190000
v 0.097112 0.003706 0.190000
v 0.097028 0.003664 -0.190000
v 0.097028 0.003664 0.190000
v 0.096951 0.003612 -0.190000
v 0.096951 0.003612 0.190000
v 0.096882 0.003551 -0.190000
v 0.096882 0.003551 0.190000
v 0.096820 0.003481 -0.190000
v 0.096820 0.003481 0.190000
v 0.096768 0.003404 -0.190000
v 0.096768 0.003404 0.190000
v 0.096726 0.003320 -0.190000
v 0.096726 0.003320 0.190000
v 0.096695 0.003231 -0.190000
v 0.096695 0.003231 0.190000
v 0.096676 0.003136 -0.190000
v 0.096676 0.003136 0.190000
v 0.096669 0.003038 -0.190000
v 0.096669 0.003038 0.190000
v 0.096669 0.002474 -0.190000
v 0.096669 0.002474 0.190000
v 0.096669 0.000913 -0.190000
v 0.096669 0.000913 0.190000
v 0.096669 -0.001445 -0.190000
v 0.096669 -0.001445 0.190000
v 0.096669 -0.004401 -0.190000
v 0.096669 -0.004401 0.190000
v 0.096669 -0.007755 -0.190000
v 0.096669 -0.007755 0.190000
v 0.096669 -0.011308 -0.190000
v 0.096669 -0.011308 0.190000
v 0.096669 -0.014862 -0.190000
v 0.096669 -0.014862 0.190000
v 0.096669 -0.018216 -0.190000
v 0.096669 -0.018216 0.190000
v 0.096669 -0.021171 -0.190000
v 0.096669 -0.021171 0.190000
v 0.096669 -0.023529 -0.190000
v 0.096669 -0.023529 0.190000
v 0.096669 -0.025090 -0.190000
v 0.096669 -0.025090 0.190000
v 0.096669 -0.025655 -0.190000
v 0.096669 -0.025655 0.190000
v 0.096696 -0.027108 -0.190000
v 0.096696 -0.027108 0.190000
v 0.096785 -0.028418 -0.190000
v 0.096785 -0.028418 0.190000
v 0.096956 -0.029588 -0.190000
v 0.096956 -0.029589 0.190000
v 0.097225 -0.030622 -0.190000
v 0.097225 -0.030622 0.190000
v 0.097609 -0.031522 -0.190000
v 0.097609 -0.031522 0.190000
v 0.098127 -0.032291 -0.190000
v 0.098127 -0.032291 0.190000
v 0.098795 -0.032933 -0.190000
v 0.098795 -0.032934 0.190000
v 0.099630 -0.033452 -0.190000
v 0.099630 -0.033452 0.190000
v 0.100651 -0.033849 -0.190000
v 0.100651 -0.033849 0.190000
v 0.101874 -0.034129 -0.190000
v 0.101874 -0.034129 0.190000
v 0.103317 -0.034295 -0.190000
v 0.103317 -0.034295 0.190000
v 0.104996 -0.034350 -0.190000
v 0.104996 -0.034350 0.190000
v 0.105208 -0.034350 -0.190000
v 0.105208 -0.034350 0.190000
v 0.105791 -0.034350 -0.190000
v 0.105791 -0.034350 0.190000
v 0.106673 -0.034350 -0.190000
v 0.106673 -0.034350 0.190000
v 0.107779 -0.034350 -0.190000
v 0.107779 -0.034350 0.190000
v 0.109034 -0.034350 -0.190000
v 0.109034 -0.034350 0.190000
v 0.110363 -0.034350 -0.190000
v 0.110363 -0.034350 0.190000
v 0.111692 -0.034350 -0.190000
v 0.111692 -0.034350 0.190000
v 0.112947 -0.034350 -0.190000
v 0.112947 -0.034350 0.190000
v 0.114052 -0.034350 -0.190000
v 0.114052 -0.034350 0.190000
v 0.114934 -0.034350 -0.190000
v 0.114934 -0.034350 0.190000
v 0.115518 -0.034350 -0.190000
v 0.115518 -0.034350 0.190000
v 0.282628 -0.028984 -0.190000
v 0.282628 -0.028984 0.190000
v 0.282678 -0.028988 -0.190000
v 0.282678 -0.028988 0.190000
v 0.282726 -0.028998 -0.190000
v 0.282726 -0.028998 0.190000
v 0.282969 -0.029210 -0.190000
v 0.282969 -0.029210 0.190000
v 0.282984 -0.029256 -0.190000
v 0.282984 -0.029256 0.190000
v 0.282994 -0.029304 -0.190000
v 0.282994 -0.029304 0.190000
v 0.282998 -0.029354 -0.190000
v 0.282998 -0.029354 0.190000
v 0.282793 -0.033030 -0.190000
v 0.282793 -0.033030 0.190000
v 0.282067 -0.037036 -0.190000
v 0.282067 -0.037036 0.190000
v 0.280653 -0.041250 -0.190000
v 0.280653 -0.041250 0.190000
v 0.278386 -0.045546 -0.190000
v 0.278386 -0.045546 0.190000
v 0.275098 -0.049801 -0.190000
v 0.275098 -0.049801 0.190000
v 0.270623 -0.053891 -0.190000
v 0.270623 -0.053891 0.190000
v 0.264795 -0.057692 -0.190000
v 0.264795 -0.057692 0.190000
v 0.257448 -0.061080 -0.190000
v 0.257448 -0.061080 0.190000
v 0.248414 -0.063931 -0.190000
v 0.248414 -0.063931 0.190000
v 0.237528 -0.066121 -0.190000
v 0.237528 -0.066121 0.190000
v 0.224624 -0.067526 -0.190000
v 0.224624 -0.067526 0.190000
v 0.209533 -0.068022 -0.190000
v 0.209533 -0.068022 0.190000
v 0.209340 -0.068022 -0.190000
v 0.209340 -0.068022 0.190000
v 0.208807 -0.068022 -0.190000
v 0.208807 -0.068022 0.190000
v 0.208001 -0.068022 -0.190000
v 0.208001 -0.068022 0.190000
v 0.206991 -0.068022 -0.190000
v 0.206991 -0.068022 0.190000
v 0.205844 -0.068022 -0.190000
v 0.205844 -0.068022 0.190000
v 0.204630 -0.068022 -0.190000
v 0.204630 -0.068022 0.190000
v 0.203415 -0.068022 -0.190000
v 0.203415 -0.068022 0.190000
v 0.202269 -0.068022 -0.190000
v 0.202269 -0.068022 0.190000
v 0.201258 -0.068022 -0.190000
v 0.201258 -0.068022 0.190000
v 0.200452 -0.068022 -0.190000
v 0.200452 -0.068022 0.190000
v 0.199919 -0.068022 -0.190000
v 0.199919 -0.068022 0.190000
v 0.199726 -0.068022 -0.190000
v 0.199726 -0.068022 0.190000
v 0.185441 -0.067459 -0.190000
v 0.185441 -0.067459 0.190000
v 0.173039 -0.065844 -0.190000
v 0.173039 -0.065844 0.190000
v 0.162397 -0.063292 -0.190000
v 0.162397 -0.063292 0.190000
v 0.153394 -0.059915 -0.190000
v 0.153394 -0.059915 0.190000
v 0.145908 -0.055827 -0.190000
v 0.145908 -0.055827 0.190000
v 0.139815 -0.051139 -0.190000
v 0.139815 -0.051139 0.190000
v 0.134995 -0.045966 -0.190000
v 0.134995 -0.045966 0.190000
v 0.131325 -0.040421 -0.190000
v 0.131325 -0.040421 0.190000
v 0.128683 -0.034616 -0.190000
v 0.128683 -0.034616 0.190000
v 0.126947 -0.028664 -0.190000
v 0.126947 -0.028664 0.190000
v 0.125995 -0.022679 -0.190000
v 0.125995 -0.022679 0.190000
v 0.125705 -0.016774 -0.190000
v 0.125705 -0.016774 0.190000
v 0.125705 -0.016701 -0.190000
v 0.125705 -0.016701 0.190000
v 0.125705 -0.016500 -0.190000
v 0.125705 -0.016500 0.190000
v 0.125705 -0.016196 -0.190000
v 0.125705 -0.016196 0.190000
v 0.125705 -0.015815 -0.190000
v 0.125705 -0.015815 0.190000
v 0.125705 -0.015382 -0.190000
v 0.125705 -0.015382 0.190000
v 0.125705 -0.014924 -0.190000
v 0.125705 -0.014924 0.190000
v 0.125705 -0.014465 -0.190000
v 0.125705 -0.014465 0.190000
v 0.125705 -0.014033 -0.190000
v 0.125705 -0.014033 0.190000
v 0.125705 -0.013651 -0.190000
v 0.125705 -0.013651 0.190000
v 0.125705 -0.013347 -0.190000
v 0.125705 -0.013347 0.190000
v 0.125705 -0.013146 -0.190000
v 0.125705 -0.013146 0.190000
v 0.125705 -0.013073 -0.190000
v 0.125705 -0.013073 0.190000
v 0.125973 -0.007229 -0.190000
v 0.125973 -0.007229 0.190000
v 0.126867 -0.001329 -0.190000
v 0.126867 -0.001329 0.190000
v 0.128518 0.004517 -0.190000
v 0.128518 0.004517 0.190000
v 0.131058 0.010204 -0.190000
v 0.131058 0.010204 0.190000
v 0.134617 0.015623 -0.190000
v 0.134617 0.015623 0.190000
v 0.139329 0.020668 -0.190000
v 0.139329 0.020668 0.190000
v 0.145325 0.025231 -0.190000
v 0.145325 0.025231 0.190000
v 0.152736 0.029205 -0.190000
v 0.152736 0.029205 0.190000
v 0.161694 0.032483 -0.190000
v 0.161694 0.032483 0.190000
v 0.172332 0.034957 -0.190000
v 0.172332 0.034957 0.190000
v 0.184780 0.036520 -0.190000
v 0.184780 0.036520 0.190000
v 0.199171 0.037065 -0.190000
v 0.199171 0.037065 0.190000
v 0.199371 0.037065 -0.190000
v 0.199371 0.037065 0.190000
v 0.199924 0.037065 -0.190000
v 0.199924 0.037065 0.190000
v 0.200761 0.037065 -0.190000
v 0.200761 0.037065 0.190000
v 0.201809 0.037065 -0.190000
v 0.201809 0.037065 0.190000
v 0.202999 0.037065 -0.190000
v 0.202999 0.037065 0.190000
v 0.204259 0.037065 -0.190000
v 0.204259 0.037065 0.190000
v 0.205520 0.037065 -0.190000
v 0.205520 0.037065 0.190000
v 0.206709 0.037065 -0.190000
v 0.206709 0.037065 0.190000
v 0.207758 0.037065 -0.190000
v 0.207758 0.037065 0.190000
v 0.208594 0.037065 -0.190000
v 0.208594 0.037065 0.190000
v 0.209147 0.037065 -0.190000
v 0.209147 0.037065 0.190000
v 0.209348 0.037065 -0.190000
v 0.209348 0.037065 0.190000
v 0.224449 0.036454 -0.190000
v 0.224449 0.036454 0.190000
v 0.237384 0.034707 -0.190000
v 0.237384 0.034707 0.190000
v 0.248316 0.031951 -0.190000
v 0.248316 0.031951 0.190000
v 0.257407 0.028315 -0.190000
v 0.257407 0.028315 0.190000
v 0.264819 0.023925 -0.190000
v 0.264819 0.023925 0.190000
v 0.270716 0.018911 -0.190000
v 0.270716 0.018911 0.190000
v 0.275259 0.013399 -0.190000
v 0.275259 0.013399 0.190000
v 0.278612 0.007518 -0.190000
v 0.278612 0.007518 0.190000
v 0.280937 0.001395 -0.190000
v 0.280937 0.001395 0.190000
v 0.282396 -0.004841 -0.190000
v 0.282396 -0.004841 0.190000
v 0.283153 -0.011063 -0.190000
v 0.283153 -0.011063 0.190000
v 0.283369 -0.017144 -0.190000
v 0.283369 -0.017144 0.190000
v 0.283369 -0.017239 -0.190000
v 0.283369 -0.017239 0.190000
v 0.283369 -0.017501 -0.190000
v 0.283369 -0.017501 0.190000
v 0.283369 -0.017898 -0.190000
v 0.283369 -0.017898 0.190000
v 0.283369 -0.018395 -0.190000
v 0.283369 -0.018395 0.190000
v 0.283369 -0.018959 -0.190000
v 0.283369 -0.018959 0.190000
v 0.283369 -0.019557 -0.190000
v 0.283369 -0.019557 0.190000
v 0.283369 -0.020154 -0.190000
v 0.283369 -0.020154 0.190000
v 0.283369 -0.020718 -0.190000
v 0.283369 -0.020718 0.190000
v 0.283369 -0.021216 -0.190000
v 0.283369 -0.021216 0.190000
v 0.283369 -0.021612 -0.190000
v 0.283369 -0.021612 0.190000
v 0.283369 -0.021875 -0.190000
v 0.283369 -0.021875 0.190000
v 0.283369 -0.021970 -0.190000
v 0.283369 -0.021970 0.190000
v 0.283362 -0.022068 -0.190000
v 0.283362 -0.022068 0.190000
v 0.283343 -0.022162 -0.190000
v 0.283343 -0.022162 0.190000
v 0.283312 -0.022252 -0.190000
v 0.283312 -0.022252 0.190000
v 0.283270 -0.022335 -0.190000
v 0.283270 -0.022335 0.190000
v 0.283218 -0.022412 -0.190000
v 0.283218 -0.022412 0.190000
v 0.283157 -0.022482 -0.190000
v 0.283157 -0.022482 0.190000
v 0.283087 -0.022543 -0.190000
v 0.283087 -0.022543 0.190000
v 0.283010 -0.022595 -0.190000
v 0.283010 -0.022595 0.190000
v 0.282926 -0.022637 -0.190000
v 0.282926 -0.022637 0.190000
v 0.282837 -0.022668 -0.190000
v 0.282837 -0.022669 0.190000
v 0.282742 -0.022688 -0.190000
v 0.282742 -0.022688 0.190000
v 0.282644 -0.022694 -0.190000
v 0.282644 -0.022694 0.190000
v 0.280545 -0.022694 -0.190000
v 0.280545 -0.022694 0.190000
v 0.274742 -0.022694 -0.190000
v 0.274742 -0.022694 0.190000
v 0.265976 -0.022694 -0.190000
v 0.265976 -0.022694 0.190000
v 0.254987 -0.022694 -0.190000
v 0.254987 -0.022694 0.190000
v 0.242517 -0.022694 -0.190000
v 0.242517 -0.022694 0.190000
v 0.229306 -0.022694 -0.190000
v 0.229306 -0.022694 0.190000
v 0.216095 -0.022694 -0.190000
v 0.216095 -0.022694 0.190000
v 0.203624 -0.022694 -0.190000
v 0.203624 -0.022694 0.190000
v 0.192636 -0.022694 -0.190000
v 0.192636 -0.022694 0.190000
v 0.183869 -0.022694 -0.190000
v 0.183869 -0.022694 0.190000
v 0.178066 -0.022694 -0.190000
v 0.178066 -0.022694 0.190000
v 0.175967 -0.022694 -0.190000
v 0.175967 -0.022694 0.190000
v 0.175858 -0.022703 -0.190000
v 0.175858 -0.022703 0.190000
v 0.175754 -0.022726 -0.190000
v 0.175754 -0.022726 0.190000
v 0.175657 -0.022764 -0.190000
v 0.175657 -0.022764 0.190000
v 0.175567 -0.022814 -0.190000
v 0.175567 -0.022814 0.190000
v 0.175487 -0.022877 -0.190000
v 0.175487 -0.022877 0.190000
v 0.175416 -0.022949 -0.190000
v 0.175416 -0.022949 0.190000
v 0.175357 -0.023031 -0.190000
v 0.175357 -0.023031 0.190000
v 0.175310 -0.023121 -0.190000
v 0.175310 -0.023121 0.190000
v 0.175276 -0.023217 -0.190000
v 0.175276 -0.023217 0.190000
v 0.175257 -0.023319 -0.190000
v 0.175257 -0.023319 0.190000
v 0.175253 -0.023425 -0.190000
v 0.175253 -0.023425 0.190000
v 0.175267 -0.023534 -0.190000
v 0.175267 -0.023534 0.190000
v 0.175894 -0.025932 -0.190000
v 0.175894 -0.025932 0.190000
v 0.176800 -0.028224 -0.190000
v 0.176800 -0.028224 0.190000
v 0.178005 -0.030390 -0.190000
v 0.178005 -0.030390 0.190000
v 0.179525 -0.032411 -0.190000
v 0.179525 -0.032411 0.190000
v 0.181381 -0.034267 -0.190000
v 0.181381 -0.034267 0.190000
v 0.183589 -0.035939 -0.190000
v 0.183589 -0.035939 0.190000
v 0.186169 -0.037408 -0.190000
v 0.186169 -0.037408 0.190000
v 0.189138 -0.038653 -0.190000
v 0.189138 -0.038653 0.190000
v 0.192515 -0.039655 -0.190000
v 0.192515 -0.039655 0.190000
v 0.196318 -0.040395 -0.190000
v 0.196318 -0.040395 0.190000
v 0.200566 -0.040853 -0.190000
v 0.200566 -0.040854 0.190000
v 0.205462 -0.041011 -0.190000
v 0.205462 -0.041011 0.190000
v 0.209531 -0.040911 -0.190000
v 0.209531 -0.040911 0.190000
v 0.213189 -0.040627 -0.190000
v 0.213189 -0.040627 0.190000
v 0.216457 -0.040179 -0.190000
v 0.216457 -0.040179 0.190000
v 0.219358 -0.039590 -0.190000
v 0.219358 -0.039590 0.190000
v 0.221912 -0.038881 -0.190000
v 0.221912 -0.038881 0.190000
v 0.224142 -0.038074 -0.190000
v 0.224142 -0.038074 0.190000
v 0.226069 -0.037189 -0.190000
v 0.226069 -0.037189 0.190000
v 0.227714 -0.036250 -0.190000
v 0.227714 -0.036250 0.190000
v 0.229100 -0.035277 -0.190000
v 0.229100 -0.035277 0.190000
v 0.230247 -0.034291 -0.190000
v 0.230247 -0.034291 0.190000
v 0.231178 -0.033315 -0.190000
v 0.231178 -0.033315 0.190000
v 0.231913 -0.032371 -0.190000
v 0.231913 -0.032371 0.190000
v 0.232234 -0.031935 -0.190000
v 0.232234 -0.031935 0.190000
v 0.232579 -0.031509 -0.190000
v 0.232579 -0.031509 0.190000
v 0.232947 -0.031100 -0.190000
v 0.232947 -0.031100 0.190000
v 0.233338 -0.030711 -0.190000
v 0.233338 -0.030711 0.190000
v 0.233749 -0.030349 -0.190000
v 0.233749 -0.030349 0.190000
v 0.234182 -0.030018 -0.190000
v 0.234182 -0.030018 0.190000
v 0.234633 -0.029724 -0.190000
v 0.234633 -0.029724 0.190000
v 0.235102 -0.029472 -0.190000
v 0.235102 -0.029472 0.190000
v 0.235588 -0.029266 -0.190000
v 0.235588 -0.029266 0.190000
v 0.236089 -0.029113 -0.190000
v 0.236089 -0.029113 0.190000
v 0.236606 -0.029017 -0.190000
v 0.236606 -0.029017 0.190000
v 0.237136 -0.028984 -0.190000
v 0.237136 -0.028984 0.190000
v 0.238031 -0.028984 -0.190000
v 0.238031 -0.028984 0.190000
v 0.240506 -0.028984 -0.190000
v 0.240506 -0.028984 0.190000
v 0.244244 -0.028984 -0.190000
v 0.244244 -0.028984 0.190000
v 0.248930 -0.028984 -0.190000
v 0.248930 -0.028984 0.190000
v 0.254248 -0.028984 -0.190000
v 0.254248 -0.028984 0.190000
v 0.259882 -0.028984 -0.190000
v 0.259882 -0.028984 0.190000
v 0.265516 -0.028984 -0.190000
v 0.265516 -0.028984 0.190000
v 0.270834 -0.028984 -0.190000
v 0.270834 -0.028984 0.190000
v 0.275520 -0.028984 -0.190000
v 0.275520 -0.028984 0.190000
v 0.279258 -0.028984 -0.190000
v 0.279258 -0.028984 0.190000
v 0.281733 -0.028984 -0.190000
v 0.281733 -0.028984 0.190000
v 0.232841 -0.001479 -0.190000
v 0.232841 -0.001479 0.190000
v 0.232174 0.000636 -0.190000
v 0.232174 0.000636 0.190000
v 0.231247 0.002603 -0.190000
v 0.231247 0.002603 0.190000
v 0.230046 0.004416 -0.190000
v 0.230046 0.004416 0.190000
v 0.228554 0.006068 -0.190000
v 0.228554 0.006068 0.190000
v 0.226756 0.007552 -0.190000
v 0.226756 0.007552 0.190000
v 0.224639 0.008861 -0.190000
v 0.224639 0.008861 0.190000
v 0.222185 0.009987 -0.190000
v 0.222185 0.009987 0.190000
v 0.219381 0.010925 -0.190000
v 0.219381 0.010925 0.190000
v 0.216211 0.011666 -0.190000
v 0.216211 0.011666 0.190000
v 0.212659 0.012205 -0.190000
v 0.212659 0.012205 0.190000
v 0.208711 0.012533 -0.190000
v 0.208711 0.012533 0.190000
v 0.204351 0.012644 -0.190000
v 0.204351 0.012643 0.190000
v 0.199977 0.012527 -0.190000
v 0.199977 0.012527 0.190000
v 0.196041 0.012183 -0.190000
v 0.196041 0.012183 0.190000
v 0.192521 0.011623 -0.190000
v 0.192521 0.011623 0.190000
v 0.189395 0.010857 -0.190000
v 0.189395 0.010857 0.190000
v 0.186641 0.009896 -0.190000
v 0.186641 0.009896 0.190000
v 0.184237 0.008750 -0.190000
v 0.184237 0.008750 0.190000
v 0.182161 0.007429 -0.190000
v 0.182161 0.007429 0.190000
v 0.180392 0.005943 -0.190000
v 0.180392 0.005943 0.190000
v 0.178906 0.004304 -0.190000
v 0.178906 0.004304 0.190000
v 0.177683 0.002522 -0.190000
v 0.177683 0.002522 0.190000
v 0.176700 0.000606 -0.190000
v 0.176700 0.000606 0.190000
v 0.175935 -0.001433 -0.190000
v 0.175935 -0.001433 0.190000
v 0.175909 -0.001546 -0.190000
v 0.175909 -0.001546 0.190000
v 0.175903 -0.001658 -0.190000
v 0.175903 -0.001658 0.190000
v 0.175914 -0.001767 -0.190000
v 0.175914 -0.001767 0.190000
v 0.175942 -0.001871 -0.190000
v 0.175942 -0.001871 0.190000
v 0.175985 -0.001969 -0.190000
v 0.175985 -0.001969 0.190000
v 0.176043 -0.002058 -0.190000
v 0.176043 -0.002058 0.190000
v 0.176113 -0.002139 -0.190000
v 0.176113 -0.002139 0.190000
v 0.176195 -0.002208 -0.190000
v 0.176195 -0.002208 0.190000
v 0.176288 -0.002265 -0.190000
v 0.176288 -0.002265 0.190000
v 0.176390 -0.002307 -0.190000
v 0.176390 -0.002307 0.190000
v 0.176500 -0.002334 -0.190000
v 0.176500 -0.002334 0.190000
v 0.176617 -0.002343 -0.190000
v 0.176617 -0.002343 0.190000
v 0.177709 -0.002343 -0.190000
v 0.177709 -0.002343 0.190000
v 0.180730 -0.002343 -0.190000
v 0.180730 -0.002343 0.190000
v 0.185294 -0.002343 -0.190000
v 0.185294 -0.002343 0.190000
v 0.191015 -0.002343 -0.190000
v 0.191015 -0.002343 0.190000
v 0.197506 -0.002343 -0.190000
v 0.197506 -0.002343 0.190000
v 0.204384 -0.002343 -0.190000
v 0.204384 -0.002343 0.190000
v 0.211261 -0.002343 -0.190000
v 0.211261 -0.002343 0.190000
v 0.217753 -0.002343 -0.190000
v 0.217753 -0.002343 0.190000
v 0.223474 -0.002343 -0.190000
v 0.223474 -0.002343 0.190000
v 0.228037 -0.002343 -0.190000
v 0.228037 -0.002343 0.190000
v 0.231058 -0.002343 -0.190000
v 0.231058 -0.002343 0.190000
v 0.232151 -0.002343 -0.190000
v 0.232151 -0.002343 0.190000
v 0.232263 -0.002334 -0.190000
v 0.232263 -0.002334 0.190000
v 0.232368 -0.002310 -0.190000
v 0.232368 -0.002310 0.190000
v 0.232467 -0.002270 -0.190000
v 0.232467 -0.002271 0.190000
v 0.232558 -0.002218 -0.190000
v 0.232558 -0.002218 0.190000
v 0.232638 -0.002153 -0.190000
v 0.232638 -0.002153 0.190000
v 0.232709 -0.002078 -0.190000
v 0.232709 -0.002078 0.190000
v 0.232767 -0.001993 -0.190000
v 0.232767 -0.001993 0.190000
v 0.232813 -0.001901 -0.190000
v 0.232813 -0.001901 0.190000
v 0.232844 -0.001802 -0.190000
v 0.232844 -0.001802 0.190000
v 0.232860 -0.001697 -0.190000
v 0.232860 -0.001697 0.190000
v 0.232860 -0.001589 -0.190000
v 0.232860 -0.001589 0.190000
v 0.343083 0.070867 -0.190000
v 0.343083 0.070867 0.190000
v 0.343178 0.070848 -0.190000
v 0.343178 0.070847 0.190000
v 0.343267 0.070816 -0.190000
v 0.343267 0.070816 0.190000
v 0.343351 0.070774 -0.190000
v 0.343351 0.070774 0.190000
v 0.343428 0.070722 -0.190000
v 0.343428 0.070722 0.190000
v 0.343498 0.070661 -0.190000
v 0.343498 0.070661 0.190000
v 0.343559 0.070592 -0.190000
v 0.343559 0.070592 0.190000
v 0.343611 0.070514 -0.190000
v 0.343611 0.070514 0.190000
v 0.343653 0.070431 -0.190000
v 0.343653 0.070431 0.190000
v 0.343684 0.070341 -0.190000
v 0.343684 0.070341 0.190000
v 0.343703 0.070247 -0.190000
v 0.343703 0.070247 0.190000
v 0.343710 0.070149 -0.190000
v 0.343710 0.070149 0.190000
v 0.343710 0.069621 -0.190000
v 0.343710 0.069621 0.190000
v 0.343710 0.068163 -0.190000
v 0.343710 0.068163 0.190000
v 0.343710 0.065960 -0.190000
v 0.343710 0.065960 0.190000
v 0.343710 0.063198 -0.190000
v 0.343710 0.063198 0.190000
v 0.343710 0.060064 -0.190000
v 0.343710 0.060064 0.190000
v 0.343710 0.056744 -0.190000
v 0.343710 0.056744 0.190000
v 0.343710 0.053424 -0.190000
v 0.343710 0.053424 0.190000
v 0.343710 0.050291 -0.190000
v 0.343710 0.050291 0.190000
v 0.343710 0.047529 -0.190000
v 0.343710 0.047529 0.190000
v 0.343710 0.045326 -0.190000
v 0.343710 0.045326 0.190000
v 0.343710 0.043868 -0.190000
v 0.343710 0.043868 0.190000
v 0.343710 0.043340 -0.190000
v 0.343710 0.043340 0.190000
v 0.343704 0.043242 -0.190000
v 0.343704 0.043242 0.190000
v 0.343684 0.043148 -0.190000
v 0.343684 0.043148 0.190000
v 0.343653 0.043058 -0.190000
v 0.343653 0.043058 0.190000
v 0.343611 0.042974 -0.190000
v 0.343611 0.042974 0.190000
v 0.343559 0.042897 -0.190000
v 0.343559 0.042897 0.190000
v 0.343498 0.042828 -0.190000
v 0.343498 0.042828 0.190000
v 0.343428 0.042766 -0.190000
v 0.343428 0.042766 0.190000
v 0.343351 0.042714 -0.190000
v 0.343351 0.042714 0.190000
v 0.343267 0.042672 -0.190000
v 0.343267 0.042672 0.190000
v 0.343178 0.042641 -0.190000
v 0.343178 0.042641 0.190000
v 0.343083 0.042622 -0.190000
v 0.343083 0.042622 0.190000
v 0.342985 0.042615 -0.190000
v 0.342985 0.042615 0.190000
v 0.342023 0.042615 -0.190000
v 0.342023 0.042615 0.190000
v 0.339366 0.042615 -0.190000
v 0.339366 0.042615 0.190000
v 0.335351 0.042615 -0.190000
v 0.335351 0.042615 0.190000
v 0.330317 0.042615 -0.190000
v 0.330317 0.042615 0.190000
v 0.324606 0.042615 -0.190000
v 0.324606 0.042615 0.190000
v 0.318555 0.042615 -0.190000
v 0.318555 0.042615 0.190000
v 0.312504 0.042615 -0.190000
v 0.312504 0.042615 0.190000
v 0.306792 0.042615 -0.190000
v 0.306792 0.042615 0.190000
v 0.301759 0.042615 -0.190000
v 0.301759 0.042615 0.190000
v 0.297744 0.042615 -0.190000
v 0.297744 0.042615 0.190000
v 0.295086 0.042615 -0.190000
v 0.295086 0.042615 0.190000
v 0.294125 0.042615 -0.190000
v 0.294125 0.042615 0.190000
v 0.294024 0.042622 -0.190000
v 0.294024 0.042622 0.190000
v 0.293928 0.042642 -0.190000
v 0.293928 0.042642 0.190000
v 0.293837 0.042675 -0.190000
v 0.293837 0.042675 0.190000
v 0.293752 0.042719 -0.190000
v 0.293752 0.042718 0.190000
v 0.293674 0.042773 -0.190000
v 0.293674 0.042773 0.190000
v 0.293604 0.042836 -0.190000
v 0.293604 0.042836 0.190000
v 0.293543 0.042908 -0.190000
v 0.293543 0.042908 0.190000
v 0.293491 0.042988 -0.190000
v 0.293491 0.042988 0.190000
v 0.293450 0.043074 -0.190000
v 0.293450 0.043074 0.190000
v 0.293421 0.043166 -0.190000
v 0.293421 0.043166 0.190000
v 0.293404 0.043263 -0.190000
v 0.293404 0.043263 0.190000
v 0.293400 0.043364 -0.190000
v 0.293400 0.043364 0.190000
v 0.293417 0.043891 -0.190000
v 0.293417 0.043891 0.190000
v 0.293465 0.045350 -0.190000
v 0.293465 0.045350 0.190000
v 0.293537 0.047553 -0.190000
v 0.293537 0.047553 0.190000
v 0.293627 0.050314 -0.190000
v 0.293627 0.050314 0.190000
v 0.293729 0.053448 -0.190000
v 0.293729 0.053448 0.190000
v 0.293838 0.056768 -0.190000
v 0.293838 0.056768 0.190000
v 0.293946 0.060088 -0.190000
v 0.293946 0.060088 0.190000
v 0.294048 0.063222 -0.190000
v 0.294048 0.063222 0.190000
v 0.294139 0.065983 -0.190000
v 0.294139 0.065983 0.190000
v 0.294211 0.068186 -0.190000
v 0.294211 0.068186 0.190000
v 0.294258 0.069645 -0.190000
v 0.294258 0.069645 0.190000
v 0.294276 0.070172 -0.190000
v 0.294276 0.070172 0.190000
v 0.294285 0.070268 -0.190000
v 0.294285 0.070268 0.190000
v 0.294307 0.070360 -0.190000
v 0.294307 0.070360 0.190000
v 0.294339 0.070447 -0.190000
v 0.294339 0.070447 0.190000
v 0.294382 0.070528 -0.190000
v 0.294382 0.070528 0.190000
v 0.294435 0.070602 -0.190000
v 0.294435 0.070602 0.190000
v 0.294496 0.070669 -0.190000
v 0.294496 0.070669 0.190000
v 0.294565 0.070728 -0.190000
v 0.294565 0.070728 0.190000
v 0.294641 0.070778 -0.190000
v 0.294641 0.070778 0.190000
v 0.294724 0.070819 -0.190000
v 0.294724 0.070819 0.190000
v 0.294812 0.070849 -0.190000
v 0.294812 0.070849 0.190000
v 0.294904 0.070867 -0.190000
v 0.294904 0.070867 0.190000
v 0.295000 0.070873 -0.190000
v 0.295000 0.070873 0.190000
v 0.295945 0.070873 -0.190000
v 0.295945 0.070873 0.190000
v 0.298555 0.070873 -0.190000
v 0.298555 0.070873 0.190000
v 0.302498 0.070873 -0.190000
v 0.302498 0.070873 0.190000
v 0.307441 0.070873 -0.190000
v 0.307441 0.070873 0.190000
v 0.313050 0.070873 -0.190000
v 0.313050 0.070873 0.190000
v 0.318993 0.070873 -0.190000
v 0.318993 0.070873 0.190000
v 0.324935 0.070873 -0.190000
v 0.324935 0.070873 0.190000
v 0.330545 0.070873 -0.190000
v 0.330545 0.070873 0.190000
v 0.335488 0.070873 -0.190000
v 0.335488 0.070873 0.190000
v 0.339431 0.070873 -0.190000
v 0.339431 0.070873 0.190000
v 0.342041 0.070873 -0.190000
v 0.342041 0.070873 0.190000
v 0.342985 0.070873 -0.190000
v 0.342985 0.070873 0.190000
v 0.294102 0.034290 -0.190000
v 0.294102 0.034290 0.190000
v 0.295063 0.034290 -0.190000
v 0.295063 0.034290 0.190000
v 0.297723 0.034290 -0.190000
v 0.297723 0.034290 0.190000
v 0.301740 0.034290 -0.190000
v 0.301740 0.034290 0.190000
v 0.306775 0.034290 -0.190000
v 0.306775 0.034290 0.190000
v 0.312490 0.034290 -0.190000
v 0.312490 0.034290 0.190000
v 0.318543 0.034290 -0.190000
v 0.318543 0.034290 0.190000
v 0.324597 0.034290 -0.190000
v 0.324597 0.034290 0.190000
v 0.330312 0.034290 -0.190000
v 0.330312 0.034290 0.190000
v 0.335347 0.034290 -0.190000
v 0.335347 0.034290 0.190000
v 0.339364 0.034290 -0.190000
v 0.339364 0.034290 0.190000
v 0.342023 0.034290 -0.190000
v 0.342023 0.034290 0.190000
v 0.342985 0.034290 -0.190000
v 0.342985 0.034290 0.190000
v 0.343083 0.034283 -0.190000
v 0.343083 0.034283 0.190000
v 0.343178 0.034264 -0.190000
v 0.343178 0.034264 0.190000
v 0.343267 0.034233 -0.190000
v 0.343267 0.034233 0.190000
v 0.343351 0.034191 -0.190000
v 0.343351 0.034191 0.190000
v 0.343428 0.034139 -0.190000
v 0.343428 0.034139 0.190000
v 0.343498 0.034078 -0.190000
v 0.343498 0.034078 0.190000
v 0.343559 0.034008 -0.190000
v 0.343559 0.034008 0.190000
v 0.343611 0.033931 -0.190000
v 0.343611 0.033931 0.190000
v 0.343653 0.033847 -0.190000
v 0.343653 0.033847 0.190000
v 0.343684 0.033758 -0.190000
v 0.343684 0.033758 0.190000
v 0.343704 0.033663 -0.190000
v 0.343704 0.033663 0.190000
v 0.343710 0.033565 -0.190000
v 0.343710 0.033565 0.190000
v 0.343710 0.031621 -0.190000
v 0.343710 0.031621 0.190000
v 0.343710 0.026246 -0.190000
v 0.343710 0.026246 0.190000
v 0.343710 0.018126 -0.190000
v 0.343710 0.018126 0.190000
v 0.343710 0.007947 -0.190000
v 0.343710 0.007947 0.190000
v 0.343710 -0.003604 -0.190000
v 0.343710 -0.003604 0.190000
v 0.343710 -0.015841 -0.190000
v 0.343710 -0.015841 0.190000
v 0.343710 -0.028078 -0.190000
v 0.343710 -0.028078 0.190000
v 0.343710 -0.039629 -0.190000
v 0.343710 -0.039629 0.190000
v 0.343710 -0.049808 -0.190000
v 0.343710 -0.049808 0.190000
v 0.343710 -0.057928 -0.190000
v 0.343710 -0.057928 0.190000
v 0.343710 -0.063303 -0.190000
v 0.343710 -0.063303 0.190000
v 0.293377 0.033565 -0.190000
v 0.293377 0.033565 0.190000
v 0.293383 0.033663 -0.190000
v 0.293383 0.033663 0.190000
v 0.293402 0.033758 -0.190000
v 0.293402 0.033758 0.190000
v 0.293433 0.033847 -0.190000
v 0.293433 0.033847 0.190000
v 0.293475 0.033931 -0.190000
v 0.293475 0.033931 0.190000
v 0.293527 0.034008 -0.190000
v 0.293527 0.034008 0.190000
v 0.293589 0.034078 -0.190000
v 0.293589 0.034078 0.190000
v 0.293658 0.034139 -0.190000
v 0.293658 0.034139 0.190000
v 0.293735 0.034191 -0.190000
v 0.293735 0.034191 0.190000
v 0.293819 0.034233 -0.190000
v 0.293819 0.034233 0.190000
v 0.293908 0.034264 -0.190000
v 0.293908 0.034264 0.190000
v 0.294003 0.034283 -0.190000
v 0.294003 0.034283 0.190000
v 0.596378 0.021697 -0.190000
v 0.596378 0.021696 0.190000
v 0.596054 0.015543 -0.190000
v 0.596054 0.015543 0.190000
v 0.595034 0.009611 -0.190000
v 0.595034 0.009611 0.190000
v 0.593249 0.003961 -0.190000
v 0.593249 0.003961 0.190000
v 0.590627 -0.001348 -0.190000
v 0.590627 -0.001348 0.190000
v 0.587098 -0.006256 -0.190000
v 0.587098 -0.006256 0.190000
v 0.582591 -0.010704 -0.190000
v 0.582591 -0.010704 0.190000
v 0.577035 -0.014631 -0.190000
v 0.577035 -0.014631 0.190000
v 0.570360 -0.017979 -0.190000
v 0.570360 -0.017979 0.190000
v 0.562496 -0.020686 -0.190000
v 0.562496 -0.020686 0.190000
v 0.553371 -0.022694 -0.190000
v 0.553371 -0.022694 0.190000
v 0.542915 -0.023942 -0.190000
v 0.542915 -0.023942 0.190000
v 0.531058 -0.024372 -0.190000
v 0.531058 -0.024372 0.190000
v 0.469595 -0.024372 -0.190000
v 0.469595 -0.024372 0.190000
v 0.469498 -0.024378 -0.190000
v 0.469498 -0.024378 0.190000
v 0.469405 -0.024398 -0.190000
v 0.469405 -0.024398 0.190000
v 0.469316 -0.024429 -0.190000
v 0.469316 -0.024429 0.190000
v 0.469233 -0.024471 -0.190000
v 0.469233 -0.024471 0.190000
v 0.469155 -0.024523 -0.190000
v 0.469155 -0.024523 0.190000
v 0.469085 -0.024584 -0.190000
v 0.469085 -0.024584 0.190000
v 0.469023 -0.024654 -0.190000
v 0.469023 -0.024654 0.190000
v 0.468971 -0.024731 -0.190000
v 0.468971 -0.024731 0.190000
v 0.468928 -0.024814 -0.190000
v 0.468928 -0.024814 0.190000
v 0.468896 -0.024904 -0.190000
v 0.468896 -0.024904 0.190000
v 0.468876 -0.024998 -0.190000
v 0.468876 -0.024998 0.190000
v 0.468870 -0.025096 -0.190000
v 0.468870 -0.025096 0.190000
v 0.468870 -0.025883 -0.190000
v 0.468870 -0.025883 0.190000
v 0.468870 -0.028058 -0.190000
v 0.468870 -0.028058 0.190000
v 0.468870 -0.031343 -0.190000
v 0.468870 -0.031343 0.190000
v 0.468870 -0.035461 -0.190000
v 0.468870 -0.035461 0.190000
v 0.468870 -0.040135 -0.190000
v 0.468870 -0.040135 0.190000
v 0.468870 -0.045086 -0.190000
v 0.468870 -0.045086 0.190000
v 0.468870 -0.050037 -0.190000
v 0.468870 -0.050037 0.190000
v 0.468870 -0.054710 -0.190000
v 0.468870 -0.054710 0.190000
v 0.468870 -0.058828 -0.190000
v 0.468870 -0.058828 0.190000
v 0.468870 -0.062113 -0.190000
v 0.468870 -0.062113 0.190000
v 0.468870 -0.064288 -0.190000
v 0.468870 -0.064288 0.190000
v 0.416322 0.069223 -0.190000
v 0.416322 0.069223 0.190000
v 0.416348 0.069617 -0.190000
v 0.416348 0.069617 0.190000
v 0.416426 0.069994 -0.190000
v 0.416426 0.069994 0.190000
v 0.416550 0.070352 -0.190000
v 0.416550 0.070352 0.190000
v 0.416718 0.070687 -0.190000
v 0.416718 0.070687 0.190000
v 0.416927 0.070995 -0.190000
v 0.416927 0.070995 0.190000
v 0.417172 0.071274 -0.190000
v 0.417172 0.071274 0.190000
v 0.417450 0.071519 -0.190000
v 0.417450 0.071519 0.190000
v 0.417759 0.071727 -0.190000
v 0.417759 0.071727 0.190000
v 0.418094 0.071895 -0.190000
v 0.418094 0.071895 0.190000
v 0.418451 0.072019 -0.190000
v 0.418451 0.072019 0.190000
v 0.418829 0.072096 -0.190000
v 0.418829 0.072096 0.190000
v 0.419222 0.072123 -0.190000
v 0.419222 0.072123 0.190000
v 0.421422 0.072123 -0.190000
v 0.421422 0.072123 0.190000
v 0.427506 0.072123 -0.190000
v 0.427506 0.072123 0.190000
v 0.436696 0.072123 -0.190000
v 0.436696 0.072123 0.190000
v 0.448216 0.072123 -0.190000
v 0.448216 0.072123 0.190000
v 0.461290 0.072123 -0.190000
v 0.461290 0.072123 0.190000
v 0.475140 0.072123 -0.190000
v 0.475140 0.072123 0.190000
v 0.488990 0.072123 -0.190000
v 0.488990 0.072123 0.190000
v 0.502064 0.072123 -0.190000
v 0.502064 0.072123 0.190000
v 0.513584 0.072123 -0.190000
v 0.513584 0.072123 0.190000
v 0.522774 0.072123 -0.190000
v 0.522774 0.072123 0.190000
v 0.528858 0.072123 -0.190000
v 0.528858 0.072123 0.190000
v 0.531058 0.072123 -0.190000
v 0.531058 0.072123 0.190000
v 0.542994 0.071673 -0.190000
v 0.542994 0.071673 0.190000
v 0.553502 0.070367 -0.190000
v 0.553502 0.070367 0.190000
v 0.562655 0.068270 -0.190000
v 0.562655 0.068270 0.190000
v 0.570528 0.065449 -0.190000
v 0.570528 0.065449 0.190000
v 0.577195 0.061969 -0.190000
v 0.577195 0.061969 0.190000
v 0.582732 0.057895 -0.190000
v 0.582732 0.057894 0.190000
v 0.587212 0.053292 -0.190000
v 0.587212 0.053292 0.190000
v 0.590711 0.048228 -0.190000
v 0.590711 0.048228 0.190000
v 0.593302 0.042766 -0.190000
v 0.593302 0.042766 0.190000
v 0.595060 0.036973 -0.190000
v 0.595060 0.036973 0.190000
v 0.596061 0.030915 -0.190000
v 0.596061 0.030915 0.190000
v 0.596378 0.024657 -0.190000
v 0.596378 0.024657 0.190000
v 0.596378 0.024598 -0.190000
v 0.596378 0.024598 0.190000
v 0.596378 0.024437 -0.190000
v 0.596378 0.024437 0.190000
v 0.596378 0.024194 -0.190000
v 0.596378 0.024194 0.190000
v 0.596378 0.023889 -0.190000
v 0.596378 0.023889 0.190000
v 0.596378 0.023543 -0.190000
v 0.596378 0.023543 0.190000
v 0.596378 0.023177 -0.190000
v 0.596378 0.023177 0.190000
v 0.596378 0.022810 -0.190000
v 0.596378 0.022810 0.190000
v 0.596378 0.022464 -0.190000
v 0.596378 0.022464 0.190000
v 0.596378 0.022159 -0.190000
v 0.596378 0.022159 0.190000
v 0.596378 0.021916 -0.190000
v 0.596378 0.021916 0.190000
v 0.596378 0.021755 -0.190000
v 0.596378 0.021755 0.190000
v 0.524765 0.035757 -0.190000
v 0.524765 0.035757 0.190000
v 0.523679 0.035757 -0.190000
v 0.523679 0.035757 0.190000
v 0.520678 0.035757 -0.190000
v 0.520678 0.035757 0.190000
v 0.516145 0.035757 -0.190000
v 0.516145 0.035757 0.190000
v 0.510462 0.035757 -0.190000
v 0.510462 0.035757 0.190000
v 0.504012 0.035757 -0.190000
v 0.504012 0.035757 0.190000
v 0.497180 0.035757 -0.190000
v 0.497180 0.035757 0.190000
v 0.490348 0.035757 -0.190000
v 0.490348 0.035757 0.190000
v 0.483898 0.035757 -0.190000
v 0.483898 0.035757 0.190000
v 0.478215 0.035757 -0.190000
v 0.478215 0.035757 0.190000
v 0.473681 0.035757 -0.190000
v 0.473681 0.035757 0.190000
v 0.470680 0.035757 -0.190000
v 0.470680 0.035757 0.190000
v 0.469595 0.035757 -0.190000
v 0.469595 0.035757 0.190000
v 0.469498 0.035750 -0.190000
v 0.469498 0.035750 0.190000
v 0.469405 0.035731 -0.190000
v 0.469405 0.035731 0.190000
v 0.469316 0.035700 -0.190000
v 0.469316 0.035700 0.190000
v 0.469233 0.035658 -0.190000
v 0.469233 0.035658 0.190000
v 0.469155 0.035606 -0.190000
v 0.469155 0.035606 0.190000
v 0.469085 0.035545 -0.190000
v 0.469085 0.035545 0.190000
v 0.469023 0.035475 -0.190000
v 0.469023 0.035475 0.190000
v 0.468971 0.035398 -0.190000
v 0.468971 0.035398 0.190000
v 0.468928 0.035314 -0.190000
v 0.468928 0.035314 0.190000
v 0.468896 0.035225 -0.190000
v 0.468896 0.035225 0.190000
v 0.468876 0.035130 -0.190000
v 0.468876 0.035130 0.190000
v 0.468870 0.035032 -0.190000
v 0.468870 0.035032 0.190000
v 0.468870 0.034555 -0.190000
v 0.468870 0.034555 0.190000
v 0.468870 0.033234 -0.190000
v 0.468870 0.033234 0.190000
v 0.468870 0.031240 -0.190000
v 0.468870 0.031240 0.190000
v 0.468870 0.028741 -0.190000
v 0.468870 0.028741 0.190000
v 0.468870 0.025904 -0.190000
v 0.468870 0.025904 0.190000
v 0.468870 0.022898 -0.190000
v 0.468870 0.022898 0.190000
v 0.468870 0.019893 -0.190000
v 0.468870 0.019893 0.190000
v 0.468870 0.017056 -0.190000
v 0.468870 0.017056 0.190000
v 0.468870 0.014557 -0.190000
v 0.468870 0.014557 0.190000
v 0.468870 0.012562 -0.190000
v 0.468870 0.012562 0.190000
v 0.468870 0.011242 -0.190000
v 0.468870 0.011242 0.190000
v 0.468870 0.010765 -0.190000
v 0.468870 0.010765 0.190000
v 0.468876 0.010666 -0.190000
v 0.468876 0.010666 0.190000
v 0.468896 0.010572 -0.190000
v 0.468896 0.010572 0.190000
v 0.468928 0.010483 -0.190000
v 0.468928 0.010483 0.190000
v 0.468971 0.010399 -0.190000
v 0.468971 0.010399 0.190000
v 0.469023 0.010322 -0.190000
v 0.469023 0.010322 0.190000
v 0.469085 0.010252 -0.190000
v 0.469085 0.010252 0.190000
v 0.469155 0.010191 -0.190000
v 0.469155 0.010191 0.190000
v 0.469233 0.010139 -0.190000
v 0.469233 0.010139 0.190000
v 0.469316 0.010097 -0.190000
v 0.469316 0.010097 0.190000
v 0.469405 0.010066 -0.190000
v 0.469405 0.010066 0.190000
v 0.469498 0.010047 -0.190000
v 0.469498 0.010047 0.190000
v 0.469595 0.010040 -0.190000
v 0.469595 0.010040 0.190000
v 0.470680 0.010040 -0.190000
v 0.470680 0.010040 0.190000
v 0.473681 0.010040 -0.190000
v 0.473681 0.010040 0.190000
v 0.478215 0.010040 -0.190000
v 0.478215 0.010040 0.190000
v 0.483898 0.010040 -0.190000
v 0.483898 0.010040 0.190000
v 0.490347 0.010040 -0.190000
v 0.490347 0.010040 0.190000
v 0.497180 0.010040 -0.190000
v 0.497180 0.010040 0.190000
v 0.504012 0.010040 -0.190000
v 0.504012 0.010040 0.190000
v 0.510461 0.010040 -0.190000
v 0.510461 0.010040 0.190000
v 0.516145 0.010040 -0.190000
v 0.516145 0.010040 0.190000
v 0.520678 0.010040 -0.190000
v 0.520678 0.010040 0.190000
v 0.523679 0.010040 -0.190000
v 0.523679 0.010040 0.190000
v 0.524765 0.010040 -0.190000
v 0.524765 0.010040 0.190000
v 0.527632 0.010143 -0.190000
v 0.527632 0.010143 0.190000
v 0.530226 0.010445 -0.190000
v 0.530226 0.010445 0.190000
v 0.532552 0.010939 -0.190000
v 0.532552 0.010939 0.190000
v 0.534614 0.011616 -0.190000
v 0.534614 0.011616 0.190000
v 0.536417 0.012468 -0.190000
v 0.536417 0.012468 0.190000
v 0.537965 0.013486 -0.190000
v 0.537965 0.013486 0.190000
v 0.539262 0.014662 -0.190000
v 0.539262 0.014662 0.190000
v 0.540314 0.015988 -0.190000
v 0.540314 0.015988 0.190000
v 0.541124 0.017455 -0.190000
v 0.541124 0.017455 0.190000
v 0.541697 0.019055 -0.190000
v 0.541697 0.019055 0.190000
v 0.542037 0.020780 -0.190000
v 0.542037 0.020780 0.190000
v 0.542150 0.022663 -0.190000
v 0.542150 0.022662 0.190000
v 0.542150 0.022708 -0.190000
v 0.542150 0.022708 0.190000
v 0.542150 0.022765 -0.190000
v 0.542150 0.022765 0.190000
v 0.542150 0.022830 -0.190000
v 0.542150 0.022830 0.190000
v 0.542150 0.022899 -0.190000
v 0.542150 0.022899 0.190000
v 0.542150 0.022968 -0.190000
v 0.542150 0.022968 0.190000
v 0.542150 0.023033 -0.190000
v 0.542150 0.023033 0.190000
v 0.542150 0.023090 -0.190000
v 0.542150 0.023090 0.190000
v 0.542150 0.023177 -0.190000
v 0.542150 0.023177 0.190000
v 0.542041 0.025056 -0.190000
v 0.542041 0.025056 0.190000
v 0.541710 0.026806 -0.190000
v 0.541710 0.026806 0.190000
v 0.541150 0.028420 -0.190000
v 0.541150 0.028420 0.190000
v 0.540356 0.029891 -0.190000
v 0.540356 0.029891 0.190000
v 0.539320 0.031214 -0.190000
v 0.539320 0.031214 0.190000
v 0.538036 0.032380 -0.190000
v 0.538036 0.032380 0.190000
v 0.536497 0.033385 -0.190000
v 0.536497 0.033385 0.190000
v 0.534698 0.034222 -0.190000
v 0.534698 0.034222 0.190000
v 0.532632 0.034884 -0.190000
v 0.532632 0.034884 0.190000
v 0.530292 0.035365 -0.190000
v 0.530292 0.035365 0.190000
v 0.527672 0.035658 -0.190000
v 0.527672 0.035658 0.190000
v 0.659847 -0.069645 -0.190000
v 0.659847 -0.069645 0.190000
v 0.646562 -0.067909 -0.190000
v 0.646562 -0.067909 0.190000
v 0.635373 -0.065184 -0.190000
v 0.635373 -0.065184 0.190000
v 0.626103 -0.061607 -0.190000
v 0.626103 -0.061607 0.190000
v 0.618579 -0.057315 -0.190000
v 0.618579 -0.057315 0.190000
v 0.612625 -0.052447 -0.190000
v 0.612625 -0.052447 0.190000
v 0.608066 -0.047140 -0.190000
v 0.608066 -0.047140 0.190000
v 0.604729 -0.041530 -0.190000
v 0.604729 -0.041530 0.190000
v 0.602437 -0.035756 -0.190000
v 0.602437 -0.035756 0.190000
v 0.601016 -0.029955 -0.190000
v 0.601016 -0.029955 0.190000
v 0.600292 -0.024264 -0.190000
v 0.600292 -0.024264 0.190000
v 0.600090 -0.018821 -0.190000
v 0.600090 -0.018821 0.190000
v 0.600090 -0.018755 -0.190000
v 0.600090 -0.018755 0.190000
v 0.600090 -0.018574 -0.190000
v 0.600090 -0.018574 0.190000
v 0.600090 -0.018301 -0.190000
v 0.600090 -0.018301 0.190000
v 0.600090 -0.017958 -0.190000
v 0.600090 -0.017958 0.190000
v 0.600090 -0.017568 -0.190000
v 0.600090 -0.017568 0.190000
v 0.600090 -0.017156 -0.190000
v 0.600090 -0.017156 0.190000
v 0.600090 -0.016744 -0.190000
v 0.600090 -0.016744 0.190000
v 0.600090 -0.016354 -0.190000
v 0.600090 -0.016354 0.190000
v 0.600090 -0.016011 -0.190000
v 0.600090 -0.016011 0.190000
v 0.600090 -0.015738 -0.190000
v 0.600090 -0.015738 0.190000
v 0.600090 -0.015557 -0.190000
v 0.600090 -0.015557 0.190000
v 0.600090 -0.015491 -0.190000
v 0.600090 -0.015491 0.190000
v 0.600303 -0.010148 -0.190000
v 0.600303 -0.010148 0.190000
v 0.601054 -0.004569 -0.190000
v 0.601054 -0.004569 0.190000
v 0.602511 0.001114 -0.190000
v 0.602511 0.001114 0.190000
v 0.604844 0.006765 -0.190000
v 0.604844 0.006765 0.190000
v 0.608220 0.012252 -0.190000
v 0.608220 0.012252 0.190000
v 0.612808 0.017441 -0.190000
v 0.612808 0.017441 0.190000
v 0.618775 0.022198 -0.190000
v 0.618775 0.022198 0.190000
v 0.626292 0.026390 -0.190000
v 0.626292 0.026390 0.190000
v 0.635525 0.029883 -0.190000
v 0.635525 0.029883 0.190000
v 0.646644 0.032543 -0.190000
v 0.646644 0.032543 0.190000
v 0.659817 0.034237 -0.190000
v 0.659817 0.034237 0.190000
v 0.675212 0.034832 -0.190000
v 0.675212 0.034832 0.190000
v 0.675488 0.034832 -0.190000
v 0.675488 0.034832 0.190000
v 0.676253 0.034832 -0.190000
v 0.676253 0.034832 0.190000
v 0.677409 0.034832 -0.190000
v 0.677409 0.034832 0.190000
v 0.678858 0.034832 -0.190000
v 0.678858 0.034832 0.190000
v 0.680502 0.034832 -0.190000
v 0.680502 0.034832 0.190000
v 0.682244 0.034832 -0.190000
v 0.682244 0.034832 0.190000
v 0.683985 0.034832 -0.190000
v 0.683985 0.034832 0.190000
v 0.685629 0.034832 -0.190000
v 0.685629 0.034832 0.190000
v 0.687078 0.034832 -0.190000
v 0.687078 0.034832 0.190000
v 0.688234 0.034832 -0.190000
v 0.688234 0.034832 0.190000
v 0.688999 0.034832 -0.190000
v 0.688999 0.034832 0.190000
v 0.689276 0.034832 -0.190000
v 0.689276 0.034832 0.190000
v 0.704172 0.034241 -0.190000
v 0.704172 0.034241 0.190000
v 0.717028 0.032555 -0.190000
v 0.717028 0.032555 0.190000
v 0.727985 0.029906 -0.190000
v 0.727985 0.029906 0.190000
v 0.737185 0.026424 -0.190000
v 0.737185 0.026424 0.190000
v 0.744771 0.022241 -0.190000
v 0.744771 0.022241 0.190000
v 0.750884 0.017487 -0.190000
v 0.750884 0.017487 0.190000
v 0.755668 0.012294 -0.190000
v 0.755668 0.012294 0.190000
v 0.759262 0.006792 -0.190000
v 0.759262 0.006792 0.190000
v 0.761811 0.001114 -0.190000
v 0.761811 0.001114 0.190000
v 0.763456 -0.004612 -0.190000
v 0.763456 -0.004612 0.190000
v 0.764338 -0.010252 -0.190000
v 0.764338 -0.010252 0.190000
v 0.764601 -0.015677 -0.190000
v 0.764601 -0.015677 0.190000
v 0.764601 -0.015735 -0.190000
v 0.764601 -0.015735 0.190000
v 0.764601 -0.015896 -0.190000
v 0.764601 -0.015896 0.190000
v 0.764601 -0.016139 -0.190000
v 0.764601 -0.016139 0.190000
v 0.764601 -0.016444 -0.190000
v 0.764601 -0.016444 0.190000
v 0.764601 -0.016790 -0.190000
v 0.764601 -0.016790 0.190000
v 0.764601 -0.017157 -0.190000
v 0.764601 -0.017157 0.190000
v 0.764601 -0.017523 -0.190000
v 0.764601 -0.017523 0.190000
v 0.764601 -0.017869 -0.190000
v 0.764601 -0.017869 0.190000
v 0.764601 -0.018174 -0.190000
v 0.764601 -0.018174 0.190000
v 0.764601 -0.018418 -0.190000
v 0.764601 -0.018418 0.190000
v 0.764601 -0.018579 -0.190000
v 0.764601 -0.018579 0.190000
v 0.764601 -0.018637 -0.190000
v 0.764601 -0.018637 0.190000
v 0.764335 -0.024161 -0.190000
v 0.764335 -0.024161 0.190000
v 0.763442 -0.029912 -0.190000
v 0.763442 -0.029912 0.190000
v 0.761782 -0.035756 -0.190000
v 0.761782 -0.035756 0.190000
v 0.759214 -0.041557 -0.190000
v 0.759214 -0.041557 0.190000
v 0.755598 -0.047181 -0.190000
v 0.755598 -0.047181 0.190000
v 0.750792 -0.052493 -0.190000
v 0.750792 -0.052493 0.190000
v 0.744656 -0.057358 -0.190000
v 0.744656 -0.057358 0.190000
v 0.737050 -0.061641 -0.190000
v 0.737050 -0.061641 0.190000
v 0.727832 -0.065207 -0.190000
v 0.727832 -0.065207 0.190000
v 0.716862 -0.067921 -0.190000
v 0.716862 -0.067921 0.190000
v 0.703999 -0.069648 -0.190000
v 0.703999 -0.069648 0.190000
v 0.689102 -0.070254 -0.190000
v 0.689102 -0.070254 0.190000
v 0.688833 -0.070254 -0.190000
v 0.688833 -0.070254 0.190000
v 0.688087 -0.070254 -0.190000
v 0.688087 -0.070254 0.190000
v 0.686961 -0.070254 -0.190000
v 0.686961 -0.070254 0.190000
v 0.685550 -0.070254 -0.190000
v 0.685550 -0.070254 0.190000
v 0.683948 -0.070254 -0.190000
v 0.683948 -0.070254 0.190000
v 0.682251 -0.070254 -0.190000
v 0.682251 -0.070254 0.190000
v 0.680555 -0.070254 -0.190000
v 0.680555 -0.070254 0.190000
v 0.678953 -0.070254 -0.190000
v 0.678953 -0.070254 0.190000
v 0.677541 -0.070254 -0.190000
v 0.677541 -0.070254 0.190000
v 0.676415 -0.070254 -0.190000
v 0.676415 -0.070254 0.190000
v 0.675670 -0.070254 -0.190000
v 0.675670 -0.070254 0.190000
v 0.675400 -0.070254 -0.190000
v 0.675400 -0.070254 0.190000
v 0.676286 0.006456 -0.190000
v 0.676286 0.006456 0.190000
v 0.671218 0.005728 -0.190000
v 0.671218 0.005728 0.190000
v 0.666826 0.004577 -0.190000
v 0.666826 0.004577 0.190000
v 0.663068 0.003051 -0.190000
v 0.663068 0.003051 0.190000
v 0.659904 0.001201 -0.190000
v 0.659904 0.001201 0.190000
v 0.657294 -0.000922 -0.190000
v 0.657294 -0.000922 0.190000
v 0.655196 -0.003269 -0.190000
v 0.655196 -0.003269 0.190000
v 0.653571 -0.005789 -0.190000
v 0.653571 -0.005789 0.190000
v 0.652378 -0.008432 -0.190000
v 0.652378 -0.008432 0.190000
v 0.651576 -0.011149 -0.190000
v 0.651576 -0.011149 0.190000
v 0.651124 -0.013889 -0.190000
v 0.651124 -0.013889 0.190000
v 0.650983 -0.016602 -0.190000
v 0.650983 -0.016602 0.190000
v 0.650983 -0.016717 -0.190000
v 0.650983 -0.016717 0.190000
v 0.650983 -0.016793 -0.190000
v 0.650983 -0.016793 0.190000
v 0.650983 -0.016880 -0.190000
v 0.650983 -0.016880 0.190000
v 0.650983 -0.016971 -0.190000
v 0.650983 -0.016971 0.190000
v 0.650983 -0.017063 -0.190000
v 0.650983 -0.017063 0.190000
v 0.650983 -0.017149 -0.190000
v 0.650983 -0.017149 0.190000
v 0.650983 -0.017225 -0.190000
v 0.650983 -0.017225 0.190000
v 0.650983 -0.017286 -0.190000
v 0.650983 -0.017286 0.190000
v 0.651121 -0.020040 -0.190000
v 0.651121 -0.020041 0.190000
v 0.651564 -0.022826 -0.190000
v 0.651564 -0.022826 0.190000
v 0.652354 -0.025635 -0.190000
v 0.652354 -0.025635 0.190000
v 0.653533 -0.028408 -0.190000
v 0.653533 -0.028408 0.190000
v 0.655144 -0.031083 -0.190000
v 0.655144 -0.031083 0.190000
v 0.657229 -0.033600 -0.190000
v 0.657229 -0.033600 0.190000
v 0.659830 -0.035896 -0.190000
v 0.659830 -0.035896 0.190000
v 0.662991 -0.037912 -0.190000
v 0.662991 -0.037912 0.190000
v 0.666753 -0.039587 -0.190000
v 0.666753 -0.039587 0.190000
v 0.671158 -0.040858 -0.190000
v 0.671158 -0.040858 0.190000
v 0.676250 -0.041666 -0.190000
v 0.676250 -0.041666 0.190000
v 0.682070 -0.041949 -0.190000
v 0.682070 -0.041949 0.190000
v 0.688107 -0.041669 -0.190000
v 0.688107 -0.041669 0.190000
v 0.693235 -0.040871 -0.190000
v 0.693235 -0.040871 0.190000
v 0.697670 -0.039613 -0.190000
v 0.697670 -0.039613 0.190000
v 0.701456 -0.037954 -0.190000
v 0.701456 -0.037954 0.190000
v 0.704635 -0.035953 -0.190000
v 0.704635 -0.035953 0.190000
v 0.707250 -0.033669 -0.190000
v 0.707250 -0.033669 0.190000
v 0.709345 -0.031162 -0.190000
v 0.709345 -0.031162 0.190000
v 0.710963 -0.028490 -0.190000
v 0.710963 -0.028490 0.190000
v 0.712146 -0.025713 -0.190000
v 0.712146 -0.025713 0.190000
v 0.712937 -0.022890 -0.190000
v 0.712937 -0.022890 0.190000
v 0.713381 -0.020079 -0.190000
v 0.713381 -0.020079 0.190000
v 0.713519 -0.017341 -0.190000
v 0.713519 -0.017341 0.190000
v 0.713519 -0.017225 -0.190000
v 0.713519 -0.017225 0.190000
v 0.713519 -0.017149 -0.190000
v 0.713519 -0.017149 0.190000
v 0.713519 -0.017063 -0.190000
v 0.713519 -0.017063 0.190000
v 0.713519 -0.016971 -0.190000
v 0.713519 -0.016971 0.190000
v 0.713519 -0.016880 -0.190000
v 0.713519 -0.016880 0.190000
v 0.713519 -0.016793 -0.190000
v 0.713519 -0.016793 0.190000
v 0.713519 -0.016717 -0.190000
v 0.713519 -0.016717 0.190000
v 0.713519 -0.016656 -0.190000
v 0.713519 -0.016656 0.190000
v 0.713378 -0.013850 -0.190000
v 0.713378 -0.013850 0.190000
v 0.712925 -0.011085 -0.190000
v 0.712925 -0.011085 0.190000
v 0.712121 -0.008354 -0.190000
v 0.712121 -0.008354 0.190000
v 0.710924 -0.005706 -0.190000
v 0.710924 -0.005706 0.190000
v 0.709292 -0.003190 -0.190000
v 0.709292 -0.003190 0.190000
v 0.707185 -0.000852 -0.190000
v 0.707185 -0.000852 0.190000
v 0.704561 0.001258 -0.190000
v 0.704561 0.001258 0.190000
v 0.701378 0.003092 -0.190000
v 0.701378 0.003092 0.190000
v 0.697597 0.004603 -0.190000
v 0.697597 0.004603 0.190000
v 0.693175 0.005741 -0.190000
v 0.693175 0.005741 0.190000
v 0.688071 0.006460 -0.190000
v 0.688071 0.006460 0.190000
v 0.682244 0.006710 -0.190000
v 0.682244 0.006710 0.190000
v 0.833970 -0.069645 -0.190000
v 0.833970 -0.069645 0.190000
v 0.820685 -0.067909 -0.190000
v 0.820685 -0.067909 0.190000
v 0.809495 -0.065184 -0.190000
v 0.809495 -0.065184 0.190000
v 0.800224 -0.061607 -0.190000
v 0.800224 -0.061607 0.190000
v 0.792697 -0.057315 -0.190000
v 0.792697 -0.057315 0.190000
v 0.786742 -0.052447 -0.190000
v 0.786742 -0.052447 0.190000
v 0.782182 -0.047140 -0.190000
v 0.782182 -0.047140 0.190000
v 0.778842 -0.041530 -0.190000
v 0.778842 -0.041530 0.190000
v 0.776549 -0.035756 -0.190000
v 0.776549 -0.035756 0.190000
v 0.775127 -0.029955 -0.190000
v 0.775127 -0.029955 0.190000
v 0.774402 -0.024264 -0.190000
v 0.774402 -0.024264 0.190000
v 0.774199 -0.018821 -0.190000
v 0.774199 -0.018821 0.190000
v 0.774199 -0.018755 -0.190000
v 0.774199 -0.018755 0.190000
v 0.774199 -0.018574 -0.190000
v 0.774199 -0.018574 0.190000
v 0.774199 -0.018301 -0.190000
v 0.774199 -0.018301 0.190000
v 0.774199 -0.017958 -0.190000
v 0.774199 -0.017958 0.190000
v 0.774199 -0.017568 -0.190000
v 0.774199 -0.017568 0.190000
v 0.774199 -0.017156 -0.190000
v 0.774199 -0.017156 0.190000
v 0.774199 -0.016744 -0.190000
v 0.774199 -0.016744 0.190000
v 0.774199 -0.016354 -0.190000
v 0.774199 -0.016354 0.190000
v 0.774199 -0.016011 -0.190000
v 0.774199 -0.016011 0.190000
v 0.774199 -0.015738 -0.190000
v 0.774199 -0.015738 0.190000
v 0.774199 -0.015557 -0.190000
v 0.774199 -0.015557 0.190000
v 0.774199 -0.015491 -0.190000
v 0.774199 -0.015491 0.190000
v 0.774413 -0.010148 -0.190000
v 0.774413 -0.010148 0.190000
v 0.775165 -0.004569 -0.190000
v 0.775165 -0.004569 0.190000
v 0.776623 0.001114 -0.190000
v 0.776623 0.001114 0.190000
v 0.778958 0.006765 -0.190000
v 0.778958 0.006765 0.190000
v 0.782335 0.012252 -0.190000
v 0.782335 0.012252 0.190000
v 0.786925 0.017441 -0.190000
v 0.786925 0.017441 0.190000
v 0.792894 0.022198 -0.190000
v 0.792894 0.022198 0.190000
v 0.800413 0.026390 -0.190000
v 0.800413 0.026390 0.190000
v 0.809647 0.029883 -0.190000
v 0.809647 0.029883 0.190000
v 0.820767 0.032543 -0.190000
v 0.820767 0.032543 0.190000
v 0.833941 0.034237 -0.190000
v 0.833941 0.034237 0.190000
v 0.849336 0.034832 -0.190000
v 0.849336 0.034832 0.190000
v 0.849612 0.034832 -0.190000
v 0.849612 0.034832 0.190000
v 0.850377 0.034832 -0.190000
v 0.850377 0.034832 0.190000
v 0.851533 0.034832 -0.190000
v 0.851533 0.034832 0.190000
v 0.852982 0.034832 -0.190000
v 0.852982 0.034832 0.190000
v 0.854626 0.034832 -0.190000
v 0.854626 0.034832 0.190000
v 0.856368 0.034832 -0.190000
v 0.856368 0.034832 0.190000
v 0.858110 0.034832 -0.190000
v 0.858110 0.034832 0.190000
v 0.859754 0.034832 -0.190000
v 0.859754 0.034832 0.190000
v 0.861202 0.034832 -0.190000
v 0.861202 0.034832 0.190000
v 0.862358 0.034832 -0.190000
v 0.862358 0.034832 0.190000
v 0.863124 0.034832 -0.190000
v 0.863124 0.034832 0.190000
v 0.863400 0.034832 -0.190000
v 0.863400 0.034832 0.190000
v 0.878293 0.034241 -0.190000
v 0.878293 0.034241 0.190000
v 0.891146 0.032555 -0.190000
v 0.891146 0.032555 0.190000
v 0.902101 0.029906 -0.190000
v 0.902101 0.029906 0.190000
v 0.911299 0.026424 -0.190000
v 0.911299 0.026424 0.190000
v 0.918884 0.022241 -0.190000
v 0.918884 0.022241 0.190000
v 0.924996 0.017487 -0.190000
v 0.924996 0.017487 0.190000
v 0.929778 0.012294 -0.190000
v 0.929778 0.012294 0.190000
v 0.933373 0.006792 -0.190000
v 0.933373 0.006792 0.190000
v 0.935921 0.001114 -0.190000
v 0.935921 0.001114 0.190000
v 0.937566 -0.004612 -0.190000
v 0.937566 -0.004612 0.190000
v 0.938448 -0.010252 -0.190000
v 0.938448 -0.010252 0.190000
v 0.938711 -0.015677 -0.190000
v 0.938711 -0.015677 0.190000
v 0.938711 -0.015735 -0.190000
v 0.938711 -0.015735 0.190000
v 0.938711 -0.015896 -0.190000
v 0.938711 -0.015896 0.190000
v 0.938711 -0.016139 -0.190000
v 0.938711 -0.016139 0.190000
v 0.938711 -0.016444 -0.190000
v 0.938711 -0.016444 0.190000
v 0.938711 -0.016790 -0.190000
v 0.938711 -0.016790 0.190000
v 0.938711 -0.017157 -0.190000
v 0.938711 -0.017157 0.190000
v 0.938711 -0.017523 -0.190000
v 0.938711 -0.017523 0.190000
v 0.938711 -0.017869 -0.190000
v 0.938711 -0.017869 0.190000
v 0.938711 -0.018174 -0.190000
v 0.938711 -0.018174 0.190000
v 0.938711 -0.018418 -0.190000
v 0.938711 -0.018418 0.190000
v 0.938711 -0.018579 -0.190000
v 0.938711 -0.018579 0.190000
v 0.938711 -0.018637 -0.190000
v 0.938711 -0.018637 0.190000
v 0.938444 -0.024161 -0.190000
v 0.938444 -0.024161 0.190000
v 0.937551 -0.029912 -0.190000
v 0.937551 -0.029912 0.190000
v 0.935892 -0.035756 -0.190000
v 0.935892 -0.035756 0.190000
v 0.933324 -0.041557 -0.190000
v 0.933324 -0.041557 0.190000
v 0.929707 -0.047181 -0.190000
v 0.929707 -0.047181 0.190000
v 0.924901 -0.052493 -0.190000
v 0.924901 -0.052493 0.190000
v 0.918766 -0.057358 -0.190000
v 0.918766 -0.057358 0.190000
v 0.911159 -0.061641 -0.190000
v 0.911159 -0.061641 0.190000
v 0.901941 -0.065207 -0.190000
v 0.901941 -0.065207 0.190000
v 0.890971 -0.067921 -0.190000
v 0.890971 -0.067921 0.190000
v 0.878108 -0.069648 -0.190000
v 0.878108 -0.069648 0.190000
v 0.863212 -0.070254 -0.190000
v 0.863212 -0.070254 0.190000
v 0.862942 -0.070254 -0.190000
v 0.862942 -0.070254 0.190000
v 0.862198 -0.070254 -0.190000
v 0.862198 -0.070254 0.190000
v 0.861073 -0.070254 -0.190000
v 0.861073 -0.070254 0.190000
v 0.859663 -0.070254 -0.190000
v 0.859663 -0.070254 0.190000
v 0.858063 -0.070254 -0.190000
v 0.858063 -0.070254 0.190000
v 0.856368 -0.070254 -0.190000
v 0.856368 -0.070254 0.190000
v 0.854673 -0.070254 -0.190000
v 0.854673 -0.070254 0.190000
v 0.853073 -0.070254 -0.190000
v 0.853073 -0.070254 0.190000
v 0.851663 -0.070254 -0.190000
v 0.851663 -0.070254 0.190000
v 0.850538 -0.070254 -0.190000
v 0.850538 -0.070254 0.190000
v 0.849794 -0.070254 -0.190000
v 0.849794 -0.070254 0.190000
v 0.849524 -0.070254 -0.190000
v 0.849524 -0.070254 0.190000
v 0.850399 0.006456 -0.190000
v 0.850399 0.006456 0.190000
v 0.845333 0.005728 -0.190000
v 0.845333 0.005728 0.190000
v 0.840942 0.004577 -0.190000
v 0.840942 0.004577 0.190000
v 0.837184 0.003051 -0.190000
v 0.837184 0.003051 0.190000
v 0.834020 0.001201 -0.190000
v 0.834020 0.001201 0.190000
v 0.831409 -0.000922 -0.190000
v 0.831409 -0.000922 0.190000
v 0.829311 -0.003269 -0.190000
v 0.829311 -0.003269 0.190000
v 0.827684 -0.005789 -0.190000
v 0.827684 -0.005789 0.190000
v 0.826490 -0.008432 -0.190000
v 0.826490 -0.008432 0.190000
v 0.825687 -0.011149 -0.190000
v 0.825687 -0.011149 0.190000
v 0.825235 -0.013889 -0.190000
v 0.825235 -0.013889 0.190000
v 0.825093 -0.016602 -0.190000
v 0.825093 -0.016602 0.190000
v 0.825093 -0.016717 -0.190000
v 0.825093 -0.016717 0.190000
v 0.825093 -0.016793 -0.190000
v 0.825093 -0.016793 0.190000
v 0.825093 -0.016880 -0.190000
v 0.825093 -0.016880 0.190000
v 0.825093 -0.016971 -0.190000
v 0.825093 -0.016971 0.190000
v 0.825093 -0.017063 -0.190000
v 0.825093 -0.017063 0.190000
v 0.825093 -0.017149 -0.190000
v 0.825093 -0.017149 0.190000
v 0.825093 -0.017225 -0.190000
v 0.825093 -0.017225 0.190000
v 0.825093 -0.017286 -0.190000
v 0.825093 -0.017286 0.190000
v 0.825231 -0.020040 -0.190000
v 0.825231 -0.020041 0.190000
v 0.825674 -0.022826 -0.190000
v 0.825674 -0.022826 0.190000
v 0.826463 -0.025635 -0.190000
v 0.826463 -0.025635 0.190000
v 0.827642 -0.028408 -0.190000
v 0.827642 -0.028408 0.190000
v 0.829253 -0.031083 -0.190000
v 0.829253 -0.031083 0.190000
v 0.831338 -0.033600 -0.190000
v 0.831338 -0.033600 0.190000
v 0.833940 -0.035896 -0.190000
v 0.833940 -0.035896 0.190000
v 0.837100 -0.037912 -0.190000
v 0.837100 -0.037912 0.190000
v 0.840862 -0.039587 -0.190000
v 0.840862 -0.039587 0.190000
v 0.845268 -0.040858 -0.190000
v 0.845268 -0.040858 0.190000
v 0.850360 -0.041666 -0.190000
v 0.850360 -0.041666 0.190000
v 0.856180 -0.041949 -0.190000
v 0.856180 -0.041949 0.190000
v 0.862231 -0.041669 -0.190000
v 0.862231 -0.041669 0.190000
v 0.867359 -0.040871 -0.190000
v 0.867359 -0.040871 0.190000
v 0.871794 -0.039613 -0.190000
v 0.871794 -0.039613 0.190000
v 0.875580 -0.037954 -0.190000
v 0.875580 -0.037954 0.190000
v 0.878759 -0.035953 -0.190000
v 0.878759 -0.035953 0.190000
v 0.881374 -0.033669 -0.190000
v 0.881374 -0.033669 0.190000
v 0.883469 -0.031162 -0.190000
v 0.883469 -0.031162 0.190000
v 0.885087 -0.028490 -0.190000
v 0.885087 -0.028490 0.190000
v 0.886270 -0.025713 -0.190000
v 0.886270 -0.025713 0.190000
v 0.887062 -0.022890 -0.190000
v 0.887062 -0.022890 0.190000
v 0.887505 -0.020079 -0.190000
v 0.887505 -0.020079 0.190000
v 0.887643 -0.017341 -0.190000
v 0.887643 -0.017341 0.190000
v 0.887643 -0.017225 -0.190000
v 0.887643 -0.017225 0.190000
v 0.887643 -0.017149 -0.190000
v 0.887643 -0.017149 0.190000
v 0.887643 -0.017063 -0.190000
v 0.887643 -0.017063 0.190000
v 0.887643 -0.016971 -0.190000
v 0.887643 -0.016971 0.190000
v 0.887643 -0.016880 -0.190000
v 0.887643 -0.016880 0.190000
v 0.887643 -0.016793 -0.190000
v 0.887643 -0.016793 0.190000
v 0.887643 -0.016717 -0.190000
v 0.887643 -0.016717 0.190000
v 0.887643 -0.016656 -0.190000
v 0.887643 -0.016656 0.190000
v 0.887502 -0.013850 -0.190000
v 0.887502 -0.013850 0.190000
v 0.887049 -0.011085 -0.190000
v 0.887049 -0.011085 0.190000
v 0.886243 -0.008354 -0.190000
v 0.886243 -0.008354 0.190000
v 0.885045 -0.005706 -0.190000
v 0.885045 -0.005706 0.190000
v 0.883412 -0.003190 -0.190000
v 0.883412 -0.003190 0.190000
v 0.881304 -0.000852 -0.190000
v 0.881304 -0.000852 0.190000
v 0.878679 0.001258 -0.190000
v 0.878679 0.001258 0.190000
v 0.875496 0.003092 -0.190000
v 0.875496 0.003092 0.190000
v 0.871715 0.004603 -0.190000
v 0.871715 0.004603 0.190000
v 0.867294 0.005741 -0.190000
v 0.867294 0.005741 0.190000
v 0.862192 0.006460 -0.190000
v 0.862192 0.006460 0.190000
v 0.856368 0.006710 -0.190000
v 0.856368 0.006710 0.190000
v 0.950383 0.073705 -0.190000
v 0.950383 0.073705 0.190000
v 0.951345 0.073705 -0.190000
v 0.951345 0.073705 0.190000
v 0.954004 0.073705 -0.190000
v 0.954004 0.073705 0.190000
v 0.958022 0.073705 -0.190000
v 0.958022 0.073705 0.190000
v 0.963058 0.073705 -0.190000
v 0.963058 0.073705 0.190000
v 0.968774 0.073705 -0.190000
v 0.968774 0.073705 0.190000
v 0.974829 0.073705 -0.190000
v 0.974829 0.073705 0.190000
v 0.980884 0.073705 -0.190000
v 0.980884 0.073705 0.190000
v 0.986599 0.073705 -0.190000
v 0.986599 0.073705 0.190000
v 0.991635 0.073705 -0.190000
v 0.991635 0.073705 0.190000
v 0.995653 0.073705 -0.190000
v 0.995653 0.073705 0.190000
v 0.998313 0.073705 -0.190000
v 0.998313 0.073705 0.190000
v 0.999275 0.073705 -0.190000
v 0.999275 0.073705 0.190000
v 0.999371 0.073698 -0.190000
v 0.999371 0.073698 0.190000
v 0.999465 0.073679 -0.190000
v 0.999465 0.073679 0.190000
v 0.999553 0.073648 -0.190000
v 0.999553 0.073648 0.190000
v 0.999637 0.073606 -0.190000
v 0.999637 0.073606 0.190000
v 0.999714 0.073554 -0.190000
v 0.999714 0.073554 0.190000
v 0.999784 0.073493 -0.190000
v 0.999784 0.073492 0.190000
v 0.999846 0.073423 -0.190000
v 0.999846 0.073423 0.190000
v 0.999899 0.073346 -0.190000
v 0.999899 0.073346 0.190000
v 0.999942 0.073262 -0.190000
v 0.999942 0.073262 0.190000
v 0.999973 0.073173 -0.190000
v 0.999973 0.073173 0.190000
v 0.999993 0.073078 -0.190000
v 0.999993 0.073078 0.190000
v 1.000000 0.072980 -0.190000
v 1.000000 0.072980 0.190000
v 1.000000 0.070216 -0.190000
v 1.000000 0.070216 0.190000
v 1.000000 0.062576 -0.190000
v 1.000000 0.062576 0.190000
v 1.000000 0.051033 -0.190000
v 1.000000 0.051033 0.190000
v 1.000000 0.036565 -0.190000
v 1.000000 0.036565 0.190000
v 1.000000 0.020145 -0.190000
v 1.000000 0.020145 0.190000
v 1.000000 0.002750 -0.190000
v 1.000000 0.002750 0.190000
v 1.000000 -0.014645 -0.190000
v 1.000000 -0.014645 0.190000
v 1.000000 -0.031064 -0.190000
v 1.000000 -0.031064 0.190000
v 1.000000 -0.045533 -0.190000
v 1.000000 -0.045533 0.190000
v 1.000000 -0.057075 -0.190000
v 1.000000 -0.057075 0.190000
v 1.000000 -0.064716 -0.190000
v 1.000000 -0.064716 0.190000
v 0.949658 0.072980 -0.190000
v 0.949658 0.072980 0.190000
v 0.949664 0.073078 -0.190000
v 0.949664 0.073078 0.190000
v 0.949683 0.073173 -0.190000
v 0.949683 0.073173 0.190000
v 0.949714 0.073262 -0.190000
v 0.949714 0.073262 0.190000
v 0.949755 0.073346 -0.190000
v 0.949755 0.073346 0.190000
v 0.949807 0.073423 -0.190000
v 0.949807 0.073423 0.190000
v 0.949868 0.073493 -0.190000
v 0.949868 0.073493 0.190000
v 0.949937 0.073554 -0.190000
v 0.949937 0.073554 0.190000
v 0.950014 0.073606 -0.190000
v 0.950014 0.073606 0.190000
v 0.950098 0.073648 -0.190000
v 0.950098 0.073648 0.190000
v 0.950188 0.073679 -0.190000
v 0.950188 0.073679 0.190000
v 0.950283 0.073698 -0.190000
v 0.950283 0.073698 0.190000
v -0.204957 -0.068022 0.190000
v -0.204957 -0.068022 0.190000
v -0.204957 -0.068022 0.190000
v -0.204957 -0.068022 0.190000
v -0.204957 -0.068022 0.190000
v -0.204957 -0.068022 0.190000
v -0.204957 -0.068022 0.190000
v -0.204957 -0.068022 0.190000
v -0.204957 -0.068022 0.190000
v -0.204957 -0.068022 0.190000
v -0.204957 -0.068022 0.190000
v -0.204957 -0.068022 0.190000
v -0.204957 -0.068022 0.190000
v -0.204957 -0.068022 0.190000
v -0.204957 -0.068022 0.190000
v -0.204957 -0.068022 0.190000
v -0.204957 -0.068022 0.190000
v -0.204957 -0.068022 0.190000
v -0.204957 -0.068022 0.190000
v -0.204957 -0.068022 0.190000
v -0.204957 -0.068022 0.190000
v -0.204957 -0.068022 0.190000
v -0.204957 -0.068022 0.190000
v -0.204957 -0.068022 0.190000
v -0.204957 -0.068022 0.190000
v -0.204957 -0.068022 0.190000
v -0.204957 -0.068022 0.190000
v -0.204957 -0.068022 0.190000
v -0.204957 -0.068022 0.190000
v -0.204957 -0.068022 0.190000
v -0.204957 -0.068022 0.190000
v -0.204957 -0.068022 0.190000
v -0.204957 -0.068022 0.190000
v -0.204957 -0.068022 0.190000
v -0.204957 -0.068022 0.190000
v -0.204957 -0.068022 0.190000
v -0.204957 -0.068022 0.190000
v -0.204957 -0.068022 0.190000
v -0.204957 -0.068022 0.190000
v -0.204957 -0.068022 0.190000
v -0.204957 -0.068022 0.190000
v -0.204957 -0.068022 0.190000
v -0.204957 -0.068022 0.190000
v -0.204957 -0.068022 0.190000
v -0.205684 -0.068022 0.190000
v -0.205684 -0.068022 0.190000
v -0.205684 -0.068022 0.190000
v -0.205684 -0.068022 0.190000
v -0.206490 -0.068022 0.190000
v -0.206490 -0.068022 0.190000
v -0.206490 -0.068022 0.190000
v -0.206490 -0.068022 0.190000
v -0.207500 -0.068022 0.190000
v -0.207500 -0.068022 0.190000
v -0.207500 -0.068022 0.190000
v -0.207500 -0.068022 0.190000
v -0.208646 -0.068022 0.190000
v -0.208646 -0.068022 0.190000
v -0.208646 -0.068022 0.190000
v -0.208646 -0.068022 0.190000
v -0.209861 -0.068022 0.190000
v -0.209861 -0.068022 0.190000
v -0.209861 -0.068022 0.190000
v -0.209861 -0.068022 0.190000
v -0.211076 -0.068022 0.190000
v -0.211076 -0.068022 0.190000
v -0.211076 -0.068022 0.190000
v -0.211076 -0.068022 0.190000
v -0.212222 -0.068022 0.190000
v -0.212222 -0.068022 0.190000
v -0.212222 -0.068022 0.190000
v -0.212222 -0.068022 0.190000
v -0.213232 -0.068022 0.190000
v -0.213232 -0.068022 0.190000
v -0.213232 -0.068022 0.190000
v -0.213232 -0.068022 0.190000
v -0.214038 -0.068022 0.190000
v -0.214038 -0.068022 0.190000
v -0.214038 -0.068022 0.190000
v -0.214038 -0.068022 0.190000
v -0.214572 -0.068022 0.190000
v -0.214572 -0.068022 0.190000
v -0.214572 -0.068022 0.190000
v -0.214572 -0.068022 0.190000
v -0.214765 -0.068022 0.190000
v -0.214765 -0.068022 0.190000
v -0.214765 -0.068022 0.190000
v -0.214765 -0.068022 0.190000
v -0.214765 -0.068022 0.190000
v -0.131847 -0.022694 0.190000
v -0.131847 -0.022694 0.190000
v -0.131847 -0.022694 0.190000
v -0.131847 -0.022694 0.190000
v -0.131847 -0.022694 0.190000
v -0.131847 -0.022694 0.190000
v -0.131847 -0.022694 0.190000
v -0.131847 -0.022694 0.190000
v -0.131847 -0.022694 0.190000
v -0.131847 -0.022694 0.190000
v -0.131847 -0.022694 0.190000
v -0.131847 -0.022694 0.190000
v -0.131847 -0.022694 0.190000
v -0.131847 -0.022694 0.190000
v -0.131847 -0.022694 0.190000
v -0.131847 -0.022694 0.190000
v -0.131847 -0.022694 0.190000
v -0.131847 -0.022694 0.190000
v -0.131847 -0.022694 0.190000
v -0.131847 -0.022694 0.190000
v -0.131847 -0.022694 0.190000
v -0.131847 -0.022694 0.190000
v -0.131847 -0.022694 0.190000
v -0.131847 -0.022694 0.190000
v -0.131847 -0.022694 0.190000
v -0.131847 -0.022694 0.190000
v -0.131847 -0.022694 0.190000
v -0.131847 -0.022694 0.190000
v -0.131847 -0.022694 0.190000
v -0.131847 -0.022694 0.190000
v -0.131847 -0.022694 0.190000
v -0.131847 -0.022694 0.190000
v -0.131847 -0.022694 0.190000
v -0.131847 -0.022694 0.190000
v -0.131847 -0.022694 0.190000
v -0.131847 -0.022694 0.190000
v -0.131847 -0.022694 0.190000
v -0.131847 -0.022694 0.190000
v -0.131847 -0.022694 0.190000
v -0.131847 -0.022694 0.190000
v -0.131847 -0.022694 0.190000
v -0.131847 -0.022694 0.190000
v -0.131847 -0.022694 0.190000
v -0.131847 -0.022694 0.190000
v -0.139749 -0.022694 0.190000
v -0.139749 -0.022694 0.190000
v -0.139749 -0.022694 0.190000
v -0.139749 -0.022694 0.190000
v -0.148515 -0.022694 0.190000
v -0.148515 -0.022694 0.190000
v -0.148515 -0.022694 0.190000
v -0.148515 -0.022694 0.190000
v -0.159504 -0.022694 0.190000
v -0.159504 -0.022694 0.190000
v -0.159504 -0.022694 0.190000
v -0.159504 -0.022694 0.190000
v -0.171974 -0.022694 0.190000
v -0.171974 -0.022694 0.190000
v -0.171974 -0.022694 0.190000
v -0.171974 -0.022694 0.190000
v -0.185185 -0.022694 0.190000
v -0.185185 -0.022694 0.190000
v -0.185185 -0.022694 0.190000
v -0.185185 -0.022694 0.190000
v -0.198396 -0.022694 0.190000
v -0.198396 -0.022694 0.190000
v -0.198396 -0.022694 0.190000
v -0.198396 -0.022694 0.190000
v -0.210867 -0.022694 0.190000
v -0.210867 -0.022694 0.190000
v -0.210867 -0.022694 0.190000
v -0.210867 -0.022694 0.190000
v -0.221855 -0.022694 0.190000
v -0.221855 -0.022694 0.190000
v -0.221855 -0.022694 0.190000
v -0.221855 -0.022694 0.190000
v -0.230622 -0.022694 0.190000
v -0.230622 -0.022694 0.190000
v -0.230622 -0.022694 0.190000
v -0.230622 -0.022694 0.190000
v -0.236425 -0.022694 0.190000
v -0.236425 -0.022694 0.190000
v -0.236425 -0.022694 0.190000
v -0.236425 -0.022694 0.190000
v -0.238524 -0.022694 0.190000
v -0.238524 -0.022694 0.190000
v -0.238524 -0.022694 0.190000
v -0.238524 -0.022694 0.190000
v -0.238524 -0.022694 0.190000
v -0.238524 -0.022694 0.190000
v -0.046184 -0.068022 0.190000
v -0.046184 -0.068022 0.190000
v -0.046184 -0.068022 0.190000
v -0.046184 -0.068022 0.190000
v -0.046184 -0.068022 0.190000
v -0.046184 -0.068022 0.190000
v -0.046184 -0.068022 0.190000
v -0.046184 -0.068022 0.190000
v -0.046184 -0.068022 0.190000
v -0.046184 -0.068022 0.190000
v -0.046184 -0.068022 0.190000
v -0.046184 -0.068022 0.190000
v -0.046184 -0.068022 0.190000
v -0.046184 -0.068022 0.190000
v -0.046184 -0.068022 0.190000
v -0.046184 -0.068022 0.190000
v -0.046184 -0.068022 0.190000
v -0.046184 -0.068022 0.190000
v -0.046184 -0.068022 0.190000
v -0.046184 -0.068022 0.190000
v -0.046184 -0.068022 0.190000
v -0.046184 -0.068022 0.190000
v -0.046184 -0.068022 0.190000
v -0.046184 -0.068022 0.190000
v -0.046184 -0.068022 0.190000
v -0.046184 -0.068022 0.190000
v -0.046184 -0.068022 0.190000
v -0.046184 -0.068022 0.190000
v -0.046184 -0.068022 0.190000
v -0.046184 -0.068022 0.190000
v -0.046184 -0.068022 0.190000
v -0.046184 -0.068022 0.190000
v -0.046184 -0.068022 0.190000
v -0.046184 -0.068022 0.190000
v -0.046184 -0.068022 0.190000
v -0.046184 -0.068022 0.190000
v -0.046184 -0.068022 0.190000
v -0.046184 -0.068022 0.190000
v -0.046184 -0.068022 0.190000
v -0.046184 -0.068022 0.190000
v -0.046184 -0.068022 0.190000
v -0.046184 -0.068022 0.190000
v -0.046184 -0.068022 0.190000
v -0.046184 -0.068022 0.190000
v -0.046938 -0.068022 0.190000
v -0.046938 -0.068022 0.190000
v -0.046938 -0.068022 0.190000
v -0.046938 -0.068022 0.190000
v -0.047774 -0.068022 0.190000
v -0.047774 -0.068022 0.190000
v -0.047774 -0.068022 0.190000
v -0.047774 -0.068022 0.190000
v -0.048823 -0.068022 0.190000
v -0.048823 -0.068022 0.190000
v -0.048823 -0.068022 0.190000
v -0.048823 -0.068022 0.190000
v -0.050013 -0.068022 0.190000
v -0.050013 -0.068022 0.190000
v -0.050013 -0.068022 0.190000
v -0.050013 -0.068022 0.190000
v -0.051273 -0.068022 0.190000
v -0.051273 -0.068022 0.190000
v -0.051273 -0.068022 0.190000
v -0.051273 -0.068022 0.190000
v -0.052534 -0.068022 0.190000
v -0.052534 -0.068022 0.190000
v -0.052534 -0.068022 0.190000
v -0.052534 -0.068022 0.190000
v -0.053724 -0.068022 0.190000
v -0.053724 -0.068022 0.190000
v -0.053724 -0.068022 0.190000
v -0.053724 -0.068022 0.190000
v -0.054772 -0.068022 0.190000
v -0.054772 -0.068022 0.190000
v -0.054772 -0.068022 0.190000
v -0.054772 -0.068022 0.190000
v -0.055609 -0.068022 0.190000
v -0.055609 -0.068022 0.190000
v -0.055609 -0.068022 0.190000
v -0.055609 -0.068022 0.190000
v -0.056162 -0.068022 0.190000
v -0.056162 -0.068022 0.190000
v -0.056162 -0.068022 0.190000
v -0.056162 -0.068022 0.190000
v -0.056362 -0.068022 0.190000
v -0.056362 -0.068022 0.190000
v -0.056362 -0.068022 0.190000
v -0.056362 -0.068022 0.190000
v -0.056362 -0.068022 0.190000
v 0.018043 0.004873 0.190000
v 0.018043 0.004873 0.190000
v 0.018043 0.004873 0.190000
v 0.018043 0.004873 0.190000
v 0.018043 0.004873 0.190000
v 0.018043 0.004873 0.190000
v 0.018043 0.004873 0.190000
v 0.018043 0.004873 0.190000
v 0.018043 0.004873 0.190000
v 0.018043 0.004873 0.190000
v 0.018043 0.004873 0.190000
v 0.018043 0.004873 0.190000
v 0.018043 0.004873 0.190000
v 0.018043 0.004873 0.190000
v 0.018043 0.004873 0.190000
v 0.018043 0.004873 0.190000
v 0.018043 0.004873 0.190000
v 0.018043 0.004873 0.190000
v 0.018043 0.004873 0.190000
v 0.018043 0.004873 0.190000
v 0.018043 0.004873 0.190000
v 0.018043 0.004873 0.190000
v 0.018043 0.004873 0.190000
v 0.018043 0.004873 0.190000
v 0.018043 0.004873 0.190000
v 0.018043 0.004873 0.190000
v 0.018043 0.004873 0.190000
v 0.018043 0.004873 0.190000
v 0.018043 0.004873 0.190000
v 0.018043 0.004873 0.190000
v 0.018043 0.004873 0.190000
v 0.018043 0.004873 0.190000
v 0.018043 0.004873 0.190000
v 0.018043 0.004873 0.190000
v 0.018043 0.004873 0.190000
v 0.018043 0.004873 0.190000
v 0.018043 0.004873 0.190000
v 0.018043 0.004873 0.190000
v 0.018043 0.004873 0.190000
v 0.018043 0.004873 0.190000
v 0.018043 0.004873 0.190000
v 0.018043 0.004873 0.190000
v 0.018043 0.004873 0.190000
v 0.018043 0.004873 0.190000
v 0.014368 0.004873 0.190000
v 0.014368 0.004873 0.190000
v 0.014368 0.004873 0.190000
v 0.014368 0.004873 0.190000
v 0.010292 0.004873 0.190000
v 0.010292 0.004873 0.190000
v 0.010292 0.004873 0.190000
v 0.010292 0.004873 0.190000
v 0.005182 0.004873 0.190000
v 0.005182 0.004873 0.190000
v 0.005182 0.004873 0.190000
v 0.005182 0.004873 0.190000
v -0.000618 0.004873 0.190000
v -0.000618 0.004873 0.190000
v -0.000618 0.004873 0.190000
v -0.000618 0.004873 0.190000
v -0.006761 0.004873 0.190000
v -0.006761 0.004873 0.190000
v -0.006761 0.004873 0.190000
v -0.006761 0.004873 0.190000
v -0.012905 0.004873 0.190000
v -0.012905 0.004873 0.190000
v -0.012905 0.004873 0.190000
v -0.012905 0.004873 0.190000
v -0.018704 0.004873 0.190000
v -0.018704 0.004873 0.190000
v -0.018704 0.004873 0.190000
v -0.018704 0.004873 0.190000
v -0.023814 0.004873 0.190000
v -0.023814 0.004873 0.190000
v -0.023814 0.004873 0.190000
v -0.023814 0.004873 0.190000
v -0.027891 0.004873 0.190000
v -0.027891 0.004873 0.190000
v -0.027891 0.004873 0.190000
v -0.027891 0.004873 0.190000
v -0.030589 0.004873 0.190000
v -0.030589 0.004873 0.190000
v -0.030589 0.004873 0.190000
v -0.030589 0.004873 0.190000
v -0.031565 0.004873 0.190000
v -0.031565 0.004873 0.190000
v -0.031565 0.004873 0.190000
v -0.031565 0.004873 0.190000
v -0.031565 0.004873 0.190000
v -0.031565 0.004873 0.190000
v -0.031565 0.004873 0.190000
v -0.031565 0.004873 0.190000
v -0.031565 0.004873 0.190000
v -0.031565 0.004873 0.190000
v -0.031565 0.004873 0.190000
v -0.031565 0.004873 0.190000
v -0.031565 0.004873 0.190000
v -0.031565 0.004873 0.190000
v -0.031565 0.004873 0.190000
v -0.031565 0.004873 0.190000
v -0.031565 0.004873 0.190000
v -0.031565 0.004873 0.190000
v 0.045981 0.003763 0.190000
v 0.045981 0.003763 0.190000
v 0.045981 0.003763 0.190000
v 0.045981 0.003763 0.190000
v 0.045634 0.003763 0.190000
v 0.045634 0.003763 0.190000
v 0.045634 0.003763 0.190000
v 0.045634 0.003763 0.190000
v 0.044676 0.003763 0.190000
v 0.044676 0.003763 0.190000
v 0.044676 0.003763 0.190000
v 0.044676 0.003763 0.190000
v 0.043229 0.003763 0.190000
v 0.043229 0.003763 0.190000
v 0.043229 0.003763 0.190000
v 0.043229 0.003763 0.190000
v 0.041415 0.003763 0.190000
v 0.041415 0.003763 0.190000
v 0.041415 0.003763 0.190000
v 0.041415 0.003763 0.190000
v 0.039357 0.003763 0.190000
v 0.039357 0.003763 0.190000
v 0.039357 0.003763 0.190000
v 0.039357 0.003763 0.190000
v 0.037176 0.003763 0.190000
v 0.037176 0.003763 0.190000
v 0.037176 0.003763 0.190000
v 0.037176 0.003763 0.190000
v 0.034995 0.003763 0.190000
v 0.034995 0.003763 0.190000
v 0.034995 0.003763 0.190000
v 0.034995 0.003763 0.190000
v 0.032936 0.003763 0.190000
v 0.032936 0.003763 0.190000
v 0.032936 0.003763 0.190000
v 0.032936 0.003763 0.190000
v 0.031122 0.003763 0.190000
v 0.031122 0.003763 0.190000
v 0.031122 0.003763 0.190000
v 0.031122 0.003763 0.190000
v 0.029675 0.003763 0.190000
v 0.029675 0.003763 0.190000
v 0.029675 0.003763 0.190000
v 0.029675 0.003763 0.190000
v 0.028717 0.003763 0.190000
v 0.028717 0.003763 0.190000
v 0.028717 0.003763 0.190000
v 0.028717 0.003763 0.190000
v 0.028371 0.003763 0.190000
v 0.028371 0.003763 0.190000
v 0.028371 0.003763 0.190000
v 0.028371 0.003763 0.190000
v 0.115729 0.003763 0.190000
v 0.115729 0.003763 0.190000
v 0.115729 0.003763 0.190000
v 0.115729 0.003763 0.190000
v 0.115729 0.003763 0.190000
v 0.115729 0.003763 0.190000
v 0.115729 0.003763 0.190000
v 0.115729 0.003763 0.190000
v 0.115729 0.003763 0.190000
v 0.115729 0.003763 0.190000
v 0.115729 0.003763 0.190000
v 0.115729 0.003763 0.190000
v 0.115729 0.003763 0.190000
v 0.115729 0.003763 0.190000
v 0.115729 0.003763 0.190000
v 0.115729 0.003763 0.190000
v 0.115729 0.003763 0.190000
v 0.115729 0.003763 0.190000
v 0.115729 0.003763 0.190000
v 0.115729 0.003763 0.190000
v 0.115729 0.003763 0.190000
v 0.115729 0.003763 0.190000
v 0.115729 0.003763 0.190000
v 0.115729 0.003763 0.190000
v 0.115729 0.003763 0.190000
v 0.115729 0.003763 0.190000
v 0.115729 0.003763 0.190000
v 0.115729 0.003763 0.190000
v 0.115729 0.003763 0.190000
v 0.115729 0.003763 0.190000
v 0.115729 0.003763 0.190000
v 0.115729 0.003763 0.190000
v 0.115729 0.003763 0.190000
v 0.115729 0.003763 0.190000
v 0.115729 0.003763 0.190000
v 0.115729 0.003763 0.190000
v 0.115729 0.003763 0.190000
v 0.115729 0.003763 0.190000
v 0.115729 0.003763 0.190000
v 0.115729 0.003763 0.190000
v 0.115729 0.003763 0.190000
v 0.115729 0.003763 0.190000
v 0.115729 0.003763 0.190000
v 0.115729 0.003763 0.190000
v 0.115729 0.003763 0.190000
v 0.115729 0.003763 0.190000
v 0.115729 0.003763 0.190000
v 0.115729 0.003763 0.190000
v 0.115729 0.003763 0.190000
v 0.115729 0.003763 0.190000
v 0.115729 0.003763 0.190000
v 0.115729 0.003763 0.190000
v 0.097394 0.003763 0.190000
v 0.097394 0.003763 0.190000
v 0.097394 0.003763 0.190000
v 0.097394 0.003763 0.190000
v 0.097394 0.003763 0.190000
v 0.209533 -0.068022 0.190000
v 0.209533 -0.068022 0.190000
v 0.209533 -0.068022 0.190000
v 0.209533 -0.068022 0.190000
v 0.209533 -0.068022 0.190000
v 0.209533 -0.068022 0.190000
v 0.209533 -0.068022 0.190000
v 0.209533 -0.068022 0.190000
v 0.209533 -0.068022 0.190000
v 0.209533 -0.068022 0.190000
v 0.209533 -0.068022 0.190000
v 0.209533 -0.068022 0.190000
v 0.209533 -0.068022 0.190000
v 0.209533 -0.068022 0.190000
v 0.209533 -0.068022 0.190000
v 0.209533 -0.068022 0.190000
v 0.209533 -0.068022 0.190000
v 0.209533 -0.068022 0.190000
v 0.209533 -0.068022 0.190000
v 0.209533 -0.068022 0.190000
v 0.209533 -0.068022 0.190000
v 0.209533 -0.068022 0.190000
v 0.209533 -0.068022 0.190000
v 0.209533 -0.068022 0.190000
v 0.209533 -0.068022 0.190000
v 0.209533 -0.068022 0.190000
v 0.209533 -0.068022 0.190000
v 0.209533 -0.068022 0.190000
v 0.209533 -0.068022 0.190000
v 0.209533 -0.068022 0.190000
v 0.209533 -0.068022 0.190000
v 0.209533 -0.068022 0.190000
v 0.209533 -0.068022 0.190000
v 0.209533 -0.068022 0.190000
v 0.209533 -0.068022 0.190000
v 0.209533 -0.068022 0.190000
v 0.209533 -0.068022 0.190000
v 0.209533 -0.068022 0.190000
v 0.209533 -0.068022 0.190000
v 0.209533 -0.068022 0.190000
v 0.209533 -0.068022 0.190000
v 0.209533 -0.068022 0.190000
v 0.209533 -0.068022 0.190000
v 0.209533 -0.068022 0.190000
v 0.208807 -0.068022 0.190000
v 0.208807 -0.068022 0.190000
v 0.208807 -0.068022 0.190000
v 0.208807 -0.068022 0.190000
v 0.208001 -0.068022 0.190000
v 0.208001 -0.068022 0.190000
v 0.208001 -0.068022 0.190000
v 0.208001 -0.068022 0.190000
v 0.206991 -0.068022 0.190000
v 0.206991 -0.068022 0.190000
v 0.206991 -0.068022 0.190000
v 0.206991 -0.068022 0.190000
v 0.205844 -0.068022 0.190000
v 0.205844 -0.068022 0.190000
v 0.205844 -0.068022 0.190000
v 0.205844 -0.068022 0.190000
v 0.204630 -0.068022 0.190000
v 0.204630 -0.068022 0.190000
v 0.204630 -0.068022 0.190000
v 0.204630 -0.068022 0.190000
v 0.203415 -0.068022 0.190000
v 0.203415 -0.068022 0.190000
v 0.203415 -0.068022 0.190000
v 0.203415 -0.068022 0.190000
v 0.202269 -0.068022 0.190000
v 0.202269 -0.068022 0.190000
v 0.202269 -0.068022 0.190000
v 0.202269 -0.068022 0.190000
v 0.201258 -0.068022 0.190000
v 0.201258 -0.068022 0.190000
v 0.201258 -0.068022 0.190000
v 0.201258 -0.068022 0.190000
v 0.200452 -0.068022 0.190000
v 0.200452 -0.068022 0.190000
v 0.200452 -0.068022 0.190000
v 0.200452 -0.068022 0.190000
v 0.199919 -0.068022 0.190000
v 0.199919 -0.068022 0.190000
v 0.199919 -0.068022 0.190000
v 0.199919 -0.068022 0.190000
v 0.199726 -0.068022 0.190000
v 0.199726 -0.068022 0.190000
v 0.199726 -0.068022 0.190000
v 0.199726 -0.068022 0.190000
v 0.199726 -0.068022 0.190000
v 0.282644 -0.022694 0.190000
v 0.282644 -0.022694 0.190000
v 0.282644 -0.022694 0.190000
v 0.282644 -0.022694 0.190000
v 0.282644 -0.022694 0.190000
v 0.282644 -0.022694 0.190000
v 0.282644 -0.022694 0.190000
v 0.282644 -0.022694 0.190000
v 0.282644 -0.022694 0.190000
v 0.282644 -0.022694 0.190000
v 0.282644 -0.022694 0.190000
v 0.282644 -0.022694 0.190000
v 0.282644 -0.022694 0.190000
v 0.282644 -0.022694 0.190000
v 0.282644 -0.022694 0.190000
v 0.282644 -0.022694 0.190000
v 0.282644 -0.022694 0.190000
v 0.282644 -0.022694 0.190000
v 0.282644 -0.022694 0.190000
v 0.282644 -0.022694 0.190000
v 0.282644 -0.022694 0.190000
v 0.282644 -0.022694 0.190000
v 0.282644 -0.022694 0.190000
v 0.282644 -0.022694 0.190000
v 0.282644 -0.022694 0.190000
v 0.282644 -0.022694 0.190000
v 0.282644 -0.022694 0.190000
v 0.282644 -0.022694 0.190000
v 0.282644 -0.022694 0.190000
v 0.282644 -0.022694 0.190000
v 0.282644 -0.022694 0.190000
v 0.282644 -0.022694 0.190000
v 0.282644 -0.022694 0.190000
v 0.282644 -0.022694 0.190000
v 0.282644 -0.022694 0.190000
v 0.282644 -0.022694 0.190000
v 0.282644 -0.022694 0.190000
v 0.282644 -0.022694 0.190000
v 0.282644 -0.022694 0.190000
v 0.282644 -0.022694 0.190000
v 0.282644 -0.022694 0.190000
v 0.282644 -0.022694 0.190000
v 0.282644 -0.022694 0.190000
v 0.282644 -0.022694 0.190000
v 0.274742 -0.022694 0.190000
v 0.274742 -0.022694 0.190000
v 0.274742 -0.022694 0.190000
v 0.274742 -0.022694 0.190000
v 0.265976 -0.022694 0.190000
v 0.265976 -0.022694 0.190000
v 0.265976 -0.022694 0.190000
v 0.265976 -0.022694 0.190000
v 0.254987 -0.022694 0.190000
v 0.254987 -0.022694 0.190000
v 0.254987 -0.022694 0.190000
v 0.254987 -0.022694 0.190000
v 0.242517 -0.022694 0.190000
v 0.242517 -0.022694 0.190000
v 0.242517 -0.022694 0.190000
v 0.242517 -0.022694 0.190000
v 0.229306 -0.022694 0.190000
v 0.229306 -0.022694 0.190000
v 0.229306 -0.022694 0.190000
v 0.229306 -0.022694 0.190000
v 0.216095 -0.022694 0.190000
v 0.216095 -0.022694 0.190000
v 0.216094 -0.022694 0.190000
v 0.216095 -0.022694 0.190000
v 0.203624 -0.022694 0.190000
v 0.203624 -0.022694 0.190000
v 0.203624 -0.022694 0.190000
v 0.203624 -0.022694 0.190000
v 0.192636 -0.022694 0.190000
v 0.192636 -0.022694 0.190000
v 0.192636 -0.022694 0.190000
v 0.192636 -0.022694 0.190000
v 0.183869 -0.022694 0.190000
v 0.183869 -0.022694 0.190000
v 0.183869 -0.022694 0.190000
v 0.183869 -0.022694 0.190000
v 0.178066 -0.022694 0.190000
v 0.178066 -0.022694 0.190000
v 0.178066 -0.022694 0.190000
v 0.178066 -0.022694 0.190000
v 0.175967 -0.022694 0.190000
v 0.175967 -0.022694 0.190000
v 0.175967 -0.022694 0.190000
v 0.175967 -0.022694 0.190000
v 0.175967 -0.022694 0.190000
v 0.175967 -0.022694 0.190000
v 0.342985 0.042615 0.190000
v 0.342985 0.042615 0.190000
v 0.342985 0.042615 0.190000
v 0.342985 0.042615 0.190000
v 0.342985 0.042615 0.190000
v 0.342985 0.042615 0.190000
v 0.342985 0.042615 0.190000
v 0.342985 0.042615 0.190000
v 0.342985 0.042615 0.190000
v 0.342985 0.042615 0.190000
v 0.342985 0.042615 0.190000
v 0.342985 0.042615 0.190000
v 0.342985 0.042615 0.190000
v 0.342985 0.042615 0.190000
v 0.342985 0.042615 0.190000
v 0.342985 0.042615 0.190000
v 0.342985 0.042615 0.190000
v 0.342985 0.042615 0.190000
v 0.342985 0.042615 0.190000
v 0.342985 0.042615 0.190000
v 0.342985 0.042615 0.190000
v 0.342985 0.042615 0.190000
v 0.342985 0.042615 0.190000
v 0.342985 0.042615 0.190000
v 0.342985 0.042615 0.190000
v 0.342985 0.042615 0.190000
v 0.342985 0.042615 0.190000
v 0.342985 0.042615 0.190000
v 0.342985 0.042615 0.190000
v 0.342985 0.042615 0.190000
v 0.342985 0.042615 0.190000
v 0.342985 0.042615 0.190000
v 0.342985 0.042615 0.190000
v 0.342985 0.042615 0.190000
v 0.342985 0.042615 0.190000
v 0.342985 0.042615 0.190000
v 0.342985 0.042615 0.190000
v 0.342985 0.042615 0.190000
v 0.342985 0.042615 0.190000
v 0.342985 0.042615 0.190000
v 0.342985 0.042615 0.190000
v 0.342985 0.042615 0.190000
v 0.342985 0.042615 0.190000
v 0.342985 0.042615 0.190000
v 0.339366 0.042615 0.190000
v 0.339366 0.042615 0.190000
v 0.339366 0.042615 0.190000
v 0.339366 0.042615 0.190000
v 0.335351 0.042615 0.190000
v 0.335351 0.042615 0.190000
v 0.335351 0.042615 0.190000
v 0.335351 0.042615 0.190000
v 0.330317 0.042615 0.190000
v 0.330317 0.042615 0.190000
v 0.330317 0.042615 0.190000
v 0.330317 0.042615 0.190000
v 0.324606 0.042615 0.190000
v 0.324606 0.042615 0.190000
v 0.324606 0.042615 0.190000
v 0.324606 0.042615 0.190000
v 0.318555 0.042615 0.190000
v 0.318555 0.042615 0.190000
v 0.318555 0.042615 0.190000
v 0.318555 0.042615 0.190000
v 0.312504 0.042615 0.190000
v 0.312504 0.042615 0.190000
v 0.312504 0.042615 0.190000
v 0.312504 0.042615 0.190000
v 0.306792 0.042615 0.190000
v 0.306792 0.042615 0.190000
v 0.306792 0.042615 0.190000
v 0.306792 0.042615 0.190000
v 0.301759 0.042615 0.190000
v 0.301759 0.042615 0.190000
v 0.301759 0.042615 0.190000
v 0.301759 0.042615 0.190000
v 0.297744 0.042615 0.190000
v 0.297744 0.042615 0.190000
v 0.297744 0.042615 0.190000
v 0.297744 0.042615 0.190000
v 0.295086 0.042615 0.190000
v 0.295086 0.042615 0.190000
v 0.295086 0.042615 0.190000
v 0.295086 0.042615 0.190000
v 0.294125 0.042615 0.190000
v 0.294125 0.042615 0.190000
v 0.294125 0.042615 0.190000
v 0.294125 0.042615 0.190000
v 0.294125 0.042615 0.190000
v 0.524765 0.035757 0.190000
v 0.524765 0.035757 0.190000
v 0.524765 0.035757 0.190000
v 0.524765 0.035757 0.190000
v 0.524765 0.035757 0.190000
v 0.520678 0.035757 0.190000
v 0.520678 0.035757 0.190000
v 0.520678 0.035757 0.190000
v 0.520678 0.035757 0.190000
v 0.510462 0.035757 0.190000
v 0.510462 0.035757 0.190000
v 0.510462 0.035757 0.190000
v 0.510462 0.035757 0.190000
v 0.510462 0.035757 0.190000
v 0.490348 0.035757 0.190000
v 0.490348 0.035757 0.190000
v 0.490348 0.035757 0.190000
v 0.490348 0.035757 0.190000
v 0.490348 0.035757 0.190000
v 0.478215 0.035757 0.190000
v 0.478215 0.035757 0.190000
v 0.478215 0.035757 0.190000
v 0.478215 0.035757 0.190000
v 0.470680 0.035757 0.190000
v 0.470680 0.035757 0.190000
v 0.470680 0.035757 0.190000
v 0.470680 0.035757 0.190000
v 0.470680 0.035757 0.190000
v 0.689102 -0.070254 0.190000
v 0.689102 -0.070254 0.190000
v 0.689102 -0.070254 0.190000
v 0.689102 -0.070254 0.190000
v 0.689102 -0.070254 0.190000
v 0.689102 -0.070254 0.190000
v 0.689102 -0.070254 0.190000
v 0.689102 -0.070254 0.190000
v 0.689102 -0.070254 0.190000
v 0.689102 -0.070254 0.190000
v 0.689102 -0.070254 0.190000
v 0.689102 -0.070254 0.190000
v 0.689102 -0.070254 0.190000
v 0.689102 -0.070254 0.190000
v 0.689102 -0.070254 0.190000
v 0.689102 -0.070254 0.190000
v 0.689102 -0.070254 0.190000
v 0.689102 -0.070254 0.190000
v 0.689102 -0.070254 0.190000
v 0.689102 -0.070254 0.190000
v 0.689102 -0.070254 0.190000
v 0.689102 -0.070254 0.190000
v 0.689102 -0.070254 0.190000
v 0.689102 -0.070254 0.190000
v 0.689102 -0.070254 0.190000
v 0.689102 -0.070254 0.190000
v 0.689102 -0.070254 0.190000
v 0.689102 -0.070254 0.190000
v 0.689102 -0.070254 0.190000
v 0.689102 -0.070254 0.190000
v 0.689102 -0.070254 0.190000
v 0.689102 -0.070254 0.190000
v 0.689102 -0.070254 0.190000
v 0.689102 -0.070254 0.190000
v 0.689102 -0.070254 0.190000
v 0.689102 -0.070254 0.190000
v 0.689102 -0.070254 0.190000
v 0.689102 -0.070254 0.190000
v 0.689102 -0.070254 0.190000
v 0.689102 -0.070254 0.190000
v 0.689102 -0.070254 0.190000
v 0.689102 -0.070254 0.190000
v 0.689102 -0.070254 0.190000
v 0.689102 -0.070254 0.190000
v 0.688087 -0.070254 0.190000
v 0.688087 -0.070254 0.190000
v 0.688087 -0.070254 0.190000
v 0.688087 -0.070254 0.190000
v 0.686961 -0.070254 0.190000
v 0.686961 -0.070254 0.190000
v 0.686961 -0.070254 0.190000
v 0.686961 -0.070254 0.190000
v 0.685550 -0.070254 0.190000
v 0.685550 -0.070254 0.190000
v 0.685550 -0.070254 0.190000
v 0.685550 -0.070254 0.190000
v 0.683948 -0.070254 0.190000
v 0.683948 -0.070254 0.190000
v 0.683948 -0.070254 0.190000
v 0.683948 -0.070254 0.190000
v 0.682251 -0.070254 0.190000
v 0.682251 -0.070254 0.190000
v 0.682251 -0.070254 0.190000
v 0.682251 -0.070254 0.190000
v 0.680555 -0.070254 0.190000
v 0.680555 -0.070254 0.190000
v 0.680554 -0.070254 0.190000
v 0.680554 -0.070254 0.190000
v 0.678953 -0.070254 0.190000
v 0.678953 -0.070254 0.190000
v 0.678953 -0.070254 0.190000
v 0.678953 -0.070254 0.190000
v 0.677541 -0.070254 0.190000
v 0.677541 -0.070254 0.190000
v 0.677541 -0.070254 0.190000
v 0.677541 -0.070254 0.190000
v 0.676415 -0.070254 0.190000
v 0.676415 -0.070254 0.190000
v 0.676415 -0.070254 0.190000
v 0.676415 -0.070254 0.190000
v 0.675670 -0.070254 0.190000
v 0.675670 -0.070254 0.190000
v 0.675670 -0.070254 0.190000
v 0.675670 -0.070254 0.190000
v 0.675400 -0.070254 0.190000
v 0.675400 -0.070254 0.190000
v 0.675400 -0.070254 0.190000
v 0.675400 -0.070254 0.190000
v 0.675400 -0.070254 0.190000
v 0.863212 -0.070254 0.190000
v 0.863212 -0.070254 0.190000
v 0.863212 -0.070254 0.190000
v 0.863212 -0.070254 0.190000
v 0.863212 -0.070254 0.190000
v 0.863212 -0.070254 0.190000
v 0.863212 -0.070254 0.190000
v 0.863212 -0.070254 0.190000
v 0.863212 -0.070254 0.190000
v 0.863212 -0.070254 0.190000
v 0.863212 -0.070254 0.190000
v 0.863212 -0.070254 0.190000
v 0.863212 -0.070254 0.190000
v 0.863212 -0.070254 0.190000
v 0.863212 -0.070254 0.190000
v 0.863212 -0.070254 0.190000
v 0.863212 -0.070254 0.190000
v 0.863212 -0.070254 0.190000
v 0.863212 -0.070254 0.190000
v 0.863212 -0.070254 0.190000
v 0.863212 -0.070254 0.190000
v 0.863212 -0.070254 0.190000
v 0.863212 -0.070254 0.190000
v 0.863212 -0.070254 0.190000
v 0.863212 -0.070254 0.190000
v 0.863212 -0.070254 0.190000
v 0.863212 -0.070254 0.190000
v 0.863212 -0.070254 0.190000
v 0.863212 -0.070254 0.190000
v 0.863212 -0.070254 0.190000
v 0.863212 -0.070254 0.190000
v 0.863212 -0.070254 0.190000
v 0.863212 -0.070254 0.190000
v 0.863212 -0.070254 0.190000
v 0.863212 -0.070254 0.190000
v 0.863212 -0.070254 0.190000
v 0.863212 -0.070254 0.190000
v 0.863212 -0.070254 0.190000
v 0.863212 -0.070254 0.190000
v 0.863212 -0.070254 0.190000
v 0.863212 -0.070254 0.190000
v 0.863212 -0.070254 0.190000
v 0.863212 -0.070254 0.190000
v 0.863212 -0.070254 0.190000
v 0.862198 -0.070254 0.190000
v 0.862198 -0.070254 0.190000
v 0.862198 -0.070254 0.190000
v 0.862198 -0.070254 0.190000
v 0.861073 -0.070254 0.190000
v 0.861073 -0.070254 0.190000
v 0.861073 -0.070254 0.190000
v 0.861073 -0.070254 0.190000
v 0.859663 -0.070254 0.190000
v 0.859663 -0.070254 0.190000
v 0.859663 -0.070254 0.190000
v 0.859663 -0.070254 0.190000
v 0.858063 -0.070254 0.190000
v 0.858063 -0.070254 0.190000
v 0.858063 -0.070254 0.190000
v 0.858063 -0.070254 0.190000
v 0.856368 -0.070254 0.190000
v 0.856368 -0.070254 0.190000
v 0.856368 -0.070254 0.190000
v 0.856368 -0.070254 0.190000
v 0.854673 -0.070254 0.190000
v 0.854673 -0.070254 0.190000
v 0.854673 -0.070254 0.190000
v 0.854673 -0.070254 0.190000
v 0.853073 -0.070254 0.190000
v 0.853073 -0.070254 0.190000
v 0.853073 -0.070254 0.190000
v 0.853073 -0.070254 0.190000
v 0.851663 -0.070254 0.190000
v 0.851663 -0.070254 0.190000
v 0.851663 -0.070254 0.190000
v 0.851663 -0.070254 0.190000
v 0.850538 -0.070254 0.190000
v 0.850538 -0.070254 0.190000
v 0.850538 -0.070254 0.190000
v 0.850538 -0.070254 0.190000
v 0.849794 -0.070254 0.190000
v 0.849794 -0.070254 0.190000
v 0.849794 -0.070254 0.190000
v 0.849794 -0.070254 0.190000
v 0.849524 -0.070254 0.190000
v 0.849524 -0.070254 0.190000
v 0.849524 -0.070254 0.190000
v 0.849524 -0.070254 0.190000
v 0.849524 -0.070254 0.190000
v -0.204957 -0.068022 -0.190000
v -0.204957 -0.068022 -0.190000
v -0.204957 -0.068022 -0.190000
v -0.204957 -0.068022 -0.190000
v -0.204957 -0.068022 -0.190000
v -0.204957 -0.068022 -0.190000
v -0.204957 -0.068022 -0.190000
v -0.204957 -0.068022 -0.190000
v -0.204957 -0.068022 -0.190000
v -0.204957 -0.068022 -0.190000
v -0.204957 -0.068022 -0.190000
v -0.204957 -0.068022 -0.190000
v -0.204957 -0.068022 -0.190000
v -0.204957 -0.068022 -0.190000
v -0.204957 -0.068022 -0.190000
v -0.204957 -0.068022 -0.190000
v -0.204957 -0.068022 -0.190000
v -0.204957 -0.068022 -0.190000
v -0.204957 -0.068022 -0.190000
v -0.204957 -0.068022 -0.190000
v -0.204957 -0.068022 -0.190000
v -0.204957 -0.068022 -0.190000
v -0.204957 -0.068022 -0.190000
v -0.204957 -0.068022 -0.190000
v -0.204957 -0.068022 -0.190000
v -0.204957 -0.068022 -0.190000
v -0.204957 -0.068022 -0.190000
v -0.204957 -0.068022 -0.190000
v -0.204957 -0.068022 -0.190000
v -0.204957 -0.068022 -0.190000
v -0.204957 -0.068022 -0.190000
v -0.204957 -0.068022 -0.190000
v -0.204957 -0.068022 -0.190000
v -0.204957 -0.068022 -0.190000
v -0.204957 -0.068022 -0.190000
v -0.204957 -0.068022 -0.190000
v -0.204957 -0.068022 -0.190000
v -0.204957 -0.068022 -0.190000
v -0.204957 -0.068022 -0.190000
v -0.204957 -0.068022 -0.190000
v -0.204957 -0.068022 -0.190000
v -0.204957 -0.068022 -0.190000
v -0.204957 -0.068022 -0.190000
v -0.204957 -0.068022 -0.190000
v -0.205684 -0.068022 -0.190000
v -0.205684 -0.068022 -0.190000
v -0.205684 -0.068022 -0.190000
v -0.205684 -0.068022 -0.190000
v -0.206490 -0.068022 -0.190000
v -0.206490 -0.068022 -0.190000
v -0.206490 -0.068022 -0.190000
v -0.206490 -0.068022 -0.190000
v -0.207500 -0.068022 -0.190000
v -0.207500 -0.068022 -0.190000
v -0.207500 -0.068022 -0.190000
v -0.207500 -0.068022 -0.190000
v -0.208646 -0.068022 -0.190000
v -0.208646 -0.068022 -0.190000
v -0.208646 -0.068022 -0.190000
v -0.208646 -0.068022 -0.190000
v -0.209861 -0.068022 -0.190000
v -0.209861 -0.068022 -0.190000
v -0.209861 -0.068022 -0.190000
v -0.209861 -0.068022 -0.190000
v -0.211076 -0.068022 -0.190000
v -0.211076 -0.068022 -0.190000
v -0.211076 -0.068022 -0.190000
v -0.211076 -0.068022 -0.190000
v -0.212222 -0.068022 -0.190000
v -0.212222 -0.068022 -0.190000
v -0.212222 -0.068022 -0.190000
v -0.212222 -0.068022 -0.190000
v -0.213232 -0.068022 -0.190000
v -0.213232 -0.068022 -0.190000
v -0.213232 -0.068022 -0.190000
v -0.213232 -0.068022 -0.190000
v -0.214038 -0.068022 -0.190000
v -0.214038 -0.068022 -0.190000
v -0.214038 -0.068022 -0.190000
v -0.214038 -0.068022 -0.190000
v -0.214572 -0.068022 -0.190000
v -0.214572 -0.068022 -0.190000
v -0.214572 -0.068022 -0.190000
v -0.214572 -0.068022 -0.190000
v -0.214765 -0.068022 -0.190000
v -0.214765 -0.068022 -0.190000
v -0.214765 -0.068022 -0.190000
v -0.214765 -0.068022 -0.190000
v -0.214765 -0.068022 -0.190000
v -0.131847 -0.022694 -0.190000
v -0.131847 -0.022694 -0.190000
v -0.131847 -0.022694 -0.190000
v -0.131847 -0.022694 -0.190000
v -0.131847 -0.022694 -0.190000
v -0.131847 -0.022694 -0.190000
v -0.131847 -0.022694 -0.190000
v -0.131847 -0.022694 -0.190000
v -0.131847 -0.022694 -0.190000
v -0.131847 -0.022694 -0.190000
v -0.131847 -0.022694 -0.190000
v -0.131847 -0.022694 -0.190000
v -0.131847 -0.022694 -0.190000
v -0.131847 -0.022694 -0.190000
v -0.131847 -0.022694 -0.190000
v -0.131847 -0.022694 -0.190000
v -0.131847 -0.022694 -0.190000
v -0.131847 -0.022694 -0.190000
v -0.131847 -0.022694 -0.190000
v -0.131847 -0.022694 -0.190000
v -0.131847 -0.022694 -0.190000
v -0.131847 -0.022694 -0.190000
v -0.131847 -0.022694 -0.190000
v -0.131847 -0.022694 -0.190000
v -0.131847 -0.022694 -0.190000
v -0.131847 -0.022694 -0.190000
v -0.131847 -0.022694 -0.190000
v -0.131847 -0.022694 -0.190000
v -0.131847 -0.022694 -0.190000
v -0.131847 -0.022694 -0.190000
v -0.131847 -0.022694 -0.190000
v -0.131847 -0.022694 -0.190000
v -0.131847 -0.022694 -0.190000
v -0.131847 -0.022694 -0.190000
v -0.131847 -0.022694 -0.190000
v -0.131847 -0.022694 -0.190000
v -0.131847 -0.022694 -0.190000
v -0.131847 -0.022694 -0.190000
v -0.131847 -0.022694 -0.190000
v -0.131847 -0.022694 -0.190000
v -0.131847 -0.022694 -0.190000
v -0.131847 -0.022694 -0.190000
v -0.131847 -0.022694 -0.190000
v -0.131847 -0.022694 -0.190000
v -0.139749 -0.022694 -0.190000
v -0.139749 -0.022694 -0.190000
v -0.139749 -0.022694 -0.190000
v -0.139749 -0.022694 -0.190000
v -0.148515 -0.022694 -0.190000
v -0.148515 -0.022694 -0.190000
v -0.148515 -0.022694 -0.190000
v -0.148515 -0.022694 -0.190000
v -0.159504 -0.022694 -0.190000
v -0.159504 -0.022694 -0.190000
v -0.159504 -0.022694 -0.190000
v -0.159504 -0.022694 -0.190000
v -0.171974 -0.022694 -0.190000
v -0.171974 -0.022694 -0.190000
v -0.171974 -0.022694 -0.190000
v -0.171974 -0.022694 -0.190000
v -0.185185 -0.022694 -0.190000
v -0.185185 -0.022694 -0.190000
v -0.185185 -0.022694 -0.190000
v -0.185185 -0.022694 -0.190000
v -0.198396 -0.022694 -0.190000
v -0.198396 -0.022694 -0.190000
v -0.198396 -0.022694 -0.190000
v -0.198396 -0.022694 -0.190000
v -0.210867 -0.022694 -0.190000
v -0.210867 -0.022694 -0.190000
v -0.210867 -0.022694 -0.190000
v -0.210867 -0.022694 -0.190000
v -0.221855 -0.022694 -0.190000
v -0.221855 -0.022694 -0.190000
v -0.221855 -0.022694 -0.190000
v -0.221855 -0.022694 -0.190000
v -0.230622 -0.022694 -0.190000
v -0.230622 -0.022694 -0.190000
v -0.230622 -0.022694 -0.190000
v -0.230622 -0.022694 -0.190000
v -0.236425 -0.022694 -0.190000
v -0.236425 -0.022694 -0.190000
v -0.236425 -0.022694 -0.190000
v -0.236425 -0.022694 -0.190000
v -0.238524 -0.022694 -0.190000
v -0.238524 -0.022694 -0.190000
v -0.238524 -0.022694 -0.190000
v -0.238524 -0.022694 -0.190000
v -0.238524 -0.022694 -0.190000
v -0.238524 -0.022694 -0.190000
v -0.046184 -0.068022 -0.190000
v -0.046184 -0.068022 -0.190000
v -0.046184 -0.068022 -0.190000
v -0.046184 -0.068022 -0.190000
v -0.046184 -0.068022 -0.190000
v -0.046184 -0.068022 -0.190000
v -0.046184 -0.068022 -0.190000
v -0.046184 -0.068022 -0.190000
v -0.046184 -0.068022 -0.190000
v -0.046184 -0.068022 -0.190000
v -0.046184 -0.068022 -0.190000
v -0.046184 -0.068022 -0.190000
v -0.046184 -0.068022 -0.190000
v -0.046184 -0.068022 -0.190000
v -0.046184 -0.068022 -0.190000
v -0.046184 -0.068022 -0.190000
v -0.046184 -0.068022 -0.190000
v -0.046184 -0.068022 -0.190000
v -0.046184 -0.068022 -0.190000
v -0.046184 -0.068022 -0.190000
v -0.046184 -0.068022 -0.190000
v -0.046184 -0.068022 -0.190000
v -0.046184 -0.068022 -0.190000
v -0.046184 -0.068022 -0.190000
v -0.046184 -0.068022 -0.190000
v -0.046184 -0.068022 -0.190000
v -0.046184 -0.068022 -0.190000
v -0.046184 -0.068022 -0.190000
v -0.046184 -0.068022 -0.190000
v -0.046184 -0.068022 -0.190000
v -0.046184 -0.068022 -0.190000
v -0.046184 -0.068022 -0.190000
v -0.046184 -0.068022 -0.190000
v -0.046184 -0.068022 -0.190000
v -0.046184 -0.068022 -0.190000
v -0.046184 -0.068022 -0.190000
v -0.046184 -0.068022 -0.190000
v -0.046184 -0.068022 -0.190000
v -0.046184 -0.068022 -0.190000
v -0.046184 -0.068022 -0.190000
v -0.046184 -0.068022 -0.190000
v -0.046184 -0.068022 -0.190000
v -0.046184 -0.068022 -0.190000
v -0.046184 -0.068022 -0.190000
v -0.046938 -0.068022 -0.190000
v -0.046938 -0.068022 -0.190000
v -0.046938 -0.068022 -0.190000
v -0.046938 -0.068022 -0.190000
v -0.047774 -0.068022 -0.190000
v -0.047774 -0.068022 -0.190000
v -0.047774 -0.068022 -0.190000
v -0.047774 -0.068022 -0.190000
v -0.048823 -0.068022 -0.190000
v -0.048823 -0.068022 -0.190000
v -0.048823 -0.068022 -0.190000
v -0.048823 -0.068022 -0.190000
v -0.050013 -0.068022 -0.190000
v -0.050013 -0.068022 -0.190000
v -0.050013 -0.068022 -0.190000
v -0.050013 -0.068022 -0.190000
v -0.051273 -0.068022 -0.190000
v -0.051273 -0.068022 -0.190000
v -0.051273 -0.068022 -0.190000
v -0.051273 -0.068022 -0.190000
v -0.052534 -0.068022 -0.190000
v -0.052534 -0.068022 -0.190000
v -0.052534 -0.068022 -0.190000
v -0.052534 -0.068022 -0.190000
v -0.053724 -0.068022 -0.190000
v -0.053724 -0.068022 -0.190000
v -0.053724 -0.068022 -0.190000
v -0.053724 -0.068022 -0.190000
v -0.054772 -0.068022 -0.190000
v -0.054772 -0.068022 -0.190000
v -0.054772 -0.068022 -0.190000
v -0.054772 -0.068022 -0.190000
v -0.055609 -0.068022 -0.190000
v -0.055609 -0.068022 -0.190000
v -0.055609 -0.068022 -0.190000
v -0.055609 -0.068022 -0.190000
v -0.056162 -0.068022 -0.190000
v -0.056162 -0.068022 -0.190000
v -0.056162 -0.068022 -0.190000
v -0.056162 -0.068022 -0.190000
v -0.056362 -0.068022 -0.190000
v -0.056362 -0.068022 -0.190000
v -0.056362 -0.068022 -0.190000
v -0.056362 -0.068022 -0.190000
v -0.056362 -0.068022 -0.190000
v 0.018043 0.004873 -0.190000
v 0.018043 0.004873 -0.190000
v 0.018043 0.004873 -0.190000
v 0.018043 0.004873 -0.190000
v 0.018043 0.004873 -0.190000
v 0.018043 0.004873 -0.190000
v 0.018043 0.004873 -0.190000
v 0.018043 0.004873 -0.190000
v 0.018043 0.004873 -0.190000
v 0.018043 0.004873 -0.190000
v 0.018043 0.004873 -0.190000
v 0.018043 0.004873 -0.190000
v 0.018043 0.004873 -0.190000
v 0.018043 0.004873 -0.190000
v 0.018043 0.004873 -0.190000
v 0.018043 0.004873 -0.190000
v 0.018043 0.004873 -0.190000
v 0.018043 0.004873 -0.190000
v 0.018043 0.004873 -0.190000
v 0.018043 0.004873 -0.190000
v 0.018043 0.004873 -0.190000
v 0.018043 0.004873 -0.190000
v 0.018043 0.004873 -0.190000
v 0.018043 0.004873 -0.190000
v 0.018043 0.004873 -0.190000
v 0.018043 0.004873 -0.190000
v 0.018043 0.004873 -0.190000
v 0.018043 0.004873 -0.190000
v 0.018043 0.004873 -0.190000
v 0.018043 0.004873 -0.190000
v 0.018043 0.004873 -0.190000
v 0.018043 0.004873 -0.190000
v 0.018043 0.004873 -0.190000
v 0.018043 0.004873 -0.190000
v 0.018043 0.004873 -0.190000
v 0.018043 0.004873 -0.190000
v 0.018043 0.004873 -0.190000
v 0.018043 0.004873 -0.190000
v 0.018043 0.004873 -0.190000
v 0.018043 0.004873 -0.190000
v 0.018043 0.004873 -0.190000
v 0.018043 0.004873 -0.190000
v 0.018043 0.004873 -0.190000
v 0.018043 0.004873 -0.190000
v 0.014368 0.004873 -0.190000
v 0.014368 0.004873 -0.190000
v 0.014368 0.004873 -0.190000
v 0.014368 0.004873 -0.190000
v 0.010292 0.004873 -0.190000
v 0.010292 0.004873 -0.190000
v 0.010292 0.004873 -0.190000
v 0.010292 0.004873 -0.190000
v 0.005182 0.004873 -0.190000
v 0.005182 0.004873 -0.190000
v 0.005182 0.004873 -0.190000
v 0.005182 0.004873 -0.190000
v -0.000618 0.004873 -0.190000
v -0.000618 0.004873 -0.190000
v -0.000618 0.004873 -0.190000
v -0.000618 0.004873 -0.190000
v -0.006761 0.004873 -0.190000
v -0.006761 0.004873 -0.190000
v -0.006761 0.004873 -0.190000
v -0.006761 0.004873 -0.190000
v -0.012905 0.004873 -0.190000
v -0.012905 0.004873 -0.190000
v -0.012905 0.004873 -0.190000
v -0.012905 0.004873 -0.190000
v -0.018704 0.004873 -0.190000
v -0.018704 0.004873 -0.190000
v -0.018704 0.004873 -0.190000
v -0.018704 0.004873 -0.190000
v -0.023814 0.004873 -0.190000
v -0.023814 0.004873 -0.190000
v -0.023814 0.004873 -0.190000
v -0.023814 0.004873 -0.190000
v -0.027891 0.004873 -0.190000
v -0.027891 0.004873 -0.190000
v -0.027891 0.004873 -0.190000
v -0.027891 0.004873 -0.190000
v -0.030589 0.004873 -0.190000
v -0.030589 0.004873 -0.190000
v -0.030589 0.004873 -0.190000
v -0.030589 0.004873 -0.190000
v -0.031565 0.004873 -0.190000
v -0.031565 0.004873 -0.190000
v -0.031565 0.004873 -0.190000
v -0.031565 0.004873 -0.190000
v -0.031565 0.004873 -0.190000
v -0.031565 0.004873 -0.190000
v -0.031565 0.004873 -0.190000
v -0.031565 0.004873 -0.190000
v -0.031565 0.004873 -0.190000
v -0.031565 0.004873 -0.190000
v -0.031565 0.004873 -0.190000
v -0.031565 0.004873 -0.190000
v -0.031565 0.004873 -0.190000
v -0.031565 0.004873 -0.190000
v -0.031565 0.004873 -0.190000
v -0.031565 0.004873 -0.190000
v -0.031565 0.004873 -0.190000
v -0.031565 0.004873 -0.190000
v 0.045981 0.003763 -0.190000
v 0.045981 0.003763 -0.190000
v 0.045981 0.003763 -0.190000
v 0.045981 0.003763 -0.190000
v 0.045634 0.003763 -0.190000
v 0.045634 0.003763 -0.190000
v 0.045634 0.003763 -0.190000
v 0.045634 0.003763 -0.190000
v 0.044676 0.003763 -0.190000
v 0.044676 0.003763 -0.190000
v 0.044676 0.003763 -0.190000
v 0.044676 0.003763 -0.190000
v 0.043229 0.003763 -0.190000
v 0.043229 0.003763 -0.190000
v 0.043229 0.003763 -0.190000
v 0.043229 0.003763 -0.190000
v 0.041415 0.003763 -0.190000
v 0.041415 0.003763 -0.190000
v 0.041415 0.003763 -0.190000
v 0.041415 0.003763 -0.190000
v 0.039357 0.003763 -0.190000
v 0.039357 0.003763 -0.190000
v 0.039357 0.003763 -0.190000
v 0.039357 0.003763 -0.190000
v 0.037176 0.003763 -0.190000
v 0.037176 0.003763 -0.190000
v 0.037176 0.003763 -0.190000
v 0.037176 0.003763 -0.190000
v 0.034995 0.003763 -0.190000
v 0.034995 0.003763 -0.190000
v 0.034995 0.003763 -0.190000
v 0.034995 0.003763 -0.190000
v 0.032936 0.003763 -0.190000
v 0.032936 0.003763 -0.190000
v 0.032936 0.003763 -0.190000
v 0.032936 0.003763 -0.190000
v 0.031122 0.003763 -0.190000
v 0.031122 0.003763 -0.190000
v 0.031122 0.003763 -0.190000
v 0.031122 0.003763 -0.190000
v 0.029675 0.003763 -0.190000
v 0.029675 0.003763 -0.190000
v 0.029675 0.003763 -0.190000
v 0.029675 0.003763 -0.190000
v 0.028717 0.003763 -0.190000
v 0.028717 0.003763 -0.190000
v 0.028717 0.003763 -0.190000
v 0.028717 0.003763 -0.190000
v 0.028371 0.003763 -0.190000
v 0.028371 0.003763 -0.190000
v 0.028371 0.003763 -0.190000
v 0.028371 0.003763 -0.190000
v 0.115729 0.003763 -0.190000
v 0.115729 0.003763 -0.190000
v 0.115729 0.003763 -0.190000
v 0.115729 0.003763 -0.190000
v 0.115729 0.003763 -0.190000
v 0.115729 0.003763 -0.190000
v 0.115729 0.003763 -0.190000
v 0.115729 0.003763 -0.190000
v 0.115729 0.003763 -0.190000
v 0.115729 0.003763 -0.190000
v 0.115729 0.003763 -0.190000
v 0.115729 0.003763 -0.190000
v 0.115729 0.003763 -0.190000
v 0.115729 0.003763 -0.190000
v 0.115729 0.003763 -0.190000
v 0.115729 0.003763 -0.190000
v 0.115729 0.003763 -0.190000
v 0.115729 0.003763 -0.190000
v 0.115729 0.003763 -0.190000
v 0.115729 0.003763 -0.190000
v 0.115729 0.003763 -0.190000
v 0.115729 0.003763 -0.190000
v 0.115729 0.003763 -0.190000
v 0.115729 0.003763 -0.190000
v 0.115729 0.003763 -0.190000
v 0.115729 0.003763 -0.190000
v 0.115729 0.003763 -0.190000
v 0.115729 0.003763 -0.190000
v 0.115729 0.003763 -0.190000
v 0.115729 0.003763 -0.190000
v 0.115729 0.003763 -0.190000
v 0.115729 0.003763 -0.190000
v 0.115729 0.003763 -0.190000
v 0.115729 0.003763 -0.190000
v 0.115729 0.003763 -0.190000
v 0.115729 0.003763 -0.190000
v 0.115729 0.003763 -0.190000
v 0.115729 0.003763 -0.190000
v 0.115729 0.003763 -0.190000
v 0.115729 0.003763 -0.190000
v 0.115729 0.003763 -0.190000
v 0.115729 0.003763 -0.190000
v 0.115729 0.003763 -0.190000
v 0.115729 0.003763 -0.190000
v 0.115729 0.003763 -0.190000
v 0.115729 0.003763 -0.190000
v 0.115729 0.003763 -0.190000
v 0.115729 0.003763 -0.190000
v 0.115729 0.003763 -0.190000
v 0.115729 0.003763 -0.190000
v 0.115729 0.003763 -0.190000
v 0.115729 0.003763 -0.190000
v 0.097394 0.003763 -0.190000
v 0.097394 0.003763 -0.190000
v 0.097394 0.003763 -0.190000
v 0.097394 0.003763 -0.190000
v 0.097394 0.003763 -0.190000
v 0.209533 -0.068022 -0.190000
v 0.209533 -0.068022 -0.190000
v 0.209533 -0.068022 -0.190000
v 0.209533 -0.068022 -0.190000
v 0.209533 -0.068022 -0.190000
v 0.209533 -0.068022 -0.190000
v 0.209533 -0.068022 -0.190000
v 0.209533 -0.068022 -0.190000
v 0.209533 -0.068022 -0.190000
v 0.209533 -0.068022 -0.190000
v 0.209533 -0.068022 -0.190000
v 0.209533 -0.068022 -0.190000
v 0.209533 -0.068022 -0.190000
v 0.209533 -0.068022 -0.190000
v 0.209533 -0.068022 -0.190000
v 0.209533 -0.068022 -0.190000
v 0.209533 -0.068022 -0.190000
v 0.209533 -0.068022 -0.190000
v 0.209533 -0.068022 -0.190000
v 0.209533 -0.068022 -0.190000
v 0.209533 -0.068022 -0.190000
v 0.209533 -0.068022 -0.190000
v 0.209533 -0.068022 -0.190000
v 0.209533 -0.068022 -0.190000
v 0.209533 -0.068022 -0.190000
v 0.209533 -0.068022 -0.190000
v 0.209533 -0.068022 -0.190000
v 0.209533 -0.068022 -0.190000
v 0.209533 -0.068022 -0.190000
v 0.209533 -0.068022 -0.190000
v 0.209533 -0.068022 -0.190000
v 0.209533 -0.068022 -0.190000
v 0.209533 -0.068022 -0.190000
v 0.209533 -0.068022 -0.190000
v 0.209533 -0.068022 -0.190000
v 0.209533 -0.068022 -0.190000
v 0.209533 -0.068022 -0.190000
v 0.209533 -0.068022 -0.190000
v 0.209533 -0.068022 -0.190000
v 0.209533 -0.068022 -0.190000
v 0.209533 -0.068022 -0.190000
v 0.209533 -0.068022 -0.190000
v 0.209533 -0.068022 -0.190000
v 0.209533 -0.068022 -0.190000
v 0.208807 -0.068022 -0.190000
v 0.208807 -0.068022 -0.190000
v 0.208807 -0.068022 -0.190000
v 0.208807 -0.068022 -0.190000
v 0.208001 -0.068022 -0.190000
v 0.208001 -0.068022 -0.190000
v 0.208001 -0.068022 -0.190000
v 0.208001 -0.068022 -0.190000
v 0.206991 -0.068022 -0.190000
v 0.206991 -0.068022 -0.190000
v 0.206991 -0.068022 -0.190000
v 0.206991 -0.068022 -0.190000
v 0.205844 -0.068022 -0.190000
v 0.205844 -0.068022 -0.190000
v 0.205844 -0.068022 -0.190000
v 0.205844 -0.068022 -0.190000
v 0.204630 -0.068022 -0.190000
v 0.204630 -0.068022 -0.190000
v 0.204630 -0.068022 -0.190000
v 0.204630 -0.068022 -0.190000
v 0.203415 -0.068022 -0.190000
v 0.203415 -0.068022 -0.190000
v 0.203415 -0.068022 -0.190000
v 0.203415 -0.068022 -0.190000
v 0.202269 -0.068022 -0.190000
v 0.202269 -0.068022 -0.190000
v 0.202269 -0.068022 -0.190000
v 0.202269 -0.068022 -0.190000
v 0.201258 -0.068022 -0.190000
v 0.201258 -0.068022 -0.190000
v 0.201258 -0.068022 -0.190000
v 0.201258 -0.068022 -0.190000
v 0.200452 -0.068022 -0.190000
v 0.200452 -0.068022 -0.190000
v 0.200452 -0.068022 -0.190000
v 0.200452 -0.068022 -0.190000
v 0.199919 -0.068022 -0.190000
v 0.199919 -0.068022 -0.190000
v 0.199919 -0.068022 -0.190000
v 0.199919 -0.068022 -0.190000
v 0.199726 -0.068022 -0.190000
v 0.199726 -0.068022 -0.190000
v 0.199726 -0.068022 -0.190000
v 0.199726 -0.068022 -0.190000
v 0.199726 -0.068022 -0.190000
v 0.282644 -0.022694 -0.190000
v 0.282644 -0.022694 -0.190000
v 0.282644 -0.022694 -0.190000
v 0.282644 -0.022694 -0.190000
v 0.282644 -0.022694 -0.190000
v 0.282644 -0.022694 -0.190000
v 0.282644 -0.022694 -0.190000
v 0.282644 -0.022694 -0.190000
v 0.282644 -0.022694 -0.190000
v 0.282644 -0.022694 -0.190000
v 0.282644 -0.022694 -0.190000
v 0.282644 -0.022694 -0.190000
v 0.282644 -0.022694 -0.190000
v 0.282644 -0.022694 -0.190000
v 0.282644 -0.022694 -0.190000
v 0.282644 -0.022694 -0.190000
v 0.282644 -0.022694 -0.190000
v 0.282644 -0.022694 -0.190000
v 0.282644 -0.022694 -0.190000
v 0.282644 -0.022694 -0.190000
v 0.282644 -0.022694 -0.190000
v 0.282644 -0.022694 -0.190000
v 0.282644 -0.022694 -0.190000
v 0.282644 -0.022694 -0.190000
v 0.282644 -0.022694 -0.190000
v 0.282644 -0.022694 -0.190000
v 0.282644 -0.022694 -0.190000
v 0.282644 -0.022694 -0.190000
v 0.282644 -0.022694 -0.190000
v 0.282644 -0.022694 -0.190000
v 0.282644 -0.022694 -0.190000
v 0.282644 -0.022694 -0.190000
v 0.282644 -0.022694 -0.190000
v 0.282644 -0.022694 -0.190000
v 0.282644 -0.022694 -0.190000
v 0.282644 -0.022694 -0.190000
v 0.282644 -0.022694 -0.190000
v 0.282644 -0.022694 -0.190000
v 0.282644 -0.022694 -0.190000
v 0.282644 -0.022694 -0.190000
v 0.282644 -0.022694 -0.190000
v 0.282644 -0.022694 -0.190000
v 0.282644 -0.022694 -0.190000
v 0.282644 -0.022694 -0.190000
v 0.274742 -0.022694 -0.190000
v 0.274742 -0.022694 -0.190000
v 0.274742 -0.022694 -0.190000
v 0.274742 -0.022694 -0.190000
v 0.265976 -0.022694 -0.190000
v 0.265976 -0.022694 -0.190000
v 0.265976 -0.022694 -0.190000
v 0.265976 -0.022694 -0.190000
v 0.254987 -0.022694 -0.190000
v 0.254987 -0.022694 -0.190000
v 0.254987 -0.022694 -0.190000
v 0.254987 -0.022694 -0.190000
v 0.242517 -0.022694 -0.190000
v 0.242517 -0.022694 -0.190000
v 0.242517 -0.022694 -0.190000
v 0.242517 -0.022694 -0.190000
v 0.229306 -0.022694 -0.190000
v 0.229306 -0.022694 -0.190000
v 0.229306 -0.022694 -0.190000
v 0.229306 -0.022694 -0.190000
v 0.216095 -0.022694 -0.190000
v 0.216095 -0.022694 -0.190000
v 0.216094 -0.022694 -0.190000
v 0.216095 -0.022694 -0.190000
v 0.203624 -0.022694 -0.190000
v 0.203624 -0.022694 -0.190000
v 0.203624 -0.022694 -0.190000
v 0.203624 -0.022694 -0.190000
v 0.192636 -0.022694 -0.190000
v 0.192636 -0.022694 -0.190000
v 0.192636 -0.022694 -0.190000
v 0.192636 -0.022694 -0.190000
v 0.183869 -0.022694 -0.190000
v 0.183869 -0.022694 -0.190000
v 0.183869 -0.022694 -0.190000
v 0.183869 -0.022694 -0.190000
v 0.178066 -0.022694 -0.190000
v 0.178066 -0.022694 -0.190000
v 0.178066 -0.022694 -0.190000
v 0.178066 -0.022694 -0.190000
v 0.175967 -0.022694 -0.190000
v 0.175967 -0.022694 -0.190000
v 0.175967 -0.022694 -0.190000
v 0.175967 -0.022694 -0.190000
v 0.175967 -0.022694 -0.190000
v 0.175967 -0.022694 -0.190000
v 0.342985 0.042615 -0.190000
v 0.342985 0.042615 -0.190000
v 0.342985 0.042615 -0.190000
v 0.342985 0.042615 -0.190000
v 0.342985 0.042615 -0.190000
v 0.342985 0.042615 -0.190000
v 0.342985 0.042615 -0.190000
v 0.342985 0.042615 -0.190000
v 0.342985 0.042615 -0.190000
v 0.342985 0.042615 -0.190000
v 0.342985 0.042615 -0.190000
v 0.342985 0.042615 -0.190000
v 0.342985 0.042615 -0.190000
v 0.342985 0.042615 -0.190000
v 0.342985 0.042615 -0.190000
v 0.342985 0.042615 -0.190000
v 0.342985 0.042615 -0.190000
v 0.342985 0.042615 -0.190000
v 0.342985 0.042615 -0.190000
v 0.342985 0.042615 -0.190000
v 0.342985 0.042615 -0.190000
v 0.342985 0.042615 -0.190000
v 0.342985 0.042615 -0.190000
v 0.342985 0.042615 -0.190000
v 0.342985 0.042615 -0.190000
v 0.342985 0.042615 -0.190000
v 0.342985 0.042615 -0.190000
v 0.342985 0.042615 -0.190000
v 0.342985 0.042615 -0.190000
v 0.342985 0.042615 -0.190000
v 0.342985 0.042615 -0.190000
v 0.342985 0.042615 -0.190000
v 0.342985 0.042615 -0.190000
v 0.342985 0.042615 -0.190000
v 0.342985 0.042615 -0.190000
v 0.342985 0.042615 -0.190000
v 0.342985 0.042615 -0.190000
v 0.342985 0.042615 -0.190000
v 0.342985 0.042615 -0.190000
v 0.342985 0.042615 -0.190000
v 0.342985 0.042615 -0.190000
v 0.342985 0.042615 -0.190000
v 0.342985 0.042615 -0.190000
v 0.342985 0.042615 -0.190000
v 0.339366 0.042615 -0.190000
v 0.339366 0.042615 -0.190000
v 0.339366 0.042615 -0.190000
v 0.339366 0.042615 -0.190000
v 0.335351 0.042615 -0.190000
v 0.335351 0.042615 -0.190000
v 0.335351 0.042615 -0.190000
v 0.335351 0.042615 -0.190000
v 0.330317 0.042615 -0.190000
v 0.330317 0.042615 -0.190000
v 0.330317 0.042615 -0.190000
v 0.330317 0.042615 -0.190000
v 0.324606 0.042615 -0.190000
v 0.324606 0.042615 -0.190000
v 0.324606 0.042615 -0.190000
v 0.324606 0.042615 -0.190000
v 0.318555 0.042615 -0.190000
v 0.318555 0.042615 -0.190000
v 0.318555 0.042615 -0.190000
v 0.318555 0.042615 -0.190000
v 0.312504 0.042615 -0.190000
v 0.312504 0.042615 -0.190000
v 0.312504 0.042615 -0.190000
v 0.312504 0.042615 -0.190000
v 0.306792 0.042615 -0.190000
v 0.306792 0.042615 -0.190000
v 0.306792 0.042615 -0.190000
v 0.306792 0.042615 -0.190000
v 0.301759 0.042615 -0.190000
v 0.301759 0.042615 -0.190000
v 0.301759 0.042615 -0.190000
v 0.301759 0.042615 -0.190000
v 0.297744 0.042615 -0.190000
v 0.297744 0.042615 -0.190000
v 0.297744 0.042615 -0.190000
v 0.297744 0.042615 -0.190000
v 0.295086 0.042615 -0.190000
v 0.295086 0.042615 -0.190000
v 0.295086 0.042615 -0.190000
v 0.295086 0.042615 -0.190000
v 0.294125 0.042615 -0.190000
v 0.294125 0.042615 -0.190000
v 0.294125 0.042615 -0.190000
v 0.294125 0.042615 -0.190000
v 0.294125 0.042615 -0.190000
v 0.524765 0.035757 -0.190000
v 0.524765 0.035757 -0.190000
v 0.524765 0.035757 -0.190000
v 0.524765 0.035757 -0.190000
v 0.524765 0.035757 -0.190000
v 0.520678 0.035757 -0.190000
v 0.520678 0.035757 -0.190000
v 0.520678 0.035757 -0.190000
v 0.520678 0.035757 -0.190000
v 0.510462 0.035757 -0.190000
v 0.510462 0.035757 -0.190000
v 0.510462 0.035757 -0.190000
v 0.510462 0.035757 -0.190000
v 0.510462 0.035757 -0.190000
v 0.490348 0.035757 -0.190000
v 0.490348 0.035757 -0.190000
v 0.490348 0.035757 -0.190000
v 0.490348 0.035757 -0.190000
v 0.490348 0.035757 -0.190000
v 0.478215 0.035757 -0.190000
v 0.478215 0.035757 -0.190000
v 0.478215 0.035757 -0.190000
v 0.478215 0.035757 -0.190000
v 0.470680 0.035757 -0.190000
v 0.470680 0.035757 -0.190000
v 0.470680 0.035757 -0.190000
v 0.470680 0.035757 -0.190000
v 0.470680 0.035757 -0.190000
v 0.689102 -0.070254 -0.190000
v 0.689102 -0.070254 -0.190000
v 0.689102 -0.070254 -0.190000
v 0.689102 -0.070254 -0.190000
v 0.689102 -0.070254 -0.190000
v 0.689102 -0.070254 -0.190000
v 0.689102 -0.070254 -0.190000
v 0.689102 -0.070254 -0.190000
v 0.689102 -0.070254 -0.190000
v 0.689102 -0.070254 -0.190000
v 0.689102 -0.070254 -0.190000
v 0.689102 -0.070254 -0.190000
v 0.689102 -0.070254 -0.190000
v 0.689102 -0.070254 -0.190000
v 0.689102 -0.070254 -0.190000
v 0.689102 -0.070254 -0.190000
v 0.689102 -0.070254 -0.190000
v 0.689102 -0.070254 -0.190000
v 0.689102 -0.070254 -0.190000
v 0.689102 -0.070254 -0.190000
v 0.689102 -0.070254 -0.190000
v 0.689102 -0.070254 -0.190000
v 0.689102 -0.070254 -0.190000
v 0.689102 -0.070254 -0.190000
v 0.689102 -0.070254 -0.190000
v 0.689102 -0.070254 -0.190000
v 0.689102 -0.070254 -0.190000
v 0.689102 -0.070254 -0.190000
v 0.689102 -0.070254 -0.190000
v 0.689102 -0.070254 -0.190000
v 0.689102 -0.070254 -0.190000
v 0.689102 -0.070254 -0.190000
v 0.689102 -0.070254 -0.190000
v 0.689102 -0.070254 -0.190000
v 0.689102 -0.070254 -0.190000
v 0.689102 -0.070254 -0.190000
v 0.689102 -0.070254 -0.190000
v 0.689102 -0.070254 -0.190000
v 0.689102 -0.070254 -0.190000
v 0.689102 -0.070254 -0.190000
v 0.689102 -0.070254 -0.190000
v 0.689102 -0.070254 -0.190000
v 0.689102 -0.070254 -0.190000
v 0.689102 -0.070254 -0.190000
v 0.688087 -0.070254 -0.190000
v 0.688087 -0.070254 -0.190000
v 0.688087 -0.070254 -0.190000
v 0.688087 -0.070254 -0.190000
v 0.686961 -0.070254 -0.190000
v 0.686961 -0.070254 -0.190000
v 0.686961 -0.070254 -0.190000
v 0.686961 -0.070254 -0.190000
v 0.685550 -0.070254 -0.190000
v 0.685550 -0.070254 -0.190000
v 0.685550 -0.070254 -0.190000
v 0.685550 -0.070254 -0.190000
v 0.683948 -0.070254 -0.190000
v 0.683948 -0.070254 -0.190000
v 0.683948 -0.070254 -0.190000
v 0.683948 -0.070254 -0.190000
v 0.682251 -0.070254 -0.190000
v 0.682251 -0.070254 -0.190000
v 0.682251 -0.070254 -0.190000
v 0.682251 -0.070254 -0.190000
v 0.680555 -0.070254 -0.190000
v 0.680555 -0.070254 -0.190000
v 0.680554 -0.070254 -0.190000
v 0.680554 -0.070254 -0.190000
v 0.678953 -0.070254 -0.190000
v 0.678953 -0.070254 -0.190000
v 0.678953 -0.070254 -0.190000
v 0.678953 -0.070254 -0.190000
v 0.677541 -0.070254 -0.190000
v 0.677541 -0.070254 -0.190000
v 0.677541 -0.070254 -0.190000
v 0.677541 -0.070254 -0.190000
v 0.676415 -0.070254 -0.190000
v 0.676415 -0.070254 -0.190000
v 0.676415 -0.070254 -0.190000
v 0.676415 -0.070254 -0.190000
v 0.675670 -0.070254 -0.190000
v 0.675670 -0.070254 -0.190000
v 0.675670 -0.070254 -0.190000
v 0.675670 -0.070254 -0.190000
v 0.675400 -0.070254 -0.190000
v 0.675400 -0.070254 -0.190000
v 0.675400 -0.070254 -0.190000
v 0.675400 -0.070254 -0.190000
v 0.675400 -0.070254 -0.190000
v 0.863212 -0.070254 -0.190000
v 0.863212 -0.070254 -0.190000
v 0.863212 -0.070254 -0.190000
v 0.863212 -0.070254 -0.190000
v 0.863212 -0.070254 -0.190000
v 0.863212 -0.070254 -0.190000
v 0.863212 -0.070254 -0.190000
v 0.863212 -0.070254 -0.190000
v 0.863212 -0.070254 -0.190000
v 0.863212 -0.070254 -0.190000
v 0.863212 -0.070254 -0.190000
v 0.863212 -0.070254 -0.190000
v 0.863212 -0.070254 -0.190000
v 0.863212 -0.070254 -0.190000
v 0.863212 -0.070254 -0.190000
v 0.863212 -0.070254 -0.190000
v 0.863212 -0.070254 -0.190000
v 0.863212 -0.070254 -0.190000
v 0.863212 -0.070254 -0.190000
v 0.863212 -0.070254 -0.190000
v 0.863212 -0.070254 -0.190000
v 0.863212 -0.070254 -0.190000
v 0.863212 -0.070254 -0.190000
v 0.863212 -0.070254 -0.190000
v 0.863212 -0.070254 -0.190000
v 0.863212 -0.070254 -0.190000
v 0.863212 -0.070254 -0.190000
v 0.863212 -0.070254 -0.190000
v 0.863212 -0.070254 -0.190000
v 0.863212 -0.070254 -0.190000
v 0.863212 -0.070254 -0.190000
v 0.863212 -0.070254 -0.190000
v 0.863212 -0.070254 -0.190000
v 0.863212 -0.070254 -0.190000
v 0.863212 -0.070254 -0.190000
v 0.863212 -0.070254 -0.190000
v 0.863212 -0.070254 -0.190000
v 0.863212 -0.070254 -0.190000
v 0.863212 -0.070254 -0.190000
v 0.863212 -0.070254 -0.190000
v 0.863212 -0.070254 -0.190000
v 0.863212 -0.070254 -0.190000
v 0.863212 -0.070254 -0.190000
v 0.863212 -0.070254 -0.190000
v 0.862198 -0.070254 -0.190000
v 0.862198 -0.070254 -0.190000
v 0.862198 -0.070254 -0.190000
v 0.862198 -0.070254 -0.190000
v 0.861073 -0.070254 -0.190000
v 0.861073 -0.070254 -0.190000
v 0.861073 -0.070254 -0.190000
v 0.861073 -0.070254 -0.190000
v 0.859663 -0.070254 -0.190000
v 0.859663 -0.070254 -0.190000
v 0.859663 -0.070254 -0.190000
v 0.859663 -0.070254 -0.190000
v 0.858063 -0.070254 -0.190000
v 0.858063 -0.070254 -0.190000
v 0.858063 -0.070254 -0.190000
v 0.858063 -0.070254 -0.190000
v 0.856368 -0.070254 -0.190000
v 0.856368 -0.070254 -0.190000
v 0.856368 -0.070254 -0.190000
v 0.856368 -0.070254 -0.190000
v 0.854673 -0.070254 -0.190000
v 0.854673 -0.070254 -0.190000
v 0.854673 -0.070254 -0.190000
v 0.854673 -0.070254 -0.190000
v 0.853073 -0.070254 -0.190000
v 0.853073 -0.070254 -0.190000
v 0.853073 -0.070254 -0.190000
v 0.853073 -0.070254 -0.190000
v 0.851663 -0.070254 -0.190000
v 0.851663 -0.070254 -0.190000
v 0.851663 -0.070254 -0.190000
v 0.851663 -0.070254 -0.190000
v 0.850538 -0.070254 -0.190000
v 0.850538 -0.070254 -0.190000
v 0.850538 -0.070254 -0.190000
v 0.850538 -0.070254 -0.190000
v 0.849794 -0.070254 -0.190000
v 0.849794 -0.070254 -0.190000
v 0.849794 -0.070254 -0.190000
v 0.849794 -0.070254 -0.190000
v 0.849524 -0.070254 -0.190000
v 0.849524 -0.070254 -0.190000
v 0.849524 -0.070254 -0.190000
v 0.849524 -0.070254 -0.190000
v 0.849524 -0.070254 -0.190000
v -0.938859 -0.094752 -0.190000
v -0.938859 -0.094752 -0.190000
v -0.938859 -0.094752 -0.190000
v -0.938859 -0.094752 -0.190000
v -0.938859 -0.094752 0.190000
v -0.938859 -0.094752 0.190000
v -0.938859 -0.094752 0.190000
v -0.938859 -0.094752 0.190000
v -0.935977 -0.094552 -0.190000
v -0.935977 -0.094552 -0.190000
v -0.935977 -0.094552 -0.190000
v -0.935977 -0.094552 -0.190000
v -0.935977 -0.094552 0.190000
v -0.935977 -0.094552 0.190000
v -0.935977 -0.094552 0.190000
v -0.935977 -0.094552 0.190000
v -0.031565 0.004873 -0.190000
v -0.031565 0.004873 -0.190000
v -0.031565 0.004873 -0.190000
v -0.031565 0.004873 -0.190000
v -0.031565 0.004873 0.190000
v -0.031565 0.004873 0.190000
v -0.031565 0.004873 0.190000
v -0.031565 0.004873 0.190000
v 0.115729 -0.034350 -0.190000
v 0.115729 -0.034350 -0.190000
v 0.115729 -0.034350 -0.190000
v 0.115729 -0.034350 -0.190000
v 0.115729 -0.034350 0.190000
v 0.115729 -0.034350 0.190000
v 0.115729 -0.034350 0.190000
v 0.115729 -0.034350 0.190000
v 0.115729 -0.065247 -0.190000
v 0.115729 -0.065247 -0.190000
v 0.115729 -0.065247 -0.190000
v 0.115729 -0.065247 -0.190000
v 0.115729 -0.065247 0.190000
v 0.115729 -0.065247 0.190000
v 0.115729 -0.065247 0.190000
v 0.115729 -0.065247 0.190000
v 0.115729 0.003763 -0.190000
v 0.115729 0.003763 -0.190000
v 0.115729 0.003763 -0.190000
v 0.115729 0.003763 -0.190000
v 0.115729 0.003763 0.190000
v 0.115729 0.003763 0.190000
v 0.115729 0.003763 0.190000
v 0.115729 0.003763 0.190000
v 0.343710 -0.065247 -0.190000
v 0.343710 -0.065247 -0.190000
v 0.343710 -0.065247 -0.190000
v 0.343710 -0.065247 -0.190000
v 0.343710 -0.065247 0.190000
v 0.343710 -0.065247 0.190000
v 0.343710 -0.065247 0.190000
v 0.343710 -0.065247 0.190000
v 0.293377 -0.065247 -0.190000
v 0.293377 -0.065247 -0.190000
v 0.293376 -0.065247 -0.190000
v 0.293377 -0.065247 -0.190000
v 0.293377 -0.065247 0.190000
v 0.293377 -0.065247 0.190000
v 0.293376 -0.065247 0.190000
v 0.293377 -0.065247 0.190000
v 0.468870 -0.065075 -0.190000
v 0.468870 -0.065075 -0.190000
v 0.468869 -0.065075 -0.190000
v 0.468870 -0.065075 -0.190000
v 0.468870 -0.065075 0.190000
v 0.468870 -0.065075 0.190000
v 0.468869 -0.065075 0.190000
v 0.468870 -0.065075 0.190000
v 0.416322 -0.065075 -0.190000
v 0.416322 -0.065075 -0.190000
v 0.416322 -0.065075 -0.190000
v 0.416322 -0.065075 -0.190000
v 0.416322 -0.065075 0.190000
v 0.416322 -0.065075 0.190000
v 0.416322 -0.065075 0.190000
v 0.416322 -0.065075 0.190000
v 1.000000 -0.067480 -0.190000
v 1.000000 -0.067480 -0.190000
v 1.000000 -0.067480 -0.190000
v 1.000000 -0.067480 -0.190000
v 1.000000 -0.067480 0.190000
v 1.000000 -0.067480 0.190000
v 1.000000 -0.067480 0.190000
v 1.000000 -0.067480 0.190000
v 0.949658 -0.067480 -0.190000
v 0.949658 -0.067480 -0.190000
v 0.949658 -0.067480 -0.190000
v 0.949658 -0.067480 -0.190000
v 0.949658 -0.067480 0.190000
v 0.949658 -0.067480 0.190000
v 0.949658 -0.067480 0.190000
v 0.949658 -0.067480 0.190000
vn -0.0000 -0.0000 1.0000
vn -0.0000 -0.0001 1.0000
vn -0.0000 -0.0007 1.0000
vn -0.0000 0.0001 1.0000
vn -0.0000 -0.0002 1.0000
vn -0.0000 0.0002 1.0000
vn -0.0000 -0.0008 1.0000
vn -0.0000 -0.0016 1.0000
vn -0.0000 -0.0051 1.0000
vn -0.0000 0.0011 1.0000
vn -0.0000 0.0113 0.9999
vn -0.0000 -0.0367 0.9993
vn -0.0000 -0.0003 1.0000
vn -0.0000 -0.0121 0.9999
vn -0.0000 0.0023 1.0000
vn -0.0000 -0.0018 1.0000
vn -0.0000 -0.0106 0.9999
vn -0.0000 0.0146 0.9999
vn -0.0000 -0.0030 1.0000
vn -0.0000 0.0039 1.0000
vn -0.0000 0.0003 1.0000
vn -0.0000 0.0010 1.0000
vn -0.0000 -0.0017 1.0000
vn -0.0000 -0.0005 1.0000
vn -0.0000 0.0068 1.0000
vn -0.0000 -0.0004 1.0000
vn -0.0000 0.0014 1.0000
vn -0.0000 0.0007 1.0000
vn -0.0000 -0.0042 1.0000
vn -0.0000 0.0015 1.0000
vn -0.0000 -0.0013 1.0000
vn -0.0000 -0.0012 1.0000
vn -0.0000 0.0026 1.0000
vn -0.0000 -0.0015 1.0000
vn -0.0000 -0.0246 0.9997
vn -0.0000 0.0056 1.0000
vn -0.0000 -0.0006 1.0000
vn -0.0000 0.0008 1.0000
vn -0.0000 -0.0028 1.0000
vn -0.0000 0.0040 1.0000
vn -0.0000 -0.0025 1.0000
vn -0.0000 0.0019 1.0000
vn -0.0000 -0.0052 1.0000
vn -0.0000 0.0037 1.0000
vn -0.0000 0.0034 1.0000
vn -0.0000 -0.0032 1.0000
vn -0.0000 0.0065 1.0000
vn -0.0000 -0.0034 1.0000
vn -0.0000 0.0049 1.0000
vn -0.0000 -0.0404 0.9992
vn -0.0000 0.1012 0.9949
vn -0.0000 -0.0041 1.0000
vn -0.0000 0.2146 0.9767
vn -0.0000 -0.2896 0.9572
vn -0.0000 -0.2897 0.9571
vn -0.0000 -0.1062 0.9943
vn -0.0000 0.2695 0.9630
vn -0.0000 -0.0044 1.0000
vn -0.0000 0.0071 1.0000
vn -0.0000 -0.0062 1.0000
vn -0.0000 -0.0059 1.0000
vn -0.0000 0.0187 0.9998
vn -0.0000 -0.0177 0.9998
vn -0.0000 0.0200 0.9998
vn -0.0000 -0.0691 0.9976
vn -0.0000 0.0033 1.0000
vn -0.0000 -0.1894 0.9819
vn -0.0000 -0.0054 1.0000
vn -0.0000 -0.0046 1.0000
vn -0.0000 -0.0064 1.0000
vn -0.0000 0.0061 1.0000
vn -0.0000 -0.0040 1.0000
vn -0.0000 0.0081 1.0000
vn -0.0000 -0.0086 1.0000
vn -0.0000 0.0194 0.9998
vn -0.0000 -0.0825 0.9966
vn -0.0000 -0.1502 0.9887
vn -0.0000 0.0426 0.9991
vn -0.0000 0.0872 0.9962
vn -0.0000 -0.0525 0.9986
vn -0.0000 0.0364 0.9993
vn -0.0000 -0.0679 0.9977
vn -0.0000 0.2312 0.9729
vn -0.0000 -0.4076 0.9131
vn -0.0000 0.5477 0.8367
vn -0.0000 -0.0009 1.0000
vn -0.0000 0.0013 1.0000
vn -0.0000 0.0004 1.0000
vn -0.0000 -0.0010 1.0000
vn -0.0000 0.0005 1.0000
vn -0.0000 -0.0024 1.0000
vn -0.0000 0.0057 1.0000
vn -0.0000 -0.0036 1.0000
vn -0.0000 -0.0138 0.9999
vn -0.0000 0.0070 1.0000
vn -0.0000 -0.0037 1.0000
vn -0.0000 0.0066 1.0000
vn -0.0000 -0.0124 0.9999
vn -0.0000 0.0186 0.9998
vn -0.0000 -0.0066 1.0000
vn -0.0000 -0.0093 1.0000
vn -0.0000 -0.0070 1.0000
vn -0.0000 -0.0243 0.9997
vn -0.0000 -0.0021 1.0000
vn -0.0000 0.0006 1.0000
vn -0.0000 -0.0011 1.0000
vn -0.0000 0.0116 0.9999
vn -0.0000 -0.0175 0.9998
vn -0.0000 0.0105 0.9999
vn -0.0000 -0.0263 0.9997
vn -0.0000 0.0732 0.9973
vn -0.0000 0.0025 1.0000
vn -0.0000 -0.0101 0.9999
vn -0.0000 0.0090 1.0000
vn -0.0000 -0.0020 1.0000
vn -0.0000 0.0140 0.9999
vn -0.0000 0.0009 1.0000
vn -0.0000 0.0059 1.0000
vn -0.0000 -0.0211 0.9998
vn -0.0000 0.0528 0.9986
vn -0.0000 -0.0532 0.9986
vn -0.0000 -0.0230 0.9997
vn -0.0000 -0.0000 -1.0000
vn -0.0000 -0.0007 -1.0000
vn -0.0000 -0.0001 -1.0000
vn -0.0000 0.0001 -1.0000
vn -0.0000 -0.0002 -1.0000
vn -0.0000 0.0002 -1.0000
vn -0.0000 -0.0005 -1.0000
vn -0.0000 -0.0016 -1.0000
vn -0.0000 -0.0051 -1.0000
vn -0.0000 0.0011 -1.0000
vn -0.0000 0.0113 -0.9999
vn -0.0000 -0.0367 -0.9993
vn -0.0000 0.0006 -1.0000
vn -0.0000 -0.0012 -1.0000
vn -0.0000 -0.0004 -1.0000
vn -0.0000 -0.0122 -0.9999
vn -0.0000 0.0023 -1.0000
vn -0.0000 -0.0019 -1.0000
vn -0.0000 0.0098 -1.0000
vn -0.0000 -0.0046 -1.0000
vn -0.0000 -0.0031 -1.0000
vn -0.0000 0.0038 -1.0000
vn -0.0000 0.0008 -1.0000
vn -0.0000 -0.0017 -1.0000
vn -0.0000 0.0010 -1.0000
vn -0.0000 -0.0003 -1.0000
vn -0.0000 0.0068 -1.0000
vn -0.0000 0.0014 -1.0000
vn -0.0000 -0.0008 -1.0000
vn -0.0000 -0.0010 -1.0000
vn -0.0000 0.0025 -1.0000
vn -0.0000 0.0013 -1.0000
vn -0.0000 -0.0030 -1.0000
vn -0.0000 -0.0009 -1.0000
vn -0.0000 -0.0014 -1.0000
vn -0.0000 0.0374 -0.9993
vn -0.0000 0.0004 -1.0000
vn -0.0000 0.0003 -1.0000
vn -0.0000 0.0056 -1.0000
vn -0.0000 -0.0006 -1.0000
vn -0.0000 -0.0028 -1.0000
vn -0.0000 0.0040 -1.0000
vn -0.0000 -0.0025 -1.0000
vn -0.0000 -0.0013 -1.0000
vn -0.0000 0.0012 -1.0000
vn -0.0000 -0.0011 -1.0000
vn -0.0000 0.0039 -1.0000
vn -0.0000 -0.0034 -1.0000
vn -0.0000 0.0032 -1.0000
vn -0.0000 -0.0103 -0.9999
vn -0.0000 0.0147 -0.9999
vn -0.0000 -0.0660 -0.9978
vn -0.0000 0.0019 -1.0000
vn -0.0000 0.0009 -1.0000
vn -0.0000 0.2140 -0.9768
vn -0.0000 0.2691 -0.9631
vn -0.0000 -0.2901 -0.9570
vn -0.0000 0.0837 -0.9965
vn -0.0000 -0.0044 -1.0000
vn -0.0000 0.0071 -1.0000
vn -0.0000 -0.0062 -1.0000
vn -0.0000 -0.0059 -1.0000
vn -0.0000 0.0187 -0.9998
vn -0.0000 -0.0106 -0.9999
vn -0.0000 -0.0177 -0.9998
vn -0.0000 0.0200 -0.9998
vn -0.0000 -0.0691 -0.9976
vn -0.0000 0.0007 -1.0000
vn -0.0000 0.0033 -1.0000
vn -0.0000 -0.1894 -0.9819
vn -0.0000 -0.0054 -1.0000
vn -0.0000 -0.0064 -1.0000
vn -0.0000 0.0061 -1.0000
vn -0.0000 -0.0040 -1.0000
vn -0.0000 0.0081 -1.0000
vn -0.0000 -0.0086 -1.0000
vn -0.0000 0.0194 -0.9998
vn -0.0000 -0.0825 -0.9966
vn -0.0000 -0.1502 -0.9887
vn -0.0000 0.0426 -0.9991
vn -0.0000 0.0872 -0.9962
vn -0.0000 -0.0525 -0.9986
vn -0.0000 0.0364 -0.9993
vn -0.0000 -0.0679 -0.9977
vn -0.0000 0.2312 -0.9729
vn -0.0000 -0.4076 -0.9131
vn -0.0000 0.5477 -0.8367
vn -0.0000 -0.0035 -1.0000
vn -0.0000 0.0005 -1.0000
vn -0.0000 0.0015 -1.0000
vn -0.0000 -0.0024 -1.0000
vn -0.0000 -0.0043 -1.0000
vn -0.0000 0.0026 -1.0000
vn -0.0000 -0.0050 -1.0000
vn -0.0000 -0.0157 -0.9999
vn -0.0000 0.0070 -1.0000
vn -0.0000 -0.0037 -1.0000
vn -0.0000 0.0066 -1.0000
vn -0.0000 -0.0124 -0.9999
vn -0.0000 0.0186 -0.9998
vn -0.0000 -0.0066 -1.0000
vn -0.0000 0.0037 -1.0000
vn -0.0000 -0.0093 -1.0000
vn -0.0000 -0.0070 -1.0000
vn -0.0000 -0.0243 -0.9997
vn -0.0000 -0.0021 -1.0000
vn -0.0000 0.0116 -0.9999
vn -0.0000 -0.0175 -0.9998
vn -0.0000 0.0105 -0.9999
vn -0.0000 -0.0263 -0.9997
vn -0.0000 0.0732 -0.9973
vn -0.0000 -0.0015 -1.0000
vn -0.0000 -0.0101 -0.9999
vn -0.0000 0.0090 -1.0000
vn -0.0000 0.0140 -0.9999
vn -0.0000 0.0059 -1.0000
vn -0.0000 -0.0211 -0.9998
vn -0.0000 0.0528 -0.9986
vn -0.0000 -0.0532 -0.9986
vn -0.0000 -0.0230 -0.9997
vn 0.7487 0.6629 -0.0000
vn 0.8036 0.5951 -0.0000
vn 0.8368 0.5474 -0.0000
vn 0.8672 0.4980 -0.0000
vn 0.8945 0.4470 -0.0000
vn 0.9190 0.3942 -0.0000
vn 0.9402 0.3405 -0.0000
vn 0.9582 0.2860 -0.0000
vn 0.9732 0.2299 -0.0000
vn 0.9849 0.1732 -0.0000
vn 0.9932 0.1162 -0.0000
vn 0.9983 0.0584 -0.0000
vn 0.9999 0.0147 -0.0000
vn 0.9999 -0.0120 -0.0000
vn 0.9988 -0.0492 -0.0000
vn 0.9951 -0.0991 -0.0000
vn 0.9889 -0.1487 -0.0000
vn 0.9802 -0.1979 -0.0000
vn 0.9692 -0.2464 -0.0000
vn 0.9557 -0.2943 -0.0000
vn 0.9399 -0.3415 -0.0000
vn 0.9217 -0.3878 -0.0000
vn 0.9013 -0.4332 -0.0000
vn 0.8786 -0.4775 -0.0000
vn 0.8537 -0.5208 -0.0000
vn 0.8266 -0.5628 -0.0000
vn 0.7975 -0.6033 -0.0000
vn 0.7665 -0.6423 -0.0000
vn 0.7336 -0.6795 -0.0000
vn 0.6991 -0.7150 -0.0000
vn 0.6629 -0.7487 -0.0000
vn 0.6252 -0.7805 -0.0000
vn 0.5860 -0.8103 -0.0000
vn 0.5453 -0.8382 -0.0000
vn 0.5033 -0.8641 -0.0000
vn 0.4601 -0.8879 -0.0000
vn 0.4156 -0.9096 -0.0000
vn 0.3700 -0.9290 -0.0000
vn 0.3236 -0.9462 -0.0000
vn 0.2765 -0.9610 -0.0000
vn 0.2289 -0.9735 -0.0000
vn 0.1808 -0.9835 -0.0000
vn 0.1323 -0.9912 -0.0000
vn 0.0836 -0.9965 -0.0000
vn 0.0347 -0.9994 -0.0000
vn -0.0144 -0.9999 -0.0000
vn -0.0634 -0.9980 -0.0000
vn -0.1124 -0.9937 -0.0000
vn -0.1613 -0.9869 -0.0000
vn -0.2077 -0.9782 -0.0000
vn -0.2498 -0.9683 -0.0000
vn -0.2900 -0.9570 -0.0000
vn -0.3305 -0.9438 -0.0000
vn -0.3713 -0.9285 -0.0000
vn -0.4123 -0.9110 -0.0000
vn -0.4533 -0.8914 -0.0000
vn -0.4942 -0.8694 -0.0000
vn -0.5347 -0.8450 -0.0000
vn -0.5748 -0.8183 -0.0000
vn -0.6141 -0.7892 -0.0000
vn -0.6525 -0.7578 -0.0000
vn -0.6933 -0.7207 -0.0000
vn -0.7388 -0.6739 -0.0000
vn -0.7841 -0.6206 -0.0000
vn -0.8252 -0.5648 -0.0000
vn -0.8620 -0.5069 -0.0000
vn -0.8944 -0.4472 -0.0000
vn -0.9225 -0.3860 -0.0000
vn -0.9462 -0.3235 -0.0000
vn -0.9656 -0.2600 -0.0000
vn -0.9807 -0.1957 -0.0000
vn -0.9914 -0.1309 -0.0000
vn -0.9979 -0.0655 -0.0000
vn -1.0000 -0.0072 -0.0000
vn -0.9993 0.0364 -0.0000
vn -0.9974 0.0727 -0.0000
vn -0.9940 0.1090 -0.0000
vn -0.9894 0.1450 -0.0000
vn -0.9835 0.1808 -0.0000
vn -0.9763 0.2164 -0.0000
vn -0.9678 0.2517 -0.0000
vn -0.9580 0.2866 -0.0000
vn -0.9470 0.3212 -0.0000
vn -0.9347 0.3555 -0.0000
vn -0.9211 0.3893 -0.0000
vn -0.9102 0.4141 -0.0000
vn -0.9065 0.4222 -0.0000
vn 0.7370 0.6759 -0.0000
vn 0.7144 0.6997 -0.0000
vn 0.6911 0.7228 -0.0000
vn 0.6671 0.7450 -0.0000
vn 0.6424 0.7664 -0.0000
vn 0.6170 0.7870 -0.0000
vn 0.5910 0.8067 -0.0000
vn 0.5644 0.8255 -0.0000
vn 0.5371 0.8435 -0.0000
vn 0.5093 0.8606 -0.0000
vn 0.4809 0.8768 -0.0000
vn 0.4516 0.8922 -0.0000
vn 0.4212 0.9070 -0.0000
vn 0.3899 0.9209 -0.0000
vn 0.3583 0.9336 -0.0000
vn 0.3262 0.9453 -0.0000
vn 0.2939 0.9558 -0.0000
vn 0.2612 0.9653 -0.0000
vn 0.2282 0.9736 -0.0000
vn 0.1949 0.9808 -0.0000
vn 0.1614 0.9869 -0.0000
vn 0.1277 0.9918 -0.0000
vn 0.0938 0.9956 -0.0000
vn 0.0598 0.9982 -0.0000
vn 0.0257 0.9997 -0.0000
vn -0.0084 1.0000 -0.0000
vn -0.0424 0.9991 -0.0000
vn -0.0764 0.9971 -0.0000
vn -0.1102 0.9939 -0.0000
vn -0.1439 0.9896 -0.0000
vn -0.1775 0.9841 -0.0000
vn -0.2109 0.9775 -0.0000
vn -0.2440 0.9698 -0.0000
vn -0.2769 0.9609 -0.0000
vn -0.3096 0.9509 -0.0000
vn -0.3419 0.9397 -0.0000
vn -0.3739 0.9275 -0.0000
vn -0.4053 0.9142 -0.0000
vn -0.4363 0.8998 -0.0000
vn -0.4668 0.8844 -0.0000
vn -0.4967 0.8679 -0.0000
vn -0.5260 0.8505 -0.0000
vn -0.5547 0.8320 -0.0000
vn -0.5829 0.8126 -0.0000
vn -0.6103 0.7922 -0.0000
vn -0.6371 0.7708 -0.0000
vn -0.6632 0.7485 -0.0000
vn -0.6960 0.7181 -0.0000
vn -0.7156 0.6985 -0.0000
vn -0.7157 0.6985 -0.0000
vn -0.7363 0.6767 -0.0000
vn -0.7711 0.6367 -0.0000
vn -0.7996 0.6006 -0.0000
vn -0.8263 0.5632 -0.0000
vn -0.8513 0.5247 -0.0000
vn -0.8745 0.4851 -0.0000
vn -0.8958 0.4444 -0.0000
vn -0.9153 0.4028 -0.0000
vn -0.9328 0.3603 -0.0000
vn -0.9484 0.3170 -0.0000
vn -0.9620 0.2729 -0.0000
vn -0.9736 0.2281 -0.0000
vn -0.9832 0.1828 -0.0000
vn -0.9906 0.1370 -0.0000
vn -0.9958 0.0911 -0.0000
vn -0.9990 0.0450 -0.0000
vn -1.0000 -0.0012 -0.0000
vn -0.9989 -0.0472 -0.0000
vn -0.9957 -0.0932 -0.0000
vn -0.9903 -0.1389 -0.0000
vn -0.9829 -0.1844 -0.0000
vn -0.9733 -0.2295 -0.0000
vn -0.9617 -0.2742 -0.0000
vn -0.9480 -0.3183 -0.0000
vn -0.9322 -0.3619 -0.0000
vn -0.9145 -0.4046 -0.0000
vn -0.8948 -0.4464 -0.0000
vn -0.8733 -0.4871 -0.0000
vn -0.8501 -0.5267 -0.0000
vn -0.8250 -0.5651 -0.0000
vn -0.7983 -0.6023 -0.0000
vn -0.7699 -0.6382 -0.0000
vn -0.7399 -0.6728 -0.0000
vn -0.7083 -0.7059 -0.0000
vn -0.6752 -0.7376 -0.0000
vn -0.6407 -0.7678 -0.0000
vn -0.6047 -0.7964 -0.0000
vn -0.5676 -0.8233 -0.0000
vn -0.5293 -0.8484 -0.0000
vn -0.4900 -0.8717 -0.0000
vn -0.4498 -0.8931 -0.0000
vn -0.4087 -0.9127 -0.0000
vn -0.3669 -0.9303 -0.0000
vn -0.3242 -0.9460 -0.0000
vn -0.2810 -0.9597 -0.0000
vn -0.2371 -0.9715 -0.0000
vn -0.1926 -0.9813 -0.0000
vn -0.1477 -0.9890 -0.0000
vn -0.1024 -0.9947 -0.0000
vn -0.0569 -0.9984 -0.0000
vn -0.0114 -0.9999 -0.0000
vn 0.0341 -0.9994 -0.0000
vn 0.0794 -0.9968 -0.0000
vn 0.1245 -0.9922 -0.0000
vn 0.1693 -0.9856 -0.0000
vn 0.2138 -0.9769 -0.0000
vn 0.2579 -0.9662 -0.0000
vn 0.3016 -0.9534 -0.0000
vn 0.3447 -0.9387 -0.0000
vn 0.3872 -0.9220 -0.0000
vn 0.4289 -0.9033 -0.0000
vn 0.4698 -0.8828 -0.0000
vn 0.5097 -0.8603 -0.0000
vn 0.5485 -0.8362 -0.0000
vn 0.6224 -0.7827 -0.0000
vn 0.6574 -0.7535 -0.0000
vn 0.6911 -0.7227 -0.0000
vn 0.7234 -0.6904 -0.0000
vn 0.7543 -0.6565 -0.0000
vn 0.7836 -0.6212 -0.0000
vn 0.8114 -0.5845 -0.0000
vn 0.8375 -0.5465 -0.0000
vn 0.8618 -0.5072 -0.0000
vn 0.8843 -0.4669 -0.0000
vn 0.9049 -0.4257 -0.0000
vn 0.9235 -0.3836 -0.0000
vn 0.9401 -0.3408 -0.0000
vn 0.9548 -0.2972 -0.0000
vn 0.9675 -0.2530 -0.0000
vn 0.9781 -0.2082 -0.0000
vn 0.9866 -0.1629 -0.0000
vn 0.9931 -0.1171 -0.0000
vn 0.9975 -0.0710 -0.0000
vn 0.9995 -0.0308 -0.0000
vn 1.0000 -0.0015 -0.0000
vn 0.9997 0.0250 -0.0000
vn 0.9985 0.0554 -0.0000
vn 0.9960 0.0895 -0.0000
vn 0.9918 0.1276 -0.0000
vn 0.9856 0.1692 -0.0000
vn 0.9768 0.2142 -0.0000
vn 0.9650 0.2621 -0.0000
vn 0.9500 0.3124 -0.0000
vn 0.9313 0.3643 -0.0000
vn 0.9089 0.4170 -0.0000
vn 0.8938 0.4485 -0.0000
vn 0.8994 0.4372 -0.0000
vn 0.9149 0.4036 -0.0000
vn 0.9295 0.3687 -0.0000
vn 0.9431 0.3326 -0.0000
vn 0.9554 0.2953 -0.0000
vn 0.9665 0.2567 -0.0000
vn 0.9762 0.2168 -0.0000
vn 0.9845 0.1756 -0.0000
vn 0.9911 0.1333 -0.0000
vn 0.9960 0.0898 -0.0000
vn 0.9990 0.0453 -0.0000
vn 1.0000 0.0028 -0.0000
vn 0.9994 -0.0344 -0.0000
vn 0.9976 -0.0687 -0.0000
vn 0.9947 -0.1029 -0.0000
vn 0.9906 -0.1370 -0.0000
vn 0.9853 -0.1708 -0.0000
vn 0.9789 -0.2045 -0.0000
vn 0.9713 -0.2378 -0.0000
vn 0.9626 -0.2709 -0.0000
vn 0.9528 -0.3037 -0.0000
vn 0.9418 -0.3361 -0.0000
vn 0.9298 -0.3682 -0.0000
vn 0.9199 -0.3921 -0.0000
vn 0.9165 -0.4000 -0.0000
vn 0.9161 -0.4009 -0.0000
vn 0.8977 -0.4407 -0.0000
vn 0.8331 -0.5531 -0.0000
vn 0.7260 -0.6877 -0.0000
vn 0.6003 -0.7998 -0.0000
vn 0.4616 -0.8871 -0.0000
vn 0.3142 -0.9494 -0.0000
vn 0.1610 -0.9869 -0.0000
vn 0.0039 -1.0000 -0.0000
vn -0.1553 -0.9879 -0.0000
vn -0.3142 -0.9494 -0.0000
vn -0.4684 -0.8835 -0.0000
vn -0.6123 -0.7906 -0.0000
vn -0.7192 -0.6948 -0.0000
vn -0.7776 -0.6287 -0.0000
vn -0.8152 -0.5791 -0.0000
vn -0.8496 -0.5275 -0.0000
vn -0.8805 -0.4741 -0.0000
vn -0.9079 -0.4191 -0.0000
vn -0.9319 -0.3627 -0.0000
vn -0.9524 -0.3048 -0.0000
vn -0.9694 -0.2456 -0.0000
vn -0.9827 -0.1852 -0.0000
vn -0.9922 -0.1243 -0.0000
vn -0.9980 -0.0625 -0.0000
vn -0.9999 -0.0157 -0.0000
vn -1.0000 -0.0002 -0.0000
vn -0.9999 0.0130 -0.0000
vn -0.9986 0.0525 -0.0000
vn -0.9945 0.1051 -0.0000
vn -0.9876 0.1572 -0.0000
vn -0.9779 0.2089 -0.0000
vn -0.9657 0.2598 -0.0000
vn -0.9507 0.3100 -0.0000
vn -0.9332 0.3593 -0.0000
vn -0.9132 0.4076 -0.0000
vn -0.8906 0.4548 -0.0000
vn -0.8655 0.5009 -0.0000
vn -0.8380 0.5456 -0.0000
vn -0.8082 0.5890 -0.0000
vn -0.7761 0.6306 -0.0000
vn -0.7420 0.6704 -0.0000
vn -0.7060 0.7082 -0.0000
vn -0.6681 0.7440 -0.0000
vn -0.6286 0.7777 -0.0000
vn -0.5874 0.8093 -0.0000
vn -0.5447 0.8386 -0.0000
vn -0.5005 0.8657 -0.0000
vn -0.4549 0.8905 -0.0000
vn -0.4081 0.9129 -0.0000
vn -0.3600 0.9329 -0.0000
vn -0.3109 0.9504 -0.0000
vn -0.2610 0.9653 -0.0000
vn -0.2105 0.9776 -0.0000
vn -0.1596 0.9872 -0.0000
vn -0.1083 0.9941 -0.0000
vn -0.0569 0.9984 -0.0000
vn -0.0054 1.0000 -0.0000
vn 0.0462 0.9989 -0.0000
vn 0.0977 0.9952 -0.0000
vn 0.1489 0.9888 -0.0000
vn 0.2000 0.9798 -0.0000
vn 0.2506 0.9681 -0.0000
vn 0.2959 0.9552 -0.0000
vn 0.3311 0.9436 -0.0000
vn 0.3611 0.9325 -0.0000
vn 0.3908 0.9205 -0.0000
vn 0.4200 0.9075 -0.0000
vn 0.4487 0.8937 -0.0000
vn 0.4770 0.8789 -0.0000
vn 0.5047 0.8633 -0.0000
vn 0.5319 0.8468 -0.0000
vn 0.5586 0.8294 -0.0000
vn 0.5848 0.8112 -0.0000
vn 0.6103 0.7922 -0.0000
vn 0.5987 0.8009 -0.0000
vn 0.5113 0.8594 -0.0000
vn 0.3806 0.9247 -0.0000
vn 0.2472 0.9690 -0.0000
vn 0.1123 0.9937 -0.0000
vn -0.0241 0.9997 -0.0000
vn -0.1626 0.9867 -0.0000
vn -0.3035 0.9528 -0.0000
vn -0.4459 0.8951 -0.0000
vn -0.5864 0.8100 -0.0000
vn -0.7186 0.6954 -0.0000
vn -0.8333 0.5528 -0.0000
vn -0.9022 0.4313 -0.0000
vn -0.9212 0.3890 -0.0000
vn -0.9213 0.3890 -0.0000
vn -0.9030 0.4296 -0.0000
vn -0.8375 0.5464 -0.0000
vn -0.7277 0.6859 -0.0000
vn -0.5981 0.8014 -0.0000
vn -0.4550 0.8905 -0.0000
vn -0.3030 0.9530 -0.0000
vn -0.1454 0.9894 -0.0000
vn 0.0159 0.9999 -0.0000
vn 0.1791 0.9838 -0.0000
vn 0.3414 0.9399 -0.0000
vn 0.4983 0.8670 -0.0000
vn 0.6431 0.7658 -0.0000
vn -0.9910 0.1337 -0.0000
vn -0.9644 0.2643 -0.0000
vn -0.9214 0.3885 -0.0000
vn -0.8634 0.5045 -0.0000
vn -0.7918 0.6107 -0.0000
vn -0.7078 0.7064 -0.0000
vn -0.6122 0.7907 -0.0000
vn -0.5059 0.8626 -0.0000
vn -0.3898 0.9209 -0.0000
vn -0.2652 0.9642 -0.0000
vn -0.1342 0.9910 -0.0000
vn -0.0000 1.0000 -0.0000
vn 0.1342 0.9910 -0.0000
vn 0.2652 0.9642 -0.0000
vn 0.3898 0.9209 -0.0000
vn 0.5059 0.8626 -0.0000
vn 0.6122 0.7907 -0.0000
vn 0.7078 0.7064 -0.0000
vn 0.7918 0.6107 -0.0000
vn 0.8634 0.5045 -0.0000
vn 0.9214 0.3885 -0.0000
vn 0.9644 0.2643 -0.0000
vn 0.9910 0.1337 -0.0000
vn 1.0000 -0.0000 -0.0000
vn 0.9910 -0.1337 -0.0000
vn 0.9644 -0.2643 -0.0000
vn 0.9214 -0.3885 -0.0000
vn 0.8634 -0.5045 -0.0000
vn 0.7918 -0.6107 -0.0000
vn 0.7078 -0.7064 -0.0000
vn 0.6122 -0.7907 -0.0000
vn 0.5059 -0.8626 -0.0000
vn 0.3898 -0.9209 -0.0000
vn 0.2652 -0.9642 -0.0000
vn 0.1342 -0.9910 -0.0000
vn -0.0000 -1.0000 -0.0000
vn -0.1342 -0.9910 -0.0000
vn -0.2652 -0.9642 -0.0000
vn -0.3898 -0.9209 -0.0000
vn -0.5059 -0.8626 -0.0000
vn -0.6122 -0.7907 -0.0000
vn -0.7078 -0.7064 -0.0000
vn -0.7918 -0.6107 -0.0000
vn -0.8634 -0.5045 -0.0000
vn -0.9214 -0.3885 -0.0000
vn -0.9644 -0.2643 -0.0000
vn -0.9910 -0.1337 -0.0000
vn -1.0000 -0.0000 -0.0000
vn 0.9910 0.1340 -0.0000
vn 0.9643 0.2648 -0.0000
vn 0.9212 0.3892 -0.0000
vn 0.8630 0.5052 -0.0000
vn 0.7912 0.6115 -0.0000
vn 0.7070 0.7072 -0.0000
vn 0.6114 0.7913 -0.0000
vn 0.5051 0.8631 -0.0000
vn 0.3891 0.9212 -0.0000
vn 0.2647 0.9643 -0.0000
vn 0.1339 0.9910 -0.0000
vn -0.1339 0.9910 -0.0000
vn -0.2647 0.9643 -0.0000
vn -0.3891 0.9212 -0.0000
vn -0.5051 0.8631 -0.0000
vn -0.6114 0.7913 -0.0000
vn -0.7070 0.7072 -0.0000
vn -0.7912 0.6115 -0.0000
vn -0.8630 0.5052 -0.0000
vn -0.9211 0.3892 -0.0000
vn -0.9643 0.2648 -0.0000
vn -0.9910 0.1340 -0.0000
vn -0.9910 -0.1340 -0.0000
vn -0.9643 -0.2648 -0.0000
vn -0.9212 -0.3892 -0.0000
vn -0.8630 -0.5052 -0.0000
vn -0.7912 -0.6115 -0.0000
vn -0.7070 -0.7072 -0.0000
vn -0.6114 -0.7913 -0.0000
vn -0.5051 -0.8631 -0.0000
vn -0.3891 -0.9212 -0.0000
vn -0.2647 -0.9643 -0.0000
vn -0.1339 -0.9910 -0.0000
vn 0.1339 -0.9910 -0.0000
vn 0.2647 -0.9643 -0.0000
vn 0.3891 -0.9212 -0.0000
vn 0.5051 -0.8631 -0.0000
vn 0.6114 -0.7913 -0.0000
vn 0.7070 -0.7072 -0.0000
vn 0.7912 -0.6115 -0.0000
vn 0.8630 -0.5052 -0.0000
vn 0.9212 -0.3892 -0.0000
vn 0.9643 -0.2648 -0.0000
vn 0.9910 -0.1340 -0.0000
vn 0.2010 -0.9796 -0.0000
vn 0.1829 -0.9831 -0.0000
vn 0.1640 -0.9865 -0.0000
vn 0.1456 -0.9893 -0.0000
vn 0.1277 -0.9918 -0.0000
vn 0.1102 -0.9939 -0.0000
vn 0.0932 -0.9957 -0.0000
vn 0.0765 -0.9971 -0.0000
vn 0.0604 -0.9982 -0.0000
vn 0.0447 -0.9990 -0.0000
vn 0.0294 -0.9996 -0.0000
vn 0.0145 -0.9999 -0.0000
vn 0.0036 -1.0000 -0.0000
vn -0.0048 -1.0000 -0.0000
vn -0.0194 -0.9998 -0.0000
vn -0.0396 -0.9992 -0.0000
vn -0.0605 -0.9982 -0.0000
vn -0.0822 -0.9966 -0.0000
vn -0.1048 -0.9945 -0.0000
vn -0.1282 -0.9917 -0.0000
vn -0.1525 -0.9883 -0.0000
vn -0.1776 -0.9841 -0.0000
vn -0.2036 -0.9791 -0.0000
vn -0.2304 -0.9731 -0.0000
vn -0.2580 -0.9661 -0.0000
vn -0.2841 -0.9588 -0.0000
vn -0.3067 -0.9518 -0.0000
vn -0.3282 -0.9446 -0.0000
vn -0.3508 -0.9364 -0.0000
vn -0.3747 -0.9271 -0.0000
vn -0.3999 -0.9166 -0.0000
vn -0.4263 -0.9046 -0.0000
vn -0.4540 -0.8910 -0.0000
vn -0.4830 -0.8756 -0.0000
vn -0.5134 -0.8582 -0.0000
vn -0.5450 -0.8385 -0.0000
vn -0.5777 -0.8163 -0.0000
vn -0.6185 -0.7858 -0.0000
vn -0.6531 -0.7573 -0.0000
vn -0.6745 -0.7383 -0.0000
vn -0.6956 -0.7185 -0.0000
vn -0.7162 -0.6979 -0.0000
vn -0.7363 -0.6766 -0.0000
vn -0.7559 -0.6546 -0.0000
vn -0.7749 -0.6321 -0.0000
vn -0.7933 -0.6089 -0.0000
vn -0.8109 -0.5852 -0.0000
vn -0.8277 -0.5611 -0.0000
vn -0.8438 -0.5366 -0.0000
vn -0.8640 -0.5035 -0.0000
vn -0.8804 -0.4743 -0.0000
vn -0.8893 -0.4573 -0.0000
vn -0.8983 -0.4394 -0.0000
vn -0.9074 -0.4203 -0.0000
vn -0.9165 -0.4000 -0.0000
vn -0.9256 -0.3786 -0.0000
vn -0.9346 -0.3558 -0.0000
vn -0.9434 -0.3316 -0.0000
vn -0.9521 -0.3059 -0.0000
vn -0.9604 -0.2787 -0.0000
vn -0.9683 -0.2498 -0.0000
vn -0.9779 -0.2092 -0.0000
vn -0.9846 -0.1750 -0.0000
vn -0.9873 -0.1586 -0.0000
vn -0.9898 -0.1423 -0.0000
vn -0.9920 -0.1260 -0.0000
vn -0.9939 -0.1098 -0.0000
vn -0.9956 -0.0938 -0.0000
vn -0.9970 -0.0778 -0.0000
vn -0.9981 -0.0620 -0.0000
vn -0.9989 -0.0463 -0.0000
vn -0.9995 -0.0307 -0.0000
vn -0.9999 -0.0152 -0.0000
vn -0.9995 0.0304 -0.0000
vn -0.9907 0.1364 -0.0000
vn -0.9630 0.2695 -0.0000
vn -0.9183 0.3958 -0.0000
vn -0.8582 0.5133 -0.0000
vn -0.7841 0.6206 -0.0000
vn -0.6974 0.7167 -0.0000
vn -0.5989 0.8008 -0.0000
vn -0.4897 0.8719 -0.0000
vn -0.3707 0.9288 -0.0000
vn -0.2433 0.9700 -0.0000
vn -0.1097 0.9940 -0.0000
vn -0.0072 1.0000 -0.0000
vn 0.0271 0.9996 -0.0000
vn 0.0579 0.9983 -0.0000
vn 0.1500 0.9887 -0.0000
vn 0.2700 0.9629 -0.0000
vn 0.3840 0.9233 -0.0000
vn 0.4905 0.8714 -0.0000
vn 0.5885 0.8085 -0.0000
vn 0.6772 0.7358 -0.0000
vn 0.7563 0.6542 -0.0000
vn 0.8254 0.5645 -0.0000
vn 0.8840 0.4674 -0.0000
vn 0.9315 0.3637 -0.0000
vn 0.9672 0.2541 -0.0000
vn 0.9823 0.1872 -0.0000
vn 0.9755 0.2201 -0.0000
vn 0.9487 0.3162 -0.0000
vn 0.9027 0.4303 -0.0000
vn 0.8311 0.5562 -0.0000
vn 0.7317 0.6816 -0.0000
vn 0.6102 0.7922 -0.0000
vn 0.4791 0.8778 -0.0000
vn 0.3520 0.9360 -0.0000
vn 0.2386 0.9711 -0.0000
vn 0.1429 0.9897 -0.0000
vn 0.0645 0.9979 -0.0000
vn 0.0147 0.9999 -0.0000
vn -0.0112 0.9999 -0.0000
vn -0.0462 0.9989 -0.0000
vn -0.0961 0.9954 -0.0000
vn -0.1504 0.9886 -0.0000
vn -0.2092 0.9779 -0.0000
vn -0.2723 0.9622 -0.0000
vn -0.3393 0.9407 -0.0000
vn -0.4094 0.9123 -0.0000
vn -0.4815 0.8764 -0.0000
vn -0.5540 0.8325 -0.0000
vn -0.6252 0.7805 -0.0000
vn -0.6930 0.7210 -0.0000
vn -0.7481 0.6636 -0.0000
vn -0.7925 0.6099 -0.0000
vn -0.8336 0.5524 -0.0000
vn -0.8701 0.4929 -0.0000
vn -0.9017 0.4324 -0.0000
vn -0.9283 0.3718 -0.0000
vn -0.9501 0.3119 -0.0000
vn -0.9673 0.2537 -0.0000
vn -0.9803 0.1975 -0.0000
vn -0.9896 0.1439 -0.0000
vn -0.9957 0.0930 -0.0000
vn -0.9990 0.0452 -0.0000
vn -0.9999 0.0110 -0.0000
vn -0.9994 0.0336 -0.0000
vn -0.9910 0.1339 -0.0000
vn -0.9643 0.2647 -0.0000
vn -0.9212 0.3891 -0.0000
vn -0.7913 0.6115 -0.0000
vn -0.7071 0.7071 -0.0000
vn -0.3890 0.9212 -0.0000
vn -0.0335 0.9994 -0.0000
vn 0.0336 0.9994 -0.0000
vn 0.1340 0.9910 -0.0000
vn 0.6113 0.7914 -0.0000
vn 0.7070 0.7073 -0.0000
vn 0.7911 0.6117 -0.0000
vn 0.8629 0.5054 -0.0000
vn 0.9211 0.3893 -0.0000
vn 0.9643 0.2649 -0.0000
vn 0.9910 0.1341 -0.0000
vn 0.9994 0.0336 -0.0000
vn 1.0000 -0.0023 -0.0000
vn 1.0000 -0.0091 -0.0000
vn 0.9998 -0.0184 -0.0000
vn 0.9996 -0.0279 -0.0000
vn 0.9993 -0.0375 -0.0000
vn 0.9989 -0.0472 -0.0000
vn 0.9984 -0.0571 -0.0000
vn 0.9977 -0.0672 -0.0000
vn 0.9970 -0.0775 -0.0000
vn 0.9961 -0.0879 -0.0000
vn 0.9951 -0.0985 -0.0000
vn 0.9940 -0.1092 -0.0000
vn 0.9925 -0.1220 -0.0000
vn 0.9904 -0.1380 -0.0000
vn 0.9879 -0.1550 -0.0000
vn 0.9852 -0.1714 -0.0000
vn 0.9823 -0.1871 -0.0000
vn 0.9793 -0.2023 -0.0000
vn 0.9762 -0.2169 -0.0000
vn 0.9730 -0.2310 -0.0000
vn 0.9696 -0.2446 -0.0000
vn 0.9662 -0.2576 -0.0000
vn 0.9628 -0.2703 -0.0000
vn 0.9593 -0.2824 -0.0000
vn 0.9543 -0.2988 -0.0000
vn 0.9483 -0.3175 -0.0000
vn 0.9426 -0.3340 -0.0000
vn 0.9366 -0.3505 -0.0000
vn 0.9302 -0.3670 -0.0000
vn 0.9164 -0.4002 -0.0000
vn 0.9090 -0.4168 -0.0000
vn 0.9012 -0.4334 -0.0000
vn 0.8931 -0.4499 -0.0000
vn 0.8846 -0.4664 -0.0000
vn 0.8757 -0.4828 -0.0000
vn 0.8620 -0.5069 -0.0000
vn 0.8453 -0.5342 -0.0000
vn 0.8307 -0.5567 -0.0000
vn 0.8159 -0.5782 -0.0000
vn 0.8010 -0.5987 -0.0000
vn 0.7861 -0.6181 -0.0000
vn 0.7712 -0.6366 -0.0000
vn 0.7564 -0.6541 -0.0000
vn 0.7417 -0.6707 -0.0000
vn 0.7272 -0.6864 -0.0000
vn 0.7128 -0.7013 -0.0000
vn 0.6987 -0.7155 -0.0000
vn 0.6773 -0.7357 -0.0000
vn 0.6530 -0.7573 -0.0000
vn 0.6332 -0.7740 -0.0000
vn 0.6131 -0.7900 -0.0000
vn 0.5929 -0.8053 -0.0000
vn 0.5725 -0.8199 -0.0000
vn 0.5521 -0.8338 -0.0000
vn 0.5317 -0.8469 -0.0000
vn 0.5113 -0.8594 -0.0000
vn 0.4910 -0.8712 -0.0000
vn 0.4707 -0.8823 -0.0000
vn 0.4506 -0.8927 -0.0000
vn 0.4335 -0.9012 -0.0000
vn 0.4144 -0.9101 -0.0000
vn 0.3908 -0.9205 -0.0000
vn 0.3682 -0.9298 -0.0000
vn 0.3464 -0.9381 -0.0000
vn 0.3255 -0.9455 -0.0000
vn 0.3055 -0.9522 -0.0000
vn 0.2864 -0.9581 -0.0000
vn 0.2680 -0.9634 -0.0000
vn 0.2504 -0.9681 -0.0000
vn 0.2336 -0.9723 -0.0000
vn 0.2175 -0.9761 -0.0000
vn 0.4445 0.8958 -0.0000
vn 0.8298 0.5581 -0.0000
vn 0.9645 0.2642 -0.0000
vn 0.9909 0.1347 -0.0000
vn 1.0000 0.0065 -0.0000
vn 0.9931 -0.1172 -0.0000
vn 0.9685 -0.2489 -0.0000
vn 0.9192 -0.3937 -0.0000
vn 0.8410 -0.5411 -0.0000
vn 0.7357 -0.6773 -0.0000
vn 0.6125 -0.7905 -0.0000
vn 0.4838 -0.8752 -0.0000
vn 0.3606 -0.9327 -0.0000
vn 0.2494 -0.9684 -0.0000
vn 0.1529 -0.9882 -0.0000
vn 0.0706 -0.9975 -0.0000
vn 0.0164 -0.9999 -0.0000
vn -0.0197 -0.9998 -0.0000
vn -0.0843 -0.9964 -0.0000
vn -0.1814 -0.9834 -0.0000
vn -0.2928 -0.9562 -0.0000
vn -0.4163 -0.9092 -0.0000
vn -0.5462 -0.8376 -0.0000
vn -0.6730 -0.7397 -0.0000
vn -0.7855 -0.6189 -0.0000
vn -0.8748 -0.4846 -0.0000
vn -0.9375 -0.3480 -0.0000
vn -0.9757 -0.2190 -0.0000
vn -0.9947 -0.1032 -0.0000
vn -0.9997 -0.0245 -0.0000
vn -0.9997 0.0230 -0.0000
vn -0.9952 0.0980 -0.0000
vn -0.9774 0.2112 -0.0000
vn -0.9402 0.3406 -0.0000
vn -0.8773 0.4799 -0.0000
vn -0.7862 0.6180 -0.0000
vn -0.6706 0.7418 -0.0000
vn -0.5408 0.8412 -0.0000
vn -0.4091 0.9125 -0.0000
vn -0.2856 0.9583 -0.0000
vn -0.1758 0.9844 -0.0000
vn -0.0813 0.9967 -0.0000
vn -0.0189 0.9998 -0.0000
vn 0.0202 0.9998 -0.0000
vn 0.0872 0.9962 -0.0000
vn 0.1895 0.9819 -0.0000
vn 0.3086 0.9512 -0.0000
vn 0.4418 0.8971 -0.0000
vn 0.5808 0.8141 -0.0000
vn 0.7125 0.7017 -0.0000
vn 0.8232 0.5678 -0.0000
vn 0.9045 0.4264 -0.0000
vn 0.9564 0.2921 -0.0000
vn 0.9847 0.1745 -0.0000
vn 0.9969 0.0782 -0.0000
vn 0.9998 0.0178 -0.0000
vn 0.9994 -0.0336 -0.0000
vn 0.9910 -0.1342 -0.0000
vn 0.9642 -0.2652 -0.0000
vn 0.9210 -0.3895 -0.0000
vn 0.8631 -0.5051 -0.0000
vn 0.7068 -0.7074 -0.0000
vn 0.6112 -0.7915 -0.0000
vn 0.3892 -0.9212 -0.0000
vn 0.2648 -0.9643 -0.0000
vn 0.1341 -0.9910 -0.0000
vn 0.0337 -0.9994 -0.0000
vn 0.0371 -0.9993 -0.0000
vn 0.1480 -0.9890 -0.0000
vn 0.2922 -0.9563 -0.0000
vn 0.4283 -0.9036 -0.0000
vn 0.5535 -0.8329 -0.0000
vn 0.6663 -0.7457 -0.0000
vn 0.7655 -0.6434 -0.0000
vn 0.8495 -0.5276 -0.0000
vn 0.9171 -0.3986 -0.0000
vn 0.9661 -0.2581 -0.0000
vn 0.9940 -0.1093 -0.0000
vn 0.9990 0.0439 -0.0000
vn 0.9504 0.3109 -0.0000
vn 0.9039 0.4278 -0.0000
vn 0.8385 0.5449 -0.0000
vn 0.7550 0.6557 -0.0000
vn 0.6570 0.7539 -0.0000
vn 0.5503 0.8350 -0.0000
vn 0.4415 0.8973 -0.0000
vn 0.3361 0.9418 -0.0000
vn 0.2380 0.9713 -0.0000
vn 0.1493 0.9888 -0.0000
vn 0.0697 0.9976 -0.0000
vn 0.0038 1.0000 -0.0000
vn -0.0510 0.9987 -0.0000
vn -0.1066 0.9943 -0.0000
vn -0.1674 0.9859 -0.0000
vn -0.2334 0.9724 -0.0000
vn -0.3042 0.9526 -0.0000
vn -0.3791 0.9253 -0.0000
vn -0.4570 0.8895 -0.0000
vn -0.5359 0.8443 -0.0000
vn -0.6139 0.7894 -0.0000
vn -0.6884 0.7253 -0.0000
vn -0.7574 0.6530 -0.0000
vn -0.7975 0.6033 -0.0000
vn -0.7915 0.6111 -0.0000
vn -0.7604 0.6494 -0.0000
vn -0.7246 0.6892 -0.0000
vn -0.6831 0.7304 -0.0000
vn -0.6346 0.7729 -0.0000
vn -0.5775 0.8164 -0.0000
vn -0.5105 0.8599 -0.0000
vn -0.4320 0.9019 -0.0000
vn -0.3410 0.9401 -0.0000
vn -0.2374 0.9714 -0.0000
vn -0.1224 0.9925 -0.0000
vn -0.0311 0.9995 -0.0000
vn -0.9724 -0.2335 -0.0000
vn -0.9313 -0.3643 -0.0000
vn -0.8714 -0.4906 -0.0000
vn -0.7900 -0.6131 -0.0000
vn -0.6913 -0.7226 -0.0000
vn -0.5826 -0.8128 -0.0000
vn -0.4724 -0.8814 -0.0000
vn -0.3677 -0.9299 -0.0000
vn -0.2727 -0.9621 -0.0000
vn -0.1889 -0.9820 -0.0000
vn -0.1164 -0.9932 -0.0000
vn -0.0541 -0.9985 -0.0000
vn 0.0006 -1.0000 -0.0000
vn 0.0569 -0.9984 -0.0000
vn 0.1221 -0.9925 -0.0000
vn 0.1977 -0.9803 -0.0000
vn 0.2841 -0.9588 -0.0000
vn 0.3806 -0.9248 -0.0000
vn 0.4846 -0.8748 -0.0000
vn 0.5912 -0.8065 -0.0000
vn 0.6936 -0.7204 -0.0000
vn 0.7845 -0.6201 -0.0000
vn 0.8589 -0.5122 -0.0000
vn 0.9145 -0.4046 -0.0000
vn 0.9578 -0.2874 -0.0000
vn 0.9900 -0.1413 -0.0000
vn 0.9998 0.0215 -0.0000
vn 0.9834 0.1813 -0.0000
vn 0.9428 0.3334 -0.0000
vn 0.8806 0.4739 -0.0000
vn 0.7990 0.6013 -0.0000
vn 0.6999 0.7143 -0.0000
vn 0.5845 0.8114 -0.0000
vn 0.4540 0.8910 -0.0000
vn 0.3106 0.9505 -0.0000
vn 0.1575 0.9875 -0.0000
vn 0.0394 0.9992 -0.0000
vn -0.0380 0.9993 -0.0000
vn -0.1517 0.9884 -0.0000
vn -0.2992 0.9542 -0.0000
vn -0.4380 0.8990 -0.0000
vn -0.5654 0.8248 -0.0000
vn -0.6794 0.7338 -0.0000
vn -0.7785 0.6276 -0.0000
vn -0.8620 0.5069 -0.0000
vn -0.9278 0.3731 -0.0000
vn -0.9738 0.2276 -0.0000
vn -0.9973 0.0732 -0.0000
vn -0.9963 -0.0855 -0.0000
vn 0.9998 0.0219 -0.0000
vn 0.9996 -0.0265 -0.0000
vn 0.9656 -0.2599 -0.0000
vn 0.9056 -0.4241 -0.0000
vn 0.8075 -0.5898 -0.0000
vn 0.6793 -0.7339 -0.0000
vn 0.5394 -0.8421 -0.0000
vn 0.4063 -0.9137 -0.0000
vn 0.2903 -0.9569 -0.0000
vn 0.1940 -0.9810 -0.0000
vn 0.1157 -0.9933 -0.0000
vn 0.0524 -0.9986 -0.0000
vn 0.0120 -0.9999 -0.0000
vn -0.0161 -0.9999 -0.0000
vn -0.0695 -0.9976 -0.0000
vn -0.1513 -0.9885 -0.0000
vn -0.2485 -0.9686 -0.0000
vn -0.3616 -0.9323 -0.0000
vn -0.4883 -0.8727 -0.0000
vn -0.6211 -0.7837 -0.0000
vn -0.7475 -0.6643 -0.0000
vn -0.8532 -0.5217 -0.0000
vn -0.9288 -0.3705 -0.0000
vn -0.9739 -0.2271 -0.0000
vn -0.9947 -0.1033 -0.0000
vn -0.9999 0.0100 -0.0000
vn -0.9910 0.1342 -0.0000
vn -0.9643 0.2649 -0.0000
vn -0.9211 0.3894 -0.0000
vn -0.8628 0.5056 -0.0000
vn -0.7910 0.6119 -0.0000
vn -0.7067 0.7075 -0.0000
vn -0.6109 0.7917 -0.0000
vn -0.5047 0.8633 -0.0000
vn -0.3888 0.9213 -0.0000
vn -0.2645 0.9644 -0.0000
vn -0.1338 0.9910 -0.0000
vn 0.0323 0.9995 -0.0000
vn 0.1289 0.9917 -0.0000
vn 0.2549 0.9670 -0.0000
vn 0.3752 0.9269 -0.0000
vn 0.4878 0.8730 -0.0000
vn 0.6844 0.7291 -0.0000
vn 0.7672 0.6414 -0.0000
vn 0.8387 0.5446 -0.0000
vn 0.8981 0.4397 -0.0000
vn 0.9450 0.3271 -0.0000
vn 0.9782 0.2076 -0.0000
vn 0.9907 0.1360 -0.0000
vn 0.9850 0.1726 -0.0000
vn 0.9611 0.2763 -0.0000
vn 0.9174 0.3979 -0.0000
vn 0.8488 0.5287 -0.0000
vn 0.7542 0.6566 -0.0000
vn 0.6387 0.7694 -0.0000
vn 0.5125 0.8587 -0.0000
vn 0.3867 0.9222 -0.0000
vn 0.2698 0.9629 -0.0000
vn 0.1662 0.9861 -0.0000
vn 0.0765 0.9971 -0.0000
vn 0.0175 0.9998 -0.0000
vn -0.0100 1.0000 -0.0000
vn -0.0435 0.9991 -0.0000
vn -0.0963 0.9954 -0.0000
vn -0.1622 0.9868 -0.0000
vn -0.2449 0.9696 -0.0000
vn -0.3478 0.9376 -0.0000
vn -0.4724 0.8814 -0.0000
vn -0.6136 0.7896 -0.0000
vn -0.7559 0.6547 -0.0000
vn -0.8753 0.4836 -0.0000
vn -0.9536 0.3011 -0.0000
vn -0.9996 0.0281 -0.0000
vn -0.9997 -0.0259 -0.0000
vn -0.9927 -0.1203 -0.0000
vn -0.9605 -0.2783 -0.0000
vn -0.8849 -0.4657 -0.0000
vn -0.7611 -0.6486 -0.0000
vn -0.6093 -0.7929 -0.0000
vn -0.4603 -0.8878 -0.0000
vn -0.3339 -0.9426 -0.0000
vn -0.2344 -0.9721 -0.0000
vn -0.1585 -0.9874 -0.0000
vn -0.1010 -0.9949 -0.0000
vn -0.0571 -0.9984 -0.0000
vn -0.0322 -0.9995 -0.0000
vn -0.0263 -0.9997 -0.0000
vn -0.0440 -0.9990 -0.0000
vn -0.0967 -0.9953 -0.0000
vn -0.1731 -0.9849 -0.0000
vn -0.2629 -0.9648 -0.0000
vn -0.3667 -0.9303 -0.0000
vn -0.6063 -0.7952 -0.0000
vn -0.7270 -0.6866 -0.0000
vn -0.8329 -0.5535 -0.0000
vn -0.9138 -0.4061 -0.0000
vn -0.9660 -0.2584 -0.0000
vn -0.9926 -0.1218 -0.0000
vn -0.9996 -0.0287 -0.0000
vn -0.9996 0.0292 -0.0000
vn -0.9918 0.1280 -0.0000
vn -0.9599 0.2803 -0.0000
vn -0.8930 0.4501 -0.0000
vn -0.7882 0.6155 -0.0000
vn -0.6565 0.7543 -0.0000
vn -0.5177 0.8555 -0.0000
vn -0.3886 0.9214 -0.0000
vn -0.2775 0.9607 -0.0000
vn -0.1856 0.9826 -0.0000
vn -0.1109 0.9938 -0.0000
vn -0.0503 0.9987 -0.0000
vn -0.0116 0.9999 -0.0000
vn 0.0121 0.9999 -0.0000
vn 0.0524 0.9986 -0.0000
vn 0.1146 0.9934 -0.0000
vn 0.1900 0.9818 -0.0000
vn 0.2810 0.9597 -0.0000
vn 0.5132 0.8582 -0.0000
vn 0.6464 0.7630 -0.0000
vn 0.7748 0.6322 -0.0000
vn 0.8810 0.4730 -0.0000
vn 0.9529 0.3031 -0.0000
vn 0.9898 0.1422 -0.0000
vn 0.9995 0.0330 -0.0000
vn 0.9994 -0.0333 -0.0000
vn 0.9910 -0.1339 -0.0000
vn 0.9644 -0.2646 -0.0000
vn 0.9216 -0.3881 -0.0000
vn 0.8636 -0.5042 -0.0000
vn 0.7918 -0.6108 -0.0000
vn 0.7075 -0.7067 -0.0000
vn 0.6117 -0.7911 -0.0000
vn 0.5055 -0.8628 -0.0000
vn 0.3890 -0.9212 -0.0000
vn 0.2643 -0.9644 -0.0000
vn 0.1336 -0.9910 -0.0000
vn 0.0334 -0.9994 -0.0000
vn -0.9817 -0.1907 -0.0000
vn -0.9538 -0.3004 -0.0000
vn -0.9003 -0.4354 -0.0000
vn -0.8156 -0.5787 -0.0000
vn -0.7030 -0.7112 -0.0000
vn -0.5745 -0.8185 -0.0000
vn -0.4452 -0.8955 -0.0000
vn -0.3259 -0.9454 -0.0000
vn -0.2222 -0.9750 -0.0000
vn -0.1345 -0.9909 -0.0000
vn -0.0610 -0.9981 -0.0000
vn -0.0071 -1.0000 -0.0000
vn 0.0292 -0.9996 -0.0000
vn 0.0663 -0.9978 -0.0000
vn 0.1153 -0.9933 -0.0000
vn 0.1807 -0.9835 -0.0000
vn 0.2682 -0.9634 -0.0000
vn 0.3836 -0.9235 -0.0000
vn 0.5283 -0.8491 -0.0000
vn 0.6904 -0.7235 -0.0000
vn 0.8389 -0.5443 -0.0000
vn 0.9407 -0.3393 -0.0000
vn 0.9892 -0.1464 -0.0000
vn 1.0000 0.0073 -0.0000
vn 0.9875 0.1576 -0.0000
vn 0.9392 0.3432 -0.0000
vn 0.8433 0.5374 -0.0000
vn 0.7088 0.7054 -0.0000
vn 0.5626 0.8267 -0.0000
vn 0.4290 0.9033 -0.0000
vn 0.4289 0.9033 -0.0000
vn 0.3184 0.9480 -0.0000
vn 0.2311 0.9729 -0.0000
vn 0.1633 0.9866 -0.0000
vn 0.1107 0.9939 -0.0000
vn 0.0695 0.9976 -0.0000
vn 0.0389 0.9992 -0.0000
vn 0.0265 0.9996 -0.0000
vn 0.0266 0.9996 -0.0000
vn 0.0380 0.9993 -0.0000
vn 0.0744 0.9972 -0.0000
vn 0.1319 0.9913 -0.0000
vn 0.2062 0.9785 -0.0000
vn 0.3013 0.9535 -0.0000
vn 0.4196 0.9077 -0.0000
vn 0.5580 0.8299 -0.0000
vn 0.7025 0.7117 -0.0000
vn 0.8304 0.5572 -0.0000
vn 0.9219 0.3874 -0.0000
vn 0.9734 0.2292 -0.0000
vn 0.9950 0.1000 -0.0000
vn -0.0237 -0.9997 -0.0000
vn -0.1006 -0.9949 -0.0000
vn -0.2137 -0.9769 -0.0000
vn -0.3396 -0.9406 -0.0000
vn -0.4730 -0.8811 -0.0000
vn -0.6053 -0.7960 -0.0000
vn -0.7261 -0.6876 -0.0000
vn -0.8262 -0.5633 -0.0000
vn -0.9011 -0.4335 -0.0000
vn -0.9515 -0.3077 -0.0000
vn -0.9813 -0.1922 -0.0000
vn -0.9959 -0.0901 -0.0000
vn -0.9998 -0.0212 -0.0000
vn -0.9994 -0.0339 -0.0000
vn -0.9909 -0.1345 -0.0000
vn -0.9642 -0.2652 -0.0000
vn -0.9211 -0.3892 -0.0000
vn -0.8631 -0.5051 -0.0000
vn -0.7068 -0.7074 -0.0000
vn -0.6111 -0.7916 -0.0000
vn -0.5052 -0.8630 -0.0000
vn -0.3892 -0.9212 -0.0000
vn -0.1340 -0.9910 -0.0000
vn -0.0336 -0.9994 -0.0000
vn -0.1338 -0.9910 -0.0000
vn -0.2641 -0.9645 -0.0000
vn -0.3883 -0.9215 -0.0000
vn -0.5048 -0.8632 -0.0000
vn -0.6108 -0.7918 -0.0000
vn -0.7065 -0.7077 -0.0000
vn -0.7909 -0.6120 -0.0000
vn -0.8628 -0.5056 -0.0000
vn -0.9910 -0.1339 -0.0000
vn -0.9994 -0.0333 -0.0000
vn -0.9994 0.0333 -0.0000
vn -0.9910 0.1338 -0.0000
vn -0.9642 0.2651 -0.0000
vn -0.9212 0.3892 -0.0000
vn -0.7909 0.6120 -0.0000
vn -0.7065 0.7077 -0.0000
vn -0.6106 0.7919 -0.0000
vn -0.5045 0.8634 -0.0000
vn -0.3882 0.9216 -0.0000
vn -0.2641 0.9645 -0.0000
vn -0.1336 0.9910 -0.0000
vn -0.0334 0.9994 -0.0000
vn -0.0336 0.9994 -0.0000
vn -0.1341 0.9910 -0.0000
vn -0.2646 0.9644 -0.0000
vn -0.3889 0.9213 -0.0000
vn -0.5050 0.8631 -0.0000
vn -0.6113 0.7914 -0.0000
vn -0.7909 0.6119 -0.0000
vn -0.8631 0.5051 -0.0000
vn -0.9642 0.2652 -0.0000
vn -0.9209 0.3898 -0.0000
vn -0.7912 0.6116 -0.0000
vn 0.1338 0.9910 -0.0000
vn 0.2646 0.9644 -0.0000
vn 0.3888 0.9213 -0.0000
vn 0.7067 0.7075 -0.0000
vn 0.7912 0.6116 -0.0000
vn 0.9209 0.3898 -0.0000
vn 0.9642 0.2652 -0.0000
vn 0.9995 0.0327 -0.0000
vn 0.9994 0.0339 -0.0000
vn 0.9909 0.1344 -0.0000
vn 0.9642 0.2651 -0.0000
vn 0.8631 0.5051 -0.0000
vn 0.7068 0.7074 -0.0000
vn 0.6109 0.7917 -0.0000
vn 0.5050 0.8631 -0.0000
vn 0.3889 0.9213 -0.0000
vn 0.0337 0.9994 -0.0000
vn 0.1342 0.9909 -0.0000
vn 0.2650 0.9643 -0.0000
vn 0.3895 0.9210 -0.0000
vn 0.5060 0.8626 -0.0000
vn 0.7077 0.7065 -0.0000
vn 0.7918 0.6108 -0.0000
vn 0.8636 0.5041 -0.0000
vn 0.9216 0.3881 -0.0000
vn 0.9644 0.2646 -0.0000
vn 0.0336 -0.9994 -0.0000
vn 0.1340 -0.9910 -0.0000
vn 0.5050 -0.8631 -0.0000
vn 0.7909 -0.6119 -0.0000
vn 0.9211 -0.3892 -0.0000
vn 0.9911 -0.1333 -0.0000
vn 0.9995 -0.0327 -0.0000
vn 1.0000 0.0090 -0.0000
vn 0.9991 0.0431 -0.0000
vn 0.9943 0.1063 -0.0000
vn 0.9801 0.1983 -0.0000
vn 0.9463 0.3233 -0.0000
vn 0.8785 0.4777 -0.0000
vn 0.7658 0.6431 -0.0000
vn 0.6135 0.7897 -0.0000
vn 0.4469 0.8946 -0.0000
vn 0.2938 0.9559 -0.0000
vn 0.1689 0.9856 -0.0000
vn 0.0733 0.9973 -0.0000
vn 0.0162 0.9999 -0.0000
vn 0.4444 0.8958 -0.0000
vn 0.8301 0.5576 -0.0000
vn 0.9908 0.1353 -0.0000
vn 0.9685 -0.2488 -0.0000
vn -0.9997 -0.0246 -0.0000
vn 0.7068 -0.7075 -0.0000
vn 0.5052 -0.8630 -0.0000
vn 0.3892 -0.9211 -0.0000
vn 0.2646 -0.9644 -0.0000
vn 0.0338 -0.9994 -0.0000
vn 0.4281 -0.9037 -0.0000
vn 0.5532 -0.8330 -0.0000
vn 0.6665 -0.7455 -0.0000
vn 0.7654 -0.6436 -0.0000
vn 0.8494 -0.5277 -0.0000
vn 0.9173 -0.3981 -0.0000
vn 0.9990 0.0447 -0.0000
vn 0.9822 0.1878 -0.0000
vn -0.7573 0.6530 -0.0000
vn -0.7604 0.6495 -0.0000
vn -0.6831 0.7303 -0.0000
vn -0.9725 -0.2330 -0.0000
vn -0.9313 -0.3644 -0.0000
vn -0.7901 -0.6130 -0.0000
vn 0.7846 -0.6201 -0.0000
vn 0.8805 0.4741 -0.0000
vn 0.7989 0.6015 -0.0000
vn 0.7000 0.7142 -0.0000
vn 0.5847 0.8113 -0.0000
vn 0.4541 0.8910 -0.0000
vn 0.1573 0.9875 -0.0000
vn -0.2991 0.9542 -0.0000
vn -0.4381 0.8989 -0.0000
vn -0.5655 0.8248 -0.0000
vn -0.7787 0.6274 -0.0000
vn -0.8621 0.5067 -0.0000
vn -0.9279 0.3728 -0.0000
vn -0.9738 0.2273 -0.0000
vn -0.9964 -0.0850 -0.0000
vn 0.1341 0.9910 -0.0000
vn 0.8630 0.5051 -0.0000
vn 0.9210 0.3897 -0.0000
vn 0.9910 0.1338 -0.0000
vn 0.9994 0.0333 -0.0000
vn 0.9642 -0.2651 -0.0000
vn 0.8630 -0.5051 -0.0000
vn 0.6111 -0.7916 -0.0000
vn 0.5051 -0.8630 -0.0000
vn -0.0344 -0.9994 -0.0000
vn -0.1371 -0.9906 -0.0000
vn -0.2706 -0.9627 -0.0000
vn -0.3972 -0.9177 -0.0000
vn -0.5148 -0.8573 -0.0000
vn -0.6222 -0.7828 -0.0000
vn -0.7180 -0.6960 -0.0000
vn -0.8017 -0.5978 -0.0000
vn -0.8729 -0.4879 -0.0000
vn -0.9300 -0.3677 -0.0000
vn -0.9709 -0.2396 -0.0000
vn -0.9944 -0.1053 -0.0000
vn -1.0000 -0.0021 -0.0000
vn -0.9995 0.0326 -0.0000
vn -0.9995 0.0327 -0.0000
vn -0.9978 0.0664 -0.0000
vn -0.9864 0.1643 -0.0000
vn -0.9567 0.2911 -0.0000
vn -0.9112 0.4120 -0.0000
vn -0.8518 0.5238 -0.0000
vn -0.7797 0.6261 -0.0000
vn -0.6956 0.7185 -0.0000
vn -0.6003 0.7998 -0.0000
vn -0.4955 0.8686 -0.0000
vn -0.3812 0.9245 -0.0000
vn -0.2591 0.9658 -0.0000
vn -0.1311 0.9914 -0.0000
vn -0.0328 0.9995 -0.0000
vn 0.0338 0.9994 -0.0000
vn 0.6110 0.7916 -0.0000
vn 0.9212 0.3891 -0.0000
vn -0.9911 0.1332 -0.0000
vn -0.9645 0.2640 -0.0000
vn -0.9214 0.3886 -0.0000
vn -0.8633 0.5047 -0.0000
vn -0.7074 0.7068 -0.0000
vn -0.6116 0.7912 -0.0000
vn -0.5048 0.8632 -0.0000
vn 0.9997 -0.0263 -0.0000
vn 0.9938 -0.1112 -0.0000
vn 0.9718 -0.2359 -0.0000
vn 0.9278 -0.3731 -0.0000
vn 0.8572 -0.5150 -0.0000
vn 0.7599 -0.6501 -0.0000
vn 0.6420 -0.7667 -0.0000
vn 0.5142 -0.8577 -0.0000
vn 0.3877 -0.9218 -0.0000
vn 0.2706 -0.9627 -0.0000
vn 0.1669 -0.9860 -0.0000
vn 0.0774 -0.9970 -0.0000
vn 0.0181 -0.9998 -0.0000
vn 0.0342 -0.9994 -0.0000
vn 0.1359 -0.9907 -0.0000
vn 0.2672 -0.9636 -0.0000
vn 0.3910 -0.9204 -0.0000
vn 0.5054 -0.8629 -0.0000
vn 0.6098 -0.7926 -0.0000
vn 0.7042 -0.7100 -0.0000
vn 0.7878 -0.6159 -0.0000
vn 0.8594 -0.5113 -0.0000
vn 0.9184 -0.3956 -0.0000
vn 0.9629 -0.2698 -0.0000
vn 0.9905 -0.1375 -0.0000
vn 0.9994 -0.0351 -0.0000
vn -0.9643 0.2650 -0.0000
vn -0.8628 0.5055 -0.0000
vn -0.7911 0.6117 -0.0000
vn -0.2648 0.9643 -0.0000
vn 0.0188 0.9998 -0.0000
vn 0.0806 0.9967 -0.0000
vn 0.1735 0.9848 -0.0000
vn 0.2808 0.9598 -0.0000
vn 0.4010 0.9161 -0.0000
vn 0.5293 0.8484 -0.0000
vn 0.6568 0.7540 -0.0000
vn 0.7724 0.6352 -0.0000
vn 0.8660 0.5001 -0.0000
vn 0.9327 0.3606 -0.0000
vn 0.9739 0.2272 -0.0000
vn 0.9943 0.1069 -0.0000
vn 0.9997 0.0253 -0.0000
vn -0.0170 -0.9999 -0.0000
vn 0.0343 -0.9994 -0.0000
vn 0.1358 -0.9907 -0.0000
vn 0.2669 -0.9637 -0.0000
vn 0.3906 -0.9206 -0.0000
vn 0.6097 -0.7927 -0.0000
vn 0.7041 -0.7101 -0.0000
vn 0.7877 -0.6160 -0.0000
vn 0.8594 -0.5112 -0.0000
vn 0.9185 -0.3955 -0.0000
vn 0.9629 -0.2697 -0.0000
vn 0.9905 -0.1374 -0.0000
vn 0.9994 0.0345 -0.0000
vn 0.9906 0.1369 -0.0000
vn 0.9629 0.2698 -0.0000
vn 0.9184 0.3956 -0.0000
vn 0.8594 0.5112 -0.0000
vn 0.7878 0.6159 -0.0000
vn 0.7042 0.7100 -0.0000
vn 0.6098 0.7926 -0.0000
vn 0.5052 0.8630 -0.0000
vn 0.3906 0.9206 -0.0000
vn 0.2672 0.9637 -0.0000
vn 0.1359 0.9907 -0.0000
vn 0.0342 0.9994 -0.0000
vn -0.0179 0.9998 -0.0000
vn -0.0759 0.9971 -0.0000
vn -0.1619 0.9868 -0.0000
vn -0.2602 0.9656 -0.0000
vn -0.3703 0.9289 -0.0000
vn -0.4896 0.8720 -0.0000
vn -0.6124 0.7905 -0.0000
vn -0.7300 0.6834 -0.0000
vn -0.8324 0.5542 -0.0000
vn -0.9114 0.4116 -0.0000
vn -0.9639 0.2662 -0.0000
vn -0.9919 0.1270 -0.0000
vn -0.9996 0.0298 -0.0000
vn -0.9996 -0.0289 -0.0000
vn -0.9925 -0.1221 -0.0000
vn -0.9663 -0.2574 -0.0000
vn -0.9153 -0.4027 -0.0000
vn -0.8365 -0.5480 -0.0000
vn -0.7324 -0.6809 -0.0000
vn -0.6116 -0.7911 -0.0000
vn -0.4855 -0.8742 -0.0000
vn -0.3641 -0.9314 -0.0000
vn -0.2535 -0.9673 -0.0000
vn -0.1564 -0.9877 -0.0000
vn -0.0727 -0.9974 -0.0000
vn -0.0844 -0.9964 -0.0000
vn -0.1834 -0.9830 -0.0000
vn -0.2989 -0.9543 -0.0000
vn -0.4289 -0.9033 -0.0000
vn -0.5662 -0.8243 -0.0000
vn -0.6985 -0.7156 -0.0000
vn -0.8120 -0.5836 -0.0000
vn -0.8973 -0.4415 -0.0000
vn -0.9526 -0.3041 -0.0000
vn -0.9832 -0.1823 -0.0000
vn -0.9967 -0.0818 -0.0000
vn -0.9998 -0.0186 -0.0000
vn -0.9998 0.0199 -0.0000
vn -0.9962 0.0867 -0.0000
vn -0.9815 0.1913 -0.0000
vn -0.9488 0.3158 -0.0000
vn -0.8909 0.4542 -0.0000
vn -0.8034 0.5954 -0.0000
vn -0.6889 0.7249 -0.0000
vn -0.5571 0.8305 -0.0000
vn -0.4216 0.9068 -0.0000
vn -0.2939 0.9559 -0.0000
vn -0.1804 0.9836 -0.0000
vn -0.0832 0.9965 -0.0000
vn -0.0193 0.9998 -0.0000
vn 0.0198 0.9998 -0.0000
vn 0.0849 0.9964 -0.0000
vn 0.1828 0.9832 -0.0000
vn 0.2951 0.9555 -0.0000
vn 0.4195 0.9078 -0.0000
vn 0.5501 0.8351 -0.0000
vn 0.6770 0.7360 -0.0000
vn 0.7890 0.6143 -0.0000
vn 0.8774 0.4797 -0.0000
vn 0.9391 0.3436 -0.0000
vn 0.9764 0.2158 -0.0000
vn 0.9948 0.1016 -0.0000
vn 0.9997 0.0242 -0.0000
vn 0.9997 -0.0241 -0.0000
vn 0.9949 -0.1009 -0.0000
vn 0.9769 -0.2137 -0.0000
vn 0.9405 -0.3398 -0.0000
vn 0.8804 -0.4742 -0.0000
vn 0.7940 -0.6079 -0.0000
vn 0.6837 -0.7297 -0.0000
vn 0.5577 -0.8300 -0.0000
vn 0.4268 -0.9043 -0.0000
vn 0.3011 -0.9536 -0.0000
vn 0.1869 -0.9824 -0.0000
vn 0.0870 -0.9962 -0.0000
vn 0.0203 -0.9998 -0.0000
vn -0.0196 -0.9998 -0.0000
vn 0.0925 -0.9957 -0.0000
vn 0.1982 -0.9802 -0.0000
vn 0.3156 -0.9489 -0.0000
vn 0.4416 -0.8972 -0.0000
vn 0.5695 -0.8220 -0.0000
vn 0.6905 -0.7234 -0.0000
vn 0.7955 -0.6060 -0.0000
vn 0.8784 -0.4780 -0.0000
vn 0.9374 -0.3481 -0.0000
vn 0.9747 -0.2233 -0.0000
vn 0.9942 -0.1075 -0.0000
vn 0.9997 -0.0261 -0.0000
vn 0.9997 0.0251 -0.0000
vn 0.9946 0.1037 -0.0000
vn 0.9434 0.3316 -0.0000
vn 0.8906 0.4547 -0.0000
vn 0.8156 0.5785 -0.0000
vn 0.7181 0.6959 -0.0000
vn 0.6016 0.7988 -0.0000
vn 0.4735 0.8808 -0.0000
vn 0.3428 0.9394 -0.0000
vn 0.2174 0.9761 -0.0000
vn 0.1027 0.9947 -0.0000
vn 0.0012 1.0000 -0.0000
vn -0.1002 0.9950 -0.0000
vn -0.2138 0.9769 -0.0000
vn -0.3380 0.9412 -0.0000
vn -0.4684 0.8835 -0.0000
vn -0.5970 0.8022 -0.0000
vn -0.7147 0.6994 -0.0000
vn -0.8137 0.5812 -0.0000
vn -0.8899 0.4561 -0.0000
vn -0.9434 0.3317 -0.0000
vn -0.9770 0.2133 -0.0000
vn -0.9947 0.1033 -0.0000
vn -0.9997 0.0252 -0.0000
vn -0.9997 -0.0252 -0.0000
vn -0.9944 -0.1060 -0.0000
vn -0.9750 -0.2224 -0.0000
vn -0.9375 -0.3481 -0.0000
vn -0.8776 -0.4794 -0.0000
vn -0.7934 -0.6087 -0.0000
vn -0.6869 -0.7268 -0.0000
vn -0.5647 -0.8253 -0.0000
vn -0.4363 -0.8998 -0.0000
vn -0.3108 -0.9505 -0.0000
vn -0.1947 -0.9809 -0.0000
vn -0.0913 -0.9958 -0.0000
vn -0.0002 -1.0000 -0.0000
vn -0.4289 -0.9034 -0.0000
vn -0.5661 -0.8244 -0.0000
vn -0.6984 -0.7157 -0.0000
vn -0.8119 -0.5838 -0.0000
vn -0.8972 -0.4417 -0.0000
vn -0.9526 -0.3043 -0.0000
vn -0.9832 -0.1825 -0.0000
vn -0.9966 -0.0819 -0.0000
vn -0.9962 0.0868 -0.0000
vn -0.9815 0.1914 -0.0000
vn -0.9488 0.3160 -0.0000
vn -0.8908 0.4544 -0.0000
vn -0.8033 0.5956 -0.0000
vn -0.6887 0.7250 -0.0000
vn -0.5570 0.8305 -0.0000
vn -0.4215 0.9068 -0.0000
vn -0.2938 0.9559 -0.0000
vn 0.1828 0.9831 -0.0000
vn 0.4195 0.9077 -0.0000
vn 0.6771 0.7359 -0.0000
vn 0.7891 0.6143 -0.0000
vn 0.8775 0.4797 -0.0000
vn 0.9765 0.2157 -0.0000
vn 0.5577 -0.8301 -0.0000
vn 0.1983 -0.9801 -0.0000
vn 0.6903 -0.7235 -0.0000
vn 0.7953 -0.6062 -0.0000
vn 0.8782 -0.4783 -0.0000
vn 0.9373 -0.3484 -0.0000
vn 0.9747 -0.2236 -0.0000
vn 0.9942 -0.1077 -0.0000
vn -0.1001 0.9950 -0.0000
vn -0.9943 -0.1062 -0.0000
vn -0.9749 -0.2227 -0.0000
vn -0.9373 -0.3484 -0.0000
vn -0.8774 -0.4797 -0.0000
vn -0.7932 -0.6090 -0.0000
vn -0.6867 -0.7269 -0.0000
vn -0.5646 -0.8253 -0.0000
vn -0.0329 0.9995 -0.0000
vn 0.1358 0.9907 -0.0000
vn 0.2670 0.9637 -0.0000
vn 0.5053 0.8629 -0.0000
vn 0.7039 0.7103 -0.0000
vn 0.7875 0.6164 -0.0000
vn 0.8597 0.5108 -0.0000
vn 0.9185 0.3955 -0.0000
vn 0.9628 0.2703 -0.0000
vn 0.9905 0.1375 -0.0000
vn 0.9994 0.0351 -0.0000
vn -0.9913 0.1315 -0.0000
vn -0.9653 0.2611 -0.0000
vn -0.9230 0.3848 -0.0000
vn -0.8650 0.5017 -0.0000
vn -0.7930 0.6092 -0.0000
vn -0.7090 0.7052 -0.0000
vn -0.6130 0.7901 -0.0000
vn -0.5055 0.8628 -0.0000
vn -0.3881 0.9216 -0.0000
vn -0.2631 0.9648 -0.0000
vn -0.1325 0.9912 -0.0000
vn -0.0000 -0.8944 0.4472
vn -0.0000 0.8944 -0.4472
vn -0.0000 0.9522 -0.3054
vn -0.0000 -0.9873 0.1587
vn -0.0000 -0.9732 0.2298
vn -0.0000 0.8861 -0.4634
vn -0.0000 0.9999 -0.0167
vn -0.0000 0.9323 -0.3618
vn -0.0000 0.9958 -0.0917
vn -0.0000 0.9749 -0.2228
vn -0.0000 0.9008 -0.4342
vn -0.0000 -0.9701 -0.2425
vn -0.0000 -0.9967 -0.0814
vn -0.0000 0.9994 0.0360
vn -0.0000 0.9967 0.0814
vn -0.0000 0.9867 0.1628
vn -0.0312 0.9995 -0.0000
vn -0.0624 0.9981 -0.0000
vn 0.0624 -0.9981 -0.0000
vn -0.0000 0.9686 0.2485
vn -0.0000 0.9711 0.2387
vn -0.0000 0.9322 0.3619
vn -0.0000 0.9829 0.1841
vn -0.0000 0.9978 0.0665
vn -0.0000 0.9964 0.0844
vn -0.0000 0.9960 0.0888
vn -0.0000 0.9984 0.0557
vn -0.0000 0.9972 0.0743
vn -0.0000 0.9992 0.0408
vn -0.0000 0.9985 0.0544
vn -0.0000 0.9993 0.0364
vn -0.0000 0.9978 0.0664
vn -0.0000 0.9961 0.0886
vn -0.0000 0.9992 0.0402
vn -0.0000 0.9986 0.0536
vn -0.0000 0.9990 0.0456
vn -0.0000 0.9981 0.0609
vn -0.0000 0.9988 0.0499
vn -0.0000 0.9978 0.0666
vn -0.0000 0.9986 0.0528
vn -0.0000 0.9975 0.0704
vn -0.0000 0.9986 0.0538
vn -0.0000 0.9974 0.0718
vn -0.0000 0.9980 0.0633
vn -0.0000 0.9768 0.2141
vn -0.0000 0.9911 0.1330
vn -0.0000 0.9944 0.1055
vn -0.0000 -0.0000 -0.0000
vn 0.0820 -0.9966 -0.0000
vn -0.0820 0.9966 -0.0000
vn -0.0000 0.9322 -0.3619
vn -0.0000 0.9165 -0.3999
vn -0.0000 0.9999 -0.0173
vn -0.0000 -0.9768 -0.2141
vn -0.0000 0.9944 0.1057
vn -0.0000 0.9777 0.2101
vn -0.0000 -0.9777 -0.2101
vn -0.0000 0.9800 0.1989
vn -0.0000 -0.9800 -0.1989
vn -0.0000 0.9958 0.0913
vn -0.0000 0.9833 0.1819
vn -0.0000 -0.9833 -0.1819
vn -0.0000 0.9871 0.1603
vn -0.0000 -0.9871 -0.1603
vn -0.0000 0.9646 0.2638
vn -0.0000 -0.9908 -0.1355
vn -0.0000 0.9940 0.1090
vn -0.0000 -0.9974 -0.0718
vn -0.0000 0.9942 0.1072
vn -0.0000 0.9867 0.1627
vn -0.0000 -0.9867 -0.1627
vn -0.0000 0.9751 0.2217
vn -0.0000 -0.9751 -0.2217
vn -0.0000 0.9915 0.1303
vn -0.0000 0.9644 0.2643
vn -0.0000 -0.9644 -0.2643
vn -0.0000 0.9861 0.1663
vn -0.0000 0.9679 0.2515
vn -0.0000 -0.9679 -0.2515
vn -0.0000 -0.9768 -0.2139
vn -0.0000 0.9942 0.1079
vn -0.0000 -0.9777 -0.2099
vn -0.0000 -0.9801 -0.1987
vn -0.0000 -0.9834 -0.1817
vn -0.0000 -0.9871 -0.1601
vn -0.0000 0.9646 0.2636
vn -0.0000 -0.9908 -0.1354
vn -0.0000 -0.9867 -0.1626
vn -0.0000 -0.9752 -0.2215
vn -0.0000 -0.9645 -0.2640
vn -0.0000 -0.9679 -0.2513
vn -0.0000 0.8861 -0.4635
vn -0.0000 0.9014 -0.4329
vn -0.0000 0.8861 0.4635
vn 0.0393 -0.9992 -0.0000
vn 0.0410 -0.9992 -0.0000
vn -0.0000 -0.9007 0.4344
vn -0.0610 -0.0000 0.9981
vn -0.0621 -0.0000 0.9981
vn -0.1240 -0.0000 0.9923
vn -0.0425 -0.0000 0.9991
vn -0.0000 0.8654 0.5011
vn -0.0000 -0.8620 0.5070
vn -0.0000 0.8985 0.4390
vn -0.0000 -0.8370 0.5473
vn -0.0000 0.8370 -0.5473
vn -0.0000 -0.7878 -0.6159
vn -0.0000 0.7878 0.6159
vn -0.0000 -0.7937 -0.6083
vn -0.0000 0.7937 0.6083
vn -0.0000 -0.8100 -0.5864
vn -0.0000 0.8100 0.5864
vn -0.0000 -0.8348 -0.5506
vn -0.0000 0.8348 0.5506
vn -0.0000 -0.7159 -0.6982
vn -0.0000 0.7159 0.6982
vn -0.0000 -0.8620 -0.5070
vn -0.0000 0.8620 0.5070
vn -0.0000 -0.7768 -0.6298
vn -0.0000 0.7768 0.6298
vn -0.0000 -0.7335 -0.6797
vn -0.0000 0.7335 0.6797
vn -0.0000 -0.0023 1.0000
vn -0.0000 0.0027 1.0000
vn -0.0000 -0.0020 -1.0000
vn -0.0000 -0.0018 -1.0000
vn -0.0000 -0.0023 -1.0000
vn -0.0692 0.9976 -0.0000
vn 0.7480 0.6638 -0.0000
vn -0.9896 -0.1439 -0.0000
vt 0.179487 0.000000
vt 0.180276 0.000000
vt 0.179882 0.000000
vt 0.179093 0.000000
vt 0.180671 0.000000
vt 0.178698 0.000000
vt 0.181065 0.000000
vt 0.178304 0.000000
vt 0.181460 0.000000
vt 0.177909 0.000000
vt 0.019724 0.000000
vt 0.177515 0.000000
vt 0.020118 0.000000
vt 0.020513 0.000000
vt 0.177120 0.000000
vt 0.020907 0.000000
vt 0.021302 0.000000
vt 0.021696 0.000000
vt 0.022091 0.000000
vt 0.176726 0.000000
vt 0.022485 0.000000
vt 0.022880 0.000000
vt 0.023274 0.000000
vt 0.023669 0.000000
vt 0.024063 0.000000
vt 0.176331 0.000000
vt 0.024458 0.000000
vt 0.024852 0.000000
vt 0.160158 0.000000
vt 0.160947 0.000000
vt 0.160552 0.000000
vt 0.161341 0.000000
vt 0.159763 0.000000
vt 0.161736 0.000000
vt 0.175937 0.000000
vt 0.159369 0.000000
vt 0.162130 0.000000
vt 0.158974 0.000000
vt 0.162525 0.000000
vt 0.175542 0.000000
vt 0.158580 0.000000
vt 0.162919 0.000000
vt 0.158185 0.000000
vt 0.175148 0.000000
vt 0.163314 0.000000
vt 0.157791 0.000000
vt 0.163708 0.000000
vt 0.174753 0.000000
vt 0.157396 0.000000
vt 0.164103 0.000000
vt 0.164497 0.000000
vt 0.174359 0.000000
vt 0.157002 0.000000
vt 0.164892 0.000000
vt 0.165286 0.000000
vt 0.173965 0.000000
vt 0.156607 0.000000
vt 0.165680 0.000000
vt 0.173570 0.000000
vt 0.156213 0.000000
vt 0.166075 0.000000
vt 0.173176 0.000000
vt 0.166469 0.000000
vt 0.155819 0.000000
vt 0.102170 0.000000
vt 0.101775 0.000000
vt 0.172781 0.000000
vt 0.101381 0.000000
vt 0.102564 0.000000
vt 0.100986 0.000000
vt 0.102959 0.000000
vt 0.166864 0.000000
vt 0.100592 0.000000
vt 0.103353 0.000000
vt 0.100197 0.000000
vt 0.172387 0.000000
vt 0.103748 0.000000
vt 0.171992 0.000000
vt 0.099803 0.000000
vt 0.104142 0.000000
vt 0.167258 0.000000
vt 0.155424 0.000000
vt 0.099408 0.000000
vt 0.104536 0.000000
vt 0.099014 0.000000
vt 0.171598 0.000000
vt 0.104931 0.000000
vt 0.167653 0.000000
vt 0.098619 0.000000
vt 0.105325 0.000000
vt 0.155030 0.000000
vt 0.171203 0.000000
vt 0.098225 0.000000
vt 0.168047 0.000000
vt 0.105720 0.000000
vt 0.170809 0.000000
vt 0.097830 0.000000
vt 0.168442 0.000000
vt 0.106114 0.000000
vt 0.170414 0.000000
vt 0.168836 0.000000
vt 0.154635 0.000000
vt 0.097436 0.000000
vt 0.170020 0.000000
vt 0.169231 0.000000
vt 0.106509 0.000000
vt 0.169625 0.000000
vt 0.097041 0.000000
vt 0.096647 0.000000
vt 0.096252 0.000000
vt 0.095858 0.000000
vt 0.095464 0.000000
vt 0.095069 0.000000
vt 0.094675 0.000000
vt 0.094280 0.000000
vt 0.093886 0.000000
vt 0.093491 0.000000
vt 0.106903 0.000000
vt 0.185799 0.000000
vt 0.186588 0.000000
vt 0.186193 0.000000
vt 0.154241 0.000000
vt 0.186982 0.000000
vt 0.185404 0.000000
vt 0.107298 0.000000
vt 0.187377 0.000000
vt 0.185010 0.000000
vt 0.107692 0.000000
vt 0.153846 0.000000
vt 0.187771 0.000000
vt 0.184615 0.000000
vt 0.108087 0.000000
vt 0.153452 0.000000
vt 0.108481 0.000000
vt 0.188166 0.000000
vt 0.184221 0.000000
vt 0.108876 0.000000
vt 0.153057 0.000000
vt 0.109270 0.000000
vt 0.188560 0.000000
vt 0.183826 0.000000
vt 0.109665 0.000000
vt 0.152663 0.000000
vt 0.110059 0.000000
vt 0.188955 0.000000
vt 0.183432 0.000000
vt 0.152268 0.000000
vt 0.110454 0.000000
vt 0.093097 0.000000
vt 0.151874 0.000000
vt 0.110848 0.000000
vt 0.189349 0.000000
vt 0.183037 0.000000
vt 0.092702 0.000000
vt 0.111243 0.000000
vt 0.151479 0.000000
vt 0.092308 0.000000
vt 0.111637 0.000000
vt 0.091913 0.000000
vt 0.189744 0.000000
vt 0.182643 0.000000
vt 0.214990 0.000000
vt 0.151085 0.000000
vt 0.112032 0.000000
vt 0.091519 0.000000
vt 0.112426 0.000000
vt 0.215385 0.000000
vt 0.214596 0.000000
vt 0.150690 0.000000
vt 0.214201 0.000000
vt 0.215779 0.000000
vt 0.213807 0.000000
vt 0.216174 0.000000
vt 0.091124 0.000000
vt 0.216568 0.000000
vt 0.213412 0.000000
vt 0.190138 0.000000
vt 0.182249 0.000000
vt 0.112821 0.000000
vt 0.216963 0.000000
vt 0.213018 0.000000
vt 0.090730 0.000000
vt 0.150296 0.000000
vt 0.217357 0.000000
vt 0.212623 0.000000
vt 0.113215 0.000000
vt 0.090335 0.000000
vt 0.217751 0.000000
vt 0.212229 0.000000
vt 0.113609 0.000000
vt 0.149901 0.000000
vt 0.190533 0.000000
vt 0.181854 0.000000
vt 0.218146 0.000000
vt 0.211834 0.000000
vt 0.089941 0.000000
vt 0.114004 0.000000
vt 0.218540 0.000000
vt 0.211440 0.000000
vt 0.149507 0.000000
vt 0.089546 0.000000
vt 0.114398 0.000000
vt 0.218935 0.000000
vt 0.211045 0.000000
vt 0.089152 0.000000
vt 0.149112 0.000000
vt 0.190927 0.000000
vt 0.200394 0.000000
vt 0.114793 0.000000
vt 0.219329 0.000000
vt 0.210651 0.000000
vt 0.088757 0.000000
vt 0.115187 0.000000
vt 0.148718 0.000000
vt 0.200789 0.000000
vt 0.210256 0.000000
vt 0.088363 0.000000
vt 0.115582 0.000000
vt 0.200000 0.000000
vt 0.191321 0.000000
vt 0.201183 0.000000
vt 0.209862 0.000000
vt 0.087968 0.000000
vt 0.148323 0.000000
vt 0.025247 0.000000
vt 0.115976 0.000000
vt 0.147929 0.000000
vt 0.201578 0.000000
vt 0.209467 0.000000
vt 0.087574 0.000000
vt 0.025641 0.000000
vt 0.116371 0.000000
vt 0.201972 0.000000
vt 0.209073 0.000000
vt 0.147535 0.000000
vt 0.087179 0.000000
vt 0.191716 0.000000
vt 0.199606 0.000000
vt 0.116765 0.000000
vt 0.026036 0.000000
vt 0.202367 0.000000
vt 0.208678 0.000000
vt 0.086785 0.000000
vt 0.117160 0.000000
vt 0.202761 0.000000
vt 0.208284 0.000000
vt 0.026430 0.000000
vt 0.086391 0.000000
vt 0.147140 0.000000
vt 0.117554 0.000000
vt 0.203156 0.000000
vt 0.207890 0.000000
vt 0.192110 0.000000
vt 0.199211 0.000000
vt 0.085996 0.000000
vt 0.117949 0.000000
vt 0.026824 0.000000
vt 0.203550 0.000000
vt 0.207495 0.000000
vt 0.118343 0.000000
vt 0.085602 0.000000
vt 0.203945 0.000000
vt 0.207101 0.000000
vt 0.027219 0.000000
vt 0.204339 0.000000
vt 0.206706 0.000000
vt 0.146746 0.000000
vt 0.118738 0.000000
vt 0.085207 0.000000
vt 0.192505 0.000000
vt 0.198817 0.000000
vt 0.204734 0.000000
vt 0.206312 0.000000
vt 0.205128 0.000000
vt 0.205917 0.000000
vt 0.205523 0.000000
vt 0.119132 0.000000
vt 0.027613 0.000000
vt 0.084813 0.000000
vt 0.119527 0.000000
vt 0.084418 0.000000
vt 0.028008 0.000000
vt 0.192899 0.000000
vt 0.198422 0.000000
vt 0.119921 0.000000
vt 0.084024 0.000000
vt 0.146351 0.000000
vt 0.028402 0.000000
vt 0.120316 0.000000
vt 0.120710 0.000000
vt 0.121105 0.000000
vt 0.121499 0.000000
vt 0.083629 0.000000
vt 0.121893 0.000000
vt 0.122288 0.000000
vt 0.122682 0.000000
vt 0.123077 0.000000
vt 0.123471 0.000000
vt 0.193294 0.000000
vt 0.198028 0.000000
vt 0.123866 0.000000
vt 0.124260 0.000000
vt 0.124655 0.000000
vt 0.028797 0.000000
vt 0.083235 0.000000
vt 0.125049 0.000000
vt 0.125444 0.000000
vt 0.125838 0.000000
vt 0.126233 0.000000
vt 0.126627 0.000000
vt 0.127022 0.000000
vt 0.127416 0.000000
vt 0.127811 0.000000
vt 0.128205 0.000000
vt 0.128600 0.000000
vt 0.128994 0.000000
vt 0.082840 0.000000
vt 0.129389 0.000000
vt 0.129783 0.000000
vt 0.130178 0.000000
vt 0.029191 0.000000
vt 0.130572 0.000000
vt 0.193688 0.000000
vt 0.197633 0.000000
vt 0.130966 0.000000
vt 0.145957 0.000000
vt 0.082446 0.000000
vt 0.131361 0.000000
vt 0.131755 0.000000
vt 0.029586 0.000000
vt 0.082051 0.000000
vt 0.132150 0.000000
vt 0.057988 0.000000
vt 0.058777 0.000000
vt 0.058383 0.000000
vt 0.057594 0.000000
vt 0.057199 0.000000
vt 0.194083 0.000000
vt 0.197239 0.000000
vt 0.132544 0.000000
vt 0.056805 0.000000
vt 0.081657 0.000000
vt 0.081262 0.000000
vt 0.056410 0.000000
vt 0.080868 0.000000
vt 0.029980 0.000000
vt 0.059172 0.000000
vt 0.132939 0.000000
vt 0.080473 0.000000
vt 0.080079 0.000000
vt 0.056016 0.000000
vt 0.079684 0.000000
vt 0.133333 0.000000
vt 0.079290 0.000000
vt 0.059566 0.000000
vt 0.078895 0.000000
vt 0.133728 0.000000
vt 0.055621 0.000000
vt 0.078501 0.000000
vt 0.134122 0.000000
vt 0.078107 0.000000
vt 0.134517 0.000000
vt 0.194477 0.000000
vt 0.196844 0.000000
vt 0.077712 0.000000
vt 0.059961 0.000000
vt 0.077318 0.000000
vt 0.030375 0.000000
vt 0.055227 0.000000
vt 0.076923 0.000000
vt 0.145562 0.000000
vt 0.054832 0.000000
vt 0.060355 0.000000
vt 0.076529 0.000000
vt 0.054438 0.000000
vt 0.060750 0.000000
vt 0.194872 0.000000
vt 0.196450 0.000000
vt 0.076134 0.000000
vt 0.030769 0.000000
vt 0.054043 0.000000
vt 0.053649 0.000000
vt 0.061144 0.000000
vt 0.075740 0.000000
vt 0.053254 0.000000
vt 0.052860 0.000000
vt 0.052465 0.000000
vt 0.052071 0.000000
vt 0.051677 0.000000
vt 0.195266 0.000000
vt 0.196055 0.000000
vt 0.051282 0.000000
vt 0.061538 0.000000
vt 0.050888 0.000000
vt 0.050493 0.000000
vt 0.075345 0.000000
vt 0.050099 0.000000
vt 0.031164 0.000000
vt 0.049704 0.000000
vt 0.049310 0.000000
vt 0.048915 0.000000
vt 0.048521 0.000000
vt 0.061933 0.000000
vt 0.048126 0.000000
vt 0.195661 0.000000
vt 0.047732 0.000000
vt 0.074951 0.000000
vt 0.047337 0.000000
vt 0.046943 0.000000
vt 0.062327 0.000000
vt 0.046548 0.000000
vt 0.046154 0.000000
vt 0.074556 0.000000
vt 0.045759 0.000000
vt 0.045365 0.000000
vt 0.031558 0.000000
vt 0.062722 0.000000
vt 0.044970 0.000000
vt 0.044576 0.000000
vt 0.074162 0.000000
vt 0.044181 0.000000
vt 0.043787 0.000000
vt 0.043393 0.000000
vt 0.063116 0.000000
vt 0.145168 0.000000
vt 0.073767 0.000000
vt 0.063511 0.000000
vt 0.031953 0.000000
vt 0.073373 0.000000
vt 0.063905 0.000000
vt 0.042998 0.000000
vt 0.072978 0.000000
vt 0.064300 0.000000
vt 0.072584 0.000000
vt 0.064694 0.000000
vt 0.032347 0.000000
vt 0.072189 0.000000
vt 0.065089 0.000000
vt 0.042604 0.000000
vt 0.071795 0.000000
vt 0.065483 0.000000
vt 0.071400 0.000000
vt 0.065878 0.000000
vt 0.071006 0.000000
vt 0.032742 0.000000
vt 0.066272 0.000000
vt 0.070611 0.000000
vt 0.042209 0.000000
vt 0.066667 0.000000
vt 0.070217 0.000000
vt 0.067061 0.000000
vt 0.069822 0.000000
vt 0.067456 0.000000
vt 0.069428 0.000000
vt 0.067850 0.000000
vt 0.069034 0.000000
vt 0.068245 0.000000
vt 0.068639 0.000000
vt 0.144773 0.000000
vt 0.033136 0.000000
vt 0.041815 0.000000
vt 0.033531 0.000000
vt 0.041420 0.000000
vt 0.041026 0.000000
vt 0.033925 0.000000
vt 0.040631 0.000000
vt 0.034320 0.000000
vt 0.144379 0.000000
vt 0.040237 0.000000
vt 0.034714 0.000000
vt 0.039842 0.000000
vt 0.035108 0.000000
vt 0.039448 0.000000
vt 0.035503 0.000000
vt 0.039053 0.000000
vt 0.143984 0.000000
vt 0.035897 0.000000
vt 0.038659 0.000000
vt 0.036292 0.000000
vt 0.038264 0.000000
vt 0.143590 0.000000
vt 0.143195 0.000000
vt 0.142801 0.000000
vt 0.142406 0.000000
vt 0.142012 0.000000
vt 0.141617 0.000000
vt 0.036686 0.000000
vt 0.141223 0.000000
vt 0.134911 0.000000
vt 0.140828 0.000000
vt 0.140434 0.000000
vt 0.140039 0.000000
vt 0.037870 0.000000
vt 0.135306 0.000000
vt 0.139645 0.000000
vt 0.139250 0.000000
vt 0.138856 0.000000
vt 0.135700 0.000000
vt 0.037081 0.000000
vt 0.138462 0.000000
vt 0.136095 0.000000
vt 0.037475 0.000000
vt 0.138067 0.000000
vt 0.136489 0.000000
vt 0.136884 0.000000
vt 0.137673 0.000000
vt 0.137278 0.000000
vt 0.289941 0.000000
vt 0.290730 0.000000
vt 0.290335 0.000000
vt 0.291124 0.000000
vt 0.291519 0.000000
vt 0.291913 0.000000
vt 0.292308 0.000000
vt 0.292702 0.000000
vt 0.293097 0.000000
vt 0.293491 0.000000
vt 0.293886 0.000000
vt 0.294280 0.000000
vt 0.294675 0.000000
vt 0.295069 0.000000
vt 0.295464 0.000000
vt 0.289546 0.000000
vt 0.295858 0.000000
vt 0.289152 0.000000
vt 0.296252 0.000000
vt 0.288757 0.000000
vt 0.296647 0.000000
vt 0.288363 0.000000
vt 0.297041 0.000000
vt 0.287968 0.000000
vt 0.297436 0.000000
vt 0.287574 0.000000
vt 0.297830 0.000000
vt 0.287179 0.000000
vt 0.298225 0.000000
vt 0.286785 0.000000
vt 0.298619 0.000000
vt 0.286391 0.000000
vt 0.299014 0.000000
vt 0.285996 0.000000
vt 0.299408 0.000000
vt 0.285602 0.000000
vt 0.299803 0.000000
vt 0.285207 0.000000
vt 0.300197 0.000000
vt 0.284813 0.000000
vt 0.300592 0.000000
vt 0.284418 0.000000
vt 0.300986 0.000000
vt 0.284024 0.000000
vt 0.301381 0.000000
vt 0.283629 0.000000
vt 0.301775 0.000000
vt 0.283235 0.000000
vt 0.302170 0.000000
vt 0.282840 0.000000
vt 0.302564 0.000000
vt 0.282446 0.000000
vt 0.302959 0.000000
vt 0.282051 0.000000
vt 0.303353 0.000000
vt 0.281657 0.000000
vt 0.303748 0.000000
vt 0.281262 0.000000
vt 0.304142 0.000000
vt 0.280868 0.000000
vt 0.304536 0.000000
vt 0.280473 0.000000
vt 0.304931 0.000000
vt 0.305325 0.000000
vt 0.280079 0.000000
vt 0.305720 0.000000
vt 0.306114 0.000000
vt 0.279684 0.000000
vt 0.306509 0.000000
vt 0.252860 0.000000
vt 0.253649 0.000000
vt 0.253254 0.000000
vt 0.252465 0.000000
vt 0.254043 0.000000
vt 0.252071 0.000000
vt 0.254438 0.000000
vt 0.251677 0.000000
vt 0.254832 0.000000
vt 0.251282 0.000000
vt 0.255227 0.000000
vt 0.255621 0.000000
vt 0.250888 0.000000
vt 0.256016 0.000000
vt 0.250493 0.000000
vt 0.256410 0.000000
vt 0.306903 0.000000
vt 0.279290 0.000000
vt 0.250099 0.000000
vt 0.256805 0.000000
vt 0.257199 0.000000
vt 0.257594 0.000000
vt 0.249704 0.000000
vt 0.257988 0.000000
vt 0.258383 0.000000
vt 0.258777 0.000000
vt 0.259172 0.000000
vt 0.259566 0.000000
vt 0.249310 0.000000
vt 0.259961 0.000000
vt 0.248915 0.000000
vt 0.260355 0.000000
vt 0.307298 0.000000
vt 0.260750 0.000000
vt 0.248521 0.000000
vt 0.261144 0.000000
vt 0.248126 0.000000
vt 0.261538 0.000000
vt 0.261933 0.000000
vt 0.278895 0.000000
vt 0.307692 0.000000
vt 0.262327 0.000000
vt 0.262722 0.000000
vt 0.263116 0.000000
vt 0.247732 0.000000
vt 0.308087 0.000000
vt 0.278501 0.000000
vt 0.308481 0.000000
vt 0.247337 0.000000
vt 0.308876 0.000000
vt 0.246943 0.000000
vt 0.278107 0.000000
vt 0.263511 0.000000
vt 0.309270 0.000000
vt 0.246548 0.000000
vt 0.309665 0.000000
vt 0.277712 0.000000
vt 0.246154 0.000000
vt 0.310059 0.000000
vt 0.263905 0.000000
vt 0.310454 0.000000
vt 0.245759 0.000000
vt 0.277318 0.000000
vt 0.310848 0.000000
vt 0.245365 0.000000
vt 0.276923 0.000000
vt 0.311243 0.000000
vt 0.264300 0.000000
vt 0.244970 0.000000
vt 0.311637 0.000000
vt 0.276529 0.000000
vt 0.244576 0.000000
vt 0.312032 0.000000
vt 0.276134 0.000000
vt 0.264694 0.000000
vt 0.244181 0.000000
vt 0.312426 0.000000
vt 0.275740 0.000000
vt 0.312821 0.000000
vt 0.243787 0.000000
vt 0.265089 0.000000
vt 0.313215 0.000000
vt 0.275345 0.000000
vt 0.243393 0.000000
vt 0.313609 0.000000
vt 0.274951 0.000000
vt 0.242998 0.000000
vt 0.265483 0.000000
vt 0.314004 0.000000
vt 0.274556 0.000000
vt 0.242604 0.000000
vt 0.274162 0.000000
vt 0.265878 0.000000
vt 0.314398 0.000000
vt 0.242209 0.000000
vt 0.273767 0.000000
vt 0.266272 0.000000
vt 0.314793 0.000000
vt 0.273373 0.000000
vt 0.241815 0.000000
vt 0.272978 0.000000
vt 0.266667 0.000000
vt 0.315187 0.000000
vt 0.272584 0.000000
vt 0.267061 0.000000
vt 0.272189 0.000000
vt 0.241420 0.000000
vt 0.271795 0.000000
vt 0.267456 0.000000
vt 0.271400 0.000000
vt 0.315582 0.000000
vt 0.267850 0.000000
vt 0.268245 0.000000
vt 0.268639 0.000000
vt 0.269034 0.000000
vt 0.269428 0.000000
vt 0.269822 0.000000
vt 0.270217 0.000000
vt 0.270611 0.000000
vt 0.271006 0.000000
vt 0.241026 0.000000
vt 0.315976 0.000000
vt 0.316371 0.000000
vt 0.240631 0.000000
vt 0.316765 0.000000
vt 0.240237 0.000000
vt 0.317160 0.000000
vt 0.239842 0.000000
vt 0.317554 0.000000
vt 0.317949 0.000000
vt 0.239448 0.000000
vt 0.318343 0.000000
vt 0.239053 0.000000
vt 0.318738 0.000000
vt 0.238659 0.000000
vt 0.319132 0.000000
vt 0.319527 0.000000
vt 0.238264 0.000000
vt 0.319921 0.000000
vt 0.237870 0.000000
vt 0.320316 0.000000
vt 0.320710 0.000000
vt 0.237475 0.000000
vt 0.321105 0.000000
vt 0.237081 0.000000
vt 0.321499 0.000000
vt 0.236686 0.000000
vt 0.321893 0.000000
vt 0.322288 0.000000
vt 0.236292 0.000000
vt 0.322682 0.000000
vt 0.235897 0.000000
vt 0.323077 0.000000
vt 0.235503 0.000000
vt 0.323471 0.000000
vt 0.235108 0.000000
vt 0.323866 0.000000
vt 0.324260 0.000000
vt 0.234714 0.000000
vt 0.324655 0.000000
vt 0.234320 0.000000
vt 0.325049 0.000000
vt 0.233925 0.000000
vt 0.325444 0.000000
vt 0.325838 0.000000
vt 0.233531 0.000000
vt 0.326233 0.000000
vt 0.233136 0.000000
vt 0.326627 0.000000
vt 0.232742 0.000000
vt 0.327022 0.000000
vt 0.232347 0.000000
vt 0.327416 0.000000
vt 0.327811 0.000000
vt 0.231953 0.000000
vt 0.328205 0.000000
vt 0.231558 0.000000
vt 0.328600 0.000000
vt 0.231164 0.000000
vt 0.328994 0.000000
vt 0.329389 0.000000
vt 0.230769 0.000000
vt 0.329783 0.000000
vt 0.230375 0.000000
vt 0.330178 0.000000
vt 0.229980 0.000000
vt 0.330572 0.000000
vt 0.330966 0.000000
vt 0.229586 0.000000
vt 0.331361 0.000000
vt 0.229191 0.000000
vt 0.331755 0.000000
vt 0.332150 0.000000
vt 0.228797 0.000000
vt 0.332544 0.000000
vt 0.228402 0.000000
vt 0.219724 0.000000
vt 0.220118 0.000000
vt 0.228008 0.000000
vt 0.220513 0.000000
vt 0.227613 0.000000
vt 0.220907 0.000000
vt 0.227219 0.000000
vt 0.221302 0.000000
vt 0.221696 0.000000
vt 0.226824 0.000000
vt 0.222091 0.000000
vt 0.226430 0.000000
vt 0.222485 0.000000
vt 0.226036 0.000000
vt 0.222880 0.000000
vt 0.223274 0.000000
vt 0.225641 0.000000
vt 0.223669 0.000000
vt 0.225247 0.000000
vt 0.224063 0.000000
vt 0.224852 0.000000
vt 0.224458 0.000000
vt 0.358580 0.000000
vt 0.359369 0.000000
vt 0.358974 0.000000
vt 0.359763 0.000000
vt 0.360158 0.000000
vt 0.360552 0.000000
vt 0.360947 0.000000
vt 0.361341 0.000000
vt 0.361736 0.000000
vt 0.362130 0.000000
vt 0.362525 0.000000
vt 0.362919 0.000000
vt 0.363314 0.000000
vt 0.363708 0.000000
vt 0.364103 0.000000
vt 0.358185 0.000000
vt 0.364497 0.000000
vt 0.357791 0.000000
vt 0.364892 0.000000
vt 0.357396 0.000000
vt 0.365286 0.000000
vt 0.357002 0.000000
vt 0.365680 0.000000
vt 0.356607 0.000000
vt 0.366075 0.000000
vt 0.356213 0.000000
vt 0.366469 0.000000
vt 0.355819 0.000000
vt 0.411440 0.000000
vt 0.411045 0.000000
vt 0.410651 0.000000
vt 0.366864 0.000000
vt 0.410256 0.000000
vt 0.411834 0.000000
vt 0.409862 0.000000
vt 0.412229 0.000000
vt 0.409467 0.000000
vt 0.412623 0.000000
vt 0.409073 0.000000
vt 0.413018 0.000000
vt 0.355424 0.000000
vt 0.408679 0.000000
vt 0.413412 0.000000
vt 0.408284 0.000000
vt 0.413807 0.000000
vt 0.407890 0.000000
vt 0.367258 0.000000
vt 0.414201 0.000000
vt 0.407495 0.000000
vt 0.414596 0.000000
vt 0.355030 0.000000
vt 0.407101 0.000000
vt 0.414990 0.000000
vt 0.406706 0.000000
vt 0.415385 0.000000
vt 0.367653 0.000000
vt 0.406312 0.000000
vt 0.415779 0.000000
vt 0.354635 0.000000
vt 0.416174 0.000000
vt 0.429586 0.000000
vt 0.416568 0.000000
vt 0.429191 0.000000
vt 0.416963 0.000000
vt 0.428797 0.000000
vt 0.417357 0.000000
vt 0.428402 0.000000
vt 0.417751 0.000000
vt 0.428008 0.000000
vt 0.418146 0.000000
vt 0.427613 0.000000
vt 0.418540 0.000000
vt 0.427219 0.000000
vt 0.418935 0.000000
vt 0.426824 0.000000
vt 0.419329 0.000000
vt 0.426430 0.000000
vt 0.419724 0.000000
vt 0.426035 0.000000
vt 0.420118 0.000000
vt 0.425641 0.000000
vt 0.420513 0.000000
vt 0.425247 0.000000
vt 0.420907 0.000000
vt 0.421302 0.000000
vt 0.421696 0.000000
vt 0.422091 0.000000
vt 0.422485 0.000000
vt 0.422880 0.000000
vt 0.423274 0.000000
vt 0.423669 0.000000
vt 0.424063 0.000000
vt 0.424458 0.000000
vt 0.424852 0.000000
vt 0.368047 0.000000
vt 0.354241 0.000000
vt 0.368442 0.000000
vt 0.353846 0.000000
vt 0.353452 0.000000
vt 0.353057 0.000000
vt 0.352663 0.000000
vt 0.352268 0.000000
vt 0.351874 0.000000
vt 0.351479 0.000000
vt 0.351085 0.000000
vt 0.350690 0.000000
vt 0.350296 0.000000
vt 0.349901 0.000000
vt 0.349507 0.000000
vt 0.349112 0.000000
vt 0.368836 0.000000
vt 0.369231 0.000000
vt 0.369625 0.000000
vt 0.370020 0.000000
vt 0.370414 0.000000
vt 0.370809 0.000000
vt 0.371203 0.000000
vt 0.371598 0.000000
vt 0.371992 0.000000
vt 0.372387 0.000000
vt 0.372781 0.000000
vt 0.373176 0.000000
vt 0.373570 0.000000
vt 0.373964 0.000000
vt 0.374359 0.000000
vt 0.374753 0.000000
vt 0.375148 0.000000
vt 0.375542 0.000000
vt 0.375937 0.000000
vt 0.376331 0.000000
vt 0.376726 0.000000
vt 0.377120 0.000000
vt 0.377515 0.000000
vt 0.348718 0.000000
vt 0.383037 0.000000
vt 0.383432 0.000000
vt 0.383826 0.000000
vt 0.384221 0.000000
vt 0.384615 0.000000
vt 0.385010 0.000000
vt 0.385404 0.000000
vt 0.385799 0.000000
vt 0.386193 0.000000
vt 0.386588 0.000000
vt 0.386982 0.000000
vt 0.387377 0.000000
vt 0.387771 0.000000
vt 0.388166 0.000000
vt 0.388560 0.000000
vt 0.348323 0.000000
vt 0.401183 0.000000
vt 0.401972 0.000000
vt 0.401578 0.000000
vt 0.402367 0.000000
vt 0.402761 0.000000
vt 0.403156 0.000000
vt 0.403550 0.000000
vt 0.403945 0.000000
vt 0.404339 0.000000
vt 0.404734 0.000000
vt 0.405128 0.000000
vt 0.405523 0.000000
vt 0.405917 0.000000
vt 0.332939 0.000000
vt 0.333333 0.000000
vt 0.333728 0.000000
vt 0.334122 0.000000
vt 0.400789 0.000000
vt 0.400394 0.000000
vt 0.334517 0.000000
vt 0.334911 0.000000
vt 0.400000 0.000000
vt 0.335306 0.000000
vt 0.335700 0.000000
vt 0.399606 0.000000
vt 0.399211 0.000000
vt 0.398817 0.000000
vt 0.398422 0.000000
vt 0.388955 0.000000
vt 0.398028 0.000000
vt 0.397633 0.000000
vt 0.397239 0.000000
vt 0.396844 0.000000
vt 0.396450 0.000000
vt 0.389349 0.000000
vt 0.336095 0.000000
vt 0.396055 0.000000
vt 0.389744 0.000000
vt 0.395661 0.000000
vt 0.347929 0.000000
vt 0.395266 0.000000
vt 0.390138 0.000000
vt 0.394872 0.000000
vt 0.336489 0.000000
vt 0.394477 0.000000
vt 0.390533 0.000000
vt 0.394083 0.000000
vt 0.390927 0.000000
vt 0.393688 0.000000
vt 0.393294 0.000000
vt 0.391322 0.000000
vt 0.392899 0.000000
vt 0.391716 0.000000
vt 0.347535 0.000000
vt 0.392505 0.000000
vt 0.392110 0.000000
vt 0.336884 0.000000
vt 0.337278 0.000000
vt 0.347140 0.000000
vt 0.337673 0.000000
vt 0.346746 0.000000
vt 0.338067 0.000000
vt 0.346351 0.000000
vt 0.338462 0.000000
vt 0.345957 0.000000
vt 0.338856 0.000000
vt 0.345562 0.000000
vt 0.339251 0.000000
vt 0.345168 0.000000
vt 0.339645 0.000000
vt 0.497436 0.000000
vt 0.498225 0.000000
vt 0.497830 0.000000
vt 0.498619 0.000000
vt 0.499014 0.000000
vt 0.499408 0.000000
vt 0.499803 0.000000
vt 0.500197 0.000000
vt 0.500592 0.000000
vt 0.500986 0.000000
vt 0.501381 0.000000
vt 0.501775 0.000000
vt 0.502170 0.000000
vt 0.502564 0.000000
vt 0.502959 0.000000
vt 0.497041 0.000000
vt 0.503353 0.000000
vt 0.496647 0.000000
vt 0.503748 0.000000
vt 0.496252 0.000000
vt 0.504142 0.000000
vt 0.495858 0.000000
vt 0.504537 0.000000
vt 0.495464 0.000000
vt 0.504931 0.000000
vt 0.495069 0.000000
vt 0.505325 0.000000
vt 0.494675 0.000000
vt 0.505720 0.000000
vt 0.494280 0.000000
vt 0.506114 0.000000
vt 0.493886 0.000000
vt 0.524655 0.000000
vt 0.506509 0.000000
vt 0.525049 0.000000
vt 0.524260 0.000000
vt 0.493491 0.000000
vt 0.525444 0.000000
vt 0.523866 0.000000
vt 0.506903 0.000000
vt 0.525838 0.000000
vt 0.526233 0.000000
vt 0.523471 0.000000
vt 0.526627 0.000000
vt 0.523077 0.000000
vt 0.527022 0.000000
vt 0.522682 0.000000
vt 0.527416 0.000000
vt 0.527811 0.000000
vt 0.522288 0.000000
vt 0.528205 0.000000
vt 0.521894 0.000000
vt 0.528600 0.000000
vt 0.493097 0.000000
vt 0.507298 0.000000
vt 0.521499 0.000000
vt 0.528994 0.000000
vt 0.521105 0.000000
vt 0.529389 0.000000
vt 0.520710 0.000000
vt 0.529783 0.000000
vt 0.520316 0.000000
vt 0.492702 0.000000
vt 0.507692 0.000000
vt 0.530178 0.000000
vt 0.492308 0.000000
vt 0.508087 0.000000
vt 0.508481 0.000000
vt 0.491913 0.000000
vt 0.508876 0.000000
vt 0.509270 0.000000
vt 0.491519 0.000000
vt 0.509665 0.000000
vt 0.491124 0.000000
vt 0.490730 0.000000
vt 0.490335 0.000000
vt 0.489941 0.000000
vt 0.489546 0.000000
vt 0.530572 0.000000
vt 0.489152 0.000000
vt 0.488757 0.000000
vt 0.530966 0.000000
vt 0.531361 0.000000
vt 0.531755 0.000000
vt 0.532150 0.000000
vt 0.532544 0.000000
vt 0.488363 0.000000
vt 0.532939 0.000000
vt 0.533333 0.000000
vt 0.533728 0.000000
vt 0.534122 0.000000
vt 0.534517 0.000000
vt 0.534911 0.000000
vt 0.535306 0.000000
vt 0.535700 0.000000
vt 0.536095 0.000000
vt 0.536489 0.000000
vt 0.536884 0.000000
vt 0.537278 0.000000
vt 0.537673 0.000000
vt 0.538067 0.000000
vt 0.538462 0.000000
vt 0.538856 0.000000
vt 0.539250 0.000000
vt 0.539645 0.000000
vt 0.540039 0.000000
vt 0.487968 0.000000
vt 0.540434 0.000000
vt 0.540828 0.000000
vt 0.487574 0.000000
vt 0.541223 0.000000
vt 0.487179 0.000000
vt 0.541617 0.000000
vt 0.486785 0.000000
vt 0.542012 0.000000
vt 0.486391 0.000000
vt 0.542406 0.000000
vt 0.485996 0.000000
vt 0.542801 0.000000
vt 0.485602 0.000000
vt 0.485207 0.000000
vt 0.543195 0.000000
vt 0.484813 0.000000
vt 0.484418 0.000000
vt 0.484024 0.000000
vt 0.483629 0.000000
vt 0.483235 0.000000
vt 0.482840 0.000000
vt 0.482446 0.000000
vt 0.482051 0.000000
vt 0.481657 0.000000
vt 0.481262 0.000000
vt 0.480868 0.000000
vt 0.480473 0.000000
vt 0.480079 0.000000
vt 0.479684 0.000000
vt 0.479290 0.000000
vt 0.478895 0.000000
vt 0.478501 0.000000
vt 0.478106 0.000000
vt 0.429980 0.000000
vt 0.477712 0.000000
vt 0.477318 0.000000
vt 0.476923 0.000000
vt 0.476529 0.000000
vt 0.476134 0.000000
vt 0.452465 0.000000
vt 0.453254 0.000000
vt 0.452860 0.000000
vt 0.453649 0.000000
vt 0.454043 0.000000
vt 0.454438 0.000000
vt 0.454832 0.000000
vt 0.455227 0.000000
vt 0.455621 0.000000
vt 0.456016 0.000000
vt 0.456410 0.000000
vt 0.456805 0.000000
vt 0.457199 0.000000
vt 0.457594 0.000000
vt 0.457988 0.000000
vt 0.458383 0.000000
vt 0.452071 0.000000
vt 0.458777 0.000000
vt 0.451677 0.000000
vt 0.459172 0.000000
vt 0.459566 0.000000
vt 0.451282 0.000000
vt 0.459961 0.000000
vt 0.450888 0.000000
vt 0.460355 0.000000
vt 0.460750 0.000000
vt 0.475740 0.000000
vt 0.450493 0.000000
vt 0.461144 0.000000
vt 0.450099 0.000000
vt 0.461538 0.000000
vt 0.461933 0.000000
vt 0.449704 0.000000
vt 0.462327 0.000000
vt 0.449310 0.000000
vt 0.462722 0.000000
vt 0.448915 0.000000
vt 0.448521 0.000000
vt 0.448126 0.000000
vt 0.430375 0.000000
vt 0.430769 0.000000
vt 0.475345 0.000000
vt 0.447732 0.000000
vt 0.431164 0.000000
vt 0.431558 0.000000
vt 0.431953 0.000000
vt 0.432347 0.000000
vt 0.463116 0.000000
vt 0.432742 0.000000
vt 0.433136 0.000000
vt 0.433531 0.000000
vt 0.433925 0.000000
vt 0.474951 0.000000
vt 0.434320 0.000000
vt 0.463511 0.000000
vt 0.474556 0.000000
vt 0.474162 0.000000
vt 0.473767 0.000000
vt 0.473373 0.000000
vt 0.472978 0.000000
vt 0.463905 0.000000
vt 0.447337 0.000000
vt 0.472584 0.000000
vt 0.464300 0.000000
vt 0.472189 0.000000
vt 0.464694 0.000000
vt 0.434714 0.000000
vt 0.471795 0.000000
vt 0.471400 0.000000
vt 0.465089 0.000000
vt 0.446943 0.000000
vt 0.471006 0.000000
vt 0.465483 0.000000
vt 0.470611 0.000000
vt 0.465878 0.000000
vt 0.470217 0.000000
vt 0.466272 0.000000
vt 0.469822 0.000000
vt 0.435108 0.000000
vt 0.469428 0.000000
vt 0.466667 0.000000
vt 0.469034 0.000000
vt 0.467061 0.000000
vt 0.468639 0.000000
vt 0.467456 0.000000
vt 0.467850 0.000000
vt 0.468245 0.000000
vt 0.446548 0.000000
vt 0.435503 0.000000
vt 0.446154 0.000000
vt 0.435897 0.000000
vt 0.445759 0.000000
vt 0.436292 0.000000
vt 0.445365 0.000000
vt 0.436686 0.000000
vt 0.444970 0.000000
vt 0.437081 0.000000
vt 0.444576 0.000000
vt 0.437475 0.000000
vt 0.444181 0.000000
vt 0.437870 0.000000
vt 0.443787 0.000000
vt 0.438264 0.000000
vt 0.596055 0.000000
vt 0.596844 0.000000
vt 0.596450 0.000000
vt 0.597239 0.000000
vt 0.597633 0.000000
vt 0.598028 0.000000
vt 0.598422 0.000000
vt 0.598817 0.000000
vt 0.599211 0.000000
vt 0.599606 0.000000
vt 0.600000 0.000000
vt 0.600394 0.000000
vt 0.600789 0.000000
vt 0.601183 0.000000
vt 0.601578 0.000000
vt 0.595661 0.000000
vt 0.601972 0.000000
vt 0.595266 0.000000
vt 0.602367 0.000000
vt 0.594872 0.000000
vt 0.602761 0.000000
vt 0.594477 0.000000
vt 0.603156 0.000000
vt 0.594083 0.000000
vt 0.603550 0.000000
vt 0.593688 0.000000
vt 0.603945 0.000000
vt 0.593294 0.000000
vt 0.604339 0.000000
vt 0.592899 0.000000
vt 0.604734 0.000000
vt 0.592505 0.000000
vt 0.605128 0.000000
vt 0.592110 0.000000
vt 0.605523 0.000000
vt 0.591716 0.000000
vt 0.605917 0.000000
vt 0.591322 0.000000
vt 0.606312 0.000000
vt 0.590927 0.000000
vt 0.606706 0.000000
vt 0.590533 0.000000
vt 0.607101 0.000000
vt 0.590138 0.000000
vt 0.607495 0.000000
vt 0.589744 0.000000
vt 0.607890 0.000000
vt 0.589349 0.000000
vt 0.608284 0.000000
vt 0.588955 0.000000
vt 0.608679 0.000000
vt 0.588560 0.000000
vt 0.609073 0.000000
vt 0.588166 0.000000
vt 0.609467 0.000000
vt 0.587771 0.000000
vt 0.609862 0.000000
vt 0.587377 0.000000
vt 0.610256 0.000000
vt 0.586982 0.000000
vt 0.610651 0.000000
vt 0.586588 0.000000
vt 0.611045 0.000000
vt 0.586193 0.000000
vt 0.611440 0.000000
vt 0.585799 0.000000
vt 0.611834 0.000000
vt 0.585404 0.000000
vt 0.612229 0.000000
vt 0.585010 0.000000
vt 0.612623 0.000000
vt 0.584615 0.000000
vt 0.613018 0.000000
vt 0.584221 0.000000
vt 0.613412 0.000000
vt 0.583826 0.000000
vt 0.613807 0.000000
vt 0.583432 0.000000
vt 0.614201 0.000000
vt 0.583037 0.000000
vt 0.614596 0.000000
vt 0.582643 0.000000
vt 0.614990 0.000000
vt 0.582249 0.000000
vt 0.615385 0.000000
vt 0.577120 0.000000
vt 0.577909 0.000000
vt 0.577515 0.000000
vt 0.578304 0.000000
vt 0.578698 0.000000
vt 0.579093 0.000000
vt 0.579487 0.000000
vt 0.579882 0.000000
vt 0.580276 0.000000
vt 0.580671 0.000000
vt 0.581065 0.000000
vt 0.581460 0.000000
vt 0.581854 0.000000
vt 0.615779 0.000000
vt 0.616174 0.000000
vt 0.616568 0.000000
vt 0.616963 0.000000
vt 0.617357 0.000000
vt 0.617751 0.000000
vt 0.618146 0.000000
vt 0.618540 0.000000
vt 0.618935 0.000000
vt 0.619329 0.000000
vt 0.619724 0.000000
vt 0.620118 0.000000
vt 0.620513 0.000000
vt 0.576726 0.000000
vt 0.620907 0.000000
vt 0.576331 0.000000
vt 0.621302 0.000000
vt 0.575937 0.000000
vt 0.621696 0.000000
vt 0.575542 0.000000
vt 0.622091 0.000000
vt 0.575148 0.000000
vt 0.622485 0.000000
vt 0.574753 0.000000
vt 0.622880 0.000000
vt 0.574359 0.000000
vt 0.623274 0.000000
vt 0.573964 0.000000
vt 0.623669 0.000000
vt 0.573570 0.000000
vt 0.624063 0.000000
vt 0.573176 0.000000
vt 0.624458 0.000000
vt 0.572781 0.000000
vt 0.624852 0.000000
vt 0.572387 0.000000
vt 0.625247 0.000000
vt 0.571992 0.000000
vt 0.625641 0.000000
vt 0.571598 0.000000
vt 0.626036 0.000000
vt 0.571203 0.000000
vt 0.626430 0.000000
vt 0.570809 0.000000
vt 0.626824 0.000000
vt 0.570414 0.000000
vt 0.627219 0.000000
vt 0.570020 0.000000
vt 0.627613 0.000000
vt 0.569625 0.000000
vt 0.628008 0.000000
vt 0.569231 0.000000
vt 0.628402 0.000000
vt 0.568836 0.000000
vt 0.628797 0.000000
vt 0.568442 0.000000
vt 0.629191 0.000000
vt 0.568047 0.000000
vt 0.567653 0.000000
vt 0.567258 0.000000
vt 0.557791 0.000000
vt 0.630375 0.000000
vt 0.558185 0.000000
vt 0.630769 0.000000
vt 0.557396 0.000000
vt 0.631164 0.000000
vt 0.557002 0.000000
vt 0.631558 0.000000
vt 0.556607 0.000000
vt 0.631953 0.000000
vt 0.556213 0.000000
vt 0.632347 0.000000
vt 0.555819 0.000000
vt 0.632742 0.000000
vt 0.555424 0.000000
vt 0.633136 0.000000
vt 0.555030 0.000000
vt 0.633531 0.000000
vt 0.554635 0.000000
vt 0.633925 0.000000
vt 0.554241 0.000000
vt 0.634320 0.000000
vt 0.553846 0.000000
vt 0.634714 0.000000
vt 0.553452 0.000000
vt 0.635108 0.000000
vt 0.635503 0.000000
vt 0.553057 0.000000
vt 0.635897 0.000000
vt 0.552663 0.000000
vt 0.636292 0.000000
vt 0.552268 0.000000
vt 0.636686 0.000000
vt 0.551874 0.000000
vt 0.637081 0.000000
vt 0.637475 0.000000
vt 0.551479 0.000000
vt 0.637870 0.000000
vt 0.551085 0.000000
vt 0.638264 0.000000
vt 0.638659 0.000000
vt 0.550690 0.000000
vt 0.639053 0.000000
vt 0.639448 0.000000
vt 0.639842 0.000000
vt 0.550296 0.000000
vt 0.640237 0.000000
vt 0.640631 0.000000
vt 0.641026 0.000000
vt 0.641420 0.000000
vt 0.549901 0.000000
vt 0.641815 0.000000
vt 0.642209 0.000000
vt 0.642604 0.000000
vt 0.642998 0.000000
vt 0.643393 0.000000
vt 0.549507 0.000000
vt 0.643787 0.000000
vt 0.644181 0.000000
vt 0.644576 0.000000
vt 0.644970 0.000000
vt 0.645365 0.000000
vt 0.645759 0.000000
vt 0.646154 0.000000
vt 0.646548 0.000000
vt 0.646943 0.000000
vt 0.647337 0.000000
vt 0.647732 0.000000
vt 0.648126 0.000000
vt 0.648521 0.000000
vt 0.543590 0.000000
vt 0.543984 0.000000
vt 0.549112 0.000000
vt 0.548718 0.000000
vt 0.548323 0.000000
vt 0.547929 0.000000
vt 0.547535 0.000000
vt 0.547140 0.000000
vt 0.546746 0.000000
vt 0.546351 0.000000
vt 0.545957 0.000000
vt 0.545562 0.000000
vt 0.545168 0.000000
vt 0.544773 0.000000
vt 0.544379 0.000000
vt 0.674556 0.000000
vt 0.675345 0.000000
vt 0.674951 0.000000
vt 0.675740 0.000000
vt 0.676134 0.000000
vt 0.676529 0.000000
vt 0.676923 0.000000
vt 0.677318 0.000000
vt 0.677712 0.000000
vt 0.678106 0.000000
vt 0.678501 0.000000
vt 0.678895 0.000000
vt 0.679290 0.000000
vt 0.679684 0.000000
vt 0.680079 0.000000
vt 0.674162 0.000000
vt 0.680473 0.000000
vt 0.673767 0.000000
vt 0.680868 0.000000
vt 0.673373 0.000000
vt 0.681262 0.000000
vt 0.672978 0.000000
vt 0.681657 0.000000
vt 0.672584 0.000000
vt 0.682051 0.000000
vt 0.672189 0.000000
vt 0.682446 0.000000
vt 0.671795 0.000000
vt 0.727416 0.000000
vt 0.727022 0.000000
vt 0.726627 0.000000
vt 0.682840 0.000000
vt 0.726233 0.000000
vt 0.727811 0.000000
vt 0.725838 0.000000
vt 0.728205 0.000000
vt 0.725444 0.000000
vt 0.728600 0.000000
vt 0.725049 0.000000
vt 0.728994 0.000000
vt 0.671400 0.000000
vt 0.724655 0.000000
vt 0.729389 0.000000
vt 0.724260 0.000000
vt 0.729783 0.000000
vt 0.723866 0.000000
vt 0.683235 0.000000
vt 0.730178 0.000000
vt 0.723471 0.000000
vt 0.730572 0.000000
vt 0.671006 0.000000
vt 0.723077 0.000000
vt 0.730966 0.000000
vt 0.722682 0.000000
vt 0.731361 0.000000
vt 0.683629 0.000000
vt 0.722288 0.000000
vt 0.731755 0.000000
vt 0.670611 0.000000
vt 0.732150 0.000000
vt 0.745562 0.000000
vt 0.732544 0.000000
vt 0.745168 0.000000
vt 0.732939 0.000000
vt 0.744773 0.000000
vt 0.733333 0.000000
vt 0.744379 0.000000
vt 0.733728 0.000000
vt 0.743984 0.000000
vt 0.734122 0.000000
vt 0.743590 0.000000
vt 0.734517 0.000000
vt 0.743195 0.000000
vt 0.734911 0.000000
vt 0.742801 0.000000
vt 0.735306 0.000000
vt 0.742406 0.000000
vt 0.735700 0.000000
vt 0.742012 0.000000
vt 0.736095 0.000000
vt 0.741617 0.000000
vt 0.736489 0.000000
vt 0.741223 0.000000
vt 0.736884 0.000000
vt 0.737278 0.000000
vt 0.737673 0.000000
vt 0.738067 0.000000
vt 0.738462 0.000000
vt 0.738856 0.000000
vt 0.739250 0.000000
vt 0.739645 0.000000
vt 0.740039 0.000000
vt 0.740434 0.000000
vt 0.740828 0.000000
vt 0.684024 0.000000
vt 0.670217 0.000000
vt 0.684418 0.000000
vt 0.669823 0.000000
vt 0.669428 0.000000
vt 0.669034 0.000000
vt 0.668639 0.000000
vt 0.668245 0.000000
vt 0.667850 0.000000
vt 0.667456 0.000000
vt 0.667061 0.000000
vt 0.666667 0.000000
vt 0.666272 0.000000
vt 0.665878 0.000000
vt 0.665483 0.000000
vt 0.665089 0.000000
vt 0.684813 0.000000
vt 0.685207 0.000000
vt 0.685602 0.000000
vt 0.685996 0.000000
vt 0.686391 0.000000
vt 0.686785 0.000000
vt 0.687180 0.000000
vt 0.687574 0.000000
vt 0.687968 0.000000
vt 0.688363 0.000000
vt 0.688757 0.000000
vt 0.689152 0.000000
vt 0.689546 0.000000
vt 0.689941 0.000000
vt 0.690335 0.000000
vt 0.690730 0.000000
vt 0.691124 0.000000
vt 0.691519 0.000000
vt 0.691913 0.000000
vt 0.692308 0.000000
vt 0.692702 0.000000
vt 0.693097 0.000000
vt 0.693491 0.000000
vt 0.664694 0.000000
vt 0.699014 0.000000
vt 0.699408 0.000000
vt 0.699803 0.000000
vt 0.700197 0.000000
vt 0.700592 0.000000
vt 0.700986 0.000000
vt 0.701381 0.000000
vt 0.701775 0.000000
vt 0.702170 0.000000
vt 0.702564 0.000000
vt 0.702959 0.000000
vt 0.703353 0.000000
vt 0.703748 0.000000
vt 0.704142 0.000000
vt 0.704536 0.000000
vt 0.664300 0.000000
vt 0.717160 0.000000
vt 0.717949 0.000000
vt 0.717554 0.000000
vt 0.718343 0.000000
vt 0.718738 0.000000
vt 0.719132 0.000000
vt 0.719527 0.000000
vt 0.719921 0.000000
vt 0.720316 0.000000
vt 0.720710 0.000000
vt 0.721105 0.000000
vt 0.721499 0.000000
vt 0.721893 0.000000
vt 0.648915 0.000000
vt 0.649310 0.000000
vt 0.649704 0.000000
vt 0.650099 0.000000
vt 0.716765 0.000000
vt 0.716371 0.000000
vt 0.650493 0.000000
vt 0.650888 0.000000
vt 0.715976 0.000000
vt 0.651282 0.000000
vt 0.651677 0.000000
vt 0.715582 0.000000
vt 0.715187 0.000000
vt 0.714793 0.000000
vt 0.714398 0.000000
vt 0.704931 0.000000
vt 0.714004 0.000000
vt 0.713609 0.000000
vt 0.713215 0.000000
vt 0.712821 0.000000
vt 0.712426 0.000000
vt 0.705325 0.000000
vt 0.652071 0.000000
vt 0.712032 0.000000
vt 0.705720 0.000000
vt 0.711637 0.000000
vt 0.663905 0.000000
vt 0.711243 0.000000
vt 0.706114 0.000000
vt 0.710848 0.000000
vt 0.652465 0.000000
vt 0.710454 0.000000
vt 0.706509 0.000000
vt 0.710059 0.000000
vt 0.706903 0.000000
vt 0.709665 0.000000
vt 0.709270 0.000000
vt 0.707298 0.000000
vt 0.708876 0.000000
vt 0.707692 0.000000
vt 0.663511 0.000000
vt 0.708481 0.000000
vt 0.708087 0.000000
vt 0.652860 0.000000
vt 0.653254 0.000000
vt 0.663116 0.000000
vt 0.653649 0.000000
vt 0.662722 0.000000
vt 0.654043 0.000000
vt 0.662327 0.000000
vt 0.654438 0.000000
vt 0.661933 0.000000
vt 0.654832 0.000000
vt 0.661538 0.000000
vt 0.655227 0.000000
vt 0.661144 0.000000
vt 0.655621 0.000000
vt 0.778304 0.000000
vt 0.779093 0.000000
vt 0.778698 0.000000
vt 0.779487 0.000000
vt 0.779882 0.000000
vt 0.780276 0.000000
vt 0.780671 0.000000
vt 0.781065 0.000000
vt 0.781460 0.000000
vt 0.781854 0.000000
vt 0.782248 0.000000
vt 0.782643 0.000000
vt 0.783037 0.000000
vt 0.783432 0.000000
vt 0.745957 0.000000
vt 0.777909 0.000000
vt 0.746351 0.000000
vt 0.777515 0.000000
vt 0.746746 0.000000
vt 0.777120 0.000000
vt 0.747140 0.000000
vt 0.776726 0.000000
vt 0.747535 0.000000
vt 0.776331 0.000000
vt 0.747929 0.000000
vt 0.775937 0.000000
vt 0.748324 0.000000
vt 0.775542 0.000000
vt 0.748718 0.000000
vt 0.775148 0.000000
vt 0.749112 0.000000
vt 0.774753 0.000000
vt 0.749507 0.000000
vt 0.774359 0.000000
vt 0.749901 0.000000
vt 0.773965 0.000000
vt 0.750296 0.000000
vt 0.773570 0.000000
vt 0.750690 0.000000
vt 0.773176 0.000000
vt 0.751085 0.000000
vt 0.772781 0.000000
vt 0.751479 0.000000
vt 0.772387 0.000000
vt 0.751874 0.000000
vt 0.771992 0.000000
vt 0.752268 0.000000
vt 0.771598 0.000000
vt 0.752663 0.000000
vt 0.771203 0.000000
vt 0.753057 0.000000
vt 0.770809 0.000000
vt 0.753452 0.000000
vt 0.770414 0.000000
vt 0.753846 0.000000
vt 0.770020 0.000000
vt 0.754241 0.000000
vt 0.769625 0.000000
vt 0.754635 0.000000
vt 0.769231 0.000000
vt 0.755030 0.000000
vt 0.768836 0.000000
vt 0.755424 0.000000
vt 0.768442 0.000000
vt 0.755819 0.000000
vt 0.768047 0.000000
vt 0.756213 0.000000
vt 0.767653 0.000000
vt 0.756607 0.000000
vt 0.767258 0.000000
vt 0.757002 0.000000
vt 0.766864 0.000000
vt 0.757396 0.000000
vt 0.766469 0.000000
vt 0.757791 0.000000
vt 0.766075 0.000000
vt 0.758185 0.000000
vt 0.765680 0.000000
vt 0.758580 0.000000
vt 0.765286 0.000000
vt 0.758974 0.000000
vt 0.764892 0.000000
vt 0.759369 0.000000
vt 0.803156 0.000000
vt 0.784221 0.000000
vt 0.783826 0.000000
vt 0.784615 0.000000
vt 0.785010 0.000000
vt 0.785404 0.000000
vt 0.785799 0.000000
vt 0.786193 0.000000
vt 0.786588 0.000000
vt 0.786982 0.000000
vt 0.787377 0.000000
vt 0.787771 0.000000
vt 0.788166 0.000000
vt 0.788560 0.000000
vt 0.788955 0.000000
vt 0.802761 0.000000
vt 0.789349 0.000000
vt 0.802367 0.000000
vt 0.789744 0.000000
vt 0.801972 0.000000
vt 0.790138 0.000000
vt 0.801578 0.000000
vt 0.790533 0.000000
vt 0.801183 0.000000
vt 0.790927 0.000000
vt 0.800789 0.000000
vt 0.791322 0.000000
vt 0.800394 0.000000
vt 0.791716 0.000000
vt 0.800000 0.000000
vt 0.792110 0.000000
vt 0.799606 0.000000
vt 0.792505 0.000000
vt 0.799211 0.000000
vt 0.792899 0.000000
vt 0.798817 0.000000
vt 0.793294 0.000000
vt 0.798422 0.000000
vt 0.793688 0.000000
vt 0.794083 0.000000
vt 0.794477 0.000000
vt 0.794872 0.000000
vt 0.795266 0.000000
vt 0.795661 0.000000
vt 0.796055 0.000000
vt 0.796450 0.000000
vt 0.796844 0.000000
vt 0.797239 0.000000
vt 0.797633 0.000000
vt 0.798028 0.000000
vt 0.823274 0.000000
vt 0.824063 0.000000
vt 0.823669 0.000000
vt 0.824458 0.000000
vt 0.824852 0.000000
vt 0.825247 0.000000
vt 0.825641 0.000000
vt 0.826035 0.000000
vt 0.826430 0.000000
vt 0.826824 0.000000
vt 0.827219 0.000000
vt 0.827613 0.000000
vt 0.828008 0.000000
vt 0.828402 0.000000
vt 0.828797 0.000000
vt 0.822880 0.000000
vt 0.822485 0.000000
vt 0.822091 0.000000
vt 0.821696 0.000000
vt 0.829191 0.000000
vt 0.821302 0.000000
vt 0.820907 0.000000
vt 0.820513 0.000000
vt 0.820118 0.000000
vt 0.829586 0.000000
vt 0.819724 0.000000
vt 0.819329 0.000000
vt 0.818935 0.000000
vt 0.818540 0.000000
vt 0.845759 0.000000
vt 0.845365 0.000000
vt 0.844970 0.000000
vt 0.844576 0.000000
vt 0.844181 0.000000
vt 0.843787 0.000000
vt 0.843392 0.000000
vt 0.829980 0.000000
vt 0.830375 0.000000
vt 0.842998 0.000000
vt 0.830769 0.000000
vt 0.831164 0.000000
vt 0.831558 0.000000
vt 0.842604 0.000000
vt 0.831953 0.000000
vt 0.832347 0.000000
vt 0.840237 0.000000
vt 0.839842 0.000000
vt 0.873767 0.000000
vt 0.832742 0.000000
vt 0.873373 0.000000
vt 0.846154 0.000000
vt 0.872978 0.000000
vt 0.846548 0.000000
vt 0.846943 0.000000
vt 0.847337 0.000000
vt 0.847732 0.000000
vt 0.872584 0.000000
vt 0.848126 0.000000
vt 0.872189 0.000000
vt 0.871795 0.000000
vt 0.848521 0.000000
vt 0.871400 0.000000
vt 0.848915 0.000000
vt 0.871006 0.000000
vt 0.833136 0.000000
vt 0.870611 0.000000
vt 0.849310 0.000000
vt 0.870217 0.000000
vt 0.869823 0.000000
vt 0.849704 0.000000
vt 0.869428 0.000000
vt 0.833531 0.000000
vt 0.833925 0.000000
vt 0.834320 0.000000
vt 0.834714 0.000000
vt 0.835108 0.000000
vt 0.835503 0.000000
vt 0.835897 0.000000
vt 0.869034 0.000000
vt 0.868639 0.000000
vt 0.868245 0.000000
vt 0.867850 0.000000
vt 0.867456 0.000000
vt 0.850099 0.000000
vt 0.867061 0.000000
vt 0.836292 0.000000
vt 0.866667 0.000000
vt 0.866272 0.000000
vt 0.865878 0.000000
vt 0.836686 0.000000
vt 0.837081 0.000000
vt 0.837475 0.000000
vt 0.803550 0.000000
vt 0.803945 0.000000
vt 0.865483 0.000000
vt 0.850493 0.000000
vt 0.865089 0.000000
vt 0.864694 0.000000
vt 0.850888 0.000000
vt 0.864300 0.000000
vt 0.804339 0.000000
vt 0.863905 0.000000
vt 0.851282 0.000000
vt 0.863511 0.000000
vt 0.851677 0.000000
vt 0.863116 0.000000
vt 0.862722 0.000000
vt 0.852071 0.000000
vt 0.862327 0.000000
vt 0.852466 0.000000
vt 0.852860 0.000000
vt 0.853254 0.000000
vt 0.853649 0.000000
vt 0.861933 0.000000
vt 0.854043 0.000000
vt 0.854438 0.000000
vt 0.854832 0.000000
vt 0.855227 0.000000
vt 0.861538 0.000000
vt 0.855621 0.000000
vt 0.856016 0.000000
vt 0.856410 0.000000
vt 0.856805 0.000000
vt 0.857199 0.000000
vt 0.857594 0.000000
vt 0.857988 0.000000
vt 0.858383 0.000000
vt 0.858777 0.000000
vt 0.859172 0.000000
vt 0.859566 0.000000
vt 0.859961 0.000000
vt 0.810651 0.000000
vt 0.860355 0.000000
vt 0.810256 0.000000
vt 0.860749 0.000000
vt 0.861144 0.000000
vt 0.809862 0.000000
vt 0.809467 0.000000
vt 0.804734 0.000000
vt 0.809073 0.000000
vt 0.805128 0.000000
vt 0.805523 0.000000
vt 0.805917 0.000000
vt 0.806312 0.000000
vt 0.808679 0.000000
vt 0.806706 0.000000
vt 0.807101 0.000000
vt 0.807495 0.000000
vt 0.807890 0.000000
vt 0.808284 0.000000
vt 0.811045 0.000000
vt 0.811440 0.000000
vt 0.811834 0.000000
vt 0.812229 0.000000
vt 0.812623 0.000000
vt 0.813018 0.000000
vt 0.813412 0.000000
vt 0.813807 0.000000
vt 0.814201 0.000000
vt 0.814596 0.000000
vt 0.814990 0.000000
vt 0.815385 0.000000
vt 0.815779 0.000000
vt 0.816174 0.000000
vt 0.816568 0.000000
vt 0.816963 0.000000
vt 0.817357 0.000000
vt 0.817751 0.000000
vt 0.818146 0.000000
vt 0.887574 0.000000
vt 0.888363 0.000000
vt 0.887968 0.000000
vt 0.888757 0.000000
vt 0.889152 0.000000
vt 0.889546 0.000000
vt 0.889941 0.000000
vt 0.890335 0.000000
vt 0.890730 0.000000
vt 0.891124 0.000000
vt 0.891519 0.000000
vt 0.891913 0.000000
vt 0.892308 0.000000
vt 0.892702 0.000000
vt 0.893097 0.000000
vt 0.893491 0.000000
vt 0.887179 0.000000
vt 0.893886 0.000000
vt 0.886785 0.000000
vt 0.894280 0.000000
vt 0.886391 0.000000
vt 0.894675 0.000000
vt 0.885996 0.000000
vt 0.895069 0.000000
vt 0.885602 0.000000
vt 0.895464 0.000000
vt 0.885207 0.000000
vt 0.895858 0.000000
vt 0.884813 0.000000
vt 0.936884 0.000000
vt 0.936489 0.000000
vt 0.896252 0.000000
vt 0.884418 0.000000
vt 0.912032 0.000000
vt 0.936095 0.000000
vt 0.912426 0.000000
vt 0.935700 0.000000
vt 0.912821 0.000000
vt 0.935306 0.000000
vt 0.913215 0.000000
vt 0.934911 0.000000
vt 0.913609 0.000000
vt 0.934517 0.000000
vt 0.914004 0.000000
vt 0.884024 0.000000
vt 0.896647 0.000000
vt 0.934122 0.000000
vt 0.914398 0.000000
vt 0.933728 0.000000
vt 0.914793 0.000000
vt 0.883629 0.000000
vt 0.897041 0.000000
vt 0.933333 0.000000
vt 0.915187 0.000000
vt 0.932939 0.000000
vt 0.915582 0.000000
vt 0.883235 0.000000
vt 0.897436 0.000000
vt 0.932544 0.000000
vt 0.915976 0.000000
vt 0.932150 0.000000
vt 0.916371 0.000000
vt 0.882840 0.000000
vt 0.882446 0.000000
vt 0.897830 0.000000
vt 0.898225 0.000000
vt 0.882051 0.000000
vt 0.898619 0.000000
vt 0.881657 0.000000
vt 0.899014 0.000000
vt 0.881262 0.000000
vt 0.899408 0.000000
vt 0.916765 0.000000
vt 0.931755 0.000000
vt 0.931361 0.000000
vt 0.917160 0.000000
vt 0.880868 0.000000
vt 0.899803 0.000000
vt 0.930966 0.000000
vt 0.917554 0.000000
vt 0.930572 0.000000
vt 0.917949 0.000000
vt 0.930178 0.000000
vt 0.918343 0.000000
vt 0.929783 0.000000
vt 0.918738 0.000000
vt 0.929389 0.000000
vt 0.919132 0.000000
vt 0.880473 0.000000
vt 0.900197 0.000000
vt 0.928994 0.000000
vt 0.919527 0.000000
vt 0.919921 0.000000
vt 0.928600 0.000000
vt 0.900592 0.000000
vt 0.880079 0.000000
vt 0.900986 0.000000
vt 0.879684 0.000000
vt 0.901381 0.000000
vt 0.879290 0.000000
vt 0.901775 0.000000
vt 0.878895 0.000000
vt 0.902170 0.000000
vt 0.902564 0.000000
vt 0.878501 0.000000
vt 0.878107 0.000000
vt 0.920316 0.000000
vt 0.928205 0.000000
vt 0.920710 0.000000
vt 0.927811 0.000000
vt 0.902959 0.000000
vt 0.877712 0.000000
vt 0.921105 0.000000
vt 0.927416 0.000000
vt 0.921499 0.000000
vt 0.927022 0.000000
vt 0.903353 0.000000
vt 0.877318 0.000000
vt 0.921893 0.000000
vt 0.926627 0.000000
vt 0.922288 0.000000
vt 0.926233 0.000000
vt 0.876923 0.000000
vt 0.903748 0.000000
vt 0.922682 0.000000
vt 0.925838 0.000000
vt 0.923077 0.000000
vt 0.925444 0.000000
vt 0.923471 0.000000
vt 0.925049 0.000000
vt 0.923866 0.000000
vt 0.924655 0.000000
vt 0.876529 0.000000
vt 0.904142 0.000000
vt 0.924260 0.000000
vt 0.876134 0.000000
vt 0.904536 0.000000
vt 0.875740 0.000000
vt 0.904931 0.000000
vt 0.875345 0.000000
vt 0.905325 0.000000
vt 0.874951 0.000000
vt 0.905720 0.000000
vt 0.874556 0.000000
vt 0.906114 0.000000
vt 0.874162 0.000000
vt 0.906509 0.000000
vt 0.950690 0.000000
vt 0.951479 0.000000
vt 0.951085 0.000000
vt 0.951874 0.000000
vt 0.952268 0.000000
vt 0.952663 0.000000
vt 0.953057 0.000000
vt 0.953452 0.000000
vt 0.953846 0.000000
vt 0.954241 0.000000
vt 0.954635 0.000000
vt 0.955030 0.000000
vt 0.955424 0.000000
vt 0.955819 0.000000
vt 0.956213 0.000000
vt 0.956608 0.000000
vt 0.950296 0.000000
vt 0.957002 0.000000
vt 0.949901 0.000000
vt 0.957396 0.000000
vt 0.949507 0.000000
vt 0.957791 0.000000
vt 0.949112 0.000000
vt 0.958185 0.000000
vt 0.948718 0.000000
vt 0.958580 0.000000
vt 0.948323 0.000000
vt 0.958974 0.000000
vt 0.947929 0.000000
vt 1.000000 0.000000
vt 0.999606 0.000000
vt 0.959369 0.000000
vt 0.947535 0.000000
vt 0.975148 0.000000
vt 0.999211 0.000000
vt 0.975542 0.000000
vt 0.998817 0.000000
vt 0.975937 0.000000
vt 0.998422 0.000000
vt 0.976331 0.000000
vt 0.998028 0.000000
vt 0.976726 0.000000
vt 0.997633 0.000000
vt 0.977120 0.000000
vt 0.947140 0.000000
vt 0.959763 0.000000
vt 0.997239 0.000000
vt 0.977515 0.000000
vt 0.996844 0.000000
vt 0.977909 0.000000
vt 0.946746 0.000000
vt 0.960158 0.000000
vt 0.996450 0.000000
vt 0.978304 0.000000
vt 0.996055 0.000000
vt 0.978698 0.000000
vt 0.946351 0.000000
vt 0.960552 0.000000
vt 0.995661 0.000000
vt 0.979093 0.000000
vt 0.995266 0.000000
vt 0.979487 0.000000
vt 0.945957 0.000000
vt 0.945562 0.000000
vt 0.960947 0.000000
vt 0.961341 0.000000
vt 0.945168 0.000000
vt 0.961736 0.000000
vt 0.944773 0.000000
vt 0.962130 0.000000
vt 0.944379 0.000000
vt 0.962525 0.000000
vt 0.979882 0.000000
vt 0.994872 0.000000
vt 0.994477 0.000000
vt 0.980276 0.000000
vt 0.943984 0.000000
vt 0.962919 0.000000
vt 0.994083 0.000000
vt 0.980671 0.000000
vt 0.993688 0.000000
vt 0.981065 0.000000
vt 0.993294 0.000000
vt 0.981460 0.000000
vt 0.992899 0.000000
vt 0.981854 0.000000
vt 0.992505 0.000000
vt 0.982249 0.000000
vt 0.943590 0.000000
vt 0.963314 0.000000
vt 0.992110 0.000000
vt 0.982643 0.000000
vt 0.983037 0.000000
vt 0.991716 0.000000
vt 0.963708 0.000000
vt 0.943195 0.000000
vt 0.964103 0.000000
vt 0.942801 0.000000
vt 0.964497 0.000000
vt 0.942406 0.000000
vt 0.964891 0.000000
vt 0.942012 0.000000
vt 0.965286 0.000000
vt 0.965680 0.000000
vt 0.941617 0.000000
vt 0.941223 0.000000
vt 0.983432 0.000000
vt 0.991322 0.000000
vt 0.983826 0.000000
vt 0.990927 0.000000
vt 0.966075 0.000000
vt 0.940828 0.000000
vt 0.984221 0.000000
vt 0.990533 0.000000
vt 0.984615 0.000000
vt 0.990138 0.000000
vt 0.966469 0.000000
vt 0.940434 0.000000
vt 0.985010 0.000000
vt 0.989744 0.000000
vt 0.985404 0.000000
vt 0.989349 0.000000
vt 0.940039 0.000000
vt 0.966864 0.000000
vt 0.985799 0.000000
vt 0.988955 0.000000
vt 0.986193 0.000000
vt 0.988560 0.000000
vt 0.986588 0.000000
vt 0.988166 0.000000
vt 0.986982 0.000000
vt 0.987771 0.000000
vt 0.939645 0.000000
vt 0.967258 0.000000
vt 0.987377 0.000000
vt 0.939250 0.000000
vt 0.967653 0.000000
vt 0.938856 0.000000
vt 0.968047 0.000000
vt 0.938462 0.000000
vt 0.968442 0.000000
vt 0.938067 0.000000
vt 0.968836 0.000000
vt 0.937673 0.000000
vt 0.969231 0.000000
vt 0.937278 0.000000
vt 0.969625 0.000000
vt 0.019329 0.000000
vt 0.000394 0.000000
vt 0.000000 0.000000
vt 0.000789 0.000000
vt 0.001183 0.000000
vt 0.001578 0.000000
vt 0.001972 0.000000
vt 0.002367 0.000000
vt 0.002761 0.000000
vt 0.003156 0.000000
vt 0.003550 0.000000
vt 0.003945 0.000000
vt 0.004339 0.000000
vt 0.004734 0.000000
vt 0.005128 0.000000
vt 0.018935 0.000000
vt 0.005523 0.000000
vt 0.018540 0.000000
vt 0.005917 0.000000
vt 0.018146 0.000000
vt 0.006312 0.000000
vt 0.017751 0.000000
vt 0.006706 0.000000
vt 0.017357 0.000000
vt 0.007101 0.000000
vt 0.016963 0.000000
vt 0.007495 0.000000
vt 0.016568 0.000000
vt 0.007890 0.000000
vt 0.016174 0.000000
vt 0.008284 0.000000
vt 0.015779 0.000000
vt 0.008679 0.000000
vt 0.015385 0.000000
vt 0.009073 0.000000
vt 0.014990 0.000000
vt 0.009467 0.000000
vt 0.014596 0.000000
vt 0.009862 0.000000
vt 0.010256 0.000000
vt 0.010651 0.000000
vt 0.011045 0.000000
vt 0.011440 0.000000
vt 0.011834 0.000000
vt 0.012229 0.000000
vt 0.012623 0.000000
vt 0.013018 0.000000
vt 0.013412 0.000000
vt 0.013807 0.000000
vt 0.014201 0.000000
vt 0.000000 1.000000
vt 0.002433 1.000000
vt 0.002433 0.000000
vt 0.004866 1.000000
vt 0.004866 0.000000
vt 0.007299 1.000000
vt 0.007299 0.000000
vt 0.009732 1.000000
vt 0.009732 0.000000
vt 0.012165 1.000000
vt 0.012165 0.000000
vt 0.014599 1.000000
vt 0.014599 0.000000
vt 0.017032 1.000000
vt 0.017032 0.000000
vt 0.019465 1.000000
vt 0.019465 0.000000
vt 0.021898 1.000000
vt 0.021898 0.000000
vt 0.024331 1.000000
vt 0.024331 0.000000
vt 0.026764 1.000000
vt 0.026764 0.000000
vt 0.029197 1.000000
vt 0.029197 0.000000
vt 0.031630 1.000000
vt 0.031630 0.000000
vt 0.034063 1.000000
vt 0.034063 0.000000
vt 0.036496 1.000000
vt 0.036496 0.000000
vt 0.038929 1.000000
vt 0.038929 0.000000
vt 0.041363 1.000000
vt 0.041363 0.000000
vt 0.043796 1.000000
vt 0.043796 0.000000
vt 0.046229 1.000000
vt 0.046229 0.000000
vt 0.048662 1.000000
vt 0.048662 0.000000
vt 0.051095 1.000000
vt 0.051095 0.000000
vt 0.053528 1.000000
vt 0.053528 0.000000
vt 0.055961 1.000000
vt 0.055961 0.000000
vt 0.058394 1.000000
vt 0.058394 0.000000
vt 0.060827 1.000000
vt 0.060827 0.000000
vt 0.063260 1.000000
vt 0.063260 0.000000
vt 0.065693 1.000000
vt 0.065693 0.000000
vt 0.068127 1.000000
vt 0.068127 0.000000
vt 0.070560 1.000000
vt 0.070560 0.000000
vt 0.072993 1.000000
vt 0.072993 0.000000
vt 0.075426 1.000000
vt 0.075426 0.000000
vt 0.077859 1.000000
vt 0.077859 0.000000
vt 0.080292 1.000000
vt 0.080292 0.000000
vt 0.082725 1.000000
vt 0.082725 0.000000
vt 0.085158 1.000000
vt 0.085158 0.000000
vt 0.087591 1.000000
vt 0.087591 0.000000
vt 0.090024 1.000000
vt 0.090024 0.000000
vt 0.092457 1.000000
vt 0.092457 0.000000
vt 0.094891 1.000000
vt 0.094891 0.000000
vt 0.097324 1.000000
vt 0.097324 0.000000
vt 0.099757 1.000000
vt 0.099757 0.000000
vt 0.102190 1.000000
vt 0.102190 0.000000
vt 0.104623 1.000000
vt 0.104623 0.000000
vt 0.107056 1.000000
vt 0.107056 0.000000
vt 0.109489 1.000000
vt 0.109489 0.000000
vt 0.111922 1.000000
vt 0.111922 0.000000
vt 0.114355 1.000000
vt 0.114355 0.000000
vt 0.116788 1.000000
vt 0.116788 0.000000
vt 0.119221 1.000000
vt 0.119221 0.000000
vt 0.121655 1.000000
vt 0.121655 0.000000
vt 0.124088 1.000000
vt 0.124088 0.000000
vt 0.126521 1.000000
vt 0.126521 0.000000
vt 0.128954 1.000000
vt 0.128954 0.000000
vt 0.131387 1.000000
vt 0.131387 0.000000
vt 0.133820 1.000000
vt 0.133820 0.000000
vt 0.136253 1.000000
vt 0.136253 0.000000
vt 0.138686 1.000000
vt 0.138686 0.000000
vt 0.141119 1.000000
vt 0.141119 0.000000
vt 0.143552 1.000000
vt 0.143552 0.000000
vt 0.145985 1.000000
vt 0.145985 0.000000
vt 0.148418 1.000000
vt 0.148418 0.000000
vt 0.150852 1.000000
vt 0.150852 0.000000
vt 0.153285 1.000000
vt 0.153285 0.000000
vt 0.155718 1.000000
vt 0.155718 0.000000
vt 0.158151 1.000000
vt 0.158151 0.000000
vt 0.160584 1.000000
vt 0.160584 0.000000
vt 0.163017 1.000000
vt 0.163017 0.000000
vt 0.165450 1.000000
vt 0.165450 0.000000
vt 0.167883 1.000000
vt 0.167883 0.000000
vt 0.170316 1.000000
vt 0.170316 0.000000
vt 0.172749 1.000000
vt 0.172749 0.000000
vt 0.175182 1.000000
vt 0.175182 0.000000
vt 0.177616 1.000000
vt 0.177616 0.000000
vt 0.180049 1.000000
vt 0.180049 0.000000
vt 0.182482 1.000000
vt 0.182482 0.000000
vt 0.184915 1.000000
vt 0.184915 0.000000
vt 0.187348 1.000000
vt 0.187348 0.000000
vt 0.189781 1.000000
vt 0.189781 0.000000
vt 0.192214 1.000000
vt 0.192214 0.000000
vt 0.194647 1.000000
vt 0.194647 0.000000
vt 0.197080 1.000000
vt 0.197080 0.000000
vt 0.199513 1.000000
vt 0.199513 0.000000
vt 0.201946 1.000000
vt 0.201946 0.000000
vt 0.204380 1.000000
vt 0.204380 0.000000
vt 0.206813 1.000000
vt 0.206813 0.000000
vt 0.209246 1.000000
vt 0.209246 0.000000
vt 0.211679 1.000000
vt 0.211679 0.000000
vt 0.214112 1.000000
vt 0.214112 0.000000
vt 0.216545 1.000000
vt 0.216545 0.000000
vt 0.218978 1.000000
vt 0.218978 0.000000
vt 0.221411 1.000000
vt 0.221411 0.000000
vt 0.223844 1.000000
vt 0.223844 0.000000
vt 0.226277 1.000000
vt 0.226277 0.000000
vt 0.228710 1.000000
vt 0.228710 0.000000
vt 0.231144 1.000000
vt 0.231144 0.000000
vt 0.233577 1.000000
vt 0.233577 0.000000
vt 0.240876 1.000000
vt 0.243309 1.000000
vt 0.243309 0.000000
vt 0.240876 0.000000
vt 0.245742 1.000000
vt 0.245742 0.000000
vt 0.248175 1.000000
vt 0.248175 0.000000
vt 0.250608 1.000000
vt 0.250608 0.000000
vt 0.253041 1.000000
vt 0.253041 0.000000
vt 0.255474 1.000000
vt 0.255474 0.000000
vt 0.257908 1.000000
vt 0.257908 0.000000
vt 0.260341 1.000000
vt 0.260341 0.000000
vt 0.262774 1.000000
vt 0.262774 0.000000
vt 0.265207 1.000000
vt 0.265207 0.000000
vt 0.267640 1.000000
vt 0.267640 0.000000
vt 0.270073 1.000000
vt 0.270073 0.000000
vt 0.272506 1.000000
vt 0.272506 0.000000
vt 0.274939 1.000000
vt 0.274939 0.000000
vt 0.277372 1.000000
vt 0.277372 0.000000
vt 0.279805 1.000000
vt 0.279805 0.000000
vt 0.282238 1.000000
vt 0.282238 0.000000
vt 0.284672 1.000000
vt 0.284672 0.000000
vt 0.287105 1.000000
vt 0.287105 0.000000
vt 0.289538 1.000000
vt 0.289538 0.000000
vt 0.291971 1.000000
vt 0.291971 0.000000
vt 0.294404 1.000000
vt 0.294404 0.000000
vt 0.296837 1.000000
vt 0.296837 0.000000
vt 0.299270 1.000000
vt 0.299270 0.000000
vt 0.301703 1.000000
vt 0.301703 0.000000
vt 0.304136 1.000000
vt 0.304136 0.000000
vt 0.306569 1.000000
vt 0.306569 0.000000
vt 0.309002 1.000000
vt 0.309002 0.000000
vt 0.311436 1.000000
vt 0.311436 0.000000
vt 0.313869 1.000000
vt 0.313869 0.000000
vt 0.316302 1.000000
vt 0.316302 0.000000
vt 0.318735 1.000000
vt 0.318735 0.000000
vt 0.321168 1.000000
vt 0.321168 0.000000
vt 0.323601 1.000000
vt 0.323601 0.000000
vt 0.326034 1.000000
vt 0.326034 0.000000
vt 0.328467 1.000000
vt 0.328467 0.000000
vt 0.330900 1.000000
vt 0.330900 0.000000
vt 0.333333 1.000000
vt 0.335766 1.000000
vt 0.335766 0.000000
vt 0.338200 1.000000
vt 0.338200 0.000000
vt 0.340633 1.000000
vt 0.340633 0.000000
vt 0.343066 1.000000
vt 0.343066 0.000000
vt 0.345499 1.000000
vt 0.345499 0.000000
vt 0.347932 1.000000
vt 0.347932 0.000000
vt 0.350365 1.000000
vt 0.350365 0.000000
vt 0.352798 1.000000
vt 0.352798 0.000000
vt 0.355231 1.000000
vt 0.355231 0.000000
vt 0.357664 1.000000
vt 0.357664 0.000000
vt 0.360097 1.000000
vt 0.360097 0.000000
vt 0.362530 1.000000
vt 0.362530 0.000000
vt 0.364964 1.000000
vt 0.364964 0.000000
vt 0.367397 1.000000
vt 0.367397 0.000000
vt 0.369830 1.000000
vt 0.369830 0.000000
vt 0.372263 1.000000
vt 0.372263 0.000000
vt 0.374696 1.000000
vt 0.374696 0.000000
vt 0.377129 1.000000
vt 0.377129 0.000000
vt 0.379562 1.000000
vt 0.379562 0.000000
vt 0.381995 1.000000
vt 0.381995 0.000000
vt 0.384428 1.000000
vt 0.384428 0.000000
vt 0.386861 1.000000
vt 0.386861 0.000000
vt 0.389294 1.000000
vt 0.389294 0.000000
vt 0.391728 1.000000
vt 0.391728 0.000000
vt 0.394161 1.000000
vt 0.394161 0.000000
vt 0.396594 1.000000
vt 0.396594 0.000000
vt 0.399027 1.000000
vt 0.399027 0.000000
vt 0.401460 1.000000
vt 0.401460 0.000000
vt 0.403893 1.000000
vt 0.403893 0.000000
vt 0.406326 1.000000
vt 0.406326 0.000000
vt 0.408759 1.000000
vt 0.408759 0.000000
vt 0.411192 1.000000
vt 0.411192 0.000000
vt 0.413625 1.000000
vt 0.413625 0.000000
vt 0.416058 1.000000
vt 0.416058 0.000000
vt 0.418491 1.000000
vt 0.418491 0.000000
vt 0.420925 1.000000
vt 0.420925 0.000000
vt 0.423358 1.000000
vt 0.423358 0.000000
vt 0.425791 1.000000
vt 0.425791 0.000000
vt 0.428224 1.000000
vt 0.428224 0.000000
vt 0.430657 1.000000
vt 0.430657 0.000000
vt 0.433090 1.000000
vt 0.433090 0.000000
vt 0.435523 1.000000
vt 0.435523 0.000000
vt 0.437956 1.000000
vt 0.437956 0.000000
vt 0.440389 1.000000
vt 0.440389 0.000000
vt 0.442822 1.000000
vt 0.442822 0.000000
vt 0.445255 1.000000
vt 0.445255 0.000000
vt 0.447689 1.000000
vt 0.447689 0.000000
vt 0.450122 1.000000
vt 0.450122 0.000000
vt 0.452555 1.000000
vt 0.452555 0.000000
vt 0.454988 1.000000
vt 0.454988 0.000000
vt 0.457421 1.000000
vt 0.457421 0.000000
vt 0.459854 1.000000
vt 0.459854 0.000000
vt 0.462287 1.000000
vt 0.462287 0.000000
vt 0.464720 1.000000
vt 0.464720 0.000000
vt 0.467153 1.000000
vt 0.467153 0.000000
vt 0.469586 1.000000
vt 0.469586 0.000000
vt 0.472019 1.000000
vt 0.472019 0.000000
vt 0.474453 1.000000
vt 0.474453 0.000000
vt 0.476886 1.000000
vt 0.476886 0.000000
vt 0.479319 1.000000
vt 0.479319 0.000000
vt 0.481752 1.000000
vt 0.481752 0.000000
vt 0.484185 1.000000
vt 0.484185 0.000000
vt 0.486618 1.000000
vt 0.486618 0.000000
vt 0.489051 1.000000
vt 0.489051 0.000000
vt 0.491484 1.000000
vt 0.491484 0.000000
vt 0.493917 1.000000
vt 0.493917 0.000000
vt 0.496350 1.000000
vt 0.496350 0.000000
vt 0.498783 1.000000
vt 0.498783 0.000000
vt 0.501217 1.000000
vt 0.501217 0.000000
vt 0.503650 1.000000
vt 0.503650 0.000000
vt 0.506083 1.000000
vt 0.506083 0.000000
vt 0.508516 1.000000
vt 0.508516 0.000000
vt 0.510949 1.000000
vt 0.510949 0.000000
vt 0.513382 1.000000
vt 0.513382 0.000000
vt 0.515815 1.000000
vt 0.515815 0.000000
vt 0.518248 1.000000
vt 0.518248 0.000000
vt 0.520681 1.000000
vt 0.520681 0.000000
vt 0.523114 1.000000
vt 0.523114 0.000000
vt 0.525547 1.000000
vt 0.525547 0.000000
vt 0.527981 1.000000
vt 0.527981 0.000000
vt 0.530414 1.000000
vt 0.530414 0.000000
vt 0.532847 1.000000
vt 0.532847 0.000000
vt 0.535280 1.000000
vt 0.535280 0.000000
vt 0.537713 1.000000
vt 0.537713 0.000000
vt 0.540146 1.000000
vt 0.540146 0.000000
vt 0.542579 1.000000
vt 0.542579 0.000000
vt 0.545012 1.000000
vt 0.545012 0.000000
vt 0.547445 1.000000
vt 0.547445 0.000000
vt 0.549878 1.000000
vt 0.549878 0.000000
vt 0.552311 1.000000
vt 0.552311 0.000000
vt 0.554745 1.000000
vt 0.554745 0.000000
vt 0.557178 1.000000
vt 0.557178 0.000000
vt 0.559611 1.000000
vt 0.559611 0.000000
vt 0.562044 1.000000
vt 0.562044 0.000000
vt 0.564477 1.000000
vt 0.564477 0.000000
vt 0.566910 1.000000
vt 0.566910 0.000000
vt 0.569343 1.000000
vt 0.569343 0.000000
vt 0.571776 1.000000
vt 0.571776 0.000000
vt 0.574209 1.000000
vt 0.574209 0.000000
vt 0.576642 1.000000
vt 0.576642 0.000000
vt 0.579075 1.000000
vt 0.579075 0.000000
vt 0.581509 1.000000
vt 0.581509 0.000000
vt 0.583942 1.000000
vt 0.583942 0.000000
vt 0.586375 1.000000
vt 0.586375 0.000000
vt 0.588808 1.000000
vt 0.588808 0.000000
vt 0.591241 1.000000
vt 0.591241 0.000000
vt 0.593674 1.000000
vt 0.593674 0.000000
vt 0.596107 1.000000
vt 0.596107 0.000000
vt 0.598540 1.000000
vt 0.598540 0.000000
vt 0.600973 1.000000
vt 0.600973 0.000000
vt 0.603406 1.000000
vt 0.603406 0.000000
vt 0.605839 1.000000
vt 0.605839 0.000000
vt 0.608272 1.000000
vt 0.608272 0.000000
vt 0.610706 1.000000
vt 0.610706 0.000000
vt 0.613139 1.000000
vt 0.613139 0.000000
vt 0.615572 1.000000
vt 0.615572 0.000000
vt 0.618005 1.000000
vt 0.618005 0.000000
vt 0.620438 1.000000
vt 0.620438 0.000000
vt 0.622871 1.000000
vt 0.622871 0.000000
vt 0.625304 1.000000
vt 0.625304 0.000000
vt 0.627737 1.000000
vt 0.627737 0.000000
vt 0.630170 1.000000
vt 0.630170 0.000000
vt 0.632603 1.000000
vt 0.632603 0.000000
vt 0.635036 1.000000
vt 0.635036 0.000000
vt 0.637470 1.000000
vt 0.637470 0.000000
vt 0.639903 1.000000
vt 0.639903 0.000000
vt 0.642336 1.000000
vt 0.642336 0.000000
vt 0.644769 1.000000
vt 0.644769 0.000000
vt 0.647202 1.000000
vt 0.647202 0.000000
vt 0.649635 1.000000
vt 0.649635 0.000000
vt 0.652068 1.000000
vt 0.652068 0.000000
vt 0.654501 1.000000
vt 0.654501 0.000000
vt 0.656934 1.000000
vt 0.656934 0.000000
vt 0.659367 1.000000
vt 0.659367 0.000000
vt 0.661801 1.000000
vt 0.661801 0.000000
vt 0.664234 1.000000
vt 0.664234 0.000000
vt 0.666667 1.000000
vt 0.669100 1.000000
vt 0.669100 0.000000
vt 0.671533 1.000000
vt 0.671533 0.000000
vt 0.673966 1.000000
vt 0.673966 0.000000
vt 0.676399 1.000000
vt 0.676399 0.000000
vt 0.678832 1.000000
vt 0.678832 0.000000
vt 0.681265 1.000000
vt 0.681265 0.000000
vt 0.683698 1.000000
vt 0.683698 0.000000
vt 0.686131 1.000000
vt 0.686131 0.000000
vt 0.688564 1.000000
vt 0.688564 0.000000
vt 0.690998 1.000000
vt 0.690998 0.000000
vt 0.693431 1.000000
vt 0.693431 0.000000
vt 0.695864 1.000000
vt 0.695864 0.000000
vt 0.698297 1.000000
vt 0.698297 0.000000
vt 0.700730 1.000000
vt 0.700730 0.000000
vt 0.703163 1.000000
vt 0.703163 0.000000
vt 0.705596 1.000000
vt 0.705596 0.000000
vt 0.708029 1.000000
vt 0.708029 0.000000
vt 0.710462 1.000000
vt 0.710462 0.000000
vt 0.712895 1.000000
vt 0.712895 0.000000
vt 0.715328 1.000000
vt 0.715328 0.000000
vt 0.717762 1.000000
vt 0.717762 0.000000
vt 0.720195 1.000000
vt 0.720195 0.000000
vt 0.722628 1.000000
vt 0.722628 0.000000
vt 0.725061 1.000000
vt 0.725061 0.000000
vt 0.727494 1.000000
vt 0.727494 0.000000
vt 0.729927 1.000000
vt 0.729927 0.000000
vt 0.732360 1.000000
vt 0.732360 0.000000
vt 0.734793 1.000000
vt 0.734793 0.000000
vt 0.737226 1.000000
vt 0.737226 0.000000
vt 0.739659 1.000000
vt 0.739659 0.000000
vt 0.742092 1.000000
vt 0.742092 0.000000
vt 0.744526 1.000000
vt 0.744526 0.000000
vt 0.746959 1.000000
vt 0.746959 0.000000
vt 0.749392 1.000000
vt 0.749392 0.000000
vt 0.751825 1.000000
vt 0.751825 0.000000
vt 0.754258 1.000000
vt 0.754258 0.000000
vt 0.756691 1.000000
vt 0.756691 0.000000
vt 0.759124 1.000000
vt 0.759124 0.000000
vt 0.761557 1.000000
vt 0.761557 0.000000
vt 0.763990 1.000000
vt 0.763990 0.000000
vt 0.766423 1.000000
vt 0.766423 0.000000
vt 0.768856 1.000000
vt 0.768856 0.000000
vt 0.771290 1.000000
vt 0.771290 0.000000
vt 0.773723 1.000000
vt 0.773723 0.000000
vt 0.776156 1.000000
vt 0.776156 0.000000
vt 0.778589 1.000000
vt 0.778589 0.000000
vt 0.781022 1.000000
vt 0.781022 0.000000
vt 0.783455 1.000000
vt 0.783455 0.000000
vt 0.785888 1.000000
vt 0.785888 0.000000
vt 0.788321 1.000000
vt 0.788321 0.000000
vt 0.790754 1.000000
vt 0.790754 0.000000
vt 0.793187 1.000000
vt 0.793187 0.000000
vt 0.795620 1.000000
vt 0.795620 0.000000
vt 0.798054 1.000000
vt 0.798054 0.000000
vt 0.800487 1.000000
vt 0.800487 0.000000
vt 0.802920 1.000000
vt 0.802920 0.000000
vt 0.805353 1.000000
vt 0.805353 0.000000
vt 0.807786 1.000000
vt 0.807786 0.000000
vt 0.810219 1.000000
vt 0.810219 0.000000
vt 0.812652 1.000000
vt 0.812652 0.000000
vt 0.815085 1.000000
vt 0.815085 0.000000
vt 0.817518 1.000000
vt 0.817518 0.000000
vt 0.819951 1.000000
vt 0.819951 0.000000
vt 0.822384 1.000000
vt 0.822384 0.000000
vt 0.824818 1.000000
vt 0.824818 0.000000
vt 0.827251 1.000000
vt 0.827251 0.000000
vt 0.829684 1.000000
vt 0.829684 0.000000
vt 0.832117 1.000000
vt 0.832117 0.000000
vt 0.834550 1.000000
vt 0.834550 0.000000
vt 0.836983 1.000000
vt 0.836983 0.000000
vt 0.839416 1.000000
vt 0.839416 0.000000
vt 0.841849 1.000000
vt 0.841849 0.000000
vt 0.844282 1.000000
vt 0.844282 0.000000
vt 0.846715 1.000000
vt 0.846715 0.000000
vt 0.849148 1.000000
vt 0.849148 0.000000
vt 0.851582 1.000000
vt 0.851582 0.000000
vt 0.854015 1.000000
vt 0.854015 0.000000
vt 0.856448 1.000000
vt 0.856448 0.000000
vt 0.858881 1.000000
vt 0.858881 0.000000
vt 0.861314 1.000000
vt 0.861314 0.000000
vt 0.863747 1.000000
vt 0.863747 0.000000
vt 0.866180 1.000000
vt 0.866180 0.000000
vt 0.868613 1.000000
vt 0.868613 0.000000
vt 0.871046 1.000000
vt 0.871046 0.000000
vt 0.873479 1.000000
vt 0.873479 0.000000
vt 0.875912 1.000000
vt 0.875912 0.000000
vt 0.878345 1.000000
vt 0.878345 0.000000
vt 0.880779 1.000000
vt 0.880779 0.000000
vt 0.883212 1.000000
vt 0.883212 0.000000
vt 0.885645 1.000000
vt 0.885645 0.000000
vt 0.888078 1.000000
vt 0.888078 0.000000
vt 0.890511 1.000000
vt 0.890511 0.000000
vt 0.892944 1.000000
vt 0.892944 0.000000
vt 0.895377 1.000000
vt 0.895377 0.000000
vt 0.897810 1.000000
vt 0.897810 0.000000
vt 0.900243 1.000000
vt 0.900243 0.000000
vt 0.902676 1.000000
vt 0.902676 0.000000
vt 0.905109 1.000000
vt 0.905109 0.000000
vt 0.907543 1.000000
vt 0.907543 0.000000
vt 0.909976 1.000000
vt 0.909976 0.000000
vt 0.912409 1.000000
vt 0.912409 0.000000
vt 0.914842 1.000000
vt 0.914842 0.000000
vt 0.917275 1.000000
vt 0.917275 0.000000
vt 0.919708 1.000000
vt 0.919708 0.000000
vt 0.922141 1.000000
vt 0.922141 0.000000
vt 0.924574 1.000000
vt 0.924574 0.000000
vt 0.927007 1.000000
vt 0.927007 0.000000
vt 0.929440 1.000000
vt 0.929440 0.000000
vt 0.931874 1.000000
vt 0.931874 0.000000
vt 0.934307 1.000000
vt 0.934307 0.000000
vt 0.936740 1.000000
vt 0.936740 0.000000
vt 0.939173 1.000000
vt 0.939173 0.000000
vt 0.941606 1.000000
vt 0.941606 0.000000
vt 0.944039 1.000000
vt 0.944039 0.000000
vt 0.946472 1.000000
vt 0.946472 0.000000
vt 0.948905 1.000000
vt 0.948905 0.000000
vt 0.951338 1.000000
vt 0.951338 0.000000
vt 0.953771 1.000000
vt 0.953771 0.000000
vt 0.956204 1.000000
vt 0.956204 0.000000
vt 0.958637 1.000000
vt 0.958637 0.000000
vt 0.961071 1.000000
vt 0.961071 0.000000
vt 0.963504 1.000000
vt 0.963504 0.000000
vt 0.965937 1.000000
vt 0.965937 0.000000
vt 0.968370 1.000000
vt 0.968370 0.000000
vt 0.970803 1.000000
vt 0.970803 0.000000
vt 0.973236 1.000000
vt 0.973236 0.000000
vt 0.975669 1.000000
vt 0.975669 0.000000
vt 0.978102 1.000000
vt 0.978102 0.000000
vt 0.980535 1.000000
vt 0.980535 0.000000
vt 0.982968 1.000000
vt 0.982968 0.000000
vt 0.985401 1.000000
vt 0.985401 0.000000
vt 0.987835 1.000000
vt 0.987835 0.000000
vt 0.990268 1.000000
vt 0.990268 0.000000
vt 0.992701 1.000000
vt 0.992701 0.000000
vt 0.995134 1.000000
vt 0.995134 0.000000
vt 0.997567 1.000000
vt 0.997567 0.000000
vt 1.000000 1.000000
vt 0.020833 1.000000
vt 0.020833 0.000000
vt 0.041667 1.000000
vt 0.041667 0.000000
vt 0.062500 1.000000
vt 0.062500 0.000000
vt 0.083333 1.000000
vt 0.083333 0.000000
vt 0.104167 1.000000
vt 0.104167 0.000000
vt 0.125000 1.000000
vt 0.125000 0.000000
vt 0.145833 1.000000
vt 0.145833 0.000000
vt 0.166667 1.000000
vt 0.166667 0.000000
vt 0.187500 1.000000
vt 0.187500 0.000000
vt 0.208333 1.000000
vt 0.208333 0.000000
vt 0.229167 1.000000
vt 0.229167 0.000000
vt 0.250000 1.000000
vt 0.250000 0.000000
vt 0.270833 1.000000
vt 0.270833 0.000000
vt 0.291667 1.000000
vt 0.291667 0.000000
vt 0.312500 1.000000
vt 0.312500 0.000000
vt 0.354167 1.000000
vt 0.354167 0.000000
vt 0.375000 1.000000
vt 0.375000 0.000000
vt 0.395833 1.000000
vt 0.395833 0.000000
vt 0.416667 1.000000
vt 0.416667 0.000000
vt 0.437500 1.000000
vt 0.437500 0.000000
vt 0.458333 1.000000
vt 0.458333 0.000000
vt 0.479167 1.000000
vt 0.479167 0.000000
vt 0.500000 1.000000
vt 0.500000 0.000000
vt 0.520833 1.000000
vt 0.520833 0.000000
vt 0.541667 1.000000
vt 0.541667 0.000000
vt 0.562500 1.000000
vt 0.562500 0.000000
vt 0.583333 1.000000
vt 0.583333 0.000000
vt 0.604167 1.000000
vt 0.604167 0.000000
vt 0.625000 1.000000
vt 0.625000 0.000000
vt 0.645833 1.000000
vt 0.645833 0.000000
vt 0.687500 1.000000
vt 0.687500 0.000000
vt 0.708333 1.000000
vt 0.708333 0.000000
vt 0.729167 1.000000
vt 0.729167 0.000000
vt 0.750000 1.000000
vt 0.750000 0.000000
vt 0.770833 1.000000
vt 0.770833 0.000000
vt 0.791667 1.000000
vt 0.791667 0.000000
vt 0.812500 1.000000
vt 0.812500 0.000000
vt 0.833333 1.000000
vt 0.833333 0.000000
vt 0.854167 1.000000
vt 0.854167 0.000000
vt 0.875000 1.000000
vt 0.875000 0.000000
vt 0.895833 1.000000
vt 0.895833 0.000000
vt 0.916667 1.000000
vt 0.916667 0.000000
vt 0.937500 1.000000
vt 0.937500 0.000000
vt 0.958333 1.000000
vt 0.958333 0.000000
vt 0.979167 1.000000
vt 0.979167 0.000000
vt 0.003484 1.000000
vt 0.003484 0.000000
vt 0.006969 1.000000
vt 0.006969 0.000000
vt 0.010453 1.000000
vt 0.010453 0.000000
vt 0.013937 1.000000
vt 0.013937 0.000000
vt 0.017422 1.000000
vt 0.017422 0.000000
vt 0.020906 1.000000
vt 0.020906 0.000000
vt 0.024390 1.000000
vt 0.024390 0.000000
vt 0.027875 1.000000
vt 0.027875 0.000000
vt 0.031359 1.000000
vt 0.031359 0.000000
vt 0.034843 1.000000
vt 0.034843 0.000000
vt 0.038328 1.000000
vt 0.038328 0.000000
vt 0.041812 1.000000
vt 0.041812 0.000000
vt 0.045296 1.000000
vt 0.045296 0.000000
vt 0.048780 1.000000
vt 0.048780 0.000000
vt 0.052265 1.000000
vt 0.052265 0.000000
vt 0.055749 1.000000
vt 0.055749 0.000000
vt 0.059233 1.000000
vt 0.059233 0.000000
vt 0.062718 1.000000
vt 0.062718 0.000000
vt 0.066202 1.000000
vt 0.066202 0.000000
vt 0.069686 1.000000
vt 0.069686 0.000000
vt 0.073171 1.000000
vt 0.073171 0.000000
vt 0.076655 1.000000
vt 0.076655 0.000000
vt 0.080139 1.000000
vt 0.080139 0.000000
vt 0.083624 1.000000
vt 0.083624 0.000000
vt 0.087108 1.000000
vt 0.087108 0.000000
vt 0.090592 1.000000
vt 0.090592 0.000000
vt 0.094077 1.000000
vt 0.094077 0.000000
vt 0.097561 1.000000
vt 0.097561 0.000000
vt 0.101045 1.000000
vt 0.101045 0.000000
vt 0.104530 1.000000
vt 0.104530 0.000000
vt 0.108014 1.000000
vt 0.108014 0.000000
vt 0.111498 1.000000
vt 0.111498 0.000000
vt 0.114983 1.000000
vt 0.114983 0.000000
vt 0.118467 1.000000
vt 0.118467 0.000000
vt 0.121951 1.000000
vt 0.121951 0.000000
vt 0.125436 1.000000
vt 0.125436 0.000000
vt 0.128920 1.000000
vt 0.128920 0.000000
vt 0.132404 1.000000
vt 0.132404 0.000000
vt 0.135889 1.000000
vt 0.135889 0.000000
vt 0.139373 1.000000
vt 0.139373 0.000000
vt 0.142857 1.000000
vt 0.142857 0.000000
vt 0.146341 1.000000
vt 0.146341 0.000000
vt 0.149826 1.000000
vt 0.149826 0.000000
vt 0.153310 1.000000
vt 0.153310 0.000000
vt 0.156794 1.000000
vt 0.156794 0.000000
vt 0.160279 1.000000
vt 0.160279 0.000000
vt 0.163763 1.000000
vt 0.163763 0.000000
vt 0.167247 1.000000
vt 0.167247 0.000000
vt 0.170732 1.000000
vt 0.170732 0.000000
vt 0.174216 1.000000
vt 0.174216 0.000000
vt 0.177700 1.000000
vt 0.177700 0.000000
vt 0.181185 1.000000
vt 0.181185 0.000000
vt 0.184669 1.000000
vt 0.184669 0.000000
vt 0.188153 1.000000
vt 0.188153 0.000000
vt 0.191638 1.000000
vt 0.191638 0.000000
vt 0.195122 1.000000
vt 0.195122 0.000000
vt 0.198606 1.000000
vt 0.198606 0.000000
vt 0.202091 1.000000
vt 0.202091 0.000000
vt 0.205575 1.000000
vt 0.205575 0.000000
vt 0.209059 1.000000
vt 0.209059 0.000000
vt 0.212544 1.000000
vt 0.212544 0.000000
vt 0.216028 1.000000
vt 0.216028 0.000000
vt 0.219512 1.000000
vt 0.219512 0.000000
vt 0.222997 1.000000
vt 0.222997 0.000000
vt 0.226481 1.000000
vt 0.226481 0.000000
vt 0.229965 1.000000
vt 0.229965 0.000000
vt 0.233449 1.000000
vt 0.233449 0.000000
vt 0.236934 1.000000
vt 0.236934 0.000000
vt 0.240418 1.000000
vt 0.240418 0.000000
vt 0.243902 1.000000
vt 0.243902 0.000000
vt 0.247387 1.000000
vt 0.247387 0.000000
vt 0.250871 1.000000
vt 0.250871 0.000000
vt 0.254355 1.000000
vt 0.254355 0.000000
vt 0.257840 1.000000
vt 0.257840 0.000000
vt 0.261324 1.000000
vt 0.261324 0.000000
vt 0.264808 1.000000
vt 0.264808 0.000000
vt 0.268293 1.000000
vt 0.268293 0.000000
vt 0.271777 1.000000
vt 0.271777 0.000000
vt 0.275261 1.000000
vt 0.275261 0.000000
vt 0.278746 1.000000
vt 0.278746 0.000000
vt 0.282230 1.000000
vt 0.282230 0.000000
vt 0.285714 1.000000
vt 0.285714 0.000000
vt 0.289199 1.000000
vt 0.289199 0.000000
vt 0.292683 1.000000
vt 0.292683 0.000000
vt 0.296167 1.000000
vt 0.296167 0.000000
vt 0.299652 1.000000
vt 0.299652 0.000000
vt 0.303136 1.000000
vt 0.303136 0.000000
vt 0.306620 1.000000
vt 0.306620 0.000000
vt 0.310105 1.000000
vt 0.310105 0.000000
vt 0.313589 1.000000
vt 0.313589 0.000000
vt 0.317073 1.000000
vt 0.317073 0.000000
vt 0.320558 1.000000
vt 0.320558 0.000000
vt 0.324042 1.000000
vt 0.324042 0.000000
vt 0.327526 1.000000
vt 0.327526 0.000000
vt 0.331010 1.000000
vt 0.331010 0.000000
vt 0.334495 1.000000
vt 0.334495 0.000000
vt 0.337979 1.000000
vt 0.337979 0.000000
vt 0.341463 1.000000
vt 0.341463 0.000000
vt 0.344948 1.000000
vt 0.344948 0.000000
vt 0.348432 1.000000
vt 0.348432 0.000000
vt 0.351916 1.000000
vt 0.351916 0.000000
vt 0.355401 1.000000
vt 0.355401 0.000000
vt 0.358885 1.000000
vt 0.358885 0.000000
vt 0.362369 1.000000
vt 0.362369 0.000000
vt 0.365854 1.000000
vt 0.365854 0.000000
vt 0.369338 1.000000
vt 0.369338 0.000000
vt 0.372822 1.000000
vt 0.372822 0.000000
vt 0.376307 1.000000
vt 0.376307 0.000000
vt 0.379791 1.000000
vt 0.379791 0.000000
vt 0.383275 1.000000
vt 0.383275 0.000000
vt 0.386760 1.000000
vt 0.386760 0.000000
vt 0.390244 1.000000
vt 0.390244 0.000000
vt 0.393728 1.000000
vt 0.393728 0.000000
vt 0.397213 1.000000
vt 0.397213 0.000000
vt 0.400697 1.000000
vt 0.400697 0.000000
vt 0.404181 1.000000
vt 0.404181 0.000000
vt 0.407665 1.000000
vt 0.407665 0.000000
vt 0.411150 1.000000
vt 0.411150 0.000000
vt 0.414634 1.000000
vt 0.414634 0.000000
vt 0.418118 1.000000
vt 0.418118 0.000000
vt 0.421603 1.000000
vt 0.421603 0.000000
vt 0.425087 1.000000
vt 0.425087 0.000000
vt 0.428571 1.000000
vt 0.428571 0.000000
vt 0.432056 1.000000
vt 0.432056 0.000000
vt 0.435540 1.000000
vt 0.435540 0.000000
vt 0.439024 1.000000
vt 0.439024 0.000000
vt 0.442509 1.000000
vt 0.442509 0.000000
vt 0.445993 1.000000
vt 0.445993 0.000000
vt 0.449477 1.000000
vt 0.449477 0.000000
vt 0.452962 1.000000
vt 0.452962 0.000000
vt 0.456446 1.000000
vt 0.456446 0.000000
vt 0.459930 1.000000
vt 0.459930 0.000000
vt 0.463415 1.000000
vt 0.463415 0.000000
vt 0.466899 1.000000
vt 0.466899 0.000000
vt 0.470383 1.000000
vt 0.470383 0.000000
vt 0.473868 1.000000
vt 0.473868 0.000000
vt 0.477352 1.000000
vt 0.477352 0.000000
vt 0.480836 1.000000
vt 0.480836 0.000000
vt 0.484321 1.000000
vt 0.484321 0.000000
vt 0.487805 1.000000
vt 0.487805 0.000000
vt 0.491289 1.000000
vt 0.491289 0.000000
vt 0.494774 1.000000
vt 0.494774 0.000000
vt 0.498258 1.000000
vt 0.498258 0.000000
vt 0.501742 1.000000
vt 0.501742 0.000000
vt 0.505226 1.000000
vt 0.505226 0.000000
vt 0.508711 1.000000
vt 0.508711 0.000000
vt 0.512195 1.000000
vt 0.512195 0.000000
vt 0.515679 1.000000
vt 0.515679 0.000000
vt 0.519164 1.000000
vt 0.519164 0.000000
vt 0.522648 1.000000
vt 0.522648 0.000000
vt 0.526132 1.000000
vt 0.526132 0.000000
vt 0.529617 1.000000
vt 0.529617 0.000000
vt 0.533101 1.000000
vt 0.533101 0.000000
vt 0.536585 1.000000
vt 0.536585 0.000000
vt 0.540070 1.000000
vt 0.540070 0.000000
vt 0.543554 1.000000
vt 0.543554 0.000000
vt 0.547038 1.000000
vt 0.547038 0.000000
vt 0.550523 1.000000
vt 0.550523 0.000000
vt 0.554007 1.000000
vt 0.554007 0.000000
vt 0.557491 1.000000
vt 0.557491 0.000000
vt 0.560976 1.000000
vt 0.560976 0.000000
vt 0.564460 1.000000
vt 0.564460 0.000000
vt 0.567944 1.000000
vt 0.567944 0.000000
vt 0.571429 1.000000
vt 0.571429 0.000000
vt 0.574913 1.000000
vt 0.574913 0.000000
vt 0.578397 1.000000
vt 0.578397 0.000000
vt 0.581882 1.000000
vt 0.581882 0.000000
vt 0.585366 1.000000
vt 0.585366 0.000000
vt 0.588850 1.000000
vt 0.588850 0.000000
vt 0.592335 1.000000
vt 0.592335 0.000000
vt 0.595819 1.000000
vt 0.595819 0.000000
vt 0.599303 1.000000
vt 0.599303 0.000000
vt 0.602787 1.000000
vt 0.602787 0.000000
vt 0.606272 1.000000
vt 0.606272 0.000000
vt 0.609756 1.000000
vt 0.609756 0.000000
vt 0.613240 1.000000
vt 0.613240 0.000000
vt 0.616725 1.000000
vt 0.616725 0.000000
vt 0.620209 1.000000
vt 0.620209 0.000000
vt 0.623693 1.000000
vt 0.623693 0.000000
vt 0.627178 1.000000
vt 0.627178 0.000000
vt 0.630662 1.000000
vt 0.630662 0.000000
vt 0.634146 1.000000
vt 0.634146 0.000000
vt 0.637631 1.000000
vt 0.637631 0.000000
vt 0.641115 1.000000
vt 0.641115 0.000000
vt 0.644599 1.000000
vt 0.644599 0.000000
vt 0.648084 1.000000
vt 0.648084 0.000000
vt 0.651568 1.000000
vt 0.651568 0.000000
vt 0.655052 1.000000
vt 0.655052 0.000000
vt 0.658537 1.000000
vt 0.658537 0.000000
vt 0.662021 1.000000
vt 0.662021 0.000000
vt 0.665505 1.000000
vt 0.665505 0.000000
vt 0.668990 1.000000
vt 0.668990 0.000000
vt 0.672474 1.000000
vt 0.672474 0.000000
vt 0.675958 1.000000
vt 0.675958 0.000000
vt 0.679443 1.000000
vt 0.679443 0.000000
vt 0.682927 1.000000
vt 0.682927 0.000000
vt 0.686411 1.000000
vt 0.686411 0.000000
vt 0.689895 1.000000
vt 0.689895 0.000000
vt 0.693380 1.000000
vt 0.693380 0.000000
vt 0.696864 1.000000
vt 0.696864 0.000000
vt 0.700348 1.000000
vt 0.700348 0.000000
vt 0.703833 1.000000
vt 0.703833 0.000000
vt 0.707317 1.000000
vt 0.707317 0.000000
vt 0.710801 1.000000
vt 0.710801 0.000000
vt 0.714286 1.000000
vt 0.714286 0.000000
vt 0.717770 1.000000
vt 0.717770 0.000000
vt 0.721254 1.000000
vt 0.721254 0.000000
vt 0.724739 1.000000
vt 0.724739 0.000000
vt 0.728223 1.000000
vt 0.728223 0.000000
vt 0.731707 1.000000
vt 0.731707 0.000000
vt 0.735192 1.000000
vt 0.735192 0.000000
vt 0.738676 1.000000
vt 0.738676 0.000000
vt 0.742160 1.000000
vt 0.742160 0.000000
vt 0.745645 1.000000
vt 0.745645 0.000000
vt 0.749129 1.000000
vt 0.749129 0.000000
vt 0.752613 1.000000
vt 0.752613 0.000000
vt 0.756098 1.000000
vt 0.756098 0.000000
vt 0.759582 1.000000
vt 0.759582 0.000000
vt 0.763066 1.000000
vt 0.763066 0.000000
vt 0.766551 1.000000
vt 0.766551 0.000000
vt 0.770035 1.000000
vt 0.770035 0.000000
vt 0.773519 1.000000
vt 0.773519 0.000000
vt 0.777003 1.000000
vt 0.777003 0.000000
vt 0.780488 1.000000
vt 0.780488 0.000000
vt 0.783972 1.000000
vt 0.783972 0.000000
vt 0.787456 1.000000
vt 0.787456 0.000000
vt 0.790941 1.000000
vt 0.790941 0.000000
vt 0.794425 1.000000
vt 0.794425 0.000000
vt 0.797909 1.000000
vt 0.797909 0.000000
vt 0.801394 1.000000
vt 0.801394 0.000000
vt 0.804878 1.000000
vt 0.804878 0.000000
vt 0.808362 1.000000
vt 0.808362 0.000000
vt 0.811847 1.000000
vt 0.811847 0.000000
vt 0.815331 1.000000
vt 0.815331 0.000000
vt 0.818815 1.000000
vt 0.818815 0.000000
vt 0.822300 1.000000
vt 0.822300 0.000000
vt 0.825784 1.000000
vt 0.825784 0.000000
vt 0.829268 1.000000
vt 0.829268 0.000000
vt 0.832753 1.000000
vt 0.832753 0.000000
vt 0.836237 1.000000
vt 0.836237 0.000000
vt 0.839721 1.000000
vt 0.839721 0.000000
vt 0.843206 1.000000
vt 0.843206 0.000000
vt 0.846690 1.000000
vt 0.846690 0.000000
vt 0.850174 1.000000
vt 0.850174 0.000000
vt 0.853659 1.000000
vt 0.853659 0.000000
vt 0.857143 1.000000
vt 0.857143 0.000000
vt 0.860627 1.000000
vt 0.860627 0.000000
vt 0.864111 1.000000
vt 0.864111 0.000000
vt 0.867596 1.000000
vt 0.867596 0.000000
vt 0.871080 1.000000
vt 0.871080 0.000000
vt 0.874564 1.000000
vt 0.874564 0.000000
vt 0.878049 1.000000
vt 0.878049 0.000000
vt 0.881533 1.000000
vt 0.881533 0.000000
vt 0.885017 1.000000
vt 0.885017 0.000000
vt 0.888502 1.000000
vt 0.888502 0.000000
vt 0.891986 1.000000
vt 0.891986 0.000000
vt 0.895470 1.000000
vt 0.895470 0.000000
vt 0.898955 1.000000
vt 0.898955 0.000000
vt 0.902439 1.000000
vt 0.902439 0.000000
vt 0.905923 1.000000
vt 0.905923 0.000000
vt 0.909408 1.000000
vt 0.909408 0.000000
vt 0.912892 1.000000
vt 0.912892 0.000000
vt 0.916376 1.000000
vt 0.916376 0.000000
vt 0.919861 1.000000
vt 0.919861 0.000000
vt 0.923345 1.000000
vt 0.923345 0.000000
vt 0.926829 1.000000
vt 0.926829 0.000000
vt 0.930314 1.000000
vt 0.930314 0.000000
vt 0.933798 1.000000
vt 0.933798 0.000000
vt 0.937282 1.000000
vt 0.937282 0.000000
vt 0.940767 1.000000
vt 0.940767 0.000000
vt 0.944251 1.000000
vt 0.944251 0.000000
vt 0.947735 1.000000
vt 0.947735 0.000000
vt 0.951219 1.000000
vt 0.951219 0.000000
vt 0.954704 1.000000
vt 0.954704 0.000000
vt 0.958188 1.000000
vt 0.958188 0.000000
vt 0.961672 1.000000
vt 0.961672 0.000000
vt 0.965157 1.000000
vt 0.965157 0.000000
vt 0.968641 1.000000
vt 0.968641 0.000000
vt 0.972125 1.000000
vt 0.972125 0.000000
vt 0.975610 1.000000
vt 0.975610 0.000000
vt 0.979094 1.000000
vt 0.979094 0.000000
vt 0.982578 1.000000
vt 0.982578 0.000000
vt 0.986063 1.000000
vt 0.986063 0.000000
vt 0.989547 1.000000
vt 0.989547 0.000000
vt 0.993031 1.000000
vt 0.993031 0.000000
vt 0.996516 1.000000
vt 0.996516 0.000000
vt 0.005376 1.000000
vt 0.005376 0.000000
vt 0.010753 1.000000
vt 0.010753 0.000000
vt 0.016129 1.000000
vt 0.016129 0.000000
vt 0.021505 1.000000
vt 0.021505 0.000000
vt 0.026882 1.000000
vt 0.026882 0.000000
vt 0.032258 1.000000
vt 0.032258 0.000000
vt 0.037634 1.000000
vt 0.037634 0.000000
vt 0.043011 1.000000
vt 0.043011 0.000000
vt 0.048387 1.000000
vt 0.048387 0.000000
vt 0.053763 1.000000
vt 0.053763 0.000000
vt 0.059140 1.000000
vt 0.059140 0.000000
vt 0.064516 1.000000
vt 0.064516 0.000000
vt 0.069892 1.000000
vt 0.069892 0.000000
vt 0.075269 1.000000
vt 0.075269 0.000000
vt 0.080645 1.000000
vt 0.080645 0.000000
vt 0.086022 1.000000
vt 0.086022 0.000000
vt 0.091398 1.000000
vt 0.091398 0.000000
vt 0.096774 1.000000
vt 0.096774 0.000000
vt 0.102151 1.000000
vt 0.102151 0.000000
vt 0.107527 1.000000
vt 0.107527 0.000000
vt 0.112903 1.000000
vt 0.112903 0.000000
vt 0.118280 1.000000
vt 0.118280 0.000000
vt 0.123656 1.000000
vt 0.123656 0.000000
vt 0.129032 1.000000
vt 0.129032 0.000000
vt 0.134409 1.000000
vt 0.134409 0.000000
vt 0.139785 1.000000
vt 0.139785 0.000000
vt 0.145161 1.000000
vt 0.145161 0.000000
vt 0.150538 1.000000
vt 0.150538 0.000000
vt 0.155914 1.000000
vt 0.155914 0.000000
vt 0.161290 1.000000
vt 0.161290 0.000000
vt 0.172043 1.000000
vt 0.172043 0.000000
vt 0.177419 1.000000
vt 0.177419 0.000000
vt 0.182796 1.000000
vt 0.182796 0.000000
vt 0.188172 1.000000
vt 0.188172 0.000000
vt 0.193548 1.000000
vt 0.193548 0.000000
vt 0.198925 1.000000
vt 0.198925 0.000000
vt 0.204301 1.000000
vt 0.204301 0.000000
vt 0.209677 1.000000
vt 0.209677 0.000000
vt 0.215054 1.000000
vt 0.215054 0.000000
vt 0.220430 1.000000
vt 0.220430 0.000000
vt 0.225806 1.000000
vt 0.225806 0.000000
vt 0.231183 1.000000
vt 0.231183 0.000000
vt 0.236559 1.000000
vt 0.236559 0.000000
vt 0.241935 1.000000
vt 0.241935 0.000000
vt 0.247312 1.000000
vt 0.247312 0.000000
vt 0.252688 1.000000
vt 0.252688 0.000000
vt 0.258065 1.000000
vt 0.258065 0.000000
vt 0.263441 1.000000
vt 0.263441 0.000000
vt 0.268817 1.000000
vt 0.268817 0.000000
vt 0.274194 1.000000
vt 0.274194 0.000000
vt 0.279570 1.000000
vt 0.279570 0.000000
vt 0.284946 1.000000
vt 0.284946 0.000000
vt 0.290323 1.000000
vt 0.290323 0.000000
vt 0.295699 1.000000
vt 0.295699 0.000000
vt 0.301075 1.000000
vt 0.301075 0.000000
vt 0.306452 1.000000
vt 0.306452 0.000000
vt 0.311828 1.000000
vt 0.311828 0.000000
vt 0.317204 1.000000
vt 0.317204 0.000000
vt 0.322581 1.000000
vt 0.322581 0.000000
vt 0.327957 1.000000
vt 0.327957 0.000000
vt 0.338710 1.000000
vt 0.338710 0.000000
vt 0.344086 1.000000
vt 0.344086 0.000000
vt 0.349462 1.000000
vt 0.349462 0.000000
vt 0.354839 1.000000
vt 0.354839 0.000000
vt 0.360215 1.000000
vt 0.360215 0.000000
vt 0.365591 1.000000
vt 0.365591 0.000000
vt 0.370968 1.000000
vt 0.370968 0.000000
vt 0.376344 1.000000
vt 0.376344 0.000000
vt 0.381720 1.000000
vt 0.381720 0.000000
vt 0.387097 1.000000
vt 0.387097 0.000000
vt 0.392473 1.000000
vt 0.392473 0.000000
vt 0.397849 1.000000
vt 0.397849 0.000000
vt 0.403226 1.000000
vt 0.403226 0.000000
vt 0.408602 1.000000
vt 0.408602 0.000000
vt 0.413978 1.000000
vt 0.413978 0.000000
vt 0.419355 1.000000
vt 0.419355 0.000000
vt 0.424731 1.000000
vt 0.424731 0.000000
vt 0.430108 1.000000
vt 0.430108 0.000000
vt 0.435484 1.000000
vt 0.435484 0.000000
vt 0.440860 1.000000
vt 0.440860 0.000000
vt 0.446237 1.000000
vt 0.446237 0.000000
vt 0.451613 1.000000
vt 0.451613 0.000000
vt 0.456989 1.000000
vt 0.456989 0.000000
vt 0.462366 1.000000
vt 0.462366 0.000000
vt 0.467742 1.000000
vt 0.467742 0.000000
vt 0.473118 1.000000
vt 0.473118 0.000000
vt 0.478495 1.000000
vt 0.478495 0.000000
vt 0.483871 1.000000
vt 0.483871 0.000000
vt 0.489247 1.000000
vt 0.489247 0.000000
vt 0.494624 1.000000
vt 0.494624 0.000000
vt 0.505376 1.000000
vt 0.505376 0.000000
vt 0.510753 1.000000
vt 0.510753 0.000000
vt 0.516129 1.000000
vt 0.516129 0.000000
vt 0.521505 1.000000
vt 0.521505 0.000000
vt 0.526882 1.000000
vt 0.526882 0.000000
vt 0.532258 1.000000
vt 0.532258 0.000000
vt 0.537634 1.000000
vt 0.537634 0.000000
vt 0.543011 1.000000
vt 0.543011 0.000000
vt 0.548387 1.000000
vt 0.548387 0.000000
vt 0.553763 1.000000
vt 0.553763 0.000000
vt 0.559140 1.000000
vt 0.559140 0.000000
vt 0.564516 1.000000
vt 0.564516 0.000000
vt 0.569892 1.000000
vt 0.569892 0.000000
vt 0.575269 1.000000
vt 0.575269 0.000000
vt 0.580645 1.000000
vt 0.580645 0.000000
vt 0.586021 1.000000
vt 0.586021 0.000000
vt 0.591398 1.000000
vt 0.591398 0.000000
vt 0.596774 1.000000
vt 0.596774 0.000000
vt 0.602151 1.000000
vt 0.602151 0.000000
vt 0.607527 1.000000
vt 0.607527 0.000000
vt 0.612903 1.000000
vt 0.612903 0.000000
vt 0.618280 1.000000
vt 0.618280 0.000000
vt 0.623656 1.000000
vt 0.623656 0.000000
vt 0.629032 1.000000
vt 0.629032 0.000000
vt 0.634409 1.000000
vt 0.634409 0.000000
vt 0.639785 1.000000
vt 0.639785 0.000000
vt 0.645161 1.000000
vt 0.645161 0.000000
vt 0.650538 1.000000
vt 0.650538 0.000000
vt 0.655914 1.000000
vt 0.655914 0.000000
vt 0.661290 1.000000
vt 0.661290 0.000000
vt 0.672043 1.000000
vt 0.672043 0.000000
vt 0.677419 1.000000
vt 0.677419 0.000000
vt 0.682796 1.000000
vt 0.682796 0.000000
vt 0.688172 1.000000
vt 0.688172 0.000000
vt 0.693548 1.000000
vt 0.693548 0.000000
vt 0.698925 1.000000
vt 0.698925 0.000000
vt 0.704301 1.000000
vt 0.704301 0.000000
vt 0.709677 1.000000
vt 0.709677 0.000000
vt 0.715054 1.000000
vt 0.715054 0.000000
vt 0.720430 1.000000
vt 0.720430 0.000000
vt 0.725806 1.000000
vt 0.725806 0.000000
vt 0.731183 1.000000
vt 0.731183 0.000000
vt 0.736559 1.000000
vt 0.736559 0.000000
vt 0.741935 1.000000
vt 0.741935 0.000000
vt 0.747312 1.000000
vt 0.747312 0.000000
vt 0.752688 1.000000
vt 0.752688 0.000000
vt 0.758065 1.000000
vt 0.758065 0.000000
vt 0.763441 1.000000
vt 0.763441 0.000000
vt 0.768817 1.000000
vt 0.768817 0.000000
vt 0.774194 1.000000
vt 0.774194 0.000000
vt 0.779570 1.000000
vt 0.779570 0.000000
vt 0.784946 1.000000
vt 0.784946 0.000000
vt 0.790323 1.000000
vt 0.790323 0.000000
vt 0.795699 1.000000
vt 0.795699 0.000000
vt 0.801075 1.000000
vt 0.801075 0.000000
vt 0.806452 1.000000
vt 0.806452 0.000000
vt 0.811828 1.000000
vt 0.811828 0.000000
vt 0.817204 1.000000
vt 0.817204 0.000000
vt 0.822581 1.000000
vt 0.822581 0.000000
vt 0.827957 1.000000
vt 0.827957 0.000000
vt 0.838710 1.000000
vt 0.838710 0.000000
vt 0.844086 1.000000
vt 0.844086 0.000000
vt 0.849462 1.000000
vt 0.849462 0.000000
vt 0.854839 1.000000
vt 0.854839 0.000000
vt 0.860215 1.000000
vt 0.860215 0.000000
vt 0.865591 1.000000
vt 0.865591 0.000000
vt 0.870968 1.000000
vt 0.870968 0.000000
vt 0.876344 1.000000
vt 0.876344 0.000000
vt 0.881720 1.000000
vt 0.881720 0.000000
vt 0.887097 1.000000
vt 0.887097 0.000000
vt 0.892473 1.000000
vt 0.892473 0.000000
vt 0.897849 1.000000
vt 0.897849 0.000000
vt 0.903226 1.000000
vt 0.903226 0.000000
vt 0.908602 1.000000
vt 0.908602 0.000000
vt 0.913979 1.000000
vt 0.913979 0.000000
vt 0.919355 1.000000
vt 0.919355 0.000000
vt 0.924731 1.000000
vt 0.924731 0.000000
vt 0.930108 1.000000
vt 0.930108 0.000000
vt 0.935484 1.000000
vt 0.935484 0.000000
vt 0.940860 1.000000
vt 0.940860 0.000000
vt 0.946237 1.000000
vt 0.946237 0.000000
vt 0.951613 1.000000
vt 0.951613 0.000000
vt 0.956989 1.000000
vt 0.956989 0.000000
vt 0.962366 1.000000
vt 0.962366 0.000000
vt 0.967742 1.000000
vt 0.967742 0.000000
vt 0.973118 1.000000
vt 0.973118 0.000000
vt 0.978495 1.000000
vt 0.978495 0.000000
vt 0.983871 1.000000
vt 0.983871 0.000000
vt 0.989247 1.000000
vt 0.989247 0.000000
vt 0.994624 1.000000
vt 0.994624 0.000000
vt 0.016667 1.000000
vt 0.016667 0.000000
vt 0.033333 1.000000
vt 0.033333 0.000000
vt 0.050000 1.000000
vt 0.050000 0.000000
vt 0.066667 1.000000
vt 0.100000 1.000000
vt 0.100000 0.000000
vt 0.116667 1.000000
vt 0.116667 0.000000
vt 0.133333 1.000000
vt 0.150000 1.000000
vt 0.150000 0.000000
vt 0.183333 1.000000
vt 0.183333 0.000000
vt 0.200000 1.000000
vt 0.216667 1.000000
vt 0.216667 0.000000
vt 0.233333 1.000000
vt 0.233333 0.000000
vt 0.266667 1.000000
vt 0.283333 1.000000
vt 0.283333 0.000000
vt 0.300000 1.000000
vt 0.300000 0.000000
vt 0.316667 1.000000
vt 0.316667 0.000000
vt 0.350000 1.000000
vt 0.350000 0.000000
vt 0.366667 1.000000
vt 0.366667 0.000000
vt 0.383333 1.000000
vt 0.383333 0.000000
vt 0.400000 1.000000
vt 0.433333 1.000000
vt 0.433333 0.000000
vt 0.450000 1.000000
vt 0.450000 0.000000
vt 0.466667 1.000000
vt 0.483333 1.000000
vt 0.483333 0.000000
vt 0.516667 1.000000
vt 0.516667 0.000000
vt 0.533333 1.000000
vt 0.550000 1.000000
vt 0.550000 0.000000
vt 0.566667 1.000000
vt 0.566667 0.000000
vt 0.600000 1.000000
vt 0.616667 1.000000
vt 0.616667 0.000000
vt 0.633333 1.000000
vt 0.633333 0.000000
vt 0.650000 1.000000
vt 0.650000 0.000000
vt 0.683333 1.000000
vt 0.683333 0.000000
vt 0.700000 1.000000
vt 0.700000 0.000000
vt 0.716667 1.000000
vt 0.716667 0.000000
vt 0.733333 1.000000
vt 0.766667 1.000000
vt 0.766667 0.000000
vt 0.783333 1.000000
vt 0.783333 0.000000
vt 0.800000 1.000000
vt 0.816667 1.000000
vt 0.816667 0.000000
vt 0.850000 1.000000
vt 0.850000 0.000000
vt 0.866667 1.000000
vt 0.883333 1.000000
vt 0.883333 0.000000
vt 0.900000 1.000000
vt 0.900000 0.000000
vt 0.933333 1.000000
vt 0.950000 1.000000
vt 0.950000 0.000000
vt 0.966667 1.000000
vt 0.966667 0.000000
vt 0.983333 1.000000
vt 0.983333 0.000000
vt 0.003472 1.000000
vt 0.003472 0.000000
vt 0.006944 1.000000
vt 0.006944 0.000000
vt 0.010417 1.000000
vt 0.010417 0.000000
vt 0.013889 1.000000
vt 0.013889 0.000000
vt 0.017361 1.000000
vt 0.017361 0.000000
vt 0.024306 1.000000
vt 0.024306 0.000000
vt 0.027778 1.000000
vt 0.027778 0.000000
vt 0.031250 1.000000
vt 0.031250 0.000000
vt 0.034722 1.000000
vt 0.034722 0.000000
vt 0.038194 1.000000
vt 0.038194 0.000000
vt 0.045139 1.000000
vt 0.045139 0.000000
vt 0.048611 1.000000
vt 0.048611 0.000000
vt 0.052083 1.000000
vt 0.052083 0.000000
vt 0.055556 1.000000
vt 0.055556 0.000000
vt 0.059028 1.000000
vt 0.059028 0.000000
vt 0.065972 1.000000
vt 0.065972 0.000000
vt 0.069444 1.000000
vt 0.069444 0.000000
vt 0.072917 1.000000
vt 0.072917 0.000000
vt 0.076389 1.000000
vt 0.076389 0.000000
vt 0.079861 1.000000
vt 0.079861 0.000000
vt 0.086806 1.000000
vt 0.086806 0.000000
vt 0.090278 1.000000
vt 0.090278 0.000000
vt 0.093750 1.000000
vt 0.093750 0.000000
vt 0.097222 1.000000
vt 0.097222 0.000000
vt 0.100694 1.000000
vt 0.100694 0.000000
vt 0.107639 1.000000
vt 0.107639 0.000000
vt 0.111111 1.000000
vt 0.111111 0.000000
vt 0.114583 1.000000
vt 0.114583 0.000000
vt 0.118056 1.000000
vt 0.118056 0.000000
vt 0.121528 1.000000
vt 0.121528 0.000000
vt 0.128472 1.000000
vt 0.128472 0.000000
vt 0.131944 1.000000
vt 0.131944 0.000000
vt 0.135417 1.000000
vt 0.135417 0.000000
vt 0.138889 1.000000
vt 0.138889 0.000000
vt 0.142361 1.000000
vt 0.142361 0.000000
vt 0.149306 1.000000
vt 0.149306 0.000000
vt 0.152778 1.000000
vt 0.152778 0.000000
vt 0.156250 1.000000
vt 0.156250 0.000000
vt 0.159722 1.000000
vt 0.159722 0.000000
vt 0.163194 1.000000
vt 0.163194 0.000000
vt 0.170139 1.000000
vt 0.170139 0.000000
vt 0.173611 1.000000
vt 0.173611 0.000000
vt 0.177083 1.000000
vt 0.177083 0.000000
vt 0.180556 1.000000
vt 0.180556 0.000000
vt 0.184028 1.000000
vt 0.184028 0.000000
vt 0.190972 1.000000
vt 0.190972 0.000000
vt 0.194444 1.000000
vt 0.194444 0.000000
vt 0.197917 1.000000
vt 0.197917 0.000000
vt 0.201389 1.000000
vt 0.201389 0.000000
vt 0.204861 1.000000
vt 0.204861 0.000000
vt 0.211806 1.000000
vt 0.211806 0.000000
vt 0.215278 1.000000
vt 0.215278 0.000000
vt 0.218750 1.000000
vt 0.218750 0.000000
vt 0.222222 1.000000
vt 0.222222 0.000000
vt 0.225694 1.000000
vt 0.225694 0.000000
vt 0.232639 1.000000
vt 0.232639 0.000000
vt 0.236111 1.000000
vt 0.236111 0.000000
vt 0.239583 1.000000
vt 0.239583 0.000000
vt 0.243056 1.000000
vt 0.243056 0.000000
vt 0.246528 1.000000
vt 0.246528 0.000000
vt 0.253472 1.000000
vt 0.253472 0.000000
vt 0.256944 1.000000
vt 0.256944 0.000000
vt 0.260417 1.000000
vt 0.260417 0.000000
vt 0.263889 1.000000
vt 0.263889 0.000000
vt 0.267361 1.000000
vt 0.267361 0.000000
vt 0.274306 1.000000
vt 0.274306 0.000000
vt 0.277778 1.000000
vt 0.277778 0.000000
vt 0.281250 1.000000
vt 0.281250 0.000000
vt 0.284722 1.000000
vt 0.284722 0.000000
vt 0.288194 1.000000
vt 0.288194 0.000000
vt 0.295139 1.000000
vt 0.295139 0.000000
vt 0.298611 1.000000
vt 0.298611 0.000000
vt 0.302083 1.000000
vt 0.302083 0.000000
vt 0.305556 1.000000
vt 0.305556 0.000000
vt 0.309028 1.000000
vt 0.309028 0.000000
vt 0.315972 1.000000
vt 0.315972 0.000000
vt 0.319444 1.000000
vt 0.319444 0.000000
vt 0.322917 1.000000
vt 0.322917 0.000000
vt 0.326389 1.000000
vt 0.326389 0.000000
vt 0.329861 1.000000
vt 0.329861 0.000000
vt 0.336806 1.000000
vt 0.336806 0.000000
vt 0.340278 1.000000
vt 0.340278 0.000000
vt 0.343750 1.000000
vt 0.343750 0.000000
vt 0.347222 1.000000
vt 0.347222 0.000000
vt 0.350694 1.000000
vt 0.350694 0.000000
vt 0.357639 1.000000
vt 0.357639 0.000000
vt 0.361111 1.000000
vt 0.361111 0.000000
vt 0.364583 1.000000
vt 0.364583 0.000000
vt 0.368056 1.000000
vt 0.368056 0.000000
vt 0.371528 1.000000
vt 0.371528 0.000000
vt 0.378472 1.000000
vt 0.378472 0.000000
vt 0.381944 1.000000
vt 0.381944 0.000000
vt 0.385417 1.000000
vt 0.385417 0.000000
vt 0.388889 1.000000
vt 0.388889 0.000000
vt 0.392361 1.000000
vt 0.392361 0.000000
vt 0.399306 1.000000
vt 0.399306 0.000000
vt 0.402778 1.000000
vt 0.402778 0.000000
vt 0.406250 1.000000
vt 0.406250 0.000000
vt 0.409722 1.000000
vt 0.409722 0.000000
vt 0.413194 1.000000
vt 0.413194 0.000000
vt 0.420139 1.000000
vt 0.420139 0.000000
vt 0.423611 1.000000
vt 0.423611 0.000000
vt 0.427083 1.000000
vt 0.427083 0.000000
vt 0.430556 1.000000
vt 0.430556 0.000000
vt 0.434028 1.000000
vt 0.434028 0.000000
vt 0.440972 1.000000
vt 0.440972 0.000000
vt 0.444444 1.000000
vt 0.444444 0.000000
vt 0.447917 1.000000
vt 0.447917 0.000000
vt 0.451389 1.000000
vt 0.451389 0.000000
vt 0.454861 1.000000
vt 0.454861 0.000000
vt 0.461806 1.000000
vt 0.461806 0.000000
vt 0.465278 1.000000
vt 0.465278 0.000000
vt 0.468750 1.000000
vt 0.468750 0.000000
vt 0.472222 1.000000
vt 0.472222 0.000000
vt 0.475694 1.000000
vt 0.475694 0.000000
vt 0.482639 1.000000
vt 0.482639 0.000000
vt 0.486111 1.000000
vt 0.486111 0.000000
vt 0.489583 1.000000
vt 0.489583 0.000000
vt 0.493056 1.000000
vt 0.493056 0.000000
vt 0.496528 1.000000
vt 0.496528 0.000000
vt 0.503472 1.000000
vt 0.503472 0.000000
vt 0.506944 1.000000
vt 0.506944 0.000000
vt 0.510417 1.000000
vt 0.510417 0.000000
vt 0.513889 1.000000
vt 0.513889 0.000000
vt 0.517361 1.000000
vt 0.517361 0.000000
vt 0.524306 1.000000
vt 0.524306 0.000000
vt 0.527778 1.000000
vt 0.527778 0.000000
vt 0.531250 1.000000
vt 0.531250 0.000000
vt 0.534722 1.000000
vt 0.534722 0.000000
vt 0.538194 1.000000
vt 0.538194 0.000000
vt 0.545139 1.000000
vt 0.545139 0.000000
vt 0.548611 1.000000
vt 0.548611 0.000000
vt 0.552083 1.000000
vt 0.552083 0.000000
vt 0.555556 1.000000
vt 0.555556 0.000000
vt 0.559028 1.000000
vt 0.559028 0.000000
vt 0.565972 1.000000
vt 0.565972 0.000000
vt 0.569444 1.000000
vt 0.569444 0.000000
vt 0.572917 1.000000
vt 0.572917 0.000000
vt 0.576389 1.000000
vt 0.576389 0.000000
vt 0.579861 1.000000
vt 0.579861 0.000000
vt 0.586806 1.000000
vt 0.586806 0.000000
vt 0.590278 1.000000
vt 0.590278 0.000000
vt 0.593750 1.000000
vt 0.593750 0.000000
vt 0.597222 1.000000
vt 0.597222 0.000000
vt 0.600694 1.000000
vt 0.600694 0.000000
vt 0.607639 1.000000
vt 0.607639 0.000000
vt 0.611111 1.000000
vt 0.611111 0.000000
vt 0.614583 1.000000
vt 0.614583 0.000000
vt 0.618056 1.000000
vt 0.618056 0.000000
vt 0.621528 1.000000
vt 0.621528 0.000000
vt 0.628472 1.000000
vt 0.628472 0.000000
vt 0.631944 1.000000
vt 0.631944 0.000000
vt 0.635417 1.000000
vt 0.635417 0.000000
vt 0.638889 1.000000
vt 0.638889 0.000000
vt 0.642361 1.000000
vt 0.642361 0.000000
vt 0.649306 1.000000
vt 0.649306 0.000000
vt 0.652778 1.000000
vt 0.652778 0.000000
vt 0.656250 1.000000
vt 0.656250 0.000000
vt 0.659722 1.000000
vt 0.659722 0.000000
vt 0.663194 1.000000
vt 0.663194 0.000000
vt 0.670139 1.000000
vt 0.670139 0.000000
vt 0.673611 1.000000
vt 0.673611 0.000000
vt 0.677083 1.000000
vt 0.677083 0.000000
vt 0.680556 1.000000
vt 0.680556 0.000000
vt 0.684028 1.000000
vt 0.684028 0.000000
vt 0.690972 1.000000
vt 0.690972 0.000000
vt 0.694444 1.000000
vt 0.694444 0.000000
vt 0.697917 1.000000
vt 0.697917 0.000000
vt 0.701389 1.000000
vt 0.701389 0.000000
vt 0.704861 1.000000
vt 0.704861 0.000000
vt 0.711806 1.000000
vt 0.711806 0.000000
vt 0.715278 1.000000
vt 0.715278 0.000000
vt 0.718750 1.000000
vt 0.718750 0.000000
vt 0.722222 1.000000
vt 0.722222 0.000000
vt 0.725694 1.000000
vt 0.725694 0.000000
vt 0.732639 1.000000
vt 0.732639 0.000000
vt 0.736111 1.000000
vt 0.736111 0.000000
vt 0.739583 1.000000
vt 0.739583 0.000000
vt 0.743056 1.000000
vt 0.743056 0.000000
vt 0.746528 1.000000
vt 0.746528 0.000000
vt 0.753472 1.000000
vt 0.753472 0.000000
vt 0.756944 1.000000
vt 0.756944 0.000000
vt 0.760417 1.000000
vt 0.760417 0.000000
vt 0.763889 1.000000
vt 0.763889 0.000000
vt 0.767361 1.000000
vt 0.767361 0.000000
vt 0.774306 1.000000
vt 0.774306 0.000000
vt 0.777778 1.000000
vt 0.777778 0.000000
vt 0.781250 1.000000
vt 0.781250 0.000000
vt 0.784722 1.000000
vt 0.784722 0.000000
vt 0.788194 1.000000
vt 0.788194 0.000000
vt 0.795139 1.000000
vt 0.798611 1.000000
vt 0.798611 0.000000
vt 0.795139 0.000000
vt 0.802083 1.000000
vt 0.802083 0.000000
vt 0.805556 1.000000
vt 0.805556 0.000000
vt 0.809028 1.000000
vt 0.809028 0.000000
vt 0.815972 1.000000
vt 0.815972 0.000000
vt 0.819444 1.000000
vt 0.819444 0.000000
vt 0.822917 1.000000
vt 0.822917 0.000000
vt 0.826389 1.000000
vt 0.826389 0.000000
vt 0.829861 1.000000
vt 0.829861 0.000000
vt 0.836806 1.000000
vt 0.836806 0.000000
vt 0.840278 1.000000
vt 0.840278 0.000000
vt 0.843750 1.000000
vt 0.843750 0.000000
vt 0.847222 1.000000
vt 0.847222 0.000000
vt 0.850694 1.000000
vt 0.850694 0.000000
vt 0.857639 1.000000
vt 0.857639 0.000000
vt 0.861111 1.000000
vt 0.861111 0.000000
vt 0.864583 1.000000
vt 0.864583 0.000000
vt 0.868056 1.000000
vt 0.868056 0.000000
vt 0.871528 1.000000
vt 0.871528 0.000000
vt 0.878472 1.000000
vt 0.878472 0.000000
vt 0.881944 1.000000
vt 0.881944 0.000000
vt 0.885417 1.000000
vt 0.885417 0.000000
vt 0.888889 1.000000
vt 0.888889 0.000000
vt 0.892361 1.000000
vt 0.892361 0.000000
vt 0.899306 1.000000
vt 0.899306 0.000000
vt 0.902778 1.000000
vt 0.902778 0.000000
vt 0.906250 1.000000
vt 0.906250 0.000000
vt 0.909722 1.000000
vt 0.909722 0.000000
vt 0.913194 1.000000
vt 0.913194 0.000000
vt 0.920139 1.000000
vt 0.920139 0.000000
vt 0.923611 1.000000
vt 0.923611 0.000000
vt 0.927083 1.000000
vt 0.927083 0.000000
vt 0.930556 1.000000
vt 0.930556 0.000000
vt 0.934028 1.000000
vt 0.934028 0.000000
vt 0.940972 1.000000
vt 0.940972 0.000000
vt 0.944444 1.000000
vt 0.944444 0.000000
vt 0.947917 1.000000
vt 0.947917 0.000000
vt 0.951389 1.000000
vt 0.951389 0.000000
vt 0.954861 1.000000
vt 0.954861 0.000000
vt 0.961806 1.000000
vt 0.961806 0.000000
vt 0.965278 1.000000
vt 0.965278 0.000000
vt 0.968750 1.000000
vt 0.968750 0.000000
vt 0.972222 1.000000
vt 0.972222 0.000000
vt 0.975694 1.000000
vt 0.975694 0.000000
vt 0.982639 1.000000
vt 0.982639 0.000000
vt 0.986111 1.000000
vt 0.986111 0.000000
vt 0.989583 1.000000
vt 0.989583 0.000000
vt 0.993056 1.000000
vt 0.993056 0.000000
vt 0.996528 1.000000
vt 0.996528 0.000000
vt 0.007491 1.000000
vt 0.011236 1.000000
vt 0.011236 0.000000
vt 0.007491 0.000000
vt 0.014981 1.000000
vt 0.014981 0.000000
vt 0.018727 1.000000
vt 0.018727 0.000000
vt 0.022472 1.000000
vt 0.022472 0.000000
vt 0.026217 1.000000
vt 0.026217 0.000000
vt 0.029963 1.000000
vt 0.029963 0.000000
vt 0.033708 1.000000
vt 0.033708 0.000000
vt 0.037453 1.000000
vt 0.037453 0.000000
vt 0.041199 1.000000
vt 0.041199 0.000000
vt 0.044944 1.000000
vt 0.044944 0.000000
vt 0.048689 1.000000
vt 0.048689 0.000000
vt 0.052434 1.000000
vt 0.052434 0.000000
vt 0.056180 1.000000
vt 0.056180 0.000000
vt 0.059925 1.000000
vt 0.059925 0.000000
vt 0.063670 1.000000
vt 0.063670 0.000000
vt 0.067416 1.000000
vt 0.067416 0.000000
vt 0.071161 1.000000
vt 0.071161 0.000000
vt 0.074906 1.000000
vt 0.074906 0.000000
vt 0.078652 1.000000
vt 0.078652 0.000000
vt 0.082397 1.000000
vt 0.082397 0.000000
vt 0.086142 1.000000
vt 0.086142 0.000000
vt 0.089888 1.000000
vt 0.089888 0.000000
vt 0.093633 1.000000
vt 0.093633 0.000000
vt 0.097378 1.000000
vt 0.097378 0.000000
vt 0.101124 1.000000
vt 0.101124 0.000000
vt 0.104869 1.000000
vt 0.104869 0.000000
vt 0.108614 1.000000
vt 0.108614 0.000000
vt 0.112360 1.000000
vt 0.112360 0.000000
vt 0.116105 1.000000
vt 0.116105 0.000000
vt 0.119850 1.000000
vt 0.119850 0.000000
vt 0.123596 1.000000
vt 0.123596 0.000000
vt 0.127341 1.000000
vt 0.127341 0.000000
vt 0.131086 1.000000
vt 0.131086 0.000000
vt 0.134831 1.000000
vt 0.134831 0.000000
vt 0.138577 1.000000
vt 0.138577 0.000000
vt 0.142322 1.000000
vt 0.142322 0.000000
vt 0.146067 1.000000
vt 0.146067 0.000000
vt 0.149813 1.000000
vt 0.149813 0.000000
vt 0.153558 1.000000
vt 0.153558 0.000000
vt 0.157303 1.000000
vt 0.157303 0.000000
vt 0.161049 1.000000
vt 0.161049 0.000000
vt 0.164794 1.000000
vt 0.164794 0.000000
vt 0.168539 1.000000
vt 0.168539 0.000000
vt 0.172285 1.000000
vt 0.172285 0.000000
vt 0.176030 1.000000
vt 0.176030 0.000000
vt 0.179775 1.000000
vt 0.179775 0.000000
vt 0.183521 1.000000
vt 0.183521 0.000000
vt 0.187266 1.000000
vt 0.187266 0.000000
vt 0.191011 1.000000
vt 0.191011 0.000000
vt 0.194757 1.000000
vt 0.194757 0.000000
vt 0.198502 1.000000
vt 0.198502 0.000000
vt 0.202247 1.000000
vt 0.202247 0.000000
vt 0.205993 1.000000
vt 0.205993 0.000000
vt 0.209738 1.000000
vt 0.209738 0.000000
vt 0.213483 1.000000
vt 0.213483 0.000000
vt 0.217228 1.000000
vt 0.217228 0.000000
vt 0.220974 1.000000
vt 0.220974 0.000000
vt 0.224719 1.000000
vt 0.224719 0.000000
vt 0.228464 1.000000
vt 0.228464 0.000000
vt 0.232210 1.000000
vt 0.232210 0.000000
vt 0.235955 1.000000
vt 0.235955 0.000000
vt 0.239700 1.000000
vt 0.239700 0.000000
vt 0.243446 1.000000
vt 0.243446 0.000000
vt 0.247191 1.000000
vt 0.247191 0.000000
vt 0.250936 1.000000
vt 0.250936 0.000000
vt 0.254682 1.000000
vt 0.254682 0.000000
vt 0.258427 1.000000
vt 0.258427 0.000000
vt 0.262172 1.000000
vt 0.262172 0.000000
vt 0.265918 1.000000
vt 0.265918 0.000000
vt 0.269663 1.000000
vt 0.269663 0.000000
vt 0.273408 1.000000
vt 0.273408 0.000000
vt 0.277154 1.000000
vt 0.277154 0.000000
vt 0.280899 1.000000
vt 0.280899 0.000000
vt 0.284644 1.000000
vt 0.284644 0.000000
vt 0.288390 1.000000
vt 0.288390 0.000000
vt 0.292135 1.000000
vt 0.292135 0.000000
vt 0.295880 1.000000
vt 0.295880 0.000000
vt 0.299625 1.000000
vt 0.299625 0.000000
vt 0.303371 1.000000
vt 0.303371 0.000000
vt 0.307116 1.000000
vt 0.307116 0.000000
vt 0.310861 1.000000
vt 0.310861 0.000000
vt 0.314607 1.000000
vt 0.314607 0.000000
vt 0.318352 1.000000
vt 0.318352 0.000000
vt 0.322097 1.000000
vt 0.322097 0.000000
vt 0.325843 1.000000
vt 0.325843 0.000000
vt 0.329588 1.000000
vt 0.329588 0.000000
vt 0.337079 1.000000
vt 0.337079 0.000000
vt 0.340824 1.000000
vt 0.340824 0.000000
vt 0.344569 1.000000
vt 0.344569 0.000000
vt 0.348315 1.000000
vt 0.348315 0.000000
vt 0.352060 1.000000
vt 0.352060 0.000000
vt 0.355805 1.000000
vt 0.355805 0.000000
vt 0.359551 1.000000
vt 0.359551 0.000000
vt 0.363296 1.000000
vt 0.363296 0.000000
vt 0.367041 1.000000
vt 0.367041 0.000000
vt 0.370787 1.000000
vt 0.370787 0.000000
vt 0.374532 1.000000
vt 0.374532 0.000000
vt 0.378277 1.000000
vt 0.378277 0.000000
vt 0.382022 1.000000
vt 0.382022 0.000000
vt 0.385768 1.000000
vt 0.385768 0.000000
vt 0.389513 1.000000
vt 0.389513 0.000000
vt 0.393258 1.000000
vt 0.393258 0.000000
vt 0.397004 1.000000
vt 0.397004 0.000000
vt 0.400749 1.000000
vt 0.400749 0.000000
vt 0.404494 1.000000
vt 0.404494 0.000000
vt 0.408240 1.000000
vt 0.408240 0.000000
vt 0.411985 1.000000
vt 0.411985 0.000000
vt 0.415730 1.000000
vt 0.415730 0.000000
vt 0.419476 1.000000
vt 0.419476 0.000000
vt 0.423221 1.000000
vt 0.423221 0.000000
vt 0.426966 1.000000
vt 0.426966 0.000000
vt 0.430712 1.000000
vt 0.430712 0.000000
vt 0.434457 1.000000
vt 0.434457 0.000000
vt 0.438202 1.000000
vt 0.438202 0.000000
vt 0.441948 1.000000
vt 0.441948 0.000000
vt 0.445693 1.000000
vt 0.445693 0.000000
vt 0.449438 1.000000
vt 0.449438 0.000000
vt 0.453184 1.000000
vt 0.453184 0.000000
vt 0.456929 1.000000
vt 0.456929 0.000000
vt 0.460674 1.000000
vt 0.460674 0.000000
vt 0.464419 1.000000
vt 0.464419 0.000000
vt 0.468165 1.000000
vt 0.468165 0.000000
vt 0.471910 1.000000
vt 0.471910 0.000000
vt 0.475655 1.000000
vt 0.475655 0.000000
vt 0.479401 1.000000
vt 0.479401 0.000000
vt 0.483146 1.000000
vt 0.483146 0.000000
vt 0.486891 1.000000
vt 0.486891 0.000000
vt 0.490637 1.000000
vt 0.490637 0.000000
vt 0.494382 1.000000
vt 0.494382 0.000000
vt 0.498127 1.000000
vt 0.498127 0.000000
vt 0.501873 1.000000
vt 0.501873 0.000000
vt 0.505618 1.000000
vt 0.505618 0.000000
vt 0.509363 1.000000
vt 0.509363 0.000000
vt 0.513109 1.000000
vt 0.513109 0.000000
vt 0.516854 1.000000
vt 0.516854 0.000000
vt 0.520599 1.000000
vt 0.520599 0.000000
vt 0.524345 1.000000
vt 0.524345 0.000000
vt 0.528090 1.000000
vt 0.528090 0.000000
vt 0.531835 1.000000
vt 0.531835 0.000000
vt 0.535581 1.000000
vt 0.535581 0.000000
vt 0.539326 1.000000
vt 0.539326 0.000000
vt 0.543071 1.000000
vt 0.543071 0.000000
vt 0.546816 1.000000
vt 0.546816 0.000000
vt 0.550562 1.000000
vt 0.550562 0.000000
vt 0.554307 1.000000
vt 0.554307 0.000000
vt 0.558052 1.000000
vt 0.558052 0.000000
vt 0.561798 1.000000
vt 0.561798 0.000000
vt 0.565543 1.000000
vt 0.565543 0.000000
vt 0.569288 1.000000
vt 0.569288 0.000000
vt 0.573034 1.000000
vt 0.573034 0.000000
vt 0.576779 1.000000
vt 0.576779 0.000000
vt 0.580524 1.000000
vt 0.580524 0.000000
vt 0.584270 1.000000
vt 0.584270 0.000000
vt 0.588015 1.000000
vt 0.588015 0.000000
vt 0.591760 1.000000
vt 0.591760 0.000000
vt 0.595506 1.000000
vt 0.595506 0.000000
vt 0.599251 1.000000
vt 0.599251 0.000000
vt 0.602996 1.000000
vt 0.602996 0.000000
vt 0.606742 1.000000
vt 0.606742 0.000000
vt 0.610487 1.000000
vt 0.610487 0.000000
vt 0.614232 1.000000
vt 0.614232 0.000000
vt 0.617977 1.000000
vt 0.617977 0.000000
vt 0.621723 1.000000
vt 0.621723 0.000000
vt 0.625468 1.000000
vt 0.625468 0.000000
vt 0.629214 1.000000
vt 0.629214 0.000000
vt 0.632959 1.000000
vt 0.632959 0.000000
vt 0.636704 1.000000
vt 0.636704 0.000000
vt 0.640449 1.000000
vt 0.640449 0.000000
vt 0.644195 1.000000
vt 0.644195 0.000000
vt 0.647940 1.000000
vt 0.647940 0.000000
vt 0.651685 1.000000
vt 0.651685 0.000000
vt 0.655431 1.000000
vt 0.655431 0.000000
vt 0.659176 1.000000
vt 0.659176 0.000000
vt 0.662921 1.000000
vt 0.662921 0.000000
vt 0.670412 1.000000
vt 0.670412 0.000000
vt 0.674157 1.000000
vt 0.674157 0.000000
vt 0.677903 1.000000
vt 0.677903 0.000000
vt 0.681648 1.000000
vt 0.681648 0.000000
vt 0.685393 1.000000
vt 0.685393 0.000000
vt 0.689139 1.000000
vt 0.689139 0.000000
vt 0.692884 1.000000
vt 0.692884 0.000000
vt 0.696629 1.000000
vt 0.696629 0.000000
vt 0.700375 1.000000
vt 0.700375 0.000000
vt 0.704120 1.000000
vt 0.704120 0.000000
vt 0.707865 1.000000
vt 0.707865 0.000000
vt 0.711610 1.000000
vt 0.711610 0.000000
vt 0.715356 1.000000
vt 0.715356 0.000000
vt 0.719101 1.000000
vt 0.719101 0.000000
vt 0.722846 1.000000
vt 0.722846 0.000000
vt 0.726592 1.000000
vt 0.726592 0.000000
vt 0.730337 1.000000
vt 0.730337 0.000000
vt 0.734082 1.000000
vt 0.734082 0.000000
vt 0.737828 1.000000
vt 0.737828 0.000000
vt 0.741573 1.000000
vt 0.741573 0.000000
vt 0.745318 1.000000
vt 0.745318 0.000000
vt 0.749064 1.000000
vt 0.749064 0.000000
vt 0.752809 1.000000
vt 0.752809 0.000000
vt 0.756554 1.000000
vt 0.756554 0.000000
vt 0.760300 1.000000
vt 0.760300 0.000000
vt 0.764045 1.000000
vt 0.764045 0.000000
vt 0.767790 1.000000
vt 0.767790 0.000000
vt 0.771536 1.000000
vt 0.771536 0.000000
vt 0.775281 1.000000
vt 0.775281 0.000000
vt 0.779026 1.000000
vt 0.779026 0.000000
vt 0.782772 1.000000
vt 0.782772 0.000000
vt 0.786517 1.000000
vt 0.786517 0.000000
vt 0.790262 1.000000
vt 0.790262 0.000000
vt 0.794007 1.000000
vt 0.794007 0.000000
vt 0.797753 1.000000
vt 0.797753 0.000000
vt 0.801498 1.000000
vt 0.801498 0.000000
vt 0.805243 1.000000
vt 0.805243 0.000000
vt 0.808989 1.000000
vt 0.808989 0.000000
vt 0.812734 1.000000
vt 0.812734 0.000000
vt 0.820225 1.000000
vt 0.823970 1.000000
vt 0.823970 0.000000
vt 0.820225 0.000000
vt 0.827715 1.000000
vt 0.827715 0.000000
vt 0.831461 1.000000
vt 0.831461 0.000000
vt 0.835206 1.000000
vt 0.835206 0.000000
vt 0.838951 1.000000
vt 0.838951 0.000000
vt 0.842697 1.000000
vt 0.842697 0.000000
vt 0.846442 1.000000
vt 0.846442 0.000000
vt 0.850187 1.000000
vt 0.850187 0.000000
vt 0.853933 1.000000
vt 0.853933 0.000000
vt 0.857678 1.000000
vt 0.857678 0.000000
vt 0.861423 1.000000
vt 0.861423 0.000000
vt 0.865169 1.000000
vt 0.865169 0.000000
vt 0.868914 1.000000
vt 0.868914 0.000000
vt 0.872659 1.000000
vt 0.872659 0.000000
vt 0.876405 1.000000
vt 0.876405 0.000000
vt 0.880150 1.000000
vt 0.880150 0.000000
vt 0.883895 1.000000
vt 0.883895 0.000000
vt 0.887640 1.000000
vt 0.887640 0.000000
vt 0.891386 1.000000
vt 0.891386 0.000000
vt 0.895131 1.000000
vt 0.895131 0.000000
vt 0.898876 1.000000
vt 0.898876 0.000000
vt 0.902622 1.000000
vt 0.902622 0.000000
vt 0.906367 1.000000
vt 0.906367 0.000000
vt 0.910112 1.000000
vt 0.910112 0.000000
vt 0.913858 1.000000
vt 0.913858 0.000000
vt 0.917603 1.000000
vt 0.917603 0.000000
vt 0.921348 1.000000
vt 0.921348 0.000000
vt 0.925094 1.000000
vt 0.925094 0.000000
vt 0.928839 1.000000
vt 0.928839 0.000000
vt 0.932584 1.000000
vt 0.932584 0.000000
vt 0.936330 1.000000
vt 0.936330 0.000000
vt 0.940075 1.000000
vt 0.940075 0.000000
vt 0.943820 1.000000
vt 0.943820 0.000000
vt 0.947566 1.000000
vt 0.947566 0.000000
vt 0.951311 1.000000
vt 0.951311 0.000000
vt 0.955056 1.000000
vt 0.955056 0.000000
vt 0.958802 1.000000
vt 0.958802 0.000000
vt 0.962547 1.000000
vt 0.962547 0.000000
vt 0.966292 1.000000
vt 0.966292 0.000000
vt 0.970037 1.000000
vt 0.970037 0.000000
vt 0.973783 1.000000
vt 0.973783 0.000000
vt 0.977528 1.000000
vt 0.977528 0.000000
vt 0.981273 1.000000
vt 0.981273 0.000000
vt 0.985019 1.000000
vt 0.985019 0.000000
vt 0.988764 1.000000
vt 0.988764 0.000000
vt 0.992509 1.000000
vt 0.992509 0.000000
vt 0.996255 1.000000
vt 0.996255 0.000000
vt 0.020000 1.000000
vt 0.020000 0.000000
vt 0.040000 1.000000
vt 0.040000 0.000000
vt 0.060000 1.000000
vt 0.060000 0.000000
vt 0.080000 1.000000
vt 0.080000 0.000000
vt 0.120000 1.000000
vt 0.120000 0.000000
vt 0.140000 1.000000
vt 0.140000 0.000000
vt 0.160000 1.000000
vt 0.160000 0.000000
vt 0.180000 1.000000
vt 0.180000 0.000000
vt 0.220000 1.000000
vt 0.220000 0.000000
vt 0.240000 1.000000
vt 0.240000 0.000000
vt 0.260000 1.000000
vt 0.260000 0.000000
vt 0.280000 1.000000
vt 0.280000 0.000000
vt 0.320000 1.000000
vt 0.320000 0.000000
vt 0.340000 1.000000
vt 0.340000 0.000000
vt 0.360000 1.000000
vt 0.360000 0.000000
vt 0.380000 1.000000
vt 0.380000 0.000000
vt 0.420000 1.000000
vt 0.420000 0.000000
vt 0.440000 1.000000
vt 0.440000 0.000000
vt 0.460000 1.000000
vt 0.460000 0.000000
vt 0.480000 1.000000
vt 0.480000 0.000000
vt 0.520000 1.000000
vt 0.520000 0.000000
vt 0.540000 1.000000
vt 0.540000 0.000000
vt 0.560000 1.000000
vt 0.560000 0.000000
vt 0.580000 1.000000
vt 0.580000 0.000000
vt 0.620000 1.000000
vt 0.620000 0.000000
vt 0.640000 1.000000
vt 0.640000 0.000000
vt 0.660000 1.000000
vt 0.660000 0.000000
vt 0.680000 1.000000
vt 0.680000 0.000000
vt 0.760000 1.000000
vt 0.780000 1.000000
vt 0.780000 0.000000
vt 0.760000 0.000000
vt 0.820000 1.000000
vt 0.820000 0.000000
vt 0.840000 1.000000
vt 0.840000 0.000000
vt 0.860000 1.000000
vt 0.860000 0.000000
vt 0.880000 1.000000
vt 0.880000 0.000000
vt 0.920000 1.000000
vt 0.920000 0.000000
vt 0.940000 1.000000
vt 0.940000 0.000000
vt 0.960000 1.000000
vt 0.960000 0.000000
vt 0.980000 1.000000
vt 0.980000 0.000000
vt 0.011494 1.000000
vt 0.011494 0.000000
vt 0.022989 1.000000
vt 0.022989 0.000000
vt 0.034483 1.000000
vt 0.034483 0.000000
vt 0.045977 1.000000
vt 0.045977 0.000000
vt 0.057471 1.000000
vt 0.057471 0.000000
vt 0.068966 1.000000
vt 0.068966 0.000000
vt 0.080460 1.000000
vt 0.080460 0.000000
vt 0.091954 1.000000
vt 0.091954 0.000000
vt 0.103448 1.000000
vt 0.103448 0.000000
vt 0.114943 1.000000
vt 0.114943 0.000000
vt 0.126437 1.000000
vt 0.126437 0.000000
vt 0.137931 1.000000
vt 0.137931 0.000000
vt 0.149425 1.000000
vt 0.149425 0.000000
vt 0.160920 1.000000
vt 0.160920 0.000000
vt 0.172414 1.000000
vt 0.172414 0.000000
vt 0.183908 1.000000
vt 0.183908 0.000000
vt 0.195402 1.000000
vt 0.195402 0.000000
vt 0.206897 1.000000
vt 0.206897 0.000000
vt 0.218391 1.000000
vt 0.218391 0.000000
vt 0.229885 1.000000
vt 0.229885 0.000000
vt 0.241379 1.000000
vt 0.241379 0.000000
vt 0.252874 1.000000
vt 0.252874 0.000000
vt 0.264368 1.000000
vt 0.264368 0.000000
vt 0.275862 1.000000
vt 0.275862 0.000000
vt 0.287356 1.000000
vt 0.287356 0.000000
vt 0.298851 1.000000
vt 0.298851 0.000000
vt 0.310345 1.000000
vt 0.310345 0.000000
vt 0.321839 1.000000
vt 0.321839 0.000000
vt 0.344828 1.000000
vt 0.344828 0.000000
vt 0.356322 1.000000
vt 0.356322 0.000000
vt 0.367816 1.000000
vt 0.367816 0.000000
vt 0.379310 1.000000
vt 0.379310 0.000000
vt 0.390805 1.000000
vt 0.390805 0.000000
vt 0.402299 1.000000
vt 0.402299 0.000000
vt 0.413793 1.000000
vt 0.413793 0.000000
vt 0.448276 1.000000
vt 0.459770 1.000000
vt 0.459770 0.000000
vt 0.448276 0.000000
vt 0.471264 1.000000
vt 0.471264 0.000000
vt 0.482759 1.000000
vt 0.482759 0.000000
vt 0.494253 1.000000
vt 0.494253 0.000000
vt 0.505747 1.000000
vt 0.505747 0.000000
vt 0.517241 1.000000
vt 0.517241 0.000000
vt 0.528736 1.000000
vt 0.528736 0.000000
vt 0.540230 1.000000
vt 0.540230 0.000000
vt 0.551724 1.000000
vt 0.551724 0.000000
vt 0.563218 1.000000
vt 0.563218 0.000000
vt 0.574713 1.000000
vt 0.574713 0.000000
vt 0.586207 1.000000
vt 0.586207 0.000000
vt 0.597701 1.000000
vt 0.597701 0.000000
vt 0.609195 1.000000
vt 0.609195 0.000000
vt 0.620690 1.000000
vt 0.620690 0.000000
vt 0.632184 1.000000
vt 0.632184 0.000000
vt 0.643678 1.000000
vt 0.643678 0.000000
vt 0.655172 1.000000
vt 0.655172 0.000000
vt 0.678161 1.000000
vt 0.678161 0.000000
vt 0.689655 1.000000
vt 0.689655 0.000000
vt 0.701149 1.000000
vt 0.701149 0.000000
vt 0.712644 1.000000
vt 0.712644 0.000000
vt 0.724138 1.000000
vt 0.724138 0.000000
vt 0.735632 1.000000
vt 0.735632 0.000000
vt 0.747126 1.000000
vt 0.747126 0.000000
vt 0.758621 1.000000
vt 0.758621 0.000000
vt 0.770115 1.000000
vt 0.770115 0.000000
vt 0.781609 1.000000
vt 0.781609 0.000000
vt 0.793103 1.000000
vt 0.793103 0.000000
vt 0.804598 1.000000
vt 0.804598 0.000000
vt 0.816092 1.000000
vt 0.816092 0.000000
vt 0.827586 1.000000
vt 0.827586 0.000000
vt 0.839080 1.000000
vt 0.839080 0.000000
vt 0.850575 1.000000
vt 0.850575 0.000000
vt 0.862069 1.000000
vt 0.862069 0.000000
vt 0.873563 1.000000
vt 0.873563 0.000000
vt 0.885057 1.000000
vt 0.885057 0.000000
vt 0.896552 1.000000
vt 0.896552 0.000000
vt 0.908046 1.000000
vt 0.908046 0.000000
vt 0.919540 1.000000
vt 0.919540 0.000000
vt 0.931035 1.000000
vt 0.931035 0.000000
vt 0.942529 1.000000
vt 0.942529 0.000000
vt 0.954023 1.000000
vt 0.954023 0.000000
vt 0.965517 1.000000
vt 0.965517 0.000000
vt 0.977012 1.000000
vt 0.977012 0.000000
vt 0.988506 1.000000
vt 0.988506 0.000000
vt 0.010870 1.000000
vt 0.010870 0.000000
vt 0.021739 1.000000
vt 0.021739 0.000000
vt 0.032609 1.000000
vt 0.032609 0.000000
vt 0.043478 1.000000
vt 0.043478 0.000000
vt 0.054348 1.000000
vt 0.054348 0.000000
vt 0.065217 1.000000
vt 0.065217 0.000000
vt 0.076087 1.000000
vt 0.076087 0.000000
vt 0.086957 1.000000
vt 0.086957 0.000000
vt 0.097826 1.000000
vt 0.097826 0.000000
vt 0.108696 1.000000
vt 0.108696 0.000000
vt 0.119565 1.000000
vt 0.119565 0.000000
vt 0.130435 1.000000
vt 0.130435 0.000000
vt 0.141304 1.000000
vt 0.141304 0.000000
vt 0.152174 1.000000
vt 0.152174 0.000000
vt 0.163043 1.000000
vt 0.163043 0.000000
vt 0.173913 1.000000
vt 0.173913 0.000000
vt 0.184783 1.000000
vt 0.184783 0.000000
vt 0.195652 1.000000
vt 0.195652 0.000000
vt 0.206522 1.000000
vt 0.206522 0.000000
vt 0.217391 1.000000
vt 0.217391 0.000000
vt 0.228261 1.000000
vt 0.228261 0.000000
vt 0.239130 1.000000
vt 0.239130 0.000000
vt 0.260870 1.000000
vt 0.260870 0.000000
vt 0.271739 1.000000
vt 0.271739 0.000000
vt 0.282609 1.000000
vt 0.282609 0.000000
vt 0.293478 1.000000
vt 0.293478 0.000000
vt 0.304348 1.000000
vt 0.304348 0.000000
vt 0.315217 1.000000
vt 0.315217 0.000000
vt 0.326087 1.000000
vt 0.326087 0.000000
vt 0.336957 1.000000
vt 0.336957 0.000000
vt 0.347826 1.000000
vt 0.347826 0.000000
vt 0.358696 1.000000
vt 0.358696 0.000000
vt 0.369565 1.000000
vt 0.369565 0.000000
vt 0.380435 1.000000
vt 0.380435 0.000000
vt 0.391304 1.000000
vt 0.391304 0.000000
vt 0.402174 1.000000
vt 0.402174 0.000000
vt 0.413043 1.000000
vt 0.413043 0.000000
vt 0.423913 1.000000
vt 0.423913 0.000000
vt 0.434783 1.000000
vt 0.434783 0.000000
vt 0.445652 1.000000
vt 0.445652 0.000000
vt 0.456522 1.000000
vt 0.456522 0.000000
vt 0.467391 1.000000
vt 0.467391 0.000000
vt 0.478261 1.000000
vt 0.478261 0.000000
vt 0.489130 1.000000
vt 0.489130 0.000000
vt 0.510870 1.000000
vt 0.510870 0.000000
vt 0.521739 1.000000
vt 0.521739 0.000000
vt 0.532609 1.000000
vt 0.532609 0.000000
vt 0.543478 1.000000
vt 0.543478 0.000000
vt 0.554348 1.000000
vt 0.554348 0.000000
vt 0.565217 1.000000
vt 0.565217 0.000000
vt 0.576087 1.000000
vt 0.576087 0.000000
vt 0.586957 1.000000
vt 0.586957 0.000000
vt 0.597826 1.000000
vt 0.597826 0.000000
vt 0.608696 1.000000
vt 0.608696 0.000000
vt 0.619565 1.000000
vt 0.619565 0.000000
vt 0.630435 1.000000
vt 0.630435 0.000000
vt 0.641304 1.000000
vt 0.641304 0.000000
vt 0.652174 1.000000
vt 0.652174 0.000000
vt 0.663043 1.000000
vt 0.663043 0.000000
vt 0.673913 1.000000
vt 0.673913 0.000000
vt 0.684783 1.000000
vt 0.684783 0.000000
vt 0.695652 1.000000
vt 0.695652 0.000000
vt 0.706522 1.000000
vt 0.706522 0.000000
vt 0.717391 1.000000
vt 0.717391 0.000000
vt 0.728261 1.000000
vt 0.728261 0.000000
vt 0.739130 1.000000
vt 0.739130 0.000000
vt 0.760870 1.000000
vt 0.760870 0.000000
vt 0.771739 1.000000
vt 0.771739 0.000000
vt 0.782609 1.000000
vt 0.782609 0.000000
vt 0.793478 1.000000
vt 0.793478 0.000000
vt 0.804348 1.000000
vt 0.804348 0.000000
vt 0.815217 1.000000
vt 0.815217 0.000000
vt 0.826087 1.000000
vt 0.826087 0.000000
vt 0.836957 1.000000
vt 0.836957 0.000000
vt 0.847826 1.000000
vt 0.847826 0.000000
vt 0.858696 1.000000
vt 0.858696 0.000000
vt 0.869565 1.000000
vt 0.869565 0.000000
vt 0.880435 1.000000
vt 0.880435 0.000000
vt 0.891304 1.000000
vt 0.891304 0.000000
vt 0.902174 1.000000
vt 0.902174 0.000000
vt 0.913043 1.000000
vt 0.913043 0.000000
vt 0.923913 1.000000
vt 0.923913 0.000000
vt 0.934783 1.000000
vt 0.934783 0.000000
vt 0.945652 1.000000
vt 0.945652 0.000000
vt 0.956522 1.000000
vt 0.956522 0.000000
vt 0.967391 1.000000
vt 0.967391 0.000000
vt 0.978261 1.000000
vt 0.978261 0.000000
vt 0.989130 1.000000
vt 0.989130 0.000000
vt 0.015625 1.000000
vt 0.015625 0.000000
vt 0.046875 1.000000
vt 0.046875 0.000000
vt 0.078125 1.000000
vt 0.078125 0.000000
vt 0.109375 1.000000
vt 0.109375 0.000000
vt 0.140625 1.000000
vt 0.140625 0.000000
vt 0.171875 1.000000
vt 0.171875 0.000000
vt 0.203125 1.000000
vt 0.203125 0.000000
vt 0.234375 1.000000
vt 0.234375 0.000000
vt 0.265625 1.000000
vt 0.265625 0.000000
vt 0.296875 1.000000
vt 0.296875 0.000000
vt 0.328125 1.000000
vt 0.328125 0.000000
vt 0.359375 1.000000
vt 0.359375 0.000000
vt 0.390625 1.000000
vt 0.390625 0.000000
vt 0.421875 1.000000
vt 0.421875 0.000000
vt 0.453125 1.000000
vt 0.453125 0.000000
vt 0.484375 1.000000
vt 0.484375 0.000000
vt 0.515625 1.000000
vt 0.515625 0.000000
vt 0.546875 1.000000
vt 0.546875 0.000000
vt 0.578125 1.000000
vt 0.578125 0.000000
vt 0.609375 1.000000
vt 0.609375 0.000000
vt 0.640625 1.000000
vt 0.640625 0.000000
vt 0.671875 1.000000
vt 0.671875 0.000000
vt 0.703125 1.000000
vt 0.703125 0.000000
vt 0.734375 1.000000
vt 0.734375 0.000000
vt 0.765625 1.000000
vt 0.765625 0.000000
vt 0.796875 1.000000
vt 0.796875 0.000000
vt 0.828125 1.000000
vt 0.828125 0.000000
vt 0.859375 1.000000
vt 0.859375 0.000000
vt 0.890625 1.000000
vt 0.890625 0.000000
vt 0.921875 1.000000
vt 0.921875 0.000000
vt 0.953125 1.000000
vt 0.953125 0.000000
vt 0.984375 1.000000
vt 0.984375 0.000000
vt 0.340039 0.000000
vt 0.344773 0.000000
vt 0.377909 0.000000
vt 0.382643 0.000000
vt 0.438659 0.000000
vt 0.438659 0.000000
vt -1626.640381 0.000000
vt 6027.109863 0.000000
vt 4998.859375 0.000000
vt -0.394745 0.000000
vt -7294.390625 0.000000
vt 0.438659 0.000000
vt -3770.890381 0.000000
vt 0.438659 0.000000
vt 0.443393 0.000000
vt 0.515187 0.000000
vt 0.519921 0.000000
vt 0.519921 0.000000
vt 0.629586 0.000000
vt 0.629586 0.000000
vt 0.629980 0.000000
vt 0.629980 0.000000
vt 0.656016 0.000000
vt 0.656016 0.000000
vt 0.660750 0.000000
vt 0.660749 0.000000
vt 0.693886 0.000000
vt 0.698619 0.000000
vt 0.759763 0.000000
vt 2122.500000 0.000000
vt -1402.500000 0.000000
vt -888.000000 0.000000
vt -493.000000 0.000000
vt -3508.000000 0.000000
vt 2167.000000 0.000000
vt 0.001284 0.000000
vt -2967.000000 0.000000
vt -5986.310059 0.000000
vt -7860.000000 0.000000
vt 0.237171 0.000000
vt 0.007751 0.000000
vt 0.759763 0.000000
vt 0.764497 0.000000
vt 0.837870 0.000000
vt 0.839448 0.000000
vt 0.840631 0.000000
vt 0.842209 0.000000
vt 0.906903 0.000000
vt 0.906903 0.000000
vt 0.911637 0.000000
vt 0.970020 0.000000
vt 0.727515 0.000000
vt 0.970020 0.000000
vt 0.974753 0.000000
vt 0.974753 0.000000
vt -5028.000000 0.000000
vt -4904.437500 0.000000
vt -1256.495605 0.000000
vt -1256.694946 0.000000
vt -1256.816162 0.000000
vt -1256.900757 0.000000
vt -1256.671143 0.000000
vt -1256.671021 0.000000
vt 1621.500000 0.000000
vt 4128.500000 0.000000
vt 1032.694824 0.000000
vt 1031.980835 0.000000
vt 0.837870 0.000000
vt 5114.500000 0.000000
vt 0.442998 0.000000
vt 0.442604 0.000000
vt 0.006531 0.000000
vt 0.442209 0.000000
vt 0.442209 0.000000
vt 0.441815 0.000000
vt 5702.000000 0.000000
vt 0.441420 0.000000
vt 0.441420 0.000000
vt -7992.000000 0.000000
vt 0.441026 0.000000
vt 3273.000000 0.000000
vt 0.440631 0.000000
vt -0.183624 0.000000
vt 0.440237 0.000000
vt 0.440237 0.000000
vt -0.027288 0.000000
vt 0.439842 0.000000
vt -4463.500000 0.000000
vt 0.439448 0.000000
vt -0.041103 0.000000
vt 0.561736 0.000000
vt 0.558580 0.000000
vt 0.442604 0.000000
vt 5233.500000 0.000000
vt 13897.000000 0.000000
vt -2577.875000 0.000000
vt 25738.000000 0.000000
vt 29324.000000 0.000000
vt -3899.500000 0.000000
vt 30586.000000 0.000000
vt 0.791667 1.000000
vt 0.425287 0.000000
vt 0.425287 1.000000
vt 0.562130 0.000000
vt 0.558974 0.000000
vt 0.519527 0.000000
vt 0.519132 0.000000
vt 0.518738 0.000000
vt 0.518343 0.000000
vt 0.517949 0.000000
vt 0.517554 0.000000
vt 7728.000000 0.000000
vt 0.517160 0.000000
vt -0.008894 0.000000
vt 0.516765 0.000000
vt 5963.500000 0.000000
vt 0.516371 0.000000
vt -0.055901 0.000000
vt 0.515976 0.000000
vt -0.068512 0.000000
vt 0.562525 0.000000
vt 0.559369 0.000000
vt 3663.500000 0.000000
vt 4491.000000 0.000000
vt 0.236010 0.000000
vt 0.236010 1.000000
vt 0.003745 0.000000
vt 0.003745 1.000000
vt 0.720000 0.000000
vt 0.720000 1.000000
vt 0.436782 0.000000
vt 0.436782 1.000000
vt 0.562919 0.000000
vt 0.559763 0.000000
vt 0.841420 0.000000
vt 0.072169 0.000000
vt 0.911243 0.000000
vt 0.910848 0.000000
vt 0.910848 0.000000
vt -1714.000000 0.000000
vt 0.910454 0.000000
vt 0.910059 0.000000
vt 8440.000000 0.000000
vt 0.909665 0.000000
vt 0.909665 0.000000
vt 5916.000000 0.000000
vt 0.909270 0.000000
vt 0.909270 0.000000
vt -3702.000000 0.000000
vt 0.908876 0.000000
vt 8902.000000 0.000000
vt 0.908481 0.000000
vt -0.010254 0.000000
vt 0.908087 0.000000
vt 0.908087 0.000000
vt -0.202454 0.000000
vt 0.907692 0.000000
vt -0.015455 0.000000
vt 0.974359 0.000000
vt 0.973965 0.000000
vt 0.973570 0.000000
vt 0.973176 0.000000
vt 2113.000000 0.000000
vt 0.972781 0.000000
vt 5918.000000 0.000000
vt 0.972387 0.000000
vt 0.972387 0.000000
vt -0.007044 0.000000
vt 0.971992 0.000000
vt -8944.000000 0.000000
vt 0.971598 0.000000
vt 5404.000000 0.000000
vt 0.971203 0.000000
vt -6639.000000 0.000000
vt 0.970809 0.000000
vt -0.015451 0.000000
vt 0.142348 0.000000
vt 20626.000000 0.000000
vt 25734.000000 0.000000
vt 29316.000000 0.000000
vt 31204.000000 0.000000
vt 30588.000000 0.000000
vt 0.974359 0.000000
vt 25736.000000 0.000000
vt 31196.000000 0.000000
vt 30584.000000 0.000000
vt 0.563314 0.000000
vt 0.560158 0.000000
vt 0.838659 0.000000
vt 1988.460205 0.000000
vt -4020.580566 0.000000
vt 0.238443 0.000000
vt 0.238443 1.000000
vt 0.816479 0.000000
vt 0.816479 1.000000
vt 0.740000 0.000000
vt 0.740000 1.000000
vt 0.560552 0.000000
vt 1753.000000 0.000000
vt -1751.000000 0.000000
vt 0.382249 0.000000
vt 0.381854 0.000000
vt 0.381460 0.000000
vt 0.381065 0.000000
vt 0.380671 0.000000
vt 0.380276 0.000000
vt 0.379882 0.000000
vt 0.379487 0.000000
vt 5461.500000 0.000000
vt 0.379093 0.000000
vt 0.378698 0.000000
vt -0.003922 0.000000
vt 0.344379 0.000000
vt 0.344379 0.000000
vt 6199.000000 0.000000
vt 0.343984 0.000000
vt 1184.000000 0.000000
vt 0.343590 0.000000
vt 0.343590 0.000000
vt 0.343195 0.000000
vt 2959.500000 0.000000
vt 0.342801 0.000000
vt 4145.500000 0.000000
vt 0.342406 0.000000
vt 0.342406 0.000000
vt -10190.000000 0.000000
vt 0.342012 0.000000
vt 0.342012 0.000000
vt -0.190552 0.000000
vt 0.341617 0.000000
vt 7426.000000 0.000000
vt 0.341223 0.000000
vt 4633.250000 0.000000
vt 0.340828 0.000000
vt 0.340828 0.000000
vt -2839.500000 0.000000
vt 0.560947 0.000000
vt 0.764103 0.000000
vt 0.007118 0.000000
vt 0.763708 0.000000
vt 1428.000000 0.000000
vt 0.763314 0.000000
vt 0.762919 0.000000
vt 0.762525 0.000000
vt -6556.000000 0.000000
vt 0.762130 0.000000
vt 8180.000000 0.000000
vt 0.761736 0.000000
vt 0.761341 0.000000
vt -3664.000000 0.000000
vt 5963.000000 0.000000
vt 0.760947 0.000000
vt 7802.000000 0.000000
vt -0.056770 0.000000
vt 0.760552 0.000000
vt -15294.000000 0.000000
vt -0.069557 0.000000
vt 968.000000 0.000000
vt 0.343984 0.000000
vt 5226.000000 0.000000
vt 13901.000000 0.000000
vt 2578.125000 0.000000
vt 25739.000000 0.000000
vt 29319.000000 0.000000
vt 31202.000000 0.000000
vt 0.340828 0.000000
vt 7647.000000 0.000000
vt 0.764103 0.000000
vt 0.763708 0.000000
vt 0.761341 0.000000
vt 1022.000000 0.000000
vt 0.561341 0.000000
vt 0.698225 0.000000
vt 0.697830 0.000000
vt 0.697436 0.000000
vt 0.697041 0.000000
vt 0.696647 0.000000
vt 0.696252 0.000000
vt 0.695858 0.000000
vt -0.001091 0.000000
vt 0.695464 0.000000
vt 5524.000000 0.000000
vt 0.695069 0.000000
vt -0.001619 0.000000
vt 0.694675 0.000000
vt 0.660355 0.000000
vt 0.659961 0.000000
vt 0.659566 0.000000
vt 0.659172 0.000000
vt -0.090332 0.000000
vt 0.658777 0.000000
vt -4146.000000 0.000000
vt 0.658383 0.000000
vt 5175.000000 0.000000
vt 0.657988 0.000000
vt -6242.000000 0.000000
vt 0.657594 0.000000
vt 7542.000000 0.000000
vt 0.657199 0.000000
vt -0.282837 0.000000
vt 0.656805 0.000000
vt -0.021572 0.000000
vt 0.695464 0.000000
vt 13903.000000 0.000000
vt 20640.000000 0.000000
vt 29314.000000 0.000000
vt 31200.000000 0.000000
vt 30592.000000 0.000000
vt 0.340434 0.000000
vt 0.378304 0.000000
vt 0.439053 0.000000
vt 0.514793 0.000000
vt 0.515582 0.000000
vt 0.511637 0.000000
vt 0.511243 0.000000
vt 0.514398 0.000000
vt 0.512032 0.000000
vt 0.512426 0.000000
vt 0.512821 0.000000
vt 0.510059 0.000000
vt 0.513215 0.000000
vt 0.510454 0.000000
vt 0.513609 0.000000
vt 0.510848 0.000000
vt 0.514004 0.000000
vt 0.563708 0.000000
vt 0.564497 0.000000
vt 0.564892 0.000000
vt 0.565286 0.000000
vt 0.565680 0.000000
vt 0.566075 0.000000
vt 0.566469 0.000000
vt 0.566864 0.000000
vt 0.564103 0.000000
vt 0.656410 0.000000
vt 0.694280 0.000000
vt 0.760158 0.000000
vt 0.838264 0.000000
vt 0.839053 0.000000
vt 0.841026 0.000000
vt 0.841815 0.000000
vt 0.907298 0.000000
vt 0.970414 0.000000
s 1
usemtl jestei-blue-plastic.002
f 456/1/1 458/2/2 457/3/3
f 455/4/1 458/2/2 456/1/1
f 455/4/1 459/5/4 458/2/2
f 454/6/1 459/5/4 455/4/1
f 454/6/1 460/7/1 459/5/4
f 453/8/1 460/7/1 454/6/1
f 453/8/1 461/9/1 460/7/1
f 452/10/1 461/9/1 453/8/1
f 452/10/1 51/11/1 461/9/1
f 451/12/1 51/11/1 452/10/1
f 451/12/1 52/13/1 51/11/1
f 451/12/1 53/14/4 52/13/1
f 450/15/1 53/14/4 451/12/1
f 450/15/1 54/16/4 53/14/4
f 450/15/1 55/17/1 54/16/4
f 450/15/1 56/18/2 55/17/1
f 450/15/1 57/19/2 56/18/2
f 449/20/1 57/19/2 450/15/1
f 449/20/1 58/21/4 57/19/2
f 449/20/1 59/22/1 58/21/4
f 449/20/1 60/23/1 59/22/1
f 449/20/1 61/24/4 60/23/1
f 449/20/1 62/25/4 61/24/4
f 448/26/1 62/25/4 449/20/1
f 448/26/1 63/27/1 62/25/4
f 448/26/1 64/28/1 63/27/1
f 407/29/1 409/30/1 408/31/1
f 407/29/1 410/32/1 409/30/1
f 406/33/1 410/32/1 407/29/1
f 406/33/1 411/34/1 410/32/1
f 447/35/1 64/28/1 448/26/1
f 405/36/1 411/34/1 406/33/1
f 405/36/1 412/37/1 411/34/1
f 404/38/1 412/37/1 405/36/1
f 404/38/1 413/39/1 412/37/1
f 446/40/1 64/28/1 447/35/1
f 403/41/1 413/39/1 404/38/1
f 403/41/1 414/42/1 413/39/1
f 402/43/1 414/42/1 403/41/1
f 445/44/1 64/28/1 446/40/1
f 402/43/1 415/45/1 414/42/1
f 401/46/1 415/45/1 402/43/1
f 401/46/1 416/47/1 415/45/1
f 444/48/1 64/28/1 445/44/1
f 400/49/1 416/47/1 401/46/1
f 400/49/1 417/50/1 416/47/1
f 400/49/1 418/51/1 417/50/1
f 443/52/1 64/28/1 444/48/1
f 399/53/1 418/51/1 400/49/1
f 399/53/1 419/54/1 418/51/1
f 399/53/1 420/55/1 419/54/1
f 442/56/1 64/28/1 443/52/1
f 398/57/1 420/55/1 399/53/1
f 398/57/1 421/58/1 420/55/1
f 441/59/1 64/28/1 442/56/1
f 397/60/1 421/58/1 398/57/1
f 397/60/1 422/61/1 421/58/1
f 440/62/1 64/28/1 441/59/1
f 397/60/1 423/63/1 422/61/1
f 396/64/1 260/65/1 397/60/1
f 260/65/1 259/66/5 397/60/1
f 259/66/5 423/63/1 397/60/1
f 439/67/1 64/28/1 440/62/1
f 258/68/1 423/63/1 259/66/5
f 396/64/1 261/69/2 260/65/1
f 257/70/1 423/63/1 258/68/1
f 396/64/1 262/71/1 261/69/2
f 257/70/1 424/72/1 423/63/1
f 256/73/1 424/72/1 257/70/1
f 396/64/1 263/74/1 262/71/1
f 255/75/1 424/72/1 256/73/1
f 438/76/1 64/28/1 439/67/1
f 396/64/1 264/77/1 263/74/1
f 437/78/1 64/28/1 438/76/1
f 254/79/1 424/72/1 255/75/1
f 396/64/1 265/80/1 264/77/1
f 254/79/1 425/81/1 424/72/1
f 395/82/1 265/80/1 396/64/1
f 253/83/1 425/81/1 254/79/1
f 395/82/1 266/84/1 265/80/1
f 252/85/1 425/81/1 253/83/1
f 436/86/1 64/28/1 437/78/1
f 395/82/1 267/87/1 266/84/1
f 252/85/1 426/88/1 425/81/1
f 251/89/1 426/88/1 252/85/1
f 395/82/1 268/90/1 267/87/1
f 394/91/1 268/90/1 395/82/1
f 435/92/1 64/28/1 436/86/1
f 250/93/1 426/88/1 251/89/1
f 250/93/1 427/94/1 426/88/1
f 394/91/1 269/95/1 268/90/1
f 434/96/1 64/28/1 435/92/1
f 249/97/1 427/94/1 250/93/1
f 249/97/1 428/98/1 427/94/1
f 394/91/1 270/99/1 269/95/1
f 433/100/1 64/28/1 434/96/1
f 249/97/1 429/101/1 428/98/1
f 393/102/1 270/99/1 394/91/1
f 248/103/1 429/101/1 249/97/1
f 432/104/1 64/28/1 433/100/1
f 248/103/1 430/105/1 429/101/1
f 393/102/1 271/106/1 270/99/1
f 431/107/1 64/28/1 432/104/1
f 248/103/1 431/107/1 430/105/1
f 248/103/1 247/108/1 431/107/1
f 247/108/1 246/109/1 431/107/1
f 246/109/1 245/110/1 431/107/1
f 245/110/1 244/111/1 431/107/1
f 244/111/1 243/112/1 431/107/1
f 243/112/1 242/113/1 431/107/1
f 242/113/1 241/114/1 431/107/1
f 241/114/1 240/115/1 431/107/1
f 240/115/1 239/116/1 431/107/1
f 239/116/1 238/117/1 431/107/1
f 238/117/1 64/28/1 431/107/1
f 393/102/1 272/118/1 271/106/1
f 472/119/1 474/120/1 473/121/1
f 392/122/1 272/118/1 393/102/1
f 472/119/1 475/123/1 474/120/1
f 471/124/1 475/123/1 472/119/1
f 392/122/1 273/125/1 272/118/1
f 471/124/1 476/126/1 475/123/1
f 470/127/1 476/126/1 471/124/1
f 392/122/1 274/128/1 273/125/1
f 391/129/1 274/128/1 392/122/1
f 470/127/1 477/130/1 476/126/1
f 469/131/1 477/130/1 470/127/1
f 391/129/1 275/132/1 274/128/1
f 390/133/1 275/132/1 391/129/1
f 390/133/1 276/134/1 275/132/1
f 469/131/1 478/135/1 477/130/1
f 468/136/1 478/135/1 469/131/1
f 390/133/1 277/137/1 276/134/1
f 389/138/1 277/137/1 390/133/1
f 389/138/1 278/139/1 277/137/1
f 468/136/1 479/140/1 478/135/1
f 467/141/1 479/140/1 468/136/1
f 389/138/1 279/142/1 278/139/1
f 388/143/1 279/142/1 389/138/1
f 388/143/1 280/144/1 279/142/1
f 467/141/1 480/145/1 479/140/1
f 466/146/1 480/145/1 467/141/1
f 387/147/1 280/144/1 388/143/1
f 387/147/1 281/148/1 280/144/1
f 237/149/1 64/28/1 238/117/1
f 386/150/1 281/148/1 387/147/1
f 386/150/1 282/151/1 281/148/1
f 466/146/1 481/152/1 480/145/1
f 465/153/1 481/152/1 466/146/1
f 236/154/1 64/28/1 237/149/1
f 386/150/1 283/155/1 282/151/1
f 385/156/1 283/155/1 386/150/1
f 235/157/1 64/28/1 236/154/1
f 385/156/1 284/158/1 283/155/1
f 234/159/1 64/28/1 235/157/1
f 465/153/1 482/160/1 481/152/1
f 464/161/1 546/162/1 465/153/1
f 546/162/1 482/160/1 465/153/1
f 384/163/1 284/158/1 385/156/1
f 384/163/1 285/164/1 284/158/1
f 233/165/1 64/28/1 234/159/1
f 384/163/1 286/166/1 285/164/1
f 464/161/1 547/167/2 546/162/1
f 545/168/6 482/160/1 546/162/1
f 383/169/1 286/166/1 384/163/1
f 544/170/1 482/160/1 545/168/6
f 464/161/1 548/171/1 547/167/2
f 543/172/1 482/160/1 544/170/1
f 464/161/1 549/173/1 548/171/1
f 232/174/1 64/28/1 233/165/1
f 464/161/1 550/175/1 549/173/1
f 542/176/1 482/160/1 543/172/1
f 542/176/1 483/177/1 482/160/1
f 463/178/1 550/175/1 464/161/1
f 383/169/1 287/179/1 286/166/1
f 463/178/1 551/180/1 550/175/1
f 541/181/1 483/177/1 542/176/1
f 231/182/1 64/28/1 232/174/1
f 382/183/1 287/179/1 383/169/1
f 463/178/1 552/184/1 551/180/1
f 540/185/1 483/177/1 541/181/1
f 382/183/1 288/186/1 287/179/1
f 230/187/1 64/28/1 231/182/1
f 463/178/1 553/188/1 552/184/1
f 539/189/1 483/177/1 540/185/1
f 382/183/1 289/190/1 288/186/1
f 381/191/1 289/190/1 382/183/1
f 539/189/1 484/192/1 483/177/1
f 462/193/1 553/188/1 463/178/1
f 462/193/1 554/194/1 553/188/1
f 538/195/1 484/192/1 539/189/1
f 229/196/1 64/28/1 230/187/1
f 381/191/1 290/197/1 289/190/1
f 462/193/1 555/198/1 554/194/1
f 537/199/1 484/192/1 538/195/1
f 380/200/1 290/197/1 381/191/1
f 228/201/1 64/28/1 229/196/1
f 380/200/1 291/202/1 290/197/1
f 462/193/1 556/203/1 555/198/1
f 536/204/1 484/192/1 537/199/1
f 227/205/1 64/28/1 228/201/1
f 379/206/1 291/202/1 380/200/1
f 536/204/1 485/207/1 484/192/1
f 509/208/1 556/203/1 462/193/1
f 379/206/1 292/209/1 291/202/1
f 509/208/1 557/210/1 556/203/1
f 535/211/1 485/207/1 536/204/1
f 226/212/1 64/28/1 227/205/1
f 379/206/1 293/213/1 292/209/1
f 378/214/1 293/213/1 379/206/1
f 509/208/1 510/215/1 557/210/1
f 534/216/1 485/207/1 535/211/1
f 225/217/1 64/28/1 226/212/1
f 378/214/1 294/218/1 293/213/1
f 508/219/1 510/215/1 509/208/1
f 534/216/1 486/220/1 485/207/1
f 508/219/1 511/221/1 510/215/1
f 533/222/1 486/220/1 534/216/1
f 224/223/1 64/28/1 225/217/1
f 377/224/1 294/218/1 378/214/1
f 224/223/1 65/225/1 64/28/1
f 377/224/1 295/226/1 294/218/1
f 376/227/1 295/226/1 377/224/1
f 508/219/1 512/228/1 511/221/1
f 532/229/1 486/220/1 533/222/1
f 223/230/1 65/225/1 224/223/1
f 223/230/1 66/231/1 65/225/1
f 376/227/1 296/232/1 295/226/1
f 508/219/1 513/233/1 512/228/1
f 531/234/1 486/220/1 532/229/1
f 375/235/1 296/232/1 376/227/1
f 222/236/1 66/231/1 223/230/1
f 531/234/1 487/237/1 486/220/1
f 507/238/1 513/233/1 508/219/1
f 375/235/1 297/239/1 296/232/1
f 222/236/1 67/240/1 66/231/1
f 507/238/1 514/241/1 513/233/1
f 530/242/1 487/237/1 531/234/1
f 221/243/1 67/240/1 222/236/1
f 375/235/1 298/244/1 297/239/1
f 507/238/1 515/245/1 514/241/1
f 529/246/1 487/237/1 530/242/1
f 221/243/1 68/247/1 67/240/1
f 220/248/1 68/247/1 221/243/1
f 374/249/1 298/244/1 375/235/1
f 374/249/1 299/250/1 298/244/1
f 507/238/1 516/251/1 515/245/1
f 528/252/1 487/237/1 529/246/1
f 528/252/1 488/253/1 487/237/1
f 506/254/1 516/251/1 507/238/1
f 219/255/1 68/247/1 220/248/1
f 374/249/1 300/256/1 299/250/1
f 219/255/1 69/257/1 68/247/1
f 506/254/1 517/258/1 516/251/1
f 527/259/1 488/253/1 528/252/1
f 374/249/1 301/260/1 300/256/1
f 218/261/1 69/257/1 219/255/1
f 506/254/1 518/262/1 517/258/1
f 526/263/1 488/253/1 527/259/1
f 218/261/1 70/264/1 69/257/1
f 506/254/1 519/265/1 518/262/1
f 525/266/1 488/253/1 526/263/1
f 373/267/1 301/260/1 374/249/1
f 373/267/1 302/268/1 301/260/1
f 217/269/1 70/264/1 218/261/1
f 525/266/1 489/270/1 488/253/1
f 505/271/1 519/265/1 506/254/1
f 505/271/1 520/272/1 519/265/1
f 524/273/1 489/270/1 525/266/1
f 505/271/1 521/274/1 520/272/1
f 523/275/1 489/270/1 524/273/1
f 505/271/1 522/276/1 521/274/1
f 522/276/1 489/270/1 523/275/1
f 373/267/1 303/277/1 302/268/1
f 217/269/1 71/278/1 70/264/1
f 505/271/1 489/270/1 522/276/1
f 216/279/1 71/278/1 217/269/1
f 373/267/1 304/280/1 303/277/1
f 215/281/1 71/278/1 216/279/1
f 215/281/1 72/282/1 71/278/1
f 505/271/1 490/283/1 489/270/1
f 504/284/1 490/283/1 505/271/1
f 373/267/1 305/285/1 304/280/1
f 214/286/1 72/282/1 215/281/1
f 372/287/1 305/285/1 373/267/1
f 214/286/1 73/288/1 72/282/1
f 372/287/1 306/289/1 305/285/1
f 372/287/1 307/290/1 306/289/1
f 372/287/1 308/291/1 307/290/1
f 372/287/1 309/292/1 308/291/1
f 213/293/1 73/288/1 214/286/1
f 372/287/1 310/294/1 309/292/1
f 372/287/1 311/295/1 310/294/1
f 372/287/1 312/296/1 311/295/1
f 372/287/1 313/297/1 312/296/1
f 372/287/1 314/298/1 313/297/1
f 504/284/1 491/299/1 490/283/1
f 503/300/1 491/299/1 504/284/1
f 372/287/1 315/301/1 314/298/1
f 372/287/1 316/302/1 315/301/1
f 372/287/1 317/303/1 316/302/1
f 213/293/1 74/304/1 73/288/1
f 212/305/1 74/304/1 213/293/1
f 372/287/1 318/306/1 317/303/1
f 372/287/1 319/307/1 318/306/1
f 372/287/1 320/308/1 319/307/1
f 372/287/1 321/309/1 320/308/1
f 372/287/1 322/310/1 321/309/1
f 372/287/1 323/311/1 322/310/1
f 372/287/1 324/312/1 323/311/1
f 372/287/1 325/313/1 324/312/1
f 372/287/1 326/314/1 325/313/1
f 372/287/1 327/315/1 326/314/1
f 372/287/1 328/316/1 327/315/1
f 211/317/1 74/304/1 212/305/1
f 372/287/1 329/318/1 328/316/1
f 372/287/1 330/319/1 329/318/1
f 372/287/1 331/320/1 330/319/1
f 211/317/1 75/321/1 74/304/1
f 372/287/1 332/322/1 331/320/1
f 503/300/1 492/323/1 491/299/1
f 502/324/1 492/323/1 503/300/1
f 372/287/1 333/325/1 332/322/1
f 371/326/1 333/325/1 372/287/1
f 210/327/1 75/321/1 211/317/1
f 371/326/1 334/328/1 333/325/1
f 371/326/1 335/329/1 334/328/1
f 210/327/1 76/330/1 75/321/1
f 209/331/1 76/330/1 210/327/1
f 371/326/1 336/332/1 335/329/1
f 148/333/2 150/334/1 149/335/1
f 147/336/1 150/334/1 148/333/2
f 146/337/1 150/334/1 147/336/1
f 502/324/1 493/338/1 492/323/1
f 501/339/1 493/338/1 502/324/1
f 371/326/1 337/340/1 336/332/1
f 145/341/1 150/334/1 146/337/1
f 208/342/1 76/330/1 209/331/1
f 207/343/1 76/330/1 208/342/1
f 144/344/1 150/334/1 145/341/1
f 206/345/1 76/330/1 207/343/1
f 206/345/1 77/346/1 76/330/1
f 144/344/1 151/347/1 150/334/1
f 371/326/1 338/348/1 337/340/1
f 205/349/1 77/346/1 206/345/1
f 204/350/1 77/346/1 205/349/1
f 143/351/1 151/347/1 144/344/1
f 203/352/1 77/346/1 204/350/1
f 371/326/1 339/353/1 338/348/1
f 202/354/1 77/346/1 203/352/1
f 143/351/1 152/355/1 151/347/1
f 201/356/1 77/346/1 202/354/1
f 371/326/1 340/357/1 339/353/1
f 142/358/1 152/355/1 143/351/1
f 200/359/1 77/346/1 201/356/1
f 371/326/1 341/360/1 340/357/1
f 199/361/1 77/346/1 200/359/1
f 371/326/1 342/362/1 341/360/1
f 501/339/1 494/363/1 493/338/1
f 500/364/1 494/363/1 501/339/1
f 198/365/1 77/346/1 199/361/1
f 142/358/1 153/366/1 152/355/1
f 197/367/1 77/346/1 198/365/1
f 197/367/1 78/368/1 77/346/1
f 141/369/1 153/366/1 142/358/1
f 196/370/1 78/368/1 197/367/1
f 370/371/1 342/362/1 371/326/1
f 140/372/1 153/366/1 141/369/1
f 140/372/1 154/373/1 153/366/1
f 195/374/1 78/368/1 196/370/1
f 139/375/1 154/373/1 140/372/1
f 139/375/1 155/376/1 154/373/1
f 500/364/1 495/377/1 494/363/1
f 499/378/1 495/377/1 500/364/1
f 194/379/1 78/368/1 195/374/1
f 194/379/1 79/380/1 78/368/1
f 138/381/1 155/376/1 139/375/1
f 137/382/1 155/376/1 138/381/1
f 137/382/1 156/383/1 155/376/1
f 193/384/1 79/380/1 194/379/1
f 136/385/1 156/383/1 137/382/1
f 135/386/1 156/383/1 136/385/1
f 134/387/1 156/383/1 135/386/1
f 133/388/1 156/383/1 134/387/1
f 132/389/1 156/383/1 133/388/1
f 499/378/1 496/390/1 495/377/1
f 498/391/1 496/390/1 499/378/1
f 131/392/1 156/383/1 132/389/1
f 131/392/1 157/393/1 156/383/1
f 130/394/2 157/393/1 131/392/1
f 129/395/2 157/393/1 130/394/2
f 192/396/1 79/380/1 193/384/1
f 128/397/1 157/393/1 129/395/2
f 192/396/1 80/398/1 79/380/1
f 127/399/1 157/393/1 128/397/1
f 126/400/1 157/393/1 127/399/1
f 125/401/1 157/393/1 126/400/1
f 124/402/1 157/393/1 125/401/1
f 124/402/1 158/403/1 157/393/1
f 123/404/1 158/403/1 124/402/1
f 498/391/1 497/405/1 496/390/1
f 122/406/1 158/403/1 123/404/1
f 191/407/1 80/398/1 192/396/1
f 121/408/1 158/403/1 122/406/1
f 120/409/1 158/403/1 121/408/1
f 120/409/1 159/410/1 158/403/1
f 119/411/1 159/410/1 120/409/1
f 118/412/1 159/410/1 119/411/1
f 190/413/1 80/398/1 191/407/1
f 117/414/1 159/410/1 118/412/1
f 116/415/1 159/410/1 117/414/1
f 190/413/1 81/416/1 80/398/1
f 116/415/1 160/417/1 159/410/1
f 115/418/1 160/417/1 116/415/1
f 114/419/1 160/417/1 115/418/1
f 189/420/1 81/416/1 190/413/1
f 113/421/1 160/417/1 114/419/1
f 112/422/1 160/417/1 113/421/1
f 111/423/1 160/417/1 112/422/1
f 111/423/1 161/424/1 160/417/1
f 369/425/1 342/362/1 370/371/1
f 188/426/1 81/416/1 189/420/1
f 111/423/1 162/427/1 161/424/1
f 188/426/1 82/428/1 81/416/1
f 187/429/1 82/428/1 188/426/1
f 111/423/1 163/430/1 162/427/1
f 110/431/1 163/430/1 111/423/1
f 186/432/1 82/428/1 187/429/1
f 110/431/1 164/433/1 163/430/1
f 185/434/1 82/428/1 186/432/1
f 110/431/1 165/435/1 164/433/1
f 185/434/1 83/436/1 82/428/1
f 184/437/1 83/436/1 185/434/1
f 110/431/1 166/438/1 165/435/1
f 109/439/1 166/438/1 110/431/1
f 183/440/1 83/436/1 184/437/1
f 109/439/1 167/441/1 166/438/1
f 182/442/1 83/436/1 183/440/1
f 109/439/1 168/443/1 167/441/1
f 181/444/1 83/436/1 182/442/1
f 181/444/1 84/445/1 83/436/1
f 109/439/1 169/446/1 168/443/1
f 180/447/1 84/445/1 181/444/1
f 108/448/1 169/446/1 109/439/1
f 108/448/1 170/449/1 169/446/1
f 179/450/1 84/445/1 180/447/1
f 108/448/1 171/451/1 170/449/1
f 178/452/1 84/445/1 179/450/1
f 108/448/1 172/453/1 171/451/1
f 177/454/1 84/445/1 178/452/1
f 108/448/1 173/455/2 172/453/1
f 176/456/1 84/445/1 177/454/1
f 108/448/1 174/457/4 173/455/2
f 175/458/1 84/445/1 176/456/1
f 108/448/1 175/458/1 174/457/4
f 108/448/1 84/445/1 175/458/1
f 368/459/1 342/362/1 369/425/1
f 108/448/1 85/460/1 84/445/1
f 107/461/1 85/460/1 108/448/1
f 107/461/1 86/462/1 85/460/1
f 106/463/1 86/462/1 107/461/1
f 105/464/1 86/462/1 106/463/1
f 105/464/1 87/465/1 86/462/1
f 104/466/1 87/465/1 105/464/1
f 104/466/1 88/467/1 87/465/1
f 367/468/1 342/362/1 368/459/1
f 103/469/1 88/467/1 104/466/1
f 103/469/1 89/470/1 88/467/1
f 102/471/1 89/470/1 103/469/1
f 102/471/1 90/472/1 89/470/1
f 101/473/1 90/472/1 102/471/1
f 101/473/1 91/474/1 90/472/1
f 100/475/1 91/474/1 101/473/1
f 366/476/4 342/362/1 367/468/1
f 100/475/1 92/477/1 91/474/1
f 99/478/1 92/477/1 100/475/1
f 99/478/1 93/479/1 92/477/1
f 98/480/1 93/479/1 99/478/1
f 365/481/4 342/362/1 366/476/4
f 364/482/1 342/362/1 365/481/4
f 363/483/1 342/362/1 364/482/1
f 362/484/1 342/362/1 363/483/1
f 361/485/4 342/362/1 362/484/1
f 360/486/6 342/362/1 361/485/4
f 98/480/1 94/487/1 93/479/1
f 359/488/1 342/362/1 360/486/6
f 359/488/1 343/489/1 342/362/1
f 358/490/4 343/489/1 359/488/1
f 357/491/6 343/489/1 358/490/4
f 356/492/1 343/489/1 357/491/6
f 97/493/1 94/487/1 98/480/1
f 356/492/1 344/494/1 343/489/1
f 355/495/1 344/494/1 356/492/1
f 354/496/1 344/494/1 355/495/1
f 353/497/1 344/494/1 354/496/1
f 353/497/1 345/498/4 344/494/1
f 97/493/1 95/499/1 94/487/1
f 352/500/1 345/498/4 353/497/1
f 352/500/1 346/501/1 345/498/4
f 96/502/1 95/499/1 97/493/1
f 351/503/5 346/501/1 352/500/1
f 351/503/5 347/504/4 346/501/1
f 351/503/5 348/505/4 347/504/4
f 350/506/1 348/505/4 351/503/5
f 350/506/1 349/507/7 348/505/4
f 736/508/1 738/509/8 737/510/1
f 736/508/1 739/511/1 738/509/8
f 736/508/1 740/512/1 739/511/1
f 736/508/1 741/513/1 740/512/1
f 736/508/1 742/514/1 741/513/1
f 736/508/1 743/515/1 742/514/1
f 736/508/1 744/516/1 743/515/1
f 736/508/1 745/517/9 744/516/1
f 736/508/1 746/518/10 745/517/9
f 736/508/1 747/519/11 746/518/10
f 736/508/1 748/520/12 747/519/11
f 736/508/1 749/521/6 748/520/12
f 736/508/1 750/522/1 749/521/6
f 735/523/1 750/522/1 736/508/1
f 735/523/1 751/524/4 750/522/1
f 734/525/5 751/524/4 735/523/1
f 734/525/5 752/526/4 751/524/4
f 733/527/1 752/526/4 734/525/5
f 733/527/1 753/528/1 752/526/4
f 732/529/1 753/528/1 733/527/1
f 732/529/1 754/530/2 753/528/1
f 731/531/1 754/530/2 732/529/1
f 731/531/1 755/532/1 754/530/2
f 730/533/1 755/532/1 731/531/1
f 730/533/1 756/534/1 755/532/1
f 729/535/1 756/534/1 730/533/1
f 729/535/1 757/536/1 756/534/1
f 728/537/2 757/536/1 729/535/1
f 728/537/2 758/538/1 757/536/1
f 727/539/1 758/538/1 728/537/2
f 727/539/1 759/540/1 758/538/1
f 726/541/1 759/540/1 727/539/1
f 726/541/1 760/542/1 759/540/1
f 725/543/1 760/542/1 726/541/1
f 725/543/1 761/544/1 760/542/1
f 724/545/1 761/544/1 725/543/1
f 724/545/1 762/546/1 761/544/1
f 723/547/1 762/546/1 724/545/1
f 723/547/1 763/548/1 762/546/1
f 722/549/1 763/548/1 723/547/1
f 722/549/1 764/550/1 763/548/1
f 721/551/1 764/550/1 722/549/1
f 721/551/1 765/552/1 764/550/1
f 720/553/1 765/552/1 721/551/1
f 720/553/1 766/554/1 765/552/1
f 719/555/1 766/554/1 720/553/1
f 719/555/1 767/556/1 766/554/1
f 718/557/1 767/556/1 719/555/1
f 718/557/1 768/558/1 767/556/1
f 717/559/1 768/558/1 718/557/1
f 717/559/1 769/560/1 768/558/1
f 716/561/1 769/560/1 717/559/1
f 716/561/1 770/562/1 769/560/1
f 715/563/1 770/562/1 716/561/1
f 715/563/1 771/564/1 770/562/1
f 714/565/1 771/564/1 715/563/1
f 714/565/1 772/566/1 771/564/1
f 713/567/1 772/566/1 714/565/1
f 713/567/1 773/568/1 772/566/1
f 712/569/1 773/568/1 713/567/1
f 712/569/1 774/570/1 773/568/1
f 712/569/1 775/571/1 774/570/1
f 711/572/1 775/571/1 712/569/1
f 711/572/1 776/573/1 775/571/1
f 711/572/1 777/574/1 776/573/1
f 710/575/1 777/574/1 711/572/1
f 710/575/1 778/576/1 777/574/1
f 642/577/1 644/578/1 643/579/1
f 641/580/1 644/578/1 642/577/1
f 641/580/1 645/581/4 644/578/1
f 640/582/5 645/581/4 641/580/1
f 640/582/5 646/583/1 645/581/4
f 639/584/1 646/583/1 640/582/5
f 639/584/1 647/585/1 646/583/1
f 638/586/1 647/585/1 639/584/1
f 638/586/1 648/587/4 647/585/1
f 638/586/1 649/588/2 648/587/4
f 637/589/1 649/588/2 638/586/1
f 637/589/1 650/590/1 649/588/2
f 636/591/4 650/590/1 637/589/1
f 636/591/4 651/592/4 650/590/1
f 710/575/1 779/593/1 778/576/1
f 709/594/1 779/593/1 710/575/1
f 635/595/1 651/592/4 636/591/4
f 635/595/1 652/596/13 651/592/4
f 635/595/1 653/597/4 652/596/13
f 635/595/1 654/598/4 653/597/4
f 634/599/1 654/598/4 635/595/1
f 634/599/1 655/600/2 654/598/4
f 634/599/1 656/601/13 655/600/2
f 634/599/1 657/602/4 656/601/13
f 634/599/1 658/603/1 657/602/4
f 634/599/1 659/604/1 658/603/1
f 633/605/1 659/604/1 634/599/1
f 633/605/1 660/606/1 659/604/1
f 632/607/1 660/606/1 633/605/1
f 632/607/1 661/608/1 660/606/1
f 709/594/1 780/609/1 779/593/1
f 632/607/1 662/610/1 661/608/1
f 631/611/1 662/610/1 632/607/1
f 631/611/1 663/612/1 662/610/1
f 630/613/1 663/612/1 631/611/1
f 630/613/1 664/614/1 663/612/1
f 630/613/1 665/615/1 664/614/1
f 708/616/1 780/609/1 709/594/1
f 708/616/1 781/617/1 780/609/1
f 630/613/1 666/618/1 665/615/1
f 630/613/1 667/619/1 666/618/1
f 630/613/1 668/620/1 667/619/1
f 629/621/1 668/620/1 630/613/1
f 708/616/1 782/622/1 781/617/1
f 707/623/1 782/622/1 708/616/1
f 707/623/1 783/624/1 782/622/1
f 628/625/1 668/620/1 629/621/1
f 707/623/1 784/626/1 783/624/1
f 627/627/1 668/620/1 628/625/1
f 706/628/1 784/626/1 707/623/1
f 627/627/1 669/629/1 668/620/1
f 706/628/1 785/630/1 784/626/1
f 626/631/1 669/629/1 627/627/1
f 706/628/1 786/632/1 785/630/1
f 705/633/1 786/632/1 706/628/1
f 625/634/1 669/629/1 626/631/1
f 705/633/1 787/635/1 786/632/1
f 625/634/1 670/636/1 669/629/1
f 705/633/1 788/637/1 787/635/1
f 624/638/1 670/636/1 625/634/1
f 704/639/1 788/637/1 705/633/1
f 704/639/1 789/640/1 788/637/1
f 623/641/1 670/636/1 624/638/1
f 703/642/1 789/640/1 704/639/1
f 703/642/1 790/643/1 789/640/1
f 623/641/1 671/644/1 670/636/1
f 622/645/1 671/644/1 623/641/1
f 703/642/1 791/646/1 790/643/1
f 702/647/1 791/646/1 703/642/1
f 621/648/1 671/644/1 622/645/1
f 702/647/1 792/649/1 791/646/1
f 701/650/1 792/649/1 702/647/1
f 621/648/1 672/651/1 671/644/1
f 620/652/1 672/651/1 621/648/1
f 701/650/1 793/653/1 792/649/1
f 700/654/1 793/653/1 701/650/1
f 700/654/1 794/655/1 793/653/1
f 619/656/1 672/651/1 620/652/1
f 619/656/1 673/657/1 672/651/1
f 700/654/1 795/658/1 794/655/1
f 699/659/1 795/658/1 700/654/1
f 618/660/1 673/657/1 619/656/1
f 699/659/1 796/661/1 795/658/1
f 698/662/1 796/661/1 699/659/1
f 617/663/1 673/657/1 618/660/1
f 617/663/1 674/664/1 673/657/1
f 698/662/1 797/665/1 796/661/1
f 697/666/1 797/665/1 698/662/1
f 616/667/1 674/664/1 617/663/1
f 696/668/1 797/665/1 697/666/1
f 616/667/1 675/669/1 674/664/1
f 696/668/1 798/670/1 797/665/1
f 615/671/1 675/669/1 616/667/1
f 695/672/1 798/670/1 696/668/1
f 615/671/1 676/673/1 675/669/1
f 695/672/1 799/674/1 798/670/1
f 694/675/1 799/674/1 695/672/1
f 614/676/1 676/673/1 615/671/1
f 693/677/1 799/674/1 694/675/1
f 614/676/1 677/678/1 676/673/1
f 693/677/1 800/679/1 799/674/1
f 692/680/1 800/679/1 693/677/1
f 614/676/1 678/681/4 677/678/1
f 691/682/1 800/679/1 692/680/1
f 613/683/1 678/681/4 614/676/1
f 690/684/1 800/679/1 691/682/1
f 613/683/1 679/685/14 678/681/4
f 689/686/1 800/679/1 690/684/1
f 689/686/1 801/687/1 800/679/1
f 613/683/1 680/688/15 679/685/14
f 613/683/1 681/689/16 680/688/15
f 613/683/1 682/690/17 681/689/16
f 613/683/1 683/691/18 682/690/17
f 613/683/1 684/692/19 683/691/18
f 613/683/1 685/693/17 684/692/19
f 613/683/1 686/694/16 685/693/17
f 613/683/1 687/695/1 686/694/16
f 613/683/1 688/696/20 687/695/1
f 613/683/1 689/686/1 688/696/20
f 613/683/1 801/687/1 689/686/1
f 612/697/1 801/687/1 613/683/1
f 612/697/1 802/698/1 801/687/1
f 612/697/1 803/699/1 802/698/1
f 611/700/1 803/699/1 612/697/1
f 611/700/1 804/701/1 803/699/1
f 610/702/1 804/701/1 611/700/1
f 610/702/1 805/703/1 804/701/1
f 609/704/1 805/703/1 610/702/1
f 609/704/1 806/705/1 805/703/1
f 609/704/1 807/706/1 806/705/1
f 608/707/1 807/706/1 609/704/1
f 608/707/1 808/708/1 807/706/1
f 607/709/1 808/708/1 608/707/1
f 607/709/1 809/710/1 808/708/1
f 606/711/1 809/710/1 607/709/1
f 606/711/1 810/712/1 809/710/1
f 606/711/1 811/713/1 810/712/1
f 605/714/1 811/713/1 606/711/1
f 605/714/1 812/715/1 811/713/1
f 604/716/1 812/715/1 605/714/1
f 604/716/1 813/717/1 812/715/1
f 604/716/1 814/718/1 813/717/1
f 603/719/1 814/718/1 604/716/1
f 603/719/1 815/720/1 814/718/1
f 602/721/1 815/720/1 603/719/1
f 602/721/1 816/722/1 815/720/1
f 601/723/1 816/722/1 602/721/1
f 601/723/1 817/724/1 816/722/1
f 601/723/1 818/725/1 817/724/1
f 600/726/1 818/725/1 601/723/1
f 600/726/1 819/727/1 818/725/1
f 599/728/1 819/727/1 600/726/1
f 599/728/1 820/729/1 819/727/1
f 598/730/1 820/729/1 599/728/1
f 598/730/1 821/731/1 820/729/1
f 597/732/1 821/731/1 598/730/1
f 597/732/1 822/733/1 821/731/1
f 597/732/1 823/734/1 822/733/1
f 596/735/1 823/734/1 597/732/1
f 596/735/1 824/736/1 823/734/1
f 595/737/1 824/736/1 596/735/1
f 595/737/1 825/738/1 824/736/1
f 594/739/1 825/738/1 595/737/1
f 594/739/1 826/740/1 825/738/1
f 594/739/1 827/741/1 826/740/1
f 593/742/1 827/741/1 594/739/1
f 593/742/1 828/743/1 827/741/1
f 592/744/1 828/743/1 593/742/1
f 592/744/1 829/745/1 828/743/1
f 591/746/1 829/745/1 592/744/1
f 591/746/1 830/747/1 829/745/1
f 590/748/1 830/747/1 591/746/1
f 590/748/1 831/749/1 830/747/1
f 590/748/1 832/750/1 831/749/1
f 589/751/1 832/750/1 590/748/1
f 589/751/1 833/752/1 832/750/1
f 588/753/1 833/752/1 589/751/1
f 588/753/1 834/754/1 833/752/1
f 587/755/1 834/754/1 588/753/1
f 587/755/1 835/756/1 834/754/1
f 587/755/1 836/757/1 835/756/1
f 586/758/1 836/757/1 587/755/1
f 586/758/1 837/759/1 836/757/1
f 585/760/1 837/759/1 586/758/1
f 585/760/1 838/761/1 837/759/1
f 584/762/1 838/761/1 585/760/1
f 584/762/1 839/763/1 838/761/1
f 584/762/1 840/764/1 839/763/1
f 583/765/4 840/764/1 584/762/1
f 583/765/4 841/766/2 840/764/1
f 582/767/1 841/766/2 583/765/4
f 582/767/1 842/768/1 841/766/2
f 582/767/1 843/769/1 842/768/1
f 581/770/1 843/769/1 582/767/1
f 581/770/1 844/771/1 843/769/1
f 580/772/1 844/771/1 581/770/1
f 580/772/1 558/773/1 844/771/1
f 580/772/1 559/774/1 558/773/1
f 579/775/2 559/774/1 580/772/1
f 579/775/2 560/776/1 559/774/1
f 578/777/1 560/776/1 579/775/2
f 578/777/1 561/778/4 560/776/1
f 577/779/2 561/778/4 578/777/1
f 577/779/2 562/780/1 561/778/4
f 577/779/2 563/781/1 562/780/1
f 576/782/1 563/781/1 577/779/2
f 576/782/1 564/783/4 563/781/1
f 575/784/1 564/783/4 576/782/1
f 575/784/1 565/785/1 564/783/4
f 574/786/1 565/785/1 575/784/1
f 574/786/1 566/787/4 565/785/1
f 574/786/1 567/788/1 566/787/4
f 573/789/1 567/788/1 574/786/1
f 573/789/1 568/790/2 567/788/1
f 572/791/1 568/790/2 573/789/1
f 572/791/1 569/792/5 568/790/2
f 571/793/1 569/792/5 572/791/1
f 571/793/1 570/794/21 569/792/5
f 898/795/1 900/796/22 899/797/23
f 898/795/1 901/798/6 900/796/22
f 898/795/1 902/799/5 901/798/6
f 898/795/1 903/800/6 902/799/5
f 898/795/1 904/801/13 903/800/6
f 898/795/1 905/802/13 904/801/13
f 898/795/1 906/803/6 905/802/13
f 898/795/1 907/804/13 906/803/6
f 898/795/1 908/805/6 907/804/13
f 898/795/1 909/806/24 908/805/6
f 898/795/1 910/807/25 909/806/24
f 898/795/1 911/808/1 910/807/25
f 898/795/1 912/809/1 911/808/1
f 897/810/1 912/809/1 898/795/1
f 897/810/1 913/811/1 912/809/1
f 896/812/1 913/811/1 897/810/1
f 896/812/1 914/813/1 913/811/1
f 895/814/1 914/813/1 896/812/1
f 895/814/1 915/815/1 914/813/1
f 894/816/1 915/815/1 895/814/1
f 894/816/1 916/817/1 915/815/1
f 893/818/1 916/817/1 894/816/1
f 893/818/1 917/819/1 916/817/1
f 892/820/1 917/819/1 893/818/1
f 892/820/1 918/821/1 917/819/1
f 891/822/1 1020/823/2 892/820/1
f 1020/823/2 1019/824/1 892/820/1
f 1019/824/1 918/821/1 892/820/1
f 1019/824/1 1018/825/5 918/821/1
f 1018/825/5 919/826/1 918/821/1
f 1017/827/1 919/826/1 1018/825/5
f 891/822/1 1021/828/1 1020/823/2
f 1016/829/1 919/826/1 1017/827/1
f 891/822/1 1022/830/1 1021/828/1
f 1015/831/1 919/826/1 1016/829/1
f 891/822/1 1023/832/1 1022/830/1
f 1014/833/1 919/826/1 1015/831/1
f 891/822/1 1024/834/1 1023/832/1
f 890/835/1 1024/834/1 891/822/1
f 1013/836/1 919/826/1 1014/833/1
f 890/835/1 1025/837/1 1024/834/1
f 1012/838/1 919/826/1 1013/836/1
f 890/835/1 1026/839/1 1025/837/1
f 1011/840/1 919/826/1 1012/838/1
f 1011/840/1 920/841/1 919/826/1
f 890/835/1 1027/842/1 1026/839/1
f 1010/843/1 920/841/1 1011/840/1
f 890/835/1 1028/844/1 1027/842/1
f 889/845/1 1028/844/1 890/835/1
f 1009/846/1 920/841/1 1010/843/1
f 889/845/1 1029/847/1 1028/844/1
f 1008/848/1 920/841/1 1009/846/1
f 889/845/1 1030/849/1 1029/847/1
f 1008/848/1 921/850/1 920/841/1
f 1007/851/1 921/850/1 1008/848/1
f 889/845/1 1031/852/4 1030/849/1
f 888/853/1 1031/852/4 889/845/1
f 888/853/1 1032/854/4 1031/852/4
f 1066/855/6 921/850/1 1007/851/1
f 888/853/1 1033/856/1 1032/854/4
f 1065/857/1 921/850/1 1066/855/6
f 888/853/1 1034/858/1 1033/856/1
f 1064/859/1 921/850/1 1065/857/1
f 888/853/1 1035/860/2 1034/858/1
f 1063/861/4 921/850/1 1064/859/1
f 888/853/1 1036/862/4 1035/860/2
f 1062/863/1 921/850/1 1063/861/4
f 888/853/1 1037/864/1 1036/862/4
f 1061/865/1 921/850/1 1062/863/1
f 888/853/1 1038/866/4 1037/864/1
f 1060/867/1 921/850/1 1061/865/1
f 888/853/1 1039/868/4 1038/866/4
f 1059/869/1 921/850/1 1060/867/1
f 888/853/1 1040/870/26 1039/868/4
f 1058/871/1 921/850/1 1059/869/1
f 888/853/1 1041/872/2 1040/870/26
f 1057/873/1 921/850/1 1058/871/1
f 888/853/1 1042/874/27 1041/872/2
f 1056/875/1 921/850/1 1057/873/1
f 888/853/1 1043/876/1 1042/874/27
f 1055/877/1 921/850/1 1056/875/1
f 888/853/1 1044/878/1 1043/876/1
f 888/853/1 1045/879/1 1044/878/1
f 888/853/1 1046/880/1 1045/879/1
f 888/853/1 1047/881/1 1046/880/1
f 888/853/1 1048/882/1 1047/881/1
f 888/853/1 1049/883/1 1048/882/1
f 888/853/1 1050/884/4 1049/883/1
f 888/853/1 1051/885/1 1050/884/4
f 888/853/1 1052/886/1 1051/885/1
f 888/853/1 1053/887/4 1052/886/1
f 888/853/1 1054/888/26 1053/887/4
f 888/853/1 1055/877/1 1054/888/26
f 888/853/1 921/850/1 1055/877/1
f 888/853/1 922/889/1 921/850/1
f 887/890/1 922/889/1 888/853/1
f 887/890/1 923/891/1 922/889/1
f 886/892/1 923/891/1 887/890/1
f 885/893/1 923/891/1 886/892/1
f 884/894/1 923/891/1 885/893/1
f 883/895/1 923/891/1 884/894/1
f 882/896/1 923/891/1 883/895/1
f 881/897/1 923/891/1 882/896/1
f 880/898/1 923/891/1 881/897/1
f 879/899/1 923/891/1 880/898/1
f 878/900/1 923/891/1 879/899/1
f 877/901/1 923/891/1 878/900/1
f 876/902/1 923/891/1 877/901/1
f 875/903/1 923/891/1 876/902/1
f 874/904/1 923/891/1 875/903/1
f 874/904/1 924/905/1 923/891/1
f 874/904/1 925/906/1 924/905/1
f 874/904/1 926/907/1 925/906/1
f 874/904/1 927/908/1 926/907/1
f 874/904/1 928/909/1 927/908/1
f 874/904/1 929/910/1 928/909/1
f 874/904/1 930/911/1 929/910/1
f 874/904/1 931/912/1 930/911/1
f 874/904/1 932/913/1 931/912/1
f 874/904/1 933/914/1 932/913/1
f 874/904/1 934/915/1 933/914/1
f 874/904/1 935/916/1 934/915/1
f 874/904/1 936/917/1 935/916/1
f 874/904/1 937/918/1 936/917/1
f 874/904/1 938/919/1 937/918/1
f 874/904/1 939/920/4 938/919/1
f 874/904/1 940/921/1 939/920/4
f 874/904/1 941/922/1 940/921/1
f 874/904/1 942/923/2 941/922/1
f 874/904/1 943/924/4 942/923/2
f 874/904/1 944/925/13 943/924/4
f 874/904/1 945/926/4 944/925/13
f 874/904/1 946/927/28 945/926/4
f 873/928/1 948/929/29 874/904/1
f 873/928/1 949/930/15 948/929/29
f 873/928/1 950/931/13 949/930/15
f 873/928/1 951/932/1 950/931/13
f 873/928/1 952/933/4 951/932/1
f 873/928/1 953/934/13 952/933/4
f 873/928/1 954/935/4 953/934/13
f 873/928/1 955/936/2 954/935/4
f 873/928/1 956/937/6 955/936/2
f 873/928/1 957/938/1 956/937/6
f 873/928/1 958/939/1 957/938/1
f 873/928/1 959/940/4 958/939/1
f 873/928/1 960/941/1 959/940/4
f 873/928/1 961/942/1 960/941/1
f 873/928/1 962/943/1 961/942/1
f 872/944/1 962/943/1 873/928/1
f 994/945/1 996/946/3 995/947/22
f 994/945/1 997/948/1 996/946/3
f 994/945/1 998/949/30 997/948/1
f 994/945/1 999/950/31 998/949/30
f 994/945/1 1000/951/1 999/950/31
f 994/945/1 1001/952/32 1000/951/1
f 994/945/1 1002/953/33 1001/952/32
f 994/945/1 1003/954/34 1002/953/33
f 994/945/1 1004/955/1 1003/954/34
f 994/945/1 1005/956/1 1004/955/1
f 994/945/1 1006/957/35 1005/956/1
f 994/945/1 845/958/27 1006/957/35
f 994/945/1 846/959/26 845/958/27
f 994/945/1 847/960/4 846/959/26
f 994/945/1 848/961/5 847/960/4
f 993/962/1 848/961/5 994/945/1
f 992/963/1 848/961/5 993/962/1
f 992/963/1 849/964/4 848/961/5
f 992/963/1 850/965/4 849/964/4
f 991/966/1 850/965/4 992/963/1
f 991/966/1 851/967/2 850/965/4
f 991/966/1 852/968/1 851/967/2
f 990/969/1 852/968/1 991/966/1
f 989/970/1 852/968/1 990/969/1
f 988/971/1 852/968/1 989/970/1
f 987/972/2 852/968/1 988/971/1
f 872/944/1 963/973/1 962/943/1
f 986/974/1 852/968/1 987/972/2
f 985/975/1 852/968/1 986/974/1
f 984/976/1 852/968/1 985/975/1
f 983/977/1 852/968/1 984/976/1
f 982/978/1 852/968/1 983/977/1
f 872/944/1 964/979/1 963/973/1
f 982/978/1 853/980/1 852/968/1
f 981/981/1 853/980/1 982/978/1
f 872/944/1 965/982/1 964/979/1
f 980/983/1 853/980/1 981/981/1
f 871/984/1 965/982/1 872/944/1
f 979/985/1 853/980/1 980/983/1
f 871/984/1 966/986/1 965/982/1
f 978/987/1 853/980/1 979/985/1
f 978/987/1 854/988/1 853/980/1
f 977/989/1 854/988/1 978/987/1
f 871/984/1 967/990/1 966/986/1
f 976/991/1 854/988/1 977/989/1
f 871/984/1 968/992/1 967/990/1
f 975/993/1 854/988/1 976/991/1
f 974/994/1 854/988/1 975/993/1
f 871/984/1 969/995/1 968/992/1
f 973/996/1 854/988/1 974/994/1
f 871/984/1 970/997/1 969/995/1
f 870/998/1 970/997/1 871/984/1
f 972/999/5 854/988/1 973/996/1
f 870/998/1 971/1000/1 970/997/1
f 971/1000/1 854/988/1 972/999/5
f 870/998/1 854/988/1 971/1000/1
f 870/998/1 855/1001/1 854/988/1
f 870/998/1 856/1002/1 855/1001/1
f 869/1003/1 856/1002/1 870/998/1
f 869/1003/1 857/1004/1 856/1002/1
f 868/1005/1 857/1004/1 869/1003/1
f 868/1005/1 858/1006/1 857/1004/1
f 867/1007/1 858/1006/1 868/1005/1
f 867/1007/1 859/1008/1 858/1006/1
f 866/1009/1 859/1008/1 867/1007/1
f 866/1009/1 860/1010/1 859/1008/1
f 865/1011/1 860/1010/1 866/1009/1
f 865/1011/1 861/1012/1 860/1010/1
f 864/1013/1 861/1012/1 865/1011/1
f 864/1013/1 862/1014/1 861/1012/1
f 1226/1015/1 1228/1016/1 1227/1017/36
f 1226/1015/1 1229/1018/2 1228/1016/1
f 1226/1015/1 1230/1019/37 1229/1018/2
f 1226/1015/1 1231/1020/38 1230/1019/37
f 1226/1015/1 1232/1021/7 1231/1020/38
f 1226/1015/1 1233/1022/13 1232/1021/7
f 1226/1015/1 1234/1023/38 1233/1022/13
f 1226/1015/1 1235/1024/22 1234/1023/38
f 1226/1015/1 1236/1025/39 1235/1024/22
f 1226/1015/1 1237/1026/40 1236/1025/39
f 1226/1015/1 1238/1027/41 1237/1026/40
f 1226/1015/1 1239/1028/1 1238/1027/41
f 1226/1015/1 1240/1029/1 1239/1028/1
f 1225/1030/1 1240/1029/1 1226/1015/1
f 1225/1030/1 1241/1031/1 1240/1029/1
f 1224/1032/1 1241/1031/1 1225/1030/1
f 1224/1032/1 1242/1033/1 1241/1031/1
f 1223/1034/1 1242/1033/1 1224/1032/1
f 1223/1034/1 1243/1035/1 1242/1033/1
f 1222/1036/1 1243/1035/1 1223/1034/1
f 1222/1036/1 1244/1037/1 1243/1035/1
f 1221/1038/1 1244/1037/1 1222/1036/1
f 1221/1038/1 1245/1039/1 1244/1037/1
f 1220/1040/1 1245/1039/1 1221/1038/1
f 1220/1040/1 1246/1041/1 1245/1039/1
f 1219/1042/1 1246/1041/1 1220/1040/1
f 1219/1042/1 1247/1043/1 1246/1041/1
f 1218/1044/1 1247/1043/1 1219/1042/1
f 1218/1044/1 1248/1045/1 1247/1043/1
f 1217/1046/1 1248/1045/1 1218/1044/1
f 1217/1046/1 1283/1047/1 1248/1045/1
f 1283/1047/1 1249/1048/1 1248/1045/1
f 1217/1046/1 1284/1049/1 1283/1047/1
f 1282/1050/1 1249/1048/1 1283/1047/1
f 1216/1051/1 1285/1052/1 1217/1046/1
f 1285/1052/1 1284/1049/1 1217/1046/1
f 1281/1053/1 1249/1048/1 1282/1050/1
f 1281/1053/1 1250/1054/1 1249/1048/1
f 1216/1051/1 1286/1055/5 1285/1052/1
f 1216/1051/1 1287/1056/4 1286/1055/5
f 1280/1057/1 1250/1054/1 1281/1053/1
f 1216/1051/1 1288/1058/1 1287/1056/4
f 1279/1059/1 1250/1054/1 1280/1057/1
f 1216/1051/1 1289/1060/1 1288/1058/1
f 1278/1061/1 1250/1054/1 1279/1059/1
f 1216/1051/1 1290/1062/1 1289/1060/1
f 1216/1051/1 1291/1063/1 1290/1062/1
f 1277/1064/1 1250/1054/1 1278/1061/1
f 1216/1051/1 1292/1065/1 1291/1063/1
f 1276/1066/1 1250/1054/1 1277/1064/1
f 1216/1051/1 1293/1067/1 1292/1065/1
f 1215/1068/1 1293/1067/1 1216/1051/1
f 1276/1066/1 1251/1069/1 1250/1054/1
f 1275/1070/1 1251/1069/1 1276/1066/1
f 1215/1068/1 1294/1071/1 1293/1067/1
f 1274/1072/1 1251/1069/1 1275/1070/1
f 1215/1068/1 1295/1073/1 1294/1071/1
f 1273/1074/1 1251/1069/1 1274/1072/1
f 1215/1068/1 1296/1075/1 1295/1073/1
f 1272/1076/1 1251/1069/1 1273/1074/1
f 1214/1077/1 1296/1075/1 1215/1068/1
f 1272/1076/1 1252/1078/1 1251/1069/1
f 1214/1077/1 1297/1079/1 1296/1075/1
f 1213/1080/1 1297/1079/1 1214/1077/1
f 1272/1076/1 1253/1081/1 1252/1078/1
f 1272/1076/1 1254/1082/1 1253/1081/1
f 1212/1083/1 1297/1079/1 1213/1080/1
f 1272/1076/1 1255/1084/1 1254/1082/1
f 1272/1076/1 1256/1085/1 1255/1084/1
f 1211/1086/1 1297/1079/1 1212/1083/1
f 1272/1076/1 1257/1087/1 1256/1085/1
f 1210/1088/1 1297/1079/1 1211/1086/1
f 1209/1089/1 1297/1079/1 1210/1088/1
f 1208/1090/1 1297/1079/1 1209/1089/1
f 1207/1091/1 1297/1079/1 1208/1090/1
f 1206/1092/1 1297/1079/1 1207/1091/1
f 1206/1092/1 1298/1093/1 1297/1079/1
f 1205/1094/1 1298/1093/1 1206/1092/1
f 1204/1095/1 1298/1093/1 1205/1094/1
f 1204/1095/1 1299/1096/1 1298/1093/1
f 1204/1095/1 1300/1097/1 1299/1096/1
f 1204/1095/1 1301/1098/1 1300/1097/1
f 1204/1095/1 1302/1099/1 1301/1098/1
f 1204/1095/1 1303/1100/1 1302/1099/1
f 1203/1101/1 1303/1100/1 1204/1095/1
f 1203/1101/1 1304/1102/1 1303/1100/1
f 1203/1101/1 1305/1103/1 1304/1102/1
f 1203/1101/1 1306/1104/1 1305/1103/1
f 1203/1101/1 1307/1105/38 1306/1104/1
f 1203/1101/1 1308/1106/2 1307/1105/38
f 1203/1101/1 1309/1107/2 1308/1106/2
f 1203/1101/1 1310/1108/4 1309/1107/2
f 1203/1101/1 1311/1109/4 1310/1108/4
f 1203/1101/1 1312/1110/1 1311/1109/4
f 1203/1101/1 1313/1111/1 1312/1110/1
f 1203/1101/1 1314/1112/2 1313/1111/1
f 1203/1101/1 1315/1113/4 1314/1112/2
f 1203/1101/1 1316/1114/2 1315/1113/4
f 1203/1101/1 1317/1115/21 1316/1114/2
f 1203/1101/1 1318/1116/31 1317/1115/21
f 1203/1101/1 1319/1117/1 1318/1116/31
f 1203/1101/1 1320/1118/1 1319/1117/1
f 1203/1101/1 1321/1119/1 1320/1118/1
f 1203/1101/1 1322/1120/1 1321/1119/1
f 1202/1121/1 1322/1120/1 1203/1101/1
f 1202/1121/1 1323/1122/1 1322/1120/1
f 1202/1121/1 1324/1123/1 1323/1122/1
f 1201/1124/1 1324/1123/1 1202/1121/1
f 1201/1124/1 1325/1125/1 1324/1123/1
f 1200/1126/1 1325/1125/1 1201/1124/1
f 1200/1126/1 1326/1127/1 1325/1125/1
f 1199/1128/1 1326/1127/1 1200/1126/1
f 1199/1128/1 1327/1129/1 1326/1127/1
f 1198/1130/1 1327/1129/1 1199/1128/1
f 1198/1130/1 1328/1131/1 1327/1129/1
f 1197/1132/1 1328/1131/1 1198/1130/1
f 1197/1132/1 1329/1133/1 1328/1131/1
f 1196/1134/1 1329/1133/1 1197/1132/1
f 1195/1135/1 1329/1133/1 1196/1134/1
f 1195/1135/1 1330/1136/1 1329/1133/1
f 1194/1137/1 1330/1136/1 1195/1135/1
f 1193/1138/4 1330/1136/1 1194/1137/1
f 1192/1139/1 1330/1136/1 1193/1138/4
f 1191/1140/1 1330/1136/1 1192/1139/1
f 1190/1141/1 1330/1136/1 1191/1140/1
f 1189/1142/1 1330/1136/1 1190/1141/1
f 1188/1143/1 1330/1136/1 1189/1142/1
f 1187/1144/1 1330/1136/1 1188/1143/1
f 1186/1145/1 1330/1136/1 1187/1144/1
f 1185/1146/1 1330/1136/1 1186/1145/1
f 1184/1147/1 1330/1136/1 1185/1146/1
f 1183/1148/1 1330/1136/1 1184/1147/1
f 1182/1149/42 1330/1136/1 1183/1148/1
f 1181/1150/43 1330/1136/1 1182/1149/42
f 1180/1151/21 1330/1136/1 1181/1150/43
f 1179/1152/2 1330/1136/1 1180/1151/21
f 1178/1153/4 1330/1136/1 1179/1152/2
f 1177/1154/1 1330/1136/1 1178/1153/4
f 1177/1154/1 1067/1155/1 1330/1136/1
f 1176/1156/2 1067/1155/1 1177/1154/1
f 1175/1157/1 1067/1155/1 1176/1156/2
f 1174/1158/1 1067/1155/1 1175/1157/1
f 1173/1159/1 1067/1155/1 1174/1158/1
f 1172/1160/1 1067/1155/1 1173/1159/1
f 1112/1161/1 1114/1162/44 1113/1163/1
f 1112/1161/1 1115/1164/1 1114/1162/44
f 1112/1161/1 1116/1165/1 1115/1164/1
f 1112/1161/1 1117/1166/45 1116/1165/1
f 1112/1161/1 1118/1167/46 1117/1166/45
f 1112/1161/1 1119/1168/47 1118/1167/46
f 1112/1161/1 1120/1169/48 1119/1168/47
f 1112/1161/1 1121/1170/20 1120/1169/48
f 1112/1161/1 1122/1171/49 1121/1170/20
f 1112/1161/1 1123/1172/50 1122/1171/49
f 1112/1161/1 1124/1173/51 1123/1172/50
f 1112/1161/1 1125/1174/52 1124/1173/51
f 1112/1161/1 1126/1175/28 1125/1174/52
f 1112/1161/1 1127/1176/21 1126/1175/28
f 1111/1177/1 1127/1176/21 1112/1161/1
f 1111/1177/1 1128/1178/6 1127/1176/21
f 1110/1179/1 1128/1178/6 1111/1177/1
f 1110/1179/1 1129/1180/1 1128/1178/6
f 1110/1179/1 1130/1181/2 1129/1180/1
f 1109/1182/1 1130/1181/2 1110/1179/1
f 1109/1182/1 1131/1183/6 1130/1181/2
f 1108/1184/1 1131/1183/6 1109/1182/1
f 1108/1184/1 1132/1185/2 1131/1183/6
f 1108/1184/1 1133/1186/2 1132/1185/2
f 1171/1187/1 1067/1155/1 1172/1160/1
f 1107/1188/1 1133/1186/2 1108/1184/1
f 1107/1188/1 1134/1189/6 1133/1186/2
f 1106/1190/1 1134/1189/6 1107/1188/1
f 1106/1190/1 1135/1191/1 1134/1189/6
f 1106/1190/1 1136/1192/1 1135/1191/1
f 1105/1193/5 1136/1192/1 1106/1190/1
f 1105/1193/5 1137/1194/4 1136/1192/1
f 1104/1195/2 1137/1194/4 1105/1193/5
f 1104/1195/2 1138/1196/1 1137/1194/4
f 1103/1197/1 1138/1196/1 1104/1195/2
f 1102/1198/1 1138/1196/1 1103/1197/1
f 1101/1199/1 1138/1196/1 1102/1198/1
f 1171/1187/1 1068/1200/1 1067/1155/1
f 1171/1187/1 1069/1201/1 1068/1200/1
f 1170/1202/1 1069/1201/1 1171/1187/1
f 1100/1203/1 1138/1196/1 1101/1199/1
f 1170/1202/1 1070/1204/1 1069/1201/1
f 1170/1202/1 1071/1205/1 1070/1204/1
f 1170/1202/1 1072/1206/1 1071/1205/1
f 1170/1202/1 1073/1207/1 1072/1206/1
f 1100/1203/1 1139/1208/1 1138/1196/1
f 1170/1202/1 1074/1209/1 1073/1207/1
f 1170/1202/1 1075/1210/1 1074/1209/1
f 1170/1202/1 1076/1211/1 1075/1210/1
f 1170/1202/1 1077/1212/1 1076/1211/1
f 1169/1213/1 1077/1212/1 1170/1202/1
f 1169/1213/1 1078/1214/1 1077/1212/1
f 1100/1203/1 1140/1215/1 1139/1208/1
f 1168/1216/1 1078/1214/1 1169/1213/1
f 1167/1217/1 1078/1214/1 1168/1216/1
f 1166/1218/1 1078/1214/1 1167/1217/1
f 1165/1219/1 1078/1214/1 1166/1218/1
f 1164/1220/1 1078/1214/1 1165/1219/1
f 1100/1203/1 1141/1221/1 1140/1215/1
f 1099/1222/1 1141/1221/1 1100/1203/1
f 1163/1223/1 1078/1214/1 1164/1220/1
f 1099/1222/1 1142/1224/1 1141/1221/1
f 1162/1225/1 1078/1214/1 1163/1223/1
f 1099/1222/1 1143/1226/1 1142/1224/1
f 1162/1225/1 1079/1227/1 1078/1214/1
f 1161/1228/1 1079/1227/1 1162/1225/1
f 1160/1229/1 1079/1227/1 1161/1228/1
f 1099/1222/1 1144/1230/1 1143/1226/1
f 1098/1231/1 1144/1230/1 1099/1222/1
f 1159/1232/1 1079/1227/1 1160/1229/1
f 1098/1231/1 1145/1233/1 1144/1230/1
f 1158/1234/1 1079/1227/1 1159/1232/1
f 1098/1231/1 1146/1235/1 1145/1233/1
f 1157/1236/2 1079/1227/1 1158/1234/1
f 1098/1231/1 1147/1237/1 1146/1235/1
f 1156/1238/1 1079/1227/1 1157/1236/2
f 1156/1238/1 1080/1239/1 1079/1227/1
f 1155/1240/1 1080/1239/1 1156/1238/1
f 1098/1231/1 1148/1241/1 1147/1237/1
f 1154/1242/4 1080/1239/1 1155/1240/1
f 1098/1231/1 1149/1243/53 1148/1241/1
f 1153/1244/1 1080/1239/1 1154/1242/4
f 1098/1231/1 1150/1245/54 1149/1243/53
f 1098/1231/1 1151/1246/55 1150/1245/54
f 1098/1231/1 1152/1247/56 1151/1246/57
f 1098/1231/1 1153/1244/1 1152/1247/56
f 1098/1231/1 1080/1239/1 1153/1244/1
f 1097/1248/1 1080/1239/1 1098/1231/1
f 1097/1248/1 1081/1249/1 1080/1239/1
f 1096/1250/1 1081/1249/1 1097/1248/1
f 1096/1250/1 1082/1251/1 1081/1249/1
f 1095/1252/1 1082/1251/1 1096/1250/1
f 1095/1252/1 1083/1253/1 1082/1251/1
f 1094/1254/1 1083/1253/1 1095/1252/1
f 1094/1254/1 1084/1255/1 1083/1253/1
f 1093/1256/1 1084/1255/1 1094/1254/1
f 1093/1256/1 1085/1257/1 1084/1255/1
f 1092/1258/1 1085/1257/1 1093/1256/1
f 1092/1258/1 1086/1259/1 1085/1257/1
f 1091/1260/1 1086/1259/1 1092/1258/1
f 1091/1260/1 1087/1261/1 1086/1259/1
f 1090/1262/1 1087/1261/1 1091/1260/1
f 1090/1262/1 1088/1263/1 1087/1261/1
f 1451/1264/42 1453/1265/1 1452/1266/1
f 1451/1264/42 1454/1267/58 1453/1265/1
f 1451/1264/42 1455/1268/59 1454/1267/58
f 1451/1264/42 1456/1269/60 1455/1268/59
f 1451/1264/42 1457/1270/1 1456/1269/60
f 1451/1264/42 1458/1271/61 1457/1270/1
f 1451/1264/42 1459/1272/62 1458/1271/61
f 1451/1264/42 1460/1273/17 1459/1272/62
f 1451/1264/42 1461/1274/63 1460/1273/17
f 1451/1264/42 1462/1275/64 1461/1274/63
f 1451/1264/42 1463/1276/65 1462/1275/64
f 1451/1264/42 1464/1277/1 1463/1276/65
f 1451/1264/42 1465/1278/7 1464/1277/1
f 1450/1279/4 1465/1278/7 1451/1264/42
f 1450/1279/4 1466/1280/2 1465/1278/7
f 1449/1281/1 1466/1280/2 1450/1279/4
f 1449/1281/1 1467/1282/1 1466/1280/2
f 1448/1283/1 1467/1282/1 1449/1281/1
f 1448/1283/1 1468/1284/1 1467/1282/1
f 1447/1285/1 1468/1284/1 1448/1283/1
f 1447/1285/1 1469/1286/4 1468/1284/1
f 1446/1287/1 1469/1286/4 1447/1285/1
f 1446/1287/1 1470/1288/4 1469/1286/4
f 1445/1289/13 1470/1288/4 1446/1287/1
f 1445/1289/13 1471/1290/6 1470/1288/4
f 1444/1291/5 1471/1290/6 1445/1289/13
f 1444/1291/5 1472/1292/4 1471/1290/6
f 1443/1293/13 1472/1292/4 1444/1291/5
f 1443/1293/13 1473/1294/4 1472/1292/4
f 1442/1295/26 1473/1294/4 1443/1293/13
f 1442/1295/26 1474/1296/4 1473/1294/4
f 1441/1297/5 1474/1296/4 1442/1295/26
f 1441/1297/5 1475/1298/1 1474/1296/4
f 1440/1299/1 1475/1298/1 1441/1297/5
f 1440/1299/1 1476/1300/2 1475/1298/1
f 1439/1301/1 1476/1300/2 1440/1299/1
f 1439/1301/1 1477/1302/1 1476/1300/2
f 1438/1303/1 1477/1302/1 1439/1301/1
f 1438/1303/1 1478/1304/1 1477/1302/1
f 1437/1305/1 1478/1304/1 1438/1303/1
f 1437/1305/1 1479/1306/1 1478/1304/1
f 1436/1307/1 1479/1306/1 1437/1305/1
f 1436/1307/1 1480/1308/1 1479/1306/1
f 1435/1309/1 1480/1308/1 1436/1307/1
f 1435/1309/1 1481/1310/1 1480/1308/1
f 1434/1311/1 1481/1310/1 1435/1309/1
f 1434/1311/1 1482/1312/1 1481/1310/1
f 1433/1313/1 1482/1312/1 1434/1311/1
f 1433/1313/1 1483/1314/1 1482/1312/1
f 1432/1315/1 1483/1314/1 1433/1313/1
f 1432/1315/1 1484/1316/1 1483/1314/1
f 1431/1317/1 1484/1316/1 1432/1315/1
f 1431/1317/1 1485/1318/1 1484/1316/1
f 1430/1319/1 1485/1318/1 1431/1317/1
f 1430/1319/1 1486/1320/1 1485/1318/1
f 1429/1321/1 1486/1320/1 1430/1319/1
f 1429/1321/1 1487/1322/1 1486/1320/1
f 1428/1323/1 1487/1322/1 1429/1321/1
f 1428/1323/1 1488/1324/1 1487/1322/1
f 1427/1325/1 1488/1324/1 1428/1323/1
f 1427/1325/1 1489/1326/5 1488/1324/1
f 1426/1327/1 1489/1326/5 1427/1325/1
f 1426/1327/1 1490/1328/13 1489/1326/5
f 1425/1329/1 1490/1328/13 1426/1327/1
f 1425/1329/1 1491/1330/1 1490/1328/13
f 1424/1331/1 1491/1330/1 1425/1329/1
f 1424/1331/1 1492/1332/5 1491/1330/1
f 1423/1333/1 1492/1332/5 1424/1331/1
f 1423/1333/1 1493/1334/4 1492/1332/5
f 1422/1335/1 1493/1334/4 1423/1333/1
f 1422/1335/1 1494/1336/1 1493/1334/4
f 1421/1337/1 1494/1336/1 1422/1335/1
f 1421/1337/1 1495/1338/1 1494/1336/1
f 1420/1339/3 1495/1338/1 1421/1337/1
f 1420/1339/3 1496/1340/21 1495/1338/1
f 1419/1341/2 1496/1340/21 1420/1339/3
f 1419/1341/2 1497/1342/28 1496/1340/21
f 1418/1343/1 1497/1342/28 1419/1341/2
f 1418/1343/1 1498/1344/2 1497/1342/28
f 1417/1345/1 1498/1344/2 1418/1343/1
f 1417/1345/1 1499/1346/66 1498/1344/2
f 1416/1347/1 1499/1346/66 1417/1345/1
f 1416/1347/1 1500/1348/67 1499/1346/66
f 1403/1349/68 1405/1350/69 1404/1351/70
f 1403/1349/68 1406/1352/71 1405/1350/69
f 1403/1349/68 1407/1353/1 1406/1352/71
f 1403/1349/68 1408/1354/1 1407/1353/1
f 1403/1349/68 1409/1355/72 1408/1354/1
f 1403/1349/68 1410/1356/73 1409/1355/72
f 1403/1349/68 1411/1357/74 1410/1356/73
f 1403/1349/68 1412/1358/75 1411/1357/74
f 1403/1349/68 1413/1359/71 1412/1358/75
f 1403/1349/68 1414/1360/69 1413/1359/71
f 1403/1349/68 1415/1361/76 1414/1360/69
f 1403/1349/68 1416/1347/1 1415/1361/76
f 1403/1349/68 1500/1348/67 1416/1347/1
f 1403/1349/68 1501/1362/77 1500/1348/67
f 1403/1349/68 1502/1363/78 1501/1362/77
f 1403/1349/68 1503/1364/79 1502/1363/78
f 1403/1349/68 1504/1365/74 1503/1364/79
f 1403/1349/68 1505/1366/80 1504/1365/74
f 1403/1349/68 1506/1367/81 1505/1366/80
f 1403/1349/68 1507/1368/74 1506/1367/81
f 1403/1349/68 1508/1369/82 1507/1368/74
f 1403/1349/68 1509/1370/83 1508/1369/82
f 1403/1349/68 1510/1371/83 1509/1370/83
f 1403/1349/84 1511/1372/84 1510/1371/84
f 1403/1349/85 1512/1373/85 1511/1372/85
f 1403/1349/1 1513/1374/86 1512/1373/1
f 1402/1375/87 1513/1374/86 1403/1349/1
f 1402/1375/87 1514/1376/2 1513/1374/86
f 1401/1377/7 1514/1376/2 1402/1375/87
f 1401/1377/7 1515/1378/2 1514/1376/2
f 1400/1379/5 1515/1378/2 1401/1377/7
f 1400/1379/5 1516/1380/5 1515/1378/2
f 1399/1381/1 1516/1380/5 1400/1379/5
f 1399/1381/1 1517/1382/5 1516/1380/5
f 1398/1383/1 1517/1382/5 1399/1381/1
f 1398/1383/1 1518/1384/88 1517/1382/5
f 1397/1385/1 1518/1384/88 1398/1383/1
f 1397/1385/1 1519/1386/2 1518/1384/88
f 1396/1387/21 1519/1386/2 1397/1385/1
f 1396/1387/21 1520/1388/5 1519/1386/2
f 1395/1389/6 1520/1388/5 1396/1387/21
f 1395/1389/6 1521/1390/5 1520/1388/5
f 1394/1391/1 1521/1390/5 1395/1389/6
f 1394/1391/1 1522/1392/2 1521/1390/5
f 1393/1393/1 1522/1392/2 1394/1391/1
f 1393/1393/1 1523/1394/4 1522/1392/2
f 1392/1395/1 1523/1394/4 1393/1393/1
f 1392/1395/1 1524/1396/4 1523/1394/4
f 1391/1397/1 1524/1396/4 1392/1395/1
f 1391/1397/1 1525/1398/1 1524/1396/4
f 1390/1399/1 1525/1398/1 1391/1397/1
f 1390/1399/1 1526/1400/1 1525/1398/1
f 1389/1401/1 1526/1400/1 1390/1399/1
f 1389/1401/1 1527/1402/1 1526/1400/1
f 1388/1403/1 1527/1402/1 1389/1401/1
f 1388/1403/1 1528/1404/1 1527/1402/1
f 1387/1405/1 1528/1404/1 1388/1403/1
f 1387/1405/1 1529/1406/1 1528/1404/1
f 1386/1407/1 1529/1406/1 1387/1405/1
f 1386/1407/1 1530/1408/1 1529/1406/1
f 1385/1409/1 1530/1408/1 1386/1407/1
f 1385/1409/1 1531/1410/1 1530/1408/1
f 1384/1411/1 1531/1410/1 1385/1409/1
f 1384/1411/1 1532/1412/1 1531/1410/1
f 1383/1413/1 1532/1412/1 1384/1411/1
f 1383/1413/1 1533/1414/1 1532/1412/1
f 1382/1415/1 1533/1414/1 1383/1413/1
f 1382/1415/1 1534/1416/1 1533/1414/1
f 1381/1417/1 1534/1416/1 1382/1415/1
f 1381/1417/1 1535/1418/1 1534/1416/1
f 1380/1419/1 1535/1418/1 1381/1417/1
f 1379/1420/1 1535/1418/1 1380/1419/1
f 1378/1421/1 1535/1418/1 1379/1420/1
f 1367/1422/1 1536/1423/23 1368/1424/1
f 1367/1422/1 1537/1425/89 1536/1423/23
f 1366/1426/1 1537/1425/89 1367/1422/1
f 1366/1426/1 1538/1427/4 1537/1425/89
f 1365/1428/2 1538/1427/4 1366/1426/1
f 1365/1428/2 1539/1429/28 1538/1427/4
f 1364/1430/24 1539/1429/28 1365/1428/2
f 1364/1430/24 1540/1431/1 1539/1429/28
f 1363/1432/1 1540/1431/1 1364/1430/24
f 1363/1432/1 1541/1433/2 1540/1431/1
f 1362/1434/1 1541/1433/2 1363/1432/1
f 1362/1434/1 1542/1435/2 1541/1433/2
f 1361/1436/4 1542/1435/2 1362/1434/1
f 1361/1436/4 1543/1437/2 1542/1435/2
f 1360/1438/88 1543/1437/2 1361/1436/4
f 1360/1438/88 1544/1439/5 1543/1437/2
f 1359/1440/6 1544/1439/5 1360/1438/88
f 1359/1440/6 1545/1441/2 1544/1439/5
f 1358/1442/1 1545/1441/2 1359/1440/6
f 1358/1442/1 1546/1443/1 1545/1441/2
f 1357/1444/1 1546/1443/1 1358/1442/1
f 1357/1444/1 1547/1445/4 1546/1443/1
f 1356/1446/1 1547/1445/4 1357/1444/1
f 1356/1446/1 1548/1447/1 1547/1445/4
f 1356/1446/1 1549/1448/1 1548/1447/1
f 1355/1449/1 1549/1448/1 1356/1446/1
f 1355/1449/1 1550/1450/1 1549/1448/1
f 1354/1451/1 1550/1450/1 1355/1449/1
f 1354/1451/1 1551/1452/1 1550/1450/1
f 1353/1453/1 1551/1452/1 1354/1451/1
f 1353/1453/1 1552/1454/1 1551/1452/1
f 1352/1455/1 1552/1454/1 1353/1453/1
f 1352/1455/1 1553/1456/1 1552/1454/1
f 1352/1455/1 1554/1457/1 1553/1456/1
f 1351/1458/1 1554/1457/1 1352/1455/1
f 1351/1458/1 1555/1459/1 1554/1457/1
f 1350/1460/1 1555/1459/1 1351/1458/1
f 1350/1460/1 1556/1461/1 1555/1459/1
f 1350/1460/1 1557/1462/1 1556/1461/1
f 1349/1463/1 1557/1462/1 1350/1460/1
f 1349/1463/1 1558/1464/1 1557/1462/1
f 1349/1463/1 1559/1465/1 1558/1464/1
f 1349/1463/1 1560/1466/1 1559/1465/1
f 1348/1467/1 1560/1466/1 1349/1463/1
f 1348/1467/1 1561/1468/1 1560/1466/1
f 1348/1467/1 1562/1469/1 1561/1468/1
f 1348/1467/1 1563/1470/1 1562/1469/1
f 1348/1467/1 1564/1471/1 1563/1470/1
f 1347/1472/1 1564/1471/1 1348/1467/1
f 1347/1472/1 1565/1473/1 1564/1471/1
f 1347/1472/1 1566/1474/1 1565/1473/1
f 1347/1472/1 1567/1475/1 1566/1474/1
f 1347/1472/1 1568/1476/1 1567/1475/1
f 1347/1472/1 1569/1477/4 1568/1476/1
f 1346/1478/1 1569/1477/4 1347/1472/1
f 1346/1478/1 1570/1479/1 1569/1477/4
f 1346/1478/1 1571/1480/27 1570/1479/1
f 1346/1478/1 1572/1481/37 1571/1480/27
f 1346/1478/1 1573/1482/26 1572/1481/37
f 1346/1478/1 1574/1483/21 1573/1482/26
f 1346/1478/1 1575/1484/1 1574/1483/21
f 1346/1478/1 1576/1485/1 1575/1484/1
f 1346/1478/1 1577/1486/1 1576/1485/1
f 1346/1478/1 1578/1487/21 1577/1486/1
f 1346/1478/1 1579/1488/37 1578/1487/21
f 1346/1478/1 1580/1489/38 1579/1488/37
f 1346/1478/1 1581/1490/37 1580/1489/38
f 1346/1478/1 1582/1491/27 1581/1490/37
f 1346/1478/1 1331/1492/1 1582/1491/27
f 1346/1478/1 1332/1493/1 1331/1492/1
f 1345/1494/1 1332/1493/1 1346/1478/1
f 1344/1495/1 1332/1493/1 1345/1494/1
f 1343/1496/1 1332/1493/1 1344/1495/1
f 1342/1497/1 1332/1493/1 1343/1496/1
f 1341/1498/1 1332/1493/1 1342/1497/1
f 1340/1499/1 1332/1493/1 1341/1498/1
f 1339/1500/1 1332/1493/1 1340/1499/1
f 1338/1501/1 1332/1493/1 1339/1500/1
f 1337/1502/1 1332/1493/1 1338/1501/1
f 1336/1503/1 1332/1493/1 1337/1502/1
f 1335/1504/1 1332/1493/1 1336/1503/1
f 1334/1505/1 1332/1493/1 1335/1504/1
f 1333/1506/1 1332/1493/1 1334/1505/1
f 1636/1507/1 1638/1508/24 1637/1509/23
f 1636/1507/1 1639/1510/90 1638/1508/24
f 1636/1507/1 1640/1511/5 1639/1510/90
f 1636/1507/1 1641/1512/2 1640/1511/5
f 1636/1507/1 1642/1513/88 1641/1512/2
f 1636/1507/1 1643/1514/88 1642/1513/88
f 1636/1507/1 1644/1515/13 1643/1514/88
f 1636/1507/1 1645/1516/13 1644/1515/13
f 1636/1507/1 1646/1517/24 1645/1516/13
f 1636/1507/1 1647/1518/30 1646/1517/24
f 1636/1507/1 1648/1519/8 1647/1518/30
f 1636/1507/1 1649/1520/1 1648/1519/8
f 1636/1507/1 1650/1521/1 1649/1520/1
f 1635/1522/1 1650/1521/1 1636/1507/1
f 1635/1522/1 1651/1523/1 1650/1521/1
f 1634/1524/1 1651/1523/1 1635/1522/1
f 1634/1524/1 1652/1525/1 1651/1523/1
f 1633/1526/1 1652/1525/1 1634/1524/1
f 1633/1526/1 1653/1527/1 1652/1525/1
f 1632/1528/1 1653/1527/1 1633/1526/1
f 1632/1528/1 1654/1529/1 1653/1527/1
f 1631/1530/1 1654/1529/1 1632/1528/1
f 1631/1530/1 1655/1531/1 1654/1529/1
f 1630/1532/1 1655/1531/1 1631/1530/1
f 1630/1532/1 1656/1533/1 1655/1531/1
f 1629/1534/1 1758/1535/1 1630/1532/1
f 1758/1535/1 1757/1536/1 1630/1532/1
f 1757/1536/1 1656/1533/1 1630/1532/1
f 1757/1536/1 1756/1537/1 1656/1533/1
f 1756/1537/1 1657/1538/1 1656/1533/1
f 1755/1539/37 1657/1538/1 1756/1537/1
f 1629/1534/1 1759/1540/1 1758/1535/1
f 1754/1541/4 1657/1538/1 1755/1539/37
f 1629/1534/1 1760/1542/1 1759/1540/1
f 1753/1543/1 1657/1538/1 1754/1541/4
f 1629/1534/1 1761/1544/1 1760/1542/1
f 1752/1545/1 1657/1538/1 1753/1543/1
f 1629/1534/1 1762/1546/1 1761/1544/1
f 1628/1547/1 1762/1546/1 1629/1534/1
f 1751/1548/1 1657/1538/1 1752/1545/1
f 1628/1547/1 1763/1549/1 1762/1546/1
f 1750/1550/1 1657/1538/1 1751/1548/1
f 1628/1547/1 1764/1551/1 1763/1549/1
f 1749/1552/1 1657/1538/1 1750/1550/1
f 1749/1552/1 1658/1553/1 1657/1538/1
f 1628/1547/1 1765/1554/1 1764/1551/1
f 1748/1555/1 1658/1553/1 1749/1552/1
f 1628/1547/1 1766/1556/1 1765/1554/1
f 1627/1557/1 1766/1556/1 1628/1547/1
f 1747/1558/1 1658/1553/1 1748/1555/1
f 1627/1557/1 1767/1559/1 1766/1556/1
f 1746/1560/1 1658/1553/1 1747/1558/1
f 1627/1557/1 1768/1561/1 1767/1559/1
f 1746/1560/1 1659/1562/1 1658/1553/1
f 1745/1563/2 1659/1562/1 1746/1560/1
f 1627/1557/1 1769/1564/1 1768/1561/1
f 1626/1565/1 1769/1564/1 1627/1557/1
f 1626/1565/1 1770/1566/4 1769/1564/1
f 1804/1567/1 1659/1562/1 1745/1563/2
f 1626/1565/1 1771/1568/1 1770/1566/4
f 1803/1569/6 1659/1562/1 1804/1567/1
f 1626/1565/1 1772/1570/1 1771/1568/1
f 1802/1571/1 1659/1562/1 1803/1569/6
f 1626/1565/1 1773/1572/2 1772/1570/1
f 1801/1573/1 1659/1562/1 1802/1571/1
f 1626/1565/1 1774/1574/1 1773/1572/2
f 1800/1575/1 1659/1562/1 1801/1573/1
f 1626/1565/1 1775/1576/2 1774/1574/1
f 1799/1577/1 1659/1562/1 1800/1575/1
f 1626/1565/1 1776/1578/4 1775/1576/2
f 1798/1579/1 1659/1562/1 1799/1577/1
f 1626/1565/1 1777/1580/4 1776/1578/4
f 1797/1581/1 1659/1562/1 1798/1579/1
f 1626/1565/1 1778/1582/13 1777/1580/4
f 1796/1583/1 1659/1562/1 1797/1581/1
f 1626/1565/1 1779/1584/90 1778/1582/13
f 1795/1585/1 1659/1562/1 1796/1583/1
f 1626/1565/1 1780/1586/4 1779/1584/90
f 1794/1587/91 1659/1562/1 1795/1585/1
f 1626/1565/1 1781/1588/2 1780/1586/4
f 1793/1589/2 1659/1562/1 1794/1587/91
f 1626/1565/1 1782/1590/1 1781/1588/2
f 1626/1565/1 1783/1591/1 1782/1590/1
f 1626/1565/1 1784/1592/2 1783/1591/1
f 1626/1565/1 1785/1593/1 1784/1592/2
f 1626/1565/1 1786/1594/1 1785/1593/1
f 1626/1565/1 1787/1595/4 1786/1594/1
f 1626/1565/1 1788/1596/1 1787/1595/4
f 1626/1565/1 1789/1597/1 1788/1596/1
f 1626/1565/1 1790/1598/1 1789/1597/1
f 1626/1565/1 1791/1599/4 1790/1598/1
f 1626/1565/1 1792/1600/26 1791/1599/4
f 1626/1565/1 1793/1589/2 1792/1600/26
f 1626/1565/1 1659/1562/1 1793/1589/2
f 1626/1565/1 1660/1601/1 1659/1562/1
f 1625/1602/1 1660/1601/1 1626/1565/1
f 1625/1602/1 1661/1603/1 1660/1601/1
f 1624/1604/1 1661/1603/1 1625/1602/1
f 1623/1605/1 1661/1603/1 1624/1604/1
f 1622/1606/1 1661/1603/1 1623/1605/1
f 1621/1607/1 1661/1603/1 1622/1606/1
f 1620/1608/1 1661/1603/1 1621/1607/1
f 1619/1609/1 1661/1603/1 1620/1608/1
f 1618/1610/1 1661/1603/1 1619/1609/1
f 1617/1611/1 1661/1603/1 1618/1610/1
f 1616/1612/1 1661/1603/1 1617/1611/1
f 1615/1613/1 1661/1603/1 1616/1612/1
f 1614/1614/1 1661/1603/1 1615/1613/1
f 1613/1615/1 1661/1603/1 1614/1614/1
f 1612/1616/1 1661/1603/1 1613/1615/1
f 1612/1616/1 1662/1617/1 1661/1603/1
f 1612/1616/1 1663/1618/1 1662/1617/1
f 1612/1616/1 1664/1619/1 1663/1618/1
f 1612/1616/1 1665/1620/1 1664/1619/1
f 1612/1616/1 1666/1621/1 1665/1620/1
f 1612/1616/1 1667/1622/1 1666/1621/1
f 1612/1616/1 1668/1623/1 1667/1622/1
f 1612/1616/1 1669/1624/1 1668/1623/1
f 1612/1616/1 1670/1625/1 1669/1624/1
f 1612/1616/1 1671/1626/1 1670/1625/1
f 1612/1616/1 1672/1627/1 1671/1626/1
f 1612/1616/1 1673/1628/4 1672/1627/1
f 1612/1616/1 1674/1629/4 1673/1628/4
f 1612/1616/1 1675/1630/1 1674/1629/4
f 1612/1616/1 1676/1631/1 1675/1630/1
f 1612/1616/1 1677/1632/4 1676/1631/1
f 1612/1616/1 1678/1633/2 1677/1632/4
f 1612/1616/1 1679/1634/2 1678/1633/2
f 1612/1616/1 1680/1635/4 1679/1634/2
f 1612/1616/1 1681/1636/5 1680/1635/4
f 1612/1616/1 1682/1637/6 1681/1636/5
f 1612/1616/1 1683/1638/4 1682/1637/6
f 1612/1616/1 1684/1639/13 1683/1638/4
f 1611/1640/1 1686/1641/1 1612/1616/1
f 1611/1640/1 1687/1642/7 1686/1641/1
f 1611/1640/1 1688/1643/22 1687/1642/7
f 1611/1640/1 1689/1644/24 1688/1643/22
f 1611/1640/1 1690/1645/6 1689/1644/24
f 1611/1640/1 1691/1646/1 1690/1645/6
f 1611/1640/1 1692/1647/2 1691/1646/1
f 1611/1640/1 1693/1648/6 1692/1647/2
f 1611/1640/1 1694/1649/1 1693/1648/6
f 1611/1640/1 1695/1650/2 1694/1649/1
f 1611/1640/1 1696/1651/4 1695/1650/2
f 1611/1640/1 1697/1652/1 1696/1651/4
f 1611/1640/1 1698/1653/1 1697/1652/1
f 1611/1640/1 1699/1654/1 1698/1653/1
f 1611/1640/1 1700/1655/1 1699/1654/1
f 1610/1656/1 1700/1655/1 1611/1640/1
f 1732/1657/1 1734/1658/1 1733/1659/22
f 1732/1657/1 1735/1660/86 1734/1658/1
f 1732/1657/1 1736/1661/30 1735/1660/86
f 1732/1657/1 1737/1662/31 1736/1661/30
f 1732/1657/1 1738/1663/31 1737/1662/31
f 1732/1657/1 1739/1664/44 1738/1663/31
f 1732/1657/1 1740/1665/31 1739/1664/44
f 1732/1657/1 1741/1666/34 1740/1665/31
f 1732/1657/1 1742/1667/92 1741/1666/34
f 1732/1657/1 1743/1668/93 1742/1667/92
f 1732/1657/1 1744/1669/94 1743/1668/93
f 1732/1657/1 1583/1670/66 1744/1669/94
f 1732/1657/1 1584/1671/89 1583/1670/66
f 1732/1657/1 1585/1672/1 1584/1671/89
f 1732/1657/1 1586/1673/2 1585/1672/1
f 1731/1674/1 1586/1673/2 1732/1657/1
f 1730/1675/1 1586/1673/2 1731/1674/1
f 1730/1675/1 1587/1676/26 1586/1673/2
f 1730/1675/1 1588/1677/13 1587/1676/26
f 1729/1678/1 1588/1677/13 1730/1675/1
f 1729/1678/1 1589/1679/2 1588/1677/13
f 1729/1678/1 1590/1680/1 1589/1679/2
f 1728/1681/1 1590/1680/1 1729/1678/1
f 1727/1682/1 1590/1680/1 1728/1681/1
f 1726/1683/1 1590/1680/1 1727/1682/1
f 1725/1684/2 1590/1680/1 1726/1683/1
f 1610/1656/1 1701/1685/1 1700/1655/1
f 1724/1686/1 1590/1680/1 1725/1684/2
f 1723/1687/1 1590/1680/1 1724/1686/1
f 1722/1688/1 1590/1680/1 1723/1687/1
f 1721/1689/1 1590/1680/1 1722/1688/1
f 1720/1690/1 1590/1680/1 1721/1689/1
f 1610/1656/1 1702/1691/1 1701/1685/1
f 1720/1690/1 1591/1692/1 1590/1680/1
f 1719/1693/1 1591/1692/1 1720/1690/1
f 1610/1656/1 1703/1694/1 1702/1691/1
f 1718/1695/1 1591/1692/1 1719/1693/1
f 1609/1696/1 1703/1694/1 1610/1656/1
f 1717/1697/1 1591/1692/1 1718/1695/1
f 1609/1696/1 1704/1698/1 1703/1694/1
f 1716/1699/1 1591/1692/1 1717/1697/1
f 1716/1699/1 1592/1700/1 1591/1692/1
f 1715/1701/1 1592/1700/1 1716/1699/1
f 1609/1696/1 1705/1702/1 1704/1698/1
f 1714/1703/1 1592/1700/1 1715/1701/1
f 1609/1696/1 1706/1704/1 1705/1702/1
f 1713/1705/1 1592/1700/1 1714/1703/1
f 1712/1706/1 1592/1700/1 1713/1705/1
f 1609/1696/1 1707/1707/1 1706/1704/1
f 1711/1708/1 1592/1700/1 1712/1706/1
f 1609/1696/1 1708/1709/1 1707/1707/1
f 1608/1710/1 1708/1709/1 1609/1696/1
f 1710/1711/1 1592/1700/1 1711/1708/1
f 1608/1710/1 1709/1712/1 1708/1709/1
f 1709/1712/1 1592/1700/1 1710/1711/1
f 1608/1710/1 1592/1700/1 1709/1712/1
f 1608/1710/1 1593/1713/1 1592/1700/1
f 1608/1710/1 1594/1714/1 1593/1713/1
f 1607/1715/1 1594/1714/1 1608/1710/1
f 1607/1715/1 1595/1716/1 1594/1714/1
f 1606/1717/1 1595/1716/1 1607/1715/1
f 1606/1717/1 1596/1718/1 1595/1716/1
f 1605/1719/1 1596/1718/1 1606/1717/1
f 1605/1719/1 1597/1720/1 1596/1718/1
f 1604/1721/1 1597/1720/1 1605/1719/1
f 1604/1721/1 1598/1722/1 1597/1720/1
f 1603/1723/1 1598/1722/1 1604/1721/1
f 1603/1723/1 1599/1724/1 1598/1722/1
f 1602/1725/1 1599/1724/1 1603/1723/1
f 1602/1725/1 1600/1726/1 1599/1724/1
f 1875/1727/1 1877/1728/95 1876/1729/1
f 1875/1727/1 1878/1730/1 1877/1728/95
f 1875/1727/1 1879/1731/96 1878/1730/1
f 1875/1727/1 1880/1732/97 1879/1731/96
f 1875/1727/1 1881/1733/98 1880/1732/97
f 1875/1727/1 1882/1734/99 1881/1733/98
f 1875/1727/1 1883/1735/100 1882/1734/99
f 1875/1727/1 1884/1736/44 1883/1735/100
f 1875/1727/1 1885/1737/101 1884/1736/44
f 1875/1727/1 1886/1738/102 1885/1737/101
f 1875/1727/1 1887/1739/103 1886/1738/102
f 1875/1727/1 1888/1740/104 1887/1739/103
f 1875/1727/1 1805/1741/22 1888/1740/104
f 1874/1742/1 1805/1741/22 1875/1727/1
f 1874/1742/1 1806/1743/4 1805/1741/22
f 1873/1744/1 1806/1743/4 1874/1742/1
f 1873/1744/1 1807/1745/1 1806/1743/4
f 1872/1746/1 1807/1745/1 1873/1744/1
f 1872/1746/1 1808/1747/1 1807/1745/1
f 1871/1748/1 1808/1747/1 1872/1746/1
f 1871/1748/1 1809/1749/4 1808/1747/1
f 1870/1750/1 1809/1749/4 1871/1748/1
f 1870/1750/1 1810/1751/4 1809/1749/4
f 1869/1752/1 1810/1751/4 1870/1750/1
f 1869/1752/1 1811/1753/5 1810/1751/4
f 1868/1754/1 1811/1753/5 1869/1752/1
f 1868/1754/1 1812/1755/2 1811/1753/5
f 1867/1756/1 1812/1755/2 1868/1754/1
f 1867/1756/1 1813/1757/2 1812/1755/2
f 1866/1758/1 1813/1757/2 1867/1756/1
f 1866/1758/1 1814/1759/2 1813/1757/2
f 1865/1760/1 1814/1759/2 1866/1758/1
f 1865/1760/1 1815/1761/2 1814/1759/2
f 1864/1762/1 1815/1761/2 1865/1760/1
f 1864/1762/1 1816/1763/2 1815/1761/2
f 1863/1764/1 1816/1763/2 1864/1762/1
f 1863/1764/1 1817/1765/1 1816/1763/2
f 1862/1766/1 1817/1765/1 1863/1764/1
f 1862/1766/1 1818/1767/1 1817/1765/1
f 1861/1768/1 1818/1767/1 1862/1766/1
f 1861/1768/1 1819/1769/1 1818/1767/1
f 1860/1770/1 1819/1769/1 1861/1768/1
f 1860/1770/1 1820/1771/1 1819/1769/1
f 1859/1772/1 1820/1771/1 1860/1770/1
f 1859/1772/1 1821/1773/1 1820/1771/1
f 1858/1774/1 1821/1773/1 1859/1772/1
f 1858/1774/1 1822/1775/1 1821/1773/1
f 1857/1776/1 1822/1775/1 1858/1774/1
f 1857/1776/1 1823/1777/1 1822/1775/1
f 1856/1778/1 1823/1777/1 1857/1776/1
f 1856/1778/1 1824/1779/1 1823/1777/1
f 1855/1780/1 1824/1779/1 1856/1778/1
f 1855/1780/1 1825/1781/1 1824/1779/1
f 1854/1782/1 1825/1781/1 1855/1780/1
f 1854/1782/1 1826/1783/1 1825/1781/1
f 1853/1784/1 1826/1783/1 1854/1782/1
f 1853/1784/1 1827/1785/1 1826/1783/1
f 1852/1786/1 1827/1785/1 1853/1784/1
f 1852/1786/1 1828/1787/4 1827/1785/1
f 1851/1788/1 1828/1787/4 1852/1786/1
f 1851/1788/1 1829/1789/1 1828/1787/4
f 1850/1790/1 1829/1789/1 1851/1788/1
f 1850/1790/1 1830/1791/4 1829/1789/1
f 1849/1792/1 1830/1791/4 1850/1790/1
f 1849/1792/1 1831/1793/4 1830/1791/4
f 1848/1794/1 1831/1793/4 1849/1792/1
f 1848/1794/1 1832/1795/2 1831/1793/4
f 1847/1796/4 1832/1795/2 1848/1794/1
f 1847/1796/4 1833/1797/2 1832/1795/2
f 1846/1798/88 1833/1797/2 1847/1796/4
f 1846/1798/88 1834/1799/5 1833/1797/2
f 1845/1800/2 1834/1799/5 1846/1798/88
f 1845/1800/2 1835/1801/4 1834/1799/5
f 1844/1802/37 1835/1801/4 1845/1800/2
f 1844/1802/37 1836/1803/4 1835/1801/4
f 1843/1804/2 1836/1803/4 1844/1802/37
f 1843/1804/2 1837/1805/105 1836/1803/4
f 1842/1806/106 1837/1805/105 1843/1804/2
f 1842/1806/106 1838/1807/88 1837/1805/105
f 1841/1808/1 1838/1807/88 1842/1806/106
f 1841/1808/1 1839/1809/6 1838/1807/88
f 1938/1810/1 1890/1811/1 1889/1812/1
f 1938/1810/1 1891/1813/1 1890/1811/1
f 1938/1810/1 1892/1814/1 1891/1813/1
f 1938/1810/1 1893/1815/1 1892/1814/1
f 1938/1810/1 1894/1816/107 1893/1815/1
f 1938/1810/1 1895/1817/108 1894/1816/107
f 1938/1810/1 1896/1818/1 1895/1817/108
f 1938/1810/1 1897/1819/109 1896/1818/1
f 1938/1810/1 1898/1820/110 1897/1819/109
f 1938/1810/1 1899/1821/97 1898/1820/110
f 1938/1810/1 1900/1822/111 1899/1821/97
f 1938/1810/1 1901/1823/1 1900/1822/111
f 1938/1810/1 1902/1824/5 1901/1823/1
f 1937/1825/1 1902/1824/5 1938/1810/1
f 1937/1825/1 1903/1826/38 1902/1824/5
f 1936/1827/7 1903/1826/38 1937/1825/1
f 1936/1827/7 1904/1828/88 1903/1826/38
f 1935/1829/2 1904/1828/88 1936/1827/7
f 1935/1829/2 1905/1830/1 1904/1828/88
f 1934/1831/1 1905/1830/1 1935/1829/2
f 1934/1831/1 1906/1832/2 1905/1830/1
f 1933/1833/1 1906/1832/2 1934/1831/1
f 1933/1833/1 1907/1834/6 1906/1832/2
f 1932/1835/13 1907/1834/6 1933/1833/1
f 1932/1835/13 1908/1836/4 1907/1834/6
f 1931/1837/5 1908/1836/4 1932/1835/13
f 1931/1837/5 1909/1838/4 1908/1836/4
f 1930/1839/1 1909/1838/4 1931/1837/5
f 1930/1839/1 1910/1840/2 1909/1838/4
f 1929/1841/1 1910/1840/2 1930/1839/1
f 1929/1841/1 1911/1842/2 1910/1840/2
f 1928/1843/5 1911/1842/2 1929/1841/1
f 1928/1843/5 1912/1844/6 1911/1842/2
f 1927/1845/5 1912/1844/6 1928/1843/5
f 1927/1845/5 1913/1846/4 1912/1844/6
f 1926/1847/1 1913/1846/4 1927/1845/5
f 1926/1847/1 1914/1848/1 1913/1846/4
f 1926/1847/1 1915/1849/1 1914/1848/1
f 1926/1847/1 1916/1850/1 1915/1849/1
f 1926/1847/1 1917/1851/1 1916/1850/1
f 1926/1847/1 1918/1852/1 1917/1851/1
f 1926/1847/1 1919/1853/1 1918/1852/1
f 1926/1847/1 1920/1854/1 1919/1853/1
f 1926/1847/1 1921/1855/1 1920/1854/1
f 1926/1847/1 1922/1856/1 1921/1855/1
f 1926/1847/1 1923/1857/1 1922/1856/1
f 1926/1847/1 1924/1858/1 1923/1857/1
f 1926/1847/1 1925/1859/1 1924/1858/1
f 1989/1860/1 1991/1861/1 1990/1862/1
f 1989/1860/1 1992/1863/89 1991/1861/1
f 1989/1860/1 1993/1864/1 1992/1863/89
f 1989/1860/1 1994/1865/87 1993/1864/1
f 1989/1860/1 1995/1866/41 1994/1865/87
f 1989/1860/1 1996/1867/112 1995/1866/41
f 1989/1860/1 1997/1868/87 1996/1867/112
f 1989/1860/1 1998/1869/34 1997/1868/87
f 1989/1860/1 1999/1870/42 1998/1869/34
f 1989/1860/1 2000/1871/113 1999/1870/42
f 1989/1860/1 2001/1872/102 2000/1871/113
f 1989/1860/1 2002/1873/1 2001/1872/102
f 1989/1860/1 2003/1874/1 2002/1873/1
f 1988/1875/1 2003/1874/1 1989/1860/1
f 1987/1876/1 2003/1874/1 1988/1875/1
f 1986/1877/1 2003/1874/1 1987/1876/1
f 1985/1878/1 2003/1874/1 1986/1877/1
f 1985/1878/1 2004/1879/1 2003/1874/1
f 1984/1880/1 2004/1879/1 1985/1878/1
f 1983/1881/1 2004/1879/1 1984/1880/1
f 1982/1882/1 2004/1879/1 1983/1881/1
f 1981/1883/1 2004/1879/1 1982/1882/1
f 1981/1883/1 2005/1884/1 2004/1879/1
f 1980/1885/1 2005/1884/1 1981/1883/1
f 1979/1886/1 2005/1884/1 1980/1885/1
f 1978/1887/1 2005/1884/1 1979/1886/1
f 1977/1888/1 2040/1889/4 1978/1887/1
f 2040/1889/4 2039/1890/6 1978/1887/1
f 2039/1890/6 2038/1891/5 1978/1887/1
f 2038/1891/5 2037/1892/2 1978/1887/1
f 2037/1892/2 2036/1893/1 1978/1887/1
f 2036/1893/1 2035/1894/1 1978/1887/1
f 2035/1894/1 2034/1895/1 1978/1887/1
f 2034/1895/1 2005/1884/1 1978/1887/1
f 2034/1895/1 2006/1896/1 2005/1884/1
f 2034/1895/1 2007/1897/1 2006/1896/1
f 2034/1895/1 2033/1898/4 2007/1897/1
f 2033/1898/4 2008/1899/1 2007/1897/1
f 2033/1898/4 2009/1900/1 2008/1899/1
f 2033/1898/4 2010/1901/1 2009/1900/1
f 2033/1898/4 2032/1902/114 2010/1901/1
f 2032/1902/114 2011/1903/1 2010/1901/1
f 2032/1902/114 2012/1904/1 2011/1903/1
f 2029/1905/1 2028/1906/26 2012/1904/1
f 2111/1907/1 2013/1908/1 2012/1904/1
f 2110/1909/1 2013/1908/1 2111/1907/1
f 1977/1888/1 2041/1910/115 2040/1889/4
f 2109/1911/1 2013/1908/1 2110/1909/1
f 1977/1888/1 2042/1912/4 2041/1910/115
f 1977/1888/1 2043/1913/2 2042/1912/4
f 1977/1888/1 2044/1914/5 2043/1913/2
f 1977/1888/1 2045/1915/1 2044/1914/5
f 2108/1916/1 2013/1908/1 2109/1911/1
f 1977/1888/1 2046/1917/1 2045/1915/1
f 2107/1918/1 2013/1908/1 2108/1916/1
f 2106/1919/1 2013/1908/1 2107/1918/1
f 1977/1888/1 2047/1920/1 2046/1917/1
f 2105/1921/1 2013/1908/1 2106/1919/1
f 1977/1888/1 2048/1922/1 2047/1920/1
f 2104/1923/1 2013/1908/1 2105/1921/1
f 2104/1923/1 2014/1924/1 2013/1908/1
f 2103/1925/1 2014/1924/1 2104/1923/1
f 1977/1888/1 2049/1926/1 2048/1922/1
f 2102/1927/1 2014/1924/1 2103/1925/1
f 2101/1928/1 2014/1924/1 2102/1927/1
f 1977/1888/1 2050/1929/1 2049/1926/1
f 2100/1930/1 2014/1924/1 2101/1928/1
f 2100/1930/1 2015/1931/1 2014/1924/1
f 2100/1930/1 2016/1932/1 2015/1931/1
f 2100/1930/1 2017/1933/1 2016/1932/1
f 2100/1930/1 2018/1934/1 2017/1933/1
f 2100/1930/1 2019/1935/1 2018/1934/1
f 2100/1930/1 2020/1936/1 2019/1935/1
f 2100/1930/1 2021/1937/1 2020/1936/1
f 2099/1938/1 2021/1937/1 2100/1930/1
f 2098/1939/1 2021/1937/1 2099/1938/1
f 2097/1940/1 2021/1937/1 2098/1939/1
f 2096/1941/1 2021/1937/1 2097/1940/1
f 2095/1942/1 2021/1937/1 2096/1941/1
f 1977/1888/1 2051/1943/1 2050/1929/1
f 2094/1944/1 2021/1937/1 2095/1942/1
f 2094/1944/1 2022/1945/1 2021/1937/1
f 2093/1946/1 2022/1945/1 2094/1944/1
f 2092/1947/1 2022/1945/1 2093/1946/1
f 2091/1948/1 2022/1945/1 2092/1947/1
f 2091/1948/1 2023/1949/1 2022/1945/1
f 2091/1948/1 2024/1950/1 2023/1949/1
f 2091/1948/1 2025/1951/1 2024/1950/1
f 2091/1948/1 1939/1952/1 2025/1951/1
f 2091/1948/1 1940/1953/1 1939/1952/1
f 2090/1954/1 1940/1953/1 2091/1948/1
f 1977/1888/1 2052/1955/1 2051/1943/1
f 2089/1956/1 1940/1953/1 2090/1954/1
f 2088/1957/1 1940/1953/1 2089/1956/1
f 1977/1888/1 2053/1958/1 2052/1955/1
f 2087/1959/1 1940/1953/1 2088/1957/1
f 2087/1959/1 1941/1960/1 1940/1953/1
f 2086/1961/1 1941/1960/1 2087/1959/1
f 1977/1888/1 2054/1962/1 2053/1958/1
f 2085/1963/1 1941/1960/1 2086/1961/1
f 1977/1888/1 2055/1964/1 2054/1962/1
f 2084/1965/1 1941/1960/1 2085/1963/1
f 2083/1966/1 1941/1960/1 2084/1965/1
f 1977/1888/1 2056/1967/1 2055/1964/1
f 2082/1968/1 1941/1960/1 2083/1966/1
f 1977/1888/1 2057/1969/1 2056/1967/1
f 1977/1888/1 2058/1970/1 2057/1969/1
f 1977/1888/1 2059/1971/1 2058/1970/1
f 1977/1888/1 2060/1972/1 2059/1971/1
f 2081/1973/1 1941/1960/1 2082/1968/1
f 1977/1888/1 2061/1974/1 2060/1972/1
f 1977/1888/1 2062/1975/1 2061/1974/1
f 1977/1888/1 2063/1976/1 2062/1975/1
f 1977/1888/1 2064/1977/1 2063/1976/1
f 2080/1978/1 1941/1960/1 2081/1973/1
f 1977/1888/1 2065/1979/2 2064/1977/1
f 1977/1888/1 2066/1980/1 2065/1979/2
f 1977/1888/1 2067/1981/1 2066/1980/1
f 1977/1888/1 2068/1982/1 2067/1981/1
f 1977/1888/1 2069/1983/1 2068/1982/1
f 1977/1888/1 2070/1984/1 2069/1983/1
f 1977/1888/1 2071/1985/1 2070/1984/1
f 1977/1888/1 2072/1986/1 2071/1985/1
f 1977/1888/1 2073/1987/1 2072/1986/1
f 1977/1888/1 2074/1988/1 2073/1987/1
f 1977/1888/1 2075/1989/1 2074/1988/1
f 1977/1888/1 2076/1990/1 2075/1989/1
f 1977/1888/1 1957/1991/1 2076/1990/1
f 1957/1991/1 2077/1992/1 2076/1990/1
f 1957/1991/1 1956/1993/1 2077/1992/1
f 1956/1993/1 2078/1994/1 2077/1992/1
f 1956/1993/1 2079/1995/1 2078/1994/1
f 1956/1993/1 2080/1978/1 2079/1995/1
f 1956/1993/1 1955/1996/2 2080/1978/1
f 1955/1996/2 1954/1997/106 2080/1978/1
f 1954/1997/106 1941/1960/1 2080/1978/1
f 1954/1997/106 1942/1998/1 1941/1960/1
f 1954/1997/106 1953/1999/116 1942/1998/1
f 1953/1999/116 1943/2000/1 1942/1998/1
f 1953/1999/116 1944/2001/1 1943/2000/1
f 1953/1999/116 1945/2002/1 1944/2001/1
f 1953/1999/116 1946/2003/1 1945/2002/1
f 1953/1999/116 1952/2004/1 1946/2003/1
f 1952/2004/1 1947/2005/1 1946/2003/1
f 1952/2004/1 1948/2006/1 1947/2005/1
f 1952/2004/1 1949/2007/1 1948/2006/1
f 1952/2004/1 1950/2008/1 1949/2007/1
f 1952/2004/1 1951/2009/1 1950/2008/1
f 1977/1888/1 1958/2010/105 1957/1991/1
f 1977/1888/1 1959/2011/31 1958/2010/105
f 1977/1888/1 1960/2012/105 1959/2011/31
f 1977/1888/1 1961/2013/2 1960/2012/105
f 1977/1888/1 1962/2014/1 1961/2013/2
f 1977/1888/1 1963/2015/2 1962/2014/1
f 1977/1888/1 1964/2016/2 1963/2015/2
f 1977/1888/1 1965/2017/1 1964/2016/2
f 1977/1888/1 1966/2018/1 1965/2017/1
f 1977/1888/1 1967/2019/1 1966/2018/1
f 1977/1888/1 1968/2020/1 1967/2019/1
f 1977/1888/1 1969/2021/1 1968/2020/1
f 1977/1888/1 1970/2022/1 1969/2021/1
f 1977/1888/1 1971/2023/1 1970/2022/1
f 1977/1888/1 1972/2024/1 1971/2023/1
f 1977/1888/1 1973/2025/1 1972/2024/1
f 1977/1888/1 1974/2026/1 1973/2025/1
f 1977/1888/1 1975/2027/1 1974/2026/1
f 1977/1888/1 1976/2028/1 1975/2027/1
f 2146/2029/1 2148/2030/2 2147/2031/86
f 2146/2029/1 2149/2032/4 2148/2030/2
f 2146/2029/1 2150/2033/4 2149/2032/4
f 2146/2029/1 2151/2034/6 2150/2033/4
f 2146/2029/1 2152/2035/37 2151/2034/6
f 2146/2029/1 2153/2036/1 2152/2035/37
f 2146/2029/1 2154/2037/28 2153/2036/1
f 2146/2029/1 2155/2038/4 2154/2037/28
f 2146/2029/1 2156/2039/37 2155/2038/4
f 2146/2029/1 2157/2040/117 2156/2039/37
f 2146/2029/1 2158/2041/26 2157/2040/117
f 2146/2029/1 2159/2042/2 2158/2041/26
f 2146/2029/1 2160/2043/1 2159/2042/2
f 2146/2029/1 2161/2044/1 2160/2043/1
f 2145/2045/1 2161/2044/1 2146/2029/1
f 2145/2045/1 2162/2046/1 2161/2044/1
f 2144/2047/1 2162/2046/1 2145/2045/1
f 2144/2047/1 2163/2048/1 2162/2046/1
f 2143/2049/1 2163/2048/1 2144/2047/1
f 2143/2049/1 2164/2050/1 2163/2048/1
f 2142/2051/1 2164/2050/1 2143/2049/1
f 2142/2051/1 2165/2052/1 2164/2050/1
f 2141/2053/1 2165/2052/1 2142/2051/1
f 2141/2053/1 2166/2054/1 2165/2052/1
f 2140/2055/1 2166/2054/1 2141/2053/1
f 2140/2055/1 2167/2056/1 2166/2054/1
f 2139/2057/1 2167/2056/1 2140/2055/1
f 2139/2057/1 2259/2058/5 2167/2056/1
f 2259/2058/5 2258/2059/1 2167/2056/1
f 2258/2059/1 2168/2060/1 2167/2056/1
f 2138/2061/1 2196/2062/1 2139/2057/1
f 2196/2062/1 2259/2058/5 2139/2057/1
f 2257/2063/1 2168/2060/1 2258/2059/1
f 2138/2061/1 2197/2064/1 2196/2062/1
f 2256/2065/1 2168/2060/1 2257/2063/1
f 2138/2061/1 2198/2066/1 2197/2064/1
f 2255/2067/1 2168/2060/1 2256/2065/1
f 2138/2061/1 2199/2068/1 2198/2066/1
f 2254/2069/1 2168/2060/1 2255/2067/1
f 2138/2061/1 2200/2070/1 2199/2068/1
f 2253/2071/1 2168/2060/1 2254/2069/1
f 2138/2061/1 2201/2072/1 2200/2070/1
f 2137/2073/1 2201/2072/1 2138/2061/1
f 2253/2071/1 2169/2074/1 2168/2060/1
f 2252/2075/1 2169/2074/1 2253/2071/1
f 2137/2073/1 2202/2076/1 2201/2072/1
f 2251/2077/1 2169/2074/1 2252/2075/1
f 2137/2073/1 2203/2078/1 2202/2076/1
f 2136/2079/1 2203/2078/1 2137/2073/1
f 2251/2077/1 2170/2080/1 2169/2074/1
f 2250/2081/1 2170/2080/1 2251/2077/1
f 2136/2079/1 2204/2082/1 2203/2078/1
f 2249/2083/1 2170/2080/1 2250/2081/1
f 2136/2079/1 2205/2084/1 2204/2082/1
f 2135/2085/1 2205/2084/1 2136/2079/1
f 2249/2083/1 2171/2086/1 2170/2080/1
f 2248/2087/1 2171/2086/1 2249/2083/1
f 2135/2085/1 2206/2088/1 2205/2084/1
f 2247/2089/1 2171/2086/1 2248/2087/1
f 2135/2085/1 2207/2090/1 2206/2088/1
f 2134/2091/1 2207/2090/1 2135/2085/1
f 2133/2092/1 2207/2090/1 2134/2091/1
f 2247/2089/1 2172/2093/1 2171/2086/1
f 2247/2089/1 2173/2094/1 2172/2093/1
f 2132/2095/1 2207/2090/1 2133/2092/1
f 2247/2089/1 2174/2096/1 2173/2094/1
f 2131/2097/1 2207/2090/1 2132/2095/1
f 2247/2089/1 2175/2098/1 2174/2096/1
f 2130/2099/1 2207/2090/1 2131/2097/1
f 2247/2089/1 2176/2100/1 2175/2098/1
f 2130/2099/1 2208/2101/1 2207/2090/1
f 2246/2102/1 2176/2100/1 2247/2089/1
f 2245/2103/1 2176/2100/1 2246/2102/1
f 2130/2099/1 2209/2104/1 2208/2101/1
f 2129/2105/1 2209/2104/1 2130/2099/1
f 2245/2103/1 2177/2106/1 2176/2100/1
f 2244/2107/1 2177/2106/1 2245/2103/1
f 2129/2105/1 2210/2108/1 2209/2104/1
f 2243/2109/1 2177/2106/1 2244/2107/1
f 2129/2105/1 2211/2110/1 2210/2108/1
f 2242/2111/1 2177/2106/1 2243/2109/1
f 2129/2105/1 2212/2112/1 2211/2110/1
f 2241/2113/1 2177/2106/1 2242/2111/1
f 2129/2105/1 2213/2114/1 2212/2112/1
f 2240/2115/1 2177/2106/1 2241/2113/1
f 2129/2105/1 2214/2116/1 2213/2114/1
f 2128/2117/1 2214/2116/1 2129/2105/1
f 2240/2115/1 2178/2118/1 2177/2106/1
f 2239/2119/1 2178/2118/1 2240/2115/1
f 2128/2117/1 2215/2120/1 2214/2116/1
f 2128/2117/1 2216/2121/1 2215/2120/1
f 2238/2122/1 2178/2118/1 2239/2119/1
f 2238/2122/1 2179/2123/1 2178/2118/1
f 2127/2124/1 2216/2121/1 2128/2117/1
f 2238/2122/1 2180/2125/1 2179/2123/1
f 2126/2126/1 2216/2121/1 2127/2124/1
f 2238/2122/1 2181/2127/1 2180/2125/1
f 2125/2128/1 2216/2121/1 2126/2126/1
f 2238/2122/1 2182/2129/1 2181/2127/1
f 2124/2130/1 2216/2121/1 2125/2128/1
f 2238/2122/1 2183/2131/1 2182/2129/1
f 2238/2122/1 2184/2132/1 2183/2131/1
f 2123/2133/1 2216/2121/1 2124/2130/1
f 2122/2134/1 2216/2121/1 2123/2133/1
f 2122/2134/1 2217/2135/1 2216/2121/1
f 2237/2136/1 2184/2132/1 2238/2122/1
f 2122/2134/1 2218/2137/1 2217/2135/1
f 2236/2138/1 2184/2132/1 2237/2136/1
f 2236/2138/1 2185/2139/1 2184/2132/1
f 2121/2140/1 2218/2137/1 2122/2134/1
f 2121/2140/1 2219/2141/1 2218/2137/1
f 2235/2142/1 2185/2139/1 2236/2138/1
f 2121/2140/1 2220/2143/1 2219/2141/1
f 2234/2144/1 2185/2139/1 2235/2142/1
f 2234/2144/1 2186/2145/1 2185/2139/1
f 2120/2146/1 2220/2143/1 2121/2140/1
f 2120/2146/1 2221/2147/1 2220/2143/1
f 2233/2148/1 2186/2145/1 2234/2144/1
f 2120/2146/1 2222/2149/1 2221/2147/1
f 2232/2150/1 2186/2145/1 2233/2148/1
f 2119/2151/1 2222/2149/1 2120/2146/1
f 2232/2150/1 2187/2152/1 2186/2145/1
f 2119/2151/1 2223/2153/1 2222/2149/1
f 2231/2154/1 2187/2152/1 2232/2150/1
f 2119/2151/1 2224/2155/1 2223/2153/1
f 2230/2156/1 2187/2152/1 2231/2154/1
f 2119/2151/1 2225/2157/1 2224/2155/1
f 2229/2158/1 2187/2152/1 2230/2156/1
f 2119/2151/1 2226/2159/1 2225/2157/1
f 2228/2160/1 2187/2152/1 2229/2158/1
f 2118/2161/1 2226/2159/1 2119/2151/1
f 2228/2160/1 2188/2162/1 2187/2152/1
f 2118/2161/1 2227/2163/1 2226/2159/1
f 2227/2163/1 2188/2162/1 2228/2160/1
f 2118/2161/1 2188/2162/1 2227/2163/1
f 2117/2164/1 2188/2162/1 2118/2161/1
f 2117/2164/1 2189/2165/1 2188/2162/1
f 2116/2166/1 2189/2165/1 2117/2164/1
f 2116/2166/1 2190/2167/1 2189/2165/1
f 2115/2168/1 2190/2167/1 2116/2166/1
f 2115/2168/1 2191/2169/1 2190/2167/1
f 2114/2170/1 2191/2169/1 2115/2168/1
f 2114/2170/1 2192/2171/1 2191/2169/1
f 2113/2172/1 2192/2171/1 2114/2170/1
f 2113/2172/1 2193/2173/1 2192/2171/1
f 2112/2174/1 2193/2173/1 2113/2172/1
f 2112/2174/1 2194/2175/1 2193/2173/1
f 2294/2176/1 2296/2177/117 2295/2178/23
f 2294/2176/1 2297/2179/37 2296/2177/117
f 2294/2176/1 2298/2180/4 2297/2179/37
f 2294/2176/1 2299/2181/5 2298/2180/4
f 2294/2176/1 2300/2182/21 2299/2181/5
f 2294/2176/1 2301/2183/1 2300/2182/21
f 2294/2176/1 2302/2184/5 2301/2183/1
f 2294/2176/1 2303/2185/4 2302/2184/5
f 2294/2176/1 2304/2186/38 2303/2185/4
f 2294/2176/1 2305/2187/13 2304/2186/38
f 2294/2176/1 2306/2188/41 2305/2187/13
f 2294/2176/1 2307/2189/1 2306/2188/41
f 2294/2176/1 2308/2190/1 2307/2189/1
f 2294/2176/1 2309/2191/1 2308/2190/1
f 2293/2192/1 2309/2191/1 2294/2176/1
f 2293/2192/1 2310/2193/1 2309/2191/1
f 2292/2194/1 2310/2193/1 2293/2192/1
f 2292/2194/1 2311/2195/1 2310/2193/1
f 2291/2196/1 2311/2195/1 2292/2194/1
f 2291/2196/1 2312/2197/1 2311/2195/1
f 2290/2198/1 2312/2197/1 2291/2196/1
f 2290/2198/1 2313/2199/1 2312/2197/1
f 2289/2200/1 2313/2199/1 2290/2198/1
f 2289/2200/1 2314/2201/1 2313/2199/1
f 2288/2202/1 2314/2201/1 2289/2200/1
f 2288/2202/1 2315/2203/1 2314/2201/1
f 2287/2204/1 2315/2203/1 2288/2202/1
f 2287/2204/1 2407/2205/6 2315/2203/1
f 2407/2205/6 2406/2206/1 2315/2203/1
f 2406/2206/1 2316/2207/1 2315/2203/1
f 2286/2208/1 2344/2209/1 2287/2204/1
f 2344/2209/1 2407/2205/6 2287/2204/1
f 2405/2210/1 2316/2207/1 2406/2206/1
f 2286/2208/1 2345/2211/1 2344/2209/1
f 2404/2212/1 2316/2207/1 2405/2210/1
f 2286/2208/1 2346/2213/1 2345/2211/1
f 2403/2214/1 2316/2207/1 2404/2212/1
f 2286/2208/1 2347/2215/1 2346/2213/1
f 2402/2216/1 2316/2207/1 2403/2214/1
f 2286/2208/1 2348/2217/1 2347/2215/1
f 2401/2218/1 2316/2207/1 2402/2216/1
f 2286/2208/1 2349/2219/1 2348/2217/1
f 2285/2220/1 2349/2219/1 2286/2208/1
f 2401/2218/1 2317/2221/1 2316/2207/1
f 2400/2222/1 2317/2221/1 2401/2218/1
f 2285/2220/1 2350/2223/1 2349/2219/1
f 2399/2224/1 2317/2221/1 2400/2222/1
f 2285/2220/1 2351/2225/1 2350/2223/1
f 2284/2226/1 2351/2225/1 2285/2220/1
f 2399/2224/1 2318/2227/1 2317/2221/1
f 2398/2228/1 2318/2227/1 2399/2224/1
f 2284/2226/1 2352/2229/1 2351/2225/1
f 2397/2230/1 2318/2227/1 2398/2228/1
f 2284/2226/1 2353/2231/1 2352/2229/1
f 2283/2232/1 2353/2231/1 2284/2226/1
f 2397/2230/1 2319/2233/1 2318/2227/1
f 2396/2234/1 2319/2233/1 2397/2230/1
f 2283/2232/1 2354/2235/1 2353/2231/1
f 2395/2236/1 2319/2233/1 2396/2234/1
f 2283/2232/1 2355/2237/1 2354/2235/1
f 2282/2238/1 2355/2237/1 2283/2232/1
f 2281/2239/1 2355/2237/1 2282/2238/1
f 2395/2236/1 2320/2240/1 2319/2233/1
f 2395/2236/1 2321/2241/1 2320/2240/1
f 2280/2242/1 2355/2237/1 2281/2239/1
f 2395/2236/1 2322/2243/1 2321/2241/1
f 2279/2244/1 2355/2237/1 2280/2242/1
f 2395/2236/1 2323/2245/1 2322/2243/1
f 2278/2246/1 2355/2237/1 2279/2244/1
f 2395/2236/1 2324/2247/1 2323/2245/1
f 2278/2246/1 2356/2248/1 2355/2237/1
f 2394/2249/1 2324/2247/1 2395/2236/1
f 2393/2250/1 2324/2247/1 2394/2249/1
f 2278/2246/1 2357/2251/1 2356/2248/1
f 2277/2252/1 2357/2251/1 2278/2246/1
f 2393/2250/1 2325/2253/1 2324/2247/1
f 2392/2254/1 2325/2253/1 2393/2250/1
f 2277/2252/1 2358/2255/1 2357/2251/1
f 2391/2256/1 2325/2253/1 2392/2254/1
f 2277/2252/1 2359/2257/1 2358/2255/1
f 2390/2258/1 2325/2253/1 2391/2256/1
f 2277/2252/1 2360/2259/1 2359/2257/1
f 2389/2260/1 2325/2253/1 2390/2258/1
f 2277/2252/1 2361/2261/1 2360/2259/1
f 2388/2262/1 2325/2253/1 2389/2260/1
f 2277/2252/1 2362/2263/1 2361/2261/1
f 2276/2264/1 2362/2263/1 2277/2252/1
f 2388/2262/1 2326/2265/1 2325/2253/1
f 2387/2266/1 2326/2265/1 2388/2262/1
f 2276/2264/1 2363/2267/1 2362/2263/1
f 2276/2264/1 2364/2268/1 2363/2267/1
f 2386/2269/1 2326/2265/1 2387/2266/1
f 2386/2269/1 2327/2270/1 2326/2265/1
f 2275/2271/1 2364/2268/1 2276/2264/1
f 2386/2269/1 2328/2272/1 2327/2270/1
f 2274/2273/1 2364/2268/1 2275/2271/1
f 2386/2269/1 2329/2274/1 2328/2272/1
f 2273/2275/1 2364/2268/1 2274/2273/1
f 2386/2269/1 2330/2276/1 2329/2274/1
f 2272/2277/1 2364/2268/1 2273/2275/1
f 2386/2269/1 2331/2278/1 2330/2276/1
f 2386/2269/1 2332/2279/1 2331/2278/1
f 2271/2280/1 2364/2268/1 2272/2277/1
f 2270/2281/1 2364/2268/1 2271/2280/1
f 2270/2281/1 2365/2282/1 2364/2268/1
f 2385/2283/1 2332/2279/1 2386/2269/1
f 2270/2281/1 2366/2284/1 2365/2282/1
f 2384/2285/1 2332/2279/1 2385/2283/1
f 2384/2285/1 2333/2286/1 2332/2279/1
f 2269/2287/1 2366/2284/1 2270/2281/1
f 2269/2287/1 2367/2288/1 2366/2284/1
f 2383/2289/1 2333/2286/1 2384/2285/1
f 2269/2287/1 2368/2290/1 2367/2288/1
f 2382/2291/1 2333/2286/1 2383/2289/1
f 2382/2291/1 2334/2292/1 2333/2286/1
f 2268/2293/1 2368/2290/1 2269/2287/1
f 2268/2293/1 2369/2294/1 2368/2290/1
f 2381/2295/1 2334/2292/1 2382/2291/1
f 2268/2293/1 2370/2296/1 2369/2294/1
f 2380/2297/1 2334/2292/1 2381/2295/1
f 2267/2298/1 2370/2296/1 2268/2293/1
f 2380/2297/1 2335/2299/1 2334/2292/1
f 2267/2298/1 2371/2300/1 2370/2296/1
f 2379/2301/1 2335/2299/1 2380/2297/1
f 2267/2298/1 2372/2302/1 2371/2300/1
f 2378/2303/1 2335/2299/1 2379/2301/1
f 2267/2298/1 2373/2304/1 2372/2302/1
f 2377/2305/1 2335/2299/1 2378/2303/1
f 2267/2298/1 2374/2306/1 2373/2304/1
f 2376/2307/1 2335/2299/1 2377/2305/1
f 2266/2308/1 2374/2306/1 2267/2298/1
f 2376/2307/1 2336/2309/1 2335/2299/1
f 2266/2308/1 2375/2310/1 2374/2306/1
f 2375/2310/1 2336/2309/1 2376/2307/1
f 2266/2308/1 2336/2309/1 2375/2310/1
f 2265/2311/1 2336/2309/1 2266/2308/1
f 2265/2311/1 2337/2312/1 2336/2309/1
f 2264/2313/1 2337/2312/1 2265/2311/1
f 2264/2313/1 2338/2314/1 2337/2312/1
f 2263/2315/1 2338/2314/1 2264/2313/1
f 2263/2315/1 2339/2316/1 2338/2314/1
f 2262/2317/1 2339/2316/1 2263/2315/1
f 2262/2317/1 2340/2318/1 2339/2316/1
f 2261/2319/1 2340/2318/1 2262/2317/1
f 2261/2319/1 2341/2320/1 2340/2318/1
f 2260/2321/1 2341/2320/1 2261/2319/1
f 2260/2321/1 2342/2322/1 2341/2320/1
f 50/2323/1 2/2324/97 1/2325/1
f 50/2323/1 3/2326/1 2/2324/97
f 50/2323/1 4/2327/1 3/2326/1
f 50/2323/1 5/2328/60 4/2327/1
f 50/2323/1 6/2329/1 5/2328/60
f 50/2323/1 7/2330/118 6/2329/1
f 50/2323/1 8/2331/60 7/2330/118
f 50/2323/1 9/2332/119 8/2331/60
f 50/2323/1 10/2333/120 9/2332/119
f 50/2323/1 11/2334/121 10/2333/120
f 50/2323/1 12/2335/122 11/2334/121
f 50/2323/1 13/2336/28 12/2335/122
f 50/2323/1 14/2337/30 13/2336/28
f 49/2338/106 14/2337/30 50/2323/1
f 49/2338/106 15/2339/38 14/2337/30
f 48/2340/2 15/2339/38 49/2338/106
f 48/2340/2 16/2341/4 15/2339/38
f 47/2342/1 16/2341/4 48/2340/2
f 47/2342/1 17/2343/5 16/2341/4
f 46/2344/1 17/2343/5 47/2342/1
f 46/2344/1 18/2345/88 17/2343/5
f 45/2346/26 18/2345/88 46/2344/1
f 45/2346/26 19/2347/1 18/2345/88
f 44/2348/5 19/2347/1 45/2346/26
f 44/2348/5 20/2349/1 19/2347/1
f 43/2350/1 20/2349/1 44/2348/5
f 43/2350/1 21/2351/6 20/2349/1
f 42/2352/1 21/2351/6 43/2350/1
f 42/2352/1 22/2353/6 21/2351/6
f 41/2354/1 22/2353/6 42/2352/1
f 41/2354/1 23/2355/2 22/2353/6
f 40/2356/6 23/2355/2 41/2354/1
f 40/2356/6 24/2357/13 23/2355/2
f 39/2358/6 24/2357/13 40/2356/6
f 39/2358/6 25/2359/2 24/2357/13
f 38/2360/1 25/2359/2 39/2358/6
f 38/2360/1 26/2361/1 25/2359/2
f 38/2360/1 27/2362/1 26/2361/1
f 38/2360/1 28/2363/1 27/2362/1
f 38/2360/1 29/2364/1 28/2363/1
f 38/2360/1 30/2365/1 29/2364/1
f 38/2360/1 31/2366/1 30/2365/1
f 38/2360/1 32/2367/1 31/2366/1
f 38/2360/1 33/2368/1 32/2367/1
f 38/2360/1 34/2369/1 33/2368/1
f 38/2360/1 35/2370/1 34/2369/1
f 38/2360/1 36/2371/1 35/2370/1
f 38/2360/1 37/2372/1 36/2371/1
f 2863/1/123 2864/3/124 2865/2/125
f 2862/4/123 2863/1/123 2865/2/125
f 2862/4/123 2865/2/125 2866/5/126
f 2861/6/123 2862/4/123 2866/5/126
f 2861/6/123 2866/5/126 2867/7/123
f 2860/8/123 2861/6/123 2867/7/123
f 2860/8/123 2867/7/123 2868/9/123
f 2859/10/123 2860/8/123 2868/9/123
f 2859/10/123 2868/9/123 2458/11/123
f 2858/12/123 2859/10/123 2458/11/123
f 2858/12/123 2458/11/123 2459/13/123
f 2858/12/123 2459/13/123 2460/14/126
f 2857/15/123 2858/12/123 2460/14/126
f 2857/15/123 2460/14/126 2461/16/126
f 2857/15/123 2461/16/126 2462/17/123
f 2857/15/123 2462/17/123 2463/18/125
f 2857/15/123 2463/18/125 2464/19/125
f 2856/20/123 2857/15/123 2464/19/125
f 2856/20/123 2464/19/125 2465/21/126
f 2856/20/123 2465/21/126 2466/22/123
f 2856/20/123 2466/22/123 2467/23/123
f 2856/20/123 2467/23/123 2468/24/126
f 2856/20/123 2468/24/126 2469/25/126
f 2855/26/123 2856/20/123 2469/25/126
f 2855/26/123 2469/25/126 2470/27/123
f 2855/26/123 2470/27/123 2471/28/123
f 2814/29/123 2815/31/123 2816/30/123
f 2814/29/123 2816/30/123 2817/32/123
f 2813/33/123 2814/29/123 2817/32/123
f 2813/33/123 2817/32/123 2818/34/123
f 2854/35/123 2855/26/123 2471/28/123
f 2812/36/123 2813/33/123 2818/34/123
f 2812/36/123 2818/34/123 2819/37/123
f 2811/38/123 2812/36/123 2819/37/123
f 2811/38/123 2819/37/123 2820/39/123
f 2853/40/123 2854/35/123 2471/28/123
f 2810/41/123 2811/38/123 2820/39/123
f 2810/41/123 2820/39/123 2821/42/123
f 2809/43/123 2810/41/123 2821/42/123
f 2852/44/123 2853/40/123 2471/28/123
f 2809/43/123 2821/42/123 2822/45/123
f 2808/46/123 2809/43/123 2822/45/123
f 2808/46/123 2822/45/123 2823/47/123
f 2851/48/123 2852/44/123 2471/28/123
f 2807/49/123 2808/46/123 2823/47/123
f 2807/49/123 2823/47/123 2824/50/123
f 2807/49/123 2824/50/123 2825/51/123
f 2850/52/123 2851/48/123 2471/28/123
f 2806/53/123 2807/49/123 2825/51/123
f 2806/53/123 2825/51/123 2826/54/123
f 2806/53/123 2826/54/123 2827/55/123
f 2849/56/123 2850/52/123 2471/28/123
f 2805/57/123 2806/53/123 2827/55/123
f 2805/57/123 2827/55/123 2828/58/123
f 2848/59/123 2849/56/123 2471/28/123
f 2804/60/123 2805/57/123 2828/58/123
f 2804/60/123 2828/58/123 2829/61/123
f 2847/62/123 2848/59/123 2471/28/123
f 2804/60/123 2829/61/123 2830/63/123
f 2803/64/123 2804/60/123 2667/65/123
f 2667/65/123 2804/60/123 2666/66/127
f 2666/66/127 2804/60/123 2830/63/123
f 2846/67/123 2847/62/123 2471/28/123
f 2665/68/123 2666/66/127 2830/63/123
f 2803/64/123 2667/65/123 2668/69/125
f 2664/70/123 2665/68/123 2830/63/123
f 2803/64/123 2668/69/125 2669/71/123
f 2664/70/123 2830/63/123 2831/72/123
f 2663/73/123 2664/70/123 2831/72/123
f 2803/64/123 2669/71/123 2670/74/123
f 2662/75/123 2663/73/123 2831/72/123
f 2845/76/123 2846/67/123 2471/28/123
f 2803/64/123 2670/74/123 2671/77/123
f 2844/78/123 2845/76/123 2471/28/123
f 2661/79/123 2662/75/123 2831/72/123
f 2803/64/123 2671/77/123 2672/80/123
f 2661/79/123 2831/72/123 2832/81/123
f 2802/82/123 2803/64/123 2672/80/123
f 2660/83/123 2661/79/123 2832/81/123
f 2802/82/123 2672/80/123 2673/84/123
f 2659/85/123 2660/83/123 2832/81/123
f 2843/86/123 2844/78/123 2471/28/123
f 2802/82/123 2673/84/123 2674/87/123
f 2659/85/123 2832/81/123 2833/88/123
f 2658/89/123 2659/85/123 2833/88/123
f 2802/82/123 2674/87/123 2675/90/123
f 2801/91/123 2802/82/123 2675/90/123
f 2842/92/123 2843/86/123 2471/28/123
f 2657/93/123 2658/89/123 2833/88/123
f 2657/93/123 2833/88/123 2834/94/123
f 2801/91/123 2675/90/123 2676/95/123
f 2841/96/123 2842/92/123 2471/28/123
f 2656/97/123 2657/93/123 2834/94/123
f 2656/97/123 2834/94/123 2835/98/123
f 2801/91/123 2676/95/123 2677/99/123
f 2840/100/123 2841/96/123 2471/28/123
f 2656/97/123 2835/98/123 2836/101/123
f 2800/102/123 2801/91/123 2677/99/123
f 2655/103/123 2656/97/123 2836/101/123
f 2839/104/123 2840/100/123 2471/28/123
f 2655/103/123 2836/101/123 2837/105/123
f 2800/102/123 2677/99/123 2678/106/123
f 2838/107/123 2839/104/123 2471/28/123
f 2655/103/123 2837/105/123 2838/107/123
f 2655/103/123 2838/107/123 2654/108/123
f 2654/108/123 2838/107/123 2653/109/123
f 2653/109/123 2838/107/123 2652/110/123
f 2652/110/123 2838/107/123 2651/111/123
f 2651/111/123 2838/107/123 2650/112/123
f 2650/112/123 2838/107/123 2649/113/123
f 2649/113/123 2838/107/123 2648/114/123
f 2648/114/123 2838/107/123 2647/115/123
f 2647/115/123 2838/107/123 2646/116/123
f 2646/116/123 2838/107/123 2645/117/123
f 2645/117/123 2838/107/123 2471/28/123
f 2800/102/123 2678/106/123 2679/118/123
f 2879/119/123 2880/121/123 2881/120/123
f 2799/122/123 2800/102/123 2679/118/123
f 2879/119/123 2881/120/123 2882/123/123
f 2878/124/123 2879/119/123 2882/123/123
f 2799/122/123 2679/118/123 2680/125/123
f 2878/124/123 2882/123/123 2883/126/123
f 2877/127/123 2878/124/123 2883/126/123
f 2799/122/123 2680/125/123 2681/128/123
f 2798/129/123 2799/122/123 2681/128/123
f 2877/127/123 2883/126/123 2884/130/123
f 2876/131/123 2877/127/123 2884/130/123
f 2798/129/123 2681/128/123 2682/132/123
f 2797/133/123 2798/129/123 2682/132/123
f 2797/133/123 2682/132/123 2683/134/123
f 2876/131/123 2884/130/123 2885/135/123
f 2875/136/123 2876/131/123 2885/135/123
f 2797/133/123 2683/134/123 2684/137/123
f 2796/138/123 2797/133/123 2684/137/123
f 2796/138/123 2684/137/123 2685/139/123
f 2875/136/123 2885/135/123 2886/140/123
f 2874/141/123 2875/136/123 2886/140/123
f 2796/138/123 2685/139/123 2686/142/123
f 2795/143/123 2796/138/123 2686/142/123
f 2795/143/123 2686/142/123 2687/144/123
f 2874/141/123 2886/140/123 2887/145/123
f 2873/146/123 2874/141/123 2887/145/123
f 2794/147/123 2795/143/123 2687/144/123
f 2794/147/123 2687/144/123 2688/148/123
f 2644/149/123 2645/117/123 2471/28/123
f 2793/150/123 2794/147/123 2688/148/123
f 2793/150/123 2688/148/123 2689/151/123
f 2873/146/123 2887/145/123 2888/152/123
f 2872/153/123 2873/146/123 2888/152/123
f 2643/154/123 2644/149/123 2471/28/123
f 2793/150/123 2689/151/123 2690/155/123
f 2792/156/123 2793/150/123 2690/155/123
f 2642/157/123 2643/154/123 2471/28/123
f 2792/156/123 2690/155/123 2691/158/123
f 2641/159/123 2642/157/123 2471/28/123
f 2872/153/123 2888/152/123 2889/160/123
f 2871/161/123 2872/153/123 2953/162/123
f 2953/162/123 2872/153/123 2889/160/123
f 2791/163/123 2792/156/123 2691/158/123
f 2791/163/123 2691/158/123 2692/164/123
f 2640/165/123 2641/159/123 2471/28/123
f 2791/163/123 2692/164/123 2693/166/123
f 2871/161/123 2953/162/123 2954/167/125
f 2952/168/128 2953/162/123 2889/160/123
f 2790/169/123 2791/163/123 2693/166/123
f 2951/170/123 2952/168/128 2889/160/123
f 2871/161/123 2954/167/125 2955/171/123
f 2950/172/123 2951/170/123 2889/160/123
f 2871/161/123 2955/171/123 2956/173/123
f 2639/174/123 2640/165/123 2471/28/123
f 2871/161/123 2956/173/123 2957/175/123
f 2949/176/123 2950/172/123 2889/160/123
f 2949/176/123 2889/160/123 2890/177/123
f 2870/178/123 2871/161/123 2957/175/123
f 2790/169/123 2693/166/123 2694/179/123
f 2870/178/123 2957/175/123 2958/180/123
f 2948/181/123 2949/176/123 2890/177/123
f 2638/182/123 2639/174/123 2471/28/123
f 2789/183/123 2790/169/123 2694/179/123
f 2870/178/123 2958/180/123 2959/184/123
f 2947/185/123 2948/181/123 2890/177/123
f 2789/183/123 2694/179/123 2695/186/123
f 2637/187/123 2638/182/123 2471/28/123
f 2870/178/123 2959/184/123 2960/188/123
f 2946/189/123 2947/185/123 2890/177/123
f 2789/183/123 2695/186/123 2696/190/123
f 2788/191/123 2789/183/123 2696/190/123
f 2946/189/123 2890/177/123 2891/192/123
f 2869/193/123 2870/178/123 2960/188/123
f 2869/193/123 2960/188/123 2961/194/123
f 2945/195/123 2946/189/123 2891/192/123
f 2636/196/123 2637/187/123 2471/28/123
f 2788/191/123 2696/190/123 2697/197/123
f 2869/193/123 2961/194/123 2962/198/123
f 2944/199/123 2945/195/123 2891/192/123
f 2787/200/123 2788/191/123 2697/197/123
f 2635/201/123 2636/196/123 2471/28/123
f 2787/200/123 2697/197/123 2698/202/123
f 2869/193/123 2962/198/123 2963/203/123
f 2943/204/123 2944/199/123 2891/192/123
f 2634/205/123 2635/201/123 2471/28/123
f 2786/206/123 2787/200/123 2698/202/123
f 2943/204/123 2891/192/123 2892/207/123
f 2916/208/123 2869/193/123 2963/203/123
f 2786/206/123 2698/202/123 2699/209/123
f 2916/208/123 2963/203/123 2964/210/123
f 2942/211/123 2943/204/123 2892/207/123
f 2633/212/123 2634/205/123 2471/28/123
f 2786/206/123 2699/209/123 2700/213/123
f 2785/214/123 2786/206/123 2700/213/123
f 2916/208/123 2964/210/123 2917/215/123
f 2941/216/123 2942/211/123 2892/207/123
f 2632/217/123 2633/212/123 2471/28/123
f 2785/214/123 2700/213/123 2701/218/123
f 2915/219/123 2916/208/123 2917/215/123
f 2941/216/123 2892/207/123 2893/220/123
f 2915/219/123 2917/215/123 2918/221/123
f 2940/222/123 2941/216/123 2893/220/123
f 2631/223/123 2632/217/123 2471/28/123
f 2784/224/123 2785/214/123 2701/218/123
f 2631/223/123 2471/28/123 2472/225/123
f 2784/224/123 2701/218/123 2702/226/123
f 2783/227/123 2784/224/123 2702/226/123
f 2915/219/123 2918/221/123 2919/228/123
f 2939/229/123 2940/222/123 2893/220/123
f 2630/230/123 2631/223/123 2472/225/123
f 2630/230/123 2472/225/123 2473/231/123
f 2783/227/123 2702/226/123 2703/232/123
f 2915/219/123 2919/228/123 2920/233/123
f 2938/234/123 2939/229/123 2893/220/123
f 2782/235/123 2783/227/123 2703/232/123
f 2629/236/123 2630/230/123 2473/231/123
f 2938/234/123 2893/220/123 2894/237/123
f 2914/238/123 2915/219/123 2920/233/123
f 2782/235/123 2703/232/123 2704/239/123
f 2629/236/123 2473/231/123 2474/240/123
f 2914/238/123 2920/233/123 2921/241/123
f 2937/242/123 2938/234/123 2894/237/123
f 2628/243/123 2629/236/123 2474/240/123
f 2782/235/123 2704/239/123 2705/244/123
f 2914/238/123 2921/241/123 2922/245/123
f 2936/246/123 2937/242/123 2894/237/123
f 2628/243/123 2474/240/123 2475/247/123
f 2627/248/123 2628/243/123 2475/247/123
f 2781/249/123 2782/235/123 2705/244/123
f 2781/249/123 2705/244/123 2706/250/123
f 2914/238/123 2922/245/123 2923/251/123
f 2935/252/123 2936/246/123 2894/237/123
f 2935/252/123 2894/237/123 2895/253/123
f 2913/254/123 2914/238/123 2923/251/123
f 2626/255/123 2627/248/123 2475/247/123
f 2781/249/123 2706/250/123 2707/256/123
f 2626/255/123 2475/247/123 2476/257/123
f 2913/254/123 2923/251/123 2924/258/123
f 2934/259/123 2935/252/123 2895/253/123
f 2781/249/123 2707/256/123 2708/260/123
f 2625/261/123 2626/255/123 2476/257/123
f 2913/254/123 2924/258/123 2925/262/123
f 2933/263/123 2934/259/123 2895/253/123
f 2625/261/123 2476/257/123 2477/264/123
f 2913/254/123 2925/262/123 2926/265/123
f 2932/266/123 2933/263/123 2895/253/123
f 2780/267/123 2781/249/123 2708/260/123
f 2780/267/123 2708/260/123 2709/268/123
f 2624/269/123 2625/261/123 2477/264/123
f 2932/266/123 2895/253/123 2896/270/123
f 2912/271/123 2913/254/123 2926/265/123
f 2912/271/123 2926/265/123 2927/272/123
f 2931/273/123 2932/266/123 2896/270/123
f 2912/271/123 2927/272/123 2928/274/123
f 2930/275/123 2931/273/123 2896/270/123
f 2912/271/123 2928/274/123 2929/276/123
f 2929/276/123 2930/275/123 2896/270/123
f 2780/267/123 2709/268/123 2710/277/123
f 2624/269/123 2477/264/123 2478/278/123
f 2912/271/123 2929/276/123 2896/270/123
f 2623/279/123 2624/269/123 2478/278/123
f 2780/267/123 2710/277/123 2711/280/123
f 2622/281/123 2623/279/123 2478/278/123
f 2622/281/123 2478/278/123 2479/282/123
f 2912/271/123 2896/270/123 2897/283/123
f 2911/284/123 2912/271/123 2897/283/123
f 2780/267/123 2711/280/123 2712/285/123
f 2621/286/123 2622/281/123 2479/282/123
f 2779/287/123 2780/267/123 2712/285/123
f 2621/286/123 2479/282/123 2480/288/123
f 2779/287/123 2712/285/123 2713/289/123
f 2779/287/123 2713/289/123 2714/290/123
f 2779/287/123 2714/290/123 2715/291/123
f 2779/287/123 2715/291/123 2716/292/123
f 2620/293/123 2621/286/123 2480/288/123
f 2779/287/123 2716/292/123 2717/294/123
f 2779/287/123 2717/294/123 2718/295/123
f 2779/287/123 2718/295/123 2719/296/123
f 2779/287/123 2719/296/123 2720/297/123
f 2779/287/123 2720/297/123 2721/298/123
f 2911/284/123 2897/283/123 2898/299/123
f 2910/300/123 2911/284/123 2898/299/123
f 2779/287/123 2721/298/123 2722/301/123
f 2779/287/123 2722/301/123 2723/302/123
f 2779/287/123 2723/302/123 2724/303/123
f 2620/293/123 2480/288/123 2481/304/123
f 2619/305/123 2620/293/123 2481/304/123
f 2779/287/123 2724/303/123 2725/306/123
f 2779/287/123 2725/306/123 2726/307/123
f 2779/287/123 2726/307/123 2727/308/123
f 2779/287/123 2727/308/123 2728/309/123
f 2779/287/123 2728/309/123 2729/310/123
f 2779/287/123 2729/310/123 2730/311/123
f 2779/287/123 2730/311/123 2731/312/123
f 2779/287/123 2731/312/123 2732/313/123
f 2779/287/123 2732/313/123 2733/314/123
f 2779/287/123 2733/314/123 2734/315/123
f 2779/287/123 2734/315/123 2735/316/123
f 2618/317/123 2619/305/123 2481/304/123
f 2779/287/123 2735/316/123 2736/318/123
f 2779/287/123 2736/318/123 2737/319/123
f 2779/287/123 2737/319/123 2738/320/123
f 2618/317/123 2481/304/123 2482/321/123
f 2779/287/123 2738/320/123 2739/322/123
f 2910/300/123 2898/299/123 2899/323/123
f 2909/324/123 2910/300/123 2899/323/123
f 2779/287/123 2739/322/123 2740/325/123
f 2778/326/123 2779/287/123 2740/325/123
f 2617/327/123 2618/317/123 2482/321/123
f 2778/326/123 2740/325/123 2741/328/123
f 2778/326/123 2741/328/123 2742/329/123
f 2617/327/123 2482/321/123 2483/330/123
f 2616/331/126 2617/327/123 2483/330/123
f 2778/326/123 2742/329/123 2743/332/123
f 2555/333/123 2556/335/123 2557/334/123
f 2554/336/123 2555/333/123 2557/334/123
f 2553/337/123 2554/336/123 2557/334/123
f 2909/324/123 2899/323/123 2900/338/123
f 2908/339/123 2909/324/123 2900/338/123
f 2778/326/123 2743/332/123 2744/340/123
f 2552/341/123 2553/337/123 2557/334/123
f 2615/342/123 2616/331/126 2483/330/123
f 2614/343/123 2615/342/123 2483/330/123
f 2551/344/123 2552/341/123 2557/334/123
f 2613/345/123 2614/343/123 2483/330/123
f 2613/345/123 2483/330/123 2484/346/123
f 2551/344/123 2557/334/123 2558/347/123
f 2778/326/123 2744/340/123 2745/348/123
f 2612/349/123 2613/345/123 2484/346/123
f 2611/350/123 2612/349/123 2484/346/123
f 2550/351/123 2551/344/123 2558/347/123
f 2610/352/123 2611/350/123 2484/346/123
f 2778/326/123 2745/348/123 2746/353/123
f 2609/354/123 2610/352/123 2484/346/123
f 2550/351/123 2558/347/123 2559/355/123
f 2608/356/123 2609/354/123 2484/346/123
f 2778/326/123 2746/353/123 2747/357/123
f 2549/358/123 2550/351/123 2559/355/123
f 2607/359/123 2608/356/123 2484/346/123
f 2778/326/123 2747/357/123 2748/360/123
f 2606/361/123 2607/359/123 2484/346/123
f 2778/326/123 2748/360/123 2749/362/123
f 2908/339/123 2900/338/123 2901/363/123
f 2907/364/123 2908/339/123 2901/363/123
f 2605/365/123 2606/361/123 2484/346/123
f 2549/358/123 2559/355/123 2560/366/123
f 2604/367/123 2605/365/123 2484/346/123
f 2604/367/123 2484/346/123 2485/368/123
f 2548/369/123 2549/358/123 2560/366/123
f 2603/370/123 2604/367/123 2485/368/123
f 2777/371/123 2778/326/123 2749/362/123
f 2547/372/123 2548/369/123 2560/366/123
f 2547/372/123 2560/366/123 2561/373/123
f 2602/374/123 2603/370/123 2485/368/123
f 2546/375/123 2547/372/123 2561/373/123
f 2546/375/123 2561/373/123 2562/376/123
f 2907/364/123 2901/363/123 2902/377/123
f 2906/378/123 2907/364/123 2902/377/123
f 2601/379/123 2602/374/123 2485/368/123
f 2601/379/123 2485/368/123 2486/380/123
f 2545/381/123 2546/375/123 2562/376/123
f 2544/382/123 2545/381/123 2562/376/123
f 2544/382/123 2562/376/123 2563/383/123
f 2600/384/123 2601/379/123 2486/380/123
f 2543/385/123 2544/382/123 2563/383/123
f 2542/386/123 2543/385/123 2563/383/123
f 2541/387/123 2542/386/123 2563/383/123
f 2540/388/123 2541/387/123 2563/383/123
f 2539/389/123 2540/388/123 2563/383/123
f 2906/378/123 2902/377/123 2903/390/123
f 2905/391/123 2906/378/123 2903/390/123
f 2538/392/123 2539/389/123 2563/383/123
f 2538/392/123 2563/383/123 2564/393/123
f 2537/394/123 2538/392/123 2564/393/123
f 2536/395/125 2537/394/123 2564/393/123
f 2599/396/123 2600/384/123 2486/380/123
f 2535/397/123 2536/395/125 2564/393/123
f 2599/396/123 2486/380/123 2487/398/123
f 2534/399/123 2535/397/123 2564/393/123
f 2533/400/125 2534/399/123 2564/393/123
f 2532/401/123 2533/400/125 2564/393/123
f 2531/402/123 2532/401/123 2564/393/123
f 2531/402/123 2564/393/123 2565/403/123
f 2530/404/123 2531/402/123 2565/403/123
f 2905/391/123 2903/390/123 2904/405/123
f 2529/406/123 2530/404/123 2565/403/123
f 2598/407/123 2599/396/123 2487/398/123
f 2528/408/123 2529/406/123 2565/403/123
f 2527/409/123 2528/408/123 2565/403/123
f 2527/409/123 2565/403/123 2566/410/123
f 2526/411/123 2527/409/123 2566/410/123
f 2525/412/123 2526/411/123 2566/410/123
f 2597/413/123 2598/407/123 2487/398/123
f 2524/414/123 2525/412/123 2566/410/123
f 2523/415/123 2524/414/123 2566/410/123
f 2597/413/123 2487/398/123 2488/416/123
f 2523/415/123 2566/410/123 2567/417/123
f 2522/418/123 2523/415/123 2567/417/123
f 2521/419/123 2522/418/123 2567/417/123
f 2596/420/123 2597/413/123 2488/416/123
f 2520/421/123 2521/419/123 2567/417/123
f 2519/422/123 2520/421/123 2567/417/123
f 2518/423/123 2519/422/123 2567/417/123
f 2518/423/123 2567/417/123 2568/424/123
f 2776/425/123 2777/371/123 2749/362/123
f 2595/426/123 2596/420/123 2488/416/123
f 2518/423/123 2568/424/123 2569/427/123
f 2595/426/123 2488/416/123 2489/428/123
f 2594/429/123 2595/426/123 2489/428/123
f 2518/423/123 2569/427/123 2570/430/123
f 2517/431/123 2518/423/123 2570/430/123
f 2593/432/123 2594/429/123 2489/428/123
f 2517/431/123 2570/430/123 2571/433/123
f 2592/434/123 2593/432/123 2489/428/123
f 2517/431/123 2571/433/123 2572/435/123
f 2592/434/123 2489/428/123 2490/436/123
f 2591/437/123 2592/434/123 2490/436/123
f 2517/431/123 2572/435/123 2573/438/123
f 2516/439/123 2517/431/123 2573/438/123
f 2590/440/123 2591/437/123 2490/436/123
f 2516/439/123 2573/438/123 2574/441/123
f 2589/442/123 2590/440/123 2490/436/123
f 2516/439/123 2574/441/123 2575/443/123
f 2588/444/123 2589/442/123 2490/436/123
f 2588/444/123 2490/436/123 2491/445/123
f 2516/439/123 2575/443/123 2576/446/123
f 2587/447/123 2588/444/123 2491/445/123
f 2515/448/123 2516/439/123 2576/446/123
f 2515/448/123 2576/446/123 2577/449/123
f 2586/450/123 2587/447/123 2491/445/123
f 2515/448/123 2577/449/123 2578/451/123
f 2585/452/123 2586/450/123 2491/445/123
f 2515/448/123 2578/451/123 2579/453/123
f 2584/454/123 2585/452/123 2491/445/123
f 2515/448/123 2579/453/123 2580/455/123
f 2583/456/123 2584/454/123 2491/445/123
f 2515/448/123 2580/455/123 2581/457/126
f 2582/458/123 2583/456/123 2491/445/123
f 2515/448/123 2581/457/126 2582/458/123
f 2515/448/123 2582/458/123 2491/445/123
f 2775/459/123 2776/425/123 2749/362/123
f 2515/448/123 2491/445/123 2492/460/123
f 2514/461/123 2515/448/123 2492/460/123
f 2514/461/123 2492/460/123 2493/462/123
f 2513/463/123 2514/461/123 2493/462/123
f 2512/464/123 2513/463/123 2493/462/123
f 2512/464/123 2493/462/123 2494/465/123
f 2511/466/123 2512/464/123 2494/465/123
f 2511/466/123 2494/465/123 2495/467/123
f 2774/468/123 2775/459/123 2749/362/123
f 2510/469/123 2511/466/123 2495/467/123
f 2510/469/123 2495/467/123 2496/470/123
f 2509/471/123 2510/469/123 2496/470/123
f 2509/471/123 2496/470/123 2497/472/123
f 2508/473/123 2509/471/123 2497/472/123
f 2508/473/123 2497/472/123 2498/474/123
f 2507/475/123 2508/473/123 2498/474/123
f 2773/476/123 2774/468/123 2749/362/123
f 2507/475/123 2498/474/123 2499/477/123
f 2506/478/123 2507/475/123 2499/477/123
f 2506/478/123 2499/477/123 2500/479/123
f 2505/480/123 2506/478/123 2500/479/123
f 2772/481/123 2773/476/123 2749/362/123
f 2771/482/123 2772/481/123 2749/362/123
f 2770/483/123 2771/482/123 2749/362/123
f 2769/484/123 2770/483/123 2749/362/123
f 2768/485/126 2769/484/123 2749/362/123
f 2767/486/128 2768/485/126 2749/362/123
f 2505/480/123 2500/479/123 2501/487/123
f 2766/488/123 2767/486/128 2749/362/123
f 2766/488/123 2749/362/123 2750/489/123
f 2765/490/123 2766/488/123 2750/489/123
f 2764/491/126 2765/490/123 2750/489/123
f 2763/492/126 2764/491/126 2750/489/123
f 2504/493/123 2505/480/123 2501/487/123
f 2763/492/126 2750/489/123 2751/494/123
f 2762/495/127 2763/492/126 2751/494/123
f 2761/496/128 2762/495/127 2751/494/123
f 2760/497/125 2761/496/128 2751/494/123
f 2760/497/125 2751/494/123 2752/498/126
f 2504/493/123 2501/487/123 2502/499/123
f 2759/500/123 2760/497/125 2752/498/126
f 2759/500/123 2752/498/126 2753/501/123
f 2503/502/123 2504/493/123 2502/499/123
f 2758/503/123 2759/500/123 2753/501/123
f 2758/503/123 2753/501/123 2754/504/125
f 2758/503/123 2754/504/125 2755/505/128
f 2757/506/129 2758/503/123 2755/505/128
f 2757/506/129 2755/505/128 2756/507/123
f 3143/508/123 3144/510/123 3145/509/130
f 3143/508/123 3145/509/130 3146/511/123
f 3143/508/123 3146/511/123 3147/512/123
f 3143/508/123 3147/512/123 3148/513/123
f 3143/508/123 3148/513/123 3149/514/123
f 3143/508/123 3149/514/123 3150/515/123
f 3143/508/123 3150/515/123 3151/516/123
f 3143/508/123 3151/516/123 3152/517/131
f 3143/508/123 3152/517/131 3153/518/132
f 3143/508/123 3153/518/132 3154/519/133
f 3143/508/123 3154/519/133 3155/520/134
f 3143/508/123 3155/520/134 3156/521/128
f 3143/508/123 3156/521/128 3157/522/123
f 3142/523/123 3143/508/123 3157/522/123
f 3142/523/123 3157/522/123 3158/524/126
f 3141/525/127 3142/523/123 3158/524/126
f 3141/525/127 3158/524/126 3159/526/126
f 3140/527/123 3141/525/127 3159/526/126
f 3140/527/123 3159/526/126 3160/528/123
f 3139/529/123 3140/527/123 3160/528/123
f 3139/529/123 3160/528/123 3161/530/125
f 3138/531/123 3139/529/123 3161/530/125
f 3138/531/123 3161/530/125 3162/532/123
f 3137/533/123 3138/531/123 3162/532/123
f 3137/533/123 3162/532/123 3163/534/123
f 3136/535/123 3137/533/123 3163/534/123
f 3136/535/123 3163/534/123 3164/536/123
f 3135/537/125 3136/535/123 3164/536/123
f 3135/537/125 3164/536/123 3165/538/123
f 3134/539/123 3135/537/125 3165/538/123
f 3134/539/123 3165/538/123 3166/540/123
f 3133/541/123 3134/539/123 3166/540/123
f 3133/541/123 3166/540/123 3167/542/123
f 3132/543/123 3133/541/123 3167/542/123
f 3132/543/123 3167/542/123 3168/544/123
f 3131/545/123 3132/543/123 3168/544/123
f 3131/545/123 3168/544/123 3169/546/123
f 3130/547/123 3131/545/123 3169/546/123
f 3130/547/123 3169/546/123 3170/548/123
f 3129/549/123 3130/547/123 3170/548/123
f 3129/549/123 3170/548/123 3171/550/123
f 3128/551/123 3129/549/123 3171/550/123
f 3128/551/123 3171/550/123 3172/552/123
f 3127/553/123 3128/551/123 3172/552/123
f 3127/553/123 3172/552/123 3173/554/123
f 3126/555/123 3127/553/123 3173/554/123
f 3126/555/123 3173/554/123 3174/556/123
f 3125/557/123 3126/555/123 3174/556/123
f 3125/557/123 3174/556/123 3175/558/123
f 3124/559/123 3125/557/123 3175/558/123
f 3124/559/123 3175/558/123 3176/560/123
f 3123/561/123 3124/559/123 3176/560/123
f 3123/561/123 3176/560/123 3177/562/123
f 3122/563/123 3123/561/123 3177/562/123
f 3122/563/123 3177/562/123 3178/564/123
f 3121/565/123 3122/563/123 3178/564/123
f 3121/565/123 3178/564/123 3179/566/123
f 3120/567/123 3121/565/123 3179/566/123
f 3120/567/123 3179/566/123 3180/568/123
f 3119/569/123 3120/567/123 3180/568/123
f 3119/569/123 3180/568/123 3181/570/123
f 3119/569/123 3181/570/123 3182/571/123
f 3118/572/123 3119/569/123 3182/571/123
f 3118/572/123 3182/571/123 3183/573/123
f 3118/572/123 3183/573/123 3184/574/123
f 3117/575/123 3118/572/123 3184/574/123
f 3117/575/123 3184/574/123 3185/576/123
f 3049/577/135 3050/579/136 3051/578/137
f 3048/580/123 3049/577/135 3051/578/137
f 3048/580/123 3051/578/137 3052/581/126
f 3047/582/123 3048/580/123 3052/581/126
f 3047/582/123 3052/581/126 3053/583/123
f 3046/584/123 3047/582/123 3053/583/123
f 3046/584/123 3053/583/123 3054/585/123
f 3045/586/125 3046/584/123 3054/585/123
f 3045/586/125 3054/585/123 3055/587/126
f 3045/586/125 3055/587/126 3056/588/123
f 3044/589/123 3045/586/125 3056/588/123
f 3044/589/123 3056/588/123 3057/590/126
f 3043/591/123 3044/589/123 3057/590/126
f 3043/591/123 3057/590/126 3058/592/123
f 3117/575/123 3185/576/123 3186/593/123
f 3116/594/123 3117/575/123 3186/593/123
f 3042/595/125 3043/591/123 3058/592/123
f 3042/595/125 3058/592/123 3059/596/123
f 3042/595/125 3059/596/123 3060/597/123
f 3042/595/125 3060/597/123 3061/598/126
f 3041/599/123 3042/595/125 3061/598/126
f 3041/599/123 3061/598/126 3062/600/125
f 3041/599/123 3062/600/125 3063/601/126
f 3041/599/123 3063/601/126 3064/602/126
f 3041/599/123 3064/602/126 3065/603/123
f 3041/599/123 3065/603/123 3066/604/123
f 3040/605/123 3041/599/123 3066/604/123
f 3040/605/123 3066/604/123 3067/606/123
f 3039/607/123 3040/605/123 3067/606/123
f 3039/607/123 3067/606/123 3068/608/123
f 3116/594/123 3186/593/123 3187/609/123
f 3039/607/123 3068/608/123 3069/610/123
f 3038/611/123 3039/607/123 3069/610/123
f 3038/611/123 3069/610/123 3070/612/125
f 3037/613/123 3038/611/123 3070/612/125
f 3037/613/123 3070/612/125 3071/614/123
f 3037/613/123 3071/614/123 3072/615/123
f 3115/616/123 3116/594/123 3187/609/123
f 3115/616/123 3187/609/123 3188/617/123
f 3037/613/123 3072/615/123 3073/618/123
f 3037/613/123 3073/618/123 3074/619/123
f 3037/613/123 3074/619/123 3075/620/123
f 3036/621/123 3037/613/123 3075/620/123
f 3115/616/123 3188/617/123 3189/622/123
f 3114/623/123 3115/616/123 3189/622/123
f 3114/623/123 3189/622/123 3190/624/123
f 3035/625/123 3036/621/123 3075/620/123
f 3114/623/123 3190/624/123 3191/626/123
f 3034/627/123 3035/625/123 3075/620/123
f 3113/628/123 3114/623/123 3191/626/123
f 3034/627/123 3075/620/123 3076/629/123
f 3113/628/123 3191/626/123 3192/630/123
f 3033/631/123 3034/627/123 3076/629/123
f 3113/628/123 3192/630/123 3193/632/123
f 3112/633/123 3113/628/123 3193/632/123
f 3032/634/123 3033/631/123 3076/629/123
f 3112/633/123 3193/632/123 3194/635/123
f 3032/634/123 3076/629/123 3077/636/123
f 3112/633/123 3194/635/123 3195/637/123
f 3031/638/123 3032/634/123 3077/636/123
f 3111/639/123 3112/633/123 3195/637/123
f 3111/639/123 3195/637/123 3196/640/123
f 3030/641/123 3031/638/123 3077/636/123
f 3110/642/123 3111/639/123 3196/640/123
f 3110/642/123 3196/640/123 3197/643/123
f 3030/641/123 3077/636/123 3078/644/123
f 3029/645/123 3030/641/123 3078/644/123
f 3110/642/123 3197/643/123 3198/646/123
f 3109/647/123 3110/642/123 3198/646/123
f 3028/648/123 3029/645/123 3078/644/123
f 3109/647/123 3198/646/123 3199/649/123
f 3108/650/123 3109/647/123 3199/649/123
f 3028/648/123 3078/644/123 3079/651/123
f 3027/652/123 3028/648/123 3079/651/123
f 3108/650/123 3199/649/123 3200/653/123
f 3107/654/123 3108/650/123 3200/653/123
f 3107/654/123 3200/653/123 3201/655/123
f 3026/656/123 3027/652/123 3079/651/123
f 3026/656/123 3079/651/123 3080/657/123
f 3107/654/123 3201/655/123 3202/658/123
f 3106/659/123 3107/654/123 3202/658/123
f 3025/660/123 3026/656/123 3080/657/123
f 3106/659/123 3202/658/123 3203/661/123
f 3105/662/123 3106/659/123 3203/661/123
f 3024/663/123 3025/660/123 3080/657/123
f 3024/663/123 3080/657/123 3081/664/123
f 3105/662/123 3203/661/123 3204/665/123
f 3104/666/123 3105/662/123 3204/665/123
f 3023/667/123 3024/663/123 3081/664/123
f 3103/668/123 3104/666/123 3204/665/123
f 3023/667/123 3081/664/123 3082/669/123
f 3103/668/123 3204/665/123 3205/670/123
f 3022/671/123 3023/667/123 3082/669/123
f 3102/672/123 3103/668/123 3205/670/123
f 3022/671/123 3082/669/123 3083/673/123
f 3102/672/123 3205/670/123 3206/674/123
f 3101/675/123 3102/672/123 3206/674/123
f 3021/676/123 3022/671/123 3083/673/123
f 3100/677/123 3101/675/123 3206/674/123
f 3021/676/123 3083/673/123 3084/678/123
f 3100/677/123 3206/674/123 3207/679/123
f 3099/680/123 3100/677/123 3207/679/123
f 3021/676/123 3084/678/123 3085/681/123
f 3098/682/123 3099/680/123 3207/679/123
f 3020/683/123 3021/676/123 3085/681/123
f 3097/684/137 3098/682/123 3207/679/123
f 3020/683/123 3085/681/123 3086/685/138
f 3096/686/123 3097/684/137 3207/679/123
f 3096/686/123 3207/679/123 3208/687/123
f 3020/683/123 3086/685/138 3087/688/139
f 3020/683/123 3087/688/139 3088/689/140
f 3020/683/123 3088/689/140 3089/690/141
f 3020/683/123 3089/690/141 3090/691/142
f 3020/683/123 3090/691/142 3091/692/143
f 3020/683/123 3091/692/143 3092/693/141
f 3020/683/123 3092/693/141 3093/694/140
f 3020/683/123 3093/694/140 3094/695/123
f 3020/683/123 3094/695/123 3095/696/144
f 3020/683/123 3095/696/144 3096/686/123
f 3020/683/123 3096/686/123 3208/687/123
f 3019/697/123 3020/683/123 3208/687/123
f 3019/697/123 3208/687/123 3209/698/123
f 3019/697/123 3209/698/123 3210/699/123
f 3018/700/123 3019/697/123 3210/699/123
f 3018/700/123 3210/699/123 3211/701/123
f 3017/702/123 3018/700/123 3211/701/123
f 3017/702/123 3211/701/123 3212/703/123
f 3016/704/123 3017/702/123 3212/703/123
f 3016/704/123 3212/703/123 3213/705/123
f 3016/704/123 3213/705/123 3214/706/123
f 3015/707/123 3016/704/123 3214/706/123
f 3015/707/123 3214/706/123 3215/708/123
f 3014/709/123 3015/707/123 3215/708/123
f 3014/709/123 3215/708/123 3216/710/123
f 3013/711/123 3014/709/123 3216/710/123
f 3013/711/123 3216/710/123 3217/712/123
f 3013/711/123 3217/712/123 3218/713/123
f 3012/714/123 3013/711/123 3218/713/123
f 3012/714/123 3218/713/123 3219/715/123
f 3011/716/123 3012/714/123 3219/715/123
f 3011/716/123 3219/715/123 3220/717/123
f 3011/716/123 3220/717/123 3221/718/123
f 3010/719/123 3011/716/123 3221/718/123
f 3010/719/123 3221/718/123 3222/720/123
f 3009/721/123 3010/719/123 3222/720/123
f 3009/721/123 3222/720/123 3223/722/123
f 3008/723/123 3009/721/123 3223/722/123
f 3008/723/123 3223/722/123 3224/724/123
f 3008/723/123 3224/724/123 3225/725/123
f 3007/726/123 3008/723/123 3225/725/123
f 3007/726/123 3225/725/123 3226/727/123
f 3006/728/123 3007/726/123 3226/727/123
f 3006/728/123 3226/727/123 3227/729/123
f 3005/730/123 3006/728/123 3227/729/123
f 3005/730/123 3227/729/123 3228/731/123
f 3004/732/123 3005/730/123 3228/731/123
f 3004/732/123 3228/731/123 3229/733/123
f 3004/732/123 3229/733/123 3230/734/123
f 3003/735/123 3004/732/123 3230/734/123
f 3003/735/123 3230/734/123 3231/736/123
f 3002/737/123 3003/735/123 3231/736/123
f 3002/737/123 3231/736/123 3232/738/123
f 3001/739/123 3002/737/123 3232/738/123
f 3001/739/123 3232/738/123 3233/740/123
f 3001/739/123 3233/740/123 3234/741/123
f 3000/742/123 3001/739/123 3234/741/123
f 3000/742/123 3234/741/123 3235/743/123
f 2999/744/123 3000/742/123 3235/743/123
f 2999/744/123 3235/743/123 3236/745/123
f 2998/746/123 2999/744/123 3236/745/123
f 2998/746/123 3236/745/123 3237/747/123
f 2997/748/123 2998/746/123 3237/747/123
f 2997/748/123 3237/747/123 3238/749/123
f 2997/748/123 3238/749/123 3239/750/123
f 2996/751/123 2997/748/123 3239/750/123
f 2996/751/123 3239/750/123 3240/752/123
f 2995/753/123 2996/751/123 3240/752/123
f 2995/753/123 3240/752/123 3241/754/123
f 2994/755/123 2995/753/123 3241/754/123
f 2994/755/123 3241/754/123 3242/756/123
f 2994/755/123 3242/756/123 3243/757/123
f 2993/758/123 2994/755/123 3243/757/123
f 2993/758/123 3243/757/123 3244/759/123
f 2992/760/123 2993/758/123 3244/759/123
f 2992/760/123 3244/759/123 3245/761/123
f 2991/762/123 2992/760/123 3245/761/123
f 2991/762/123 3245/761/123 3246/763/123
f 2991/762/123 3246/763/123 3247/764/123
f 2990/765/123 2991/762/123 3247/764/123
f 2990/765/123 3247/764/123 3248/766/123
f 2989/767/123 2990/765/123 3248/766/123
f 2989/767/123 3248/766/123 3249/768/123
f 2989/767/123 3249/768/123 3250/769/123
f 2988/770/123 2989/767/123 3250/769/123
f 2988/770/123 3250/769/123 3251/771/123
f 2987/772/123 2988/770/123 3251/771/123
f 2987/772/123 3251/771/123 2965/773/123
f 2987/772/123 2965/773/123 2966/774/123
f 2986/775/125 2987/772/123 2966/774/123
f 2986/775/125 2966/774/123 2967/776/123
f 2985/777/123 2986/775/125 2967/776/123
f 2985/777/123 2967/776/123 2968/778/123
f 2984/779/123 2985/777/123 2968/778/123
f 2984/779/123 2968/778/123 2969/780/123
f 2984/779/123 2969/780/123 2970/781/123
f 2983/782/123 2984/779/123 2970/781/123
f 2983/782/123 2970/781/123 2971/783/125
f 2982/784/128 2983/782/123 2971/783/125
f 2982/784/128 2971/783/125 2972/785/123
f 2981/786/125 2982/784/128 2972/785/123
f 2981/786/125 2972/785/123 2973/787/128
f 2981/786/125 2973/787/128 2974/788/127
f 2980/789/123 2981/786/125 2974/788/127
f 2980/789/123 2974/788/127 2975/790/123
f 2979/791/123 2980/789/123 2975/790/123
f 2979/791/123 2975/790/123 2976/792/123
f 2978/793/123 2979/791/123 2976/792/123
f 2978/793/123 2976/792/123 2977/794/145
f 3305/795/123 3306/797/146 3307/796/147
f 3305/795/123 3307/796/147 3308/798/128
f 3305/795/123 3308/798/128 3309/799/127
f 3305/795/123 3309/799/127 3310/800/128
f 3305/795/123 3310/800/128 3311/801/148
f 3305/795/123 3311/801/148 3312/802/148
f 3305/795/123 3312/802/148 3313/803/128
f 3305/795/123 3313/803/128 3314/804/148
f 3305/795/123 3314/804/148 3315/805/128
f 3305/795/123 3315/805/128 3316/806/129
f 3305/795/123 3316/806/129 3317/807/149
f 3305/795/123 3317/807/149 3318/808/123
f 3305/795/123 3318/808/123 3319/809/123
f 3304/810/123 3305/795/123 3319/809/123
f 3304/810/123 3319/809/123 3320/811/123
f 3303/812/123 3304/810/123 3320/811/123
f 3303/812/123 3320/811/123 3321/813/123
f 3302/814/123 3303/812/123 3321/813/123
f 3302/814/123 3321/813/123 3322/815/123
f 3301/816/123 3302/814/123 3322/815/123
f 3301/816/123 3322/815/123 3323/817/123
f 3300/818/123 3301/816/123 3323/817/123
f 3300/818/123 3323/817/123 3324/819/123
f 3299/820/123 3300/818/123 3324/819/123
f 3299/820/123 3324/819/123 3325/821/123
f 3298/822/123 3299/820/123 3427/823/125
f 3427/823/125 3299/820/123 3426/824/123
f 3426/824/123 3299/820/123 3325/821/123
f 3426/824/123 3325/821/123 3425/825/127
f 3425/825/127 3325/821/123 3326/826/123
f 3424/827/123 3425/825/127 3326/826/123
f 3298/822/123 3427/823/125 3428/828/123
f 3423/829/123 3424/827/123 3326/826/123
f 3298/822/123 3428/828/123 3429/830/123
f 3422/831/123 3423/829/123 3326/826/123
f 3298/822/123 3429/830/123 3430/832/123
f 3421/833/123 3422/831/123 3326/826/123
f 3298/822/123 3430/832/123 3431/834/123
f 3297/835/123 3298/822/123 3431/834/123
f 3420/836/123 3421/833/123 3326/826/123
f 3297/835/123 3431/834/123 3432/837/123
f 3419/838/123 3420/836/123 3326/826/123
f 3297/835/123 3432/837/123 3433/839/123
f 3418/840/123 3419/838/123 3326/826/123
f 3418/840/123 3326/826/123 3327/841/123
f 3297/835/123 3433/839/123 3434/842/123
f 3417/843/123 3418/840/123 3327/841/123
f 3297/835/123 3434/842/123 3435/844/123
f 3296/845/123 3297/835/123 3435/844/123
f 3416/846/123 3417/843/123 3327/841/123
f 3296/845/123 3435/844/123 3436/847/123
f 3415/848/123 3416/846/123 3327/841/123
f 3296/845/123 3436/847/123 3437/849/123
f 3415/848/123 3327/841/123 3328/850/123
f 3414/851/123 3415/848/123 3328/850/123
f 3296/845/123 3437/849/123 3438/852/126
f 3295/853/123 3296/845/123 3438/852/126
f 3295/853/123 3438/852/126 3439/854/126
f 3473/855/128 3414/851/123 3328/850/123
f 3295/853/123 3439/854/126 3440/856/123
f 3472/857/123 3473/855/128 3328/850/123
f 3295/853/123 3440/856/123 3441/858/123
f 3471/859/123 3472/857/123 3328/850/123
f 3295/853/123 3441/858/123 3442/860/125
f 3470/861/126 3471/859/123 3328/850/123
f 3295/853/123 3442/860/125 3443/862/126
f 3469/863/123 3470/861/126 3328/850/123
f 3295/853/123 3443/862/126 3444/864/123
f 3468/865/123 3469/863/123 3328/850/123
f 3295/853/123 3444/864/123 3445/866/126
f 3467/867/123 3468/865/123 3328/850/123
f 3295/853/123 3445/866/126 3446/868/126
f 3466/869/123 3467/867/123 3328/850/123
f 3295/853/123 3446/868/126 3447/870/137
f 3465/871/123 3466/869/123 3328/850/123
f 3295/853/123 3447/870/137 3448/872/125
f 3464/873/123 3465/871/123 3328/850/123
f 3295/853/123 3448/872/125 3449/874/150
f 3463/875/123 3464/873/123 3328/850/123
f 3295/853/123 3449/874/150 3450/876/123
f 3462/877/123 3463/875/123 3328/850/123
f 3295/853/123 3450/876/123 3451/878/123
f 3295/853/123 3451/878/123 3452/879/123
f 3295/853/123 3452/879/123 3453/880/123
f 3295/853/123 3453/880/123 3454/881/123
f 3295/853/123 3454/881/123 3455/882/123
f 3295/853/123 3455/882/123 3456/883/123
f 3295/853/123 3456/883/123 3457/884/126
f 3295/853/123 3457/884/126 3458/885/123
f 3295/853/123 3458/885/123 3459/886/123
f 3295/853/123 3459/886/123 3460/887/126
f 3295/853/123 3460/887/126 3461/888/137
f 3295/853/123 3461/888/137 3462/877/123
f 3295/853/123 3462/877/123 3328/850/123
f 3295/853/123 3328/850/123 3329/889/123
f 3294/890/123 3295/853/123 3329/889/123
f 3294/890/123 3329/889/123 3330/891/123
f 3293/892/123 3294/890/123 3330/891/123
f 3292/893/123 3293/892/123 3330/891/123
f 3291/894/123 3292/893/123 3330/891/123
f 3290/895/123 3291/894/123 3330/891/123
f 3289/896/123 3290/895/123 3330/891/123
f 3288/897/123 3289/896/123 3330/891/123
f 3287/898/123 3288/897/123 3330/891/123
f 3286/899/123 3287/898/123 3330/891/123
f 3285/900/123 3286/899/123 3330/891/123
f 3284/901/123 3285/900/123 3330/891/123
f 3283/902/123 3284/901/123 3330/891/123
f 3282/903/123 3283/902/123 3330/891/123
f 3281/904/123 3282/903/123 3330/891/123
f 3281/904/123 3330/891/123 3331/905/123
f 3281/904/123 3331/905/123 3332/906/123
f 3281/904/123 3332/906/123 3333/907/123
f 3281/904/123 3333/907/123 3334/908/123
f 3281/904/123 3334/908/123 3335/909/123
f 3281/904/123 3335/909/123 3336/910/123
f 3281/904/123 3336/910/123 3337/911/123
f 3281/904/123 3337/911/123 3338/912/123
f 3281/904/123 3338/912/123 3339/913/123
f 3281/904/123 3339/913/123 3340/914/123
f 3281/904/123 3340/914/123 3341/915/123
f 3281/904/123 3341/915/123 3342/916/123
f 3281/904/123 3342/916/123 3343/917/123
f 3281/904/123 3343/917/123 3344/918/126
f 3281/904/123 3344/918/126 3345/919/126
f 3281/904/123 3345/919/126 3346/920/125
f 3281/904/123 3346/920/125 3347/921/123
f 3281/904/123 3347/921/123 3348/922/126
f 3281/904/123 3348/922/126 3349/923/126
f 3281/904/123 3349/923/126 3350/924/127
f 3281/904/123 3350/924/127 3351/925/128
f 3281/904/123 3351/925/128 3352/926/123
f 3281/904/123 3352/926/123 3353/927/129
f 3280/928/123 3281/904/123 3355/929/123
f 3280/928/123 3355/929/123 3356/930/151
f 3280/928/123 3356/930/151 3357/931/147
f 3280/928/123 3357/931/147 3358/932/125
f 3280/928/123 3358/932/125 3359/933/137
f 3280/928/123 3359/933/137 3360/934/128
f 3280/928/123 3360/934/128 3361/935/126
f 3280/928/123 3361/935/126 3362/936/125
f 3280/928/123 3362/936/125 3363/937/123
f 3280/928/123 3363/937/123 3364/938/125
f 3280/928/123 3364/938/125 3365/939/123
f 3280/928/123 3365/939/123 3366/940/125
f 3280/928/123 3366/940/125 3367/941/123
f 3280/928/123 3367/941/123 3368/942/123
f 3280/928/123 3368/942/123 3369/943/123
f 3279/944/123 3280/928/123 3369/943/123
f 3401/945/123 3402/947/152 3403/946/123
f 3401/945/123 3403/946/123 3404/948/123
f 3401/945/123 3404/948/123 3405/949/123
f 3401/945/123 3405/949/123 3406/950/123
f 3401/945/123 3406/950/123 3407/951/136
f 3401/945/123 3407/951/136 3408/952/153
f 3401/945/123 3408/952/153 3409/953/154
f 3401/945/123 3409/953/154 3410/954/155
f 3401/945/123 3410/954/155 3411/955/156
f 3401/945/123 3411/955/156 3412/956/157
f 3401/945/123 3412/956/157 3413/957/158
f 3401/945/123 3413/957/158 3252/958/150
f 3401/945/123 3252/958/150 3253/959/129
f 3401/945/123 3253/959/129 3254/960/125
f 3401/945/123 3254/960/125 3255/961/159
f 3400/962/123 3401/945/123 3255/961/159
f 3399/963/123 3400/962/123 3255/961/159
f 3399/963/123 3255/961/159 3256/964/123
f 3399/963/123 3256/964/123 3257/965/128
f 3398/966/126 3399/963/123 3257/965/128
f 3398/966/126 3257/965/128 3258/967/160
f 3398/966/126 3258/967/160 3259/968/123
f 3397/969/123 3398/966/126 3259/968/123
f 3396/970/125 3397/969/123 3259/968/123
f 3395/971/123 3396/970/125 3259/968/123
f 3394/972/123 3395/971/123 3259/968/123
f 3279/944/123 3369/943/123 3370/973/123
f 3393/974/123 3394/972/123 3259/968/123
f 3392/975/125 3393/974/123 3259/968/123
f 3391/976/123 3392/975/125 3259/968/123
f 3390/977/123 3391/976/123 3259/968/123
f 3389/978/123 3390/977/123 3259/968/123
f 3279/944/123 3370/973/123 3371/979/123
f 3389/978/123 3259/968/123 3260/980/123
f 3388/981/123 3389/978/123 3260/980/123
f 3279/944/123 3371/979/123 3372/982/123
f 3387/983/123 3388/981/123 3260/980/123
f 3278/984/123 3279/944/123 3372/982/123
f 3386/985/123 3387/983/123 3260/980/123
f 3278/984/123 3372/982/123 3373/986/123
f 3385/987/123 3386/985/123 3260/980/123
f 3385/987/123 3260/980/123 3261/988/123
f 3384/989/123 3385/987/123 3261/988/123
f 3278/984/123 3373/986/123 3374/990/123
f 3383/991/123 3384/989/123 3261/988/123
f 3278/984/123 3374/990/123 3375/992/123
f 3382/993/123 3383/991/123 3261/988/123
f 3381/994/123 3382/993/123 3261/988/123
f 3278/984/123 3375/992/123 3376/995/123
f 3380/996/123 3381/994/123 3261/988/123
f 3278/984/123 3376/995/123 3377/997/123
f 3277/998/123 3278/984/123 3377/997/123
f 3379/999/123 3380/996/123 3261/988/123
f 3277/998/123 3377/997/123 3378/1000/123
f 3378/1000/123 3379/999/123 3261/988/123
f 3277/998/123 3378/1000/123 3261/988/123
f 3277/998/123 3261/988/123 3262/1001/123
f 3277/998/123 3262/1001/123 3263/1002/123
f 3276/1003/123 3277/998/123 3263/1002/123
f 3276/1003/123 3263/1002/123 3264/1004/123
f 3275/1005/123 3276/1003/123 3264/1004/123
f 3275/1005/123 3264/1004/123 3265/1006/123
f 3274/1007/123 3275/1005/123 3265/1006/123
f 3274/1007/123 3265/1006/123 3266/1008/123
f 3273/1009/123 3274/1007/123 3266/1008/123
f 3273/1009/123 3266/1008/123 3267/1010/123
f 3272/1011/123 3273/1009/123 3267/1010/123
f 3272/1011/123 3267/1010/123 3268/1012/123
f 3271/1013/123 3272/1011/123 3268/1012/123
f 3271/1013/123 3268/1012/123 3269/1014/123
f 3633/1015/123 3634/1017/161 3635/1016/123
f 3633/1015/123 3635/1016/123 3636/1018/125
f 3633/1015/123 3636/1018/125 3637/1019/162
f 3633/1015/123 3637/1019/162 3638/1020/145
f 3633/1015/123 3638/1020/145 3639/1021/151
f 3633/1015/123 3639/1021/151 3640/1022/148
f 3633/1015/123 3640/1022/148 3641/1023/145
f 3633/1015/123 3641/1023/145 3642/1024/147
f 3633/1015/123 3642/1024/147 3643/1025/163
f 3633/1015/123 3643/1025/163 3644/1026/164
f 3633/1015/123 3644/1026/164 3645/1027/165
f 3633/1015/123 3645/1027/165 3646/1028/123
f 3633/1015/123 3646/1028/123 3647/1029/123
f 3632/1030/123 3633/1015/123 3647/1029/123
f 3632/1030/123 3647/1029/123 3648/1031/123
f 3631/1032/123 3632/1030/123 3648/1031/123
f 3631/1032/123 3648/1031/123 3649/1033/123
f 3630/1034/123 3631/1032/123 3649/1033/123
f 3630/1034/123 3649/1033/123 3650/1035/123
f 3629/1036/123 3630/1034/123 3650/1035/123
f 3629/1036/123 3650/1035/123 3651/1037/123
f 3628/1038/123 3629/1036/123 3651/1037/123
f 3628/1038/123 3651/1037/123 3652/1039/123
f 3627/1040/123 3628/1038/123 3652/1039/123
f 3627/1040/123 3652/1039/123 3653/1041/123
f 3626/1042/123 3627/1040/123 3653/1041/123
f 3626/1042/123 3653/1041/123 3654/1043/123
f 3625/1044/123 3626/1042/123 3654/1043/123
f 3625/1044/123 3654/1043/123 3655/1045/123
f 3624/1046/123 3625/1044/123 3655/1045/123
f 3624/1046/123 3655/1045/123 3690/1047/123
f 3690/1047/123 3655/1045/123 3656/1048/123
f 3624/1046/123 3690/1047/123 3691/1049/123
f 3689/1050/123 3690/1047/123 3656/1048/123
f 3623/1051/123 3624/1046/123 3692/1052/123
f 3692/1052/123 3624/1046/123 3691/1049/123
f 3688/1053/123 3689/1050/123 3656/1048/123
f 3688/1053/123 3656/1048/123 3657/1054/123
f 3623/1051/123 3692/1052/123 3693/1055/127
f 3623/1051/123 3693/1055/127 3694/1056/126
f 3687/1057/123 3688/1053/123 3657/1054/123
f 3623/1051/123 3694/1056/126 3695/1058/123
f 3686/1059/123 3687/1057/123 3657/1054/123
f 3623/1051/123 3695/1058/123 3696/1060/123
f 3685/1061/123 3686/1059/123 3657/1054/123
f 3623/1051/123 3696/1060/123 3697/1062/123
f 3623/1051/123 3697/1062/123 3698/1063/123
f 3684/1064/123 3685/1061/123 3657/1054/123
f 3623/1051/123 3698/1063/123 3699/1065/123
f 3683/1066/123 3684/1064/123 3657/1054/123
f 3623/1051/123 3699/1065/123 3700/1067/123
f 3622/1068/123 3623/1051/123 3700/1067/123
f 3683/1066/123 3657/1054/123 3658/1069/123
f 3682/1070/123 3683/1066/123 3658/1069/123
f 3622/1068/123 3700/1067/123 3701/1071/123
f 3681/1072/123 3682/1070/123 3658/1069/123
f 3622/1068/123 3701/1071/123 3702/1073/123
f 3680/1074/123 3681/1072/123 3658/1069/123
f 3622/1068/123 3702/1073/123 3703/1075/123
f 3679/1076/123 3680/1074/123 3658/1069/123
f 3621/1077/123 3622/1068/123 3703/1075/123
f 3679/1076/123 3658/1069/123 3659/1078/123
f 3621/1077/123 3703/1075/123 3704/1079/123
f 3620/1080/123 3621/1077/123 3704/1079/123
f 3679/1076/123 3659/1078/123 3660/1081/123
f 3679/1076/123 3660/1081/123 3661/1082/123
f 3619/1083/123 3620/1080/123 3704/1079/123
f 3679/1076/123 3661/1082/123 3662/1084/123
f 3679/1076/123 3662/1084/123 3663/1085/123
f 3618/1086/123 3619/1083/123 3704/1079/123
f 3679/1076/123 3663/1085/123 3664/1087/123
f 3617/1088/123 3618/1086/123 3704/1079/123
f 3616/1089/123 3617/1088/123 3704/1079/123
f 3615/1090/123 3616/1089/123 3704/1079/123
f 3614/1091/123 3615/1090/123 3704/1079/123
f 3613/1092/123 3614/1091/123 3704/1079/123
f 3613/1092/123 3704/1079/123 3705/1093/123
f 3612/1094/123 3613/1092/123 3705/1093/123
f 3611/1095/123 3612/1094/123 3705/1093/123
f 3611/1095/123 3705/1093/123 3706/1096/123
f 3611/1095/123 3706/1096/123 3707/1097/123
f 3611/1095/123 3707/1097/123 3708/1098/123
f 3611/1095/123 3708/1098/123 3709/1099/123
f 3611/1095/123 3709/1099/123 3710/1100/123
f 3610/1101/123 3611/1095/123 3710/1100/123
f 3610/1101/123 3710/1100/123 3711/1102/123
f 3610/1101/123 3711/1102/123 3712/1103/123
f 3610/1101/123 3712/1103/123 3713/1104/123
f 3610/1101/123 3713/1104/123 3714/1105/145
f 3610/1101/123 3714/1105/145 3715/1106/125
f 3610/1101/123 3715/1106/125 3716/1107/125
f 3610/1101/123 3716/1107/125 3717/1108/126
f 3610/1101/123 3717/1108/126 3718/1109/126
f 3610/1101/123 3718/1109/126 3719/1110/123
f 3610/1101/123 3719/1110/123 3720/1111/123
f 3610/1101/123 3720/1111/123 3721/1112/125
f 3610/1101/123 3721/1112/125 3722/1113/126
f 3610/1101/123 3722/1113/126 3723/1114/125
f 3610/1101/123 3723/1114/125 3724/1115/160
f 3610/1101/123 3724/1115/160 3725/1116/166
f 3610/1101/123 3725/1116/166 3726/1117/123
f 3610/1101/123 3726/1117/123 3727/1118/123
f 3610/1101/123 3727/1118/123 3728/1119/123
f 3610/1101/123 3728/1119/123 3729/1120/123
f 3609/1121/123 3610/1101/123 3729/1120/123
f 3609/1121/123 3729/1120/123 3730/1122/123
f 3609/1121/123 3730/1122/123 3731/1123/123
f 3608/1124/123 3609/1121/123 3731/1123/123
f 3608/1124/123 3731/1123/123 3732/1125/123
f 3607/1126/123 3608/1124/123 3732/1125/123
f 3607/1126/123 3732/1125/123 3733/1127/123
f 3606/1128/123 3607/1126/123 3733/1127/123
f 3606/1128/123 3733/1127/123 3734/1129/123
f 3605/1130/123 3606/1128/123 3734/1129/123
f 3605/1130/123 3734/1129/123 3735/1131/123
f 3604/1132/123 3605/1130/123 3735/1131/123
f 3604/1132/123 3735/1131/123 3736/1133/123
f 3603/1134/123 3604/1132/123 3736/1133/123
f 3602/1135/123 3603/1134/123 3736/1133/123
f 3602/1135/123 3736/1133/123 3737/1136/123
f 3601/1137/123 3602/1135/123 3737/1136/123
f 3600/1138/123 3601/1137/123 3737/1136/123
f 3599/1139/123 3600/1138/123 3737/1136/123
f 3598/1140/123 3599/1139/123 3737/1136/123
f 3597/1141/123 3598/1140/123 3737/1136/123
f 3596/1142/123 3597/1141/123 3737/1136/123
f 3595/1143/123 3596/1142/123 3737/1136/123
f 3594/1144/123 3595/1143/123 3737/1136/123
f 3593/1145/151 3594/1144/123 3737/1136/123
f 3592/1146/123 3593/1145/151 3737/1136/123
f 3591/1147/123 3592/1146/123 3737/1136/123
f 3590/1148/167 3591/1147/123 3737/1136/123
f 3589/1149/123 3590/1148/167 3737/1136/123
f 3588/1150/123 3589/1149/123 3737/1136/123
f 3587/1151/123 3588/1150/123 3737/1136/123
f 3586/1152/123 3587/1151/123 3737/1136/123
f 3585/1153/123 3586/1152/123 3737/1136/123
f 3584/1154/123 3585/1153/123 3737/1136/123
f 3584/1154/123 3737/1136/123 3474/1155/123
f 3583/1156/125 3584/1154/123 3474/1155/123
f 3582/1157/123 3583/1156/125 3474/1155/123
f 3581/1158/123 3582/1157/123 3474/1155/123
f 3580/1159/123 3581/1158/123 3474/1155/123
f 3579/1160/123 3580/1159/123 3474/1155/123
f 3519/1161/168 3520/1163/123 3521/1162/123
f 3519/1161/168 3521/1162/123 3522/1164/123
f 3519/1161/168 3522/1164/123 3523/1165/169
f 3519/1161/168 3523/1165/169 3524/1166/170
f 3519/1161/168 3524/1166/170 3525/1167/171
f 3519/1161/168 3525/1167/171 3526/1168/171
f 3519/1161/168 3526/1168/171 3527/1169/172
f 3519/1161/168 3527/1169/172 3528/1170/140
f 3519/1161/168 3528/1170/140 3529/1171/123
f 3519/1161/168 3529/1171/123 3530/1172/173
f 3519/1161/168 3530/1172/173 3531/1173/174
f 3519/1161/168 3531/1173/174 3532/1174/175
f 3519/1161/168 3532/1174/175 3533/1175/176
f 3519/1161/168 3533/1175/176 3534/1176/160
f 3518/1177/135 3519/1161/168 3534/1176/160
f 3518/1177/135 3534/1176/160 3535/1178/124
f 3517/1179/126 3518/1177/135 3535/1178/124
f 3517/1179/126 3535/1178/124 3536/1180/125
f 3517/1179/126 3536/1180/125 3537/1181/125
f 3516/1182/160 3517/1179/126 3537/1181/125
f 3516/1182/160 3537/1181/125 3538/1183/127
f 3515/1184/126 3516/1182/160 3538/1183/127
f 3515/1184/126 3538/1183/127 3539/1185/126
f 3515/1184/126 3539/1185/126 3540/1186/126
f 3578/1187/123 3579/1160/123 3474/1155/123
f 3514/1188/123 3515/1184/126 3540/1186/126
f 3514/1188/123 3540/1186/126 3541/1189/125
f 3513/1190/123 3514/1188/123 3541/1189/125
f 3513/1190/123 3541/1189/125 3542/1191/126
f 3513/1190/123 3542/1191/126 3543/1192/123
f 3512/1193/123 3513/1190/123 3543/1192/123
f 3512/1193/123 3543/1192/123 3544/1194/125
f 3511/1195/123 3512/1193/123 3544/1194/125
f 3511/1195/123 3544/1194/125 3545/1196/123
f 3510/1197/123 3511/1195/123 3545/1196/123
f 3509/1198/123 3510/1197/123 3545/1196/123
f 3508/1199/123 3509/1198/123 3545/1196/123
f 3578/1187/123 3474/1155/123 3475/1200/123
f 3578/1187/123 3475/1200/123 3476/1201/123
f 3577/1202/123 3578/1187/123 3476/1201/123
f 3507/1203/123 3508/1199/123 3545/1196/123
f 3577/1202/123 3476/1201/123 3477/1204/123
f 3577/1202/123 3477/1204/123 3478/1205/123
f 3577/1202/123 3478/1205/123 3479/1206/123
f 3577/1202/123 3479/1206/123 3480/1207/123
f 3507/1203/123 3545/1196/123 3546/1208/123
f 3577/1202/123 3480/1207/123 3481/1209/123
f 3577/1202/123 3481/1209/123 3482/1210/123
f 3577/1202/123 3482/1210/123 3483/1211/123
f 3577/1202/123 3483/1211/123 3484/1212/123
f 3576/1213/123 3577/1202/123 3484/1212/123
f 3576/1213/123 3484/1212/123 3485/1214/123
f 3507/1203/123 3546/1208/123 3547/1215/123
f 3575/1216/123 3576/1213/123 3485/1214/123
f 3574/1217/123 3575/1216/123 3485/1214/123
f 3573/1218/123 3574/1217/123 3485/1214/123
f 3572/1219/123 3573/1218/123 3485/1214/123
f 3571/1220/123 3572/1219/123 3485/1214/123
f 3507/1203/123 3547/1215/123 3548/1221/123
f 3506/1222/123 3507/1203/123 3548/1221/123
f 3570/1223/123 3571/1220/123 3485/1214/123
f 3506/1222/123 3548/1221/123 3549/1224/123
f 3569/1225/123 3570/1223/123 3485/1214/123
f 3506/1222/123 3549/1224/123 3550/1226/123
f 3569/1225/123 3485/1214/123 3486/1227/123
f 3568/1228/123 3569/1225/123 3486/1227/123
f 3567/1229/123 3568/1228/123 3486/1227/123
f 3506/1222/123 3550/1226/123 3551/1230/123
f 3505/1231/123 3506/1222/123 3551/1230/123
f 3566/1232/123 3567/1229/123 3486/1227/123
f 3505/1231/123 3551/1230/123 3552/1233/123
f 3565/1234/123 3566/1232/123 3486/1227/123
f 3505/1231/123 3552/1233/123 3553/1235/123
f 3564/1236/125 3565/1234/123 3486/1227/123
f 3505/1231/123 3553/1235/123 3554/1237/123
f 3563/1238/123 3564/1236/125 3486/1227/123
f 3563/1238/123 3486/1227/123 3487/1239/123
f 3562/1240/125 3563/1238/123 3487/1239/123
f 3505/1231/123 3554/1237/123 3555/1241/123
f 3561/1242/126 3562/1240/125 3487/1239/123
f 3505/1231/123 3555/1241/123 3556/1243/177
f 3560/1244/123 3561/1242/126 3487/1239/123
f 3505/1231/123 3556/1243/177 3557/1245/178
f 3505/1231/123 3557/1245/178 3558/1246/178
f 3505/1231/123 3558/1246/179 3559/1247/180
f 3505/1231/123 3559/1247/180 3560/1244/123
f 3505/1231/123 3560/1244/123 3487/1239/123
f 3504/1248/123 3505/1231/123 3487/1239/123
f 3504/1248/123 3487/1239/123 3488/1249/123
f 3503/1250/123 3504/1248/123 3488/1249/123
f 3503/1250/123 3488/1249/123 3489/1251/123
f 3502/1252/123 3503/1250/123 3489/1251/123
f 3502/1252/123 3489/1251/123 3490/1253/123
f 3501/1254/123 3502/1252/123 3490/1253/123
f 3501/1254/123 3490/1253/123 3491/1255/123
f 3500/1256/123 3501/1254/123 3491/1255/123
f 3500/1256/123 3491/1255/123 3492/1257/123
f 3499/1258/123 3500/1256/123 3492/1257/123
f 3499/1258/123 3492/1257/123 3493/1259/123
f 3498/1260/123 3499/1258/123 3493/1259/123
f 3498/1260/123 3493/1259/123 3494/1261/123
f 3497/1262/123 3498/1260/123 3494/1261/123
f 3497/1262/123 3494/1261/123 3495/1263/123
f 3858/1264/175 3859/1266/123 3860/1265/123
f 3858/1264/175 3860/1265/123 3861/1267/181
f 3858/1264/175 3861/1267/181 3862/1268/182
f 3858/1264/175 3862/1268/182 3863/1269/183
f 3858/1264/175 3863/1269/183 3864/1270/123
f 3858/1264/175 3864/1270/123 3865/1271/184
f 3858/1264/175 3865/1271/184 3866/1272/185
f 3858/1264/175 3866/1272/185 3867/1273/186
f 3858/1264/175 3867/1273/186 3868/1274/187
f 3858/1264/175 3868/1274/187 3869/1275/188
f 3858/1264/175 3869/1275/188 3870/1276/189
f 3858/1264/175 3870/1276/189 3871/1277/123
f 3858/1264/175 3871/1277/123 3872/1278/151
f 3857/1279/126 3858/1264/175 3872/1278/151
f 3857/1279/126 3872/1278/151 3873/1280/125
f 3856/1281/123 3857/1279/126 3873/1280/125
f 3856/1281/123 3873/1280/125 3874/1282/123
f 3855/1283/123 3856/1281/123 3874/1282/123
f 3855/1283/123 3874/1282/123 3875/1284/123
f 3854/1285/123 3855/1283/123 3875/1284/123
f 3854/1285/123 3875/1284/123 3876/1286/126
f 3853/1287/123 3854/1285/123 3876/1286/126
f 3853/1287/123 3876/1286/126 3877/1288/126
f 3852/1289/148 3853/1287/123 3877/1288/126
f 3852/1289/148 3877/1288/126 3878/1290/128
f 3851/1291/127 3852/1289/148 3878/1290/128
f 3851/1291/127 3878/1290/128 3879/1292/126
f 3850/1293/148 3851/1291/127 3879/1292/126
f 3850/1293/148 3879/1292/126 3880/1294/126
f 3849/1295/137 3850/1293/148 3880/1294/126
f 3849/1295/137 3880/1294/126 3881/1296/126
f 3848/1297/127 3849/1295/137 3881/1296/126
f 3848/1297/127 3881/1296/126 3882/1298/123
f 3847/1299/123 3848/1297/127 3882/1298/123
f 3847/1299/123 3882/1298/123 3883/1300/125
f 3846/1301/123 3847/1299/123 3883/1300/125
f 3846/1301/123 3883/1300/125 3884/1302/123
f 3845/1303/123 3846/1301/123 3884/1302/123
f 3845/1303/123 3884/1302/123 3885/1304/123
f 3844/1305/123 3845/1303/123 3885/1304/123
f 3844/1305/123 3885/1304/123 3886/1306/123
f 3843/1307/123 3844/1305/123 3886/1306/123
f 3843/1307/123 3886/1306/123 3887/1308/123
f 3842/1309/123 3843/1307/123 3887/1308/123
f 3842/1309/123 3887/1308/123 3888/1310/123
f 3841/1311/123 3842/1309/123 3888/1310/123
f 3841/1311/123 3888/1310/123 3889/1312/123
f 3840/1313/123 3841/1311/123 3889/1312/123
f 3840/1313/123 3889/1312/123 3890/1314/123
f 3839/1315/123 3840/1313/123 3890/1314/123
f 3839/1315/123 3890/1314/123 3891/1316/123
f 3838/1317/123 3839/1315/123 3891/1316/123
f 3838/1317/123 3891/1316/123 3892/1318/123
f 3837/1319/123 3838/1317/123 3892/1318/123
f 3837/1319/123 3892/1318/123 3893/1320/123
f 3836/1321/123 3837/1319/123 3893/1320/123
f 3836/1321/123 3893/1320/123 3894/1322/123
f 3835/1323/123 3836/1321/123 3894/1322/123
f 3835/1323/123 3894/1322/123 3895/1324/123
f 3834/1325/123 3835/1323/123 3895/1324/123
f 3834/1325/123 3895/1324/123 3896/1326/127
f 3833/1327/123 3834/1325/123 3896/1326/127
f 3833/1327/123 3896/1326/127 3897/1328/148
f 3832/1329/123 3833/1327/123 3897/1328/148
f 3832/1329/123 3897/1328/148 3898/1330/123
f 3831/1331/123 3832/1329/123 3898/1330/123
f 3831/1331/123 3898/1330/123 3899/1332/127
f 3830/1333/123 3831/1331/123 3899/1332/127
f 3830/1333/123 3899/1332/127 3900/1334/126
f 3829/1335/123 3830/1333/123 3900/1334/126
f 3829/1335/123 3900/1334/126 3901/1336/123
f 3828/1337/123 3829/1335/123 3901/1336/123
f 3828/1337/123 3901/1336/123 3902/1338/123
f 3827/1339/124 3828/1337/123 3902/1338/123
f 3827/1339/124 3902/1338/123 3903/1340/160
f 3826/1341/125 3827/1339/124 3903/1340/160
f 3826/1341/125 3903/1340/160 3904/1342/190
f 3825/1343/123 3826/1341/125 3904/1342/190
f 3825/1343/123 3904/1342/190 3905/1344/125
f 3824/1345/123 3825/1343/123 3905/1344/125
f 3824/1345/123 3905/1344/125 3906/1346/191
f 3823/1347/123 3824/1345/123 3906/1346/191
f 3823/1347/123 3906/1346/191 3907/1348/192
f 3810/1349/193 3811/1351/194 3812/1350/142
f 3810/1349/193 3812/1350/142 3813/1352/195
f 3810/1349/193 3813/1352/195 3814/1353/123
f 3810/1349/193 3814/1353/123 3815/1354/123
f 3810/1349/193 3815/1354/123 3816/1355/196
f 3810/1349/193 3816/1355/196 3817/1356/197
f 3810/1349/193 3817/1356/197 3818/1357/198
f 3810/1349/193 3818/1357/198 3819/1358/199
f 3810/1349/193 3819/1358/199 3820/1359/195
f 3810/1349/193 3820/1359/195 3821/1360/142
f 3810/1349/193 3821/1360/142 3822/1361/200
f 3810/1349/193 3822/1361/200 3823/1347/123
f 3810/1349/193 3823/1347/123 3907/1348/192
f 3810/1349/193 3907/1348/192 3908/1362/201
f 3810/1349/193 3908/1362/201 3909/1363/202
f 3810/1349/193 3909/1363/202 3910/1364/203
f 3810/1349/193 3910/1364/203 3911/1365/198
f 3810/1349/193 3911/1365/198 3912/1366/204
f 3810/1349/193 3912/1366/204 3913/1367/205
f 3810/1349/193 3913/1367/205 3914/1368/198
f 3810/1349/193 3914/1368/198 3915/1369/206
f 3810/1349/193 3915/1369/206 3916/1370/207
f 3810/1349/193 3916/1370/207 3917/1371/207
f 3810/1349/208 3917/1371/208 3918/1372/208
f 3810/1349/209 3918/1372/209 3919/1373/209
f 3810/1349/123 3919/1373/123 3920/1374/156
f 3809/1375/154 3810/1349/123 3920/1374/156
f 3809/1375/154 3920/1374/156 3921/1376/125
f 3808/1377/151 3809/1375/154 3921/1376/125
f 3808/1377/151 3921/1376/125 3922/1378/125
f 3807/1379/127 3808/1377/151 3922/1378/125
f 3807/1379/127 3922/1378/125 3923/1380/127
f 3806/1381/123 3807/1379/127 3923/1380/127
f 3806/1381/123 3923/1380/127 3924/1382/127
f 3805/1383/123 3806/1381/123 3924/1382/127
f 3805/1383/123 3924/1382/127 3925/1384/159
f 3804/1385/123 3805/1383/123 3925/1384/159
f 3804/1385/123 3925/1384/159 3926/1386/125
f 3803/1387/160 3804/1385/123 3926/1386/125
f 3803/1387/160 3926/1386/125 3927/1388/127
f 3802/1389/128 3803/1387/160 3927/1388/127
f 3802/1389/128 3927/1388/127 3928/1390/127
f 3801/1391/123 3802/1389/128 3928/1390/127
f 3801/1391/123 3928/1390/127 3929/1392/125
f 3800/1393/123 3801/1391/123 3929/1392/125
f 3800/1393/123 3929/1392/125 3930/1394/126
f 3799/1395/123 3800/1393/123 3930/1394/126
f 3799/1395/123 3930/1394/126 3931/1396/126
f 3798/1397/123 3799/1395/123 3931/1396/126
f 3798/1397/123 3931/1396/126 3932/1398/123
f 3797/1399/123 3798/1397/123 3932/1398/123
f 3797/1399/123 3932/1398/123 3933/1400/123
f 3796/1401/123 3797/1399/123 3933/1400/123
f 3796/1401/123 3933/1400/123 3934/1402/123
f 3795/1403/123 3796/1401/123 3934/1402/123
f 3795/1403/123 3934/1402/123 3935/1404/123
f 3794/1405/123 3795/1403/123 3935/1404/123
f 3794/1405/123 3935/1404/123 3936/1406/123
f 3793/1407/123 3794/1405/123 3936/1406/123
f 3793/1407/123 3936/1406/123 3937/1408/123
f 3792/1409/123 3793/1407/123 3937/1408/123
f 3792/1409/123 3937/1408/123 3938/1410/123
f 3791/1411/123 3792/1409/123 3938/1410/123
f 3791/1411/123 3938/1410/123 3939/1412/123
f 3790/1413/123 3791/1411/123 3939/1412/123
f 3790/1413/123 3939/1412/123 3940/1414/123
f 3789/1415/123 3790/1413/123 3940/1414/123
f 3789/1415/123 3940/1414/123 3941/1416/123
f 3788/1417/123 3789/1415/123 3941/1416/123
f 3788/1417/123 3941/1416/123 3942/1418/123
f 3787/1419/123 3788/1417/123 3942/1418/123
f 3786/1420/123 3787/1419/123 3942/1418/123
f 3785/1421/123 3786/1420/123 3942/1418/123
f 3774/1422/123 3775/1424/123 3943/1423/146
f 3774/1422/123 3943/1423/146 3944/1425/152
f 3773/1426/123 3774/1422/123 3944/1425/152
f 3773/1426/123 3944/1425/152 3945/1427/126
f 3772/1428/125 3773/1426/123 3945/1427/126
f 3772/1428/125 3945/1427/126 3946/1429/190
f 3771/1430/129 3772/1428/125 3946/1429/190
f 3771/1430/129 3946/1429/190 3947/1431/123
f 3770/1432/123 3771/1430/129 3947/1431/123
f 3770/1432/123 3947/1431/123 3948/1433/125
f 3769/1434/123 3770/1432/123 3948/1433/125
f 3769/1434/123 3948/1433/125 3949/1435/125
f 3768/1436/126 3769/1434/123 3949/1435/125
f 3768/1436/126 3949/1435/125 3950/1437/125
f 3767/1438/159 3768/1436/126 3950/1437/125
f 3767/1438/159 3950/1437/125 3951/1439/127
f 3766/1440/128 3767/1438/159 3951/1439/127
f 3766/1440/128 3951/1439/127 3952/1441/125
f 3765/1442/123 3766/1440/128 3952/1441/125
f 3765/1442/123 3952/1441/125 3953/1443/123
f 3764/1444/123 3765/1442/123 3953/1443/123
f 3764/1444/123 3953/1443/123 3954/1445/126
f 3763/1446/123 3764/1444/123 3954/1445/126
f 3763/1446/123 3954/1445/126 3955/1447/123
f 3763/1446/123 3955/1447/123 3956/1448/123
f 3762/1449/123 3763/1446/123 3956/1448/123
f 3762/1449/123 3956/1448/123 3957/1450/123
f 3761/1451/123 3762/1449/123 3957/1450/123
f 3761/1451/123 3957/1450/123 3958/1452/123
f 3760/1453/123 3761/1451/123 3958/1452/123
f 3760/1453/123 3958/1452/123 3959/1454/123
f 3759/1455/123 3760/1453/123 3959/1454/123
f 3759/1455/123 3959/1454/123 3960/1456/123
f 3759/1455/123 3960/1456/123 3961/1457/123
f 3758/1458/123 3759/1455/123 3961/1457/123
f 3758/1458/123 3961/1457/123 3962/1459/123
f 3757/1460/123 3758/1458/123 3962/1459/123
f 3757/1460/123 3962/1459/123 3963/1461/123
f 3757/1460/123 3963/1461/123 3964/1462/123
f 3756/1463/123 3757/1460/123 3964/1462/123
f 3756/1463/123 3964/1462/123 3965/1464/123
f 3756/1463/123 3965/1464/123 3966/1465/123
f 3756/1463/123 3966/1465/123 3967/1466/123
f 3755/1467/123 3756/1463/123 3967/1466/123
f 3755/1467/123 3967/1466/123 3968/1468/123
f 3755/1467/123 3968/1468/123 3969/1469/123
f 3755/1467/123 3969/1469/123 3970/1470/123
f 3755/1467/123 3970/1470/123 3971/1471/123
f 3754/1472/123 3755/1467/123 3971/1471/123
f 3754/1472/123 3971/1471/123 3972/1473/123
f 3754/1472/123 3972/1473/123 3973/1474/123
f 3754/1472/123 3973/1474/123 3974/1475/123
f 3754/1472/123 3974/1475/123 3975/1476/123
f 3754/1472/123 3975/1476/123 3976/1477/123
f 3753/1478/123 3754/1472/123 3976/1477/123
f 3753/1478/123 3976/1477/123 3977/1479/123
f 3753/1478/123 3977/1479/123 3978/1480/210
f 3753/1478/123 3978/1480/210 3979/1481/132
f 3753/1478/123 3979/1481/132 3980/1482/137
f 3753/1478/123 3980/1482/137 3981/1483/160
f 3753/1478/123 3981/1483/160 3982/1484/123
f 3753/1478/123 3982/1484/123 3983/1485/123
f 3753/1478/123 3983/1485/123 3984/1486/123
f 3753/1478/123 3984/1486/123 3985/1487/128
f 3753/1478/123 3985/1487/128 3986/1488/162
f 3753/1478/123 3986/1488/162 3987/1489/190
f 3753/1478/123 3987/1489/190 3988/1490/162
f 3753/1478/123 3988/1490/162 3989/1491/154
f 3753/1478/123 3989/1491/154 3738/1492/123
f 3753/1478/123 3738/1492/123 3739/1493/123
f 3752/1494/123 3753/1478/123 3739/1493/123
f 3751/1495/123 3752/1494/123 3739/1493/123
f 3750/1496/123 3751/1495/123 3739/1493/123
f 3749/1497/123 3750/1496/123 3739/1493/123
f 3748/1498/123 3749/1497/123 3739/1493/123
f 3747/1499/123 3748/1498/123 3739/1493/123
f 3746/1500/123 3747/1499/123 3739/1493/123
f 3745/1501/123 3746/1500/123 3739/1493/123
f 3744/1502/123 3745/1501/123 3739/1493/123
f 3743/1503/123 3744/1502/123 3739/1493/123
f 3742/1504/123 3743/1503/123 3739/1493/123
f 3741/1505/126 3742/1504/123 3739/1493/123
f 3740/1506/123 3741/1505/126 3739/1493/123
f 4043/1507/123 4044/1509/146 4045/1508/129
f 4043/1507/123 4045/1508/129 4046/1510/211
f 4043/1507/123 4046/1510/211 4047/1511/127
f 4043/1507/123 4047/1511/127 4048/1512/125
f 4043/1507/123 4048/1512/125 4049/1513/159
f 4043/1507/123 4049/1513/159 4050/1514/159
f 4043/1507/123 4050/1514/159 4051/1515/148
f 4043/1507/123 4051/1515/148 4052/1516/148
f 4043/1507/123 4052/1516/148 4053/1517/129
f 4043/1507/123 4053/1517/129 4054/1518/212
f 4043/1507/123 4054/1518/212 4055/1519/130
f 4043/1507/123 4055/1519/130 4056/1520/123
f 4043/1507/123 4056/1520/123 4057/1521/123
f 4042/1522/123 4043/1507/123 4057/1521/123
f 4042/1522/123 4057/1521/123 4058/1523/123
f 4041/1524/123 4042/1522/123 4058/1523/123
f 4041/1524/123 4058/1523/123 4059/1525/123
f 4040/1526/123 4041/1524/123 4059/1525/123
f 4040/1526/123 4059/1525/123 4060/1527/123
f 4039/1528/123 4040/1526/123 4060/1527/123
f 4039/1528/123 4060/1527/123 4061/1529/123
f 4038/1530/123 4039/1528/123 4061/1529/123
f 4038/1530/123 4061/1529/123 4062/1531/123
f 4037/1532/123 4038/1530/123 4062/1531/123
f 4037/1532/123 4062/1531/123 4063/1533/123
f 4036/1534/123 4037/1532/123 4165/1535/123
f 4165/1535/123 4037/1532/123 4164/1536/123
f 4164/1536/123 4037/1532/123 4063/1533/123
f 4164/1536/123 4063/1533/123 4163/1537/123
f 4163/1537/123 4063/1533/123 4064/1538/123
f 4162/1539/162 4163/1537/123 4064/1538/123
f 4036/1534/123 4165/1535/123 4166/1540/123
f 4161/1541/126 4162/1539/162 4064/1538/123
f 4036/1534/123 4166/1540/123 4167/1542/123
f 4160/1543/123 4161/1541/126 4064/1538/123
f 4036/1534/123 4167/1542/123 4168/1544/123
f 4159/1545/123 4160/1543/123 4064/1538/123
f 4036/1534/123 4168/1544/123 4169/1546/123
f 4035/1547/123 4036/1534/123 4169/1546/123
f 4158/1548/123 4159/1545/123 4064/1538/123
f 4035/1547/123 4169/1546/123 4170/1549/123
f 4157/1550/123 4158/1548/123 4064/1538/123
f 4035/1547/123 4170/1549/123 4171/1551/123
f 4156/1552/123 4157/1550/123 4064/1538/123
f 4156/1552/123 4064/1538/123 4065/1553/123
f 4035/1547/123 4171/1551/123 4172/1554/123
f 4155/1555/123 4156/1552/123 4065/1553/123
f 4035/1547/123 4172/1554/123 4173/1556/123
f 4034/1557/123 4035/1547/123 4173/1556/123
f 4154/1558/123 4155/1555/123 4065/1553/123
f 4034/1557/123 4173/1556/123 4174/1559/123
f 4153/1560/123 4154/1558/123 4065/1553/123
f 4034/1557/123 4174/1559/123 4175/1561/123
f 4153/1560/123 4065/1553/123 4066/1562/123
f 4152/1563/125 4153/1560/123 4066/1562/123
f 4034/1557/123 4175/1561/123 4176/1564/123
f 4033/1565/123 4034/1557/123 4176/1564/123
f 4033/1565/123 4176/1564/123 4177/1566/126
f 4211/1567/123 4152/1563/125 4066/1562/123
f 4033/1565/123 4177/1566/126 4178/1568/123
f 4210/1569/128 4211/1567/123 4066/1562/123
f 4033/1565/123 4178/1568/123 4179/1570/123
f 4209/1571/123 4210/1569/128 4066/1562/123
f 4033/1565/123 4179/1570/123 4180/1572/125
f 4208/1573/123 4209/1571/123 4066/1562/123
f 4033/1565/123 4180/1572/125 4181/1574/123
f 4207/1575/123 4208/1573/123 4066/1562/123
f 4033/1565/123 4181/1574/123 4182/1576/125
f 4206/1577/123 4207/1575/123 4066/1562/123
f 4033/1565/123 4182/1576/125 4183/1578/126
f 4205/1579/123 4206/1577/123 4066/1562/123
f 4033/1565/123 4183/1578/126 4184/1580/126
f 4204/1581/123 4205/1579/123 4066/1562/123
f 4033/1565/123 4184/1580/126 4185/1582/148
f 4203/1583/123 4204/1581/123 4066/1562/123
f 4033/1565/123 4185/1582/148 4186/1584/211
f 4202/1585/123 4203/1583/123 4066/1562/123
f 4033/1565/123 4186/1584/211 4187/1586/126
f 4201/1587/213 4202/1585/123 4066/1562/123
f 4033/1565/123 4187/1586/126 4188/1588/125
f 4200/1589/125 4201/1587/213 4066/1562/123
f 4033/1565/123 4188/1588/125 4189/1590/123
f 4033/1565/123 4189/1590/123 4190/1591/123
f 4033/1565/123 4190/1591/123 4191/1592/125
f 4033/1565/123 4191/1592/125 4192/1593/123
f 4033/1565/123 4192/1593/123 4193/1594/123
f 4033/1565/123 4193/1594/123 4194/1595/126
f 4033/1565/123 4194/1595/126 4195/1596/123
f 4033/1565/123 4195/1596/123 4196/1597/123
f 4033/1565/123 4196/1597/123 4197/1598/123
f 4033/1565/123 4197/1598/123 4198/1599/126
f 4033/1565/123 4198/1599/126 4199/1600/137
f 4033/1565/123 4199/1600/137 4200/1589/125
f 4033/1565/123 4200/1589/125 4066/1562/123
f 4033/1565/123 4066/1562/123 4067/1601/123
f 4032/1602/123 4033/1565/123 4067/1601/123
f 4032/1602/123 4067/1601/123 4068/1603/123
f 4031/1604/123 4032/1602/123 4068/1603/123
f 4030/1605/123 4031/1604/123 4068/1603/123
f 4029/1606/123 4030/1605/123 4068/1603/123
f 4028/1607/123 4029/1606/123 4068/1603/123
f 4027/1608/123 4028/1607/123 4068/1603/123
f 4026/1609/123 4027/1608/123 4068/1603/123
f 4025/1610/123 4026/1609/123 4068/1603/123
f 4024/1611/123 4025/1610/123 4068/1603/123
f 4023/1612/123 4024/1611/123 4068/1603/123
f 4022/1613/123 4023/1612/123 4068/1603/123
f 4021/1614/123 4022/1613/123 4068/1603/123
f 4020/1615/123 4021/1614/123 4068/1603/123
f 4019/1616/123 4020/1615/123 4068/1603/123
f 4019/1616/123 4068/1603/123 4069/1617/123
f 4019/1616/123 4069/1617/123 4070/1618/123
f 4019/1616/123 4070/1618/123 4071/1619/123
f 4019/1616/123 4071/1619/123 4072/1620/123
f 4019/1616/123 4072/1620/123 4073/1621/123
f 4019/1616/123 4073/1621/123 4074/1622/123
f 4019/1616/123 4074/1622/123 4075/1623/123
f 4019/1616/123 4075/1623/123 4076/1624/123
f 4019/1616/123 4076/1624/123 4077/1625/123
f 4019/1616/123 4077/1625/123 4078/1626/123
f 4019/1616/123 4078/1626/123 4079/1627/123
f 4019/1616/123 4079/1627/123 4080/1628/123
f 4019/1616/123 4080/1628/123 4081/1629/123
f 4019/1616/123 4081/1629/123 4082/1630/123
f 4019/1616/123 4082/1630/123 4083/1631/123
f 4019/1616/123 4083/1631/123 4084/1632/126
f 4019/1616/123 4084/1632/126 4085/1633/123
f 4019/1616/123 4085/1633/123 4086/1634/126
f 4019/1616/123 4086/1634/126 4087/1635/125
f 4019/1616/123 4087/1635/125 4088/1636/126
f 4019/1616/123 4088/1636/126 4089/1637/148
f 4019/1616/123 4089/1637/148 4090/1638/128
f 4019/1616/123 4090/1638/128 4091/1639/145
f 4018/1640/123 4019/1616/123 4093/1641/214
f 4018/1640/123 4093/1641/214 4094/1642/156
f 4018/1640/123 4094/1642/156 4095/1643/127
f 4018/1640/123 4095/1643/127 4096/1644/160
f 4018/1640/123 4096/1644/160 4097/1645/126
f 4018/1640/123 4097/1645/126 4098/1646/148
f 4018/1640/123 4098/1646/148 4099/1647/128
f 4018/1640/123 4099/1647/128 4100/1648/125
f 4018/1640/123 4100/1648/125 4101/1649/126
f 4018/1640/123 4101/1649/126 4102/1650/123
f 4018/1640/123 4102/1650/123 4103/1651/125
f 4018/1640/123 4103/1651/125 4104/1652/123
f 4018/1640/123 4104/1652/123 4105/1653/123
f 4018/1640/123 4105/1653/123 4106/1654/123
f 4018/1640/123 4106/1654/123 4107/1655/123
f 4017/1656/123 4018/1640/123 4107/1655/123
f 4139/1657/123 4140/1659/123 4141/1658/190
f 4139/1657/123 4141/1658/190 4142/1660/156
f 4139/1657/123 4142/1660/156 4143/1661/123
f 4139/1657/123 4143/1661/123 4144/1662/154
f 4139/1657/123 4144/1662/154 4145/1663/123
f 4139/1657/123 4145/1663/123 4146/1664/165
f 4139/1657/123 4146/1664/165 4147/1665/215
f 4139/1657/123 4147/1665/215 4148/1666/155
f 4139/1657/123 4148/1666/155 4149/1667/144
f 4139/1657/123 4149/1667/144 4150/1668/216
f 4139/1657/123 4150/1668/216 4151/1669/217
f 4139/1657/123 4151/1669/217 3990/1670/191
f 4139/1657/123 3990/1670/191 3991/1671/152
f 4139/1657/123 3991/1671/152 3992/1672/123
f 4139/1657/123 3992/1672/123 3993/1673/125
f 4138/1674/123 4139/1657/123 3993/1673/125
f 4137/1675/123 4138/1674/123 3993/1673/125
f 4137/1675/123 3993/1673/125 3994/1676/126
f 4137/1675/123 3994/1676/126 3995/1677/123
f 4136/1678/126 4137/1675/123 3995/1677/123
f 4136/1678/126 3995/1677/123 3996/1679/125
f 4136/1678/126 3996/1679/125 3997/1680/123
f 4135/1681/123 4136/1678/126 3997/1680/123
f 4134/1682/123 4135/1681/123 3997/1680/123
f 4133/1683/125 4134/1682/123 3997/1680/123
f 4132/1684/123 4133/1683/125 3997/1680/123
f 4017/1656/123 4107/1655/123 4108/1685/123
f 4131/1686/123 4132/1684/123 3997/1680/123
f 4130/1687/125 4131/1686/123 3997/1680/123
f 4129/1688/123 4130/1687/125 3997/1680/123
f 4128/1689/123 4129/1688/123 3997/1680/123
f 4127/1690/123 4128/1689/123 3997/1680/123
f 4017/1656/123 4108/1685/123 4109/1691/123
f 4127/1690/123 3997/1680/123 3998/1692/123
f 4126/1693/123 4127/1690/123 3998/1692/123
f 4017/1656/123 4109/1691/123 4110/1694/123
f 4125/1695/123 4126/1693/123 3998/1692/123
f 4016/1696/123 4017/1656/123 4110/1694/123
f 4124/1697/123 4125/1695/123 3998/1692/123
f 4016/1696/123 4110/1694/123 4111/1698/123
f 4123/1699/123 4124/1697/123 3998/1692/123
f 4123/1699/123 3998/1692/123 3999/1700/123
f 4122/1701/123 4123/1699/123 3999/1700/123
f 4016/1696/123 4111/1698/123 4112/1702/123
f 4121/1703/123 4122/1701/123 3999/1700/123
f 4016/1696/123 4112/1702/123 4113/1704/123
f 4120/1705/123 4121/1703/123 3999/1700/123
f 4119/1706/123 4120/1705/123 3999/1700/123
f 4016/1696/123 4113/1704/123 4114/1707/123
f 4118/1708/123 4119/1706/123 3999/1700/123
f 4016/1696/123 4114/1707/123 4115/1709/123
f 4015/1710/123 4016/1696/123 4115/1709/123
f 4117/1711/123 4118/1708/123 3999/1700/123
f 4015/1710/123 4115/1709/123 4116/1712/123
f 4116/1712/123 4117/1711/123 3999/1700/123
f 4015/1710/123 4116/1712/123 3999/1700/123
f 4015/1710/123 3999/1700/123 4000/1713/123
f 4015/1710/123 4000/1713/123 4001/1714/123
f 4014/1715/123 4015/1710/123 4001/1714/123
f 4014/1715/123 4001/1714/123 4002/1716/123
f 4013/1717/123 4014/1715/123 4002/1716/123
f 4013/1717/123 4002/1716/123 4003/1718/123
f 4012/1719/123 4013/1717/123 4003/1718/123
f 4012/1719/123 4003/1718/123 4004/1720/123
f 4011/1721/123 4012/1719/123 4004/1720/123
f 4011/1721/123 4004/1720/123 4005/1722/123
f 4010/1723/123 4011/1721/123 4005/1722/123
f 4010/1723/123 4005/1722/123 4006/1724/123
f 4009/1725/123 4010/1723/123 4006/1724/123
f 4009/1725/123 4006/1724/123 4007/1726/123
f 4282/1727/123 4283/1729/123 4284/1728/218
f 4282/1727/123 4284/1728/218 4285/1730/123
f 4282/1727/123 4285/1730/123 4286/1731/219
f 4282/1727/123 4286/1731/219 4287/1732/220
f 4282/1727/123 4287/1732/220 4288/1733/221
f 4282/1727/123 4288/1733/221 4289/1734/222
f 4282/1727/123 4289/1734/222 4290/1735/223
f 4282/1727/123 4290/1735/223 4291/1736/224
f 4282/1727/123 4291/1736/224 4292/1737/225
f 4282/1727/123 4292/1737/225 4293/1738/226
f 4282/1727/123 4293/1738/226 4294/1739/227
f 4282/1727/123 4294/1739/227 4295/1740/228
f 4282/1727/123 4295/1740/228 4212/1741/147
f 4281/1742/123 4282/1727/123 4212/1741/147
f 4281/1742/123 4212/1741/147 4213/1743/126
f 4280/1744/123 4281/1742/123 4213/1743/126
f 4280/1744/123 4213/1743/126 4214/1745/123
f 4279/1746/123 4280/1744/123 4214/1745/123
f 4279/1746/123 4214/1745/123 4215/1747/123
f 4278/1748/123 4279/1746/123 4215/1747/123
f 4278/1748/123 4215/1747/123 4216/1749/126
f 4277/1750/123 4278/1748/123 4216/1749/126
f 4277/1750/123 4216/1749/126 4217/1751/126
f 4276/1752/123 4277/1750/123 4217/1751/126
f 4276/1752/123 4217/1751/126 4218/1753/127
f 4275/1754/123 4276/1752/123 4218/1753/127
f 4275/1754/123 4218/1753/127 4219/1755/125
f 4274/1756/123 4275/1754/123 4219/1755/125
f 4274/1756/123 4219/1755/125 4220/1757/125
f 4273/1758/123 4274/1756/123 4220/1757/125
f 4273/1758/123 4220/1757/125 4221/1759/125
f 4272/1760/123 4273/1758/123 4221/1759/125
f 4272/1760/123 4221/1759/125 4222/1761/125
f 4271/1762/123 4272/1760/123 4222/1761/125
f 4271/1762/123 4222/1761/125 4223/1763/125
f 4270/1764/123 4271/1762/123 4223/1763/125
f 4270/1764/123 4223/1763/125 4224/1765/123
f 4269/1766/123 4270/1764/123 4224/1765/123
f 4269/1766/123 4224/1765/123 4225/1767/123
f 4268/1768/123 4269/1766/123 4225/1767/123
f 4268/1768/123 4225/1767/123 4226/1769/123
f 4267/1770/123 4268/1768/123 4226/1769/123
f 4267/1770/123 4226/1769/123 4227/1771/123
f 4266/1772/123 4267/1770/123 4227/1771/123
f 4266/1772/123 4227/1771/123 4228/1773/123
f 4265/1774/123 4266/1772/123 4228/1773/123
f 4265/1774/123 4228/1773/123 4229/1775/123
f 4264/1776/123 4265/1774/123 4229/1775/123
f 4264/1776/123 4229/1775/123 4230/1777/123
f 4263/1778/123 4264/1776/123 4230/1777/123
f 4263/1778/123 4230/1777/123 4231/1779/123
f 4262/1780/123 4263/1778/123 4231/1779/123
f 4262/1780/123 4231/1779/123 4232/1781/123
f 4261/1782/123 4262/1780/123 4232/1781/123
f 4261/1782/123 4232/1781/123 4233/1783/123
f 4260/1784/123 4261/1782/123 4233/1783/123
f 4260/1784/123 4233/1783/123 4234/1785/123
f 4259/1786/123 4260/1784/123 4234/1785/123
f 4259/1786/123 4234/1785/123 4235/1787/126
f 4258/1788/123 4259/1786/123 4235/1787/126
f 4258/1788/123 4235/1787/126 4236/1789/123
f 4257/1790/123 4258/1788/123 4236/1789/123
f 4257/1790/123 4236/1789/123 4237/1791/126
f 4256/1792/123 4257/1790/123 4237/1791/126
f 4256/1792/123 4237/1791/126 4238/1793/126
f 4255/1794/123 4256/1792/123 4238/1793/126
f 4255/1794/123 4238/1793/126 4239/1795/125
f 4254/1796/126 4255/1794/123 4239/1795/125
f 4254/1796/126 4239/1795/125 4240/1797/125
f 4253/1798/159 4254/1796/126 4240/1797/125
f 4253/1798/159 4240/1797/125 4241/1799/127
f 4252/1800/125 4253/1798/159 4241/1799/127
f 4252/1800/125 4241/1799/127 4242/1801/126
f 4251/1802/162 4252/1800/125 4242/1801/126
f 4251/1802/162 4242/1801/126 4243/1803/126
f 4250/1804/125 4251/1802/162 4243/1803/126
f 4250/1804/125 4243/1803/126 4244/1805/135
f 4249/1806/168 4250/1804/125 4244/1805/135
f 4249/1806/168 4244/1805/135 4245/1807/159
f 4248/1808/123 4249/1806/168 4245/1807/159
f 4248/1808/123 4245/1807/159 4246/1809/128
f 4345/1810/123 4296/1812/123 4297/1811/123
f 4345/1810/123 4297/1811/123 4298/1813/123
f 4345/1810/123 4298/1813/123 4299/1814/123
f 4345/1810/123 4299/1814/123 4300/1815/123
f 4345/1810/123 4300/1815/123 4301/1816/229
f 4345/1810/123 4301/1816/229 4302/1817/230
f 4345/1810/123 4302/1817/230 4303/1818/123
f 4345/1810/123 4303/1818/123 4304/1819/231
f 4345/1810/123 4304/1819/231 4305/1820/232
f 4345/1810/123 4305/1820/232 4306/1821/220
f 4345/1810/123 4306/1821/220 4307/1822/233
f 4345/1810/123 4307/1822/233 4308/1823/123
f 4345/1810/123 4308/1823/123 4309/1824/127
f 4344/1825/123 4345/1810/123 4309/1824/127
f 4344/1825/123 4309/1824/127 4310/1826/145
f 4343/1827/151 4344/1825/123 4310/1826/145
f 4343/1827/151 4310/1826/145 4311/1828/159
f 4342/1829/125 4343/1827/151 4311/1828/159
f 4342/1829/125 4311/1828/159 4312/1830/123
f 4341/1831/123 4342/1829/125 4312/1830/123
f 4341/1831/123 4312/1830/123 4313/1832/125
f 4340/1833/123 4341/1831/123 4313/1832/125
f 4340/1833/123 4313/1832/125 4314/1834/128
f 4339/1835/148 4340/1833/123 4314/1834/128
f 4339/1835/148 4314/1834/128 4315/1836/126
f 4338/1837/127 4339/1835/148 4315/1836/126
f 4338/1837/127 4315/1836/126 4316/1838/126
f 4337/1839/123 4338/1837/127 4316/1838/126
f 4337/1839/123 4316/1838/126 4317/1840/125
f 4336/1841/123 4337/1839/123 4317/1840/125
f 4336/1841/123 4317/1840/125 4318/1842/125
f 4335/1843/127 4336/1841/123 4318/1842/125
f 4335/1843/127 4318/1842/125 4319/1844/128
f 4334/1845/127 4335/1843/127 4319/1844/128
f 4334/1845/127 4319/1844/128 4320/1846/126
f 4333/1847/123 4334/1845/127 4320/1846/126
f 4333/1847/123 4320/1846/126 4321/1848/123
f 4333/1847/123 4321/1848/123 4322/1849/123
f 4333/1847/123 4322/1849/123 4323/1850/123
f 4333/1847/123 4323/1850/123 4324/1851/123
f 4333/1847/123 4324/1851/123 4325/1852/123
f 4333/1847/123 4325/1852/123 4326/1853/123
f 4333/1847/123 4326/1853/123 4327/1854/123
f 4333/1847/123 4327/1854/123 4328/1855/123
f 4333/1847/123 4328/1855/123 4329/1856/123
f 4333/1847/123 4329/1856/123 4330/1857/123
f 4333/1847/123 4330/1857/123 4331/1858/123
f 4333/1847/123 4331/1858/123 4332/1859/123
f 4396/1860/123 4397/1862/123 4398/1861/123
f 4396/1860/123 4398/1861/123 4399/1863/152
f 4396/1860/123 4399/1863/152 4400/1864/123
f 4396/1860/123 4400/1864/123 4401/1865/154
f 4396/1860/123 4401/1865/154 4402/1866/165
f 4396/1860/123 4402/1866/165 4403/1867/153
f 4396/1860/123 4403/1867/153 4404/1868/154
f 4396/1860/123 4404/1868/154 4405/1869/234
f 4396/1860/123 4405/1869/234 4406/1870/175
f 4396/1860/123 4406/1870/175 4407/1871/235
f 4396/1860/123 4407/1871/235 4408/1872/226
f 4396/1860/123 4408/1872/226 4409/1873/123
f 4396/1860/123 4409/1873/123 4410/1874/123
f 4395/1875/123 4396/1860/123 4410/1874/123
f 4394/1876/123 4395/1875/123 4410/1874/123
f 4393/1877/123 4394/1876/123 4410/1874/123
f 4392/1878/123 4393/1877/123 4410/1874/123
f 4392/1878/123 4410/1874/123 4411/1879/123
f 4391/1880/123 4392/1878/123 4411/1879/123
f 4390/1881/123 4391/1880/123 4411/1879/123
f 4389/1882/123 4390/1881/123 4411/1879/123
f 4388/1883/123 4389/1882/123 4411/1879/123
f 4388/1883/123 4411/1879/123 4412/1884/123
f 4387/1885/123 4388/1883/123 4412/1884/123
f 4386/1886/123 4387/1885/123 4412/1884/123
f 4385/1887/123 4386/1886/123 4412/1884/123
f 4384/1888/123 4385/1887/123 4447/1889/126
f 4447/1889/126 4385/1887/123 4446/1890/128
f 4446/1890/128 4385/1887/123 4445/1891/127
f 4445/1891/127 4385/1887/123 4444/1892/125
f 4444/1892/125 4385/1887/123 4443/1893/123
f 4443/1893/123 4385/1887/123 4442/1894/123
f 4442/1894/123 4385/1887/123 4441/1895/123
f 4441/1895/123 4385/1887/123 4412/1884/123
f 4441/1895/123 4412/1884/123 4413/1896/123
f 4441/1895/123 4413/1896/123 4414/1897/123
f 4441/1895/123 4414/1897/123 4440/1898/126
f 4440/1898/126 4414/1897/123 4415/1899/123
f 4440/1898/126 4415/1899/123 4416/1900/123
f 4440/1898/126 4416/1900/123 4417/1901/123
f 4440/1898/126 4417/1901/123 4439/1902/236
f 4439/1902/236 4417/1901/123 4418/1903/123
f 4439/1902/236 4418/1903/123 4419/1904/123
f 4436/1905/123 4419/1904/123 4435/1906/137
f 4518/1907/123 4419/1904/123 4420/1908/123
f 4517/1909/123 4518/1907/123 4420/1908/123
f 4384/1888/123 4447/1889/126 4448/1910/140
f 4516/1911/123 4517/1909/123 4420/1908/123
f 4384/1888/123 4448/1910/140 4449/1912/126
f 4384/1888/123 4449/1912/126 4450/1913/125
f 4384/1888/123 4450/1913/125 4451/1914/127
f 4384/1888/123 4451/1914/127 4452/1915/123
f 4515/1916/123 4516/1911/123 4420/1908/123
f 4384/1888/123 4452/1915/123 4453/1917/123
f 4514/1918/123 4515/1916/123 4420/1908/123
f 4513/1919/123 4514/1918/123 4420/1908/123
f 4384/1888/123 4453/1917/123 4454/1920/123
f 4512/1921/123 4513/1919/123 4420/1908/123
f 4384/1888/123 4454/1920/123 4455/1922/123
f 4511/1923/123 4512/1921/123 4420/1908/123
f 4511/1923/123 4420/1908/123 4421/1924/123
f 4510/1925/123 4511/1923/123 4421/1924/123
f 4384/1888/123 4455/1922/123 4456/1926/123
f 4509/1927/123 4510/1925/123 4421/1924/123
f 4508/1928/123 4509/1927/123 4421/1924/123
f 4384/1888/123 4456/1926/123 4457/1929/123
f 4507/1930/123 4508/1928/123 4421/1924/123
f 4507/1930/123 4421/1924/123 4422/1931/123
f 4507/1930/123 4422/1931/123 4423/1932/123
f 4507/1930/123 4423/1932/123 4424/1933/123
f 4507/1930/123 4424/1933/123 4425/1934/123
f 4507/1930/123 4425/1934/123 4426/1935/123
f 4507/1930/123 4426/1935/123 4427/1936/123
f 4507/1930/123 4427/1936/123 4428/1937/123
f 4506/1938/123 4507/1930/123 4428/1937/123
f 4505/1939/123 4506/1938/123 4428/1937/123
f 4504/1940/123 4505/1939/123 4428/1937/123
f 4503/1941/123 4504/1940/123 4428/1937/123
f 4502/1942/123 4503/1941/123 4428/1937/123
f 4384/1888/123 4457/1929/123 4458/1943/123
f 4501/1944/123 4502/1942/123 4428/1937/123
f 4501/1944/123 4428/1937/123 4429/1945/123
f 4500/1946/123 4501/1944/123 4429/1945/123
f 4499/1947/123 4500/1946/123 4429/1945/123
f 4498/1948/123 4499/1947/123 4429/1945/123
f 4498/1948/123 4429/1945/123 4430/1949/123
f 4498/1948/123 4430/1949/123 4431/1950/123
f 4498/1948/123 4431/1950/123 4432/1951/123
f 4498/1948/123 4432/1951/123 4346/1952/123
f 4498/1948/123 4346/1952/123 4347/1953/123
f 4497/1954/123 4498/1948/123 4347/1953/123
f 4384/1888/123 4458/1943/123 4459/1955/123
f 4496/1956/123 4497/1954/123 4347/1953/123
f 4495/1957/123 4496/1956/123 4347/1953/123
f 4384/1888/123 4459/1955/123 4460/1958/123
f 4494/1959/123 4495/1957/123 4347/1953/123
f 4494/1959/123 4347/1953/123 4348/1960/123
f 4493/1961/123 4494/1959/123 4348/1960/123
f 4384/1888/123 4460/1958/123 4461/1962/123
f 4492/1963/123 4493/1961/123 4348/1960/123
f 4384/1888/123 4461/1962/123 4462/1964/123
f 4491/1965/123 4492/1963/123 4348/1960/123
f 4490/1966/123 4491/1965/123 4348/1960/123
f 4384/1888/123 4462/1964/123 4463/1967/123
f 4489/1968/123 4490/1966/123 4348/1960/123
f 4384/1888/123 4463/1967/123 4464/1969/123
f 4384/1888/123 4464/1969/123 4465/1970/123
f 4384/1888/123 4465/1970/123 4466/1971/123
f 4384/1888/123 4466/1971/123 4467/1972/123
f 4488/1973/123 4489/1968/123 4348/1960/123
f 4384/1888/123 4467/1972/123 4468/1974/123
f 4384/1888/123 4468/1974/123 4469/1975/123
f 4384/1888/123 4469/1975/123 4470/1976/123
f 4384/1888/123 4470/1976/123 4471/1977/123
f 4487/1978/123 4488/1973/123 4348/1960/123
f 4384/1888/123 4471/1977/123 4472/1979/125
f 4384/1888/123 4472/1979/125 4473/1980/123
f 4384/1888/123 4473/1980/123 4474/1981/123
f 4384/1888/123 4474/1981/123 4475/1982/123
f 4384/1888/123 4475/1982/123 4476/1983/123
f 4384/1888/123 4476/1983/123 4477/1984/123
f 4384/1888/123 4477/1984/123 4478/1985/123
f 4384/1888/123 4478/1985/123 4479/1986/123
f 4384/1888/123 4479/1986/123 4480/1987/123
f 4384/1888/123 4480/1987/123 4481/1988/123
f 4384/1888/123 4481/1988/123 4482/1989/123
f 4384/1888/123 4482/1989/123 4483/1990/123
f 4384/1888/123 4483/1990/123 4364/1991/123
f 4364/1991/123 4483/1990/123 4484/1992/123
f 4364/1991/123 4484/1992/123 4363/1993/123
f 4363/1993/123 4484/1992/123 4485/1994/123
f 4363/1993/123 4485/1994/123 4486/1995/123
f 4363/1993/123 4486/1995/123 4487/1978/123
f 4363/1993/123 4487/1978/123 4362/1996/125
f 4362/1996/125 4487/1978/123 4361/1997/168
f 4361/1997/168 4487/1978/123 4348/1960/123
f 4361/1997/168 4348/1960/123 4349/1998/123
f 4361/1997/168 4349/1998/123 4360/1999/237
f 4360/1999/237 4349/1998/123 4350/2000/123
f 4360/1999/237 4350/2000/123 4351/2001/123
f 4360/1999/237 4351/2001/123 4352/2002/123
f 4360/1999/237 4352/2002/123 4353/2003/123
f 4360/1999/237 4353/2003/123 4359/2004/123
f 4359/2004/123 4353/2003/123 4354/2005/123
f 4359/2004/123 4354/2005/123 4355/2006/123
f 4359/2004/123 4355/2006/123 4356/2007/123
f 4359/2004/123 4356/2007/123 4357/2008/123
f 4359/2004/123 4357/2008/123 4358/2009/123
f 4384/1888/123 4364/1991/123 4365/2010/190
f 4384/1888/123 4365/2010/190 4366/2011/126
f 4384/1888/123 4366/2011/126 4367/2012/125
f 4384/1888/123 4367/2012/125 4368/2013/159
f 4384/1888/123 4368/2013/159 4369/2014/148
f 4384/1888/123 4369/2014/148 4370/2015/128
f 4384/1888/123 4370/2015/128 4371/2016/125
f 4384/1888/123 4371/2016/125 4372/2017/123
f 4384/1888/123 4372/2017/123 4373/2018/123
f 4384/1888/123 4373/2018/123 4374/2019/123
f 4384/1888/123 4374/2019/123 4375/2020/123
f 4384/1888/123 4375/2020/123 4376/2021/123
f 4384/1888/123 4376/2021/123 4377/2022/123
f 4384/1888/123 4377/2022/123 4378/2023/123
f 4384/1888/123 4378/2023/123 4379/2024/123
f 4384/1888/123 4379/2024/123 4380/2025/123
f 4384/1888/123 4380/2025/123 4381/2026/123
f 4384/1888/123 4381/2026/123 4382/2027/123
f 4384/1888/123 4382/2027/123 4383/2028/123
f 4553/2029/123 4554/2031/156 4555/2030/125
f 4553/2029/123 4555/2030/125 4556/2032/126
f 4553/2029/123 4556/2032/126 4557/2033/126
f 4553/2029/123 4557/2033/126 4558/2034/128
f 4553/2029/123 4558/2034/128 4559/2035/162
f 4553/2029/123 4559/2035/162 4560/2036/123
f 4553/2029/123 4560/2036/123 4561/2037/190
f 4553/2029/123 4561/2037/190 4562/2038/126
f 4553/2029/123 4562/2038/126 4563/2039/162
f 4553/2029/123 4563/2039/162 4564/2040/176
f 4553/2029/123 4564/2040/176 4565/2041/137
f 4553/2029/123 4565/2041/137 4566/2042/125
f 4553/2029/123 4566/2042/125 4567/2043/123
f 4553/2029/123 4567/2043/123 4568/2044/123
f 4552/2045/123 4553/2029/123 4568/2044/123
f 4552/2045/123 4568/2044/123 4569/2046/123
f 4551/2047/123 4552/2045/123 4569/2046/123
f 4551/2047/123 4569/2046/123 4570/2048/123
f 4550/2049/123 4551/2047/123 4570/2048/123
f 4550/2049/123 4570/2048/123 4571/2050/123
f 4549/2051/123 4550/2049/123 4571/2050/123
f 4549/2051/123 4571/2050/123 4572/2052/123
f 4548/2053/123 4549/2051/123 4572/2052/123
f 4548/2053/123 4572/2052/123 4573/2054/123
f 4547/2055/123 4548/2053/123 4573/2054/123
f 4547/2055/123 4573/2054/123 4574/2056/123
f 4546/2057/123 4547/2055/123 4574/2056/123
f 4546/2057/123 4574/2056/123 4666/2058/127
f 4666/2058/127 4574/2056/123 4665/2059/123
f 4665/2059/123 4574/2056/123 4575/2060/123
f 4545/2061/123 4546/2057/123 4603/2062/123
f 4603/2062/123 4546/2057/123 4666/2058/127
f 4664/2063/123 4665/2059/123 4575/2060/123
f 4545/2061/123 4603/2062/123 4604/2064/123
f 4663/2065/123 4664/2063/123 4575/2060/123
f 4545/2061/123 4604/2064/123 4605/2066/123
f 4662/2067/123 4663/2065/123 4575/2060/123
f 4545/2061/123 4605/2066/123 4606/2068/123
f 4661/2069/123 4662/2067/123 4575/2060/123
f 4545/2061/123 4606/2068/123 4607/2070/123
f 4660/2071/123 4661/2069/123 4575/2060/123
f 4545/2061/123 4607/2070/123 4608/2072/123
f 4544/2073/123 4545/2061/123 4608/2072/123
f 4660/2071/123 4575/2060/123 4576/2074/123
f 4659/2075/123 4660/2071/123 4576/2074/123
f 4544/2073/123 4608/2072/123 4609/2076/123
f 4658/2077/123 4659/2075/123 4576/2074/123
f 4544/2073/123 4609/2076/123 4610/2078/123
f 4543/2079/123 4544/2073/123 4610/2078/123
f 4658/2077/123 4576/2074/123 4577/2080/123
f 4657/2081/123 4658/2077/123 4577/2080/123
f 4543/2079/123 4610/2078/123 4611/2082/123
f 4656/2083/123 4657/2081/123 4577/2080/123
f 4543/2079/123 4611/2082/123 4612/2084/123
f 4542/2085/123 4543/2079/123 4612/2084/123
f 4656/2083/123 4577/2080/123 4578/2086/123
f 4655/2087/123 4656/2083/123 4578/2086/123
f 4542/2085/123 4612/2084/123 4613/2088/123
f 4654/2089/123 4655/2087/123 4578/2086/123
f 4542/2085/123 4613/2088/123 4614/2090/123
f 4541/2091/123 4542/2085/123 4614/2090/123
f 4540/2092/123 4541/2091/123 4614/2090/123
f 4654/2089/123 4578/2086/123 4579/2093/123
f 4654/2089/123 4579/2093/123 4580/2094/123
f 4539/2095/123 4540/2092/123 4614/2090/123
f 4654/2089/123 4580/2094/123 4581/2096/123
f 4538/2097/123 4539/2095/123 4614/2090/123
f 4654/2089/123 4581/2096/123 4582/2098/123
f 4537/2099/123 4538/2097/123 4614/2090/123
f 4654/2089/123 4582/2098/123 4583/2100/123
f 4537/2099/123 4614/2090/123 4615/2101/123
f 4653/2102/123 4654/2089/123 4583/2100/123
f 4652/2103/123 4653/2102/123 4583/2100/123
f 4537/2099/123 4615/2101/123 4616/2104/123
f 4536/2105/123 4537/2099/123 4616/2104/123
f 4652/2103/123 4583/2100/123 4584/2106/123
f 4651/2107/123 4652/2103/123 4584/2106/123
f 4536/2105/123 4616/2104/123 4617/2108/123
f 4650/2109/123 4651/2107/123 4584/2106/123
f 4536/2105/123 4617/2108/123 4618/2110/123
f 4649/2111/123 4650/2109/123 4584/2106/123
f 4536/2105/123 4618/2110/123 4619/2112/123
f 4648/2113/123 4649/2111/123 4584/2106/123
f 4536/2105/123 4619/2112/123 4620/2114/123
f 4647/2115/123 4648/2113/123 4584/2106/123
f 4536/2105/123 4620/2114/123 4621/2116/123
f 4535/2117/123 4536/2105/123 4621/2116/123
f 4647/2115/123 4584/2106/123 4585/2118/123
f 4646/2119/123 4647/2115/123 4585/2118/123
f 4535/2117/123 4621/2116/123 4622/2120/123
f 4535/2117/123 4622/2120/123 4623/2121/123
f 4645/2122/123 4646/2119/123 4585/2118/123
f 4645/2122/123 4585/2118/123 4586/2123/123
f 4534/2124/123 4535/2117/123 4623/2121/123
f 4645/2122/123 4586/2123/123 4587/2125/123
f 4533/2126/123 4534/2124/123 4623/2121/123
f 4645/2122/123 4587/2125/123 4588/2127/123
f 4532/2128/123 4533/2126/123 4623/2121/123
f 4645/2122/123 4588/2127/123 4589/2129/123
f 4531/2130/123 4532/2128/123 4623/2121/123
f 4645/2122/123 4589/2129/123 4590/2131/123
f 4645/2122/123 4590/2131/123 4591/2132/123
f 4530/2133/123 4531/2130/123 4623/2121/123
f 4529/2134/123 4530/2133/123 4623/2121/123
f 4529/2134/123 4623/2121/123 4624/2135/123
f 4644/2136/123 4645/2122/123 4591/2132/123
f 4529/2134/123 4624/2135/123 4625/2137/123
f 4643/2138/123 4644/2136/123 4591/2132/123
f 4643/2138/123 4591/2132/123 4592/2139/123
f 4528/2140/123 4529/2134/123 4625/2137/123
f 4528/2140/123 4625/2137/123 4626/2141/123
f 4642/2142/123 4643/2138/123 4592/2139/123
f 4528/2140/123 4626/2141/123 4627/2143/123
f 4641/2144/123 4642/2142/123 4592/2139/123
f 4641/2144/123 4592/2139/123 4593/2145/123
f 4527/2146/123 4528/2140/123 4627/2143/123
f 4527/2146/123 4627/2143/123 4628/2147/123
f 4640/2148/123 4641/2144/123 4593/2145/123
f 4527/2146/123 4628/2147/123 4629/2149/123
f 4639/2150/123 4640/2148/123 4593/2145/123
f 4526/2151/123 4527/2146/123 4629/2149/123
f 4639/2150/123 4593/2145/123 4594/2152/123
f 4526/2151/123 4629/2149/123 4630/2153/123
f 4638/2154/123 4639/2150/123 4594/2152/123
f 4526/2151/123 4630/2153/123 4631/2155/123
f 4637/2156/123 4638/2154/123 4594/2152/123
f 4526/2151/123 4631/2155/123 4632/2157/123
f 4636/2158/123 4637/2156/123 4594/2152/123
f 4526/2151/123 4632/2157/123 4633/2159/123
f 4635/2160/123 4636/2158/123 4594/2152/123
f 4525/2161/123 4526/2151/123 4633/2159/123
f 4635/2160/123 4594/2152/123 4595/2162/123
f 4525/2161/123 4633/2159/123 4634/2163/123
f 4634/2163/123 4635/2160/123 4595/2162/123
f 4525/2161/123 4634/2163/123 4595/2162/123
f 4524/2164/123 4525/2161/123 4595/2162/123
f 4524/2164/123 4595/2162/123 4596/2165/123
f 4523/2166/123 4524/2164/123 4596/2165/123
f 4523/2166/123 4596/2165/123 4597/2167/123
f 4522/2168/123 4523/2166/123 4597/2167/123
f 4522/2168/123 4597/2167/123 4598/2169/123
f 4521/2170/123 4522/2168/123 4598/2169/123
f 4521/2170/123 4598/2169/123 4599/2171/123
f 4520/2172/123 4521/2170/123 4599/2171/123
f 4520/2172/123 4599/2171/123 4600/2173/123
f 4519/2174/123 4520/2172/123 4600/2173/123
f 4519/2174/123 4600/2173/123 4601/2175/123
f 4701/2176/123 4702/2178/146 4703/2177/176
f 4701/2176/123 4703/2177/176 4704/2179/162
f 4701/2176/123 4704/2179/162 4705/2180/126
f 4701/2176/123 4705/2180/126 4706/2181/127
f 4701/2176/123 4706/2181/127 4707/2182/160
f 4701/2176/123 4707/2182/160 4708/2183/123
f 4701/2176/123 4708/2183/123 4709/2184/127
f 4701/2176/123 4709/2184/127 4710/2185/126
f 4701/2176/123 4710/2185/126 4711/2186/145
f 4701/2176/123 4711/2186/145 4712/2187/148
f 4701/2176/123 4712/2187/148 4713/2188/165
f 4701/2176/123 4713/2188/165 4714/2189/123
f 4701/2176/123 4714/2189/123 4715/2190/123
f 4701/2176/123 4715/2190/123 4716/2191/123
f 4700/2192/123 4701/2176/123 4716/2191/123
f 4700/2192/123 4716/2191/123 4717/2193/123
f 4699/2194/123 4700/2192/123 4717/2193/123
f 4699/2194/123 4717/2193/123 4718/2195/123
f 4698/2196/123 4699/2194/123 4718/2195/123
f 4698/2196/123 4718/2195/123 4719/2197/123
f 4697/2198/123 4698/2196/123 4719/2197/123
f 4697/2198/123 4719/2197/123 4720/2199/123
f 4696/2200/123 4697/2198/123 4720/2199/123
f 4696/2200/123 4720/2199/123 4721/2201/123
f 4695/2202/123 4696/2200/123 4721/2201/123
f 4695/2202/123 4721/2201/123 4722/2203/123
f 4694/2204/123 4695/2202/123 4722/2203/123
f 4694/2204/123 4722/2203/123 4814/2205/128
f 4814/2205/128 4722/2203/123 4813/2206/123
f 4813/2206/123 4722/2203/123 4723/2207/123
f 4693/2208/123 4694/2204/123 4751/2209/123
f 4751/2209/123 4694/2204/123 4814/2205/128
f 4812/2210/123 4813/2206/123 4723/2207/123
f 4693/2208/123 4751/2209/123 4752/2211/123
f 4811/2212/123 4812/2210/123 4723/2207/123
f 4693/2208/123 4752/2211/123 4753/2213/123
f 4810/2214/123 4811/2212/123 4723/2207/123
f 4693/2208/123 4753/2213/123 4754/2215/123
f 4809/2216/123 4810/2214/123 4723/2207/123
f 4693/2208/123 4754/2215/123 4755/2217/123
f 4808/2218/123 4809/2216/123 4723/2207/123
f 4693/2208/123 4755/2217/123 4756/2219/123
f 4692/2220/123 4693/2208/123 4756/2219/123
f 4808/2218/123 4723/2207/123 4724/2221/123
f 4807/2222/123 4808/2218/123 4724/2221/123
f 4692/2220/123 4756/2219/123 4757/2223/123
f 4806/2224/123 4807/2222/123 4724/2221/123
f 4692/2220/123 4757/2223/123 4758/2225/123
f 4691/2226/123 4692/2220/123 4758/2225/123
f 4806/2224/123 4724/2221/123 4725/2227/123
f 4805/2228/123 4806/2224/123 4725/2227/123
f 4691/2226/123 4758/2225/123 4759/2229/123
f 4804/2230/123 4805/2228/123 4725/2227/123
f 4691/2226/123 4759/2229/123 4760/2231/123
f 4690/2232/123 4691/2226/123 4760/2231/123
f 4804/2230/123 4725/2227/123 4726/2233/123
f 4803/2234/123 4804/2230/123 4726/2233/123
f 4690/2232/123 4760/2231/123 4761/2235/123
f 4802/2236/123 4803/2234/123 4726/2233/123
f 4690/2232/123 4761/2235/123 4762/2237/123
f 4689/2238/123 4690/2232/123 4762/2237/123
f 4688/2239/123 4689/2238/123 4762/2237/123
f 4802/2236/123 4726/2233/123 4727/2240/123
f 4802/2236/123 4727/2240/123 4728/2241/123
f 4687/2242/123 4688/2239/123 4762/2237/123
f 4802/2236/123 4728/2241/123 4729/2243/123
f 4686/2244/123 4687/2242/123 4762/2237/123
f 4802/2236/123 4729/2243/123 4730/2245/123
f 4685/2246/123 4686/2244/123 4762/2237/123
f 4802/2236/123 4730/2245/123 4731/2247/123
f 4685/2246/123 4762/2237/123 4763/2248/123
f 4801/2249/123 4802/2236/123 4731/2247/123
f 4800/2250/123 4801/2249/123 4731/2247/123
f 4685/2246/123 4763/2248/123 4764/2251/123
f 4684/2252/123 4685/2246/123 4764/2251/123
f 4800/2250/123 4731/2247/123 4732/2253/123
f 4799/2254/123 4800/2250/123 4732/2253/123
f 4684/2252/123 4764/2251/123 4765/2255/123
f 4798/2256/123 4799/2254/123 4732/2253/123
f 4684/2252/123 4765/2255/123 4766/2257/123
f 4797/2258/123 4798/2256/123 4732/2253/123
f 4684/2252/123 4766/2257/123 4767/2259/123
f 4796/2260/123 4797/2258/123 4732/2253/123
f 4684/2252/123 4767/2259/123 4768/2261/123
f 4795/2262/123 4796/2260/123 4732/2253/123
f 4684/2252/123 4768/2261/123 4769/2263/123
f 4683/2264/123 4684/2252/123 4769/2263/123
f 4795/2262/123 4732/2253/123 4733/2265/123
f 4794/2266/123 4795/2262/123 4733/2265/123
f 4683/2264/123 4769/2263/123 4770/2267/123
f 4683/2264/123 4770/2267/123 4771/2268/123
f 4793/2269/123 4794/2266/123 4733/2265/123
f 4793/2269/123 4733/2265/123 4734/2270/123
f 4682/2271/123 4683/2264/123 4771/2268/123
f 4793/2269/123 4734/2270/123 4735/2272/123
f 4681/2273/123 4682/2271/123 4771/2268/123
f 4793/2269/123 4735/2272/123 4736/2274/123
f 4680/2275/123 4681/2273/123 4771/2268/123
f 4793/2269/123 4736/2274/123 4737/2276/123
f 4679/2277/123 4680/2275/123 4771/2268/123
f 4793/2269/123 4737/2276/123 4738/2278/123
f 4793/2269/123 4738/2278/123 4739/2279/123
f 4678/2280/123 4679/2277/123 4771/2268/123
f 4677/2281/123 4678/2280/123 4771/2268/123
f 4677/2281/123 4771/2268/123 4772/2282/123
f 4792/2283/123 4793/2269/123 4739/2279/123
f 4677/2281/123 4772/2282/123 4773/2284/123
f 4791/2285/123 4792/2283/123 4739/2279/123
f 4791/2285/123 4739/2279/123 4740/2286/123
f 4676/2287/123 4677/2281/123 4773/2284/123
f 4676/2287/123 4773/2284/123 4774/2288/123
f 4790/2289/123 4791/2285/123 4740/2286/123
f 4676/2287/123 4774/2288/123 4775/2290/123
f 4789/2291/123 4790/2289/123 4740/2286/123
f 4789/2291/123 4740/2286/123 4741/2292/123
f 4675/2293/123 4676/2287/123 4775/2290/123
f 4675/2293/123 4775/2290/123 4776/2294/123
f 4788/2295/123 4789/2291/123 4741/2292/123
f 4675/2293/123 4776/2294/123 4777/2296/123
f 4787/2297/123 4788/2295/123 4741/2292/123
f 4674/2298/123 4675/2293/123 4777/2296/123
f 4787/2297/123 4741/2292/123 4742/2299/123
f 4674/2298/123 4777/2296/123 4778/2300/123
f 4786/2301/123 4787/2297/123 4742/2299/123
f 4674/2298/123 4778/2300/123 4779/2302/123
f 4785/2303/123 4786/2301/123 4742/2299/123
f 4674/2298/123 4779/2302/123 4780/2304/123
f 4784/2305/123 4785/2303/123 4742/2299/123
f 4674/2298/123 4780/2304/123 4781/2306/123
f 4783/2307/123 4784/2305/123 4742/2299/123
f 4673/2308/123 4674/2298/123 4781/2306/123
f 4783/2307/123 4742/2299/123 4743/2309/123
f 4673/2308/123 4781/2306/123 4782/2310/123
f 4782/2310/123 4783/2307/123 4743/2309/123
f 4673/2308/123 4782/2310/123 4743/2309/123
f 4672/2311/123 4673/2308/123 4743/2309/123
f 4672/2311/123 4743/2309/123 4744/2312/123
f 4671/2313/123 4672/2311/123 4744/2312/123
f 4671/2313/123 4744/2312/123 4745/2314/123
f 4670/2315/123 4671/2313/123 4745/2314/123
f 4670/2315/123 4745/2314/123 4746/2316/123
f 4669/2317/123 4670/2315/123 4746/2316/123
f 4669/2317/123 4746/2316/123 4747/2318/123
f 4668/2319/123 4669/2317/123 4747/2318/123
f 4668/2319/123 4747/2318/123 4748/2320/123
f 4667/2321/123 4668/2319/123 4748/2320/123
f 4667/2321/123 4748/2320/123 4749/2322/123
f 2457/2323/123 2408/2325/123 2409/2324/220
f 2457/2323/123 2409/2324/220 2410/2326/123
f 2457/2323/123 2410/2326/123 2411/2327/123
f 2457/2323/123 2411/2327/123 2412/2328/183
f 2457/2323/123 2412/2328/183 2413/2329/123
f 2457/2323/123 2413/2329/123 2414/2330/238
f 2457/2323/123 2414/2330/238 2415/2331/183
f 2457/2323/123 2415/2331/183 2416/2332/239
f 2457/2323/123 2416/2332/239 2417/2333/240
f 2457/2323/123 2417/2333/240 2418/2334/241
f 2457/2323/123 2418/2334/241 2419/2335/242
f 2457/2323/123 2419/2335/242 2420/2336/190
f 2457/2323/123 2420/2336/190 2421/2337/212
f 2456/2338/168 2457/2323/123 2421/2337/212
f 2456/2338/168 2421/2337/212 2422/2339/145
f 2455/2340/125 2456/2338/168 2422/2339/145
f 2455/2340/125 2422/2339/145 2423/2341/126
f 2454/2342/123 2455/2340/125 2423/2341/126
f 2454/2342/123 2423/2341/126 2424/2343/127
f 2453/2344/123 2454/2342/123 2424/2343/127
f 2453/2344/123 2424/2343/127 2425/2345/159
f 2452/2346/137 2453/2344/123 2425/2345/159
f 2452/2346/137 2425/2345/159 2426/2347/123
f 2451/2348/127 2452/2346/137 2426/2347/123
f 2451/2348/127 2426/2347/123 2427/2349/123
f 2450/2350/123 2451/2348/127 2427/2349/123
f 2450/2350/123 2427/2349/123 2428/2351/128
f 2449/2352/123 2450/2350/123 2428/2351/128
f 2449/2352/123 2428/2351/128 2429/2353/128
f 2448/2354/123 2449/2352/123 2429/2353/128
f 2448/2354/123 2429/2353/128 2430/2355/125
f 2447/2356/128 2448/2354/123 2430/2355/125
f 2447/2356/128 2430/2355/125 2431/2357/148
f 2446/2358/128 2447/2356/128 2431/2357/148
f 2446/2358/128 2431/2357/148 2432/2359/125
f 2445/2360/123 2446/2358/128 2432/2359/125
f 2445/2360/123 2432/2359/125 2433/2361/123
f 2445/2360/123 2433/2361/123 2434/2362/123
f 2445/2360/123 2434/2362/123 2435/2363/123
f 2445/2360/123 2435/2363/123 2436/2364/123
f 2445/2360/123 2436/2364/123 2437/2365/123
f 2445/2360/123 2437/2365/123 2438/2366/123
f 2445/2360/123 2438/2366/123 2439/2367/123
f 2445/2360/123 2439/2367/123 2440/2368/123
f 2445/2360/123 2440/2368/123 2441/2369/123
f 2445/2360/123 2441/2369/123 2442/2370/123
f 2445/2360/123 2442/2370/123 2443/2371/123
f 2445/2360/123 2443/2371/123 2444/2372/123
f 4816/2373/243 4818/2374/244 4817/2375/244 4815/2325/243
f 4818/2374/244 4820/2376/245 4819/2377/245 4817/2375/244
f 4820/2376/245 4822/2378/246 4821/2379/246 4819/2377/245
f 4822/2378/246 4824/2380/247 4823/2381/247 4821/2379/246
f 4824/2380/247 4826/2382/248 4825/2383/248 4823/2381/247
f 4826/2382/248 4828/2384/249 4827/2385/249 4825/2383/248
f 4828/2384/249 4830/2386/250 4829/2387/250 4827/2385/249
f 4830/2386/250 4832/2388/251 4831/2389/251 4829/2387/250
f 4832/2388/251 4834/2390/252 4833/2391/252 4831/2389/251
f 4834/2390/252 4836/2392/253 4835/2393/253 4833/2391/252
f 4836/2392/253 4838/2394/254 4837/2395/254 4835/2393/253
f 4838/2394/254 4840/2396/255 4839/2397/255 4837/2395/254
f 4840/2396/255 4842/2398/256 4841/2399/256 4839/2397/255
f 4842/2398/256 4844/2400/257 4843/2401/257 4841/2399/256
f 4844/2400/257 4846/2402/258 4845/2403/258 4843/2401/257
f 4846/2402/258 4848/2404/259 4847/2405/259 4845/2403/258
f 4848/2404/259 4850/2406/260 4849/2407/260 4847/2405/259
f 4850/2406/260 4852/2408/261 4851/2409/261 4849/2407/260
f 4852/2408/261 4854/2410/262 4853/2411/262 4851/2409/261
f 4854/2410/262 4856/2412/263 4855/2413/263 4853/2411/262
f 4856/2412/263 4858/2414/264 4857/2415/264 4855/2413/263
f 4858/2414/264 4860/2416/265 4859/2417/265 4857/2415/264
f 4860/2416/265 4862/2418/266 4861/2419/266 4859/2417/265
f 4862/2418/266 4864/2420/267 4863/2421/267 4861/2419/266
f 4864/2420/267 4866/2422/268 4865/2423/268 4863/2421/267
f 4866/2422/268 4868/2424/269 4867/2425/269 4865/2423/268
f 4868/2424/269 4870/2426/270 4869/2427/270 4867/2425/269
f 4870/2426/270 4872/2428/271 4871/2429/271 4869/2427/270
f 4872/2428/271 4874/2430/272 4873/2431/272 4871/2429/271
f 4874/2430/272 4876/2432/273 4875/2433/273 4873/2431/272
f 4876/2432/273 4878/2434/274 4877/2435/274 4875/2433/273
f 4878/2434/274 4880/2436/275 4879/2437/275 4877/2435/274
f 4880/2436/275 4882/2438/276 4881/2439/276 4879/2437/275
f 4882/2438/276 4884/2440/277 4883/2441/277 4881/2439/276
f 4884/2440/277 4886/2442/278 4885/2443/278 4883/2441/277
f 4886/2442/278 4888/2444/279 4887/2445/279 4885/2443/278
f 4888/2444/279 4890/2446/280 4889/2447/280 4887/2445/279
f 4890/2446/280 4892/2448/281 4891/2449/281 4889/2447/280
f 4892/2448/281 4894/2450/282 4893/2451/282 4891/2449/281
f 4894/2450/282 4896/2452/283 4895/2453/283 4893/2451/282
f 4896/2452/283 4898/2454/284 4897/2455/284 4895/2453/283
f 4898/2454/284 4900/2456/285 4899/2457/285 4897/2455/284
f 4900/2456/285 4902/2458/286 4901/2459/286 4899/2457/285
f 4902/2458/286 4904/2460/287 4903/2461/287 4901/2459/286
f 4904/2460/287 4906/2462/288 4905/2463/288 4903/2461/287
f 4906/2462/288 4908/2464/289 4907/2465/289 4905/2463/288
f 4908/2464/289 4910/2466/290 4909/2467/290 4907/2465/289
f 4910/2466/290 4912/2468/291 4911/2469/291 4909/2467/290
f 4912/2468/291 4914/2470/292 4913/2471/292 4911/2469/291
f 4914/2470/292 4916/2472/293 4915/2473/293 4913/2471/292
f 4916/2472/293 4918/2474/294 4917/2475/294 4915/2473/293
f 4918/2474/294 4920/2476/295 4919/2477/295 4917/2475/294
f 4920/2476/295 4922/2478/296 4921/2479/296 4919/2477/295
f 4922/2478/296 4924/2480/297 4923/2481/297 4921/2479/296
f 4924/2480/297 4926/2482/298 4925/2483/298 4923/2481/297
f 4926/2482/298 4928/2484/299 4927/2485/299 4925/2483/298
f 4928/2484/299 4930/2486/300 4929/2487/300 4927/2485/299
f 4930/2486/300 4932/2488/301 4931/2489/301 4929/2487/300
f 4932/2488/301 4934/2490/302 4933/2491/302 4931/2489/301
f 4934/2490/302 4936/2492/303 4935/2493/303 4933/2491/302
f 4936/2492/303 4938/2494/304 4937/2495/304 4935/2493/303
f 4938/2494/304 4940/2496/305 4939/2497/305 4937/2495/304
f 4940/2496/305 4942/2498/306 4941/2499/306 4939/2497/305
f 4942/2498/306 4944/2500/307 4943/2501/307 4941/2499/306
f 4944/2500/307 4946/2502/308 4945/2503/308 4943/2501/307
f 4946/2502/308 4948/2504/309 4947/2505/309 4945/2503/308
f 4948/2504/309 4950/2506/310 4949/2507/310 4947/2505/309
f 4950/2506/310 4952/2508/311 4951/2509/311 4949/2507/310
f 4952/2508/311 4954/2510/312 4953/2511/312 4951/2509/311
f 4954/2510/312 4956/2512/313 4955/2513/313 4953/2511/312
f 4956/2512/313 4958/2514/314 4957/2515/314 4955/2513/313
f 4958/2514/314 4960/2516/315 4959/2517/315 4957/2515/314
f 4960/2516/315 4962/2518/316 4961/2519/316 4959/2517/315
f 4962/2518/316 4964/2520/317 4963/2521/317 4961/2519/316
f 4964/2520/317 4966/2522/318 4965/2523/318 4963/2521/317
f 4966/2522/318 4968/2524/319 4967/2525/319 4965/2523/318
f 4968/2524/319 4970/2526/320 4969/2527/320 4967/2525/319
f 4970/2526/320 4972/2528/321 4971/2529/321 4969/2527/320
f 4972/2528/321 4974/2530/322 4973/2531/322 4971/2529/321
f 4974/2530/322 4976/2532/323 4975/2533/323 4973/2531/322
f 4976/2532/323 4978/2534/324 4977/2535/324 4975/2533/323
f 4978/2534/324 4980/2536/325 4979/2537/325 4977/2535/324
f 4980/2536/325 4982/2538/326 4981/2539/326 4979/2537/325
f 4982/2538/326 4984/2540/327 4983/2541/327 4981/2539/326
f 4984/2540/327 4986/2542/328 4985/2543/328 4983/2541/327
f 4986/2542/328 4988/2544/329 4987/2545/329 4985/2543/328
f 4988/2544/329 4990/2546/329 4989/2547/329 4987/2545/329
f 4990/2546/329 4992/2548/329 4991/2549/329 4989/2547/329
f 4992/2548/329 4994/2550/329 4993/2551/329 4991/2549/329
f 4994/2550/329 4996/2552/329 4995/2553/329 4993/2551/329
f 4996/2552/329 4998/2554/329 4997/2555/329 4995/2553/329
f 4998/2554/329 5000/2556/329 4999/2557/329 4997/2555/329
f 5000/2556/329 5002/2558/329 5001/2559/329 4999/2557/329
f 5002/2558/329 5004/2560/329 5003/2561/329 5001/2559/329
f 5004/2560/329 5006/2562/329 5005/2563/329 5003/2561/329
f 5006/2562/329 5008/2564/329 5007/2565/329 5005/2563/329
f 5010/2566/330 5012/2567/331 5011/2568/331 5009/2569/330
f 5012/2567/331 5014/2570/332 5013/2571/332 5011/2568/331
f 5014/2570/332 5016/2572/333 5015/2573/333 5013/2571/332
f 5016/2572/333 5018/2574/334 5017/2575/334 5015/2573/333
f 5018/2574/334 5020/2576/335 5019/2577/335 5017/2575/334
f 5020/2576/335 5022/2578/336 5021/2579/336 5019/2577/335
f 5022/2578/336 5024/2580/337 5023/2581/337 5021/2579/336
f 5024/2580/337 5026/2582/338 5025/2583/338 5023/2581/337
f 5026/2582/338 5028/2584/339 5027/2585/339 5025/2583/338
f 5028/2584/339 5030/2586/340 5029/2587/340 5027/2585/339
f 5030/2586/340 5032/2588/341 5031/2589/341 5029/2587/340
f 5032/2588/341 5034/2590/342 5033/2591/342 5031/2589/341
f 5034/2590/342 5036/2592/343 5035/2593/343 5033/2591/342
f 5036/2592/343 5038/2594/344 5037/2595/344 5035/2593/343
f 5038/2594/344 5040/2596/345 5039/2597/345 5037/2595/344
f 5040/2596/345 5042/2598/346 5041/2599/346 5039/2597/345
f 5042/2598/346 5044/2600/347 5043/2601/347 5041/2599/346
f 5044/2600/347 5046/2602/348 5045/2603/348 5043/2601/347
f 5046/2602/348 5048/2604/349 5047/2605/349 5045/2603/348
f 5048/2604/349 5050/2606/350 5049/2607/350 5047/2605/349
f 5050/2606/350 5052/2608/351 5051/2609/351 5049/2607/350
f 5052/2608/351 5054/2610/352 5053/2611/352 5051/2609/351
f 5054/2610/352 5056/2612/353 5055/2613/353 5053/2611/352
f 5056/2612/353 5058/2614/354 5057/2615/354 5055/2613/353
f 5058/2614/354 5060/2616/355 5059/2617/355 5057/2615/354
f 5060/2616/355 5062/2618/356 5061/2619/356 5059/2617/355
f 5062/2618/356 5064/2620/357 5063/2621/357 5061/2619/356
f 5064/2620/357 5066/2622/358 5065/2623/358 5063/2621/357
f 5066/2622/358 5068/2624/359 5067/2625/359 5065/2623/358
f 5068/2624/359 5070/2626/360 5069/2627/360 5067/2625/359
f 5070/2626/360 5072/2628/361 5071/2629/361 5069/2627/360
f 5072/2628/361 5074/2630/362 5073/2631/362 5071/2629/361
f 5074/2630/362 5076/2632/363 5075/2633/363 5073/2631/362
f 5076/2632/363 5078/2634/364 5077/2635/364 5075/2633/363
f 5078/2634/364 5080/2636/365 5079/2637/365 5077/2635/364
f 5080/2636/365 5082/2638/366 5081/2639/366 5079/2637/365
f 5082/2638/366 5084/2640/367 5083/2641/367 5081/2639/366
f 5084/2640/367 5086/2642/368 5085/959/368 5083/2641/367
f 5086/2642/368 5088/2643/369 5087/2644/369 5085/959/368
f 5088/2643/369 5090/2645/370 5089/2646/370 5087/2644/369
f 5090/2645/370 5092/2647/371 5091/2648/371 5089/2646/370
f 5092/2647/371 5094/2649/372 5093/2650/372 5091/2648/371
f 5094/2649/372 5096/2651/373 5095/2652/373 5093/2650/372
f 5096/2651/373 5098/2653/374 5097/2654/374 5095/2652/373
f 5098/2653/374 5100/2655/375 5099/2656/375 5097/2654/374
f 5100/2655/375 5102/2657/376 5101/2658/376 5099/2656/375
f 5102/2657/376 5104/2659/377 5103/2660/377 5101/2658/376
f 5104/2659/377 5106/2661/378 5105/2662/378 5103/2660/377
f 5106/2661/378 5108/2663/378 5107/2664/378 5105/2662/378
f 5108/2663/378 5110/2665/378 5109/2666/378 5107/2664/378
f 5110/2665/378 5112/2667/378 5111/2668/378 5109/2666/378
f 5112/2667/378 5114/2669/378 5113/2670/378 5111/2668/378
f 5114/2669/378 5116/2671/378 5115/2672/378 5113/2670/378
f 5116/2671/378 5118/2673/378 5117/2674/378 5115/2672/378
f 5118/2673/378 5120/2675/378 5119/2676/378 5117/2674/378
f 5120/2675/378 5122/2677/378 5121/2678/378 5119/2676/378
f 5122/2677/378 5124/2679/378 5123/2680/378 5121/2678/378
f 5124/2679/378 5126/2681/379 5125/2682/379 5123/2680/378
f 5126/2681/379 5128/2683/380 5127/2684/380 5125/2682/379
f 5128/2683/380 5130/2685/381 5129/2686/381 5127/2684/380
f 5130/2685/381 5132/2687/382 5131/2688/382 5129/2686/381
f 5132/2687/382 5134/2689/383 5133/2690/383 5131/2688/382
f 5134/2689/383 5136/2691/384 5135/2692/384 5133/2690/383
f 5136/2691/384 5138/2693/385 5137/2694/385 5135/2692/384
f 5138/2693/385 5140/2695/386 5139/2696/386 5137/2694/385
f 5140/2695/386 5142/2697/387 5141/2698/387 5139/2696/386
f 5142/2697/387 5144/2699/388 5143/2700/388 5141/2698/387
f 5144/2699/388 5146/2701/389 5145/2702/389 5143/2700/388
f 5146/2701/389 5148/2703/390 5147/2704/390 5145/2702/389
f 5148/2703/390 5150/2705/391 5149/2706/391 5147/2704/390
f 5150/2705/391 5152/2707/392 5151/2708/392 5149/2706/391
f 5152/2707/392 5154/2709/393 5153/2710/393 5151/2708/392
f 5154/2709/393 5156/2711/394 5155/2712/394 5153/2710/393
f 5156/2711/394 5158/2713/395 5157/2714/395 5155/2712/394
f 5158/2713/395 5160/2715/396 5159/2716/396 5157/2714/395
f 5160/2715/396 5162/2717/397 5161/2718/397 5159/2716/396
f 5162/2717/397 5164/2719/398 5163/2720/398 5161/2718/397
f 5164/2719/398 5166/2721/399 5165/2722/399 5163/2720/398
f 5166/2721/399 5168/2723/400 5167/2724/400 5165/2722/399
f 5168/2723/400 5170/2725/401 5169/2726/401 5167/2724/400
f 5170/2725/401 5172/2727/402 5171/2728/402 5169/2726/401
f 5172/2727/402 5174/2729/403 5173/2730/403 5171/2728/402
f 5174/2729/403 5176/2731/404 5175/2732/404 5173/2730/403
f 5176/2731/404 5178/2733/405 5177/2734/405 5175/2732/404
f 5178/2733/405 5180/2735/406 5179/2736/406 5177/2734/405
f 5180/2735/406 5182/2737/407 5181/2738/407 5179/2736/406
f 5182/2737/407 5184/2739/408 5183/2740/408 5181/2738/407
f 5184/2739/408 5186/2741/409 5185/2742/409 5183/2740/408
f 5186/2741/409 5188/2743/410 5187/2744/410 5185/2742/409
f 5188/2743/410 5190/2745/411 5189/2746/411 5187/2744/410
f 5190/2745/411 5192/2747/412 5191/2748/412 5189/2746/411
f 5192/2747/412 5194/2749/413 5193/2750/413 5191/2748/412
f 5194/2749/413 5196/2751/414 5195/2752/414 5193/2750/413
f 5196/2751/414 5198/2753/415 5197/2754/415 5195/2752/414
f 5198/2753/415 5200/2755/416 5199/2756/416 5197/2754/415
f 5200/2755/416 5202/2757/417 5201/2758/417 5199/2756/416
f 5202/2757/417 5204/2759/418 5203/2760/418 5201/2758/417
f 5204/2759/418 5206/2761/419 5205/2762/419 5203/2760/418
f 5206/2761/419 5208/2763/420 5207/2764/420 5205/2762/419
f 5208/2763/420 5210/2765/421 5209/2766/421 5207/2764/420
f 5210/2765/421 5212/2767/422 5211/2768/422 5209/2766/421
f 5212/2767/422 5214/2769/423 5213/2770/423 5211/2768/422
f 5214/2769/423 5216/2771/424 5215/2772/424 5213/2770/423
f 5216/2771/424 5218/2773/425 5217/2774/425 5215/2772/424
f 5218/2773/425 5220/2775/426 5219/2776/426 5217/2774/425
f 5220/2775/426 5222/2777/427 5221/2778/427 5219/2776/426
f 5222/2777/427 5224/2779/428 5223/2780/428 5221/2778/427
f 5224/2779/428 5226/2781/429 5225/2782/429 5223/2780/428
f 5226/2781/429 5228/2783/430 5227/2784/430 5225/2782/429
f 5228/2783/430 5230/2785/431 5229/2786/431 5227/2784/430
f 5230/2785/431 5232/2787/432 5231/2788/432 5229/2786/431
f 5232/2787/432 5234/2789/433 5233/2790/433 5231/2788/432
f 5234/2789/433 5236/2791/434 5235/2792/434 5233/2790/433
f 5236/2791/434 5238/2793/435 5237/2794/435 5235/2792/434
f 5238/2793/435 5240/2795/436 5239/2796/436 5237/2794/435
f 5240/2795/436 5242/2797/437 5241/2798/437 5239/2796/436
f 5242/2797/437 5244/2799/438 5243/2800/438 5241/2798/437
f 5244/2799/438 5246/2801/439 5245/2802/439 5243/2800/438
f 5246/2801/439 5248/2803/440 5247/2804/440 5245/2802/439
f 5248/2803/440 5250/2805/441 5249/2806/441 5247/2804/440
f 5250/2805/441 5252/2807/442 5251/2808/442 5249/2806/441
f 5252/2807/442 5254/2809/443 5253/2810/443 5251/2808/442
f 5254/2809/443 5256/2811/275 5255/2812/275 5253/2810/443
f 5256/2811/275 5258/2813/444 5257/2814/444 5255/2812/275
f 5258/2813/444 5260/2815/445 5259/2816/445 5257/2814/444
f 5260/2815/445 5262/2817/446 5261/2818/446 5259/2816/445
f 5262/2817/446 5264/2819/447 5263/2820/447 5261/2818/446
f 5264/2819/447 5266/2821/448 5265/2822/448 5263/2820/447
f 5266/2821/448 5268/2823/449 5267/2824/449 5265/2822/448
f 5268/2823/449 5270/2825/450 5269/2826/450 5267/2824/449
f 5270/2825/450 5272/2827/451 5271/2828/451 5269/2826/450
f 5272/2827/451 5274/2829/452 5273/2830/452 5271/2828/451
f 5274/2829/452 5276/2831/453 5275/2832/453 5273/2830/452
f 5276/2831/453 5278/2833/454 5277/2834/454 5275/2832/453
f 5278/2833/454 5280/2835/455 5279/2836/455 5277/2834/454
f 5280/2835/455 5282/2837/456 5281/2838/456 5279/2836/455
f 5282/2837/456 5284/2839/457 5283/2840/457 5281/2838/456
f 5284/2839/457 5286/2841/458 5285/2842/458 5283/2840/457
f 5286/2841/458 5288/2843/459 5287/2844/459 5285/2842/458
f 5288/2843/459 5290/2845/460 5289/2846/460 5287/2844/459
f 5290/2845/460 5292/2847/461 5291/2848/461 5289/2846/460
f 5292/2847/461 5294/2849/462 5293/2850/462 5291/2848/461
f 5294/2849/462 5296/2851/463 5295/2852/463 5293/2850/462
f 5296/2851/463 5298/2853/464 5297/2854/464 5295/2852/463
f 5298/2853/464 5300/2855/465 5299/2856/465 5297/2854/464
f 5300/2855/465 5302/2857/466 5301/2858/466 5299/2856/465
f 5302/2857/466 5304/2859/467 5303/2860/467 5301/2858/466
f 5304/2859/467 5306/2861/468 5305/2862/468 5303/2860/467
f 5306/2861/468 5308/2863/469 5307/2864/469 5305/2862/468
f 5308/2863/469 5310/2865/470 5309/2866/470 5307/2864/469
f 5310/2865/470 5312/2867/471 5311/2868/471 5309/2866/470
f 5312/2867/471 5314/2869/472 5313/2870/472 5311/2868/471
f 5314/2869/472 5316/2871/473 5315/2872/473 5313/2870/472
f 5316/2871/473 5318/2873/474 5317/2874/474 5315/2872/473
f 5318/2873/474 5320/2875/475 5319/2876/475 5317/2874/474
f 5320/2875/475 5322/2877/476 5321/2878/476 5319/2876/475
f 5322/2877/476 5324/2879/477 5323/2880/477 5321/2878/476
f 5324/2879/477 5326/2881/478 5325/2882/478 5323/2880/477
f 5326/2881/478 5328/2883/479 5327/2884/479 5325/2882/478
f 5328/2883/479 5330/2885/480 5329/2886/480 5327/2884/479
f 5330/2885/480 5332/2887/481 5331/2888/481 5329/2886/480
f 5332/2887/481 5334/2889/482 5333/2890/482 5331/2888/481
f 5334/2889/482 5336/2891/483 5335/2892/483 5333/2890/482
f 5336/2891/483 5338/2893/484 5337/2894/484 5335/2892/483
f 5338/2893/484 5340/2895/485 5339/2896/485 5337/2894/484
f 5340/2895/485 5342/2897/486 5341/2898/486 5339/2896/485
f 5342/2897/486 5344/2899/487 5343/2900/487 5341/2898/486
f 5344/2899/487 5346/2901/488 5345/2902/488 5343/2900/487
f 5346/2901/488 5348/2903/489 5347/2904/489 5345/2902/488
f 5348/2903/489 5350/2905/490 5349/2906/490 5347/2904/489
f 5350/2905/490 5352/2907/491 5351/2908/491 5349/2906/490
f 5352/2907/491 5354/2909/492 5353/2910/492 5351/2908/491
f 5354/2909/492 5356/2911/493 5355/2912/493 5353/2910/492
f 5356/2911/493 5358/2913/494 5357/2914/494 5355/2912/493
f 5358/2913/494 5360/2915/495 5359/1612/495 5357/2914/494
f 5360/2915/495 5362/2916/496 5361/2917/496 5359/1612/495
f 5362/2916/496 5364/2918/497 5363/2919/497 5361/2917/496
f 5364/2918/497 5366/2920/498 5365/2921/498 5363/2919/497
f 5366/2920/498 5368/2922/499 5367/2923/499 5365/2921/498
f 5368/2922/499 5370/2924/500 5369/2925/500 5367/2923/499
f 5370/2924/500 5372/2926/500 5371/2927/500 5369/2925/500
f 5372/2926/500 5374/2928/500 5373/2929/500 5371/2927/500
f 5374/2928/500 5376/2930/500 5375/2931/500 5373/2929/500
f 5376/2930/500 5378/2932/500 5377/2933/500 5375/2931/500
f 5378/2932/500 5380/2934/500 5379/2935/500 5377/2933/500
f 5380/2934/500 5382/2936/500 5381/2937/500 5379/2935/500
f 5382/2936/500 5384/2938/500 5383/2939/500 5381/2937/500
f 5384/2938/500 5386/2940/500 5385/2941/500 5383/2939/500
f 5386/2940/500 5388/2942/500 5387/2943/500 5385/2941/500
f 5388/2942/500 5390/2944/500 5389/2945/500 5387/2943/500
f 5390/2944/500 5392/2946/501 5391/2947/501 5389/2945/500
f 5392/2946/501 5394/2948/502 5393/2949/502 5391/2947/501
f 5394/2948/502 5396/2950/503 5395/2951/503 5393/2949/502
f 5396/2950/503 5398/2952/504 5397/2953/504 5395/2951/503
f 5398/2952/504 5400/2954/505 5399/2955/505 5397/2953/504
f 5400/2954/505 5402/2956/506 5401/2957/506 5399/2955/505
f 5402/2956/506 5404/2958/507 5403/2959/507 5401/2957/506
f 5404/2958/507 5406/2960/508 5405/2961/508 5403/2959/507
f 5406/2960/508 5408/2962/509 5407/2963/509 5405/2961/508
f 5408/2962/509 5410/2964/510 5409/2965/510 5407/2963/509
f 5410/2964/510 5412/2966/511 5411/2967/511 5409/2965/510
f 5412/2966/511 5414/2968/512 5413/2969/512 5411/2967/511
f 5414/2968/512 5416/2970/513 5415/2971/513 5413/2969/512
f 5416/2970/513 5418/2972/514 5417/2973/514 5415/2971/513
f 5418/2972/514 5420/2974/515 5419/2975/515 5417/2973/514
f 5420/2974/515 5422/2976/516 5421/2977/516 5419/2975/515
f 5422/2976/516 5424/2978/517 5423/2979/517 5421/2977/516
f 5424/2978/517 5426/2980/518 5425/2981/518 5423/2979/517
f 5426/2980/518 5428/2982/519 5427/2983/519 5425/2981/518
f 5428/2982/519 5430/2984/520 5429/2985/520 5427/2983/519
f 5430/2984/520 5432/2986/521 5431/2987/521 5429/2985/520
f 5432/2986/521 5434/2988/522 5433/2989/522 5431/2987/521
f 5434/2988/522 5436/2990/523 5435/2991/523 5433/2989/522
f 5436/2990/523 5438/2992/524 5437/2993/524 5435/2991/523
f 5438/2992/524 5440/2994/525 5439/2995/525 5437/2993/524
f 5440/2994/525 5442/2996/526 5441/2997/526 5439/2995/525
f 5442/2996/526 5444/2998/527 5443/2999/527 5441/2997/526
f 5444/2998/527 5446/3000/527 5445/3001/527 5443/2999/527
f 5446/3000/527 5448/3002/527 5447/3003/527 5445/3001/527
f 5448/3002/527 5450/3004/527 5449/3005/527 5447/3003/527
f 5450/3004/527 5452/3006/527 5451/3007/527 5449/3005/527
f 5452/3006/527 5454/3008/527 5453/3009/527 5451/3007/527
f 5454/3008/527 5456/3010/527 5455/3011/527 5453/3009/527
f 5456/3010/527 5458/3012/527 5457/3013/527 5455/3011/527
f 5458/3012/527 5460/3014/527 5459/3015/527 5457/3013/527
f 5460/3014/527 5462/3016/527 5461/3017/527 5459/3015/527
f 5462/3016/527 5464/3018/527 5463/3019/527 5461/3017/527
f 5464/3018/527 5466/3020/528 5465/3021/528 5463/3019/527
f 5466/3020/528 5468/3022/529 5467/3023/529 5465/3021/528
f 5468/3022/529 5470/3024/530 5469/3025/530 5467/3023/529
f 5470/3024/530 5472/3026/531 5471/3027/531 5469/3025/530
f 5472/3026/531 5474/3028/532 5473/3029/532 5471/3027/531
f 5474/3028/532 5476/3030/533 5475/3031/533 5473/3029/532
f 5476/3030/533 5478/3032/534 5477/3033/534 5475/3031/533
f 5478/3032/534 5480/3034/535 5479/3035/535 5477/3033/534
f 5480/3034/535 5482/3036/536 5481/3037/536 5479/3035/535
f 5482/3036/536 5484/3038/537 5483/3039/537 5481/3037/536
f 5484/3038/537 5486/3040/538 5485/3041/538 5483/3039/537
f 5486/3040/538 5488/3042/539 5487/3043/539 5485/3041/538
f 5488/3042/539 5490/3044/540 5489/3045/540 5487/3043/539
f 5490/3044/540 5492/3046/541 5491/3047/541 5489/3045/540
f 5492/3046/541 5494/3048/542 5493/3049/542 5491/3047/541
f 5494/3048/542 5496/3050/543 5495/3051/543 5493/3049/542
f 5496/3050/543 5498/3052/544 5497/3053/544 5495/3051/543
f 5498/3052/544 5500/3054/545 5499/3055/545 5497/3053/544
f 5500/3054/545 5502/3056/546 5501/3057/546 5499/3055/545
f 5502/3056/546 5504/3058/547 5503/3059/547 5501/3057/546
f 5504/3058/547 5506/3060/548 5505/3061/548 5503/3059/547
f 5506/3060/548 5508/3062/549 5507/3063/549 5505/3061/548
f 5508/3062/549 5510/3064/550 5509/3065/550 5507/3063/549
f 5510/3064/550 5512/3066/551 5511/3067/551 5509/3065/550
f 5512/3066/551 5514/3068/552 5513/3069/552 5511/3067/551
f 5514/3068/552 5516/3070/553 5515/3071/553 5513/3069/552
f 5516/3070/553 5518/3072/554 5517/3073/554 5515/3071/553
f 5518/3072/554 5520/3074/555 5519/3075/555 5517/3073/554
f 5520/3074/555 5522/3076/556 5521/3077/556 5519/3075/555
f 5522/3076/556 5524/3078/557 5523/3079/557 5521/3077/556
f 5524/3078/557 5526/3080/558 5525/3081/558 5523/3079/557
f 5526/3080/558 5528/3082/559 5527/3083/559 5525/3081/558
f 5528/3082/559 5530/3084/560 5529/3085/560 5527/3083/559
f 5530/3084/560 5532/3086/561 5531/3087/561 5529/3085/560
f 5532/3086/561 5534/3088/562 5533/3089/562 5531/3087/561
f 5534/3088/562 5536/3090/563 5535/3091/563 5533/3089/562
f 5536/3090/563 5538/3092/564 5537/3093/564 5535/3091/563
f 5538/3092/564 5540/3094/565 5539/3095/565 5537/3093/564
f 5540/3094/565 5542/3096/566 5541/3097/566 5539/3095/565
f 5542/3096/566 5544/3098/567 5543/3099/567 5541/3097/566
f 5544/3098/567 5546/3100/568 5545/3101/568 5543/3099/567
f 5546/3100/568 5548/3102/569 5547/3103/569 5545/3101/568
f 5548/3102/569 5550/3104/570 5549/3105/570 5547/3103/569
f 5550/3104/570 5552/3106/571 5551/3107/571 5549/3105/570
f 5552/3106/571 5554/3108/572 5553/3109/572 5551/3107/571
f 5554/3108/572 5556/3110/573 5555/3111/573 5553/3109/572
f 5556/3110/573 5558/3112/574 5557/3113/574 5555/3111/573
f 5558/3112/574 5560/3114/575 5559/3115/575 5557/3113/574
f 5560/3114/575 5562/3116/576 5561/3117/576 5559/3115/575
f 5562/3116/576 5564/3118/577 5563/3119/577 5561/3117/576
f 5564/3118/577 5566/3120/578 5565/3121/578 5563/3119/577
f 5566/3120/578 5568/3122/579 5567/3123/579 5565/3121/578
f 5568/3122/579 5570/3124/580 5569/3125/580 5567/3123/579
f 5570/3124/580 5572/3126/581 5571/3127/581 5569/3125/580
f 5572/3126/581 5574/3128/582 5573/3129/582 5571/3127/581
f 5574/3128/582 5576/3130/583 5575/3131/583 5573/3129/582
f 5576/3130/583 5578/3132/584 5577/3133/584 5575/3131/583
f 5578/3132/584 5580/3134/585 5579/3135/585 5577/3133/584
f 5580/3134/585 5582/3136/586 5581/3137/586 5579/3135/585
f 5582/3136/586 5584/3138/587 5583/3139/587 5581/3137/586
f 5584/3138/587 5586/3140/588 5585/3141/588 5583/3139/587
f 5586/3140/588 5588/3142/589 5587/3143/589 5585/3141/588
f 5588/3142/589 5590/3144/590 5589/3145/590 5587/3143/589
f 5590/3144/590 5592/3146/590 5591/3147/590 5589/3145/590
f 5592/3146/590 5594/3148/590 5593/3149/590 5591/3147/590
f 5594/3148/590 5596/3150/590 5595/3151/590 5593/3149/590
f 5596/3150/590 5598/3152/589 5597/3153/589 5595/3151/590
f 5598/3152/589 5600/3154/589 5599/3155/589 5597/3153/589
f 5600/3154/589 5602/3156/590 5601/3157/590 5599/3155/589
f 5602/3156/590 5604/3158/590 5603/3159/590 5601/3157/590
f 5604/3158/590 5606/3160/590 5605/3161/590 5603/3159/590
f 5606/3160/590 5608/3162/589 5607/3163/589 5605/3161/590
f 5608/3162/589 5610/3164/591 5609/3165/591 5607/3163/589
f 5610/3164/591 5612/3166/592 5611/3167/592 5609/3165/591
f 5612/3166/592 5614/3168/593 5613/3169/593 5611/3167/592
f 5614/3168/593 5616/3170/594 5615/3171/594 5613/3169/593
f 5616/3170/594 5618/3172/595 5617/3173/595 5615/3171/594
f 5618/3172/595 5620/3174/596 5619/3175/596 5617/3173/595
f 5620/3174/596 5622/3176/597 5621/3177/597 5619/3175/596
f 5622/3176/597 5624/3178/598 5623/3179/598 5621/3177/597
f 5624/3178/598 5626/3180/599 5625/3181/599 5623/3179/598
f 5626/3180/599 5628/3182/600 5627/3183/600 5625/3181/599
f 5628/3182/600 5630/3184/601 5629/3185/601 5627/3183/600
f 5630/3184/601 5632/3186/602 5631/3187/602 5629/3185/601
f 5632/3186/602 4816/3188/243 4815/2205/243 5631/3187/602
f 5634/2373/603 5636/3189/604 5635/3190/604 5633/2325/603
f 5636/3189/604 5638/3191/605 5637/3192/605 5635/3190/604
f 5638/3191/605 5640/3193/606 5639/3194/606 5637/3192/605
f 5640/3193/606 5642/3195/607 5641/3196/607 5639/3194/606
f 5642/3195/607 5644/3197/608 5643/3198/608 5641/3196/607
f 5644/3197/608 5646/3199/609 5645/3200/609 5643/3198/608
f 5646/3199/609 5648/3201/610 5647/3202/610 5645/3200/609
f 5648/3201/610 5650/3203/611 5649/3204/611 5647/3202/610
f 5650/3203/611 5652/3205/612 5651/3206/612 5649/3204/611
f 5652/3205/612 5654/3207/613 5653/3208/613 5651/3206/612
f 5654/3207/613 5656/3209/614 5655/3210/614 5653/3208/613
f 5656/3209/614 5658/3211/615 5657/3212/615 5655/3210/614
f 5658/3211/615 5660/3213/616 5659/3214/616 5657/3212/615
f 5660/3213/616 5662/3215/617 5661/3216/617 5659/3214/616
f 5662/3215/617 5664/3217/618 5663/3218/618 5661/3216/617
f 5664/3217/618 5666/2642/619 5665/959/619 5663/3218/618
f 5666/2642/619 5668/3219/620 5667/3220/620 5665/959/619
f 5668/3219/620 5670/3221/621 5669/3222/621 5667/3220/620
f 5670/3221/621 5672/3223/622 5671/3224/622 5669/3222/621
f 5672/3223/622 5674/3225/623 5673/3226/623 5671/3224/622
f 5674/3225/623 5676/3227/624 5675/3228/624 5673/3226/623
f 5676/3227/624 5678/3229/625 5677/3230/625 5675/3228/624
f 5678/3229/625 5680/3231/626 5679/3232/626 5677/3230/625
f 5680/3231/626 5682/3233/627 5681/3234/627 5679/3232/626
f 5682/3233/627 5684/3235/628 5683/3236/628 5681/3234/627
f 5684/3235/628 5686/3237/629 5685/3238/629 5683/3236/628
f 5686/3237/629 5688/3239/630 5687/3240/630 5685/3238/629
f 5688/3239/630 5690/3241/631 5689/3242/631 5687/3240/630
f 5690/3241/631 5692/3243/632 5691/3244/632 5689/3242/631
f 5692/3243/632 5694/3245/633 5693/3246/633 5691/3244/632
f 5694/3245/633 5696/3247/634 5695/3248/634 5693/3246/633
f 5696/3247/634 5698/2915/635 5697/1612/635 5695/3248/634
f 5698/2915/635 5700/3249/636 5699/3250/636 5697/1612/635
f 5700/3249/636 5702/3251/637 5701/3252/637 5699/3250/636
f 5702/3251/637 5704/3253/638 5703/3254/638 5701/3252/637
f 5704/3253/638 5706/3255/639 5705/3256/639 5703/3254/638
f 5706/3255/639 5708/3257/640 5707/3258/640 5705/3256/639
f 5708/3257/640 5710/3259/641 5709/3260/641 5707/3258/640
f 5710/3259/641 5712/3261/642 5711/3262/642 5709/3260/641
f 5712/3261/642 5714/3263/643 5713/3264/643 5711/3262/642
f 5714/3263/643 5716/3265/644 5715/3266/644 5713/3264/643
f 5716/3265/644 5718/3267/645 5717/3268/645 5715/3266/644
f 5718/3267/645 5720/3269/646 5719/3270/646 5717/3268/645
f 5720/3269/646 5722/3271/647 5721/3272/647 5719/3270/646
f 5722/3271/647 5724/3273/648 5723/3274/648 5721/3272/647
f 5724/3273/648 5726/3275/649 5725/3276/649 5723/3274/648
f 5726/3275/649 5728/3277/650 5727/3278/650 5725/3276/649
f 5728/3277/650 5634/3188/603 5633/2205/603 5727/3278/650
f 5730/2373/626 5732/3189/651 5731/3190/651 5729/2325/626
f 5732/3189/651 5734/3191/652 5733/3192/652 5731/3190/651
f 5734/3191/652 5736/3193/653 5735/3194/653 5733/3192/652
f 5736/3193/653 5738/3195/654 5737/3196/654 5735/3194/653
f 5738/3195/654 5740/3197/655 5739/3198/655 5737/3196/654
f 5740/3197/655 5742/3199/656 5741/3200/656 5739/3198/655
f 5742/3199/656 5744/3201/657 5743/3202/657 5741/3200/656
f 5744/3201/657 5746/3203/658 5745/3204/658 5743/3202/657
f 5746/3203/658 5748/3205/659 5747/3206/659 5745/3204/658
f 5748/3205/659 5750/3207/660 5749/3208/660 5747/3206/659
f 5750/3207/660 5752/3209/661 5751/3210/661 5749/3208/660
f 5752/3209/661 5754/3211/614 5753/3212/614 5751/3210/661
f 5754/3211/614 5756/3213/662 5755/3214/662 5753/3212/614
f 5756/3213/662 5758/3215/663 5757/3216/663 5755/3214/662
f 5758/3215/663 5760/3217/664 5759/3218/664 5757/3216/663
f 5760/3217/664 5762/2642/665 5761/959/665 5759/3218/664
f 5762/2642/665 5764/3219/666 5763/3220/666 5761/959/665
f 5764/3219/666 5766/3221/667 5765/3222/667 5763/3220/666
f 5766/3221/667 5768/3223/668 5767/3224/668 5765/3222/667
f 5768/3223/668 5770/3225/669 5769/3226/669 5767/3224/668
f 5770/3225/669 5772/3227/670 5771/3228/670 5769/3226/669
f 5772/3227/670 5774/3229/671 5773/3230/671 5771/3228/670
f 5774/3229/671 5776/3231/672 5775/3232/672 5773/3230/671
f 5776/3231/672 5778/3233/650 5777/3234/650 5775/3232/672
f 5778/3233/650 5780/3235/673 5779/3236/673 5777/3234/650
f 5780/3235/673 5782/3237/674 5781/3238/674 5779/3236/673
f 5782/3237/674 5784/3239/675 5783/3240/675 5781/3238/674
f 5784/3239/675 5786/3241/676 5785/3242/676 5783/3240/675
f 5786/3241/676 5788/3243/677 5787/3244/677 5785/3242/676
f 5788/3243/677 5790/3245/678 5789/3246/678 5787/3244/677
f 5790/3245/678 5792/3247/679 5791/3248/679 5789/3246/678
f 5792/3247/679 5794/2915/680 5793/1612/680 5791/3248/679
f 5794/2915/680 5796/3249/681 5795/3250/681 5793/1612/680
f 5796/3249/681 5798/3251/682 5797/3252/682 5795/3250/681
f 5798/3251/682 5800/3253/683 5799/3254/683 5797/3252/682
f 5800/3253/683 5802/3255/638 5801/3256/638 5799/3254/683
f 5802/3255/638 5804/3257/684 5803/3258/684 5801/3256/638
f 5804/3257/684 5806/3259/685 5805/3260/685 5803/3258/684
f 5806/3259/685 5808/3261/686 5807/3262/686 5805/3260/685
f 5808/3261/686 5810/3263/687 5809/3264/687 5807/3262/686
f 5810/3263/687 5812/3265/688 5811/3266/688 5809/3264/687
f 5812/3265/688 5814/3267/689 5813/3268/689 5811/3266/688
f 5814/3267/689 5816/3269/690 5815/3270/690 5813/3268/689
f 5816/3269/690 5818/3271/691 5817/3272/691 5815/3270/690
f 5818/3271/691 5820/3273/692 5819/3274/692 5817/3272/691
f 5820/3273/692 5822/3275/693 5821/3276/693 5819/3274/692
f 5822/3275/693 5824/3277/694 5823/3278/694 5821/3276/693
f 5824/3277/694 5730/3188/626 5729/2205/626 5823/3278/694
f 5826/2373/695 5828/3279/696 5827/3280/696 5825/2325/695
f 5828/3279/696 5830/3281/697 5829/3282/697 5827/3280/696
f 5830/3281/697 5832/3283/698 5831/3284/698 5829/3282/697
f 5832/3283/698 5834/3285/699 5833/3286/699 5831/3284/698
f 5834/3285/699 5836/3287/700 5835/3288/700 5833/3286/699
f 5836/3287/700 5838/3289/701 5837/3290/701 5835/3288/700
f 5838/3289/701 5840/3291/702 5839/3292/702 5837/3290/701
f 5840/3291/702 5842/3293/703 5841/3294/703 5839/3292/702
f 5842/3293/703 5844/3295/704 5843/3296/704 5841/3294/703
f 5844/3295/704 5846/3297/705 5845/3298/705 5843/3296/704
f 5846/3297/705 5848/3299/706 5847/3300/706 5845/3298/705
f 5848/3299/706 5850/3301/707 5849/3302/707 5847/3300/706
f 5850/3301/707 5852/3303/708 5851/3304/708 5849/3302/707
f 5852/3303/708 5854/3305/709 5853/3306/709 5851/3304/708
f 5854/3305/709 5856/3307/710 5855/3308/710 5853/3306/709
f 5856/3307/710 5858/3309/711 5857/3310/711 5855/3308/710
f 5858/3309/711 5860/3311/712 5859/3312/712 5857/3310/711
f 5860/3311/712 5862/3313/713 5861/3314/713 5859/3312/712
f 5862/3313/713 5864/3315/714 5863/3316/714 5861/3314/713
f 5864/3315/714 5866/3317/715 5865/3318/715 5863/3316/714
f 5866/3317/715 5868/3319/716 5867/3320/716 5865/3318/715
f 5868/3319/716 5870/3321/717 5869/3322/717 5867/3320/716
f 5870/3321/717 5872/3323/718 5871/3324/718 5869/3322/717
f 5872/3323/718 5874/3325/719 5873/3326/719 5871/3324/718
f 5874/3325/719 5876/3327/720 5875/3328/720 5873/3326/719
f 5876/3327/720 5878/3329/721 5877/3330/721 5875/3328/720
f 5878/3329/721 5880/3331/722 5879/3332/722 5877/3330/721
f 5880/3331/722 5882/3333/723 5881/3334/723 5879/3332/722
f 5882/3333/723 5884/3335/724 5883/3336/724 5881/3334/723
f 5884/3335/724 5886/3337/725 5885/3338/725 5883/3336/724
f 5886/3337/725 5888/3339/726 5887/3340/726 5885/3338/725
f 5888/3339/726 5890/3341/727 5889/3342/727 5887/3340/726
f 5890/3341/727 5892/3343/728 5891/3344/728 5889/3342/727
f 5892/3343/728 5894/3345/729 5893/3346/729 5891/3344/728
f 5894/3345/729 5896/3347/730 5895/3348/730 5893/3346/729
f 5896/3347/730 5898/3349/731 5897/3350/731 5895/3348/730
f 5898/3349/731 5900/3351/732 5899/3352/732 5897/3350/731
f 5900/3351/732 5902/3353/733 5901/3354/733 5899/3352/732
f 5902/3353/733 5904/3355/734 5903/3356/734 5901/3354/733
f 5904/3355/734 5906/3357/735 5905/3358/735 5903/3356/734
f 5906/3357/735 5908/3359/736 5907/3360/736 5905/3358/735
f 5908/3359/736 5910/3361/737 5909/3362/737 5907/3360/736
f 5910/3361/737 5912/3363/738 5911/3364/738 5909/3362/737
f 5912/3363/738 5914/3365/739 5913/3366/739 5911/3364/738
f 5914/3365/739 5916/3367/740 5915/3368/740 5913/3366/739
f 5916/3367/740 5918/3369/741 5917/3370/741 5915/3368/740
f 5918/3369/741 5920/3371/742 5919/3372/742 5917/3370/741
f 5920/3371/742 5922/3373/743 5921/3374/743 5919/3372/742
f 5922/3373/743 5924/3375/744 5923/3376/744 5921/3374/743
f 5924/3375/744 5926/3377/745 5925/3378/745 5923/3376/744
f 5926/3377/745 5928/3379/746 5927/3380/746 5925/3378/745
f 5928/3379/746 5930/3381/747 5929/3382/747 5927/3380/746
f 5930/3381/747 5932/3383/748 5931/3384/748 5929/3382/747
f 5932/3383/748 5934/3385/749 5933/3386/749 5931/3384/748
f 5934/3385/749 5936/3387/750 5935/3388/750 5933/3386/749
f 5936/3387/750 5938/3389/751 5937/3390/751 5935/3388/750
f 5938/3389/751 5940/3391/752 5939/3392/752 5937/3390/751
f 5940/3391/752 5942/3393/753 5941/3394/753 5939/3392/752
f 5942/3393/753 5944/3395/754 5943/3396/754 5941/3394/753
f 5944/3395/754 5946/3397/755 5945/3398/755 5943/3396/754
f 5946/3397/755 5948/3399/756 5947/3400/756 5945/3398/755
f 5948/3399/756 5950/3401/757 5949/3402/757 5947/3400/756
f 5950/3401/757 5952/3403/758 5951/3404/758 5949/3402/757
f 5952/3403/758 5954/3405/759 5953/3406/759 5951/3404/758
f 5954/3405/759 5956/3407/760 5955/3408/760 5953/3406/759
f 5956/3407/760 5958/3409/761 5957/3410/761 5955/3408/760
f 5958/3409/761 5960/3411/762 5959/3412/762 5957/3410/761
f 5960/3411/762 5962/3413/763 5961/3414/763 5959/3412/762
f 5962/3413/763 5964/3415/764 5963/3416/764 5961/3414/763
f 5964/3415/764 5966/3417/765 5965/3418/765 5963/3416/764
f 5966/3417/765 5968/3419/766 5967/3420/766 5965/3418/765
f 5968/3419/766 5970/3421/767 5969/3422/767 5967/3420/766
f 5970/3421/767 5972/3423/768 5971/3424/768 5969/3422/767
f 5972/3423/768 5974/3425/769 5973/3426/769 5971/3424/768
f 5974/3425/769 5976/3427/770 5975/3428/770 5973/3426/769
f 5976/3427/770 5978/3429/771 5977/3430/771 5975/3428/770
f 5978/3429/771 5980/3431/772 5979/3432/772 5977/3430/771
f 5980/3431/772 5982/3433/773 5981/3434/773 5979/3432/772
f 5982/3433/773 5984/3435/774 5983/3436/774 5981/3434/773
f 5984/3435/774 5986/3437/775 5985/3438/775 5983/3436/774
f 5986/3437/775 5988/3439/776 5987/3440/776 5985/3438/775
f 5988/3439/776 5990/3441/777 5989/3442/777 5987/3440/776
f 5990/3441/777 5992/3443/778 5991/3444/778 5989/3442/777
f 5992/3443/778 5994/3445/779 5993/3446/779 5991/3444/778
f 5994/3445/779 5996/3447/780 5995/3448/780 5993/3446/779
f 5996/3447/780 5998/3449/781 5997/3450/781 5995/3448/780
f 5998/3449/781 6000/3451/781 5999/3452/781 5997/3450/781
f 6000/3451/781 6002/3453/781 6001/3454/781 5999/3452/781
f 6002/3453/781 6004/3455/781 6003/3456/781 6001/3454/781
f 6004/3455/781 6006/3457/781 6005/3458/781 6003/3456/781
f 6006/3457/781 6008/3459/781 6007/3460/781 6005/3458/781
f 6008/3459/781 6010/3461/781 6009/3462/781 6007/3460/781
f 6010/3461/781 6012/3463/781 6011/3464/781 6009/3462/781
f 6012/3463/781 6014/3465/781 6013/3466/781 6011/3464/781
f 6014/3465/781 6016/3467/781 6015/3468/781 6013/3466/781
f 6016/3467/781 6018/3469/781 6017/3470/781 6015/3468/781
f 6018/3469/781 6020/3471/782 6019/3472/782 6017/3470/781
f 6020/3471/782 6022/3473/783 6021/3474/783 6019/3472/782
f 6022/3473/783 6024/3475/784 6023/3476/784 6021/3474/783
f 6024/3475/784 6026/3477/785 6025/3478/785 6023/3476/784
f 6026/3477/785 6028/3479/786 6027/3480/786 6025/3478/785
f 6028/3479/786 6030/3481/787 6029/3482/787 6027/3480/786
f 6030/3481/787 6032/3483/788 6031/3484/788 6029/3482/787
f 6032/3483/788 6034/3485/789 6033/3486/789 6031/3484/788
f 6034/3485/789 6036/3487/790 6035/3488/790 6033/3486/789
f 6036/3487/790 6038/3489/791 6037/3490/791 6035/3488/790
f 6038/3489/791 6040/3491/792 6039/3492/792 6037/3490/791
f 6040/3491/792 6042/3493/793 6041/3494/793 6039/3492/792
f 6042/3493/793 6044/3495/794 6043/3496/794 6041/3494/793
f 6044/3495/794 6046/3497/795 6045/3498/795 6043/3496/794
f 6046/3497/795 6048/3499/796 6047/3500/796 6045/3498/795
f 6048/3499/796 6050/3501/797 6049/3502/797 6047/3500/796
f 6050/3501/797 6052/3503/798 6051/3504/798 6049/3502/797
f 6052/3503/798 6054/3505/799 6053/3506/799 6051/3504/798
f 6054/3505/799 6056/3507/800 6055/3508/800 6053/3506/799
f 6056/3507/800 6058/3509/801 6057/3510/801 6055/3508/800
f 6058/3509/801 6060/3511/802 6059/3512/802 6057/3510/801
f 6060/3511/802 6062/3513/803 6061/3514/803 6059/3512/802
f 6062/3513/803 6064/3515/804 6063/3516/804 6061/3514/803
f 6064/3515/804 6066/3517/805 6065/3518/805 6063/3516/804
f 6066/3517/805 6068/3519/806 6067/3520/806 6065/3518/805
f 6068/3519/806 6070/3521/614 6069/3522/614 6067/3520/806
f 6070/3521/614 6072/3523/614 6071/3524/614 6069/3522/614
f 6072/3523/614 6074/3525/614 6073/3526/614 6071/3524/614
f 6074/3525/614 6076/3527/614 6075/3528/614 6073/3526/614
f 6076/3527/614 6078/3529/614 6077/3530/614 6075/3528/614
f 6078/3529/614 6080/3531/614 6079/3532/614 6077/3530/614
f 6080/3531/614 6082/3533/614 6081/3534/614 6079/3532/614
f 6082/3533/614 6084/3535/614 6083/3536/614 6081/3534/614
f 6084/3535/614 6086/3537/614 6085/3538/614 6083/3536/614
f 6086/3537/614 6088/3539/807 6087/3540/807 6085/3538/614
f 6088/3539/807 6090/3541/808 6089/3542/808 6087/3540/807
f 6090/3541/808 6092/3543/809 6091/3544/809 6089/3542/808
f 6092/3543/809 6094/3545/810 6093/3546/810 6091/3544/809
f 6094/3545/810 6096/3547/811 6095/3548/811 6093/3546/810
f 6096/3547/811 6098/3549/812 6097/3550/812 6095/3548/811
f 6098/3549/812 6100/3551/813 6099/3552/813 6097/3550/812
f 6100/3551/813 6102/3553/814 6101/3554/814 6099/3552/813
f 6102/3553/814 6104/3555/815 6103/3556/815 6101/3554/814
f 6104/3555/815 6106/3557/816 6105/3558/816 6103/3556/815
f 6106/3557/816 6108/3559/817 6107/3560/817 6105/3558/816
f 6108/3559/817 6110/3561/818 6109/3562/818 6107/3560/817
f 6110/3561/818 6112/3563/819 6111/3564/819 6109/3562/818
f 6112/3563/819 6114/3565/820 6113/3566/820 6111/3564/819
f 6114/3565/820 6116/3567/821 6115/3568/821 6113/3566/820
f 6116/3567/821 6118/3569/822 6117/3570/822 6115/3568/821
f 6118/3569/822 6120/3571/823 6119/3572/823 6117/3570/822
f 6120/3571/823 6122/3573/824 6121/3574/824 6119/3572/823
f 6122/3573/824 6124/3575/825 6123/3576/825 6121/3574/824
f 6124/3575/825 6126/3577/826 6125/3578/826 6123/3576/825
f 6126/3577/826 6128/3579/827 6127/3580/827 6125/3578/826
f 6128/3579/827 6130/3581/828 6129/3582/828 6127/3580/827
f 6130/3581/828 6132/3583/829 6131/3584/829 6129/3582/828
f 6132/3583/829 6134/3585/830 6133/3586/830 6131/3584/829
f 6134/3585/830 6136/3587/831 6135/3588/831 6133/3586/830
f 6136/3587/831 6138/3589/650 6137/3590/650 6135/3588/831
f 6138/3589/650 6140/3591/650 6139/3592/650 6137/3590/650
f 6140/3591/650 6142/3593/650 6141/3594/650 6139/3592/650
f 6142/3593/650 6144/3595/650 6143/3596/650 6141/3594/650
f 6144/3595/650 6146/3597/650 6145/3598/650 6143/3596/650
f 6146/3597/650 6148/3599/650 6147/3600/650 6145/3598/650
f 6148/3599/650 6150/3601/650 6149/3602/650 6147/3600/650
f 6150/3601/650 6152/3603/650 6151/3604/650 6149/3602/650
f 6152/3603/650 6154/3605/650 6153/3606/650 6151/3604/650
f 6154/3605/650 6156/3607/650 6155/3608/650 6153/3606/650
f 6156/3607/650 6158/3609/650 6157/3610/650 6155/3608/650
f 6158/3609/650 6160/3611/832 6159/3612/832 6157/3610/650
f 6160/3611/832 6162/3613/833 6161/3614/833 6159/3612/832
f 6162/3613/833 6164/3615/834 6163/3616/834 6161/3614/833
f 6164/3615/834 6166/3617/835 6165/3618/835 6163/3616/834
f 6166/3617/835 6168/3619/669 6167/3620/669 6165/3618/835
f 6168/3619/669 6170/3621/836 6169/3622/836 6167/3620/669
f 6170/3621/836 6172/3623/837 6171/3624/837 6169/3622/836
f 6172/3623/837 6174/3625/666 6173/3626/666 6171/3624/837
f 6174/3625/666 6176/3627/665 6175/3628/665 6173/3626/666
f 6176/3627/665 6178/3629/838 6177/3630/838 6175/3628/665
f 6178/3629/838 6180/3631/663 6179/3632/663 6177/3630/838
f 6180/3631/663 6182/3633/662 6181/3634/662 6179/3632/663
f 6182/3633/662 6184/3635/839 6183/3636/839 6181/3634/662
f 6184/3635/839 6186/3637/614 6185/3638/614 6183/3636/839
f 6186/3637/614 6188/3639/614 6187/3640/614 6185/3638/614
f 6188/3639/614 6190/3641/614 6189/3642/614 6187/3640/614
f 6190/3641/614 6192/3643/614 6191/3644/614 6189/3642/614
f 6192/3643/614 6194/3645/614 6193/3646/614 6191/3644/614
f 6194/3645/614 6196/3647/614 6195/3648/614 6193/3646/614
f 6196/3647/614 6198/3649/614 6197/3650/614 6195/3648/614
f 6198/3649/614 6200/3651/614 6199/3652/614 6197/3650/614
f 6200/3651/614 6202/3653/614 6201/3654/614 6199/3652/614
f 6202/3653/614 6204/3655/614 6203/3656/614 6201/3654/614
f 6204/3655/614 6206/3657/614 6205/3658/614 6203/3656/614
f 6206/3657/614 6208/3659/840 6207/3660/840 6205/3658/614
f 6208/3659/840 6210/3661/841 6209/3662/841 6207/3660/840
f 6210/3661/841 6212/3663/660 6211/3664/660 6209/3662/841
f 6212/3663/660 6214/3665/659 6213/3666/659 6211/3664/660
f 6214/3665/659 6216/3667/658 6215/3668/658 6213/3666/659
f 6216/3667/658 6218/3669/842 6217/3670/842 6215/3668/658
f 6218/3669/842 6220/3671/843 6219/3672/843 6217/3670/842
f 6220/3671/843 6222/3673/844 6221/3674/844 6219/3672/843
f 6222/3673/844 6224/3675/845 6223/3676/845 6221/3674/844
f 6224/3675/845 6226/3677/846 6225/3678/846 6223/3676/845
f 6226/3677/846 6228/3679/847 6227/3680/847 6225/3678/846
f 6228/3679/847 6230/3681/848 6229/3682/848 6227/3680/847
f 6230/3681/848 6232/3683/849 6231/3684/849 6229/3682/848
f 6232/3683/849 6234/3685/626 6233/3686/626 6231/3684/849
f 6234/3685/626 6236/3687/626 6235/3688/626 6233/3686/626
f 6236/3687/626 6238/3689/626 6237/3690/626 6235/3688/626
f 6238/3689/626 6240/3691/626 6239/3692/626 6237/3690/626
f 6240/3691/626 6242/3693/626 6241/3694/626 6239/3692/626
f 6242/3693/626 6244/3695/626 6243/3696/626 6241/3694/626
f 6244/3695/626 6246/3697/626 6245/3698/626 6243/3696/626
f 6246/3697/626 6248/3699/626 6247/3700/626 6245/3698/626
f 6248/3699/626 6250/3701/626 6249/3702/626 6247/3700/626
f 6250/3701/626 6252/3703/626 6251/3704/626 6249/3702/626
f 6252/3703/626 6254/3705/626 6253/3706/626 6251/3704/626
f 6254/3705/626 6256/3707/850 6255/3708/850 6253/3706/626
f 6256/3707/850 6258/3709/851 6257/3710/851 6255/3708/850
f 6258/3709/851 6260/3711/852 6259/3712/852 6257/3710/851
f 6260/3711/852 6262/3713/853 6261/3714/853 6259/3712/852
f 6262/3713/853 6264/3715/854 6263/3716/854 6261/3714/853
f 6264/3715/854 6266/3717/855 6265/3718/855 6263/3716/854
f 6266/3717/855 6268/3719/856 6267/3720/856 6265/3718/855
f 6268/3719/856 6270/3721/857 6269/3722/857 6267/3720/856
f 6270/3721/857 6272/3723/858 6271/3724/858 6269/3722/857
f 6272/3723/858 6274/3725/859 6273/3726/859 6271/3724/858
f 6274/3725/859 6276/3727/860 6275/3728/860 6273/3726/859
f 6276/3727/860 6278/3729/861 6277/3730/861 6275/3728/860
f 6278/3729/861 6280/3731/862 6279/3732/862 6277/3730/861
f 6280/3731/862 6282/3733/863 6281/3734/863 6279/3732/862
f 6282/3733/863 6284/3735/864 6283/3736/864 6281/3734/863
f 6284/3735/864 6286/3737/865 6285/3738/865 6283/3736/864
f 6286/3737/865 6288/3739/866 6287/3740/866 6285/3738/865
f 6288/3739/866 6290/3741/867 6289/3742/867 6287/3740/866
f 6290/3741/867 6292/3743/868 6291/3744/868 6289/3742/867
f 6292/3743/868 6294/3745/869 6293/3746/869 6291/3744/868
f 6294/3745/869 6296/3747/870 6295/3748/870 6293/3746/869
f 6296/3747/870 6298/3749/871 6297/3750/871 6295/3748/870
f 6298/3749/871 6300/3751/872 6299/3752/872 6297/3750/871
f 6300/3751/872 6302/3753/873 6301/3754/873 6299/3752/872
f 6302/3753/873 6304/3755/874 6303/3756/874 6301/3754/873
f 6304/3755/874 6306/3757/875 6305/3758/875 6303/3756/874
f 6306/3757/875 6308/3759/876 6307/3760/876 6305/3758/875
f 6308/3759/876 6310/3761/877 6309/3762/877 6307/3760/876
f 6310/3761/877 6312/3763/878 6311/3764/878 6309/3762/877
f 6312/3763/878 6314/3765/455 6313/3766/455 6311/3764/878
f 6314/3765/455 6316/3767/879 6315/3768/879 6313/3766/455
f 6316/3767/879 6318/3769/880 6317/3770/880 6315/3768/879
f 6318/3769/880 6320/3771/881 6319/3772/881 6317/3770/880
f 6320/3771/881 6322/3773/882 6321/3774/882 6319/3772/881
f 6322/3773/882 6324/3775/883 6323/3776/883 6321/3774/882
f 6324/3775/883 6326/3777/884 6325/3778/884 6323/3776/883
f 6326/3777/884 6328/3779/885 6327/3780/885 6325/3778/884
f 6328/3779/885 6330/3781/886 6329/3782/886 6327/3780/885
f 6330/3781/886 6332/3783/887 6331/3784/887 6329/3782/886
f 6332/3783/887 6334/3785/888 6333/3786/888 6331/3784/887
f 6334/3785/888 6336/3787/889 6335/3788/889 6333/3786/888
f 6336/3787/889 6338/3789/890 6337/3790/890 6335/3788/889
f 6338/3789/890 6340/3791/891 6339/3792/891 6337/3790/890
f 6340/3791/891 6342/3793/892 6341/3794/892 6339/3792/891
f 6342/3793/892 6344/3795/893 6343/3796/893 6341/3794/892
f 6344/3795/893 6346/3797/894 6345/3798/894 6343/3796/893
f 6346/3797/894 6348/3799/895 6347/3800/895 6345/3798/894
f 6348/3799/895 6350/3801/896 6349/3802/896 6347/3800/895
f 6350/3801/896 6352/3803/897 6351/3804/897 6349/3802/896
f 6352/3803/897 6354/3805/898 6353/3806/898 6351/3804/897
f 6354/3805/898 6356/3807/899 6355/3808/899 6353/3806/898
f 6356/3807/899 6358/3809/900 6357/3810/900 6355/3808/899
f 6358/3809/900 6360/3811/901 6359/3812/901 6357/3810/900
f 6360/3811/901 6362/3813/902 6361/3814/902 6359/3812/901
f 6362/3813/902 6364/3815/903 6363/3816/903 6361/3814/902
f 6364/3815/903 6366/3817/904 6365/3818/904 6363/3816/903
f 6366/3817/904 6368/3819/905 6367/3820/905 6365/3818/904
f 6368/3819/905 6370/3821/906 6369/3822/906 6367/3820/905
f 6370/3821/906 6372/3823/907 6371/3824/907 6369/3822/906
f 6372/3823/907 6374/3825/908 6373/3826/908 6371/3824/907
f 6374/3825/908 6376/3827/909 6375/3828/909 6373/3826/908
f 6376/3827/909 6378/3829/910 6377/3830/910 6375/3828/909
f 6378/3829/910 6380/3831/911 6379/3832/911 6377/3830/910
f 6380/3831/911 6382/3833/912 6381/3834/912 6379/3832/911
f 6382/3833/912 6384/3835/913 6383/3836/913 6381/3834/912
f 6384/3835/913 6386/3837/914 6385/3838/914 6383/3836/913
f 6386/3837/914 6388/3839/915 6387/3840/915 6385/3838/914
f 6388/3839/915 6390/3841/916 6389/3842/916 6387/3840/915
f 6390/3841/916 6392/3843/917 6391/3844/917 6389/3842/916
f 6392/3843/917 6394/3845/918 6393/3846/918 6391/3844/917
f 6394/3845/918 6396/3847/919 6395/3848/919 6393/3846/918
f 6396/3847/919 6398/3849/920 6397/3850/920 6395/3848/919
f 6398/3849/920 5826/3188/695 5825/2205/695 6397/3850/920
f 6400/2373/840 6402/3851/661 6401/3852/661 6399/2325/840
f 6402/3851/661 6404/3853/921 6403/3854/921 6401/3852/661
f 6404/3853/921 6406/3855/922 6405/3856/922 6403/3854/921
f 6406/3855/922 6408/3857/923 6407/3858/923 6405/3856/922
f 6408/3857/923 6410/3859/924 6409/3860/924 6407/3858/923
f 6410/3859/924 6412/3861/925 6411/3862/925 6409/3860/924
f 6412/3861/925 6414/3863/926 6413/3864/926 6411/3862/925
f 6414/3863/926 6416/3865/927 6415/3866/927 6413/3864/926
f 6416/3865/927 6418/3867/928 6417/3868/928 6415/3866/927
f 6418/3867/928 6420/3869/929 6419/3870/929 6417/3868/928
f 6420/3869/929 6422/3871/930 6421/3872/930 6419/3870/929
f 6422/3871/930 6424/3873/931 6423/3874/931 6421/3872/930
f 6424/3873/931 6426/3875/932 6425/3876/932 6423/3874/931
f 6426/3875/932 6428/3877/933 6427/3878/933 6425/3876/932
f 6428/3877/933 6430/3879/934 6429/3880/934 6427/3878/933
f 6430/3879/934 6432/3881/935 6431/3882/935 6429/3880/934
f 6432/3881/935 6434/3883/936 6433/3884/936 6431/3882/935
f 6434/3883/936 6436/3885/937 6435/3886/937 6433/3884/936
f 6436/3885/937 6438/3887/638 6437/3888/638 6435/3886/937
f 6438/3887/638 6440/3889/638 6439/3890/638 6437/3888/638
f 6440/3889/638 6442/3891/638 6441/3892/638 6439/3890/638
f 6442/3891/638 6444/3893/638 6443/3894/638 6441/3892/638
f 6444/3893/638 6446/3895/638 6445/3896/638 6443/3894/638
f 6446/3895/638 6448/3897/638 6447/3898/638 6445/3896/638
f 6448/3897/638 6450/3899/638 6449/3900/638 6447/3898/638
f 6450/3899/638 6452/3901/638 6451/3902/638 6449/3900/638
f 6452/3901/638 6454/3903/638 6453/3904/638 6451/3902/638
f 6454/3903/638 6456/3905/638 6455/3906/638 6453/3904/638
f 6456/3905/638 6458/3907/638 6457/3908/638 6455/3906/638
f 6458/3907/638 6460/3909/938 6459/3910/938 6457/3908/638
f 6460/3909/938 6462/3203/939 6461/3204/939 6459/3910/938
f 6462/3203/939 6464/3911/940 6463/3912/940 6461/3204/939
f 6464/3911/940 6466/3913/941 6465/3914/941 6463/3912/940
f 6466/3913/941 6468/3915/942 6467/3916/942 6465/3914/941
f 6468/3915/942 6470/3917/943 6469/3918/943 6467/3916/942
f 6470/3917/943 6472/3919/944 6471/3920/944 6469/3918/943
f 6472/3919/944 6474/3921/945 6473/3922/945 6471/3920/944
f 6474/3921/945 6476/3923/946 6475/3924/946 6473/3922/945
f 6476/3923/946 6478/3925/947 6477/3926/947 6475/3924/946
f 6478/3925/947 6480/3927/948 6479/3928/948 6477/3926/947
f 6480/3927/948 6482/3929/949 6481/3930/949 6479/3928/948
f 6482/3929/949 6484/3931/950 6483/3932/950 6481/3930/949
f 6484/3931/950 6486/3933/650 6485/3934/650 6483/3932/950
f 6486/3933/650 6488/3935/650 6487/3936/650 6485/3934/650
f 6488/3935/650 6490/3937/650 6489/3938/650 6487/3936/650
f 6490/3937/650 6492/3939/650 6491/3940/650 6489/3938/650
f 6492/3939/650 6494/3941/650 6493/3942/650 6491/3940/650
f 6494/3941/650 6496/3943/650 6495/3944/650 6493/3942/650
f 6496/3943/650 6498/3945/650 6497/3946/650 6495/3944/650
f 6498/3945/650 6500/3947/650 6499/3948/650 6497/3946/650
f 6500/3947/650 6502/3949/650 6501/3950/650 6499/3948/650
f 6502/3949/650 6504/3951/650 6503/3952/650 6501/3950/650
f 6504/3951/650 6506/3953/650 6505/3954/650 6503/3952/650
f 6506/3953/650 6508/3955/951 6507/3956/951 6505/3954/650
f 6508/3955/951 6510/3957/952 6509/3958/952 6507/3956/951
f 6510/3957/952 6512/3959/953 6511/3960/953 6509/3958/952
f 6512/3959/953 6514/3961/954 6513/3962/954 6511/3960/953
f 6514/3961/954 6516/3963/955 6515/3964/955 6513/3962/954
f 6516/3963/955 6518/3965/956 6517/3966/956 6515/3964/955
f 6518/3965/956 6520/3967/957 6519/3968/957 6517/3966/956
f 6520/3967/957 6522/3969/958 6521/3970/958 6519/3968/957
f 6522/3969/958 6524/2642/959 6523/959/959 6521/3970/958
f 6524/2642/959 6526/3971/960 6525/3972/960 6523/959/959
f 6526/3971/960 6528/3973/961 6527/3974/961 6525/3972/960
f 6528/3973/961 6530/3975/962 6529/3976/962 6527/3974/961
f 6530/3975/962 6532/3977/963 6531/3978/963 6529/3976/962
f 6532/3977/963 6534/3979/614 6533/3980/614 6531/3978/963
f 6534/3979/614 6536/3981/614 6535/3982/614 6533/3980/614
f 6536/3981/614 6538/3983/614 6537/3984/614 6535/3982/614
f 6538/3983/614 6540/3985/614 6539/3986/614 6537/3984/614
f 6540/3985/614 6542/3987/614 6541/3988/614 6539/3986/614
f 6542/3987/614 6544/3989/614 6543/3990/614 6541/3988/614
f 6544/3989/614 6546/3991/614 6545/3992/614 6543/3990/614
f 6546/3991/614 6548/3993/614 6547/3994/614 6545/3992/614
f 6548/3993/614 6550/3995/614 6549/3996/614 6547/3994/614
f 6550/3995/614 6552/3997/614 6551/3998/614 6549/3996/614
f 6552/3997/614 6554/3999/614 6553/4000/614 6551/3998/614
f 6554/3999/614 6556/4001/964 6555/4002/964 6553/4000/614
f 6556/4001/964 6558/4003/965 6557/4004/965 6555/4002/964
f 6558/4003/965 6560/4005/966 6559/4006/966 6557/4004/965
f 6560/4005/966 6562/4007/967 6561/4008/967 6559/4006/966
f 6562/4007/967 6564/4009/968 6563/4010/968 6561/4008/967
f 6564/4009/968 6566/4011/969 6565/4012/969 6563/4010/968
f 6566/4011/969 6568/4013/970 6567/4014/970 6565/4012/969
f 6568/4013/970 6570/4015/971 6569/4016/971 6567/4014/970
f 6570/4015/971 6572/4017/972 6571/4018/972 6569/4016/971
f 6572/4017/972 6574/4019/973 6573/4020/973 6571/4018/972
f 6574/4019/973 6576/4021/974 6575/4022/974 6573/4020/973
f 6576/4021/974 6578/4023/975 6577/4024/975 6575/4022/974
f 6578/4023/975 6580/4025/976 6579/4026/976 6577/4024/975
f 6580/4025/976 6582/4027/626 6581/4028/626 6579/4026/976
f 6582/4027/626 6584/4029/626 6583/4030/626 6581/4028/626
f 6584/4029/626 6586/3233/626 6585/3234/626 6583/4030/626
f 6586/3233/626 6588/4031/626 6587/4032/626 6585/3234/626
f 6588/4031/626 6590/4033/626 6589/4034/626 6587/4032/626
f 6590/4033/626 6592/4035/626 6591/4036/626 6589/4034/626
f 6592/4035/626 6594/4037/626 6593/4038/626 6591/4036/626
f 6594/4037/626 6596/4039/626 6595/4040/626 6593/4038/626
f 6596/4039/626 6598/4041/626 6597/4042/626 6595/4040/626
f 6598/4041/626 6600/4043/626 6599/4044/626 6597/4042/626
f 6600/4043/626 6602/4045/626 6601/4046/626 6599/4044/626
f 6602/4045/626 6604/4047/977 6603/4048/977 6601/4046/626
f 6604/4047/977 6606/4049/978 6605/4050/978 6603/4048/977
f 6606/4049/978 6608/4051/979 6607/4052/979 6605/4050/978
f 6608/4051/979 6610/4053/980 6609/4054/980 6607/4052/979
f 6610/4053/980 6612/4055/981 6611/4056/981 6609/4054/980
f 6612/4055/981 6614/4057/690 6613/4058/690 6611/4056/981
f 6614/4057/690 6616/4059/982 6615/4060/982 6613/4058/690
f 6616/4059/982 6618/4061/983 6617/4062/983 6615/4060/982
f 6618/4061/983 6620/4063/687 6619/4064/687 6617/4062/983
f 6620/4063/687 6622/4065/984 6621/4066/984 6619/4064/687
f 6622/4065/984 6624/4067/985 6623/4068/985 6621/4066/984
f 6624/4067/985 6626/4069/986 6625/4070/986 6623/4068/985
f 6626/4069/986 6628/4071/987 6627/4072/987 6625/4070/986
f 6628/4071/987 6630/4073/638 6629/4074/638 6627/4072/987
f 6630/4073/638 6632/4075/638 6631/4076/638 6629/4074/638
f 6632/4075/638 6634/4077/638 6633/4078/638 6631/4076/638
f 6634/4077/638 6636/4079/638 6635/4080/638 6633/4078/638
f 6636/4079/638 6638/4081/638 6637/4082/638 6635/4080/638
f 6638/4081/638 6640/4083/638 6639/4084/638 6637/4082/638
f 6640/4083/638 6642/4085/638 6641/4086/638 6639/4084/638
f 6642/4085/638 6644/4087/638 6643/4088/638 6641/4086/638
f 6644/4087/638 6646/4089/638 6645/4090/638 6643/4088/638
f 6646/4089/638 6648/2915/638 6647/1612/638 6645/4090/638
f 6648/2915/638 6650/4091/638 6649/4092/638 6647/1612/638
f 6650/4091/638 6652/4093/988 6651/4094/988 6649/4092/638
f 6652/4093/988 6654/4095/989 6653/4096/989 6651/4094/988
f 6654/4095/989 6656/4097/990 6655/4098/990 6653/4096/989
f 6656/4097/990 6658/4099/991 6657/4100/991 6655/4098/990
f 6658/4099/991 6660/4101/992 6659/4102/992 6657/4100/991
f 6660/4101/992 6662/4103/993 6661/4104/993 6659/4102/992
f 6662/4103/993 6664/4105/994 6663/4106/994 6661/4104/993
f 6664/4105/994 6666/4107/995 6665/4108/995 6663/4106/994
f 6666/4107/995 6668/4109/996 6667/4110/996 6665/4108/995
f 6668/4109/996 6670/4111/997 6669/4112/997 6667/4110/996
f 6670/4111/997 6672/4113/998 6671/4114/998 6669/4112/997
f 6672/4113/998 6674/4115/999 6673/4116/999 6671/4114/998
f 6674/4115/999 6676/4117/794 6675/4118/794 6673/4116/999
f 6676/4117/794 6678/4119/1000 6677/4120/1000 6675/4118/794
f 6678/4119/1000 6680/4121/1001 6679/4122/1001 6677/4120/1000
f 6680/4121/1001 6682/4123/1002 6681/4124/1002 6679/4122/1001
f 6682/4123/1002 6684/4125/1003 6683/4126/1003 6681/4124/1002
f 6684/4125/1003 6686/4127/1004 6685/4128/1004 6683/4126/1003
f 6686/4127/1004 6688/4129/1005 6687/4130/1005 6685/4128/1004
f 6688/4129/1005 6690/4131/1006 6689/4132/1006 6687/4130/1005
f 6690/4131/1006 6692/4133/1007 6691/4134/1007 6689/4132/1006
f 6692/4133/1007 6694/4135/1008 6693/4136/1008 6691/4134/1007
f 6694/4135/1008 6696/4137/1009 6695/4138/1009 6693/4136/1008
f 6696/4137/1009 6698/4139/1010 6697/4140/1010 6695/4138/1009
f 6698/4139/1010 6700/4141/1011 6699/4142/1011 6697/4140/1010
f 6700/4141/1011 6702/4143/1012 6701/4144/1012 6699/4142/1011
f 6702/4143/1012 6704/4145/1013 6703/4146/1013 6701/4144/1012
f 6704/4145/1013 6706/4147/1014 6705/4148/1014 6703/4146/1013
f 6706/4147/1014 6708/4149/1015 6707/4150/1015 6705/4148/1014
f 6708/4149/1015 6710/3263/1016 6709/3264/1016 6707/4150/1015
f 6710/3263/1016 6712/4151/1017 6711/4152/1017 6709/3264/1016
f 6712/4151/1017 6714/4153/1018 6713/4154/1018 6711/4152/1017
f 6714/4153/1018 6716/4155/1019 6715/4156/1019 6713/4154/1018
f 6716/4155/1019 6718/4157/1020 6717/4158/1020 6715/4156/1019
f 6718/4157/1020 6720/4159/1021 6719/4160/1021 6717/4158/1020
f 6720/4159/1021 6722/4161/1022 6721/4162/1022 6719/4160/1021
f 6722/4161/1022 6724/4163/1023 6723/4164/1023 6721/4162/1022
f 6724/4163/1023 6726/4165/1024 6725/4166/1024 6723/4164/1023
f 6726/4165/1024 6728/4167/1025 6727/4168/1025 6725/4166/1024
f 6728/4167/1025 6730/4169/1026 6729/4170/1026 6727/4168/1025
f 6730/4169/1026 6732/4171/1027 6731/4172/1027 6729/4170/1026
f 6732/4171/1027 6734/4173/1028 6733/4174/1028 6731/4172/1027
f 6734/4173/1028 6736/4175/1029 6735/4176/1029 6733/4174/1028
f 6736/4175/1029 6738/4177/1030 6737/4178/1030 6735/4176/1029
f 6738/4177/1030 6740/4179/1031 6739/4180/1031 6737/4178/1030
f 6740/4179/1031 6742/4181/1032 6741/4182/1032 6739/4180/1031
f 6742/4181/1032 6744/4183/1033 6743/4184/1033 6741/4182/1032
f 6744/4183/1033 6746/4185/1034 6745/4186/1034 6743/4184/1033
f 6746/4185/1034 6748/4187/1035 6747/4188/1035 6745/4186/1034
f 6748/4187/1035 6750/4189/614 6749/4190/614 6747/4188/1035
f 6750/4189/614 6752/4191/614 6751/4192/614 6749/4190/614
f 6752/4191/614 6754/4193/614 6753/4194/614 6751/4192/614
f 6754/4193/614 6756/4195/614 6755/4196/614 6753/4194/614
f 6756/4195/614 6758/4197/614 6757/4198/614 6755/4196/614
f 6758/4197/614 6760/4199/614 6759/4200/614 6757/4198/614
f 6760/4199/614 6762/4201/614 6761/4202/614 6759/4200/614
f 6762/4201/614 6764/4203/614 6763/4204/614 6761/4202/614
f 6764/4203/614 6766/4205/614 6765/4206/614 6763/4204/614
f 6766/4205/614 6768/4207/614 6767/4208/614 6765/4206/614
f 6768/4207/614 6770/4209/614 6769/4210/614 6767/4208/614
f 6770/4209/614 6400/3188/840 6399/2205/840 6769/4210/614
f 6772/2373/1036 6774/4211/1037 6773/4212/1037 6771/2325/1036
f 6774/4211/1037 6776/4213/1038 6775/4214/1038 6773/4212/1037
f 6776/4213/1038 6778/4215/1039 6777/4216/1039 6775/4214/1038
f 6778/4215/1039 6780/4217/1040 6779/449/1040 6777/4216/1039
f 6780/4217/1040 6782/3195/1041 6781/3196/1041 6779/449/1040
f 6782/3195/1041 6784/4218/1042 6783/4219/1042 6781/3196/1041
f 6784/4218/1042 6786/4220/1043 6785/4221/1043 6783/4219/1042
f 6786/4220/1043 6788/4222/1044 6787/353/1044 6785/4221/1043
f 6788/4222/1044 6790/4223/1045 6789/4224/1045 6787/353/1044
f 6790/4223/1045 6792/3203/1046 6791/3204/1046 6789/4224/1045
f 6792/3203/1046 6794/4225/1047 6793/4226/1047 6791/3204/1046
f 6794/4225/1047 6796/4227/1048 6795/219/1048 6793/4226/1047
f 6796/4227/1048 6798/4228/1049 6797/4229/1049 6795/219/1048
f 6798/4228/1049 6800/4230/1050 6799/4231/1050 6797/4229/1049
f 6800/4230/1050 6802/3211/1051 6801/3212/1051 6799/4231/1050
f 6802/3211/1051 6804/4232/1052 6803/678/1052 6801/3212/1051
f 6804/4232/1052 6806/4233/1053 6805/4234/1053 6803/678/1052
f 6806/4233/1053 6808/4235/1054 6807/4236/1054 6805/4234/1053
f 6808/4235/1054 6810/4237/1055 6809/4238/1055 6807/4236/1054
f 6810/4237/1055 6812/2642/1056 6811/959/1056 6809/4238/1055
f 6812/2642/1056 6814/4239/1057 6813/4240/1057 6811/959/1056
f 6814/4239/1057 6816/4241/1058 6815/4242/1058 6813/4240/1057
f 6816/4241/1058 6818/4243/1059 6817/4244/1059 6815/4242/1058
f 6818/4243/1059 6820/4245/1060 6819/966/1060 6817/4244/1059
f 6820/4245/1060 6822/3225/1061 6821/3226/1061 6819/966/1060
f 6822/3225/1061 6824/4246/1062 6823/4247/1062 6821/3226/1061
f 6824/4246/1062 6826/4248/1063 6825/4249/1063 6823/4247/1062
f 6826/4248/1063 6828/4250/1064 6827/1241/1064 6825/4249/1063
f 6828/4250/1064 6830/4251/1065 6829/4252/1065 6827/1241/1064
f 6830/4251/1065 6832/3233/1066 6831/3234/1066 6829/4252/1065
f 6832/3233/1066 6834/4253/1067 6833/4254/1067 6831/3234/1066
f 6834/4253/1067 6836/4255/1068 6835/1103/1068 6833/4254/1067
f 6836/4255/1068 6838/4256/1069 6837/4257/1069 6835/1103/1068
f 6838/4256/1069 6840/4258/1070 6839/4259/1070 6837/4257/1069
f 6840/4258/1070 6842/3241/1071 6841/3242/1071 6839/4259/1070
f 6842/3241/1071 6844/4260/1072 6843/1274/1072 6841/3242/1071
f 6844/4260/1072 6846/4261/614 6845/4262/614 6843/1274/1072
f 6846/4261/614 6848/4263/614 6847/4264/614 6845/4262/614
f 6848/4263/614 6850/4265/614 6849/4266/614 6847/4264/614
f 6850/4265/614 6852/2915/614 6851/1612/614 6849/4266/614
f 6852/2915/614 6854/4267/614 6853/4268/614 6851/1612/614
f 6854/4267/614 6856/4269/614 6855/4270/614 6853/4268/614
f 6856/4269/614 6858/4271/614 6857/4272/614 6855/4270/614
f 6858/4271/614 6860/4273/614 6859/1572/614 6857/4272/614
f 6860/4273/614 6862/3255/614 6861/3256/614 6859/1572/614
f 6862/3255/614 6864/4274/614 6863/4275/614 6861/3256/614
f 6864/4274/614 6866/4276/614 6865/4277/614 6863/4275/614
f 6866/4276/614 6868/4278/1073 6867/1839/1073 6865/4277/614
f 6868/4278/1073 6870/4279/1074 6869/4280/1074 6867/1839/1073
f 6870/4279/1074 6872/3263/1075 6871/3264/1075 6869/4280/1074
f 6872/3263/1075 6874/4281/1076 6873/4282/1076 6871/3264/1075
f 6874/4281/1076 6876/4283/1077 6875/1946/1077 6873/4282/1076
f 6876/4283/1077 6878/4284/1078 6877/4285/1078 6875/1946/1077
f 6878/4284/1078 6880/4286/1079 6879/4287/1079 6877/4285/1078
f 6880/4286/1079 6882/3271/1080 6881/3272/1080 6879/4287/1079
f 6882/3271/1080 6884/4288/1081 6883/2081/1081 6881/3272/1080
f 6884/4288/1081 6886/4289/1082 6885/4290/1082 6883/2081/1081
f 6886/4289/1082 6888/4291/1083 6887/4292/1083 6885/4290/1082
f 6888/4291/1083 6890/4293/1084 6889/4294/1084 6887/4292/1083
f 6890/4293/1084 6772/3188/1036 6771/2205/1036 6889/4294/1084
f 6892/2373/1085 6894/4295/626 6893/4296/626 6891/2325/1085
f 6894/4295/626 6896/4297/626 6895/4298/626 6893/4296/626
f 6896/4297/626 6898/4299/626 6897/4300/626 6895/4298/626
f 6898/4299/626 6900/4301/626 6899/4302/626 6897/4300/626
f 6900/4301/626 6902/4303/626 6901/4304/626 6899/4302/626
f 6902/4303/626 6904/3189/626 6903/3190/626 6901/4304/626
f 6904/3189/626 6906/4305/626 6905/4306/626 6903/3190/626
f 6906/4305/626 6908/4307/626 6907/4308/626 6905/4306/626
f 6908/4307/626 6910/4309/626 6909/4310/626 6907/4308/626
f 6910/4309/626 6912/4311/1086 6911/4312/1086 6909/4310/626
f 6912/4311/1086 6914/4313/926 6913/4314/926 6911/4312/1086
f 6914/4313/926 6916/3191/1087 6915/3192/1087 6913/4314/926
f 6916/3191/1087 6918/4315/1088 6917/4316/1088 6915/3192/1087
f 6918/4315/1088 6920/4317/1089 6919/4318/1089 6917/4316/1088
f 6920/4317/1089 6922/4319/1090 6921/4320/1090 6919/4318/1089
f 6922/4319/1090 6924/4321/1091 6923/4322/1091 6921/4320/1090
f 6924/4321/1091 6926/4323/1092 6925/4324/1092 6923/4322/1091
f 6926/4323/1092 6928/3193/1093 6927/3194/1093 6925/4324/1092
f 6928/3193/1093 6930/4325/1094 6929/4326/1094 6927/3194/1093
f 6930/4325/1094 6932/4327/1095 6931/4328/1095 6929/4326/1094
f 6932/4327/1095 6934/4329/1096 6933/4330/1096 6931/4328/1095
f 6934/4329/1096 6936/4331/1097 6935/4332/1097 6933/4330/1096
f 6936/4331/1097 6938/4333/638 6937/4334/638 6935/4332/1097
f 6938/4333/638 6940/3195/638 6939/3196/638 6937/4334/638
f 6940/3195/638 6942/4335/638 6941/4336/638 6939/3196/638
f 6942/4335/638 6944/4337/638 6943/4338/638 6941/4336/638
f 6944/4337/638 6946/4339/638 6945/4340/638 6943/4338/638
f 6946/4339/638 6948/4341/638 6947/4342/638 6945/4340/638
f 6948/4341/638 6950/4343/638 6949/4344/638 6947/4342/638
f 6950/4343/638 6952/3197/638 6951/3198/638 6949/4344/638
f 6952/3197/638 6954/4345/638 6953/4346/638 6951/3198/638
f 6954/4345/638 6956/4347/638 6955/4348/638 6953/4346/638
f 6956/4347/638 6958/4349/638 6957/4350/638 6955/4348/638
f 6958/4349/638 6960/4351/1098 6959/4352/1098 6957/4350/638
f 6960/4351/1098 6962/4353/1099 6961/4354/1099 6959/4352/1098
f 6962/4353/1099 6964/3199/1100 6963/3200/1100 6961/4354/1099
f 6964/3199/1100 6966/4355/1101 6965/4356/1101 6963/3200/1100
f 6966/4355/1101 6968/4357/1102 6967/4358/1102 6965/4356/1101
f 6968/4357/1102 6970/4359/1103 6969/4360/1103 6967/4358/1102
f 6970/4359/1103 6972/4361/1104 6971/4362/1104 6969/4360/1103
f 6972/4361/1104 6974/4363/1105 6973/4364/1105 6971/4362/1104
f 6974/4363/1105 6976/3201/1106 6975/3202/1106 6973/4364/1105
f 6976/3201/1106 6978/4365/1107 6977/4366/1107 6975/3202/1106
f 6978/4365/1107 6980/4367/1108 6979/4368/1108 6977/4366/1107
f 6980/4367/1108 6982/4369/1109 6981/4370/1109 6979/4368/1108
f 6982/4369/1109 6984/4371/1110 6983/4372/1110 6981/4370/1109
f 6984/4371/1110 6986/4373/1111 6985/4374/1111 6983/4372/1110
f 6986/4373/1111 6988/3203/1112 6987/3204/1112 6985/4374/1111
f 6988/3203/1112 6990/4375/1113 6989/4376/1113 6987/3204/1112
f 6990/4375/1113 6992/4377/1114 6991/4378/1114 6989/4376/1113
f 6992/4377/1114 6994/4379/1115 6993/4380/1115 6991/4378/1114
f 6994/4379/1115 6996/4381/1116 6995/4382/1116 6993/4380/1115
f 6996/4381/1116 6998/4383/1117 6997/4384/1117 6995/4382/1116
f 6998/4383/1117 7000/3205/1118 6999/3206/1118 6997/4384/1117
f 7000/3205/1118 7002/4385/1119 7001/4386/1119 6999/3206/1118
f 7002/4385/1119 7004/4387/1120 7003/4388/1120 7001/4386/1119
f 7004/4387/1120 7006/4389/1121 7005/4390/1121 7003/4388/1120
f 7006/4389/1121 7008/4391/839 7007/4392/839 7005/4390/1121
f 7008/4391/839 7010/4393/614 7009/4394/614 7007/4392/839
f 7010/4393/614 7012/3207/614 7011/3208/614 7009/4394/614
f 7012/3207/614 7014/4395/614 7013/4396/614 7011/3208/614
f 7014/4395/614 7016/4397/614 7015/4398/614 7013/4396/614
f 7016/4397/614 7018/4399/614 7017/4400/614 7015/4398/614
f 7018/4399/614 7020/4401/614 7019/4402/614 7017/4400/614
f 7020/4401/614 7022/4403/614 7021/4404/614 7019/4402/614
f 7022/4403/614 7024/3209/614 7023/3210/614 7021/4404/614
f 7024/3209/614 7026/4405/614 7025/4406/614 7023/3210/614
f 7026/4405/614 7028/4407/614 7027/4408/614 7025/4406/614
f 7028/4407/614 7030/4409/614 7029/4410/614 7027/4408/614
f 7030/4409/614 7032/4411/1122 7031/4412/1122 7029/4410/614
f 7032/4411/1122 7034/4413/1123 7033/4414/1123 7031/4412/1122
f 7034/4413/1123 7036/3211/1124 7035/3212/1124 7033/4414/1123
f 7036/3211/1124 7038/4415/1125 7037/4416/1125 7035/3212/1124
f 7038/4415/1125 7040/4417/1126 7039/4418/1126 7037/4416/1125
f 7040/4417/1126 7042/4419/336 7041/4420/336 7039/4418/1126
f 7042/4419/336 7044/4421/1127 7043/4422/1127 7041/4420/336
f 7044/4421/1127 7046/4423/1128 7045/4424/1128 7043/4422/1127
f 7046/4423/1128 7048/3213/1129 7047/3214/1129 7045/4424/1128
f 7048/3213/1129 7050/4425/1130 7049/4426/1130 7047/3214/1129
f 7050/4425/1130 7052/4427/1131 7051/4428/1131 7049/4426/1130
f 7052/4427/1131 7054/4429/1132 7053/4430/1132 7051/4428/1131
f 7054/4429/1132 7056/4431/1133 7055/4432/1133 7053/4430/1132
f 7056/4431/1133 7058/4433/1134 7057/4434/1134 7055/4432/1133
f 7058/4433/1134 7060/3215/1135 7059/3216/1135 7057/4434/1134
f 7060/3215/1135 7062/4435/1136 7061/4436/1136 7059/3216/1135
f 7062/4435/1136 7064/4437/1137 7063/4438/1137 7061/4436/1136
f 7064/4437/1137 7066/4439/1138 7065/4440/1138 7063/4438/1137
f 7066/4439/1138 7068/4441/1139 7067/4442/1139 7065/4440/1138
f 7068/4441/1139 7070/4443/1140 7069/4444/1140 7067/4442/1139
f 7070/4443/1140 7072/3217/1141 7071/3218/1141 7069/4444/1140
f 7072/3217/1141 7074/4445/1142 7073/4446/1142 7071/3218/1141
f 7074/4445/1142 7076/4447/1143 7075/4448/1143 7073/4446/1142
f 7076/4447/1143 7078/4449/1144 7077/4450/1144 7075/4448/1143
f 7078/4449/1144 7080/4451/1145 7079/4452/1145 7077/4450/1144
f 7080/4451/1145 7082/4453/614 7081/4454/614 7079/4452/1145
f 7082/4453/614 7084/2642/614 7083/959/614 7081/4454/614
f 7084/2642/614 7086/4455/614 7085/4456/614 7083/959/614
f 7086/4455/614 7088/4457/1146 7087/4458/1146 7085/4456/614
f 7088/4457/1146 7090/4459/1147 7089/4460/1147 7087/4458/1146
f 7090/4459/1147 7092/4461/1148 7091/4462/1148 7089/4460/1147
f 7092/4461/1148 7094/4463/1149 7093/4464/1149 7091/4462/1148
f 7094/4463/1149 7096/3219/1150 7095/3220/1150 7093/4464/1149
f 7096/3219/1150 7098/4465/1151 7097/4466/1151 7095/3220/1150
f 7098/4465/1151 7100/4467/1152 7099/4468/1152 7097/4466/1151
f 7100/4467/1152 7102/4469/1153 7101/4470/1153 7099/4468/1152
f 7102/4469/1153 7104/4471/1154 7103/4472/1154 7101/4470/1153
f 7104/4471/1154 7106/4473/1155 7105/4474/1155 7103/4472/1154
f 7106/4473/1155 7108/3221/1156 7107/3222/1156 7105/4474/1155
f 7108/3221/1156 7110/4475/603 7109/4476/603 7107/3222/1156
f 7110/4475/603 7112/4477/1157 7111/4478/1157 7109/4476/603
f 7112/4477/1157 7114/4479/650 7113/4480/650 7111/4478/1157
f 7114/4479/650 7116/4481/650 7115/4482/650 7113/4480/650
f 7116/4481/650 7118/4483/650 7117/4484/650 7115/4482/650
f 7118/4483/650 7120/3223/1158 7119/3224/1158 7117/4484/650
f 7120/3223/1158 7122/4485/1159 7121/4486/1159 7119/3224/1158
f 7122/4485/1159 7124/4487/1160 7123/4488/1160 7121/4486/1159
f 7124/4487/1160 7126/4489/1161 7125/4490/1161 7123/4488/1160
f 7126/4489/1161 7128/4491/1162 7127/4492/1162 7125/4490/1161
f 7128/4491/1162 7130/4493/1163 7129/4494/1163 7127/4492/1162
f 7130/4493/1163 7132/3225/1164 7131/3226/1164 7129/4494/1163
f 7132/3225/1164 7134/4495/1165 7133/4496/1165 7131/3226/1164
f 7134/4495/1165 7136/4497/1166 7135/4498/1166 7133/4496/1165
f 7136/4497/1166 7138/4499/1167 7137/4500/1167 7135/4498/1166
f 7138/4499/1167 7140/4501/1168 7139/4502/1168 7137/4500/1167
f 7140/4501/1168 7142/4503/1169 7141/4504/1169 7139/4502/1168
f 7142/4503/1169 7144/3227/1170 7143/3228/1170 7141/4504/1169
f 7144/3227/1170 7146/4505/1171 7145/4506/1171 7143/3228/1170
f 7146/4505/1171 7148/4507/1171 7147/4508/1171 7145/4506/1171
f 7148/4507/1171 7150/4509/1171 7149/4510/1171 7147/4508/1171
f 7150/4509/1171 7152/4511/1171 7151/4512/1171 7149/4510/1171
f 7152/4511/1171 7154/4513/1171 7153/4514/1171 7151/4512/1171
f 7154/4513/1171 7156/3229/1171 7155/3230/1171 7153/4514/1171
f 7156/3229/1171 7158/4515/1171 7157/4516/1171 7155/3230/1171
f 7158/4515/1171 7160/4517/1171 7159/4518/1171 7157/4516/1171
f 7160/4517/1171 7162/4519/1171 7161/4520/1171 7159/4518/1171
f 7162/4519/1171 7164/4521/1171 7163/4522/1171 7161/4520/1171
f 7164/4521/1171 7166/4523/1171 7165/4524/1171 7163/4522/1171
f 7166/4523/1171 7168/3231/1172 7167/3232/1172 7165/4524/1171
f 7168/3231/1172 7170/4525/1173 7169/4526/1173 7167/3232/1172
f 7170/4525/1173 7172/4527/1174 7171/4528/1174 7169/4526/1173
f 7172/4527/1174 7174/4529/1175 7173/4530/1175 7171/4528/1174
f 7174/4529/1175 7176/4531/1176 7175/4532/1176 7173/4530/1175
f 7176/4531/1176 7178/4533/728 7177/4534/728 7175/4532/1176
f 7178/4533/728 7180/3233/1177 7179/3234/1177 7177/4534/728
f 7180/3233/1177 7182/4535/1178 7181/4536/1178 7179/3234/1177
f 7182/4535/1178 7184/4537/1179 7183/4538/1179 7181/4536/1178
f 7184/4537/1179 7186/4539/1180 7185/4540/1180 7183/4538/1179
f 7186/4539/1180 7188/4541/1181 7187/4542/1181 7185/4540/1180
f 7188/4541/1181 7190/4543/1182 7189/4544/1182 7187/4542/1181
f 7190/4543/1182 7192/3235/1183 7191/3236/1183 7189/4544/1182
f 7192/3235/1183 7194/4545/650 7193/4546/650 7191/3236/1183
f 7194/4545/650 7196/4547/650 7195/4548/650 7193/4546/650
f 7196/4547/650 7198/4549/650 7197/4550/650 7195/4548/650
f 7198/4549/650 7200/4551/650 7199/4552/650 7197/4550/650
f 7200/4551/650 7202/4553/650 7201/4554/650 7199/4552/650
f 7202/4553/650 7204/3237/650 7203/3238/650 7201/4554/650
f 7204/3237/650 7206/4555/650 7205/4556/650 7203/3238/650
f 7206/4555/650 7208/4557/650 7207/4558/650 7205/4556/650
f 7208/4557/650 7210/4559/650 7209/4560/650 7207/4558/650
f 7210/4559/650 7212/4561/1184 7211/4562/1184 7209/4560/650
f 7212/4561/1184 7214/4563/1185 7213/4564/1185 7211/4562/1184
f 7214/4563/1185 7216/3239/1186 7215/3240/1186 7213/4564/1185
f 7216/3239/1186 7218/4565/1187 7217/4566/1187 7215/3240/1186
f 7218/4565/1187 7220/4567/1188 7219/4568/1188 7217/4566/1187
f 7220/4567/1188 7222/4569/1189 7221/4570/1189 7219/4568/1188
f 7222/4569/1189 7224/4571/1190 7223/4572/1190 7221/4570/1189
f 7224/4571/1190 7226/4573/1191 7225/4574/1191 7223/4572/1190
f 7226/4573/1191 7228/3241/1192 7227/3242/1192 7225/4574/1191
f 7228/3241/1192 7230/4575/1193 7229/4576/1193 7227/3242/1192
f 7230/4575/1193 7232/4577/1194 7231/4578/1194 7229/4576/1193
f 7232/4577/1194 7234/4579/1195 7233/4580/1195 7231/4578/1194
f 7234/4579/1195 7236/4581/1196 7235/4582/1196 7233/4580/1195
f 7236/4581/1196 7238/4583/614 7237/4584/614 7235/4582/1196
f 7238/4583/614 7240/3243/614 7239/3244/614 7237/4584/614
f 7240/3243/614 7242/4585/614 7241/4586/614 7239/3244/614
f 7242/4585/614 7244/4587/614 7243/4588/614 7241/4586/614
f 7244/4587/614 7246/4589/614 7245/4590/614 7243/4588/614
f 7246/4589/614 7248/4591/614 7247/4592/614 7245/4590/614
f 7248/4591/614 7250/4593/614 7249/4594/614 7247/4592/614
f 7250/4593/614 7252/3245/614 7251/3246/614 7249/4594/614
f 7252/3245/614 7254/4595/614 7253/4596/614 7251/3246/614
f 7254/4595/614 7256/4597/614 7255/4598/614 7253/4596/614
f 7256/4597/614 7258/4599/614 7257/4600/614 7255/4598/614
f 7258/4599/614 7260/4601/1197 7259/4602/1197 7257/4600/614
f 7260/4601/1197 7262/4603/1198 7261/4604/1198 7259/4602/1197
f 7262/4603/1198 7264/3247/1199 7263/3248/1199 7261/4604/1198
f 7264/3247/1199 7266/4605/1200 7265/4606/1200 7263/3248/1199
f 7266/4605/1200 7268/4607/1201 7267/4608/1201 7265/4606/1200
f 7268/4607/1201 7270/4609/659 7269/4610/659 7267/4608/1201
f 7270/4609/659 7272/4611/1202 7271/4612/1202 7269/4610/659
f 7272/4611/1202 7274/4613/1203 7273/4614/1203 7271/4612/1202
f 7274/4613/1203 7276/2915/1204 7275/1612/1204 7273/4614/1203
f 7276/2915/1204 7278/4615/1205 7277/4616/1205 7275/1612/1204
f 7278/4615/1205 7280/4617/1206 7279/4618/1206 7277/4616/1205
f 7280/4617/1206 7282/4619/1207 7281/4620/1207 7279/4618/1206
f 7282/4619/1207 7284/4621/1208 7283/4622/1208 7281/4620/1207
f 7284/4621/1208 7286/4623/626 7285/4624/626 7283/4622/1208
f 7286/4623/626 7288/3249/626 7287/3250/626 7285/4624/626
f 7288/3249/626 7290/4625/626 7289/4626/626 7287/3250/626
f 7290/4625/626 7292/4627/626 7291/4628/626 7289/4626/626
f 7292/4627/626 7294/4629/626 7293/4630/626 7291/4628/626
f 7294/4629/626 7296/4631/626 7295/4632/626 7293/4630/626
f 7296/4631/626 7298/4633/626 7297/4634/626 7295/4632/626
f 7298/4633/626 7300/3251/1209 7299/3252/1209 7297/4634/626
f 7300/3251/1209 7302/4635/1210 7301/4636/1210 7299/3252/1209
f 7302/4635/1210 7304/4637/1211 7303/4638/1211 7301/4636/1210
f 7304/4637/1211 7306/4639/1212 7305/4640/1212 7303/4638/1211
f 7306/4639/1212 7308/4641/1213 7307/4642/1213 7305/4640/1212
f 7308/4641/1213 7310/4643/1214 7309/4644/1214 7307/4642/1213
f 7310/4643/1214 7312/3253/1215 7311/3254/1215 7309/4644/1214
f 7312/3253/1215 7314/4645/1216 7313/4646/1216 7311/3254/1215
f 7314/4645/1216 7316/4647/1217 7315/4648/1217 7313/4646/1216
f 7316/4647/1217 7318/4649/1218 7317/4650/1218 7315/4648/1217
f 7318/4649/1218 7320/4651/1219 7319/4652/1219 7317/4650/1218
f 7320/4651/1219 7322/4653/1220 7321/4654/1220 7319/4652/1219
f 7322/4653/1220 7324/3255/1221 7323/3256/1221 7321/4654/1220
f 7324/3255/1221 7326/4655/638 7325/4656/638 7323/3256/1221
f 7326/4655/638 7328/4657/638 7327/4658/638 7325/4656/638
f 7328/4657/638 7330/4659/638 7329/4660/638 7327/4658/638
f 7330/4659/638 7332/4661/638 7331/4662/638 7329/4660/638
f 7332/4661/638 7334/4663/638 7333/4664/638 7331/4662/638
f 7334/4663/638 7336/3257/638 7335/3258/638 7333/4664/638
f 7336/3257/638 7338/4665/638 7337/4666/638 7335/3258/638
f 7338/4665/638 7340/4667/638 7339/4668/638 7337/4666/638
f 7340/4667/638 7342/4669/638 7341/4670/638 7339/4668/638
f 7342/4669/638 7344/4671/638 7343/4672/638 7341/4670/638
f 7344/4671/638 7346/4673/638 7345/4674/638 7343/4672/638
f 7348/4675/1222 7350/4676/1223 7349/4677/1223 7347/4678/1222
f 7350/4676/1223 7352/4679/1224 7351/4680/1224 7349/4677/1223
f 7352/4679/1224 7354/4681/1225 7353/4682/1225 7351/4680/1224
f 7354/4681/1225 7356/4683/1226 7355/4684/1226 7353/4682/1225
f 7356/4683/1226 7358/3261/1227 7357/3262/1227 7355/4684/1226
f 7358/3261/1227 7360/4685/1228 7359/4686/1228 7357/3262/1227
f 7360/4685/1228 7362/4687/1229 7361/4688/1229 7359/4686/1228
f 7362/4687/1229 7364/4689/1230 7363/4690/1230 7361/4688/1229
f 7364/4689/1230 7366/4691/1231 7365/4692/1231 7363/4690/1230
f 7366/4691/1231 7368/4693/1232 7367/4694/1232 7365/4692/1231
f 7368/4693/1232 7370/3263/1233 7369/3264/1233 7367/4694/1232
f 7370/3263/1233 7372/4695/1234 7371/4696/1234 7369/3264/1233
f 7372/4695/1234 7374/4697/1235 7373/4698/1235 7371/4696/1234
f 7374/4697/1235 7376/4699/1236 7375/4700/1236 7373/4698/1235
f 7376/4699/1236 7378/4701/1237 7377/4702/1237 7375/4700/1236
f 7378/4701/1237 7380/4703/1238 7379/4704/1238 7377/4702/1237
f 7380/4703/1238 7382/3265/1239 7381/3266/1239 7379/4704/1238
f 7382/3265/1239 7384/4705/1240 7383/4706/1240 7381/3266/1239
f 7384/4705/1240 7386/4707/1241 7385/4708/1241 7383/4706/1240
f 7386/4707/1241 7388/4709/1242 7387/4710/1242 7385/4708/1241
f 7388/4709/1242 7390/4711/1243 7389/4712/1243 7387/4710/1242
f 7390/4711/1243 7392/4713/1244 7391/4714/1244 7389/4712/1243
f 7392/4713/1244 7394/3267/1245 7393/3268/1245 7391/4714/1244
f 7394/3267/1245 7396/4715/1246 7395/4716/1246 7393/3268/1245
f 7396/4715/1246 7398/4717/1247 7397/4718/1247 7395/4716/1246
f 7398/4717/1247 7400/4719/1248 7399/4720/1248 7397/4718/1247
f 7400/4719/1248 7402/4721/1249 7401/4722/1249 7399/4720/1248
f 7402/4721/1249 7404/4723/1250 7403/4724/1250 7401/4722/1249
f 7404/4723/1250 7406/3269/1251 7405/3270/1252 7403/4724/1250
f 7406/3269/1251 7408/4725/1253 7407/4726/1253 7405/3270/1252
f 7408/4725/1253 7410/4727/1254 7409/4728/1254 7407/4726/1253
f 7410/4727/1254 7412/4729/1255 7411/4730/1255 7409/4728/1254
f 7412/4729/1255 7414/4731/1256 7413/4732/1256 7411/4730/1255
f 7414/4731/1256 7416/4733/1257 7415/4734/1257 7413/4732/1256
f 7416/4733/1257 7418/3271/1258 7417/3272/1258 7415/4734/1257
f 7418/3271/1258 7420/4735/1259 7419/4736/1259 7417/3272/1258
f 7420/4735/1259 7422/4737/1259 7421/4738/1259 7419/4736/1259
f 7422/4737/1259 7424/4739/1259 7423/4740/1259 7421/4738/1259
f 7424/4739/1259 7426/4741/1259 7425/4742/1259 7423/4740/1259
f 7426/4741/1259 7428/4743/1259 7427/4744/1259 7425/4742/1259
f 7428/4743/1259 7430/3273/1259 7429/3274/1259 7427/4744/1259
f 7430/3273/1259 7432/4745/1259 7431/4746/1259 7429/3274/1259
f 7432/4745/1259 7434/4747/1259 7433/4748/1259 7431/4746/1259
f 7434/4747/1259 7436/4749/1259 7435/4750/1259 7433/4748/1259
f 7436/4749/1259 7438/4751/1259 7437/4752/1259 7435/4750/1259
f 7438/4751/1259 7440/4753/1260 7439/4754/1260 7437/4752/1259
f 7440/4753/1260 7442/3275/1261 7441/3276/1261 7439/4754/1260
f 7442/3275/1261 7444/4755/1262 7443/4756/1262 7441/3276/1261
f 7444/4755/1262 7446/4757/1263 7445/4758/1263 7443/4756/1262
f 7446/4757/1263 7448/4759/1264 7447/4760/1264 7445/4758/1263
f 7448/4759/1264 7450/4761/1265 7449/4762/1265 7447/4760/1264
f 7450/4761/1265 7452/4763/1266 7451/4764/1266 7449/4762/1265
f 7452/4763/1266 7454/3277/1267 7453/3278/1267 7451/4764/1266
f 7454/3277/1267 7456/4765/1268 7455/4766/1268 7453/3278/1267
f 7456/4765/1268 7458/4767/1269 7457/4768/1269 7455/4766/1268
f 7458/4767/1269 7460/4769/1270 7459/4770/1270 7457/4768/1269
f 7460/4769/1270 7462/4771/1271 7461/4772/1271 7459/4770/1270
f 7462/4771/1271 7464/4773/1272 7463/4774/1272 7461/4772/1271
f 7464/4773/1272 6892/3188/1085 6891/2205/1085 7463/4774/1272
f 7466/4775/1273 7468/4776/1274 7467/4777/1274 7465/4778/1273
f 7468/4776/1274 7470/4779/1275 7469/4780/1275 7467/4777/1274
f 7470/4779/1275 7472/4781/1276 7471/4782/1276 7469/4780/1275
f 7472/4781/1276 7474/4783/1277 7473/4784/1277 7471/4782/1276
f 7474/4783/1277 7476/4785/1278 7475/4786/1278 7473/4784/1277
f 7476/4785/1278 7478/4787/1279 7477/4788/1279 7475/4786/1278
f 7478/4787/1279 7480/4789/1280 7479/4790/1280 7477/4788/1279
f 7480/4789/1280 7482/4791/1281 7481/4792/1281 7479/4790/1280
f 7482/4791/1281 7484/4793/1282 7483/4794/1282 7481/4792/1281
f 7484/4793/1282 7486/4795/1283 7485/4796/1283 7483/4794/1282
f 7486/4795/1283 7488/4797/1284 7487/4798/1284 7485/4796/1283
f 7488/4797/1284 7490/4799/1285 7489/4800/1285 7487/4798/1284
f 7490/4799/1285 7492/4801/650 7491/4802/650 7489/4800/1285
f 7492/4801/650 7494/4803/650 7493/4804/650 7491/4802/650
f 7494/4803/650 7496/4805/650 7495/4806/650 7493/4804/650
f 7496/4805/650 7498/4807/650 7497/4808/650 7495/4806/650
f 7498/4807/650 7500/4809/650 7499/4810/650 7497/4808/650
f 7500/4809/650 7502/4811/650 7501/4812/650 7499/4810/650
f 7502/4811/650 7504/4813/650 7503/4814/650 7501/4812/650
f 7504/4813/650 7506/4815/650 7505/4816/650 7503/4814/650
f 7506/4815/650 7508/4817/650 7507/4818/650 7505/4816/650
f 7508/4817/650 7510/4819/650 7509/4820/650 7507/4818/650
f 7510/4819/650 7512/4821/650 7511/4822/650 7509/4820/650
f 7512/4821/650 7514/4823/1286 7513/4824/1286 7511/4822/650
f 7514/4823/1286 7516/4825/1287 7515/4826/1287 7513/4824/1286
f 7516/4825/1287 7518/4827/1288 7517/4828/1288 7515/4826/1287
f 7518/4827/1288 7520/4829/1289 7519/4830/1289 7517/4828/1288
f 7520/4829/1289 7522/4831/1290 7521/4832/1290 7519/4830/1289
f 7522/4831/1290 7524/4833/677 7523/4834/677 7521/4832/1290
f 7524/4833/677 7526/4835/1291 7525/4836/1291 7523/4834/677
f 7526/4835/1291 7528/4837/1292 7527/4838/1292 7525/4836/1291
f 7528/4837/1292 7530/4839/1293 7529/4840/1293 7527/4838/1292
f 7530/4839/1293 7532/4841/1294 7531/4842/1294 7529/4840/1293
f 7532/4841/1294 7534/4843/682 7533/4844/682 7531/4842/1294
f 7534/4843/682 7536/4845/1295 7535/4846/1295 7533/4844/682
f 7536/4845/1295 7538/4847/1296 7537/4848/1296 7535/4846/1295
f 7538/4847/1296 7540/4849/638 7539/4850/638 7537/4848/1296
f 7540/4849/638 7542/4851/638 7541/4852/638 7539/4850/638
f 7542/4851/638 7544/4853/638 7543/4854/638 7541/4852/638
f 7544/4853/638 7546/4855/638 7545/4856/638 7543/4854/638
f 7546/4855/638 7548/4857/638 7547/4858/638 7545/4856/638
f 7548/4857/638 7550/4859/638 7549/4860/638 7547/4858/638
f 7550/4859/638 7552/4861/638 7551/4862/638 7549/4860/638
f 7552/4861/638 7554/4863/638 7553/4864/638 7551/4862/638
f 7554/4863/638 7556/4865/638 7555/4866/638 7553/4864/638
f 7556/4865/638 7558/4867/638 7557/4868/638 7555/4866/638
f 7558/4867/638 7560/4869/638 7559/4870/638 7557/4868/638
f 7560/4869/638 7562/4871/1296 7561/4872/1296 7559/4870/638
f 7562/4871/1296 7564/4873/1297 7563/4874/1297 7561/4872/1296
f 7564/4873/1297 7566/4875/1298 7565/4876/1298 7563/4874/1297
f 7566/4875/1298 7568/4877/1299 7567/4878/1299 7565/4876/1298
f 7568/4877/1299 7570/4879/1300 7569/4880/1300 7567/4878/1299
f 7570/4879/1300 7572/4881/1301 7571/4882/1301 7569/4880/1300
f 7572/4881/1301 7574/4883/1302 7573/4884/1302 7571/4882/1301
f 7574/4883/1302 7576/4885/1303 7575/4886/1303 7573/4884/1302
f 7576/4885/1303 7578/4887/1304 7577/4888/1304 7575/4886/1303
f 7578/4887/1304 7580/4889/1289 7579/4890/1289 7577/4888/1304
f 7580/4889/1289 7582/4891/1288 7581/4892/1288 7579/4890/1289
f 7582/4891/1288 7584/4893/1305 7583/4894/1305 7581/4892/1288
f 7584/4893/1305 7586/4895/1306 7585/4896/1306 7583/4894/1305
f 7586/4895/1306 7588/4897/650 7587/4898/650 7585/4896/1306
f 7588/4897/650 7590/4899/650 7589/4900/650 7587/4898/650
f 7590/4899/650 7592/4901/650 7591/4902/650 7589/4900/650
f 7592/4901/650 7594/4903/650 7593/4904/650 7591/4902/650
f 7594/4903/650 7596/4905/650 7595/4906/650 7593/4904/650
f 7596/4905/650 7598/4907/650 7597/4908/650 7595/4906/650
f 7598/4907/650 7600/4909/650 7599/4910/650 7597/4908/650
f 7600/4909/650 7602/4911/650 7601/4912/650 7599/4910/650
f 7602/4911/650 7604/4913/650 7603/4914/650 7601/4912/650
f 7604/4913/650 7606/4915/650 7605/4916/650 7603/4914/650
f 7606/4915/650 7608/4917/650 7607/4918/650 7605/4916/650
f 7608/4917/650 7610/4919/1307 7609/4920/1307 7607/4918/650
f 7610/4919/1307 7612/4921/1308 7611/4922/1308 7609/4920/1307
f 7612/4921/1308 7614/4923/1309 7613/4924/1309 7611/4922/1308
f 7614/4923/1309 7616/4925/1310 7615/4926/1310 7613/4924/1309
f 7616/4925/1310 7618/4927/1114 7617/4928/1114 7615/4926/1310
f 7618/4927/1114 7620/4929/1311 7619/4930/1311 7617/4928/1114
f 7620/4929/1311 7622/4931/1312 7621/4932/1312 7619/4930/1311
f 7622/4931/1312 7624/4933/1313 7623/4934/1313 7621/4932/1312
f 7624/4933/1313 7626/4935/1314 7625/4936/1314 7623/4934/1313
f 7626/4935/1314 7628/4937/1315 7627/4938/1315 7625/4936/1314
f 7628/4937/1315 7630/4939/1316 7629/4940/1316 7627/4938/1315
f 7630/4939/1316 7632/4941/1317 7631/4942/1317 7629/4940/1316
f 7632/4941/1317 7634/4943/1318 7633/4944/1318 7631/4942/1317
f 7634/4943/1318 7636/4945/614 7635/4946/614 7633/4944/1318
f 7636/4945/614 7638/4947/614 7637/4948/614 7635/4946/614
f 7638/4947/614 7640/2642/614 7639/959/614 7637/4948/614
f 7640/2642/614 7642/4949/614 7641/4950/614 7639/959/614
f 7642/4949/614 7644/4951/614 7643/4952/614 7641/4950/614
f 7644/4951/614 7646/4953/614 7645/4954/614 7643/4952/614
f 7646/4953/614 7648/4955/614 7647/4956/614 7645/4954/614
f 7648/4955/614 7650/4957/614 7649/4958/614 7647/4956/614
f 7650/4957/614 7652/4959/614 7651/4960/614 7649/4958/614
f 7652/4959/614 7654/4961/614 7653/4962/614 7651/4960/614
f 7654/4961/614 7656/4963/614 7655/4964/614 7653/4962/614
f 7656/4963/614 7658/4965/1319 7657/4966/1319 7655/4964/614
f 7658/4965/1319 7660/4967/1320 7659/4968/1320 7657/4966/1319
f 7660/4967/1320 7662/4969/1321 7661/4970/1321 7659/4968/1320
f 7662/4969/1321 7664/4971/1322 7663/4972/1322 7661/4970/1321
f 7664/4971/1322 7666/4973/1323 7665/4974/1323 7663/4972/1322
f 7666/4973/1323 7668/4975/1324 7667/4976/1324 7665/4974/1323
f 7668/4975/1324 7670/4977/1116 7669/4978/1116 7667/4976/1324
f 7670/4977/1116 7672/4979/1325 7671/4980/1325 7669/4978/1116
f 7672/4979/1325 7674/4981/1326 7673/4982/1326 7671/4980/1325
f 7674/4981/1326 7676/4983/835 7675/4984/835 7673/4982/1326
f 7676/4983/835 7678/4985/1309 7677/4986/1309 7675/4984/835
f 7678/4985/1309 7680/4987/1308 7679/4988/1308 7677/4986/1309
f 7680/4987/1308 7682/4989/1307 7681/4990/1307 7679/4988/1308
f 7682/4989/1307 7684/4991/650 7683/4992/650 7681/4990/1307
f 7684/4991/650 7686/4993/650 7685/4994/650 7683/4992/650
f 7686/4993/650 7688/4995/650 7687/4996/650 7685/4994/650
f 7688/4995/650 7690/4997/650 7689/4998/650 7687/4996/650
f 7690/4997/650 7692/4999/650 7691/5000/650 7689/4998/650
f 7692/4999/650 7694/5001/650 7693/5002/650 7691/5000/650
f 7694/5001/650 7696/5003/650 7695/5004/650 7693/5002/650
f 7696/5003/650 7698/5005/650 7697/5006/650 7695/5004/650
f 7698/5005/650 7700/5007/650 7699/5008/650 7697/5006/650
f 7700/5007/650 7702/5009/650 7701/5010/650 7699/5008/650
f 7702/5009/650 7704/5011/650 7703/5012/650 7701/5010/650
f 7704/5011/650 7706/5013/1307 7705/5014/1307 7703/5012/650
f 7706/5013/1307 7708/5015/1308 7707/5016/1308 7705/5014/1307
f 7708/5015/1308 7710/5017/1327 7709/5018/1327 7707/5016/1308
f 7710/5017/1327 7712/5019/1328 7711/5020/1328 7709/5018/1327
f 7712/5019/1328 7714/5021/669 7713/5022/669 7711/5020/1328
f 7714/5021/669 7716/5023/1329 7715/5024/1329 7713/5022/669
f 7716/5023/1329 7718/5025/1116 7717/5026/1116 7715/5024/1329
f 7718/5025/1116 7720/5027/1324 7719/5028/1324 7717/5026/1116
f 7720/5027/1324 7722/5029/1118 7721/5030/1118 7719/5028/1324
f 7722/5029/1118 7724/5031/1322 7723/5032/1322 7721/5030/1118
f 7724/5031/1322 7726/5033/1120 7725/5034/1120 7723/5032/1322
f 7726/5033/1120 7728/5035/1121 7727/5036/1121 7725/5034/1120
f 7728/5035/1121 7730/5037/1319 7729/5038/1319 7727/5036/1121
f 7730/5037/1319 7732/5039/614 7731/5040/614 7729/5038/1319
f 7732/5039/614 7734/5041/614 7733/5042/614 7731/5040/614
f 7734/5041/614 7736/5043/614 7735/5044/614 7733/5042/614
f 7736/5043/614 7738/5045/614 7737/5046/614 7735/5044/614
f 7738/5045/614 7740/5047/614 7739/5048/614 7737/5046/614
f 7740/5047/614 7742/5049/614 7741/5050/614 7739/5048/614
f 7742/5049/614 7744/5051/614 7743/5052/614 7741/5050/614
f 7744/5051/614 7746/5053/614 7745/5054/614 7743/5052/614
f 7746/5053/614 7748/5055/614 7747/5056/614 7745/5054/614
f 7748/5055/614 7750/5057/614 7749/5058/614 7747/5056/614
f 7750/5057/614 7752/5059/614 7751/5060/614 7749/5058/614
f 7752/5059/614 7754/5061/840 7753/5062/840 7751/5060/614
f 7754/5061/840 7756/5063/1330 7755/5064/1330 7753/5062/840
f 7756/5063/1330 7758/5065/1331 7757/5066/1331 7755/5064/1330
f 7758/5065/1331 7760/5067/1332 7759/5068/1332 7757/5066/1331
f 7760/5067/1332 7762/5069/571 7761/5070/571 7759/5068/1332
f 7762/5069/571 7764/5071/842 7763/5072/842 7761/5070/571
f 7764/5071/842 7766/5073/1333 7765/5074/1333 7763/5072/842
f 7766/5073/1333 7768/5075/1334 7767/5076/1334 7765/5074/1333
f 7768/5075/1334 7770/5077/654 7769/5078/654 7767/5076/1334
f 7770/5077/654 7772/5079/1335 7771/5080/1335 7769/5078/654
f 7772/5079/1335 7774/5081/1336 7773/5082/1336 7771/5080/1335
f 7774/5081/1336 7776/5083/484 7775/5084/484 7773/5082/1336
f 7776/5083/484 7778/5085/1337 7777/5086/1337 7775/5084/484
f 7778/5085/1337 7780/5087/626 7779/5088/626 7777/5086/1337
f 7780/5087/626 7782/5089/626 7781/5090/626 7779/5088/626
f 7782/5089/626 7784/5091/626 7783/5092/626 7781/5090/626
f 7784/5091/626 7786/5093/626 7785/5094/626 7783/5092/626
f 7786/5093/626 7788/5095/626 7787/5096/626 7785/5094/626
f 7788/5095/626 7790/5097/626 7789/5098/626 7787/5096/626
f 7790/5097/626 7792/5099/626 7791/5100/626 7789/5098/626
f 7792/5099/626 7794/5101/626 7793/5102/626 7791/5100/626
f 7794/5101/626 7796/5103/626 7795/5104/626 7793/5102/626
f 7796/5103/626 7798/5105/626 7797/5106/626 7795/5104/626
f 7798/5105/626 7800/5107/626 7799/5108/626 7797/5106/626
f 7800/5107/626 7802/5109/1338 7801/5110/1338 7799/5108/626
f 7802/5109/1338 7804/5111/1339 7803/5112/1339 7801/5110/1338
f 7804/5111/1339 7806/5113/1340 7805/5114/1340 7803/5112/1339
f 7806/5113/1340 7808/5115/653 7807/5116/653 7805/5114/1340
f 7808/5115/653 7810/5117/1341 7809/5118/1341 7807/5116/653
f 7810/5117/1341 7812/5119/655 7811/5120/655 7809/5118/1341
f 7812/5119/655 7814/5121/1342 7813/5122/1342 7811/5120/655
f 7814/5121/1342 7816/5123/1343 7815/5124/1343 7813/5122/1342
f 7816/5123/1343 7818/2915/1344 7817/1612/1344 7815/5124/1343
f 7818/2915/1344 7820/5125/1345 7819/5126/1345 7817/1612/1344
f 7820/5125/1345 7822/5127/1331 7821/5128/1331 7819/5126/1345
f 7822/5127/1331 7824/5129/841 7823/5130/841 7821/5128/1331
f 7824/5129/841 7826/5131/840 7825/5132/840 7823/5130/841
f 7826/5131/840 7828/5133/614 7827/5134/614 7825/5132/840
f 7828/5133/614 7830/5135/614 7829/5136/614 7827/5134/614
f 7830/5135/614 7832/5137/614 7831/5138/614 7829/5136/614
f 7832/5137/614 7834/5139/614 7833/5140/614 7831/5138/614
f 7834/5139/614 7836/5141/614 7835/5142/614 7833/5140/614
f 7836/5141/614 7838/5143/614 7837/5144/614 7835/5142/614
f 7838/5143/614 7840/5145/614 7839/5146/614 7837/5144/614
f 7840/5145/614 7842/5147/614 7841/5148/614 7839/5146/614
f 7842/5147/614 7844/5149/614 7843/5150/614 7841/5148/614
f 7844/5149/614 7846/5151/614 7845/5152/614 7843/5150/614
f 7846/5151/614 7848/5153/614 7847/5154/614 7845/5152/614
f 7848/5153/614 7850/5155/1346 7849/5156/1346 7847/5154/614
f 7850/5155/1346 7852/5157/1347 7851/5158/1347 7849/5156/1346
f 7852/5157/1347 7854/5159/1348 7853/5160/1348 7851/5158/1347
f 7854/5159/1348 7856/5161/1349 7855/5162/1349 7853/5160/1348
f 7856/5161/1349 7858/5163/1350 7857/5164/1350 7855/5162/1349
f 7858/5163/1350 7860/5165/619 7859/5166/619 7857/5164/1350
f 7860/5165/619 7862/5167/1351 7861/5168/1351 7859/5166/619
f 7862/5167/1351 7864/5169/1352 7863/5170/1352 7861/5168/1351
f 7864/5169/1352 7866/5171/1353 7865/5172/1353 7863/5170/1352
f 7866/5171/1353 7868/5173/1354 7867/5174/1354 7865/5172/1353
f 7868/5173/1354 7870/5175/1355 7869/5176/1355 7867/5174/1354
f 7870/5175/1355 7872/5177/484 7871/5178/484 7869/5176/1355
f 7872/5177/484 7874/5179/1337 7873/5180/1337 7871/5178/484
f 7874/5179/1337 7876/5181/626 7875/5182/626 7873/5180/1337
f 7876/5181/626 7878/5183/626 7877/5184/626 7875/5182/626
f 7878/5183/626 7880/5185/626 7879/5186/626 7877/5184/626
f 7880/5185/626 7882/5187/626 7881/5188/626 7879/5186/626
f 7882/5187/626 7884/5189/626 7883/5190/626 7881/5188/626
f 7884/5189/626 7886/5191/626 7885/5192/626 7883/5190/626
f 7886/5191/626 7888/5193/626 7887/5194/626 7885/5192/626
f 7888/5193/626 7890/5195/626 7889/5196/626 7887/5194/626
f 7890/5195/626 7892/5197/626 7891/5198/626 7889/5196/626
f 7892/5197/626 7894/5199/626 7893/5200/626 7891/5198/626
f 7894/5199/626 7896/5201/626 7895/5202/626 7893/5200/626
f 7898/5203/1356 7900/5204/1357 7899/5205/1357 7897/5206/1356
f 7900/5204/1357 7902/5207/985 7901/5208/985 7899/5205/1357
f 7902/5207/985 7904/5209/686 7903/5210/686 7901/5208/985
f 7904/5209/686 7906/5211/1358 7905/5212/1358 7903/5210/686
f 7906/5211/1358 7908/5213/688 7907/5214/688 7905/5212/1358
f 7908/5213/688 7910/5215/982 7909/5216/982 7907/5214/688
f 7910/5215/982 7912/5217/1359 7911/5218/1359 7909/5216/982
f 7912/5217/1359 7914/5219/981 7913/5220/981 7911/5218/1359
f 7914/5219/981 7916/5221/1360 7915/5222/1360 7913/5220/981
f 7916/5221/1360 7918/5223/979 7917/5224/979 7915/5222/1360
f 7918/5223/979 7920/5225/1361 7919/5226/1361 7917/5224/979
f 7920/5225/1361 7922/5227/1362 7921/5228/1362 7919/5226/1361
f 7922/5227/1362 7924/5229/626 7923/5230/626 7921/5228/1362
f 7924/5229/626 7926/5231/626 7925/5232/626 7923/5230/626
f 7926/5231/626 7928/5233/626 7927/5234/626 7925/5232/626
f 7928/5233/626 7930/5235/626 7929/5236/626 7927/5234/626
f 7930/5235/626 7932/5237/626 7931/5238/626 7929/5236/626
f 7932/5237/626 7934/5239/626 7933/5240/626 7931/5238/626
f 7934/5239/626 7936/5241/626 7935/5242/626 7933/5240/626
f 7936/5241/626 7938/5243/626 7937/5244/626 7935/5242/626
f 7938/5243/626 7940/5245/626 7939/5246/626 7937/5244/626
f 7940/5245/626 7942/5247/626 7941/5248/626 7939/5246/626
f 7942/5247/626 7944/5249/626 7943/5250/626 7941/5248/626
f 7944/5249/626 7946/5251/1363 7945/5252/1363 7943/5250/626
f 7946/5251/1363 7948/5253/1364 7947/5254/1364 7945/5252/1363
f 7948/5253/1364 7950/5255/1365 7949/5256/1365 7947/5254/1364
f 7950/5255/1365 7952/5257/1366 7951/5258/1366 7949/5256/1365
f 7952/5257/1366 7954/5259/1367 7953/5260/1367 7951/5258/1366
f 7954/5259/1367 7956/5261/1368 7955/5262/1368 7953/5260/1367
f 7956/5261/1368 7958/5263/1369 7957/5264/1369 7955/5262/1368
f 7958/5263/1369 7960/5265/1370 7959/5266/1370 7957/5264/1369
f 7960/5265/1370 7962/5267/1371 7961/5268/1371 7959/5266/1370
f 7962/5267/1371 7964/5269/1372 7963/5270/1372 7961/5268/1371
f 7964/5269/1372 7966/5271/1373 7965/5272/1373 7963/5270/1372
f 7966/5271/1373 7968/5273/1374 7967/5274/1374 7965/5272/1373
f 7968/5273/1374 7970/5275/1375 7969/5276/1375 7967/5274/1374
f 7970/5275/1375 7972/5277/614 7971/5278/614 7969/5276/1375
f 7972/5277/614 7974/5279/614 7973/5280/614 7971/5278/614
f 7974/5279/614 7976/5281/614 7975/5282/614 7973/5280/614
f 7976/5281/614 7978/5283/614 7977/5284/614 7975/5282/614
f 7978/5283/614 7980/5285/614 7979/5286/614 7977/5284/614
f 7980/5285/614 7982/5287/614 7981/5288/614 7979/5286/614
f 7982/5287/614 7984/5289/614 7983/5290/614 7981/5288/614
f 7984/5289/614 7986/5291/614 7985/5292/614 7983/5290/614
f 7986/5291/614 7988/5293/614 7987/5294/614 7985/5292/614
f 7988/5293/614 7990/5295/614 7989/5296/614 7987/5294/614
f 7990/5295/614 7992/5297/614 7991/5298/614 7989/5296/614
f 7994/2373/840 7996/3851/1330 7995/3852/1330 7993/2325/840
f 7996/3851/1330 7998/3853/1376 7997/3854/1376 7995/3852/1330
f 7998/3853/1376 8000/3855/1377 7999/3856/1377 7997/3854/1376
f 8000/3855/1377 8002/3857/923 8001/3858/923 7999/3856/1377
f 8002/3857/923 8004/3859/1378 8003/3860/1378 8001/3858/923
f 8004/3859/1378 8006/3861/925 8005/3862/925 8003/3860/1378
f 8006/3861/925 8008/3863/926 8007/3864/926 8005/3862/925
f 8008/3863/926 8010/3865/1379 8009/3866/1379 8007/3864/926
f 8010/3865/1379 8012/3867/928 8011/3868/928 8009/3866/1379
f 8012/3867/928 8014/3869/929 8013/3870/929 8011/3868/928
f 8014/3869/929 8016/3871/930 8015/3872/930 8013/3870/929
f 8016/3871/930 8018/3873/931 8017/3874/931 8015/3872/930
f 8018/3873/931 8020/3875/932 8019/3876/932 8017/3874/931
f 8020/3875/932 8022/3877/933 8021/3878/933 8019/3876/932
f 8022/3877/933 8024/3879/934 8023/3880/934 8021/3878/933
f 8024/3879/934 8026/3881/935 8025/3882/935 8023/3880/934
f 8026/3881/935 8028/3883/936 8027/3884/936 8025/3882/935
f 8028/3883/936 8030/3885/937 8029/3886/937 8027/3884/936
f 8030/3885/937 8032/3887/638 8031/3888/638 8029/3886/937
f 8032/3887/638 8034/3889/638 8033/3890/638 8031/3888/638
f 8034/3889/638 8036/3891/638 8035/3892/638 8033/3890/638
f 8036/3891/638 8038/3893/638 8037/3894/638 8035/3892/638
f 8038/3893/638 8040/3895/638 8039/3896/638 8037/3894/638
f 8040/3895/638 8042/3897/638 8041/3898/638 8039/3896/638
f 8042/3897/638 8044/3899/638 8043/3900/638 8041/3898/638
f 8044/3899/638 8046/3901/638 8045/3902/638 8043/3900/638
f 8046/3901/638 8048/3903/638 8047/3904/638 8045/3902/638
f 8048/3903/638 8050/3905/638 8049/3906/638 8047/3904/638
f 8050/3905/638 8052/3907/638 8051/3908/638 8049/3906/638
f 8052/3907/638 8054/3909/938 8053/3910/938 8051/3908/638
f 8054/3909/938 8056/3203/939 8055/3204/939 8053/3910/938
f 8056/3203/939 8058/3911/940 8057/3912/940 8055/3204/939
f 8058/3911/940 8060/3913/941 8059/3914/941 8057/3912/940
f 8060/3913/941 8062/3915/942 8061/3916/942 8059/3914/941
f 8062/3915/942 8064/3917/943 8063/3918/943 8061/3916/942
f 8064/3917/943 8066/3919/944 8065/3920/944 8063/3918/943
f 8066/3919/944 8068/3921/945 8067/3922/945 8065/3920/944
f 8068/3921/945 8070/3923/946 8069/3924/946 8067/3922/945
f 8070/3923/946 8072/3925/947 8071/3926/947 8069/3924/946
f 8072/3925/947 8074/3927/948 8073/3928/948 8071/3926/947
f 8074/3927/948 8076/3929/949 8075/3930/949 8073/3928/948
f 8076/3929/949 8078/3931/1380 8077/3932/1380 8075/3930/949
f 8078/3931/1380 8080/3933/650 8079/3934/650 8077/3932/1380
f 8080/3933/650 8082/3935/650 8081/3936/650 8079/3934/650
f 8082/3935/650 8084/3937/650 8083/3938/650 8081/3936/650
f 8084/3937/650 8086/3939/650 8085/3940/650 8083/3938/650
f 8086/3939/650 8088/3941/650 8087/3942/650 8085/3940/650
f 8088/3941/650 8090/3943/650 8089/3944/650 8087/3942/650
f 8090/3943/650 8092/3945/650 8091/3946/650 8089/3944/650
f 8092/3945/650 8094/3947/650 8093/3948/650 8091/3946/650
f 8094/3947/650 8096/3949/650 8095/3950/650 8093/3948/650
f 8096/3949/650 8098/3951/650 8097/3952/650 8095/3950/650
f 8098/3951/650 8100/3953/650 8099/3954/650 8097/3952/650
f 8100/3953/650 8102/3955/951 8101/3956/951 8099/3954/650
f 8102/3955/951 8104/3957/952 8103/3958/952 8101/3956/951
f 8104/3957/952 8106/3959/953 8105/3960/953 8103/3958/952
f 8106/3959/953 8108/3961/954 8107/3962/954 8105/3960/953
f 8108/3961/954 8110/3963/955 8109/3964/955 8107/3962/954
f 8110/3963/955 8112/3965/956 8111/3966/956 8109/3964/955
f 8112/3965/956 8114/3967/957 8113/3968/957 8111/3966/956
f 8114/3967/957 8116/3969/958 8115/3970/958 8113/3968/957
f 8116/3969/958 8118/2642/959 8117/959/959 8115/3970/958
f 8118/2642/959 8120/3971/960 8119/3972/960 8117/959/959
f 8120/3971/960 8122/3973/961 8121/3974/961 8119/3972/960
f 8122/3973/961 8124/3975/962 8123/3976/962 8121/3974/961
f 8124/3975/962 8126/3977/963 8125/3978/963 8123/3976/962
f 8126/3977/963 8128/3979/614 8127/3980/614 8125/3978/963
f 8128/3979/614 8130/3981/614 8129/3982/614 8127/3980/614
f 8130/3981/614 8132/3983/614 8131/3984/614 8129/3982/614
f 8132/3983/614 8134/3985/614 8133/3986/614 8131/3984/614
f 8134/3985/614 8136/3987/614 8135/3988/614 8133/3986/614
f 8136/3987/614 8138/3989/614 8137/3990/614 8135/3988/614
f 8138/3989/614 8140/3991/614 8139/3992/614 8137/3990/614
f 8140/3991/614 8142/3993/614 8141/3994/614 8139/3992/614
f 8142/3993/614 8144/3995/614 8143/3996/614 8141/3994/614
f 8144/3995/614 8146/3997/614 8145/3998/614 8143/3996/614
f 8146/3997/614 8148/3999/614 8147/4000/614 8145/3998/614
f 8148/3999/614 8150/4001/964 8149/4002/964 8147/4000/614
f 8150/4001/964 8152/4003/965 8151/4004/965 8149/4002/964
f 8152/4003/965 8154/4005/966 8153/4006/966 8151/4004/965
f 8154/4005/966 8156/4007/967 8155/4008/967 8153/4006/966
f 8156/4007/967 8158/4009/968 8157/4010/968 8155/4008/967
f 8158/4009/968 8160/4011/969 8159/4012/969 8157/4010/968
f 8160/4011/969 8162/4013/970 8161/4014/970 8159/4012/969
f 8162/4013/970 8164/4015/971 8163/4016/971 8161/4014/970
f 8164/4015/971 8166/4017/972 8165/4018/972 8163/4016/971
f 8166/4017/972 8168/4019/973 8167/4020/973 8165/4018/972
f 8168/4019/973 8170/4021/974 8169/4022/974 8167/4020/973
f 8170/4021/974 8172/4023/975 8171/4024/975 8169/4022/974
f 8172/4023/975 8174/4025/976 8173/4026/976 8171/4024/975
f 8174/4025/976 8176/4027/626 8175/4028/626 8173/4026/976
f 8176/4027/626 8178/4029/626 8177/4030/626 8175/4028/626
f 8178/4029/626 8180/3233/626 8179/3234/626 8177/4030/626
f 8180/3233/626 8182/4031/626 8181/4032/626 8179/3234/626
f 8182/4031/626 8184/4033/626 8183/4034/626 8181/4032/626
f 8184/4033/626 8186/4035/626 8185/4036/626 8183/4034/626
f 8186/4035/626 8188/4037/626 8187/4038/626 8185/4036/626
f 8188/4037/626 8190/4039/626 8189/4040/626 8187/4038/626
f 8190/4039/626 8192/4041/626 8191/4042/626 8189/4040/626
f 8192/4041/626 8194/4043/626 8193/4044/626 8191/4042/626
f 8194/4043/626 8196/4045/626 8195/4046/626 8193/4044/626
f 8196/4045/626 8198/4047/1209 8197/4048/1209 8195/4046/626
f 8198/4047/1209 8200/4049/1210 8199/4050/1210 8197/4048/1209
f 8200/4049/1210 8202/4051/979 8201/4052/979 8199/4050/1210
f 8202/4051/979 8204/4053/1360 8203/4054/1360 8201/4052/979
f 8204/4053/1360 8206/4055/981 8205/4056/981 8203/4054/1360
f 8206/4055/981 8208/4057/1359 8207/4058/1359 8205/4056/981
f 8208/4057/1359 8210/4059/1381 8209/4060/1381 8207/4058/1359
f 8210/4059/1381 8212/4061/688 8211/4062/688 8209/4060/1381
f 8212/4061/688 8214/4063/1382 8213/4064/1382 8211/4062/688
f 8214/4063/1382 8216/4065/1383 8215/4066/1383 8213/4064/1382
f 8216/4065/1383 8218/4067/1384 8217/4068/1384 8215/4066/1383
f 8218/4067/1384 8220/4069/986 8219/4070/986 8217/4068/1384
f 8220/4069/986 8222/4071/1385 8221/4072/1385 8219/4070/986
f 8222/4071/1385 8224/4073/638 8223/4074/638 8221/4072/1385
f 8224/4073/638 8226/4075/638 8225/4076/638 8223/4074/638
f 8226/4075/638 8228/4077/638 8227/4078/638 8225/4076/638
f 8228/4077/638 8230/4079/638 8229/4080/638 8227/4078/638
f 8230/4079/638 8232/4081/638 8231/4082/638 8229/4080/638
f 8232/4081/638 8234/4083/638 8233/4084/638 8231/4082/638
f 8234/4083/638 8236/4085/638 8235/4086/638 8233/4084/638
f 8236/4085/638 8238/4087/638 8237/4088/638 8235/4086/638
f 8238/4087/638 8240/4089/638 8239/4090/638 8237/4088/638
f 8240/4089/638 8242/2915/638 8241/1612/638 8239/4090/638
f 8242/2915/638 8244/4091/638 8243/4092/638 8241/1612/638
f 8244/4091/638 8246/4093/988 8245/4094/988 8243/4092/638
f 8246/4093/988 8248/4095/989 8247/4096/989 8245/4094/988
f 8248/4095/989 8250/4097/990 8249/4098/990 8247/4096/989
f 8250/4097/990 8252/4099/1386 8251/4100/1386 8249/4098/990
f 8252/4099/1386 8254/4101/1387 8253/4102/1387 8251/4100/1386
f 8254/4101/1387 8256/4103/1388 8255/4104/1388 8253/4102/1387
f 8256/4103/1388 8258/4105/1389 8257/4106/1389 8255/4104/1388
f 8258/4105/1389 8260/4107/1390 8259/4108/1390 8257/4106/1389
f 8260/4107/1390 8262/4109/1391 8261/4110/1391 8259/4108/1390
f 8262/4109/1391 8264/4111/997 8263/4112/997 8261/4110/1391
f 8264/4111/997 8266/4113/998 8265/4114/998 8263/4112/997
f 8266/4113/998 8268/4115/1392 8267/4116/1392 8265/4114/998
f 8268/4115/1392 8270/4117/1393 8269/4118/1393 8267/4116/1392
f 8270/4117/1393 8272/4119/1000 8271/4120/1000 8269/4118/1393
f 8272/4119/1000 8274/4121/1001 8273/4122/1001 8271/4120/1000
f 8274/4121/1001 8276/4123/1002 8275/4124/1002 8273/4122/1001
f 8276/4123/1002 8278/4125/1003 8277/4126/1003 8275/4124/1002
f 8278/4125/1003 8280/4127/1004 8279/4128/1004 8277/4126/1003
f 8280/4127/1004 8282/4129/1005 8281/4130/1005 8279/4128/1004
f 8282/4129/1005 8284/4131/1006 8283/4132/1006 8281/4130/1005
f 8284/4131/1006 8286/4133/1007 8285/4134/1007 8283/4132/1006
f 8286/4133/1007 8288/4135/1008 8287/4136/1008 8285/4134/1007
f 8288/4135/1008 8290/4137/1009 8289/4138/1009 8287/4136/1008
f 8290/4137/1009 8292/4139/1010 8291/4140/1010 8289/4138/1009
f 8292/4139/1010 8294/4141/1011 8293/4142/1011 8291/4140/1010
f 8294/4141/1011 8296/4143/1012 8295/4144/1012 8293/4142/1011
f 8296/4143/1012 8298/4145/1013 8297/4146/1013 8295/4144/1012
f 8298/4145/1013 8300/4147/1014 8299/4148/1014 8297/4146/1013
f 8300/4147/1014 8302/4149/1015 8301/4150/1015 8299/4148/1014
f 8302/4149/1015 8304/3263/1016 8303/3264/1016 8301/4150/1015
f 8304/3263/1016 8306/4151/1017 8305/4152/1017 8303/3264/1016
f 8306/4151/1017 8308/4153/1018 8307/4154/1018 8305/4152/1017
f 8308/4153/1018 8310/4155/1019 8309/4156/1019 8307/4154/1018
f 8310/4155/1019 8312/4157/1020 8311/4158/1020 8309/4156/1019
f 8312/4157/1020 8314/4159/1021 8313/4160/1021 8311/4158/1020
f 8314/4159/1021 8316/4161/1394 8315/4162/1394 8313/4160/1021
f 8316/4161/1394 8318/4163/1023 8317/4164/1023 8315/4162/1394
f 8318/4163/1023 8320/4165/1024 8319/4166/1024 8317/4164/1023
f 8320/4165/1024 8322/4167/1395 8321/4168/1395 8319/4166/1024
f 8322/4167/1395 8324/4169/1026 8323/4170/1026 8321/4168/1395
f 8324/4169/1026 8326/4171/1396 8325/4172/1396 8323/4170/1026
f 8326/4171/1396 8328/4173/1028 8327/4174/1028 8325/4172/1396
f 8328/4173/1028 8330/4175/1029 8329/4176/1029 8327/4174/1028
f 8330/4175/1029 8332/4177/1030 8331/4178/1030 8329/4176/1029
f 8332/4177/1030 8334/4179/1031 8333/4180/1031 8331/4178/1030
f 8334/4179/1031 8336/4181/1032 8335/4182/1032 8333/4180/1031
f 8336/4181/1032 8338/4183/1033 8337/4184/1033 8335/4182/1032
f 8338/4183/1033 8340/4185/1034 8339/4186/1034 8337/4184/1033
f 8340/4185/1034 8342/4187/1035 8341/4188/1035 8339/4186/1034
f 8342/4187/1035 8344/4189/614 8343/4190/614 8341/4188/1035
f 8344/4189/614 8346/4191/614 8345/4192/614 8343/4190/614
f 8346/4191/614 8348/4193/614 8347/4194/614 8345/4192/614
f 8348/4193/614 8350/4195/614 8349/4196/614 8347/4194/614
f 8350/4195/614 8352/4197/614 8351/4198/614 8349/4196/614
f 8352/4197/614 8354/4199/614 8353/4200/614 8351/4198/614
f 8354/4199/614 8356/4201/614 8355/4202/614 8353/4200/614
f 8356/4201/614 8358/4203/614 8357/4204/614 8355/4202/614
f 8358/4203/614 8360/4205/614 8359/4206/614 8357/4204/614
f 8360/4205/614 8362/4207/614 8361/4208/614 8359/4206/614
f 8362/4207/614 8364/4209/614 8363/4210/614 8361/4208/614
f 8364/4209/614 7994/3188/840 7993/2205/840 8363/4210/614
f 8366/2373/1397 8368/4211/1398 8367/4212/1398 8365/2325/1397
f 8368/4211/1398 8370/4213/1038 8369/4214/1038 8367/4212/1398
f 8370/4213/1038 8372/4215/1399 8371/4216/1399 8369/4214/1038
f 8372/4215/1399 8374/4217/1040 8373/449/1040 8371/4216/1399
f 8374/4217/1040 8376/3195/1041 8375/3196/1041 8373/449/1040
f 8376/3195/1041 8378/4218/1042 8377/4219/1042 8375/3196/1041
f 8378/4218/1042 8380/4220/1043 8379/4221/1043 8377/4219/1042
f 8380/4220/1043 8382/4222/1044 8381/353/1044 8379/4221/1043
f 8382/4222/1044 8384/4223/1045 8383/4224/1045 8381/353/1044
f 8384/4223/1045 8386/3203/1046 8385/3204/1046 8383/4224/1045
f 8386/3203/1046 8388/4225/1047 8387/4226/1047 8385/3204/1046
f 8388/4225/1047 8390/4227/1048 8389/219/1048 8387/4226/1047
f 8390/4227/1048 8392/4228/1049 8391/4229/1049 8389/219/1048
f 8392/4228/1049 8394/4230/1050 8393/4231/1050 8391/4229/1049
f 8394/4230/1050 8396/3211/1051 8395/3212/1051 8393/4231/1050
f 8396/3211/1051 8398/4232/1052 8397/678/1052 8395/3212/1051
f 8398/4232/1052 8400/4233/1053 8399/4234/1053 8397/678/1052
f 8400/4233/1053 8402/4235/1054 8401/4236/1054 8399/4234/1053
f 8402/4235/1054 8404/4237/1055 8403/4238/1055 8401/4236/1054
f 8404/4237/1055 8406/2642/1056 8405/959/1056 8403/4238/1055
f 8406/2642/1056 8408/4239/1400 8407/4240/1400 8405/959/1056
f 8408/4239/1400 8410/4241/1058 8409/4242/1058 8407/4240/1400
f 8410/4241/1058 8412/4243/1059 8411/4244/1059 8409/4242/1058
f 8412/4243/1059 8414/4245/1060 8413/966/1060 8411/4244/1059
f 8414/4245/1060 8416/3225/1061 8415/3226/1061 8413/966/1060
f 8416/3225/1061 8418/4246/1062 8417/4247/1062 8415/3226/1061
f 8418/4246/1062 8420/4248/1063 8419/4249/1063 8417/4247/1062
f 8420/4248/1063 8422/4250/1064 8421/1241/1064 8419/4249/1063
f 8422/4250/1064 8424/4251/1401 8423/4252/1401 8421/1241/1064
f 8424/4251/1401 8426/3233/1402 8425/3234/1402 8423/4252/1401
f 8426/3233/1402 8428/4253/1403 8427/4254/1403 8425/3234/1402
f 8428/4253/1403 8430/4255/1404 8429/1103/1404 8427/4254/1403
f 8430/4255/1404 8432/4256/1405 8431/4257/1405 8429/1103/1404
f 8432/4256/1405 8434/4258/1070 8433/4259/1070 8431/4257/1405
f 8434/4258/1070 8436/3241/1406 8435/3242/1406 8433/4259/1070
f 8436/3241/1406 8438/4260/1072 8437/1274/1072 8435/3242/1406
f 8438/4260/1072 8440/4261/614 8439/4262/614 8437/1274/1072
f 8440/4261/614 8442/4263/614 8441/4264/614 8439/4262/614
f 8442/4263/614 8444/4265/614 8443/4266/614 8441/4264/614
f 8444/4265/614 8446/2915/614 8445/1612/614 8443/4266/614
f 8446/2915/614 8448/4267/614 8447/4268/614 8445/1612/614
f 8448/4267/614 8450/4269/614 8449/4270/614 8447/4268/614
f 8450/4269/614 8452/4271/614 8451/4272/614 8449/4270/614
f 8452/4271/614 8454/4273/614 8453/1572/614 8451/4272/614
f 8454/4273/614 8456/3255/614 8455/3256/614 8453/1572/614
f 8456/3255/614 8458/4274/614 8457/4275/614 8455/3256/614
f 8458/4274/614 8460/4276/614 8459/4277/614 8457/4275/614
f 8460/4276/614 8462/4278/1073 8461/1839/1073 8459/4277/614
f 8462/4278/1073 8464/4279/1074 8463/4280/1074 8461/1839/1073
f 8464/4279/1074 8466/3263/1407 8465/3264/1407 8463/4280/1074
f 8466/3263/1407 8468/4281/1408 8467/4282/1408 8465/3264/1407
f 8468/4281/1408 8470/4283/1409 8469/1946/1409 8467/4282/1408
f 8470/4283/1409 8472/4284/1078 8471/4285/1078 8469/1946/1409
f 8472/4284/1078 8474/4286/1410 8473/4287/1410 8471/4285/1078
f 8474/4286/1410 8476/3271/1411 8475/3272/1411 8473/4287/1410
f 8476/3271/1411 8478/4288/1412 8477/2081/1412 8475/3272/1411
f 8478/4288/1412 8480/4289/1413 8479/4290/1413 8477/2081/1412
f 8480/4289/1413 8482/4291/1083 8481/4292/1083 8479/4290/1413
f 8482/4291/1083 8484/4293/1414 8483/4294/1414 8481/4292/1083
f 8484/4293/1414 8366/3188/1397 8365/2205/1397 8483/4294/1414
f 8486/2373/1415 8488/4299/1331 8487/4300/1331 8485/2325/1415
f 8488/4299/1331 8490/3189/1332 8489/3190/1332 8487/4300/1331
f 8490/3189/1332 8492/4309/571 8491/4310/571 8489/3190/1332
f 8492/4309/571 8494/3191/842 8493/3192/842 8491/4310/571
f 8494/3191/842 8496/4319/1333 8495/4320/1333 8493/3192/842
f 8496/4319/1333 8498/3193/1334 8497/3194/1334 8495/4320/1333
f 8498/3193/1334 8500/4329/1416 8499/4330/1416 8497/3194/1334
f 8500/4329/1416 8502/3195/1417 8501/3196/1417 8499/4330/1416
f 8502/3195/1417 8504/4339/1340 8503/4340/1340 8501/3196/1417
f 8504/4339/1340 8506/3197/1418 8505/3198/1418 8503/4340/1340
f 8506/3197/1418 8508/4349/1419 8507/4350/1419 8505/3198/1418
f 8508/4349/1419 8510/3199/626 8509/3200/626 8507/4350/1419
f 8510/3199/626 8512/4359/626 8511/4360/626 8509/3200/626
f 8512/4359/626 8514/3201/626 8513/3202/626 8511/4360/626
f 8514/3201/626 8516/4369/626 8515/4370/626 8513/3202/626
f 8516/4369/626 8518/3203/626 8517/3204/626 8515/4370/626
f 8518/3203/626 8520/4379/626 8519/4380/626 8517/3204/626
f 8520/4379/626 8522/3205/626 8521/3206/626 8519/4380/626
f 8522/3205/626 8524/4389/626 8523/4390/626 8521/3206/626
f 8524/4389/626 8526/3207/626 8525/3208/626 8523/4390/626
f 8526/3207/626 8528/4399/626 8527/4400/626 8525/3208/626
f 8528/4399/626 8530/3209/626 8529/3210/626 8527/4400/626
f 8530/3209/626 8532/4409/1362 8531/4410/1362 8529/3210/626
f 8532/4409/1362 8534/3211/1361 8533/3212/1361 8531/4410/1362
f 8534/3211/1361 8536/4419/1420 8535/4420/1420 8533/3212/1361
f 8536/4419/1420 8538/3213/1360 8537/3214/1360 8535/4420/1420
f 8538/3213/1360 8540/4429/1421 8539/4430/1421 8537/3214/1360
f 8540/4429/1421 8542/3215/690 8541/3216/690 8539/4430/1421
f 8542/3215/690 8544/4439/982 8543/4440/982 8541/3216/690
f 8544/4439/982 8546/3217/1422 8545/3218/1422 8543/4440/982
f 8546/3217/1422 8548/4449/1423 8547/4450/1423 8545/3218/1422
f 8548/4449/1423 8550/2642/686 8549/959/686 8547/4450/1423
f 8550/2642/686 8552/4459/685 8551/4460/685 8549/959/686
f 8552/4459/685 8554/3219/1357 8553/3220/1357 8551/4460/685
f 8554/3219/1357 8556/4469/1356 8555/4470/1356 8553/3220/1357
f 8556/4469/1356 8558/3221/638 8557/3222/638 8555/4470/1356
f 8558/3221/638 8560/4479/638 8559/4480/638 8557/3222/638
f 8560/4479/638 8562/3223/638 8561/3224/638 8559/4480/638
f 8562/3223/638 8564/4489/638 8563/4490/638 8561/3224/638
f 8564/4489/638 8566/3225/638 8565/3226/638 8563/4490/638
f 8566/3225/638 8568/4499/638 8567/4500/638 8565/3226/638
f 8568/4499/638 8570/3227/638 8569/3228/638 8567/4500/638
f 8570/3227/638 8572/4509/638 8571/4510/638 8569/3228/638
f 8572/4509/638 8574/3229/638 8573/3230/638 8571/4510/638
f 8574/3229/638 8576/4519/638 8575/4520/638 8573/3230/638
f 8576/4519/638 8578/3231/638 8577/3232/638 8575/4520/638
f 8578/3231/638 8580/4529/1424 8579/4530/1424 8577/3232/638
f 8580/4529/1424 8582/3233/1425 8581/3234/1425 8579/4530/1424
f 8582/3233/1425 8584/4539/1426 8583/4540/1426 8581/3234/1425
f 8584/4539/1426 8586/3235/1427 8585/3236/1427 8583/4540/1426
f 8586/3235/1427 8588/4549/1428 8587/4550/1428 8585/3236/1427
f 8588/4549/1428 8590/3237/1429 8589/3238/1429 8587/4550/1428
f 8590/3237/1429 8592/4559/1430 8591/4560/1430 8589/3238/1429
f 8592/4559/1430 8594/3239/1431 8593/3240/1431 8591/4560/1430
f 8594/3239/1431 8596/4569/1432 8595/4570/1432 8593/3240/1431
f 8596/4569/1432 8598/3241/1433 8597/3242/1433 8595/4570/1432
f 8598/3241/1433 8600/4579/1434 8599/4580/1434 8597/3242/1433
f 8600/4579/1434 8602/3243/1435 8601/3244/1435 8599/4580/1434
f 8602/3243/1435 8604/4589/1436 8603/4590/1436 8601/3244/1435
f 8604/4589/1436 8606/3245/1437 8605/3246/1437 8603/4590/1436
f 8606/3245/1437 8608/4599/1438 8607/4600/1438 8605/3246/1437
f 8608/4599/1438 8610/3247/1438 8609/3248/1438 8607/4600/1438
f 8610/3247/1438 8612/4609/1437 8611/4610/1437 8609/3248/1438
f 8612/4609/1437 8614/2915/1437 8613/1612/1437 8611/4610/1437
f 8614/2915/1437 8616/4619/1437 8615/4620/1437 8613/1612/1437
f 8616/4619/1437 8618/3249/1437 8617/3250/1437 8615/4620/1437
f 8618/3249/1437 8620/4629/1438 8619/4630/1438 8617/3250/1437
f 8620/4629/1438 8622/3251/1438 8621/3252/1438 8619/4630/1438
f 8622/3251/1438 8624/4639/1438 8623/4640/1438 8621/3252/1438
f 8624/4639/1438 8626/3253/1437 8625/3254/1437 8623/4640/1438
f 8626/3253/1437 8628/4649/1439 8627/4650/1439 8625/3254/1437
f 8628/4649/1439 8630/3255/1440 8629/3256/1440 8627/4650/1439
f 8630/3255/1440 8632/4659/1441 8631/4660/1441 8629/3256/1440
f 8632/4659/1441 8634/3257/1442 8633/3258/1442 8631/4660/1441
f 8634/3257/1442 8636/4669/1443 8635/4670/1443 8633/3258/1442
f 8636/4669/1443 8638/3259/1444 8637/3260/1444 8635/4670/1443
f 8638/3259/1444 8640/4679/1445 8639/4680/1445 8637/3260/1444
f 8640/4679/1445 8642/3261/1446 8641/3262/1446 8639/4680/1445
f 8642/3261/1446 8644/4689/1447 8643/4690/1447 8641/3262/1446
f 8644/4689/1447 8646/3263/1448 8645/3264/1448 8643/4690/1447
f 8646/3263/1448 8648/4699/1449 8647/4700/1449 8645/3264/1448
f 8648/4699/1449 8650/3265/1450 8649/3266/1450 8647/4700/1449
f 8650/3265/1450 8652/4709/1451 8651/4710/1451 8649/3266/1450
f 8652/4709/1451 8654/3267/614 8653/3268/614 8651/4710/1451
f 8654/3267/614 8656/4719/614 8655/4720/614 8653/3268/614
f 8656/4719/614 8658/3269/614 8657/3270/614 8655/4720/614
f 8658/3269/614 8660/4729/614 8659/4730/614 8657/3270/614
f 8660/4729/614 8662/3271/614 8661/3272/614 8659/4730/614
f 8662/3271/614 8664/4739/614 8663/4740/614 8661/3272/614
f 8664/4739/614 8666/3273/614 8665/3274/614 8663/4740/614
f 8666/3273/614 8668/4749/614 8667/4750/614 8665/3274/614
f 8668/4749/614 8670/3275/614 8669/3276/614 8667/4750/614
f 8670/3275/614 8672/4759/614 8671/4760/614 8669/3276/614
f 8672/4759/614 8674/3277/614 8673/3278/614 8671/4760/614
f 8674/3277/614 8676/4769/1452 8675/4770/1452 8673/3278/614
f 8676/4769/1452 8486/3188/1415 8485/2205/1415 8675/4770/1452
f 8678/2373/1318 8680/5299/614 8679/5300/614 8677/2325/1318
f 8680/5299/614 8682/5301/614 8681/5302/614 8679/5300/614
f 8682/5301/614 8684/5303/614 8683/5304/614 8681/5302/614
f 8684/5303/614 8686/5305/614 8685/5306/614 8683/5304/614
f 8686/5305/614 8688/4218/614 8687/4219/614 8685/5306/614
f 8688/4218/614 8690/5307/614 8689/5308/614 8687/4219/614
f 8690/5307/614 8692/5309/614 8691/5310/614 8689/5308/614
f 8692/5309/614 8694/5311/614 8693/5312/614 8691/5310/614
f 8694/5311/614 8696/5313/614 8695/5314/614 8693/5312/614
f 8696/5313/614 8698/4227/614 8697/219/614 8695/5314/614
f 8698/4227/614 8700/5315/614 8699/5316/614 8697/219/614
f 8700/5315/614 8702/5317/1346 8701/5318/1346 8699/5316/614
f 8702/5317/1346 8704/5319/1415 8703/5320/1415 8701/5318/1346
f 8704/5319/1415 8706/5321/660 8705/5322/660 8703/5320/1415
f 8706/5321/660 8708/4235/659 8707/4236/659 8705/5322/660
f 8708/4235/659 8710/5323/658 8709/5324/658 8707/4236/659
f 8710/5323/658 8712/5325/1453 8711/5326/1453 8709/5324/658
f 8712/5325/1453 8714/5327/1342 8713/5328/1342 8711/5326/1453
f 8714/5327/1342 8716/5329/1334 8715/5330/1334 8713/5328/1342
f 8716/5329/1334 8718/4245/1341 8717/966/1341 8715/5330/1334
f 8718/4245/1341 8720/5331/1454 8719/5332/1454 8717/966/1341
f 8720/5331/1454 8722/5333/1340 8721/5334/1340 8719/5332/1454
f 8722/5333/1340 8724/5335/484 8723/5336/484 8721/5334/1340
f 8724/5335/484 8726/5337/1337 8725/5338/1337 8723/5336/484
f 8726/5337/1337 8728/3233/626 8727/3234/626 8725/5338/1337
f 8728/3233/626 8730/5339/626 8729/5340/626 8727/3234/626
f 8730/5339/626 8732/5341/626 8731/5342/626 8729/5340/626
f 8732/5341/626 8734/5343/626 8733/5344/626 8731/5342/626
f 8734/5343/626 8736/5345/626 8735/5346/626 8733/5344/626
f 8736/5345/626 8738/4260/626 8737/1274/626 8735/5346/626
f 8738/4260/626 8740/5347/626 8739/5348/626 8737/1274/626
f 8740/5347/626 8742/5349/626 8741/5350/626 8739/5348/626
f 8742/5349/626 8744/5351/626 8743/5352/626 8741/5350/626
f 8744/5351/626 8746/5353/626 8745/5354/626 8743/5352/626
f 8746/5353/626 8748/4269/626 8747/4270/626 8745/5354/626
f 8750/5355/1307 8752/5356/1455 8751/5357/1455 8749/5358/1307
f 8752/5356/1455 8754/4278/1456 8753/1839/1456 8751/5357/1455
f 8754/4278/1456 8756/5359/1457 8755/5360/1457 8753/1839/1456
f 8756/5359/1457 8758/5361/1458 8757/5362/1458 8755/5360/1457
f 8758/5361/1458 8760/5363/1024 8759/5364/1024 8757/5362/1458
f 8760/5363/1024 8762/5365/1459 8761/5366/1459 8759/5364/1024
f 8762/5365/1459 8764/4286/1460 8763/4287/1460 8761/5366/1459
f 8764/4286/1460 8766/5367/1461 8765/5368/1461 8763/4287/1460
f 8766/5367/1461 8768/5369/1322 8767/5370/1322 8765/5368/1461
f 8768/5369/1322 8770/5371/1120 8769/5372/1120 8767/5370/1322
f 8770/5371/1120 8772/5373/1317 8771/5374/1317 8769/5372/1120
f 8772/5373/1317 8678/3188/1318 8677/2205/1318 8771/5374/1317
f 8774/2373/1462 8776/5375/1463 8775/5376/1463 8773/2325/1462
f 8776/5375/1463 8778/5377/1464 8777/5378/1464 8775/5376/1463
f 8778/5377/1464 8780/5379/1465 8779/5380/1465 8777/5378/1464
f 8780/5379/1465 8782/5381/1466 8781/5382/1466 8779/5380/1465
f 8782/5381/1466 8784/5383/1467 8783/5384/1467 8781/5382/1466
f 8784/5383/1467 8786/5385/1468 8785/5386/1468 8783/5384/1467
f 8786/5385/1468 8788/5387/1469 8787/5388/1469 8785/5386/1468
f 8788/5387/1469 8790/5389/1470 8789/5390/1470 8787/5388/1469
f 8790/5389/1470 8792/5391/1471 8791/5392/1471 8789/5390/1470
f 8792/5391/1471 8794/5393/1472 8793/5394/1472 8791/5392/1471
f 8794/5393/1472 8796/5395/1473 8795/5396/1473 8793/5394/1472
f 8796/5395/1473 8798/5397/1474 8797/5398/1474 8795/5396/1473
f 8798/5397/1474 8800/5399/1475 8799/5400/1475 8797/5398/1474
f 8800/5399/1475 8802/5401/1476 8801/5402/1476 8799/5400/1475
f 8802/5401/1476 8804/5403/1477 8803/5404/1477 8801/5402/1476
f 8804/5403/1477 8806/5405/1478 8805/5406/1478 8803/5404/1477
f 8806/5405/1478 8808/5407/1479 8807/5408/1479 8805/5406/1478
f 8808/5407/1479 8810/5409/1480 8809/5410/1480 8807/5408/1479
f 8810/5409/1480 8812/5411/1481 8811/5412/1481 8809/5410/1480
f 8812/5411/1481 8814/5413/1482 8813/5414/1482 8811/5412/1481
f 8814/5413/1482 8816/5415/1483 8815/5416/1483 8813/5414/1482
f 8816/5415/1483 8818/5417/1484 8817/5418/1484 8815/5416/1483
f 8818/5417/1484 8820/5419/1485 8819/5420/1485 8817/5418/1484
f 8820/5419/1485 8822/5421/1486 8821/5422/1486 8819/5420/1485
f 8822/5421/1486 8824/5423/1487 8823/5424/1487 8821/5422/1486
f 8824/5423/1487 8826/5425/626 8825/5426/626 8823/5424/1487
f 8826/5425/626 8828/5427/626 8827/5428/626 8825/5426/626
f 8828/5427/626 8830/5429/626 8829/5430/626 8827/5428/626
f 8830/5429/626 8832/2642/626 8831/959/626 8829/5430/626
f 8832/2642/626 8834/5431/626 8833/5432/626 8831/959/626
f 8834/5431/626 8836/5433/626 8835/5434/626 8833/5432/626
f 8836/5433/626 8838/5435/626 8837/5436/626 8835/5434/626
f 8838/5435/626 8840/5437/626 8839/5438/626 8837/5436/626
f 8840/5437/626 8842/5439/626 8841/5440/626 8839/5438/626
f 8842/5439/626 8844/5441/626 8843/5442/626 8841/5440/626
f 8844/5441/626 8846/5443/626 8845/5444/626 8843/5442/626
f 8848/5445/832 8850/5446/672 8849/5447/672 8847/5448/832
f 8850/5446/672 8852/5449/1488 8851/5450/1488 8849/5447/672
f 8852/5449/1488 8854/5451/1113 8853/5452/1113 8851/5450/1488
f 8854/5451/1113 8856/5453/1489 8855/5454/1489 8853/5452/1113
f 8856/5453/1489 8858/5455/1490 8857/5456/1490 8855/5454/1489
f 8858/5455/1490 8860/5457/667 8859/5458/667 8857/5456/1490
f 8860/5457/667 8862/5459/1324 8861/5460/1324 8859/5458/667
f 8862/5459/1324 8864/5461/665 8863/5462/665 8861/5460/1324
f 8864/5461/665 8866/5463/664 8865/5464/664 8863/5462/665
f 8866/5463/664 8868/5465/1491 8867/5466/1491 8865/5464/664
f 8868/5465/1491 8870/5467/662 8869/5468/662 8867/5466/1491
f 8870/5467/662 8872/5469/1319 8871/5470/1319 8869/5468/662
f 8872/5469/1319 8874/5471/614 8873/5472/614 8871/5470/1319
f 8874/5471/614 8876/5473/614 8875/5474/614 8873/5472/614
f 8876/5473/614 8878/5475/614 8877/5476/614 8875/5474/614
f 8878/5475/614 8880/5477/614 8879/5478/614 8877/5476/614
f 8880/5477/614 8882/5479/614 8881/5480/614 8879/5478/614
f 8882/5479/614 8884/5481/614 8883/5482/614 8881/5480/614
f 8884/5481/614 8886/2915/614 8885/1612/614 8883/5482/614
f 8886/2915/614 8888/5483/614 8887/5484/614 8885/1612/614
f 8888/5483/614 8890/5485/614 8889/5486/614 8887/5484/614
f 8890/5485/614 8892/5487/614 8891/5488/614 8889/5486/614
f 8892/5487/614 8894/5489/614 8893/5490/614 8891/5488/614
f 8894/5489/614 8896/5491/1492 8895/5492/1492 8893/5490/614
f 8896/5491/1492 8898/5493/1493 8897/5494/1493 8895/5492/1492
f 8898/5493/1493 8900/5495/1494 8899/5496/1494 8897/5494/1493
f 8900/5495/1494 8902/5497/1495 8901/5498/1495 8899/5496/1494
f 8902/5497/1495 8904/5499/1496 8903/5500/1496 8901/5498/1495
f 8904/5499/1496 8906/5501/1497 8905/5502/1497 8903/5500/1496
f 8906/5501/1497 8908/5503/1498 8907/5504/1498 8905/5502/1497
f 8908/5503/1498 8910/5505/1499 8909/5506/1499 8907/5504/1498
f 8910/5505/1499 8912/5507/1500 8911/5508/1500 8909/5506/1499
f 8912/5507/1500 8914/5509/1501 8913/5510/1501 8911/5508/1500
f 8914/5509/1501 8916/5511/1502 8915/5512/1502 8913/5510/1501
f 8916/5511/1502 8918/5513/1503 8917/5514/1503 8915/5512/1502
f 8918/5513/1503 8920/5515/1504 8919/5516/1504 8917/5514/1503
f 8920/5515/1504 8922/5517/626 8921/5518/626 8919/5516/1504
f 8922/5517/626 8924/5519/626 8923/5520/626 8921/5518/626
f 8924/5519/626 8926/5521/626 8925/5522/626 8923/5520/626
f 8926/5521/626 8928/5523/626 8927/5524/626 8925/5522/626
f 8928/5523/626 8930/5525/626 8929/5526/626 8927/5524/626
f 8930/5525/626 8932/5527/626 8931/5528/626 8929/5526/626
f 8932/5527/626 8934/5529/626 8933/5530/626 8931/5528/626
f 8934/5529/626 8936/5531/626 8935/5532/626 8933/5530/626
f 8936/5531/626 8938/5533/626 8937/5534/626 8935/5532/626
f 8938/5533/626 8940/5535/626 8939/5536/626 8937/5534/626
f 8940/5535/626 8942/5537/626 8941/5538/626 8939/5536/626
f 8942/5537/626 8774/3188/1462 8773/2205/1462 8941/5538/626
f 8944/2373/1505 8946/5539/638 8945/5540/638 8943/2325/1505
f 8946/5539/638 8948/5541/638 8947/5542/638 8945/5540/638
f 8948/5541/638 8950/5543/638 8949/5544/638 8947/5542/638
f 8950/5543/638 8952/5545/638 8951/5546/638 8949/5544/638
f 8952/5545/638 8954/5547/638 8953/5548/638 8951/5546/638
f 8954/5547/638 8956/5549/638 8955/5550/638 8953/5548/638
f 8956/5549/638 8958/5551/638 8957/5552/638 8955/5550/638
f 8958/5551/638 8960/5553/638 8959/5554/638 8957/5552/638
f 8960/5553/638 8962/5555/638 8961/5556/638 8959/5554/638
f 8962/5555/638 8964/5557/638 8963/5558/638 8961/5556/638
f 8964/5557/638 8966/5559/638 8965/5560/638 8963/5558/638
f 8966/5559/638 8968/5561/1506 8967/5562/1506 8965/5560/638
f 8968/5561/1506 8970/5563/1507 8969/5564/1507 8967/5562/1506
f 8970/5563/1507 8972/5565/1508 8971/5566/1508 8969/5564/1507
f 8972/5565/1508 8974/5567/1509 8973/5568/1509 8971/5566/1508
f 8974/5567/1509 8976/5569/1382 8975/5570/1382 8973/5568/1509
f 8976/5569/1382 8978/5571/1510 8977/5572/1510 8975/5570/1382
f 8978/5571/1510 8980/5573/1511 8979/5574/1511 8977/5572/1510
f 8980/5573/1511 8982/5575/1512 8981/5576/1512 8979/5574/1511
f 8982/5575/1512 8984/5577/1513 8983/5578/1513 8981/5576/1512
f 8984/5577/1513 8986/5579/1514 8985/5580/1514 8983/5578/1513
f 8986/5579/1514 8988/5581/1515 8987/5582/1515 8985/5580/1514
f 8988/5581/1515 8990/3211/1516 8989/3212/1516 8987/5582/1515
f 8990/3211/1516 8992/5583/1487 8991/5584/1487 8989/3212/1516
f 8992/5583/1487 8994/5585/626 8993/5586/626 8991/5584/1487
f 8994/5585/626 8996/5587/626 8995/5588/626 8993/5586/626
f 8996/5587/626 8998/5589/626 8997/5590/626 8995/5588/626
f 8998/5589/626 9000/5591/626 8999/5592/626 8997/5590/626
f 9000/5591/626 9002/5593/626 9001/5594/626 8999/5592/626
f 9002/5593/626 9004/5595/626 9003/5596/626 9001/5594/626
f 9004/5595/626 9006/5597/626 9005/5598/626 9003/5596/626
f 9006/5597/626 9008/5599/626 9007/5600/626 9005/5598/626
f 9008/5599/626 9010/5601/626 9009/5602/626 9007/5600/626
f 9010/5601/626 9012/5603/626 9011/5604/626 9009/5602/626
f 9012/5603/626 9014/5605/626 9013/5606/626 9011/5604/626
f 9014/5605/626 9016/5607/1517 9015/5608/1517 9013/5606/626
f 9016/5607/1517 9018/5609/1518 9017/5610/1518 9015/5608/1517
f 9018/5609/1518 9020/5611/1519 9019/5612/1519 9017/5610/1518
f 9020/5611/1519 9022/5613/1520 9021/5614/1520 9019/5612/1519
f 9022/5613/1520 9024/5615/1521 9023/5616/1521 9021/5614/1520
f 9024/5615/1521 9026/5617/1522 9025/5618/1522 9023/5616/1521
f 9026/5617/1522 9028/5619/1523 9027/5620/1523 9025/5618/1522
f 9028/5619/1523 9030/5621/1524 9029/5622/1524 9027/5620/1523
f 9030/5621/1524 9032/5623/1525 9031/5624/1525 9029/5622/1524
f 9032/5623/1525 9034/5625/1526 9033/5626/1526 9031/5624/1525
f 9034/5625/1526 9036/3233/1527 9035/3234/1527 9033/5626/1526
f 9036/3233/1527 9038/5627/1528 9037/5628/1528 9035/3234/1527
f 9038/5627/1528 9040/5629/1529 9039/5630/1529 9037/5628/1528
f 9040/5629/1529 9042/5631/614 9041/5632/614 9039/5630/1529
f 9042/5631/614 9044/5633/614 9043/5634/614 9041/5632/614
f 9044/5633/614 9046/5635/614 9045/5636/614 9043/5634/614
f 9046/5635/614 9048/5637/614 9047/5638/614 9045/5636/614
f 9048/5637/614 9050/5639/614 9049/5640/614 9047/5638/614
f 9050/5639/614 9052/5641/614 9051/5642/614 9049/5640/614
f 9052/5641/614 9054/5643/614 9053/5644/614 9051/5642/614
f 9054/5643/614 9056/5645/614 9055/5646/614 9053/5644/614
f 9056/5645/614 9058/5647/614 9057/5648/614 9055/5646/614
f 9058/5647/614 9060/5649/614 9059/5650/614 9057/5648/614
f 9060/5649/614 9062/5651/614 9061/5652/614 9059/5650/614
f 9062/5651/614 9064/5653/1530 9063/5654/1530 9061/5652/614
f 9064/5653/1530 9066/5655/1531 9065/5656/1531 9063/5654/1530
f 9066/5655/1531 9068/5657/1532 9067/5658/1532 9065/5656/1531
f 9068/5657/1532 9070/5659/1533 9069/5660/1533 9067/5658/1532
f 9070/5659/1533 9072/5661/1534 9071/5662/1534 9069/5660/1533
f 9072/5661/1534 9074/5663/1535 9073/5664/1535 9071/5662/1534
f 9074/5663/1535 9076/5665/1536 9075/5666/1536 9073/5664/1535
f 9076/5665/1536 9078/5667/1537 9077/5668/1537 9075/5666/1536
f 9078/5667/1537 9080/5669/1538 9079/5670/1538 9077/5668/1537
f 9080/5669/1538 9082/3255/1539 9081/3256/1539 9079/5670/1538
f 9082/3255/1539 9084/5671/1540 9083/5672/1540 9081/3256/1539
f 9084/5671/1540 9086/5673/1541 9085/5674/1541 9083/5672/1540
f 9086/5673/1541 9088/5675/1542 9087/5676/1542 9085/5674/1541
f 9088/5675/1542 9090/5677/650 9089/5678/650 9087/5676/1542
f 9090/5677/650 9092/5679/650 9091/5680/650 9089/5678/650
f 9092/5679/650 9094/5681/650 9093/5682/650 9091/5680/650
f 9094/5681/650 9096/5683/650 9095/5684/650 9093/5682/650
f 9096/5683/650 9098/5685/650 9097/5686/650 9095/5684/650
f 9098/5685/650 9100/5687/650 9099/5688/650 9097/5686/650
f 9100/5687/650 9102/5689/650 9101/5690/650 9099/5688/650
f 9102/5689/650 9104/5691/1543 9103/5692/1543 9101/5690/650
f 9104/5691/1543 9106/5693/1544 9105/5694/1544 9103/5692/1543
f 9106/5693/1544 9108/5695/1545 9107/5696/1545 9105/5694/1544
f 9108/5695/1545 9110/5697/1546 9109/5698/1546 9107/5696/1545
f 9110/5697/1546 9112/5699/1547 9111/5700/1547 9109/5698/1546
f 9112/5699/1547 9114/5701/1548 9113/5702/1548 9111/5700/1547
f 9114/5701/1548 9116/5703/1549 9115/5704/1549 9113/5702/1548
f 9116/5703/1549 9118/5705/1550 9117/5706/1550 9115/5704/1549
f 9118/5705/1550 9120/5707/1551 9119/5708/1551 9117/5706/1550
f 9120/5707/1551 9122/5709/1552 9121/5710/1552 9119/5708/1551
f 9122/5709/1552 9124/5711/1553 9123/5712/1553 9121/5710/1552
f 9124/5711/1553 9126/5713/1554 9125/5714/1554 9123/5712/1553
f 9126/5713/1554 8944/3188/1505 8943/2205/1505 9125/5714/1554
f 9128/2373/1555 9130/4299/1556 9129/4300/1556 9127/2325/1555
f 9130/4299/1556 9132/3189/1557 9131/3190/1557 9129/4300/1556
f 9132/3189/1557 9134/4309/1558 9133/4310/1558 9131/3190/1557
f 9134/4309/1558 9136/3191/1559 9135/3192/1559 9133/4310/1558
f 9136/3191/1559 9138/4319/1560 9137/4320/1560 9135/3192/1559
f 9138/4319/1560 9140/3193/1561 9139/3194/1561 9137/4320/1560
f 9140/3193/1561 9142/4329/1562 9141/4330/1562 9139/3194/1561
f 9142/4329/1562 9144/3195/1563 9143/3196/1563 9141/4330/1562
f 9144/3195/1563 9146/4339/1564 9145/4340/1564 9143/3196/1563
f 9146/4339/1564 9148/3197/1565 9147/3198/1565 9145/4340/1564
f 9148/3197/1565 9150/4349/1566 9149/4350/1566 9147/3198/1565
f 9150/4349/1566 9152/3199/650 9151/3200/650 9149/4350/1566
f 9152/3199/650 9154/4359/650 9153/4360/650 9151/3200/650
f 9154/4359/650 9156/3201/650 9155/3202/650 9153/4360/650
f 9156/3201/650 9158/4369/650 9157/4370/650 9155/3202/650
f 9158/4369/650 9160/3203/650 9159/3204/650 9157/4370/650
f 9160/3203/650 9162/4379/650 9161/4380/650 9159/3204/650
f 9162/4379/650 9164/3205/650 9163/3206/650 9161/4380/650
f 9164/3205/650 9166/4389/650 9165/4390/650 9163/3206/650
f 9166/4389/650 9168/3207/650 9167/3208/650 9165/4390/650
f 9168/3207/650 9170/4399/650 9169/4400/650 9167/3208/650
f 9170/4399/650 9172/3209/650 9171/3210/650 9169/4400/650
f 9172/3209/650 9174/4409/1567 9173/4410/1567 9171/3210/650
f 9174/4409/1567 9176/3211/1568 9175/3212/1568 9173/4410/1567
f 9176/3211/1568 9178/4419/1569 9177/4420/1569 9175/3212/1568
f 9178/4419/1569 9180/3213/1570 9179/3214/1570 9177/4420/1569
f 9180/3213/1570 9182/4429/1571 9181/4430/1571 9179/3214/1570
f 9182/4429/1571 9184/3215/1572 9183/3216/1572 9181/4430/1571
f 9184/3215/1572 9186/4439/1573 9185/4440/1573 9183/3216/1572
f 9186/4439/1573 9188/3217/1574 9187/3218/1574 9185/4440/1573
f 9188/3217/1574 9190/4449/1575 9189/4450/1575 9187/3218/1574
f 9190/4449/1575 9192/2642/1576 9191/959/1576 9189/4450/1575
f 9192/2642/1576 9194/4459/1577 9193/4460/1577 9191/959/1576
f 9194/4459/1577 9196/3219/1578 9195/3220/1578 9193/4460/1577
f 9196/3219/1578 9198/4469/1579 9197/4470/1579 9195/3220/1578
f 9198/4469/1579 9200/3221/614 9199/3222/614 9197/4470/1579
f 9200/3221/614 9202/4479/614 9201/4480/614 9199/3222/614
f 9202/4479/614 9204/3223/614 9203/3224/614 9201/4480/614
f 9204/3223/614 9206/4489/614 9205/4490/614 9203/3224/614
f 9206/4489/614 9208/3225/614 9207/3226/614 9205/4490/614
f 9208/3225/614 9210/4499/614 9209/4500/614 9207/3226/614
f 9210/4499/614 9212/3227/614 9211/3228/614 9209/4500/614
f 9212/3227/614 9214/4509/614 9213/4510/614 9211/3228/614
f 9214/4509/614 9216/3229/614 9215/3230/614 9213/4510/614
f 9216/3229/614 9218/4519/614 9217/4520/614 9215/3230/614
f 9218/4519/614 9220/3231/614 9219/3232/614 9217/4520/614
f 9220/3231/614 9222/4529/1580 9221/4530/1580 9219/3232/614
f 9222/4529/1580 9224/3233/1581 9223/3234/1581 9221/4530/1580
f 9224/3233/1581 9226/4539/1582 9225/4540/1582 9223/3234/1581
f 9226/4539/1582 9228/3235/1583 9227/3236/1583 9225/4540/1582
f 9228/3235/1583 9230/4549/1584 9229/4550/1584 9227/3236/1583
f 9230/4549/1584 9232/3237/1585 9231/3238/1585 9229/4550/1584
f 9232/3237/1585 9234/4559/1586 9233/4560/1586 9231/3238/1585
f 9234/4559/1586 9236/3239/1587 9235/3240/1587 9233/4560/1586
f 9236/3239/1587 9238/4569/1588 9237/4570/1588 9235/3240/1587
f 9238/4569/1588 9240/3241/1589 9239/3242/1589 9237/4570/1588
f 9240/3241/1589 9242/4579/1590 9241/4580/1590 9239/3242/1589
f 9242/4579/1590 9244/3243/1591 9243/3244/1591 9241/4580/1590
f 9244/3243/1591 9246/4589/1592 9245/4590/1592 9243/3244/1591
f 9246/4589/1592 9248/3245/626 9247/3246/626 9245/4590/1592
f 9248/3245/626 9250/4599/626 9249/4600/626 9247/3246/626
f 9250/4599/626 9252/3247/626 9251/3248/626 9249/4600/626
f 9252/3247/626 9254/4609/626 9253/4610/626 9251/3248/626
f 9254/4609/626 9256/2915/626 9255/1612/626 9253/4610/626
f 9256/2915/626 9258/4619/626 9257/4620/626 9255/1612/626
f 9258/4619/626 9260/3249/626 9259/3250/626 9257/4620/626
f 9260/3249/626 9262/4629/626 9261/4630/626 9259/3250/626
f 9262/4629/626 9264/3251/626 9263/3252/626 9261/4630/626
f 9264/3251/626 9266/4639/626 9265/4640/626 9263/3252/626
f 9266/4639/626 9268/3253/626 9267/3254/626 9265/4640/626
f 9268/3253/626 9270/4649/1593 9269/4650/1593 9267/3254/626
f 9270/4649/1593 9272/3255/1594 9271/3256/1594 9269/4650/1593
f 9272/3255/1594 9274/4659/1595 9273/4660/1595 9271/3256/1594
f 9274/4659/1595 9276/3257/1596 9275/3258/1596 9273/4660/1595
f 9276/3257/1596 9278/4669/1597 9277/4670/1597 9275/3258/1596
f 9278/4669/1597 9280/3259/1598 9279/3260/1598 9277/4670/1597
f 9280/3259/1598 9282/4679/1599 9281/4680/1599 9279/3260/1598
f 9282/4679/1599 9284/3261/1600 9283/3262/1600 9281/4680/1599
f 9284/3261/1600 9286/4689/1601 9285/4690/1601 9283/3262/1600
f 9286/4689/1601 9288/3263/1602 9287/3264/1602 9285/4690/1601
f 9288/3263/1602 9290/4699/1603 9289/4700/1603 9287/3264/1602
f 9290/4699/1603 9292/3265/1604 9291/3266/1604 9289/4700/1603
f 9292/3265/1604 9294/4709/1605 9293/4710/1605 9291/3266/1604
f 9294/4709/1605 9296/3267/638 9295/3268/638 9293/4710/1605
f 9296/3267/638 9298/4719/638 9297/4720/638 9295/3268/638
f 9298/4719/638 9300/3269/638 9299/3270/638 9297/4720/638
f 9300/3269/638 9302/4729/638 9301/4730/638 9299/3270/638
f 9302/4729/638 9304/3271/638 9303/3272/638 9301/4730/638
f 9304/3271/638 9306/4739/638 9305/4740/638 9303/3272/638
f 9306/4739/638 9308/3273/638 9307/3274/638 9305/4740/638
f 9308/3273/638 9310/4749/638 9309/4750/638 9307/3274/638
f 9310/4749/638 9312/3275/638 9311/3276/638 9309/4750/638
f 9312/3275/638 9314/4759/638 9313/4760/638 9311/3276/638
f 9314/4759/638 9316/3277/638 9315/3278/638 9313/4760/638
f 9316/3277/638 9318/4769/1606 9317/4770/1606 9315/3278/638
f 9318/4769/1606 9128/3188/1555 9127/2205/1555 9317/4770/1606
f 9320/2373/1607 9322/5715/1608 9321/5716/1608 9319/2325/1607
f 9322/5715/1608 9324/4309/1609 9323/4310/1609 9321/5716/1608
f 9324/4309/1609 9326/5717/1610 9325/5718/1610 9323/4310/1609
f 9326/5717/1610 9328/3193/1611 9327/3194/1611 9325/5718/1610
f 9328/3193/1611 9330/5719/1612 9329/5720/1612 9327/3194/1611
f 9330/5719/1612 9332/4339/1613 9331/4340/1613 9329/5720/1612
f 9332/4339/1613 9334/5721/1614 9333/5722/1614 9331/4340/1613
f 9334/5721/1614 9336/3199/1615 9335/3200/1615 9333/5722/1614
f 9336/3199/1615 9338/5723/1616 9337/5724/1616 9335/3200/1615
f 9338/5723/1616 9340/4369/1617 9339/4370/1617 9337/5724/1616
f 9340/4369/1617 9342/5725/1618 9341/5726/1618 9339/4370/1617
f 9342/5725/1618 9344/3205/626 9343/3206/626 9341/5726/1618
f 9344/3205/626 9346/5727/626 9345/5728/626 9343/3206/626
f 9346/5727/626 9348/4399/626 9347/4400/626 9345/5728/626
f 9348/4399/626 9350/5729/626 9349/5730/626 9347/4400/626
f 9350/5729/626 9352/3211/626 9351/3212/626 9349/5730/626
f 9352/3211/626 9354/5731/626 9353/5732/626 9351/3212/626
f 9354/5731/626 9356/4429/626 9355/4430/626 9353/5732/626
f 9356/4429/626 9358/5733/1619 9357/5734/1619 9355/4430/626
f 9358/5733/1619 9360/3217/1620 9359/3218/1620 9357/5734/1619
f 9360/3217/1620 9362/5735/470 9361/5736/470 9359/3218/1620
f 9362/5735/470 9364/4459/1621 9363/4460/1621 9361/5736/470
f 9364/4459/1621 9366/5737/1622 9365/5738/1622 9363/4460/1621
f 9366/5737/1622 9368/3221/1623 9367/3222/1623 9365/5738/1622
f 9368/3221/1623 9370/5739/1624 9369/5740/1624 9367/3222/1623
f 9370/5739/1624 9372/4489/1625 9371/4490/1625 9369/5740/1624
f 9372/4489/1625 9374/5741/1626 9373/5742/1626 9371/4490/1625
f 9374/5741/1626 9376/3227/1627 9375/3228/1627 9373/5742/1626
f 9376/3227/1627 9378/5743/1628 9377/5744/1628 9375/3228/1627
f 9378/5743/1628 9380/4519/1629 9379/4520/1629 9377/5744/1628
f 9380/4519/1629 9382/5745/1630 9381/5746/1630 9379/4520/1629
f 9382/5745/1630 9384/3233/1631 9383/3234/1631 9381/5746/1630
f 9384/3233/1631 9386/5747/1632 9385/5748/1632 9383/3234/1631
f 9386/5747/1632 9388/4549/1633 9387/4550/1633 9385/5748/1632
f 9388/4549/1633 9390/5749/1634 9389/5750/1634 9387/4550/1633
f 9390/5749/1634 9392/3239/1635 9391/3240/1635 9389/5750/1634
f 9392/3239/1635 9394/5751/1636 9393/5752/1636 9391/3240/1635
f 9394/5751/1636 9396/4579/1637 9395/4580/1637 9393/5752/1636
f 9396/4579/1637 9398/5753/1638 9397/5754/1638 9395/4580/1637
f 9398/5753/1638 9400/3245/1639 9399/3246/1639 9397/5754/1638
f 9400/3245/1639 9402/5755/1640 9401/5756/1640 9399/3246/1639
f 9402/5755/1640 9404/4609/1641 9403/4610/1641 9401/5756/1640
f 9404/4609/1641 9406/5757/1642 9405/5758/1642 9403/4610/1641
f 9406/5757/1642 9408/3249/650 9407/3250/650 9405/5758/1642
f 9408/3249/650 9410/5759/650 9409/5760/650 9407/3250/650
f 9410/5759/650 9412/4639/650 9411/4640/650 9409/5760/650
f 9412/4639/650 9414/5761/650 9413/5762/650 9411/4640/650
f 9414/5761/650 9416/3255/650 9415/3256/650 9413/5762/650
f 9416/3255/650 9418/5763/650 9417/5764/650 9415/3256/650
f 9418/5763/650 9420/4669/650 9419/4670/650 9417/5764/650
f 9420/4669/650 9422/5765/1643 9421/5766/1643 9419/4670/650
f 9422/5765/1643 9424/3261/1644 9423/3262/1644 9421/5766/1643
f 9424/3261/1644 9426/5767/1645 9425/5768/1645 9423/3262/1644
f 9426/5767/1645 9428/4699/1646 9427/4700/1646 9425/5768/1645
f 9428/4699/1646 9430/5769/1647 9429/5770/1647 9427/4700/1646
f 9430/5769/1647 9432/3267/1648 9431/3268/1648 9429/5770/1647
f 9432/3267/1648 9434/5771/1649 9433/5772/1649 9431/3268/1648
f 9434/5771/1649 9436/4729/1650 9435/4730/1650 9433/5772/1649
f 9436/4729/1650 9438/5773/1651 9437/5774/1651 9435/4730/1650
f 9438/5773/1651 9440/3273/1652 9439/3274/1652 9437/5774/1651
f 9440/3273/1652 9442/5775/1653 9441/5776/1653 9439/3274/1652
f 9442/5775/1653 9444/4759/1654 9443/4760/1654 9441/5776/1653
f 9444/4759/1654 9446/5777/1655 9445/5778/1655 9443/4760/1654
f 9446/5777/1655 9320/3188/1607 9319/2205/1607 9445/5778/1655
f 9448/2373/1555 9450/4299/1556 9449/4300/1556 9447/2325/1555
f 9450/4299/1556 9452/3189/1557 9451/3190/1557 9449/4300/1556
f 9452/3189/1557 9454/4309/1656 9453/4310/1656 9451/3190/1557
f 9454/4309/1656 9456/3191/1657 9455/3192/1657 9453/4310/1656
f 9456/3191/1657 9458/4319/1658 9457/4320/1658 9455/3192/1657
f 9458/4319/1658 9460/3193/1659 9459/3194/1659 9457/4320/1658
f 9460/3193/1659 9462/4329/1660 9461/4330/1660 9459/3194/1659
f 9462/4329/1660 9464/3195/1661 9463/3196/1661 9461/4330/1660
f 9464/3195/1661 9466/4339/1662 9465/4340/1662 9463/3196/1661
f 9466/4339/1662 9468/3197/1663 9467/3198/1663 9465/4340/1662
f 9468/3197/1663 9470/4349/1566 9469/4350/1566 9467/3198/1663
f 9470/4349/1566 9472/3199/650 9471/3200/650 9469/4350/1566
f 9472/3199/650 9474/4359/650 9473/4360/650 9471/3200/650
f 9474/4359/650 9476/3201/650 9475/3202/650 9473/4360/650
f 9476/3201/650 9478/4369/650 9477/4370/650 9475/3202/650
f 9478/4369/650 9480/3203/650 9479/3204/650 9477/4370/650
f 9480/3203/650 9482/4379/650 9481/4380/650 9479/3204/650
f 9482/4379/650 9484/3205/650 9483/3206/650 9481/4380/650
f 9484/3205/650 9486/4389/650 9485/4390/650 9483/3206/650
f 9486/4389/650 9488/3207/650 9487/3208/650 9485/4390/650
f 9488/3207/650 9490/4399/650 9489/4400/650 9487/3208/650
f 9490/4399/650 9492/3209/650 9491/3210/650 9489/4400/650
f 9492/3209/650 9494/4409/1567 9493/4410/1567 9491/3210/650
f 9494/4409/1567 9496/3211/1664 9495/3212/1664 9493/4410/1567
f 9496/3211/1664 9498/4419/1665 9497/4420/1665 9495/3212/1664
f 9498/4419/1665 9500/3213/1666 9499/3214/1666 9497/4420/1665
f 9500/3213/1666 9502/4429/1667 9501/4430/1667 9499/3214/1666
f 9502/4429/1667 9504/3215/1668 9503/3216/1668 9501/4430/1667
f 9504/3215/1668 9506/4439/1669 9505/4440/1669 9503/3216/1668
f 9506/4439/1669 9508/3217/1670 9507/3218/1670 9505/4440/1669
f 9508/3217/1670 9510/4449/1671 9509/4450/1671 9507/3218/1670
f 9510/4449/1671 9512/2642/1672 9511/959/1672 9509/4450/1671
f 9512/2642/1672 9514/4459/1577 9513/4460/1577 9511/959/1672
f 9514/4459/1577 9516/3219/1578 9515/3220/1578 9513/4460/1577
f 9516/3219/1578 9518/4469/1579 9517/4470/1579 9515/3220/1578
f 9518/4469/1579 9520/3221/614 9519/3222/614 9517/4470/1579
f 9520/3221/614 9522/4479/614 9521/4480/614 9519/3222/614
f 9522/4479/614 9524/3223/614 9523/3224/614 9521/4480/614
f 9524/3223/614 9526/4489/614 9525/4490/614 9523/3224/614
f 9526/4489/614 9528/3225/614 9527/3226/614 9525/4490/614
f 9528/3225/614 9530/4499/614 9529/4500/614 9527/3226/614
f 9530/4499/614 9532/3227/614 9531/3228/614 9529/4500/614
f 9532/3227/614 9534/4509/614 9533/4510/614 9531/3228/614
f 9534/4509/614 9536/3229/614 9535/3230/614 9533/4510/614
f 9536/3229/614 9538/4519/614 9537/4520/614 9535/3230/614
f 9538/4519/614 9540/3231/614 9539/3232/614 9537/4520/614
f 9540/3231/614 9542/4529/1580 9541/4530/1580 9539/3232/614
f 9542/4529/1580 9544/3233/1581 9543/3234/1581 9541/4530/1580
f 9544/3233/1581 9546/4539/1673 9545/4540/1673 9543/3234/1581
f 9546/4539/1673 9548/3235/1583 9547/3236/1583 9545/4540/1673
f 9548/3235/1583 9550/4549/1674 9549/4550/1674 9547/3236/1583
f 9550/4549/1674 9552/3237/1585 9551/3238/1585 9549/4550/1674
f 9552/3237/1585 9554/4559/1675 9553/4560/1675 9551/3238/1585
f 9554/4559/1675 9556/3239/1676 9555/3240/1676 9553/4560/1675
f 9556/3239/1676 9558/4569/1677 9557/4570/1677 9555/3240/1676
f 9558/4569/1677 9560/3241/1589 9559/3242/1589 9557/4570/1677
f 9560/3241/1589 9562/4579/1678 9561/4580/1678 9559/3242/1589
f 9562/4579/1678 9564/3243/1591 9563/3244/1591 9561/4580/1678
f 9564/3243/1591 9566/4589/1592 9565/4590/1592 9563/3244/1591
f 9566/4589/1592 9568/3245/626 9567/3246/626 9565/4590/1592
f 9568/3245/626 9570/4599/626 9569/4600/626 9567/3246/626
f 9570/4599/626 9572/3247/626 9571/3248/626 9569/4600/626
f 9572/3247/626 9574/4609/626 9573/4610/626 9571/3248/626
f 9574/4609/626 9576/2915/626 9575/1612/626 9573/4610/626
f 9576/2915/626 9578/4619/626 9577/4620/626 9575/1612/626
f 9578/4619/626 9580/3249/626 9579/3250/626 9577/4620/626
f 9580/3249/626 9582/4629/626 9581/4630/626 9579/3250/626
f 9582/4629/626 9584/3251/626 9583/3252/626 9581/4630/626
f 9584/3251/626 9586/4639/626 9585/4640/626 9583/3252/626
f 9586/4639/626 9588/3253/626 9587/3254/626 9585/4640/626
f 9588/3253/626 9590/4649/1593 9589/4650/1593 9587/3254/626
f 9590/4649/1593 9592/3255/1594 9591/3256/1594 9589/4650/1593
f 9592/3255/1594 9594/4659/1595 9593/4660/1595 9591/3256/1594
f 9594/4659/1595 9596/3257/1596 9595/3258/1596 9593/4660/1595
f 9596/3257/1596 9598/4669/1597 9597/4670/1597 9595/3258/1596
f 9598/4669/1597 9600/3259/1598 9599/3260/1598 9597/4670/1597
f 9600/3259/1598 9602/4679/1599 9601/4680/1599 9599/3260/1598
f 9602/4679/1599 9604/3261/1679 9603/3262/1679 9601/4680/1599
f 9604/3261/1679 9606/4689/1601 9605/4690/1601 9603/3262/1679
f 9606/4689/1601 9608/3263/1602 9607/3264/1602 9605/4690/1601
f 9608/3263/1602 9610/4699/1603 9609/4700/1603 9607/3264/1602
f 9610/4699/1603 9612/3265/1604 9611/3266/1604 9609/4700/1603
f 9612/3265/1604 9614/4709/1605 9613/4710/1605 9611/3266/1604
f 9614/4709/1605 9616/3267/638 9615/3268/638 9613/4710/1605
f 9616/3267/638 9618/4719/638 9617/4720/638 9615/3268/638
f 9618/4719/638 9620/3269/638 9619/3270/638 9617/4720/638
f 9620/3269/638 9622/4729/638 9621/4730/638 9619/3270/638
f 9622/4729/638 9624/3271/638 9623/3272/638 9621/4730/638
f 9624/3271/638 9626/4739/638 9625/4740/638 9623/3272/638
f 9626/4739/638 9628/3273/638 9627/3274/638 9625/4740/638
f 9628/3273/638 9630/4749/638 9629/4750/638 9627/3274/638
f 9630/4749/638 9632/3275/638 9631/3276/638 9629/4750/638
f 9632/3275/638 9634/4759/638 9633/4760/638 9631/3276/638
f 9634/4759/638 9636/3277/638 9635/3278/638 9633/4760/638
f 9636/3277/638 9638/4769/1606 9637/4770/1606 9635/3278/638
f 9638/4769/1606 9448/3188/1555 9447/2205/1555 9637/4770/1606
f 9640/2373/1607 9642/5715/1680 9641/5716/1680 9639/2325/1607
f 9642/5715/1680 9644/4309/1609 9643/4310/1609 9641/5716/1680
f 9644/4309/1609 9646/5717/1610 9645/5718/1610 9643/4310/1609
f 9646/5717/1610 9648/3193/1611 9647/3194/1611 9645/5718/1610
f 9648/3193/1611 9650/5719/1681 9649/5720/1681 9647/3194/1611
f 9650/5719/1681 9652/4339/1682 9651/4340/1682 9649/5720/1681
f 9652/4339/1682 9654/5721/1683 9653/5722/1683 9651/4340/1682
f 9654/5721/1683 9656/3199/1684 9655/3200/1684 9653/5722/1683
f 9656/3199/1684 9658/5723/1685 9657/5724/1685 9655/3200/1684
f 9658/5723/1685 9660/4369/1686 9659/4370/1686 9657/5724/1685
f 9660/4369/1686 9662/5725/1618 9661/5726/1618 9659/4370/1686
f 9662/5725/1618 9664/3205/626 9663/3206/626 9661/5726/1618
f 9664/3205/626 9666/5727/626 9665/5728/626 9663/3206/626
f 9666/5727/626 9668/4399/626 9667/4400/626 9665/5728/626
f 9668/4399/626 9670/5729/626 9669/5730/626 9667/4400/626
f 9670/5729/626 9672/3211/626 9671/3212/626 9669/5730/626
f 9672/3211/626 9674/5731/626 9673/5732/626 9671/3212/626
f 9674/5731/626 9676/4429/626 9675/4430/626 9673/5732/626
f 9676/4429/626 9678/5733/1619 9677/5734/1619 9675/4430/626
f 9678/5733/1619 9680/3217/1620 9679/3218/1620 9677/5734/1619
f 9680/3217/1620 9682/5735/470 9681/5736/470 9679/3218/1620
f 9682/5735/470 9684/4459/1621 9683/4460/1621 9681/5736/470
f 9684/4459/1621 9686/5737/1622 9685/5738/1622 9683/4460/1621
f 9686/5737/1622 9688/3221/1623 9687/3222/1623 9685/5738/1622
f 9688/3221/1623 9690/5739/1624 9689/5740/1624 9687/3222/1623
f 9690/5739/1624 9692/4489/1625 9691/4490/1625 9689/5740/1624
f 9692/4489/1625 9694/5741/1626 9693/5742/1626 9691/4490/1625
f 9694/5741/1626 9696/3227/1627 9695/3228/1627 9693/5742/1626
f 9696/3227/1627 9698/5743/1628 9697/5744/1628 9695/3228/1627
f 9698/5743/1628 9700/4519/1629 9699/4520/1629 9697/5744/1628
f 9700/4519/1629 9702/5745/1630 9701/5746/1630 9699/4520/1629
f 9702/5745/1630 9704/3233/1687 9703/3234/1687 9701/5746/1630
f 9704/3233/1687 9706/5747/1632 9705/5748/1632 9703/3234/1687
f 9706/5747/1632 9708/4549/1633 9707/4550/1633 9705/5748/1632
f 9708/4549/1633 9710/5749/1634 9709/5750/1634 9707/4550/1633
f 9710/5749/1634 9712/3239/1635 9711/3240/1635 9709/5750/1634
f 9712/3239/1635 9714/5751/1636 9713/5752/1636 9711/3240/1635
f 9714/5751/1636 9716/4579/1637 9715/4580/1637 9713/5752/1636
f 9716/4579/1637 9718/5753/1638 9717/5754/1638 9715/4580/1637
f 9718/5753/1638 9720/3245/1639 9719/3246/1639 9717/5754/1638
f 9720/3245/1639 9722/5755/1640 9721/5756/1640 9719/3246/1639
f 9722/5755/1640 9724/4609/1641 9723/4610/1641 9721/5756/1640
f 9724/4609/1641 9726/5757/1642 9725/5758/1642 9723/4610/1641
f 9726/5757/1642 9728/3249/650 9727/3250/650 9725/5758/1642
f 9728/3249/650 9730/5759/650 9729/5760/650 9727/3250/650
f 9730/5759/650 9732/4639/650 9731/4640/650 9729/5760/650
f 9732/4639/650 9734/5761/650 9733/5762/650 9731/4640/650
f 9734/5761/650 9736/3255/650 9735/3256/650 9733/5762/650
f 9736/3255/650 9738/5763/650 9737/5764/650 9735/3256/650
f 9738/5763/650 9740/4669/650 9739/4670/650 9737/5764/650
f 9740/4669/650 9742/5765/1643 9741/5766/1643 9739/4670/650
f 9742/5765/1643 9744/3261/1688 9743/3262/1688 9741/5766/1643
f 9744/3261/1688 9746/5767/1689 9745/5768/1689 9743/3262/1688
f 9746/5767/1689 9748/4699/1690 9747/4700/1690 9745/5768/1689
f 9748/4699/1690 9750/5769/1691 9749/5770/1691 9747/4700/1690
f 9750/5769/1691 9752/3267/1692 9751/3268/1692 9749/5770/1691
f 9752/3267/1692 9754/5771/1693 9753/5772/1693 9751/3268/1692
f 9754/5771/1693 9756/4729/1694 9755/4730/1694 9753/5772/1693
f 9756/4729/1694 9758/5773/1651 9757/5774/1651 9755/4730/1694
f 9758/5773/1651 9760/3273/1652 9759/3274/1652 9757/5774/1651
f 9760/3273/1652 9762/5775/1653 9761/5776/1653 9759/3274/1652
f 9762/5775/1653 9764/4759/1654 9763/4760/1654 9761/5776/1653
f 9764/4759/1654 9766/5777/1655 9765/5778/1655 9763/4760/1654
f 9766/5777/1655 9640/3188/1607 9639/2205/1607 9765/5778/1655
f 9768/2373/1695 9770/5299/614 9769/5300/614 9767/2325/1695
f 9770/5299/614 9772/5301/614 9771/5302/614 9769/5300/614
f 9772/5301/614 9774/5303/614 9773/5304/614 9771/5302/614
f 9774/5303/614 9776/5305/614 9775/5306/614 9773/5304/614
f 9776/5305/614 9778/4218/614 9777/4219/614 9775/5306/614
f 9778/4218/614 9780/5307/614 9779/5308/614 9777/4219/614
f 9780/5307/614 9782/5309/614 9781/5310/614 9779/5308/614
f 9782/5309/614 9784/5311/614 9783/5312/614 9781/5310/614
f 9784/5311/614 9786/5313/614 9785/5314/614 9783/5312/614
f 9786/5313/614 9788/4227/614 9787/219/614 9785/5314/614
f 9788/4227/614 9790/5315/614 9789/5316/614 9787/219/614
f 9790/5315/614 9792/5317/1529 9791/5318/1529 9789/5316/614
f 9792/5317/1529 9794/5319/1696 9793/5320/1696 9791/5318/1529
f 9794/5319/1696 9796/5321/1697 9795/5322/1697 9793/5320/1696
f 9796/5321/1697 9798/4235/567 9797/4236/567 9795/5322/1697
f 9798/4235/567 9800/5323/1698 9799/5324/1698 9797/4236/567
f 9800/5323/1698 9802/5325/1524 9801/5326/1524 9799/5324/1698
f 9802/5325/1524 9804/5327/1699 9803/5328/1699 9801/5326/1524
f 9804/5327/1699 9806/5329/1700 9805/5330/1700 9803/5328/1699
f 9806/5329/1700 9808/4245/1701 9807/966/1701 9805/5330/1700
f 9808/4245/1701 9810/5331/1702 9809/5332/1702 9807/966/1701
f 9810/5331/1702 9812/5333/1703 9811/5334/1703 9809/5332/1702
f 9812/5333/1703 9814/5335/1704 9813/5336/1704 9811/5334/1703
f 9814/5335/1704 9816/5337/1705 9815/5338/1705 9813/5336/1704
f 9816/5337/1705 9818/3233/626 9817/3234/626 9815/5338/1705
f 9818/3233/626 9820/5339/626 9819/5340/626 9817/3234/626
f 9820/5339/626 9822/5341/626 9821/5342/626 9819/5340/626
f 9822/5341/626 9824/5343/626 9823/5344/626 9821/5342/626
f 9824/5343/626 9826/5345/626 9825/5346/626 9823/5344/626
f 9826/5345/626 9828/4260/626 9827/1274/626 9825/5346/626
f 9828/4260/626 9830/5347/626 9829/5348/626 9827/1274/626
f 9830/5347/626 9832/5349/626 9831/5350/626 9829/5348/626
f 9832/5349/626 9834/5351/626 9833/5352/626 9831/5350/626
f 9834/5351/626 9836/5353/626 9835/5354/626 9833/5352/626
f 9836/5353/626 9838/4269/626 9837/4270/626 9835/5354/626
f 9840/5355/1438 9842/5356/1706 9841/5357/1706 9839/5358/1438
f 9842/5356/1706 9844/4278/1707 9843/1839/1707 9841/5357/1706
f 9844/4278/1707 9846/5359/1708 9845/5360/1708 9843/1839/1707
f 9846/5359/1708 9848/5361/1709 9847/5362/1709 9845/5360/1708
f 9848/5361/1709 9850/5363/1710 9849/5364/1710 9847/5362/1709
f 9850/5363/1710 9852/5365/1711 9851/5366/1711 9849/5364/1710
f 9852/5365/1711 9854/4286/1712 9853/4287/1712 9851/5366/1711
f 9854/4286/1712 9856/5367/1713 9855/5368/1713 9853/4287/1712
f 9856/5367/1713 9858/5369/1714 9857/5370/1714 9855/5368/1713
f 9858/5369/1714 9860/5371/1715 9859/5372/1715 9857/5370/1714
f 9860/5371/1715 9862/5373/1716 9861/5374/1716 9859/5372/1715
f 9862/5373/1716 9768/3188/1695 9767/2205/1695 9861/5374/1716
f 9863/5779/614 9874/5779/614 9876/5779/614 9875/5779/614
f 9874/5779/614 9878/5779/614 9879/5779/614 9876/5779/614
f 9864/5779/614 9877/5779/614 9879/5779/614 9878/5779/614
f 9877/5779/614 9881/5779/614 9882/5779/614 9879/5779/614
f 9865/5779/614 9880/5779/614 9882/5779/614 9881/5779/614
f 9880/5779/614 9884/5779/614 9885/5779/614 9882/5779/614
f 9866/5779/614 9883/5779/614 9885/5779/614 9884/5779/614
f 9883/5779/614 9887/5779/614 9888/5779/614 9885/5779/614
f 9867/5779/614 9886/5779/614 9888/5779/614 9887/5779/614
f 9886/5779/614 9890/5779/614 9891/5779/614 9888/5779/614
f 9868/5779/614 9889/5779/614 9891/5779/614 9890/5779/614
f 9889/5779/614 9893/5779/614 9894/5779/614 9891/5779/614
f 9869/5779/614 9892/5779/614 9894/5779/614 9893/5779/614
f 9892/5779/614 9896/5779/614 9897/5779/614 9894/5779/614
f 9870/5779/614 9895/5779/614 9897/5779/614 9896/5779/614
f 9895/5779/614 9899/5779/614 9900/5779/614 9897/5779/614
f 9871/5779/614 9898/5779/614 9900/5779/614 9899/5779/614
f 9898/5779/614 9902/5779/614 9903/5779/614 9900/5779/614
f 9872/5779/614 9901/5779/614 9903/5779/614 9902/5779/614
f 9901/5779/614 9905/5779/614 9906/5779/614 9903/5779/614
f 9873/5779/614 9904/5779/614 9906/5779/614 9905/5779/614
f 9904/5779/614 9875/5779/614 9876/5779/614 9906/5779/614
f 9876/5779/614 9879/5779/614 9882/5779/614 9885/5779/614 9888/5779/614 9891/5779/614 9894/5779/614 9897/5779/614 9900/5779/614 9903/5779/614 9906/5779/614
f 9947/5780/614 9950/5780/614 9949/5780/614
f 9950/5780/614 9951/5780/614 9949/5780/614
f 9951/5780/614 9948/5780/614 9949/5780/614
f 9952/5781/614 9963/5781/614 9965/5781/614 9964/5781/614
f 9963/5781/614 9967/5781/614 9968/5781/614 9965/5781/614
f 9953/5781/614 9966/5781/614 9968/5781/614 9967/5781/614
f 9966/5781/614 9970/5781/614 9971/5781/614 9968/5781/614
f 9954/5781/614 9969/5781/614 9971/5781/614 9970/5781/614
f 9969/5781/614 9973/5781/614 9974/5781/614 9971/5781/614
f 9955/5781/614 9972/5781/614 9974/5781/614 9973/5781/614
f 9972/5781/614 9976/5781/614 9977/5781/614 9974/5781/614
f 9956/5781/614 9975/5781/614 9977/5781/614 9976/5781/614
f 9975/5781/614 9979/5781/614 9980/5781/614 9977/5781/614
f 9957/5781/614 9978/5781/614 9980/5781/614 9979/5781/614
f 9978/5781/614 9982/5781/614 9983/5781/614 9980/5781/614
f 9958/5781/614 9981/5781/614 9983/5781/614 9982/5781/614
f 9981/5781/614 9985/5781/614 9986/5781/614 9983/5781/614
f 9959/5781/614 9984/5781/614 9986/5781/614 9985/5781/614
f 9984/5781/614 9988/5781/614 9989/5781/614 9986/5781/614
f 9960/5781/614 9987/5781/614 9989/5781/614 9988/5781/614
f 9987/5781/614 9991/5781/614 9992/5781/614 9989/5781/614
f 9961/5781/614 9990/5781/614 9992/5781/614 9991/5781/614
f 9990/5781/614 9994/5781/614 9995/5781/614 9992/5781/614
f 9962/5781/614 9993/5781/614 9995/5781/614 9994/5781/614
f 9993/5781/614 9964/5781/614 9965/5781/614 9995/5781/614
f 9965/5781/614 9968/5781/614 9971/5781/614 9974/5781/614 9977/5781/614 9980/5781/614 9983/5781/614 9986/5781/614 9989/5781/614 9992/5781/614 9995/5781/614
f 10036/5782/614 10040/5782/614 10041/5782/614 10037/5782/614 10038/5782/614 10039/5782/614
f 10042/5783/614 10053/5783/614 10055/5783/614 10054/5783/614
f 10053/5783/638 10057/5784/638 10058/5783/638 10055/5783/638
f 10043/5783/614 10056/5783/614 10058/5783/614 10057/5784/614
f 10056/5783/638 10060/5783/638 10061/5783/638 10058/5783/638
f 10044/5783/614 10059/5783/614 10061/5783/614 10060/5783/614
f 10059/5783/638 10063/5784/638 10064/5783/638 10061/5783/638
f 10045/5783/614 10062/5783/614 10064/5783/614 10063/5784/614
f 10062/5783/638 10066/5784/638 10067/5785/638 10064/5783/638
f 10046/5783/614 10065/5783/614 10067/5785/614 10066/5784/614
f 10065/5783/638 10069/5784/638 10070/5786/638 10067/5785/638
f 10047/5783/614 10068/5783/614 10070/5786/614 10069/5784/614
f 10068/5783/638 10072/5784/638 10073/5787/638 10070/5786/638
f 10048/5783/614 10071/5783/614 10073/5787/614 10072/5784/614
f 10071/5783/638 10075/5784/638 10076/5788/638 10073/5787/638
f 10049/5783/614 10074/5783/614 10076/5788/614 10075/5784/614
f 10074/5783/638 10078/5784/638 10079/5789/638 10076/5788/638
f 10050/5783/614 10077/5783/614 10079/5789/614 10078/5784/614
f 10077/5783/638 10081/5790/638 10082/5791/638 10079/5789/638
f 10051/5783/614 10080/5783/614 10082/5791/614 10081/5790/614
f 10080/5783/638 10084/5792/638 10085/5784/638 10082/5791/638
f 10052/5783/614 10083/5783/614 10085/5784/614 10084/5792/614
f 10083/5783/638 10054/5783/638 10055/5783/638 10085/5784/638
f 10055/5783/614 10058/5783/614 10061/5783/614 10064/5783/614 10067/5785/614 10070/5786/614 10073/5787/614 10076/5788/614 10079/5789/614 10082/5791/614 10085/5784/614
f 10126/5793/614 10129/5793/614 10128/5793/614
f 10129/5793/614 10130/5793/614 10128/5793/614
f 10130/5793/614 10127/5793/614 10128/5793/614
f 10131/5794/614 10142/5794/614 10144/5794/614 10143/5794/614
f 10142/5794/614 10146/5794/614 10147/5794/614 10144/5794/614
f 10132/5794/614 10145/5794/614 10147/5794/614 10146/5794/614
f 10145/5794/614 10149/5794/614 10150/5794/614 10147/5794/614
f 10133/5794/614 10148/5794/614 10150/5794/614 10149/5794/614
f 10148/5794/614 10152/5794/614 10153/5794/614 10150/5794/614
f 10134/5794/614 10151/5794/614 10153/5794/614 10152/5794/614
f 10151/5794/614 10155/5794/614 10156/5794/614 10153/5794/614
f 10135/5794/614 10154/5794/614 10156/5794/614 10155/5794/614
f 10154/5794/614 10158/5794/614 10159/5794/614 10156/5794/614
f 10136/5794/614 10157/5794/614 10159/5794/614 10158/5794/614
f 10157/5794/614 10161/5794/614 10162/5794/614 10159/5794/614
f 10137/5794/614 10160/5794/614 10162/5794/614 10161/5794/614
f 10160/5794/614 10164/5794/614 10165/5794/614 10162/5794/614
f 10138/5794/614 10163/5794/614 10165/5794/614 10164/5794/614
f 10163/5794/614 10167/5794/614 10168/5794/614 10165/5794/614
f 10139/5794/614 10166/5794/614 10168/5794/614 10167/5794/614
f 10166/5794/614 10170/5794/614 10171/5794/614 10168/5794/614
f 10140/5794/614 10169/5794/614 10171/5794/614 10170/5794/614
f 10169/5794/614 10173/5794/614 10174/5794/614 10171/5794/614
f 10141/5794/614 10172/5794/614 10174/5794/614 10173/5794/614
f 10172/5794/614 10143/5794/614 10144/5794/614 10174/5794/614
f 10144/5794/614 10147/5794/614 10150/5794/614 10153/5794/614 10156/5794/614 10159/5794/614 10162/5794/614 10165/5794/614 10168/5794/614 10171/5794/614 10174/5794/614
f 10215/5795/614 10231/5795/614 10232/5795/614 10216/5796/614 10217/5795/614 10218/5795/614 10219/5795/614 10220/5795/614 10221/5795/614 10222/5795/614 10223/5795/614 10224/5795/614 10225/5795/614 10226/5795/614 10227/5795/614 10228/5795/614 10229/5795/614 10230/5796/614
f 10285/5797/614 10298/5797/614 10300/5797/614 10299/5797/614
f 10298/5797/614 10302/5797/614 10303/5797/614 10300/5797/614
f 10286/5797/614 10301/5797/614 10303/5797/614 10302/5797/614
f 10301/5797/614 10305/5797/614 10306/5797/614 10303/5797/614
f 10287/5797/614 10304/5797/614 10306/5797/614 10305/5797/614
f 10304/5797/614 10308/5797/614 10309/5797/614 10306/5797/614
f 10288/5797/614 10307/5797/614 10309/5797/614 10308/5797/614
f 10307/5797/614 10311/5797/614 10312/5797/614 10309/5797/614
f 10289/5797/614 10310/5797/614 10312/5797/614 10311/5797/614
f 10310/5797/614 10314/5797/614 10315/5797/614 10312/5797/614
f 10290/5797/614 10313/5797/614 10315/5797/614 10314/5797/614
f 10313/5797/614 10317/5797/614 10318/5797/614 10315/5797/614
f 10291/5797/614 10316/5797/614 10318/5797/614 10317/5797/614
f 10316/5797/614 10320/5797/614 10321/5797/614 10318/5797/614
f 10292/5797/614 10319/5797/614 10321/5797/614 10320/5797/614
f 10319/5797/614 10323/5797/614 10324/5797/614 10321/5797/614
f 10293/5797/614 10322/5797/614 10324/5797/614 10323/5797/614
f 10322/5797/614 10326/5797/614 10327/5797/614 10324/5797/614
f 10294/5797/614 10325/5797/614 10327/5797/614 10326/5797/614
f 10325/5797/614 10329/5797/614 10330/5797/614 10327/5797/614
f 10295/5797/614 10328/5797/614 10330/5797/614 10329/5797/614
f 10328/5797/614 10332/5797/614 10333/5797/614 10330/5797/614
f 10296/5797/614 10331/5797/614 10333/5797/614 10332/5797/614
f 10331/5797/614 10335/5797/614 10336/5797/614 10333/5797/614
f 10297/5798/614 10334/5797/614 10336/5797/614 10335/5797/614
f 10334/5797/614 10299/5797/614 10300/5797/614 10336/5797/614
f 10300/5797/614 10303/5797/614 10306/5797/614 10309/5797/614 10312/5797/614 10315/5797/614 10318/5797/614 10321/5797/614 10324/5797/614 10327/5797/614 10330/5797/614 10333/5797/614 10336/5797/614
f 10337/5799/614 10340/5800/614 10339/5799/614
f 10340/5800/614 10341/5799/614 10339/5799/614
f 10341/5799/614 10338/5799/614 10339/5799/614
f 10342/5801/614 10353/5801/614 10355/5801/614 10354/5801/614
f 10353/5801/614 10357/5801/614 10358/5801/614 10355/5801/614
f 10343/5801/614 10356/5801/614 10358/5801/614 10357/5801/614
f 10356/5801/614 10360/5801/614 10361/5801/614 10358/5801/614
f 10344/5801/614 10359/5801/614 10361/5801/614 10360/5801/614
f 10359/5801/614 10363/5801/614 10364/5801/614 10361/5801/614
f 10345/5801/614 10362/5801/614 10364/5801/614 10363/5801/614
f 10362/5801/614 10366/5801/614 10367/5801/614 10364/5801/614
f 10346/5801/614 10365/5801/614 10367/5801/614 10366/5801/614
f 10365/5801/614 10369/5801/614 10370/5801/614 10367/5801/614
f 10347/5801/614 10368/5801/614 10370/5801/614 10369/5801/614
f 10368/5801/614 10372/5801/614 10373/5801/614 10370/5801/614
f 10348/5801/614 10371/5801/614 10373/5801/614 10372/5801/614
f 10371/5801/614 10375/5801/614 10376/5801/614 10373/5801/614
f 10349/5801/614 10374/5801/614 10376/5801/614 10375/5801/614
f 10374/5801/614 10378/5801/614 10379/5801/614 10376/5801/614
f 10350/5801/614 10377/5801/614 10379/5801/614 10378/5801/614
f 10377/5801/614 10381/5801/614 10382/5801/614 10379/5801/614
f 10351/5801/614 10380/5801/614 10382/5801/614 10381/5801/614
f 10380/5801/614 10384/5801/614 10385/5801/614 10382/5801/614
f 10352/5802/614 10383/5801/614 10385/5801/614 10384/5801/614
f 10383/5801/614 10354/5801/614 10355/5801/614 10385/5801/614
f 10355/5801/614 10358/5801/614 10361/5801/614 10364/5801/614 10367/5801/614 10370/5801/614 10373/5801/614 10376/5801/614 10379/5801/614 10382/5801/614 10385/5801/614
f 10426/5803/614 10429/5804/614 10428/5804/614
f 10429/5804/614 10430/5804/614 10428/5804/614
f 10430/5804/614 10427/5804/614 10428/5804/614
f 10431/5805/614 10442/5805/614 10444/5805/614 10443/5805/614
f 10442/5805/614 10446/5805/614 10447/5805/614 10444/5805/614
f 10432/5805/614 10445/5805/614 10447/5805/614 10446/5805/614
f 10445/5805/614 10449/5805/614 10450/5805/614 10447/5805/614
f 10433/5805/614 10448/5805/614 10450/5805/614 10449/5805/614
f 10448/5805/614 10452/5805/614 10453/5805/614 10450/5805/614
f 10434/5805/614 10451/5805/614 10453/5805/614 10452/5805/614
f 10451/5805/614 10455/5805/614 10456/5805/614 10453/5805/614
f 10435/5805/614 10454/5805/614 10456/5805/614 10455/5805/614
f 10454/5805/614 10458/5805/614 10459/5805/614 10456/5805/614
f 10436/5805/614 10457/5805/614 10459/5805/614 10458/5805/614
f 10457/5805/614 10461/5805/614 10462/5805/614 10459/5805/614
f 10437/5805/614 10460/5805/614 10462/5805/614 10461/5805/614
f 10460/5805/614 10464/5805/614 10465/5805/614 10462/5805/614
f 10438/5805/614 10463/5805/614 10465/5805/614 10464/5805/614
f 10463/5805/614 10467/5805/614 10468/5805/614 10465/5805/614
f 10439/5805/614 10466/5805/614 10468/5805/614 10467/5805/614
f 10466/5805/614 10470/5805/614 10471/5805/614 10468/5805/614
f 10440/5805/614 10469/5805/614 10471/5805/614 10470/5805/614
f 10469/5805/614 10473/5805/614 10474/5805/614 10471/5805/614
f 10441/5805/614 10472/5805/614 10474/5805/614 10473/5805/614
f 10472/5805/614 10443/5805/614 10444/5805/614 10474/5805/614
f 10444/5805/614 10447/5805/614 10450/5805/614 10453/5805/614 10456/5805/614 10459/5805/614 10462/5805/614 10465/5805/614 10468/5805/614 10471/5805/614 10474/5805/614
f 10515/5806/614 10519/5806/614 10520/5806/614 10516/5806/614 10517/5806/614 10518/5806/614
f 10521/5807/1717 10532/5808/1717 10534/5807/1717 10533/5807/1717
f 10532/5808/1718 10536/5807/1718 10537/5807/1719 10534/5807/1719
f 10522/5807/1717 10535/5809/1717 10537/5807/1717 10536/5807/1717
f 10535/5809/1718 10539/5807/1718 10540/5807/1719 10537/5807/1719
f 10523/5807/1717 10538/5810/1717 10540/5807/1717 10539/5807/1717
f 10538/5810/1718 10542/5807/1718 10543/5807/1719 10540/5807/1719
f 10524/5807/1720 10541/5811/1721 10543/5807/1717 10542/5807/1717
f 10541/5811/1718 10545/5807/1718 10546/5807/1719 10543/5807/1719
f 10525/5807/1717 10544/5812/1717 10546/5807/1717 10545/5807/1717
f 10544/5812/1718 10548/5807/1718 10549/5807/1719 10546/5807/1719
f 10526/5807/1717 10547/5813/1717 10549/5807/1717 10548/5807/1717
f 10547/5813/1718 10551/5807/1718 10552/5807/1719 10549/5807/1719
f 10527/5807/1717 10550/5814/1717 10552/5807/1717 10551/5807/1717
f 10550/5814/1718 10554/5807/1718 10555/5807/1719 10552/5807/1719
f 10528/5807/1717 10553/5815/1717 10555/5807/1717 10554/5807/1717
f 10553/5815/1718 10557/5807/1718 10558/5816/1719 10555/5807/1719
f 10529/5807/1720 10556/5817/1721 10558/5816/1717 10557/5807/1717
f 10556/5817/1718 10560/5807/1718 10561/5818/1719 10558/5816/1719
f 10530/5807/1717 10559/5819/1717 10561/5818/1717 10560/5807/1717
f 10559/5819/1718 10563/5807/1718 10564/5807/1719 10561/5818/1719
f 10531/5807/1717 10562/5820/1717 10564/5807/1717 10563/5807/1717
f 10562/5820/1718 10533/5807/1718 10534/5807/1719 10564/5807/1719
f 10534/5807/1719 10537/5807/1719 10540/5807/1719 10543/5807/1719 10546/5807/1719 10549/5807/1719 10552/5807/1719 10555/5807/1719 10558/5816/1719 10561/5818/1719 10564/5807/1719
f 10605/5821/614 10608/5821/614 10607/5821/614
f 10608/5821/650 10609/5821/650 10607/5821/650
f 10609/5821/614 10606/5821/614 10607/5821/614
f 10610/5822/614 10613/5822/1722 10612/5822/614
f 10613/5822/1722 10614/5822/1723 10612/5822/614
f 10614/5822/1723 10611/5822/614 10612/5822/614
f 10619/5823/614 10622/5823/614 10621/5823/614
f 10622/5823/123 10623/5823/123 10621/5823/123
f 10623/5823/614 10620/5823/614 10621/5823/614
f 10624/5824/614 10627/5824/1724 10626/5824/614
f 10627/5824/1724 10628/5824/1725 10626/5824/614
f 10628/5824/1725 10625/5824/614 10626/5824/614
f 10633/5825/1726 10636/5825/1727 10635/5825/614
f 10636/5825/1727 10637/5825/614 10635/5825/614
f 10637/5825/614 10634/5825/614 10635/5825/614
f 10638/5826/614 10649/5826/614 10651/5826/614 10650/5826/614
f 10649/5826/614 10653/5826/614 10654/5826/614 10651/5826/614
f 10639/5826/614 10652/5826/614 10654/5826/614 10653/5826/614
f 10652/5826/614 10656/5826/614 10657/5826/614 10654/5826/614
f 10640/5826/614 10655/5826/614 10657/5826/614 10656/5826/614
f 10655/5826/614 10659/5826/614 10660/5826/614 10657/5826/614
f 10641/5826/614 10658/5826/614 10660/5826/614 10659/5826/614
f 10658/5826/614 10662/5826/614 10663/5826/614 10660/5826/614
f 10642/5826/614 10661/5826/614 10663/5826/614 10662/5826/614
f 10661/5826/614 10665/5826/614 10666/5826/614 10663/5826/614
f 10643/5826/614 10664/5826/614 10666/5826/614 10665/5826/614
f 10664/5826/614 10668/5826/614 10669/5826/614 10666/5826/614
f 10644/5826/614 10667/5826/614 10669/5826/614 10668/5826/614
f 10667/5826/614 10671/5826/614 10672/5826/614 10669/5826/614
f 10645/5826/614 10670/5826/614 10672/5826/614 10671/5826/614
f 10670/5826/614 10674/5826/614 10675/5826/614 10672/5826/614
f 10646/5826/614 10673/5826/614 10675/5826/614 10674/5826/614
f 10673/5826/614 10677/5826/614 10678/5826/614 10675/5826/614
f 10647/5826/614 10676/5826/614 10678/5826/614 10677/5826/614
f 10676/5826/614 10680/5826/614 10681/5826/614 10678/5826/614
f 10648/5827/614 10679/5826/614 10681/5826/614 10680/5826/614
f 10679/5826/614 10650/5826/614 10651/5826/614 10681/5826/614
f 10651/5826/614 10654/5826/614 10657/5826/614 10660/5826/614 10663/5826/614 10666/5826/614 10669/5826/614 10672/5826/614 10675/5826/614 10678/5826/614 10681/5826/614
f 10722/5828/614 10725/5828/614 10724/5828/614
f 10725/5828/614 10726/5828/614 10724/5828/614
f 10726/5828/614 10723/5828/614 10724/5828/614
f 10727/5829/614 10738/5829/614 10740/2325/614 10739/5829/614
f 10738/5829/614 10742/5829/614 10743/2325/614 10740/2325/614
f 10728/5829/614 10741/5829/614 10743/2325/614 10742/5829/614
f 10741/5829/614 10745/5829/614 10746/2325/614 10743/2325/614
f 10729/5829/614 10744/5829/614 10746/2325/614 10745/5829/614
f 10744/5829/614 10748/5829/614 10749/2325/614 10746/2325/614
f 10730/5829/614 10747/5829/614 10749/2325/614 10748/5829/614
f 10747/5829/614 10751/5829/614 10752/2325/614 10749/2325/614
f 10731/5829/614 10750/5829/614 10752/2325/614 10751/5829/614
f 10750/5829/614 10754/5829/614 10755/2325/614 10752/2325/614
f 10732/5829/614 10753/5829/614 10755/2325/614 10754/5829/614
f 10753/5829/614 10757/5829/614 10758/2325/614 10755/2325/614
f 10733/5829/614 10756/5829/614 10758/2325/614 10757/5829/614
f 10756/5829/614 10760/5829/614 10761/2325/614 10758/2325/614
f 10734/5829/614 10759/5829/614 10761/2325/614 10760/5829/614
f 10759/5829/614 10763/5829/614 10764/2325/614 10761/2325/614
f 10735/5829/614 10762/5829/614 10764/2325/614 10763/5829/614
f 10762/5829/614 10766/5829/614 10767/2325/614 10764/2325/614
f 10736/5829/614 10765/5829/614 10767/2325/614 10766/5829/614
f 10765/5829/614 10769/5829/614 10770/5830/614 10767/2325/614
f 10737/5831/614 10768/5829/614 10770/5830/614 10769/5829/614
f 10768/5829/614 10739/5829/614 10740/2325/614 10770/5830/614
f 10740/2325/614 10743/2325/614 10746/2325/614 10749/2325/614 10752/2325/614 10755/2325/614 10758/2325/614 10761/2325/614 10764/2325/614 10767/2325/614 10770/5830/614
f 10811/5832/614 10814/5833/614 10813/5833/614
f 10814/5833/614 10815/5833/614 10813/5833/614
f 10815/5833/614 10812/5833/614 10813/5833/614
f 10816/5779/614 10827/5779/614 10829/5779/614 10828/5779/614
f 10827/5779/614 10831/5779/614 10832/5779/614 10829/5779/614
f 10817/5779/614 10830/5779/614 10832/5779/614 10831/5779/614
f 10830/5779/614 10834/5779/614 10835/5779/614 10832/5779/614
f 10818/5779/614 10833/5779/614 10835/5779/614 10834/5779/614
f 10833/5779/614 10837/5779/614 10838/5779/614 10835/5779/614
f 10819/5779/614 10836/5779/614 10838/5779/614 10837/5779/614
f 10836/5779/614 10840/5779/614 10841/5779/614 10838/5779/614
f 10820/5779/614 10839/5779/614 10841/5779/614 10840/5779/614
f 10839/5779/614 10843/5779/614 10844/5779/614 10841/5779/614
f 10821/5779/614 10842/5779/614 10844/5779/614 10843/5779/614
f 10842/5779/614 10846/5779/614 10847/5779/614 10844/5779/614
f 10822/5779/614 10845/5779/614 10847/5779/614 10846/5779/614
f 10845/5779/614 10849/5779/614 10850/5779/614 10847/5779/614
f 10823/5779/614 10848/5779/614 10850/5779/614 10849/5779/614
f 10848/5779/614 10852/5779/614 10853/5779/614 10850/5779/614
f 10824/5779/614 10851/5779/614 10853/5779/614 10852/5779/614
f 10851/5779/614 10855/5779/614 10856/5779/614 10853/5779/614
f 10825/5779/614 10854/5779/614 10856/5779/614 10855/5779/614
f 10854/5779/614 10858/5779/614 10859/5779/614 10856/5779/614
f 10826/5779/614 10857/5779/614 10859/5779/614 10858/5779/614
f 10857/5779/614 10828/5779/614 10829/5779/614 10859/5779/614
f 10829/5779/614 10832/5779/614 10835/5779/614 10838/5779/614 10841/5779/614 10844/5779/614 10847/5779/614 10850/5779/614 10853/5779/614 10856/5779/614 10859/5779/614
f 10900/5780/614 10903/5780/614 10902/5780/614
f 10903/5780/614 10904/5780/614 10902/5780/614
f 10904/5780/614 10901/5780/614 10902/5780/614
f 10905/5781/614 10916/5781/614 10918/5781/614 10917/5781/614
f 10916/5781/614 10920/5781/614 10921/5781/614 10918/5781/614
f 10906/5781/614 10919/5781/614 10921/5781/614 10920/5781/614
f 10919/5781/614 10923/5781/614 10924/5781/614 10921/5781/614
f 10907/5781/614 10922/5781/614 10924/5781/614 10923/5781/614
f 10922/5781/614 10926/5781/614 10927/5781/614 10924/5781/614
f 10908/5781/614 10925/5781/614 10927/5781/614 10926/5781/614
f 10925/5781/614 10929/5781/614 10930/5781/614 10927/5781/614
f 10909/5781/614 10928/5781/614 10930/5781/614 10929/5781/614
f 10928/5781/614 10932/5781/614 10933/5781/614 10930/5781/614
f 10910/5781/614 10931/5781/614 10933/5781/614 10932/5781/614
f 10931/5781/614 10935/5781/614 10936/5781/614 10933/5781/614
f 10911/5781/614 10934/5781/614 10936/5781/614 10935/5781/614
f 10934/5781/614 10938/5781/614 10939/5781/614 10936/5781/614
f 10912/5781/614 10937/5781/614 10939/5781/614 10938/5781/614
f 10937/5781/614 10941/5781/614 10942/5781/614 10939/5781/614
f 10913/5781/614 10940/5781/614 10942/5781/614 10941/5781/614
f 10940/5781/614 10944/5781/614 10945/5781/614 10942/5781/614
f 10914/5781/614 10943/5781/614 10945/5781/614 10944/5781/614
f 10943/5781/614 10947/5781/614 10948/5781/614 10945/5781/614
f 10915/5781/614 10946/5781/614 10948/5781/614 10947/5781/614
f 10946/5781/614 10917/5781/614 10918/5781/614 10948/5781/614
f 10918/5781/614 10921/5781/614 10924/5781/614 10927/5781/614 10930/5781/614 10933/5781/614 10936/5781/614 10939/5781/614 10942/5781/614 10945/5781/614 10948/5781/614
f 10989/5782/614 10993/5782/614 10994/5782/614 10990/5782/614 10991/5782/614 10992/5782/614
f 10995/5783/1728 11006/5783/1728 11008/5834/1728 11007/5790/1729
f 11006/5783/1730 11010/5784/1731 11011/5835/1732 11008/5834/1732
f 10996/5783/1728 11009/5783/1728 11011/5835/1728 11010/5784/1729
f 11009/5783/1730 11013/5784/1731 11014/5836/1732 11011/5835/1732
f 10997/5783/1728 11012/5783/1728 11014/5836/1728 11013/5784/1729
f 11012/5783/1730 11016/5784/1731 11017/5837/1732 11014/5836/1732
f 10998/5783/1728 11015/5783/1728 11017/5837/1728 11016/5784/1729
f 11015/5783/1730 11019/5784/1731 11020/5838/1732 11017/5837/1732
f 10999/5783/1728 11018/5783/1728 11020/5838/1728 11019/5784/1729
f 11018/5783/1730 11022/5784/1731 11023/5839/1732 11020/5838/1732
f 11000/5783/1728 11021/5783/1728 11023/5839/1728 11022/5784/1729
f 11021/5783/1730 11025/5783/1731 11026/5840/1732 11023/5839/1732
f 11001/5783/1728 11024/5783/1728 11026/5840/1728 11025/5783/1729
f 11024/5783/1730 11028/5784/1731 11029/5841/1732 11026/5840/1732
f 11002/5783/1728 11027/5783/1728 11029/5841/1728 11028/5784/1729
f 11027/5783/1730 11031/5784/1731 11032/5840/1732 11029/5841/1732
f 11003/5783/1728 11030/5783/1728 11032/5840/1728 11031/5784/1729
f 11030/5783/1730 11034/5784/1731 11035/5841/1732 11032/5840/1732
f 11004/5783/1728 11033/5783/1728 11035/5841/1728 11034/5784/1729
f 11033/5783/1730 11037/5792/1731 11038/5842/1732 11035/5841/1732
f 11005/5783/1728 11036/5783/1728 11038/5842/1728 11037/5792/1729
f 11036/5783/1730 11007/5790/1731 11008/5834/1732 11038/5842/1732
f 11008/5834/1732 11011/5835/1732 11014/5836/1732 11017/5837/1732 11020/5838/1732 11023/5839/1732 11026/5840/1732 11029/5841/1732 11032/5840/1732 11035/5841/1732 11038/5842/1732
f 11079/5793/614 11082/5793/614 11081/5793/614
f 11082/5793/614 11083/5793/614 11081/5793/614
f 11083/5793/614 11080/5793/614 11081/5793/614
f 11084/5794/614 11095/5794/614 11097/5794/614 11096/5794/614
f 11095/5794/614 11099/5794/614 11100/5794/614 11097/5794/614
f 11085/5794/614 11098/5794/614 11100/5794/614 11099/5794/614
f 11098/5794/614 11102/5794/614 11103/5794/614 11100/5794/614
f 11086/5794/614 11101/5794/614 11103/5794/614 11102/5794/614
f 11101/5794/614 11105/5794/614 11106/5794/614 11103/5794/614
f 11087/5794/614 11104/5794/614 11106/5794/614 11105/5794/614
f 11104/5794/614 11108/5794/614 11109/5794/614 11106/5794/614
f 11088/5794/614 11107/5794/614 11109/5794/614 11108/5794/614
f 11107/5794/614 11111/5794/614 11112/5794/614 11109/5794/614
f 11089/5794/614 11110/5794/614 11112/5794/614 11111/5794/614
f 11110/5794/614 11114/5794/614 11115/5794/614 11112/5794/614
f 11090/5794/614 11113/5794/614 11115/5794/614 11114/5794/614
f 11113/5794/614 11117/5794/614 11118/5794/614 11115/5794/614
f 11091/5794/614 11116/5794/614 11118/5794/614 11117/5794/614
f 11116/5794/614 11120/5794/614 11121/5794/614 11118/5794/614
f 11092/5794/614 11119/5794/614 11121/5794/614 11120/5794/614
f 11119/5794/614 11123/5794/614 11124/5794/614 11121/5794/614
f 11093/5794/614 11122/5794/614 11124/5794/614 11123/5794/614
f 11122/5794/614 11126/5794/614 11127/5794/614 11124/5794/614
f 11094/5794/614 11125/5794/614 11127/5794/614 11126/5794/614
f 11125/5794/614 11096/5794/614 11097/5794/614 11127/5794/614
f 11097/5794/614 11100/5794/614 11103/5794/614 11106/5794/614 11109/5794/614 11112/5794/614 11115/5794/614 11118/5794/614 11121/5794/614 11124/5794/614 11127/5794/614
f 11168/5796/614 11184/5795/614 11185/5795/614 11169/5795/614 11170/5796/614 11171/5795/614 11172/5795/614 11173/5795/614 11174/5795/614 11175/5795/614 11176/5795/614 11177/5795/614 11178/5795/614 11179/5795/614 11180/5795/614 11181/5795/614 11182/5795/614 11183/5795/614
f 11238/5797/614 11251/5797/614 11253/5797/614 11252/5797/614
f 11251/5797/614 11255/5797/614 11256/5797/614 11253/5797/614
f 11239/5797/614 11254/5797/614 11256/5797/614 11255/5797/614
f 11254/5797/614 11258/5797/614 11259/5797/614 11256/5797/614
f 11240/5797/614 11257/5797/614 11259/5797/614 11258/5797/614
f 11257/5797/614 11261/5797/614 11262/5797/614 11259/5797/614
f 11241/5797/614 11260/5797/614 11262/5797/614 11261/5797/614
f 11260/5797/614 11264/5797/614 11265/5797/614 11262/5797/614
f 11242/5797/614 11263/5797/614 11265/5797/614 11264/5797/614
f 11263/5797/614 11267/5797/614 11268/5797/614 11265/5797/614
f 11243/5797/614 11266/5797/614 11268/5797/614 11267/5797/614
f 11266/5797/614 11270/5797/614 11271/5797/614 11268/5797/614
f 11244/5797/614 11269/5797/614 11271/5797/614 11270/5797/614
f 11269/5797/614 11273/5797/614 11274/5797/614 11271/5797/614
f 11245/5797/614 11272/5797/614 11274/5797/614 11273/5797/614
f 11272/5797/614 11276/5797/614 11277/5797/614 11274/5797/614
f 11246/5797/614 11275/5797/614 11277/5797/614 11276/5797/614
f 11275/5797/614 11279/5797/614 11280/5797/614 11277/5797/614
f 11247/5797/614 11278/5797/614 11280/5797/614 11279/5797/614
f 11278/5797/614 11282/5797/614 11283/5797/614 11280/5797/614
f 11248/5797/614 11281/5797/614 11283/5797/614 11282/5797/614
f 11281/5797/614 11285/5797/614 11286/5797/614 11283/5797/614
f 11249/5797/614 11284/5797/614 11286/5797/614 11285/5797/614
f 11284/5797/614 11288/5797/614 11289/5797/614 11286/5797/614
f 11250/5798/614 11287/5797/614 11289/5797/614 11288/5797/614
f 11287/5797/614 11252/5797/614 11253/5797/614 11289/5797/614
f 11253/5797/614 11256/5797/614 11259/5797/614 11262/5797/614 11265/5797/614 11268/5797/614 11271/5797/614 11274/5797/614 11277/5797/614 11280/5797/614 11283/5797/614 11286/5797/614 11289/5797/614
f 11290/5799/614 11293/5800/614 11292/5799/614
f 11293/5800/614 11294/5799/614 11292/5799/614
f 11294/5799/614 11291/5799/614 11292/5799/614
f 11295/5801/614 11306/5801/614 11308/5801/614 11307/5801/614
f 11306/5801/614 11310/5801/614 11311/5801/614 11308/5801/614
f 11296/5801/614 11309/5801/614 11311/5801/614 11310/5801/614
f 11309/5801/614 11313/5801/614 11314/5801/614 11311/5801/614
f 11297/5801/614 11312/5801/614 11314/5801/614 11313/5801/614
f 11312/5801/614 11316/5801/614 11317/5801/614 11314/5801/614
f 11298/5801/614 11315/5801/614 11317/5801/614 11316/5801/614
f 11315/5801/614 11319/5801/614 11320/5801/614 11317/5801/614
f 11299/5801/614 11318/5801/614 11320/5801/614 11319/5801/614
f 11318/5801/614 11322/5801/614 11323/5801/614 11320/5801/614
f 11300/5801/614 11321/5801/614 11323/5801/614 11322/5801/614
f 11321/5801/614 11325/5801/614 11326/5801/614 11323/5801/614
f 11301/5801/614 11324/5801/614 11326/5801/614 11325/5801/614
f 11324/5801/614 11328/5801/614 11329/5801/614 11326/5801/614
f 11302/5801/614 11327/5801/614 11329/5801/614 11328/5801/614
f 11327/5801/614 11331/5801/614 11332/5801/614 11329/5801/614
f 11303/5801/614 11330/5801/614 11332/5801/614 11331/5801/614
f 11330/5801/614 11334/5801/614 11335/5801/614 11332/5801/614
f 11304/5801/614 11333/5801/614 11335/5801/614 11334/5801/614
f 11333/5801/614 11337/5801/614 11338/5801/614 11335/5801/614
f 11305/5802/614 11336/5801/614 11338/5801/614 11337/5801/614
f 11336/5801/614 11307/5801/614 11308/5801/614 11338/5801/614
f 11308/5801/614 11311/5801/614 11314/5801/614 11317/5801/614 11320/5801/614 11323/5801/614 11326/5801/614 11329/5801/614 11332/5801/614 11335/5801/614 11338/5801/614
f 11379/5804/614 11382/5804/614 11381/5804/614
f 11382/5804/614 11383/5804/614 11381/5804/614
f 11383/5804/614 11380/5804/614 11381/5804/614
f 11384/5805/614 11395/5805/614 11397/5805/614 11396/5805/614
f 11395/5805/614 11399/5805/614 11400/5805/614 11397/5805/614
f 11385/5805/614 11398/5805/614 11400/5805/614 11399/5805/614
f 11398/5805/614 11402/5805/614 11403/5805/614 11400/5805/614
f 11386/5805/614 11401/5805/614 11403/5805/614 11402/5805/614
f 11401/5805/614 11405/5805/614 11406/5805/614 11403/5805/614
f 11387/5805/614 11404/5805/614 11406/5805/614 11405/5805/614
f 11404/5805/614 11408/5805/614 11409/5805/614 11406/5805/614
f 11388/5805/614 11407/5805/614 11409/5805/614 11408/5805/614
f 11407/5805/614 11411/5805/614 11412/5805/614 11409/5805/614
f 11389/5805/614 11410/5805/614 11412/5805/614 11411/5805/614
f 11410/5805/614 11414/5805/614 11415/5805/614 11412/5805/614
f 11390/5805/614 11413/5805/614 11415/5805/614 11414/5805/614
f 11413/5805/614 11417/5805/614 11418/5805/614 11415/5805/614
f 11391/5805/614 11416/5805/614 11418/5805/614 11417/5805/614
f 11416/5805/614 11420/5805/614 11421/5805/614 11418/5805/614
f 11392/5805/614 11419/5805/614 11421/5805/614 11420/5805/614
f 11419/5805/614 11423/5805/614 11424/5805/614 11421/5805/614
f 11393/5805/614 11422/5805/614 11424/5805/614 11423/5805/614
f 11422/5805/614 11426/5805/614 11427/5805/614 11424/5805/614
f 11394/5805/614 11425/5805/614 11427/5805/614 11426/5805/614
f 11425/5805/614 11396/5805/614 11397/5805/614 11427/5805/614
f 11397/5805/614 11400/5805/614 11403/5805/614 11406/5805/614 11409/5805/614 11412/5805/614 11415/5805/614 11418/5805/614 11421/5805/614 11424/5805/614 11427/5805/614
f 11468/5806/614 11472/5806/614 11473/5806/614 11469/5806/614 11470/5806/614 11471/5806/614
f 11474/5807/1733 11485/2325/1734 11487/5843/1734 11486/5807/1733
f 11485/2325/1735 11489/5807/1735 11490/5844/1735 11487/5843/1735
f 11475/5807/1733 11488/2325/1734 11490/5844/1734 11489/5807/1733
f 11488/2325/1735 11492/5807/1735 11493/5844/1735 11490/5844/1735
f 11476/5807/1733 11491/2325/1734 11493/5844/1734 11492/5807/1733
f 11491/2325/1735 11495/5807/1735 11496/5844/1735 11493/5844/1735
f 11477/5807/1733 11494/2325/1734 11496/5844/1734 11495/5807/1733
f 11494/2325/1735 11498/5807/1735 11499/5844/1735 11496/5844/1735
f 11478/5807/1733 11497/2325/1734 11499/5844/1734 11498/5807/1733
f 11497/2325/1735 11501/5807/1735 11502/5844/1735 11499/5844/1735
f 11479/5807/1733 11500/2325/1734 11502/5844/1734 11501/5807/1733
f 11500/2325/1735 11504/5807/1735 11505/5844/1735 11502/5844/1735
f 11480/5807/1733 11503/2325/1734 11505/5844/1734 11504/5807/1733
f 11503/2325/1735 11507/5807/1735 11508/5844/1735 11505/5844/1735
f 11481/5807/1733 11506/2325/1734 11508/5844/1734 11507/5807/1733
f 11506/2325/1735 11510/5807/1735 11511/5844/1735 11508/5844/1735
f 11482/5807/1733 11509/2325/1734 11511/5844/1734 11510/5807/1733
f 11509/2325/1735 11513/5807/1735 11514/5844/1735 11511/5844/1735
f 11483/5807/1733 11512/2325/1734 11514/5844/1734 11513/5807/1733
f 11512/2325/1735 11516/5807/1735 11517/5845/1735 11514/5844/1735
f 11484/5807/1733 11515/2325/1734 11517/5845/1734 11516/5807/1733
f 11515/2325/1735 11486/5807/1735 11487/5843/1735 11517/5845/1735
f 11487/5843/614 11490/5844/614 11493/5844/614 11496/5844/614 11499/5844/614 11502/5844/614 11505/5844/614 11508/5844/614 11511/5844/614 11514/5844/614 11517/5845/614
f 11558/5821/614 11561/5821/614 11560/5821/614
f 11561/5821/614 11562/5821/614 11560/5821/614
f 11562/5821/614 11559/5821/614 11560/5821/614
f 11563/5822/614 11566/5846/614 11565/5822/614
f 11566/5846/614 11567/5822/1736 11565/5822/614
f 11567/5822/1736 11564/5822/1737 11565/5822/614
f 11572/5823/614 11575/5823/614 11574/5823/614
f 11575/5823/614 11576/5823/614 11574/5823/614
f 11576/5823/614 11573/5823/614 11574/5823/614
f 11577/5824/614 11580/5824/614 11579/5824/614
f 11580/5824/614 11581/5824/1738 11579/5824/614
f 11581/5824/1738 11578/5824/1739 11579/5824/614
f 11586/5825/614 11589/5825/614 11588/5825/614
f 11589/5825/614 11590/5825/614 11588/5825/614
f 11590/5825/614 11587/5825/614 11588/5825/614
f 11591/5826/614 11602/5826/1740 11604/5826/614 11603/5826/1741
f 11602/5826/1740 11606/5826/1742 11607/5826/614 11604/5826/614
f 11592/5826/614 11605/5826/1743 11607/5826/614 11606/5826/1742
f 11605/5826/1743 11609/5826/1744 11610/5826/614 11607/5826/614
f 11593/5826/614 11608/5826/1745 11610/5826/614 11609/5826/1744
f 11608/5826/1745 11612/5826/1746 11613/5826/614 11610/5826/614
f 11594/5826/614 11611/5826/1747 11613/5826/614 11612/5826/1746
f 11611/5826/1747 11615/5826/1747 11616/5826/614 11613/5826/614
f 11595/5826/614 11614/5826/1748 11616/5826/614 11615/5826/1747
f 11614/5826/1748 11618/5826/1749 11619/5826/614 11616/5826/614
f 11596/5826/614 11617/5826/1750 11619/5826/614 11618/5826/1749
f 11617/5826/1750 11621/5826/1751 11622/5826/614 11619/5826/614
f 11597/5826/614 11620/5826/1752 11622/5826/614 11621/5826/1751
f 11620/5826/1752 11624/5826/1753 11625/5826/614 11622/5826/614
f 11598/5826/614 11623/5826/1754 11625/5826/614 11624/5826/1753
f 11623/5826/1754 11627/5826/1755 11628/5826/614 11625/5826/614
f 11599/5826/614 11626/5826/1756 11628/5826/614 11627/5826/1755
f 11626/5826/1756 11630/5826/1757 11631/5826/614 11628/5826/614
f 11600/5826/614 11629/5826/1758 11631/5826/614 11630/5826/1757
f 11629/5826/1758 11633/5826/1759 11634/5826/614 11631/5826/614
f 11601/5827/614 11632/5826/1760 11634/5826/614 11633/5826/1759
f 11632/5826/1760 11603/5826/1741 11604/5826/614 11634/5826/614
f 11604/5826/614 11607/5826/614 11610/5826/614 11613/5826/614 11616/5826/614 11619/5826/614 11622/5826/614 11625/5826/614 11628/5826/614 11631/5826/614 11634/5826/614
f 11675/5828/614 11678/5828/1761 11677/5828/614
f 11678/5828/1761 11679/5828/1758 11677/5828/614
f 11679/5828/1758 11676/5828/614 11677/5828/614
f 11680/5829/614 11691/5829/614 11693/5829/614 11692/5829/614
f 11691/5829/614 11695/5829/614 11696/5829/614 11693/5829/614
f 11681/5829/614 11694/5829/614 11696/5829/614 11695/5829/614
f 11694/5829/614 11698/5829/614 11699/5829/614 11696/5829/614
f 11682/5829/614 11697/5829/614 11699/5829/614 11698/5829/614
f 11697/5829/614 11701/5829/614 11702/5829/614 11699/5829/614
f 11683/5829/614 11700/5829/614 11702/5829/614 11701/5829/614
f 11700/5829/614 11704/5829/614 11705/5829/614 11702/5829/614
f 11684/5829/1762 11703/5829/1762 11705/5829/614 11704/5829/614
f 11703/5829/1762 11707/5829/614 11708/5829/614 11705/5829/614
f 11685/5829/614 11706/5829/614 11708/5829/614 11707/5829/614
f 11706/5829/614 11710/5829/614 11711/5829/614 11708/5829/614
f 11686/5829/614 11709/5829/614 11711/5829/614 11710/5829/614
f 11709/5829/614 11713/5829/614 11714/5829/614 11711/5829/614
f 11687/5829/614 11712/5829/614 11714/5829/614 11713/5829/614
f 11712/5829/614 11716/5829/614 11717/5829/614 11714/5829/614
f 11688/5829/1763 11715/5829/1763 11717/5829/614 11716/5829/614
f 11715/5829/1763 11719/5829/614 11720/5829/614 11717/5829/614
f 11689/5829/614 11718/5829/614 11720/5829/614 11719/5829/614
f 11718/5829/614 11722/5829/614 11723/5829/614 11720/5829/614
f 11690/5831/614 11721/5829/614 11723/5829/614 11722/5829/614
f 11721/5829/614 11692/5829/614 11693/5829/614 11723/5829/614
f 11693/5829/614 11696/5829/614 11699/5829/614 11702/5829/614 11705/5829/614 11708/5829/614 11711/5829/614 11714/5829/614 11717/5829/614 11720/5829/614 11723/5829/614
f 11764/5833/614 11767/5833/614 11766/5833/614
f 11767/5833/614 11768/5833/614 11766/5833/614
f 11768/5833/614 11765/5833/614 11766/5833/614
f 10052/5783/614 10127/5793/614 10130/5793/614 10083/5783/614
f 10083/5783/638 10130/5793/638 10129/5847/638 10054/5783/638
f 10054/5783/614 10129/5847/614 10126/5793/614 10042/5783/614
f 10042/5783/614 10123/5848/614 10125/5848/614 10053/5783/614
f 10053/5783/638 10125/5848/638 10124/5848/638 10057/5784/638
f 10057/5784/614 10124/5848/614 10122/5848/614 10043/5783/614
f 10043/5783/614 10119/5849/614 10121/5849/614 10056/5783/614
f 10056/5783/638 10121/5849/638 10120/5850/638 10060/5783/638
f 10060/5783/614 10120/5850/614 10118/5849/614 10044/5783/614
f 10044/5783/614 10115/5851/614 10117/5852/614 10059/5783/614
f 10059/5783/638 10117/5852/638 10116/5851/638 10063/5784/638
f 10063/5784/614 10116/5851/614 10114/5851/614 10045/5783/614
f 10045/5783/614 10111/5853/614 10113/5853/614 10062/5783/614
f 10062/5783/638 10113/5853/638 10112/5854/638 10066/5784/638
f 10066/5784/614 10112/5854/614 10110/5853/614 10046/5783/614
f 10046/5783/638 10107/5855/638 10109/5856/638 10065/5783/638
f 10065/5783/638 10109/5856/638 10108/5857/638 10069/5784/638
f 10069/5784/614 10108/5857/614 10106/5855/614 10047/5783/614
f 10047/5783/638 10103/5858/638 10105/5858/638 10068/5783/638
f 10068/5783/638 10105/5858/638 10104/5859/638 10072/5784/638
f 10072/5784/614 10104/5859/614 10102/5858/614 10048/5783/614
f 10048/5783/614 10099/5860/614 10101/5860/614 10071/5783/614
f 10071/5783/638 10101/5860/638 10100/5861/638 10075/5784/638
f 10075/5784/614 10100/5861/614 10098/5860/614 10049/5783/614
f 10049/5783/638 10095/5862/638 10097/5863/638 10074/5783/638
f 10074/5783/614 10097/5863/614 10096/5864/614 10078/5784/614
f 10078/5784/614 10096/5864/614 10094/5862/614 10050/5783/614
f 10050/5783/614 10091/5865/614 10093/5865/614 10077/5783/614
f 10077/5783/638 10093/5865/638 10092/5866/638 10081/5790/638
f 10081/5790/614 10092/5866/614 10090/5865/614 10051/5783/614
f 10051/5783/614 10087/5867/614 10089/5867/614 10080/5783/614
f 10080/5783/638 10089/5867/638 10088/5868/638 10084/5792/638
f 10084/5792/614 10088/5868/614 10086/5867/614 10052/5783/614
f 10265/5869/614 10289/5797/614 10311/5797/614 10267/5869/614
f 10267/5869/614 10311/5797/614 10307/5797/614 10268/5869/614
f 10268/5869/614 10307/5797/614 10288/5797/614 10266/5869/614
f 10233/5870/614 10297/5798/614 10335/5797/614 10235/5870/614
f 10235/5870/614 10335/5797/614 10331/5797/614 10236/5870/614
f 10236/5870/614 10331/5797/614 10296/5797/614 10234/5870/614
f 10234/5870/614 10338/5799/614 10341/5799/614 10236/5870/614
f 10236/5870/614 10341/5799/614 10340/5800/614 10235/5870/614
f 10235/5870/638 10340/5800/638 10337/5799/638 10233/5870/638
f 11004/5783/614 11080/5793/614 11083/5793/614 11033/5783/1730
f 11033/5783/1730 11083/5793/614 11082/5793/614 11037/5792/1731
f 11037/5792/1729 11082/5793/638 11079/5793/638 11005/5783/1728
f 11003/5783/614 11076/5848/614 11078/5848/614 11030/5783/1730
f 11030/5783/1730 11078/5848/614 11077/5848/614 11034/5784/1731
f 11034/5784/1729 11077/5848/638 11075/5848/638 11004/5783/1728
f 11002/5783/614 11072/5849/614 11074/5849/614 11027/5783/1730
f 11027/5783/1730 11074/5849/614 11073/5871/614 11031/5784/1731
f 11031/5784/1729 11073/5871/638 11071/5849/638 11003/5783/1728
f 11001/5783/614 11068/5851/1764 11070/5852/614 11024/5783/1730
f 11024/5783/1730 11070/5852/614 11069/5851/614 11028/5784/1731
f 11028/5784/1729 11069/5851/638 11067/5851/638 11002/5783/1728
f 11000/5783/614 11064/5853/614 11066/5853/614 11021/5783/1730
f 11021/5783/1730 11066/5853/614 11065/5872/614 11025/5783/1731
f 11025/5783/1729 11065/5872/638 11063/5853/638 11001/5783/1728
f 10999/5783/614 11060/5855/1764 11062/5855/614 11018/5783/1730
f 11018/5783/1730 11062/5855/614 11061/5873/614 11022/5784/1731
f 11022/5784/1729 11061/5873/638 11059/5855/638 11000/5783/1728
f 10998/5783/614 11056/5858/614 11058/2325/614 11015/5783/1730
f 11015/5783/1730 11058/2325/614 11057/5874/614 11019/5784/1731
f 11019/5784/1729 11057/5874/638 11055/5858/638 10999/5783/1728
f 10997/5783/614 11052/5860/614 11054/5860/614 11012/5783/1730
f 11012/5783/1730 11054/5860/614 11053/5875/614 11016/5784/1731
f 11016/5784/1729 11053/5875/638 11051/5860/638 10998/5783/1728
f 10996/5783/614 11048/5862/614 11050/2325/614 11009/5783/1730
f 11009/5783/1730 11050/2325/614 11049/5876/614 11013/5784/1731
f 11013/5784/1729 11049/5876/638 11047/5862/638 10997/5783/1728
f 10995/5783/614 11044/5865/614 11046/5865/614 11006/5783/1730
f 11006/5783/1730 11046/5865/614 11045/5877/614 11010/5784/1731
f 11010/5784/1729 11045/5877/638 11043/5865/638 10996/5783/1728
f 11005/5783/614 11040/5867/614 11042/5867/614 11036/5783/1730
f 11036/5783/1730 11042/5867/614 11041/5878/614 11007/5790/1731
f 11007/5790/1729 11041/5878/638 11039/5867/638 10995/5783/1728
f 11218/5869/614 11246/5797/614 11276/5797/614 11220/5869/614
f 11220/5869/614 11276/5797/614 11272/5797/614 11221/5869/614
f 11221/5869/614 11272/5797/614 11245/5797/614 11219/5869/614
f 11187/5870/614 11238/5797/614 11252/5797/614 11189/5870/614
f 11189/5870/614 11252/5797/614 11287/5797/614 11188/5870/614
f 11188/5870/614 11287/5797/614 11250/5798/614 11186/5870/614
f 11186/5870/614 11291/5799/614 11294/5799/614 11188/5870/614
f 11188/5870/638 11294/5799/638 11293/5800/638 11189/5870/638
f 11189/5870/614 11293/5800/614 11290/5799/614 11187/5870/614
f 11785/3260/626 11790/3259/626 11792/3259/626 11787/3260/626
f 11787/3260/626 11792/3259/626 11791/5879/626 11788/3260/626
f 11788/3260/614 11791/5879/614 11789/3259/614 11786/3260/614
f 11793/2205/626 11798/3188/626 11800/3188/626 11795/2205/626
f 11795/2325/614 11800/2373/614 11799/2373/614 11796/2325/614
f 11796/2325/650 11799/2373/650 11797/2373/650 11794/2325/650
f 11833/5880/1765 11838/5881/1765 11840/5881/1765 11835/5880/1765
f 11835/5880/650 11840/5881/650 11839/5881/650 11836/5880/650
f 11836/5880/1766 11839/5881/1766 11837/5881/1766 11834/5880/1766
f 10269/5882/614 10288/5797/614 10308/5797/614 10271/5882/614
f 10271/5882/614 10308/5797/614 10304/5797/614 10272/5882/614
f 10272/5882/614 10304/5797/614 10287/5797/614 10270/5882/614
f 10237/5883/638 10296/5797/638 10332/5797/638 10239/5883/638
f 10239/5883/614 10332/5797/614 10328/5797/614 10240/5883/614
f 10240/5883/614 10328/5797/614 10295/5797/614 10238/5883/614
f 11222/5882/614 11247/5797/614 11279/5797/614 11224/5882/614
f 11224/5882/614 11279/5797/614 11275/5797/614 11225/5882/614
f 11225/5882/614 11275/5797/614 11246/5797/614 11223/5882/614
f 11190/5883/614 11239/5797/614 11255/5797/614 11192/5883/614
f 11192/5883/638 11255/5797/638 11251/5797/638 11193/5883/638
f 11193/5883/614 11251/5797/614 11238/5797/614 11191/5883/614
f 10141/5794/614 10216/5796/614 10232/5795/614 10172/5794/614
f 10172/5794/614 10232/5795/614 10231/5795/614 10143/5794/614
f 10143/5794/614 10231/5795/614 10215/5795/614 10131/5794/614
f 10131/5794/638 10212/5884/638 10214/5884/638 10142/5794/638
f 10142/5794/614 10214/5884/614 10213/5884/614 10146/5794/614
f 10146/5794/614 10213/5884/614 10211/5884/614 10132/5794/614
f 10132/5794/614 10208/5885/614 10210/5885/614 10145/5794/614
f 10145/5794/614 10210/5885/614 10209/5885/614 10149/5794/614
f 10149/5794/614 10209/5885/614 10207/5885/614 10133/5794/614
f 10133/5794/614 10204/5886/614 10206/5886/614 10148/5794/614
f 10148/5794/614 10206/5886/614 10205/5886/614 10152/5794/614
f 10152/5794/614 10205/5886/614 10203/5886/614 10134/5794/614
f 10134/5794/614 10200/5887/614 10202/5887/614 10151/5794/614
f 10151/5794/614 10202/5887/614 10201/5887/614 10155/5794/614
f 10155/5794/614 10201/5887/614 10199/5887/614 10135/5794/614
f 10135/5794/614 10196/5888/614 10198/5888/614 10154/5794/614
f 10154/5794/614 10198/5888/614 10197/5888/614 10158/5794/614
f 10158/5794/614 10197/5888/614 10195/5888/614 10136/5794/614
f 10136/5794/614 10192/5889/614 10194/5889/614 10157/5794/614
f 10157/5794/614 10194/5889/614 10193/5890/614 10161/5794/614
f 10161/5794/614 10193/5890/614 10191/5889/614 10137/5794/614
f 10137/5794/614 10188/5891/614 10190/5891/614 10160/5794/614
f 10160/5794/614 10190/5891/614 10189/5892/614 10164/5794/614
f 10164/5794/614 10189/5892/614 10187/5891/614 10138/5794/614
f 10138/5794/614 10184/5893/614 10186/5893/614 10163/5794/614
f 10163/5794/614 10186/5893/614 10185/5894/614 10167/5794/614
f 10167/5794/614 10185/5894/614 10183/5893/614 10139/5794/614
f 10139/5794/614 10180/5895/614 10182/5895/614 10166/5794/614
f 10166/5794/614 10182/5895/614 10181/5896/614 10170/5794/614
f 10170/5794/614 10181/5896/614 10179/5895/614 10140/5794/614
f 10140/5794/614 10176/5897/614 10178/5897/614 10169/5794/614
f 10169/5794/614 10178/5897/614 10177/5898/614 10173/5794/614
f 10173/5794/614 10177/5898/614 10175/5897/614 10141/5794/614
f 10273/5899/614 10287/5797/614 10305/5797/614 10275/5899/614
f 10275/5899/614 10305/5797/614 10301/5797/614 10276/5899/614
f 10276/5899/614 10301/5797/614 10286/5797/614 10274/5899/614
f 10241/5900/614 10295/5797/614 10329/5797/614 10243/5900/614
f 10243/5900/614 10329/5797/614 10325/5797/614 10244/5900/614
f 10244/5900/614 10325/5797/614 10294/5797/614 10242/5900/614
f 11093/5794/614 11169/5795/614 11185/5795/614 11122/5794/614
f 11122/5794/614 11185/5795/614 11184/5795/614 11126/5794/614
f 11126/5794/614 11184/5795/614 11168/5796/614 11094/5794/614
f 11092/5794/614 11165/5884/614 11167/5884/614 11119/5794/614
f 11119/5794/638 11167/5884/638 11166/5884/638 11123/5794/638
f 11123/5794/614 11166/5884/614 11164/5884/614 11093/5794/614
f 11091/5794/614 11161/5885/614 11163/5885/614 11116/5794/614
f 11116/5794/614 11163/5885/614 11162/5885/614 11120/5794/614
f 11120/5794/614 11162/5885/614 11160/5885/614 11092/5794/614
f 11090/5794/614 11157/5886/614 11159/5886/614 11113/5794/614
f 11113/5794/614 11159/5886/614 11158/5886/614 11117/5794/614
f 11117/5794/614 11158/5886/614 11156/5886/614 11091/5794/614
f 11089/5794/614 11153/5887/614 11155/5887/614 11110/5794/614
f 11110/5794/614 11155/5887/614 11154/5887/614 11114/5794/614
f 11114/5794/614 11154/5887/614 11152/5887/614 11090/5794/614
f 11088/5794/614 11149/5888/614 11151/5888/614 11107/5794/614
f 11107/5794/614 11151/5888/614 11150/5888/614 11111/5794/614
f 11111/5794/614 11150/5888/614 11148/5888/614 11089/5794/614
f 11087/5794/614 11145/5889/614 11147/5889/614 11104/5794/614
f 11104/5794/614 11147/5889/614 11146/5889/614 11108/5794/614
f 11108/5794/614 11146/5889/614 11144/5889/614 11088/5794/614
f 11086/5794/614 11141/5891/614 11143/5891/614 11101/5794/614
f 11101/5794/614 11143/5891/614 11142/5891/614 11105/5794/614
f 11105/5794/614 11142/5891/614 11140/5891/614 11087/5794/614
f 11085/5794/614 11137/5893/614 11139/5893/614 11098/5794/614
f 11098/5794/614 11139/5893/614 11138/5893/614 11102/5794/614
f 11102/5794/614 11138/5893/614 11136/5893/614 11086/5794/614
f 11084/5794/614 11133/5895/614 11135/5901/614 11095/5794/614
f 11095/5794/614 11135/5901/614 11134/5895/614 11099/5794/614
f 11099/5794/614 11134/5895/614 11132/5895/614 11085/5794/614
f 11094/5794/614 11129/5897/614 11131/5902/614 11125/5794/614
f 11125/5794/614 11131/5902/614 11130/5897/614 11096/5794/614
f 11096/5794/614 11130/5897/614 11128/5897/614 11084/5794/614
f 11226/5899/614 11248/5797/614 11282/5797/614 11228/5899/614
f 11228/5899/614 11282/5797/614 11278/5797/614 11229/5899/614
f 11229/5899/614 11278/5797/614 11247/5797/614 11227/5899/614
f 11194/5900/614 11240/5797/614 11258/5797/614 11196/5900/614
f 11196/5900/614 11258/5797/614 11254/5797/614 11197/5900/614
f 11197/5900/614 11254/5797/614 11239/5797/614 11195/5900/614
f 11769/5903/614 11774/5904/614 11776/5904/614 11771/5903/614
f 11771/5903/626 11776/5904/626 11775/5904/626 11772/5903/626
f 11772/5903/650 11775/5904/650 11773/5904/650 11770/5903/650
f 11801/5905/626 11806/5906/626 11808/5906/626 11803/5905/626
f 11803/5905/614 11808/5906/614 11807/5906/614 11804/5905/614
f 11804/5905/650 11807/5906/650 11805/5906/650 11802/5905/650
f 11817/5907/626 11822/5908/626 11824/5908/626 11819/5907/626
f 11819/5907/614 11824/5908/614 11823/5908/614 11820/5907/614
f 11820/5907/650 11823/5908/650 11821/5908/650 11818/5907/650
f 11841/5909/626 11846/5910/626 11848/5910/626 11843/5909/626
f 11843/5909/614 11848/5910/614 11847/5910/614 11844/5909/614
f 11844/5909/650 11847/5910/650 11845/5910/650 11842/5909/650
f 10277/5911/614 10286/5797/614 10302/5797/614 10279/5911/614
f 10279/5911/614 10302/5797/614 10298/5797/614 10280/5911/614
f 10280/5911/614 10298/5797/614 10285/5797/614 10278/5911/614
f 10245/5912/614 10294/5797/614 10326/5797/614 10247/5912/614
f 10247/5912/614 10326/5797/614 10322/5797/614 10248/5912/614
f 10248/5912/614 10322/5797/614 10293/5797/614 10246/5912/614
f 10624/5824/638 10629/5913/638 10631/5913/638 10627/5824/638
f 10627/5824/1724 10631/5913/1767 10632/5914/1768 10628/5824/1725
f 10628/5824/1725 10632/5914/1768 10630/5913/1769 10625/5824/614
f 10648/5827/614 10723/5828/614 10726/5828/614 10679/5826/614
f 10679/5826/638 10726/5828/638 10725/5828/638 10650/5826/638
f 10650/5826/614 10725/5828/614 10722/5828/614 10638/5826/614
f 10638/5826/614 10719/5915/614 10721/5915/614 10649/5826/614
f 10649/5826/638 10721/5915/638 10720/5915/638 10653/5826/638
f 10653/5826/614 10720/5915/614 10718/5915/614 10639/5826/614
f 10639/5826/614 10715/5916/614 10717/5917/614 10652/5826/614
f 10652/5826/614 10717/5917/614 10716/5918/614 10656/5826/614
f 10656/5826/614 10716/5918/614 10714/5916/614 10640/5826/614
f 10640/5826/614 10711/5919/614 10713/5919/614 10655/5826/614
f 10655/5826/638 10713/5919/638 10712/5919/638 10659/5826/638
f 10659/5826/614 10712/5919/614 10710/5919/614 10641/5826/614
f 10641/5826/614 10707/5920/614 10709/5920/614 10658/5826/614
f 10658/5826/638 10709/5920/638 10708/5921/638 10662/5826/638
f 10662/5826/614 10708/5921/614 10706/5920/614 10642/5826/614
f 10642/5826/614 10703/5922/614 10705/5923/614 10661/5826/614
f 10661/5826/638 10705/5923/638 10704/5924/638 10665/5826/638
f 10665/5826/614 10704/5924/614 10702/5922/614 10643/5826/614
f 10643/5826/614 10699/5925/614 10701/5926/614 10664/5826/614
f 10664/5826/638 10701/5926/638 10700/5927/638 10668/5826/638
f 10668/5826/614 10700/5927/614 10698/5925/614 10644/5826/614
f 10644/5826/614 10695/5928/614 10697/5928/614 10667/5826/614
f 10667/5826/638 10697/5928/638 10696/5929/638 10671/5826/638
f 10671/5826/614 10696/5929/614 10694/5928/614 10645/5826/614
f 10645/5826/614 10691/5930/614 10693/5930/614 10670/5826/614
f 10670/5826/638 10693/5930/638 10692/5931/638 10674/5826/638
f 10674/5826/614 10692/5931/614 10690/5930/614 10646/5826/614
f 10646/5826/614 10687/5932/614 10689/5933/614 10673/5826/614
f 10673/5826/638 10689/5933/638 10688/5934/638 10677/5826/638
f 10677/5826/614 10688/5934/614 10686/5932/614 10647/5826/614
f 10647/5826/614 10683/5935/614 10685/5935/614 10676/5826/614
f 10676/5826/638 10685/5935/638 10684/5936/638 10680/5826/638
f 10680/5826/614 10684/5936/614 10682/5935/614 10648/5827/614
f 10737/5831/614 10812/5833/614 10815/5833/614 10768/5829/614
f 10768/5829/638 10815/5833/638 10814/5833/638 10739/5829/638
f 10739/5829/614 10814/5833/614 10811/5832/614 10727/5829/614
f 10727/5829/614 10808/5937/614 10810/5937/614 10738/5829/614
f 10738/5829/638 10810/5937/638 10809/5937/638 10742/5829/638
f 10742/5829/614 10809/5937/614 10807/5937/614 10728/5829/614
f 10728/5829/614 10804/5938/614 10806/5938/614 10741/5829/614
f 10741/5829/638 10806/5938/638 10805/5938/638 10745/5829/638
f 10745/5829/614 10805/5938/614 10803/5938/614 10729/5829/614
f 10729/5829/614 10800/5939/614 10802/5939/614 10744/5829/614
f 10744/5829/614 10802/5939/614 10801/5939/614 10748/5829/614
f 10748/5829/614 10801/5939/614 10799/5939/614 10730/5829/614
f 10730/5829/638 10796/5940/638 10798/5940/638 10747/5829/638
f 10747/5829/638 10798/5940/638 10797/5941/638 10751/5829/638
f 10751/5829/614 10797/5941/614 10795/5940/614 10731/5829/614
f 10731/5829/638 10792/5942/638 10794/5942/638 10750/5829/638
f 10750/5829/638 10794/5942/638 10793/5943/638 10754/5829/638
f 10754/5829/614 10793/5943/614 10791/5942/614 10732/5829/614
f 10732/5829/638 10788/5944/638 10790/5945/638 10753/5829/638
f 10753/5829/638 10790/5945/638 10789/5946/638 10757/5829/638
f 10757/5829/614 10789/5946/614 10787/5944/614 10733/5829/614
f 10733/5829/614 10784/5947/614 10786/5947/614 10756/5829/614
f 10756/5829/614 10786/5947/614 10785/5948/614 10760/5829/614
f 10760/5829/614 10785/5948/614 10783/5947/614 10734/5829/614
f 10734/5829/614 10780/5949/614 10782/5949/614 10759/5829/614
f 10759/5829/638 10782/5949/638 10781/5950/638 10763/5829/638
f 10763/5829/614 10781/5950/614 10779/5949/614 10735/5829/614
f 10735/5829/614 10776/5951/614 10778/5951/614 10762/5829/614
f 10762/5829/638 10778/5951/638 10777/5952/638 10766/5829/638
f 10766/5829/614 10777/5952/614 10775/5951/614 10736/5829/614
f 10736/5829/614 10772/5953/614 10774/5953/614 10765/5829/614
f 10765/5829/638 10774/5953/638 10773/5954/638 10769/5829/638
f 10769/5829/614 10773/5954/614 10771/5953/614 10737/5831/614
f 11230/5911/614 11249/5797/614 11285/5797/614 11232/5911/614
f 11232/5911/614 11285/5797/614 11281/5797/614 11233/5911/614
f 11233/5911/614 11281/5797/614 11248/5797/614 11231/5911/614
f 11198/5912/614 11241/5797/614 11261/5797/614 11200/5912/614
f 11200/5912/614 11261/5797/614 11257/5797/614 11201/5912/614
f 11201/5912/614 11257/5797/614 11240/5797/614 11199/5912/614
f 11577/5824/614 11583/5913/614 11585/5955/614 11580/5824/614
f 11580/5824/638 11585/5955/638 11584/5913/638 11581/5824/638
f 11581/5824/1738 11584/5913/1738 11582/5913/1738 11578/5824/1739
f 11600/5826/614 11676/5828/614 11679/5828/1758 11629/5826/1758
f 11629/5826/1758 11679/5828/1758 11678/5828/1761 11633/5826/1759
f 11633/5826/1770 11678/5828/1770 11675/5828/1770 11601/5827/1770
f 11599/5826/614 11672/5915/614 11674/5915/1771 11626/5826/1756
f 11626/5826/1756 11674/5915/1771 11673/5915/1772 11630/5826/1757
f 11630/5826/1773 11673/5915/1773 11671/5915/1773 11600/5826/1773
f 11598/5826/614 11668/5916/614 11670/2325/1774 11623/5826/1754
f 11623/5826/1754 11670/2325/1774 11669/5917/1774 11627/5826/1755
f 11627/5826/1775 11669/5917/1775 11667/5916/1775 11599/5826/1775
f 11597/5826/614 11664/5919/614 11666/5919/1776 11620/5826/1752
f 11620/5826/1752 11666/5919/1776 11665/5919/1777 11624/5826/1753
f 11624/5826/1778 11665/5919/1778 11663/5919/1778 11598/5826/1778
f 11596/5826/614 11660/5920/614 11662/5920/1763 11617/5826/1750
f 11617/5826/1750 11662/5920/1763 11661/5920/1779 11621/5826/1751
f 11621/5826/1780 11661/5920/1780 11659/5920/1780 11597/5826/1780
f 11595/5826/614 11656/5922/614 11658/2325/1781 11614/5826/1748
f 11614/5826/1748 11658/2325/1781 11657/5922/1781 11618/5826/1749
f 11618/5826/1782 11657/5922/1782 11655/5922/1782 11596/5826/1782
f 11594/5826/638 11652/5925/638 11654/5925/638 11611/5826/638
f 11611/5826/1747 11654/5925/1783 11653/5956/1783 11615/5826/1747
f 11615/5826/1770 11653/5956/1770 11651/5925/1784 11595/5826/1770
f 11593/5826/614 11648/5928/614 11650/5928/1785 11608/5826/1745
f 11608/5826/1745 11650/5928/1785 11649/5957/1786 11612/5826/1746
f 11612/5826/1787 11649/5957/1787 11647/5928/1787 11594/5826/1787
f 11592/5826/614 11644/5930/614 11646/2325/1788 11605/5826/1743
f 11605/5826/1743 11646/2325/1788 11645/5958/1788 11609/5826/1744
f 11609/5826/1789 11645/5958/1789 11643/5930/1789 11593/5826/1789
f 11591/5826/614 11640/5932/1764 11642/5933/1790 11602/5826/1740
f 11602/5826/1740 11642/5933/1790 11641/5959/1791 11606/5826/1742
f 11606/5826/1792 11641/5959/1792 11639/5932/1792 11592/5826/1792
f 11601/5827/614 11636/5935/614 11638/5935/1793 11632/5826/1760
f 11632/5826/1760 11638/5935/1793 11637/5960/1794 11603/5826/1741
f 11603/5826/1795 11637/5960/1795 11635/5935/1795 11591/5826/1795
f 11689/5829/1 11765/5833/1 11768/5833/1 11718/5829/1
f 11718/5829/614 11768/5833/614 11767/5833/614 11722/5829/614
f 11722/5829/1796 11767/5833/1796 11764/5833/1796 11690/5831/1796
f 11688/5829/1763 11761/5937/1764 11763/5961/1797 11715/5829/1763
f 11715/5829/1763 11763/5961/1797 11762/5937/614 11719/5829/614
f 11719/5829/1798 11762/5937/1798 11760/5937/1798 11689/5829/1798
f 11687/5829/1 11757/5938/1 11759/5938/1 11712/5829/1
f 11712/5829/614 11759/5938/614 11758/5938/614 11716/5829/614
f 11716/5829/1799 11758/5938/1799 11756/5938/1799 11688/5829/1799
f 11686/5829/1 11753/5939/1 11755/5939/1 11709/5829/1
f 11709/5829/614 11755/5939/614 11754/5939/614 11713/5829/614
f 11713/5829/1800 11754/5939/1800 11752/5939/1800 11687/5829/1800
f 11685/5829/1 11749/5940/1 11751/2325/1 11706/5829/1
f 11706/5829/614 11751/2325/614 11750/5940/614 11710/5829/614
f 11710/5829/1801 11750/5940/1801 11748/5940/1801 11686/5829/1801
f 11684/5829/1762 11745/5942/1802 11747/2325/614 11703/5829/1762
f 11703/5829/1762 11747/2325/614 11746/5942/614 11707/5829/614
f 11707/5829/1803 11746/5942/1803 11744/5942/1803 11685/5829/1803
f 11683/5829/1 11741/5944/1 11743/2325/1 11700/5829/1
f 11700/5829/614 11743/2325/614 11742/5956/614 11704/5829/614
f 11704/5829/1796 11742/5956/1796 11740/5944/1796 11684/5829/1796
f 11682/5829/1 11737/5947/1 11739/5947/1 11697/5829/1
f 11697/5829/614 11739/5947/614 11738/5962/614 11701/5829/614
f 11701/5829/1804 11738/5962/1804 11736/5947/1804 11683/5829/1804
f 11681/5829/1 11733/5949/1 11735/5949/1 11694/5829/1
f 11694/5829/614 11735/5949/614 11734/5958/614 11698/5829/614
f 11698/5829/1805 11734/5958/1805 11732/5949/1805 11682/5829/1805
f 11680/5829/1 11729/5951/1 11731/5951/1 11691/5829/1
f 11691/5829/614 11731/5951/614 11730/5963/614 11695/5829/614
f 11695/5829/1806 11730/5963/1806 11728/5951/1806 11681/5829/1806
f 11690/5831/1 11725/5953/1 11727/5953/1 11721/5829/1
f 11721/5829/614 11727/5953/614 11726/5964/614 11692/5829/614
f 11692/5829/1807 11726/5964/1807 11724/5953/1807 11680/5829/1807
f 10281/5965/614 10285/5797/614 10299/5797/614 10283/5965/614
f 10283/5965/614 10299/5797/614 10334/5797/614 10284/5965/614
f 10284/5965/614 10334/5797/614 10297/5798/614 10282/5965/614
f 10249/5966/614 10293/5797/614 10323/5797/614 10251/5966/614
f 10251/5966/614 10323/5797/614 10319/5797/614 10252/5966/614
f 10252/5966/614 10319/5797/614 10292/5797/614 10250/5966/614
f 10610/5822/638 10615/5967/638 10617/5967/638 10613/5822/638
f 10613/5822/1722 10617/5967/1808 10618/5968/1809 10614/5822/1723
f 10614/5822/1723 10618/5968/1809 10616/5967/614 10611/5822/614
f 11234/5965/614 11250/5798/614 11288/5797/614 11236/5965/614
f 11236/5965/614 11288/5797/614 11284/5797/614 11237/5965/614
f 11237/5965/614 11284/5797/614 11249/5797/614 11235/5965/614
f 11202/5966/614 11242/5797/614 11264/5797/614 11204/5966/614
f 11204/5966/614 11264/5797/614 11260/5797/614 11205/5966/614
f 11205/5966/614 11260/5797/614 11241/5797/614 11203/5966/614
f 11563/5822/614 11569/5967/614 11571/5969/614 11566/5846/614
f 11566/5846/638 11571/5969/638 11570/5967/638 11567/5822/638
f 11567/5822/1736 11570/5967/1810 11568/5967/1810 11564/5822/1737
f 11777/5970/650 11782/5971/650 11784/5971/650 11779/5970/650
f 11779/5970/614 11784/5971/614 11783/5971/614 11780/5970/614
f 11780/5970/614 11783/5971/614 11781/5971/614 11778/5970/614
f 11809/5972/650 11814/5973/650 11816/5973/650 11811/5972/650
f 11811/5972/650 11816/5973/650 11815/5973/650 11812/5972/650
f 11812/5972/614 11815/5973/614 11813/5973/614 11810/5972/614
f 11825/5974/1811 11830/5975/1812 11832/5975/1765 11827/5974/1765
f 11827/5974/626 11832/5975/626 11831/5975/626 11828/5974/626
f 11828/5974/1766 11831/5975/1766 11829/5975/1766 11826/5974/1766
f 11849/5907/626 11854/5908/626 11856/5908/626 11851/5907/626
f 11851/5907/614 11856/5908/614 11855/5908/614 11852/5907/614
f 11852/5907/650 11855/5908/650 11853/5908/650 11850/5907/650
f 10253/5976/614 10292/5797/614 10320/5797/614 10255/5976/614
f 10255/5976/614 10320/5797/614 10316/5797/614 10256/5976/614
f 10256/5976/614 10316/5797/614 10291/5797/614 10254/5976/614
f 10629/5913/123 10634/5825/123 10637/5825/123 10631/5913/123
f 10631/5913/1813 10637/5825/1813 10636/5977/1813 10632/5914/1813
f 10632/5914/1768 10636/5977/1727 10633/5825/1726 10630/5913/1769
f 11206/5976/614 11243/5797/614 11267/5797/614 11208/5976/614
f 11208/5976/614 11267/5797/614 11263/5797/614 11209/5976/614
f 11209/5976/614 11263/5797/614 11242/5797/614 11207/5976/614
f 11583/5913/638 11587/5825/638 11590/5978/638 11585/5955/638
f 11585/5955/614 11590/5978/614 11589/5825/614 11584/5913/614
f 11584/5913/1 11589/5825/1 11586/5825/1 11582/5913/1
f 9962/5781/614 10037/5782/614 10041/5782/614 9993/5781/614
f 9993/5781/614 10041/5782/614 10040/5782/614 9964/5781/614
f 9964/5781/614 10040/5782/614 10036/5782/614 9952/5781/614
f 9952/5781/614 10033/5979/614 10035/5979/614 9963/5781/614
f 9963/5781/638 10035/5979/638 10034/5979/638 9967/5781/638
f 9967/5781/614 10034/5979/614 10032/5979/614 9953/5781/614
f 9953/5781/614 10029/5980/614 10031/5980/614 9966/5781/614
f 9966/5781/638 10031/5980/638 10030/5980/638 9970/5781/638
f 9970/5781/614 10030/5980/614 10028/5980/614 9954/5781/614
f 9954/5781/614 10025/5981/614 10027/5981/614 9969/5781/614
f 9969/5781/638 10027/5981/638 10026/5981/638 9973/5781/638
f 9973/5781/614 10026/5981/614 10024/5981/614 9955/5781/614
f 9955/5781/614 10021/5982/614 10023/5982/614 9972/5781/614
f 9972/5781/638 10023/5982/638 10022/5982/638 9976/5781/638
f 9976/5781/614 10022/5982/614 10020/5982/614 9956/5781/614
f 9956/5781/614 10017/5983/614 10019/5983/614 9975/5781/614
f 9975/5781/638 10019/5983/638 10018/5983/638 9979/5781/638
f 9979/5781/614 10018/5983/614 10016/5983/614 9957/5781/614
f 9957/5781/614 10013/5984/614 10015/5984/614 9978/5781/614
f 9978/5781/638 10015/5984/638 10014/5984/638 9982/5781/638
f 9982/5781/614 10014/5984/614 10012/5984/614 9958/5781/614
f 9958/5781/614 10009/5985/614 10011/5985/614 9981/5781/614
f 9981/5781/638 10011/5985/638 10010/5985/638 9985/5781/638
f 9985/5781/614 10010/5985/614 10008/5985/614 9959/5781/614
f 9959/5781/614 10005/5986/614 10007/5986/614 9984/5781/614
f 9984/5781/614 10007/5986/614 10006/5987/614 9988/5781/614
f 9988/5781/614 10006/5987/614 10004/5986/614 9960/5781/614
f 9960/5781/614 10001/5988/614 10003/5988/614 9987/5781/614
f 9987/5781/638 10003/5988/638 10002/5988/638 9991/5781/638
f 9991/5781/614 10002/5988/614 10000/5988/614 9961/5781/614
f 9961/5781/614 9997/5989/614 9999/5989/614 9990/5781/614
f 9990/5781/614 9999/5989/614 9998/5990/614 9994/5781/614
f 9994/5781/614 9998/5990/614 9996/5989/614 9962/5781/614
f 9873/5779/614 9948/5780/614 9951/5780/614 9904/5779/614
f 9904/5779/638 9951/5780/638 9950/5780/638 9875/5779/638
f 9875/5779/614 9950/5780/614 9947/5780/614 9863/5779/614
f 9863/5779/614 9944/5991/614 9946/5992/614 9874/5779/614
f 9874/5779/638 9946/5992/638 9945/5993/638 9878/5779/638
f 9878/5779/614 9945/5993/614 9943/5991/614 9864/5779/614
f 9864/5779/614 9940/5994/614 9942/5994/614 9877/5779/614
f 9877/5779/638 9942/5994/638 9941/5995/638 9881/5779/638
f 9881/5779/614 9941/5995/614 9939/5994/614 9865/5779/614
f 9865/5779/614 9936/5996/614 9938/5997/614 9880/5779/614
f 9880/5779/638 9938/5997/638 9937/5996/638 9884/5779/638
f 9884/5779/614 9937/5996/614 9935/5996/614 9866/5779/614
f 9866/5779/614 9932/5998/614 9934/5998/614 9883/5779/614
f 9883/5779/638 9934/5998/638 9933/5999/638 9887/5779/638
f 9887/5779/614 9933/5999/614 9931/5998/614 9867/5779/614
f 9867/5779/614 9928/6000/614 9930/6000/614 9886/5779/614
f 9886/5779/638 9930/6000/638 9929/6001/638 9890/5779/638
f 9890/5779/614 9929/6001/614 9927/6000/614 9868/5779/614
f 9868/5779/638 9924/6002/638 9926/6003/638 9889/5779/638
f 9889/5779/638 9926/6003/638 9925/6004/638 9893/5779/638
f 9893/5779/614 9925/6004/614 9923/6002/614 9869/5779/614
f 9869/5779/614 9920/6005/614 9922/6006/614 9892/5779/614
f 9892/5779/638 9922/6006/638 9921/6007/638 9896/5779/638
f 9896/5779/614 9921/6007/614 9919/6005/614 9870/5779/614
f 9870/5779/614 9916/6008/614 9918/6008/614 9895/5779/614
f 9895/5779/638 9918/6008/638 9917/6009/638 9899/5779/638
f 9899/5779/614 9917/6009/614 9915/6008/614 9871/5779/614
f 9871/5779/614 9912/6010/614 9914/6010/614 9898/5779/614
f 9898/5779/638 9914/6010/638 9913/6011/638 9902/5779/638
f 9902/5779/614 9913/6011/614 9911/6010/614 9872/5779/614
f 9872/5779/614 9908/6012/614 9910/6013/614 9901/5779/614
f 9901/5779/614 9910/6013/614 9909/6014/614 9905/5779/614
f 9905/5779/614 9909/6014/614 9907/6012/614 9873/5779/614
f 10257/6015/614 10291/5797/614 10317/5797/614 10259/6015/614
f 10259/6015/614 10317/5797/614 10313/5797/614 10260/6015/614
f 10260/6015/614 10313/5797/614 10290/5797/614 10258/6015/614
f 10531/5807/1814 10606/5821/1815 10609/5821/1815 10562/5820/1815
f 10562/5820/1815 10609/5821/1815 10608/5821/1 10533/5807/1
f 10533/5807/123 10608/5821/123 10605/5821/123 10521/5807/123
f 10521/5807/1816 10602/6016/1816 10604/6016/1817 10532/5808/1815
f 10532/5808/1815 10604/6016/1817 10603/6017/1 10536/5807/1
f 10536/5807/123 10603/6017/123 10601/6016/123 10522/5807/123
f 10522/5807/1816 10598/6018/1816 10600/6018/1817 10535/5809/1815
f 10535/5809/1815 10600/6018/1817 10599/6019/1 10539/5807/1
f 10539/5807/123 10599/6019/123 10597/6018/123 10523/5807/123
f 10523/5807/1816 10594/6020/1816 10596/6020/1815 10538/5810/1815
f 10538/5810/1815 10596/6020/1815 10595/6020/1 10542/5807/1
f 10542/5807/123 10595/6020/123 10593/6020/123 10524/5807/123
f 10524/5807/1720 10590/6021/638 10592/6021/638 10541/5811/1721
f 10541/5811/1818 10592/6021/1818 10591/6021/1818 10545/5807/1818
f 10545/5807/123 10591/6021/123 10589/6021/123 10525/5807/123
f 10525/5807/1816 10586/6022/1816 10588/6022/1817 10544/5812/1815
f 10544/5812/1815 10588/6022/1817 10587/6023/1 10548/5807/1
f 10548/5807/123 10587/6023/123 10585/6022/123 10526/5807/123
f 10526/5807/1816 10582/6024/1816 10584/6024/1817 10547/5813/1815
f 10547/5813/1815 10584/6024/1817 10583/6025/1 10551/5807/1
f 10551/5807/123 10583/6025/123 10581/6024/123 10527/5807/123
f 10527/5807/614 10578/6026/614 10580/6026/614 10550/5814/614
f 10550/5814/1819 10580/6026/1819 10579/6026/1819 10554/5807/1819
f 10554/5807/123 10579/6026/123 10577/6026/123 10528/5807/123
f 10528/5807/1816 10574/6027/1816 10576/6028/1817 10553/5815/1815
f 10553/5815/1815 10576/6028/1817 10575/6029/1 10557/5807/1
f 10557/5807/123 10575/6029/123 10573/6027/123 10529/5807/123
f 10529/5807/1720 10570/6030/638 10572/6031/638 10556/5817/1721
f 10556/5817/1820 10572/6031/1820 10571/6032/1820 10560/5807/1820
f 10560/5807/123 10571/6032/123 10569/6030/123 10530/5807/123
f 10530/5807/1816 10566/6033/1816 10568/6034/1815 10559/5819/1815
f 10559/5819/1815 10568/6034/1815 10567/6035/1 10563/5807/1
f 10563/5807/123 10567/6035/123 10565/6033/123 10531/5807/123
f 10615/5967/123 10620/5823/123 10623/5823/123 10617/5967/123
f 10617/5967/1821 10623/5823/1821 10622/6036/1821 10618/5968/1821
f 10618/5968/1822 10622/6036/1822 10619/5823/1822 10616/5967/1822
f 10914/5781/614 10990/5782/614 10994/5782/614 10943/5781/614
f 10943/5781/614 10994/5782/614 10993/5782/614 10947/5781/614
f 10947/5781/638 10993/5782/638 10989/5782/638 10915/5781/638
f 10913/5781/614 10986/5979/614 10988/5979/614 10940/5781/614
f 10940/5781/614 10988/5979/614 10987/5979/614 10944/5781/614
f 10944/5781/638 10987/5979/638 10985/5979/638 10914/5781/638
f 10912/5781/614 10982/5980/614 10984/5980/614 10937/5781/614
f 10937/5781/614 10984/5980/614 10983/5980/614 10941/5781/614
f 10941/5781/638 10983/5980/638 10981/5980/638 10913/5781/638
f 10911/5781/614 10978/5981/614 10980/5981/614 10934/5781/614
f 10934/5781/614 10980/5981/614 10979/5981/614 10938/5781/614
f 10938/5781/638 10979/5981/638 10977/5981/638 10912/5781/638
f 10910/5781/614 10974/5982/614 10976/5982/614 10931/5781/614
f 10931/5781/614 10976/5982/614 10975/5982/614 10935/5781/614
f 10935/5781/638 10975/5982/638 10973/5982/638 10911/5781/638
f 10909/5781/614 10970/5983/614 10972/5983/614 10928/5781/614
f 10928/5781/614 10972/5983/614 10971/5983/614 10932/5781/614
f 10932/5781/638 10971/5983/638 10969/5983/638 10910/5781/638
f 10908/5781/614 10966/5984/614 10968/5984/614 10925/5781/614
f 10925/5781/614 10968/5984/614 10967/5984/614 10929/5781/614
f 10929/5781/638 10967/5984/638 10965/5984/638 10909/5781/638
f 10907/5781/614 10962/5985/614 10964/5985/614 10922/5781/614
f 10922/5781/614 10964/5985/614 10963/5985/614 10926/5781/614
f 10926/5781/638 10963/5985/638 10961/5985/638 10908/5781/638
f 10906/5781/614 10958/5986/614 10960/5986/614 10919/5781/614
f 10919/5781/614 10960/5986/614 10959/5986/614 10923/5781/614
f 10923/5781/638 10959/5986/638 10957/5986/638 10907/5781/638
f 10905/5781/614 10954/5988/1764 10956/5988/614 10916/5781/614
f 10916/5781/614 10956/5988/614 10955/5988/614 10920/5781/614
f 10920/5781/638 10955/5988/638 10953/5988/638 10906/5781/638
f 10915/5781/614 10950/5989/614 10952/5989/614 10946/5781/614
f 10946/5781/614 10952/5989/614 10951/5989/614 10917/5781/614
f 10917/5781/614 10951/5989/614 10949/5989/614 10905/5781/614
f 10825/5779/614 10901/5780/614 10904/5780/614 10854/5779/614
f 10854/5779/614 10904/5780/614 10903/5780/614 10858/5779/614
f 10858/5779/638 10903/5780/638 10900/5780/638 10826/5779/638
f 10824/5779/614 10897/5991/614 10899/2325/614 10851/5779/614
f 10851/5779/614 10899/2325/614 10898/5992/614 10855/5779/614
f 10855/5779/638 10898/5992/638 10896/5991/638 10825/5779/638
f 10823/5779/614 10893/5994/614 10895/5994/614 10848/5779/614
f 10848/5779/614 10895/5994/614 10894/6037/614 10852/5779/614
f 10852/5779/638 10894/6037/638 10892/5994/638 10824/5779/638
f 10822/5779/614 10889/5996/1764 10891/5997/614 10845/5779/614
f 10845/5779/614 10891/5997/614 10890/5996/614 10849/5779/614
f 10849/5779/638 10890/5996/638 10888/5996/638 10823/5779/638
f 10821/5779/614 10885/5998/614 10887/5998/614 10842/5779/614
f 10842/5779/614 10887/5998/614 10886/6038/614 10846/5779/614
f 10846/5779/614 10886/6038/614 10884/5998/614 10822/5779/614
f 10820/5779/614 10881/6000/614 10883/6000/614 10839/5779/614
f 10839/5779/614 10883/6000/614 10882/6039/614 10843/5779/614
f 10843/5779/638 10882/6039/638 10880/6000/638 10821/5779/638
f 10819/5779/614 10877/6002/614 10879/2325/614 10836/5779/614
f 10836/5779/614 10879/2325/614 10878/6040/614 10840/5779/614
f 10840/5779/638 10878/6040/638 10876/6002/638 10820/5779/638
f 10818/5779/638 10873/6005/638 10875/6005/638 10833/5779/638
f 10833/5779/614 10875/6005/614 10874/6041/614 10837/5779/614
f 10837/5779/638 10874/6041/638 10872/6005/638 10819/5779/638
f 10817/5779/614 10869/6008/614 10871/2325/614 10830/5779/614
f 10830/5779/614 10871/2325/614 10870/6042/614 10834/5779/614
f 10834/5779/638 10870/6042/638 10868/6008/638 10818/5779/638
f 10816/5779/614 10865/6010/614 10867/6010/614 10827/5779/614
f 10827/5779/614 10867/6010/614 10866/6043/614 10831/5779/614
f 10831/5779/638 10866/6043/638 10864/6010/638 10817/5779/638
f 10826/5779/614 10861/6012/1764 10863/6044/614 10857/5779/614
f 10857/5779/614 10863/6044/614 10862/6045/614 10828/5779/614
f 10828/5779/638 10862/6045/638 10860/6012/638 10816/5779/638
f 11210/6015/614 11244/5797/614 11270/5797/614 11212/6015/614
f 11212/6015/614 11270/5797/614 11266/5797/614 11213/6015/614
f 11213/6015/614 11266/5797/614 11243/5797/614 11211/6015/614
f 11483/5807/1823 11559/5821/1823 11562/5821/1823 11512/2325/1823
f 11512/2325/1824 11562/5821/1824 11561/5821/1824 11516/5807/1824
f 11516/5807/1733 11561/5821/614 11558/5821/614 11484/5807/1733
f 11482/5807/1825 11555/6016/1825 11557/6016/1825 11509/2325/1825
f 11509/2325/1826 11557/6016/1826 11556/6046/1826 11513/5807/1826
f 11513/5807/1733 11556/6046/614 11554/6016/614 11483/5807/1733
f 11481/5807/1827 11551/6018/1827 11553/6018/1827 11506/2325/1827
f 11506/2325/1828 11553/6018/1828 11552/6047/1828 11510/5807/1828
f 11510/5807/1733 11552/6047/614 11550/6018/614 11482/5807/1733
f 11480/5807/1829 11547/6020/1829 11549/6020/1829 11503/2325/1829
f 11503/2325/1830 11549/6020/1830 11548/6020/1830 11507/5807/1830
f 11507/5807/1733 11548/6020/614 11546/6020/614 11481/5807/1733
f 11479/5807/123 11543/6021/123 11545/6021/123 11500/2325/123
f 11500/2325/1 11545/6021/1 11544/6021/1 11504/5807/1
f 11504/5807/1733 11544/6021/614 11542/6021/614 11480/5807/1733
f 11478/5807/1831 11539/6022/1831 11541/6022/1831 11497/2325/1831
f 11497/2325/1832 11541/6022/1832 11540/6022/1832 11501/5807/1832
f 11501/5807/1733 11540/6022/614 11538/6022/614 11479/5807/1733
f 11477/5807/123 11535/6024/123 11537/6024/123 11494/2325/123
f 11494/2325/1 11537/6024/1 11536/6024/1 11498/5807/1
f 11498/5807/1733 11536/6024/614 11534/6024/614 11478/5807/1733
f 11476/5807/1833 11531/6026/1833 11533/6026/1833 11491/2325/1833
f 11491/2325/1834 11533/6026/1834 11532/6026/1834 11495/5807/1834
f 11495/5807/1733 11532/6026/614 11530/6026/614 11477/5807/1733
f 11475/5807/1835 11527/6027/1835 11529/6027/1835 11488/2325/1835
f 11488/2325/1836 11529/6027/1836 11528/6048/1836 11492/5807/1836
f 11492/5807/1733 11528/6048/614 11526/6027/614 11476/5807/1733
f 11474/5807/123 11523/6030/123 11525/6030/123 11485/2325/123
f 11485/2325/1 11525/6030/1 11524/6030/1 11489/5807/1
f 11489/5807/1733 11524/6030/614 11522/6030/614 11475/5807/1733
f 11484/5807/1837 11519/6033/1837 11521/6033/1837 11515/2325/1837
f 11515/2325/1838 11521/6033/1838 11520/6033/1838 11486/5807/1838
f 11486/5807/1733 11520/6033/614 11518/6033/614 11474/5807/1733
f 11569/5967/638 11573/5823/638 11576/6049/638 11571/5969/638
f 11571/5969/614 11576/6049/614 11575/5823/614 11570/5967/614
f 11570/5967/1 11575/5823/1 11572/5823/1 11568/5967/1
f 11857/5974/1811 11862/5975/1812 11864/5975/1765 11859/5974/1765
f 11859/5974/626 11864/5975/626 11863/5975/626 11860/5974/626
f 11860/5974/1766 11863/5975/1766 11861/5975/1766 11858/5974/1766
f 10261/6050/614 10290/5797/614 10314/5797/614 10263/6050/614
f 10263/6050/614 10314/5797/614 10310/5797/614 10264/6050/614
f 10264/6050/614 10310/5797/614 10289/5797/614 10262/6050/614
f 10441/5805/614 10516/5806/614 10520/5806/614 10472/5805/614
f 10472/5805/638 10520/5806/638 10519/5806/638 10443/5805/638
f 10443/5805/614 10519/5806/614 10515/5806/614 10431/5805/614
f 10431/5805/614 10512/6051/614 10514/6051/614 10442/5805/614
f 10442/5805/638 10514/6051/638 10513/6051/638 10446/5805/638
f 10446/5805/614 10513/6051/614 10511/6051/614 10432/5805/614
f 10432/5805/614 10508/6052/614 10510/6052/614 10445/5805/614
f 10445/5805/638 10510/6052/638 10509/6052/638 10449/5805/638
f 10449/5805/614 10509/6052/614 10507/6052/614 10433/5805/614
f 10433/5805/614 10504/6053/614 10506/6053/614 10448/5805/614
f 10448/5805/638 10506/6053/638 10505/6053/638 10452/5805/638
f 10452/5805/614 10505/6053/614 10503/6053/614 10434/5805/614
f 10434/5805/614 10500/6054/614 10502/6054/614 10451/5805/614
f 10451/5805/638 10502/6054/638 10501/6054/638 10455/5805/638
f 10455/5805/614 10501/6054/614 10499/6054/614 10435/5805/614
f 10435/5805/614 10496/6055/614 10498/6055/614 10454/5805/614
f 10454/5805/614 10498/6055/614 10497/6055/614 10458/5805/614
f 10458/5805/614 10497/6055/614 10495/6055/614 10436/5805/614
f 10436/5805/614 10492/6056/614 10494/6056/614 10457/5805/614
f 10457/5805/638 10494/6056/638 10493/6056/638 10461/5805/638
f 10461/5805/614 10493/6056/614 10491/6056/614 10437/5805/614
f 10437/5805/614 10488/6057/614 10490/6057/614 10460/5805/614
f 10460/5805/638 10490/6057/638 10489/6058/638 10464/5805/638
f 10464/5805/614 10489/6058/614 10487/6057/614 10438/5805/614
f 10438/5805/614 10484/6059/614 10486/6059/614 10463/5805/614
f 10463/5805/638 10486/6059/638 10485/6060/638 10467/5805/638
f 10467/5805/614 10485/6060/614 10483/6059/614 10439/5805/614
f 10439/5805/614 10480/6061/614 10482/6061/614 10466/5805/614
f 10466/5805/614 10482/6061/614 10481/6062/614 10470/5805/614
f 10470/5805/614 10481/6062/614 10479/6061/614 10440/5805/614
f 10440/5805/614 10476/6063/614 10478/6063/614 10469/5805/614
f 10469/5805/638 10478/6063/638 10477/6063/638 10473/5805/638
f 10473/5805/614 10477/6063/614 10475/6063/614 10441/5805/614
f 10352/5802/614 10427/5804/614 10430/5804/614 10383/5801/614
f 10383/5801/638 10430/5804/638 10429/5804/638 10354/5801/638
f 10354/5801/614 10429/5804/614 10426/5803/614 10342/5801/614
f 10342/5801/614 10423/6064/614 10425/6064/614 10353/5801/614
f 10353/5801/638 10425/6064/638 10424/6064/638 10357/5801/638
f 10357/5801/614 10424/6064/614 10422/6064/614 10343/5801/614
f 10343/5801/614 10419/6065/614 10421/6065/614 10356/5801/614
f 10356/5801/638 10421/6065/638 10420/6065/638 10360/5801/638
f 10360/5801/614 10420/6065/614 10418/6065/614 10344/5801/614
f 10344/5801/614 10415/6066/614 10417/6066/614 10359/5801/614
f 10359/5801/638 10417/6066/638 10416/6066/638 10363/5801/638
f 10363/5801/614 10416/6066/614 10414/6066/614 10345/5801/614
f 10345/5801/614 10411/6067/614 10413/6067/614 10362/5801/614
f 10362/5801/638 10413/6067/638 10412/6068/638 10366/5801/638
f 10366/5801/614 10412/6068/614 10410/6067/614 10346/5801/614
f 10346/5801/614 10407/6069/614 10409/6069/614 10365/5801/614
f 10365/5801/638 10409/6069/638 10408/6070/638 10369/5801/638
f 10369/5801/614 10408/6070/614 10406/6069/614 10347/5801/614
f 10347/5801/614 10403/6071/614 10405/6071/614 10368/5801/614
f 10368/5801/638 10405/6071/638 10404/6072/638 10372/5801/638
f 10372/5801/614 10404/6072/614 10402/6071/614 10348/5801/614
f 10348/5801/614 10399/6073/614 10401/6073/614 10371/5801/614
f 10371/5801/638 10401/6073/638 10400/6074/638 10375/5801/638
f 10375/5801/614 10400/6074/614 10398/6073/614 10349/5801/614
f 10349/5801/614 10395/6075/614 10397/6075/614 10374/5801/614
f 10374/5801/638 10397/6075/638 10396/6076/638 10378/5801/638
f 10378/5801/614 10396/6076/614 10394/6075/614 10350/5801/614
f 10350/5801/614 10391/6077/614 10393/6077/614 10377/5801/614
f 10377/5801/614 10393/6077/614 10392/6078/614 10381/5801/614
f 10381/5801/614 10392/6078/614 10390/6077/614 10351/5801/614
f 10351/5801/614 10387/6079/614 10389/6079/614 10380/5801/614
f 10380/5801/614 10389/6079/614 10388/6080/614 10384/5801/614
f 10384/5801/614 10388/6080/614 10386/6079/614 10352/5802/614
f 11214/6050/614 11245/5797/614 11273/5797/614 11216/6050/614
f 11216/6050/614 11273/5797/614 11269/5797/614 11217/6050/614
f 11217/6050/614 11269/5797/614 11244/5797/614 11215/6050/614
f 11393/5805/614 11469/5806/614 11473/5806/614 11422/5805/614
f 11422/5805/614 11473/5806/614 11472/5806/614 11426/5805/614
f 11426/5805/638 11472/5806/638 11468/5806/638 11394/5805/638
f 11392/5805/614 11465/6051/614 11467/6051/614 11419/5805/614
f 11419/5805/614 11467/6051/614 11466/6051/614 11423/5805/614
f 11423/5805/638 11466/6051/638 11464/6051/638 11393/5805/638
f 11391/5805/614 11461/6052/614 11463/6052/614 11416/5805/614
f 11416/5805/614 11463/6052/614 11462/6052/614 11420/5805/614
f 11420/5805/638 11462/6052/638 11460/6052/638 11392/5805/638
f 11390/5805/614 11457/6053/614 11459/6053/614 11413/5805/614
f 11413/5805/614 11459/6053/614 11458/6053/614 11417/5805/614
f 11417/5805/638 11458/6053/638 11456/6053/638 11391/5805/638
f 11389/5805/614 11453/6054/614 11455/6054/614 11410/5805/614
f 11410/5805/614 11455/6054/614 11454/6054/614 11414/5805/614
f 11414/5805/638 11454/6054/638 11452/6054/638 11390/5805/638
f 11388/5805/614 11449/6055/614 11451/6055/614 11407/5805/614
f 11407/5805/614 11451/6055/614 11450/6055/614 11411/5805/614
f 11411/5805/614 11450/6055/614 11448/6055/614 11389/5805/614
f 11387/5805/614 11445/6056/614 11447/6056/614 11404/5805/614
f 11404/5805/614 11447/6056/614 11446/6056/614 11408/5805/614
f 11408/5805/638 11446/6056/638 11444/6056/638 11388/5805/638
f 11386/5805/614 11441/6057/614 11443/6057/614 11401/5805/614
f 11401/5805/614 11443/6057/614 11442/6057/614 11405/5805/614
f 11405/5805/638 11442/6057/638 11440/6057/638 11387/5805/638
f 11385/5805/614 11437/6059/614 11439/6059/614 11398/5805/614
f 11398/5805/614 11439/6059/614 11438/6081/614 11402/5805/614
f 11402/5805/638 11438/6081/638 11436/6059/638 11386/5805/638
f 11384/5805/614 11433/6061/614 11435/6061/614 11395/5805/614
f 11395/5805/614 11435/6061/614 11434/6061/614 11399/5805/614
f 11399/5805/638 11434/6061/638 11432/6061/638 11385/5805/638
f 11394/5805/614 11429/6063/614 11431/6063/614 11425/5805/614
f 11425/5805/614 11431/6063/614 11430/6063/614 11396/5805/614
f 11396/5805/638 11430/6063/638 11428/6063/638 11384/5805/638
f 11304/5801/614 11380/5804/614 11383/5804/614 11333/5801/614
f 11333/5801/614 11383/5804/614 11382/5804/614 11337/5801/614
f 11337/5801/638 11382/5804/638 11379/5804/638 11305/5802/638
f 11303/5801/614 11376/6064/614 11378/6064/614 11330/5801/614
f 11330/5801/614 11378/6064/614 11377/6064/614 11334/5801/614
f 11334/5801/638 11377/6064/638 11375/6064/638 11304/5801/638
f 11302/5801/614 11372/6065/614 11374/6065/614 11327/5801/614
f 11327/5801/614 11374/6065/614 11373/6065/614 11331/5801/614
f 11331/5801/638 11373/6065/638 11371/6065/638 11303/5801/638
f 11301/5801/614 11368/6066/614 11370/6066/614 11324/5801/614
f 11324/5801/614 11370/6066/614 11369/6066/614 11328/5801/614
f 11328/5801/638 11369/6066/638 11367/6066/638 11302/5801/638
f 11300/5801/614 11364/6067/614 11366/6067/614 11321/5801/614
f 11321/5801/614 11366/6067/614 11365/6038/614 11325/5801/614
f 11325/5801/638 11365/6038/638 11363/6067/638 11301/5801/638
f 11299/5801/614 11360/6069/614 11362/6069/614 11318/5801/614
f 11318/5801/614 11362/6069/614 11361/6082/614 11322/5801/614
f 11322/5801/638 11361/6082/638 11359/6069/638 11300/5801/638
f 11298/5801/614 11356/6071/614 11358/6071/614 11315/5801/614
f 11315/5801/614 11358/6071/614 11357/6083/614 11319/5801/614
f 11319/5801/638 11357/6083/638 11355/6071/638 11299/5801/638
f 11297/5801/614 11352/6073/614 11354/6073/614 11312/5801/614
f 11312/5801/614 11354/6073/614 11353/5875/614 11316/5801/614
f 11316/5801/638 11353/5875/638 11351/6073/638 11298/5801/638
f 11296/5801/614 11348/6075/614 11350/6075/614 11309/5801/614
f 11309/5801/614 11350/6075/614 11349/6084/614 11313/5801/614
f 11313/5801/638 11349/6084/638 11347/6075/638 11297/5801/638
f 11295/5801/614 11344/6077/614 11346/6077/614 11306/5801/614
f 11306/5801/614 11346/6077/614 11345/6085/614 11310/5801/614
f 11310/5801/638 11345/6085/638 11343/6077/638 11296/5801/638
f 11305/5802/614 11340/6079/614 11342/6079/614 11336/5801/614
f 11336/5801/614 11342/6079/614 11341/6086/614 11307/5801/614
f 11307/5801/638 11341/6086/638 11339/6079/638 11295/5801/638
f 9948/5780/1 9873/5779/1 862/1014/1
f 9944/5991/614 9863/5779/614 9947/5780/614
f 9940/5994/614 9864/5779/614 9943/5991/614
f 9936/5996/614 9865/5779/614 9939/5994/614
f 9932/5998/614 9866/5779/614 9935/5996/614
f 9928/6000/638 9867/5779/638 9931/5998/638
f 9924/6002/614 9868/5779/614 9927/6000/614
f 9920/6005/638 9869/5779/638 9923/6002/638
f 9916/6008/614 9870/5779/614 9919/6005/614
f 9912/6010/614 9871/5779/614 9915/6008/614
f 9908/6012/614 9872/5779/614 9911/6010/614
f 863/6087/614 9873/5779/614 9907/6012/614
f 9949/5780/1 9948/5780/1 862/1014/1 864/1013/1
f 10037/5782/1 9962/5781/31 946/927/28
f 10033/5979/614 9952/5781/614 10036/5782/614
f 10029/5980/614 9953/5781/614 10032/5979/614
f 10025/5981/614 9954/5781/614 10028/5980/614
f 10021/5982/614 9955/5781/614 10024/5981/614
f 10017/5983/614 9956/5781/614 10020/5982/614
f 10013/5984/614 9957/5781/614 10016/5983/614
f 10009/5985/614 9958/5781/614 10012/5984/614
f 10005/5986/614 9959/5781/614 10008/5985/614
f 10001/5988/614 9960/5781/614 10004/5986/614
f 9997/5989/638 9961/5781/638 10000/5988/638
f 947/6088/614 9962/5781/614 9996/5989/614
f 948/929/29 10039/5782/69 10038/5782/1839 874/904/1
f 10038/5782/1839 10037/5782/1 946/927/28 874/904/1
f 10123/5848/614 10042/5783/614 10126/5793/614
f 10119/5849/638 10043/5783/638 10122/5848/638
f 10115/5851/614 10044/5783/614 10118/5849/614
f 10111/5853/614 10045/5783/614 10114/5851/614
f 10107/5855/614 10046/5783/614 10110/5853/614
f 10103/5858/614 10047/5783/614 10106/5855/614
f 10099/5860/614 10048/5783/614 10102/5858/614
f 10095/5862/614 10049/5783/614 10098/5860/614
f 10091/5865/614 10050/5783/614 10094/5862/614
f 10087/5867/614 10051/5783/614 10090/5865/614
f 1089/6089/614 10052/5783/614 10086/5867/614
f 10127/5793/1 10052/5783/1 1088/1263/1
f 10128/5793/1 10127/5793/1 1088/1263/1 1090/1262/1
f 10216/5796/30 10141/5794/115 1270/6090/27
f 10212/5884/614 10131/5794/614 10215/5795/614
f 10208/5885/638 10132/5794/638 10211/5884/638
f 10204/5886/614 10133/5794/614 10207/5885/614
f 10200/5887/614 10134/5794/614 10203/5886/614
f 10196/5888/614 10135/5794/614 10199/5887/614
f 10192/5889/614 10136/5794/614 10195/5888/614
f 10188/5891/614 10137/5794/614 10191/5889/614
f 10184/5893/614 10138/5794/614 10187/5891/614
f 10180/5895/614 10139/5794/614 10183/5893/614
f 10176/5897/614 10140/5794/614 10179/5895/614
f 1271/6091/638 10141/5794/638 10175/5897/638
f 10225/5795/1 10224/5795/4 1262/6092/4 1261/6093/1
f 10217/5795/90 10216/5796/30 1270/6090/27 1269/6094/13
f 10224/5795/4 10223/5795/1 1263/6095/1 1262/6092/4
f 10223/5795/1 10222/5795/2 1264/6096/2 1263/6095/1
f 10230/5796/1 10229/5795/1 1257/1087/1 1272/1076/1
f 10222/5795/2 10221/5795/1 1265/6097/1 1264/6096/2
f 10229/5795/1 10228/5795/1 1258/6098/1 1257/1087/1
f 10221/5795/1 10220/5795/6 1266/6099/1 1265/6097/1
f 10228/5795/1 10227/5795/2 1259/6100/2 1258/6098/1
f 10220/5795/6 10219/5795/4 1267/6101/88 1266/6099/1
f 10227/5795/2 10226/5795/2 1260/6102/2 1259/6100/2
f 10219/5795/4 10218/5795/26 1268/6103/13 1267/6101/88
f 10226/5795/2 10225/5795/1 1261/6093/1 1260/6102/2
f 10218/5795/26 10217/5795/90 1269/6094/13 1268/6103/13
f 10234/5870/614 10296/5797/614 10237/5883/614
f 10337/5799/614 10297/5798/614 10233/5870/614
f 1368/1424/1 10338/5799/16 10234/5870/1
f 10238/5883/614 10295/5797/614 10241/5900/614
f 10242/5900/614 10294/5797/614 10245/5912/614
f 10246/5912/614 10293/5797/614 10249/5966/614
f 10250/5966/614 10292/5797/614 10253/5976/614
f 10254/5976/614 10291/5797/614 10257/6015/614
f 10258/6015/638 10290/5797/638 10261/6050/638
f 10262/6050/614 10289/5797/614 10265/5869/614
f 10266/5869/614 10288/5797/614 10269/5882/614
f 10270/5882/614 10287/5797/614 10273/5899/614
f 10274/5899/614 10286/5797/614 10277/5911/614
f 10278/5911/614 10285/5797/614 10281/5965/614
f 10282/5965/1 10297/5798/1 1369/6104/1
f 1371/6105/1 10297/5798/1 1372/6106/1
f 1372/6106/1 10297/5798/1 1373/6107/105
f 1373/6107/105 10297/5798/1 1374/6108/13
f 1378/1421/1 10297/5798/1 1535/1418/1
f 1374/6108/13 10297/5798/1 1375/6109/5
f 1375/6109/5 10297/5798/1 1376/6110/1
f 1376/6110/1 10297/5798/1 1377/6111/1
f 1377/6111/1 10297/5798/1 1378/1421/1
f 1369/6104/1 10297/5798/1 1370/6112/1
f 1370/6112/1 10297/5798/1 1371/6105/1
f 1368/1424/1 1536/1423/23 10339/5799/16 10338/5799/16
f 10427/5804/1 10352/5802/2 1600/1726/1
f 10423/6064/614 10342/5801/614 10426/5803/614
f 10419/6065/614 10343/5801/614 10422/6064/614
f 10415/6066/614 10344/5801/614 10418/6065/614
f 10411/6067/614 10345/5801/614 10414/6066/614
f 10407/6069/614 10346/5801/614 10410/6067/614
f 10403/6071/614 10347/5801/614 10406/6069/614
f 10399/6073/614 10348/5801/614 10402/6071/614
f 10395/6075/614 10349/5801/614 10398/6073/614
f 10391/6077/614 10350/5801/614 10394/6075/614
f 10387/6079/614 10351/5801/614 10390/6077/614
f 1601/6113/614 10352/5802/614 10386/6079/614
f 10428/5804/1 10427/5804/1 1600/1726/1 1602/1725/1
f 10516/5806/1 10441/5805/1840 1684/1639/13
f 10512/6051/638 10431/5805/638 10515/5806/638
f 10508/6052/614 10432/5805/614 10511/6051/614
f 10504/6053/614 10433/5805/614 10507/6052/614
f 10500/6054/614 10434/5805/614 10503/6053/614
f 10496/6055/614 10435/5805/614 10499/6054/614
f 10492/6056/614 10436/5805/614 10495/6055/614
f 10488/6057/614 10437/5805/614 10491/6056/614
f 10484/6059/614 10438/5805/614 10487/6057/614
f 10480/6061/614 10439/5805/614 10483/6059/614
f 10476/6063/614 10440/5805/614 10479/6061/614
f 1685/6114/638 10441/5805/638 10475/6063/638
f 1686/1641/1 10518/5806/1 10517/5806/1 1612/1616/1
f 10517/5806/1 10516/5806/1 1684/1639/13 1612/1616/1
f 10606/5821/1815 10531/5807/1814 1839/1809/6
f 10602/6016/614 10521/5807/614 10605/5821/614
f 10598/6018/614 10522/5807/614 10601/6016/614
f 10594/6020/614 10523/5807/614 10597/6018/614
f 10590/6021/614 10524/5807/614 10593/6020/614
f 10586/6022/638 10525/5807/638 10589/6021/638
f 10582/6024/614 10526/5807/614 10585/6022/614
f 10578/6026/614 10527/5807/614 10581/6024/614
f 10574/6027/614 10528/5807/614 10577/6026/614
f 10570/6030/614 10529/5807/614 10573/6027/614
f 10566/6033/614 10530/5807/614 10569/6030/614
f 1840/6115/614 10531/5807/614 10565/6033/614
f 10607/5821/1 10606/5821/1815 1839/1809/6 1841/1808/1
f 2026/6116/614 10611/5822/614 10616/5967/614
f 10610/5822/1 10612/5822/1 2111/1907/1 2012/1904/1
f 10615/5967/1 10610/5822/1 2012/1904/1
f 2027/6117/614 10616/5967/614 10619/5823/614
f 10620/5823/1 10615/5967/1 2012/1904/1
f 2028/1906/26 10621/5823/1 10620/5823/1 2012/1904/1
f 10624/5824/1 10626/5824/1 2029/1905/1 2012/1904/1
f 2030/6118/638 10625/5824/638 10630/5913/638
f 10629/5913/1 10624/5824/1 2012/1904/1
f 2031/6119/614 10630/5913/1769 10633/5825/1726
f 10634/5825/1 10629/5913/1 2012/1904/1
f 2032/1902/114 10635/5825/1 10634/5825/1 2012/1904/1
f 10723/5828/1 10648/5827/1 2194/2175/1
f 10719/5915/614 10638/5826/614 10722/5828/614
f 10715/5916/614 10639/5826/614 10718/5915/614
f 10711/5919/614 10640/5826/614 10714/5916/614
f 10707/5920/638 10641/5826/638 10710/5919/638
f 10703/5922/614 10642/5826/614 10706/5920/614
f 10699/5925/614 10643/5826/614 10702/5922/614
f 10695/5928/614 10644/5826/614 10698/5925/614
f 10691/5930/614 10645/5826/614 10694/5928/614
f 10687/5932/614 10646/5826/614 10690/5930/614
f 10683/5935/614 10647/5826/614 10686/5932/614
f 2195/6120/614 10648/5827/614 10682/5935/614
f 10724/5828/1 10723/5828/1 2194/2175/1 2112/2174/1
f 10812/5833/1 10737/5831/1 2342/2322/1
f 10808/5937/614 10727/5829/614 10811/5832/614
f 10804/5938/614 10728/5829/614 10807/5937/614
f 10800/5939/614 10729/5829/614 10803/5938/614
f 10796/5940/614 10730/5829/614 10799/5939/614
f 10792/5942/614 10731/5829/614 10795/5940/614
f 10788/5944/614 10732/5829/614 10791/5942/614
f 10784/5947/638 10733/5829/638 10787/5944/638
f 10780/5949/614 10734/5829/614 10783/5947/614
f 10776/5951/614 10735/5829/614 10779/5949/614
f 10772/5953/638 10736/5829/638 10775/5951/638
f 2343/6121/614 10737/5831/614 10771/5953/614
f 10813/5833/1 10812/5833/1 2342/2322/1 2260/2321/1
f 10900/5780/123 3269/1014/123 10826/5779/125
f 10896/5991/614 10901/5780/614 10825/5779/614
f 10892/5994/614 10897/5991/614 10824/5779/614
f 10888/5996/638 10893/5994/638 10823/5779/638
f 10884/5998/614 10889/5996/1764 10822/5779/614
f 10880/6000/614 10885/5998/614 10821/5779/614
f 10876/6002/614 10881/6000/614 10820/5779/614
f 10872/6005/614 10877/6002/614 10819/5779/614
f 10868/6008/614 10873/6005/614 10818/5779/614
f 10864/6010/614 10869/6008/614 10817/5779/614
f 10860/6012/614 10865/6010/614 10816/5779/614
f 3270/6087/614 10861/6012/1764 10826/5779/614
f 10900/5780/123 10902/5780/123 3271/1013/123 3269/1014/123
f 10989/5782/123 3353/927/129 10915/5781/166
f 10985/5979/614 10990/5782/614 10914/5781/614
f 10981/5980/614 10986/5979/614 10913/5781/614
f 10977/5981/614 10982/5980/614 10912/5781/614
f 10973/5982/614 10978/5981/614 10911/5781/614
f 10969/5983/638 10974/5982/638 10910/5781/638
f 10965/5984/614 10970/5983/614 10909/5781/614
f 10961/5985/614 10966/5984/614 10908/5781/614
f 10957/5986/614 10962/5985/614 10907/5781/614
f 10953/5988/614 10958/5986/614 10906/5781/614
f 10949/5989/614 10954/5988/1764 10905/5781/614
f 3354/6088/614 10950/5989/614 10915/5781/614
f 3355/929/123 3281/904/123 10992/5782/123 10991/5782/123
f 10989/5782/123 10992/5782/123 3281/904/123 3353/927/129
f 11075/5848/614 11080/5793/614 11004/5783/614
f 11071/5849/614 11076/5848/614 11003/5783/614
f 11067/5851/614 11072/5849/614 11002/5783/614
f 11063/5853/614 11068/5851/1764 11001/5783/614
f 11059/5855/614 11064/5853/614 11000/5783/614
f 11055/5858/614 11060/5855/1764 10999/5783/614
f 11051/5860/614 11056/5858/614 10998/5783/614
f 11047/5862/614 11052/5860/614 10997/5783/614
f 11043/5865/614 11048/5862/614 10996/5783/614
f 11039/5867/614 11044/5865/614 10995/5783/614
f 3496/6089/614 11040/5867/614 11005/5783/614
f 11079/5793/125 3495/1263/123 11005/5783/123
f 11079/5793/125 11081/5793/125 3497/1262/123 3495/1263/123
f 11168/5796/212 3677/6090/150 11094/5794/1841
f 11164/5884/614 11169/5795/614 11093/5794/614
f 11160/5885/638 11165/5884/638 11092/5794/638
f 11156/5886/614 11161/5885/614 11091/5794/614
f 11152/5887/614 11157/5886/614 11090/5794/614
f 11148/5888/614 11153/5887/614 11089/5794/614
f 11144/5889/614 11149/5888/614 11088/5794/614
f 11140/5891/614 11145/5889/614 11087/5794/614
f 11136/5893/614 11141/5891/614 11086/5794/614
f 11132/5895/614 11137/5893/614 11085/5794/614
f 11128/5897/614 11133/5895/614 11084/5794/614
f 3678/6091/638 11129/5897/638 11094/5794/638
f 11176/5795/126 11175/5795/123 3668/6093/123 3669/6092/126
f 11168/5796/212 11183/5795/211 3676/6094/148 3677/6090/150
f 11177/5795/123 11176/5795/126 3669/6092/126 3670/6095/123
f 11178/5795/125 11177/5795/123 3670/6095/123 3671/6096/125
f 11179/5795/123 11178/5795/125 3671/6096/125 3672/6097/123
f 11172/5795/123 11171/5795/123 3664/1087/123 3665/6098/123
f 11180/5795/128 11179/5795/123 3672/6097/123 3673/6099/123
f 11173/5795/125 11172/5795/123 3665/6098/123 3666/6100/125
f 11181/5795/126 11180/5795/128 3673/6099/123 3674/6101/159
f 11171/5795/123 11170/5796/123 3679/1076/123 3664/1087/123
f 11174/5795/125 11173/5795/125 3666/6100/125 3667/6102/125
f 11182/5795/137 11181/5795/126 3674/6101/159 3675/6103/148
f 11175/5795/123 11174/5795/125 3667/6102/125 3668/6093/123
f 11183/5795/211 11182/5795/137 3675/6103/148 3676/6094/148
f 11291/5799/614 11186/5870/614 11250/5798/614
f 11187/5870/614 11191/5883/614 11238/5797/614
f 3775/1424/123 11187/5870/123 11290/5799/1842
f 11190/5883/614 11195/5900/614 11239/5797/614
f 11194/5900/614 11199/5912/614 11240/5797/614
f 11198/5912/614 11203/5966/614 11241/5797/614
f 11202/5966/614 11207/5976/614 11242/5797/614
f 11206/5976/614 11211/6015/614 11243/5797/614
f 11210/6015/638 11215/6050/638 11244/5797/638
f 11214/6050/614 11219/5869/614 11245/5797/614
f 11218/5869/614 11223/5882/614 11246/5797/614
f 11222/5882/614 11227/5899/614 11247/5797/614
f 11226/5899/614 11231/5911/614 11248/5797/614
f 11230/5911/614 11235/5965/614 11249/5797/614
f 11234/5965/123 3776/6104/123 11250/5798/123
f 3778/6105/123 3779/6106/123 11250/5798/123
f 3779/6106/123 3780/6107/135 11250/5798/123
f 3780/6107/135 3781/6108/148 11250/5798/123
f 3781/6108/148 3782/6109/127 11250/5798/123
f 3782/6109/127 3783/6110/123 11250/5798/123
f 3783/6110/123 3784/6111/123 11250/5798/123
f 3784/6111/123 3785/1421/123 11250/5798/123
f 3776/6104/123 3777/6112/123 11250/5798/123
f 3785/1421/123 3942/1418/123 11250/5798/123
f 3777/6112/123 3778/6105/123 11250/5798/123
f 3775/1424/123 11290/5799/1842 11292/5799/1842 3943/1423/146
f 11379/5804/123 4007/1726/123 11305/5802/126
f 11375/6064/614 11380/5804/614 11304/5801/614
f 11371/6065/614 11376/6064/614 11303/5801/614
f 11367/6066/614 11372/6065/614 11302/5801/614
f 11363/6067/614 11368/6066/614 11301/5801/614
f 11359/6069/614 11364/6067/614 11300/5801/614
f 11355/6071/614 11360/6069/614 11299/5801/614
f 11351/6073/614 11356/6071/614 11298/5801/614
f 11347/6075/614 11352/6073/614 11297/5801/614
f 11343/6077/614 11348/6075/614 11296/5801/614
f 11339/6079/614 11344/6077/614 11295/5801/614
f 4008/6113/614 11340/6079/614 11305/5802/614
f 11379/5804/123 11381/5804/123 4009/1725/123 4007/1726/123
f 11468/5806/123 4091/1639/145 11394/5805/165
f 11464/6051/614 11469/5806/614 11393/5805/614
f 11460/6052/614 11465/6051/614 11392/5805/614
f 11456/6053/614 11461/6052/614 11391/5805/614
f 11452/6054/614 11457/6053/614 11390/5805/614
f 11448/6055/638 11453/6054/638 11389/5805/638
f 11444/6056/614 11449/6055/614 11388/5805/614
f 11440/6057/614 11445/6056/614 11387/5805/614
f 11436/6059/638 11441/6057/638 11386/5805/638
f 11432/6061/614 11437/6059/614 11385/5805/614
f 11428/6063/614 11433/6061/614 11384/5805/614
f 4092/6114/614 11429/6063/614 11394/5805/614
f 4093/1641/214 4019/1616/123 11471/5806/1843 11470/5806/142
f 11468/5806/123 11471/5806/1843 4019/1616/123 4091/1639/145
f 11558/5821/123 4246/1809/128 11484/5807/123
f 11554/6016/614 11559/5821/614 11483/5807/1733
f 11550/6018/614 11555/6016/614 11482/5807/1733
f 11546/6020/614 11551/6018/614 11481/5807/1733
f 11542/6021/614 11547/6020/614 11480/5807/1733
f 11538/6022/638 11543/6021/638 11479/5807/638
f 11534/6024/614 11539/6022/614 11478/5807/1733
f 11530/6026/614 11535/6024/614 11477/5807/1733
f 11526/6027/614 11531/6026/614 11476/5807/1733
f 11522/6030/614 11527/6027/614 11475/5807/1733
f 11518/6033/614 11523/6030/614 11474/5807/1733
f 4247/6115/614 11519/6033/614 11484/5807/614
f 11558/5821/123 11560/5821/123 4248/1808/123 4246/1809/128
f 4433/6116/614 11569/5967/614 11563/5822/614
f 11565/5822/123 11564/5822/123 4419/1904/123 4518/1907/123
f 11568/5967/123 4419/1904/123 11564/5822/123
f 11572/5823/123 4419/1904/123 11568/5967/123
f 4434/6117/614 11573/5823/614 11569/5967/614
f 4435/1906/137 4419/1904/123 11572/5823/123 11574/5823/123
f 11579/5824/123 11578/5824/123 4419/1904/123 4436/1905/123
f 11582/5913/123 4419/1904/123 11578/5824/123
f 4437/6118/638 11583/5913/638 11577/5824/638
f 11586/5825/123 4419/1904/123 11582/5913/123
f 4438/6119/614 11587/5825/614 11583/5913/614
f 4439/1902/236 4419/1904/123 11586/5825/123 11588/5825/123
f 11675/5828/123 4601/2175/123 11601/5827/123
f 11671/5915/614 11676/5828/614 11600/5826/614
f 11667/5916/614 11672/5915/614 11599/5826/614
f 11663/5919/614 11668/5916/614 11598/5826/614
f 11659/5920/614 11664/5919/614 11597/5826/614
f 11655/5922/614 11660/5920/614 11596/5826/614
f 11651/5925/1784 11656/5922/638 11595/5826/1770
f 11647/5928/614 11652/5925/614 11594/5826/614
f 11643/5930/614 11648/5928/614 11593/5826/614
f 11639/5932/614 11644/5930/614 11592/5826/614
f 11635/5935/614 11640/5932/1764 11591/5826/614
f 4602/6120/614 11636/5935/614 11601/5827/614
f 11675/5828/123 11677/5828/123 4519/2174/123 4601/2175/123
f 11764/5833/123 4749/2322/123 11690/5831/123
f 11760/5937/614 11765/5833/614 11689/5829/614
f 11756/5938/614 11761/5937/1764 11688/5829/1763
f 11752/5939/614 11757/5938/614 11687/5829/614
f 11748/5940/614 11753/5939/614 11686/5829/614
f 11744/5942/614 11749/5940/614 11685/5829/614
f 11740/5944/614 11745/5942/1802 11684/5829/1762
f 11736/5947/614 11741/5944/614 11683/5829/614
f 11732/5949/614 11737/5947/614 11682/5829/614
f 11728/5951/614 11733/5949/614 11681/5829/614
f 11724/5953/614 11729/5951/614 11680/5829/614
f 4750/6121/614 11725/5953/614 11690/5831/614
f 11764/5833/123 11766/5833/123 4667/2321/123 4749/2322/123
f 5008/2564/329 11774/5904/329 11769/5903/329 5007/2565/329
f 11773/5904/1844 11782/5971/1844 11777/5970/1844 11770/5903/1844
f 11781/5971/1845 5010/2566/330 5009/2569/330 11778/5970/1845
f 11789/3259/1846 7348/4675/1222 7347/4678/1222 11786/3260/1846
f 7346/4673/638 11790/3259/638 11785/3260/638 7345/4674/638
f 7992/5297/614 11798/3188/614 11793/2205/614 7991/5298/614
f 11797/2373/626 11806/5906/626 11801/5905/626 11794/2325/626
f 11805/5906/638 7466/4775/1273 7465/4778/1273 11802/5905/638
f 7896/5201/626 11814/5973/626 11809/5972/626 7895/5202/626
f 11813/5973/638 7898/5203/1356 7897/5206/1356 11810/5972/638
f 8748/4269/626 11822/5908/626 11817/5907/626 8747/4270/626
f 11821/5908/638 11830/5975/1812 11825/5974/1811 11818/5907/638
f 11829/5975/650 8750/5355/1307 8749/5358/1307 11826/5974/650
f 11837/5881/638 11846/5910/638 11841/5909/638 11834/5880/638
f 8846/5443/626 11838/5881/626 11833/5880/626 8845/5444/626
f 11845/5910/650 8848/5445/832 8847/5448/832 11842/5909/650
f 9838/4269/626 11854/5908/626 11849/5907/626 9837/4270/626
f 11853/5908/638 11862/5975/1812 11857/5974/1811 11850/5907/638
f 11861/5975/650 9840/5355/1438 9839/5358/1438 11858/5974/650
