# Blender 5.2.1 LTS
# www.blender.org
mtllib jestei-wordmark-blue.mtl
o jestei-wordmark-blue
v 0.932862 0.099746 0.190000
v 0.974134 0.099746 0.190000
v 0.999019 0.099746 0.190000
v 0.999150 0.099737 0.190000
v 0.999276 0.099711 0.190000
v 0.999396 0.099669 0.190000
v 0.999509 0.099612 0.190000
v 0.999613 0.099542 0.190000
v 0.999708 0.099459 0.190000
v 0.999792 0.099365 0.190000
v 0.999864 0.099261 0.190000
v 0.999921 0.099147 0.190000
v 0.999964 0.099026 0.190000
v 0.999991 0.098899 0.190000
v 1.000000 0.098766 0.190000
v 1.000000 -0.091299 0.190000
v 0.931881 -0.091299 0.190000
v 0.931881 0.098766 0.190000
v 0.931890 0.098899 0.190000
v 0.931916 0.099026 0.190000
v 0.931958 0.099147 0.190000
v 0.932015 0.099261 0.190000
v 0.932086 0.099365 0.190000
v 0.932168 0.099459 0.190000
v 0.932263 0.099542 0.190000
v 0.932367 0.099612 0.190000
v 0.932480 0.099669 0.190000
v 0.932601 0.099711 0.190000
v 0.932729 0.099737 0.190000
v -0.836170 -0.097237 0.190000
v -0.838995 -0.097791 0.190000
v -0.841869 -0.098297 0.190000
v -0.844791 -0.098754 0.190000
v -0.847762 -0.099164 0.190000
v -0.850780 -0.099525 0.190000
v -0.853847 -0.099838 0.190000
v -0.856961 -0.100103 0.190000
v -0.860124 -0.100320 0.190000
v -0.863336 -0.100488 0.190000
v -0.866595 -0.100608 0.190000
v -0.869903 -0.100681 0.190000
v -0.873258 -0.100705 0.190000
v -0.889535 -0.100705 0.190000
v -0.893982 -0.100662 0.190000
v -0.898340 -0.100534 0.190000
v -0.902609 -0.100321 0.190000
v -0.906789 -0.100023 0.190000
v -0.910881 -0.099640 0.190000
v -0.914883 -0.099171 0.190000
v -0.918796 -0.098618 0.190000
v -0.922621 -0.097979 0.190000
v -0.926356 -0.097254 0.190000
v -0.930003 -0.096445 0.190000
v -0.933561 -0.095550 0.190000
v -0.937029 -0.094570 0.190000
v -0.940392 -0.093527 0.190000
v -0.943633 -0.092443 0.190000
v -0.946752 -0.091319 0.190000
v -0.949748 -0.090153 0.190000
v -0.952622 -0.088947 0.190000
v -0.955374 -0.087700 0.190000
v -0.958003 -0.086413 0.190000
v -0.960510 -0.085085 0.190000
v -0.962895 -0.083716 0.190000
v -0.965157 -0.082306 0.190000
v -0.967297 -0.080855 0.190000
v -0.969315 -0.079364 0.190000
v -0.971200 -0.077786 0.190000
v -0.973028 -0.076163 0.190000
v -0.974802 -0.074495 0.190000
v -0.976519 -0.072784 0.190000
v -0.978182 -0.071027 0.190000
v -0.979788 -0.069227 0.190000
v -0.981339 -0.067382 0.190000
v -0.982834 -0.065492 0.190000
v -0.984274 -0.063558 0.190000
v -0.985658 -0.061579 0.190000
v -0.986987 -0.059556 0.190000
v -0.988260 -0.057489 0.190000
v -0.989427 -0.055370 0.190000
v -0.990528 -0.053280 0.190000
v -0.991562 -0.051220 0.190000
v -0.992529 -0.049190 0.190000
v -0.993429 -0.047189 0.190000
v -0.994263 -0.045218 0.190000
v -0.995030 -0.043276 0.190000
v -0.995731 -0.041364 0.190000
v -0.996365 -0.039482 0.190000
v -0.996932 -0.037630 0.190000
v -0.997432 -0.035807 0.190000
v -0.997865 -0.034013 0.190000
v -0.998206 -0.032185 0.190000
v -0.998518 -0.030345 0.190000
v -0.998799 -0.028495 0.190000
v -0.999051 -0.026633 0.190000
v -0.999274 -0.024760 0.190000
v -0.999466 -0.022876 0.190000
v -0.999629 -0.020981 0.190000
v -0.999763 -0.019074 0.190000
v -0.999867 -0.017157 0.190000
v -0.999941 -0.015228 0.190000
v -0.999985 -0.013289 0.190000
v -1.000000 -0.011338 0.190000
v -0.999967 -0.010851 0.190000
v -0.999870 -0.010385 0.190000
v -0.999713 -0.009944 0.190000
v -0.999503 -0.009532 0.190000
v -0.999241 -0.009154 0.190000
v -0.998934 -0.008814 0.190000
v -0.998586 -0.008517 0.190000
v -0.998201 -0.008266 0.190000
v -0.997784 -0.008066 0.190000
v -0.997338 -0.007922 0.190000
v -0.996870 -0.007838 0.190000
v -0.996382 -0.007818 0.190000
v -0.929005 -0.009644 0.190000
v -0.928520 -0.009687 0.190000
v -0.928053 -0.009788 0.190000
v -0.927608 -0.009943 0.190000
v -0.927188 -0.010148 0.190000
v -0.926797 -0.010399 0.190000
v -0.926437 -0.010694 0.190000
v -0.926113 -0.011028 0.190000
v -0.925828 -0.011399 0.190000
v -0.925584 -0.011801 0.190000
v -0.925386 -0.012233 0.190000
v -0.925237 -0.012690 0.190000
v -0.925140 -0.013169 0.190000
v -0.924259 -0.018074 0.190000
v -0.923038 -0.022554 0.190000
v -0.921432 -0.026606 0.190000
v -0.919393 -0.030233 0.190000
v -0.916872 -0.033432 0.190000
v -0.913824 -0.036205 0.190000
v -0.910201 -0.038551 0.190000
v -0.905955 -0.040471 0.190000
v -0.901039 -0.041964 0.190000
v -0.895405 -0.043031 0.190000
v -0.889007 -0.043670 0.190000
v -0.881755 -0.043884 0.190000
v -0.879662 -0.043884 0.190000
v -0.875925 -0.043800 0.190000
v -0.872361 -0.043550 0.190000
v -0.868972 -0.043133 0.190000
v -0.865758 -0.042550 0.190000
v -0.862717 -0.041800 0.190000
v -0.859850 -0.040883 0.190000
v -0.857158 -0.039799 0.190000
v -0.854640 -0.038548 0.190000
v -0.852296 -0.037131 0.190000
v -0.850126 -0.035547 0.190000
v -0.848130 -0.033797 0.190000
v -0.846309 -0.031879 0.190000
v -0.844604 -0.029819 0.190000
v -0.843048 -0.027641 0.190000
v -0.841640 -0.025343 0.190000
v -0.840380 -0.022928 0.190000
v -0.839268 -0.020393 0.190000
v -0.838304 -0.017740 0.190000
v -0.837489 -0.014969 0.190000
v -0.836822 -0.012079 0.190000
v -0.836303 -0.009071 0.190000
v -0.835933 -0.005943 0.190000
v -0.835710 -0.002698 0.190000
v -0.835636 0.000667 0.190000
v -0.835636 0.096781 0.190000
v -0.835600 0.097314 0.190000
v -0.835496 0.097824 0.190000
v -0.835328 0.098309 0.190000
v -0.835100 0.098762 0.190000
v -0.834818 0.099179 0.190000
v -0.834487 0.099556 0.190000
v -0.834110 0.099887 0.190000
v -0.833693 0.100169 0.190000
v -0.833239 0.100396 0.190000
v -0.832755 0.100565 0.190000
v -0.832245 0.100669 0.190000
v -0.831712 0.100705 0.190000
v -0.763781 0.100705 0.190000
v -0.763249 0.100669 0.190000
v -0.762738 0.100565 0.190000
v -0.762254 0.100396 0.190000
v -0.761801 0.100169 0.190000
v -0.761384 0.099887 0.190000
v -0.761007 0.099556 0.190000
v -0.760675 0.099179 0.190000
v -0.760393 0.098762 0.190000
v -0.760166 0.098309 0.190000
v -0.759997 0.097824 0.190000
v -0.759893 0.097314 0.190000
v -0.759857 0.096781 0.190000
v -0.759857 -0.000934 0.190000
v -0.759865 -0.002572 0.190000
v -0.759887 -0.004195 0.190000
v -0.759924 -0.005803 0.190000
v -0.759976 -0.007396 0.190000
v -0.760043 -0.008974 0.190000
v -0.760124 -0.010538 0.190000
v -0.760221 -0.012086 0.190000
v -0.760332 -0.013620 0.190000
v -0.760458 -0.015139 0.190000
v -0.760599 -0.016644 0.190000
v -0.760754 -0.018133 0.190000
v -0.760924 -0.019608 0.190000
v -0.761117 -0.021086 0.190000
v -0.761340 -0.022587 0.190000
v -0.761592 -0.024109 0.190000
v -0.761873 -0.025655 0.190000
v -0.762185 -0.027222 0.190000
v -0.762526 -0.028811 0.190000
v -0.762896 -0.030423 0.190000
v -0.763296 -0.032057 0.190000
v -0.763726 -0.033713 0.190000
v -0.764186 -0.035392 0.190000
v -0.764675 -0.037092 0.190000
v -0.765194 -0.038815 0.190000
v -0.765740 -0.040495 0.190000
v -0.766313 -0.042157 0.190000
v -0.766911 -0.043800 0.190000
v -0.767536 -0.045425 0.190000
v -0.768186 -0.047031 0.190000
v -0.768863 -0.048619 0.190000
v -0.769565 -0.050188 0.190000
v -0.770293 -0.051739 0.190000
v -0.771047 -0.053271 0.190000
v -0.771827 -0.054784 0.190000
v -0.772634 -0.056279 0.190000
v -0.773466 -0.057756 0.190000
v -0.774337 -0.059177 0.190000
v -0.775260 -0.060594 0.190000
v -0.776234 -0.062007 0.190000
v -0.777261 -0.063417 0.190000
v -0.778339 -0.064823 0.190000
v -0.779470 -0.066226 0.190000
v -0.780652 -0.067624 0.190000
v -0.781886 -0.069019 0.190000
v -0.783172 -0.070411 0.190000
v -0.784510 -0.071798 0.190000
v -0.785899 -0.073182 0.190000
v -0.787341 -0.074562 0.190000
v -0.788829 -0.075879 0.190000
v -0.790358 -0.077163 0.190000
v -0.791927 -0.078414 0.190000
v -0.793537 -0.079631 0.190000
v -0.795188 -0.080815 0.190000
v -0.796880 -0.081965 0.190000
v -0.798612 -0.083082 0.190000
v -0.800385 -0.084166 0.190000
v -0.802199 -0.085216 0.190000
v -0.804054 -0.086233 0.190000
v -0.805950 -0.087217 0.190000
v -0.807886 -0.088167 0.190000
v -0.809835 -0.089086 0.190000
v -0.811859 -0.089975 0.190000
v -0.813956 -0.090835 0.190000
v -0.816128 -0.091665 0.190000
v -0.818374 -0.092465 0.190000
v -0.820694 -0.093236 0.190000
v -0.823088 -0.093977 0.190000
v -0.825556 -0.094688 0.190000
v -0.828098 -0.095370 0.190000
v -0.830715 -0.096022 0.190000
v -0.833405 -0.096644 0.190000
v -0.531594 -0.039208 0.190000
v -0.531526 -0.039213 0.190000
v -0.531461 -0.039226 0.190000
v -0.531133 -0.039514 0.190000
v -0.531112 -0.039576 0.190000
v -0.531098 -0.039641 0.190000
v -0.531094 -0.039709 0.190000
v -0.531371 -0.044683 0.190000
v -0.532354 -0.050105 0.190000
v -0.534267 -0.055806 0.190000
v -0.537335 -0.061620 0.190000
v -0.541784 -0.067378 0.190000
v -0.547839 -0.072912 0.190000
v -0.555725 -0.078055 0.190000
v -0.565667 -0.082640 0.190000
v -0.577891 -0.086498 0.190000
v -0.592622 -0.089461 0.190000
v -0.610084 -0.091362 0.190000
v -0.630503 -0.092033 0.190000
v -0.643775 -0.092033 0.190000
v -0.663104 -0.091271 0.190000
v -0.679886 -0.089086 0.190000
v -0.694286 -0.085633 0.190000
v -0.706469 -0.081064 0.190000
v -0.716600 -0.075531 0.190000
v -0.724844 -0.069188 0.190000
v -0.731366 -0.062188 0.190000
v -0.736332 -0.054684 0.190000
v -0.739907 -0.046829 0.190000
v -0.742256 -0.038775 0.190000
v -0.743545 -0.030676 0.190000
v -0.743937 -0.022685 0.190000
v -0.743937 -0.017678 0.190000
v -0.743574 -0.009770 0.190000
v -0.742364 -0.001787 0.190000
v -0.740130 0.006125 0.190000
v -0.736694 0.013820 0.190000
v -0.731877 0.021153 0.190000
v -0.725501 0.027979 0.190000
v -0.717388 0.034154 0.190000
v -0.707360 0.039532 0.190000
v -0.695237 0.043967 0.190000
v -0.680843 0.047315 0.190000
v -0.663999 0.049430 0.190000
v -0.644526 0.050167 0.190000
v -0.630755 0.050167 0.190000
v -0.610320 0.049340 0.190000
v -0.592817 0.046976 0.190000
v -0.578025 0.043247 0.190000
v -0.565723 0.038326 0.190000
v -0.555693 0.032387 0.190000
v -0.547713 0.025601 0.190000
v -0.541565 0.018143 0.190000
v -0.537028 0.010185 0.190000
v -0.533882 0.001900 0.190000
v -0.531908 -0.006539 0.190000
v -0.530884 -0.014959 0.190000
v -0.530592 -0.023186 0.190000
v -0.530592 -0.029716 0.190000
v -0.530601 -0.029849 0.190000
v -0.530627 -0.029977 0.190000
v -0.530669 -0.030098 0.190000
v -0.530726 -0.030211 0.190000
v -0.530796 -0.030315 0.190000
v -0.530879 -0.030409 0.190000
v -0.530973 -0.030492 0.190000
v -0.531078 -0.030563 0.190000
v -0.531191 -0.030620 0.190000
v -0.531312 -0.030662 0.190000
v -0.531440 -0.030688 0.190000
v -0.531573 -0.030697 0.190000
v -0.675924 -0.030697 0.190000
v -0.676072 -0.030708 0.190000
v -0.676212 -0.030740 0.190000
v -0.676344 -0.030791 0.190000
v -0.676465 -0.030859 0.190000
v -0.676574 -0.030944 0.190000
v -0.676669 -0.031042 0.190000
v -0.676750 -0.031153 0.190000
v -0.676813 -0.031275 0.190000
v -0.676859 -0.031405 0.190000
v -0.676885 -0.031543 0.190000
v -0.676890 -0.031686 0.190000
v -0.676872 -0.031833 0.190000
v -0.676024 -0.035078 0.190000
v -0.674797 -0.038180 0.190000
v -0.673167 -0.041111 0.190000
v -0.671109 -0.043846 0.190000
v -0.668598 -0.046357 0.190000
v -0.665610 -0.048620 0.190000
v -0.662119 -0.050606 0.190000
v -0.658101 -0.052291 0.190000
v -0.653531 -0.053647 0.190000
v -0.648385 -0.054649 0.190000
v -0.642636 -0.055269 0.190000
v -0.636013 -0.055481 0.190000
v -0.630507 -0.055347 0.190000
v -0.625557 -0.054962 0.190000
v -0.621134 -0.054356 0.190000
v -0.617209 -0.053559 0.190000
v -0.613752 -0.052600 0.190000
v -0.610735 -0.051507 0.190000
v -0.608128 -0.050311 0.190000
v -0.605902 -0.049040 0.190000
v -0.604027 -0.047723 0.190000
v -0.602474 -0.046390 0.190000
v -0.601215 -0.045070 0.190000
v -0.600220 -0.043792 0.190000
v -0.599786 -0.043202 0.190000
v -0.599319 -0.042626 0.190000
v -0.598821 -0.042072 0.190000
v -0.598292 -0.041546 0.190000
v -0.597735 -0.041056 0.190000
v -0.597150 -0.040608 0.190000
v -0.596540 -0.040210 0.190000
v -0.595905 -0.039868 0.190000
v -0.595248 -0.039590 0.190000
v -0.594569 -0.039383 0.190000
v -0.593870 -0.039253 0.190000
v -0.593153 -0.039208 0.190000
v -0.598964 -0.001990 0.190000
v -0.599867 0.000871 0.190000
v -0.601121 0.003533 0.190000
v -0.602747 0.005987 0.190000
v -0.604766 0.008222 0.190000
v -0.607198 0.010230 0.190000
v -0.610063 0.012002 0.190000
v -0.613383 0.013526 0.190000
v -0.617178 0.014795 0.190000
v -0.621468 0.015798 0.190000
v -0.626274 0.016526 0.190000
v -0.631616 0.016970 0.190000
v -0.637516 0.017120 0.190000
v -0.643434 0.016962 0.190000
v -0.648761 0.016497 0.190000
v -0.653524 0.015740 0.190000
v -0.657754 0.014704 0.190000
v -0.661480 0.013403 0.190000
v -0.664733 0.011851 0.190000
v -0.667542 0.010064 0.190000
v -0.669937 0.008054 0.190000
v -0.671947 0.005836 0.190000
v -0.673602 0.003423 0.190000
v -0.674932 0.000831 0.190000
v -0.675967 -0.001927 0.190000
v -0.676002 -0.002081 0.190000
v -0.676011 -0.002232 0.190000
v -0.675996 -0.002380 0.190000
v -0.675958 -0.002520 0.190000
v -0.675900 -0.002652 0.190000
v -0.675822 -0.002774 0.190000
v -0.675726 -0.002882 0.190000
v -0.675615 -0.002976 0.190000
v -0.675490 -0.003052 0.190000
v -0.675352 -0.003110 0.190000
v -0.675203 -0.003146 0.190000
v -0.675045 -0.003158 0.190000
v -0.605464 -0.003158 0.190000
v -0.599898 -0.003158 0.190000
v -0.599747 -0.003146 0.190000
v -0.599604 -0.003113 0.190000
v -0.599470 -0.003060 0.190000
v -0.599348 -0.002989 0.190000
v -0.599238 -0.002901 0.190000
v -0.599143 -0.002799 0.190000
v -0.599064 -0.002685 0.190000
v -0.599002 -0.002560 0.190000
v -0.598960 -0.002426 0.190000
v -0.598938 -0.002285 0.190000
v -0.598939 -0.002140 0.190000
v -0.322757 -0.044000 0.190000
v -0.322757 -0.045718 0.190000
v -0.323079 -0.051783 0.190000
v -0.324161 -0.057667 0.190000
v -0.326181 -0.063305 0.190000
v -0.329314 -0.068630 0.190000
v -0.333738 -0.073575 0.190000
v -0.339628 -0.078076 0.190000
v -0.347162 -0.082065 0.190000
v -0.356515 -0.085477 0.190000
v -0.367865 -0.088246 0.190000
v -0.381387 -0.090306 0.190000
v -0.397259 -0.091590 0.190000
v -0.415657 -0.092033 0.190000
v -0.429430 -0.092033 0.190000
v -0.448242 -0.091426 0.190000
v -0.464260 -0.089708 0.190000
v -0.477704 -0.087026 0.190000
v -0.488795 -0.083530 0.190000
v -0.497754 -0.079370 0.190000
v -0.504802 -0.074696 0.190000
v -0.510160 -0.069656 0.190000
v -0.514049 -0.064401 0.190000
v -0.516689 -0.059080 0.190000
v -0.518301 -0.053843 0.190000
v -0.519106 -0.048838 0.190000
v -0.519326 -0.044216 0.190000
v -0.519310 -0.043978 0.190000
v -0.519263 -0.043750 0.190000
v -0.519188 -0.043534 0.190000
v -0.519086 -0.043331 0.190000
v -0.518961 -0.043145 0.190000
v -0.518812 -0.042976 0.190000
v -0.518644 -0.042828 0.190000
v -0.518457 -0.042702 0.190000
v -0.518255 -0.042601 0.190000
v -0.518038 -0.042526 0.190000
v -0.517810 -0.042479 0.190000
v -0.517572 -0.042463 0.190000
v -0.492492 -0.042463 0.190000
v -0.468184 -0.042463 0.190000
v -0.452210 -0.042463 0.190000
v -0.450899 -0.042463 0.190000
v -0.450770 -0.042472 0.190000
v -0.450646 -0.042496 0.190000
v -0.450528 -0.042535 0.190000
v -0.450417 -0.042588 0.190000
v -0.450315 -0.042655 0.190000
v -0.450221 -0.042733 0.190000
v -0.450137 -0.042822 0.190000
v -0.450064 -0.042921 0.190000
v -0.450003 -0.043028 0.190000
v -0.449955 -0.043144 0.190000
v -0.449921 -0.043266 0.190000
v -0.449902 -0.043394 0.190000
v -0.449715 -0.044865 0.190000
v -0.449354 -0.046474 0.190000
v -0.448756 -0.048170 0.190000
v -0.447856 -0.049901 0.190000
v -0.446592 -0.051618 0.190000
v -0.444898 -0.053270 0.190000
v -0.442713 -0.054806 0.190000
v -0.439971 -0.056176 0.190000
v -0.436609 -0.057330 0.190000
v -0.432564 -0.058216 0.190000
v -0.427772 -0.058785 0.190000
v -0.422039 -0.058986 0.190000
v -0.421980 -0.058986 0.190000
v -0.421667 -0.058986 0.190000
v -0.416070 -0.058875 0.190000
v -0.411261 -0.058552 0.190000
v -0.407182 -0.058036 0.190000
v -0.403777 -0.057345 0.190000
v -0.400987 -0.056498 0.190000
v -0.398755 -0.055513 0.190000
v -0.397024 -0.054407 0.190000
v -0.395737 -0.053200 0.190000
v -0.394835 -0.051910 0.190000
v -0.394262 -0.050554 0.190000
v -0.393960 -0.049152 0.190000
v -0.393873 -0.047591 0.190000
v -0.393873 -0.047220 0.190000
v -0.393954 -0.045645 0.190000
v -0.394235 -0.044179 0.190000
v -0.394769 -0.042823 0.190000
v -0.395607 -0.041582 0.190000
v -0.396803 -0.040460 0.190000
v -0.398411 -0.039459 0.190000
v -0.400483 -0.038583 0.190000
v -0.403073 -0.037836 0.190000
v -0.406232 -0.037221 0.190000
v -0.410015 -0.036742 0.190000
v -0.414475 -0.036402 0.190000
v -0.419663 -0.036204 0.190000
v -0.448211 -0.035453 0.190000
v -0.461468 -0.034635 0.190000
v -0.473017 -0.033102 0.190000
v -0.482962 -0.030920 0.190000
v -0.491410 -0.028156 0.190000
v -0.498466 -0.024878 0.190000
v -0.504238 -0.021152 0.190000
v -0.508831 -0.017045 0.190000
v -0.512351 -0.012625 0.190000
v -0.514904 -0.007958 0.190000
v -0.516596 -0.003110 0.190000
v -0.517534 0.001850 0.190000
v -0.517823 0.006886 0.190000
v -0.517823 0.008358 0.190000
v -0.517504 0.013809 0.190000
v -0.516440 0.019105 0.190000
v -0.514470 0.024185 0.190000
v -0.511433 0.028989 0.190000
v -0.507168 0.033456 0.190000
v -0.501515 0.037524 0.190000
v -0.494313 0.041134 0.190000
v -0.485400 0.044223 0.190000
v -0.474616 0.046732 0.190000
v -0.461801 0.048600 0.190000
v -0.446792 0.049765 0.190000
v -0.429430 0.050167 0.190000
v -0.416159 0.050167 0.190000
v -0.399218 0.049755 0.190000
v -0.384484 0.048565 0.190000
v -0.371818 0.046662 0.190000
v -0.361079 0.044112 0.190000
v -0.352128 0.040982 0.190000
v -0.344825 0.037336 0.190000
v -0.339029 0.033243 0.190000
v -0.334602 0.028766 0.190000
v -0.331401 0.023974 0.190000
v -0.329289 0.018931 0.190000
v -0.328124 0.013704 0.190000
v -0.327766 0.008301 0.190000
v -0.327766 0.007587 0.190000
v -0.327775 0.007453 0.190000
v -0.327801 0.007326 0.190000
v -0.327843 0.007205 0.190000
v -0.327900 0.007091 0.190000
v -0.327970 0.006987 0.190000
v -0.328053 0.006893 0.190000
v -0.328147 0.006810 0.190000
v -0.328252 0.006740 0.190000
v -0.328365 0.006683 0.190000
v -0.328486 0.006641 0.190000
v -0.328614 0.006615 0.190000
v -0.328747 0.006606 0.190000
v -0.395876 0.006606 0.190000
v -0.396049 0.007799 0.190000
v -0.396366 0.009098 0.190000
v -0.396897 0.010463 0.190000
v -0.397712 0.011854 0.190000
v -0.398882 0.013231 0.190000
v -0.400477 0.014554 0.190000
v -0.402568 0.015784 0.190000
v -0.405224 0.016879 0.190000
v -0.408518 0.017801 0.190000
v -0.412518 0.018509 0.190000
v -0.417295 0.018963 0.190000
v -0.423169 0.019123 0.190000
v -0.428316 0.019056 0.190000
v -0.432768 0.018854 0.190000
v -0.436574 0.018521 0.190000
v -0.439780 0.018057 0.190000
v -0.442432 0.017464 0.190000
v -0.444579 0.016745 0.190000
v -0.446267 0.015900 0.190000
v -0.447542 0.014932 0.190000
v -0.448453 0.013842 0.190000
v -0.449045 0.012633 0.190000
v -0.449366 0.011305 0.190000
v -0.449462 0.009610 0.190000
v -0.449367 0.008270 0.190000
v -0.449051 0.007008 0.190000
v -0.448472 0.005827 0.190000
v -0.447589 0.004733 0.190000
v -0.446357 0.003729 0.190000
v -0.444736 0.002819 0.190000
v -0.442681 0.002009 0.190000
v -0.440150 0.001302 0.190000
v -0.437102 0.000703 0.190000
v -0.433493 0.000216 0.190000
v -0.429280 -0.000154 0.190000
v -0.424421 -0.000404 0.190000
v -0.396127 -0.001155 0.190000
v -0.381901 -0.001859 0.190000
v -0.369564 -0.003092 0.190000
v -0.358992 -0.004852 0.190000
v -0.350061 -0.007136 0.190000
v -0.342646 -0.009941 0.190000
v -0.336623 -0.013266 0.190000
v -0.331868 -0.017107 0.190000
v -0.328257 -0.021461 0.190000
v -0.325664 -0.026327 0.190000
v -0.323966 -0.031701 0.190000
v -0.323039 -0.037582 0.190000
v -0.196562 -0.046469 0.190000
v -0.196562 -0.088277 0.190000
v -0.254153 -0.088277 0.190000
v -0.259750 -0.088011 0.190000
v -0.264893 -0.087213 0.190000
v -0.269574 -0.085883 0.190000
v -0.273788 -0.084021 0.190000
v -0.277529 -0.081627 0.190000
v -0.280791 -0.078701 0.190000
v -0.283568 -0.075244 0.190000
v -0.285854 -0.071254 0.190000
v -0.287642 -0.066732 0.190000
v -0.288927 -0.061678 0.190000
v -0.289702 -0.056092 0.190000
v -0.289962 -0.049974 0.190000
v -0.289962 0.004123 0.190000
v -0.289971 0.004256 0.190000
v -0.289997 0.004384 0.190000
v -0.290039 0.004505 0.190000
v -0.290096 0.004618 0.190000
v -0.290167 0.004722 0.190000
v -0.290250 0.004816 0.190000
v -0.290344 0.004899 0.190000
v -0.290448 0.004970 0.190000
v -0.290561 0.005027 0.190000
v -0.290683 0.005069 0.190000
v -0.290810 0.005095 0.190000
v -0.314772 0.005104 0.190000
v -0.314905 0.005113 0.190000
v -0.315033 0.005139 0.190000
v -0.315155 0.005181 0.190000
v -0.315268 0.005238 0.190000
v -0.315373 0.005308 0.190000
v -0.315467 0.005391 0.190000
v -0.315550 0.005485 0.190000
v -0.315621 0.005589 0.190000
v -0.315678 0.005703 0.190000
v -0.315720 0.005824 0.190000
v -0.315746 0.005951 0.190000
v -0.315755 0.006085 0.190000
v -0.315755 0.045431 0.190000
v -0.315746 0.045564 0.190000
v -0.315720 0.045692 0.190000
v -0.315678 0.045813 0.190000
v -0.315621 0.045926 0.190000
v -0.315550 0.046030 0.190000
v -0.315467 0.046124 0.190000
v -0.315373 0.046207 0.190000
v -0.315268 0.046278 0.190000
v -0.315155 0.046335 0.190000
v -0.315033 0.046377 0.190000
v -0.314905 0.046403 0.190000
v -0.314772 0.046412 0.190000
v -0.311049 0.046412 0.190000
v -0.308594 0.046412 0.190000
v -0.299907 0.046412 0.190000
v -0.294666 0.046412 0.190000
v -0.290943 0.046412 0.190000
v -0.290810 0.046421 0.190000
v -0.290683 0.046447 0.190000
v -0.290561 0.046489 0.190000
v -0.290448 0.046546 0.190000
v -0.290344 0.046616 0.190000
v -0.290250 0.046699 0.190000
v -0.290167 0.046793 0.190000
v -0.290096 0.046897 0.190000
v -0.290039 0.047011 0.190000
v -0.289997 0.047132 0.190000
v -0.289971 0.047259 0.190000
v -0.289962 0.047392 0.190000
v -0.289962 0.084736 0.190000
v -0.289953 0.084869 0.190000
v -0.289927 0.084997 0.190000
v -0.289885 0.085118 0.190000
v -0.289828 0.085231 0.190000
v -0.289758 0.085335 0.190000
v -0.289675 0.085429 0.190000
v -0.289581 0.085512 0.190000
v -0.289476 0.085583 0.190000
v -0.289363 0.085640 0.190000
v -0.289242 0.085682 0.190000
v -0.289114 0.085708 0.190000
v -0.288981 0.085717 0.190000
v -0.271962 0.085717 0.190000
v -0.240354 0.085717 0.190000
v -0.223334 0.085717 0.190000
v -0.223201 0.085708 0.190000
v -0.223073 0.085682 0.190000
v -0.222952 0.085640 0.190000
v -0.222839 0.085583 0.190000
v -0.222735 0.085512 0.190000
v -0.222641 0.085430 0.190000
v -0.222558 0.085335 0.190000
v -0.222487 0.085231 0.190000
v -0.222430 0.085118 0.190000
v -0.222388 0.084997 0.190000
v -0.222362 0.084869 0.190000
v -0.222353 0.084736 0.190000
v -0.222353 0.047392 0.190000
v -0.222344 0.047259 0.190000
v -0.222318 0.047132 0.190000
v -0.222276 0.047011 0.190000
v -0.222219 0.046897 0.190000
v -0.222149 0.046793 0.190000
v -0.222066 0.046699 0.190000
v -0.221972 0.046616 0.190000
v -0.221867 0.046546 0.190000
v -0.221754 0.046489 0.190000
v -0.221633 0.046447 0.190000
v -0.221505 0.046421 0.190000
v -0.221372 0.046412 0.190000
v -0.217649 0.046412 0.190000
v -0.215194 0.046412 0.190000
v -0.206506 0.046412 0.190000
v -0.198010 0.046412 0.190000
v -0.197542 0.046412 0.190000
v -0.197408 0.046403 0.190000
v -0.197281 0.046377 0.190000
v -0.197160 0.046335 0.190000
v -0.197047 0.046278 0.190000
v -0.196943 0.046207 0.190000
v -0.196849 0.046124 0.190000
v -0.196766 0.046030 0.190000
v -0.196696 0.045926 0.190000
v -0.196639 0.045813 0.190000
v -0.196597 0.045692 0.190000
v -0.196571 0.045564 0.190000
v -0.196562 0.045431 0.190000
v -0.196562 0.005104 0.190000
v -0.221505 0.005095 0.190000
v -0.221633 0.005069 0.190000
v -0.221754 0.005027 0.190000
v -0.221867 0.004970 0.190000
v -0.221972 0.004899 0.190000
v -0.222066 0.004816 0.190000
v -0.222149 0.004722 0.190000
v -0.222219 0.004618 0.190000
v -0.222276 0.004505 0.190000
v -0.222318 0.004384 0.190000
v -0.222344 0.004256 0.190000
v -0.222353 0.004123 0.190000
v -0.222353 -0.034702 0.190000
v -0.222318 -0.036669 0.190000
v -0.222197 -0.038442 0.190000
v -0.221966 -0.040026 0.190000
v -0.221602 -0.041425 0.190000
v -0.221081 -0.042642 0.190000
v -0.220381 -0.043684 0.190000
v -0.219477 -0.044553 0.190000
v -0.218347 -0.045254 0.190000
v -0.216965 -0.045792 0.190000
v -0.215311 -0.046171 0.190000
v -0.213358 -0.046395 0.190000
v -0.211085 -0.046469 0.190000
v 0.029279 -0.039208 0.190000
v 0.029347 -0.039213 0.190000
v 0.029412 -0.039226 0.190000
v 0.029740 -0.039514 0.190000
v 0.029762 -0.039576 0.190000
v 0.029775 -0.039641 0.190000
v 0.029780 -0.039709 0.190000
v 0.029502 -0.044683 0.190000
v 0.028520 -0.050105 0.190000
v 0.026607 -0.055806 0.190000
v 0.023538 -0.061620 0.190000
v 0.019089 -0.067378 0.190000
v 0.013034 -0.072912 0.190000
v 0.005149 -0.078055 0.190000
v -0.004794 -0.082640 0.190000
v -0.017018 -0.086498 0.190000
v -0.031748 -0.089461 0.190000
v -0.049210 -0.091362 0.190000
v -0.069630 -0.092033 0.190000
v -0.082901 -0.092033 0.190000
v -0.102231 -0.091271 0.190000
v -0.119013 -0.089086 0.190000
v -0.133413 -0.085633 0.190000
v -0.145595 -0.081064 0.190000
v -0.155726 -0.075531 0.190000
v -0.163970 -0.069188 0.190000
v -0.170493 -0.062188 0.190000
v -0.175459 -0.054684 0.190000
v -0.179034 -0.046829 0.190000
v -0.181383 -0.038775 0.190000
v -0.182671 -0.030676 0.190000
v -0.183064 -0.022685 0.190000
v -0.183064 -0.017678 0.190000
v -0.182700 -0.009770 0.190000
v -0.181491 -0.001787 0.190000
v -0.179257 0.006125 0.190000
v -0.175821 0.013820 0.190000
v -0.171004 0.021153 0.190000
v -0.164628 0.027979 0.190000
v -0.156515 0.034154 0.190000
v -0.146486 0.039532 0.190000
v -0.134364 0.043967 0.190000
v -0.119970 0.047315 0.190000
v -0.103125 0.049430 0.190000
v -0.083652 0.050167 0.190000
v -0.069881 0.050167 0.190000
v -0.049447 0.049340 0.190000
v -0.031943 0.046976 0.190000
v -0.017151 0.043247 0.190000
v -0.004850 0.038326 0.190000
v 0.005181 0.032387 0.190000
v 0.013160 0.025601 0.190000
v 0.019308 0.018143 0.190000
v 0.023845 0.010185 0.190000
v 0.026991 0.001900 0.190000
v 0.028966 -0.006539 0.190000
v 0.029989 -0.014959 0.190000
v 0.030282 -0.023186 0.190000
v 0.030282 -0.029716 0.190000
v 0.030273 -0.029849 0.190000
v 0.030247 -0.029977 0.190000
v 0.030205 -0.030098 0.190000
v 0.030148 -0.030211 0.190000
v 0.030077 -0.030315 0.190000
v 0.029994 -0.030409 0.190000
v 0.029900 -0.030492 0.190000
v 0.029796 -0.030563 0.190000
v 0.029683 -0.030620 0.190000
v 0.029561 -0.030662 0.190000
v 0.029434 -0.030688 0.190000
v 0.029301 -0.030697 0.190000
v -0.115051 -0.030697 0.190000
v -0.115198 -0.030708 0.190000
v -0.115339 -0.030740 0.190000
v -0.115470 -0.030791 0.190000
v -0.115591 -0.030859 0.190000
v -0.115700 -0.030944 0.190000
v -0.115796 -0.031042 0.190000
v -0.115876 -0.031153 0.190000
v -0.115940 -0.031275 0.190000
v -0.115986 -0.031405 0.190000
v -0.116011 -0.031543 0.190000
v -0.116016 -0.031686 0.190000
v -0.115998 -0.031833 0.190000
v -0.115150 -0.035078 0.190000
v -0.113923 -0.038180 0.190000
v -0.112294 -0.041111 0.190000
v -0.110236 -0.043846 0.190000
v -0.107725 -0.046357 0.190000
v -0.104737 -0.048620 0.190000
v -0.101246 -0.050606 0.190000
v -0.097228 -0.052291 0.190000
v -0.092659 -0.053647 0.190000
v -0.087512 -0.054649 0.190000
v -0.081764 -0.055269 0.190000
v -0.075139 -0.055481 0.190000
v -0.069633 -0.055347 0.190000
v -0.064683 -0.054962 0.190000
v -0.060261 -0.054356 0.190000
v -0.056336 -0.053559 0.190000
v -0.052879 -0.052600 0.190000
v -0.049862 -0.051507 0.190000
v -0.047254 -0.050311 0.190000
v -0.045028 -0.049040 0.190000
v -0.043153 -0.047723 0.190000
v -0.041601 -0.046390 0.190000
v -0.040341 -0.045070 0.190000
v -0.039346 -0.043792 0.190000
v -0.038913 -0.043202 0.190000
v -0.038446 -0.042626 0.190000
v -0.037948 -0.042072 0.190000
v -0.037419 -0.041546 0.190000
v -0.036861 -0.041056 0.190000
v -0.036277 -0.040608 0.190000
v -0.035666 -0.040210 0.190000
v -0.035032 -0.039868 0.190000
v -0.034374 -0.039590 0.190000
v -0.033695 -0.039383 0.190000
v -0.032996 -0.039253 0.190000
v -0.032279 -0.039208 0.190000
v -0.038090 -0.001990 0.190000
v -0.038993 0.000871 0.190000
v -0.040247 0.003533 0.190000
v -0.041874 0.005987 0.190000
v -0.043892 0.008222 0.190000
v -0.046324 0.010230 0.190000
v -0.049190 0.012002 0.190000
v -0.052510 0.013526 0.190000
v -0.056304 0.014795 0.190000
v -0.060594 0.015798 0.190000
v -0.065400 0.016526 0.190000
v -0.070743 0.016970 0.190000
v -0.076642 0.017120 0.190000
v -0.082561 0.016962 0.190000
v -0.087887 0.016497 0.190000
v -0.092650 0.015740 0.190000
v -0.096880 0.014704 0.190000
v -0.100607 0.013403 0.190000
v -0.103860 0.011851 0.190000
v -0.106669 0.010064 0.190000
v -0.109063 0.008054 0.190000
v -0.111073 0.005836 0.190000
v -0.112729 0.003423 0.190000
v -0.114059 0.000831 0.190000
v -0.115094 -0.001927 0.190000
v -0.115129 -0.002081 0.190000
v -0.115138 -0.002232 0.190000
v -0.115123 -0.002380 0.190000
v -0.115085 -0.002520 0.190000
v -0.115026 -0.002652 0.190000
v -0.114948 -0.002774 0.190000
v -0.114853 -0.002882 0.190000
v -0.114742 -0.002976 0.190000
v -0.114616 -0.003052 0.190000
v -0.114478 -0.003110 0.190000
v -0.114329 -0.003146 0.190000
v -0.114172 -0.003158 0.190000
v -0.040503 -0.003158 0.190000
v -0.039024 -0.003158 0.190000
v -0.038873 -0.003146 0.190000
v -0.038730 -0.003113 0.190000
v -0.038597 -0.003060 0.190000
v -0.038475 -0.002989 0.190000
v -0.038365 -0.002901 0.190000
v -0.038270 -0.002799 0.190000
v -0.038191 -0.002685 0.190000
v -0.038129 -0.002560 0.190000
v -0.038087 -0.002426 0.190000
v -0.038065 -0.002285 0.190000
v -0.038066 -0.002140 0.190000
v 0.111085 0.095906 0.190000
v 0.111213 0.095880 0.190000
v 0.111334 0.095838 0.190000
v 0.111447 0.095781 0.190000
v 0.111551 0.095711 0.190000
v 0.111646 0.095628 0.190000
v 0.111729 0.095534 0.190000
v 0.111799 0.095429 0.190000
v 0.111856 0.095316 0.190000
v 0.111898 0.095195 0.190000
v 0.111924 0.095067 0.190000
v 0.111933 0.094934 0.190000
v 0.111933 0.058658 0.190000
v 0.111924 0.058525 0.190000
v 0.111898 0.058397 0.190000
v 0.111856 0.058276 0.190000
v 0.111799 0.058163 0.190000
v 0.111729 0.058059 0.190000
v 0.111646 0.057965 0.190000
v 0.111552 0.057882 0.190000
v 0.111447 0.057811 0.190000
v 0.111334 0.057754 0.190000
v 0.111213 0.057712 0.190000
v 0.111085 0.057686 0.190000
v 0.110952 0.057677 0.190000
v 0.044836 0.057677 0.190000
v 0.044700 0.057687 0.190000
v 0.044570 0.057714 0.190000
v 0.044447 0.057758 0.190000
v 0.044332 0.057817 0.190000
v 0.044226 0.057890 0.190000
v 0.044132 0.057976 0.190000
v 0.044048 0.058074 0.190000
v 0.043979 0.058182 0.190000
v 0.043923 0.058298 0.190000
v 0.043883 0.058423 0.190000
v 0.043860 0.058554 0.190000
v 0.043855 0.058690 0.190000
v 0.045040 0.094966 0.190000
v 0.045053 0.095096 0.190000
v 0.045082 0.095220 0.190000
v 0.045126 0.095338 0.190000
v 0.045184 0.095447 0.190000
v 0.045256 0.095548 0.190000
v 0.045339 0.095639 0.190000
v 0.045432 0.095719 0.190000
v 0.045535 0.095787 0.190000
v 0.045647 0.095841 0.190000
v 0.045766 0.095882 0.190000
v 0.045891 0.095907 0.190000
v 0.046021 0.095915 0.190000
v 0.062855 0.095915 0.190000
v 0.094118 0.095915 0.190000
v 0.110952 0.095915 0.190000
v 0.044805 0.046412 0.190000
v 0.055140 0.046412 0.190000
v 0.077878 0.046412 0.190000
v 0.100617 0.046412 0.190000
v 0.110952 0.046412 0.190000
v 0.111085 0.046403 0.190000
v 0.111213 0.046377 0.190000
v 0.111334 0.046335 0.190000
v 0.111447 0.046278 0.190000
v 0.111552 0.046207 0.190000
v 0.111646 0.046124 0.190000
v 0.111729 0.046030 0.190000
v 0.111799 0.045926 0.190000
v 0.111856 0.045813 0.190000
v 0.111898 0.045692 0.190000
v 0.111924 0.045564 0.190000
v 0.111933 0.045431 0.190000
v 0.111933 -0.088277 0.190000
v 0.043824 -0.088277 0.190000
v 0.043824 0.045431 0.190000
v 0.043833 0.045564 0.190000
v 0.043859 0.045692 0.190000
v 0.043901 0.045813 0.190000
v 0.043957 0.045926 0.190000
v 0.044028 0.046030 0.190000
v 0.044110 0.046124 0.190000
v 0.044205 0.046207 0.190000
v 0.044309 0.046278 0.190000
v 0.044422 0.046335 0.190000
v 0.044543 0.046377 0.190000
v 0.044671 0.046403 0.190000
v 0.453832 0.029370 0.190000
v 0.453393 0.021044 0.190000
v 0.452014 0.013017 0.190000
v 0.449599 0.005371 0.190000
v 0.446051 -0.001813 0.190000
v 0.441276 -0.008454 0.190000
v 0.435177 -0.014473 0.190000
v 0.427660 -0.019787 0.190000
v 0.418628 -0.024316 0.190000
v 0.407985 -0.027980 0.190000
v 0.395636 -0.030697 0.190000
v 0.381486 -0.032386 0.190000
v 0.365439 -0.032967 0.190000
v 0.282285 -0.032967 0.190000
v 0.282152 -0.032976 0.190000
v 0.282024 -0.033003 0.190000
v 0.281903 -0.033045 0.190000
v 0.281790 -0.033101 0.190000
v 0.281686 -0.033172 0.190000
v 0.281591 -0.033255 0.190000
v 0.281508 -0.033349 0.190000
v 0.281438 -0.033453 0.190000
v 0.281381 -0.033567 0.190000
v 0.281339 -0.033688 0.190000
v 0.281313 -0.033815 0.190000
v 0.281304 -0.033948 0.190000
v 0.281304 -0.088045 0.190000
v 0.210189 -0.088045 0.190000
v 0.210189 0.093682 0.190000
v 0.210225 0.094215 0.190000
v 0.210329 0.094725 0.190000
v 0.210497 0.095209 0.190000
v 0.210725 0.095663 0.190000
v 0.211007 0.096080 0.190000
v 0.211339 0.096457 0.190000
v 0.211716 0.096788 0.190000
v 0.212133 0.097070 0.190000
v 0.212586 0.097297 0.190000
v 0.213070 0.097465 0.190000
v 0.213581 0.097570 0.190000
v 0.214113 0.097606 0.190000
v 0.365439 0.097606 0.190000
v 0.381592 0.096997 0.190000
v 0.395810 0.095230 0.190000
v 0.408196 0.092393 0.190000
v 0.418850 0.088575 0.190000
v 0.427873 0.083865 0.190000
v 0.435365 0.078352 0.190000
v 0.441428 0.072125 0.190000
v 0.446162 0.065271 0.190000
v 0.449669 0.057881 0.190000
v 0.452049 0.050042 0.190000
v 0.453403 0.041844 0.190000
v 0.453832 0.033376 0.190000
v 0.356926 0.048397 0.190000
v 0.282285 0.048397 0.190000
v 0.282152 0.048388 0.190000
v 0.282024 0.048362 0.190000
v 0.281903 0.048320 0.190000
v 0.281790 0.048263 0.190000
v 0.281686 0.048192 0.190000
v 0.281591 0.048109 0.190000
v 0.281508 0.048015 0.190000
v 0.281438 0.047911 0.190000
v 0.281381 0.047798 0.190000
v 0.281339 0.047677 0.190000
v 0.281313 0.047549 0.190000
v 0.281304 0.047416 0.190000
v 0.281304 0.014579 0.190000
v 0.281313 0.014446 0.190000
v 0.281339 0.014318 0.190000
v 0.281381 0.014197 0.190000
v 0.281438 0.014084 0.190000
v 0.281508 0.013979 0.190000
v 0.281592 0.013885 0.190000
v 0.281686 0.013802 0.190000
v 0.281790 0.013732 0.190000
v 0.281903 0.013675 0.190000
v 0.282025 0.013633 0.190000
v 0.282152 0.013607 0.190000
v 0.282285 0.013598 0.190000
v 0.337575 0.013598 0.190000
v 0.345263 0.013598 0.190000
v 0.356926 0.013598 0.190000
v 0.360808 0.013737 0.190000
v 0.364321 0.014146 0.190000
v 0.367471 0.014814 0.190000
v 0.370263 0.015730 0.190000
v 0.372704 0.016883 0.190000
v 0.374799 0.018261 0.190000
v 0.376556 0.019852 0.190000
v 0.377979 0.021646 0.190000
v 0.379076 0.023631 0.190000
v 0.379851 0.025797 0.190000
v 0.380312 0.028131 0.190000
v 0.380464 0.030677 0.190000
v 0.380464 0.031373 0.190000
v 0.380317 0.033917 0.190000
v 0.379868 0.036285 0.190000
v 0.379110 0.038469 0.190000
v 0.378034 0.040460 0.190000
v 0.376631 0.042249 0.190000
v 0.374892 0.043828 0.190000
v 0.372810 0.045188 0.190000
v 0.370374 0.046320 0.190000
v 0.367576 0.047215 0.190000
v 0.364408 0.047866 0.190000
v 0.360861 0.048262 0.190000
v 0.539722 -0.094230 0.190000
v 0.521746 -0.091881 0.190000
v 0.506604 -0.088193 0.190000
v 0.494060 -0.083353 0.190000
v 0.483877 -0.077546 0.190000
v 0.475819 -0.070958 0.190000
v 0.469650 -0.063776 0.190000
v 0.465133 -0.056185 0.190000
v 0.462031 -0.048372 0.190000
v 0.460109 -0.040522 0.190000
v 0.459129 -0.032822 0.190000
v 0.458855 -0.025457 0.190000
v 0.458855 -0.021039 0.190000
v 0.458855 -0.020951 0.190000
v 0.459143 -0.013721 0.190000
v 0.460160 -0.006171 0.190000
v 0.462133 0.001518 0.190000
v 0.465291 0.009166 0.190000
v 0.469860 0.016590 0.190000
v 0.476070 0.023612 0.190000
v 0.484147 0.030049 0.190000
v 0.494319 0.035721 0.190000
v 0.506815 0.040448 0.190000
v 0.521861 0.044048 0.190000
v 0.539687 0.046341 0.190000
v 0.560518 0.047145 0.190000
v 0.579550 0.047145 0.190000
v 0.599703 0.046345 0.190000
v 0.617095 0.044064 0.190000
v 0.631920 0.040479 0.190000
v 0.644367 0.035768 0.190000
v 0.654631 0.030107 0.190000
v 0.662903 0.023675 0.190000
v 0.669375 0.016647 0.190000
v 0.674239 0.009203 0.190000
v 0.677688 0.001518 0.190000
v 0.679913 -0.006229 0.190000
v 0.681108 -0.013861 0.190000
v 0.681463 -0.021201 0.190000
v 0.681463 -0.025207 0.190000
v 0.681103 -0.032681 0.190000
v 0.679894 -0.040464 0.190000
v 0.677648 -0.048372 0.190000
v 0.674174 -0.056222 0.190000
v 0.669280 -0.063833 0.190000
v 0.662777 -0.071021 0.190000
v 0.654474 -0.077604 0.190000
v 0.644181 -0.083399 0.190000
v 0.631708 -0.088225 0.190000
v 0.616863 -0.091897 0.190000
v 0.599457 -0.094235 0.190000
v 0.579299 -0.095055 0.190000
v 0.560770 -0.095055 0.190000
v 0.561960 0.008748 0.190000
v 0.555103 0.007763 0.190000
v 0.549160 0.006205 0.190000
v 0.544075 0.004140 0.190000
v 0.539794 0.001637 0.190000
v 0.536261 -0.001236 0.190000
v 0.533421 -0.004411 0.190000
v 0.531221 -0.007821 0.190000
v 0.529605 -0.011398 0.190000
v 0.528519 -0.015074 0.190000
v 0.527907 -0.018782 0.190000
v 0.527716 -0.022453 0.190000
v 0.527716 -0.023380 0.190000
v 0.527902 -0.027107 0.190000
v 0.528501 -0.030875 0.190000
v 0.529570 -0.034677 0.190000
v 0.531165 -0.038429 0.190000
v 0.533345 -0.042049 0.190000
v 0.536166 -0.045454 0.190000
v 0.539687 -0.048562 0.190000
v 0.543964 -0.051289 0.190000
v 0.549054 -0.053555 0.190000
v 0.555016 -0.055275 0.190000
v 0.561907 -0.056368 0.190000
v 0.569783 -0.056751 0.190000
v 0.577968 -0.056373 0.190000
v 0.584906 -0.055293 0.190000
v 0.590907 -0.053590 0.190000
v 0.596030 -0.051345 0.190000
v 0.600331 -0.048638 0.190000
v 0.603870 -0.045548 0.190000
v 0.606704 -0.042155 0.190000
v 0.608893 -0.038540 0.190000
v 0.610494 -0.034783 0.190000
v 0.611566 -0.030962 0.190000
v 0.612166 -0.027160 0.190000
v 0.612353 -0.023454 0.190000
v 0.612353 -0.022527 0.190000
v 0.612161 -0.018729 0.190000
v 0.611548 -0.014987 0.190000
v 0.610459 -0.011293 0.190000
v 0.608838 -0.007710 0.190000
v 0.606629 -0.004304 0.190000
v 0.603776 -0.001142 0.190000
v 0.600225 0.001713 0.190000
v 0.595919 0.004196 0.190000
v 0.590802 0.006240 0.190000
v 0.584820 0.007781 0.190000
v 0.577916 0.008753 0.190000
v 0.570034 0.009091 0.190000
v 0.775327 -0.094230 0.190000
v 0.757350 -0.091881 0.190000
v 0.742208 -0.088193 0.190000
v 0.729664 -0.083353 0.190000
v 0.719482 -0.077546 0.190000
v 0.711424 -0.070958 0.190000
v 0.705255 -0.063776 0.190000
v 0.700738 -0.056185 0.190000
v 0.697636 -0.048372 0.190000
v 0.695714 -0.040522 0.190000
v 0.694734 -0.032822 0.190000
v 0.694459 -0.025457 0.190000
v 0.694459 -0.022119 0.190000
v 0.694459 -0.020951 0.190000
v 0.694748 -0.013721 0.190000
v 0.695765 -0.006171 0.190000
v 0.697738 0.001518 0.190000
v 0.700896 0.009166 0.190000
v 0.705465 0.016590 0.190000
v 0.711675 0.023612 0.190000
v 0.719752 0.030049 0.190000
v 0.729924 0.035721 0.190000
v 0.742419 0.040448 0.190000
v 0.757466 0.044048 0.190000
v 0.775291 0.046341 0.190000
v 0.796123 0.047145 0.190000
v 0.815155 0.047145 0.190000
v 0.835308 0.046345 0.190000
v 0.852700 0.044064 0.190000
v 0.867524 0.040479 0.190000
v 0.879972 0.035768 0.190000
v 0.890236 0.030107 0.190000
v 0.898507 0.023675 0.190000
v 0.904979 0.016647 0.190000
v 0.909844 0.009203 0.190000
v 0.913292 0.001518 0.190000
v 0.915518 -0.006229 0.190000
v 0.916712 -0.013861 0.190000
v 0.917068 -0.021201 0.190000
v 0.917068 -0.025207 0.190000
v 0.916708 -0.032681 0.190000
v 0.915499 -0.040464 0.190000
v 0.913253 -0.048372 0.190000
v 0.909778 -0.056222 0.190000
v 0.904885 -0.063833 0.190000
v 0.898382 -0.071021 0.190000
v 0.890079 -0.077604 0.190000
v 0.879786 -0.083399 0.190000
v 0.867312 -0.088225 0.190000
v 0.852468 -0.091897 0.190000
v 0.835062 -0.094235 0.190000
v 0.814904 -0.095055 0.190000
v 0.796374 -0.095055 0.190000
v 0.797564 0.008748 0.190000
v 0.790708 0.007763 0.190000
v 0.784765 0.006205 0.190000
v 0.779680 0.004140 0.190000
v 0.775398 0.001637 0.190000
v 0.771865 -0.001236 0.190000
v 0.769026 -0.004411 0.190000
v 0.766826 -0.007821 0.190000
v 0.765210 -0.011398 0.190000
v 0.764124 -0.015074 0.190000
v 0.763512 -0.018782 0.190000
v 0.763320 -0.022453 0.190000
v 0.763320 -0.023380 0.190000
v 0.763507 -0.027107 0.190000
v 0.764106 -0.030875 0.190000
v 0.765175 -0.034677 0.190000
v 0.766770 -0.038429 0.190000
v 0.768950 -0.042049 0.190000
v 0.771771 -0.045454 0.190000
v 0.775292 -0.048562 0.190000
v 0.779568 -0.051289 0.190000
v 0.784659 -0.053555 0.190000
v 0.790621 -0.055275 0.190000
v 0.797511 -0.056368 0.190000
v 0.805388 -0.056751 0.190000
v 0.813572 -0.056373 0.190000
v 0.820511 -0.055293 0.190000
v 0.826512 -0.053590 0.190000
v 0.831634 -0.051345 0.190000
v 0.835936 -0.048638 0.190000
v 0.839475 -0.045548 0.190000
v 0.842309 -0.042155 0.190000
v 0.844498 -0.038540 0.190000
v 0.846099 -0.034783 0.190000
v 0.847170 -0.030962 0.190000
v 0.847771 -0.027160 0.190000
v 0.847958 -0.023454 0.190000
v 0.847958 -0.022527 0.190000
v 0.847766 -0.018729 0.190000
v 0.847153 -0.014987 0.190000
v 0.846064 -0.011293 0.190000
v 0.844443 -0.007710 0.190000
v 0.842234 -0.004304 0.190000
v 0.839381 -0.001142 0.190000
v 0.835829 0.001713 0.190000
v 0.831523 0.004196 0.190000
v 0.826407 0.006240 0.190000
v 0.820424 0.007781 0.190000
v 0.813520 0.008753 0.190000
v 0.805639 0.009091 0.190000
v 0.932862 0.099746 -0.190000
v 0.937762 0.099746 -0.190000
v 0.965941 0.099746 -0.190000
v 0.994119 0.099746 -0.190000
v 0.999019 0.099746 -0.190000
v 0.999150 0.099737 -0.190000
v 0.999276 0.099711 -0.190000
v 0.999396 0.099669 -0.190000
v 0.999509 0.099613 -0.190000
v 0.999613 0.099542 -0.190000
v 0.999708 0.099459 -0.190000
v 0.999792 0.099365 -0.190000
v 0.999864 0.099261 -0.190000
v 0.999921 0.099147 -0.190000
v 0.999964 0.099026 -0.190000
v 0.999991 0.098899 -0.190000
v 1.000000 0.098766 -0.190000
v 1.000000 -0.091299 -0.190000
v 0.931881 -0.091299 -0.190000
v 0.931881 0.098766 -0.190000
v 0.931890 0.098899 -0.190000
v 0.931916 0.099026 -0.190000
v 0.931958 0.099147 -0.190000
v 0.932015 0.099261 -0.190000
v 0.932086 0.099365 -0.190000
v 0.932168 0.099459 -0.190000
v 0.932263 0.099542 -0.190000
v 0.932367 0.099612 -0.190000
v 0.932480 0.099669 -0.190000
v 0.932601 0.099711 -0.190000
v 0.932729 0.099737 -0.190000
v -0.836170 -0.097237 -0.190000
v -0.838995 -0.097791 -0.190000
v -0.841869 -0.098297 -0.190000
v -0.844791 -0.098754 -0.190000
v -0.847762 -0.099164 -0.190000
v -0.850780 -0.099525 -0.190000
v -0.853847 -0.099838 -0.190000
v -0.856961 -0.100103 -0.190000
v -0.860124 -0.100319 -0.190000
v -0.863336 -0.100488 -0.190000
v -0.866595 -0.100608 -0.190000
v -0.869903 -0.100681 -0.190000
v -0.873258 -0.100705 -0.190000
v -0.889535 -0.100705 -0.190000
v -0.893982 -0.100662 -0.190000
v -0.898340 -0.100534 -0.190000
v -0.902609 -0.100321 -0.190000
v -0.906789 -0.100023 -0.190000
v -0.910881 -0.099640 -0.190000
v -0.914883 -0.099171 -0.190000
v -0.918796 -0.098618 -0.190000
v -0.922621 -0.097978 -0.190000
v -0.926356 -0.097254 -0.190000
v -0.930003 -0.096445 -0.190000
v -0.933561 -0.095550 -0.190000
v -0.937029 -0.094570 -0.190000
v -0.940392 -0.093527 -0.190000
v -0.943633 -0.092443 -0.190000
v -0.946752 -0.091318 -0.190000
v -0.949748 -0.090153 -0.190000
v -0.952622 -0.088947 -0.190000
v -0.955374 -0.087700 -0.190000
v -0.958003 -0.086413 -0.190000
v -0.960510 -0.085085 -0.190000
v -0.962895 -0.083716 -0.190000
v -0.965157 -0.082306 -0.190000
v -0.967297 -0.080855 -0.190000
v -0.969315 -0.079364 -0.190000
v -0.971200 -0.077786 -0.190000
v -0.973028 -0.076163 -0.190000
v -0.974802 -0.074495 -0.190000
v -0.976519 -0.072784 -0.190000
v -0.978182 -0.071027 -0.190000
v -0.979788 -0.069227 -0.190000
v -0.981339 -0.067382 -0.190000
v -0.982834 -0.065492 -0.190000
v -0.984274 -0.063558 -0.190000
v -0.985658 -0.061579 -0.190000
v -0.986987 -0.059556 -0.190000
v -0.988260 -0.057489 -0.190000
v -0.989427 -0.055370 -0.190000
v -0.990528 -0.053280 -0.190000
v -0.991562 -0.051220 -0.190000
v -0.992529 -0.049190 -0.190000
v -0.993429 -0.047189 -0.190000
v -0.994263 -0.045218 -0.190000
v -0.995030 -0.043276 -0.190000
v -0.995731 -0.041364 -0.190000
v -0.996365 -0.039482 -0.190000
v -0.996932 -0.037630 -0.190000
v -0.997432 -0.035807 -0.190000
v -0.997865 -0.034013 -0.190000
v -0.998206 -0.032185 -0.190000
v -0.998518 -0.030345 -0.190000
v -0.998799 -0.028495 -0.190000
v -0.999051 -0.026633 -0.190000
v -0.999274 -0.024760 -0.190000
v -0.999466 -0.022876 -0.190000
v -0.999629 -0.020981 -0.190000
v -0.999763 -0.019074 -0.190000
v -0.999867 -0.017157 -0.190000
v -0.999941 -0.015228 -0.190000
v -0.999985 -0.013289 -0.190000
v -1.000000 -0.011338 -0.190000
v -0.999967 -0.010851 -0.190000
v -0.999870 -0.010385 -0.190000
v -0.999713 -0.009944 -0.190000
v -0.999503 -0.009532 -0.190000
v -0.999241 -0.009154 -0.190000
v -0.998934 -0.008814 -0.190000
v -0.998586 -0.008517 -0.190000
v -0.998201 -0.008266 -0.190000
v -0.997784 -0.008066 -0.190000
v -0.997338 -0.007922 -0.190000
v -0.996870 -0.007838 -0.190000
v -0.996382 -0.007818 -0.190000
v -0.929005 -0.009644 -0.190000
v -0.928520 -0.009687 -0.190000
v -0.928053 -0.009788 -0.190000
v -0.927608 -0.009943 -0.190000
v -0.927188 -0.010147 -0.190000
v -0.926797 -0.010399 -0.190000
v -0.926437 -0.010694 -0.190000
v -0.926113 -0.011028 -0.190000
v -0.925828 -0.011399 -0.190000
v -0.925584 -0.011801 -0.190000
v -0.925386 -0.012233 -0.190000
v -0.925237 -0.012690 -0.190000
v -0.925140 -0.013169 -0.190000
v -0.924259 -0.018074 -0.190000
v -0.923038 -0.022554 -0.190000
v -0.921432 -0.026606 -0.190000
v -0.919393 -0.030233 -0.190000
v -0.916872 -0.033432 -0.190000
v -0.913824 -0.036205 -0.190000
v -0.910201 -0.038551 -0.190000
v -0.905955 -0.040471 -0.190000
v -0.901039 -0.041964 -0.190000
v -0.895405 -0.043031 -0.190000
v -0.889007 -0.043670 -0.190000
v -0.881755 -0.043884 -0.190000
v -0.879662 -0.043884 -0.190000
v -0.875925 -0.043800 -0.190000
v -0.872361 -0.043550 -0.190000
v -0.868972 -0.043133 -0.190000
v -0.865758 -0.042550 -0.190000
v -0.862717 -0.041800 -0.190000
v -0.859850 -0.040883 -0.190000
v -0.857158 -0.039799 -0.190000
v -0.854640 -0.038548 -0.190000
v -0.852296 -0.037131 -0.190000
v -0.850126 -0.035547 -0.190000
v -0.848130 -0.033797 -0.190000
v -0.846309 -0.031879 -0.190000
v -0.844604 -0.029819 -0.190000
v -0.843048 -0.027641 -0.190000
v -0.841640 -0.025343 -0.190000
v -0.840380 -0.022928 -0.190000
v -0.839268 -0.020393 -0.190000
v -0.838304 -0.017740 -0.190000
v -0.837489 -0.014969 -0.190000
v -0.836822 -0.012079 -0.190000
v -0.836303 -0.009070 -0.190000
v -0.835933 -0.005943 -0.190000
v -0.835710 -0.002698 -0.190000
v -0.835636 0.000667 -0.190000
v -0.835636 0.096781 -0.190000
v -0.835600 0.097314 -0.190000
v -0.835496 0.097824 -0.190000
v -0.835328 0.098309 -0.190000
v -0.835100 0.098762 -0.190000
v -0.834818 0.099179 -0.190000
v -0.834487 0.099556 -0.190000
v -0.834110 0.099887 -0.190000
v -0.833693 0.100169 -0.190000
v -0.833239 0.100396 -0.190000
v -0.832755 0.100565 -0.190000
v -0.832245 0.100669 -0.190000
v -0.831712 0.100705 -0.190000
v -0.763781 0.100705 -0.190000
v -0.763249 0.100669 -0.190000
v -0.762738 0.100565 -0.190000
v -0.762254 0.100396 -0.190000
v -0.761801 0.100169 -0.190000
v -0.761384 0.099887 -0.190000
v -0.761007 0.099556 -0.190000
v -0.760675 0.099179 -0.190000
v -0.760393 0.098762 -0.190000
v -0.760166 0.098309 -0.190000
v -0.759997 0.097824 -0.190000
v -0.759893 0.097314 -0.190000
v -0.759857 0.096781 -0.190000
v -0.759857 -0.000934 -0.190000
v -0.759865 -0.002572 -0.190000
v -0.759887 -0.004195 -0.190000
v -0.759924 -0.005803 -0.190000
v -0.759976 -0.007396 -0.190000
v -0.760043 -0.008974 -0.190000
v -0.760124 -0.010538 -0.190000
v -0.760221 -0.012086 -0.190000
v -0.760332 -0.013620 -0.190000
v -0.760458 -0.015139 -0.190000
v -0.760599 -0.016644 -0.190000
v -0.760754 -0.018133 -0.190000
v -0.760924 -0.019608 -0.190000
v -0.761117 -0.021086 -0.190000
v -0.761340 -0.022587 -0.190000
v -0.761592 -0.024109 -0.190000
v -0.761874 -0.025655 -0.190000
v -0.762185 -0.027222 -0.190000
v -0.762526 -0.028811 -0.190000
v -0.762896 -0.030423 -0.190000
v -0.763296 -0.032057 -0.190000
v -0.763726 -0.033713 -0.190000
v -0.764186 -0.035392 -0.190000
v -0.764675 -0.037092 -0.190000
v -0.765194 -0.038815 -0.190000
v -0.765740 -0.040495 -0.190000
v -0.766313 -0.042157 -0.190000
v -0.766911 -0.043800 -0.190000
v -0.767536 -0.045425 -0.190000
v -0.768186 -0.047031 -0.190000
v -0.768863 -0.048619 -0.190000
v -0.769565 -0.050188 -0.190000
v -0.770293 -0.051739 -0.190000
v -0.771047 -0.053271 -0.190000
v -0.771827 -0.054784 -0.190000
v -0.772634 -0.056279 -0.190000
v -0.773466 -0.057756 -0.190000
v -0.774337 -0.059177 -0.190000
v -0.775260 -0.060594 -0.190000
v -0.776234 -0.062007 -0.190000
v -0.777261 -0.063417 -0.190000
v -0.778339 -0.064823 -0.190000
v -0.779470 -0.066226 -0.190000
v -0.780652 -0.067624 -0.190000
v -0.781886 -0.069019 -0.190000
v -0.783172 -0.070411 -0.190000
v -0.784510 -0.071798 -0.190000
v -0.785899 -0.073182 -0.190000
v -0.787341 -0.074562 -0.190000
v -0.788829 -0.075879 -0.190000
v -0.790358 -0.077163 -0.190000
v -0.791927 -0.078414 -0.190000
v -0.793537 -0.079631 -0.190000
v -0.795188 -0.080815 -0.190000
v -0.796880 -0.081965 -0.190000
v -0.798612 -0.083082 -0.190000
v -0.800385 -0.084166 -0.190000
v -0.802199 -0.085216 -0.190000
v -0.804054 -0.086233 -0.190000
v -0.805950 -0.087217 -0.190000
v -0.807886 -0.088167 -0.190000
v -0.809835 -0.089086 -0.190000
v -0.811859 -0.089975 -0.190000
v -0.813956 -0.090835 -0.190000
v -0.816128 -0.091665 -0.190000
v -0.818374 -0.092465 -0.190000
v -0.820694 -0.093236 -0.190000
v -0.823088 -0.093977 -0.190000
v -0.825556 -0.094688 -0.190000
v -0.828098 -0.095370 -0.190000
v -0.830715 -0.096022 -0.190000
v -0.833405 -0.096644 -0.190000
v -0.531594 -0.039208 -0.190000
v -0.531526 -0.039213 -0.190000
v -0.531461 -0.039226 -0.190000
v -0.531133 -0.039514 -0.190000
v -0.531112 -0.039576 -0.190000
v -0.531098 -0.039641 -0.190000
v -0.531094 -0.039709 -0.190000
v -0.531371 -0.044683 -0.190000
v -0.532354 -0.050105 -0.190000
v -0.534267 -0.055806 -0.190000
v -0.537335 -0.061619 -0.190000
v -0.541784 -0.067378 -0.190000
v -0.547839 -0.072912 -0.190000
v -0.555725 -0.078055 -0.190000
v -0.565667 -0.082640 -0.190000
v -0.577891 -0.086498 -0.190000
v -0.592622 -0.089461 -0.190000
v -0.610084 -0.091362 -0.190000
v -0.630503 -0.092033 -0.190000
v -0.643775 -0.092033 -0.190000
v -0.663104 -0.091271 -0.190000
v -0.679886 -0.089086 -0.190000
v -0.694286 -0.085633 -0.190000
v -0.706469 -0.081064 -0.190000
v -0.716600 -0.075531 -0.190000
v -0.724844 -0.069188 -0.190000
v -0.731366 -0.062188 -0.190000
v -0.736332 -0.054684 -0.190000
v -0.739907 -0.046829 -0.190000
v -0.742256 -0.038775 -0.190000
v -0.743545 -0.030676 -0.190000
v -0.743937 -0.022685 -0.190000
v -0.743937 -0.017678 -0.190000
v -0.743574 -0.009770 -0.190000
v -0.742364 -0.001787 -0.190000
v -0.740130 0.006125 -0.190000
v -0.736694 0.013819 -0.190000
v -0.731877 0.021153 -0.190000
v -0.725501 0.027980 -0.190000
v -0.717388 0.034154 -0.190000
v -0.707360 0.039532 -0.190000
v -0.695237 0.043967 -0.190000
v -0.680843 0.047315 -0.190000
v -0.663999 0.049430 -0.190000
v -0.644526 0.050167 -0.190000
v -0.630755 0.050167 -0.190000
v -0.610320 0.049340 -0.190000
v -0.592817 0.046976 -0.190000
v -0.578025 0.043247 -0.190000
v -0.565723 0.038326 -0.190000
v -0.555693 0.032387 -0.190000
v -0.547713 0.025601 -0.190000
v -0.541565 0.018143 -0.190000
v -0.537028 0.010185 -0.190000
v -0.533882 0.001900 -0.190000
v -0.531907 -0.006539 -0.190000
v -0.530884 -0.014959 -0.190000
v -0.530592 -0.023186 -0.190000
v -0.530592 -0.029716 -0.190000
v -0.530601 -0.029849 -0.190000
v -0.530627 -0.029977 -0.190000
v -0.530669 -0.030098 -0.190000
v -0.530726 -0.030211 -0.190000
v -0.530796 -0.030315 -0.190000
v -0.530879 -0.030409 -0.190000
v -0.530973 -0.030492 -0.190000
v -0.531078 -0.030563 -0.190000
v -0.531191 -0.030620 -0.190000
v -0.531312 -0.030662 -0.190000
v -0.531440 -0.030688 -0.190000
v -0.531573 -0.030697 -0.190000
v -0.675924 -0.030697 -0.190000
v -0.676072 -0.030708 -0.190000
v -0.676212 -0.030740 -0.190000
v -0.676344 -0.030791 -0.190000
v -0.676465 -0.030859 -0.190000
v -0.676574 -0.030944 -0.190000
v -0.676669 -0.031042 -0.190000
v -0.676750 -0.031153 -0.190000
v -0.676813 -0.031275 -0.190000
v -0.676859 -0.031405 -0.190000
v -0.676885 -0.031543 -0.190000
v -0.676890 -0.031686 -0.190000
v -0.676872 -0.031833 -0.190000
v -0.676024 -0.035078 -0.190000
v -0.674797 -0.038180 -0.190000
v -0.673167 -0.041111 -0.190000
v -0.671109 -0.043846 -0.190000
v -0.668598 -0.046357 -0.190000
v -0.665610 -0.048620 -0.190000
v -0.662119 -0.050606 -0.190000
v -0.658101 -0.052291 -0.190000
v -0.653531 -0.053647 -0.190000
v -0.648385 -0.054649 -0.190000
v -0.642636 -0.055269 -0.190000
v -0.636013 -0.055481 -0.190000
v -0.630507 -0.055347 -0.190000
v -0.625557 -0.054962 -0.190000
v -0.621134 -0.054356 -0.190000
v -0.617209 -0.053559 -0.190000
v -0.613752 -0.052600 -0.190000
v -0.610735 -0.051507 -0.190000
v -0.608128 -0.050311 -0.190000
v -0.605902 -0.049040 -0.190000
v -0.604027 -0.047723 -0.190000
v -0.602474 -0.046390 -0.190000
v -0.601215 -0.045070 -0.190000
v -0.600220 -0.043792 -0.190000
v -0.599786 -0.043202 -0.190000
v -0.599319 -0.042626 -0.190000
v -0.598821 -0.042072 -0.190000
v -0.598292 -0.041546 -0.190000
v -0.597735 -0.041056 -0.190000
v -0.597150 -0.040608 -0.190000
v -0.596540 -0.040210 -0.190000
v -0.595905 -0.039868 -0.190000
v -0.595248 -0.039590 -0.190000
v -0.594569 -0.039383 -0.190000
v -0.593870 -0.039253 -0.190000
v -0.593153 -0.039208 -0.190000
v -0.598964 -0.001990 -0.190000
v -0.599867 0.000871 -0.190000
v -0.601121 0.003533 -0.190000
v -0.602747 0.005987 -0.190000
v -0.604766 0.008222 -0.190000
v -0.607198 0.010230 -0.190000
v -0.610063 0.012002 -0.190000
v -0.613383 0.013526 -0.190000
v -0.617178 0.014795 -0.190000
v -0.621468 0.015798 -0.190000
v -0.626274 0.016526 -0.190000
v -0.631616 0.016970 -0.190000
v -0.637516 0.017120 -0.190000
v -0.643434 0.016962 -0.190000
v -0.648761 0.016497 -0.190000
v -0.653524 0.015740 -0.190000
v -0.657754 0.014704 -0.190000
v -0.661480 0.013403 -0.190000
v -0.664733 0.011852 -0.190000
v -0.667542 0.010064 -0.190000
v -0.669937 0.008054 -0.190000
v -0.671947 0.005836 -0.190000
v -0.673602 0.003423 -0.190000
v -0.674932 0.000831 -0.190000
v -0.675967 -0.001927 -0.190000
v -0.676002 -0.002081 -0.190000
v -0.676011 -0.002232 -0.190000
v -0.675996 -0.002380 -0.190000
v -0.675958 -0.002520 -0.190000
v -0.675900 -0.002652 -0.190000
v -0.675822 -0.002774 -0.190000
v -0.675726 -0.002882 -0.190000
v -0.675615 -0.002976 -0.190000
v -0.675490 -0.003052 -0.190000
v -0.675352 -0.003110 -0.190000
v -0.675203 -0.003146 -0.190000
v -0.675045 -0.003158 -0.190000
v -0.599898 -0.003158 -0.190000
v -0.599747 -0.003146 -0.190000
v -0.599604 -0.003113 -0.190000
v -0.599470 -0.003060 -0.190000
v -0.599348 -0.002989 -0.190000
v -0.599238 -0.002901 -0.190000
v -0.599143 -0.002799 -0.190000
v -0.599064 -0.002685 -0.190000
v -0.599002 -0.002560 -0.190000
v -0.598960 -0.002426 -0.190000
v -0.598939 -0.002285 -0.190000
v -0.598939 -0.002140 -0.190000
v -0.322757 -0.044000 -0.190000
v -0.322757 -0.045718 -0.190000
v -0.323079 -0.051783 -0.190000
v -0.324161 -0.057667 -0.190000
v -0.326181 -0.063305 -0.190000
v -0.329314 -0.068629 -0.190000
v -0.333738 -0.073575 -0.190000
v -0.339628 -0.078076 -0.190000
v -0.347162 -0.082065 -0.190000
v -0.356515 -0.085477 -0.190000
v -0.367865 -0.088246 -0.190000
v -0.381387 -0.090306 -0.190000
v -0.397259 -0.091590 -0.190000
v -0.415657 -0.092033 -0.190000
v -0.429430 -0.092033 -0.190000
v -0.448242 -0.091426 -0.190000
v -0.464260 -0.089708 -0.190000
v -0.477704 -0.087026 -0.190000
v -0.488795 -0.083530 -0.190000
v -0.497754 -0.079370 -0.190000
v -0.504802 -0.074696 -0.190000
v -0.510160 -0.069656 -0.190000
v -0.514049 -0.064401 -0.190000
v -0.516689 -0.059080 -0.190000
v -0.518301 -0.053843 -0.190000
v -0.519106 -0.048838 -0.190000
v -0.519326 -0.044216 -0.190000
v -0.519310 -0.043978 -0.190000
v -0.519263 -0.043750 -0.190000
v -0.519188 -0.043534 -0.190000
v -0.519087 -0.043331 -0.190000
v -0.518960 -0.043145 -0.190000
v -0.518812 -0.042976 -0.190000
v -0.518644 -0.042828 -0.190000
v -0.518457 -0.042702 -0.190000
v -0.518255 -0.042601 -0.190000
v -0.518038 -0.042526 -0.190000
v -0.517810 -0.042479 -0.190000
v -0.517572 -0.042463 -0.190000
v -0.500286 -0.042463 -0.190000
v -0.475978 -0.042463 -0.190000
v -0.468184 -0.042463 -0.190000
v -0.452210 -0.042463 -0.190000
v -0.450899 -0.042463 -0.190000
v -0.450770 -0.042471 -0.190000
v -0.450646 -0.042496 -0.190000
v -0.450528 -0.042535 -0.190000
v -0.450417 -0.042588 -0.190000
v -0.450315 -0.042655 -0.190000
v -0.450221 -0.042733 -0.190000
v -0.450137 -0.042822 -0.190000
v -0.450064 -0.042921 -0.190000
v -0.450003 -0.043028 -0.190000
v -0.449955 -0.043144 -0.190000
v -0.449921 -0.043266 -0.190000
v -0.449902 -0.043394 -0.190000
v -0.449715 -0.044865 -0.190000
v -0.449354 -0.046474 -0.190000
v -0.448756 -0.048170 -0.190000
v -0.447856 -0.049901 -0.190000
v -0.446592 -0.051618 -0.190000
v -0.444898 -0.053270 -0.190000
v -0.442713 -0.054806 -0.190000
v -0.439971 -0.056176 -0.190000
v -0.436609 -0.057330 -0.190000
v -0.432564 -0.058216 -0.190000
v -0.427772 -0.058785 -0.190000
v -0.422039 -0.058986 -0.190000
v -0.421667 -0.058986 -0.190000
v -0.416070 -0.058875 -0.190000
v -0.411261 -0.058552 -0.190000
v -0.407182 -0.058036 -0.190000
v -0.403777 -0.057345 -0.190000
v -0.400987 -0.056498 -0.190000
v -0.398755 -0.055513 -0.190000
v -0.397024 -0.054407 -0.190000
v -0.395737 -0.053200 -0.190000
v -0.394835 -0.051910 -0.190000
v -0.394262 -0.050554 -0.190000
v -0.393960 -0.049152 -0.190000
v -0.393873 -0.047591 -0.190000
v -0.393873 -0.047220 -0.190000
v -0.393954 -0.045645 -0.190000
v -0.394235 -0.044179 -0.190000
v -0.394769 -0.042823 -0.190000
v -0.395607 -0.041582 -0.190000
v -0.396803 -0.040460 -0.190000
v -0.398411 -0.039459 -0.190000
v -0.400483 -0.038583 -0.190000
v -0.403073 -0.037836 -0.190000
v -0.406232 -0.037221 -0.190000
v -0.410015 -0.036742 -0.190000
v -0.414475 -0.036402 -0.190000
v -0.419663 -0.036204 -0.190000
v -0.448211 -0.035453 -0.190000
v -0.461468 -0.034635 -0.190000
v -0.473017 -0.033102 -0.190000
v -0.482962 -0.030920 -0.190000
v -0.491410 -0.028156 -0.190000
v -0.498466 -0.024878 -0.190000
v -0.504238 -0.021152 -0.190000
v -0.508831 -0.017045 -0.190000
v -0.512351 -0.012625 -0.190000
v -0.514904 -0.007958 -0.190000
v -0.516596 -0.003110 -0.190000
v -0.517534 0.001850 -0.190000
v -0.517823 0.006886 -0.190000
v -0.517823 0.008358 -0.190000
v -0.517504 0.013809 -0.190000
v -0.516440 0.019105 -0.190000
v -0.514470 0.024185 -0.190000
v -0.511433 0.028989 -0.190000
v -0.507168 0.033456 -0.190000
v -0.501515 0.037524 -0.190000
v -0.494313 0.041134 -0.190000
v -0.485400 0.044223 -0.190000
v -0.474616 0.046732 -0.190000
v -0.461801 0.048600 -0.190000
v -0.446792 0.049765 -0.190000
v -0.429430 0.050167 -0.190000
v -0.416159 0.050167 -0.190000
v -0.399218 0.049756 -0.190000
v -0.384484 0.048565 -0.190000
v -0.371818 0.046662 -0.190000
v -0.361079 0.044112 -0.190000
v -0.352128 0.040982 -0.190000
v -0.344825 0.037336 -0.190000
v -0.339029 0.033243 -0.190000
v -0.334602 0.028766 -0.190000
v -0.331401 0.023974 -0.190000
v -0.329289 0.018931 -0.190000
v -0.328124 0.013704 -0.190000
v -0.327766 0.008301 -0.190000
v -0.327766 0.007587 -0.190000
v -0.327775 0.007453 -0.190000
v -0.327801 0.007326 -0.190000
v -0.327843 0.007205 -0.190000
v -0.327900 0.007092 -0.190000
v -0.327970 0.006987 -0.190000
v -0.328053 0.006893 -0.190000
v -0.328147 0.006810 -0.190000
v -0.328252 0.006740 -0.190000
v -0.328365 0.006683 -0.190000
v -0.328486 0.006641 -0.190000
v -0.328614 0.006615 -0.190000
v -0.328747 0.006606 -0.190000
v -0.395876 0.006606 -0.190000
v -0.396049 0.007799 -0.190000
v -0.396366 0.009098 -0.190000
v -0.396897 0.010463 -0.190000
v -0.397712 0.011854 -0.190000
v -0.398882 0.013231 -0.190000
v -0.400477 0.014554 -0.190000
v -0.402568 0.015784 -0.190000
v -0.405224 0.016879 -0.190000
v -0.408518 0.017801 -0.190000
v -0.412518 0.018509 -0.190000
v -0.417295 0.018963 -0.190000
v -0.423169 0.019123 -0.190000
v -0.428316 0.019056 -0.190000
v -0.432768 0.018854 -0.190000
v -0.436574 0.018521 -0.190000
v -0.439780 0.018057 -0.190000
v -0.442432 0.017464 -0.190000
v -0.444579 0.016745 -0.190000
v -0.446267 0.015900 -0.190000
v -0.447542 0.014932 -0.190000
v -0.448453 0.013843 -0.190000
v -0.449045 0.012633 -0.190000
v -0.449366 0.011305 -0.190000
v -0.449462 0.009610 -0.190000
v -0.449367 0.008270 -0.190000
v -0.449051 0.007008 -0.190000
v -0.448472 0.005827 -0.190000
v -0.447589 0.004733 -0.190000
v -0.446357 0.003729 -0.190000
v -0.444736 0.002819 -0.190000
v -0.442681 0.002009 -0.190000
v -0.440150 0.001302 -0.190000
v -0.437102 0.000703 -0.190000
v -0.433493 0.000216 -0.190000
v -0.429280 -0.000154 -0.190000
v -0.424421 -0.000404 -0.190000
v -0.396127 -0.001155 -0.190000
v -0.381901 -0.001859 -0.190000
v -0.369564 -0.003092 -0.190000
v -0.358992 -0.004852 -0.190000
v -0.350061 -0.007136 -0.190000
v -0.342646 -0.009941 -0.190000
v -0.336623 -0.013266 -0.190000
v -0.331868 -0.017107 -0.190000
v -0.328257 -0.021461 -0.190000
v -0.325664 -0.026327 -0.190000
v -0.323966 -0.031701 -0.190000
v -0.323039 -0.037582 -0.190000
v -0.196562 -0.046469 -0.190000
v -0.196562 -0.088277 -0.190000
v -0.254153 -0.088277 -0.190000
v -0.259750 -0.088011 -0.190000
v -0.264893 -0.087213 -0.190000
v -0.269574 -0.085883 -0.190000
v -0.273788 -0.084021 -0.190000
v -0.277529 -0.081627 -0.190000
v -0.280791 -0.078701 -0.190000
v -0.283568 -0.075243 -0.190000
v -0.285854 -0.071254 -0.190000
v -0.287642 -0.066732 -0.190000
v -0.288927 -0.061678 -0.190000
v -0.289702 -0.056092 -0.190000
v -0.289962 -0.049974 -0.190000
v -0.289962 0.004123 -0.190000
v -0.289971 0.004256 -0.190000
v -0.289997 0.004384 -0.190000
v -0.290039 0.004505 -0.190000
v -0.290096 0.004618 -0.190000
v -0.290167 0.004722 -0.190000
v -0.290250 0.004816 -0.190000
v -0.290344 0.004899 -0.190000
v -0.290448 0.004970 -0.190000
v -0.290561 0.005027 -0.190000
v -0.290683 0.005069 -0.190000
v -0.290810 0.005095 -0.190000
v -0.290943 0.005104 -0.190000
v -0.292874 0.005104 -0.190000
v -0.299948 0.005104 -0.190000
v -0.310021 0.005104 -0.190000
v -0.314772 0.005104 -0.190000
v -0.314905 0.005113 -0.190000
v -0.315033 0.005139 -0.190000
v -0.315155 0.005181 -0.190000
v -0.315268 0.005238 -0.190000
v -0.315373 0.005308 -0.190000
v -0.315467 0.005391 -0.190000
v -0.315550 0.005485 -0.190000
v -0.315621 0.005589 -0.190000
v -0.315678 0.005703 -0.190000
v -0.315720 0.005824 -0.190000
v -0.315746 0.005951 -0.190000
v -0.315755 0.006085 -0.190000
v -0.315755 0.045431 -0.190000
v -0.315746 0.045564 -0.190000
v -0.315720 0.045692 -0.190000
v -0.315678 0.045813 -0.190000
v -0.315621 0.045926 -0.190000
v -0.315550 0.046030 -0.190000
v -0.315467 0.046124 -0.190000
v -0.315373 0.046207 -0.190000
v -0.315268 0.046278 -0.190000
v -0.315155 0.046335 -0.190000
v -0.315033 0.046377 -0.190000
v -0.314905 0.046403 -0.190000
v -0.314772 0.046412 -0.190000
v -0.311049 0.046412 -0.190000
v -0.308594 0.046412 -0.190000
v -0.299907 0.046412 -0.190000
v -0.291412 0.046412 -0.190000
v -0.290943 0.046412 -0.190000
v -0.290810 0.046421 -0.190000
v -0.290683 0.046447 -0.190000
v -0.290561 0.046489 -0.190000
v -0.290448 0.046546 -0.190000
v -0.290344 0.046616 -0.190000
v -0.290250 0.046699 -0.190000
v -0.290167 0.046793 -0.190000
v -0.290096 0.046897 -0.190000
v -0.290039 0.047011 -0.190000
v -0.289997 0.047132 -0.190000
v -0.289971 0.047259 -0.190000
v -0.289962 0.047393 -0.190000
v -0.289962 0.084736 -0.190000
v -0.289953 0.084869 -0.190000
v -0.289927 0.084997 -0.190000
v -0.289885 0.085118 -0.190000
v -0.289828 0.085231 -0.190000
v -0.289758 0.085335 -0.190000
v -0.289675 0.085430 -0.190000
v -0.289581 0.085512 -0.190000
v -0.289476 0.085583 -0.190000
v -0.289363 0.085640 -0.190000
v -0.289242 0.085682 -0.190000
v -0.289114 0.085708 -0.190000
v -0.288981 0.085717 -0.190000
v -0.278724 0.085717 -0.190000
v -0.256158 0.085717 -0.190000
v -0.228197 0.085717 -0.190000
v -0.223334 0.085717 -0.190000
v -0.223201 0.085708 -0.190000
v -0.223073 0.085682 -0.190000
v -0.222952 0.085640 -0.190000
v -0.222839 0.085583 -0.190000
v -0.222735 0.085512 -0.190000
v -0.222641 0.085430 -0.190000
v -0.222558 0.085335 -0.190000
v -0.222487 0.085231 -0.190000
v -0.222430 0.085118 -0.190000
v -0.222388 0.084997 -0.190000
v -0.222362 0.084869 -0.190000
v -0.222353 0.084736 -0.190000
v -0.222353 0.047393 -0.190000
v -0.222344 0.047259 -0.190000
v -0.222318 0.047132 -0.190000
v -0.222276 0.047011 -0.190000
v -0.222219 0.046897 -0.190000
v -0.222149 0.046793 -0.190000
v -0.222066 0.046699 -0.190000
v -0.221972 0.046616 -0.190000
v -0.221867 0.046546 -0.190000
v -0.221754 0.046489 -0.190000
v -0.221633 0.046447 -0.190000
v -0.221505 0.046421 -0.190000
v -0.221372 0.046412 -0.190000
v -0.220903 0.046412 -0.190000
v -0.215194 0.046412 -0.190000
v -0.206506 0.046412 -0.190000
v -0.199307 0.046412 -0.190000
v -0.197542 0.046412 -0.190000
v -0.197408 0.046403 -0.190000
v -0.197281 0.046377 -0.190000
v -0.197160 0.046335 -0.190000
v -0.197047 0.046278 -0.190000
v -0.196943 0.046207 -0.190000
v -0.196849 0.046124 -0.190000
v -0.196766 0.046030 -0.190000
v -0.196696 0.045926 -0.190000
v -0.196639 0.045813 -0.190000
v -0.196597 0.045692 -0.190000
v -0.196571 0.045564 -0.190000
v -0.196562 0.045431 -0.190000
v -0.196562 0.005104 -0.190000
v -0.221372 0.005104 -0.190000
v -0.221505 0.005095 -0.190000
v -0.221633 0.005069 -0.190000
v -0.221754 0.005027 -0.190000
v -0.221867 0.004970 -0.190000
v -0.221972 0.004899 -0.190000
v -0.222066 0.004816 -0.190000
v -0.222149 0.004722 -0.190000
v -0.222219 0.004618 -0.190000
v -0.222276 0.004505 -0.190000
v -0.222318 0.004384 -0.190000
v -0.222344 0.004256 -0.190000
v -0.222353 0.004123 -0.190000
v -0.222353 -0.034702 -0.190000
v -0.222318 -0.036669 -0.190000
v -0.222197 -0.038442 -0.190000
v -0.221966 -0.040026 -0.190000
v -0.221602 -0.041425 -0.190000
v -0.221081 -0.042642 -0.190000
v -0.220381 -0.043684 -0.190000
v -0.219477 -0.044553 -0.190000
v -0.218347 -0.045254 -0.190000
v -0.216965 -0.045792 -0.190000
v -0.215311 -0.046171 -0.190000
v -0.213358 -0.046395 -0.190000
v -0.211085 -0.046469 -0.190000
v 0.029279 -0.039208 -0.190000
v 0.029347 -0.039213 -0.190000
v 0.029412 -0.039226 -0.190000
v 0.029740 -0.039514 -0.190000
v 0.029762 -0.039576 -0.190000
v 0.029775 -0.039641 -0.190000
v 0.029780 -0.039709 -0.190000
v 0.029502 -0.044683 -0.190000
v 0.028520 -0.050105 -0.190000
v 0.026607 -0.055806 -0.190000
v 0.023538 -0.061620 -0.190000
v 0.019089 -0.067378 -0.190000
v 0.013034 -0.072912 -0.190000
v 0.005149 -0.078055 -0.190000
v -0.004794 -0.082640 -0.190000
v -0.017018 -0.086498 -0.190000
v -0.031748 -0.089461 -0.190000
v -0.049210 -0.091362 -0.190000
v -0.069630 -0.092033 -0.190000
v -0.082901 -0.092033 -0.190000
v -0.102231 -0.091271 -0.190000
v -0.119013 -0.089086 -0.190000
v -0.133413 -0.085633 -0.190000
v -0.145595 -0.081064 -0.190000
v -0.155726 -0.075531 -0.190000
v -0.163970 -0.069188 -0.190000
v -0.170493 -0.062188 -0.190000
v -0.175459 -0.054684 -0.190000
v -0.179034 -0.046829 -0.190000
v -0.181383 -0.038775 -0.190000
v -0.182671 -0.030676 -0.190000
v -0.183064 -0.022685 -0.190000
v -0.183064 -0.017678 -0.190000
v -0.182700 -0.009770 -0.190000
v -0.181491 -0.001787 -0.190000
v -0.179257 0.006125 -0.190000
v -0.175821 0.013820 -0.190000
v -0.171004 0.021153 -0.190000
v -0.164628 0.027979 -0.190000
v -0.156515 0.034154 -0.190000
v -0.146486 0.039532 -0.190000
v -0.134364 0.043967 -0.190000
v -0.119970 0.047315 -0.190000
v -0.103125 0.049430 -0.190000
v -0.083652 0.050167 -0.190000
v -0.069881 0.050167 -0.190000
v -0.049447 0.049340 -0.190000
v -0.031943 0.046976 -0.190000
v -0.017151 0.043247 -0.190000
v -0.004850 0.038326 -0.190000
v 0.005181 0.032387 -0.190000
v 0.013160 0.025601 -0.190000
v 0.019308 0.018143 -0.190000
v 0.023845 0.010185 -0.190000
v 0.026991 0.001900 -0.190000
v 0.028966 -0.006539 -0.190000
v 0.029989 -0.014959 -0.190000
v 0.030282 -0.023186 -0.190000
v 0.030282 -0.029716 -0.190000
v 0.030273 -0.029849 -0.190000
v 0.030247 -0.029977 -0.190000
v 0.030205 -0.030098 -0.190000
v 0.030148 -0.030211 -0.190000
v 0.030077 -0.030315 -0.190000
v 0.029994 -0.030409 -0.190000
v 0.029900 -0.030492 -0.190000
v 0.029796 -0.030563 -0.190000
v 0.029683 -0.030620 -0.190000
v 0.029561 -0.030662 -0.190000
v 0.029434 -0.030688 -0.190000
v 0.029301 -0.030697 -0.190000
v -0.115051 -0.030697 -0.190000
v -0.115198 -0.030708 -0.190000
v -0.115339 -0.030740 -0.190000
v -0.115470 -0.030791 -0.190000
v -0.115591 -0.030859 -0.190000
v -0.115700 -0.030944 -0.190000
v -0.115796 -0.031042 -0.190000
v -0.115876 -0.031153 -0.190000
v -0.115940 -0.031275 -0.190000
v -0.115986 -0.031405 -0.190000
v -0.116011 -0.031543 -0.190000
v -0.116016 -0.031686 -0.190000
v -0.115998 -0.031833 -0.190000
v -0.115150 -0.035078 -0.190000
v -0.113923 -0.038180 -0.190000
v -0.112294 -0.041111 -0.190000
v -0.110236 -0.043846 -0.190000
v -0.107725 -0.046357 -0.190000
v -0.104737 -0.048620 -0.190000
v -0.101246 -0.050606 -0.190000
v -0.097228 -0.052291 -0.190000
v -0.092659 -0.053647 -0.190000
v -0.087512 -0.054649 -0.190000
v -0.081764 -0.055269 -0.190000
v -0.075139 -0.055481 -0.190000
v -0.069633 -0.055347 -0.190000
v -0.064683 -0.054962 -0.190000
v -0.060261 -0.054356 -0.190000
v -0.056336 -0.053559 -0.190000
v -0.052879 -0.052600 -0.190000
v -0.049862 -0.051507 -0.190000
v -0.047254 -0.050311 -0.190000
v -0.045028 -0.049040 -0.190000
v -0.043153 -0.047723 -0.190000
v -0.041601 -0.046390 -0.190000
v -0.040341 -0.045070 -0.190000
v -0.039346 -0.043792 -0.190000
v -0.038913 -0.043202 -0.190000
v -0.038446 -0.042626 -0.190000
v -0.037948 -0.042072 -0.190000
v -0.037419 -0.041546 -0.190000
v -0.036861 -0.041056 -0.190000
v -0.036277 -0.040608 -0.190000
v -0.035666 -0.040210 -0.190000
v -0.035032 -0.039868 -0.190000
v -0.034374 -0.039590 -0.190000
v -0.033695 -0.039383 -0.190000
v -0.032996 -0.039253 -0.190000
v -0.032279 -0.039208 -0.190000
v -0.009123 -0.039208 -0.190000
v 0.013320 -0.039208 -0.190000
v -0.038090 -0.001990 -0.190000
v -0.038993 0.000871 -0.190000
v -0.040247 0.003533 -0.190000
v -0.041874 0.005987 -0.190000
v -0.043892 0.008222 -0.190000
v -0.046324 0.010230 -0.190000
v -0.049190 0.012002 -0.190000
v -0.052510 0.013526 -0.190000
v -0.056304 0.014795 -0.190000
v -0.060594 0.015798 -0.190000
v -0.065400 0.016526 -0.190000
v -0.070743 0.016970 -0.190000
v -0.076642 0.017120 -0.190000
v -0.082561 0.016962 -0.190000
v -0.087887 0.016497 -0.190000
v -0.092650 0.015740 -0.190000
v -0.096880 0.014704 -0.190000
v -0.100607 0.013403 -0.190000
v -0.103860 0.011852 -0.190000
v -0.106669 0.010064 -0.190000
v -0.109063 0.008054 -0.190000
v -0.111073 0.005836 -0.190000
v -0.112729 0.003423 -0.190000
v -0.114059 0.000831 -0.190000
v -0.115094 -0.001927 -0.190000
v -0.115129 -0.002081 -0.190000
v -0.115138 -0.002232 -0.190000
v -0.115123 -0.002380 -0.190000
v -0.115085 -0.002520 -0.190000
v -0.115026 -0.002652 -0.190000
v -0.114948 -0.002774 -0.190000
v -0.114853 -0.002882 -0.190000
v -0.114742 -0.002976 -0.190000
v -0.114616 -0.003052 -0.190000
v -0.114478 -0.003110 -0.190000
v -0.114329 -0.003146 -0.190000
v -0.114172 -0.003158 -0.190000
v -0.039024 -0.003158 -0.190000
v -0.038873 -0.003146 -0.190000
v -0.038730 -0.003113 -0.190000
v -0.038597 -0.003060 -0.190000
v -0.038475 -0.002989 -0.190000
v -0.038365 -0.002901 -0.190000
v -0.038270 -0.002799 -0.190000
v -0.038191 -0.002685 -0.190000
v -0.038129 -0.002560 -0.190000
v -0.038087 -0.002426 -0.190000
v -0.038065 -0.002285 -0.190000
v -0.038066 -0.002140 -0.190000
v 0.111085 0.095906 -0.190000
v 0.111213 0.095880 -0.190000
v 0.111334 0.095838 -0.190000
v 0.111447 0.095781 -0.190000
v 0.111551 0.095711 -0.190000
v 0.111646 0.095628 -0.190000
v 0.111729 0.095534 -0.190000
v 0.111799 0.095429 -0.190000
v 0.111856 0.095316 -0.190000
v 0.111898 0.095195 -0.190000
v 0.111924 0.095067 -0.190000
v 0.111933 0.094934 -0.190000
v 0.111933 0.058658 -0.190000
v 0.111924 0.058525 -0.190000
v 0.111898 0.058397 -0.190000
v 0.111856 0.058276 -0.190000
v 0.111799 0.058163 -0.190000
v 0.111729 0.058059 -0.190000
v 0.111646 0.057965 -0.190000
v 0.111552 0.057882 -0.190000
v 0.111447 0.057811 -0.190000
v 0.111334 0.057754 -0.190000
v 0.111213 0.057712 -0.190000
v 0.111085 0.057686 -0.190000
v 0.110952 0.057677 -0.190000
v 0.044836 0.057677 -0.190000
v 0.044700 0.057687 -0.190000
v 0.044570 0.057714 -0.190000
v 0.044447 0.057758 -0.190000
v 0.044332 0.057817 -0.190000
v 0.044226 0.057890 -0.190000
v 0.044132 0.057976 -0.190000
v 0.044048 0.058074 -0.190000
v 0.043979 0.058182 -0.190000
v 0.043923 0.058298 -0.190000
v 0.043883 0.058423 -0.190000
v 0.043860 0.058554 -0.190000
v 0.043855 0.058690 -0.190000
v 0.045040 0.094966 -0.190000
v 0.045053 0.095096 -0.190000
v 0.045082 0.095220 -0.190000
v 0.045126 0.095338 -0.190000
v 0.045184 0.095447 -0.190000
v 0.045256 0.095548 -0.190000
v 0.045339 0.095639 -0.190000
v 0.045432 0.095719 -0.190000
v 0.045535 0.095787 -0.190000
v 0.045647 0.095841 -0.190000
v 0.045766 0.095882 -0.190000
v 0.045891 0.095907 -0.190000
v 0.046021 0.095915 -0.190000
v 0.056167 0.095915 -0.190000
v 0.062855 0.095915 -0.190000
v 0.094118 0.095915 -0.190000
v 0.106142 0.095915 -0.190000
v 0.110952 0.095915 -0.190000
v 0.044805 0.046412 -0.190000
v 0.049704 0.046412 -0.190000
v 0.077878 0.046412 -0.190000
v 0.110952 0.046412 -0.190000
v 0.111085 0.046403 -0.190000
v 0.111213 0.046377 -0.190000
v 0.111334 0.046335 -0.190000
v 0.111447 0.046278 -0.190000
v 0.111552 0.046207 -0.190000
v 0.111646 0.046124 -0.190000
v 0.111729 0.046030 -0.190000
v 0.111799 0.045926 -0.190000
v 0.111856 0.045813 -0.190000
v 0.111898 0.045692 -0.190000
v 0.111924 0.045564 -0.190000
v 0.111933 0.045431 -0.190000
v 0.111933 -0.088277 -0.190000
v 0.043824 -0.088277 -0.190000
v 0.043824 0.045431 -0.190000
v 0.043833 0.045564 -0.190000
v 0.043859 0.045692 -0.190000
v 0.043901 0.045813 -0.190000
v 0.043957 0.045926 -0.190000
v 0.044028 0.046030 -0.190000
v 0.044110 0.046124 -0.190000
v 0.044205 0.046207 -0.190000
v 0.044309 0.046278 -0.190000
v 0.044422 0.046335 -0.190000
v 0.044543 0.046377 -0.190000
v 0.044671 0.046403 -0.190000
v 0.453832 0.029370 -0.190000
v 0.453393 0.021044 -0.190000
v 0.452014 0.013017 -0.190000
v 0.449599 0.005371 -0.190000
v 0.446051 -0.001813 -0.190000
v 0.441276 -0.008454 -0.190000
v 0.435177 -0.014473 -0.190000
v 0.427660 -0.019787 -0.190000
v 0.418628 -0.024316 -0.190000
v 0.407985 -0.027980 -0.190000
v 0.395636 -0.030697 -0.190000
v 0.381486 -0.032386 -0.190000
v 0.365439 -0.032967 -0.190000
v 0.282285 -0.032967 -0.190000
v 0.282152 -0.032976 -0.190000
v 0.282024 -0.033002 -0.190000
v 0.281903 -0.033045 -0.190000
v 0.281790 -0.033101 -0.190000
v 0.281686 -0.033172 -0.190000
v 0.281591 -0.033255 -0.190000
v 0.281508 -0.033349 -0.190000
v 0.281438 -0.033453 -0.190000
v 0.281381 -0.033567 -0.190000
v 0.281339 -0.033688 -0.190000
v 0.281313 -0.033815 -0.190000
v 0.281304 -0.033948 -0.190000
v 0.281304 -0.088045 -0.190000
v 0.210189 -0.088045 -0.190000
v 0.210189 0.093682 -0.190000
v 0.210225 0.094215 -0.190000
v 0.210329 0.094725 -0.190000
v 0.210497 0.095210 -0.190000
v 0.210725 0.095663 -0.190000
v 0.211007 0.096080 -0.190000
v 0.211339 0.096457 -0.190000
v 0.211716 0.096788 -0.190000
v 0.212133 0.097070 -0.190000
v 0.212586 0.097297 -0.190000
v 0.213070 0.097466 -0.190000
v 0.213581 0.097570 -0.190000
v 0.214113 0.097606 -0.190000
v 0.237758 0.097606 -0.190000
v 0.289776 0.097606 -0.190000
v 0.341794 0.097606 -0.190000
v 0.365439 0.097606 -0.190000
v 0.381592 0.096997 -0.190000
v 0.395810 0.095230 -0.190000
v 0.408196 0.092393 -0.190000
v 0.418850 0.088575 -0.190000
v 0.427873 0.083865 -0.190000
v 0.435365 0.078352 -0.190000
v 0.441428 0.072125 -0.190000
v 0.446162 0.065271 -0.190000
v 0.449669 0.057881 -0.190000
v 0.452049 0.050042 -0.190000
v 0.453403 0.041844 -0.190000
v 0.453832 0.033376 -0.190000
v 0.356926 0.048397 -0.190000
v 0.282285 0.048397 -0.190000
v 0.282152 0.048388 -0.190000
v 0.282024 0.048362 -0.190000
v 0.281903 0.048320 -0.190000
v 0.281790 0.048263 -0.190000
v 0.281686 0.048192 -0.190000
v 0.281591 0.048109 -0.190000
v 0.281508 0.048015 -0.190000
v 0.281438 0.047911 -0.190000
v 0.281381 0.047798 -0.190000
v 0.281339 0.047677 -0.190000
v 0.281313 0.047549 -0.190000
v 0.281304 0.047416 -0.190000
v 0.281304 0.014579 -0.190000
v 0.281313 0.014446 -0.190000
v 0.281339 0.014318 -0.190000
v 0.281381 0.014197 -0.190000
v 0.281438 0.014084 -0.190000
v 0.281508 0.013979 -0.190000
v 0.281592 0.013885 -0.190000
v 0.281686 0.013802 -0.190000
v 0.281790 0.013732 -0.190000
v 0.281903 0.013675 -0.190000
v 0.282025 0.013633 -0.190000
v 0.282152 0.013607 -0.190000
v 0.282285 0.013598 -0.190000
v 0.356926 0.013598 -0.190000
v 0.360808 0.013737 -0.190000
v 0.364321 0.014146 -0.190000
v 0.367471 0.014814 -0.190000
v 0.370263 0.015730 -0.190000
v 0.372704 0.016883 -0.190000
v 0.374799 0.018261 -0.190000
v 0.376556 0.019852 -0.190000
v 0.377979 0.021646 -0.190000
v 0.379076 0.023632 -0.190000
v 0.379851 0.025797 -0.190000
v 0.380312 0.028131 -0.190000
v 0.380464 0.030677 -0.190000
v 0.380464 0.031373 -0.190000
v 0.380317 0.033917 -0.190000
v 0.379868 0.036285 -0.190000
v 0.379110 0.038469 -0.190000
v 0.378034 0.040460 -0.190000
v 0.376631 0.042249 -0.190000
v 0.374892 0.043828 -0.190000
v 0.372810 0.045188 -0.190000
v 0.370374 0.046320 -0.190000
v 0.367576 0.047215 -0.190000
v 0.364408 0.047866 -0.190000
v 0.360861 0.048262 -0.190000
v 0.539722 -0.094230 -0.190000
v 0.521746 -0.091881 -0.190000
v 0.506604 -0.088193 -0.190000
v 0.494060 -0.083353 -0.190000
v 0.483877 -0.077546 -0.190000
v 0.475819 -0.070958 -0.190000
v 0.469650 -0.063776 -0.190000
v 0.465133 -0.056185 -0.190000
v 0.462031 -0.048372 -0.190000
v 0.460109 -0.040522 -0.190000
v 0.459129 -0.032822 -0.190000
v 0.458855 -0.025457 -0.190000
v 0.458855 -0.020951 -0.190000
v 0.459143 -0.013721 -0.190000
v 0.460160 -0.006171 -0.190000
v 0.462133 0.001518 -0.190000
v 0.465291 0.009166 -0.190000
v 0.469860 0.016590 -0.190000
v 0.476070 0.023612 -0.190000
v 0.484147 0.030049 -0.190000
v 0.494319 0.035722 -0.190000
v 0.506815 0.040448 -0.190000
v 0.521861 0.044048 -0.190000
v 0.539687 0.046341 -0.190000
v 0.560518 0.047145 -0.190000
v 0.579550 0.047145 -0.190000
v 0.599703 0.046345 -0.190000
v 0.617095 0.044064 -0.190000
v 0.631920 0.040479 -0.190000
v 0.644367 0.035768 -0.190000
v 0.654631 0.030107 -0.190000
v 0.662903 0.023675 -0.190000
v 0.669375 0.016647 -0.190000
v 0.674239 0.009203 -0.190000
v 0.677688 0.001518 -0.190000
v 0.679913 -0.006229 -0.190000
v 0.681108 -0.013861 -0.190000
v 0.681463 -0.021201 -0.190000
v 0.681463 -0.025207 -0.190000
v 0.681103 -0.032681 -0.190000
v 0.679894 -0.040464 -0.190000
v 0.677648 -0.048372 -0.190000
v 0.674174 -0.056222 -0.190000
v 0.669280 -0.063833 -0.190000
v 0.662777 -0.071021 -0.190000
v 0.654474 -0.077604 -0.190000
v 0.644181 -0.083399 -0.190000
v 0.631708 -0.088225 -0.190000
v 0.616863 -0.091897 -0.190000
v 0.599457 -0.094235 -0.190000
v 0.579299 -0.095055 -0.190000
v 0.560770 -0.095055 -0.190000
v 0.561960 0.008748 -0.190000
v 0.555103 0.007763 -0.190000
v 0.549160 0.006205 -0.190000
v 0.544075 0.004140 -0.190000
v 0.539794 0.001637 -0.190000
v 0.536261 -0.001235 -0.190000
v 0.533421 -0.004411 -0.190000
v 0.531221 -0.007821 -0.190000
v 0.529605 -0.011398 -0.190000
v 0.528519 -0.015074 -0.190000
v 0.527907 -0.018782 -0.190000
v 0.527716 -0.022453 -0.190000
v 0.527716 -0.023380 -0.190000
v 0.527902 -0.027107 -0.190000
v 0.528501 -0.030875 -0.190000
v 0.529570 -0.034677 -0.190000
v 0.531165 -0.038429 -0.190000
v 0.533345 -0.042049 -0.190000
v 0.536166 -0.045454 -0.190000
v 0.539687 -0.048562 -0.190000
v 0.543964 -0.051289 -0.190000
v 0.549054 -0.053555 -0.190000
v 0.555016 -0.055275 -0.190000
v 0.561907 -0.056368 -0.190000
v 0.569783 -0.056751 -0.190000
v 0.577968 -0.056373 -0.190000
v 0.584906 -0.055293 -0.190000
v 0.590907 -0.053590 -0.190000
v 0.596030 -0.051345 -0.190000
v 0.600331 -0.048638 -0.190000
v 0.603870 -0.045548 -0.190000
v 0.606704 -0.042155 -0.190000
v 0.608893 -0.038540 -0.190000
v 0.610494 -0.034783 -0.190000
v 0.611566 -0.030962 -0.190000
v 0.612166 -0.027160 -0.190000
v 0.612353 -0.023454 -0.190000
v 0.612353 -0.022527 -0.190000
v 0.612161 -0.018729 -0.190000
v 0.611548 -0.014987 -0.190000
v 0.610459 -0.011293 -0.190000
v 0.608838 -0.007710 -0.190000
v 0.606629 -0.004304 -0.190000
v 0.603776 -0.001142 -0.190000
v 0.600225 0.001713 -0.190000
v 0.595919 0.004196 -0.190000
v 0.590802 0.006240 -0.190000
v 0.584820 0.007781 -0.190000
v 0.577916 0.008753 -0.190000
v 0.570034 0.009091 -0.190000
v 0.775327 -0.094230 -0.190000
v 0.757350 -0.091881 -0.190000
v 0.742208 -0.088193 -0.190000
v 0.729664 -0.083353 -0.190000
v 0.719482 -0.077546 -0.190000
v 0.711424 -0.070958 -0.190000
v 0.705255 -0.063776 -0.190000
v 0.700738 -0.056185 -0.190000
v 0.697636 -0.048372 -0.190000
v 0.695714 -0.040522 -0.190000
v 0.694734 -0.032822 -0.190000
v 0.694459 -0.025457 -0.190000
v 0.694459 -0.020951 -0.190000
v 0.694748 -0.013721 -0.190000
v 0.695765 -0.006171 -0.190000
v 0.697738 0.001518 -0.190000
v 0.700896 0.009166 -0.190000
v 0.705465 0.016590 -0.190000
v 0.711675 0.023612 -0.190000
v 0.719752 0.030049 -0.190000
v 0.729924 0.035722 -0.190000
v 0.742419 0.040448 -0.190000
v 0.757466 0.044048 -0.190000
v 0.775291 0.046341 -0.190000
v 0.796123 0.047145 -0.190000
v 0.815155 0.047145 -0.190000
v 0.835308 0.046345 -0.190000
v 0.852700 0.044064 -0.190000
v 0.867524 0.040479 -0.190000
v 0.879972 0.035768 -0.190000
v 0.890236 0.030107 -0.190000
v 0.898507 0.023675 -0.190000
v 0.904979 0.016647 -0.190000
v 0.909844 0.009203 -0.190000
v 0.913292 0.001518 -0.190000
v 0.915518 -0.006229 -0.190000
v 0.916712 -0.013861 -0.190000
v 0.917068 -0.021201 -0.190000
v 0.917068 -0.025207 -0.190000
v 0.916708 -0.032681 -0.190000
v 0.915499 -0.040464 -0.190000
v 0.913253 -0.048372 -0.190000
v 0.909778 -0.056222 -0.190000
v 0.904885 -0.063833 -0.190000
v 0.898382 -0.071021 -0.190000
v 0.890079 -0.077604 -0.190000
v 0.879786 -0.083399 -0.190000
v 0.867312 -0.088225 -0.190000
v 0.852468 -0.091897 -0.190000
v 0.835062 -0.094235 -0.190000
v 0.814904 -0.095055 -0.190000
v 0.796374 -0.095055 -0.190000
v 0.797564 0.008748 -0.190000
v 0.790708 0.007763 -0.190000
v 0.784765 0.006205 -0.190000
v 0.779680 0.004140 -0.190000
v 0.775398 0.001637 -0.190000
v 0.771865 -0.001235 -0.190000
v 0.769026 -0.004411 -0.190000
v 0.766826 -0.007821 -0.190000
v 0.765210 -0.011398 -0.190000
v 0.764124 -0.015074 -0.190000
v 0.763512 -0.018782 -0.190000
v 0.763320 -0.022453 -0.190000
v 0.763320 -0.023380 -0.190000
v 0.763507 -0.027107 -0.190000
v 0.764106 -0.030875 -0.190000
v 0.765175 -0.034677 -0.190000
v 0.766770 -0.038429 -0.190000
v 0.768950 -0.042049 -0.190000
v 0.771771 -0.045454 -0.190000
v 0.775292 -0.048562 -0.190000
v 0.779568 -0.051289 -0.190000
v 0.784659 -0.053555 -0.190000
v 0.790621 -0.055275 -0.190000
v 0.797511 -0.056368 -0.190000
v 0.805388 -0.056751 -0.190000
v 0.813572 -0.056373 -0.190000
v 0.820511 -0.055293 -0.190000
v 0.826512 -0.053590 -0.190000
v 0.831634 -0.051345 -0.190000
v 0.835936 -0.048638 -0.190000
v 0.839475 -0.045548 -0.190000
v 0.842309 -0.042155 -0.190000
v 0.844498 -0.038540 -0.190000
v 0.846099 -0.034783 -0.190000
v 0.847170 -0.030962 -0.190000
v 0.847771 -0.027160 -0.190000
v 0.847958 -0.023454 -0.190000
v 0.847958 -0.022527 -0.190000
v 0.847766 -0.018729 -0.190000
v 0.847153 -0.014987 -0.190000
v 0.846064 -0.011293 -0.190000
v 0.844443 -0.007710 -0.190000
v 0.842234 -0.004304 -0.190000
v 0.839381 -0.001142 -0.190000
v 0.835829 0.001713 -0.190000
v 0.831523 0.004196 -0.190000
v 0.826407 0.006240 -0.190000
v 0.820424 0.007781 -0.190000
v 0.813520 0.008753 -0.190000
v 0.805639 0.009091 -0.190000
v -0.221372 0.005104 0.190000
v -0.290943 0.005104 0.190000
v -0.304798 0.005104 0.190000
vn -0.0000 -0.0000 -1.0000
vn -0.0003 -0.0001 -1.0000
vn 0.0003 0.0001 -1.0000
vn -0.0000 -0.0002 -1.0000
vn 0.0001 -0.0000 -1.0000
vn -0.0000 0.0004 -1.0000
vn 0.0001 -0.0001 -1.0000
vn -0.0003 -0.0000 -1.0000
vn -0.0002 -0.0002 -1.0000
vn 0.0001 0.0001 -1.0000
vn -0.0006 0.0034 -1.0000
vn -0.0000 -0.0018 -1.0000
vn -0.0015 0.0018 -1.0000
vn -0.0000 -0.0004 -1.0000
vn -0.0000 0.0003 -1.0000
vn 0.0006 0.0017 -1.0000
vn -0.0002 -1.0000 -0.0000
vn -0.0913 -0.9958 -0.0000
vn -0.1947 -0.9809 -0.0000
vn -0.3108 -0.9505 -0.0000
vn -0.4363 -0.8998 -0.0000
vn -0.5647 -0.8253 -0.0000
vn -0.6868 -0.7269 -0.0000
vn -0.7933 -0.6089 -0.0000
vn -0.8775 -0.4796 -0.0000
vn -0.9374 -0.3483 -0.0000
vn -0.9749 -0.2226 -0.0000
vn -0.9943 -0.1062 -0.0000
vn -0.9997 -0.0252 -0.0000
vn -0.9997 0.0252 -0.0000
vn -0.9946 0.1033 -0.0000
vn -0.9770 0.2133 -0.0000
vn -0.9434 0.3317 -0.0000
vn -0.8899 0.4561 -0.0000
vn -0.8137 0.5812 -0.0000
vn -0.7147 0.6994 -0.0000
vn -0.5970 0.8022 -0.0000
vn -0.4684 0.8835 -0.0000
vn -0.3380 0.9412 -0.0000
vn -0.2138 0.9769 -0.0000
vn -0.1001 0.9950 -0.0000
vn 0.0012 1.0000 -0.0000
vn 0.1027 0.9947 -0.0000
vn 0.2174 0.9761 -0.0000
vn 0.3427 0.9394 -0.0000
vn 0.4735 0.8808 -0.0000
vn 0.6016 0.7988 -0.0000
vn 0.7181 0.6959 -0.0000
vn 0.8156 0.5786 -0.0000
vn 0.8906 0.4547 -0.0000
vn 0.9434 0.3316 -0.0000
vn 0.9768 0.2142 -0.0000
vn 0.9946 0.1037 -0.0000
vn 0.9997 0.0250 -0.0000
vn 0.9997 -0.0261 -0.0000
vn 0.9942 -0.1076 -0.0000
vn 0.9747 -0.2235 -0.0000
vn 0.9374 -0.3484 -0.0000
vn 0.8782 -0.4782 -0.0000
vn 0.7953 -0.6062 -0.0000
vn 0.6904 -0.7235 -0.0000
vn 0.5694 -0.8220 -0.0000
vn 0.4415 -0.8972 -0.0000
vn 0.3156 -0.9489 -0.0000
vn 0.1983 -0.9802 -0.0000
vn 0.0925 -0.9957 -0.0000
vn -0.0196 -0.9998 -0.0000
vn 0.0203 -0.9998 -0.0000
vn 0.0870 -0.9962 -0.0000
vn 0.1869 -0.9824 -0.0000
vn 0.3011 -0.9536 -0.0000
vn 0.4268 -0.9043 -0.0000
vn 0.5577 -0.8301 -0.0000
vn 0.6837 -0.7297 -0.0000
vn 0.7940 -0.6079 -0.0000
vn 0.8804 -0.4742 -0.0000
vn 0.9405 -0.3398 -0.0000
vn 0.9769 -0.2137 -0.0000
vn 0.9949 -0.1009 -0.0000
vn 0.9997 -0.0241 -0.0000
vn 0.9997 0.0242 -0.0000
vn 0.9948 0.1016 -0.0000
vn 0.9764 0.2158 -0.0000
vn 0.9391 0.3437 -0.0000
vn 0.8774 0.4797 -0.0000
vn 0.7891 0.6143 -0.0000
vn 0.6770 0.7359 -0.0000
vn 0.5501 0.8351 -0.0000
vn 0.4195 0.9077 -0.0000
vn 0.2951 0.9555 -0.0000
vn 0.1828 0.9831 -0.0000
vn 0.0849 0.9964 -0.0000
vn 0.0198 0.9998 -0.0000
vn -0.0193 0.9998 -0.0000
vn -0.0832 0.9965 -0.0000
vn -0.1804 0.9836 -0.0000
vn -0.2938 0.9559 -0.0000
vn -0.4215 0.9068 -0.0000
vn -0.5570 0.8305 -0.0000
vn -0.6888 0.7250 -0.0000
vn -0.8033 0.5955 -0.0000
vn -0.8908 0.4543 -0.0000
vn -0.9488 0.3159 -0.0000
vn -0.9815 0.1914 -0.0000
vn -0.9962 0.0868 -0.0000
vn -0.9998 0.0199 -0.0000
vn -0.9998 -0.0186 -0.0000
vn -1.0000 -0.0000 -0.0000
vn -0.0000 -0.0000 1.0000
vn -0.9966 -0.0818 -0.0000
vn -0.9832 -0.1824 -0.0000
vn -0.9526 -0.3041 -0.0000
vn -0.9526 -0.3042 -0.0000
vn -0.8972 -0.4416 -0.0000
vn -0.8120 -0.5837 -0.0000
vn -0.6985 -0.7156 -0.0000
vn -0.5661 -0.8243 -0.0000
vn -0.4289 -0.9033 -0.0000
vn -0.4289 -0.9034 -0.0000
vn -0.2989 -0.9543 -0.0000
vn -0.1834 -0.9830 -0.0000
vn -0.0844 -0.9964 -0.0000
vn -0.7148 0.6994 -0.0000
vn -0.1563 -0.9877 -0.0000
vn -0.0727 -0.9974 -0.0000
vn -0.2534 -0.9674 -0.0000
vn -0.3639 -0.9314 -0.0000
vn -0.4853 -0.8743 -0.0000
vn -0.6114 -0.7913 -0.0000
vn -0.7322 -0.6811 -0.0000
vn -0.8363 -0.5483 -0.0000
vn -0.9152 -0.4030 -0.0000
vn -0.9662 -0.2576 -0.0000
vn -0.9925 -0.1222 -0.0000
vn -0.9996 -0.0290 -0.0000
vn -0.9996 0.0298 -0.0000
vn -0.9919 0.1270 -0.0000
vn -0.9639 0.2662 -0.0000
vn -0.9113 0.4117 -0.0000
vn -0.8322 0.5544 -0.0000
vn -0.7299 0.6836 -0.0000
vn -0.6122 0.7907 -0.0000
vn -0.4894 0.8721 -0.0000
vn -0.3701 0.9290 -0.0000
vn -0.2600 0.9656 -0.0000
vn -0.1618 0.9868 -0.0000
vn -0.0758 0.9971 -0.0000
vn -0.0179 0.9998 -0.0000
vn 0.0337 0.9994 -0.0000
vn 0.0336 0.9994 -0.0000
vn -0.0000 1.0000 -0.0000
vn 0.1341 0.9910 -0.0000
vn 0.2646 0.9644 -0.0000
vn 0.2647 0.9643 -0.0000
vn 0.3891 0.9212 -0.0000
vn 0.5050 0.8631 -0.0000
vn 0.6113 0.7914 -0.0000
vn 0.7068 0.7074 -0.0000
vn 0.7910 0.6119 -0.0000
vn 0.8630 0.5052 -0.0000
vn 0.8630 0.5053 -0.0000
vn 0.9211 0.3894 -0.0000
vn 0.9642 0.2650 -0.0000
vn 0.9643 0.2650 -0.0000
vn 0.9910 0.1340 -0.0000
vn 0.9994 0.0335 -0.0000
vn 0.9995 -0.0331 -0.0000
vn 0.9910 -0.1335 -0.0000
vn 0.9642 -0.2650 -0.0000
vn 0.9643 -0.2650 -0.0000
vn 0.9211 -0.3894 -0.0000
vn 0.8630 -0.5053 -0.0000
vn 0.8630 -0.5052 -0.0000
vn 0.7912 -0.6116 -0.0000
vn 0.7068 -0.7075 -0.0000
vn 0.7067 -0.7075 -0.0000
vn 0.6110 -0.7916 -0.0000
vn 0.5049 -0.8632 -0.0000
vn 0.3890 -0.9212 -0.0000
vn 0.2646 -0.9644 -0.0000
vn 0.1340 -0.9910 -0.0000
vn 0.0336 -0.9994 -0.0000
vn -0.0170 -0.9999 -0.0000
vn 0.9997 0.0253 -0.0000
vn 0.9943 0.1070 -0.0000
vn 0.9738 0.2272 -0.0000
vn 0.9327 0.3606 -0.0000
vn 0.8659 0.5002 -0.0000
vn 0.7723 0.6352 -0.0000
vn 0.6568 0.7541 -0.0000
vn 0.5293 0.8485 -0.0000
vn 0.4010 0.9161 -0.0000
vn 0.2808 0.9598 -0.0000
vn 0.1735 0.9848 -0.0000
vn 0.0806 0.9967 -0.0000
vn 0.0188 0.9998 -0.0000
vn -0.0336 0.9994 -0.0000
vn -0.1340 0.9910 -0.0000
vn -0.2647 0.9643 -0.0000
vn -0.3891 0.9212 -0.0000
vn -0.5051 0.8631 -0.0000
vn -0.5051 0.8630 -0.0000
vn -0.6113 0.7914 -0.0000
vn -0.7070 0.7072 -0.0000
vn -0.7070 0.7073 -0.0000
vn -0.7911 0.6117 -0.0000
vn -0.8628 0.5055 -0.0000
vn -0.9210 0.3895 -0.0000
vn -0.9643 0.2649 -0.0000
vn -0.9910 0.1340 -0.0000
vn -0.9994 0.0336 -0.0000
vn -0.0000 -1.0000 -0.0000
vn 1.0000 -0.0000 -0.0000
vn 0.9910 -0.1336 -0.0000
vn 0.8629 -0.5053 -0.0000
vn 0.7068 -0.7074 -0.0000
vn 0.6111 -0.7916 -0.0000
vn -0.0000 -0.0018 1.0000
vn 0.5050 -0.8631 -0.0000
vn 0.3891 -0.9212 -0.0000
vn 0.2647 -0.9643 -0.0000
vn 0.0337 -0.9994 -0.0000
vn 0.0181 -0.9998 -0.0000
vn 0.0774 -0.9970 -0.0000
vn 0.1669 -0.9860 -0.0000
vn 0.2706 -0.9627 -0.0000
vn 0.3877 -0.9218 -0.0000
vn 0.5142 -0.8577 -0.0000
vn 0.6420 -0.7667 -0.0000
vn 0.7599 -0.6501 -0.0000
vn 0.8572 -0.5150 -0.0000
vn 0.9278 -0.3731 -0.0000
vn 0.9718 -0.2358 -0.0000
vn 0.9938 -0.1112 -0.0000
vn 0.9997 -0.0263 -0.0000
vn -0.0001 -0.0001 1.0000
vn 0.0001 0.0001 1.0000
vn -0.0000 -0.0001 1.0000
vn -0.0000 0.0001 1.0000
vn -0.0000 0.0003 1.0000
vn -0.0001 -0.0000 1.0000
vn -0.0005 -0.0000 1.0000
vn -0.0000 -0.0003 1.0000
vn -0.0000 0.0004 1.0000
vn -0.0000 -0.0002 1.0000
vn -0.0000 0.0002 1.0000
vn 0.0004 -0.0000 1.0000
vn -0.0003 -0.0000 1.0000
vn 0.0003 -0.0000 1.0000
vn 0.0001 -0.0000 1.0000
vn -0.1339 0.9910 -0.0000
vn -0.2645 0.9644 -0.0000
vn -0.3890 0.9212 -0.0000
vn -0.3890 0.9213 -0.0000
vn -0.5052 0.8630 -0.0000
vn -0.6115 0.7912 -0.0000
vn -0.7073 0.7070 -0.0000
vn -0.7073 0.7069 -0.0000
vn -0.7919 0.6107 -0.0000
vn -0.8635 0.5043 -0.0000
vn -0.8636 0.5042 -0.0000
vn -0.9214 0.3886 -0.0000
vn -0.9645 0.2641 -0.0000
vn -0.9910 0.1336 -0.0000
vn -0.9994 0.0335 -0.0000
vn 0.9995 0.0326 -0.0000
vn 0.9910 0.1336 -0.0000
vn 0.9641 0.2654 -0.0000
vn 0.9212 0.3890 -0.0000
vn 0.8631 0.5050 -0.0000
vn 0.8632 0.5049 -0.0000
vn 0.7909 0.6119 -0.0000
vn 0.7068 0.7075 -0.0000
vn 0.5049 0.8632 -0.0000
vn 0.3892 0.9212 -0.0000
vn 0.1339 0.9910 -0.0000
vn 0.1340 0.9910 -0.0000
vn 0.0002 -0.0002 1.0000
vn -0.0001 0.0001 1.0000
vn 0.0001 0.0002 1.0000
vn 0.0002 0.0006 1.0000
vn 0.0005 0.0012 1.0000
vn 0.0015 0.0009 1.0000
vn 0.0017 -0.0000 1.0000
vn 0.0033 -0.0017 1.0000
vn -0.0000 -0.0009 1.0000
vn -0.0002 0.0001 1.0000
vn -0.0003 0.0023 1.0000
vn -0.0008 -0.0000 1.0000
vn 0.0001 -0.0001 1.0000
vn -0.0000 -0.0011 1.0000
vn -0.0000 0.0016 1.0000
vn -0.0335 0.9994 -0.0000
vn -0.0328 0.9995 -0.0000
vn -0.1309 0.9914 -0.0000
vn -0.2590 0.9659 -0.0000
vn -0.2591 0.9659 -0.0000
vn -0.3811 0.9245 -0.0000
vn -0.3812 0.9245 -0.0000
vn -0.4952 0.8688 -0.0000
vn -0.4953 0.8687 -0.0000
vn -0.6002 0.7998 -0.0000
vn -0.6954 0.7186 -0.0000
vn -0.6953 0.7187 -0.0000
vn -0.7795 0.6264 -0.0000
vn -0.7795 0.6265 -0.0000
vn -0.8519 0.5237 -0.0000
vn -0.9115 0.4113 -0.0000
vn -0.9568 0.2908 -0.0000
vn -0.9568 0.2909 -0.0000
vn -0.9865 0.1638 -0.0000
vn -0.9978 0.0657 -0.0000
vn -1.0000 -0.0020 -0.0000
vn -0.9944 -0.1055 -0.0000
vn -0.9708 -0.2400 -0.0000
vn -0.9299 -0.3677 -0.0000
vn -0.8733 -0.4872 -0.0000
vn -0.8020 -0.5974 -0.0000
vn -0.8020 -0.5973 -0.0000
vn -0.7179 -0.6961 -0.0000
vn -0.7180 -0.6961 -0.0000
vn -0.6222 -0.7829 -0.0000
vn -0.6222 -0.7828 -0.0000
vn -0.5147 -0.8574 -0.0000
vn -0.5148 -0.8573 -0.0000
vn -0.3970 -0.9178 -0.0000
vn -0.2705 -0.9627 -0.0000
vn -0.3971 -0.9178 -0.0000
vn -0.2706 -0.9627 -0.0000
vn -0.1371 -0.9906 -0.0000
vn -0.1370 -0.9906 -0.0000
vn -0.0345 -0.9994 -0.0000
vn -0.0000 -0.0031 1.0000
vn 0.1339 -0.9910 -0.0000
vn 0.6114 -0.7913 -0.0000
vn 0.6113 -0.7914 -0.0000
vn 0.7909 -0.6119 -0.0000
vn 0.7910 -0.6119 -0.0000
vn 0.8631 -0.5050 -0.0000
vn 0.8632 -0.5049 -0.0000
vn 0.9212 -0.3890 -0.0000
vn 0.9641 -0.2654 -0.0000
vn 0.9995 -0.0326 -0.0000
vn 0.9909 0.1345 -0.0000
vn 0.9909 0.1344 -0.0000
vn 0.9211 0.3893 -0.0000
vn 0.8629 0.5054 -0.0000
vn 0.7911 0.6117 -0.0000
vn 0.7911 0.6116 -0.0000
vn 0.7067 0.7075 -0.0000
vn 0.6112 0.7915 -0.0000
vn 0.3890 0.9213 -0.0000
vn 0.3890 0.9212 -0.0000
vn 0.2648 0.9643 -0.0000
vn -0.0000 -0.0006 1.0000
vn -0.0000 0.0009 1.0000
vn -0.0000 0.0010 1.0000
vn -0.0000 -0.0023 1.0000
vn -0.0000 0.0017 1.0000
vn -0.0000 -0.0017 1.0000
vn -0.0000 -0.0004 1.0000
vn -0.0000 0.0007 1.0000
vn -0.9973 0.0735 -0.0000
vn -0.9964 -0.0847 -0.0000
vn -0.9737 0.2278 -0.0000
vn -0.9278 0.3731 -0.0000
vn -0.8620 0.5069 -0.0000
vn -0.7785 0.6277 -0.0000
vn -0.6790 0.7341 -0.0000
vn -0.7784 0.6277 -0.0000
vn -0.6791 0.7341 -0.0000
vn -0.5652 0.8250 -0.0000
vn -0.4380 0.8990 -0.0000
vn -0.2992 0.9542 -0.0000
vn -0.1516 0.9884 -0.0000
vn -0.0380 0.9993 -0.0000
vn 0.0393 0.9992 -0.0000
vn 0.1572 0.9876 -0.0000
vn 0.3100 0.9507 -0.0000
vn 0.4533 0.8914 -0.0000
vn 0.5838 0.8119 -0.0000
vn 0.6994 0.7148 -0.0000
vn 0.6993 0.7148 -0.0000
vn 0.7986 0.6019 -0.0000
vn 0.8803 0.4744 -0.0000
vn 0.9428 0.3335 -0.0000
vn 0.9834 0.1817 -0.0000
vn 0.9998 0.0218 -0.0000
vn 0.9899 -0.1416 -0.0000
vn 0.9578 -0.2875 -0.0000
vn 0.9145 -0.4046 -0.0000
vn 0.8589 -0.5122 -0.0000
vn 0.7846 -0.6201 -0.0000
vn 0.6936 -0.7204 -0.0000
vn 0.5912 -0.8065 -0.0000
vn 0.4846 -0.8747 -0.0000
vn 0.3806 -0.9248 -0.0000
vn 0.2841 -0.9588 -0.0000
vn 0.1977 -0.9803 -0.0000
vn 0.1221 -0.9925 -0.0000
vn 0.0569 -0.9984 -0.0000
vn 0.0006 -1.0000 -0.0000
vn -0.0541 -0.9985 -0.0000
vn -0.1164 -0.9932 -0.0000
vn -0.1889 -0.9820 -0.0000
vn -0.2727 -0.9621 -0.0000
vn -0.3677 -0.9299 -0.0000
vn -0.4724 -0.8814 -0.0000
vn -0.5826 -0.8128 -0.0000
vn -0.6913 -0.7226 -0.0000
vn -0.7901 -0.6130 -0.0000
vn -0.8714 -0.4906 -0.0000
vn -0.9313 -0.3643 -0.0000
vn -0.9725 -0.2328 -0.0000
vn -0.0311 0.9995 -0.0000
vn -0.1225 0.9925 -0.0000
vn -0.2375 0.9714 -0.0000
vn -0.3411 0.9400 -0.0000
vn -0.4321 0.9018 -0.0000
vn -0.5106 0.8598 -0.0000
vn -0.5777 0.8163 -0.0000
vn -0.6347 0.7728 -0.0000
vn -0.6832 0.7302 -0.0000
vn -0.7247 0.6891 -0.0000
vn -0.7605 0.6494 -0.0000
vn -0.7916 0.6111 -0.0000
vn -0.7975 0.6033 -0.0000
vn -0.7572 0.6532 -0.0000
vn -0.6884 0.7254 -0.0000
vn -0.6138 0.7895 -0.0000
vn -0.6138 0.7894 -0.0000
vn -0.5359 0.8443 -0.0000
vn -0.4569 0.8895 -0.0000
vn -0.3791 0.9254 -0.0000
vn -0.3042 0.9526 -0.0000
vn -0.2334 0.9724 -0.0000
vn -0.1674 0.9859 -0.0000
vn -0.1066 0.9943 -0.0000
vn -0.0510 0.9987 -0.0000
vn 0.0038 1.0000 -0.0000
vn 0.0697 0.9976 -0.0000
vn 0.1493 0.9888 -0.0000
vn 0.2380 0.9713 -0.0000
vn 0.3361 0.9418 -0.0000
vn 0.4415 0.8973 -0.0000
vn 0.5503 0.8350 -0.0000
vn 0.6570 0.7539 -0.0000
vn 0.7550 0.6557 -0.0000
vn 0.8385 0.5449 -0.0000
vn 0.9039 0.4278 -0.0000
vn 0.9505 0.3109 -0.0000
vn 0.9823 0.1873 -0.0000
vn 0.9990 0.0441 -0.0000
vn 0.9940 -0.1091 -0.0000
vn 0.9661 -0.2581 -0.0000
vn 0.9171 -0.3985 -0.0000
vn 0.9171 -0.3986 -0.0000
vn 0.8497 -0.5273 -0.0000
vn 0.7658 -0.6431 -0.0000
vn 0.6670 -0.7451 -0.0000
vn 0.6669 -0.7451 -0.0000
vn 0.5543 -0.8323 -0.0000
vn 0.4290 -0.9033 -0.0000
vn 0.2928 -0.9562 -0.0000
vn 0.1485 -0.9889 -0.0000
vn 0.1484 -0.9889 -0.0000
vn 0.0372 -0.9993 -0.0000
vn 0.1341 -0.9910 -0.0000
vn 0.2648 -0.9643 -0.0000
vn 0.3892 -0.9212 -0.0000
vn 0.6114 -0.7914 -0.0000
vn 0.7070 -0.7072 -0.0000
vn 0.7071 -0.7071 -0.0000
vn 0.7912 -0.6115 -0.0000
vn 0.8630 -0.5051 -0.0000
vn 0.9211 -0.3893 -0.0000
vn 0.9643 -0.2649 -0.0000
vn 0.9910 -0.1340 -0.0000
vn 0.9994 -0.0335 -0.0000
vn 0.9998 0.0178 -0.0000
vn 0.9969 0.0782 -0.0000
vn 0.9847 0.1745 -0.0000
vn 0.9564 0.2921 -0.0000
vn 0.9045 0.4264 -0.0000
vn 0.8232 0.5678 -0.0000
vn 0.7125 0.7017 -0.0000
vn 0.5808 0.8141 -0.0000
vn 0.4418 0.8971 -0.0000
vn 0.3086 0.9512 -0.0000
vn 0.1895 0.9819 -0.0000
vn 0.0872 0.9962 -0.0000
vn 0.0202 0.9998 -0.0000
vn -0.0189 0.9998 -0.0000
vn -0.0813 0.9967 -0.0000
vn -0.1758 0.9844 -0.0000
vn -0.2856 0.9583 -0.0000
vn -0.4091 0.9125 -0.0000
vn -0.5408 0.8412 -0.0000
vn -0.6706 0.7418 -0.0000
vn -0.7862 0.6180 -0.0000
vn -0.8773 0.4799 -0.0000
vn -0.9402 0.3406 -0.0000
vn -0.9774 0.2112 -0.0000
vn -0.9952 0.0980 -0.0000
vn -0.9997 0.0230 -0.0000
vn -0.9997 -0.0246 -0.0000
vn -0.9947 -0.1032 -0.0000
vn -0.9757 -0.2190 -0.0000
vn -0.9375 -0.3480 -0.0000
vn -0.8748 -0.4846 -0.0000
vn -0.7855 -0.6189 -0.0000
vn -0.6730 -0.7397 -0.0000
vn -0.5462 -0.8377 -0.0000
vn -0.4163 -0.9092 -0.0000
vn -0.2928 -0.9562 -0.0000
vn -0.1814 -0.9834 -0.0000
vn -0.0843 -0.9964 -0.0000
vn -0.0197 -0.9998 -0.0000
vn 0.0164 -0.9999 -0.0000
vn 0.0706 -0.9975 -0.0000
vn 0.1529 -0.9882 -0.0000
vn 0.2494 -0.9684 -0.0000
vn 0.3606 -0.9327 -0.0000
vn 0.4838 -0.8752 -0.0000
vn 0.6125 -0.7905 -0.0000
vn 0.7357 -0.6773 -0.0000
vn 0.8410 -0.5411 -0.0000
vn 0.9192 -0.3937 -0.0000
vn 0.9685 -0.2488 -0.0000
vn 0.9931 -0.1172 -0.0000
vn 1.0000 0.0054 -0.0000
vn 0.9910 0.1339 -0.0000
vn 0.9643 0.2649 -0.0000
vn 0.8298 0.5581 -0.0000
vn 0.4450 0.8955 -0.0000
vn -0.0000 0.0005 1.0000
vn -0.0000 -0.0012 1.0000
vn 0.0005 -0.0001 1.0000
vn 0.0008 -0.0000 1.0000
vn 0.0162 0.9999 -0.0000
vn 0.0733 0.9973 -0.0000
vn 0.1689 0.9856 -0.0000
vn 0.2938 0.9559 -0.0000
vn 0.4469 0.8946 -0.0000
vn 0.6135 0.7897 -0.0000
vn 0.7658 0.6431 -0.0000
vn 0.8785 0.4777 -0.0000
vn 0.9463 0.3233 -0.0000
vn 0.9801 0.1983 -0.0000
vn 0.9943 0.1063 -0.0000
vn 0.9991 0.0431 -0.0000
vn 1.0000 0.0090 -0.0000
vn 0.9212 -0.3892 -0.0000
vn 0.7911 -0.6117 -0.0000
vn 0.7910 -0.6118 -0.0000
vn 0.7071 -0.7072 -0.0000
vn 0.9910 0.1338 -0.0000
vn 0.9646 0.2639 -0.0000
vn 0.9645 0.2639 -0.0000
vn 0.9216 0.3880 -0.0000
vn 0.9217 0.3880 -0.0000
vn 0.8636 0.5041 -0.0000
vn 0.8637 0.5040 -0.0000
vn 0.7921 0.6104 -0.0000
vn 0.7079 0.7063 -0.0000
vn 0.6123 0.7906 -0.0000
vn 0.5059 0.8626 -0.0000
vn 0.5060 0.8626 -0.0000
vn 0.3897 0.9209 -0.0000
vn 0.2651 0.9642 -0.0000
vn 0.3889 0.9213 -0.0000
vn 0.6114 0.7913 -0.0000
vn 0.7070 0.7072 -0.0000
vn 0.7910 0.6118 -0.0000
vn 0.9212 0.3892 -0.0000
vn 0.9211 0.3892 -0.0000
vn 0.9212 0.3891 -0.0000
vn 0.8629 0.5053 -0.0000
vn 0.7070 0.7073 -0.0000
vn 0.0335 0.9994 -0.0000
vn -0.0338 0.9994 -0.0000
vn -0.0000 0.0032 1.0000
vn -0.1341 0.9910 -0.0000
vn -0.3893 0.9211 -0.0000
vn -0.2648 0.9643 -0.0000
vn -0.6115 0.7913 -0.0000
vn -0.7072 0.7071 -0.0000
vn -0.7071 0.7071 -0.0000
vn -0.7911 0.6116 -0.0000
vn -0.8629 0.5054 -0.0000
vn -0.9211 0.3894 -0.0000
vn -0.9643 0.2650 -0.0000
vn -0.9910 0.1338 -0.0000
vn -0.9643 0.2648 -0.0000
vn -0.9643 0.2647 -0.0000
vn -0.7910 0.6118 -0.0000
vn -0.6114 0.7914 -0.0000
vn -0.6114 0.7913 -0.0000
vn -0.5049 0.8632 -0.0000
vn -0.3889 0.9213 -0.0000
vn -0.2646 0.9644 -0.0000
vn -0.0334 0.9994 -0.0000
vn -0.0337 0.9994 -0.0000
vn -0.0000 -0.0022 1.0000
vn -0.0000 0.0027 1.0000
vn -0.0000 0.0028 1.0000
vn -0.0000 -0.0087 1.0000
vn -0.0000 0.1429 0.9897
vn -0.1336 0.9910 -0.0000
vn -0.2643 0.9644 -0.0000
vn -0.2642 0.9645 -0.0000
vn -0.3885 0.9214 -0.0000
vn -0.3886 0.9214 -0.0000
vn -0.5042 0.8636 -0.0000
vn -0.5043 0.8635 -0.0000
vn -0.6106 0.7919 -0.0000
vn -0.7064 0.7078 -0.0000
vn -0.7907 0.6122 -0.0000
vn -0.8626 0.5059 -0.0000
vn -0.8627 0.5057 -0.0000
vn -0.9210 0.3896 -0.0000
vn -0.9994 0.0333 -0.0000
vn -0.9994 -0.0338 -0.0000
vn -0.9910 -0.1340 -0.0000
vn -0.9643 -0.2647 -0.0000
vn -0.9210 -0.3895 -0.0000
vn -0.8627 -0.5058 -0.0000
vn -0.8627 -0.5057 -0.0000
vn -0.7907 -0.6122 -0.0000
vn -0.7062 -0.7080 -0.0000
vn -0.7063 -0.7079 -0.0000
vn -0.6105 -0.7920 -0.0000
vn -0.5043 -0.8635 -0.0000
vn -0.3883 -0.9215 -0.0000
vn -0.2641 -0.9645 -0.0000
vn -0.1336 -0.9910 -0.0000
vn -0.0000 -0.9774 0.2114
vn -0.0335 -0.9994 -0.0000
vn -0.0169 -0.9955 -0.0932
vn -0.0337 -0.9994 -0.0000
vn 0.0010 0.0006 1.0000
vn -0.0011 -0.0000 1.0000
vn 0.0016 -0.0006 1.0000
vn -0.0017 -0.0000 1.0000
vn 0.0001 0.0003 1.0000
vn -0.0000 0.0018 1.0000
vn -0.0029 -0.0018 1.0000
vn -0.0033 -0.0009 1.0000
vn -0.1341 -0.9910 -0.0000
vn -0.2647 -0.9643 -0.0000
vn -0.3890 -0.9212 -0.0000
vn -0.5050 -0.8631 -0.0000
vn -0.7071 -0.7071 -0.0000
vn -0.7070 -0.7072 -0.0000
vn -0.7910 -0.6118 -0.0000
vn -0.8629 -0.5054 -0.0000
vn -0.8628 -0.5055 -0.0000
vn -0.9211 -0.3894 -0.0000
vn -0.9643 -0.2648 -0.0000
vn -0.9910 -0.1338 -0.0000
vn -0.9994 -0.0335 -0.0000
vn -0.9998 -0.0212 -0.0000
vn -0.9959 -0.0901 -0.0000
vn -0.9813 -0.1922 -0.0000
vn -0.9515 -0.3077 -0.0000
vn -0.9011 -0.4335 -0.0000
vn -0.8262 -0.5633 -0.0000
vn -0.7261 -0.6876 -0.0000
vn -0.6053 -0.7960 -0.0000
vn -0.4730 -0.8811 -0.0000
vn -0.3395 -0.9406 -0.0000
vn -0.2137 -0.9769 -0.0000
vn -0.1006 -0.9949 -0.0000
vn -0.0237 -0.9997 -0.0000
vn -0.0000 -0.0028 1.0000
vn -0.0000 -0.0030 1.0000
vn 0.9950 0.1000 -0.0000
vn 0.9734 0.2292 -0.0000
vn 0.9219 0.3874 -0.0000
vn 0.8304 0.5572 -0.0000
vn 0.7025 0.7117 -0.0000
vn 0.5580 0.8299 -0.0000
vn 0.4196 0.9077 -0.0000
vn 0.3013 0.9535 -0.0000
vn 0.2062 0.9785 -0.0000
vn 0.1319 0.9913 -0.0000
vn 0.0745 0.9972 -0.0000
vn 0.0380 0.9993 -0.0000
vn 0.0389 0.9992 -0.0000
vn 0.0695 0.9976 -0.0000
vn 0.1107 0.9939 -0.0000
vn 0.1633 0.9866 -0.0000
vn 0.2311 0.9729 -0.0000
vn 0.3184 0.9480 -0.0000
vn 0.4290 0.9033 -0.0000
vn 0.5626 0.8267 -0.0000
vn 0.7089 0.7054 -0.0000
vn 0.8433 0.5374 -0.0000
vn 0.9392 0.3432 -0.0000
vn 0.9875 0.1576 -0.0000
vn 1.0000 0.0073 -0.0000
vn 0.9892 -0.1465 -0.0000
vn 0.9407 -0.3393 -0.0000
vn 0.8389 -0.5443 -0.0000
vn 0.6904 -0.7234 -0.0000
vn 0.5283 -0.8491 -0.0000
vn 0.3836 -0.9235 -0.0000
vn 0.2682 -0.9634 -0.0000
vn 0.1807 -0.9835 -0.0000
vn 0.1153 -0.9933 -0.0000
vn 0.0663 -0.9978 -0.0000
vn 0.0292 -0.9996 -0.0000
vn -0.0071 -1.0000 -0.0000
vn -0.0610 -0.9981 -0.0000
vn -0.1345 -0.9909 -0.0000
vn -0.2222 -0.9750 -0.0000
vn -0.3259 -0.9454 -0.0000
vn -0.4452 -0.8955 -0.0000
vn -0.5746 -0.8185 -0.0000
vn -0.4452 -0.8954 -0.0000
vn -0.7030 -0.7112 -0.0000
vn -0.8156 -0.5787 -0.0000
vn -0.9003 -0.4354 -0.0000
vn -0.9538 -0.3003 -0.0000
vn -0.9817 -0.1906 -0.0000
vn -0.9896 -0.1438 -0.0000
vn 0.1337 -0.9910 -0.0000
vn 0.2643 -0.9644 -0.0000
vn 0.3889 -0.9213 -0.0000
vn 0.5051 -0.8631 -0.0000
vn 0.6116 -0.7911 -0.0000
vn 0.7075 -0.7067 -0.0000
vn 0.7917 -0.6109 -0.0000
vn 0.8635 -0.5044 -0.0000
vn 0.7917 -0.6108 -0.0000
vn 0.8635 -0.5043 -0.0000
vn 0.9215 -0.3884 -0.0000
vn 0.9644 -0.2643 -0.0000
vn 0.9910 -0.1338 -0.0000
vn 0.9995 0.0330 -0.0000
vn 0.9898 0.1422 -0.0000
vn 0.9529 0.3031 -0.0000
vn 0.8810 0.4730 -0.0000
vn 0.7748 0.6322 -0.0000
vn 0.6464 0.7630 -0.0000
vn 0.5132 0.8582 -0.0000
vn 0.2810 0.9597 -0.0000
vn 0.1900 0.9818 -0.0000
vn 0.1146 0.9934 -0.0000
vn 0.0524 0.9986 -0.0000
vn 0.0121 0.9999 -0.0000
vn -0.0116 0.9999 -0.0000
vn -0.0503 0.9987 -0.0000
vn -0.1109 0.9938 -0.0000
vn -0.1856 0.9826 -0.0000
vn -0.2775 0.9607 -0.0000
vn -0.5177 0.8555 -0.0000
vn -0.6565 0.7543 -0.0000
vn -0.7881 0.6155 -0.0000
vn -0.7882 0.6155 -0.0000
vn -0.8930 0.4501 -0.0000
vn -0.9599 0.2803 -0.0000
vn -0.9918 0.1280 -0.0000
vn -0.9996 0.0292 -0.0000
vn -0.9996 -0.0286 -0.0000
vn -0.9996 -0.0287 -0.0000
vn -0.9926 -0.1218 -0.0000
vn -0.9660 -0.2584 -0.0000
vn -0.9138 -0.4061 -0.0000
vn -0.8329 -0.5535 -0.0000
vn -0.7270 -0.6866 -0.0000
vn -0.6063 -0.7952 -0.0000
vn -0.4830 -0.8756 -0.0000
vn -0.3668 -0.9303 -0.0000
vn -0.2629 -0.9648 -0.0000
vn -0.1731 -0.9849 -0.0000
vn -0.0967 -0.9953 -0.0000
vn -0.0440 -0.9990 -0.0000
vn -0.0322 -0.9995 -0.0000
vn -0.0571 -0.9984 -0.0000
vn -0.1009 -0.9949 -0.0000
vn -0.1584 -0.9874 -0.0000
vn -0.2343 -0.9722 -0.0000
vn -0.3338 -0.9426 -0.0000
vn -0.4603 -0.8878 -0.0000
vn -0.6093 -0.7930 -0.0000
vn -0.7611 -0.6486 -0.0000
vn -0.8849 -0.4657 -0.0000
vn -0.9605 -0.2783 -0.0000
vn -0.9927 -0.1203 -0.0000
vn -0.9997 -0.0260 -0.0000
vn -0.9996 0.0281 -0.0000
vn -0.9536 0.3011 -0.0000
vn -0.8753 0.4837 -0.0000
vn -0.7559 0.6547 -0.0000
vn -0.6137 0.7896 -0.0000
vn -0.4724 0.8814 -0.0000
vn -0.3478 0.9376 -0.0000
vn -0.2449 0.9695 -0.0000
vn -0.1622 0.9868 -0.0000
vn -0.0963 0.9954 -0.0000
vn -0.0435 0.9991 -0.0000
vn -0.0100 1.0000 -0.0000
vn 0.0175 0.9998 -0.0000
vn 0.0765 0.9971 -0.0000
vn 0.1662 0.9861 -0.0000
vn 0.2698 0.9629 -0.0000
vn 0.3867 0.9222 -0.0000
vn 0.5125 0.8587 -0.0000
vn 0.6387 0.7694 -0.0000
vn 0.7542 0.6566 -0.0000
vn 0.8488 0.5287 -0.0000
vn 0.9174 0.3979 -0.0000
vn 0.9611 0.2763 -0.0000
vn 0.9850 0.1726 -0.0000
vn 0.9905 0.1372 -0.0000
vn 0.9780 0.2088 -0.0000
vn 0.9451 0.3268 -0.0000
vn 0.8984 0.4391 -0.0000
vn 0.8390 0.5441 -0.0000
vn 0.7676 0.6410 -0.0000
vn 0.8390 0.5442 -0.0000
vn 0.7675 0.6410 -0.0000
vn 0.6849 0.7287 -0.0000
vn 0.6850 0.7286 -0.0000
vn 0.5916 0.8062 -0.0000
vn 0.5917 0.8062 -0.0000
vn 0.4884 0.8726 -0.0000
vn 0.4883 0.8727 -0.0000
vn 0.3759 0.9267 -0.0000
vn 0.3758 0.9267 -0.0000
vn 0.2554 0.9668 -0.0000
vn 0.1291 0.9916 -0.0000
vn 0.0323 0.9995 -0.0000
vn -0.1338 0.9910 -0.0000
vn -0.2644 0.9644 -0.0000
vn -0.5048 0.8632 -0.0000
vn -0.6111 0.7915 -0.0000
vn -0.7069 0.7073 -0.0000
vn -0.8630 0.5053 -0.0000
vn -0.9211 0.3893 -0.0000
vn -0.9910 0.1339 -0.0000
vn -1.0000 0.0098 -0.0000
vn -0.9910 0.1341 -0.0000
vn -0.9946 -0.1033 -0.0000
vn -0.9739 -0.2271 -0.0000
vn -0.0001 0.0002 1.0000
vn -0.0001 -0.0002 1.0000
vn -0.0031 -0.0040 1.0000
vn -0.0014 -0.0057 1.0000
vn -0.0002 -0.0000 1.0000
vn -0.0001 0.0007 1.0000
vn -0.0001 -0.0004 1.0000
vn 0.0006 -0.0000 1.0000
vn 0.0009 -0.0005 1.0000
vn -0.0000 0.1325 0.9912
vn -0.0000 0.0555 0.9985
vn -0.9288 -0.3705 -0.0000
vn -0.8532 -0.5217 -0.0000
vn -0.7475 -0.6643 -0.0000
vn -0.6211 -0.7837 -0.0000
vn -0.4883 -0.8727 -0.0000
vn -0.3616 -0.9323 -0.0000
vn -0.2485 -0.9686 -0.0000
vn -0.1513 -0.9885 -0.0000
vn -0.0695 -0.9976 -0.0000
vn -0.0161 -0.9999 -0.0000
vn 0.0120 -0.9999 -0.0000
vn 0.0524 -0.9986 -0.0000
vn 0.1157 -0.9933 -0.0000
vn 0.1940 -0.9810 -0.0000
vn 0.2903 -0.9569 -0.0000
vn 0.4063 -0.9137 -0.0000
vn 0.5394 -0.8421 -0.0000
vn 0.6792 -0.7339 -0.0000
vn 0.8075 -0.5898 -0.0000
vn 0.9056 -0.4241 -0.0000
vn 0.9656 -0.2599 -0.0000
vn 0.9996 -0.0265 -0.0000
vn 0.9998 0.0219 -0.0000
vn -0.0029 0.0018 1.0000
vn -0.9973 0.0733 -0.0000
vn -0.9738 0.2274 -0.0000
vn -0.9738 0.2276 -0.0000
vn -0.9279 0.3729 -0.0000
vn -0.8618 0.5072 -0.0000
vn -0.8619 0.5071 -0.0000
vn -0.6791 0.7340 -0.0000
vn -0.5653 0.8249 -0.0000
vn -0.4381 0.8989 -0.0000
vn -0.2991 0.9542 -0.0000
vn 0.4534 0.8913 -0.0000
vn 0.5839 0.8119 -0.0000
vn 0.6992 0.7149 -0.0000
vn 0.7985 0.6020 -0.0000
vn 0.7985 0.6019 -0.0000
vn 0.8803 0.4743 -0.0000
vn 0.8802 0.4745 -0.0000
vn 0.9427 0.3336 -0.0000
vn 0.9426 0.3338 -0.0000
vn 0.9998 0.0214 -0.0000
vn 0.9834 0.1815 -0.0000
vn 0.9998 0.0216 -0.0000
vn 0.7846 -0.6200 -0.0000
vn -0.9726 -0.2326 -0.0000
vn -0.6346 0.7728 -0.0000
vn -0.7247 0.6890 -0.0000
vn 0.4414 0.8973 -0.0000
vn 0.9822 0.1880 -0.0000
vn 0.9990 0.0447 -0.0000
vn 0.9822 0.1878 -0.0000
vn 0.9940 -0.1093 -0.0000
vn 0.9661 -0.2584 -0.0000
vn 0.9660 -0.2585 -0.0000
vn 0.9172 -0.3985 -0.0000
vn 0.9172 -0.3984 -0.0000
vn 0.8497 -0.5272 -0.0000
vn 0.7656 -0.6433 -0.0000
vn 0.6668 -0.7452 -0.0000
vn 0.7656 -0.6434 -0.0000
vn 0.6668 -0.7453 -0.0000
vn 0.5542 -0.8324 -0.0000
vn 0.4291 -0.9033 -0.0000
vn 0.2929 -0.9561 -0.0000
vn 0.3892 -0.9211 -0.0000
vn 0.5052 -0.8630 -0.0000
vn 0.5053 -0.8630 -0.0000
vn 0.8629 -0.5054 -0.0000
vn 0.9994 -0.0337 -0.0000
vn -0.0000 0.0006 1.0000
vn -0.0000 -0.0005 1.0000
vn 0.4451 0.8955 -0.0000
vn -0.0002 -0.0001 1.0000
vn 0.0012 -0.0036 1.0000
vn -0.0003 -0.0003 1.0000
vn -0.0010 -0.0000 1.0000
vn 0.0034 0.0008 1.0000
vn 0.2175 -0.9761 -0.0000
vn 0.2336 -0.9723 -0.0000
vn 0.2504 -0.9681 -0.0000
vn 0.2680 -0.9634 -0.0000
vn 0.2863 -0.9581 -0.0000
vn 0.3055 -0.9522 -0.0000
vn 0.3255 -0.9456 -0.0000
vn 0.3463 -0.9381 -0.0000
vn 0.3681 -0.9298 -0.0000
vn 0.3908 -0.9205 -0.0000
vn 0.4144 -0.9101 -0.0000
vn 0.4335 -0.9012 -0.0000
vn 0.4506 -0.8927 -0.0000
vn 0.4707 -0.8823 -0.0000
vn 0.4910 -0.8712 -0.0000
vn 0.5113 -0.8594 -0.0000
vn 0.5317 -0.8469 -0.0000
vn 0.5522 -0.8337 -0.0000
vn 0.5726 -0.8198 -0.0000
vn 0.5929 -0.8053 -0.0000
vn 0.6131 -0.7900 -0.0000
vn 0.6332 -0.7740 -0.0000
vn 0.6530 -0.7573 -0.0000
vn 0.6773 -0.7357 -0.0000
vn 0.6986 -0.7155 -0.0000
vn 0.7128 -0.7014 -0.0000
vn 0.7272 -0.6865 -0.0000
vn 0.7417 -0.6707 -0.0000
vn 0.7564 -0.6541 -0.0000
vn 0.7712 -0.6366 -0.0000
vn 0.7861 -0.6181 -0.0000
vn 0.8010 -0.5987 -0.0000
vn 0.8159 -0.5782 -0.0000
vn 0.8307 -0.5568 -0.0000
vn 0.8307 -0.5567 -0.0000
vn 0.8453 -0.5342 -0.0000
vn 0.8620 -0.5069 -0.0000
vn 0.8757 -0.4828 -0.0000
vn 0.8846 -0.4664 -0.0000
vn 0.8931 -0.4499 -0.0000
vn 0.9012 -0.4334 -0.0000
vn 0.9090 -0.4168 -0.0000
vn 0.9164 -0.4002 -0.0000
vn 0.9235 -0.3836 -0.0000
vn 0.9302 -0.3671 -0.0000
vn 0.9366 -0.3505 -0.0000
vn 0.9426 -0.3340 -0.0000
vn 0.9482 -0.3176 -0.0000
vn 0.9543 -0.2989 -0.0000
vn 0.9593 -0.2824 -0.0000
vn 0.9628 -0.2702 -0.0000
vn 0.9662 -0.2576 -0.0000
vn 0.9696 -0.2446 -0.0000
vn 0.9730 -0.2310 -0.0000
vn 0.9762 -0.2169 -0.0000
vn 0.9793 -0.2023 -0.0000
vn 0.9823 -0.1871 -0.0000
vn 0.9852 -0.1713 -0.0000
vn 0.9879 -0.1550 -0.0000
vn 0.9904 -0.1380 -0.0000
vn 0.9925 -0.1220 -0.0000
vn 0.9940 -0.1092 -0.0000
vn 0.9951 -0.0985 -0.0000
vn 0.9961 -0.0879 -0.0000
vn 0.9970 -0.0775 -0.0000
vn 0.9977 -0.0672 -0.0000
vn 0.9984 -0.0571 -0.0000
vn 0.9984 -0.0572 -0.0000
vn 0.9989 -0.0472 -0.0000
vn 0.9993 -0.0375 -0.0000
vn 0.9996 -0.0279 -0.0000
vn 0.9998 -0.0184 -0.0000
vn 1.0000 -0.0091 -0.0000
vn 1.0000 -0.0023 -0.0000
vn 0.9994 0.0336 -0.0000
vn 0.9910 0.1341 -0.0000
vn 0.6114 0.7914 -0.0000
vn 0.5051 0.8631 -0.0000
vn -0.7912 0.6115 -0.0000
vn -0.8630 0.5052 -0.0000
vn -0.9211 0.3892 -0.0000
vn -0.9999 0.0110 -0.0000
vn -0.9990 0.0452 -0.0000
vn -0.9957 0.0930 -0.0000
vn -0.9896 0.1439 -0.0000
vn -0.9803 0.1975 -0.0000
vn -0.9673 0.2537 -0.0000
vn -0.9501 0.3120 -0.0000
vn -0.9283 0.3718 -0.0000
vn -0.9501 0.3119 -0.0000
vn -0.9017 0.4323 -0.0000
vn -0.8701 0.4928 -0.0000
vn -0.8336 0.5523 -0.0000
vn -0.7925 0.6098 -0.0000
vn -0.7482 0.6635 -0.0000
vn -0.6930 0.7210 -0.0000
vn -0.6252 0.7805 -0.0000
vn -0.5540 0.8325 -0.0000
vn -0.4815 0.8764 -0.0000
vn -0.4094 0.9124 -0.0000
vn -0.3393 0.9407 -0.0000
vn -0.2723 0.9622 -0.0000
vn -0.2092 0.9779 -0.0000
vn -0.1504 0.9886 -0.0000
vn -0.0961 0.9954 -0.0000
vn -0.0462 0.9989 -0.0000
vn -0.0112 0.9999 -0.0000
vn 0.0147 0.9999 -0.0000
vn 0.0645 0.9979 -0.0000
vn 0.1429 0.9897 -0.0000
vn 0.2387 0.9711 -0.0000
vn 0.3520 0.9360 -0.0000
vn 0.4791 0.8778 -0.0000
vn 0.6103 0.7922 -0.0000
vn 0.7317 0.6816 -0.0000
vn 0.7318 0.6816 -0.0000
vn 0.8311 0.5562 -0.0000
vn 0.9027 0.4303 -0.0000
vn 0.9487 0.3162 -0.0000
vn 0.9755 0.2201 -0.0000
vn 0.9823 0.1875 -0.0000
vn 0.9671 0.2545 -0.0000
vn 0.9314 0.3640 -0.0000
vn 0.8839 0.4677 -0.0000
vn 0.8253 0.5648 -0.0000
vn 0.8252 0.5648 -0.0000
vn 0.7562 0.6544 -0.0000
vn 0.6771 0.7359 -0.0000
vn 0.5884 0.8085 -0.0000
vn 0.5884 0.8086 -0.0000
vn 0.4905 0.8714 -0.0000
vn 0.3841 0.9233 -0.0000
vn 0.2701 0.9628 -0.0000
vn 0.1502 0.9887 -0.0000
vn 0.0580 0.9983 -0.0000
vn -0.0071 1.0000 -0.0000
vn -0.1094 0.9940 -0.0000
vn -0.2431 0.9700 -0.0000
vn -0.3706 0.9288 -0.0000
vn -0.3707 0.9288 -0.0000
vn -0.4897 0.8719 -0.0000
vn -0.5990 0.8008 -0.0000
vn -0.6974 0.7167 -0.0000
vn -0.7841 0.6206 -0.0000
vn -0.8582 0.5133 -0.0000
vn -0.9184 0.3957 -0.0000
vn -0.9630 0.2694 -0.0000
vn -0.9907 0.1364 -0.0000
vn -0.9995 0.0304 -0.0000
vn -0.9999 -0.0152 -0.0000
vn -0.9995 -0.0307 -0.0000
vn -0.9989 -0.0462 -0.0000
vn -0.9981 -0.0619 -0.0000
vn -0.9970 -0.0778 -0.0000
vn -0.9956 -0.0937 -0.0000
vn -0.9940 -0.1098 -0.0000
vn -0.9920 -0.1260 -0.0000
vn -0.9898 -0.1423 -0.0000
vn -0.9873 -0.1587 -0.0000
vn -0.9846 -0.1751 -0.0000
vn -0.9779 -0.2092 -0.0000
vn -0.9683 -0.2499 -0.0000
vn -0.9604 -0.2787 -0.0000
vn -0.9521 -0.3059 -0.0000
vn -0.9434 -0.3316 -0.0000
vn -0.9346 -0.3558 -0.0000
vn -0.9256 -0.3786 -0.0000
vn -0.9165 -0.4000 -0.0000
vn -0.9074 -0.4203 -0.0000
vn -0.8983 -0.4394 -0.0000
vn -0.8893 -0.4573 -0.0000
vn -0.8804 -0.4743 -0.0000
vn -0.8640 -0.5035 -0.0000
vn -0.8438 -0.5367 -0.0000
vn -0.8277 -0.5612 -0.0000
vn -0.8109 -0.5852 -0.0000
vn -0.7932 -0.6089 -0.0000
vn -0.7749 -0.6321 -0.0000
vn -0.7559 -0.6547 -0.0000
vn -0.7363 -0.6766 -0.0000
vn -0.7162 -0.6979 -0.0000
vn -0.6955 -0.7185 -0.0000
vn -0.6744 -0.7383 -0.0000
vn -0.6530 -0.7574 -0.0000
vn -0.6185 -0.7858 -0.0000
vn -0.5778 -0.8162 -0.0000
vn -0.5450 -0.8384 -0.0000
vn -0.5451 -0.8384 -0.0000
vn -0.5134 -0.8581 -0.0000
vn -0.4831 -0.8756 -0.0000
vn -0.4540 -0.8910 -0.0000
vn -0.4263 -0.9046 -0.0000
vn -0.3999 -0.9166 -0.0000
vn -0.3747 -0.9271 -0.0000
vn -0.3509 -0.9364 -0.0000
vn -0.3282 -0.9446 -0.0000
vn -0.3067 -0.9518 -0.0000
vn -0.2841 -0.9588 -0.0000
vn -0.2579 -0.9662 -0.0000
vn -0.2303 -0.9731 -0.0000
vn -0.2036 -0.9791 -0.0000
vn -0.1776 -0.9841 -0.0000
vn -0.1525 -0.9883 -0.0000
vn -0.1282 -0.9917 -0.0000
vn -0.1048 -0.9945 -0.0000
vn -0.0822 -0.9966 -0.0000
vn -0.0605 -0.9982 -0.0000
vn -0.0396 -0.9992 -0.0000
vn -0.0194 -0.9998 -0.0000
vn -0.0048 -1.0000 -0.0000
vn 0.0036 -1.0000 -0.0000
vn 0.0145 -0.9999 -0.0000
vn 0.0294 -0.9996 -0.0000
vn 0.0447 -0.9990 -0.0000
vn 0.0604 -0.9982 -0.0000
vn 0.0765 -0.9971 -0.0000
vn 0.0931 -0.9957 -0.0000
vn 0.1102 -0.9939 -0.0000
vn 0.1277 -0.9918 -0.0000
vn 0.1457 -0.9893 -0.0000
vn 0.1456 -0.9893 -0.0000
vn 0.1641 -0.9865 -0.0000
vn 0.1640 -0.9865 -0.0000
vn 0.1829 -0.9831 -0.0000
vn 0.2010 -0.9796 -0.0000
vn 0.0005 0.0003 1.0000
vn -0.0004 -0.0006 1.0000
vn 0.0001 0.0005 1.0000
vn -0.0001 0.0005 1.0000
vn 0.0002 -0.0003 1.0000
vn -0.0001 0.0003 1.0000
vn -0.0003 0.0003 1.0000
vn -0.0004 0.0004 1.0000
vn -0.0005 0.0001 1.0000
vn 0.0006 0.0002 1.0000
vn -0.1342 0.9910 -0.0000
vn -0.5050 0.8631 -0.0000
vn -0.6112 0.7915 -0.0000
vn -0.7068 0.7074 -0.0000
vn -0.7912 0.6116 -0.0000
vn -0.8629 0.5053 -0.0000
vn -0.9642 0.2653 -0.0000
vn -0.9641 0.2654 -0.0000
vn -0.9995 0.0331 -0.0000
vn 0.9994 0.0349 -0.0000
vn 0.9906 0.1371 -0.0000
vn 0.9630 0.2696 -0.0000
vn 0.9187 0.3949 -0.0000
vn 0.8596 0.5109 -0.0000
vn 0.8597 0.5108 -0.0000
vn 0.7875 0.6164 -0.0000
vn 0.7874 0.6164 -0.0000
vn 0.7042 0.7100 -0.0000
vn 0.7041 0.7101 -0.0000
vn 0.6099 0.7925 -0.0000
vn 0.6098 0.7926 -0.0000
vn 0.5051 0.8630 -0.0000
vn 0.3905 0.9206 -0.0000
vn 0.3906 0.9206 -0.0000
vn 0.2670 0.9637 -0.0000
vn 0.1358 0.9907 -0.0000
vn 0.1359 0.9907 -0.0000
vn 0.0342 0.9994 -0.0000
vn -0.0000 0.0011 1.0000
vn -0.0000 0.0023 1.0000
vn -0.0000 0.0048 1.0000
vn -0.0000 -0.0053 1.0000
vn -0.0000 0.0050 1.0000
vn -0.0000 -0.1323 0.9912
vn -0.0000 0.0352 0.9994
vn -0.0000 -0.0033 1.0000
vn -0.0000 -0.9826 -0.1855
vn -0.0000 0.0015 1.0000
vn -0.0000 -0.0046 1.0000
vn -0.0000 -0.0026 -1.0000
vn -0.0000 -0.0074 -1.0000
vn -0.0000 -0.0001 -1.0000
vn -0.0000 -0.0000 -0.0000
vn -0.0000 -0.9106 0.4133
vn -0.0000 -0.0030 -1.0000
vn -0.0000 -0.0312 -0.9995
vn -0.0000 0.0001 -1.0000
vn -0.0000 0.0577 -0.9983
vn -0.0000 0.0050 -1.0000
vn -0.0001 0.0001 -1.0000
vn -0.0000 0.0074 -1.0000
vn -0.0000 -0.0019 -1.0000
vn -0.0001 -0.0002 -1.0000
vn -0.0000 -0.0032 -1.0000
vn -0.0000 -0.0054 -1.0000
vn -0.0000 -0.0041 -1.0000
vn -0.0000 -0.0070 -1.0000
vn -0.0000 -0.0181 -0.9998
vn -0.0000 0.0031 -1.0000
vn -0.0000 -0.0011 -1.0000
vn -0.0000 0.0012 1.0000
vn -0.0000 -0.0003 -1.0000
vn 0.0008 -0.0001 -1.0000
vn -0.0000 0.0002 -1.0000
vn -0.0000 0.0018 -1.0000
vn -0.0000 0.0008 -1.0000
vn -0.0000 0.0009 -1.0000
vn -0.0000 -0.0012 -1.0000
vn -0.0000 0.0005 -1.0000
vn -0.0000 0.0011 -1.0000
vn -0.0000 -0.0016 -1.0000
vn -0.0000 0.0006 -1.0000
vn -0.0000 -0.0010 -1.0000
vn -0.0000 0.0013 -1.0000
vn -0.0000 -0.0020 -1.0000
vn -0.0000 -0.0021 -1.0000
vn -0.0000 -0.0009 -1.0000
vn -0.0000 0.0016 -1.0000
vn -0.0000 0.0028 -1.0000
vn -0.0000 -0.0007 -1.0000
vn -0.0002 -0.0000 -1.0000
vn 0.0001 0.0003 -1.0000
vn 0.0033 -0.0017 -1.0000
vn -0.0000 0.0017 -1.0000
vn 0.0008 0.0018 -1.0000
vn -0.0010 -0.0011 -1.0000
vn -0.0000 0.0010 -1.0000
vn 0.0002 -0.0000 -1.0000
vn 0.0006 0.0016 -1.0000
vn -0.0001 -0.0000 -1.0000
vn -0.0010 -0.0017 -1.0000
vn -0.0008 -0.0005 -1.0000
vn -0.0000 0.0019 -1.0000
vn -0.0006 -0.0000 -1.0000
vn 0.0003 -0.0000 -1.0000
vn -0.0010 -0.0005 -1.0000
vn 0.0011 0.0006 -1.0000
vn 0.0006 -0.0000 -1.0000
vn 0.0016 -0.0000 -1.0000
vn -0.0014 -0.0000 -1.0000
vn -0.0000 -0.0017 -1.0000
vt 0.150888 0.000000
vt 0.151381 0.000000
vt 0.097140 0.000000
vt 0.150394 0.000000
vt 0.149901 0.000000
vt 0.149408 0.000000
vt 0.148915 0.000000
vt 0.147929 0.000000
vt 0.097633 0.000000
vt 0.148422 0.000000
vt 0.147436 0.000000
vt 0.146943 0.000000
vt 0.146450 0.000000
vt 0.145957 0.000000
vt 0.145464 0.000000
vt 0.144970 0.000000
vt 0.098126 0.000000
vt 0.144477 0.000000
vt 0.143984 0.000000
vt 0.142998 0.000000
vt 0.098619 0.000000
vt 0.143491 0.000000
vt 0.142505 0.000000
vt 0.142012 0.000000
vt 0.141519 0.000000
vt 0.141026 0.000000
vt 0.140533 0.000000
vt 0.140039 0.000000
vt 0.139546 0.000000
vt 0.099112 0.000000
vt 0.139053 0.000000
vt 0.138560 0.000000
vt 0.138067 0.000000
vt 0.137574 0.000000
vt 0.099606 0.000000
vt 0.137081 0.000000
vt 0.136588 0.000000
vt 0.136095 0.000000
vt 0.135602 0.000000
vt 0.135108 0.000000
vt 0.100099 0.000000
vt 0.134615 0.000000
vt 0.134122 0.000000
vt 0.133629 0.000000
vt 0.133136 0.000000
vt 0.100592 0.000000
vt 0.132643 0.000000
vt 0.132150 0.000000
vt 0.101085 0.000000
vt 0.131657 0.000000
vt 0.131164 0.000000
vt 0.130671 0.000000
vt 0.124753 0.000000
vt 0.124260 0.000000
vt 0.122781 0.000000
vt 0.123767 0.000000
vt 0.123274 0.000000
vt 0.121795 0.000000
vt 0.122288 0.000000
vt 0.120809 0.000000
vt 0.121302 0.000000
vt 0.119822 0.000000
vt 0.120316 0.000000
vt 0.119329 0.000000
vt 0.118836 0.000000
vt 0.112919 0.000000
vt 0.107002 0.000000
vt 0.112426 0.000000
vt 0.022682 0.000000
vt 0.023669 0.000000
vt 0.018738 0.000000
vt 0.021696 0.000000
vt 0.020710 0.000000
vt 0.019724 0.000000
vt 0.006410 0.000000
vt 0.007396 0.000000
vt 0.011341 0.000000
vt 0.024148 0.000000
vt 0.004931 0.000000
vt 0.023176 0.000000
vt 0.022189 0.000000
vt 0.021203 0.000000
vt 0.020217 0.000000
vt 0.019231 0.000000
vt 0.018245 0.000000
vt 0.017751 0.000000
vt 0.011834 0.000000
vt 0.005917 0.000000
vt 0.010355 0.000000
vt 0.010848 0.000000
vt 0.009862 0.000000
vt 0.009369 0.000000
vt 0.008876 0.000000
vt 0.008383 0.000000
vt 0.007890 0.000000
vt 0.006903 0.000000
vt 0.984375 1.000000
vt 0.984375 0.000000
vt 0.968750 0.000000
vt 0.968750 1.000000
vt 0.953125 0.000000
vt 0.953125 1.000000
vt 0.937500 0.000000
vt 0.937500 1.000000
vt 0.921875 0.000000
vt 0.921875 1.000000
vt 0.906250 0.000000
vt 0.906250 1.000000
vt 0.890625 0.000000
vt 0.890625 1.000000
vt 0.875000 0.000000
vt 0.875000 1.000000
vt 0.859375 0.000000
vt 0.859375 1.000000
vt 0.843750 0.000000
vt 0.843750 1.000000
vt 0.828125 0.000000
vt 0.828125 1.000000
vt 0.812500 0.000000
vt 0.812500 1.000000
vt 0.796875 0.000000
vt 0.796875 1.000000
vt 0.671875 0.000000
vt 0.671875 1.000000
vt 0.656250 0.000000
vt 0.656250 1.000000
vt 0.640625 0.000000
vt 0.640625 1.000000
vt 0.625000 0.000000
vt 0.625000 1.000000
vt 0.609375 0.000000
vt 0.609375 1.000000
vt 0.593750 0.000000
vt 0.593750 1.000000
vt 0.578125 0.000000
vt 0.578125 1.000000
vt 0.562500 0.000000
vt 0.562500 1.000000
vt 0.546875 0.000000
vt 0.531250 1.000000
vt 0.546875 1.000000
vt 0.531250 0.000000
vt 0.515625 0.000000
vt 0.515625 1.000000
vt 0.500000 0.000000
vt 0.500000 1.000000
vt 0.484375 0.000000
vt 0.484375 1.000000
vt 0.468750 0.000000
vt 0.468750 1.000000
vt 0.453125 0.000000
vt 0.437500 1.000000
vt 0.453125 1.000000
vt 0.437500 0.000000
vt 0.421875 0.000000
vt 0.421875 1.000000
vt 0.406250 0.000000
vt 0.406250 1.000000
vt 0.390625 0.000000
vt 0.390625 1.000000
vt 0.375000 0.000000
vt 0.359375 1.000000
vt 0.375000 1.000000
vt 0.359375 0.000000
vt 0.343750 0.000000
vt 0.343750 1.000000
vt 0.328125 0.000000
vt 0.328125 1.000000
vt 0.312500 0.000000
vt 0.312500 1.000000
vt 0.296875 0.000000
vt 0.296875 1.000000
vt 0.171875 0.000000
vt 0.171875 1.000000
vt 0.156250 0.000000
vt 0.156250 1.000000
vt 0.140625 0.000000
vt 0.140625 1.000000
vt 0.125000 0.000000
vt 0.125000 1.000000
vt 0.109375 0.000000
vt 0.109375 1.000000
vt 0.093750 0.000000
vt 0.093750 1.000000
vt 0.078125 0.000000
vt 0.078125 1.000000
vt 0.062500 0.000000
vt 0.062500 1.000000
vt 0.046875 0.000000
vt 0.046875 1.000000
vt 0.031250 0.000000
vt 0.031250 1.000000
vt 0.015625 0.000000
vt 0.015625 1.000000
vt 0.000000 0.000000
vt 1.000000 1.000000
vt 1.000000 0.000000
vt 0.989583 0.000000
vt 0.864583 0.000000
vt 0.864583 1.000000
vt 0.854167 0.000000
vt 0.854167 1.000000
vt 0.833333 0.000000
vt 0.833333 1.000000
vt 0.822917 0.000000
vt 0.822917 1.000000
vt 0.802083 0.000000
vt 0.802083 1.000000
vt 0.791667 0.000000
vt 0.791667 1.000000
vt 0.781250 0.000000
vt 0.781250 1.000000
vt 0.770833 0.000000
vt 0.770833 1.000000
vt 0.760417 0.000000
vt 0.760417 1.000000
vt 0.750000 0.000000
vt 0.750000 1.000000
vt 0.739583 0.000000
vt 0.739583 1.000000
vt 0.614583 0.000000
vt 0.614583 1.000000
vt 0.604167 0.000000
vt 0.604167 1.000000
vt 0.583333 0.000000
vt 0.583333 1.000000
vt 0.572917 0.000000
vt 0.572917 1.000000
vt 0.552083 0.000000
vt 0.552083 1.000000
vt 0.541667 0.000000
vt 0.541667 1.000000
vt 0.520833 1.000000
vt 0.520833 0.000000
vt 0.510417 0.000000
vt 0.510417 1.000000
vt 0.489583 1.000000
vt 0.489583 0.000000
vt 0.364583 0.000000
vt 0.364583 1.000000
vt 0.354167 0.000000
vt 0.354167 1.000000
vt 0.333333 1.000000
vt 0.322917 1.000000
vt 0.333333 0.000000
vt 0.322917 0.000000
vt 0.302083 0.000000
vt 0.302083 1.000000
vt 0.291667 0.000000
vt 0.291667 1.000000
vt 0.281250 0.000000
vt 0.281250 1.000000
vt 0.270833 0.000000
vt 0.270833 1.000000
vt 0.260417 0.000000
vt 0.260417 1.000000
vt 0.250000 0.000000
vt 0.239583 1.000000
vt 0.250000 1.000000
vt 0.239583 0.000000
vt 0.114583 0.000000
vt 0.197917 1.000000
vt 0.930966 0.000000
vt 0.927022 0.000000
vt 0.978304 0.000000
vt 0.974359 0.000000
vt 0.114583 1.000000
vt 0.104167 0.000000
vt 0.104167 1.000000
vt 0.083333 0.000000
vt 0.083333 1.000000
vt 0.072917 0.000000
vt 0.072917 1.000000
vt 0.052083 0.000000
vt 0.052083 1.000000
vt 0.041667 0.000000
vt 0.041667 1.000000
vt 0.020833 0.000000
vt 0.020833 1.000000
vt 0.010417 0.000000
vt 0.947239 0.000000
vt 0.996055 0.000000
vt 0.995562 0.000000
vt 0.946253 0.000000
vt 0.997041 0.000000
vt 0.996548 0.000000
vt 0.987673 0.000000
vt 0.987179 0.000000
vt 0.961045 0.000000
vt 0.986686 0.000000
vt 0.945266 0.000000
vt 0.998521 0.000000
vt 0.998028 0.000000
vt 0.999014 0.000000
vt 0.986193 0.000000
vt 0.961538 0.000000
vt 0.984714 0.000000
vt 0.962525 0.000000
vt 0.985207 0.000000
vt 0.984221 0.000000
vt 0.971400 0.000000
vt 0.970907 0.000000
vt 0.937870 0.000000
vt 0.981755 0.000000
vt 0.981262 0.000000
vt 0.922091 0.000000
vt 0.972387 0.000000
vt 0.971893 0.000000
vt 0.936884 0.000000
vt 0.970414 0.000000
vt 0.945759 0.000000
vt 0.997535 0.000000
vt 0.959566 0.000000
vt 0.988659 0.000000
vt 0.988166 0.000000
vt 0.925049 0.000000
vt 0.979783 0.000000
vt 0.979290 0.000000
vt 0.980769 0.000000
vt 0.922584 0.000000
vt 0.923077 0.000000
vt 0.980276 0.000000
vt 0.921598 0.000000
vt 0.982742 0.000000
vt 0.982249 0.000000
vt 0.983728 0.000000
vt 0.968442 0.000000
vt 0.985700 0.000000
vt 0.962032 0.000000
vt 0.983235 0.000000
vt 0.958580 0.000000
vt 0.989152 0.000000
vt 0.956608 0.000000
vt 0.990138 0.000000
vt 0.989645 0.000000
vt 0.957594 0.000000
vt 0.950690 0.000000
vt 0.994083 0.000000
vt 0.950197 0.000000
vt 0.994576 0.000000
vt 0.946746 0.000000
vt 0.938856 0.000000
vt 0.968935 0.000000
vt 0.944773 0.000000
vt 0.999507 0.000000
vt 0.937377 0.000000
vt 0.969921 0.000000
vt 0.938363 0.000000
vt 0.972880 0.000000
vt 0.935404 0.000000
vt 0.973373 0.000000
vt 0.936391 0.000000
vt 0.973866 0.000000
vt 0.932939 0.000000
vt 0.933432 0.000000
vt 0.933925 0.000000
vt 0.934418 0.000000
vt 0.934911 0.000000
vt 0.935897 0.000000
vt 0.969428 0.000000
vt 0.947732 0.000000
vt 0.949211 0.000000
vt 0.995069 0.000000
vt 0.948225 0.000000
vt 0.948718 0.000000
vt 0.949704 0.000000
vt 0.957101 0.000000
vt 0.958087 0.000000
vt 0.959073 0.000000
vt 0.960059 0.000000
vt 0.960552 0.000000
vt 0.923570 0.000000
vt 0.924063 0.000000
vt 0.924556 0.000000
vt 0.925542 0.000000
vt 0.926036 0.000000
vt 0.926529 0.000000
vt 0.978797 0.000000
vt 0.010417 1.000000
vt 0.894970 0.000000
vt 0.894477 0.000000
vt 0.854536 0.000000
vt 0.853550 0.000000
vt 0.854043 0.000000
vt 0.893984 0.000000
vt 0.895464 0.000000
vt 0.229167 1.000000
vt 0.916174 0.000000
vt 0.915681 0.000000
vt 0.870316 0.000000
vt 0.869329 0.000000
vt 0.916667 0.000000
vt 0.907791 0.000000
vt 0.907298 0.000000
vt 0.882643 0.000000
vt 0.867850 0.000000
vt 0.917653 0.000000
vt 0.917160 0.000000
vt 0.906805 0.000000
vt 0.883136 0.000000
vt 0.906312 0.000000
vt 0.866864 0.000000
vt 0.919132 0.000000
vt 0.918639 0.000000
vt 0.904832 0.000000
vt 0.889546 0.000000
vt 0.905326 0.000000
vt 0.902860 0.000000
vt 0.902367 0.000000
vt 0.843195 0.000000
vt 0.901381 0.000000
vt 0.900888 0.000000
vt 0.845168 0.000000
vt 0.892505 0.000000
vt 0.892012 0.000000
vt 0.858974 0.000000
vt 0.892998 0.000000
vt 0.858481 0.000000
vt 0.865878 0.000000
vt 0.920612 0.000000
vt 0.920118 0.000000
vt 0.904339 0.000000
vt 0.903353 0.000000
vt 0.921105 0.000000
vt 0.891026 0.000000
vt 0.859467 0.000000
vt 0.891519 0.000000
vt 0.890533 0.000000
vt 0.857988 0.000000
vt 0.893491 0.000000
vt 0.866371 0.000000
vt 0.919625 0.000000
vt 0.918146 0.000000
vt 0.867357 0.000000
vt 0.868343 0.000000
vt 0.871795 0.000000
vt 0.915187 0.000000
vt 0.911243 0.000000
vt 0.910750 0.000000
vt 0.877712 0.000000
vt 0.910256 0.000000
vt 0.878698 0.000000
vt 0.909763 0.000000
vt 0.879684 0.000000
vt 0.908777 0.000000
vt 0.881657 0.000000
vt 0.909270 0.000000
vt 0.882150 0.000000
vt 0.908284 0.000000
vt 0.905819 0.000000
vt 0.883629 0.000000
vt 0.843688 0.000000
vt 0.901874 0.000000
vt 0.844181 0.000000
vt 0.899901 0.000000
vt 0.899408 0.000000
vt 0.848126 0.000000
vt 0.847140 0.000000
vt 0.900395 0.000000
vt 0.847633 0.000000
vt 0.846154 0.000000
vt 0.846647 0.000000
vt 0.845661 0.000000
vt 0.844675 0.000000
vt 0.842702 0.000000
vt 0.903846 0.000000
vt 0.881164 0.000000
vt 0.880671 0.000000
vt 0.880177 0.000000
vt 0.879191 0.000000
vt 0.878205 0.000000
vt 0.871302 0.000000
vt 0.870809 0.000000
vt 0.869823 0.000000
vt 0.868836 0.000000
vt 0.859961 0.000000
vt 0.890039 0.000000
vt 0.857495 0.000000
vt 0.857002 0.000000
vt 0.856509 0.000000
vt 0.856016 0.000000
vt 0.855523 0.000000
vt 0.855030 0.000000
vt 0.978261 1.000000
vt 0.989130 1.000000
vt 0.989130 0.000000
vt 0.978261 0.000000
vt 0.967391 0.000000
vt 0.967391 1.000000
vt 0.956522 0.000000
vt 0.956522 1.000000
vt 0.945652 0.000000
vt 0.945652 1.000000
vt 0.934783 0.000000
vt 0.923913 1.000000
vt 0.934783 1.000000
vt 0.923913 0.000000
vt 0.913043 0.000000
vt 0.913043 1.000000
vt 0.902174 0.000000
vt 0.902174 1.000000
vt 0.891304 0.000000
vt 0.891304 1.000000
vt 0.880435 0.000000
vt 0.880435 1.000000
vt 0.869565 0.000000
vt 0.869565 1.000000
vt 0.782609 0.000000
vt 0.782609 1.000000
vt 0.771739 0.000000
vt 0.771739 1.000000
vt 0.760870 0.000000
vt 0.760870 1.000000
vt 0.739130 0.000000
vt 0.739130 1.000000
vt 0.728261 0.000000
vt 0.728261 1.000000
vt 0.717391 0.000000
vt 0.717391 1.000000
vt 0.706522 0.000000
vt 0.706522 1.000000
vt 0.695652 0.000000
vt 0.695652 1.000000
vt 0.684783 0.000000
vt 0.673913 1.000000
vt 0.684783 1.000000
vt 0.673913 0.000000
vt 0.663043 0.000000
vt 0.663043 1.000000
vt 0.652174 0.000000
vt 0.521739 0.000000
vt 0.521739 1.000000
vt 0.608696 1.000000
vt 0.619565 1.000000
vt 0.652174 1.000000
vt 0.510870 0.000000
vt 0.510870 1.000000
vt 0.489130 0.000000
vt 0.489130 1.000000
vt 0.478261 0.000000
vt 0.478261 1.000000
vt 0.467391 0.000000
vt 0.467391 1.000000
vt 0.456522 0.000000
vt 0.456522 1.000000
vt 0.445652 0.000000
vt 0.445652 1.000000
vt 0.434783 0.000000
vt 0.434783 1.000000
vt 0.423913 0.000000
vt 0.423913 1.000000
vt 0.413043 0.000000
vt 0.413043 1.000000
vt 0.402174 0.000000
vt 0.402174 1.000000
vt 0.391304 0.000000
vt 0.391304 1.000000
vt 0.260870 0.000000
vt 0.260870 1.000000
vt 0.239130 0.000000
vt 0.239130 1.000000
vt 0.228261 0.000000
vt 0.217391 1.000000
vt 0.228261 1.000000
vt 0.217391 0.000000
vt 0.206522 0.000000
vt 0.206522 1.000000
vt 0.195652 0.000000
vt 0.195652 1.000000
vt 0.184783 0.000000
vt 0.184783 1.000000
vt 0.173913 0.000000
vt 0.173913 1.000000
vt 0.163043 0.000000
vt 0.163043 1.000000
vt 0.152174 0.000000
vt 0.152174 1.000000
vt 0.141304 0.000000
vt 0.141304 1.000000
vt 0.130435 0.000000
vt 0.130435 1.000000
vt 0.862069 1.000000
vt 0.862069 0.000000
vt 0.850575 0.000000
vt 0.850575 1.000000
vt 0.839080 0.000000
vt 0.839080 1.000000
vt 0.827586 0.000000
vt 0.827586 1.000000
vt 0.816092 0.000000
vt 0.816092 1.000000
vt 0.804598 0.000000
vt 0.793103 1.000000
vt 0.804598 1.000000
vt 0.793103 0.000000
vt 0.781609 0.000000
vt 0.781609 1.000000
vt 0.770115 0.000000
vt 0.770115 1.000000
vt 0.758621 0.000000
vt 0.747126 1.000000
vt 0.758621 1.000000
vt 0.747126 0.000000
vt 0.735632 0.000000
vt 0.735632 1.000000
vt 0.724138 0.000000
vt 0.724138 1.000000
vt 0.689655 0.000000
vt 0.620690 0.000000
vt 0.586207 1.000000
vt 0.655172 0.000000
vt 0.586207 0.000000
vt 0.574713 0.000000
vt 0.574713 1.000000
vt 0.563218 0.000000
vt 0.563218 1.000000
vt 0.551724 0.000000
vt 0.551724 1.000000
vt 0.540230 0.000000
vt 0.540230 1.000000
vt 0.528736 0.000000
vt 0.528736 1.000000
vt 0.517241 0.000000
vt 0.517241 1.000000
vt 0.505747 0.000000
vt 0.505747 1.000000
vt 0.494253 0.000000
vt 0.494253 1.000000
vt 0.482759 0.000000
vt 0.482759 1.000000
vt 0.471264 0.000000
vt 0.471264 1.000000
vt 0.459770 0.000000
vt 0.448276 1.000000
vt 0.459770 1.000000
vt 0.448276 0.000000
vt 0.436782 0.000000
vt 0.436782 1.000000
vt 0.425287 0.000000
vt 0.425287 1.000000
vt 0.287356 0.000000
vt 0.287356 1.000000
vt 0.275862 0.000000
vt 0.275862 1.000000
vt 0.264368 0.000000
vt 0.264368 1.000000
vt 0.252874 0.000000
vt 0.252874 1.000000
vt 0.241379 0.000000
vt 0.241379 1.000000
vt 0.229885 0.000000
vt 0.229885 1.000000
vt 0.218391 0.000000
vt 0.218391 1.000000
vt 0.206897 0.000000
vt 0.762821 0.000000
vt 0.825444 0.000000
vt 0.824951 0.000000
vt 0.206897 1.000000
vt 0.195402 0.000000
vt 0.195402 1.000000
vt 0.183908 0.000000
vt 0.183908 1.000000
vt 0.172414 0.000000
vt 0.172414 1.000000
vt 0.160920 0.000000
vt 0.160920 1.000000
vt 0.149425 0.000000
vt 0.149425 1.000000
vt 0.137931 0.000000
vt 0.137931 1.000000
vt 0.126437 0.000000
vt 0.126437 1.000000
vt 0.114943 0.000000
vt 0.114943 1.000000
vt 0.103448 0.000000
vt 0.103448 1.000000
vt 0.091954 0.000000
vt 0.091954 1.000000
vt 0.080460 0.000000
vt 0.080460 1.000000
vt 0.068966 0.000000
vt 0.068966 1.000000
vt 0.057471 0.000000
vt 0.045977 1.000000
vt 0.057471 1.000000
vt 0.045977 0.000000
vt 0.034483 0.000000
vt 0.034483 1.000000
vt 0.022989 0.000000
vt 0.022989 1.000000
vt 0.011494 0.000000
vt 0.839744 0.000000
vt 0.839251 0.000000
vt 0.786982 0.000000
vt 0.785996 0.000000
vt 0.840730 0.000000
vt 0.840237 0.000000
vt 0.838757 0.000000
vt 0.841223 0.000000
vt 0.838264 0.000000
vt 0.787968 0.000000
vt 0.785503 0.000000
vt 0.841716 0.000000
vt 0.842209 0.000000
vt 0.797337 0.000000
vt 0.837771 0.000000
vt 0.788955 0.000000
vt 0.805227 0.000000
vt 0.804734 0.000000
vt 0.779586 0.000000
vt 0.805720 0.000000
vt 0.806213 0.000000
vt 0.806706 0.000000
vt 0.773669 0.000000
vt 0.807199 0.000000
vt 0.830868 0.000000
vt 0.758383 0.000000
vt 0.831361 0.000000
vt 0.807692 0.000000
vt 0.808185 0.000000
vt 0.808679 0.000000
vt 0.809172 0.000000
vt 0.829882 0.000000
vt 0.759369 0.000000
vt 0.830375 0.000000
vt 0.815089 0.000000
vt 0.815582 0.000000
vt 0.828895 0.000000
vt 0.759862 0.000000
vt 0.829389 0.000000
vt 0.761834 0.000000
vt 0.761341 0.000000
vt 0.762327 0.000000
vt 0.826923 0.000000
vt 0.760355 0.000000
vt 0.773176 0.000000
vt 0.816075 0.000000
vt 0.827416 0.000000
vt 0.760848 0.000000
vt 0.832840 0.000000
vt 0.791420 0.000000
vt 0.836785 0.000000
vt 0.804241 0.000000
vt 0.777613 0.000000
vt 0.766765 0.000000
vt 0.816568 0.000000
vt 0.776627 0.000000
vt 0.775641 0.000000
vt 0.803748 0.000000
vt 0.803254 0.000000
vt 0.837278 0.000000
vt 0.755917 0.000000
vt 0.832347 0.000000
vt 0.831854 0.000000
vt 0.828402 0.000000
vt 0.827909 0.000000
vt 0.758876 0.000000
vt 0.757890 0.000000
vt 0.757396 0.000000
vt 0.756903 0.000000
vt 0.756410 0.000000
vt 0.755424 0.000000
vt 0.754931 0.000000
vt 0.754438 0.000000
vt 0.790927 0.000000
vt 0.790434 0.000000
vt 0.789448 0.000000
vt 0.789941 0.000000
vt 0.788462 0.000000
vt 0.787475 0.000000
vt 0.786489 0.000000
vt 0.779093 0.000000
vt 0.778600 0.000000
vt 0.778107 0.000000
vt 0.777120 0.000000
vt 0.776134 0.000000
vt 0.775148 0.000000
vt 0.774655 0.000000
vt 0.774162 0.000000
vt 0.817061 0.000000
vt 0.766272 0.000000
vt 0.817554 0.000000
vt 0.772682 0.000000
vt 0.765779 0.000000
vt 0.818047 0.000000
vt 0.765286 0.000000
vt 0.818540 0.000000
vt 0.764793 0.000000
vt 0.819034 0.000000
vt 0.764300 0.000000
vt 0.819527 0.000000
vt 0.763807 0.000000
vt 0.820020 0.000000
vt 0.763314 0.000000
vt 0.820513 0.000000
vt 0.821006 0.000000
vt 0.011494 1.000000
vt 0.980000 1.000000
vt 0.980000 0.000000
vt 0.960000 0.000000
vt 0.960000 1.000000
vt 0.940000 0.000000
vt 0.940000 1.000000
vt 0.920000 0.000000
vt 0.920000 1.000000
vt 0.900000 0.000000
vt 0.900000 1.000000
vt 0.880000 0.000000
vt 0.880000 1.000000
vt 0.860000 0.000000
vt 0.860000 1.000000
vt 0.840000 0.000000
vt 0.840000 1.000000
vt 0.820000 0.000000
vt 0.820000 1.000000
vt 0.800000 0.000000
vt 0.800000 1.000000
vt 0.780000 0.000000
vt 0.780000 1.000000
vt 0.760000 0.000000
vt 0.760000 1.000000
vt 0.740000 0.000000
vt 0.740000 1.000000
vt 0.720000 0.000000
vt 0.720000 1.000000
vt 0.480000 0.000000
vt 0.480000 1.000000
vt 0.460000 0.000000
vt 0.460000 1.000000
vt 0.440000 0.000000
vt 0.440000 1.000000
vt 0.420000 0.000000
vt 0.420000 1.000000
vt 0.400000 0.000000
vt 0.400000 1.000000
vt 0.380000 0.000000
vt 0.360000 1.000000
vt 0.380000 1.000000
vt 0.360000 0.000000
vt 0.340000 0.000000
vt 0.340000 1.000000
vt 0.320000 0.000000
vt 0.300000 1.000000
vt 0.320000 1.000000
vt 0.300000 0.000000
vt 0.280000 0.000000
vt 0.280000 1.000000
vt 0.260000 0.000000
vt 0.260000 1.000000
vt 0.240000 0.000000
vt 0.741124 0.000000
vt 0.740138 0.000000
vt 0.736193 0.000000
vt 0.749507 0.000000
vt 0.748521 0.000000
vt 0.753452 0.000000
vt 0.751479 0.000000
vt 0.750493 0.000000
vt 0.738166 0.000000
vt 0.738659 0.000000
vt 0.739152 0.000000
vt 0.739645 0.000000
vt 0.740631 0.000000
vt 0.747535 0.000000
vt 0.741617 0.000000
vt 0.734221 0.000000
vt 0.748028 0.000000
vt 0.749014 0.000000
vt 0.750000 0.000000
vt 0.750986 0.000000
vt 0.751972 0.000000
vt 0.752465 0.000000
vt 0.752959 0.000000
vt 0.753945 0.000000
vt 0.735700 0.000000
vt 0.737179 0.000000
vt 0.736686 0.000000
vt 0.737673 0.000000
vt 0.120000 0.000000
vt 0.180000 1.000000
vt 0.240000 1.000000
vt 0.120000 1.000000
vt 0.040000 0.000000
vt 0.060000 1.000000
vt 0.000000 1.000000
vt 0.947917 0.000000
vt 0.947917 1.000000
vt 0.895833 0.000000
vt 0.989583 1.000000
vt 0.699704 0.000000
vt 0.699211 0.000000
vt 0.706114 0.000000
vt 0.696746 0.000000
vt 0.693787 0.000000
vt 0.698718 0.000000
vt 0.694773 0.000000
vt 0.707101 0.000000
vt 0.711045 0.000000
vt 0.708087 0.000000
vt 0.709073 0.000000
vt 0.720414 0.000000
vt 0.717456 0.000000
vt 0.722880 0.000000
vt 0.718442 0.000000
vt 0.687870 0.000000
vt 0.686391 0.000000
vt 0.682446 0.000000
vt 0.694280 0.000000
vt 0.695266 0.000000
vt 0.695759 0.000000
vt 0.696253 0.000000
vt 0.697239 0.000000
vt 0.697732 0.000000
vt 0.698225 0.000000
vt 0.727318 0.000000
vt 0.706608 0.000000
vt 0.707594 0.000000
vt 0.708580 0.000000
vt 0.709566 0.000000
vt 0.710059 0.000000
vt 0.710552 0.000000
vt 0.711538 0.000000
vt 0.717949 0.000000
vt 0.719428 0.000000
vt 0.718935 0.000000
vt 0.719921 0.000000
vt 0.720907 0.000000
vt 0.722387 0.000000
vt 0.721400 0.000000
vt 0.721893 0.000000
vt 0.729290 0.000000
vt 0.683432 0.000000
vt 0.682939 0.000000
vt 0.683925 0.000000
vt 0.684418 0.000000
vt 0.684911 0.000000
vt 0.685404 0.000000
vt 0.685897 0.000000
vt 0.687377 0.000000
vt 0.686884 0.000000
vt 0.966667 1.000000
vt 0.983333 1.000000
vt 0.983333 0.000000
vt 0.966667 0.000000
vt 0.950000 0.000000
vt 0.950000 1.000000
vt 0.933333 0.000000
vt 0.933333 1.000000
vt 0.916667 1.000000
vt 0.883333 1.000000
vt 0.883333 0.000000
vt 0.866667 0.000000
vt 0.866667 1.000000
vt 0.850000 0.000000
vt 0.850000 1.000000
vt 0.816667 0.000000
vt 0.816667 1.000000
vt 0.783333 1.000000
vt 0.600000 0.000000
vt 0.600000 1.000000
vt 0.566667 0.000000
vt 0.566667 1.000000
vt 0.550000 0.000000
vt 0.550000 1.000000
vt 0.533333 0.000000
vt 0.533333 1.000000
vt 0.516667 0.000000
vt 0.516667 1.000000
vt 0.483333 0.000000
vt 0.483333 1.000000
vt 0.466667 0.000000
vt 0.466667 1.000000
vt 0.450000 0.000000
vt 0.450000 1.000000
vt 0.433333 0.000000
vt 0.433333 1.000000
vt 0.416667 0.000000
vt 0.416667 1.000000
vt 0.383333 0.000000
vt 0.383333 1.000000
vt 0.366667 0.000000
vt 0.366667 1.000000
vt 0.350000 0.000000
vt 0.350000 1.000000
vt 0.316667 1.000000
vt 0.316667 0.000000
vt 0.283333 0.000000
vt 0.283333 1.000000
vt 0.266667 0.000000
vt 0.266667 1.000000
vt 0.233333 0.000000
vt 0.216667 1.000000
vt 0.233333 1.000000
vt 0.216667 0.000000
vt 0.200000 0.000000
vt 0.200000 1.000000
vt 0.183333 0.000000
vt 0.183333 1.000000
vt 0.166667 0.000000
vt 0.166667 1.000000
vt 0.150000 0.000000
vt 0.133333 1.000000
vt 0.150000 1.000000
vt 0.133333 0.000000
vt 0.116667 0.000000
vt 0.116667 1.000000
vt 0.100000 0.000000
vt 0.100000 1.000000
vt 0.066667 0.000000
vt 0.066667 1.000000
vt 0.050000 0.000000
vt 0.050000 1.000000
vt 0.033333 0.000000
vt 0.033333 1.000000
vt 0.016667 0.000000
vt 0.016667 1.000000
vt 0.935484 1.000000
vt 0.935484 0.000000
vt 0.930108 0.000000
vt 0.930108 1.000000
vt 0.924731 0.000000
vt 0.924731 1.000000
vt 0.919355 0.000000
vt 0.919355 1.000000
vt 0.913979 0.000000
vt 0.913979 1.000000
vt 0.908602 0.000000
vt 0.908602 1.000000
vt 0.903226 0.000000
vt 0.903226 1.000000
vt 0.897849 0.000000
vt 0.897849 1.000000
vt 0.892473 0.000000
vt 0.892473 1.000000
vt 0.887097 0.000000
vt 0.887097 1.000000
vt 0.881720 0.000000
vt 0.881720 1.000000
vt 0.876344 0.000000
vt 0.876344 1.000000
vt 0.870968 0.000000
vt 0.870968 1.000000
vt 0.865591 0.000000
vt 0.865591 1.000000
vt 0.860215 0.000000
vt 0.860215 1.000000
vt 0.854839 0.000000
vt 0.854839 1.000000
vt 0.849462 0.000000
vt 0.844086 1.000000
vt 0.849462 1.000000
vt 0.844086 0.000000
vt 0.838710 0.000000
vt 0.838710 1.000000
vt 0.827957 0.000000
vt 0.827957 1.000000
vt 0.822581 0.000000
vt 0.822581 1.000000
vt 0.817204 0.000000
vt 0.817204 1.000000
vt 0.811828 0.000000
vt 0.811828 1.000000
vt 0.806452 0.000000
vt 0.801075 1.000000
vt 0.806452 1.000000
vt 0.801075 0.000000
vt 0.795699 0.000000
vt 0.795699 1.000000
vt 0.790323 0.000000
vt 0.790323 1.000000
vt 0.784946 0.000000
vt 0.784946 1.000000
vt 0.779570 0.000000
vt 0.779570 1.000000
vt 0.774194 0.000000
vt 0.768817 1.000000
vt 0.774194 1.000000
vt 0.763441 1.000000
vt 0.768817 0.000000
vt 0.763441 0.000000
vt 0.758065 0.000000
vt 0.758065 1.000000
vt 0.752688 0.000000
vt 0.752688 1.000000
vt 0.747312 0.000000
vt 0.747312 1.000000
vt 0.741935 0.000000
vt 0.741935 1.000000
vt 0.736559 0.000000
vt 0.736559 1.000000
vt 0.731183 0.000000
vt 0.731183 1.000000
vt 0.725806 0.000000
vt 0.725806 1.000000
vt 0.720430 0.000000
vt 0.720430 1.000000
vt 0.715054 0.000000
vt 0.715054 1.000000
vt 0.709677 0.000000
vt 0.709677 1.000000
vt 0.704301 0.000000
vt 0.704301 1.000000
vt 0.698925 0.000000
vt 0.698925 1.000000
vt 0.693548 0.000000
vt 0.693548 1.000000
vt 0.688172 0.000000
vt 0.688172 1.000000
vt 0.682796 0.000000
vt 0.682796 1.000000
vt 0.677419 0.000000
vt 0.612903 0.000000
vt 0.612903 1.000000
vt 0.607527 0.000000
vt 0.607527 1.000000
vt 0.602151 0.000000
vt 0.602151 1.000000
vt 0.596774 0.000000
vt 0.596774 1.000000
vt 0.591398 0.000000
vt 0.591398 1.000000
vt 0.586021 0.000000
vt 0.586021 1.000000
vt 0.580645 0.000000
vt 0.580645 1.000000
vt 0.575269 0.000000
vt 0.575269 1.000000
vt 0.569892 0.000000
vt 0.569892 1.000000
vt 0.564516 0.000000
vt 0.564516 1.000000
vt 0.559140 0.000000
vt 0.559140 1.000000
vt 0.553763 0.000000
vt 0.553763 1.000000
vt 0.548387 0.000000
vt 0.548387 1.000000
vt 0.483871 0.000000
vt 0.483871 1.000000
vt 0.478495 0.000000
vt 0.478495 1.000000
vt 0.473118 0.000000
vt 0.473118 1.000000
vt 0.467742 0.000000
vt 0.467742 1.000000
vt 0.462366 0.000000
vt 0.456989 1.000000
vt 0.462366 1.000000
vt 0.456989 0.000000
vt 0.451613 0.000000
vt 0.451613 1.000000
vt 0.446237 0.000000
vt 0.446237 1.000000
vt 0.440860 0.000000
vt 0.440860 1.000000
vt 0.435484 0.000000
vt 0.430108 1.000000
vt 0.435484 1.000000
vt 0.430108 0.000000
vt 0.424731 0.000000
vt 0.424731 1.000000
vt 0.419355 0.000000
vt 0.419355 1.000000
vt 0.354839 0.000000
vt 0.354839 1.000000
vt 0.349462 0.000000
vt 0.349462 1.000000
vt 0.344086 0.000000
vt 0.344086 1.000000
vt 0.338710 0.000000
vt 0.338710 1.000000
vt 0.327957 0.000000
vt 0.327957 1.000000
vt 0.322581 0.000000
vt 0.322581 1.000000
vt 0.317204 0.000000
vt 0.317204 1.000000
vt 0.311828 0.000000
vt 0.311828 1.000000
vt 0.306452 0.000000
vt 0.306452 1.000000
vt 0.301075 0.000000
vt 0.590237 0.000000
vt 0.665681 0.000000
vt 0.665187 0.000000
vt 0.664694 0.000000
vt 0.664201 0.000000
vt 0.589744 0.000000
vt 0.666174 0.000000
vt 0.663708 0.000000
vt 0.663215 0.000000
vt 0.662722 0.000000
vt 0.662229 0.000000
vt 0.588757 0.000000
vt 0.666667 0.000000
vt 0.661736 0.000000
vt 0.661243 0.000000
vt 0.588264 0.000000
vt 0.667160 0.000000
vt 0.660750 0.000000
vt 0.660256 0.000000
vt 0.669625 0.000000
vt 0.669132 0.000000
vt 0.670118 0.000000
vt 0.659763 0.000000
vt 0.659270 0.000000
vt 0.668639 0.000000
vt 0.668146 0.000000
vt 0.667653 0.000000
vt 0.670612 0.000000
vt 0.676036 0.000000
vt 0.589251 0.000000
vt 0.658777 0.000000
vt 0.301075 1.000000
vt 0.295699 0.000000
vt 0.295699 1.000000
vt 0.290323 0.000000
vt 0.290323 1.000000
vt 0.225806 0.000000
vt 0.225806 1.000000
vt 0.220430 0.000000
vt 0.220430 1.000000
vt 0.215054 0.000000
vt 0.215054 1.000000
vt 0.209677 0.000000
vt 0.209677 1.000000
vt 0.204301 0.000000
vt 0.204301 1.000000
vt 0.198925 0.000000
vt 0.198925 1.000000
vt 0.193548 0.000000
vt 0.193548 1.000000
vt 0.188172 0.000000
vt 0.188172 1.000000
vt 0.182796 0.000000
vt 0.182796 1.000000
vt 0.177419 0.000000
vt 0.177419 1.000000
vt 0.172043 0.000000
vt 0.172043 1.000000
vt 0.161290 0.000000
vt 0.096774 0.000000
vt 0.096774 1.000000
vt 0.091398 0.000000
vt 0.091398 1.000000
vt 0.086022 0.000000
vt 0.086022 1.000000
vt 0.080645 0.000000
vt 0.080645 1.000000
vt 0.075269 0.000000
vt 0.075269 1.000000
vt 0.069892 0.000000
vt 0.069892 1.000000
vt 0.064516 0.000000
vt 0.064516 1.000000
vt 0.059140 0.000000
vt 0.059140 1.000000
vt 0.053763 0.000000
vt 0.053763 1.000000
vt 0.048387 0.000000
vt 0.048387 1.000000
vt 0.043011 0.000000
vt 0.043011 1.000000
vt 0.037634 0.000000
vt 0.037634 1.000000
vt 0.032258 0.000000
vt 0.032258 1.000000
vt 0.026882 0.000000
vt 0.026882 1.000000
vt 0.021505 0.000000
vt 0.021505 1.000000
vt 0.016129 0.000000
vt 0.016129 1.000000
vt 0.010753 0.000000
vt 0.010753 1.000000
vt 0.005376 0.000000
vt 0.005376 1.000000
vt 0.628698 0.000000
vt 0.628205 0.000000
vt 0.581361 0.000000
vt 0.627712 0.000000
vt 0.581854 0.000000
vt 0.578402 0.000000
vt 0.630671 0.000000
vt 0.630177 0.000000
vt 0.627219 0.000000
vt 0.626726 0.000000
vt 0.577909 0.000000
vt 0.631164 0.000000
vt 0.576923 0.000000
vt 0.632150 0.000000
vt 0.631657 0.000000
vt 0.632643 0.000000
vt 0.626233 0.000000
vt 0.625740 0.000000
vt 0.576430 0.000000
vt 0.633629 0.000000
vt 0.633136 0.000000
vt 0.625247 0.000000
vt 0.634122 0.000000
vt 0.624260 0.000000
vt 0.623767 0.000000
vt 0.677022 0.000000
vt 0.677515 0.000000
vt 0.679487 0.000000
vt 0.678994 0.000000
vt 0.617357 0.000000
vt 0.679980 0.000000
vt 0.605030 0.000000
vt 0.604536 0.000000
vt 0.680473 0.000000
vt 0.680967 0.000000
vt 0.681460 0.000000
vt 0.637081 0.000000
vt 0.636588 0.000000
vt 0.569527 0.000000
vt 0.653846 0.000000
vt 0.653353 0.000000
vt 0.601578 0.000000
vt 0.654339 0.000000
vt 0.601085 0.000000
vt 0.654832 0.000000
vt 0.638560 0.000000
vt 0.638067 0.000000
vt 0.569034 0.000000
vt 0.600592 0.000000
vt 0.655326 0.000000
vt 0.639053 0.000000
vt 0.655819 0.000000
vt 0.639546 0.000000
vt 0.568540 0.000000
vt 0.646943 0.000000
vt 0.640533 0.000000
vt 0.656312 0.000000
vt 0.600099 0.000000
vt 0.656805 0.000000
vt 0.623274 0.000000
vt 0.657298 0.000000
vt 0.678008 0.000000
vt 0.657791 0.000000
vt 0.681953 0.000000
vt 0.602564 0.000000
vt 0.652860 0.000000
vt 0.611933 0.000000
vt 0.615878 0.000000
vt 0.613905 0.000000
vt 0.605523 0.000000
vt 0.616864 0.000000
vt 0.678501 0.000000
vt 0.616371 0.000000
vt 0.615385 0.000000
vt 0.614892 0.000000
vt 0.614398 0.000000
vt 0.613412 0.000000
vt 0.612919 0.000000
vt 0.612426 0.000000
vt 0.611440 0.000000
vt 0.604043 0.000000
vt 0.603550 0.000000
vt 0.603057 0.000000
vt 0.602071 0.000000
vt 0.599606 0.000000
vt 0.658284 0.000000
vt 0.593688 0.000000
vt 0.593195 0.000000
vt 0.592702 0.000000
vt 0.592209 0.000000
vt 0.591716 0.000000
vt 0.591223 0.000000
vt 0.590730 0.000000
vt 0.676529 0.000000
vt 0.641026 0.000000
vt 0.636095 0.000000
vt 0.640039 0.000000
vt 0.575937 0.000000
vt 0.634615 0.000000
vt 0.629684 0.000000
vt 0.578895 0.000000
vt 0.624754 0.000000
vt 0.587771 0.000000
vt 0.580868 0.000000
vt 0.629191 0.000000
vt 0.579389 0.000000
vt 0.580375 0.000000
vt 0.579882 0.000000
vt 0.577416 0.000000
vt 0.635108 0.000000
vt 0.637574 0.000000
vt 0.635602 0.000000
vt 0.570020 0.000000
vt 0.641519 0.000000
vt 0.642012 0.000000
vt 0.642505 0.000000
vt 0.642998 0.000000
vt 0.643491 0.000000
vt 0.643984 0.000000
vt 0.644477 0.000000
vt 0.644970 0.000000
vt 0.645464 0.000000
vt 0.646450 0.000000
vt 0.645957 0.000000
vt 0.561144 0.000000
vt 0.565089 0.000000
vt 0.562130 0.000000
vt 0.561637 0.000000
vt 0.562623 0.000000
vt 0.564103 0.000000
vt 0.563116 0.000000
vt 0.563609 0.000000
vt 0.564596 0.000000
vt 0.565582 0.000000
vt 0.566075 0.000000
vt 0.566568 0.000000
vt 0.567061 0.000000
vt 0.567554 0.000000
vt 0.568047 0.000000
vt 0.978495 0.000000
vt 0.962366 0.000000
vt 0.955056 1.000000
vt 0.955056 0.000000
vt 0.951311 0.000000
vt 0.951311 1.000000
vt 0.947566 0.000000
vt 0.947566 1.000000
vt 0.943820 0.000000
vt 0.943820 1.000000
vt 0.940075 0.000000
vt 0.940075 1.000000
vt 0.936330 0.000000
vt 0.936330 1.000000
vt 0.932584 0.000000
vt 0.928839 1.000000
vt 0.932584 1.000000
vt 0.928839 0.000000
vt 0.925094 0.000000
vt 0.925094 1.000000
vt 0.921348 0.000000
vt 0.921348 1.000000
vt 0.917603 0.000000
vt 0.917603 1.000000
vt 0.913858 0.000000
vt 0.913858 1.000000
vt 0.910112 0.000000
vt 0.865169 1.000000
vt 0.910112 1.000000
vt 0.865169 0.000000
vt 0.861423 0.000000
vt 0.861423 1.000000
vt 0.857678 0.000000
vt 0.857678 1.000000
vt 0.853933 0.000000
vt 0.853933 1.000000
vt 0.850187 0.000000
vt 0.850187 1.000000
vt 0.846442 0.000000
vt 0.846442 1.000000
vt 0.842697 0.000000
vt 0.842697 1.000000
vt 0.838951 0.000000
vt 0.838951 1.000000
vt 0.835206 0.000000
vt 0.835206 1.000000
vt 0.831461 0.000000
vt 0.831461 1.000000
vt 0.827715 0.000000
vt 0.823970 1.000000
vt 0.823970 0.000000
vt 0.820225 0.000000
vt 0.827715 1.000000
vt 0.820225 1.000000
vt 0.816479 0.000000
vt 0.816479 1.000000
vt 0.771536 0.000000
vt 0.771536 1.000000
vt 0.767790 0.000000
vt 0.767790 1.000000
vt 0.764045 0.000000
vt 0.764045 1.000000
vt 0.760300 0.000000
vt 0.760300 1.000000
vt 0.756554 0.000000
vt 0.756554 1.000000
vt 0.752809 0.000000
vt 0.752809 1.000000
vt 0.749064 0.000000
vt 0.749064 1.000000
vt 0.745318 0.000000
vt 0.745318 1.000000
vt 0.741573 0.000000
vt 0.741573 1.000000
vt 0.737828 0.000000
vt 0.737828 1.000000
vt 0.734082 0.000000
vt 0.734082 1.000000
vt 0.730337 0.000000
vt 0.730337 1.000000
vt 0.726592 0.000000
vt 0.726592 1.000000
vt 0.707865 0.000000
vt 0.696629 0.000000
vt 0.685393 0.000000
vt 0.681648 0.000000
vt 0.681648 1.000000
vt 0.692884 1.000000
vt 0.696629 1.000000
vt 0.707865 1.000000
vt 0.719101 0.000000
vt 0.722846 1.000000
vt 0.677903 0.000000
vt 0.677903 1.000000
vt 0.674157 0.000000
vt 0.674157 1.000000
vt 0.670412 0.000000
vt 0.670412 1.000000
vt 0.666667 1.000000
vt 0.662921 0.000000
vt 0.662921 1.000000
vt 0.659176 0.000000
vt 0.655431 1.000000
vt 0.659176 1.000000
vt 0.655431 0.000000
vt 0.651685 0.000000
vt 0.651685 1.000000
vt 0.647940 0.000000
vt 0.647940 1.000000
vt 0.644195 0.000000
vt 0.644195 1.000000
vt 0.640449 0.000000
vt 0.640449 1.000000
vt 0.636704 0.000000
vt 0.636704 1.000000
vt 0.591760 0.000000
vt 0.591760 1.000000
vt 0.588015 0.000000
vt 0.588015 1.000000
vt 0.584270 0.000000
vt 0.584270 1.000000
vt 0.580524 0.000000
vt 0.580524 1.000000
vt 0.576779 0.000000
vt 0.576779 1.000000
vt 0.573034 0.000000
vt 0.573034 1.000000
vt 0.569288 0.000000
vt 0.565543 1.000000
vt 0.569288 1.000000
vt 0.565543 0.000000
vt 0.561798 0.000000
vt 0.561798 1.000000
vt 0.558052 0.000000
vt 0.558052 1.000000
vt 0.554307 0.000000
vt 0.554307 1.000000
vt 0.550562 0.000000
vt 0.550562 1.000000
vt 0.546816 0.000000
vt 0.531835 1.000000
vt 0.539326 0.000000
vt 0.524345 0.000000
vt 0.516854 1.000000
vt 0.501873 1.000000
vt 0.513109 0.000000
vt 0.501873 0.000000
vt 0.546816 1.000000
vt 0.499507 0.000000
vt 0.495069 0.000000
vt 0.501972 0.000000
vt 0.498127 1.000000
vt 0.498127 0.000000
vt 0.494382 0.000000
vt 0.490637 1.000000
vt 0.494382 1.000000
vt 0.490637 0.000000
vt 0.486891 0.000000
vt 0.486891 1.000000
vt 0.483146 0.000000
vt 0.483146 1.000000
vt 0.479401 0.000000
vt 0.479401 1.000000
vt 0.475655 0.000000
vt 0.475655 1.000000
vt 0.471910 0.000000
vt 0.471910 1.000000
vt 0.468165 0.000000
vt 0.468165 1.000000
vt 0.464419 0.000000
vt 0.464419 1.000000
vt 0.460674 0.000000
vt 0.460674 1.000000
vt 0.456929 0.000000
vt 0.411985 0.000000
vt 0.411985 1.000000
vt 0.408240 0.000000
vt 0.408240 1.000000
vt 0.404494 0.000000
vt 0.404494 1.000000
vt 0.400749 0.000000
vt 0.400749 1.000000
vt 0.397004 0.000000
vt 0.397004 1.000000
vt 0.393258 0.000000
vt 0.393258 1.000000
vt 0.389513 0.000000
vt 0.389513 1.000000
vt 0.385768 0.000000
vt 0.385768 1.000000
vt 0.382022 0.000000
vt 0.382022 1.000000
vt 0.378277 0.000000
vt 0.378277 1.000000
vt 0.374532 0.000000
vt 0.374532 1.000000
vt 0.370787 0.000000
vt 0.370787 1.000000
vt 0.367041 0.000000
vt 0.348315 1.000000
vt 0.363296 0.000000
vt 0.348315 0.000000
vt 0.337079 0.000000
vt 0.322097 1.000000
vt 0.322097 0.000000
vt 0.337079 1.000000
vt 0.355805 1.000000
vt 0.367041 1.000000
vt 0.491124 0.000000
vt 0.490138 0.000000
vt 0.503452 0.000000
vt 0.502465 0.000000
vt 0.506410 0.000000
vt 0.505424 0.000000
vt 0.504438 0.000000
vt 0.483728 0.000000
vt 0.513314 0.000000
vt 0.490631 0.000000
vt 0.492111 0.000000
vt 0.491617 0.000000
vt 0.492604 0.000000
vt 0.493097 0.000000
vt 0.493590 0.000000
vt 0.494083 0.000000
vt 0.494576 0.000000
vt 0.502959 0.000000
vt 0.503945 0.000000
vt 0.504931 0.000000
vt 0.505917 0.000000
vt 0.506903 0.000000
vt 0.507396 0.000000
vt 0.483235 0.000000
vt 0.489645 0.000000
vt 0.513807 0.000000
vt 0.482742 0.000000
vt 0.514300 0.000000
vt 0.482249 0.000000
vt 0.514793 0.000000
vt 0.515286 0.000000
vt 0.481755 0.000000
vt 0.481262 0.000000
vt 0.515779 0.000000
vt 0.516272 0.000000
vt 0.480769 0.000000
vt 0.516765 0.000000
vt 0.480276 0.000000
vt 0.479783 0.000000
vt 0.517258 0.000000
vt 0.479290 0.000000
vt 0.517751 0.000000
vt 0.478797 0.000000
vt 0.518245 0.000000
vt 0.518738 0.000000
vt 0.478304 0.000000
vt 0.477811 0.000000
vt 0.519231 0.000000
vt 0.471401 0.000000
vt 0.318352 0.000000
vt 0.318352 1.000000
vt 0.314607 0.000000
vt 0.314607 1.000000
vt 0.310861 0.000000
vt 0.310861 1.000000
vt 0.307116 0.000000
vt 0.307116 1.000000
vt 0.303371 0.000000
vt 0.303371 1.000000
vt 0.299625 0.000000
vt 0.295880 1.000000
vt 0.299625 1.000000
vt 0.295880 0.000000
vt 0.292135 0.000000
vt 0.292135 1.000000
vt 0.288390 0.000000
vt 0.284644 1.000000
vt 0.288390 1.000000
vt 0.284644 0.000000
vt 0.280899 0.000000
vt 0.280899 1.000000
vt 0.277154 0.000000
vt 0.277154 1.000000
vt 0.232210 0.000000
vt 0.232210 1.000000
vt 0.228464 0.000000
vt 0.228464 1.000000
vt 0.224719 0.000000
vt 0.224719 1.000000
vt 0.220974 0.000000
vt 0.217228 1.000000
vt 0.220974 1.000000
vt 0.217228 0.000000
vt 0.213483 0.000000
vt 0.213483 1.000000
vt 0.209738 0.000000
vt 0.209738 1.000000
vt 0.205993 0.000000
vt 0.205993 1.000000
vt 0.202247 0.000000
vt 0.202247 1.000000
vt 0.198502 0.000000
vt 0.198502 1.000000
vt 0.194757 0.000000
vt 0.194757 1.000000
vt 0.191011 0.000000
vt 0.168539 0.000000
vt 0.157303 0.000000
vt 0.183521 1.000000
vt 0.187266 1.000000
vt 0.187266 0.000000
vt 0.142322 1.000000
vt 0.146067 0.000000
vt 0.142322 0.000000
vt 0.454142 0.000000
vt 0.460059 0.000000
vt 0.457101 0.000000
vt 0.455128 0.000000
vt 0.459073 0.000000
vt 0.469428 0.000000
vt 0.468442 0.000000
vt 0.466469 0.000000
vt 0.470414 0.000000
vt 0.454060 0.000000
vt 0.465976 0.000000
vt 0.528107 0.000000
vt 0.527120 0.000000
vt 0.531065 0.000000
vt 0.529093 0.000000
vt 0.454635 0.000000
vt 0.456114 0.000000
vt 0.455621 0.000000
vt 0.456608 0.000000
vt 0.457594 0.000000
vt 0.458087 0.000000
vt 0.458580 0.000000
vt 0.459566 0.000000
vt 0.467456 0.000000
vt 0.466963 0.000000
vt 0.467949 0.000000
vt 0.468935 0.000000
vt 0.469921 0.000000
vt 0.470907 0.000000
vt 0.524655 0.000000
vt 0.525641 0.000000
vt 0.525148 0.000000
vt 0.526134 0.000000
vt 0.526627 0.000000
vt 0.527613 0.000000
vt 0.528600 0.000000
vt 0.530079 0.000000
vt 0.529586 0.000000
vt 0.530572 0.000000
vt 0.536982 0.000000
vt 0.191011 1.000000
vt 0.138577 0.000000
vt 0.138577 1.000000
vt 0.134831 0.000000
vt 0.134831 1.000000
vt 0.131086 0.000000
vt 0.131086 1.000000
vt 0.127341 0.000000
vt 0.127341 1.000000
vt 0.123596 0.000000
vt 0.123596 1.000000
vt 0.119850 0.000000
vt 0.119850 1.000000
vt 0.116105 0.000000
vt 0.112360 1.000000
vt 0.116105 1.000000
vt 0.112360 0.000000
vt 0.108614 0.000000
vt 0.104869 1.000000
vt 0.108614 1.000000
vt 0.104869 0.000000
vt 0.101124 0.000000
vt 0.101124 1.000000
vt 0.097378 0.000000
vt 0.097378 1.000000
vt 0.052434 0.000000
vt 0.052434 1.000000
vt 0.048689 0.000000
vt 0.048689 1.000000
vt 0.044944 0.000000
vt 0.044944 1.000000
vt 0.041199 0.000000
vt 0.041199 1.000000
vt 0.037453 0.000000
vt 0.037453 1.000000
vt 0.033708 0.000000
vt 0.033708 1.000000
vt 0.029963 0.000000
vt 0.029963 1.000000
vt 0.026217 0.000000
vt 0.026217 1.000000
vt 0.022472 0.000000
vt 0.022472 1.000000
vt 0.018727 0.000000
vt 0.018727 1.000000
vt 0.014981 0.000000
vt 0.011236 1.000000
vt 0.014981 1.000000
vt 0.011236 0.000000
vt 0.007491 0.000000
vt 0.007491 1.000000
vt 0.003745 0.000000
vt 0.003745 1.000000
vt 0.430473 0.000000
vt 0.553254 0.000000
vt 0.552761 0.000000
vt 0.553748 0.000000
vt 0.429980 0.000000
vt 0.554241 0.000000
vt 0.554734 0.000000
vt 0.551282 0.000000
vt 0.435897 0.000000
vt 0.549803 0.000000
vt 0.549310 0.000000
vt 0.436391 0.000000
vt 0.550789 0.000000
vt 0.551775 0.000000
vt 0.555227 0.000000
vt 0.429487 0.000000
vt 0.552268 0.000000
vt 0.430966 0.000000
vt 0.431460 0.000000
vt 0.435404 0.000000
vt 0.431953 0.000000
vt 0.434911 0.000000
vt 0.433432 0.000000
vt 0.432939 0.000000
vt 0.432446 0.000000
vt 0.433925 0.000000
vt 0.434418 0.000000
vt 0.550296 0.000000
vt 0.543393 0.000000
vt 0.442308 0.000000
vt 0.442801 0.000000
vt 0.542899 0.000000
vt 0.443294 0.000000
vt 0.542406 0.000000
vt 0.443787 0.000000
vt 0.541913 0.000000
vt 0.541420 0.000000
vt 0.444280 0.000000
vt 0.444773 0.000000
vt 0.540927 0.000000
vt 0.445266 0.000000
vt 0.540434 0.000000
vt 0.445759 0.000000
vt 0.539941 0.000000
vt 0.446252 0.000000
vt 0.539448 0.000000
vt 0.446746 0.000000
vt 0.538955 0.000000
vt 0.447239 0.000000
vt 0.538462 0.000000
vt 0.537969 0.000000
vt 0.447732 0.000000
vt 0.452430 0.000000
vt 0.525813 0.000000
vt 0.996528 1.000000
vt 0.996528 0.000000
vt 0.993056 0.000000
vt 0.993056 1.000000
vt 0.986111 0.000000
vt 0.986111 1.000000
vt 0.982639 0.000000
vt 0.982639 1.000000
vt 0.979167 0.000000
vt 0.979167 1.000000
vt 0.975694 0.000000
vt 0.975694 1.000000
vt 0.972222 0.000000
vt 0.972222 1.000000
vt 0.965278 0.000000
vt 0.965278 1.000000
vt 0.961806 0.000000
vt 0.958333 1.000000
vt 0.961806 1.000000
vt 0.958333 0.000000
vt 0.913194 0.000000
vt 0.913194 1.000000
vt 0.909722 0.000000
vt 0.909722 1.000000
vt 0.902778 0.000000
vt 0.902778 1.000000
vt 0.899306 0.000000
vt 0.899306 1.000000
vt 0.895833 1.000000
vt 0.892361 0.000000
vt 0.892361 1.000000
vt 0.888889 0.000000
vt 0.885417 1.000000
vt 0.888889 1.000000
vt 0.885417 0.000000
vt 0.881944 0.000000
vt 0.881944 1.000000
vt 0.878472 0.000000
vt 0.878472 1.000000
vt 0.871528 1.000000
vt 0.871528 0.000000
vt 0.868056 0.000000
vt 0.868056 1.000000
vt 0.861111 1.000000
vt 0.861111 0.000000
vt 0.857639 0.000000
vt 0.857639 1.000000
vt 0.850694 0.000000
vt 0.850694 1.000000
vt 0.847222 0.000000
vt 0.847222 1.000000
vt 0.840278 1.000000
vt 0.840278 0.000000
vt 0.836806 0.000000
vt 0.836806 1.000000
vt 0.829861 0.000000
vt 0.826389 1.000000
vt 0.829861 1.000000
vt 0.826389 0.000000
vt 0.819444 0.000000
vt 0.819444 1.000000
vt 0.815972 0.000000
vt 0.815972 1.000000
vt 0.809028 0.000000
vt 0.809028 1.000000
vt 0.805556 0.000000
vt 0.805556 1.000000
vt 0.798611 0.000000
vt 0.798611 1.000000
vt 0.795139 0.000000
vt 0.795139 1.000000
vt 0.746528 0.000000
vt 0.746528 1.000000
vt 0.743056 0.000000
vt 0.743056 1.000000
vt 0.736111 0.000000
vt 0.736111 1.000000
vt 0.732639 0.000000
vt 0.732639 1.000000
vt 0.729167 0.000000
vt 0.729167 1.000000
vt 0.725694 0.000000
vt 0.722222 1.000000
vt 0.725694 1.000000
vt 0.722222 0.000000
vt 0.718750 0.000000
vt 0.718750 1.000000
vt 0.715278 0.000000
vt 0.715278 1.000000
vt 0.711806 0.000000
vt 0.711806 1.000000
vt 0.708333 0.000000
vt 0.708333 1.000000
vt 0.680556 0.000000
vt 0.680556 1.000000
vt 0.677083 0.000000
vt 0.677083 1.000000
vt 0.673611 0.000000
vt 0.673611 1.000000
vt 0.670139 0.000000
vt 0.670139 1.000000
vt 0.663194 0.000000
vt 0.663194 1.000000
vt 0.659722 0.000000
vt 0.659722 1.000000
vt 0.652778 1.000000
vt 0.652778 0.000000
vt 0.649306 0.000000
vt 0.649306 1.000000
vt 0.645833 0.000000
vt 0.645833 1.000000
vt 0.642361 0.000000
vt 0.642361 1.000000
vt 0.638889 0.000000
vt 0.638889 1.000000
vt 0.597222 0.000000
vt 0.597222 1.000000
vt 0.590278 0.000000
vt 0.590278 1.000000
vt 0.586806 0.000000
vt 0.586806 1.000000
vt 0.579861 0.000000
vt 0.579861 1.000000
vt 0.576389 0.000000
vt 0.576389 1.000000
vt 0.569444 0.000000
vt 0.569444 1.000000
vt 0.565972 0.000000
vt 0.565972 1.000000
vt 0.559028 0.000000
vt 0.559028 1.000000
vt 0.555556 0.000000
vt 0.555556 1.000000
vt 0.517361 0.000000
vt 0.517361 1.000000
vt 0.513889 0.000000
vt 0.513889 1.000000
vt 0.506944 0.000000
vt 0.506944 1.000000
vt 0.503472 0.000000
vt 0.503472 1.000000
vt 0.496528 0.000000
vt 0.496528 1.000000
vt 0.493056 0.000000
vt 0.493056 1.000000
vt 0.486111 0.000000
vt 0.486111 1.000000
vt 0.482639 0.000000
vt 0.482639 1.000000
vt 0.479167 0.000000
vt 0.479167 1.000000
vt 0.434028 0.000000
vt 0.434028 1.000000
vt 0.430556 0.000000
vt 0.430556 1.000000
vt 0.427083 0.000000
vt 0.427083 1.000000
vt 0.423611 0.000000
vt 0.423611 1.000000
vt 0.420139 0.000000
vt 0.420139 1.000000
vt 0.413194 0.000000
vt 0.413194 1.000000
vt 0.409722 0.000000
vt 0.409722 1.000000
vt 0.402778 0.000000
vt 0.402778 1.000000
vt 0.399306 0.000000
vt 0.399306 1.000000
vt 0.395833 0.000000
vt 0.381944 0.000000
vt 0.381944 1.000000
vt 0.378472 0.000000
vt 0.378472 1.000000
vt 0.371528 0.000000
vt 0.371528 1.000000
vt 0.368056 0.000000
vt 0.368056 1.000000
vt 0.361111 0.000000
vt 0.361111 1.000000
vt 0.357639 0.000000
vt 0.357639 1.000000
vt 0.350694 0.000000
vt 0.350694 1.000000
vt 0.347222 0.000000
vt 0.347222 1.000000
vt 0.340278 0.000000
vt 0.326389 0.000000
vt 0.329861 1.000000
vt 0.340278 1.000000
vt 0.326389 1.000000
vt 0.319444 0.000000
vt 0.319444 1.000000
vt 0.315972 0.000000
vt 0.315972 1.000000
vt 0.309028 1.000000
vt 0.309028 0.000000
vt 0.305556 0.000000
vt 0.305556 1.000000
vt 0.298611 1.000000
vt 0.298611 0.000000
vt 0.295139 0.000000
vt 0.295139 1.000000
vt 0.288194 0.000000
vt 0.288194 1.000000
vt 0.284722 0.000000
vt 0.284722 1.000000
vt 0.277778 0.000000
vt 0.277778 1.000000
vt 0.274306 0.000000
vt 0.274306 1.000000
vt 0.267361 1.000000
vt 0.267361 0.000000
vt 0.263889 0.000000
vt 0.263889 1.000000
vt 0.256944 0.000000
vt 0.256944 1.000000
vt 0.253472 0.000000
vt 0.253472 1.000000
vt 0.246528 0.000000
vt 0.246528 1.000000
vt 0.243056 0.000000
vt 0.239583 0.000000
vt 0.225694 0.000000
vt 0.229167 0.000000
vt 0.243056 1.000000
vt 0.215278 0.000000
vt 0.218750 1.000000
vt 0.201389 1.000000
vt 0.201389 0.000000
vt 0.197917 0.000000
vt 0.194444 1.000000
vt 0.194444 0.000000
vt 0.190972 0.000000
vt 0.190972 1.000000
vt 0.187500 0.000000
vt 0.187500 1.000000
vt 0.184028 0.000000
vt 0.184028 1.000000
vt 0.180556 0.000000
vt 0.180556 1.000000
vt 0.177083 0.000000
vt 0.177083 1.000000
vt 0.173611 0.000000
vt 0.173611 1.000000
vt 0.170139 0.000000
vt 0.170139 1.000000
vt 0.163194 0.000000
vt 0.159722 1.000000
vt 0.163194 1.000000
vt 0.159722 0.000000
vt 0.152778 0.000000
vt 0.329882 0.000000
vt 0.329389 0.000000
vt 0.308679 0.000000
vt 0.330868 0.000000
vt 0.330375 0.000000
vt 0.331361 0.000000
vt 0.331854 0.000000
vt 0.332347 0.000000
vt 0.321499 0.000000
vt 0.328895 0.000000
vt 0.328402 0.000000
vt 0.313609 0.000000
vt 0.311637 0.000000
vt 0.315582 0.000000
vt 0.332840 0.000000
vt 0.310651 0.000000
vt 0.322978 0.000000
vt 0.321992 0.000000
vt 0.327909 0.000000
vt 0.325937 0.000000
vt 0.324951 0.000000
vt 0.326923 0.000000
vt 0.327416 0.000000
vt 0.326430 0.000000
vt 0.325444 0.000000
vt 0.324458 0.000000
vt 0.323965 0.000000
vt 0.323471 0.000000
vt 0.322485 0.000000
vt 0.315089 0.000000
vt 0.314596 0.000000
vt 0.314103 0.000000
vt 0.313116 0.000000
vt 0.312623 0.000000
vt 0.312130 0.000000
vt 0.311144 0.000000
vt 0.310158 0.000000
vt 0.309665 0.000000
vt 0.309172 0.000000
vt 0.334304 0.000000
vt 0.334320 0.000000
vt 0.149306 1.000000
vt 0.152778 1.000000
vt 0.149306 0.000000
vt 0.145833 0.000000
vt 0.145833 1.000000
vt 0.142361 0.000000
vt 0.142361 1.000000
vt 0.138889 0.000000
vt 0.138889 1.000000
vt 0.135417 0.000000
vt 0.135417 1.000000
vt 0.131944 0.000000
vt 0.131944 1.000000
vt 0.128472 0.000000
vt 0.128472 1.000000
vt 0.121528 1.000000
vt 0.121528 0.000000
vt 0.118056 0.000000
vt 0.076389 0.000000
vt 0.076389 1.000000
vt 0.069444 1.000000
vt 0.069444 0.000000
vt 0.065972 0.000000
vt 0.065972 1.000000
vt 0.059028 0.000000
vt 0.059028 1.000000
vt 0.055556 0.000000
vt 0.055556 1.000000
vt 0.048611 0.000000
vt 0.048611 1.000000
vt 0.045139 0.000000
vt 0.045139 1.000000
vt 0.038194 0.000000
vt 0.038194 1.000000
vt 0.034722 0.000000
vt 0.034722 1.000000
vt 0.411736 0.000000
vt 0.360947 0.000000
vt 0.412229 0.000000
vt 0.357495 0.000000
vt 0.412722 0.000000
vt 0.357002 0.000000
vt 0.413215 0.000000
vt 0.410750 0.000000
vt 0.370316 0.000000
vt 0.411243 0.000000
vt 0.409270 0.000000
vt 0.408777 0.000000
vt 0.371302 0.000000
vt 0.344675 0.000000
vt 0.344181 0.000000
vt 0.425542 0.000000
vt 0.408284 0.000000
vt 0.371795 0.000000
vt 0.407791 0.000000
vt 0.341716 0.000000
vt 0.341223 0.000000
vt 0.295858 0.000000
vt 0.407298 0.000000
vt 0.340730 0.000000
vt 0.296351 0.000000
vt 0.406805 0.000000
vt 0.372288 0.000000
vt 0.340237 0.000000
vt 0.296844 0.000000
vt 0.406312 0.000000
vt 0.339744 0.000000
vt 0.405819 0.000000
vt 0.339251 0.000000
vt 0.297337 0.000000
vt 0.338757 0.000000
vt 0.338264 0.000000
vt 0.297830 0.000000
vt 0.337771 0.000000
vt 0.347140 0.000000
vt 0.423570 0.000000
vt 0.347633 0.000000
vt 0.417160 0.000000
vt 0.416667 0.000000
vt 0.349606 0.000000
vt 0.346647 0.000000
vt 0.337278 0.000000
vt 0.417653 0.000000
vt 0.295365 0.000000
vt 0.292899 0.000000
vt 0.298323 0.000000
vt 0.336785 0.000000
vt 0.336292 0.000000
vt 0.335799 0.000000
vt 0.292406 0.000000
vt 0.343688 0.000000
vt 0.424556 0.000000
vt 0.345661 0.000000
vt 0.345168 0.000000
vt 0.348619 0.000000
vt 0.424063 0.000000
vt 0.346154 0.000000
vt 0.425049 0.000000
vt 0.426035 0.000000
vt 0.426529 0.000000
vt 0.428008 0.000000
vt 0.427022 0.000000
vt 0.427515 0.000000
vt 0.428501 0.000000
vt 0.428994 0.000000
vt 0.287475 0.000000
vt 0.293393 0.000000
vt 0.294872 0.000000
vt 0.293886 0.000000
vt 0.294379 0.000000
vt 0.304241 0.000000
vt 0.304734 0.000000
vt 0.305227 0.000000
vt 0.305720 0.000000
vt 0.306213 0.000000
vt 0.307199 0.000000
vt 0.306706 0.000000
vt 0.307692 0.000000
vt 0.308185 0.000000
vt 0.402860 0.000000
vt 0.402367 0.000000
vt 0.379191 0.000000
vt 0.348126 0.000000
vt 0.416174 0.000000
vt 0.355523 0.000000
vt 0.401874 0.000000
vt 0.401381 0.000000
vt 0.379684 0.000000
vt 0.415680 0.000000
vt 0.349112 0.000000
vt 0.415187 0.000000
vt 0.400888 0.000000
vt 0.380178 0.000000
vt 0.393984 0.000000
vt 0.392012 0.000000
vt 0.388067 0.000000
vt 0.391026 0.000000
vt 0.390040 0.000000
vt 0.400394 0.000000
vt 0.393491 0.000000
vt 0.392998 0.000000
vt 0.392505 0.000000
vt 0.391519 0.000000
vt 0.390533 0.000000
vt 0.389546 0.000000
vt 0.389053 0.000000
vt 0.388560 0.000000
vt 0.403353 0.000000
vt 0.378698 0.000000
vt 0.403846 0.000000
vt 0.380671 0.000000
vt 0.399901 0.000000
vt 0.378205 0.000000
vt 0.405325 0.000000
vt 0.404832 0.000000
vt 0.404339 0.000000
vt 0.409763 0.000000
vt 0.410256 0.000000
vt 0.369822 0.000000
vt 0.356509 0.000000
vt 0.413708 0.000000
vt 0.356016 0.000000
vt 0.414201 0.000000
vt 0.414694 0.000000
vt 0.357988 0.000000
vt 0.358481 0.000000
vt 0.358974 0.000000
vt 0.359961 0.000000
vt 0.359467 0.000000
vt 0.360454 0.000000
vt 0.366371 0.000000
vt 0.369329 0.000000
vt 0.361440 0.000000
vt 0.366864 0.000000
vt 0.367357 0.000000
vt 0.368836 0.000000
vt 0.368343 0.000000
vt 0.367850 0.000000
vt 0.370809 0.000000
vt 0.381164 0.000000
vt 0.381657 0.000000
vt 0.382150 0.000000
vt 0.382643 0.000000
vt 0.383136 0.000000
vt 0.383629 0.000000
vt 0.384122 0.000000
vt 0.766667 1.000000
vt 0.263807 0.000000
vt 0.263314 0.000000
vt 0.204635 0.000000
vt 0.262821 0.000000
vt 0.198718 0.000000
vt 0.264793 0.000000
vt 0.264300 0.000000
vt 0.198225 0.000000
vt 0.265286 0.000000
vt 0.265779 0.000000
vt 0.262327 0.000000
vt 0.205128 0.000000
vt 0.261834 0.000000
vt 0.266272 0.000000
vt 0.261341 0.000000
vt 0.260848 0.000000
vt 0.205621 0.000000
vt 0.260355 0.000000
vt 0.257890 0.000000
vt 0.286981 0.000000
vt 0.208087 0.000000
vt 0.270710 0.000000
vt 0.270217 0.000000
vt 0.194280 0.000000
vt 0.271203 0.000000
vt 0.193787 0.000000
vt 0.286489 0.000000
vt 0.208580 0.000000
vt 0.285996 0.000000
vt 0.193294 0.000000
vt 0.271696 0.000000
vt 0.272190 0.000000
vt 0.272682 0.000000
vt 0.273176 0.000000
vt 0.285503 0.000000
vt 0.209073 0.000000
vt 0.285010 0.000000
vt 0.209566 0.000000
vt 0.273669 0.000000
vt 0.274162 0.000000
vt 0.284517 0.000000
vt 0.284024 0.000000
vt 0.268245 0.000000
vt 0.196746 0.000000
vt 0.268738 0.000000
vt 0.269231 0.000000
vt 0.196252 0.000000
vt 0.269724 0.000000
vt 0.274655 0.000000
vt 0.275148 0.000000
vt 0.283531 0.000000
vt 0.283038 0.000000
vt 0.206608 0.000000
vt 0.258876 0.000000
vt 0.258383 0.000000
vt 0.259862 0.000000
vt 0.206114 0.000000
vt 0.259369 0.000000
vt 0.197732 0.000000
vt 0.267258 0.000000
vt 0.266765 0.000000
vt 0.267752 0.000000
vt 0.197239 0.000000
vt 0.195266 0.000000
vt 0.275641 0.000000
vt 0.280572 0.000000
vt 0.194773 0.000000
vt 0.195759 0.000000
vt 0.207101 0.000000
vt 0.207594 0.000000
vt 0.282545 0.000000
vt 0.282051 0.000000
vt 0.235700 0.000000
vt 0.235207 0.000000
vt 0.183432 0.000000
vt 0.181953 0.000000
vt 0.237179 0.000000
vt 0.236686 0.000000
vt 0.234714 0.000000
vt 0.183925 0.000000
vt 0.181460 0.000000
vt 0.238659 0.000000
vt 0.238166 0.000000
vt 0.234221 0.000000
vt 0.184418 0.000000
vt 0.239152 0.000000
vt 0.233728 0.000000
vt 0.184911 0.000000
vt 0.180966 0.000000
vt 0.239645 0.000000
vt 0.240138 0.000000
vt 0.233235 0.000000
vt 0.185404 0.000000
vt 0.230769 0.000000
vt 0.230276 0.000000
vt 0.229783 0.000000
vt 0.243590 0.000000
vt 0.243097 0.000000
vt 0.174063 0.000000
vt 0.244083 0.000000
vt 0.229290 0.000000
vt 0.228797 0.000000
vt 0.244576 0.000000
vt 0.245069 0.000000
vt 0.173570 0.000000
vt 0.228304 0.000000
vt 0.245562 0.000000
vt 0.237673 0.000000
vt 0.251972 0.000000
vt 0.246055 0.000000
vt 0.241617 0.000000
vt 0.174556 0.000000
vt 0.242110 0.000000
vt 0.182939 0.000000
vt 0.236193 0.000000
vt 0.232249 0.000000
vt 0.186884 0.000000
vt 0.232742 0.000000
vt 0.231263 0.000000
vt 0.231755 0.000000
vt 0.219921 0.000000
vt 0.218935 0.000000
vt 0.216963 0.000000
vt 0.220907 0.000000
vt 0.221893 0.000000
vt 0.222387 0.000000
vt 0.221400 0.000000
vt 0.220414 0.000000
vt 0.219428 0.000000
vt 0.218442 0.000000
vt 0.217949 0.000000
vt 0.217456 0.000000
vt 0.216469 0.000000
vt 0.210552 0.000000
vt 0.210059 0.000000
vt 0.281558 0.000000
vt 0.192801 0.000000
vt 0.186391 0.000000
vt 0.185897 0.000000
vt 0.182446 0.000000
vt 0.175049 0.000000
vt 0.240631 0.000000
vt 0.242604 0.000000
vt 0.246548 0.000000
vt 0.247042 0.000000
vt 0.247535 0.000000
vt 0.248028 0.000000
vt 0.248521 0.000000
vt 0.249014 0.000000
vt 0.249507 0.000000
vt 0.250493 0.000000
vt 0.251479 0.000000
vt 0.250986 0.000000
vt 0.166174 0.000000
vt 0.170118 0.000000
vt 0.167160 0.000000
vt 0.167653 0.000000
vt 0.169132 0.000000
vt 0.168146 0.000000
vt 0.168639 0.000000
vt 0.169625 0.000000
vt 0.170611 0.000000
vt 0.171105 0.000000
vt 0.171598 0.000000
vt 0.172091 0.000000
vt 0.172584 0.000000
vt 0.173077 0.000000
vt 0.241124 0.000000
vt 0.996516 1.000000
vt 0.996516 0.000000
vt 0.993031 0.000000
vt 0.993031 1.000000
vt 0.989547 0.000000
vt 0.986063 1.000000
vt 0.989547 1.000000
vt 0.986063 0.000000
vt 0.982578 0.000000
vt 0.982578 1.000000
vt 0.979094 0.000000
vt 0.975610 1.000000
vt 0.979094 1.000000
vt 0.972125 1.000000
vt 0.975610 0.000000
vt 0.972125 0.000000
vt 0.968641 0.000000
vt 0.968641 1.000000
vt 0.965157 0.000000
vt 0.965157 1.000000
vt 0.961672 0.000000
vt 0.961672 1.000000
vt 0.958188 0.000000
vt 0.958188 1.000000
vt 0.954704 0.000000
vt 0.954704 1.000000
vt 0.951219 0.000000
vt 0.951219 1.000000
vt 0.947735 0.000000
vt 0.947735 1.000000
vt 0.944251 0.000000
vt 0.940767 1.000000
vt 0.944251 1.000000
vt 0.937282 1.000000
vt 0.940767 0.000000
vt 0.937282 0.000000
vt 0.933798 0.000000
vt 0.933798 1.000000
vt 0.930314 0.000000
vt 0.926829 1.000000
vt 0.930314 1.000000
vt 0.926829 0.000000
vt 0.923345 0.000000
vt 0.923345 1.000000
vt 0.919861 0.000000
vt 0.919861 1.000000
vt 0.916376 0.000000
vt 0.916376 1.000000
vt 0.912892 0.000000
vt 0.912892 1.000000
vt 0.909408 0.000000
vt 0.909408 1.000000
vt 0.905923 0.000000
vt 0.905923 1.000000
vt 0.902439 0.000000
vt 0.902439 1.000000
vt 0.898955 0.000000
vt 0.898955 1.000000
vt 0.895470 0.000000
vt 0.895470 1.000000
vt 0.891986 0.000000
vt 0.891986 1.000000
vt 0.888502 0.000000
vt 0.888502 1.000000
vt 0.885017 0.000000
vt 0.885017 1.000000
vt 0.881533 0.000000
vt 0.881533 1.000000
vt 0.878049 0.000000
vt 0.878049 1.000000
vt 0.874564 0.000000
vt 0.874564 1.000000
vt 0.871080 0.000000
vt 0.871080 1.000000
vt 0.867596 0.000000
vt 0.867596 1.000000
vt 0.864111 0.000000
vt 0.860627 1.000000
vt 0.864111 1.000000
vt 0.857143 1.000000
vt 0.860627 0.000000
vt 0.857143 0.000000
vt 0.853659 0.000000
vt 0.853659 1.000000
vt 0.850174 0.000000
vt 0.846690 1.000000
vt 0.850174 1.000000
vt 0.846690 0.000000
vt 0.843206 0.000000
vt 0.843206 1.000000
vt 0.839721 0.000000
vt 0.839721 1.000000
vt 0.836237 0.000000
vt 0.836237 1.000000
vt 0.832753 0.000000
vt 0.832753 1.000000
vt 0.829268 0.000000
vt 0.829268 1.000000
vt 0.825784 0.000000
vt 0.822300 1.000000
vt 0.825784 1.000000
vt 0.822300 0.000000
vt 0.818815 0.000000
vt 0.818815 1.000000
vt 0.815331 0.000000
vt 0.815331 1.000000
vt 0.811847 0.000000
vt 0.811847 1.000000
vt 0.808362 0.000000
vt 0.808362 1.000000
vt 0.804878 0.000000
vt 0.804878 1.000000
vt 0.801394 0.000000
vt 0.801394 1.000000
vt 0.797909 0.000000
vt 0.797909 1.000000
vt 0.794425 0.000000
vt 0.794425 1.000000
vt 0.790941 0.000000
vt 0.790941 1.000000
vt 0.787456 0.000000
vt 0.787456 1.000000
vt 0.783972 0.000000
vt 0.780488 1.000000
vt 0.783972 1.000000
vt 0.780488 0.000000
vt 0.777003 0.000000
vt 0.773519 1.000000
vt 0.777003 1.000000
vt 0.773519 0.000000
vt 0.770035 0.000000
vt 0.770035 1.000000
vt 0.766551 0.000000
vt 0.766551 1.000000
vt 0.763066 0.000000
vt 0.763066 1.000000
vt 0.759582 0.000000
vt 0.759582 1.000000
vt 0.756098 0.000000
vt 0.752613 1.000000
vt 0.756098 1.000000
vt 0.752613 0.000000
vt 0.749129 0.000000
vt 0.749129 1.000000
vt 0.707317 0.000000
vt 0.707317 1.000000
vt 0.703833 0.000000
vt 0.703833 1.000000
vt 0.700348 0.000000
vt 0.700348 1.000000
vt 0.696864 0.000000
vt 0.696864 1.000000
vt 0.693380 0.000000
vt 0.693380 1.000000
vt 0.689895 0.000000
vt 0.689895 1.000000
vt 0.686411 0.000000
vt 0.682927 1.000000
vt 0.686411 1.000000
vt 0.682927 0.000000
vt 0.679443 0.000000
vt 0.679443 1.000000
vt 0.675958 0.000000
vt 0.675958 1.000000
vt 0.672474 0.000000
vt 0.672474 1.000000
vt 0.668990 0.000000
vt 0.668990 1.000000
vt 0.665505 0.000000
vt 0.623693 1.000000
vt 0.665505 1.000000
vt 0.623693 0.000000
vt 0.620209 0.000000
vt 0.620209 1.000000
vt 0.616725 0.000000
vt 0.616725 1.000000
vt 0.613240 0.000000
vt 0.613240 1.000000
vt 0.609756 0.000000
vt 0.609756 1.000000
vt 0.606272 0.000000
vt 0.606272 1.000000
vt 0.602787 0.000000
vt 0.602787 1.000000
vt 0.599303 0.000000
vt 0.599303 1.000000
vt 0.595819 0.000000
vt 0.595819 1.000000
vt 0.592335 0.000000
vt 0.592335 1.000000
vt 0.588850 0.000000
vt 0.585366 1.000000
vt 0.588850 1.000000
vt 0.581882 1.000000
vt 0.585366 0.000000
vt 0.581882 0.000000
vt 0.540070 0.000000
vt 0.540070 1.000000
vt 0.536585 0.000000
vt 0.536585 1.000000
vt 0.533101 0.000000
vt 0.533101 1.000000
vt 0.529617 0.000000
vt 0.529617 1.000000
vt 0.526132 0.000000
vt 0.526132 1.000000
vt 0.522648 0.000000
vt 0.522648 1.000000
vt 0.519164 0.000000
vt 0.515679 1.000000
vt 0.519164 1.000000
vt 0.515679 0.000000
vt 0.512195 0.000000
vt 0.512195 1.000000
vt 0.508711 0.000000
vt 0.508711 1.000000
vt 0.505226 0.000000
vt 0.505226 1.000000
vt 0.501742 0.000000
vt 0.501742 1.000000
vt 0.498258 0.000000
vt 0.498258 1.000000
vt 0.494774 0.000000
vt 0.494774 1.000000
vt 0.491289 0.000000
vt 0.491289 1.000000
vt 0.487805 0.000000
vt 0.487805 1.000000
vt 0.484321 0.000000
vt 0.484321 1.000000
vt 0.480836 0.000000
vt 0.480836 1.000000
vt 0.477352 0.000000
vt 0.477352 1.000000
vt 0.473868 0.000000
vt 0.473868 1.000000
vt 0.470383 0.000000
vt 0.470383 1.000000
vt 0.466899 0.000000
vt 0.466899 1.000000
vt 0.463415 0.000000
vt 0.463415 1.000000
vt 0.459930 0.000000
vt 0.459930 1.000000
vt 0.456446 0.000000
vt 0.456446 1.000000
vt 0.421603 0.000000
vt 0.418118 1.000000
vt 0.421603 1.000000
vt 0.418118 0.000000
vt 0.414634 0.000000
vt 0.411150 1.000000
vt 0.414634 1.000000
vt 0.411150 0.000000
vt 0.407665 0.000000
vt 0.407665 1.000000
vt 0.404181 0.000000
vt 0.404181 1.000000
vt 0.400697 0.000000
vt 0.400697 1.000000
vt 0.397213 0.000000
vt 0.397213 1.000000
vt 0.393728 0.000000
vt 0.390244 1.000000
vt 0.393728 1.000000
vt 0.390244 0.000000
vt 0.386760 0.000000
vt 0.386760 1.000000
vt 0.383275 0.000000
vt 0.383275 1.000000
vt 0.379791 0.000000
vt 0.379791 1.000000
vt 0.376307 0.000000
vt 0.376307 1.000000
vt 0.372822 0.000000
vt 0.369338 1.000000
vt 0.372822 1.000000
vt 0.369338 0.000000
vt 0.365854 0.000000
vt 0.365854 1.000000
vt 0.362369 0.000000
vt 0.362369 1.000000
vt 0.358885 0.000000
vt 0.358885 1.000000
vt 0.355401 0.000000
vt 0.355401 1.000000
vt 0.351916 0.000000
vt 0.351916 1.000000
vt 0.348432 0.000000
vt 0.348432 1.000000
vt 0.344948 0.000000
vt 0.344948 1.000000
vt 0.341463 0.000000
vt 0.341463 1.000000
vt 0.337979 0.000000
vt 0.296167 1.000000
vt 0.337979 1.000000
vt 0.296167 0.000000
vt 0.292683 0.000000
vt 0.289199 1.000000
vt 0.292683 1.000000
vt 0.289199 0.000000
vt 0.285714 0.000000
vt 0.285714 1.000000
vt 0.282230 0.000000
vt 0.282230 1.000000
vt 0.278746 0.000000
vt 0.278746 1.000000
vt 0.275261 0.000000
vt 0.275261 1.000000
vt 0.271777 0.000000
vt 0.271777 1.000000
vt 0.268293 0.000000
vt 0.268293 1.000000
vt 0.264808 0.000000
vt 0.261324 1.000000
vt 0.264808 1.000000
vt 0.261324 0.000000
vt 0.257840 0.000000
vt 0.257840 1.000000
vt 0.254355 0.000000
vt 0.254355 1.000000
vt 0.250871 0.000000
vt 0.250871 1.000000
vt 0.247387 0.000000
vt 0.247387 1.000000
vt 0.243902 0.000000
vt 0.243902 1.000000
vt 0.240418 0.000000
vt 0.236934 1.000000
vt 0.240418 1.000000
vt 0.233449 1.000000
vt 0.236934 0.000000
vt 0.229965 1.000000
vt 0.233449 0.000000
vt 0.229965 0.000000
vt 0.226481 0.000000
vt 0.226481 1.000000
vt 0.222997 0.000000
vt 0.222997 1.000000
vt 0.219512 0.000000
vt 0.219512 1.000000
vt 0.216028 0.000000
vt 0.216028 1.000000
vt 0.212544 0.000000
vt 0.209059 1.000000
vt 0.212544 1.000000
vt 0.209059 0.000000
vt 0.205575 0.000000
vt 0.202091 1.000000
vt 0.205575 1.000000
vt 0.202091 0.000000
vt 0.198606 0.000000
vt 0.198606 1.000000
vt 0.195122 0.000000
vt 0.195122 1.000000
vt 0.191638 0.000000
vt 0.191638 1.000000
vt 0.188153 0.000000
vt 0.188153 1.000000
vt 0.184669 0.000000
vt 0.184669 1.000000
vt 0.181185 0.000000
vt 0.181185 1.000000
vt 0.177700 0.000000
vt 0.177700 1.000000
vt 0.174216 0.000000
vt 0.174216 1.000000
vt 0.170732 0.000000
vt 0.170732 1.000000
vt 0.167247 0.000000
vt 0.167247 1.000000
vt 0.163763 0.000000
vt 0.160279 1.000000
vt 0.163763 1.000000
vt 0.160279 0.000000
vt 0.156794 0.000000
vt 0.156794 1.000000
vt 0.153310 0.000000
vt 0.153310 1.000000
vt 0.149826 0.000000
vt 0.149826 1.000000
vt 0.146341 0.000000
vt 0.146341 1.000000
vt 0.142857 0.000000
vt 0.142857 1.000000
vt 0.139373 0.000000
vt 0.139373 1.000000
vt 0.135889 0.000000
vt 0.135889 1.000000
vt 0.132404 0.000000
vt 0.132404 1.000000
vt 0.128920 0.000000
vt 0.128920 1.000000
vt 0.125436 0.000000
vt 0.125436 1.000000
vt 0.121951 0.000000
vt 0.121951 1.000000
vt 0.118467 0.000000
vt 0.118467 1.000000
vt 0.114983 0.000000
vt 0.114983 1.000000
vt 0.111498 0.000000
vt 0.111498 1.000000
vt 0.108014 0.000000
vt 0.104530 1.000000
vt 0.108014 1.000000
vt 0.104530 0.000000
vt 0.101045 0.000000
vt 0.101045 1.000000
vt 0.097561 0.000000
vt 0.097561 1.000000
vt 0.094077 0.000000
vt 0.094077 1.000000
vt 0.090592 0.000000
vt 0.090592 1.000000
vt 0.087108 0.000000
vt 0.087108 1.000000
vt 0.083624 0.000000
vt 0.083624 1.000000
vt 0.080139 0.000000
vt 0.080139 1.000000
vt 0.076655 0.000000
vt 0.076655 1.000000
vt 0.073171 0.000000
vt 0.073171 1.000000
vt 0.069686 0.000000
vt 0.069686 1.000000
vt 0.066202 0.000000
vt 0.066202 1.000000
vt 0.062718 0.000000
vt 0.062718 1.000000
vt 0.059233 0.000000
vt 0.059233 1.000000
vt 0.055749 0.000000
vt 0.055749 1.000000
vt 0.052265 0.000000
vt 0.052265 1.000000
vt 0.048780 0.000000
vt 0.048780 1.000000
vt 0.045296 0.000000
vt 0.045296 1.000000
vt 0.041812 0.000000
vt 0.041812 1.000000
vt 0.038328 0.000000
vt 0.038328 1.000000
vt 0.034843 0.000000
vt 0.034843 1.000000
vt 0.031359 0.000000
vt 0.031359 1.000000
vt 0.027875 0.000000
vt 0.024390 1.000000
vt 0.027875 1.000000
vt 0.024390 0.000000
vt 0.020906 0.000000
vt 0.020906 1.000000
vt 0.017422 0.000000
vt 0.017422 1.000000
vt 0.013937 0.000000
vt 0.013937 1.000000
vt 0.010453 0.000000
vt 0.010453 1.000000
vt 0.006969 0.000000
vt 0.006969 1.000000
vt 0.003484 0.000000
vt 0.003484 1.000000
vt 0.082347 0.000000
vt 0.081854 0.000000
vt 0.035503 0.000000
vt 0.079389 0.000000
vt 0.078895 0.000000
vt 0.072485 0.000000
vt 0.093688 0.000000
vt 0.163215 0.000000
vt 0.094181 0.000000
vt 0.063609 0.000000
vt 0.061637 0.000000
vt 0.065582 0.000000
vt 0.031558 0.000000
vt 0.083826 0.000000
vt 0.029586 0.000000
vt 0.090730 0.000000
vt 0.090237 0.000000
vt 0.095661 0.000000
vt 0.155325 0.000000
vt 0.096154 0.000000
vt 0.111933 0.000000
vt 0.109961 0.000000
vt 0.107988 0.000000
vt 0.121302 0.000000
vt 0.119329 0.000000
vt 0.124753 0.000000
vt 0.095168 0.000000
vt 0.157791 0.000000
vt 0.094675 0.000000
vt 0.159763 0.000000
vt 0.161736 0.000000
vt 0.093195 0.000000
vt 0.164694 0.000000
vt 0.024655 0.000000
vt 0.092702 0.000000
vt 0.025641 0.000000
vt 0.092209 0.000000
vt 0.026627 0.000000
vt 0.091716 0.000000
vt 0.027613 0.000000
vt 0.091223 0.000000
vt 0.028600 0.000000
vt 0.030572 0.000000
vt 0.089744 0.000000
vt 0.089250 0.000000
vt 0.060651 0.000000
vt 0.075937 0.000000
vt 0.074951 0.000000
vt 0.072978 0.000000
vt 0.076923 0.000000
vt 0.077909 0.000000
vt 0.078402 0.000000
vt 0.077416 0.000000
vt 0.076430 0.000000
vt 0.075444 0.000000
vt 0.074458 0.000000
vt 0.073964 0.000000
vt 0.073471 0.000000
vt 0.066568 0.000000
vt 0.056706 0.000000
vt 0.066075 0.000000
vt 0.065089 0.000000
vt 0.064596 0.000000
vt 0.064103 0.000000
vt 0.063116 0.000000
vt 0.062623 0.000000
vt 0.062130 0.000000
vt 0.061144 0.000000
vt 0.060158 0.000000
vt 0.059665 0.000000
vt 0.059172 0.000000
vt 0.058679 0.000000
vt 0.058185 0.000000
vt 0.057692 0.000000
vt 0.057199 0.000000
vt 0.056213 0.000000
vt 0.055720 0.000000
vt 0.055227 0.000000
vt 0.054241 0.000000
vt 0.053748 0.000000
vt 0.054734 0.000000
vt 0.053254 0.000000
vt 0.052761 0.000000
vt 0.052268 0.000000
vt 0.051775 0.000000
vt 0.051282 0.000000
vt 0.050789 0.000000
vt 0.050296 0.000000
vt 0.049803 0.000000
vt 0.049310 0.000000
vt 0.048817 0.000000
vt 0.079882 0.000000
vt 0.048323 0.000000
vt 0.047830 0.000000
vt 0.047337 0.000000
vt 0.046844 0.000000
vt 0.046351 0.000000
vt 0.045858 0.000000
vt 0.045365 0.000000
vt 0.080375 0.000000
vt 0.044872 0.000000
vt 0.044379 0.000000
vt 0.043886 0.000000
vt 0.043393 0.000000
vt 0.042899 0.000000
vt 0.042406 0.000000
vt 0.041913 0.000000
vt 0.041420 0.000000
vt 0.080868 0.000000
vt 0.040927 0.000000
vt 0.040434 0.000000
vt 0.039941 0.000000
vt 0.039448 0.000000
vt 0.038955 0.000000
vt 0.081361 0.000000
vt 0.038462 0.000000
vt 0.037968 0.000000
vt 0.037475 0.000000
vt 0.036982 0.000000
vt 0.036489 0.000000
vt 0.035996 0.000000
vt 0.035010 0.000000
vt 0.034024 0.000000
vt 0.082840 0.000000
vt 0.034517 0.000000
vt 0.033037 0.000000
vt 0.033531 0.000000
vt 0.032544 0.000000
vt 0.032051 0.000000
vt 0.031065 0.000000
vt 0.084320 0.000000
vt 0.029093 0.000000
vt 0.030079 0.000000
vt 0.028107 0.000000
vt 0.027120 0.000000
vt 0.026134 0.000000
vt 0.025148 0.000000
vt 0.165680 0.000000
vt 0.165187 0.000000
vt 0.164201 0.000000
vt 0.163708 0.000000
vt 0.162722 0.000000
vt 0.162229 0.000000
vt 0.161243 0.000000
vt 0.160750 0.000000
vt 0.160256 0.000000
vt 0.159270 0.000000
vt 0.158777 0.000000
vt 0.158284 0.000000
vt 0.157298 0.000000
vt 0.156805 0.000000
vt 0.156312 0.000000
vt 0.155819 0.000000
vt 0.154832 0.000000
vt 0.154339 0.000000
vt 0.153846 0.000000
vt 0.153353 0.000000
vt 0.152860 0.000000
vt 0.096647 0.000000
vt 0.152367 0.000000
vt 0.151874 0.000000
vt 0.141026 0.000000
vt 0.123274 0.000000
vt 0.122288 0.000000
vt 0.112919 0.000000
vt 0.107002 0.000000
vt 0.107495 0.000000
vt 0.108974 0.000000
vt 0.108481 0.000000
vt 0.109467 0.000000
vt 0.110454 0.000000
vt 0.110947 0.000000
vt 0.111440 0.000000
vt 0.118836 0.000000
vt 0.120316 0.000000
vt 0.120809 0.000000
vt 0.122781 0.000000
vt 0.008876 0.000000
vt 0.006903 0.000000
vt 0.020217 0.000000
vt 0.024162 0.000000
vt 0.009369 0.000000
vt 0.009862 0.000000
vt 0.010355 0.000000
vt 0.003452 0.000000
vt 0.021203 0.000000
vt 0.020710 0.000000
vt 0.021696 0.000000
vt 0.022189 0.000000
vt 0.022682 0.000000
vt 0.023176 0.000000
vt 0.023669 0.000000
vt 0.006410 0.000000
vt 0.007890 0.000000
vt 0.007396 0.000000
vt 0.140000 1.000000
vt 0.161290 1.000000
vt 0.677419 1.000000
vt 0.118056 1.000000
vt 0.316075 0.000000
vt 0.318540 0.000000
vt 0.320020 0.000000
vt 0.395833 1.000000
vt 0.473374 0.000000
vt 0.471894 0.000000
vt 0.473867 0.000000
vt 0.475345 0.000000
vt 0.476331 0.000000
vt 0.520710 0.000000
vt 0.521203 0.000000
vt 0.522682 0.000000
vt 0.456929 1.000000
vt 0.495562 0.000000
vt 0.497535 0.000000
vt 0.501479 0.000000
vt 0.450329 0.000000
vt 0.458446 0.000000
vt 0.452498 0.000000
vt 0.516885 0.000000
vt 0.705621 0.000000
vt 0.723373 0.000000
vt 0.725345 0.000000
vt 0.731262 0.000000
vt 0.729783 0.000000
vt 0.732742 0.000000
vt -0.000040 0.000000
vt 0.000966 0.000000
vt 0.002959 0.000000
vt 0.220907 0.000000
vt 0.282544 0.000000
vt 0.283037 0.000000
vt 0.260355 0.000000
vt 0.297830 0.000000
vt 0.338264 0.000000
vt 0.318047 0.000000
vt 0.319527 0.000000
vt 0.447732 0.000000
vt 0.539448 0.000000
vt 0.525563 0.000000
vt 0.451704 0.000000
vt 0.452582 0.000000
vt 0.452977 0.000000
vt 0.456607 0.000000
vt 0.459073 0.000000
vt 0.471401 0.000000
vt 0.477318 0.000000
vt 0.477811 0.000000
vt 0.519724 0.000000
vt 0.524162 0.000000
vt 0.495562 0.000000
vt 0.497041 0.000000
vt 0.498521 0.000000
vt 0.500493 0.000000
vt 0.650888 0.000000
vt 0.649408 0.000000
vt 0.682446 0.000000
vt 0.728304 0.000000
vt 0.682939 0.000000
vt 0.724852 0.000000
vt 0.722880 0.000000
vt 0.729743 0.000000
vt 0.730749 0.000000
vt 0.753931 0.000000
vt 0.736193 0.000000
vt 0.751972 0.000000
vt 0.806706 0.000000
vt 0.807199 0.000000
vt 0.781065 0.000000
vt 0.782544 0.000000
vt 0.784024 0.000000
vt 0.900394 0.000000
vt 0.900888 0.000000
vt 0.983235 0.000000
vt 0.008383 0.000000
vt 0.096647 0.000000
vt 0.154339 0.000000
vt 0.095661 0.000000
vt 0.160750 0.000000
vt 0.161736 0.000000
vt 0.164694 0.000000
vt 0.165680 0.000000
vt 0.025148 0.000000
vt 0.092702 0.000000
vt 0.028600 0.000000
vt 0.090237 0.000000
vt 0.034517 0.000000
vt 0.081361 0.000000
vt 0.080868 0.000000
vt 0.041913 0.000000
vt 0.043393 0.000000
vt 0.048817 0.000000
vt 0.054241 0.000000
vt 0.054734 0.000000
vt 0.061637 0.000000
vt 0.062130 0.000000
vt 0.062623 0.000000
vt 0.063116 0.000000
vt 0.063609 0.000000
vt 0.064103 0.000000
vt 0.065089 0.000000
vt 0.073471 0.000000
vt 0.075444 0.000000
vt 0.075937 0.000000
vt 0.077909 0.000000
vt 0.111933 0.000000
vt 0.110947 0.000000
vt 0.111440 0.000000
vt 0.108481 0.000000
vt 0.107495 0.000000
vt 0.246548 0.000000
vt 0.247041 0.000000
vt 0.248028 0.000000
vt 0.249014 0.000000
vt 0.249507 0.000000
vt 0.251479 0.000000
vt 0.170118 0.000000
vt 0.169132 0.000000
vt 0.167160 0.000000
vt 0.167653 0.000000
vt 0.168146 0.000000
vt 0.168639 0.000000
vt 0.171105 0.000000
vt 0.171598 0.000000
vt 0.172091 0.000000
vt 0.172584 0.000000
vt 0.174063 0.000000
vt 0.244576 0.000000
vt 0.174556 0.000000
vt 0.181460 0.000000
vt 0.240138 0.000000
vt 0.237673 0.000000
vt 0.235700 0.000000
vt 0.183925 0.000000
vt 0.235207 0.000000
vt 0.184911 0.000000
vt 0.234221 0.000000
vt 0.186391 0.000000
vt 0.233728 0.000000
vt 0.233235 0.000000
vt 0.192801 0.000000
vt 0.232248 0.000000
vt 0.271203 0.000000
vt 0.245562 0.000000
vt 0.268738 0.000000
vt 0.244083 0.000000
vt 0.242604 0.000000
vt 0.272189 0.000000
vt 0.241617 0.000000
vt 0.272682 0.000000
vt 0.231262 0.000000
vt 0.231755 0.000000
vt 0.273175 0.000000
vt 0.230769 0.000000
vt 0.273669 0.000000
vt 0.230276 0.000000
vt 0.274162 0.000000
vt 0.229783 0.000000
vt 0.274655 0.000000
vt 0.229290 0.000000
vt 0.275148 0.000000
vt 0.281558 0.000000
vt 0.232742 0.000000
vt 0.228797 0.000000
vt 0.228304 0.000000
vt 0.221400 0.000000
vt 0.219921 0.000000
vt 0.220414 0.000000
vt 0.218935 0.000000
vt 0.219428 0.000000
vt 0.217949 0.000000
vt 0.218441 0.000000
vt 0.216963 0.000000
vt 0.217456 0.000000
vt 0.216469 0.000000
vt 0.284517 0.000000
vt 0.284024 0.000000
vt 0.283531 0.000000
vt 0.197732 0.000000
vt 0.198225 0.000000
vt 0.205128 0.000000
vt 0.206607 0.000000
vt 0.258876 0.000000
vt 0.207101 0.000000
vt 0.207594 0.000000
vt 0.257891 0.000000
vt 0.286982 0.000000
vt 0.209073 0.000000
vt 0.286489 0.000000
vt 0.285010 0.000000
vt 0.195266 0.000000
vt 0.195759 0.000000
vt 0.378205 0.000000
vt 0.405325 0.000000
vt 0.379191 0.000000
vt 0.380178 0.000000
vt 0.401381 0.000000
vt 0.380671 0.000000
vt 0.400394 0.000000
vt 0.393984 0.000000
vt 0.381657 0.000000
vt 0.383136 0.000000
vt 0.384122 0.000000
vt 0.388067 0.000000
vt 0.389053 0.000000
vt 0.389546 0.000000
vt 0.390039 0.000000
vt 0.390533 0.000000
vt 0.391026 0.000000
vt 0.391519 0.000000
vt 0.392012 0.000000
vt 0.392998 0.000000
vt 0.370316 0.000000
vt 0.410749 0.000000
vt 0.410256 0.000000
vt 0.407791 0.000000
vt 0.367850 0.000000
vt 0.361440 0.000000
vt 0.360454 0.000000
vt 0.358974 0.000000
vt 0.359467 0.000000
vt 0.357988 0.000000
vt 0.412722 0.000000
vt 0.356509 0.000000
vt 0.413215 0.000000
vt 0.355523 0.000000
vt 0.414201 0.000000
vt 0.349112 0.000000
vt 0.348126 0.000000
vt 0.415187 0.000000
vt 0.402860 0.000000
vt 0.415680 0.000000
vt 0.346647 0.000000
vt 0.424063 0.000000
vt 0.327416 0.000000
vt 0.327909 0.000000
vt 0.326430 0.000000
vt 0.326923 0.000000
vt 0.325444 0.000000
vt 0.325937 0.000000
vt 0.324458 0.000000
vt 0.324951 0.000000
vt 0.323471 0.000000
vt 0.323965 0.000000
vt 0.322485 0.000000
vt 0.310158 0.000000
vt 0.307692 0.000000
vt 0.308185 0.000000
vt 0.314103 0.000000
vt 0.313116 0.000000
vt 0.312623 0.000000
vt 0.311144 0.000000
vt 0.311637 0.000000
vt 0.310651 0.000000
vt 0.309172 0.000000
vt 0.306706 0.000000
vt 0.305227 0.000000
vt 0.330375 0.000000
vt 0.332840 0.000000
vt 0.333826 0.000000
vt 0.339251 0.000000
vt 0.340730 0.000000
vt 0.340237 0.000000
vt 0.295365 0.000000
vt 0.292899 0.000000
vt 0.341716 0.000000
vt 0.428994 0.000000
vt 0.344181 0.000000
vt 0.428008 0.000000
vt 0.426529 0.000000
vt 0.425542 0.000000
vt 0.345168 0.000000
vt 0.345661 0.000000
vt 0.409763 0.000000
vt 0.337771 0.000000
vt 0.430473 0.000000
vt 0.431460 0.000000
vt 0.435404 0.000000
vt 0.432939 0.000000
vt 0.433925 0.000000
vt 0.553254 0.000000
vt 0.443294 0.000000
vt 0.443787 0.000000
vt 0.444773 0.000000
vt 0.445266 0.000000
vt 0.445759 0.000000
vt 0.446252 0.000000
vt 0.542406 0.000000
vt 0.525813 0.000000
vt 0.540927 0.000000
vt 0.451010 0.000000
vt 0.451607 0.000000
vt 0.458087 0.000000
vt 0.458580 0.000000
vt 0.467456 0.000000
vt 0.467949 0.000000
vt 0.468442 0.000000
vt 0.468935 0.000000
vt 0.470414 0.000000
vt 0.469428 0.000000
vt 0.469921 0.000000
vt 0.528106 0.000000
vt 0.529586 0.000000
vt 0.454142 0.000000
vt 0.455128 0.000000
vt 0.455621 0.000000
vt 0.457101 0.000000
vt 0.457594 0.000000
vt 0.478304 0.000000
vt 0.518738 0.000000
vt 0.518245 0.000000
vt 0.479290 0.000000
vt 0.517258 0.000000
vt 0.479783 0.000000
vt 0.480276 0.000000
vt 0.480769 0.000000
vt 0.515779 0.000000
vt 0.481262 0.000000
vt 0.481755 0.000000
vt 0.515286 0.000000
vt 0.482249 0.000000
vt 0.514793 0.000000
vt 0.482742 0.000000
vt 0.483235 0.000000
vt 0.513314 0.000000
vt 0.491124 0.000000
vt 0.491617 0.000000
vt 0.492110 0.000000
vt 0.493590 0.000000
vt 0.492604 0.000000
vt 0.504438 0.000000
vt 0.505917 0.000000
vt 0.562130 0.000000
vt 0.562623 0.000000
vt 0.563116 0.000000
vt 0.566568 0.000000
vt 0.629191 0.000000
vt 0.666667 0.000000
vt 0.665187 0.000000
vt 0.661243 0.000000
vt 0.643984 0.000000
vt 0.642012 0.000000
vt 0.664694 0.000000
vt 0.626726 0.000000
vt 0.667653 0.000000
vt 0.626233 0.000000
vt 0.625740 0.000000
vt 0.669132 0.000000
vt 0.670118 0.000000
vt 0.655325 0.000000
vt 0.652863 0.000000
vt 0.679487 0.000000
vt 0.612426 0.000000
vt 0.613412 0.000000
vt 0.613905 0.000000
vt 0.614398 0.000000
vt 0.678501 0.000000
vt 0.677515 0.000000
vt 0.678994 0.000000
vt 0.624753 0.000000
vt 0.707594 0.000000
vt 0.708087 0.000000
vt 0.709073 0.000000
vt 0.710059 0.000000
vt 0.718935 0.000000
vt 0.719428 0.000000
vt 0.719921 0.000000
vt 0.722387 0.000000
vt 0.685404 0.000000
vt 0.685897 0.000000
vt 0.686390 0.000000
vt 0.695266 0.000000
vt 0.695759 0.000000
vt 0.696746 0.000000
vt 0.706114 0.000000
vt 0.737673 0.000000
vt 0.739152 0.000000
vt 0.740138 0.000000
vt 0.748028 0.000000
vt 0.753452 0.000000
vt 0.761341 0.000000
vt 0.820020 0.000000
vt 0.763807 0.000000
vt 0.764300 0.000000
vt 0.818540 0.000000
vt 0.818047 0.000000
vt 0.765779 0.000000
vt 0.817554 0.000000
vt 0.776134 0.000000
vt 0.777120 0.000000
vt 0.778107 0.000000
vt 0.816568 0.000000
vt 0.806213 0.000000
vt 0.807692 0.000000
vt 0.902860 0.000000
vt 0.895464 0.000000
vt 0.987673 0.000000
vt 0.996548 0.000000
s 1
usemtl jestei-blue-plastic.001
f 1586/1/1 1587/2/1 1510/3/1
f 1585/4/1 1586/1/1 1510/3/1
f 1584/5/1 1585/4/1 1510/3/1
f 1583/6/1 1584/5/1 1510/3/1
f 1582/7/1 1583/6/1 1510/3/1
f 1580/8/1 1510/3/1 1511/9/1
f 1581/10/1 1582/7/1 1510/3/1
f 1580/8/1 1581/10/1 1510/3/1
f 1579/11/1 1580/8/1 1511/9/1
f 1578/12/1 1579/11/1 1511/9/1
f 1577/13/1 1578/12/1 1511/9/1
f 1576/14/1 1577/13/1 1511/9/1
f 1575/15/1 1576/14/1 1511/9/1
f 1574/16/1 1575/15/1 1512/17/1
f 1573/18/1 1574/16/1 1512/17/1
f 1572/19/1 1573/18/1 1512/17/1
f 1570/20/1 1512/17/1 1513/21/1
f 1571/22/1 1572/19/1 1512/17/1
f 1570/20/1 1571/22/1 1512/17/1
f 1569/23/1 1570/20/1 1513/21/1
f 1568/24/1 1569/23/1 1513/21/1
f 1567/25/1 1568/24/1 1513/21/1
f 1566/26/1 1567/25/1 1513/21/1
f 1565/27/1 1566/26/1 1513/21/1
f 1564/28/1 1565/27/1 1513/21/1
f 1563/29/1 1564/28/1 1513/21/1
f 1514/30/1 1562/31/1 1563/29/1
f 1561/32/1 1562/31/1 1514/30/1
f 1560/33/1 1561/32/1 1514/30/1
f 1559/34/1 1560/33/1 1515/35/1
f 1558/36/1 1559/34/1 1515/35/1
f 1557/37/1 1558/36/1 1515/35/1
f 1556/38/1 1557/37/1 1515/35/1
f 1555/39/1 1556/38/1 1515/35/1
f 1554/40/1 1555/39/1 1516/41/1
f 1553/42/1 1554/40/1 1516/41/1
f 1552/43/1 1553/42/1 1516/41/1
f 1551/44/1 1552/43/1 1516/41/1
f 1550/45/1 1551/44/1 1517/46/1
f 1549/47/1 1550/45/1 1517/46/1
f 1548/48/1 1549/47/1 1517/46/1
f 1518/49/1 1547/50/1 1517/46/1
f 1547/50/1 1548/48/1 1517/46/1
f 1546/51/1 1547/50/1 1518/49/1
f 1545/52/1 1546/51/1 1518/49/1
f 1544/53/1 1545/52/1 1518/49/1
f 1543/54/2 1544/53/1 1540/55/1
f 1542/56/3 1543/54/2 1540/55/1
f 1540/55/1 1541/57/1 1542/56/3
f 1538/58/1 1539/59/4 1540/55/1
f 1536/60/1 1537/61/1 1538/58/1
f 1534/62/5 1535/63/6 1536/60/1
f 1533/64/1 1534/62/5 1536/60/1
f 1532/65/1 1533/64/1 1536/60/1
f 1531/66/1 1532/65/1 1519/67/1
f 1530/68/1 1531/66/1 1519/67/1
f 1379/69/7 1381/70/1 1371/71/1
f 1377/72/1 1379/69/7 1371/71/1
f 1375/73/8 1377/72/1 1371/71/1
f 1371/71/1 1373/74/1 1375/73/8
f 1357/75/9 1359/76/10 1367/77/1
f 1382/78/1 1355/79/1 1371/71/1
f 1381/70/1 1382/78/1 1371/71/1
f 1379/69/7 1380/80/11 1381/70/1
f 1377/72/1 1378/81/12 1379/69/7
f 1375/73/8 1376/82/13 1377/72/1
f 1373/74/1 1374/83/1 1375/73/8
f 1371/71/1 1372/84/6 1373/74/1
f 1370/85/1 1371/71/1 1355/79/1
f 1355/79/1 1369/86/1 1370/85/1
f 1368/87/1 1369/86/1 1355/79/1
f 1367/77/1 1368/87/1 1356/88/1
f 1365/89/1 1366/90/14 1367/77/1
f 1364/91/15 1365/89/1 1367/77/1
f 1363/92/1 1364/91/15 1367/77/1
f 1362/93/1 1363/92/1 1359/76/10
f 1361/94/1 1362/93/1 1359/76/10
f 1359/76/10 1360/95/1 1361/94/1
f 1357/75/9 1358/96/16 1359/76/10
f 1356/88/1 1357/75/9 1367/77/1
f 1355/79/1 1356/88/1 1368/87/1
f 1351/97/17 2710/98/17 2709/99/18
f 1350/100/18 2709/99/18 2708/101/19
f 1349/102/19 2708/101/19 2707/103/20
f 1348/104/20 2707/103/20 2706/105/21
f 1347/106/21 2706/105/21 2705/107/22
f 1346/108/22 2705/107/22 2704/109/23
f 1345/110/23 2704/109/23 2703/111/24
f 1344/112/24 2703/111/24 2702/113/25
f 1343/114/25 2702/113/25 2701/115/26
f 1342/116/26 2701/115/26 2700/117/27
f 1341/118/27 2700/117/27 2699/119/28
f 1340/120/28 2699/119/28 2698/121/29
f 1339/122/29 2698/121/29 2697/123/30
f 1338/124/30 2697/123/30 2696/125/31
f 1337/126/31 2696/125/31 2695/127/32
f 1336/128/32 2695/127/32 2694/129/33
f 1335/130/33 2694/129/33 2693/131/34
f 1334/132/34 2693/131/34 2692/133/35
f 1333/134/35 2692/133/35 2691/135/36
f 1332/136/36 2691/135/36 2690/137/37
f 1331/138/37 2690/137/37 2689/139/38
f 1329/140/39 1330/141/38 2689/139/38
f 1329/140/39 2688/142/39 2687/143/40
f 1328/144/40 2687/143/40 2686/145/41
f 1327/146/41 2686/145/41 2685/147/42
f 1326/148/42 2685/147/42 2684/149/43
f 1325/150/43 2684/149/43 2683/151/44
f 1323/152/45 1324/153/44 2683/151/44
f 1323/152/45 2682/154/45 2681/155/46
f 1322/156/46 2681/155/46 2680/157/47
f 1321/158/47 2680/157/47 2679/159/48
f 1320/160/48 2679/159/48 2678/161/49
f 1318/162/50 1319/163/49 2678/161/49
f 1318/162/50 2677/164/50 2676/165/51
f 1317/166/51 2676/165/51 2675/167/52
f 1316/168/52 2675/167/52 2674/169/53
f 1315/170/53 2674/169/53 2673/171/54
f 1314/172/54 2673/171/54 2672/173/55
f 1313/174/55 2672/173/55 2671/175/56
f 1312/176/56 2671/175/56 2670/177/57
f 1311/178/57 2670/177/57 2669/179/58
f 1310/180/58 2669/179/58 2668/181/59
f 1309/182/59 2668/181/59 2667/183/60
f 1308/184/60 2667/183/60 2666/185/61
f 1307/186/61 2666/185/61 2665/187/62
f 1306/188/62 2665/187/62 2664/189/63
f 1305/190/63 2664/189/63 2663/191/64
f 1304/192/64 2663/191/64 2662/193/65
f 1303/194/65 2662/193/65 2661/195/66
f 1302/196/66 2661/197/66 2710/98/17
f 2660/198/67 2659/199/68 1300/200/68
f 1300/200/68 2659/199/68 2658/201/69
f 1299/202/69 2658/201/69 2657/115/70
f 1298/116/70 2657/115/70 2656/203/71
f 1297/204/71 2656/203/71 2655/205/72
f 1296/206/72 2655/205/72 2654/119/73
f 1295/120/73 2654/119/73 2653/207/74
f 1294/208/74 2653/207/74 2652/209/75
f 1293/210/75 2652/209/75 2651/211/76
f 1292/212/76 2651/211/76 2650/213/77
f 1291/214/77 2650/213/77 2649/215/78
f 1290/216/78 2649/215/78 2648/217/79
f 1289/218/79 2648/217/79 2647/219/80
f 1288/220/80 2647/219/80 2646/221/81
f 1287/222/81 2646/221/81 2645/223/82
f 1286/224/82 2645/223/82 2644/133/83
f 1285/134/83 2644/133/83 2643/225/84
f 1284/226/84 2643/225/84 2642/227/85
f 1283/228/85 2642/227/85 2641/137/86
f 1282/138/86 2641/137/86 2640/229/87
f 1281/230/87 2640/229/87 2639/231/88
f 1280/232/88 2639/231/88 2638/142/89
f 1278/233/90 1279/140/89 2638/142/89
f 1278/233/90 2637/234/90 2636/235/91
f 1277/236/91 2636/235/91 2635/145/92
f 1275/237/93 1276/146/92 2635/145/92
f 1275/237/93 2634/238/93 2633/239/94
f 1274/240/94 2633/239/94 2632/241/95
f 1272/166/96 1273/242/95 2632/241/95
f 1271/243/97 1272/166/96 2631/165/96
f 1270/244/98 1271/243/97 2630/245/97
f 1270/244/98 2629/246/98 2628/169/99
f 1269/170/99 2628/169/99 2627/247/100
f 1268/248/100 2627/247/100 2626/249/101
f 1267/250/101 2626/249/101 2625/251/102
f 1266/252/102 2625/251/102 2624/253/103
f 1265/254/103 2624/253/103 2623/255/104
f 1264/256/104 2623/255/104 2622/257/105
f 1262/258/106 1263/259/105 2622/257/105
f 2621/260/106 2620/261/107 1261/262/108
f 1261/262/108 1262/258/106 2621/260/106
f 1261/263/109 1260/264/109 1314/265/109
f 1314/265/109 1313/266/109 1261/263/109
f 1260/267/107 2620/261/107 2619/268/110
f 1259/269/110 2619/268/110 2618/183/111
f 1258/184/111 2618/183/111 2617/270/112
f 1257/271/113 2617/270/112 2616/272/114
f 1256/273/114 2616/272/114 2615/187/115
f 1255/188/115 2615/187/115 2614/274/116
f 1254/275/116 2614/274/116 2613/276/117
f 1253/277/117 2613/276/117 2612/191/118
f 1252/192/119 2612/191/118 2611/278/120
f 1251/279/120 2611/278/120 2610/280/121
f 1249/196/122 2609/197/122 2660/198/67
f 1280/281/109 1343/282/109 1342/283/109
f 1278/284/109 1345/285/109 1344/286/109
f 1333/287/109 1332/288/109 1297/289/109
f 1332/288/109 1331/290/109 1297/289/109
f 1276/291/109 1348/292/109 1347/293/109
f 1276/291/109 1349/294/109 1348/292/109
f 1330/295/109 1298/296/109 1331/290/109
f 1327/297/109 1300/298/109 1328/299/109
f 1326/300/109 1300/298/109 1327/297/109
f 1307/301/109 1306/302/109 1272/303/109
f 1321/304/109 1320/305/109 1250/306/109
f 1309/307/109 1308/308/109 1270/309/109
f 1305/310/109 1272/303/109 1306/302/109
f 1277/311/109 1346/312/109 1345/285/109
f 1294/313/109 1335/314/109 1334/315/109
f 1256/316/109 1317/317/109 1316/318/109
f 1319/319/109 1251/320/109 1320/305/109
f 1252/321/109 1319/319/109 1318/322/109
f 1249/323/109 1323/324/109 1322/325/109
f 1250/306/109 1322/325/109 1321/304/109
f 1325/326/109 1301/327/109 1326/300/109
f 1329/328/109 1299/329/109 1330/295/109
f 1324/330/109 1301/327/109 1325/326/109
f 1292/331/109 1336/332/109 1335/314/109
f 1288/333/109 1338/334/109 1337/335/109
f 1290/336/109 1337/335/109 1336/332/109
f 1287/337/109 1339/338/109 1338/334/109
f 1286/339/109 1340/340/109 1339/338/109
f 1277/311/109 1347/293/109 1346/312/109
f 1279/341/109 1344/286/109 1343/282/109
f 1274/342/109 1302/343/109 1351/197/109
f 1275/344/109 1350/345/109 1349/294/109
f 1307/301/109 1271/346/109 1308/308/109
f 1304/347/109 1273/348/109 1305/310/109
f 1310/349/109 1267/350/109 1311/351/109
f 1309/307/109 1269/352/109 1310/349/109
f 1312/353/109 1262/354/109 1313/266/109
f 1262/354/109 1261/263/109 1313/266/109
f 1263/355/109 1262/354/109 1312/353/109
f 1311/351/109 1264/356/109 1312/353/109
f 1264/356/109 1263/355/109 1312/353/109
f 1265/357/109 1264/356/109 1311/351/109
f 1266/358/109 1265/357/109 1311/351/109
f 1267/350/109 1266/358/109 1311/351/109
f 1268/359/109 1267/350/109 1310/349/109
f 1269/352/109 1268/359/109 1310/349/109
f 1270/309/109 1269/352/109 1309/307/109
f 1271/346/109 1270/309/109 1308/308/109
f 1273/348/109 1304/347/109 1303/360/109
f 1272/303/109 1271/346/109 1307/301/109
f 1273/348/109 1272/303/109 1305/310/109
f 1302/343/109 1274/342/109 1303/360/109
f 1274/342/109 1273/348/109 1303/360/109
f 1275/344/109 1274/342/109 1351/197/109
f 1350/345/109 1275/344/109 1351/197/109
f 1276/291/109 1275/344/109 1349/294/109
f 1347/293/109 1277/311/109 1276/291/109
f 1278/284/109 1277/311/109 1345/285/109
f 1344/286/109 1279/341/109 1278/284/109
f 1280/281/109 1279/341/109 1343/282/109
f 1281/361/109 1280/281/109 1342/283/109
f 1340/340/109 1284/362/109 1341/363/109
f 1282/364/109 1281/361/109 1342/283/109
f 1283/365/109 1282/364/109 1341/363/109
f 1284/362/109 1283/365/109 1341/363/109
f 1285/366/109 1284/362/109 1340/340/109
f 1286/339/109 1285/366/109 1340/340/109
f 1287/337/109 1286/339/109 1339/338/109
f 1288/333/109 1287/337/109 1338/334/109
f 1289/367/109 1288/333/109 1337/335/109
f 1290/336/109 1289/367/109 1337/335/109
f 1291/368/109 1290/336/109 1336/332/109
f 1292/331/109 1291/368/109 1336/332/109
f 1293/369/109 1292/331/109 1335/314/109
f 1294/313/109 1293/369/109 1335/314/109
f 1295/370/109 1294/313/109 1334/315/109
f 1333/287/109 1296/371/109 1334/315/109
f 1296/371/109 1295/370/109 1334/315/109
f 1297/289/109 1296/371/109 1333/287/109
f 1299/329/109 1329/328/109 1328/299/109
f 1298/296/109 1297/289/109 1331/290/109
f 1299/329/109 1298/296/109 1330/295/109
f 1300/298/109 1299/329/109 1328/299/109
f 1301/327/109 1300/298/109 1326/300/109
f 1323/324/109 1249/323/109 1324/330/109
f 1249/323/109 1301/327/109 1324/330/109
f 1322/325/109 1250/306/109 1249/323/109
f 1251/320/109 1250/306/109 1320/305/109
f 1319/319/109 1252/321/109 1251/320/109
f 1253/372/109 1252/321/109 1318/322/109
f 1254/373/109 1253/372/109 1318/322/109
f 1317/317/109 1254/373/109 1318/322/109
f 1255/374/109 1254/373/109 1317/317/109
f 1317/317/109 1256/316/109 1255/374/109
f 1257/375/109 1256/316/109 1316/318/109
f 1316/318/109 1258/376/109 1257/375/109
f 1259/377/109 1258/376/109 1315/378/109
f 1315/378/109 1260/264/109 1259/377/109
f 1316/318/109 1315/378/109 1258/376/109
f 1250/379/121 2610/280/121 2609/195/122
f 1247/100/18 1248/97/17 2608/98/17
f 1247/100/18 2607/99/18 2606/101/19
f 1246/102/19 2606/101/19 2605/103/20
f 1245/104/20 2605/103/20 2604/105/21
f 1244/106/21 2604/105/21 2603/107/22
f 1243/108/22 2603/107/22 2602/109/23
f 1242/110/23 2602/109/23 2601/111/24
f 1241/112/24 2601/111/24 2600/113/25
f 1240/114/25 2600/113/25 2599/115/26
f 1239/116/26 2599/115/26 2598/117/27
f 1238/118/27 2598/117/27 2597/119/28
f 1237/120/28 2597/119/28 2596/121/29
f 1236/122/29 2596/121/29 2595/123/30
f 1235/124/30 2595/123/30 2594/125/31
f 1234/126/31 2594/125/31 2593/127/32
f 1233/128/32 2593/127/32 2592/129/33
f 1232/130/33 2592/129/33 2591/131/34
f 1231/132/34 2591/131/34 2590/133/35
f 1230/134/35 2590/133/35 2589/135/123
f 1229/136/36 2589/135/123 2588/137/37
f 1228/138/37 2588/137/37 2587/139/38
f 1227/141/38 2587/139/38 2586/142/39
f 1226/140/39 2586/142/39 2585/143/40
f 1225/144/40 2585/143/40 2584/145/41
f 1224/146/41 2584/145/41 2583/147/42
f 1223/148/42 2583/147/42 2582/149/43
f 1222/150/43 2582/149/43 2581/151/44
f 1221/153/44 2581/151/44 2580/154/45
f 1220/152/45 2580/154/45 2579/155/46
f 1219/156/46 2579/155/46 2578/157/47
f 1218/158/47 2578/157/47 2577/159/48
f 1217/160/48 2577/159/48 2576/161/49
f 1215/162/50 1216/163/49 2576/161/49
f 1215/162/50 2575/164/50 2574/165/51
f 1214/166/51 2574/165/51 2573/167/52
f 1213/168/52 2573/167/52 2572/169/53
f 1212/170/53 2572/169/53 2571/171/54
f 1211/172/54 2571/171/54 2570/173/55
f 1210/174/55 2570/173/55 2569/175/56
f 1209/176/56 2569/175/56 2568/177/57
f 1208/178/57 2568/177/57 2567/179/58
f 1207/180/58 2567/179/58 2566/181/59
f 1206/182/59 2566/181/59 2565/183/60
f 1205/184/60 2565/183/60 2564/185/61
f 1204/186/61 2564/185/61 2563/187/62
f 1203/188/62 2563/187/62 2562/189/63
f 1202/190/63 2562/189/63 2561/191/64
f 1201/192/64 2561/191/64 2560/193/65
f 1200/194/65 2560/193/65 2559/195/66
f 1199/196/66 2559/197/66 2608/98/17
f 2558/198/67 2557/199/68 1197/200/68
f 1197/200/68 2557/199/68 2556/201/69
f 1196/202/69 2556/201/69 2555/115/70
f 1195/116/70 2555/115/70 2554/203/71
f 1194/204/71 2554/203/71 2553/205/72
f 1193/206/72 2553/205/72 2552/119/73
f 1192/120/73 2552/119/73 2551/207/74
f 1191/208/74 2551/207/74 2550/209/75
f 1190/210/75 2550/209/75 2549/211/76
f 1189/212/76 2549/211/76 2548/213/77
f 1188/214/77 2548/213/77 2547/215/78
f 1187/216/78 2547/215/78 2546/217/79
f 1186/218/79 2546/217/79 2545/219/80
f 1185/220/80 2545/219/80 2544/221/81
f 1184/222/81 2544/221/81 2543/223/82
f 1183/224/82 2543/223/82 2542/133/83
f 1182/134/83 2542/133/83 2541/225/84
f 1181/226/84 2541/225/84 2540/227/85
f 1180/228/85 2540/227/85 2539/137/86
f 1179/138/86 2539/137/86 2538/229/87
f 1178/230/87 2538/229/87 2537/231/88
f 1177/232/88 2537/231/88 2536/142/89
f 1175/233/90 1176/140/89 2536/142/89
f 1175/233/90 2535/234/90 2534/235/91
f 1174/236/91 2534/235/91 2533/145/92
f 1172/237/93 1173/146/92 2533/145/92
f 1172/237/93 2532/238/93 2531/239/94
f 1171/240/94 2531/239/94 2530/241/95
f 1169/166/96 1170/242/95 2530/241/95
f 1168/243/97 1169/166/96 2529/165/96
f 1168/243/97 2528/245/97 2527/246/98
f 1167/244/98 2527/246/98 2526/169/99
f 1166/170/99 2526/169/99 2525/247/100
f 1165/248/100 2525/247/100 2524/249/101
f 1164/250/101 2524/249/101 2523/251/102
f 1163/252/102 2523/251/102 2522/253/103
f 1162/254/103 2522/253/103 2521/255/104
f 1161/256/104 2521/255/104 2520/257/105
f 1159/258/106 1160/259/105 2520/257/105
f 1209/380/109 1208/381/109 1160/382/109
f 1158/383/109 1209/380/109 1159/384/109
f 1208/381/109 1207/385/109 1160/382/109
f 1158/383/109 1210/386/109 1209/380/109
f 1158/387/108 1159/258/106 2519/260/106
f 2518/261/107 1157/267/107 1158/387/108
f 1157/267/107 2518/261/107 2517/268/110
f 1156/269/110 2517/268/110 2516/183/111
f 1155/184/111 2516/183/111 2515/270/112
f 1154/271/113 2515/270/112 2514/272/114
f 1153/273/114 2514/272/114 2513/187/115
f 1152/188/115 2513/187/115 2512/274/116
f 1151/275/116 2512/274/116 2511/276/117
f 1150/277/117 2511/276/117 2510/191/118
f 1149/192/119 2510/191/118 2509/278/120
f 1148/279/120 2509/278/120 2508/280/121
f 1146/196/122 2507/197/122 2558/198/67
f 1238/388/109 1237/389/109 1181/390/109
f 1179/391/109 1239/392/109 1238/388/109
f 1228/393/109 1227/394/109 1195/395/109
f 1176/396/109 1241/397/109 1240/398/109
f 1226/399/109 1196/400/109 1227/394/109
f 1225/401/109 1196/400/109 1226/399/109
f 1174/402/109 1244/403/109 1243/404/109
f 1222/405/109 1198/406/109 1223/407/109
f 1218/408/109 1217/409/109 1147/410/109
f 1215/411/109 1214/412/109 1151/413/109
f 1204/414/109 1203/415/109 1169/416/109
f 1205/417/109 1204/414/109 1168/418/109
f 1172/419/109 1247/420/109 1246/421/109
f 1221/422/109 1198/406/109 1222/405/109
f 1147/410/109 1219/423/109 1218/408/109
f 1172/419/109 1248/424/109 1247/420/109
f 1201/425/109 1170/426/109 1202/427/109
f 1200/428/109 1170/426/109 1201/425/109
f 1205/417/109 1167/429/109 1206/430/109
f 1202/427/109 1169/416/109 1203/415/109
f 1173/431/109 1245/432/109 1244/403/109
f 1242/433/109 1174/402/109 1243/404/109
f 1175/434/109 1242/433/109 1241/397/109
f 1177/435/109 1240/398/109 1239/392/109
f 1184/436/109 1236/437/109 1235/438/109
f 1234/439/109 1185/440/109 1235/438/109
f 1233/441/109 1187/442/109 1234/439/109
f 1232/443/109 1189/444/109 1233/441/109
f 1230/445/109 1193/446/109 1231/447/109
f 1194/448/109 1229/449/109 1228/393/109
f 1224/450/109 1197/451/109 1225/401/109
f 1148/452/109 1217/409/109 1216/453/109
f 1215/411/109 1149/454/109 1216/453/109
f 1212/455/109 1211/456/109 1157/457/109
f 1211/456/109 1210/386/109 1158/383/109
f 1212/455/109 1155/458/109 1213/459/109
f 1157/457/109 1156/460/109 1212/455/109
f 1158/383/109 1157/457/109 1211/456/109
f 1213/459/109 1153/461/109 1214/412/109
f 1155/458/109 1154/462/109 1213/459/109
f 1156/460/109 1155/458/109 1212/455/109
f 1153/461/109 1152/463/109 1214/412/109
f 1154/462/109 1153/461/109 1213/459/109
f 1151/413/109 1150/464/109 1215/411/109
f 1152/463/109 1151/413/109 1214/412/109
f 1149/454/109 1148/452/109 1216/453/109
f 1150/464/109 1149/454/109 1215/411/109
f 1219/423/109 1146/465/109 1220/466/109
f 1147/410/109 1146/465/109 1219/423/109
f 1148/452/109 1147/410/109 1217/409/109
f 1146/465/109 1221/422/109 1220/466/109
f 1198/406/109 1197/451/109 1223/407/109
f 1146/465/109 1198/406/109 1221/422/109
f 1197/451/109 1224/450/109 1223/407/109
f 1196/400/109 1195/395/109 1227/394/109
f 1197/451/109 1196/400/109 1225/401/109
f 1229/449/109 1194/448/109 1230/445/109
f 1195/395/109 1194/448/109 1228/393/109
f 1193/446/109 1230/445/109 1194/448/109
f 1192/467/109 1191/468/109 1231/447/109
f 1193/446/109 1192/467/109 1231/447/109
f 1191/468/109 1232/443/109 1231/447/109
f 1191/468/109 1190/469/109 1232/443/109
f 1189/444/109 1232/443/109 1190/469/109
f 1189/444/109 1188/470/109 1233/441/109
f 1187/442/109 1233/441/109 1188/470/109
f 1187/442/109 1186/471/109 1234/439/109
f 1185/440/109 1234/439/109 1186/471/109
f 1185/440/109 1184/436/109 1235/438/109
f 1236/437/109 1184/436/109 1183/472/109
f 1183/472/109 1182/473/109 1237/389/109
f 1237/389/109 1182/473/109 1181/390/109
f 1180/474/109 1179/391/109 1238/388/109
f 1181/390/109 1180/474/109 1238/388/109
f 1178/475/109 1177/435/109 1239/392/109
f 1179/391/109 1178/475/109 1239/392/109
f 1176/396/109 1175/434/109 1241/397/109
f 1177/435/109 1176/396/109 1240/398/109
f 1245/432/109 1173/431/109 1246/421/109
f 1174/402/109 1173/431/109 1244/403/109
f 1175/434/109 1174/402/109 1242/433/109
f 1248/424/109 1171/476/109 1199/477/109
f 1172/419/109 1171/476/109 1248/424/109
f 1173/431/109 1172/419/109 1246/421/109
f 1171/476/109 1200/428/109 1199/477/109
f 1171/476/109 1170/426/109 1200/428/109
f 1169/416/109 1202/427/109 1170/426/109
f 1169/416/109 1168/418/109 1204/414/109
f 1167/429/109 1205/417/109 1168/418/109
f 1167/429/109 1166/478/109 1206/430/109
f 1165/479/109 1207/385/109 1166/478/109
f 1165/479/109 1164/480/109 1207/385/109
f 1163/481/109 1162/482/109 1207/385/109
f 1163/481/109 1207/385/109 1164/480/109
f 1207/385/109 1206/430/109 1166/478/109
f 1161/483/109 1207/385/109 1162/482/109
f 1161/483/109 1160/382/109 1207/385/109
f 1147/379/121 2508/280/121 2507/195/122
f 1144/484/124 1145/485/125 2506/486/125
f 1144/484/124 2505/487/124 2504/488/126
f 1143/489/126 2504/488/126 2503/490/127
f 1142/491/127 2503/490/127 2502/492/128
f 1141/493/128 2502/492/128 2501/494/129
f 1139/495/130 1140/496/129 2501/494/129
f 1139/495/130 2500/497/130 2499/498/131
f 1138/499/131 2499/498/131 2498/500/132
f 1137/501/132 2498/500/132 2497/502/133
f 1136/503/133 2497/502/133 2496/504/134
f 1135/505/134 2496/504/134 2495/506/135
f 1134/507/135 2495/506/135 2494/508/136
f 1133/509/136 2494/508/136 2493/510/137
f 1132/511/137 2493/510/137 2492/512/138
f 1131/513/138 2492/512/138 2491/217/139
f 1130/218/139 2491/217/139 2490/514/140
f 1129/515/140 2490/514/140 2489/516/141
f 1128/517/141 2489/516/141 2488/518/142
f 1127/519/142 2488/518/142 2487/520/143
f 1126/521/143 2487/520/143 2486/522/144
f 1125/523/144 2486/522/144 2485/524/145
f 1123/525/146 1124/526/145 2485/524/145
f 1123/525/146 2484/527/146 2483/528/147
f 1122/529/147 2483/528/147 2482/530/148
f 2481/531/149 1118/532/150 1119/533/151
f 2482/530/148 2481/531/149 1119/533/151
f 1120/534/151 1121/535/148 2482/530/148
f 1118/532/150 2481/531/149 2480/536/152
f 1117/537/152 2480/536/152 2479/145/153
f 1116/146/154 2479/145/153 2478/538/155
f 1115/539/155 2478/538/155 2477/540/156
f 1114/541/156 2477/540/156 2476/542/157
f 1113/543/157 2476/542/157 2475/544/158
f 1112/545/158 2475/544/158 2474/546/159
f 1111/547/159 2474/546/159 2473/548/160
f 1110/549/161 2473/548/160 2472/550/162
f 1109/551/162 2472/550/162 2471/552/163
f 1108/553/164 2471/552/163 2470/554/165
f 1107/555/165 2470/554/165 2469/556/166
f 1106/557/166 2469/556/166 2468/558/167
f 1105/559/167 2468/558/167 2467/257/168
f 1104/259/168 2467/257/168 2466/560/169
f 1103/561/170 2466/560/169 2465/562/171
f 1101/563/172 1102/564/171 2465/562/171
f 1101/563/172 2464/565/173 2463/566/174
f 1100/567/174 2463/566/174 2462/568/175
f 1099/569/176 2462/568/175 2461/570/177
f 1098/571/177 2461/570/177 2460/572/178
f 1097/573/178 2460/572/178 2459/574/179
f 1096/575/179 2459/574/179 2458/576/180
f 1095/577/180 2458/576/180 2457/578/181
f 1094/579/181 2457/578/181 2456/580/182
f 1093/581/182 2456/580/182 2455/195/183
f 1092/196/183 2455/197/183 2506/486/125
f 1091/582/184 2454/583/184 2453/584/185
f 1090/585/185 2453/584/185 2452/586/186
f 1089/587/186 2452/586/186 2451/588/187
f 1088/589/187 2451/588/187 2450/590/188
f 1087/591/188 2450/590/188 2449/592/189
f 1085/593/190 1086/594/189 2449/592/189
f 1085/593/190 2448/595/190 2447/596/191
f 1084/597/191 2447/596/191 2446/598/192
f 1083/599/192 2446/598/192 2445/600/193
f 1081/601/194 1082/602/193 2445/600/193
f 1081/601/194 2444/603/194 2443/604/195
f 1080/605/195 2443/604/195 2442/606/196
f 1079/607/196 2442/606/196 2441/608/151
f 2439/609/151 1078/610/197 2440/611/151
f 1078/610/197 1079/607/196 2440/611/151
f 2438/612/197 1078/610/197 2439/609/151
f 1078/610/197 2438/612/197 2437/613/198
f 1077/614/198 2437/613/198 2436/615/199
f 1076/616/199 2436/615/199 2435/617/200
f 1075/618/200 2435/617/200 2434/619/201
f 1074/620/202 2434/619/201 2433/621/203
f 1073/622/203 2433/621/203 2432/623/204
f 1072/624/205 2432/623/204 2431/625/206
f 1071/626/206 2431/625/206 2430/627/207
f 1070/628/207 2430/627/207 2429/629/208
f 1069/630/208 2429/629/208 2428/631/209
f 1068/632/209 2428/631/209 2427/633/210
f 1066/634/211 1067/635/210 2427/633/210
f 1066/634/211 2426/636/211 2425/637/108
f 1065/638/212 2425/637/212 2424/639/212
f 1064/640/213 2424/639/213 2423/641/167
f 1063/642/167 2423/641/167 2422/643/214
f 1062/644/214 2422/643/214 2421/645/170
f 1061/646/170 2421/645/170 2420/647/171
f 1060/648/171 2420/647/171 2419/649/215
f 1059/650/173 2419/649/215 2418/651/174
f 1058/652/174 2418/651/174 2417/653/216
f 1057/654/216 2417/653/216 2416/655/217
f 1055/656/218 1120/657/109 1119/658/109
f 1056/659/177 2416/655/217 2415/660/219
f 1055/661/219 2415/660/219 2414/662/220
f 1054/663/220 2414/662/220 2413/664/221
f 1053/665/221 2413/664/221 2412/666/181
f 1052/667/181 2412/666/181 2411/668/222
f 1051/669/182 2411/668/222 2410/670/223
f 1050/671/223 2410/670/223 2409/672/224
f 1049/673/224 2409/672/224 2408/674/225
f 1048/675/225 2408/674/225 2407/676/226
f 1047/677/226 2407/676/226 2406/678/227
f 1046/679/227 2406/678/227 2405/680/228
f 1045/681/228 2405/680/228 2404/682/229
f 1044/683/229 2404/682/229 2403/684/230
f 1042/685/231 1043/686/230 2403/684/230
f 1042/685/231 2402/687/231 2401/688/232
f 1041/689/232 2401/688/232 2400/690/233
f 1040/691/233 2400/690/233 2399/692/234
f 1038/196/235 2398/197/235 2454/583/184
f 1140/693/109 1139/694/109 1082/695/109
f 1080/696/109 1142/697/109 1141/698/109
f 1139/694/109 1138/699/109 1082/695/109
f 1080/696/109 1143/700/109 1142/697/109
f 1137/701/109 1084/702/109 1138/699/109
f 1079/703/109 1144/704/109 1143/700/109
f 1079/703/109 1145/705/109 1144/704/109
f 1079/703/109 1092/706/109 1145/705/109
f 1136/707/109 1086/708/109 1137/701/109
f 1097/709/236 1096/710/237 1078/711/109
f 1098/712/109 1097/709/236 1078/711/109
f 1099/713/109 1098/712/109 1078/711/109
f 1100/714/109 1099/713/109 1078/711/109
f 1066/715/109 1101/716/237 1100/714/109
f 1129/717/109 1046/718/109 1130/719/109
f 1066/715/109 1102/720/238 1101/716/237
f 1066/715/109 1103/721/236 1102/720/238
f 1066/715/109 1104/722/109 1103/721/236
f 1066/715/109 1105/723/109 1104/722/109
f 1127/724/109 1048/725/109 1128/726/109
f 1066/715/109 1106/727/109 1105/723/109
f 1066/715/109 1107/728/109 1106/727/109
f 1125/729/109 1049/730/109 1126/731/109
f 1120/657/109 1053/732/239 1052/733/240
f 1120/657/109 1054/734/109 1053/732/239
f 1121/735/109 1120/657/109 1050/736/109
f 1120/657/109 1055/656/218 1054/734/109
f 1065/737/109 1108/738/241 1107/728/109
f 1078/711/109 1066/715/109 1100/714/109
f 1050/736/109 1122/739/109 1121/735/109
f 1052/733/240 1051/740/109 1120/657/109
f 1133/741/109 1091/742/109 1134/743/109
f 1095/744/239 1078/711/109 1096/710/237
f 1078/711/109 1074/745/109 1066/715/109
f 1063/746/109 1109/747/242 1108/738/241
f 1072/748/109 1070/749/109 1066/715/109
f 1074/745/109 1072/748/109 1066/715/109
f 1078/711/109 1094/750/109 1093/751/109
f 1079/703/109 1093/751/109 1092/706/109
f 1091/742/109 1135/752/109 1134/743/109
f 1041/753/109 1132/754/109 1131/755/109
f 1124/756/109 1049/730/109 1125/729/109
f 1050/736/109 1123/757/109 1122/739/109
f 1050/736/109 1124/756/109 1123/757/109
f 1051/740/109 1050/736/109 1120/657/109
f 1049/730/109 1048/725/109 1126/731/109
f 1050/736/109 1049/730/109 1124/756/109
f 1126/731/109 1048/725/109 1127/724/109
f 1047/758/109 1046/718/109 1129/717/109
f 1048/725/109 1047/758/109 1128/726/109
f 1128/726/109 1047/758/109 1129/717/109
f 1045/759/109 1044/760/109 1130/719/109
f 1046/718/109 1045/759/109 1130/719/109
f 1044/760/109 1131/755/109 1130/719/109
f 1044/760/109 1043/761/109 1131/755/109
f 1042/762/109 1131/755/109 1043/761/109
f 1042/762/109 1041/753/109 1131/755/109
f 1132/754/109 1041/753/109 1040/763/109
f 1040/763/109 1039/764/109 1132/754/109
f 1132/754/109 1039/764/109 1038/765/109
f 1038/765/109 1091/742/109 1133/741/109
f 1038/765/109 1133/741/109 1132/754/109
f 1090/766/109 1089/767/109 1135/752/109
f 1135/752/109 1091/742/109 1090/766/109
f 1087/768/109 1086/708/109 1136/707/109
f 1088/769/109 1087/768/109 1136/707/109
f 1135/752/109 1089/767/109 1136/707/109
f 1085/770/109 1084/702/109 1137/701/109
f 1086/708/109 1085/770/109 1137/701/109
f 1136/707/109 1089/767/109 1088/769/109
f 1083/771/109 1082/695/109 1138/699/109
f 1084/702/109 1083/771/109 1138/699/109
f 1081/772/109 1080/696/109 1141/698/109
f 1082/695/109 1081/772/109 1140/693/109
f 1094/750/109 1078/711/109 1095/744/239
f 1079/703/109 1078/711/109 1093/751/109
f 1080/696/109 1079/703/109 1143/700/109
f 1077/773/109 1076/774/243 1074/745/109
f 1078/711/109 1077/773/109 1074/745/109
f 1076/774/243 1075/775/244 1074/745/109
f 1074/745/109 1073/776/109 1072/748/109
f 1072/748/109 1071/777/245 1070/749/109
f 1070/749/109 1069/778/246 1068/779/109
f 1067/780/109 1066/715/109 1070/749/109
f 1068/779/109 1067/780/109 1070/749/109
f 1109/747/242 1063/746/109 1110/781/247
f 1065/737/109 1063/746/109 1108/738/241
f 1066/715/109 1065/737/109 1107/728/109
f 1062/782/109 1111/783/109 1110/781/247
f 1063/746/109 1062/782/109 1110/781/247
f 1065/737/109 1064/784/109 1063/746/109
f 1061/785/109 1112/786/109 1111/783/109
f 1062/782/109 1061/785/109 1111/783/109
f 1060/787/109 1113/788/109 1112/786/109
f 1061/785/109 1060/787/109 1112/786/109
f 1059/789/241 1114/790/109 1113/788/109
f 1060/787/109 1059/789/241 1113/788/109
f 1058/791/248 1115/792/109 1114/790/109
f 1059/789/241 1058/791/248 1114/790/109
f 1057/793/249 1116/794/241 1115/792/109
f 1058/791/248 1057/793/249 1115/792/109
f 1056/795/238 1117/796/109 1116/794/241
f 1057/793/249 1056/795/238 1116/794/241
f 1056/795/238 1118/797/250 1117/796/109
f 1056/795/238 1119/658/109 1118/797/250
f 1039/798/234 2399/692/234 2398/195/235
f 1037/799/251 2397/800/251 2396/801/252
f 1036/802/252 2396/801/252 2395/803/253
f 1035/804/254 2395/803/253 2394/805/255
f 1034/806/255 2394/805/255 2393/807/256
f 1033/808/256 2393/807/256 2392/809/257
f 1032/810/258 2392/809/257 2391/811/259
f 1031/812/259 2391/811/259 2390/813/260
f 1030/814/261 2390/813/260 2389/815/262
f 1029/816/262 2389/815/262 2388/817/263
f 1028/818/263 2388/817/263 2387/819/264
f 1027/820/264 2387/819/264 2386/821/265
f 1026/822/265 2386/821/265 2385/823/108
f 1025/824/212 2385/823/212 2384/825/212
f 1024/826/213 2384/825/213 2383/827/266
f 1023/828/266 2383/827/266 2382/829/267
f 1022/830/267 2382/829/267 2381/831/268
f 1021/832/268 2381/831/268 2380/833/269
f 1020/834/269 2380/833/269 2379/835/270
f 1019/836/271 2379/835/270 2378/837/272
f 1017/838/273 1018/839/272 2378/837/272
f 1017/838/273 2377/840/158 2376/841/157
f 1016/842/157 2376/841/157 2375/843/274
f 1014/844/275 1015/845/156 2375/843/274
f 1014/844/275 2374/846/155 2373/847/154
f 1013/848/154 2373/847/154 2372/849/276
f 1012/850/277 2372/849/276 2371/851/150
f 1022/852/109 1020/853/238 1012/854/109
f 1028/855/245 1026/856/109 1036/857/278
f 1032/858/279 1030/859/280 1028/855/245
f 1012/854/109 1020/853/238 1016/860/280
f 1017/861/281 1016/860/280 1020/853/238
f 1018/862/282 1017/861/281 1020/853/238
f 1020/853/238 1019/863/283 1018/862/282
f 1022/852/109 1021/864/284 1020/853/238
f 1024/865/109 1023/866/109 1010/867/109
f 1025/868/109 1024/865/109 1010/867/109
f 1026/856/109 1025/868/109 1010/867/109
f 1028/855/245 1027/869/109 1026/856/109
f 1030/859/280 1029/870/285 1028/855/245
f 1032/858/279 1031/871/286 1030/859/280
f 1033/872/287 1032/858/279 1036/857/278
f 1034/873/288 1033/872/287 1036/857/278
f 1036/857/278 1035/874/289 1034/873/288
f 1037/875/290 1036/857/278 1026/856/109
f 1010/867/109 1037/875/290 1026/856/109
f 1022/852/109 1011/876/109 1023/866/109
f 1011/876/109 1010/867/109 1023/866/109
f 1012/854/109 1011/876/109 1022/852/109
f 1014/877/291 1013/878/292 1012/854/109
f 1015/879/109 1014/877/291 1012/854/109
f 1016/860/280 1015/879/109 1012/854/109
f 2371/851/150 2370/880/151 1010/881/151
f 1010/881/151 1011/882/150 2371/851/150
f 1009/883/151 1010/881/151 2370/880/151
f 2369/884/151 1008/885/151 2370/880/151
f 1008/885/151 1009/883/151 2370/880/151
f 1007/886/293 1008/885/151 2369/884/151
f 1007/196/293 2368/197/293 2397/800/251
f 2365/887/151 2364/107/151 1005/888/151
f 2363/889/151 1004/108/151 2364/107/151
f 1004/108/151 1005/888/151 2364/107/151
f 1006/890/150 2367/198/149 2366/99/151
f 1005/888/151 1006/890/150 2366/99/151
f 1003/200/294 1004/108/151 2363/889/151
f 2362/199/294 1003/200/294 2363/889/151
f 1002/202/295 1003/200/294 2362/199/294
f 1002/202/295 2361/201/295 2360/115/296
f 1001/116/297 2360/115/296 2359/203/298
f 1000/204/299 2359/203/298 2358/205/300
f 999/206/301 2358/205/300 2357/119/302
f 998/120/302 2357/119/302 2356/207/303
f 997/208/304 2356/207/303 2355/209/305
f 996/210/306 2355/209/305 2354/211/307
f 995/212/307 2354/211/307 2353/213/308
f 994/214/308 2353/213/308 2352/215/309
f 993/216/310 2352/215/309 2351/217/311
f 992/218/311 2351/217/311 2350/219/312
f 991/220/312 2350/219/312 2349/221/313
f 990/222/313 2349/221/313 2348/223/314
f 989/224/314 2348/223/314 2347/133/315
f 988/134/315 2347/133/315 2346/225/316
f 987/226/316 2346/225/316 2345/227/317
f 986/228/317 2345/227/317 2344/137/318
f 985/138/319 2344/137/318 2343/229/320
f 984/230/321 2343/229/320 2342/231/322
f 983/232/323 2342/231/322 2341/142/324
f 982/140/325 2341/142/324 2340/234/326
f 980/236/327 981/233/328 2340/234/326
f 980/236/327 2339/235/329 2338/145/330
f 979/146/331 2338/145/330 2337/238/332
f 978/237/332 2337/238/332 2336/239/182
f 977/240/182 2336/239/182 2335/241/181
f 977/891/333 976/892/109 979/893/109
f 976/242/334 2335/241/181 2334/165/221
f 975/166/221 2334/165/221 2333/245/220
f 974/243/220 2333/245/220 2332/246/219
f 973/244/219 2332/246/219 2331/169/335
f 972/170/336 2331/169/335 2330/247/216
f 971/248/216 2330/247/216 2329/249/337
f 970/250/338 2329/249/337 2328/251/339
f 969/252/340 2328/251/339 2327/253/341
f 968/254/341 2327/253/341 2326/255/342
f 967/256/342 2326/255/342 2325/257/214
f 966/259/214 2325/257/214 2324/260/343
f 965/258/343 2324/260/343 2323/261/166
f 964/267/166 2323/261/166 2322/268/344
f 963/269/345 2322/268/344 2321/183/268
f 962/184/268 2321/183/268 2320/270/162
f 961/271/346 2320/270/162 2319/272/347
f 959/188/348 960/273/160 2319/272/347
f 959/188/348 2318/187/349 2317/274/158
f 958/275/350 2317/274/158 2316/276/157
f 957/277/351 2316/276/157 2315/191/156
f 956/192/274 2315/191/156 2314/278/352
f 955/279/353 2314/278/352 2313/280/354
f 954/379/154 2313/280/354 2312/195/152
f 971/894/109 965/895/109 975/896/239
f 967/897/239 965/895/109 971/894/109
f 981/898/245 979/893/109 989/899/109
f 983/900/109 981/898/245 989/899/109
f 985/901/240 983/900/109 989/899/109
f 997/902/109 991/903/109 1002/904/239
f 993/905/109 991/903/109 997/902/109
f 964/906/109 961/907/109 953/908/109
f 967/897/239 966/909/238 965/895/109
f 968/910/355 967/897/239 971/894/109
f 969/911/109 968/910/355 971/894/109
f 971/894/109 970/912/356 969/911/109
f 972/913/357 971/894/109 975/896/239
f 973/914/358 972/913/357 975/896/239
f 975/896/239 974/915/359 973/914/358
f 1005/916/109 976/892/109 965/895/109
f 979/893/109 976/892/109 1005/916/109
f 981/898/245 980/917/109 979/893/109
f 983/900/109 982/918/360 981/898/245
f 985/901/240 984/919/109 983/900/109
f 986/920/109 985/901/240 989/899/109
f 987/921/109 986/920/109 989/899/109
f 989/899/109 988/922/361 987/921/109
f 990/923/109 989/899/109 979/893/109
f 991/903/109 990/923/109 979/893/109
f 993/905/109 992/924/246 991/903/109
f 995/925/109 994/926/286 993/905/109
f 996/927/109 995/925/109 993/905/109
f 997/902/109 996/927/109 993/905/109
f 998/928/109 997/902/109 1001/929/362
f 999/930/109 998/928/109 1001/929/362
f 1001/929/362 1000/931/109 999/930/109
f 979/893/109 1002/904/239 991/903/109
f 1002/904/239 1001/929/362 997/902/109
f 1005/916/109 1002/904/239 979/893/109
f 965/895/109 976/892/109 975/896/239
f 1006/932/109 1005/916/109 964/906/109
f 953/908/109 1006/932/109 964/906/109
f 955/933/109 954/934/109 953/908/109
f 956/935/291 955/933/109 953/908/109
f 957/936/109 956/935/291 953/908/109
f 958/937/109 957/936/109 961/907/109
f 959/938/109 958/937/109 961/907/109
f 961/907/109 960/939/109 959/938/109
f 963/940/109 962/941/109 961/907/109
f 964/906/109 963/940/109 961/907/109
f 965/895/109 964/906/109 1005/916/109
f 953/196/276 2312/197/152 2367/198/149
f 951/942/363 952/943/364 2311/944/364
f 951/942/363 2310/945/363 2309/946/365
f 950/947/365 2309/946/365 2308/948/366
f 949/949/366 2308/948/366 2307/392/367
f 948/950/367 2307/392/367 2306/807/368
f 946/951/369 947/808/370 2306/807/368
f 946/951/369 2305/952/371 2304/953/372
f 945/954/372 2304/953/372 2303/955/373
f 944/956/373 2303/955/373 2302/203/374
f 943/204/374 2302/203/374 2301/957/375
f 942/958/375 2301/957/375 2300/817/376
f 940/959/151 941/818/376 2300/817/376
f 2299/960/377 939/961/377 940/959/151
f 939/961/377 2299/960/377 2298/225/378
f 938/226/378 2298/225/378 2297/962/379
f 937/963/379 2297/962/379 2296/964/380
f 936/965/380 2296/964/380 2295/966/381
f 935/967/381 2295/966/381 2294/968/382
f 934/969/383 2294/968/382 2293/145/384
f 933/146/384 2293/145/384 2292/970/385
f 932/971/385 2292/970/385 2291/972/386
f 931/973/386 2291/972/386 2290/974/387
f 930/975/387 2290/974/387 2289/976/388
f 929/977/388 2289/976/388 2288/978/389
f 928/979/389 2288/978/389 2287/835/390
f 927/836/390 2287/835/390 2286/980/391
f 926/981/391 2286/980/391 2285/982/392
f 925/983/392 2285/982/392 2284/984/393
f 924/985/393 2284/984/393 2283/245/394
f 922/986/395 923/243/394 2283/245/394
f 921/844/396 922/986/395 2282/987/395
f 921/844/396 2281/846/396 2280/988/397
f 920/989/397 2280/988/397 2279/990/398
f 919/991/398 2279/990/398 2278/257/399
f 918/259/399 2278/257/399 2277/992/400
f 916/993/401 917/994/400 2277/992/400
f 916/993/401 2276/995/401 2275/996/402
f 915/997/402 2275/996/402 2274/998/403
f 914/999/403 2274/998/403 2273/1000/404
f 913/1001/404 2273/1000/404 2272/1002/405
f 911/1003/406 912/1004/405 2272/1002/405
f 911/1003/406 2271/1005/406 2270/1006/407
f 910/1007/407 2270/1006/407 2269/1008/408
f 909/1009/408 2269/1008/408 2268/270/409
f 908/271/409 2268/270/409 2267/1010/410
f 907/1011/410 2267/1010/410 2266/1012/411
f 906/1013/411 2266/1012/411 2265/1014/412
f 905/1015/412 2265/1014/412 2264/1016/413
f 903/196/414 2263/197/414 2311/944/364
f 904/1017/413 2264/1016/413 2263/195/414
f 902/1018/415 2260/1019/415 2259/1020/416
f 901/1021/416 2259/1020/416 2258/1022/417
f 900/1023/417 2258/1022/417 2257/1024/418
f 899/1025/418 2257/1024/418 2256/1026/419
f 898/1027/419 2256/1026/419 2255/1028/420
f 897/1029/420 2255/1028/420 2254/1030/421
f 896/1031/421 2254/1030/421 2253/1032/422
f 895/1033/422 2253/1032/422 2252/1034/423
f 894/1035/423 2252/1034/423 2251/1036/424
f 893/1037/424 2251/1036/424 2250/1038/425
f 892/1039/425 2250/1038/425 2249/1040/426
f 891/1041/426 2249/1040/426 2248/1042/427
f 890/1043/427 2248/1042/427 2247/1044/428
f 889/1045/428 2247/1044/428 2246/1046/429
f 888/1047/429 2246/1046/429 2245/1048/430
f 887/1049/431 2245/1048/430 2244/1050/432
f 885/1051/433 886/1052/432 2244/1050/432
f 885/1051/433 2243/1053/433 2242/1054/434
f 884/1055/434 2242/1054/434 2241/203/435
f 883/204/435 2241/203/435 2240/1056/436
f 882/1057/436 2240/1056/436 2239/1058/437
f 881/1059/437 2239/1058/437 2238/1060/438
f 880/1061/438 2238/1060/438 2237/1062/439
f 879/1063/439 2237/1062/439 2236/1064/440
f 877/1065/441 878/1066/440 2236/1064/440
f 877/1065/441 2235/1067/441 2234/1068/442
f 876/1069/442 2234/1068/442 2233/1070/443
f 875/1071/443 2233/1070/443 2232/1072/444
f 874/1073/444 2232/1072/444 2231/1074/445
f 873/1075/445 2231/1074/445 2230/1076/446
f 871/1077/447 872/1078/446 2230/1076/446
f 870/1079/448 871/1077/447 2229/1080/447
f 870/1079/448 2228/1081/448 2227/1082/449
f 869/1083/449 2227/1082/449 2226/1084/450
f 868/1085/450 2226/1084/450 2225/1086/451
f 867/1087/451 2225/1086/451 2224/1088/452
f 866/1089/452 2224/1088/452 2223/1090/453
f 865/1091/453 2223/1090/453 2222/1092/454
f 864/1093/454 2222/1092/454 2221/1094/455
f 863/1095/455 2221/1094/455 2220/1096/456
f 862/1097/457 2220/1096/456 2219/1098/458
f 861/1099/458 2219/1098/458 2218/1100/459
f 860/1101/459 2218/1100/459 2217/1102/460
f 859/1103/461 2217/1102/460 2216/1104/462
f 858/1105/462 2216/1104/462 2215/1106/463
f 857/1107/463 2215/1106/463 2214/1108/464
f 856/1109/464 2214/1108/464 2213/1110/465
f 855/1111/466 2213/1110/465 2212/1112/467
f 2212/1112/467 2211/1113/182 853/1114/182
f 853/1114/182 2211/1113/182 2210/1115/181
f 852/1116/468 2210/1115/181 2209/1117/221
f 851/1118/469 2209/1117/221 2208/1119/220
f 850/1120/470 2208/1119/220 2207/1121/219
f 849/1122/219 2207/1121/219 2206/1123/336
f 848/1124/471 2206/1123/336 2205/1125/472
f 847/1126/473 2205/1125/472 2204/1127/474
f 846/1128/474 2204/1127/474 2203/1129/475
f 845/1130/173 2203/1129/475 2202/1131/476
f 844/1132/476 2202/1131/476 2201/1133/477
f 843/1134/477 2201/1133/477 2200/1135/478
f 842/1136/478 2200/1135/478 2199/1137/479
f 841/1138/479 2199/1137/479 2198/1139/480
f 840/1140/480 2198/1139/480 2197/1141/481
f 839/1142/481 2197/1141/481 2196/1143/482
f 838/1144/482 2196/1143/482 2195/1145/483
f 837/1146/483 2195/1145/483 2194/1147/484
f 835/1148/485 836/1149/484 2194/1147/484
f 835/1148/485 2193/1150/485 2192/1151/486
f 834/1152/486 2192/1151/486 2191/1153/487
f 833/1154/487 2191/1153/487 2190/1155/488
f 832/1156/488 2190/1155/488 2189/1157/489
f 830/1158/490 831/1159/489 2189/1157/489
f 830/1158/490 2188/1160/490 2187/1161/491
f 829/1162/491 2187/1161/491 2186/1163/492
f 828/1164/492 2186/1163/492 2185/1165/493
f 827/1166/493 2185/1165/493 2184/1167/494
f 826/1168/494 2184/1167/494 2183/1169/495
f 825/1170/495 2183/1169/495 2182/1171/496
f 823/243/497 824/1172/496 2182/1171/496
f 823/243/497 2181/245/497 2180/1173/498
f 822/1174/498 2180/1173/498 2179/1175/499
f 821/1176/499 2179/1175/499 2178/1177/500
f 820/1178/500 2178/1177/500 2177/1179/501
f 819/1180/501 2177/1179/501 2176/1181/502
f 818/1182/502 2176/1181/502 2175/1183/503
f 820/1184/109 929/1185/109 928/1186/238
f 927/1187/109 926/1188/109 820/1184/109
f 819/1189/109 930/1190/109 929/1185/109
f 926/1188/109 925/1191/109 820/1184/109
f 925/1191/109 924/1192/109 820/1184/109
f 924/1192/109 923/1193/109 820/1184/109
f 923/1193/109 922/1194/109 820/1184/109
f 817/1195/109 931/1196/109 930/1190/109
f 922/1194/109 921/1197/109 820/1184/109
f 921/1197/109 920/1198/109 820/1184/109
f 816/1199/109 932/1200/246 931/1196/109
f 920/1198/109 919/1201/109 820/1184/109
f 919/1201/109 918/1202/109 820/1184/109
f 816/1199/109 937/1203/238 936/1204/238
f 816/1199/109 938/1205/240 937/1203/238
f 918/1202/109 917/1206/109 820/1184/109
f 917/1206/109 916/1207/109 820/1184/109
f 816/1199/109 935/1208/109 934/1209/109
f 816/1199/109 933/1210/238 932/1200/246
f 816/1199/109 939/1211/109 938/1205/240
f 816/1199/109 940/1212/109 939/1211/109
f 935/1208/109 816/1199/109 936/1204/238
f 817/1195/109 816/1199/109 931/1196/109
f 818/1213/109 817/1195/109 930/1190/109
f 933/1210/238 816/1199/109 934/1209/109
f 819/1189/109 818/1213/109 930/1190/109
f 820/1184/109 819/1189/109 929/1185/109
f 916/1207/109 915/1214/109 820/1184/109
f 817/1215/503 2175/1183/503 2174/1216/504
f 816/1217/504 2174/1216/504 2173/1218/505
f 815/1219/505 2173/1218/505 2172/1220/506
f 814/1221/506 2172/1220/506 2171/1222/507
f 813/1223/507 2171/1222/507 2170/1224/508
f 812/1225/508 2170/1224/508 2169/1226/509
f 811/1227/509 2169/1226/509 2168/1228/510
f 810/1229/510 2168/1228/510 2167/1230/511
f 809/1231/511 2167/1230/511 2166/1232/512
f 808/1233/512 2166/1232/512 2165/1234/513
f 807/1235/513 2165/1234/513 2164/1236/514
f 806/1237/514 2164/1236/514 2163/1238/515
f 805/1239/515 2163/1238/515 2162/1240/516
f 804/1241/516 2162/1240/516 2161/1000/517
f 803/1001/517 2161/1000/517 2160/1242/518
f 2160/1242/518 2159/1243/519 801/1244/519
f 801/1244/519 2159/1243/519 2158/1245/520
f 800/1246/520 2158/1245/520 2157/1247/521
f 799/1248/521 2157/1247/521 2156/1249/522
f 798/1250/522 2156/1249/522 2155/1251/523
f 797/1252/523 2155/1251/523 2154/1253/524
f 796/1254/524 2154/1253/524 2153/1255/525
f 795/1256/525 2153/1255/525 2152/1257/526
f 794/1258/526 2152/1257/526 2151/1259/527
f 793/1260/527 2151/1259/527 2150/1261/528
f 792/1262/528 2150/1261/528 2149/1263/529
f 791/1264/529 2149/1263/529 2148/1265/530
f 790/1266/530 2148/1265/530 2147/1267/531
f 789/1268/531 2147/1267/531 2146/1269/532
f 788/1270/532 2146/1269/532 2145/1271/533
f 787/1272/533 2145/1271/533 2144/1273/534
f 786/1274/534 2144/1273/534 2143/1275/535
f 785/1276/535 2143/1275/535 2142/1277/277
f 784/1278/277 2142/1277/277 2141/195/150
f 865/1279/109 864/1280/238 813/1281/109
f 864/1280/238 863/1282/238 814/1283/109
f 807/1284/109 869/1285/109 868/1286/109
f 863/1282/238 862/1287/238 814/1283/109
f 862/1287/238 861/1288/245 814/1283/109
f 806/1289/109 870/1290/109 869/1285/109
f 804/1291/109 872/1292/109 871/1293/109
f 804/1291/109 873/1294/109 872/1292/109
f 860/1295/239 816/1199/109 861/1288/245
f 859/1296/238 816/1199/109 860/1295/239
f 803/1297/109 875/1298/109 874/1299/109
f 858/1300/239 816/1199/109 859/1296/238
f 803/1297/109 876/1301/109 875/1298/109
f 856/1302/238 855/1303/109 942/1304/245
f 855/1303/109 943/1305/109 942/1304/245
f 947/1306/109 946/1307/238 853/1308/109
f 948/1309/246 947/1306/109 839/1310/109
f 838/1311/109 949/1312/239 948/1309/246
f 838/1311/109 950/1313/109 949/1312/239
f 838/1311/109 951/1314/109 950/1313/109
f 882/1315/109 881/1316/109 800/1317/109
f 905/1318/109 904/1319/109 832/1320/109
f 906/1321/109 905/1318/109 831/1322/109
f 907/1323/109 906/1321/109 831/1322/109
f 885/1324/109 884/1325/109 799/1326/109
f 830/1327/109 908/1328/109 907/1323/109
f 886/1329/109 885/1324/109 799/1326/109
f 830/1327/109 909/1330/109 908/1328/109
f 887/1331/109 886/1329/109 799/1326/109
f 798/1332/109 902/1333/109 889/1334/109
f 830/1327/109 910/1335/109 909/1330/109
f 829/1336/109 911/1337/109 910/1335/109
f 855/1303/109 854/1338/536 943/1305/109
f 829/1336/109 912/1339/109 911/1337/109
f 853/1308/109 944/1340/238 943/1305/109
f 829/1336/109 913/1341/109 912/1339/109
f 952/1342/109 834/1343/109 903/1344/109
f 842/1345/109 850/1346/109 846/1347/241
f 853/1308/109 840/1348/109 947/1306/109
f 852/1349/109 850/1346/109 842/1345/109
f 853/1308/109 945/1350/109 944/1340/238
f 945/1350/109 853/1308/109 946/1307/238
f 854/1338/536 853/1308/109 943/1305/109
f 852/1349/109 851/1351/109 850/1346/109
f 850/1346/109 849/1352/109 848/1353/537
f 847/1354/538 846/1347/241 850/1346/109
f 848/1353/537 847/1354/538 850/1346/109
f 845/1355/539 844/1356/109 842/1345/109
f 846/1347/241 845/1355/539 842/1345/109
f 844/1356/109 843/1357/109 842/1345/109
f 852/1349/109 841/1358/109 853/1308/109
f 842/1345/109 841/1358/109 852/1349/109
f 840/1348/109 853/1308/109 841/1358/109
f 839/1310/109 838/1311/109 948/1309/246
f 840/1348/109 839/1310/109 947/1306/109
f 837/1359/109 836/1360/109 951/1314/109
f 838/1311/109 837/1359/109 951/1314/109
f 951/1314/109 835/1361/109 952/1342/109
f 836/1360/109 835/1361/109 951/1314/109
f 834/1343/109 952/1342/109 835/1361/109
f 833/1362/109 832/1320/109 904/1319/109
f 834/1343/109 833/1362/109 903/1344/109
f 903/1344/109 833/1362/109 904/1319/109
f 831/1322/109 830/1327/109 907/1323/109
f 832/1320/109 831/1322/109 905/1318/109
f 829/1336/109 828/1363/109 913/1341/109
f 830/1327/109 829/1336/109 910/1335/109
f 828/1363/109 914/1364/109 913/1341/109
f 828/1363/109 827/1365/109 915/1214/109
f 826/1366/109 915/1214/109 827/1365/109
f 825/1367/109 824/1368/109 915/1214/109
f 826/1366/109 825/1367/109 915/1214/109
f 824/1368/109 823/1369/109 915/1214/109
f 822/1370/109 821/1371/109 820/1184/109
f 822/1370/109 915/1214/109 823/1369/109
f 915/1214/109 914/1364/109 828/1363/109
f 820/1184/109 915/1214/109 822/1370/109
f 942/1304/245 941/1372/109 856/1302/238
f 890/1373/109 889/1334/109 902/1333/109
f 880/1374/109 800/1317/109 881/1316/109
f 888/1375/109 798/1332/109 889/1334/109
f 802/1376/109 877/1377/109 876/1301/109
f 867/1378/109 808/1379/109 868/1286/109
f 856/1302/238 816/1199/109 857/1380/245
f 940/1212/109 816/1199/109 856/1302/238
f 941/1372/109 940/1212/109 856/1302/238
f 857/1380/245 816/1199/109 858/1300/239
f 815/1381/109 814/1283/109 861/1288/245
f 816/1199/109 815/1381/109 861/1288/245
f 813/1281/109 812/1382/109 865/1279/109
f 814/1283/109 813/1281/109 864/1280/238
f 866/1383/109 809/1384/109 867/1378/109
f 811/1385/109 810/1386/109 866/1383/109
f 812/1382/109 811/1385/109 866/1383/109
f 809/1384/109 808/1379/109 867/1378/109
f 810/1386/109 809/1384/109 866/1383/109
f 870/1290/109 805/1387/109 871/1293/109
f 807/1284/109 806/1289/109 869/1285/109
f 808/1379/109 807/1284/109 868/1286/109
f 873/1294/109 803/1297/109 874/1299/109
f 805/1387/109 804/1291/109 871/1293/109
f 806/1289/109 805/1387/109 870/1290/109
f 802/1376/109 878/1388/109 877/1377/109
f 804/1291/109 803/1297/109 873/1294/109
f 800/1317/109 883/1389/109 882/1315/109
f 879/1390/109 801/1391/109 880/1374/109
f 891/1392/109 890/1373/109 902/1333/109
f 892/1393/238 891/1392/109 902/1333/109
f 893/1394/246 892/1393/238 902/1333/109
f 894/1395/109 893/1394/246 902/1333/109
f 895/1396/109 894/1395/109 902/1333/109
f 896/1397/238 895/1396/109 902/1333/109
f 897/1398/239 896/1397/238 902/1333/109
f 898/1399/109 897/1398/239 902/1333/109
f 899/1400/243 898/1399/109 902/1333/109
f 901/1401/109 900/1402/109 899/1400/243
f 902/1333/109 901/1401/109 899/1400/243
f 783/1403/109 902/1333/109 791/1404/109
f 785/1405/109 784/1406/109 783/1403/109
f 786/1407/109 785/1405/109 789/1408/109
f 787/1409/109 786/1407/109 789/1408/109
f 789/1408/109 788/1410/362 787/1409/109
f 783/1403/109 789/1408/109 785/1405/109
f 790/1411/109 789/1408/109 783/1403/109
f 791/1404/109 790/1411/109 783/1403/109
f 792/1412/109 791/1404/109 902/1333/109
f 793/1413/109 792/1412/109 902/1333/109
f 794/1414/109 793/1413/109 902/1333/109
f 795/1415/109 794/1414/109 902/1333/109
f 887/1331/109 798/1332/109 888/1375/109
f 796/1416/109 795/1415/109 902/1333/109
f 797/1417/109 796/1416/109 902/1333/109
f 883/1389/109 800/1317/109 884/1325/109
f 798/1332/109 797/1417/109 902/1333/109
f 799/1326/109 798/1332/109 887/1331/109
f 801/1391/109 879/1390/109 878/1388/109
f 800/1317/109 799/1326/109 884/1325/109
f 801/1391/109 800/1317/109 880/1374/109
f 802/1376/109 801/1391/109 878/1388/109
f 803/1297/109 802/1376/109 876/1301/109
f 783/196/150 2141/197/150 2262/1418/151
f 902/1018/415 783/196/150 2261/1419/151
f 2260/1019/415 902/1018/415 2261/1419/151
f 782/1420/540 2140/1421/540 2139/1422/541
f 781/1423/541 2139/1422/541 2138/1424/542
f 780/1425/542 2138/1424/542 2137/1426/543
f 779/1427/543 2137/1426/543 2136/1428/544
f 778/1429/544 2136/1428/544 2135/1430/545
f 777/1431/545 2135/1430/545 2134/1432/546
f 775/1433/547 776/1434/546 2134/1432/546
f 775/1433/547 2133/1435/547 2132/1436/548
f 774/1437/548 2132/1436/548 2131/1438/549
f 773/1439/549 2131/1438/549 2130/1440/550
f 772/1441/550 2130/1440/550 2129/1442/551
f 771/1443/551 2129/1442/551 2128/1444/552
f 769/1445/479 770/1446/552 2128/1444/552
f 769/1445/479 2127/1447/479 2126/1448/478
f 768/1449/478 2126/1448/478 2125/1450/170
f 767/1451/170 2125/1450/170 2124/1452/553
f 766/1453/553 2124/1452/553 2123/1454/215
f 765/1455/173 2123/1454/215 2122/1456/554
f 764/1457/555 2122/1456/554 2121/1458/556
f 763/1459/472 2121/1458/556 2120/1460/335
f 762/1461/335 2120/1460/335 2119/1462/219
f 761/1463/219 2119/1462/219 2118/1464/179
f 760/1465/179 2118/1464/179 2117/1466/469
f 758/1467/468 2116/1468/468 2115/1469/222
f 759/1470/469 2117/1466/469 2116/1468/468
f 2711/1471/182 2115/1469/222 2114/1472/212
f 757/1473/213 2114/1472/213 2113/1474/166
f 756/1475/166 2113/1474/166 2112/1476/557
f 755/1477/557 2112/1476/557 2111/1478/558
f 754/1479/559 2111/1478/558 2110/1480/560
f 753/1481/561 2110/1480/560 2109/1482/562
f 752/1483/563 2109/1482/562 2108/1484/564
f 751/1485/564 2108/1484/564 2107/1486/565
f 750/1487/565 2107/1486/565 2106/1488/566
f 749/1489/566 2106/1488/566 2105/1490/567
f 748/1491/568 2105/1490/567 2104/1492/569
f 747/1493/569 2104/1492/569 2103/1494/570
f 746/1495/570 2103/1494/570 2102/1496/152
f 745/1497/152 2102/1496/152 2101/1498/150
f 744/1499/150 2099/1500/151 2098/1501/151
f 2097/1502/151 2096/1503/150 739/1504/150
f 740/1505/151 741/1506/151 2098/1501/151
f 739/1504/150 740/1505/151 2098/1501/151
f 741/1506/151 742/1507/151 2098/1501/151
f 744/1499/150 2100/1508/151 2099/1500/151
f 744/1499/150 2101/1498/150 2100/1508/151
f 743/1509/151 744/1499/150 2098/1501/151
f 742/1507/151 743/1509/151 2098/1501/151
f 739/1504/150 2096/1503/150 2095/1510/277
f 738/1511/277 2095/1510/277 2094/1512/354
f 737/1513/154 2094/1512/354 2093/1514/571
f 736/1515/353 2093/1514/571 2092/1196/274
f 735/1516/274 2092/1196/274 2091/1517/572
f 734/1518/572 2091/1517/572 2090/1519/573
f 732/1520/574 733/1521/573 2090/1519/573
f 732/1520/574 2089/1522/574 2088/1523/160
f 731/1524/161 2088/1523/160 2087/1525/575
f 730/1526/576 2087/1525/575 2086/1527/163
f 729/1528/164 2086/1527/163 2085/1529/165
f 728/1530/165 2085/1529/165 2084/1531/166
f 727/1532/166 2084/1531/166 2083/1533/166
f 726/1534/166 2083/1533/166 2082/1535/165
f 725/1536/165 2082/1535/165 2081/1537/533
f 724/1538/533 2081/1537/533 2080/1539/576
f 723/1540/577 2080/1539/576 2079/1541/578
f 722/1542/161 2079/1541/578 2078/1543/574
f 721/1544/574 2078/1543/574 2077/1545/579
f 719/1546/572 720/1547/573 2077/1545/579
f 719/1546/572 2076/1548/572 2075/1549/156
f 718/1550/274 2075/1549/156 2074/1551/353
f 717/1552/353 2074/1551/353 2073/1553/154
f 716/1554/154 2073/1553/154 2072/1555/276
f 715/1556/276 2072/1555/276 2071/1557/580
f 713/1558/151 2070/1559/151 2069/1560/151
f 712/1561/151 713/1558/151 2069/1560/151
f 711/1562/197 712/1561/151 2068/1563/151
f 2067/1564/581 711/1562/197 2068/1563/151
f 714/1565/150 2071/1557/580 2070/1559/151
f 713/1558/151 714/1565/150 2070/1559/151
f 713/1566/582 710/1567/238 715/1568/109
f 710/1569/198 711/1562/197 2067/1564/581
f 710/1569/198 2066/1570/583 2065/1571/199
f 708/1572/584 709/1573/585 2065/1571/199
f 708/1572/584 2064/1574/200 2063/1575/202
f 707/1576/255 2063/1575/202 2062/1577/256
f 706/1578/586 2062/1577/256 2061/1579/587
f 705/1580/588 2061/1579/587 2060/1581/589
f 704/1582/206 2060/1581/589 2059/1583/590
f 703/1584/207 2059/1583/590 2058/1585/591
f 702/1586/591 2058/1585/591 2057/1587/592
f 701/1588/209 2057/1587/592 2056/1589/210
f 700/1590/210 2056/1589/210 2055/1591/265
f 2055/1591/265 2054/1592/265 698/1593/265
f 698/1593/265 2054/1592/265 2053/1594/593
f 697/1595/593 2053/1594/593 2052/1596/594
f 696/1597/595 2052/1596/594 2051/1598/591
f 695/1599/591 2051/1598/591 2050/1600/590
f 694/1601/590 2050/1600/590 2049/1602/596
f 693/1603/596 2049/1602/596 2048/1604/204
f 692/1605/205 2048/1604/204 2047/1606/597
f 691/1607/598 2047/1606/597 2046/1608/599
f 690/1609/599 2046/1608/599 2045/1610/600
f 689/1611/253 2045/1610/600 2044/1612/601
f 688/1613/199 2044/1612/601 2043/1614/198
f 687/1615/198 2043/1614/198 2042/1616/197
f 684/1617/151 2041/1618/151 2040/1619/151
f 2039/1620/151 2038/245/151 681/1621/602
f 2038/245/151 2037/1622/293 681/1621/602
f 682/243/151 683/1623/151 2039/1620/151
f 681/1621/602 682/243/151 2039/1620/151
f 684/1617/151 685/1624/151 2041/1618/151
f 683/1623/151 684/1617/151 2040/1619/151
f 686/1625/603 2042/1616/197 2041/1618/151
f 685/1624/151 686/1625/603 2041/1618/151
f 702/1626/109 700/1627/109 710/1567/238
f 718/1628/246 716/1629/238 724/1630/109
f 722/1631/109 720/1632/109 718/1628/246
f 724/1630/109 722/1631/109 718/1628/246
f 698/1633/109 727/1634/109 710/1567/238
f 702/1626/109 701/1635/244 700/1627/109
f 704/1636/355 703/1637/109 702/1626/109
f 705/1638/109 704/1636/355 702/1626/109
f 706/1639/238 705/1638/109 702/1626/109
f 707/1640/238 706/1639/238 710/1567/238
f 708/1641/604 707/1640/238 710/1567/238
f 710/1567/238 709/1642/109 708/1641/604
f 715/1568/109 710/1567/238 727/1634/109
f 718/1628/246 717/1643/360 716/1629/238
f 720/1632/109 719/1644/109 718/1628/246
f 722/1631/109 721/1645/109 720/1632/109
f 724/1630/109 723/1646/356 722/1631/109
f 725/1647/109 724/1630/109 716/1629/238
f 726/1648/109 716/1629/238 715/1568/109
f 698/1633/109 697/1649/238 727/1634/109
f 699/1650/109 698/1633/109 710/1567/238
f 700/1627/109 699/1650/109 710/1567/238
f 697/1649/238 728/1651/239 727/1634/109
f 726/1648/109 725/1647/109 716/1629/238
f 727/1634/109 726/1648/109 715/1568/109
f 697/1649/238 696/1652/109 728/1651/239
f 696/1652/109 729/1653/246 728/1651/239
f 696/1652/109 695/1654/238 729/1653/246
f 695/1654/238 730/1655/238 729/1653/246
f 731/1656/238 730/1655/238 695/1654/238
f 694/1657/239 731/1656/238 695/1654/238
f 694/1657/239 693/1658/238 731/1656/238
f 693/1658/238 732/1659/109 731/1656/238
f 733/1660/109 732/1659/109 693/1658/238
f 692/1661/238 733/1660/109 693/1658/238
f 734/1662/109 733/1660/109 692/1661/238
f 691/1663/109 734/1662/109 692/1661/238
f 691/1663/109 690/1664/109 734/1662/109
f 690/1664/109 735/1665/238 734/1662/109
f 690/1664/109 689/1666/109 735/1665/238
f 689/1666/109 736/1667/109 735/1665/238
f 689/1666/109 688/1668/109 736/1667/109
f 688/1668/109 737/1669/286 736/1667/109
f 738/1670/605 737/1669/286 688/1668/109
f 687/1671/606 738/1670/605 688/1668/109
f 687/1671/606 686/1672/607 738/1670/605
f 739/1673/608 738/1670/605 686/1672/607
f 680/1674/109 739/1673/608 686/1672/607
f 681/1621/602 2037/1622/293 2036/1675/609
f 680/1676/609 2036/1675/609 2035/1677/610
f 679/1678/611 2035/1677/610 2034/1679/612
f 678/1680/613 2034/1679/612 2033/1681/614
f 677/1682/615 2033/1681/614 2032/1683/616
f 676/1684/616 2032/1683/616 2031/1685/617
f 674/1686/618 675/1687/617 2031/1685/617
f 674/1686/618 2030/1688/618 2029/1689/619
f 673/1690/620 2029/1689/619 2028/1691/621
f 671/1692/592 672/1693/621 2028/1691/621
f 671/1692/592 2027/1694/209 2026/1695/593
f 670/1696/593 2026/1695/593 2025/1697/622
f 669/1698/622 2025/1697/622 2024/1699/623
f 668/1700/623 2024/1699/623 2023/1701/624
f 667/1702/624 2023/1701/624 2022/1703/625
f 666/1704/625 2022/1703/625 2021/1705/626
f 664/1706/627 665/1707/626 2021/1705/626
f 664/1706/627 2020/1708/628 2019/1709/629
f 663/1710/629 2019/1709/629 2018/1711/630
f 662/1712/631 2018/1711/630 2017/1713/632
f 661/1714/632 2017/1713/632 2016/1715/633
f 660/1716/633 2016/1715/633 2015/1717/634
f 659/1718/634 2015/1717/634 2014/1719/635
f 658/1720/635 2014/1719/635 2013/1721/636
f 2011/1722/212 2010/1723/637 2713/1724/212
f 656/1725/638 2012/1726/638 2011/1722/212
f 2712/1727/639 2009/1728/212 2008/1729/640
f 2713/1724/212 656/1725/638 2011/1722/212
f 2712/1727/639 2713/1724/212 2009/1728/212
f 656/1730/109 668/1731/109 662/1732/250
f 658/1733/239 656/1730/109 662/1732/250
f 668/1731/109 666/1734/238 662/1732/250
f 676/1735/109 674/1736/239 670/1737/109
f 678/1738/238 676/1735/109 670/1737/109
f 2713/1739/109 680/1674/109 669/1740/109
f 750/1741/241 748/1742/109 756/1743/109
f 752/1744/236 750/1741/241 756/1743/109
f 670/1737/109 680/1674/109 678/1738/238
f 656/1730/109 2713/1739/109 668/1731/109
f 658/1733/239 657/1745/292 656/1730/109
f 660/1746/109 659/1747/359 658/1733/239
f 661/1748/109 660/1746/109 658/1733/239
f 662/1732/250 661/1748/109 658/1733/239
f 663/1749/641 662/1732/250 666/1734/238
f 664/1750/642 663/1749/641 666/1734/238
f 666/1734/238 665/1751/109 664/1750/642
f 668/1731/109 667/1752/109 666/1734/238
f 669/1740/109 668/1731/109 2713/1739/109
f 670/1737/109 669/1740/109 680/1674/109
f 672/1753/643 671/1754/644 670/1737/109
f 673/1755/645 672/1753/643 670/1737/109
f 674/1736/239 673/1755/645 670/1737/109
f 676/1735/109 675/1756/646 674/1736/239
f 678/1738/238 677/1757/218 676/1735/109
f 680/1674/109 679/1758/292 678/1738/238
f 743/1759/109 680/1674/109 2713/1739/109
f 745/1760/109 744/1761/239 748/1742/109
f 746/1762/109 745/1760/109 748/1742/109
f 748/1742/109 747/1763/109 746/1762/109
f 750/1741/241 749/1764/109 748/1742/109
f 752/1744/236 751/1765/647 750/1741/241
f 754/1766/241 753/1767/648 752/1744/236
f 755/1768/109 754/1766/241 752/1744/236
f 756/1743/109 755/1768/109 752/1744/236
f 743/1759/109 756/1743/109 744/1761/239
f 757/1769/109 756/1743/109 743/1759/109
f 2713/1739/109 757/1769/109 743/1759/109
f 657/1770/636 2013/1721/636 2012/1726/638
f 2712/1727/639 2008/1729/640 2007/1771/649
f 655/1772/649 2007/1771/649 2006/1773/650
f 654/1774/650 2006/1773/650 2005/1775/651
f 653/1776/651 2005/1775/651 2004/1777/652
f 652/1778/652 2004/1777/652 2003/1779/129
f 651/1780/129 2003/1779/129 2002/1781/653
f 650/1782/654 2002/1781/653 2001/1783/655
f 648/1784/656 649/1785/655 2001/1783/655
f 648/1784/656 2000/1786/657 1999/1787/658
f 646/1788/659 647/1789/658 1999/1787/658
f 646/1788/659 1998/1790/659 1997/1791/660
f 645/1792/660 1997/1791/660 1996/1793/661
f 644/1794/661 1996/1793/661 1995/1795/662
f 643/1796/662 1995/1795/662 1994/1797/663
f 642/1798/663 1994/1797/663 1993/1799/664
f 641/1800/664 1993/1799/664 1992/1801/665
f 640/1802/665 1992/1801/665 1991/1803/666
f 639/1804/666 1991/1803/666 1990/1805/667
f 638/1806/667 1990/1805/667 1989/1807/668
f 637/1808/668 1989/1807/668 1988/1809/669
f 636/1810/669 1988/1809/669 1987/1811/670
f 635/1812/670 1987/1811/670 1986/1813/671
f 634/1814/671 1986/1813/671 1985/1815/672
f 632/1816/673 633/1817/672 1985/1815/672
f 632/1816/673 1984/1818/673 1983/1819/674
f 631/1820/674 1983/1819/674 1982/1821/212
f 782/1420/540 629/196/151 1981/197/151
f 630/1822/213 1982/1821/213 1981/195/213
f 631/1823/109 778/1824/109 777/1825/109
f 631/1823/109 779/1826/109 778/1824/109
f 630/1827/109 780/1828/109 779/1826/109
f 630/1827/109 781/1829/109 780/1828/109
f 631/1823/109 774/1830/109 642/1831/109
f 771/1832/109 770/1833/109 643/1834/109
f 773/1835/109 643/1834/109 774/1830/109
f 631/1823/109 775/1836/109 774/1830/109
f 630/1827/109 782/1837/109 781/1829/109
f 630/1827/109 629/1838/109 782/1837/109
f 631/1823/109 630/1827/109 779/1826/109
f 775/1836/109 631/1823/109 776/1839/109
f 632/1840/109 631/1823/109 642/1831/109
f 633/1841/109 632/1840/109 641/1842/109
f 634/1843/109 633/1841/109 640/1844/109
f 637/1845/109 636/1846/109 635/1847/109
f 638/1848/109 637/1845/109 635/1847/109
f 639/1849/109 638/1848/109 635/1847/109
f 634/1843/109 639/1849/109 635/1847/109
f 640/1844/109 639/1849/109 634/1843/109
f 641/1842/109 640/1844/109 633/1841/109
f 642/1831/109 641/1842/109 632/1840/109
f 643/1834/109 772/1850/109 771/1832/109
f 770/1833/109 769/1851/109 644/1852/109
f 769/1851/109 645/1853/239 644/1852/109
f 772/1850/109 643/1834/109 773/1835/109
f 643/1834/109 642/1831/109 774/1830/109
f 644/1852/109 643/1834/109 770/1833/109
f 769/1851/109 768/1854/238 645/1853/239
f 768/1854/238 646/1855/239 645/1853/239
f 768/1854/238 767/1856/109 646/1855/239
f 767/1856/109 647/1857/238 646/1855/239
f 767/1856/109 766/1858/238 647/1857/238
f 765/1859/243 648/1860/245 647/1857/238
f 766/1858/238 765/1859/243 647/1857/238
f 765/1859/243 649/1861/239 648/1860/245
f 765/1859/243 764/1862/239 649/1861/239
f 764/1862/239 650/1863/246 649/1861/239
f 764/1862/239 763/1864/239 650/1863/246
f 763/1864/239 651/1865/239 650/1863/246
f 763/1864/239 762/1866/243 651/1865/239
f 762/1866/243 652/1867/239 651/1865/239
f 762/1866/243 761/1868/238 652/1867/239
f 761/1868/238 653/1869/109 652/1867/239
f 761/1868/238 760/1870/109 653/1869/109
f 760/1870/109 654/1871/243 653/1869/109
f 760/1870/109 759/1872/109 654/1871/243
f 758/1873/675 655/1874/240 654/1871/243
f 759/1872/109 758/1873/675 654/1871/243
f 758/1873/675 2712/1875/244 655/1874/240
f 758/1873/675 2711/1876/676 2712/1875/244
f 628/1877/677 1980/1878/677 1979/1879/678
f 627/1880/678 1979/1879/678 1978/198/679
f 626/890/679 1978/198/679 1977/1881/680
f 625/1882/680 1977/1881/680 1976/1883/681
f 624/1884/681 1976/1883/681 1975/1885/682
f 623/1886/682 1975/1885/682 1974/1887/683
f 622/1888/683 1974/1887/683 1973/1889/684
f 621/1890/684 1973/1889/684 1972/99/685
f 620/100/685 1972/99/685 1971/1891/686
f 619/1892/686 1971/1891/686 1970/1893/687
f 617/1894/688 618/1895/687 1970/1893/687
f 617/1894/688 1969/1896/688 1968/392/689
f 616/950/689 1968/392/689 1967/1897/690
f 615/1898/690 1967/1897/690 1966/1899/691
f 614/1900/691 1966/1899/691 1965/107/692
f 613/108/692 1965/107/692 1964/1901/693
f 612/1902/693 1964/1901/693 1963/1903/694
f 611/1904/694 1963/1903/694 1962/889/695
f 610/1905/695 1962/889/695 1961/1906/696
f 609/1907/696 1961/1906/696 1960/1908/697
f 607/1909/698 608/1910/697 1960/1908/697
f 607/1909/698 1959/1911/698 1958/1912/699
f 606/1913/699 1958/1912/699 1957/1914/700
f 605/1915/700 1957/1914/700 1956/111/701
f 603/1916/702 604/112/701 1956/111/701
f 603/1916/702 1955/1917/702 1954/1918/703
f 601/200/704 602/1919/703 1954/1918/703
f 600/1920/705 601/200/704 1953/199/704
f 600/1920/705 1952/1921/705 1951/1922/706
f 599/1923/706 1951/1922/706 1950/201/707
f 598/202/707 1950/201/707 1949/1924/708
f 597/1925/708 1949/1924/708 1948/1926/709
f 596/1927/709 1948/1926/709 1947/115/710
f 594/1928/711 595/116/710 1947/115/710
f 594/1928/711 1946/1929/711 1945/1930/712
f 593/1931/712 1945/1930/712 1944/203/713
f 592/204/713 1944/203/713 1943/1932/714
f 590/1933/715 591/1934/714 1943/1932/714
f 590/1933/715 1942/1935/715 1941/205/716
f 589/206/716 1941/205/716 1940/1936/717
f 588/1937/717 1940/1936/717 1939/1938/718
f 586/120/719 587/1939/720 1939/1938/718
f 586/120/719 1938/119/719 1937/1940/721
f 585/1941/721 1937/1940/721 1936/1942/722
f 584/1943/722 1936/1942/722 1935/207/723
f 583/208/723 1935/207/723 1934/1944/724
f 582/1945/724 1934/1944/724 1933/1946/725
f 581/1947/725 1933/1946/725 1932/209/726
f 579/218/182 580/210/212 1932/209/212
f 579/218/182 1931/217/182 1930/1948/727
f 578/1949/727 1930/1948/727 1929/1950/728
f 577/1951/728 1929/1950/728 1928/219/729
f 576/220/729 1928/219/729 1927/1952/730
f 575/1953/730 1927/1952/730 1926/1954/731
f 574/1955/731 1926/1954/731 1925/1956/732
f 573/1957/732 1925/1956/732 1924/1958/733
f 571/1959/734 572/1960/735 1924/1958/733
f 571/1959/734 1923/1961/736 1922/1962/737
f 570/1963/737 1922/1962/737 1921/1964/738
f 569/1965/738 1921/1964/738 1920/1966/739
f 568/1967/739 1920/1966/739 1919/1968/479
f 567/1969/479 1919/1968/479 1918/1970/740
f 566/1971/740 1918/1970/740 1917/1972/741
f 565/1973/741 1917/1972/741 1916/1974/742
f 564/1975/742 1916/1974/742 1915/1976/743
f 563/1977/743 1915/1976/743 1914/1196/744
f 562/1516/744 1914/1196/744 1913/1978/745
f 561/1979/745 1913/1978/745 1912/1980/746
f 560/1981/746 1912/1980/746 1911/125/155
f 558/1982/747 559/126/155 1911/125/155
f 558/1982/747 1910/1983/747 1909/1984/748
f 557/1985/748 1909/1984/748 1908/1986/749
f 556/1987/749 1908/1986/749 1907/1988/750
f 555/1989/750 1907/1988/750 1906/1990/751
f 554/1991/751 1906/1990/751 1905/1992/752
f 553/1993/752 1905/1992/752 1904/133/753
f 552/134/753 1904/133/753 1903/1994/754
f 551/1995/754 1903/1994/754 1902/1996/755
f 550/1997/755 1902/1996/755 1901/225/756
f 549/226/756 1901/225/756 1900/1998/613
f 548/1999/613 1900/1998/613 1899/2000/757
f 546/228/758 547/2001/757 1899/2000/757
f 546/228/758 1898/227/758 1897/2002/759
f 545/2003/760 1897/2002/759 1896/2004/761
f 544/2005/761 1896/2004/761 1895/137/762
f 543/138/762 1895/137/762 1894/2006/763
f 542/2007/763 1894/2006/763 1893/2008/764
f 541/2009/764 1893/2008/764 1892/234/765
f 540/233/766 1892/234/765 1891/2010/767
f 539/2011/767 1891/2010/767 1890/2012/768
f 538/2013/768 1890/2012/768 1889/235/769
f 537/236/769 1889/235/769 1888/2014/770
f 536/2015/770 1888/2014/770 1887/2016/771
f 534/146/772 535/2017/771 1887/2016/771
f 534/146/772 1886/145/772 1885/2018/773
f 533/2019/773 1885/2018/773 1884/2020/774
f 532/2021/774 1884/2020/774 1883/238/775
f 531/237/775 1883/238/775 1882/2022/776
f 530/2023/776 1882/2022/776 1881/2024/777
f 529/2025/777 1881/2024/777 1880/2026/778
f 528/2027/778 1880/2026/778 1879/154/779
f 527/152/779 1879/154/779 1878/2028/780
f 526/2029/780 1878/2028/780 1877/2030/781
f 525/2031/781 1877/2030/781 1876/2032/782
f 524/2033/782 1876/2032/782 1875/2034/783
f 523/2035/783 1875/2034/783 1874/2036/784
f 522/2037/784 1874/2036/784 1873/978/785
f 521/979/785 1873/978/785 1872/2038/786
f 520/2039/786 1872/2038/786 1871/2040/787
f 518/158/788 519/2041/787 1871/2040/787
f 518/158/788 1870/157/788 1869/2042/789
f 517/2043/789 1869/2042/789 1868/2044/790
f 516/2045/790 1868/2044/790 1867/2046/791
f 1867/2046/791 1866/2047/792 514/2048/792
f 514/2048/792 1866/2047/792 1865/2049/264
f 513/2050/264 1865/2049/264 1864/161/793
f 512/163/793 1864/161/793 1863/2051/794
f 511/2052/794 1863/2051/794 1862/2053/795
f 510/2054/795 1862/2053/795 1861/239/796
f 509/240/796 1861/239/796 1860/2055/797
f 508/2056/797 1860/2055/797 1859/2057/798
f 507/2058/798 1859/2057/798 1858/241/799
f 506/242/799 1858/241/799 1857/2059/800
f 505/2060/800 1857/2059/800 1856/2061/801
f 504/2062/801 1856/2061/801 1855/165/802
f 503/166/802 1855/165/802 1854/2063/803
f 1854/2063/803 1853/2064/804 501/2065/151
f 501/2065/151 502/2066/803 1854/2063/803
f 500/2067/804 1853/2064/804 1852/246/805
f 499/244/805 1852/246/805 1851/2068/806
f 498/2069/806 1851/2068/806 1850/2070/807
f 497/2071/807 1850/2070/807 1849/169/808
f 495/2072/809 496/170/808 1849/169/808
f 495/2072/809 1848/2073/809 1847/2074/810
f 494/2075/810 1847/2074/810 1846/247/811
f 492/2076/812 493/248/811 1846/247/811
f 492/2076/812 1845/2077/812 1844/2078/813
f 491/2079/813 1844/2078/813 1843/249/814
f 490/250/814 1843/249/814 1842/2080/815
f 489/2081/815 1842/2080/815 1841/2082/816
f 488/2083/816 1841/2082/816 1840/251/817
f 487/252/817 1840/251/817 1839/2084/818
f 486/2085/818 1839/2084/818 1838/2086/819
f 485/2087/819 1838/2086/819 1837/253/820
f 483/2088/821 484/254/822 1837/253/820
f 483/2088/821 1836/2089/823 1835/2090/824
f 482/2091/825 1835/2090/824 1834/255/826
f 481/256/827 1834/255/826 1833/2092/828
f 480/2093/829 1833/2092/828 1832/2094/830
f 479/2095/831 1832/2094/830 1831/257/832
f 478/259/832 1831/257/832 1830/2096/833
f 477/2097/833 1830/2096/833 1829/2098/834
f 475/258/151 1829/2098/834 1828/2099/151
f 1826/2100/151 474/387/151 1827/2101/151
f 474/387/151 475/258/151 1827/2101/151
f 475/258/151 476/2102/834 1829/2098/834
f 1825/2103/151 473/2104/151 1826/2100/151
f 473/2104/151 474/387/151 1826/2100/151
f 472/2105/197 473/2104/151 1825/2103/151
f 1824/2106/293 472/2105/197 1825/2103/151
f 472/2105/197 1824/2106/293 1823/2107/835
f 470/2108/836 471/262/835 1823/2107/835
f 470/2108/836 1822/2109/252 1821/2110/600
f 469/2111/600 1821/2110/600 1820/2112/837
f 468/2113/837 1820/2112/837 1819/2114/838
f 467/2115/838 1819/2114/838 1818/2116/839
f 466/2117/839 1818/2116/839 1817/2118/206
f 465/2119/589 1817/2118/206 1816/2120/840
f 464/2121/840 1816/2120/840 1815/2122/841
f 463/2123/841 1815/2122/841 1814/1000/592
f 462/1001/592 1814/1000/592 1813/2124/842
f 460/2125/843 461/2126/844 1813/2124/842
f 460/2125/843 1812/2127/843 1811/175/845
f 459/176/845 1811/175/845 1810/2128/846
f 492/2129/109 491/2130/109 457/2131/109
f 457/2131/109 494/2132/109 493/2133/109
f 457/2131/109 495/2134/109 494/2132/109
f 457/2131/109 496/2135/109 495/2134/109
f 457/2131/109 497/2136/109 496/2135/109
f 475/2137/109 490/2138/109 489/2139/109
f 467/2140/847 463/2141/290 471/2142/239
f 457/2131/109 498/2143/109 497/2136/109
f 457/2131/109 499/245/109 498/2143/109
f 463/2141/290 461/2144/239 471/2142/239
f 490/2138/109 475/2137/109 491/2130/109
f 475/2137/109 457/2131/109 491/2130/109
f 478/2145/245 476/2146/109 488/2147/109
f 484/2148/848 482/2149/236 478/2145/245
f 486/2150/246 484/2148/848 478/2145/245
f 488/2147/109 486/2150/246 478/2145/245
f 489/2139/109 488/2147/109 475/2137/109
f 488/2147/109 487/2151/109 486/2150/246
f 486/2150/246 485/2152/357 484/2148/848
f 484/2148/848 483/2153/849 482/2149/236
f 481/2154/109 480/2155/238 478/2145/245
f 482/2149/236 481/2154/109 478/2145/245
f 480/2155/238 479/2156/850 478/2145/245
f 478/2145/245 477/2157/360 476/2146/109
f 475/2137/109 471/2142/239 457/2131/109
f 476/2146/109 475/2137/109 488/2147/109
f 471/2142/239 470/2158/248 469/2159/851
f 468/2160/852 467/2140/847 471/2142/239
f 469/2159/851 468/2160/852 471/2142/239
f 466/2161/853 465/2162/854 463/2141/290
f 467/2140/847 466/2161/853 463/2141/290
f 465/2162/854 464/2163/109 463/2141/290
f 463/2141/290 462/2164/855 461/2144/239
f 460/2165/109 459/2166/109 471/2142/239
f 461/2144/239 460/2165/109 471/2142/239
f 458/2167/109 457/2131/109 471/2142/239
f 459/2166/109 458/2167/109 471/2142/239
f 457/2131/109 500/2168/856 499/245/109
f 457/2131/109 501/2169/857 500/2168/856
f 457/2170/858 458/2171/846 1810/2128/846
f 457/2170/858 1809/2172/858 1808/2173/859
f 456/2174/859 1808/2173/859 1807/2175/860
f 455/2176/860 1807/2175/860 1806/2177/861
f 454/2178/861 1806/2177/861 1805/2179/862
f 453/2180/862 1805/2179/862 1804/2181/863
f 452/2182/863 1804/2181/863 1803/2183/864
f 451/2184/864 1803/2183/864 1802/179/865
f 449/2185/866 450/180/865 1802/179/865
f 449/2185/866 1801/2186/866 1800/2187/867
f 1800/2187/867 1799/2188/868 447/2189/868
f 447/2189/868 1799/2188/868 1798/272/869
f 445/2190/870 446/273/869 1798/272/869
f 445/2190/870 1797/2191/870 1796/2192/871
f 444/2193/871 1796/2192/871 1795/187/872
f 443/188/872 1795/187/872 1794/2194/873
f 442/2195/873 1794/2194/873 1793/2196/874
f 441/2197/874 1793/2196/874 1792/274/875
f 440/275/875 1792/274/875 1791/2198/876
f 439/2199/876 1791/2198/876 1790/2200/877
f 438/2201/877 1790/2200/877 1789/276/878
f 437/277/878 1789/276/878 1788/2202/530
f 436/2203/530 1788/2202/530 1787/2204/879
f 435/2205/879 1787/2204/879 1786/195/880
f 604/2206/109 539/2207/109 605/2208/109
f 532/2209/109 606/2210/109 605/2208/109
f 531/2211/109 607/2212/109 606/2210/109
f 602/2213/109 549/2214/109 603/2215/109
f 599/2216/109 598/2217/109 551/2218/109
f 517/2219/109 516/2220/109 621/2221/109
f 597/2222/109 552/2223/109 598/2217/109
f 596/2224/109 552/2223/109 597/2222/109
f 514/2225/109 513/2226/109 442/2227/109
f 595/2228/109 552/2223/109 596/2224/109
f 513/2226/109 512/2229/109 443/2230/109
f 594/2231/109 553/2232/109 595/2228/109
f 512/2229/109 511/2233/109 444/2234/109
f 593/2235/109 553/2232/109 594/2231/109
f 511/2233/109 510/2236/109 444/2234/109
f 592/2237/109 553/2232/109 593/2235/109
f 509/2238/109 445/2239/109 510/2236/109
f 508/2240/109 445/2239/109 509/2238/109
f 507/2241/109 446/2242/109 508/2240/109
f 506/2243/109 446/2242/109 507/2241/109
f 522/2244/109 617/2245/109 523/2246/109
f 615/2247/109 614/2248/109 527/2249/109
f 521/2250/109 617/2245/109 522/2244/109
f 505/2251/109 446/2242/109 506/2243/109
f 616/2252/109 615/2247/109 527/2249/109
f 441/2253/109 436/2254/109 514/2225/109
f 447/2255/109 505/2251/109 504/2256/109
f 447/2255/109 503/2257/109 502/2258/109
f 435/2259/109 516/2220/109 515/2260/109
f 436/2254/109 515/2260/109 514/2225/109
f 619/2261/109 519/2262/109 518/2263/109
f 617/2245/109 616/2252/109 525/2264/109
f 618/2265/109 520/2266/109 519/2262/109
f 520/2266/109 618/2265/109 521/2250/109
f 618/2265/109 617/2245/109 521/2250/109
f 519/2262/109 619/2261/109 618/2265/109
f 620/2267/109 619/2261/109 518/2263/109
f 621/2221/109 620/2267/109 517/2219/109
f 517/2219/109 620/2267/109 518/2263/109
f 622/2268/109 621/2221/109 516/2220/109
f 623/2269/109 626/2270/109 624/2271/109
f 626/2270/109 625/2272/109 624/2271/109
f 627/2273/109 626/2270/109 623/2269/109
f 622/2268/109 627/2273/109 623/2269/109
f 628/2274/109 627/2273/109 622/2268/109
f 434/2275/109 628/2274/109 516/2220/109
f 516/2220/109 628/2274/109 622/2268/109
f 437/2276/109 436/2254/109 440/2277/109
f 438/2278/109 437/2276/109 440/2277/109
f 440/2277/109 439/2279/109 438/2278/109
f 516/2220/109 435/2259/109 434/2275/109
f 441/2253/109 440/2277/109 436/2254/109
f 442/2227/109 441/2253/109 514/2225/109
f 515/2260/109 436/2254/109 435/2259/109
f 443/2230/109 442/2227/109 513/2226/109
f 444/2234/109 443/2230/109 512/2229/109
f 445/2239/109 444/2234/109 510/2236/109
f 446/2242/109 445/2239/109 508/2240/109
f 503/2257/109 447/2255/109 504/2256/109
f 447/2255/109 446/2242/109 505/2251/109
f 502/2258/109 448/2280/109 447/2255/109
f 449/2281/109 448/2280/109 502/2258/109
f 450/2282/109 449/2281/109 502/2258/109
f 451/2283/109 450/2282/109 502/2258/109
f 452/2284/109 451/2283/109 502/2258/109
f 454/2285/109 453/2286/109 457/2131/109
f 455/2287/109 454/2285/109 457/2131/109
f 452/2284/109 457/2131/109 453/2286/109
f 457/2131/109 456/2288/109 455/2287/109
f 502/2258/109 457/2131/109 452/2284/109
f 586/2289/109 585/2290/109 556/2291/109
f 524/2292/109 523/2246/109 617/2245/109
f 613/2293/109 528/2294/109 614/2248/109
f 585/2290/109 584/2295/109 556/2291/109
f 584/2295/109 583/2296/109 557/2297/109
f 525/2264/109 524/2292/109 617/2245/109
f 612/2298/109 528/2294/109 613/2293/109
f 526/2299/109 525/2264/109 616/2252/109
f 611/2300/109 528/2294/109 612/2298/109
f 583/2296/109 582/2301/109 558/2302/109
f 579/2303/239 575/2304/109 567/2305/109
f 527/2249/109 526/2299/109 616/2252/109
f 573/2306/241 571/2307/279 567/2305/109
f 575/2304/109 573/2306/241 567/2305/109
f 582/2301/109 581/2308/109 558/2302/109
f 578/2309/357 577/2310/291 575/2304/109
f 579/2303/239 578/2309/357 575/2304/109
f 577/2310/291 576/2311/359 575/2304/109
f 575/2304/109 574/2312/109 573/2306/241
f 573/2306/241 572/2313/881 571/2307/279
f 571/2307/279 570/2314/356 569/2315/109
f 568/2316/109 567/2305/109 571/2307/279
f 569/2315/109 568/2316/109 571/2307/279
f 556/2291/109 587/2317/109 586/2289/109
f 587/2317/109 555/2318/109 588/2319/109
f 559/2320/109 581/2308/109 580/2321/109
f 554/2322/109 591/2323/109 590/2324/109
f 589/2325/109 555/2318/109 590/2324/109
f 600/2326/109 551/2218/109 601/2327/109
f 603/2215/109 548/2328/109 604/2206/109
f 530/2329/109 608/2330/109 607/2212/109
f 529/2331/109 609/2332/109 608/2330/109
f 610/2333/109 528/2294/109 611/2300/109
f 528/2294/109 527/2249/109 614/2248/109
f 529/2331/109 528/2294/109 610/2333/109
f 609/2332/109 529/2331/109 610/2333/109
f 531/2211/109 530/2329/109 607/2212/109
f 608/2330/109 530/2329/109 529/2331/109
f 532/2209/109 531/2211/109 606/2210/109
f 605/2208/109 533/2334/109 532/2209/109
f 534/2335/109 533/2334/109 605/2208/109
f 535/2336/109 534/2335/109 539/2207/109
f 537/2337/109 536/2338/109 535/2336/109
f 538/2339/109 537/2337/109 535/2336/109
f 539/2207/109 538/2339/109 535/2336/109
f 541/2340/109 604/2206/109 547/2341/109
f 540/2342/109 539/2207/109 604/2206/109
f 541/2340/109 540/2342/109 604/2206/109
f 542/2343/109 541/2340/109 547/2341/109
f 543/2344/109 542/2343/109 546/2345/109
f 545/2346/109 544/2347/109 543/2344/109
f 546/2345/109 545/2346/109 543/2344/109
f 547/2341/109 546/2345/109 542/2343/109
f 601/2327/109 550/2348/109 602/2213/109
f 548/2328/109 547/2341/109 604/2206/109
f 549/2214/109 548/2328/109 603/2215/109
f 551/2218/109 600/2326/109 599/2216/109
f 550/2348/109 549/2214/109 602/2213/109
f 551/2218/109 550/2348/109 601/2327/109
f 591/2323/109 554/2322/109 592/2237/109
f 552/2223/109 551/2218/109 598/2217/109
f 553/2232/109 552/2223/109 595/2228/109
f 555/2318/109 589/2325/109 588/2319/109
f 554/2322/109 553/2232/109 592/2237/109
f 555/2318/109 554/2322/109 590/2324/109
f 556/2291/109 555/2318/109 587/2317/109
f 557/2297/109 556/2291/109 584/2295/109
f 558/2302/109 557/2297/109 583/2296/109
f 559/2320/109 558/2302/109 581/2308/109
f 579/2303/239 560/2349/109 580/2321/109
f 560/2349/109 559/2320/109 580/2321/109
f 561/2350/109 560/2349/109 579/2303/239
f 562/2351/109 561/2350/109 579/2303/239
f 563/2352/109 562/2351/109 579/2303/239
f 564/2353/109 563/2352/109 579/2303/239
f 565/2354/109 564/2353/109 579/2303/239
f 566/2355/109 565/2354/109 579/2303/239
f 567/2305/109 566/2355/109 579/2303/239
f 434/196/880 1786/197/880 1980/1878/677
f 433/943/364 1785/944/364 1784/945/363
f 432/942/882 1784/945/363 1783/946/883
f 431/947/884 1783/946/883 1782/948/885
f 430/949/366 1782/948/885 1781/392/886
f 429/950/887 1781/392/886 1780/807/370
f 428/808/370 1780/807/370 1779/952/888
f 427/951/371 1779/952/888 1778/953/889
f 426/954/889 1778/953/889 1777/955/373
f 425/956/890 1777/955/373 1776/203/891
f 424/204/891 1776/203/891 1775/957/375
f 423/958/375 1775/957/375 1774/817/376
f 1774/817/376 1773/960/377 421/2356/151
f 421/2356/151 422/818/376 1774/817/376
f 420/961/377 1773/960/377 1772/225/378
f 419/226/378 1772/225/378 1771/962/379
f 417/965/892 418/963/379 1771/962/379
f 417/965/892 1770/964/892 1769/966/893
f 416/967/893 1769/966/893 1768/968/894
f 415/969/383 1768/968/894 1767/145/895
f 414/146/896 1767/145/895 1766/970/897
f 413/971/898 1766/970/897 1765/972/899
f 412/973/900 1765/972/899 1764/974/387
f 410/977/901 411/975/902 1764/974/387
f 410/977/901 1763/976/903 1762/978/389
f 409/979/389 1762/978/389 1761/835/390
f 407/981/391 408/836/390 1761/835/390
f 407/981/391 1760/980/391 1759/982/392
f 406/983/392 1759/982/392 1758/984/904
f 404/243/394 405/985/904 1758/984/904
f 404/243/394 1757/245/394 1756/987/395
f 403/986/395 1756/987/395 1755/846/396
f 402/844/396 1755/846/396 1754/988/397
f 400/991/398 401/989/397 1754/988/397
f 400/991/398 1753/990/398 1752/257/399
f 399/259/399 1752/257/399 1751/992/400
f 398/994/400 1751/992/400 1750/995/401
f 397/993/401 1750/995/401 1749/996/402
f 396/997/402 1749/996/402 1748/998/403
f 395/999/403 1748/998/403 1747/1000/404
f 394/1001/404 1747/1000/404 1746/1002/405
f 393/1004/405 1746/1002/405 1745/1005/406
f 392/1003/406 1745/1005/406 1744/1006/407
f 391/1007/407 1744/1006/407 1743/1008/408
f 389/271/409 390/1009/408 1743/1008/408
f 388/1011/410 389/271/409 1742/270/409
f 388/1011/410 1741/1010/410 1740/1012/411
f 387/1013/411 1740/1012/411 1739/1014/412
f 386/1015/412 1739/1014/412 1738/1016/413
f 433/943/364 384/196/905 1737/197/414
f 385/1017/413 1738/1016/413 1737/195/414
f 383/1018/415 1736/1019/415 1735/1020/416
f 382/1021/416 1735/1020/416 1734/1022/417
f 381/1023/417 1734/1022/417 1733/1024/418
f 379/1027/419 380/1025/418 1733/1024/418
f 379/1027/419 1732/1026/419 1731/1028/420
f 378/1029/420 1731/1028/420 1730/1030/421
f 377/1031/421 1730/1030/421 1729/1032/906
f 376/1033/422 1729/1032/906 1728/1034/423
f 375/1035/423 1728/1034/423 1727/1036/424
f 374/1037/907 1727/1036/424 1726/1038/425
f 372/1041/426 373/1039/425 1726/1038/425
f 372/1041/426 1725/1040/426 1724/1042/427
f 371/1043/427 1724/1042/427 1723/1044/428
f 370/1045/428 1723/1044/428 1722/1046/429
f 369/1047/429 1722/1046/429 1721/1048/431
f 368/1049/431 1721/1048/431 1720/1050/432
f 367/1052/432 1720/1050/432 1719/1053/433
f 366/1051/433 1719/1053/433 1718/1054/434
f 365/1055/434 1718/1054/434 1717/203/435
f 364/204/435 1717/203/435 1716/1056/436
f 363/1057/436 1716/1056/436 1715/1058/437
f 362/1059/437 1715/1058/437 1714/1060/438
f 361/1061/438 1714/1060/438 1713/1062/439
f 360/1063/439 1713/1062/439 1712/1064/440
f 359/1066/440 1712/1064/440 1711/1067/441
f 358/1065/441 1711/1067/441 1710/1068/442
f 357/1069/442 1710/1068/442 1709/1070/443
f 356/1071/443 1709/1070/443 1708/1072/444
f 354/1075/908 355/1073/444 1708/1072/444
f 354/1075/908 1707/1074/908 1706/1076/446
f 352/1077/447 353/1078/446 1706/1076/446
f 352/1077/447 1705/1080/447 1704/1081/448
f 351/1079/448 1704/1081/448 1703/1082/449
f 350/1083/449 1703/1082/449 1702/1084/450
f 349/1085/450 1702/1084/450 1701/1086/451
f 348/1087/451 1701/1086/451 1700/1088/909
f 346/1091/910 347/1089/911 1700/1088/909
f 346/1091/910 1699/1090/910 1698/1092/912
f 345/1093/912 1698/1092/912 1697/1094/913
f 344/1095/914 1697/1094/913 1696/1096/915
f 343/1097/916 1696/1096/915 1695/1098/917
f 342/1099/917 1695/1098/917 1694/1100/918
f 340/1103/919 341/1101/920 1694/1100/918
f 340/1103/919 1693/1102/921 1692/1104/922
f 339/1105/922 1692/1104/922 1691/1106/923
f 338/1107/463 1691/1106/923 1690/1108/924
f 337/1109/924 1690/1108/924 1689/1110/465
f 336/1111/466 1689/1110/465 1688/1112/467
f 1688/1112/467 1687/1113/182 334/1114/182
f 334/1114/182 1687/1113/182 1686/1115/181
f 333/1116/181 1686/1115/181 1685/1117/469
f 332/1118/469 1685/1117/469 1684/1119/470
f 331/1120/925 1684/1119/470 1683/1121/926
f 330/1122/927 1683/1121/926 1682/1123/336
f 329/1124/336 1682/1123/336 1681/1125/473
f 328/1126/472 1681/1125/473 1680/1127/174
f 327/1128/474 1680/1127/174 1679/1129/928
f 326/1130/928 1679/1129/928 1678/1131/171
f 325/1132/476 1678/1131/171 1677/1133/477
f 324/1134/477 1677/1133/477 1676/1135/478
f 323/1136/478 1676/1135/478 1675/1137/929
f 322/1138/479 1675/1137/929 1674/1139/480
f 321/1140/480 1674/1139/480 1673/1141/481
f 320/1142/481 1673/1141/481 1672/1143/482
f 319/1144/482 1672/1143/482 1671/1145/483
f 318/1146/483 1671/1145/483 1670/1147/484
f 317/1149/484 1670/1147/484 1669/1150/485
f 316/1148/485 1669/1150/485 1668/1151/486
f 315/1152/486 1668/1151/486 1667/1153/487
f 314/1154/487 1667/1153/487 1666/1155/488
f 313/1156/488 1666/1155/488 1665/1157/489
f 311/1158/490 312/1159/489 1665/1157/489
f 311/1158/490 1664/1160/490 1663/1161/491
f 309/1164/492 310/1162/491 1663/1161/491
f 309/1164/492 1662/1163/492 1661/1165/493
f 308/1166/493 1661/1165/493 1660/1167/494
f 307/1168/494 1660/1167/494 1659/1169/495
f 305/1172/496 306/1170/495 1659/1169/495
f 305/1172/496 1658/1171/496 1657/245/497
f 304/243/497 1657/245/497 1656/1173/498
f 303/1174/498 1656/1173/498 1655/1175/499
f 302/1176/499 1655/1175/499 1654/1177/500
f 301/1178/500 1654/1177/500 1653/1179/501
f 300/1180/501 1653/1179/501 1652/1181/502
f 299/1182/502 1652/1181/502 1651/1183/503
f 396/2357/109 395/2358/109 309/2359/109
f 395/2358/109 394/2360/109 309/2359/109
f 308/2361/109 398/2362/109 397/2363/109
f 307/2364/109 399/2365/109 398/2362/109
f 307/2364/109 400/2366/109 399/2365/109
f 393/2367/109 310/2368/109 394/2360/109
f 392/2369/109 310/2368/109 393/2367/109
f 307/2364/109 401/2370/109 400/2366/109
f 391/2371/109 310/2368/109 392/2369/109
f 390/2372/109 311/2373/109 391/2371/109
f 389/2374/109 311/2373/109 390/2372/109
f 384/2375/238 433/2376/109 316/2377/109
f 410/2378/245 409/2379/238 299/2380/109
f 411/2381/239 410/2378/245 298/2382/109
f 433/2376/109 432/2383/239 317/2384/109
f 432/2383/239 431/2385/109 317/2384/109
f 297/2386/109 412/2387/109 411/2381/239
f 297/2386/109 413/2388/238 412/2387/109
f 297/2386/109 414/2389/245 413/2388/238
f 297/2386/109 415/2390/109 414/2389/245
f 430/2391/109 318/2392/109 431/2385/109
f 429/2393/245 319/2394/109 430/2391/109
f 297/2386/109 416/2395/239 415/2390/109
f 297/2386/109 417/2396/238 416/2395/239
f 428/2397/238 319/2394/109 429/2393/245
f 427/2398/109 319/2394/109 428/2397/238
f 405/2399/109 304/2400/109 406/2401/109
f 407/2402/109 303/2403/109 408/2404/239
f 297/2386/109 418/2405/238 417/2396/238
f 297/2386/109 419/2406/240 418/2405/238
f 426/2407/109 319/2394/109 427/2398/109
f 425/2408/930 319/2394/109 426/2407/109
f 313/2409/109 386/2410/109 385/2411/109
f 388/2412/109 311/2373/109 389/2374/109
f 312/2413/109 387/2414/109 386/2410/109
f 306/2415/109 403/2416/109 402/2417/109
f 304/2400/109 407/2402/109 406/2401/109
f 404/2418/109 305/2419/109 405/2399/109
f 408/2404/239 301/2420/109 409/2379/238
f 297/2386/109 420/2421/109 419/2406/240
f 297/2386/109 421/2422/109 420/2421/109
f 298/2382/109 297/2386/109 411/2381/239
f 299/2380/109 298/2382/109 410/2378/245
f 300/2423/109 299/2380/109 409/2379/238
f 301/2420/109 300/2423/109 409/2379/238
f 302/2424/109 301/2420/109 408/2404/239
f 303/2403/109 302/2424/109 408/2404/239
f 304/2400/109 303/2403/109 407/2402/109
f 305/2419/109 304/2400/109 405/2399/109
f 403/2416/109 306/2415/109 404/2418/109
f 306/2415/109 305/2419/109 404/2418/109
f 307/2364/109 306/2415/109 401/2370/109
f 401/2370/109 306/2415/109 402/2417/109
f 308/2361/109 307/2364/109 398/2362/109
f 309/2359/109 308/2361/109 396/2357/109
f 310/2368/109 309/2359/109 394/2360/109
f 311/2373/109 310/2368/109 391/2371/109
f 387/2414/109 312/2413/109 388/2412/109
f 312/2413/109 311/2373/109 388/2412/109
f 386/2410/109 313/2409/109 312/2413/109
f 314/2425/109 313/2409/109 385/2411/109
f 315/2426/109 314/2425/109 384/2375/238
f 384/2375/238 314/2425/109 385/2411/109
f 316/2377/109 315/2426/109 384/2375/238
f 317/2384/109 316/2377/109 433/2376/109
f 319/2394/109 425/2408/930 424/2427/931
f 318/2392/109 317/2384/109 431/2385/109
f 319/2394/109 318/2392/109 430/2391/109
f 424/2427/931 423/2428/280 319/2394/109
f 298/1215/503 1651/1183/503 1650/1216/504
f 297/1217/504 1650/1216/504 1649/1218/505
f 296/1219/505 1649/1218/505 1648/1220/506
f 295/1221/506 1648/1220/506 1647/1222/507
f 294/1223/507 1647/1222/507 1646/1224/508
f 293/1225/508 1646/1224/508 1645/1226/509
f 292/1227/509 1645/1226/509 1644/1228/510
f 290/1231/511 291/1229/510 1644/1228/510
f 290/1231/511 1643/1230/511 1642/1232/512
f 289/1233/512 1642/1232/512 1641/1234/513
f 288/1235/513 1641/1234/513 1640/1236/514
f 287/1237/514 1640/1236/514 1639/1238/515
f 285/1241/516 286/1239/515 1639/1238/515
f 285/1241/516 1638/1240/516 1637/1000/517
f 284/1001/517 1637/1000/517 1636/1242/518
f 1636/1242/518 1635/1243/519 282/1244/519
f 282/1244/519 1635/1243/519 1634/1245/520
f 281/1246/520 1634/1245/520 1633/1247/521
f 279/1250/522 280/1248/521 1633/1247/521
f 278/1252/523 279/1250/522 1632/1249/522
f 278/1252/523 1631/1251/523 1630/1253/524
f 277/1254/524 1630/1253/524 1629/1255/525
f 276/1256/525 1629/1255/525 1628/1257/526
f 275/1258/526 1628/1257/526 1627/1259/527
f 274/1260/527 1627/1259/527 1626/1261/528
f 272/1264/529 273/1262/528 1626/1261/528
f 272/1264/529 1625/1263/529 1624/1265/530
f 271/1266/530 1624/1265/530 1623/1267/531
f 270/1268/531 1623/1267/531 1622/1269/532
f 269/1270/532 1622/1269/532 1621/1271/533
f 268/1272/533 1621/1271/533 1620/1273/534
f 267/1274/534 1620/1273/534 1619/1275/932
f 266/1276/932 1619/1275/932 1618/1277/152
f 1617/197/150 1736/1019/415 383/1018/415
f 350/2429/109 349/2430/109 288/2431/109
f 285/2432/109 353/2433/109 352/2434/109
f 349/2430/109 348/2435/109 289/2436/109
f 284/2437/109 356/2438/109 355/2439/109
f 347/2440/239 290/2441/109 348/2435/109
f 284/2437/109 357/2442/109 356/2438/109
f 346/2443/109 291/2444/109 347/2440/239
f 283/2445/109 358/2446/109 357/2442/109
f 283/2445/109 359/2447/109 358/2446/109
f 345/2448/109 292/2449/109 346/2443/109
f 340/2450/239 339/2451/109 297/2386/109
f 339/2451/109 338/2452/109 297/2386/109
f 366/2453/109 365/2454/109 280/2455/109
f 367/2456/109 366/2453/109 280/2455/109
f 338/2452/109 337/2457/109 297/2386/109
f 337/2457/109 336/2458/109 297/2386/109
f 368/2459/109 367/2456/109 280/2455/109
f 369/2460/109 368/2459/109 279/2461/109
f 336/2458/109 335/2462/109 297/2386/109
f 370/2463/109 369/2460/109 279/2461/109
f 285/2432/109 354/2464/109 353/2433/109
f 279/2461/109 383/2465/109 370/2463/109
f 371/2466/109 370/2463/109 383/2465/109
f 362/2467/109 281/2468/109 363/2469/109
f 287/2470/109 351/2471/109 350/2429/109
f 343/2472/109 295/2473/109 344/2474/240
f 341/2475/246 297/2386/109 342/2476/238
f 329/2477/238 327/2478/933 323/2479/109
f 331/2480/238 329/2477/238 323/2479/109
f 333/2481/109 331/2480/238 323/2479/109
f 335/2462/109 334/2482/109 421/2422/109
f 333/2481/109 332/2483/109 331/2480/238
f 331/2480/238 330/2484/109 329/2477/238
f 329/2477/238 328/2485/934 327/2478/933
f 326/2486/109 325/2487/109 323/2479/109
f 327/2478/933 326/2486/109 323/2479/109
f 325/2487/109 324/2488/361 323/2479/109
f 333/2481/109 322/2489/109 334/2482/109
f 322/2489/109 321/2490/109 334/2482/109
f 323/2479/109 322/2489/109 333/2481/109
f 321/2490/109 423/2428/280 334/2482/109
f 320/2491/109 423/2428/280 321/2490/109
f 423/2428/280 422/2492/109 334/2482/109
f 319/2394/109 423/2428/280 320/2491/109
f 421/2422/109 297/2386/109 335/2462/109
f 422/2492/109 421/2422/109 334/2482/109
f 297/2386/109 341/2475/246 340/2450/239
f 297/2386/109 296/2493/109 342/2476/238
f 342/2476/238 296/2493/109 295/2473/109
f 294/2494/109 293/2495/109 345/2448/109
f 295/2473/109 294/2494/109 344/2474/240
f 295/2473/109 343/2472/109 342/2476/238
f 292/2449/109 291/2444/109 346/2443/109
f 293/2495/109 292/2449/109 345/2448/109
f 344/2474/240 294/2494/109 345/2448/109
f 290/2441/109 289/2436/109 348/2435/109
f 291/2444/109 290/2441/109 347/2440/239
f 288/2431/109 287/2470/109 350/2429/109
f 289/2436/109 288/2431/109 349/2430/109
f 354/2464/109 284/2437/109 355/2439/109
f 286/2496/109 285/2432/109 352/2434/109
f 287/2470/109 286/2496/109 351/2471/109
f 282/2497/109 360/2498/109 359/2447/109
f 285/2432/109 284/2437/109 354/2464/109
f 281/2468/109 364/2499/109 363/2469/109
f 372/2500/109 371/2466/109 383/2465/109
f 373/2501/238 372/2500/109 383/2465/109
f 374/2502/246 373/2501/238 383/2465/109
f 375/2503/109 374/2502/246 383/2465/109
f 376/2504/245 375/2503/109 383/2465/109
f 377/2505/109 376/2504/245 383/2465/109
f 378/2506/109 377/2505/109 383/2465/109
f 379/257/109 378/2506/109 383/2465/109
f 380/2507/109 379/257/109 383/2465/109
f 382/2508/109 381/2509/109 380/2507/109
f 383/2465/109 382/2508/109 380/2507/109
f 264/2510/109 383/2465/109 272/2511/109
f 266/2512/109 265/1000/109 264/2510/109
f 267/2513/935 266/2512/109 270/2514/109
f 268/2515/936 267/2513/935 270/2514/109
f 270/2514/109 269/2516/937 268/2515/936
f 264/2510/109 270/2514/109 266/2512/109
f 271/2517/109 270/2514/109 264/2510/109
f 272/2511/109 271/2517/109 264/2510/109
f 273/2518/109 272/2511/109 383/2465/109
f 274/2519/109 273/2518/109 383/2465/109
f 275/2520/109 274/2519/109 383/2465/109
f 276/2521/109 275/2520/109 383/2465/109
f 277/2522/109 276/2521/109 383/2465/109
f 278/2523/109 277/2522/109 383/2465/109
f 364/2499/109 281/2468/109 365/2454/109
f 279/2461/109 278/2523/109 383/2465/109
f 280/2455/109 279/2461/109 368/2459/109
f 361/2524/109 281/2468/109 362/2467/109
f 281/2468/109 280/2455/109 365/2454/109
f 282/2497/109 281/2468/109 361/2524/109
f 360/2498/109 282/2497/109 361/2524/109
f 283/2445/109 282/2497/109 359/2447/109
f 284/2437/109 283/2445/109 357/2442/109
f 265/1278/152 1618/1277/152 1617/195/150
f 263/2525/938 1616/2526/938 1615/2527/939
f 262/2528/939 1615/2527/939 1614/2529/940
f 260/2530/941 261/2531/940 1614/2529/940
f 260/2530/941 1613/2532/941 1612/2533/942
f 259/2534/942 1612/2533/942 1611/2535/943
f 257/2536/944 258/2537/943 1611/2535/943
f 256/2538/945 257/2536/944 1610/2539/944
f 256/2538/945 1609/2540/945 1608/2541/946
f 255/2542/946 1608/2541/946 1607/2543/947
f 254/2544/947 1607/2543/947 1606/2545/948
f 253/2546/948 1606/2545/948 1605/2547/949
f 252/2548/949 1605/2547/949 1604/2549/950
f 251/2550/950 1604/2549/950 1603/2551/951
f 250/2552/951 1603/2551/951 1602/2553/952
f 249/2554/952 1602/2553/952 1601/2555/953
f 247/2556/954 248/2557/953 1601/2555/953
f 246/2558/955 247/2556/954 1600/2559/954
f 246/2558/955 1599/2560/955 1598/2561/956
f 245/2562/956 1598/2561/956 1597/2563/957
f 243/2564/958 244/2565/957 1597/2563/957
f 243/2564/958 1596/2566/958 1595/2567/959
f 242/2568/959 1595/2567/959 1594/2569/960
f 241/2570/960 1594/2569/960 1593/2571/961
f 240/2572/961 1593/2571/961 1592/2573/962
f 239/2574/962 1592/2573/962 1591/2575/963
f 238/2576/963 1591/2575/963 1590/2577/964
f 237/2578/964 1590/2577/964 1589/2579/965
f 236/2580/965 1589/2579/965 1588/2581/966
f 235/2582/966 1588/2581/966 1587/2583/967
f 234/2584/967 1587/2583/967 1586/2585/968
f 233/2586/968 1586/2585/968 1585/2587/969
f 232/2588/969 1585/2587/969 1584/2589/970
f 231/2590/970 1584/2589/970 1583/2591/971
f 230/2592/972 1583/2591/971 1582/2593/973
f 229/2594/973 1582/2593/973 1581/2595/974
f 228/2596/974 1581/2595/974 1580/2597/975
f 227/2598/975 1580/2597/975 1579/2599/976
f 226/2600/976 1579/2599/976 1578/2601/977
f 224/2602/978 225/2603/977 1578/2601/977
f 223/2604/979 224/2602/978 1577/2605/978
f 223/2604/979 1576/2606/979 1575/2607/980
f 222/2608/980 1575/2607/980 1574/2609/981
f 220/2610/982 221/2611/981 1574/2609/981
f 220/2610/982 1573/2612/982 1572/2613/983
f 219/2614/983 1572/2613/983 1571/2615/984
f 218/2616/984 1571/2615/984 1570/2617/985
f 217/2618/985 1570/2617/985 1569/2619/986
f 216/2620/986 1569/2619/986 1568/2621/987
f 215/2622/987 1568/2621/987 1567/2623/988
f 213/2624/989 214/2625/988 1567/2623/988
f 213/2624/989 1566/2626/989 1565/2627/990
f 212/2628/990 1565/2627/990 1564/2629/991
f 211/2630/991 1564/2629/991 1563/2631/992
f 210/2632/992 1563/2631/992 1562/2633/993
f 209/2634/993 1562/2633/993 1561/2635/994
f 208/2636/994 1561/2635/994 1560/2637/995
f 207/2638/995 1560/2637/995 1559/2639/996
f 206/2640/996 1559/2639/996 1558/2641/997
f 205/2642/997 1558/2641/997 1557/2643/998
f 204/2644/998 1557/2643/998 1556/2645/999
f 203/2646/999 1556/2645/999 1555/2647/1000
f 201/2648/1001 202/2649/1000 1555/2647/1000
f 201/2648/1001 1554/2650/1001 1553/2651/1002
f 199/2652/1003 200/2653/1002 1553/2651/1002
f 199/2652/1003 1552/2654/1003 1551/2655/1004
f 198/2656/1005 1551/2655/1004 1550/2657/1006
f 197/2658/1006 1550/2657/1006 1549/2659/1007
f 196/2660/1007 1549/2659/1007 1548/2661/1008
f 195/2662/1008 1548/2661/1008 1547/2663/1009
f 193/2664/1010 194/2665/1009 1547/2663/1009
f 193/2664/1010 1546/2666/1010 1545/2667/1011
f 192/2668/1011 1545/2667/1011 1544/2669/1012
f 191/2670/1012 1544/2669/1012 1543/2671/1013
f 190/2672/1013 1543/2671/1013 1542/2673/533
f 189/2674/533 1542/2673/533 1541/2675/162
f 188/2676/162 1541/2675/162 1540/2677/578
f 187/2678/578 1540/2677/578 1539/2679/348
f 186/2680/348 1539/2679/348 1538/2681/579
f 184/2682/1014 185/2683/579 1538/2681/579
f 184/2682/1014 1537/2684/157 1536/2685/1015
f 183/2686/1015 1536/2685/1015 1535/2687/155
f 182/2688/155 1535/2687/155 1534/2689/154
f 181/2690/154 1534/2689/154 1533/2691/277
f 180/2692/277 1533/2691/277 1532/2693/150
f 178/2694/197 179/2695/150 1532/2693/150
f 178/2694/197 1531/2696/197 1530/2697/251
f 177/2698/251 1530/2697/251 1529/2699/199
f 176/2700/199 1529/2699/199 1528/2701/200
f 175/2702/200 1528/2701/200 1527/2703/201
f 174/2704/201 1527/2703/201 1526/2705/598
f 173/2706/598 1526/2705/598 1525/2707/204
f 172/2708/204 1525/2707/204 1524/2709/1016
f 171/2710/1016 1524/2709/1016 1523/2711/1017
f 170/2712/840 1523/2711/1017 1522/2713/841
f 169/2714/1018 1522/2713/841 1521/2715/594
f 167/2716/210 168/2717/594 1521/2715/594
f 166/2718/211 167/2716/210 1520/2719/842
f 166/2718/211 1519/2720/211 1518/2721/1019
f 165/2722/1019 1518/2721/1019 1517/2723/1020
f 164/2724/1020 1517/2723/1020 1516/2725/1021
f 163/2726/1021 1516/2725/1021 1515/2727/1022
f 162/2728/1022 1515/2727/1022 1514/2729/1023
f 161/2730/1023 1514/2729/1023 1513/2731/1024
f 160/2732/1024 1513/2731/1024 1512/2733/1025
f 158/2734/1026 159/2735/1027 1512/2733/1025
f 158/2734/1026 1511/2736/1026 1510/2737/1028
f 157/2738/1028 1510/2737/1028 1509/2739/1029
f 156/2740/1029 1509/2739/1029 1508/2741/1030
f 155/2742/1030 1508/2741/1030 1507/2743/1031
f 154/2744/1031 1507/2743/1031 1506/2745/1032
f 153/2746/1032 1506/2745/1032 1505/2747/1033
f 152/2748/1033 1505/2747/1033 1504/2749/1034
f 151/2750/1034 1504/2749/1034 1503/2751/1035
f 150/2752/1035 1503/2751/1035 1502/2753/1036
f 149/2754/1036 1502/2753/1036 1501/2755/1037
f 148/2756/1037 1501/2755/1037 1500/2757/1038
f 147/2758/1038 1500/2757/1038 1499/2759/1039
f 146/2760/1039 1499/2759/1039 1498/2761/1040
f 145/2762/1040 1498/2761/1040 1497/2763/1041
f 144/2764/1041 1497/2763/1041 1496/2765/1042
f 143/2766/1042 1496/2765/1042 1495/2767/1043
f 142/2768/1043 1495/2767/1043 1494/2769/1044
f 141/2770/1044 1494/2769/1044 1493/2771/1045
f 139/2772/1046 140/2773/1045 1493/2771/1045
f 139/2772/1046 1492/2774/1046 1491/2775/1047
f 137/2776/1048 138/2777/1047 1491/2775/1047
f 137/2776/1048 1490/2778/1048 1489/2779/1049
f 136/2780/1049 1489/2779/1049 1488/2781/1050
f 135/2782/1050 1488/2781/1050 1487/2783/1051
f 134/2784/1051 1487/2783/1051 1486/2785/1052
f 133/2786/1053 1486/2785/1052 1485/2787/1054
f 131/2788/1055 132/2789/1054 1485/2787/1054
f 131/2788/1055 1484/2790/1055 1483/2791/1056
f 130/2792/1056 1483/2791/1056 1482/2793/1057
f 129/2794/1057 1482/2793/1057 1481/2795/1058
f 128/2796/1058 1481/2795/1058 1480/2797/1059
f 127/2798/1059 1480/2797/1059 1479/2799/1060
f 125/2800/1061 126/2801/1060 1479/2799/1060
f 125/2800/1061 1478/2802/1061 1477/2803/1062
f 124/2804/1063 1477/2803/1062 1476/2805/1064
f 123/2806/1064 1476/2805/1064 1475/2807/1065
f 122/2808/1065 1475/2807/1065 1474/2809/1066
f 121/2810/1067 1474/2809/1066 1473/2811/1068
f 120/2812/1068 1473/2811/1068 1472/2813/1069
f 119/2814/1069 1472/2813/1069 1471/2815/1070
f 118/2816/1070 1471/2815/1070 1470/2817/1071
f 117/2818/1071 1470/2817/1071 1469/2819/1072
f 115/2820/1073 116/2821/1072 1469/2819/1072
f 115/2820/1073 1468/2822/1073 1467/2823/1074
f 113/2824/1075 114/2825/1074 1467/2823/1074
f 113/2824/1075 1466/2826/1075 1465/2827/1076
f 112/2828/1077 1465/2827/1076 1464/2829/1078
f 111/2830/1078 1464/2829/1078 1463/2831/1079
f 110/2832/1079 1463/2831/1079 1462/2833/1080
f 109/2834/1080 1462/2833/1080 1461/2835/1081
f 108/2836/1081 1461/2835/1081 1460/2837/1082
f 107/2838/1082 1460/2837/1082 1459/2839/1083
f 105/2840/1084 106/2841/1083 1459/2839/1083
f 105/2840/1084 1458/2842/1084 1457/2843/1085
f 104/2844/1085 1457/2843/1085 1456/2845/1086
f 103/2846/1086 1456/2845/1086 1455/2847/1087
f 102/2848/1087 1455/2847/1087 1454/2849/1088
f 101/2850/1088 1454/2849/1088 1453/2851/1089
f 100/2852/1089 1453/2851/1089 1452/2853/1090
f 98/2854/1091 99/2855/1090 1452/2853/1090
f 97/2856/1092 98/2854/1091 1451/2857/1091
f 96/2858/1093 97/2856/1092 1450/2859/1092
f 96/2858/1093 1449/2860/1093 1448/2861/1094
f 95/2862/1094 1448/2861/1094 1447/2863/1095
f 94/2864/1095 1447/2863/1095 1446/2865/1096
f 93/2866/1096 1446/2865/1096 1445/2867/1097
f 92/2868/1097 1445/2867/1097 1444/2869/1098
f 90/2870/1099 91/2871/1098 1444/2869/1098
f 90/2870/1099 1443/2872/1099 1442/2873/1100
f 88/2874/1101 89/2875/1100 1442/2873/1100
f 88/2874/1101 1441/2876/1101 1440/2877/1102
f 87/2878/1102 1440/2877/1102 1439/2879/1103
f 86/2880/1103 1439/2879/1103 1438/2881/1104
f 85/2882/1104 1438/2881/1104 1437/2883/1105
f 84/2884/1105 1437/2883/1105 1436/2885/1106
f 83/2886/1106 1436/2885/1106 1435/2887/1107
f 82/2888/1107 1435/2887/1107 1434/2889/1108
f 81/2890/1108 1434/2889/1108 1433/2891/1109
f 80/2892/1109 1433/2891/1109 1432/2893/1110
f 79/2894/1110 1432/2893/1110 1431/2895/1111
f 78/2896/1111 1431/2895/1111 1430/2897/1112
f 76/2898/1113 77/2899/1112 1430/2897/1112
f 76/2898/1113 1429/2900/1113 1428/2901/1114
f 75/2902/1114 1428/2901/1114 1427/2903/1115
f 74/2904/1115 1427/2903/1115 1426/2905/1116
f 73/2906/1116 1426/2905/1116 1425/2907/1117
f 72/2908/1117 1425/2907/1117 1424/2909/1118
f 71/2910/1118 1424/2909/1118 1423/2911/1119
f 70/2912/1119 1423/2911/1119 1422/2913/1120
f 69/2914/1120 1422/2913/1120 1421/2915/1121
f 68/2916/1121 1421/2915/1121 1420/2917/1122
f 67/2918/1122 1420/2917/1122 1419/2919/1123
f 66/2920/1123 1419/2919/1123 1418/2921/1124
f 65/2922/1125 1418/2921/1124 1417/2923/1126
f 64/2924/1126 1417/2923/1126 1416/2925/1127
f 63/2926/1127 1416/2925/1127 1415/2927/1128
f 62/2928/1128 1415/2927/1128 1414/2929/1129
f 60/2930/1130 61/2931/1129 1414/2929/1129
f 60/2930/1130 1413/2932/1130 1412/2933/1131
f 59/2934/1131 1412/2933/1131 1411/2935/1132
f 58/2936/1132 1411/2935/1132 1410/2937/1133
f 57/2938/1133 1410/2937/1133 1409/2939/1134
f 56/2940/1134 1409/2939/1134 1408/2941/1135
f 55/2942/1135 1408/2941/1135 1407/2943/1136
f 54/2944/1136 1407/2943/1136 1406/2945/1137
f 53/2946/1137 1406/2945/1137 1405/2947/1138
f 52/2948/1138 1405/2947/1138 1404/2949/1139
f 51/2950/1139 1404/2949/1139 1403/2951/1140
f 50/2952/1140 1403/2951/1140 1402/2953/1141
f 49/2954/1141 1402/2953/1141 1401/2955/1142
f 48/2956/1142 1401/2955/1142 1400/2957/1143
f 47/2958/1143 1400/2957/1143 1399/2959/1144
f 46/2960/1144 1399/2959/1144 1398/2961/1145
f 45/2962/1145 1398/2961/1145 1397/2963/1146
f 44/2964/1146 1397/2963/1146 1396/2965/1147
f 43/2966/1147 1396/2965/1147 1395/2967/1148
f 42/2968/1148 1395/2967/1148 1394/2969/1149
f 41/2970/1149 1394/2969/1149 1393/2971/1150
f 40/2972/1150 1393/2971/1150 1392/2973/1151
f 39/2974/1151 1392/2973/1151 1391/2975/1152
f 37/2976/1153 38/2977/1152 1391/2975/1152
f 37/2976/1153 1390/2978/1153 1389/2979/1154
f 36/2980/1154 1389/2979/1154 1388/2981/1155
f 35/2982/1155 1388/2981/1155 1387/2983/1156
f 34/2984/1156 1387/2983/1156 1386/2985/1157
f 33/2986/1158 1386/2985/1157 1385/2987/1159
f 32/2988/1160 1385/2987/1159 1384/2989/1161
f 31/2990/1161 1384/2989/1161 1383/195/1162
f 136/2991/109 135/2992/109 52/2993/109
f 222/15/109 159/17/109 158/9/109
f 130/2994/109 129/2995/109 116/2996/109
f 212/27/109 161/30/109 160/21/109
f 150/2997/109 258/2998/109 151/2999/109
f 109/3000/109 105/3001/109 113/3002/109
f 138/270/109 44/3003/109 139/3004/109
f 40/3005/109 144/3006/109 143/3007/109
f 154/3008/109 242/3009/109 155/3010/109
f 176/3011/109 172/3012/109 168/3013/109
f 184/3014/109 180/3015/109 191/3016/109
f 164/46/109 193/51/109 165/49/109
f 198/44/109 164/46/109 163/41/109
f 162/35/109 202/39/109 163/41/109
f 208/32/109 162/35/109 161/30/109
f 153/3017/109 247/3018/109 154/3008/109
f 152/3019/109 251/3020/109 153/3017/109
f 151/2999/109 255/3021/109 152/3019/109
f 149/3022/109 261/3023/109 150/2997/109
f 30/3024/109 149/3022/109 148/3025/109
f 32/3026/109 148/3025/109 147/3027/109
f 34/3028/109 147/3027/109 146/3029/109
f 36/3030/109 146/3029/109 145/3031/109
f 38/3032/109 145/3031/109 144/3006/109
f 42/3033/109 142/3034/109 141/3035/109
f 105/3001/109 103/3036/109 113/3002/109
f 123/3037/109 121/3038/239 117/3039/237
f 125/3040/109 123/3037/109 117/3039/237
f 127/3041/109 125/3040/109 117/3039/237
f 128/3042/109 127/3041/109 117/3039/237
f 129/2995/109 128/3042/109 116/2996/109
f 127/3041/109 126/3043/243 125/3040/109
f 125/3040/109 124/3044/1163 123/3037/109
f 123/3037/109 122/3045/1164 121/3038/239
f 120/3046/853 119/3047/241 117/3039/237
f 121/3038/239 120/3046/853 117/3039/237
f 119/3047/241 118/3048/1165 117/3039/237
f 116/2996/109 115/3049/109 95/3050/109
f 117/3039/237 116/2996/109 128/3042/109
f 115/3049/109 114/3051/109 113/3002/109
f 113/3002/109 112/3052/1166 111/3053/1167
f 110/3054/1168 109/3000/109 113/3002/109
f 111/3053/1167 110/3054/1168 113/3002/109
f 108/3055/1169 107/3056/847 105/3001/109
f 109/3000/109 108/3055/1169 105/3001/109
f 107/3056/847 106/3057/1170 105/3001/109
f 105/3001/109 104/3058/1171 103/3036/109
f 103/3036/109 115/3049/109 113/3002/109
f 102/3059/109 101/3060/109 115/3049/109
f 103/3036/109 102/3059/109 115/3049/109
f 100/3061/109 99/3062/109 115/3049/109
f 101/3060/109 100/3061/109 115/3049/109
f 98/3063/109 97/3064/109 115/3049/109
f 99/3062/109 98/3063/109 115/3049/109
f 96/3065/109 95/3050/109 115/3049/109
f 97/3064/109 96/3065/109 115/3049/109
f 94/3066/109 93/3067/109 116/2996/109
f 95/3050/109 94/3066/109 116/2996/109
f 92/3068/109 90/3069/109 116/2996/109
f 93/3067/109 92/3068/109 116/2996/109
f 90/3069/109 89/3070/109 116/2996/109
f 91/3071/1172 90/3069/109 92/3068/109
f 88/3072/109 87/3073/109 116/2996/109
f 89/3070/109 88/3072/109 116/2996/109
f 86/3074/109 85/3075/109 116/2996/109
f 87/3073/109 86/3074/109 116/2996/109
f 85/3075/109 130/2994/109 116/2996/109
f 84/3076/109 83/3077/109 130/2994/109
f 85/3075/109 84/3076/109 130/2994/109
f 82/3078/109 81/3079/109 130/2994/109
f 83/3077/109 82/3078/109 130/2994/109
f 80/3080/109 79/3081/109 130/2994/109
f 81/3079/109 80/3080/109 130/2994/109
f 79/3081/109 131/3082/109 130/2994/109
f 78/3083/109 77/3084/109 131/3082/109
f 79/3081/109 78/3083/109 131/3082/109
f 76/3085/109 75/3086/109 131/3082/109
f 77/3084/109 76/3085/109 131/3082/109
f 74/3087/109 73/3088/109 131/3082/109
f 75/3086/109 74/3087/109 131/3082/109
f 131/3082/109 72/3089/109 132/3090/109
f 73/3088/109 72/3089/109 131/3082/109
f 71/3091/109 132/3090/109 72/3089/109
f 71/3091/109 70/3092/109 132/3090/109
f 69/3093/109 132/3090/109 70/3092/109
f 68/3094/109 67/3095/109 132/3090/109
f 69/3093/109 68/3094/109 132/3090/109
f 66/3096/109 65/3097/109 132/3090/109
f 67/3095/109 66/3096/109 132/3090/109
f 132/3090/109 64/3098/109 133/3099/109
f 65/3097/109 64/3098/109 132/3090/109
f 63/3100/109 133/3099/109 64/3098/109
f 63/3100/109 62/3101/109 133/3099/109
f 61/3102/109 133/3099/109 62/3101/109
f 60/3103/109 59/3104/109 133/3099/109
f 61/3102/109 60/3103/109 133/3099/109
f 59/3104/109 134/3105/109 133/3099/109
f 59/3104/109 58/3106/109 134/3105/109
f 57/3107/109 134/3105/109 58/3106/109
f 56/3108/109 55/3109/109 134/3105/109
f 57/3107/109 56/3108/109 134/3105/109
f 55/3109/109 135/2992/109 134/3105/109
f 54/3110/109 53/3111/109 135/2992/109
f 55/3109/109 54/3110/109 135/2992/109
f 52/2993/109 51/3112/109 136/2991/109
f 53/3111/109 52/2993/109 135/2992/109
f 136/2991/109 49/3113/109 137/3114/109
f 50/3115/109 49/3113/109 136/2991/109
f 51/3112/109 50/3115/109 136/2991/109
f 137/3114/109 47/3116/109 138/270/109
f 48/3117/109 47/3116/109 137/3114/109
f 49/3113/109 48/3117/109 137/3114/109
f 46/3118/109 45/3119/109 138/270/109
f 47/3116/109 46/3118/109 138/270/109
f 139/3004/109 43/3120/109 140/3121/109
f 44/3003/109 43/3120/109 139/3004/109
f 45/3119/109 44/3003/109 138/270/109
f 140/3121/109 42/3033/109 141/3035/109
f 43/3120/109 42/3033/109 140/3121/109
f 142/3034/109 42/3033/109 143/3007/109
f 40/3005/109 39/3122/109 144/3006/109
f 41/3123/109 40/3005/109 143/3007/109
f 41/3123/109 143/3007/109 42/3033/109
f 39/3122/109 38/3032/109 144/3006/109
f 145/3031/109 38/3032/109 37/3124/109
f 37/3124/109 36/3030/109 145/3031/109
f 146/3029/109 36/3030/109 35/3125/109
f 35/3125/109 34/3028/109 146/3029/109
f 147/3027/109 34/3028/109 33/3126/109
f 33/3126/109 32/3026/109 147/3027/109
f 148/3025/109 32/3026/109 31/3127/109
f 31/3127/109 30/3024/109 148/3025/109
f 149/3022/109 30/3024/109 263/3128/109
f 263/3128/109 262/3129/109 149/3022/109
f 261/3023/109 149/3022/109 262/3129/109
f 261/3023/109 260/3130/109 150/2997/109
f 259/3131/109 150/2997/109 260/3130/109
f 259/3131/109 258/2998/109 150/2997/109
f 257/3132/109 151/2999/109 258/2998/109
f 257/3132/109 256/3133/109 151/2999/109
f 255/3021/109 151/2999/109 256/3133/109
f 255/3021/109 254/3134/109 152/3019/109
f 253/3135/109 152/3019/109 254/3134/109
f 253/3135/109 252/3136/109 152/3019/109
f 251/3020/109 152/3019/109 252/3136/109
f 251/3020/109 250/3137/109 153/3017/109
f 249/3138/109 153/3017/109 250/3137/109
f 249/3138/109 248/3139/109 153/3017/109
f 247/3018/109 153/3017/109 248/3139/109
f 247/3018/109 246/3140/109 154/3008/109
f 245/3141/109 154/3008/109 246/3140/109
f 245/3141/109 244/3142/109 154/3008/109
f 243/3143/109 154/3008/109 244/3142/109
f 243/3143/109 242/3009/109 154/3008/109
f 241/3144/109 155/3010/109 242/3009/109
f 241/3144/109 240/3145/109 155/3010/109
f 239/3146/109 155/3010/109 240/3145/109
f 238/3147/109 237/3148/109 155/3010/109
f 239/3146/109 238/3147/109 155/3010/109
f 237/3148/109 156/3149/109 155/3010/109
f 237/3148/109 236/3150/109 156/3149/109
f 235/3151/109 156/3149/109 236/3150/109
f 234/2/109 233/1/109 156/3149/109
f 235/3151/109 234/2/109 156/3149/109
f 232/4/109 231/5/109 156/3149/109
f 233/1/109 232/4/109 156/3149/109
f 231/5/109 157/3/109 156/3149/109
f 230/6/109 229/7/109 157/3/109
f 231/5/109 230/6/109 157/3/109
f 229/7/109 228/10/109 157/3/109
f 227/8/109 157/3/109 228/10/109
f 227/8/109 226/11/109 157/3/109
f 225/12/109 157/3/109 226/11/109
f 224/13/109 223/14/109 158/9/109
f 225/12/109 224/13/109 157/3/109
f 222/15/109 221/16/109 159/17/109
f 223/14/109 222/15/109 158/9/109
f 220/18/109 219/19/109 159/17/109
f 221/16/109 220/18/109 159/17/109
f 159/17/109 217/20/109 160/21/109
f 218/22/109 217/20/109 159/17/109
f 219/19/109 218/22/109 159/17/109
f 216/23/109 215/24/109 160/21/109
f 217/20/109 216/23/109 160/21/109
f 214/25/109 213/3152/109 160/21/109
f 215/24/109 214/25/109 160/21/109
f 212/27/109 211/28/109 161/30/109
f 213/3152/109 212/27/109 160/21/109
f 210/29/109 209/31/109 161/30/109
f 211/28/109 210/29/109 161/30/109
f 208/32/109 207/33/109 162/35/109
f 209/31/109 208/32/109 161/30/109
f 206/34/109 205/36/109 162/35/109
f 207/33/109 206/34/109 162/35/109
f 204/37/109 203/38/109 162/35/109
f 205/36/109 204/37/109 162/35/109
f 202/39/109 201/40/109 163/41/109
f 203/38/109 202/39/109 162/35/109
f 200/42/109 199/43/109 163/41/109
f 201/40/109 200/42/109 163/41/109
f 198/44/109 197/45/109 164/46/109
f 199/43/109 198/44/109 163/41/109
f 196/47/109 195/48/109 164/46/109
f 197/45/109 196/47/109 164/46/109
f 194/50/109 193/51/109 164/46/109
f 195/48/109 194/50/109 164/46/109
f 192/52/109 191/3016/109 165/49/109
f 193/51/109 192/52/109 165/49/109
f 191/3016/109 190/54/109 188/3153/109
f 186/3154/109 184/3014/109 191/3016/109
f 188/3153/109 186/3154/109 191/3016/109
f 191/3016/109 178/3155/109 166/3156/109
f 178/3155/109 176/3011/109 166/3156/109
f 166/3156/109 165/49/109 191/3016/109
f 168/3013/109 166/3156/109 176/3011/109
f 168/3013/109 167/3157/109 166/3156/109
f 170/3158/109 169/3159/109 168/3013/109
f 171/3160/109 170/3158/109 168/3013/109
f 172/3012/109 171/3160/109 168/3013/109
f 173/3161/109 172/3012/109 176/3011/109
f 174/3162/109 173/3161/109 176/3011/109
f 176/3011/109 175/3163/109 174/3162/109
f 178/3155/109 177/68/361 176/3011/109
f 179/3164/109 178/3155/109 191/3016/109
f 180/3015/109 179/3164/109 191/3016/109
f 182/3165/243 181/62/109 180/3015/109
f 183/3166/109 182/3165/243 180/3015/109
f 184/3014/109 183/3166/109 180/3015/109
f 186/3154/109 185/58/536 184/3014/109
f 188/3153/109 187/3167/109 186/3154/109
f 190/54/109 189/56/109 188/3153/109
f 30/196/1162 1383/197/1162 1616/2526/938
f 29/799/1173 1382/800/583 1381/801/199
f 28/802/199 1381/801/199 1380/803/200
f 27/804/600 1380/803/200 1379/805/1174
f 26/806/1174 1379/805/1174 1378/807/203
f 25/808/1175 1378/807/203 1377/809/1176
f 24/810/1176 1377/809/1176 1376/811/589
f 23/812/1177 1376/811/589 1375/813/1178
f 22/814/840 1375/813/1178 1374/815/591
f 21/816/591 1374/815/591 1373/817/1179
f 20/818/1180 1373/817/1179 1372/819/210
f 19/820/210 1372/819/210 1371/821/1181
f 18/822/1181 1371/821/1181 1370/823/108
f 17/824/212 1370/823/212 1369/825/212
f 16/826/213 1369/825/213 1368/827/1182
f 15/828/1182 1368/827/1182 1367/829/1183
f 14/830/1183 1367/829/1183 1366/831/1184
f 12/834/1185 13/832/1184 1366/831/1184
f 12/834/1185 1365/833/1185 1364/835/1186
f 11/836/1187 1364/835/1186 1363/837/1188
f 10/839/1189 1363/837/1188 1362/840/1190
f 9/838/1191 1362/840/1190 1361/841/1192
f 8/842/1193 1361/841/1192 1360/843/1015
f 7/845/1194 1360/843/1015 1359/846/1195
f 6/844/1196 1359/846/1195 1358/847/1197
f 5/848/1197 1358/847/1197 1357/849/1198
f 4/850/1199 1357/849/1198 1356/851/1200
f 9/3168/238 5/3169/246 13/90/238
f 21/3170/109 19/84/245 29/3171/109
f 5/3169/246 3/88/109 13/90/238
f 10/3172/109 9/3168/238 13/90/238
f 11/3173/109 10/3172/109 13/90/238
f 13/90/238 12/3174/286 11/3173/109
f 15/87/109 14/77/109 13/90/238
f 16/86/109 15/87/109 2/3175/109
f 2/3175/109 17/85/109 16/86/109
f 18/71/238 17/85/109 2/3175/109
f 19/84/245 18/71/238 29/3171/109
f 21/3170/109 20/74/244 19/84/245
f 23/3176/355 22/3177/109 21/3170/109
f 24/3178/109 23/3176/355 21/3170/109
f 25/3179/109 24/3178/109 21/3170/109
f 26/3180/291 25/3179/109 29/3171/109
f 27/3181/109 26/3180/291 29/3171/109
f 29/3171/109 28/3182/109 27/3181/109
f 3/88/109 15/87/109 13/90/238
f 2/3175/109 29/3171/109 18/71/238
f 3/88/109 2/3175/109 15/87/109
f 5/3169/246 4/3183/109 3/88/109
f 7/3184/1201 6/3185/360 5/3169/246
f 1/196/581 1382/800/583 29/799/1173
f 1/195/109 29/3171/109 2/3175/109
f 1355/996/151 1354/880/151 2/3186/151
f 29/3171/109 25/3179/109 21/3170/109
f 4/850/1199 1356/851/1200 3/882/1200
f 5/848/1197 1357/849/1198 4/850/1199
f 6/844/1196 1358/847/1197 5/848/1197
f 7/845/1194 1359/846/1195 6/844/1196
f 8/842/1193 1360/843/1015 7/845/1194
f 9/838/1191 1361/841/1192 8/842/1193
f 10/839/1189 1362/840/1190 9/838/1191
f 11/836/1187 1363/837/1188 10/839/1189
f 12/834/1185 1364/835/1186 11/836/1187
f 12/834/1185 1366/831/1184 1365/833/1185
f 14/830/1183 1366/831/1184 13/832/1184
f 15/828/1182 1367/829/1183 14/830/1183
f 16/826/213 1368/827/1182 15/828/1182
f 17/824/212 1369/825/212 16/826/212
f 18/822/1181 1370/823/108 17/824/108
f 19/820/210 1371/821/1181 18/822/1181
f 20/818/1180 1372/819/210 19/820/210
f 21/816/591 1373/817/1179 20/818/1180
f 22/814/840 1374/815/591 21/816/591
f 23/812/1177 1375/813/1178 22/814/840
f 24/810/1176 1376/811/589 23/812/1177
f 25/808/1175 1377/809/1176 24/810/1176
f 26/806/1174 1378/807/203 25/808/1175
f 27/804/600 1379/805/1174 26/806/1174
f 28/802/199 1380/803/200 27/804/600
f 29/799/1173 1381/801/199 28/802/199
f 30/196/1162 1616/2526/938 263/2525/938
f 158/9/109 157/3/109 224/13/109
f 31/2990/1161 1383/195/1162 30/886/1162
f 32/2988/1160 1384/2989/1161 31/2990/1161
f 33/2986/1158 1385/2987/1159 32/2988/1160
f 34/2984/1156 1386/2985/1157 33/2986/1158
f 35/2982/1155 1387/2983/1156 34/2984/1156
f 36/2980/1154 1388/2981/1155 35/2982/1155
f 37/2976/1153 1389/2979/1154 36/2980/1154
f 37/2976/1153 1391/2975/1152 1390/2978/1153
f 39/2974/1151 1391/2975/1152 38/2977/1152
f 40/2972/1150 1392/2973/1151 39/2974/1151
f 41/2970/1149 1393/2971/1150 40/2972/1150
f 42/2968/1148 1394/2969/1149 41/2970/1149
f 43/2966/1147 1395/2967/1148 42/2968/1148
f 44/2964/1146 1396/2965/1147 43/2966/1147
f 45/2962/1145 1397/2963/1146 44/2964/1146
f 46/2960/1144 1398/2961/1145 45/2962/1145
f 47/2958/1143 1399/2959/1144 46/2960/1144
f 48/2956/1142 1400/2957/1143 47/2958/1143
f 49/2954/1141 1401/2955/1142 48/2956/1142
f 50/2952/1140 1402/2953/1141 49/2954/1141
f 51/2950/1139 1403/2951/1140 50/2952/1140
f 52/2948/1138 1404/2949/1139 51/2950/1139
f 53/2946/1137 1405/2947/1138 52/2948/1138
f 54/2944/1136 1406/2945/1137 53/2946/1137
f 55/2942/1135 1407/2943/1136 54/2944/1136
f 56/2940/1134 1408/2941/1135 55/2942/1135
f 57/2938/1133 1409/2939/1134 56/2940/1134
f 58/2936/1132 1410/2937/1133 57/2938/1133
f 59/2934/1131 1411/2935/1132 58/2936/1132
f 60/2930/1130 1412/2933/1131 59/2934/1131
f 60/2930/1130 1414/2929/1129 1413/2932/1130
f 62/2928/1128 1414/2929/1129 61/2931/1129
f 63/2926/1127 1415/2927/1128 62/2928/1128
f 64/2924/1126 1416/2925/1127 63/2926/1127
f 65/2922/1125 1417/2923/1126 64/2924/1126
f 66/2920/1123 1418/2921/1124 65/2922/1125
f 67/2918/1122 1419/2919/1123 66/2920/1123
f 68/2916/1121 1420/2917/1122 67/2918/1122
f 69/2914/1120 1421/2915/1121 68/2916/1121
f 70/2912/1119 1422/2913/1120 69/2914/1120
f 71/2910/1118 1423/2911/1119 70/2912/1119
f 72/2908/1117 1424/2909/1118 71/2910/1118
f 73/2906/1116 1425/2907/1117 72/2908/1117
f 74/2904/1115 1426/2905/1116 73/2906/1116
f 75/2902/1114 1427/2903/1115 74/2904/1115
f 76/2898/1113 1428/2901/1114 75/2902/1114
f 76/2898/1113 1430/2897/1112 1429/2900/1113
f 78/2896/1111 1430/2897/1112 77/2899/1112
f 79/2894/1110 1431/2895/1111 78/2896/1111
f 80/2892/1109 1432/2893/1110 79/2894/1110
f 81/2890/1108 1433/2891/1109 80/2892/1109
f 82/2888/1107 1434/2889/1108 81/2890/1108
f 83/2886/1106 1435/2887/1107 82/2888/1107
f 84/2884/1105 1436/2885/1106 83/2886/1106
f 85/2882/1104 1437/2883/1105 84/2884/1105
f 86/2880/1103 1438/2881/1104 85/2882/1104
f 87/2878/1102 1439/2879/1103 86/2880/1103
f 88/2874/1101 1440/2877/1102 87/2878/1102
f 88/2874/1101 1442/2873/1100 1441/2876/1101
f 90/2870/1099 1442/2873/1100 89/2875/1100
f 90/2870/1099 1444/2869/1098 1443/2872/1099
f 92/2868/1097 1444/2869/1098 91/2871/1098
f 93/2866/1096 1445/2867/1097 92/2868/1097
f 94/2864/1095 1446/2865/1096 93/2866/1096
f 95/2862/1094 1447/2863/1095 94/2864/1095
f 96/2858/1093 1448/2861/1094 95/2862/1094
f 96/2858/1093 1450/2859/1092 1449/2860/1093
f 97/2856/1092 1451/2857/1091 1450/2859/1092
f 98/2854/1091 1452/2853/1090 1451/2857/1091
f 100/2852/1089 1452/2853/1090 99/2855/1090
f 101/2850/1088 1453/2851/1089 100/2852/1089
f 102/2848/1087 1454/2849/1088 101/2850/1088
f 103/2846/1086 1455/2847/1087 102/2848/1087
f 104/2844/1085 1456/2845/1086 103/2846/1086
f 105/2840/1084 1457/2843/1085 104/2844/1085
f 105/2840/1084 1459/2839/1083 1458/2842/1084
f 107/2838/1082 1459/2839/1083 106/2841/1083
f 108/2836/1081 1460/2837/1082 107/2838/1082
f 109/2834/1080 1461/2835/1081 108/2836/1081
f 110/2832/1079 1462/2833/1080 109/2834/1080
f 111/2830/1078 1463/2831/1079 110/2832/1079
f 112/2828/1077 1464/2829/1078 111/2830/1078
f 113/2824/1075 1465/2827/1076 112/2828/1077
f 113/2824/1075 1467/2823/1074 1466/2826/1075
f 115/2820/1073 1467/2823/1074 114/2825/1074
f 115/2820/1073 1469/2819/1072 1468/2822/1073
f 117/2818/1071 1469/2819/1072 116/2821/1072
f 118/2816/1070 1470/2817/1071 117/2818/1071
f 119/2814/1069 1471/2815/1070 118/2816/1070
f 120/2812/1068 1472/2813/1069 119/2814/1069
f 121/2810/1067 1473/2811/1068 120/2812/1068
f 122/2808/1065 1474/2809/1066 121/2810/1067
f 123/2806/1064 1475/2807/1065 122/2808/1065
f 124/2804/1063 1476/2805/1064 123/2806/1064
f 125/2800/1061 1477/2803/1062 124/2804/1063
f 125/2800/1061 1479/2799/1060 1478/2802/1061
f 127/2798/1059 1479/2799/1060 126/2801/1060
f 128/2796/1058 1480/2797/1059 127/2798/1059
f 129/2794/1057 1481/2795/1058 128/2796/1058
f 130/2792/1056 1482/2793/1057 129/2794/1057
f 131/2788/1055 1483/2791/1056 130/2792/1056
f 131/2788/1055 1485/2787/1054 1484/2790/1055
f 133/2786/1053 1485/2787/1054 132/2789/1054
f 134/2784/1051 1486/2785/1052 133/2786/1053
f 135/2782/1050 1487/2783/1051 134/2784/1051
f 136/2780/1049 1488/2781/1050 135/2782/1050
f 137/2776/1048 1489/2779/1049 136/2780/1049
f 137/2776/1048 1491/2775/1047 1490/2778/1048
f 139/2772/1046 1491/2775/1047 138/2777/1047
f 139/2772/1046 1493/2771/1045 1492/2774/1046
f 141/2770/1044 1493/2771/1045 140/2773/1045
f 142/2768/1043 1494/2769/1044 141/2770/1044
f 143/2766/1042 1495/2767/1043 142/2768/1043
f 144/2764/1041 1496/2765/1042 143/2766/1042
f 145/2762/1040 1497/2763/1041 144/2764/1041
f 146/2760/1039 1498/2761/1040 145/2762/1040
f 147/2758/1038 1499/2759/1039 146/2760/1039
f 148/2756/1037 1500/2757/1038 147/2758/1038
f 149/2754/1036 1501/2755/1037 148/2756/1037
f 150/2752/1035 1502/2753/1036 149/2754/1036
f 151/2750/1034 1503/2751/1035 150/2752/1035
f 152/2748/1033 1504/2749/1034 151/2750/1034
f 153/2746/1032 1505/2747/1033 152/2748/1033
f 154/2744/1031 1506/2745/1032 153/2746/1032
f 155/2742/1030 1507/2743/1031 154/2744/1031
f 156/2740/1029 1508/2741/1030 155/2742/1030
f 157/2738/1028 1509/2739/1029 156/2740/1029
f 158/2734/1026 1510/2737/1028 157/2738/1028
f 158/2734/1026 1512/2733/1025 1511/2736/1026
f 160/2732/1024 1512/2733/1025 159/2735/1027
f 161/2730/1023 1513/2731/1024 160/2732/1024
f 162/2728/1022 1514/2729/1023 161/2730/1023
f 163/2726/1021 1515/2727/1022 162/2728/1022
f 164/2724/1020 1516/2725/1021 163/2726/1021
f 165/2722/1019 1517/2723/1020 164/2724/1020
f 166/2718/211 1518/2721/1019 165/2722/1019
f 166/2718/211 1520/2719/842 1519/2720/211
f 167/2716/210 1521/2715/594 1520/2719/842
f 169/2714/1018 1521/2715/594 168/2717/594
f 170/2712/840 1522/2713/841 169/2714/1018
f 171/2710/1016 1523/2711/1017 170/2712/840
f 172/2708/204 1524/2709/1016 171/2710/1016
f 173/2706/598 1525/2707/204 172/2708/204
f 174/2704/201 1526/2705/598 173/2706/598
f 175/2702/200 1527/2703/201 174/2704/201
f 176/2700/199 1528/2701/200 175/2702/200
f 177/2698/251 1529/2699/199 176/2700/199
f 178/2694/197 1530/2697/251 177/2698/251
f 178/2694/197 1532/2693/150 1531/2696/197
f 180/2692/277 1532/2693/150 179/2695/150
f 181/2690/154 1533/2691/277 180/2692/277
f 182/2688/155 1534/2689/154 181/2690/154
f 183/2686/1015 1535/2687/155 182/2688/155
f 184/2682/1014 1536/2685/1015 183/2686/1015
f 184/2682/1014 1538/2681/579 1537/2684/157
f 186/2680/348 1538/2681/579 185/2683/579
f 187/2678/578 1539/2679/348 186/2680/348
f 188/2676/162 1540/2677/578 187/2678/578
f 189/2674/533 1541/2675/162 188/2676/162
f 190/2672/1013 1542/2673/533 189/2674/533
f 191/2670/1012 1543/2671/1013 190/2672/1013
f 192/2668/1011 1544/2669/1012 191/2670/1012
f 193/2664/1010 1545/2667/1011 192/2668/1011
f 193/2664/1010 1547/2663/1009 1546/2666/1010
f 195/2662/1008 1547/2663/1009 194/2665/1009
f 196/2660/1007 1548/2661/1008 195/2662/1008
f 197/2658/1006 1549/2659/1007 196/2660/1007
f 198/2656/1005 1550/2657/1006 197/2658/1006
f 199/2652/1003 1551/2655/1004 198/2656/1005
f 199/2652/1003 1553/2651/1002 1552/2654/1003
f 201/2648/1001 1553/2651/1002 200/2653/1002
f 201/2648/1001 1555/2647/1000 1554/2650/1001
f 203/2646/999 1555/2647/1000 202/2649/1000
f 204/2644/998 1556/2645/999 203/2646/999
f 205/2642/997 1557/2643/998 204/2644/998
f 206/2640/996 1558/2641/997 205/2642/997
f 207/2638/995 1559/2639/996 206/2640/996
f 208/2636/994 1560/2637/995 207/2638/995
f 209/2634/993 1561/2635/994 208/2636/994
f 210/2632/992 1562/2633/993 209/2634/993
f 211/2630/991 1563/2631/992 210/2632/992
f 212/2628/990 1564/2629/991 211/2630/991
f 213/2624/989 1565/2627/990 212/2628/990
f 213/2624/989 1567/2623/988 1566/2626/989
f 215/2622/987 1567/2623/988 214/2625/988
f 216/2620/986 1568/2621/987 215/2622/987
f 217/2618/985 1569/2619/986 216/2620/986
f 218/2616/984 1570/2617/985 217/2618/985
f 219/2614/983 1571/2615/984 218/2616/984
f 220/2610/982 1572/2613/983 219/2614/983
f 220/2610/982 1574/2609/981 1573/2612/982
f 222/2608/980 1574/2609/981 221/2611/981
f 223/2604/979 1575/2607/980 222/2608/980
f 223/2604/979 1577/2605/978 1576/2606/979
f 224/2602/978 1578/2601/977 1577/2605/978
f 226/2600/976 1578/2601/977 225/2603/977
f 227/2598/975 1579/2599/976 226/2600/976
f 228/2596/974 1580/2597/975 227/2598/975
f 229/2594/973 1581/2595/974 228/2596/974
f 230/2592/972 1582/2593/973 229/2594/973
f 231/2590/970 1583/2591/971 230/2592/972
f 232/2588/969 1584/2589/970 231/2590/970
f 233/2586/968 1585/2587/969 232/2588/969
f 234/2584/967 1586/2585/968 233/2586/968
f 235/2582/966 1587/2583/967 234/2584/967
f 236/2580/965 1588/2581/966 235/2582/966
f 237/2578/964 1589/2579/965 236/2580/965
f 238/2576/963 1590/2577/964 237/2578/964
f 239/2574/962 1591/2575/963 238/2576/963
f 240/2572/961 1592/2573/962 239/2574/962
f 241/2570/960 1593/2571/961 240/2572/961
f 242/2568/959 1594/2569/960 241/2570/960
f 243/2564/958 1595/2567/959 242/2568/959
f 243/2564/958 1597/2563/957 1596/2566/958
f 245/2562/956 1597/2563/957 244/2565/957
f 246/2558/955 1598/2561/956 245/2562/956
f 246/2558/955 1600/2559/954 1599/2560/955
f 247/2556/954 1601/2555/953 1600/2559/954
f 249/2554/952 1601/2555/953 248/2557/953
f 250/2552/951 1602/2553/952 249/2554/952
f 251/2550/950 1603/2551/951 250/2552/951
f 252/2548/949 1604/2549/950 251/2550/950
f 253/2546/948 1605/2547/949 252/2548/949
f 254/2544/947 1606/2545/948 253/2546/948
f 255/2542/946 1607/2543/947 254/2544/947
f 256/2538/945 1608/2541/946 255/2542/946
f 256/2538/945 1610/2539/944 1609/2540/945
f 257/2536/944 1611/2535/943 1610/2539/944
f 259/2534/942 1611/2535/943 258/2537/943
f 260/2530/941 1612/2533/942 259/2534/942
f 260/2530/941 1614/2529/940 1613/2532/941
f 262/2528/939 1614/2529/940 261/2531/940
f 263/2525/938 1615/2527/939 262/2528/939
f 265/1278/152 1617/195/150 264/886/150
f 286/2496/109 352/2434/109 351/2471/109
f 1617/197/150 383/1018/415 264/196/150
f 266/1276/932 1618/1277/152 265/1278/152
f 267/1274/534 1619/1275/932 266/1276/932
f 268/1272/533 1620/1273/534 267/1274/534
f 269/1270/532 1621/1271/533 268/1272/533
f 270/1268/531 1622/1269/532 269/1270/532
f 271/1266/530 1623/1267/531 270/1268/531
f 272/1264/529 1624/1265/530 271/1266/530
f 272/1264/529 1626/1261/528 1625/1263/529
f 274/1260/527 1626/1261/528 273/1262/528
f 275/1258/526 1627/1259/527 274/1260/527
f 276/1256/525 1628/1257/526 275/1258/526
f 277/1254/524 1629/1255/525 276/1256/525
f 278/1252/523 1630/1253/524 277/1254/524
f 278/1252/523 1632/1249/522 1631/1251/523
f 279/1250/522 1633/1247/521 1632/1249/522
f 281/1246/520 1633/1247/521 280/1248/521
f 282/1244/519 1634/1245/520 281/1246/520
f 1636/1242/518 282/1244/519 283/3187/518
f 284/1001/517 1636/1242/518 283/3187/518
f 285/1241/516 1637/1000/517 284/1001/517
f 285/1241/516 1639/1238/515 1638/1240/516
f 287/1237/514 1639/1238/515 286/1239/515
f 288/1235/513 1640/1236/514 287/1237/514
f 289/1233/512 1641/1234/513 288/1235/513
f 290/1231/511 1642/1232/512 289/1233/512
f 290/1231/511 1644/1228/510 1643/1230/511
f 292/1227/509 1644/1228/510 291/1229/510
f 293/1225/508 1645/1226/509 292/1227/509
f 294/1223/507 1646/1224/508 293/1225/508
f 295/1221/506 1647/1222/507 294/1223/507
f 296/1219/505 1648/1220/506 295/1221/506
f 297/1217/504 1649/1218/505 296/1219/505
f 298/1215/503 1650/1216/504 297/1217/504
f 308/2361/109 397/2363/109 396/2357/109
f 299/1182/502 1651/1183/503 298/1215/503
f 300/1180/501 1652/1181/502 299/1182/502
f 301/1178/500 1653/1179/501 300/1180/501
f 302/1176/499 1654/1177/500 301/1178/500
f 303/1174/498 1655/1175/499 302/1176/499
f 304/243/497 1656/1173/498 303/1174/498
f 305/1172/496 1657/245/497 304/243/497
f 305/1172/496 1659/1169/495 1658/1171/496
f 307/1168/494 1659/1169/495 306/1170/495
f 308/1166/493 1660/1167/494 307/1168/494
f 309/1164/492 1661/1165/493 308/1166/493
f 309/1164/492 1663/1161/491 1662/1163/492
f 311/1158/490 1663/1161/491 310/1162/491
f 311/1158/490 1665/1157/489 1664/1160/490
f 313/1156/488 1665/1157/489 312/1159/489
f 314/1154/487 1666/1155/488 313/1156/488
f 315/1152/486 1667/1153/487 314/1154/487
f 316/1148/485 1668/1151/486 315/1152/486
f 317/1149/484 1669/1150/485 316/1148/485
f 318/1146/483 1670/1147/484 317/1149/484
f 319/1144/482 1671/1145/483 318/1146/483
f 320/1142/481 1672/1143/482 319/1144/482
f 321/1140/480 1673/1141/481 320/1142/481
f 322/1138/479 1674/1139/480 321/1140/480
f 323/1136/478 1675/1137/929 322/1138/479
f 324/1134/477 1676/1135/478 323/1136/478
f 325/1132/476 1677/1133/477 324/1134/477
f 326/1130/928 1678/1131/171 325/1132/476
f 327/1128/474 1679/1129/928 326/1130/928
f 328/1126/472 1680/1127/174 327/1128/474
f 329/1124/336 1681/1125/473 328/1126/472
f 330/1122/927 1682/1123/336 329/1124/336
f 331/1120/925 1683/1121/926 330/1122/927
f 332/1118/469 1684/1119/470 331/1120/925
f 333/1116/181 1685/1117/469 332/1118/469
f 334/1114/182 1686/1115/181 333/1116/181
f 1688/1112/467 334/1114/182 335/3188/467
f 336/1111/466 1688/1112/467 335/3188/467
f 337/1109/924 1689/1110/465 336/1111/466
f 338/1107/463 1690/1108/924 337/1109/924
f 339/1105/922 1691/1106/923 338/1107/463
f 340/1103/919 1692/1104/922 339/1105/922
f 340/1103/919 1694/1100/918 1693/1102/921
f 342/1099/917 1694/1100/918 341/1101/920
f 343/1097/916 1695/1098/917 342/1099/917
f 344/1095/914 1696/1096/915 343/1097/916
f 345/1093/912 1697/1094/913 344/1095/914
f 346/1091/910 1698/1092/912 345/1093/912
f 346/1091/910 1700/1088/909 1699/1090/910
f 348/1087/451 1700/1088/909 347/1089/911
f 349/1085/450 1701/1086/451 348/1087/451
f 350/1083/449 1702/1084/450 349/1085/450
f 351/1079/448 1703/1082/449 350/1083/449
f 352/1077/447 1704/1081/448 351/1079/448
f 352/1077/447 1706/1076/446 1705/1080/447
f 354/1075/908 1706/1076/446 353/1078/446
f 354/1075/908 1708/1072/444 1707/1074/908
f 356/1071/443 1708/1072/444 355/1073/444
f 357/1069/442 1709/1070/443 356/1071/443
f 358/1065/441 1710/1068/442 357/1069/442
f 359/1066/440 1711/1067/441 358/1065/441
f 360/1063/439 1712/1064/440 359/1066/440
f 361/1061/438 1713/1062/439 360/1063/439
f 362/1059/437 1714/1060/438 361/1061/438
f 363/1057/436 1715/1058/437 362/1059/437
f 364/204/435 1716/1056/436 363/1057/436
f 365/1055/434 1717/203/435 364/204/435
f 366/1051/433 1718/1054/434 365/1055/434
f 367/1052/432 1719/1053/433 366/1051/433
f 368/1049/431 1720/1050/432 367/1052/432
f 369/1047/429 1721/1048/431 368/1049/431
f 370/1045/428 1722/1046/429 369/1047/429
f 371/1043/427 1723/1044/428 370/1045/428
f 372/1041/426 1724/1042/427 371/1043/427
f 372/1041/426 1726/1038/425 1725/1040/426
f 374/1037/907 1726/1038/425 373/1039/425
f 375/1035/423 1727/1036/424 374/1037/907
f 376/1033/422 1728/1034/423 375/1035/423
f 377/1031/421 1729/1032/906 376/1033/422
f 378/1029/420 1730/1030/421 377/1031/421
f 379/1027/419 1731/1028/420 378/1029/420
f 379/1027/419 1733/1024/418 1732/1026/419
f 381/1023/417 1733/1024/418 380/1025/418
f 382/1021/416 1734/1022/417 381/1023/417
f 383/1018/415 1735/1020/416 382/1021/416
f 385/1017/413 1737/195/414 384/886/905
f 433/943/364 1737/197/414 1785/944/364
f 386/1015/412 1738/1016/413 385/1017/413
f 387/1013/411 1739/1014/412 386/1015/412
f 388/1011/410 1740/1012/411 387/1013/411
f 388/1011/410 1742/270/409 1741/1010/410
f 389/271/409 1743/1008/408 1742/270/409
f 391/1007/407 1743/1008/408 390/1009/408
f 392/1003/406 1744/1006/407 391/1007/407
f 393/1004/405 1745/1005/406 392/1003/406
f 394/1001/404 1746/1002/405 393/1004/405
f 395/999/403 1747/1000/404 394/1001/404
f 396/997/402 1748/998/403 395/999/403
f 397/993/401 1749/996/402 396/997/402
f 398/994/400 1750/995/401 397/993/401
f 399/259/399 1751/992/400 398/994/400
f 400/991/398 1752/257/399 399/259/399
f 400/991/398 1754/988/397 1753/990/398
f 402/844/396 1754/988/397 401/989/397
f 403/986/395 1755/846/396 402/844/396
f 404/243/394 1756/987/395 403/986/395
f 404/243/394 1758/984/904 1757/245/394
f 406/983/392 1758/984/904 405/985/904
f 407/981/391 1759/982/392 406/983/392
f 407/981/391 1761/835/390 1760/980/391
f 409/979/389 1761/835/390 408/836/390
f 410/977/901 1762/978/389 409/979/389
f 410/977/901 1764/974/387 1763/976/903
f 412/973/900 1764/974/387 411/975/902
f 413/971/898 1765/972/899 412/973/900
f 414/146/896 1766/970/897 413/971/898
f 415/969/383 1767/145/895 414/146/896
f 416/967/893 1768/968/894 415/969/383
f 417/965/892 1769/966/893 416/967/893
f 417/965/892 1771/962/379 1770/964/892
f 419/226/378 1771/962/379 418/963/379
f 420/961/377 1772/225/378 419/226/378
f 1773/960/377 420/961/377 421/2356/151
f 423/958/375 1774/817/376 422/818/376
f 424/204/891 1775/957/375 423/958/375
f 425/956/890 1776/203/891 424/204/891
f 426/954/889 1777/955/373 425/956/890
f 427/951/371 1778/953/889 426/954/889
f 428/808/370 1779/952/888 427/951/371
f 429/950/887 1780/807/370 428/808/370
f 430/949/366 1781/392/886 429/950/887
f 431/947/884 1782/948/885 430/949/366
f 432/942/882 1783/946/883 431/947/884
f 433/943/364 1784/945/363 432/942/882
f 434/196/880 1980/1878/677 628/1877/677
f 605/2208/109 539/2207/109 534/2335/109
f 435/2205/879 1786/195/880 434/886/880
f 436/2203/530 1787/2204/879 435/2205/879
f 437/277/878 1788/2202/530 436/2203/530
f 438/2201/877 1789/276/878 437/277/878
f 439/2199/876 1790/2200/877 438/2201/877
f 440/275/875 1791/2198/876 439/2199/876
f 441/2197/874 1792/274/875 440/275/875
f 442/2195/873 1793/2196/874 441/2197/874
f 443/188/872 1794/2194/873 442/2195/873
f 444/2193/871 1795/187/872 443/188/872
f 445/2190/870 1796/2192/871 444/2193/871
f 445/2190/870 1798/272/869 1797/2191/870
f 447/2189/868 1798/272/869 446/273/869
f 1800/2187/867 447/2189/868 448/3189/867
f 449/2185/866 1800/2187/867 448/3189/867
f 449/2185/866 1802/179/865 1801/2186/866
f 451/2184/864 1802/179/865 450/180/865
f 452/2182/863 1803/2183/864 451/2184/864
f 453/2180/862 1804/2181/863 452/2182/863
f 454/2178/861 1805/2179/862 453/2180/862
f 455/2176/860 1806/2177/861 454/2178/861
f 456/2174/859 1807/2175/860 455/2176/860
f 457/2170/858 1808/2173/859 456/2174/859
f 457/2170/858 1810/2128/846 1809/2172/858
f 457/2131/109 493/2133/109 492/2129/109
f 457/2131/109 502/2258/109 501/2169/857
f 459/176/845 1810/2128/846 458/2171/846
f 460/2125/843 1811/175/845 459/176/845
f 460/2125/843 1813/2124/842 1812/2127/843
f 462/1001/592 1813/2124/842 461/2126/844
f 463/2123/841 1814/1000/592 462/1001/592
f 464/2121/840 1815/2122/841 463/2123/841
f 465/2119/589 1816/2120/840 464/2121/840
f 466/2117/839 1817/2118/206 465/2119/589
f 467/2115/838 1818/2116/839 466/2117/839
f 468/2113/837 1819/2114/838 467/2115/838
f 469/2111/600 1820/2112/837 468/2113/837
f 470/2108/836 1821/2110/600 469/2111/600
f 470/2108/836 1823/2107/835 1822/2109/252
f 472/2105/197 1823/2107/835 471/262/835
f 472/3190/1202 471/2142/239 473/3191/1203
f 471/2142/239 474/3192/218 473/3191/1203
f 471/2142/239 475/2137/109 474/3192/218
f 475/258/151 1828/2099/151 1827/2101/151
f 477/2097/833 1829/2098/834 476/2102/834
f 478/259/832 1830/2096/833 477/2097/833
f 479/2095/831 1831/257/832 478/259/832
f 480/2093/829 1832/2094/830 479/2095/831
f 481/256/827 1833/2092/828 480/2093/829
f 482/2091/825 1834/255/826 481/256/827
f 483/2088/821 1835/2090/824 482/2091/825
f 483/2088/821 1837/253/820 1836/2089/823
f 485/2087/819 1837/253/820 484/254/822
f 486/2085/818 1838/2086/819 485/2087/819
f 487/252/817 1839/2084/818 486/2085/818
f 488/2083/816 1840/251/817 487/252/817
f 489/2081/815 1841/2082/816 488/2083/816
f 490/250/814 1842/2080/815 489/2081/815
f 491/2079/813 1843/249/814 490/250/814
f 492/2076/812 1844/2078/813 491/2079/813
f 492/2076/812 1846/247/811 1845/2077/812
f 494/2075/810 1846/247/811 493/248/811
f 495/2072/809 1847/2074/810 494/2075/810
f 495/2072/809 1849/169/808 1848/2073/809
f 497/2071/807 1849/169/808 496/170/808
f 498/2069/806 1850/2070/807 497/2071/807
f 499/244/805 1851/2068/806 498/2069/806
f 500/2067/804 1852/246/805 499/244/805
f 1853/2064/804 500/2067/804 501/2065/151
f 503/166/802 1854/2063/803 502/2066/803
f 504/2062/801 1855/165/802 503/166/802
f 505/2060/800 1856/2061/801 504/2062/801
f 506/242/799 1857/2059/800 505/2060/800
f 507/2058/798 1858/241/799 506/242/799
f 508/2056/797 1859/2057/798 507/2058/798
f 509/240/796 1860/2055/797 508/2056/797
f 510/2054/795 1861/239/796 509/240/796
f 511/2052/794 1862/2053/795 510/2054/795
f 512/163/793 1863/2051/794 511/2052/794
f 513/2050/264 1864/161/793 512/163/793
f 514/2048/792 1865/2049/264 513/2050/264
f 1867/2046/791 514/2048/792 515/3193/791
f 516/2045/790 1867/2046/791 515/3193/791
f 517/2043/789 1868/2044/790 516/2045/790
f 518/158/788 1869/2042/789 517/2043/789
f 518/158/788 1871/2040/787 1870/157/788
f 520/2039/786 1871/2040/787 519/2041/787
f 521/979/785 1872/2038/786 520/2039/786
f 522/2037/784 1873/978/785 521/979/785
f 523/2035/783 1874/2036/784 522/2037/784
f 524/2033/782 1875/2034/783 523/2035/783
f 525/2031/781 1876/2032/782 524/2033/782
f 526/2029/780 1877/2030/781 525/2031/781
f 527/152/779 1878/2028/780 526/2029/780
f 528/2027/778 1879/154/779 527/152/779
f 529/2025/777 1880/2026/778 528/2027/778
f 530/2023/776 1881/2024/777 529/2025/777
f 531/237/775 1882/2022/776 530/2023/776
f 532/2021/774 1883/238/775 531/237/775
f 533/2019/773 1884/2020/774 532/2021/774
f 534/146/772 1885/2018/773 533/2019/773
f 534/146/772 1887/2016/771 1886/145/772
f 536/2015/770 1887/2016/771 535/2017/771
f 537/236/769 1888/2014/770 536/2015/770
f 538/2013/768 1889/235/769 537/236/769
f 539/2011/767 1890/2012/768 538/2013/768
f 540/233/766 1891/2010/767 539/2011/767
f 541/2009/764 1892/234/765 540/233/766
f 542/2007/763 1893/2008/764 541/2009/764
f 543/138/762 1894/2006/763 542/2007/763
f 544/2005/761 1895/137/762 543/138/762
f 545/2003/760 1896/2004/761 544/2005/761
f 546/228/758 1897/2002/759 545/2003/760
f 546/228/758 1899/2000/757 1898/227/758
f 548/1999/613 1899/2000/757 547/2001/757
f 549/226/756 1900/1998/613 548/1999/613
f 550/1997/755 1901/225/756 549/226/756
f 551/1995/754 1902/1996/755 550/1997/755
f 552/134/753 1903/1994/754 551/1995/754
f 553/1993/752 1904/133/753 552/134/753
f 554/1991/751 1905/1992/752 553/1993/752
f 555/1989/750 1906/1990/751 554/1991/751
f 556/1987/749 1907/1988/750 555/1989/750
f 557/1985/748 1908/1986/749 556/1987/749
f 558/1982/747 1909/1984/748 557/1985/748
f 558/1982/747 1911/125/155 1910/1983/747
f 560/1981/746 1911/125/155 559/126/155
f 561/1979/745 1912/1980/746 560/1981/746
f 562/1516/744 1913/1978/745 561/1979/745
f 563/1977/743 1914/1196/744 562/1516/744
f 564/1975/742 1915/1976/743 563/1977/743
f 565/1973/741 1916/1974/742 564/1975/742
f 566/1971/740 1917/1972/741 565/1973/741
f 567/1969/479 1918/1970/740 566/1971/740
f 568/1967/739 1919/1968/479 567/1969/479
f 569/1965/738 1920/1966/739 568/1967/739
f 570/1963/737 1921/1964/738 569/1965/738
f 571/1959/734 1922/1962/737 570/1963/737
f 571/1959/734 1924/1958/733 1923/1961/736
f 573/1957/732 1924/1958/733 572/1960/735
f 574/1955/731 1925/1956/732 573/1957/732
f 575/1953/730 1926/1954/731 574/1955/731
f 576/220/729 1927/1952/730 575/1953/730
f 577/1951/728 1928/219/729 576/220/729
f 578/1949/727 1929/1950/728 577/1951/728
f 579/218/182 1930/1948/727 578/1949/727
f 579/218/182 1932/209/212 1931/217/182
f 581/1947/725 1932/209/726 580/210/726
f 582/1945/724 1933/1946/725 581/1947/725
f 583/208/723 1934/1944/724 582/1945/724
f 584/1943/722 1935/207/723 583/208/723
f 585/1941/721 1936/1942/722 584/1943/722
f 586/120/719 1937/1940/721 585/1941/721
f 586/120/719 1939/1938/718 1938/119/719
f 588/1937/717 1939/1938/718 587/1939/720
f 589/206/716 1940/1936/717 588/1937/717
f 590/1933/715 1941/205/716 589/206/716
f 590/1933/715 1943/1932/714 1942/1935/715
f 592/204/713 1943/1932/714 591/1934/714
f 593/1931/712 1944/203/713 592/204/713
f 594/1928/711 1945/1930/712 593/1931/712
f 594/1928/711 1947/115/710 1946/1929/711
f 596/1927/709 1947/115/710 595/116/710
f 597/1925/708 1948/1926/709 596/1927/709
f 598/202/707 1949/1924/708 597/1925/708
f 599/1923/706 1950/201/707 598/202/707
f 600/1920/705 1951/1922/706 599/1923/706
f 600/1920/705 1953/199/704 1952/1921/705
f 601/200/704 1954/1918/703 1953/199/704
f 603/1916/702 1954/1918/703 602/1919/703
f 603/1916/702 1956/111/701 1955/1917/702
f 605/1915/700 1956/111/701 604/112/701
f 606/1913/699 1957/1914/700 605/1915/700
f 607/1909/698 1958/1912/699 606/1913/699
f 607/1909/698 1960/1908/697 1959/1911/698
f 609/1907/696 1960/1908/697 608/1910/697
f 610/1905/695 1961/1906/696 609/1907/696
f 611/1904/694 1962/889/695 610/1905/695
f 612/1902/693 1963/1903/694 611/1904/694
f 613/108/692 1964/1901/693 612/1902/693
f 614/1900/691 1965/107/692 613/108/692
f 615/1898/690 1966/1899/691 614/1900/691
f 616/950/689 1967/1897/690 615/1898/690
f 617/1894/688 1968/392/689 616/950/689
f 617/1894/688 1970/1893/687 1969/1896/688
f 619/1892/686 1970/1893/687 618/1895/687
f 620/100/685 1971/1891/686 619/1892/686
f 621/1890/684 1972/99/685 620/100/685
f 622/1888/683 1973/1889/684 621/1890/684
f 623/1886/682 1974/1887/683 622/1888/683
f 624/1884/681 1975/1885/682 623/1886/682
f 625/1882/680 1976/1883/681 624/1884/681
f 626/890/679 1977/1881/680 625/1882/680
f 627/1880/678 1978/198/679 626/890/679
f 628/1877/677 1979/1879/678 627/1880/678
f 631/1823/109 777/1825/109 776/1839/109
f 630/1822/213 1981/195/213 629/886/213
f 782/1420/540 1981/197/151 2140/1421/540
f 631/1820/674 1982/1821/212 630/1822/212
f 632/1816/673 1983/1819/674 631/1820/674
f 632/1816/673 1985/1815/672 1984/1818/673
f 634/1814/671 1985/1815/672 633/1817/672
f 635/1812/670 1986/1813/671 634/1814/671
f 636/1810/669 1987/1811/670 635/1812/670
f 637/1808/668 1988/1809/669 636/1810/669
f 638/1806/667 1989/1807/668 637/1808/668
f 639/1804/666 1990/1805/667 638/1806/667
f 640/1802/665 1991/1803/666 639/1804/666
f 641/1800/664 1992/1801/665 640/1802/665
f 642/1798/663 1993/1799/664 641/1800/664
f 643/1796/662 1994/1797/663 642/1798/663
f 644/1794/661 1995/1795/662 643/1796/662
f 645/1792/660 1996/1793/661 644/1794/661
f 646/1788/659 1997/1791/660 645/1792/660
f 646/1788/659 1999/1787/658 1998/1790/659
f 648/1784/656 1999/1787/658 647/1789/658
f 648/1784/656 2001/1783/655 2000/1786/657
f 650/1782/654 2001/1783/655 649/1785/655
f 651/1780/129 2002/1781/653 650/1782/654
f 652/1778/652 2003/1779/129 651/1780/129
f 653/1776/651 2004/1777/652 652/1778/652
f 654/1774/650 2005/1775/651 653/1776/651
f 655/1772/649 2006/1773/650 654/1774/650
f 2712/1727/639 2007/1771/649 655/1772/649
f 657/1770/636 2012/1726/638 656/1725/638
f 748/1742/109 744/1761/239 756/1743/109
f 2009/1728/212 2713/1724/212 2010/1723/637
f 658/1720/635 2013/1721/636 657/1770/636
f 659/1718/634 2014/1719/635 658/1720/635
f 660/1716/633 2015/1717/634 659/1718/634
f 661/1714/632 2016/1715/633 660/1716/633
f 662/1712/631 2017/1713/632 661/1714/632
f 663/1710/629 2018/1711/630 662/1712/631
f 664/1706/627 2019/1709/629 663/1710/629
f 664/1706/627 2021/1705/626 2020/1708/628
f 666/1704/625 2021/1705/626 665/1707/626
f 667/1702/624 2022/1703/625 666/1704/625
f 668/1700/623 2023/1701/624 667/1702/624
f 669/1698/622 2024/1699/623 668/1700/623
f 670/1696/593 2025/1697/622 669/1698/622
f 671/1692/592 2026/1695/593 670/1696/593
f 671/1692/592 2028/1691/621 2027/1694/209
f 673/1690/620 2028/1691/621 672/1693/621
f 674/1686/618 2029/1689/619 673/1690/620
f 674/1686/618 2031/1685/617 2030/1688/618
f 676/1684/616 2031/1685/617 675/1687/617
f 677/1682/615 2032/1683/616 676/1684/616
f 678/1680/613 2033/1681/614 677/1682/615
f 679/1678/611 2034/1679/612 678/1680/613
f 680/1676/609 2035/1677/610 679/1678/611
f 681/1621/602 2036/1675/609 680/1676/609
f 680/1674/109 682/3194/1204 681/3195/109
f 680/1674/109 683/3196/109 682/3194/1204
f 680/1674/109 684/3197/1205 683/3196/109
f 680/1674/109 685/3198/109 684/3197/1205
f 680/1674/109 686/1672/607 685/3198/109
f 710/1567/238 706/1639/238 702/1626/109
f 680/1674/109 740/3199/1206 739/1673/608
f 680/1674/109 741/3200/1207 740/3199/1206
f 680/1674/109 742/3201/109 741/3200/1207
f 742/3201/109 680/1674/109 743/1759/109
f 2040/1619/151 2039/1620/151 683/1623/151
f 687/1615/198 2042/1616/197 686/1625/603
f 688/1613/199 2043/1614/198 687/1615/198
f 689/1611/253 2044/1612/601 688/1613/199
f 690/1609/599 2045/1610/600 689/1611/253
f 691/1607/598 2046/1608/599 690/1609/599
f 692/1605/205 2047/1606/597 691/1607/598
f 693/1603/596 2048/1604/204 692/1605/205
f 694/1601/590 2049/1602/596 693/1603/596
f 695/1599/591 2050/1600/590 694/1601/590
f 696/1597/595 2051/1598/591 695/1599/591
f 697/1595/593 2052/1596/594 696/1597/595
f 698/1593/265 2053/1594/593 697/1595/593
f 2055/1591/265 698/1593/265 699/3202/265
f 700/1590/210 2055/1591/265 699/3202/265
f 701/1588/209 2056/1589/210 700/1590/210
f 702/1586/591 2057/1587/592 701/1588/209
f 703/1584/207 2058/1585/591 702/1586/591
f 704/1582/206 2059/1583/590 703/1584/207
f 705/1580/588 2060/1581/589 704/1582/206
f 706/1578/586 2061/1579/587 705/1580/588
f 707/1576/255 2062/1577/256 706/1578/586
f 708/1572/584 2063/1575/202 707/1576/255
f 708/1572/584 2065/1571/199 2064/1574/200
f 710/1569/198 2065/1571/199 709/1573/585
f 710/1569/198 2067/1564/581 2066/1570/583
f 711/3203/109 710/1567/238 712/3204/1208
f 710/1567/238 713/1566/582 712/3204/1208
f 713/1566/582 715/1568/109 714/3205/361
f 2069/1560/151 2068/1563/151 712/1561/151
f 715/1556/276 2071/1557/580 714/1565/150
f 716/1554/154 2072/1555/276 715/1556/276
f 717/1552/353 2073/1553/154 716/1554/154
f 718/1550/274 2074/1551/353 717/1552/353
f 719/1546/572 2075/1549/156 718/1550/274
f 719/1546/572 2077/1545/579 2076/1548/572
f 721/1544/574 2077/1545/579 720/1547/573
f 722/1542/161 2078/1543/574 721/1544/574
f 723/1540/577 2079/1541/578 722/1542/161
f 724/1538/533 2080/1539/576 723/1540/577
f 725/1536/165 2081/1537/533 724/1538/533
f 726/1534/166 2082/1535/165 725/1536/165
f 727/1532/166 2083/1533/166 726/1534/166
f 728/1530/165 2084/1531/166 727/1532/166
f 729/1528/164 2085/1529/165 728/1530/165
f 730/1526/576 2086/1527/163 729/1528/164
f 731/1524/161 2087/1525/575 730/1526/576
f 732/1520/574 2088/1523/160 731/1524/161
f 732/1520/574 2090/1519/573 2089/1522/574
f 734/1518/572 2090/1519/573 733/1521/573
f 735/1516/274 2091/1517/572 734/1518/572
f 736/1515/353 2092/1196/274 735/1516/274
f 737/1513/154 2093/1514/571 736/1515/353
f 738/1511/277 2094/1512/354 737/1513/154
f 739/1504/150 2095/1510/277 738/1511/277
f 2098/1501/151 2097/1502/151 739/1504/150
f 745/1497/152 2101/1498/150 744/1499/150
f 746/1495/570 2102/1496/152 745/1497/152
f 747/1493/569 2103/1494/570 746/1495/570
f 748/1491/568 2104/1492/569 747/1493/569
f 749/1489/566 2105/1490/567 748/1491/568
f 750/1487/565 2106/1488/566 749/1489/566
f 751/1485/564 2107/1486/565 750/1487/565
f 752/1483/563 2108/1484/564 751/1485/564
f 753/1481/561 2109/1482/562 752/1483/563
f 754/1479/559 2110/1480/560 753/1481/561
f 755/1477/557 2111/1478/558 754/1479/559
f 756/1475/166 2112/1476/557 755/1477/557
f 757/1473/213 2113/1474/166 756/1475/166
f 2713/3206/212 2712/3207/639 757/1769/1209
f 2711/1471/182 2114/1472/212 757/1473/212
f 2712/3208/151 2711/3209/151 757/1769/151
f 759/1470/469 2116/1468/468 758/1467/468
f 758/1467/468 2115/1469/222 2711/1471/182
f 760/1465/179 2117/1466/469 759/1470/469
f 761/1463/219 2118/1464/179 760/1465/179
f 762/1461/335 2119/1462/219 761/1463/219
f 763/1459/472 2120/1460/335 762/1461/335
f 764/1457/555 2121/1458/556 763/1459/472
f 765/1455/173 2122/1456/554 764/1457/555
f 766/1453/553 2123/1454/215 765/1455/173
f 767/1451/170 2124/1452/553 766/1453/553
f 768/1449/478 2125/1450/170 767/1451/170
f 769/1445/479 2126/1448/478 768/1449/478
f 769/1445/479 2128/1444/552 2127/1447/479
f 771/1443/551 2128/1444/552 770/1446/552
f 772/1441/550 2129/1442/551 771/1443/551
f 773/1439/549 2130/1440/550 772/1441/550
f 774/1437/548 2131/1438/549 773/1439/549
f 775/1433/547 2132/1436/548 774/1437/548
f 775/1433/547 2134/1432/546 2133/1435/547
f 777/1431/545 2134/1432/546 776/1434/546
f 778/1429/544 2135/1430/545 777/1431/545
f 779/1427/543 2136/1428/544 778/1429/544
f 780/1425/542 2137/1426/543 779/1427/543
f 781/1423/541 2138/1424/542 780/1425/542
f 782/1420/540 2139/1422/541 781/1423/541
f 783/196/150 2262/1418/151 2261/1419/151
f 866/1383/109 865/1279/109 812/1382/109
f 784/1278/277 2141/195/150 783/886/150
f 785/1276/535 2142/1277/277 784/1278/277
f 786/1274/534 2143/1275/535 785/1276/535
f 787/1272/533 2144/1273/534 786/1274/534
f 788/1270/532 2145/1271/533 787/1272/533
f 789/1268/531 2146/1269/532 788/1270/532
f 790/1266/530 2147/1267/531 789/1268/531
f 791/1264/529 2148/1265/530 790/1266/530
f 792/1262/528 2149/1263/529 791/1264/529
f 793/1260/527 2150/1261/528 792/1262/528
f 794/1258/526 2151/1259/527 793/1260/527
f 795/1256/525 2152/1257/526 794/1258/526
f 796/1254/524 2153/1255/525 795/1256/525
f 797/1252/523 2154/1253/524 796/1254/524
f 798/1250/522 2155/1251/523 797/1252/523
f 799/1248/521 2156/1249/522 798/1250/522
f 800/1246/520 2157/1247/521 799/1248/521
f 801/1244/519 2158/1245/520 800/1246/520
f 2160/1242/518 801/1244/519 802/3187/518
f 803/1001/517 2160/1242/518 802/3187/518
f 804/1241/516 2161/1000/517 803/1001/517
f 805/1239/515 2162/1240/516 804/1241/516
f 806/1237/514 2163/1238/515 805/1239/515
f 807/1235/513 2164/1236/514 806/1237/514
f 808/1233/512 2165/1234/513 807/1235/513
f 809/1231/511 2166/1232/512 808/1233/512
f 810/1229/510 2167/1230/511 809/1231/511
f 811/1227/509 2168/1228/510 810/1229/510
f 812/1225/508 2169/1226/509 811/1227/509
f 813/1223/507 2170/1224/508 812/1225/508
f 814/1221/506 2171/1222/507 813/1223/507
f 815/1219/505 2172/1220/506 814/1221/506
f 816/1217/504 2173/1218/505 815/1219/505
f 817/1215/503 2174/1216/504 816/1217/504
f 928/1186/238 927/1187/109 820/1184/109
f 818/1182/502 2175/1183/503 817/1215/503
f 819/1180/501 2176/1181/502 818/1182/502
f 820/1178/500 2177/1179/501 819/1180/501
f 821/1176/499 2178/1177/500 820/1178/500
f 822/1174/498 2179/1175/499 821/1176/499
f 823/243/497 2180/1173/498 822/1174/498
f 823/243/497 2182/1171/496 2181/245/497
f 825/1170/495 2182/1171/496 824/1172/496
f 826/1168/494 2183/1169/495 825/1170/495
f 827/1166/493 2184/1167/494 826/1168/494
f 828/1164/492 2185/1165/493 827/1166/493
f 829/1162/491 2186/1163/492 828/1164/492
f 830/1158/490 2187/1161/491 829/1162/491
f 830/1158/490 2189/1157/489 2188/1160/490
f 832/1156/488 2189/1157/489 831/1159/489
f 833/1154/487 2190/1155/488 832/1156/488
f 834/1152/486 2191/1153/487 833/1154/487
f 835/1148/485 2192/1151/486 834/1152/486
f 835/1148/485 2194/1147/484 2193/1150/485
f 837/1146/483 2194/1147/484 836/1149/484
f 838/1144/482 2195/1145/483 837/1146/483
f 839/1142/481 2196/1143/482 838/1144/482
f 840/1140/480 2197/1141/481 839/1142/481
f 841/1138/479 2198/1139/480 840/1140/480
f 842/1136/478 2199/1137/479 841/1138/479
f 843/1134/477 2200/1135/478 842/1136/478
f 844/1132/476 2201/1133/477 843/1134/477
f 845/1130/173 2202/1131/476 844/1132/476
f 846/1128/474 2203/1129/475 845/1130/173
f 847/1126/473 2204/1127/474 846/1128/474
f 848/1124/471 2205/1125/472 847/1126/473
f 849/1122/219 2206/1123/336 848/1124/471
f 850/1120/470 2207/1121/219 849/1122/219
f 851/1118/469 2208/1119/220 850/1120/470
f 852/1116/468 2209/1117/221 851/1118/469
f 853/1114/182 2210/1115/181 852/1116/468
f 2212/1112/467 853/1114/182 854/3188/467
f 855/1111/466 2212/1112/467 854/3188/467
f 856/1109/464 2213/1110/465 855/1111/466
f 857/1107/463 2214/1108/464 856/1109/464
f 858/1105/462 2215/1106/463 857/1107/463
f 859/1103/461 2216/1104/462 858/1105/462
f 860/1101/459 2217/1102/460 859/1103/461
f 861/1099/458 2218/1100/459 860/1101/459
f 862/1097/457 2219/1098/458 861/1099/458
f 863/1095/455 2220/1096/456 862/1097/457
f 864/1093/454 2221/1094/455 863/1095/455
f 865/1091/453 2222/1092/454 864/1093/454
f 866/1089/452 2223/1090/453 865/1091/453
f 867/1087/451 2224/1088/452 866/1089/452
f 868/1085/450 2225/1086/451 867/1087/451
f 869/1083/449 2226/1084/450 868/1085/450
f 870/1079/448 2227/1082/449 869/1083/449
f 870/1079/448 2229/1080/447 2228/1081/448
f 871/1077/447 2230/1076/446 2229/1080/447
f 873/1075/445 2230/1076/446 872/1078/446
f 874/1073/444 2231/1074/445 873/1075/445
f 875/1071/443 2232/1072/444 874/1073/444
f 876/1069/442 2233/1070/443 875/1071/443
f 877/1065/441 2234/1068/442 876/1069/442
f 877/1065/441 2236/1064/440 2235/1067/441
f 879/1063/439 2236/1064/440 878/1066/440
f 880/1061/438 2237/1062/439 879/1063/439
f 881/1059/437 2238/1060/438 880/1061/438
f 882/1057/436 2239/1058/437 881/1059/437
f 883/204/435 2240/1056/436 882/1057/436
f 884/1055/434 2241/203/435 883/204/435
f 885/1051/433 2242/1054/434 884/1055/434
f 885/1051/433 2244/1050/432 2243/1053/433
f 887/1049/431 2244/1050/432 886/1052/432
f 888/1047/429 2245/1048/430 887/1049/431
f 889/1045/428 2246/1046/429 888/1047/429
f 890/1043/427 2247/1044/428 889/1045/428
f 891/1041/426 2248/1042/427 890/1043/427
f 892/1039/425 2249/1040/426 891/1041/426
f 893/1037/424 2250/1038/425 892/1039/425
f 894/1035/423 2251/1036/424 893/1037/424
f 895/1033/422 2252/1034/423 894/1035/423
f 896/1031/421 2253/1032/422 895/1033/422
f 897/1029/420 2254/1030/421 896/1031/421
f 898/1027/419 2255/1028/420 897/1029/420
f 899/1025/418 2256/1026/419 898/1027/419
f 900/1023/417 2257/1024/418 899/1025/418
f 901/1021/416 2258/1022/417 900/1023/417
f 902/1018/415 2259/1020/416 901/1021/416
f 904/1017/413 2263/195/414 903/886/414
f 903/196/414 2311/944/364 952/943/364
f 905/1015/412 2264/1016/413 904/1017/413
f 906/1013/411 2265/1014/412 905/1015/412
f 907/1011/410 2266/1012/411 906/1013/411
f 908/271/409 2267/1010/410 907/1011/410
f 909/1009/408 2268/270/409 908/271/409
f 910/1007/407 2269/1008/408 909/1009/408
f 911/1003/406 2270/1006/407 910/1007/407
f 911/1003/406 2272/1002/405 2271/1005/406
f 913/1001/404 2272/1002/405 912/1004/405
f 914/999/403 2273/1000/404 913/1001/404
f 915/997/402 2274/998/403 914/999/403
f 916/993/401 2275/996/402 915/997/402
f 916/993/401 2277/992/400 2276/995/401
f 918/259/399 2277/992/400 917/994/400
f 919/991/398 2278/257/399 918/259/399
f 920/989/397 2279/990/398 919/991/398
f 921/844/396 2280/988/397 920/989/397
f 921/844/396 2282/987/395 2281/846/396
f 922/986/395 2283/245/394 2282/987/395
f 924/985/393 2283/245/394 923/243/394
f 925/983/392 2284/984/393 924/985/393
f 926/981/391 2285/982/392 925/983/392
f 927/836/390 2286/980/391 926/981/391
f 928/979/389 2287/835/390 927/836/390
f 929/977/388 2288/978/389 928/979/389
f 930/975/387 2289/976/388 929/977/388
f 931/973/386 2290/974/387 930/975/387
f 932/971/385 2291/972/386 931/973/386
f 933/146/384 2292/970/385 932/971/385
f 934/969/383 2293/145/384 933/146/384
f 935/967/381 2294/968/382 934/969/383
f 936/965/380 2295/966/381 935/967/381
f 937/963/379 2296/964/380 936/965/380
f 938/226/378 2297/962/379 937/963/379
f 939/961/377 2298/225/378 938/226/378
f 940/959/151 2300/817/376 2299/960/377
f 942/958/375 2300/817/376 941/818/376
f 943/204/374 2301/957/375 942/958/375
f 944/956/373 2302/203/374 943/204/374
f 945/954/372 2303/955/373 944/956/373
f 946/951/369 2304/953/372 945/954/372
f 946/951/369 2306/807/368 2305/952/371
f 948/950/367 2306/807/368 947/808/370
f 949/949/366 2307/392/367 948/950/367
f 950/947/365 2308/948/366 949/949/366
f 951/942/363 2309/946/365 950/947/365
f 951/942/363 2311/944/364 2310/945/363
f 953/196/276 2367/198/149 1006/890/150
f 961/907/109 957/936/109 953/908/109
f 954/379/154 2312/195/152 953/886/276
f 955/279/353 2313/280/354 954/379/154
f 956/192/274 2314/278/352 955/279/353
f 957/277/351 2315/191/156 956/192/274
f 958/275/350 2316/276/157 957/277/351
f 959/188/348 2317/274/158 958/275/350
f 959/188/348 2319/272/347 2318/187/349
f 961/271/346 2319/272/347 960/273/160
f 962/184/268 2320/270/162 961/271/346
f 963/269/345 2321/183/268 962/184/268
f 964/267/166 2322/268/344 963/269/345
f 965/258/343 2323/261/166 964/267/166
f 966/259/214 2324/260/343 965/258/343
f 967/256/342 2325/257/214 966/259/214
f 968/254/341 2326/255/342 967/256/342
f 969/252/340 2327/253/341 968/254/341
f 970/250/338 2328/251/339 969/252/340
f 971/248/216 2329/249/337 970/250/338
f 972/170/336 2330/247/216 971/248/216
f 973/244/219 2331/169/335 972/170/336
f 974/243/220 2332/246/219 973/244/219
f 975/166/221 2333/245/220 974/243/220
f 976/242/334 2334/165/221 975/166/221
f 977/891/333 979/893/109 978/3210/1210
f 977/240/182 2335/241/181 976/242/334
f 978/237/332 2336/239/182 977/240/182
f 979/146/331 2337/238/332 978/237/332
f 980/236/327 2338/145/330 979/146/331
f 980/236/327 2340/234/326 2339/235/329
f 982/140/325 2340/234/326 981/233/328
f 983/232/323 2341/142/324 982/140/325
f 984/230/321 2342/231/322 983/232/323
f 985/138/319 2343/229/320 984/230/321
f 986/228/317 2344/137/318 985/138/319
f 987/226/316 2345/227/317 986/228/317
f 988/134/315 2346/225/316 987/226/316
f 989/224/314 2347/133/315 988/134/315
f 990/222/313 2348/223/314 989/224/314
f 991/220/312 2349/221/313 990/222/313
f 992/218/311 2350/219/312 991/220/312
f 993/216/310 2351/217/311 992/218/311
f 994/214/308 2352/215/309 993/216/310
f 995/212/307 2353/213/308 994/214/308
f 996/210/306 2354/211/307 995/212/307
f 997/208/304 2355/209/305 996/210/306
f 998/120/302 2356/207/303 997/208/304
f 999/206/301 2357/119/302 998/120/302
f 1000/204/299 2358/205/300 999/206/301
f 1001/116/297 2359/203/298 1000/204/299
f 1002/202/295 2360/115/296 1001/116/297
f 1002/202/295 2362/199/294 2361/201/295
f 1003/3211/109 1002/904/239 1004/3212/109
f 1005/916/109 1004/3212/109 1002/904/239
f 2366/99/151 2365/887/151 1005/888/151
f 1007/196/293 2397/800/251 1037/799/251
f 1037/875/290 1008/3213/1211 1007/3214/109
f 2369/884/151 2368/195/293 1007/886/293
f 1008/3213/1211 1037/875/290 1009/3215/1211
f 1037/875/290 1010/867/109 1009/3215/1211
f 1036/857/278 1032/858/279 1028/855/245
f 1012/850/277 2371/851/150 1011/882/150
f 1013/848/154 2372/849/276 1012/850/277
f 1014/844/275 2373/847/154 1013/848/154
f 1014/844/275 2375/843/274 2374/846/155
f 1016/842/157 2375/843/274 1015/845/156
f 1017/838/273 2376/841/157 1016/842/157
f 1017/838/273 2378/837/272 2377/840/158
f 1019/836/271 2378/837/272 1018/839/272
f 1020/834/269 2379/835/270 1019/836/271
f 1021/832/268 2380/833/269 1020/834/269
f 1022/830/267 2381/831/268 1021/832/268
f 1023/828/266 2382/829/267 1022/830/267
f 1024/826/213 2383/827/266 1023/828/266
f 1025/824/212 2384/825/212 1024/826/212
f 1026/822/265 2385/823/108 1025/824/108
f 1027/820/264 2386/821/265 1026/822/265
f 1028/818/263 2387/819/264 1027/820/264
f 1029/816/262 2388/817/263 1028/818/263
f 1030/814/261 2389/815/262 1029/816/262
f 1031/812/259 2390/813/260 1030/814/261
f 1032/810/258 2391/811/259 1031/812/259
f 1033/808/256 2392/809/257 1032/810/258
f 1034/806/255 2393/807/256 1033/808/256
f 1035/804/254 2394/805/255 1034/806/255
f 1036/802/252 2395/803/253 1035/804/254
f 1037/799/251 2396/801/252 1036/802/252
f 1039/798/234 2398/195/235 1038/886/235
f 1081/772/109 1141/698/109 1140/693/109
f 1038/196/235 2454/583/184 1091/582/184
f 1040/691/233 2399/692/234 1039/798/234
f 1041/689/232 2400/690/233 1040/691/233
f 1042/685/231 2401/688/232 1041/689/232
f 1042/685/231 2403/684/230 2402/687/231
f 1044/683/229 2403/684/230 1043/686/230
f 1045/681/228 2404/682/229 1044/683/229
f 1046/679/227 2405/680/228 1045/681/228
f 1047/677/226 2406/678/227 1046/679/227
f 1048/675/225 2407/676/226 1047/677/226
f 1049/673/224 2408/674/225 1048/675/225
f 1050/671/223 2409/672/224 1049/673/224
f 1051/669/182 2410/670/223 1050/671/223
f 1052/667/181 2411/668/222 1051/669/182
f 1053/665/221 2412/666/181 1052/667/181
f 1054/663/220 2413/664/221 1053/665/221
f 1055/661/219 2414/662/220 1054/663/220
f 1056/659/177 2415/660/219 1055/661/219
f 1055/656/218 1119/658/109 1056/795/238
f 1057/654/216 2416/655/217 1056/659/177
f 1058/652/174 2417/653/216 1057/654/216
f 1059/650/173 2418/651/174 1058/652/174
f 1060/648/171 2419/649/215 1059/650/173
f 1061/646/170 2420/647/171 1060/648/171
f 1062/644/214 2421/645/170 1061/646/170
f 1063/642/167 2422/643/214 1062/644/214
f 1064/640/213 2423/641/167 1063/642/167
f 1065/638/212 2424/639/212 1064/640/212
f 1066/634/211 2425/637/108 1065/638/108
f 1066/634/211 2427/633/210 2426/636/211
f 1068/632/209 2427/633/210 1067/635/210
f 1069/630/208 2428/631/209 1068/632/209
f 1070/628/207 2429/629/208 1069/630/208
f 1071/626/206 2430/627/207 1070/628/207
f 1072/624/205 2431/625/206 1071/626/206
f 1073/622/203 2432/623/204 1072/624/205
f 1074/620/202 2433/621/203 1073/622/203
f 1075/618/200 2434/619/201 1074/620/202
f 1076/616/199 2435/617/200 1075/618/200
f 1077/614/198 2436/615/199 1076/616/199
f 1078/610/197 2437/613/198 1077/614/198
f 1079/607/196 2441/608/151 2440/611/151
f 1080/605/195 2442/606/196 1079/607/196
f 1081/601/194 2443/604/195 1080/605/195
f 1081/601/194 2445/600/193 2444/603/194
f 1083/599/192 2445/600/193 1082/602/193
f 1084/597/191 2446/598/192 1083/599/192
f 1085/593/190 2447/596/191 1084/597/191
f 1085/593/190 2449/592/189 2448/595/190
f 1087/591/188 2449/592/189 1086/594/189
f 1088/589/187 2450/590/188 1087/591/188
f 1089/587/186 2451/588/187 1088/589/187
f 1090/585/185 2452/586/186 1089/587/186
f 1091/582/184 2453/584/185 1090/585/185
f 1092/196/183 2506/486/125 1145/485/125
f 1093/581/182 2455/195/183 1092/886/183
f 1094/579/181 2456/580/182 1093/581/182
f 1095/577/180 2457/578/181 1094/579/181
f 1096/575/179 2458/576/180 1095/577/180
f 1097/573/178 2459/574/179 1096/575/179
f 1098/571/177 2460/572/178 1097/573/178
f 1099/569/176 2461/570/177 1098/571/177
f 1100/567/174 2462/568/175 1099/569/176
f 1101/563/172 2463/566/174 1100/567/174
f 1101/563/172 2465/562/171 2464/565/173
f 1103/561/170 2465/562/171 1102/564/171
f 1104/259/168 2466/560/169 1103/561/170
f 1105/559/167 2467/257/168 1104/259/168
f 1106/557/166 2468/558/167 1105/559/167
f 1107/555/165 2469/556/166 1106/557/166
f 1108/553/164 2470/554/165 1107/555/165
f 1109/551/162 2471/552/163 1108/553/164
f 1110/549/161 2472/550/162 1109/551/162
f 1111/547/159 2473/548/160 1110/549/161
f 1112/545/158 2474/546/159 1111/547/159
f 1113/543/157 2475/544/158 1112/545/158
f 1114/541/156 2476/542/157 1113/543/157
f 1115/539/155 2477/540/156 1114/541/156
f 1116/146/154 2478/538/155 1115/539/155
f 1117/537/152 2479/145/153 1116/146/154
f 1118/532/150 2480/536/152 1117/537/152
f 1119/533/151 1120/534/151 2482/530/148
f 1122/529/147 2482/530/148 1121/535/148
f 1123/525/146 2483/528/147 1122/529/147
f 1123/525/146 2485/524/145 2484/527/146
f 1125/523/144 2485/524/145 1124/526/145
f 1126/521/143 2486/522/144 1125/523/144
f 1127/519/142 2487/520/143 1126/521/143
f 1128/517/141 2488/518/142 1127/519/142
f 1129/515/140 2489/516/141 1128/517/141
f 1130/218/139 2490/514/140 1129/515/140
f 1131/513/138 2491/217/139 1130/218/139
f 1132/511/137 2492/512/138 1131/513/138
f 1133/509/136 2493/510/137 1132/511/137
f 1134/507/135 2494/508/136 1133/509/136
f 1135/505/134 2495/506/135 1134/507/135
f 1136/503/133 2496/504/134 1135/505/134
f 1137/501/132 2497/502/133 1136/503/133
f 1138/499/131 2498/500/132 1137/501/132
f 1139/495/130 2499/498/131 1138/499/131
f 1139/495/130 2501/494/129 2500/497/130
f 1141/493/128 2501/494/129 1140/496/129
f 1142/491/127 2502/492/128 1141/493/128
f 1143/489/126 2503/490/127 1142/491/127
f 1144/484/124 2504/488/126 1143/489/126
f 1144/484/124 2506/486/125 2505/487/124
f 1147/379/121 2507/195/122 1146/886/122
f 1237/389/109 1236/437/109 1183/472/109
f 1146/196/122 2558/198/67 1198/890/67
f 1148/279/120 2508/280/121 1147/379/121
f 1149/192/119 2509/278/120 1148/279/120
f 1150/277/117 2510/191/118 1149/192/119
f 1151/275/116 2511/276/117 1150/277/117
f 1152/188/115 2512/274/116 1151/275/116
f 1153/273/114 2513/187/115 1152/188/115
f 1154/271/113 2514/272/114 1153/273/114
f 1155/184/111 2515/270/112 1154/271/113
f 1156/269/110 2516/183/111 1155/184/111
f 1157/267/107 2517/268/110 1156/269/110
f 1158/387/108 2519/260/106 2518/261/107
f 1160/382/109 1159/384/109 1209/380/109
f 1159/258/106 2520/257/105 2519/260/106
f 1161/256/104 2520/257/105 1160/259/105
f 1162/254/103 2521/255/104 1161/256/104
f 1163/252/102 2522/253/103 1162/254/103
f 1164/250/101 2523/251/102 1163/252/102
f 1165/248/100 2524/249/101 1164/250/101
f 1166/170/99 2525/247/100 1165/248/100
f 1167/244/98 2526/169/99 1166/170/99
f 1168/243/97 2527/246/98 1167/244/98
f 1168/243/97 2529/165/96 2528/245/97
f 1169/166/96 2530/241/95 2529/165/96
f 1171/240/94 2530/241/95 1170/242/95
f 1172/237/93 2531/239/94 1171/240/94
f 1172/237/93 2533/145/92 2532/238/93
f 1174/236/91 2533/145/92 1173/146/92
f 1175/233/90 2534/235/91 1174/236/91
f 1175/233/90 2536/142/89 2535/234/90
f 1177/232/88 2536/142/89 1176/140/89
f 1178/230/87 2537/231/88 1177/232/88
f 1179/138/86 2538/229/87 1178/230/87
f 1180/228/85 2539/137/86 1179/138/86
f 1181/226/84 2540/227/85 1180/228/85
f 1182/134/83 2541/225/84 1181/226/84
f 1183/224/82 2542/133/83 1182/134/83
f 1184/222/81 2543/223/82 1183/224/82
f 1185/220/80 2544/221/81 1184/222/81
f 1186/218/79 2545/219/80 1185/220/80
f 1187/216/78 2546/217/79 1186/218/79
f 1188/214/77 2547/215/78 1187/216/78
f 1189/212/76 2548/213/77 1188/214/77
f 1190/210/75 2549/211/76 1189/212/76
f 1191/208/74 2550/209/75 1190/210/75
f 1192/120/73 2551/207/74 1191/208/74
f 1193/206/72 2552/119/73 1192/120/73
f 1194/204/71 2553/205/72 1193/206/72
f 1195/116/70 2554/203/71 1194/204/71
f 1196/202/69 2555/115/70 1195/116/70
f 1197/200/68 2556/201/69 1196/202/69
f 2558/198/67 1197/200/68 1198/890/67
f 1199/196/66 2608/98/17 1248/97/17
f 1200/194/65 2559/195/66 1199/886/66
f 1201/192/64 2560/193/65 1200/194/65
f 1202/190/63 2561/191/64 1201/192/64
f 1203/188/62 2562/189/63 1202/190/63
f 1204/186/61 2563/187/62 1203/188/62
f 1205/184/60 2564/185/61 1204/186/61
f 1206/182/59 2565/183/60 1205/184/60
f 1207/180/58 2566/181/59 1206/182/59
f 1208/178/57 2567/179/58 1207/180/58
f 1209/176/56 2568/177/57 1208/178/57
f 1210/174/55 2569/175/56 1209/176/56
f 1211/172/54 2570/173/55 1210/174/55
f 1212/170/53 2571/171/54 1211/172/54
f 1213/168/52 2572/169/53 1212/170/53
f 1214/166/51 2573/167/52 1213/168/52
f 1215/162/50 2574/165/51 1214/166/51
f 1215/162/50 2576/161/49 2575/164/50
f 1217/160/48 2576/161/49 1216/163/49
f 1218/158/47 2577/159/48 1217/160/48
f 1219/156/46 2578/157/47 1218/158/47
f 1220/152/45 2579/155/46 1219/156/46
f 1221/153/44 2580/154/45 1220/152/45
f 1222/150/43 2581/151/44 1221/153/44
f 1223/148/42 2582/149/43 1222/150/43
f 1224/146/41 2583/147/42 1223/148/42
f 1225/144/40 2584/145/41 1224/146/41
f 1226/140/39 2585/143/40 1225/144/40
f 1227/141/38 2586/142/39 1226/140/39
f 1228/138/37 2587/139/38 1227/141/38
f 1229/136/36 2588/137/37 1228/138/37
f 1230/134/35 2589/135/123 1229/136/36
f 1231/132/34 2590/133/35 1230/134/35
f 1232/130/33 2591/131/34 1231/132/34
f 1233/128/32 2592/129/33 1232/130/33
f 1234/126/31 2593/127/32 1233/128/32
f 1235/124/30 2594/125/31 1234/126/31
f 1236/122/29 2595/123/30 1235/124/30
f 1237/120/28 2596/121/29 1236/122/29
f 1238/118/27 2597/119/28 1237/120/28
f 1239/116/26 2598/117/27 1238/118/27
f 1240/114/25 2599/115/26 1239/116/26
f 1241/112/24 2600/113/25 1240/114/25
f 1242/110/23 2601/111/24 1241/112/24
f 1243/108/22 2602/109/23 1242/110/23
f 1244/106/21 2603/107/22 1243/108/22
f 1245/104/20 2604/105/21 1244/106/21
f 1246/102/19 2605/103/20 1245/104/20
f 1247/100/18 2606/101/19 1246/102/19
f 1247/100/18 2608/98/17 2607/99/18
f 1250/379/121 2609/195/122 1249/886/122
f 1342/283/109 1341/363/109 1282/364/109
f 1249/196/122 2660/198/67 1301/890/67
f 1251/279/120 2610/280/121 1250/379/121
f 1252/192/119 2611/278/120 1251/279/120
f 1253/277/117 2612/191/118 1252/192/119
f 1254/275/116 2613/276/117 1253/277/117
f 1255/188/115 2614/274/116 1254/275/116
f 1256/273/114 2615/187/115 1255/188/115
f 1257/271/113 2616/272/114 1256/273/114
f 1258/184/111 2617/270/112 1257/271/113
f 1259/269/110 2618/183/111 1258/184/111
f 1260/267/107 2619/268/110 1259/269/110
f 1260/264/109 1315/378/109 1314/265/109
f 2620/261/107 1260/267/107 1261/262/108
f 1262/258/106 2622/257/105 2621/260/106
f 1264/256/104 2622/257/105 1263/259/105
f 1265/254/103 2623/255/104 1264/256/104
f 1266/252/102 2624/253/103 1265/254/103
f 1267/250/101 2625/251/102 1266/252/102
f 1268/248/100 2626/249/101 1267/250/101
f 1269/170/99 2627/247/100 1268/248/100
f 1270/244/98 2628/169/99 1269/170/99
f 1270/244/98 2630/245/97 2629/246/98
f 1271/243/97 2631/165/96 2630/245/97
f 1272/166/96 2632/241/95 2631/165/96
f 1274/240/94 2632/241/95 1273/242/95
f 1275/237/93 2633/239/94 1274/240/94
f 1275/237/93 2635/145/92 2634/238/93
f 1277/236/91 2635/145/92 1276/146/92
f 1278/233/90 2636/235/91 1277/236/91
f 1278/233/90 2638/142/89 2637/234/90
f 1280/232/88 2638/142/89 1279/140/89
f 1281/230/87 2639/231/88 1280/232/88
f 1282/138/86 2640/229/87 1281/230/87
f 1283/228/85 2641/137/86 1282/138/86
f 1284/226/84 2642/227/85 1283/228/85
f 1285/134/83 2643/225/84 1284/226/84
f 1286/224/82 2644/133/83 1285/134/83
f 1287/222/81 2645/223/82 1286/224/82
f 1288/220/80 2646/221/81 1287/222/81
f 1289/218/79 2647/219/80 1288/220/80
f 1290/216/78 2648/217/79 1289/218/79
f 1291/214/77 2649/215/78 1290/216/78
f 1292/212/76 2650/213/77 1291/214/77
f 1293/210/75 2651/211/76 1292/212/76
f 1294/208/74 2652/209/75 1293/210/75
f 1295/120/73 2653/207/74 1294/208/74
f 1296/206/72 2654/119/73 1295/120/73
f 1297/204/71 2655/205/72 1296/206/72
f 1298/116/70 2656/203/71 1297/204/71
f 1299/202/69 2657/115/70 1298/116/70
f 1300/200/68 2658/201/69 1299/202/69
f 2660/198/67 1300/200/68 1301/890/67
f 1302/196/66 2710/98/17 1351/97/17
f 1303/194/65 2661/195/66 1302/886/66
f 1304/192/64 2662/193/65 1303/194/65
f 1305/190/63 2663/191/64 1304/192/64
f 1306/188/62 2664/189/63 1305/190/63
f 1307/186/61 2665/187/62 1306/188/62
f 1308/184/60 2666/185/61 1307/186/61
f 1309/182/59 2667/183/60 1308/184/60
f 1310/180/58 2668/181/59 1309/182/59
f 1311/178/57 2669/179/58 1310/180/58
f 1312/176/56 2670/177/57 1311/178/57
f 1313/174/55 2671/175/56 1312/176/56
f 1314/172/54 2672/173/55 1313/174/55
f 1315/170/53 2673/171/54 1314/172/54
f 1316/168/52 2674/169/53 1315/170/53
f 1317/166/51 2675/167/52 1316/168/52
f 1318/162/50 2676/165/51 1317/166/51
f 1318/162/50 2678/161/49 2677/164/50
f 1320/160/48 2678/161/49 1319/163/49
f 1321/158/47 2679/159/48 1320/160/48
f 1322/156/46 2680/157/47 1321/158/47
f 1323/152/45 2681/155/46 1322/156/46
f 1323/152/45 2683/151/44 2682/154/45
f 1325/150/43 2683/151/44 1324/153/44
f 1326/148/42 2684/149/43 1325/150/43
f 1327/146/41 2685/147/42 1326/148/42
f 1328/144/40 2686/145/41 1327/146/41
f 1329/140/39 2687/143/40 1328/144/40
f 1329/140/39 2689/139/38 2688/142/39
f 1331/138/37 2689/139/38 1330/141/38
f 1332/136/36 2690/137/37 1331/138/37
f 1333/134/35 2691/135/36 1332/136/36
f 1334/132/34 2692/133/35 1333/134/35
f 1335/130/33 2693/131/34 1334/132/34
f 1336/128/32 2694/129/33 1335/130/33
f 1337/126/31 2695/127/32 1336/128/32
f 1338/124/30 2696/125/31 1337/126/31
f 1339/122/29 2697/123/30 1338/124/30
f 1340/120/28 2698/121/29 1339/122/29
f 1341/118/27 2699/119/28 1340/120/28
f 1342/116/26 2700/117/27 1341/118/27
f 1343/114/25 2701/115/26 1342/116/26
f 1344/112/24 2702/113/25 1343/114/25
f 1345/110/23 2703/111/24 1344/112/24
f 1346/108/22 2704/109/23 1345/110/23
f 1347/106/21 2705/107/22 1346/108/22
f 1348/104/20 2706/105/21 1347/106/21
f 1349/102/19 2707/103/20 1348/104/20
f 1350/100/18 2708/101/19 1349/102/19
f 1351/97/17 2709/99/18 1350/100/18
f 1352/3216/1212 1353/3217/1 1382/78/1
f 1353/3217/1 1354/3218/1213 1382/78/1
f 1354/3218/1213 1355/79/1 1382/78/1
f 1359/76/10 1363/92/1 1367/77/1
f 1498/3031/1 1499/3029/1 1389/3030/1
f 1684/3219/1 1776/3220/1 1777/3221/1214
f 1743/2372/1 1664/2373/1 1742/3222/1
f 1860/2240/1 1798/3223/1 1859/3224/1
f 1824/3190/1 1825/3225/1 1823/2142/1
f 1825/3225/1 1826/3226/1 1823/2142/1
f 1823/2142/1 1826/3226/1 1827/3192/1
f 1828/2137/1 1823/2142/1 1827/3192/1
f 2007/3227/1 2119/3228/1 2120/1866/4
f 1352/195/581 1/886/581 1353/884/151
f 2115/3229/109 2008/3230/109 2114/1769/1215
f 2010/3231/637 2011/3232/212 2114/1769/1216
f 2013/1745/1 2017/3233/1 2022/3234/1
f 2037/3195/1 2038/3194/1212 2036/3235/1
f 2036/3235/1 2038/3194/1212 2039/3196/1217
f 2040/3197/1 2036/3235/1 2039/3196/1217
f 2040/3197/1 2041/3236/1218 2036/3235/1
f 2042/3237/1 2096/1673/1219 2036/3235/1
f 2097/3238/1 2098/3200/1 2036/3235/1
f 2099/3201/1220 2036/3235/1 2098/3200/1
f 2099/3201/1220 2100/3239/1 2036/3235/1
f 2074/1643/1214 2078/1645/1 2082/1647/1
f 2067/3240/1221 2068/3241/1 2066/1567/1222
f 2068/3241/1 2069/3242/1223 2066/1567/1222
f 2069/3242/1223 2070/3243/1 2066/1567/1222
f 2220/1287/1 2221/1282/1 2174/1199/1
f 2262/3244/1 2141/1403/1 2259/1401/1
f 2185/1365/1 2275/1214/1 2276/1207/1
f 2260/1333/1 2261/3245/1224 2259/1401/1
f 2261/3245/1224 2262/3244/1 2259/1401/1
f 2312/3246/1225 2366/3247/1226 2367/932/1227
f 2313/3248/9 2317/937/1219 2321/941/5
f 2362/3211/1 2363/3249/1228 2361/3250/1
f 2361/3250/1 2363/3249/1228 2364/3212/1229
f 2364/3212/1229 2365/916/1230 2361/3250/1
f 2365/916/1230 2366/3247/1226 2361/3250/1
f 2368/3251/1 2369/3252/1 2397/3253/1
f 2369/3252/1 2370/3215/1231 2397/3253/1
f 2370/3215/1231 2372/3254/1 2397/3253/1
f 2397/3253/1 2389/217/1 2393/3255/1214
f 2497/707/1 2498/701/1 2453/766/1
f 2463/3256/1 2464/3257/1 2432/748/1
f 2438/711/1232 2439/3258/1 2437/773/1
f 2439/3258/1 2440/3259/1 2437/773/1
f 2440/3259/1 2441/3260/1 2437/773/1
f 2600/398/1 2601/397/1 2536/396/1
f 2516/458/1 2573/3261/1 2574/3262/1
f 2708/294/1 2635/291/1 2707/292/1
f 2615/374/1 2683/3263/1 2684/326/1
f 8/3264/1233 7/3184/1201 5/3169/246
f 9/3168/238 8/3264/1233 5/3169/246
f 3/882/1200 1356/851/1200 1355/996/151
f 2/3186/151 3/882/1200 1355/996/151
f 1353/884/151 1/886/581 1354/880/151
f 1/886/581 2/3186/151 1354/880/151
f 1/196/581 1352/197/581 1382/800/583
f 1587/2/1 1588/3151/1 1509/3265/1
f 1588/3151/1 1589/3150/1 1509/3265/1
f 1589/3150/1 1590/3148/1 1509/3265/1
f 1590/3148/1 1591/3147/1 1509/3265/1
f 1591/3147/1 1592/3146/1 1509/3265/1
f 1592/3146/1 1593/3266/1 1508/3010/1
f 1593/3266/1 1594/3144/1 1508/3010/1
f 1592/3146/1 1508/3010/1 1509/3265/1
f 1594/3144/1 1595/3009/1 1508/3010/1
f 1595/3009/1 1596/3143/1 1508/3010/1
f 1596/3143/1 1597/3142/1 1508/3010/1
f 1597/3142/1 1598/3141/1 1507/3267/1
f 1598/3141/1 1599/3140/1 1507/3267/1
f 1599/3140/1 1600/3018/1 1507/3267/1
f 1600/3018/1 1601/3139/1 1507/3267/1
f 1601/3139/1 1602/3138/1 1506/3017/1
f 1602/3138/1 1603/3137/1 1506/3017/1
f 1603/3137/1 1604/3020/1 1506/3017/1
f 1604/3020/1 1605/3136/1 1506/3017/1
f 1605/3136/1 1606/3268/1 1505/3019/1
f 1606/3268/1 1607/3134/1 1505/3019/1
f 1607/3134/1 1608/3269/1 1505/3019/1
f 1608/3269/1 1609/3133/1 1505/3019/1
f 1609/3133/1 1610/3132/1 1504/2999/1
f 1610/3132/1 1611/2998/1 1504/2999/1
f 1611/2998/1 1612/3131/1 1504/2999/1
f 1612/3131/1 1613/3130/1 1503/2997/1
f 1613/3130/1 1614/3270/1 1503/2997/1
f 1614/3270/1 1615/3129/1 1503/2997/1
f 1615/3129/1 1616/3271/1 1502/3022/1
f 1616/3271/1 1383/3024/1 1502/3022/1
f 1383/3024/1 1384/3272/1 1501/3273/1
f 1384/3272/1 1385/3026/1 1501/3273/1
f 1385/3026/1 1386/3126/1 1500/3027/1
f 1386/3126/1 1387/3028/1 1500/3027/1
f 1387/3028/1 1388/3125/1 1499/3029/1
f 1388/3125/1 1389/3030/1 1499/3029/1
f 1389/3030/1 1390/3124/1 1498/3031/1
f 1390/3124/1 1391/3274/1 1498/3031/1
f 1391/3274/1 1392/3122/1 1497/3006/1
f 1496/3275/1 1394/3123/1 1395/3033/1
f 1392/3122/1 1393/3005/1 1497/3006/1
f 1393/3005/1 1394/3123/1 1496/3275/1
f 1495/3034/1 1395/3033/1 1494/3035/1
f 1395/3033/1 1396/3120/1 1493/3121/1
f 1493/3121/1 1396/3120/1 1492/3004/1
f 1396/3120/1 1397/3003/1 1492/3004/1
f 1397/3003/1 1398/3119/1 1491/270/1
f 1398/3119/1 1399/3118/1 1491/270/1
f 1399/3118/1 1400/3116/1 1491/270/1
f 1491/270/1 1400/3116/1 1490/3114/1
f 1400/3116/1 1401/3117/1 1490/3114/1
f 1401/3117/1 1402/3113/1 1490/3114/1
f 1490/3114/1 1402/3113/1 1489/2991/1
f 1402/3113/1 1403/3276/1 1489/2991/1
f 1403/3276/1 1404/3112/1 1489/2991/1
f 1489/2991/1 1404/3112/1 1405/2993/1
f 1405/2993/1 1406/3111/1 1488/2992/1
f 1488/2992/1 1406/3111/1 1407/3110/1
f 1407/3110/1 1408/3109/1 1488/2992/1
f 1488/2992/1 1408/3109/1 1487/3277/1
f 1408/3109/1 1409/3108/1 1487/3277/1
f 1409/3108/1 1410/3107/1 1487/3277/1
f 1410/3107/1 1411/3106/1 1487/3277/1
f 1411/3106/1 1412/3104/1 1487/3277/1
f 1412/3104/1 1413/3103/1 1486/3278/1
f 1413/3103/1 1414/3102/1 1486/3278/1
f 1412/3104/1 1486/3278/1 1487/3277/1
f 1414/3102/1 1415/3101/1 1486/3278/1
f 1415/3101/1 1416/3100/1 1486/3278/1
f 1416/3100/1 1417/3098/1 1486/3278/1
f 1417/3098/1 1418/3279/1 1486/3278/1
f 1418/3279/1 1419/3096/1 1485/3090/1
f 1419/3096/1 1420/3095/1 1485/3090/1
f 1418/3279/1 1485/3090/1 1486/3278/1
f 1420/3095/1 1421/3280/1 1485/3090/1
f 1421/3280/1 1422/3093/1 1485/3090/1
f 1422/3093/1 1423/3092/1 1485/3090/1
f 1423/3092/1 1424/3091/1 1485/3090/1
f 1424/3091/1 1425/3089/1 1485/3090/1
f 1425/3089/1 1426/3088/1 1485/3090/1
f 1426/3088/1 1427/3087/1 1484/3082/1
f 1427/3087/1 1428/3086/1 1484/3082/1
f 1426/3088/1 1484/3082/1 1485/3090/1
f 1428/3086/1 1429/3085/1 1484/3082/1
f 1429/3085/1 1430/3084/1 1484/3082/1
f 1430/3084/1 1431/3083/1 1484/3082/1
f 1431/3083/1 1432/3281/1 1484/3082/1
f 1432/3281/1 1433/3080/1 1484/3082/1
f 1433/3080/1 1434/3079/1 1483/2994/1
f 1484/3082/1 1433/3080/1 1483/2994/1
f 1434/3079/1 1435/3078/1 1483/2994/1
f 1435/3078/1 1436/3077/1 1483/2994/1
f 1436/3077/1 1437/3076/1 1483/2994/1
f 1437/3076/1 1438/3075/1 1483/2994/1
f 1438/3075/1 1439/3074/1 1469/2996/1
f 1439/3074/1 1440/3073/1 1469/2996/1
f 1440/3073/1 1441/3072/1 1469/2996/1
f 1441/3072/1 1442/3070/1 1469/2996/1
f 1442/3070/1 1443/3282/1 1469/2996/1
f 1443/3282/1 1444/3283/1 1445/3068/1
f 1469/2996/1 1443/3282/1 1445/3068/1
f 1445/3068/1 1446/3067/1 1469/2996/1
f 1446/3067/1 1447/3066/1 1469/2996/1
f 1447/3066/1 1448/3050/1 1469/2996/1
f 1448/3050/1 1449/3065/1 1468/3049/1
f 1449/3065/1 1450/3064/1 1468/3049/1
f 1450/3064/1 1451/3063/1 1468/3049/1
f 1451/3063/1 1452/3062/1 1468/3049/1
f 1452/3062/1 1453/3061/1 1468/3049/1
f 1453/3061/1 1454/3060/1 1468/3049/1
f 1454/3060/1 1455/3059/1 1468/3049/1
f 1455/3059/1 1456/3036/1 1468/3049/1
f 1468/3049/1 1456/3036/1 1466/3002/1
f 1456/3036/1 1457/3058/1 1458/3284/1
f 1458/3284/1 1459/3285/15 1460/3286/1
f 1460/3286/1 1461/3287/1 1458/3284/1
f 1461/3287/1 1462/3288/1 1458/3284/1
f 1462/3288/1 1463/3289/15 1466/3002/1
f 1463/3289/15 1464/3053/1234 1466/3002/1
f 1464/3053/1234 1465/3290/1 1466/3002/1
f 1466/3002/1 1467/3051/1 1468/3049/1
f 1468/3049/1 1469/2996/1 1448/3050/1
f 1469/2996/1 1470/3039/1219 1481/3042/1
f 1470/3039/1219 1471/3291/1 1472/3047/1
f 1472/3047/1 1473/3046/1 1470/3039/1219
f 1473/3046/1 1474/3038/1 1470/3039/1219
f 1474/3038/1 1475/3292/1 1476/3293/1
f 1476/3293/1 1477/3044/15 1478/3040/1
f 1478/3040/1 1479/3043/1 1480/3294/1
f 1480/3294/1 1481/3042/1 1470/3039/1219
f 1481/3042/1 1482/2995/1 1469/2996/1
f 1478/3040/1 1480/3294/1 1470/3039/1219
f 1474/3038/1 1476/3293/1 1470/3039/1219
f 1476/3293/1 1478/3040/1 1470/3039/1219
f 1456/3036/1 1458/3284/1 1466/3002/1
f 1438/3075/1 1469/2996/1 1483/2994/1
f 1397/3003/1 1491/270/1 1492/3004/1
f 1395/3033/1 1495/3034/1 1496/3275/1
f 1385/3026/1 1500/3027/1 1501/3273/1
f 1387/3028/1 1499/3029/1 1500/3027/1
f 1615/3129/1 1502/3022/1 1503/2997/1
f 1383/3024/1 1501/3273/1 1502/3022/1
f 1504/2999/1 1612/3131/1 1503/2997/1
f 1609/3133/1 1504/2999/1 1505/3019/1
f 1605/3136/1 1505/3019/1 1506/3017/1
f 1601/3139/1 1506/3017/1 1507/3267/1
f 1597/3142/1 1507/3267/1 1508/3010/1
f 1510/3/1 1587/2/1 1509/3265/1
f 1563/29/1 1513/21/1 1514/30/1
f 1536/60/1 1538/58/1 1544/53/1
f 1538/58/1 1540/55/1 1544/53/1
f 1529/3295/1222 1530/68/1 1519/67/1
f 1527/3296/1 1528/3297/1 1529/3295/1222
f 1525/3012/1 1526/3161/15 1529/3295/1222
f 1526/3161/15 1527/3296/1 1529/3295/1222
f 1523/3158/1 1524/3160/1 1521/3013/1
f 1524/3160/1 1525/3012/1 1521/3013/1
f 1521/3013/1 1522/3298/1 1523/3158/1
f 1519/67/1 1520/3299/1235 1521/3013/1
f 1518/49/1 1519/67/1 1544/53/1
f 1519/67/1 1521/3013/1 1529/3295/1222
f 1544/53/1 1519/67/1 1532/65/1
f 1532/65/1 1536/60/1 1544/53/1
f 1551/44/1 1516/41/1 1517/46/1
f 1555/39/1 1515/35/1 1516/41/1
f 1575/15/1 1511/9/1 1512/17/1
f 1405/2993/1 1488/2992/1 1489/2991/1
f 1458/3284/1 1462/3288/1 1466/3002/1
f 1521/3013/1 1525/3012/1 1529/3295/1222
f 1469/2996/1 1482/2995/1 1483/2994/1
f 1514/30/1 1515/35/1 1560/33/1
f 1395/3033/1 1493/3121/1 1494/3035/1
f 1393/3005/1 1496/3275/1 1497/3006/1
f 1391/3274/1 1497/3006/1 1498/3031/1
f 1724/2466/1 1725/3300/1 1736/2465/1
f 1725/3300/1 1726/3301/1219 1736/2465/1
f 1726/3301/1219 1727/2502/1 1736/2465/1
f 1727/2502/1 1728/3302/1 1736/2465/1
f 1728/3302/1 1729/2504/1219 1736/2465/1
f 1729/2504/1219 1730/3303/1 1736/2465/1
f 1730/3303/1 1731/3304/1 1736/2465/1
f 1731/3304/1 1732/257/1236 1736/2465/1
f 1732/257/1236 1733/2507/4 1736/2465/1
f 1733/2507/4 1734/2509/1 1736/2465/1
f 1734/2509/1 1735/3305/1 1736/2465/1
f 1736/2465/1 1617/2510/1 1625/3306/1
f 1617/2510/1 1618/1000/1 1623/3307/1
f 1625/3306/1 1617/2510/1 1624/2517/1
f 1618/1000/1 1619/3308/1 1620/3309/1
f 1620/3309/1 1621/3310/1 1622/3311/1
f 1622/3311/1 1623/3307/1 1618/1000/1
f 1623/3307/1 1624/2517/1 1617/2510/1
f 1625/3306/1 1626/2518/1 1736/2465/1
f 1626/2518/1 1627/3312/1 1736/2465/1
f 1627/3312/1 1628/3313/1 1736/2465/1
f 1628/3313/1 1629/3314/1 1736/2465/1
f 1629/3314/1 1630/3315/1 1736/2465/1
f 1630/3315/1 1631/2523/1 1736/2465/1
f 1631/2523/1 1632/2461/1 1736/2465/1
f 1632/2461/1 1633/3316/1 1721/3317/1
f 1633/3316/1 1634/3318/1 1718/2454/1
f 1710/2442/1 1636/2445/1 1637/3319/1
f 1634/3318/1 1635/2497/1 1714/2524/1
f 1635/2497/1 1636/2445/1 1712/3320/1
f 1709/2438/1 1637/3319/1 1708/2439/1
f 1637/3319/1 1638/2432/1 1707/3321/1
f 1638/2432/1 1639/2496/1 1705/2434/1
f 1639/2496/1 1640/2470/1 1704/2471/1
f 1638/2432/1 1706/2433/1 1707/3321/1
f 1640/2470/1 1641/2431/1 1703/3322/1
f 1641/2431/1 1642/3323/1 1702/3324/1
f 1642/3323/1 1643/2441/1 1701/2435/1
f 1643/2441/1 1644/3325/1 1700/3326/1
f 1644/3325/1 1645/2449/1 1700/3326/1
f 1645/2449/1 1646/2495/1 1700/3326/1
f 1646/2495/1 1647/3327/1 1699/3328/1
f 1647/3327/1 1648/2473/1 1698/3329/1214
f 1648/2473/1 1649/3330/1 1696/3331/1219
f 1649/3330/1 1650/2386/1 1764/3332/1219
f 1763/2378/1214 1652/2380/1 1762/2379/1214
f 1650/2386/1 1651/2382/1 1764/3332/1219
f 1651/2382/1 1652/2380/1 1763/2378/1214
f 1761/2404/1 1652/2380/1 1760/2402/1
f 1652/2380/1 1755/2417/1 1756/2416/1
f 1652/2380/1 1756/2416/1 1757/2418/1
f 1652/2380/1 1761/2404/1 1762/2379/1214
f 1758/2399/1 1652/2380/1 1757/2418/1
f 1643/2441/1 1700/3326/1 1701/2435/1
f 1642/3323/1 1701/2435/1 1702/3324/1
f 1639/2496/1 1704/2471/1 1705/2434/1
f 1637/3319/1 1707/3321/1 1708/2439/1
f 1706/2433/1 1638/2432/1 1705/2434/1
f 1636/2445/1 1710/2442/1 1711/2446/1
f 1637/3319/1 1709/2438/1 1710/2442/1
f 1620/3309/1 1622/3311/1 1618/1000/1
f 1723/3333/1 1724/2466/1 1736/2465/1
f 1652/2380/1 1758/2399/1 1759/3334/1
f 1652/2380/1 1759/3334/1 1760/2402/1
f 1704/2471/1 1640/2470/1 1703/3322/1
f 1722/2460/1 1723/3333/1 1632/2461/1
f 1723/3333/1 1736/2465/1 1632/2461/1
f 1721/3317/1 1722/2460/1 1632/2461/1
f 1651/2382/1 1763/2378/1214 1764/3332/1219
f 1720/3335/1 1721/3317/1 1633/3316/1
f 1719/2453/1 1720/3335/1 1633/3316/1
f 1649/3330/1 1764/3332/1219 1765/2387/1
f 1718/2454/1 1719/2453/1 1633/3316/1
f 1717/3336/1 1718/2454/1 1634/3318/1
f 1649/3330/1 1765/2387/1 1696/3331/1219
f 1765/2387/1 1766/3337/1 1696/3331/1219
f 1716/2469/1 1717/3336/1 1634/3318/1
f 1715/3338/1 1716/2469/1 1634/3318/1
f 1766/3337/1 1767/3339/1 1694/3340/1
f 1766/3337/1 1694/3340/1 1695/3341/1
f 1767/3339/1 1768/3342/1 1693/3343/1
f 1714/2524/1 1715/3338/1 1634/3318/1
f 1713/2498/1 1714/2524/1 1635/2497/1
f 1767/3339/1 1693/3343/1 1694/3340/1
f 1768/3342/1 1769/3344/1 1692/3345/1
f 1768/3342/1 1692/3345/1 1693/3343/1
f 1769/3344/1 1770/3346/1 1691/3347/1
f 1712/3320/1 1713/2498/1 1635/2497/1
f 1711/2446/1 1712/3320/1 1636/2445/1
f 1769/3344/1 1691/3347/1 1692/3345/1
f 1770/3346/1 1771/3348/1 1690/3349/1
f 1770/3346/1 1690/3349/1 1691/3347/1
f 1771/3348/1 1772/3350/1 1690/3349/1
f 1772/3350/1 1773/2421/1 1690/3349/1
f 1773/2421/1 1774/3351/1 1690/3349/1
f 1774/3351/1 1775/2428/1 1690/3349/1
f 1703/3322/1 1641/2431/1 1702/3324/1
f 1700/3326/1 1646/2495/1 1699/3328/1
f 1699/3328/1 1647/3327/1 1698/3329/1214
f 1697/3352/1 1698/3329/1214 1648/2473/1
f 1696/3331/1219 1697/3352/1 1648/2473/1
f 1695/3341/1 1696/3331/1219 1766/3337/1
f 1689/3353/1 1690/3349/1 1775/2428/1
f 1689/3353/1 1775/2428/1 1688/3354/1
f 1775/2428/1 1776/3220/1 1687/2482/1219
f 1688/3354/1 1775/2428/1 1687/2482/1219
f 1686/2481/1 1687/2482/1219 1684/3219/1
f 1687/2482/1219 1776/3220/1 1684/3219/1
f 1684/3219/1 1685/3355/1 1686/2481/1
f 1682/3356/1 1683/3357/1 1684/3219/1
f 1680/3358/1 1681/3359/1237 1682/3356/1
f 1678/3360/1 1679/3361/1 1676/3362/1
f 1679/3361/1 1680/3358/1 1676/3362/1
f 1676/3362/1 1677/3363/1 1678/3360/1
f 1674/2490/1 1675/3364/1 1684/3219/1
f 1675/3364/1 1676/3362/1 1684/3219/1
f 1672/2394/1 1673/2491/1 1780/3365/1219
f 1673/2491/1 1674/2490/1 1780/3365/1219
f 1779/3366/1219 1684/3219/1 1778/3367/1
f 1779/3366/1219 1780/3365/1219 1684/3219/1
f 1778/3367/1 1684/3219/1 1777/3221/1214
f 1680/3358/1 1682/3356/1 1676/3362/1
f 1682/3356/1 1684/3219/1 1676/3362/1
f 1780/3365/1219 1674/2490/1 1684/3219/1
f 1657/2400/1 1658/2419/1 1755/2417/1
f 1658/2419/1 1659/3368/1 1755/2417/1
f 1754/2370/1 1659/3368/1 1660/3369/1
f 1660/3369/1 1661/2361/1 1751/2362/1
f 1748/2358/1 1662/2359/1 1747/2360/1
f 1661/2361/1 1662/2359/1 1749/2357/1
f 1662/2359/1 1663/3370/1 1747/2360/1
f 1747/2360/1 1663/3370/1 1746/2367/1
f 1663/3370/1 1664/2373/1 1744/2371/1
f 1664/2373/1 1665/2413/1 1741/2412/1
f 1663/3370/1 1745/2369/1 1746/2367/1
f 1665/2413/1 1666/3371/1 1739/3372/1
f 1666/3371/1 1667/3373/1 1738/2411/1
f 1667/3373/1 1668/3374/1 1737/3375/1214
f 1668/3374/1 1669/2377/1 1737/3375/1214
f 1669/2377/1 1670/2384/1 1785/3376/1214
f 1670/2384/1 1671/3377/1 1784/3378/1
f 1671/3377/1 1672/2394/1 1782/2391/1
f 1672/2394/1 1780/3365/1219 1781/3379/1
f 1672/2394/1 1781/3379/1 1782/2391/1
f 1666/3371/1 1738/2411/1 1739/3372/1
f 1745/2369/1 1663/3370/1 1744/2371/1
f 1664/2373/1 1741/2412/1 1742/3222/1
f 1662/2359/1 1748/2358/1 1749/2357/1
f 1656/2403/1 1657/2400/1 1755/2417/1
f 1659/3368/1 1754/2370/1 1755/2417/1
f 1654/3380/1 1655/3381/1 1755/2417/1
f 1655/3381/1 1656/2403/1 1755/2417/1
f 1652/2380/1 1653/2423/1 1755/2417/1
f 1653/2423/1 1654/3380/1 1755/2417/1
f 1753/2366/1 1754/2370/1 1660/3369/1
f 1744/2371/1 1664/2373/1 1743/2372/1
f 1671/3377/1 1782/2391/1 1783/2385/1
f 1752/2365/1 1753/2366/1 1660/3369/1
f 1671/3377/1 1783/2385/1 1784/3378/1
f 1784/3378/1 1785/3376/1214 1670/2384/1
f 1751/2362/1 1752/2365/1 1660/3369/1
f 1750/2363/1 1751/2362/1 1661/2361/1
f 1785/3376/1214 1737/3375/1214 1669/2377/1
f 1737/3375/1214 1738/2411/1 1667/3373/1
f 1749/2357/1 1750/2363/1 1661/2361/1
f 1739/3372/1 1740/2414/1 1665/2413/1
f 1740/2414/1 1741/2412/1 1665/2413/1
f 1904/2223/1 1905/2232/1 1947/2228/1
f 1905/2232/1 1906/3382/1 1944/2237/1
f 1943/3383/1 1906/3382/1 1942/2324/1
f 1906/3382/1 1907/2318/1 1942/2324/1
f 1907/2318/1 1908/3384/1 1939/2317/1
f 1942/2324/1 1907/2318/1 1941/2325/1
f 1908/3384/1 1909/2297/1 1936/2295/1
f 1909/2297/1 1910/3385/1 1935/3386/1
f 1910/3385/1 1911/3387/1 1933/3388/1
f 1911/3387/1 1912/2349/1 1932/2321/1
f 1931/3389/1219 1913/3390/1 1914/2351/1
f 1912/2349/1 1913/3390/1 1931/3389/1219
f 1931/3389/1219 1914/2351/1 1915/2352/1
f 1915/2352/1 1916/3391/1 1931/3389/1219
f 1931/3389/1219 1916/3391/1 1917/2354/1
f 1917/2354/1 1918/3392/1 1931/3389/1219
f 1931/3389/1219 1918/3392/1 1919/3393/1
f 1919/3393/1 1920/2316/1 1930/2309/1236
f 1920/2316/1 1921/3394/1238 1922/3395/1
f 1922/3395/1 1923/3396/1239 1924/3397/1240
f 1924/3397/1240 1925/3398/1241 1922/3395/1
f 1925/3398/1241 1926/3399/1214 1922/3395/1
f 1926/3399/1214 1927/3400/1 1930/2309/1236
f 1927/3400/1 1928/2311/1242 1930/2309/1236
f 1928/2311/1242 1929/3401/1243 1930/2309/1236
f 1930/2309/1236 1931/3389/1219 1919/3393/1
f 1931/3389/1219 1932/2321/1 1912/2349/1
f 1932/2321/1 1933/3388/1 1911/3387/1
f 1920/2316/1 1922/3395/1 1930/2309/1236
f 1907/2318/1 1939/2317/1 1940/2319/1
f 1903/2218/1 1904/2223/1 1950/2217/1
f 1906/3382/1 1943/3383/1 1944/2237/1
f 1901/3402/1 1902/2348/1 1954/3403/1
f 1902/2348/1 1903/2218/1 1953/3404/1
f 1948/3405/1 1904/2223/1 1947/2228/1
f 1899/2341/1 1900/2328/1 1956/2206/1
f 1900/2328/1 1901/3402/1 1955/2215/1
f 1897/2346/1 1898/2345/1 1895/2344/1
f 1898/2345/1 1899/2341/1 1894/2343/1
f 1895/2344/1 1898/2345/1 1894/2343/1
f 1895/2344/1 1896/3406/1 1897/2346/1
f 1893/2340/1 1894/2343/1 1899/2341/1
f 1891/2207/1 1892/3407/1 1957/2208/1
f 1892/3407/1 1893/2340/1 1957/2208/1
f 1891/2207/1 1957/2208/1 1886/2335/1
f 1889/2337/1 1890/3408/1 1887/3409/1
f 1890/3408/1 1891/2207/1 1887/3409/1
f 1887/3409/1 1888/3410/1 1889/2337/1
f 1885/3411/1 1886/2335/1 1957/2208/1
f 1886/2335/1 1887/3409/1 1891/2207/1
f 1883/2211/1 1884/2209/1 1958/3412/1
f 1884/2209/1 1885/3411/1 1957/2208/1
f 1881/2331/1 1882/3413/1 1960/2330/1
f 1882/3413/1 1883/2211/1 1959/3414/1
f 1882/3413/1 1959/3414/1 1960/2330/1
f 1879/2249/1 1880/3415/1 1966/978/1
f 1880/3415/1 1881/2331/1 1962/2333/1
f 1881/2331/1 1960/2330/1 1961/3416/1
f 1958/3412/1 1884/2209/1 1957/2208/1
f 1902/2348/1 1953/3404/1 1954/3403/1
f 1904/2223/1 1948/3405/1 1949/2222/1
f 1941/2325/1 1907/2318/1 1940/2319/1
f 1922/3395/1 1926/3399/1214 1930/2309/1236
f 1933/3388/1 1934/2301/1 1910/3385/1
f 1904/2223/1 1949/2222/1 1950/2217/1
f 1893/2340/1 1899/2341/1 1956/2206/1
f 1878/3417/1 1879/2249/1 1968/2252/1
f 1877/2264/1 1878/3417/1 1968/2252/1
f 1881/2331/1 1961/3416/1 1962/2333/1
f 1905/2232/1 1944/2237/1 1945/2235/1
f 1934/2301/1 1935/3386/1 1910/3385/1
f 1935/3386/1 1936/2295/1 1909/2297/1
f 1959/3414/1 1883/2211/1 1958/3412/1
f 1876/3418/1 1877/2264/1 1969/2245/1
f 1880/3415/1 1962/2333/1 1963/3419/1
f 1936/2295/1 1937/2290/1 1908/3384/1
f 1937/2290/1 1938/3420/1 1908/3384/1
f 1875/2246/1 1876/3418/1 1969/2245/1
f 1880/3415/1 1963/3419/1 1964/3421/1
f 1874/2244/1 1875/2246/1 1969/2245/1
f 1880/3415/1 1964/3421/1 1965/2293/1
f 1938/3420/1 1939/2317/1 1908/3384/1
f 1873/3422/1 1874/2244/1 1969/2245/1
f 1880/3415/1 1965/2293/1 1966/978/1
f 1872/2266/1 1873/3422/1 1970/3423/1
f 1840/3424/1 1841/3425/1 1829/2146/1
f 1841/3425/1 1842/2139/1 1828/2137/1
f 1838/3426/1 1839/3427/1244 1836/3428/1
f 1839/3427/1244 1840/3424/1 1836/3428/1
f 1836/3428/1 1837/3429/1245 1838/3426/1
f 1834/3430/1246 1835/3431/1219 1832/3432/1219
f 1835/3431/1219 1836/3428/1 1832/3432/1219
f 1832/3432/1219 1833/3433/1247 1834/3430/1246
f 1830/3434/1 1831/2145/1 1832/3432/1219
f 1828/2137/1 1829/2146/1 1841/3425/1
f 1829/2146/1 1830/3434/1 1840/3424/1
f 1822/2158/1 1823/2142/1 1812/3435/1
f 1823/2142/1 1828/2137/1 1807/3436/1
f 1808/3437/1 1823/2142/1 1807/3436/1
f 1820/3438/1214 1821/2159/1 1822/2158/1
f 1818/3439/1 1819/2140/1 1820/3438/1214
f 1816/2163/1 1817/3440/1 1818/3439/1
f 1814/3441/1 1815/3442/1241 1816/2163/1
f 1812/3435/1 1813/3443/1 1816/2163/1
f 1813/3443/1 1814/3441/1 1816/2163/1
f 1810/3444/1 1811/2166/1 1823/2142/1
f 1811/2166/1 1812/3435/1 1823/2142/1
f 1822/2158/1 1812/3435/1 1820/3438/1214
f 1808/3437/1 1809/2131/1 1823/2142/1
f 1809/2131/1 1810/3444/1 1823/2142/1
f 1806/2285/1 1807/3436/1 1828/2137/1
f 1804/2284/1 1805/3445/1 1828/2137/1
f 1805/3445/1 1806/2285/1 1828/2137/1
f 1804/2284/1 1828/2137/1 1803/2283/1
f 1802/3446/1 1803/2283/1 1846/3447/1
f 1844/2130/1 1803/2283/1 1828/2137/1
f 1800/2280/1 1801/2281/1 1851/3448/1
f 1801/2281/1 1802/3446/1 1848/2134/1
f 1846/3447/1 1803/2283/1 1845/2129/1
f 1798/3223/1 1799/2255/1 1857/2251/1
f 1799/2255/1 1800/2280/1 1853/3449/1
f 1860/2240/1 1797/2239/1 1798/3223/1
f 1796/2234/1 1797/2239/1 1862/2236/1
f 1862/2236/1 1797/2239/1 1861/3450/1
f 1794/2227/1 1795/2230/1 1865/2226/1
f 1795/2230/1 1796/2234/1 1864/3451/1
f 1863/3452/1 1796/2234/1 1862/2236/1
f 1792/2277/1 1793/3453/1 1788/3454/1
f 1793/3453/1 1794/2227/1 1866/3455/1
f 1790/2278/1 1791/2279/1 1792/2277/1
f 1788/3454/1 1789/2276/1 1792/2277/1
f 1789/2276/1 1790/2278/1 1792/2277/1
f 1786/2275/1 1787/2259/1 1866/3455/1
f 1787/2259/1 1788/3454/1 1866/3455/1
f 1979/2273/1 1980/3456/1 1974/2268/1
f 1980/3456/1 1786/2275/1 1868/3457/1
f 1866/3455/1 1788/3454/1 1793/3453/1
f 1977/2272/1 1978/3458/1 1976/2271/1
f 1978/3458/1 1979/2273/1 1975/3459/1
f 1975/3459/1 1976/2271/1 1978/3458/1
f 1973/3460/1 1974/2268/1 1868/3457/1
f 1974/2268/1 1975/3459/1 1979/2273/1
f 1869/2219/1 1972/2267/1 1973/3460/1
f 1971/2261/1 1972/2267/1 1870/3461/1
f 1971/2261/1 1871/3462/1 1970/3423/1
f 1969/2245/1 1970/3423/1 1873/3422/1
f 1872/2266/1 1970/3423/1 1871/3462/1
f 1968/2252/1 1969/2245/1 1877/2264/1
f 1871/3462/1 1971/2261/1 1870/3461/1
f 1972/2267/1 1869/2219/1 1870/3461/1
f 1795/2230/1 1864/3451/1 1865/2226/1
f 1796/2234/1 1863/3452/1 1864/3451/1
f 1797/2239/1 1860/2240/1 1861/3450/1
f 1803/2283/1 1844/2130/1 1845/2129/1
f 1816/2163/1 1818/3439/1 1820/3438/1214
f 1830/3434/1 1832/3432/1219 1840/3424/1
f 1836/3428/1 1840/3424/1 1832/3432/1219
f 1816/2163/1 1820/3438/1214 1812/3435/1
f 1794/2227/1 1865/2226/1 1866/3455/1
f 1828/2137/1 1842/2139/1 1843/2138/1
f 1967/2247/1 1968/2252/1 1879/2249/1
f 1966/978/1 1967/2247/1 1879/2249/1
f 1828/2137/1 1843/2138/1 1844/2130/1
f 1802/3446/1 1846/3447/1 1847/2132/1
f 1802/3446/1 1847/2132/1 1848/2134/1
f 1905/2232/1 1945/2235/1 1946/2231/1
f 1905/2232/1 1946/2231/1 1947/2228/1
f 1903/2218/1 1950/2217/1 1951/2216/1
f 1903/2218/1 1951/2216/1 1952/3463/1
f 1903/2218/1 1952/3463/1 1953/3404/1
f 1901/3402/1 1954/3403/1 1955/2215/1
f 1900/2328/1 1955/2215/1 1956/2206/1
f 1956/2206/1 1957/2208/1 1893/2340/1
f 1869/2219/1 1973/3460/1 1868/3457/1
f 1801/2281/1 1848/2134/1 1849/2135/1
f 1801/2281/1 1849/2135/1 1850/2136/1
f 1801/2281/1 1850/2136/1 1851/3448/1
f 1868/3457/1 1974/2268/1 1980/3456/1
f 1800/2280/1 1851/3448/1 1852/245/1
f 1800/2280/1 1852/245/1 1853/3449/1
f 1867/2260/1 1868/3457/1 1786/2275/1
f 1866/3455/1 1867/2260/1 1786/2275/1
f 1853/3449/1 1854/2258/1 1799/2255/1
f 1854/2258/1 1855/2257/1 1799/2255/1
f 1855/2257/1 1856/2256/1 1799/2255/1
f 1856/2256/1 1857/2251/1 1799/2255/1
f 1857/2251/1 1858/3464/1 1798/3223/1
f 1858/3464/1 1859/3224/1 1798/3223/1
f 2140/1837/1 1981/1838/1 1982/1827/1
f 1982/1827/1 1983/3465/1 2137/1826/1
f 1983/3465/1 1984/1840/1 1994/1831/1
f 1982/1827/1 2139/1829/1 2140/1837/1
f 1984/1840/1 1985/3466/1 1993/3467/1
f 1985/3466/1 1986/1843/1 1992/1844/1
f 1986/1843/1 1987/1847/1 1991/1849/1
f 1987/1847/1 1988/3468/1 1990/3469/1
f 1988/3468/1 1989/1845/1 1990/3469/1
f 1990/3469/1 1991/1849/1 1987/1847/1
f 1991/1849/1 1992/1844/1 1986/1843/1
f 1992/1844/1 1993/3467/1 1985/3466/1
f 1993/3467/1 1994/1831/1 1984/1840/1
f 1994/1831/1 1995/1834/1 2134/1839/1
f 1995/1834/1 1996/1852/1 2134/1839/1
f 1994/1831/1 2134/1839/1 1983/3465/1
f 2139/1829/1 1982/1827/1 2138/1828/1
f 2138/1828/1 1982/1827/1 2137/1826/1
f 2137/1826/1 1983/3465/1 2136/3470/1
f 2136/3470/1 1983/3465/1 2135/1825/1
f 1996/1852/1 1997/1853/1 2134/1839/1
f 1997/1853/1 1998/3471/1 2134/1839/1
f 2135/1825/1 1983/3465/1 2134/1839/1
f 2134/1839/1 1998/3471/1 2133/1836/1
f 1998/3471/1 1999/3472/1236 2133/1836/1
f 2133/1836/1 1999/3472/1236 2132/1830/1
f 1999/3472/1236 2000/1860/1214 2127/1851/1
f 2132/1830/1 1999/3472/1236 2131/1835/1
f 2131/1835/1 1999/3472/1236 2130/1850/1
f 2000/1860/1214 2001/3473/1219 2127/1851/1
f 2130/1850/1 1999/3472/1236 2129/1832/1
f 2129/1832/1 1999/3472/1236 2128/1833/1
f 2001/3473/1219 2002/3474/1219 2127/1851/1
f 2128/1833/1 1999/3472/1236 2127/1851/1
f 2002/3474/1219 2003/3475/1 2127/1851/1
f 2003/3475/1 2004/3476/1 2127/1851/1
f 2126/1854/1 2127/1851/1 2004/3476/1
f 2126/1854/1 2004/3476/1 2125/3477/1
f 2004/3476/1 2005/1869/1 2125/3477/1
f 2125/3477/1 2005/1869/1 2124/1858/1214
f 2005/1869/1 2006/1871/1 2124/1858/1214
f 2007/3227/1 2008/3230/1 2116/1873/1247
f 2008/3230/1 2115/3478/1248 2116/1873/1247
f 2124/1858/1214 2006/1871/1 2123/1859/1214
f 2006/1871/1 2007/3227/1 2123/1859/1214
f 2007/3227/1 2116/1873/1247 2117/1872/1241
f 2122/3479/1 2123/1859/1214 2007/3227/1
f 2121/1864/1236 2122/3479/1 2007/3227/1
f 2007/3227/1 2117/1872/1241 2118/1870/1
f 2007/3227/1 2118/1870/1 2119/3228/1
f 2120/1866/4 2121/1864/1236 2007/3227/1
f 2009/3480/109 2010/3481/109 2114/1769/1215 2008/3230/109
f 2020/3482/1244 2021/3483/1249 2022/3234/1
f 2022/3234/1 2023/1752/1219 2024/1731/1
f 2024/1731/1 2025/1740/1 2011/1739/1
f 2025/1740/1 2026/1737/1 2036/3235/1
f 2011/1739/1 2025/1740/1 2036/3235/1
f 2026/1737/1 2027/1754/1 2028/3484/1
f 2028/3484/1 2029/3485/1 2026/1737/1
f 2029/3485/1 2030/3486/1 2026/1737/1
f 2030/3486/1 2031/3487/1 2034/3488/1
f 2031/3487/1 2032/3489/1 2034/3488/1
f 2032/3489/1 2033/3490/1 2034/3488/1
f 2034/3488/1 2035/1758/1250 2036/3235/1
f 2036/3235/1 2100/3239/1 2011/1739/1
f 2100/3239/1 2101/1761/1214 2113/1743/1
f 2101/1761/1214 2102/1760/1245 2105/1742/1
f 2102/1760/1245 2103/1762/1 2105/1742/1
f 2103/1762/1 2104/1763/1 2105/1742/1
f 2105/1742/1 2106/1764/1237 2107/3491/1
f 2107/3491/1 2108/1765/1 2109/1744/1
f 2109/1744/1 2110/3492/1249 2111/1766/1241
f 2111/1766/1241 2112/1768/1 2109/1744/1
f 2112/1768/1 2113/1743/1 2109/1744/1
f 2113/1743/1 2114/1769/1 2100/3239/1
f 2114/1769/1 2011/1739/1 2100/3239/1
f 2011/1739/1 2012/3493/1 2024/1731/1
f 2012/3493/1 2013/1745/1 2022/3234/1
f 2013/1745/1 2014/3494/1243 2015/3495/1
f 2015/3495/1 2016/1746/1 2013/1745/1
f 2016/1746/1 2017/3233/1 2013/1745/1
f 2017/3233/1 2018/3496/15 2022/3234/1
f 2018/3496/15 2019/3497/1 2022/3234/1
f 2019/3497/1 2020/3482/1244 2022/3234/1
f 2022/3234/1 2024/1731/1 2012/3493/1
f 2034/3488/1 2036/3235/1 2030/3486/1
f 2036/3235/1 2026/1737/1 2030/3486/1
f 2105/1742/1 2107/3491/1 2101/1761/1214
f 2107/3491/1 2109/1744/1 2101/1761/1214
f 2109/1744/1 2113/1743/1 2101/1761/1214
f 2042/3237/1 2043/3498/1 2096/1673/1219
f 2096/1673/1219 2097/3238/1 2036/3235/1
f 2036/3235/1 2041/3236/1218 2042/3237/1
f 2095/3499/1251 2096/1673/1219 2043/3498/1
f 2095/3499/1251 2043/3498/1 2044/1668/1252
f 2094/3500/1 2095/3499/1251 2044/1668/1252
f 2094/3500/1 2044/1668/1252 2045/3501/1
f 2093/1667/1 2094/3500/1 2045/3501/1
f 2093/1667/1 2045/3501/1 2092/3502/1219
f 2045/3501/1 2046/3503/1 2092/3502/1219
f 2092/3502/1219 2046/3503/1 2047/3504/1214
f 2091/1662/15 2092/3502/1219 2047/3504/1214
f 2091/1662/15 2047/3504/1214 2048/3505/4
f 2090/1660/1 2091/1662/15 2048/3505/4
f 2090/1660/1 2048/3505/4 2089/3506/1
f 2048/3505/4 2049/3507/1 2089/3506/1
f 2089/3506/1 2049/3507/1 2050/3508/1
f 2088/3509/1 2089/3506/1 2050/3508/1
f 2088/3509/1 2050/3508/1 2051/3510/1219
f 2087/3511/1 2088/3509/1 2051/3510/1219
f 2087/3511/1 2051/3510/1219 2052/3512/1
f 2086/1653/1 2087/3511/1 2052/3512/1
f 2086/1653/1 2052/3512/1 2085/1651/1
f 2052/3512/1 2053/3513/1 2085/1651/1
f 2054/1633/1 2055/1650/1 2066/1567/1222
f 2055/1650/1 2056/1627/1219 2065/1642/1253
f 2085/1651/1 2053/3513/1 2054/1633/1
f 2082/1647/1 2083/1648/1 2071/3205/1
f 2083/1648/1 2084/3514/1 2070/3243/1
f 2084/3514/1 2085/1651/1 2054/1633/1
f 2055/1650/1 2065/1642/1253 2066/1567/1222
f 2056/1627/1219 2057/1635/1254 2065/1642/1253
f 2057/1635/1254 2058/3515/1255 2059/3516/5
f 2059/3516/5 2060/3517/1214 2063/3518/4
f 2060/3517/1214 2061/3519/1240 2063/3518/4
f 2061/3519/1240 2062/1639/1237 2063/3518/4
f 2063/3518/4 2064/1641/1256 2065/1642/1253
f 2066/1567/1222 2070/3243/1 2054/1633/1
f 2070/3243/1 2071/3205/1 2083/1648/1
f 2071/3205/1 2072/1568/1 2082/1647/1
f 2072/1568/1 2073/1629/1250 2074/1643/1214
f 2074/1643/1214 2075/1628/1257 2076/1644/1258
f 2076/1644/1258 2077/3520/1240 2074/1643/1214
f 2077/3520/1240 2078/1645/1 2074/1643/1214
f 2078/1645/1 2079/1631/1 2082/1647/1
f 2079/1631/1 2080/3521/1 2082/1647/1
f 2080/3521/1 2081/1630/1 2082/1647/1
f 2084/3514/1 2054/1633/1 2070/3243/1
f 2057/1635/1254 2059/3516/5 2063/3518/4
f 2063/3518/4 2065/1642/1253 2057/1635/1254
f 2072/1568/1 2074/1643/1214 2082/1647/1
f 2255/1398/1 2256/1399/1236 2259/1401/1
f 2256/1399/1236 2257/1400/6 2259/1401/1
f 2257/1400/6 2258/1402/1 2259/1401/1
f 2259/1401/1 2141/1403/1 2149/1404/1
f 2141/1403/1 2142/1406/1236 2147/1408/1
f 2149/1404/1 2141/1403/1 2148/1411/1
f 2142/1406/1236 2143/3522/1259 2144/3523/1
f 2144/3523/1 2145/3524/1 2146/1410/1
f 2146/1410/1 2147/1408/1 2142/1406/1236
f 2147/1408/1 2148/1411/1 2141/1403/1
f 2149/1404/1 2150/1412/1 2259/1401/1
f 2150/1412/1 2151/1413/1 2259/1401/1
f 2151/1413/1 2152/3525/1 2259/1401/1
f 2152/3525/1 2153/1415/1 2259/1401/1
f 2153/1415/1 2154/1416/1 2259/1401/1
f 2154/1416/1 2155/1417/1 2259/1401/1
f 2155/1417/1 2156/1332/1 2259/1401/1
f 2259/1401/1 2156/1332/1 2247/1334/1
f 2156/1332/1 2157/1326/1 2245/1331/1
f 2157/1326/1 2158/1317/1 2242/1325/1
f 2156/1332/1 2246/1375/1 2247/1334/1
f 2158/1317/1 2159/1391/1 2238/1374/1
f 2159/1391/1 2160/1376/1 2236/1388/1
f 2245/1331/1 2157/1326/1 2244/1329/1
f 2160/1376/1 2161/1297/1 2234/1301/1
f 2161/1297/1 2162/1291/1 2231/1294/1
f 2231/1294/1 2162/1291/1 2230/1292/1
f 2162/1291/1 2163/1387/1 2229/1293/1
f 2163/1387/1 2164/1289/1 2228/1290/1
f 2162/1291/1 2229/1293/1 2230/1292/1
f 2164/1289/1 2165/1284/1 2227/1285/1
f 2165/1284/1 2166/1379/1 2226/1286/1
f 2166/1379/1 2167/1384/1 2225/1378/1
f 2167/1384/1 2168/1386/1 2224/3526/1
f 2168/1386/1 2169/1385/1 2224/3526/1
f 2169/1385/1 2170/1382/1 2224/3526/1
f 2170/1382/1 2171/1281/1 2223/1279/1219
f 2171/1281/1 2172/1283/1 2222/1280/1219
f 2172/1283/1 2173/1381/1 2222/1280/1219
f 2173/1381/1 2174/1199/1 2221/1282/1
f 2223/1279/1219 2171/1281/1 2222/1280/1219
f 2174/1199/1 2175/1195/1 2291/3527/1219
f 2175/1195/1 2176/1213/1 2290/1190/1219
f 2222/1280/1219 2173/1381/1 2221/1282/1
f 2176/1213/1 2177/1189/1 2288/3528/1
f 2177/1189/1 2280/3529/1 2281/1197/1
f 2177/1189/1 2281/1197/1 2282/1194/1
f 2167/1384/1 2224/3526/1 2225/1378/1
f 2165/1284/1 2226/1286/1 2227/1285/1
f 2163/1387/1 2228/1290/1 2229/1293/1
f 2226/1286/1 2166/1379/1 2225/1378/1
f 2228/1290/1 2164/1289/1 2227/1285/1
f 2246/1375/1 2156/1332/1 2245/1331/1
f 2144/3523/1 2146/1410/1 2142/1406/1236
f 2253/1396/1219 2254/3530/4 2259/1401/1
f 2254/3530/4 2255/1398/1 2259/1401/1
f 2251/1394/1214 2252/1395/1 2259/1401/1
f 2252/1395/1 2253/1396/1219 2259/1401/1
f 2249/1392/1 2250/3531/1 2259/1401/1
f 2250/3531/1 2251/1394/1214 2259/1401/1
f 2248/1373/1 2249/1392/1 2259/1401/1
f 2224/3526/1 2170/1382/1 2223/1279/1219
f 2177/1189/1 2282/1194/1 2283/1193/1
f 2177/1189/1 2283/1193/1 2284/1192/1
f 2259/1401/1 2247/1334/1 2248/1373/1
f 2177/1189/1 2284/1192/1 2285/1191/1
f 2177/1189/1 2285/1191/1 2286/1188/1
f 2244/1329/1 2157/1326/1 2243/1324/1
f 2243/1324/1 2157/1326/1 2242/1325/1
f 2177/1189/1 2286/1188/1 2287/3532/1
f 2177/1189/1 2287/3532/1 2288/3528/1
f 2176/1213/1 2288/3528/1 2289/1185/1
f 2242/1325/1 2158/1317/1 2241/1389/1
f 2241/1389/1 2158/1317/1 2240/1315/1
f 2176/1213/1 2289/1185/1 2290/1190/1219
f 2290/1190/1219 2291/3527/1219 2175/1195/1
f 2240/1315/1 2158/1317/1 2239/1316/1
f 2239/1316/1 2158/1317/1 2238/1374/1
f 2291/3527/1219 2292/1200/1 2219/3533/1
f 2291/3527/1219 2219/3533/1 2220/1287/1
f 2292/1200/1 2293/3534/1 2218/3535/1
f 2238/1374/1 2159/1391/1 2237/1390/1
f 2237/1390/1 2159/1391/1 2236/1388/1
f 2292/1200/1 2218/3535/1 2219/3533/1
f 2293/3534/1 2294/1209/1 2217/3536/1
f 2293/3534/1 2217/3536/1 2218/3535/1
f 2294/1209/1 2295/1208/1 2216/1300/1
f 2294/1209/1 2216/1300/1 2217/3536/1
f 2295/1208/1 2296/3537/1 2216/1300/1
f 2296/3537/1 2297/1203/1 2216/1300/1
f 2235/1377/1 2236/1388/1 2160/1376/1
f 2234/1301/1 2235/1377/1 2160/1376/1
f 2297/1203/1 2298/3538/1 2216/1300/1
f 2233/1298/1 2234/1301/1 2161/1297/1
f 2232/1299/1 2233/1298/1 2161/1297/1
f 2267/1323/1 2268/3539/1 2194/1360/1
f 2194/1360/1 2195/1359/1 2310/1314/1
f 2195/1359/1 2196/1311/1 2310/1314/1
f 2194/1360/1 2263/3540/1 2264/1319/1
f 2196/1311/1 2197/1310/1 2307/1309/1219
f 2197/1310/1 2198/1348/1 2306/3541/1
f 2211/1308/1 2198/1348/1 2199/1358/1
f 2199/1358/1 2200/1345/1 2210/1349/1
f 2200/1345/1 2201/3542/1 2202/1356/1
f 2202/1356/1 2203/3543/1 2200/1345/1
f 2203/3543/1 2204/3544/1 2200/1345/1
f 2204/3544/1 2205/3545/1 2208/1346/1
f 2205/3545/1 2206/1353/1 2208/1346/1
f 2206/1353/1 2207/1352/12 2208/1346/1
f 2208/1346/1 2209/1351/1 2210/1349/1
f 2210/1349/1 2211/1308/1 2199/1358/1
f 2211/1308/1 2212/1338/1 2301/1304/1
f 2211/1308/1 2303/1340/1236 2304/3546/1
f 2208/1346/1 2210/1349/1 2200/1345/1
f 2303/1340/1236 2211/1308/1 2302/3547/1219
f 2198/1348/1 2211/1308/1 2306/3541/1
f 2208/1346/1 2200/1345/1 2204/3544/1
f 2267/1323/1 2194/1360/1 2266/1321/1
f 2263/3540/1 2194/1360/1 2311/1342/1
f 2266/1321/1 2194/1360/1 2265/1318/1
f 2265/1318/1 2194/1360/1 2264/1319/1
f 2302/3547/1219 2211/1308/1 2301/1304/1
f 2212/1338/1 2213/1303/1 2301/1304/1
f 2311/1342/1 2194/1360/1 2310/1314/1
f 2309/1313/1 2310/1314/1 2196/1311/1
f 2308/1312/1219 2309/1313/1 2196/1311/1
f 2307/1309/1219 2308/1312/1219 2196/1311/1
f 2306/3541/1 2307/1309/1219 2197/1310/1
f 2305/3548/1 2306/3541/1 2211/1308/1
f 2304/3546/1 2305/3548/1 2211/1308/1
f 2300/1372/1241 2301/1304/1 2213/1303/1
f 2300/1372/1241 2213/1303/1 2299/1211/1
f 2213/1303/1 2214/1302/1 2299/1211/1
f 2299/1211/1 2214/1302/1 2298/3538/1
f 2214/1302/1 2215/3549/1 2298/3538/1
f 2298/3538/1 2215/3549/1 2216/1300/1
f 2231/1294/1 2232/1299/1 2161/1297/1
f 2291/3527/1219 2220/1287/1 2174/1199/1
f 2186/1363/1 2187/1336/1 2273/1341/1
f 2187/1336/1 2188/1327/1 2270/1335/1
f 2272/1339/1 2187/1336/1 2271/1337/1
f 2188/1327/1 2189/1322/1 2268/3539/1
f 2189/1322/1 2190/1320/1 2268/3539/1
f 2190/1320/1 2191/1362/1 2268/3539/1
f 2191/1362/1 2192/1343/1 2268/3539/1
f 2192/1343/1 2193/1361/1 2268/3539/1
f 2193/1361/1 2194/1360/1 2268/3539/1
f 2268/3539/1 2269/1330/1 2188/1327/1
f 2269/1330/1 2270/1335/1 2188/1327/1
f 2187/1336/1 2272/1339/1 2273/1341/1
f 2184/1366/1 2185/1365/1 2277/1206/1
f 2185/1365/1 2186/1363/1 2275/1214/1
f 2182/1368/1 2183/1367/1 2280/3529/1
f 2183/1367/1 2184/1366/1 2280/3529/1
f 2278/1202/1 2184/1366/1 2277/1206/1
f 2180/1370/1 2181/1369/1 2280/3529/1
f 2181/1369/1 2182/1368/1 2280/3529/1
f 2178/1184/1 2179/1371/1 2280/3529/1
f 2179/1371/1 2180/1370/1 2280/3529/1
f 2280/3529/1 2177/1189/1 2178/1184/1
f 2279/1201/1 2280/3529/1 2184/1366/1
f 2184/1366/1 2278/1202/1 2279/1201/1
f 2186/1363/1 2273/1341/1 2274/1364/1
f 2271/1337/1 2187/1336/1 2270/1335/1
f 2186/1363/1 2274/1364/1 2275/1214/1
f 2276/1207/1 2277/1206/1 2185/1365/1
f 2312/3246/1225 2361/3250/1 2366/3247/1226
f 2339/917/1260 2340/898/1261 2341/3550/1262
f 2341/3550/1262 2342/3551/1263 2343/919/1214
f 2343/919/1214 2344/3552/1264 2347/922/1253
f 2344/3552/1264 2345/920/1 2347/922/1253
f 2345/920/1 2346/3553/14 2347/922/1253
f 2347/922/1253 2348/899/1 2349/923/1
f 2349/923/1 2350/903/1 2337/3210/1
f 2350/903/1 2351/924/1 2361/3250/1
f 2337/3210/1 2350/903/1 2361/3250/1
f 2351/924/1 2352/905/1 2353/3554/1
f 2353/3554/1 2354/3555/1249 2355/3556/1236
f 2355/3556/1236 2356/902/1224 2357/928/1
f 2357/928/1 2358/930/1265 2359/931/1214
f 2359/931/1214 2360/3557/1 2361/3250/1
f 2361/3250/1 2312/3246/1225 2336/891/1
f 2312/3246/1225 2313/3248/9 2323/906/1
f 2336/891/1 2323/906/1 2324/895/1
f 2313/3248/9 2314/933/1266 2315/935/1267
f 2315/935/1267 2316/936/1260 2313/3248/9
f 2316/936/1260 2317/937/1219 2313/3248/9
f 2317/937/1219 2318/3558/1268 2321/941/5
f 2318/3558/1268 2319/3559/1269 2321/941/5
f 2319/3559/1269 2320/3560/1 2321/941/5
f 2321/941/5 2322/940/1 2323/906/1
f 2324/895/1 2325/909/1 2336/891/1
f 2325/909/1 2326/897/1267 2329/912/8
f 2326/897/1267 2327/3561/1270 2329/912/8
f 2327/3561/1270 2328/3562/1271 2329/912/8
f 2329/912/8 2330/3563/1272 2331/913/1262
f 2331/913/1262 2332/914/1 2333/915/1
f 2333/915/1 2334/896/1243 2335/892/1
f 2335/892/1 2336/891/1 2325/909/1
f 2336/891/1 2337/3210/1 2361/3250/1
f 2337/3210/1 2338/3564/1262 2339/917/1260
f 2339/917/1260 2341/3550/1262 2337/3210/1
f 2341/3550/1262 2343/919/1214 2337/3210/1
f 2347/922/1253 2349/923/1 2343/919/1214
f 2343/919/1214 2349/923/1 2337/3210/1
f 2351/924/1 2353/3554/1 2355/3556/1236
f 2355/3556/1236 2357/928/1 2351/924/1
f 2357/928/1 2359/931/1214 2351/924/1
f 2359/931/1214 2361/3250/1 2351/924/1
f 2323/906/1 2336/891/1 2312/3246/1225
f 2335/892/1 2325/909/1 2333/915/1
f 2321/941/5 2323/906/1 2313/3248/9
f 2329/912/8 2331/913/1262 2325/909/1
f 2331/913/1262 2333/915/1 2325/909/1
f 2370/3215/1231 2371/876/6 2372/3254/1
f 2373/878/1 2374/877/1273 2375/3565/1
f 2375/3565/1 2376/860/1 2377/861/1
f 2377/861/1 2378/3566/1249 2379/863/1
f 2379/863/1 2380/3567/1244 2377/861/1
f 2380/3567/1244 2381/864/1 2377/861/1
f 2381/864/1 2382/852/1219 2383/866/1
f 2383/866/1 2384/865/1 2385/3568/1
f 2385/3568/1 2386/856/1 2383/866/1
f 2386/856/1 2387/869/1 2389/217/1
f 2383/866/1 2386/856/1 2397/3253/1
f 2387/869/1 2388/855/1 2389/217/1
f 2389/217/1 2390/859/1214 2393/3255/1214
f 2390/859/1214 2391/871/1232 2393/3255/1214
f 2391/871/1232 2392/858/1237 2393/3255/1214
f 2393/3255/1214 2394/873/1232 2397/3253/1
f 2394/873/1232 2395/874/1 2397/3253/1
f 2395/874/1 2396/3569/1250 2397/3253/1
f 2397/3253/1 2372/3254/1 2383/866/1
f 2372/3254/1 2373/878/1 2377/861/1
f 2373/878/1 2375/3565/1 2377/861/1
f 2381/864/1 2383/866/1 2372/3254/1
f 2397/3253/1 2386/856/1 2389/217/1
f 2372/3254/1 2377/861/1 2381/864/1
f 2504/700/1 2505/704/1 2453/766/1
f 2453/766/1 2454/742/1 2496/752/1
f 2454/742/1 2398/765/1 2495/743/1
f 2453/766/1 2499/699/1 2500/694/1
f 2398/765/1 2399/764/1 2493/754/1
f 2398/765/1 2493/754/1 2494/741/1
f 2504/700/1 2453/766/1 2503/697/1
f 2499/699/1 2453/766/1 2498/701/1
f 2503/697/1 2453/766/1 2502/698/1
f 2502/698/1 2453/766/1 2501/693/1
f 2398/765/1 2494/741/1 2495/743/1
f 2495/743/1 2496/752/1 2454/742/1
f 2501/693/1 2453/766/1 2500/694/1
f 2496/752/1 2497/707/1 2453/766/1
f 2492/755/1 2493/754/1 2401/753/1
f 2493/754/1 2399/764/1 2400/763/1
f 2400/763/1 2401/753/1 2493/754/1
f 2491/719/1 2405/759/1 2406/718/1
f 2401/753/1 2402/762/1 2492/755/1
f 2402/762/1 2403/761/1 2492/755/1
f 2491/719/1 2404/760/1 2405/759/1
f 2403/761/1 2404/760/1 2492/755/1
f 2406/718/1 2407/758/1 2490/717/1
f 2407/758/1 2489/726/1 2490/717/1
f 2407/758/1 2408/725/1 2489/726/1
f 2408/725/1 2409/730/1 2487/731/1
f 2409/730/1 2410/736/1 2485/756/1
f 2410/736/1 2411/740/1 2482/735/1
f 2409/730/1 2485/756/1 2486/729/1
f 2487/731/1 2409/730/1 2486/729/1
f 2491/719/1 2406/718/1 2490/717/1
f 2404/760/1 2491/719/1 2492/755/1
f 2408/725/1 2487/731/1 2488/724/1
f 2485/756/1 2410/736/1 2484/757/1
f 2488/724/1 2489/726/1 2408/725/1
f 2411/740/1 2412/3570/1 2481/797/1
f 2484/757/1 2410/736/1 2483/739/1
f 2412/3570/1 2413/732/1 2481/797/1
f 2483/739/1 2410/736/1 2482/735/1
f 2413/732/1 2414/734/1 2481/797/1
f 2482/735/1 2411/740/1 2481/797/1
f 2414/734/1 2415/656/1 2481/797/1
f 2481/797/1 2415/656/1 2480/796/1
f 2415/656/1 2416/795/1 2480/796/1
f 2480/796/1 2416/795/1 2479/3571/1
f 2416/795/1 2417/3572/1 2479/3571/1
f 2479/3571/1 2417/3572/1 2478/792/1
f 2417/3572/1 2418/3573/1 2478/792/1
f 2478/792/1 2418/3573/1 2477/790/1
f 2418/3573/1 2419/789/1 2477/790/1
f 2477/790/1 2419/789/1 2476/3574/1
f 2419/789/1 2420/787/1 2476/3574/1
f 2476/3574/1 2420/787/1 2475/3575/1
f 2420/787/1 2421/3576/1 2475/3575/1
f 2475/3575/1 2421/3576/1 2474/3577/1
f 2421/3576/1 2422/782/1 2474/3577/1
f 2423/746/1 2424/784/1 2425/737/1
f 2474/3577/1 2422/782/1 2473/781/1
f 2422/782/1 2423/746/1 2473/781/1
f 2423/746/1 2425/737/1 2471/738/1
f 2425/737/1 2426/715/1 2470/728/1
f 2471/738/1 2425/737/1 2470/728/1
f 2426/715/1 2427/780/1 2428/779/1
f 2428/779/1 2429/778/1 2430/749/1
f 2430/749/1 2431/3578/1214 2428/779/1
f 2431/3578/1214 2432/748/1 2428/779/1
f 2432/748/1 2433/3579/1 2436/774/1
f 2433/3579/1 2434/745/1 2436/774/1
f 2434/745/1 2435/3580/6 2436/774/1
f 2436/774/1 2437/773/1 2432/748/1
f 2437/773/1 2441/3260/1 2456/751/1
f 2441/3260/1 2442/703/1 2455/706/1
f 2442/703/1 2443/696/1 2505/704/1
f 2455/706/1 2442/703/1 2506/705/1
f 2443/696/1 2444/772/1 2505/704/1
f 2444/772/1 2445/695/1 2505/704/1
f 2445/695/1 2446/771/1 2505/704/1
f 2446/771/1 2447/702/1 2505/704/1
f 2447/702/1 2448/770/1 2505/704/1
f 2448/770/1 2449/708/1 2505/704/1
f 2449/708/1 2450/768/1 2505/704/1
f 2450/768/1 2451/769/1 2505/704/1
f 2451/769/1 2452/767/1 2505/704/1
f 2452/767/1 2453/766/1 2505/704/1
f 2505/704/1 2506/705/1 2442/703/1
f 2437/773/1 2456/751/1 2457/750/1
f 2456/751/1 2441/3260/1 2455/706/1
f 2426/715/1 2428/779/1 2432/748/1
f 2472/3581/1 2473/781/1 2423/746/1
f 2471/738/1 2472/3581/1 2423/746/1
f 2426/715/1 2432/748/1 2466/721/1
f 2432/748/1 2437/773/1 2463/3256/1
f 2470/728/1 2426/715/1 2469/727/1
f 2469/727/1 2426/715/1 2468/723/1
f 2437/773/1 2457/750/1 2458/744/1219
f 2468/723/1 2426/715/1 2467/722/1
f 2467/722/1 2426/715/1 2466/721/1
f 2437/773/1 2458/744/1219 2459/710/1
f 2437/773/1 2459/710/1 2460/709/1
f 2437/773/1 2460/709/1 2461/712/1214
f 2437/773/1 2461/712/1214 2462/3582/1
f 2465/3583/1 2466/721/1 2432/748/1
f 2464/3257/1 2465/3583/1 2432/748/1
f 2437/773/1 2462/3582/1 2463/3256/1
f 2552/467/1 2553/446/1 2591/447/1
f 2553/446/1 2554/448/1 2590/445/1
f 2588/393/1 2554/448/1 2555/395/1
f 2555/395/1 2556/400/1 2587/394/1
f 2586/399/1 2556/400/1 2585/401/1
f 2556/400/1 2557/451/1 2585/401/1
f 2557/451/1 2558/406/1 2583/407/1
f 2558/406/1 2507/465/1 2581/422/1
f 2507/465/1 2508/410/1 2579/423/1
f 2558/406/1 2582/405/1 2583/407/1
f 2508/410/1 2509/452/1 2577/409/1
f 2509/452/1 2510/454/1 2576/453/1
f 2510/454/1 2511/464/1 2575/411/1
f 2511/464/1 2512/413/1 2575/411/1
f 2512/413/1 2513/463/1 2574/3262/1
f 2513/463/1 2514/461/1 2574/3262/1
f 2512/413/1 2574/3262/1 2575/411/1
f 2514/461/1 2515/462/1 2574/3262/1
f 2515/462/1 2516/458/1 2574/3262/1
f 2575/411/1 2576/453/1 2510/454/1
f 2579/423/1 2508/410/1 2578/3584/1
f 2578/3584/1 2508/410/1 2577/409/1
f 2557/451/1 2583/407/1 2584/450/1
f 2582/405/1 2558/406/1 2581/422/1
f 2554/448/1 2588/393/1 2589/449/1
f 2556/400/1 2586/399/1 2587/394/1
f 2550/469/1 2551/468/1 2592/443/1
f 2551/468/1 2552/467/1 2591/447/1
f 2548/470/1 2549/444/1 2593/441/1
f 2549/444/1 2550/469/1 2593/441/1
f 2548/470/1 2593/441/1 2547/442/1
f 2546/471/1 2547/442/1 2594/439/1
f 2594/439/1 2547/442/1 2593/441/1
f 2544/436/1 2545/440/1 2595/438/1
f 2545/440/1 2546/471/1 2594/439/1
f 2542/473/1 2543/472/1 2597/389/1
f 2543/472/1 2544/436/1 2596/437/1
f 2540/474/1 2541/390/1 2598/388/1
f 2541/390/1 2542/473/1 2597/389/1
f 2538/475/1 2539/391/1 2599/392/1
f 2539/391/1 2540/474/1 2598/388/1
f 2536/396/1 2537/435/1 2600/398/1
f 2537/435/1 2538/475/1 2599/392/1
f 2598/388/1 2541/390/1 2597/389/1
f 2534/402/1 2535/434/1 2602/433/1
f 2535/434/1 2536/396/1 2601/397/1
f 2532/419/1 2533/431/1 2606/421/1
f 2533/431/1 2534/402/1 2604/403/1
f 2532/419/1 2607/420/1 2608/424/1
f 2530/426/1 2531/476/1 2560/428/1
f 2531/476/1 2532/419/1 2608/424/1
f 2530/426/1 2561/425/1 2562/427/1
f 2528/418/1 2529/416/1 2564/414/1
f 2529/416/1 2530/426/1 2562/427/1
f 2526/478/1 2527/429/1 2566/430/1
f 2527/429/1 2528/418/1 2565/417/1
f 2524/480/1 2525/479/1 2567/385/1
f 2525/479/1 2526/478/1 2567/385/1
f 2522/482/1 2523/481/1 2568/381/1
f 2523/481/1 2524/480/1 2568/381/1
f 2520/382/1 2521/483/1 2569/380/1
f 2521/483/1 2522/482/1 2568/381/1
f 2518/457/1 2519/384/1 2570/3585/1
f 2519/384/1 2520/382/1 2569/380/1
f 2569/380/1 2521/483/1 2568/381/1
f 2573/3261/1 2517/460/1 2572/455/1
f 2517/460/1 2518/457/1 2572/455/1
f 2568/381/1 2524/480/1 2567/385/1
f 2526/478/1 2566/430/1 2567/385/1
f 2566/430/1 2527/429/1 2565/417/1
f 2528/418/1 2564/414/1 2565/417/1
f 2529/416/1 2562/427/1 2563/415/1
f 2561/425/1 2530/426/1 2560/428/1
f 2607/420/1 2532/419/1 2606/421/1
f 2539/391/1 2598/388/1 2599/392/1
f 2543/472/1 2596/437/1 2597/389/1
f 2544/436/1 2595/438/1 2596/437/1
f 2545/440/1 2594/439/1 2595/438/1
f 2576/453/1 2577/409/1 2509/452/1
f 2555/395/1 2587/394/1 2588/393/1
f 2529/416/1 2563/415/1 2564/414/1
f 2571/456/1 2572/455/1 2518/457/1
f 2570/3585/1 2571/456/1 2518/457/1
f 2569/380/1 2570/3585/1 2519/384/1
f 2579/423/1 2580/466/1 2507/465/1
f 2580/466/1 2581/422/1 2507/465/1
f 2557/451/1 2584/450/1 2585/401/1
f 2560/428/1 2531/476/1 2559/477/1
f 2554/448/1 2589/449/1 2590/445/1
f 2559/477/1 2531/476/1 2608/424/1
f 2553/446/1 2590/445/1 2591/447/1
f 2606/421/1 2533/431/1 2605/432/1
f 2551/468/1 2591/447/1 2592/443/1
f 2605/432/1 2533/431/1 2604/403/1
f 2550/469/1 2592/443/1 2593/441/1
f 2603/404/1 2604/403/1 2534/402/1
f 2602/433/1 2603/404/1 2534/402/1
f 2601/397/1 2602/433/1 2535/434/1
f 2537/435/1 2599/392/1 2600/398/1
f 2516/458/1 2517/460/1 2573/3261/1
f 2657/296/1 2658/329/1 2689/295/1
f 2658/329/1 2659/298/1 2687/299/1
f 2659/298/1 2660/327/1 2685/300/1
f 2660/327/1 2609/323/1 2684/326/1
f 2659/298/1 2686/297/1 2687/299/1
f 2609/323/1 2610/306/1 2684/326/1
f 2610/306/1 2611/320/1 2684/326/1
f 2611/320/1 2612/321/1 2684/326/1
f 2612/321/1 2613/372/1 2684/326/1
f 2613/372/1 2614/373/1 2684/326/1
f 2614/373/1 2615/374/1 2684/326/1
f 2684/326/1 2685/300/1 2660/327/1
f 2685/300/1 2686/297/1 2659/298/1
f 2656/289/1 2657/296/1 2690/290/1
f 2658/329/1 2687/299/1 2688/328/1
f 2654/370/1 2655/371/1 2693/315/1
f 2655/371/1 2656/289/1 2692/3586/1
f 2652/369/1 2653/313/1 2694/314/1
f 2653/313/1 2654/370/1 2693/315/1
f 2650/368/1 2651/331/1 2695/332/1
f 2651/331/1 2652/369/1 2695/332/1
f 2650/368/1 2695/332/1 2649/336/1
f 2648/367/1 2649/336/1 2696/335/1
f 2696/335/1 2649/336/1 2695/332/1
f 2646/337/1 2647/333/1 2697/334/1
f 2647/333/1 2648/367/1 2696/335/1
f 2644/366/1 2645/339/1 2699/340/1
f 2645/339/1 2646/337/1 2698/338/1
f 2642/365/1 2643/362/1 2700/363/1
f 2643/362/1 2644/366/1 2699/340/1
f 2640/361/1 2641/364/1 2701/283/1
f 2641/364/1 2642/365/1 2700/363/1
f 2638/341/1 2639/281/1 2702/282/1
f 2639/281/1 2640/361/1 2701/283/1
f 2700/363/1 2643/362/1 2699/340/1
f 2636/311/1 2637/284/1 2704/285/1
f 2637/284/1 2638/341/1 2703/3587/1
f 2634/344/1 2635/291/1 2708/294/1
f 2635/291/1 2636/311/1 2706/293/1
f 2634/344/1 2709/345/1 2710/197/1
f 2632/348/1 2633/342/1 2662/360/1
f 2633/342/1 2634/344/1 2710/197/1
f 2632/348/1 2663/347/1 2664/310/1
f 2630/346/1 2631/303/1 2666/301/1
f 2631/303/1 2632/348/1 2664/310/1
f 2628/352/1 2629/309/1 2668/307/1
f 2629/309/1 2630/346/1 2667/308/1
f 2626/350/1 2627/359/1 2669/349/1
f 2627/359/1 2628/352/1 2669/349/1
f 2624/357/1 2625/358/1 2670/351/1
f 2625/358/1 2626/350/1 2670/351/1
f 2622/355/1 2623/356/1 2671/353/1
f 2623/356/1 2624/357/1 2670/351/1
f 2620/264/1 2621/354/1 2672/266/1
f 2621/354/1 2622/355/1 2671/353/1
f 2671/353/1 2623/356/1 2670/351/1
f 2618/376/1 2619/377/1 2674/378/1
f 2619/377/1 2620/264/1 2674/378/1
f 2618/376/1 2675/318/1 2617/375/1
f 2616/316/1 2617/375/1 2675/318/1
f 2616/316/1 2676/317/1 2677/322/1
f 2682/324/1 2683/3263/1 2616/316/1
f 2681/325/1 2682/324/1 2616/316/1
f 2676/317/1 2616/316/1 2675/318/1
f 2675/318/1 2618/376/1 2674/378/1
f 2616/316/1 2677/322/1 2678/319/1
f 2670/351/1 2626/350/1 2669/349/1
f 2628/352/1 2668/307/1 2669/349/1
f 2668/307/1 2629/309/1 2667/308/1
f 2630/346/1 2666/301/1 2667/308/1
f 2631/303/1 2664/310/1 2665/302/1
f 2663/347/1 2632/348/1 2662/360/1
f 2709/345/1 2634/344/1 2708/294/1
f 2641/364/1 2700/363/1 2701/283/1
f 2645/339/1 2698/338/1 2699/340/1
f 2646/337/1 2697/334/1 2698/338/1
f 2647/333/1 2696/335/1 2697/334/1
f 2656/289/1 2690/290/1 2691/288/1
f 2658/329/1 2688/328/1 2689/295/1
f 2656/289/1 2691/288/1 2692/3586/1
f 2631/303/1 2665/302/1 2666/301/1
f 2681/325/1 2616/316/1 2680/304/1
f 2680/304/1 2616/316/1 2679/305/1
f 2679/305/1 2616/316/1 2678/319/1
f 2657/296/1 2689/295/1 2690/290/1
f 2655/371/1 2692/3586/1 2693/315/1
f 2653/313/1 2693/315/1 2694/314/1
f 2673/265/1 2674/378/1 2620/264/1
f 2672/266/1 2673/265/1 2620/264/1
f 2652/369/1 2694/314/1 2695/332/1
f 2671/353/1 2672/266/1 2621/354/1
f 2639/281/1 2701/283/1 2702/282/1
f 2638/341/1 2702/282/1 2703/3587/1
f 2637/284/1 2703/3587/1 2704/285/1
f 2662/360/1 2633/342/1 2661/343/1
f 2636/311/1 2704/285/1 2705/312/1
f 2661/343/1 2633/342/1 2710/197/1
f 2636/311/1 2705/312/1 2706/293/1
f 2706/293/1 2707/292/1 2635/291/1
f 2615/374/1 2616/316/1 2683/3263/1
