# Blender 5.2.1 LTS
# www.blender.org
mtllib jestei-symbol-blue.mtl
o jestei-symbol-blue
v 0.992498 0.991181 0.190000
v 0.997208 0.995353 0.183718
v 0.992592 0.991061 0.190000
v 0.997643 0.994801 0.183718
v 0.992784 0.990786 0.190000
v 0.998043 0.994227 0.183718
v 0.992957 0.990503 0.190000
v 0.998407 0.993633 0.183718
v 0.993114 0.990212 0.190000
v 0.998736 0.993020 0.183718
v 0.993253 0.989913 0.190000
v 0.999027 0.992391 0.183718
v 0.993373 0.989607 0.190000
v 0.999282 0.991747 0.183718
v 0.993477 0.989293 0.190000
v 0.999499 0.991090 0.183718
v 0.999678 0.990421 0.183718
v 0.993562 0.988976 0.190000
v 0.993628 0.988652 0.190000
v 0.999818 0.989741 0.183718
v 0.993677 0.988322 0.190000
v 0.999918 0.989053 0.183718
v 0.993706 0.987992 0.190000
v 0.999979 0.988358 0.183718
v 0.993718 0.987658 0.190000
v 1.000000 0.987658 0.183718
v 0.993718 -0.007918 0.190000
v 1.000000 -0.007925 0.183718
v 0.992534 -0.057006 0.190000
v 0.998811 -0.057315 0.183718
v 0.988903 -0.105809 0.190000
v 0.995156 -0.106431 0.183718
v 0.989063 -0.155187 0.183718
v 0.982849 -0.154252 0.190000
v 0.974398 -0.202254 0.190000
v 0.980557 -0.203496 0.183718
v 0.963578 -0.249723 0.190000
v 0.969667 -0.251272 0.183718
v 0.950413 -0.296580 0.190000
v 0.956419 -0.298428 0.183718
v 0.934933 -0.342730 0.190000
v 0.940839 -0.344878 0.183718
v 0.917161 -0.388099 0.190000
v 0.922954 -0.390534 0.183718
v 0.897128 -0.432588 0.190000
v 0.902791 -0.435311 0.183718
v 0.874855 -0.476122 0.190000
v 0.880376 -0.479122 0.183718
v 0.855737 -0.521880 0.183718
v 0.850373 -0.518608 0.190000
v 0.823706 -0.559963 0.190000
v 0.828900 -0.563499 0.183718
v 0.794997 -0.599947 0.190000
v 0.800008 -0.603738 0.183718
v 0.764412 -0.638345 0.190000
v 0.769228 -0.642381 0.183718
v 0.732023 -0.675100 0.190000
v 0.736632 -0.679370 0.183718
v 0.697898 -0.710156 0.190000
v 0.702292 -0.714649 0.183718
v 0.662111 -0.743456 0.190000
v 0.666277 -0.748160 0.183718
v 0.624731 -0.774943 0.190000
v 0.628659 -0.779847 0.183718
v 0.589510 -0.809653 0.183718
v 0.585829 -0.804561 0.190000
v 0.545473 -0.832254 0.190000
v 0.548900 -0.837521 0.183718
v 0.503738 -0.857964 0.190000
v 0.506900 -0.863394 0.183718
v 0.460692 -0.881635 0.190000
v 0.463582 -0.887215 0.183718
v 0.416406 -0.903211 0.190000
v 0.419017 -0.908926 0.183718
v 0.370950 -0.922635 0.190000
v 0.373275 -0.928472 0.183718
v 0.324575 -0.939788 0.190000
v 0.326608 -0.945733 0.183718
v 0.277544 -0.954584 0.190000
v 0.279281 -0.960623 0.183718
v 0.231384 -0.973133 0.183718
v 0.229946 -0.967016 0.190000
v 0.181873 -0.977077 0.190000
v 0.183009 -0.983257 0.183718
v 0.133415 -0.984759 0.190000
v 0.134247 -0.990987 0.183718
v 0.084663 -0.990054 0.190000
v 0.085188 -0.996315 0.183718
v 0.035706 -0.992954 0.190000
v 0.035923 -0.999234 0.183718
v -0.013365 -0.993453 0.190000
v -0.013456 -0.999736 0.183718
v -0.062459 -0.991542 0.190000
v -0.062858 -0.997813 0.183718
v -0.111486 -0.987214 0.190000
v -0.112193 -0.993457 0.183718
v -0.161370 -0.986663 0.183718
v -0.160356 -0.980461 0.190000
v -0.208991 -0.971274 0.190000
v -0.210297 -0.977420 0.183718
v -0.253836 -0.960688 0.190000
v -0.255406 -0.966771 0.183718
v -0.298010 -0.948315 0.190000
v -0.299832 -0.954328 0.183718
v -0.341433 -0.934152 0.190000
v -0.343510 -0.940082 0.183718
v -0.384043 -0.918192 0.190000
v -0.386376 -0.924026 0.183718
v -0.425775 -0.900427 0.190000
v -0.428365 -0.906151 0.183718
v -0.466565 -0.880849 0.190000
v -0.469414 -0.886450 0.183718
v -0.509457 -0.864914 0.183718
v -0.506352 -0.859451 0.190000
v -0.545070 -0.836225 0.190000
v -0.548430 -0.841535 0.183718
v -0.582657 -0.811163 0.190000
v -0.586269 -0.816305 0.183718
v -0.619051 -0.784257 0.190000
v -0.622910 -0.789216 0.183718
v -0.654187 -0.755499 0.190000
v -0.658287 -0.760261 0.183718
v -0.687981 -0.724902 0.190000
v -0.692338 -0.729431 0.183718
v -0.690390 -0.722440 0.190000
v -0.695034 -0.726676 0.183718
v -0.692584 -0.719858 0.190000
v -0.697512 -0.723759 0.183718
v -0.699770 -0.720692 0.183718
v -0.694583 -0.717142 0.190000
v -0.696386 -0.714304 0.190000
v -0.701804 -0.717490 0.183718
v -0.697988 -0.711352 0.190000
v -0.703610 -0.714163 0.183718
v -0.699388 -0.708299 0.190000
v -0.705186 -0.710725 0.183718
v -0.700581 -0.705155 0.190000
v -0.706528 -0.707189 0.183718
v -0.701565 -0.701932 0.190000
v -0.707634 -0.703566 0.183718
v -0.702335 -0.698639 0.190000
v -0.708499 -0.699870 0.183718
v -0.702890 -0.695290 0.190000
v -0.709121 -0.696112 0.183718
v -0.709497 -0.692306 0.183718
v -0.703225 -0.691895 0.190000
v -0.703339 -0.688419 0.190000
v -0.709623 -0.688464 0.183718
v -0.703305 -0.686573 0.190000
v -0.709584 -0.686344 0.183718
v -0.703202 -0.684688 0.190000
v -0.709468 -0.684231 0.183718
v -0.703031 -0.682810 0.190000
v -0.709276 -0.682125 0.183718
v -0.702791 -0.680941 0.190000
v -0.709008 -0.680030 0.183718
v -0.702485 -0.679083 0.190000
v -0.708664 -0.677947 0.183718
v -0.702111 -0.677238 0.190000
v -0.708245 -0.675879 0.183718
v -0.707751 -0.673827 0.183718
v -0.701670 -0.675408 0.190000
v -0.701163 -0.673594 0.190000
v -0.707182 -0.671793 0.183718
v -0.700590 -0.671799 0.190000
v -0.706540 -0.669781 0.183718
v -0.699952 -0.670024 0.190000
v -0.705824 -0.667790 0.183718
v -0.699249 -0.668271 0.190000
v -0.705036 -0.665825 0.183718
v -0.698479 -0.666537 0.190000
v -0.704174 -0.663886 0.183718
v -0.642335 -0.544135 0.183718
v -0.651254 -0.550264 0.183718
v -0.644471 -0.550580 0.190000
v -0.638303 -0.543855 0.183718
v -0.634684 -0.549901 0.190000
v -0.627867 -0.548119 0.183718
v -0.618649 -0.567970 0.190000
v -0.614019 -0.563724 0.183718
v -0.599851 -0.587802 0.190000
v -0.595363 -0.583405 0.183718
v -0.580427 -0.606992 0.190000
v -0.576086 -0.602451 0.183718
v -0.560395 -0.625528 0.190000
v -0.556204 -0.620847 0.183718
v -0.539772 -0.643395 0.190000
v -0.535736 -0.638581 0.183718
v -0.514699 -0.655637 0.183718
v -0.518575 -0.660581 0.190000
v -0.496821 -0.677071 0.190000
v -0.493108 -0.672003 0.183718
v -0.474527 -0.692852 0.190000
v -0.470982 -0.687666 0.183718
v -0.451711 -0.707910 0.190000
v -0.448337 -0.702610 0.183718
v -0.428390 -0.722231 0.190000
v -0.425191 -0.716824 0.183718
v -0.404581 -0.735801 0.190000
v -0.401560 -0.730293 0.183718
v -0.380297 -0.748609 0.190000
v -0.377462 -0.743003 0.183718
v -0.354429 -0.761163 0.190000
v -0.351783 -0.755465 0.183718
v -0.325727 -0.767027 0.183718
v -0.328176 -0.772812 0.190000
v -0.301567 -0.783547 0.190000
v -0.299316 -0.777681 0.183718
v -0.274626 -0.793362 0.190000
v -0.272576 -0.787423 0.183718
v -0.247377 -0.802250 0.190000
v -0.245530 -0.796244 0.183718
v -0.219845 -0.810204 0.190000
v -0.218204 -0.804139 0.183718
v -0.192054 -0.817217 0.190000
v -0.190621 -0.811100 0.183718
v -0.164030 -0.823284 0.190000
v -0.162806 -0.817122 0.183718
v -0.135796 -0.828397 0.190000
v -0.134782 -0.822197 0.183718
v -0.106575 -0.826319 0.183718
v -0.107378 -0.832550 0.190000
v -0.078799 -0.835735 0.190000
v -0.078209 -0.829480 0.183718
v -0.050084 -0.837947 0.190000
v -0.049708 -0.831676 0.183718
v -0.021310 -0.839180 0.190000
v -0.021148 -0.832899 0.183718
v 0.007448 -0.839430 0.190000
v 0.007395 -0.833147 0.183718
v 0.036163 -0.838700 0.190000
v 0.035897 -0.832423 0.183718
v 0.064811 -0.836996 0.190000
v 0.064332 -0.830732 0.183718
v 0.093367 -0.834320 0.190000
v 0.092674 -0.828076 0.183718
v 0.120901 -0.824459 0.183718
v 0.121805 -0.830676 0.190000
v 0.150101 -0.826068 0.190000
v 0.148986 -0.819885 0.183718
v 0.178230 -0.820499 0.190000
v 0.176905 -0.814357 0.183718
v 0.206165 -0.813973 0.190000
v 0.204632 -0.807880 0.183718
v 0.233883 -0.806494 0.190000
v 0.232143 -0.800457 0.183718
v 0.261358 -0.798065 0.190000
v 0.259413 -0.792091 0.183718
v 0.288565 -0.788690 0.190000
v 0.286417 -0.782786 0.183718
v 0.315432 -0.778391 0.190000
v 0.313084 -0.772564 0.183718
v 0.339341 -0.761454 0.183718
v 0.341887 -0.767198 0.190000
v 0.367909 -0.755125 0.190000
v 0.365168 -0.749471 0.183718
v 0.393474 -0.742185 0.190000
v 0.390542 -0.736628 0.183718
v 0.418563 -0.728391 0.190000
v 0.415443 -0.722938 0.183718
v 0.443154 -0.713757 0.190000
v 0.439849 -0.708413 0.183718
v 0.467224 -0.698296 0.190000
v 0.463739 -0.693068 0.183718
v 0.490753 -0.682021 0.190000
v 0.487091 -0.676915 0.183718
v 0.513720 -0.664945 0.190000
v 0.509885 -0.659968 0.183718
v 0.532099 -0.642239 0.183718
v 0.536101 -0.647082 0.190000
v 0.557877 -0.628445 0.190000
v 0.553711 -0.623743 0.183718
v 0.579075 -0.609002 0.190000
v 0.574700 -0.604491 0.183718
v 0.618142 -0.559983 0.183718
v 0.622769 -0.564236 0.190000
v 0.647924 -0.535164 0.190000
v 0.643080 -0.531162 0.183718
v 0.666593 -0.501313 0.183718
v 0.671617 -0.505088 0.190000
v 0.693848 -0.474029 0.190000
v 0.688655 -0.470491 0.183718
v 0.714589 -0.442045 0.190000
v 0.709240 -0.438748 0.183718
v 0.733815 -0.409186 0.190000
v 0.728320 -0.406138 0.183718
v 0.751498 -0.375507 0.190000
v 0.745870 -0.372715 0.183718
v 0.767613 -0.341063 0.190000
v 0.761862 -0.338531 0.183718
v 0.782133 -0.305903 0.190000
v 0.776271 -0.303640 0.183718
v 0.795030 -0.270088 0.190000
v 0.789070 -0.268096 0.183718
v 0.800233 -0.231952 0.183718
v 0.806277 -0.233667 0.190000
v 0.815850 -0.196694 0.190000
v 0.809732 -0.195261 0.183718
v 0.823719 -0.159224 0.190000
v 0.817542 -0.158077 0.183718
v 0.829842 -0.121438 0.190000
v 0.823618 -0.120575 0.183718
v 0.834197 -0.083509 0.190000
v 0.827939 -0.082937 0.183718
v 0.836787 -0.045504 0.190000
v 0.830510 -0.045220 0.183718
v 0.837620 -0.007476 0.190000
v 0.831336 -0.007485 0.183718
v 0.836700 0.030505 0.190000
v 0.830424 0.030209 0.183718
v 0.827777 0.067803 0.183718
v 0.834033 0.068389 0.190000
v 0.829625 0.106112 0.190000
v 0.823403 0.105238 0.183718
v 0.823481 0.143612 0.190000
v 0.817305 0.142455 0.183718
v 0.815607 0.180835 0.190000
v 0.809491 0.179394 0.183718
v 0.806007 0.217720 0.190000
v 0.799965 0.215995 0.183718
v 0.794690 0.254199 0.190000
v 0.788733 0.252201 0.183718
v 0.781658 0.290224 0.190000
v 0.775800 0.287950 0.183718
v 0.766969 0.325614 0.190000
v 0.761222 0.323072 0.183718
v 0.745075 0.357401 0.183718
v 0.750697 0.360207 0.190000
v 0.732882 0.393950 0.190000
v 0.727395 0.390889 0.183718
v 0.713558 0.426797 0.190000
v 0.708217 0.423488 0.183718
v 0.692762 0.458702 0.190000
v 0.687578 0.455152 0.183718
v 0.670529 0.489616 0.190000
v 0.665514 0.485831 0.183718
v 0.646898 0.519489 0.190000
v 0.642060 0.515480 0.183718
v 0.621900 0.548277 0.190000
v 0.617252 0.544048 0.183718
v 0.595579 0.575925 0.190000
v 0.591128 0.571491 0.183718
v 0.563721 0.597758 0.183718
v 0.567964 0.602393 0.190000
v 0.539095 0.627629 0.190000
v 0.535070 0.622804 0.183718
v 0.509009 0.651583 0.190000
v 0.505208 0.646579 0.183718
v 0.477840 0.674141 0.190000
v 0.474275 0.668966 0.183718
v 0.445748 0.695194 0.190000
v 0.442422 0.689863 0.183718
v 0.412784 0.714726 0.190000
v 0.409705 0.709249 0.183718
v 0.379004 0.732713 0.190000
v 0.376179 0.727101 0.183718
v 0.344468 0.749132 0.190000
v 0.341900 0.743397 0.183718
v 0.306924 0.758115 0.183718
v 0.309231 0.763960 0.190000
v 0.273344 0.777179 0.190000
v 0.271307 0.771235 0.183718
v 0.236869 0.788763 0.190000
v 0.235105 0.782732 0.183718
v 0.199865 0.798689 0.190000
v 0.198373 0.792585 0.183718
v 0.162376 0.806939 0.190000
v 0.161167 0.800773 0.183718
v 0.124472 0.813488 0.190000
v 0.123544 0.807274 0.183718
v 0.086203 0.818314 0.190000
v 0.085558 0.812064 0.183718
v 0.047748 0.821389 0.190000
v 0.047391 0.815116 0.183718
v 0.009224 0.816420 0.183718
v 0.009294 0.822703 0.190000
v -0.029097 0.822268 0.190000
v -0.028884 0.815988 0.183718
v -0.067371 0.820092 0.190000
v -0.066873 0.813829 0.183718
v -0.105468 0.816187 0.190000
v -0.104685 0.809953 0.183718
v -0.143322 0.810564 0.190000
v -0.142259 0.804371 0.183718
v -0.180881 0.803230 0.190000
v -0.179537 0.797092 0.183718
v -0.218082 0.794198 0.190000
v -0.216460 0.788128 0.183718
v -0.254863 0.783479 0.190000
v -0.252969 0.777488 0.183718
v -0.289003 0.765182 0.183718
v -0.291170 0.771080 0.190000
v -0.326938 0.757014 0.190000
v -0.324505 0.751220 0.183718
v -0.362110 0.741289 0.190000
v -0.359415 0.735613 0.183718
v -0.396516 0.723976 0.190000
v -0.393563 0.718429 0.183718
v -0.429995 0.705161 0.190000
v -0.426791 0.699756 0.183718
v -0.462497 0.684888 0.190000
v -0.459053 0.679633 0.183718
v -0.493987 0.663190 0.190000
v -0.490304 0.658099 0.183718
v -0.524409 0.640113 0.190000
v -0.520498 0.635195 0.183718
v -0.549592 0.610958 0.183718
v -0.553722 0.615693 0.190000
v -0.581883 0.589969 0.190000
v -0.577539 0.585428 0.183718
v -0.608841 0.562984 0.190000
v -0.604296 0.558646 0.183718
v -0.634554 0.534776 0.190000
v -0.629815 0.530649 0.183718
v -0.658978 0.505381 0.190000
v -0.654054 0.501478 0.183718
v -0.682064 0.474844 0.190000
v -0.676966 0.471171 0.183718
v -0.703768 0.443202 0.190000
v -0.698506 0.439769 0.183718
v -0.723981 0.410604 0.190000
v -0.718566 0.407416 0.183718
v -0.737057 0.374270 0.183718
v -0.742614 0.377204 0.190000
v -0.759645 0.343065 0.190000
v -0.753960 0.340390 0.183718
v -0.775060 0.308242 0.190000
v -0.769258 0.305831 0.183718
v -0.788841 0.272791 0.190000
v -0.782933 0.270650 0.183718
v -0.800967 0.236772 0.190000
v -0.794967 0.234905 0.183718
v -0.811423 0.200241 0.190000
v -0.805344 0.198651 0.183718
v -0.820189 0.163255 0.190000
v -0.814044 0.161947 0.183718
v -0.827250 0.125871 0.190000
v -0.821050 0.124848 0.183718
v -0.826345 0.087412 0.183718
v -0.832586 0.088148 0.190000
v -0.836179 0.050141 0.190000
v -0.829912 0.049695 0.183718
v -0.838010 0.011951 0.190000
v -0.831731 0.011754 0.183718
v -0.838505 -0.024071 0.190000
v -0.832222 -0.024081 0.183718
v -0.838119 -0.059717 0.190000
v -0.831838 -0.059561 0.183718
v -0.836733 -0.095027 0.190000
v -0.830461 -0.094680 0.183718
v -0.834228 -0.129996 0.190000
v -0.827970 -0.129434 0.183718
v -0.830481 -0.164619 0.190000
v -0.824249 -0.163817 0.183718
v -0.819179 -0.197824 0.183718
v -0.825371 -0.198887 0.190000
v -0.818778 -0.232797 0.190000
v -0.812641 -0.231451 0.183718
v -0.810581 -0.266339 0.190000
v -0.804516 -0.264692 0.183718
v -0.800658 -0.299504 0.190000
v -0.794688 -0.297541 0.183718
v -0.788889 -0.332284 0.190000
v -0.783037 -0.329995 0.183718
v -0.775156 -0.364668 0.190000
v -0.769444 -0.362047 0.183718
v -0.759420 -0.396485 0.190000
v -0.753793 -0.393694 0.183718
v -0.757653 -0.399957 0.190000
v -0.752002 -0.397210 0.183718
v -0.750345 -0.400785 0.183718
v -0.756094 -0.403321 0.190000
v -0.754665 -0.406731 0.190000
v -0.748825 -0.404414 0.183718
v -0.753371 -0.410183 0.190000
v -0.747446 -0.408092 0.183718
v -0.752216 -0.413672 0.190000
v -0.746213 -0.411817 0.183718
v -0.751203 -0.417196 0.190000
v -0.745131 -0.415584 0.183718
v -0.750337 -0.420750 0.190000
v -0.744203 -0.419388 0.183718
v -0.749619 -0.424331 0.190000
v -0.743434 -0.423227 0.183718
v -0.749055 -0.427932 0.190000
v -0.742828 -0.427095 0.183718
v -0.742390 -0.430990 0.183718
v -0.748648 -0.431554 0.190000
v -0.748401 -0.435191 0.190000
v -0.742124 -0.434907 0.183718
v -0.748317 -0.438859 0.190000
v -0.742034 -0.438842 0.183718
v -0.748366 -0.441681 0.190000
v -0.742087 -0.441897 0.183718
v -0.748512 -0.444512 0.190000
v -0.742244 -0.444944 0.183718
v -0.748755 -0.447334 0.190000
v -0.742506 -0.447980 0.183718
v -0.749095 -0.450143 0.190000
v -0.742871 -0.451004 0.183718
v -0.749530 -0.452938 0.190000
v -0.743340 -0.454011 0.183718
v -0.743911 -0.457001 0.183718
v -0.750061 -0.455717 0.190000
v -0.750686 -0.458476 0.190000
v -0.744584 -0.459970 0.183718
v -0.751407 -0.461213 0.190000
v -0.745359 -0.462915 0.183718
v -0.752221 -0.463926 0.190000
v -0.746235 -0.465834 0.183718
v -0.753128 -0.466613 0.190000
v -0.747211 -0.468725 0.183718
v -0.754128 -0.469271 0.190000
v -0.748287 -0.471584 0.183718
v -0.755221 -0.471899 0.190000
v -0.749462 -0.474410 0.183718
v -0.803342 -0.597867 0.183718
v -0.809096 -0.595346 0.190000
v -0.981851 -0.989146 0.190000
v -0.976207 -0.991917 0.183718
v -0.982498 -0.990333 0.190000
v -0.977245 -0.993820 0.183718
v -0.983122 -0.991115 0.190000
v -0.978544 -0.995451 0.183718
v -0.983847 -0.991761 0.190000
v -0.980063 -0.996802 0.183718
v -0.984668 -0.992276 0.190000
v -0.981759 -0.997867 0.183718
v -0.983591 -0.998639 0.183718
v -0.985570 -0.992656 0.190000
v -0.986529 -0.992891 0.190000
v -0.985515 -0.999110 0.183718
v -0.987514 -0.992974 0.190000
v -0.987490 -0.999275 0.183718
v -0.988495 -0.992900 0.190000
v -0.989473 -0.999125 0.183718
v -0.989443 -0.992671 0.190000
v -0.991424 -0.998655 0.183718
v -0.990345 -0.992287 0.190000
v -0.993298 -0.997857 0.183718
v -0.991195 -0.991739 0.190000
v -0.995056 -0.996724 0.183718
v -0.992128 -0.990878 0.190000
v -0.996653 -0.995250 0.183718
v -0.997148 -0.994675 0.183718
v -0.992260 -0.990724 0.190000
v -0.992480 -0.990435 0.190000
v -0.997604 -0.994074 0.183718
v -0.992681 -0.990133 0.190000
v -0.998020 -0.993448 0.183718
v -0.992862 -0.989820 0.190000
v -0.998395 -0.992800 0.183718
v -0.993023 -0.989497 0.190000
v -0.998729 -0.992131 0.183718
v -0.993164 -0.989164 0.190000
v -0.999021 -0.991443 0.183718
v -0.993285 -0.988824 0.190000
v -0.999271 -0.990739 0.183718
v -0.993384 -0.988477 0.190000
v -0.999476 -0.990021 0.183718
v -0.999638 -0.989290 0.183718
v -0.993462 -0.988125 0.190000
v -0.993518 -0.987767 0.190000
v -0.999754 -0.988548 0.183718
v -0.993552 -0.987406 0.190000
v -0.999824 -0.987799 0.183718
v -0.993566 -0.987042 0.190000
v -0.999848 -0.987043 0.183718
v -0.993718 -0.007932 0.190000
v -1.000000 -0.007925 0.183718
v -0.998642 0.044125 0.183718
v -0.992367 0.043795 0.190000
v -0.988301 0.095193 0.190000
v -0.994550 0.095853 0.183718
v -0.981552 0.146172 0.190000
v -0.987758 0.147160 0.183718
v -0.972152 0.196632 0.190000
v -0.978297 0.197944 0.183718
v -0.960133 0.246473 0.190000
v -0.966201 0.248105 0.183718
v -0.945528 0.295595 0.190000
v -0.951503 0.297542 0.183718
v -0.928370 0.343897 0.190000
v -0.934235 0.346155 0.183718
v -0.908691 0.391283 0.190000
v -0.914429 0.393843 0.183718
v -0.892120 0.440506 0.183718
v -0.886524 0.437648 0.190000
v -0.861901 0.482895 0.190000
v -0.867339 0.486043 0.183718
v -0.834854 0.526925 0.190000
v -0.840120 0.530353 0.183718
v -0.805416 0.569635 0.190000
v -0.810495 0.573336 0.183718
v -0.773760 0.610754 0.190000
v -0.778637 0.614717 0.183718
v -0.740090 0.650037 0.190000
v -0.744753 0.654249 0.183718
v -0.704495 0.687419 0.190000
v -0.708931 0.691869 0.183718
v -0.667058 0.722838 0.190000
v -0.671256 0.727514 0.183718
v -0.631814 0.761122 0.183718
v -0.627863 0.756236 0.190000
v -0.587000 0.787545 0.190000
v -0.590691 0.792630 0.183718
v -0.544551 0.816707 0.190000
v -0.547973 0.821977 0.183718
v -0.500600 0.843659 0.190000
v -0.503746 0.849099 0.183718
v -0.455237 0.868339 0.190000
v -0.458096 0.873934 0.183718
v -0.408545 0.890684 0.190000
v -0.411110 0.896420 0.183718
v -0.360611 0.910632 0.190000
v -0.362872 0.916495 0.183718
v -0.311515 0.928123 0.190000
v -0.313470 0.934095 0.183718
v -0.263206 0.949100 0.183718
v -0.261566 0.943034 0.190000
v -0.211072 0.955285 0.190000
v -0.212393 0.961428 0.183718
v -0.160137 0.964877 0.190000
v -0.161140 0.971080 0.183718
v -0.108871 0.971808 0.190000
v -0.109552 0.978055 0.183718
v -0.057377 0.976078 0.190000
v -0.057736 0.982352 0.183718
v -0.005765 0.977687 0.190000
v -0.005798 0.983971 0.183718
v 0.045863 0.976633 0.190000
v 0.046154 0.982910 0.183718
v 0.097402 0.972917 0.190000
v 0.098015 0.979171 0.183718
v 0.149677 0.972751 0.183718
v 0.148741 0.966537 0.190000
v 0.199778 0.957494 0.190000
v 0.201034 0.963651 0.183718
v 0.250405 0.945786 0.190000
v 0.251980 0.951869 0.183718
v 0.300550 0.931404 0.190000
v 0.302408 0.937406 0.183718
v 0.330935 0.921286 0.190000
v 0.333015 0.927214 0.183718
v 0.360936 0.910216 0.190000
v 0.363204 0.916074 0.183718
v 0.390502 0.898218 0.190000
v 0.392957 0.904001 0.183718
v 0.419614 0.885306 0.190000
v 0.422252 0.891008 0.183718
v 0.451070 0.877109 0.183718
v 0.448251 0.871494 0.190000
v 0.476394 0.856798 0.190000
v 0.479391 0.862320 0.183718
v 0.504023 0.841230 0.190000
v 0.507194 0.846654 0.183718
v 0.531117 0.824805 0.190000
v 0.534459 0.830125 0.183718
v 0.557657 0.807537 0.190000
v 0.561167 0.812748 0.183718
v 0.583622 0.789441 0.190000
v 0.587296 0.794537 0.183718
v 0.608994 0.770530 0.190000
v 0.612828 0.775507 0.183718
v 0.633979 0.750638 0.190000
v 0.637742 0.755671 0.183718
v 0.659273 0.740576 0.183718
v 0.656052 0.735162 0.190000
v 0.680133 0.723173 0.190000
v 0.682530 0.728997 0.183718
v 0.705443 0.714816 0.190000
v 0.706999 0.720918 0.183718
v 0.731456 0.710066 0.190000
v 0.732163 0.716323 0.183718
v 0.757659 0.708901 0.190000
v 0.757507 0.715196 0.183718
v 0.783541 0.711306 0.190000
v 0.782517 0.717520 0.183718
v 0.808587 0.717277 0.190000
v 0.806675 0.723279 0.183718
v 0.832278 0.726816 0.190000
v 0.829468 0.732456 0.183718
v 0.850378 0.745036 0.183718
v 0.854076 0.739929 0.190000
v 0.873424 0.756615 0.190000
v 0.868892 0.761002 0.183718
v 0.889751 0.776850 0.190000
v 0.884493 0.780337 0.183718
v 0.902340 0.800313 0.190000
v 0.896667 0.803026 0.183718
v 0.982270 0.989622 0.190000
v 0.976592 0.992323 0.183718
v 0.977630 0.994276 0.183718
v 0.982912 0.990830 0.190000
v 0.983533 0.991617 0.190000
v 0.978944 0.995943 0.183718
v 0.984258 0.992262 0.190000
v 0.980487 0.997315 0.183718
v 0.985082 0.992774 0.190000
v 0.982215 0.998387 0.183718
v 0.985990 0.993146 0.190000
v 0.984081 0.999153 0.183718
v 0.986957 0.993369 0.190000
v 0.986041 0.999604 0.183718
v 0.987948 0.993434 0.190000
v 0.988048 0.999736 0.183718
v 0.988929 0.993338 0.190000
v 0.990058 0.999540 0.183718
v 0.992024 0.999011 0.183718
v 0.989872 0.993085 0.190000
v 0.990760 0.992673 0.190000
v 0.993902 0.998141 0.183718
v 0.995645 0.996924 0.183718
v 0.991589 0.992094 0.190000
v -0.688125 0.095143 0.183718
v -0.681886 0.094301 0.190000
v -0.663586 0.184031 0.190000
v -0.669658 0.185694 0.183718
v -0.634090 0.269110 0.190000
v -0.639891 0.271556 0.183718
v -0.594215 0.348724 0.190000
v -0.599651 0.351899 0.183718
v -0.544781 0.422051 0.190000
v -0.549765 0.425895 0.183718
v -0.491062 0.492715 0.183718
v -0.486607 0.488268 0.190000
v -0.420514 0.546551 0.190000
v -0.424368 0.551529 0.183718
v -0.347326 0.596078 0.190000
v -0.350511 0.601508 0.183718
v -0.267865 0.636026 0.190000
v -0.270318 0.641824 0.183718
v -0.182947 0.665578 0.190000
v -0.184617 0.671648 0.183718
v -0.093391 0.683911 0.190000
v -0.094235 0.690150 0.183718
v 0.000000 0.690205 0.190000
v 0.000000 0.696501 0.183718
v 0.093390 0.683911 0.190000
v 0.094235 0.690150 0.183718
v 0.184616 0.671648 0.183718
v 0.182946 0.665578 0.190000
v 0.267864 0.636027 0.190000
v 0.270317 0.641824 0.183718
v 0.347326 0.596078 0.190000
v 0.350510 0.601508 0.183718
v 0.420514 0.546552 0.190000
v 0.424367 0.551529 0.183718
v 0.486607 0.488268 0.190000
v 0.491062 0.492715 0.183718
v 0.544781 0.422051 0.190000
v 0.549765 0.425896 0.183718
v 0.594216 0.348724 0.190000
v 0.599651 0.351900 0.183718
v 0.634091 0.269110 0.190000
v 0.639892 0.271556 0.183718
v 0.669660 0.185695 0.183718
v 0.663588 0.184030 0.190000
v 0.681888 0.094302 0.190000
v 0.688127 0.095143 0.183718
v 0.688171 0.000732 0.190000
v 0.694467 0.000732 0.183718
v 0.681888 -0.092840 0.190000
v 0.688127 -0.093682 0.183718
v 0.663588 -0.182570 0.190000
v 0.669659 -0.184234 0.183718
v 0.634091 -0.267651 0.190000
v 0.639892 -0.270097 0.183718
v 0.594216 -0.347266 0.190000
v 0.599651 -0.350441 0.183718
v 0.544781 -0.420594 0.190000
v 0.549765 -0.424438 0.183718
v 0.491061 -0.491258 0.183718
v 0.486606 -0.486812 0.190000
v 0.420514 -0.545095 0.190000
v 0.424367 -0.550073 0.183718
v 0.347325 -0.594623 0.190000
v 0.350510 -0.600053 0.183718
v 0.267864 -0.634572 0.190000
v 0.270317 -0.640369 0.183718
v 0.182947 -0.664123 0.190000
v 0.184616 -0.670193 0.183718
v 0.093390 -0.682456 0.190000
v 0.094235 -0.688695 0.183718
v 0.000000 -0.688751 0.190000
v 0.000000 -0.695047 0.183718
v -0.093390 -0.682456 0.190000
v -0.094235 -0.688695 0.183718
v -0.184617 -0.670193 0.183718
v -0.182947 -0.664123 0.190000
v -0.267864 -0.634572 0.190000
v -0.270318 -0.640369 0.183718
v -0.347326 -0.594623 0.190000
v -0.350510 -0.600053 0.183718
v -0.420514 -0.545096 0.190000
v -0.424368 -0.550073 0.183718
v -0.486607 -0.486812 0.190000
v -0.491062 -0.491258 0.183718
v -0.544781 -0.420594 0.190000
v -0.549765 -0.424438 0.183718
v -0.595510 -0.345346 0.190000
v -0.599651 -0.350442 0.183718
v -0.633170 -0.270180 0.190000
v -0.639891 -0.270097 0.183718
v -0.669658 -0.184234 0.183718
v -0.662993 -0.184220 0.190000
v -0.682007 -0.091035 0.190000
v -0.688125 -0.093682 0.183718
v -0.688169 0.000732 0.190000
v -0.694465 0.000732 0.183718
v -0.318039 -0.000060 0.190000
v -0.311743 -0.000060 0.183718
v -0.315244 -0.041603 0.190000
v -0.309005 -0.040759 0.183718
v -0.307098 -0.081461 0.190000
v -0.301027 -0.079794 0.183718
v -0.293967 -0.119258 0.190000
v -0.288168 -0.116808 0.183718
v -0.275234 -0.156582 0.190000
v -0.270785 -0.151443 0.183718
v -0.249235 -0.183341 0.183718
v -0.257158 -0.183358 0.190000
v -0.226486 -0.218217 0.190000
v -0.223875 -0.212146 0.183718
v -0.198913 -0.242482 0.190000
v -0.195064 -0.237500 0.183718
v -0.161224 -0.267932 0.190000
v -0.163159 -0.259046 0.183718
v -0.144766 -0.276225 0.190000
v -0.128516 -0.276426 0.183718
v -0.085039 -0.297013 0.190000
v -0.091494 -0.289283 0.183718
v -0.053294 -0.303498 0.190000
v -0.052450 -0.297258 0.183718
v -0.011742 -0.306293 0.190000
v -0.011742 -0.299997 0.183718
v 0.028966 -0.297258 0.183718
v 0.029809 -0.303498 0.190000
v 0.069676 -0.295353 0.190000
v 0.068009 -0.289283 0.183718
v 0.107480 -0.282225 0.190000
v 0.105031 -0.276426 0.183718
v 0.142852 -0.264479 0.190000
v 0.139673 -0.259046 0.183718
v 0.175427 -0.242482 0.190000
v 0.171579 -0.237501 0.183718
v 0.204840 -0.216598 0.190000
v 0.200390 -0.212147 0.183718
v 0.230729 -0.187191 0.190000
v 0.225749 -0.183342 0.183718
v 0.252732 -0.154623 0.190000
v 0.247299 -0.151443 0.183718
v 0.264683 -0.116808 0.183718
v 0.270481 -0.119259 0.190000
v 0.283613 -0.081461 0.190000
v 0.277542 -0.079794 0.183718
v 0.291759 -0.041603 0.190000
v 0.285520 -0.040759 0.183718
v 0.294554 -0.000060 0.190000
v 0.288258 -0.000060 0.183718
v 0.291759 0.041485 0.190000
v 0.285520 0.040641 0.183718
v 0.283613 0.081345 0.190000
v 0.277542 0.079678 0.183718
v 0.270482 0.119142 0.190000
v 0.264683 0.116693 0.183718
v 0.252731 0.154509 0.190000
v 0.247299 0.151329 0.183718
v 0.225749 0.183228 0.183718
v 0.230729 0.187077 0.190000
v 0.204840 0.216484 0.190000
v 0.200390 0.212033 0.183718
v 0.175427 0.242368 0.190000
v 0.171579 0.237387 0.183718
v 0.142852 0.264366 0.190000
v 0.139673 0.258933 0.183718
v 0.107480 0.282112 0.190000
v 0.105031 0.276313 0.183718
v 0.069676 0.295241 0.190000
v 0.068010 0.289170 0.183718
v 0.029810 0.303385 0.190000
v 0.028966 0.297146 0.183718
v -0.011742 0.306179 0.190000
v -0.011742 0.299884 0.183718
v -0.052450 0.297145 0.183718
v -0.053294 0.303385 0.190000
v -0.093161 0.295241 0.190000
v -0.091494 0.289169 0.183718
v -0.130966 0.282112 0.190000
v -0.128516 0.276313 0.183718
v -0.166338 0.264366 0.190000
v -0.163159 0.258933 0.183718
v -0.198913 0.242368 0.190000
v -0.195064 0.237387 0.183718
v -0.228326 0.216485 0.190000
v -0.223875 0.212033 0.183718
v -0.254215 0.187077 0.190000
v -0.249235 0.183228 0.183718
v -0.276217 0.154509 0.190000
v -0.270785 0.151329 0.183718
v -0.288168 0.116693 0.183718
v -0.293967 0.119143 0.190000
v -0.307098 0.081345 0.190000
v -0.301027 0.079678 0.183718
v -0.315244 0.041485 0.190000
v -0.309005 0.040641 0.183718
v 0.997208 0.995353 -0.183718
v 0.992498 0.991181 -0.190000
v 0.997643 0.994801 -0.183718
v 0.992592 0.991061 -0.190000
v 0.998043 0.994227 -0.183718
v 0.992784 0.990786 -0.190000
v 0.998407 0.993633 -0.183718
v 0.992957 0.990503 -0.190000
v 0.998736 0.993020 -0.183718
v 0.993114 0.990212 -0.190000
v 0.993253 0.989913 -0.190000
v 0.999027 0.992391 -0.183718
v 0.999282 0.991747 -0.183718
v 0.993373 0.989607 -0.190000
v 0.999499 0.991090 -0.183718
v 0.993477 0.989293 -0.190000
v 0.999678 0.990421 -0.183718
v 0.993562 0.988976 -0.190000
v 0.999818 0.989741 -0.183718
v 0.993628 0.988652 -0.190000
v 0.999918 0.989053 -0.183718
v 0.993677 0.988322 -0.190000
v 0.999979 0.988358 -0.183718
v 0.993706 0.987992 -0.190000
v 1.000000 0.987658 -0.183718
v 0.993718 0.987658 -0.190000
v 0.993718 -0.007918 -0.190000
v 1.000000 -0.007925 -0.183718
v 0.998811 -0.057315 -0.183718
v 0.992534 -0.057006 -0.190000
v 0.995156 -0.106431 -0.183718
v 0.988903 -0.105809 -0.190000
v 0.989063 -0.155187 -0.183718
v 0.982849 -0.154252 -0.190000
v 0.980557 -0.203496 -0.183718
v 0.974398 -0.202254 -0.190000
v 0.969667 -0.251272 -0.183718
v 0.963578 -0.249723 -0.190000
v 0.956419 -0.298428 -0.183718
v 0.950413 -0.296580 -0.190000
v 0.940839 -0.344878 -0.183718
v 0.934933 -0.342730 -0.190000
v 0.917161 -0.388099 -0.190000
v 0.922954 -0.390534 -0.183718
v 0.902791 -0.435311 -0.183718
v 0.897128 -0.432588 -0.190000
v 0.880376 -0.479122 -0.183718
v 0.874855 -0.476122 -0.190000
v 0.855737 -0.521880 -0.183718
v 0.850373 -0.518608 -0.190000
v 0.828900 -0.563499 -0.183718
v 0.823706 -0.559963 -0.190000
v 0.800008 -0.603738 -0.183718
v 0.794997 -0.599947 -0.190000
v 0.769228 -0.642381 -0.183718
v 0.764412 -0.638345 -0.190000
v 0.736632 -0.679370 -0.183718
v 0.732023 -0.675100 -0.190000
v 0.697898 -0.710156 -0.190000
v 0.702292 -0.714649 -0.183718
v 0.666277 -0.748160 -0.183718
v 0.662111 -0.743456 -0.190000
v 0.628659 -0.779847 -0.183718
v 0.624731 -0.774943 -0.190000
v 0.589510 -0.809653 -0.183718
v 0.585829 -0.804561 -0.190000
v 0.548900 -0.837521 -0.183718
v 0.545473 -0.832254 -0.190000
v 0.506900 -0.863394 -0.183718
v 0.503738 -0.857964 -0.190000
v 0.463582 -0.887215 -0.183718
v 0.460692 -0.881635 -0.190000
v 0.419017 -0.908926 -0.183718
v 0.416406 -0.903211 -0.190000
v 0.370950 -0.922635 -0.190000
v 0.373275 -0.928472 -0.183718
v 0.326608 -0.945733 -0.183718
v 0.324575 -0.939788 -0.190000
v 0.279281 -0.960623 -0.183718
v 0.277544 -0.954584 -0.190000
v 0.231384 -0.973133 -0.183718
v 0.229946 -0.967016 -0.190000
v 0.183009 -0.983257 -0.183718
v 0.181873 -0.977077 -0.190000
v 0.134247 -0.990987 -0.183718
v 0.133415 -0.984759 -0.190000
v 0.085188 -0.996315 -0.183718
v 0.084663 -0.990054 -0.190000
v 0.035923 -0.999234 -0.183718
v 0.035706 -0.992954 -0.190000
v -0.013365 -0.993453 -0.190000
v -0.013456 -0.999736 -0.183718
v -0.062858 -0.997813 -0.183718
v -0.062459 -0.991542 -0.190000
v -0.112193 -0.993457 -0.183718
v -0.111486 -0.987214 -0.190000
v -0.161370 -0.986663 -0.183718
v -0.160356 -0.980461 -0.190000
v -0.210297 -0.977420 -0.183718
v -0.208991 -0.971274 -0.190000
v -0.255406 -0.966771 -0.183718
v -0.253836 -0.960688 -0.190000
v -0.299832 -0.954328 -0.183718
v -0.298010 -0.948315 -0.190000
v -0.343510 -0.940082 -0.183718
v -0.341433 -0.934152 -0.190000
v -0.384043 -0.918192 -0.190000
v -0.386376 -0.924026 -0.183718
v -0.428365 -0.906151 -0.183718
v -0.425775 -0.900427 -0.190000
v -0.469414 -0.886450 -0.183718
v -0.466565 -0.880849 -0.190000
v -0.509457 -0.864914 -0.183718
v -0.506352 -0.859451 -0.190000
v -0.548430 -0.841535 -0.183718
v -0.545070 -0.836225 -0.190000
v -0.586269 -0.816305 -0.183718
v -0.582657 -0.811163 -0.190000
v -0.622910 -0.789216 -0.183718
v -0.619051 -0.784257 -0.190000
v -0.658287 -0.760261 -0.183718
v -0.654187 -0.755499 -0.190000
v -0.687981 -0.724902 -0.190000
v -0.692338 -0.729431 -0.183718
v -0.695034 -0.726676 -0.183718
v -0.690390 -0.722440 -0.190000
v -0.697512 -0.723759 -0.183718
v -0.692584 -0.719858 -0.190000
v -0.699770 -0.720692 -0.183718
v -0.694583 -0.717142 -0.190000
v -0.701804 -0.717490 -0.183718
v -0.696386 -0.714304 -0.190000
v -0.703610 -0.714163 -0.183718
v -0.697988 -0.711352 -0.190000
v -0.705186 -0.710725 -0.183718
v -0.699388 -0.708299 -0.190000
v -0.706528 -0.707189 -0.183718
v -0.700581 -0.705155 -0.190000
v -0.701565 -0.701932 -0.190000
v -0.707634 -0.703566 -0.183718
v -0.708499 -0.699870 -0.183718
v -0.702335 -0.698639 -0.190000
v -0.709121 -0.696112 -0.183718
v -0.702890 -0.695290 -0.190000
v -0.709497 -0.692306 -0.183718
v -0.703225 -0.691895 -0.190000
v -0.709623 -0.688464 -0.183718
v -0.703339 -0.688419 -0.190000
v -0.709584 -0.686344 -0.183718
v -0.703305 -0.686573 -0.190000
v -0.709468 -0.684231 -0.183718
v -0.703202 -0.684688 -0.190000
v -0.709276 -0.682125 -0.183718
v -0.703031 -0.682810 -0.190000
v -0.702791 -0.680941 -0.190000
v -0.709008 -0.680030 -0.183718
v -0.708664 -0.677947 -0.183718
v -0.702485 -0.679083 -0.190000
v -0.708245 -0.675879 -0.183718
v -0.702111 -0.677238 -0.190000
v -0.707751 -0.673827 -0.183718
v -0.701670 -0.675408 -0.190000
v -0.707182 -0.671793 -0.183718
v -0.701163 -0.673594 -0.190000
v -0.706540 -0.669781 -0.183718
v -0.700590 -0.671799 -0.190000
v -0.705824 -0.667790 -0.183718
v -0.699952 -0.670024 -0.190000
v -0.705036 -0.665825 -0.183718
v -0.699249 -0.668271 -0.190000
v -0.698479 -0.666537 -0.190000
v -0.704174 -0.663886 -0.183718
v -0.642335 -0.544135 -0.183718
v -0.644471 -0.550580 -0.190000
v -0.651254 -0.550264 -0.183718
v -0.638303 -0.543855 -0.183718
v -0.627867 -0.548119 -0.183718
v -0.634684 -0.549901 -0.190000
v -0.614019 -0.563724 -0.183718
v -0.618649 -0.567970 -0.190000
v -0.595363 -0.583405 -0.183718
v -0.599851 -0.587802 -0.190000
v -0.580427 -0.606992 -0.190000
v -0.576086 -0.602451 -0.183718
v -0.556204 -0.620847 -0.183718
v -0.560395 -0.625528 -0.190000
v -0.535736 -0.638581 -0.183718
v -0.539772 -0.643395 -0.190000
v -0.514699 -0.655637 -0.183718
v -0.518575 -0.660581 -0.190000
v -0.493108 -0.672003 -0.183718
v -0.496821 -0.677071 -0.190000
v -0.470982 -0.687666 -0.183718
v -0.474527 -0.692852 -0.190000
v -0.448337 -0.702610 -0.183718
v -0.451711 -0.707910 -0.190000
v -0.425191 -0.716824 -0.183718
v -0.428390 -0.722231 -0.190000
v -0.404581 -0.735801 -0.190000
v -0.401560 -0.730293 -0.183718
v -0.377462 -0.743003 -0.183718
v -0.380297 -0.748609 -0.190000
v -0.351783 -0.755465 -0.183718
v -0.354429 -0.761163 -0.190000
v -0.325727 -0.767027 -0.183718
v -0.328176 -0.772812 -0.190000
v -0.299316 -0.777681 -0.183718
v -0.301567 -0.783547 -0.190000
v -0.272576 -0.787423 -0.183718
v -0.274626 -0.793362 -0.190000
v -0.245530 -0.796244 -0.183718
v -0.247377 -0.802250 -0.190000
v -0.218204 -0.804139 -0.183718
v -0.219845 -0.810204 -0.190000
v -0.192054 -0.817217 -0.190000
v -0.190621 -0.811100 -0.183718
v -0.162806 -0.817122 -0.183718
v -0.164030 -0.823284 -0.190000
v -0.134782 -0.822197 -0.183718
v -0.135796 -0.828397 -0.190000
v -0.106575 -0.826319 -0.183718
v -0.107378 -0.832550 -0.190000
v -0.078209 -0.829480 -0.183718
v -0.078799 -0.835735 -0.190000
v -0.049708 -0.831676 -0.183718
v -0.050084 -0.837947 -0.190000
v -0.021148 -0.832899 -0.183718
v -0.021310 -0.839180 -0.190000
v 0.007395 -0.833147 -0.183718
v 0.007448 -0.839430 -0.190000
v 0.036163 -0.838700 -0.190000
v 0.035897 -0.832423 -0.183718
v 0.064332 -0.830732 -0.183718
v 0.064811 -0.836996 -0.190000
v 0.092674 -0.828076 -0.183718
v 0.093367 -0.834320 -0.190000
v 0.120901 -0.824459 -0.183718
v 0.121805 -0.830676 -0.190000
v 0.148986 -0.819885 -0.183718
v 0.150101 -0.826068 -0.190000
v 0.176905 -0.814357 -0.183718
v 0.178230 -0.820499 -0.190000
v 0.204632 -0.807880 -0.183718
v 0.206165 -0.813973 -0.190000
v 0.232143 -0.800457 -0.183718
v 0.233883 -0.806494 -0.190000
v 0.261358 -0.798065 -0.190000
v 0.259413 -0.792091 -0.183718
v 0.286417 -0.782786 -0.183718
v 0.288565 -0.788690 -0.190000
v 0.313084 -0.772564 -0.183718
v 0.315432 -0.778391 -0.190000
v 0.339341 -0.761454 -0.183718
v 0.341887 -0.767198 -0.190000
v 0.365168 -0.749471 -0.183718
v 0.367909 -0.755125 -0.190000
v 0.390542 -0.736628 -0.183718
v 0.393474 -0.742185 -0.190000
v 0.415443 -0.722938 -0.183718
v 0.418563 -0.728391 -0.190000
v 0.439849 -0.708413 -0.183718
v 0.443154 -0.713757 -0.190000
v 0.467224 -0.698296 -0.190000
v 0.463739 -0.693068 -0.183718
v 0.487091 -0.676915 -0.183718
v 0.490753 -0.682021 -0.190000
v 0.509885 -0.659968 -0.183718
v 0.513720 -0.664945 -0.190000
v 0.532099 -0.642239 -0.183718
v 0.536101 -0.647082 -0.190000
v 0.553711 -0.623743 -0.183718
v 0.557877 -0.628445 -0.190000
v 0.574700 -0.604491 -0.183718
v 0.579075 -0.609002 -0.190000
v 0.622769 -0.564236 -0.190000
v 0.618142 -0.559983 -0.183718
v 0.643080 -0.531162 -0.183718
v 0.647924 -0.535164 -0.190000
v 0.666593 -0.501313 -0.183718
v 0.671617 -0.505088 -0.190000
v 0.688655 -0.470491 -0.183718
v 0.693848 -0.474029 -0.190000
v 0.709240 -0.438748 -0.183718
v 0.714589 -0.442045 -0.190000
v 0.728320 -0.406138 -0.183718
v 0.733815 -0.409186 -0.190000
v 0.745870 -0.372715 -0.183718
v 0.751498 -0.375507 -0.190000
v 0.767613 -0.341063 -0.190000
v 0.761862 -0.338531 -0.183718
v 0.776271 -0.303640 -0.183718
v 0.782133 -0.305903 -0.190000
v 0.789070 -0.268096 -0.183718
v 0.795030 -0.270088 -0.190000
v 0.800233 -0.231952 -0.183718
v 0.806277 -0.233667 -0.190000
v 0.809732 -0.195261 -0.183718
v 0.815850 -0.196694 -0.190000
v 0.817542 -0.158077 -0.183718
v 0.823719 -0.159224 -0.190000
v 0.823618 -0.120575 -0.183718
v 0.829842 -0.121438 -0.190000
v 0.827939 -0.082937 -0.183718
v 0.834197 -0.083509 -0.190000
v 0.836787 -0.045504 -0.190000
v 0.830510 -0.045220 -0.183718
v 0.831336 -0.007485 -0.183718
v 0.837620 -0.007476 -0.190000
v 0.830424 0.030209 -0.183718
v 0.836700 0.030505 -0.190000
v 0.827777 0.067803 -0.183718
v 0.834033 0.068389 -0.190000
v 0.823403 0.105238 -0.183718
v 0.829625 0.106112 -0.190000
v 0.817305 0.142455 -0.183718
v 0.823481 0.143612 -0.190000
v 0.809491 0.179394 -0.183718
v 0.815607 0.180835 -0.190000
v 0.799965 0.215995 -0.183718
v 0.806007 0.217720 -0.190000
v 0.794690 0.254199 -0.190000
v 0.788733 0.252201 -0.183718
v 0.775800 0.287950 -0.183718
v 0.781658 0.290224 -0.190000
v 0.761222 0.323072 -0.183718
v 0.766969 0.325614 -0.190000
v 0.745075 0.357401 -0.183718
v 0.750697 0.360207 -0.190000
v 0.727395 0.390889 -0.183718
v 0.732882 0.393950 -0.190000
v 0.708217 0.423488 -0.183718
v 0.713558 0.426797 -0.190000
v 0.687578 0.455152 -0.183718
v 0.692762 0.458702 -0.190000
v 0.665514 0.485831 -0.183718
v 0.670529 0.489616 -0.190000
v 0.646898 0.519489 -0.190000
v 0.642060 0.515480 -0.183718
v 0.617252 0.544048 -0.183718
v 0.621900 0.548277 -0.190000
v 0.591128 0.571491 -0.183718
v 0.595579 0.575925 -0.190000
v 0.563721 0.597758 -0.183718
v 0.567964 0.602393 -0.190000
v 0.535070 0.622804 -0.183718
v 0.539095 0.627629 -0.190000
v 0.505208 0.646579 -0.183718
v 0.509009 0.651583 -0.190000
v 0.474275 0.668966 -0.183718
v 0.477840 0.674141 -0.190000
v 0.442422 0.689863 -0.183718
v 0.445748 0.695194 -0.190000
v 0.412784 0.714726 -0.190000
v 0.409705 0.709249 -0.183718
v 0.376179 0.727101 -0.183718
v 0.379004 0.732713 -0.190000
v 0.341900 0.743397 -0.183718
v 0.344468 0.749132 -0.190000
v 0.306924 0.758115 -0.183718
v 0.309231 0.763960 -0.190000
v 0.271307 0.771235 -0.183718
v 0.273344 0.777179 -0.190000
v 0.235105 0.782732 -0.183718
v 0.236869 0.788763 -0.190000
v 0.198373 0.792585 -0.183718
v 0.199865 0.798689 -0.190000
v 0.161167 0.800773 -0.183718
v 0.162376 0.806939 -0.190000
v 0.124472 0.813488 -0.190000
v 0.123544 0.807274 -0.183718
v 0.085558 0.812064 -0.183718
v 0.086203 0.818314 -0.190000
v 0.047391 0.815116 -0.183718
v 0.047748 0.821389 -0.190000
v 0.009224 0.816420 -0.183718
v 0.009294 0.822703 -0.190000
v -0.028884 0.815988 -0.183718
v -0.029097 0.822268 -0.190000
v -0.066873 0.813829 -0.183718
v -0.067371 0.820092 -0.190000
v -0.104685 0.809953 -0.183718
v -0.105468 0.816187 -0.190000
v -0.142259 0.804371 -0.183718
v -0.143322 0.810564 -0.190000
v -0.180881 0.803230 -0.190000
v -0.179537 0.797092 -0.183718
v -0.216460 0.788128 -0.183718
v -0.218082 0.794198 -0.190000
v -0.252969 0.777488 -0.183718
v -0.254863 0.783479 -0.190000
v -0.289003 0.765182 -0.183718
v -0.291170 0.771080 -0.190000
v -0.324505 0.751220 -0.183718
v -0.326938 0.757014 -0.190000
v -0.359415 0.735613 -0.183718
v -0.362110 0.741289 -0.190000
v -0.393563 0.718429 -0.183718
v -0.396516 0.723976 -0.190000
v -0.426791 0.699756 -0.183718
v -0.429995 0.705161 -0.190000
v -0.462497 0.684888 -0.190000
v -0.459053 0.679633 -0.183718
v -0.490304 0.658099 -0.183718
v -0.493987 0.663190 -0.190000
v -0.520498 0.635195 -0.183718
v -0.524409 0.640113 -0.190000
v -0.549592 0.610958 -0.183718
v -0.553722 0.615693 -0.190000
v -0.577539 0.585428 -0.183718
v -0.581883 0.589969 -0.190000
v -0.604296 0.558646 -0.183718
v -0.608841 0.562984 -0.190000
v -0.629815 0.530649 -0.183718
v -0.634554 0.534776 -0.190000
v -0.654054 0.501478 -0.183718
v -0.658978 0.505381 -0.190000
v -0.682064 0.474844 -0.190000
v -0.676966 0.471171 -0.183718
v -0.698506 0.439769 -0.183718
v -0.703768 0.443202 -0.190000
v -0.718566 0.407416 -0.183718
v -0.723981 0.410604 -0.190000
v -0.737057 0.374270 -0.183718
v -0.742614 0.377204 -0.190000
v -0.753960 0.340390 -0.183718
v -0.759645 0.343065 -0.190000
v -0.769258 0.305831 -0.183718
v -0.775060 0.308242 -0.190000
v -0.782933 0.270650 -0.183718
v -0.788841 0.272791 -0.190000
v -0.794967 0.234905 -0.183718
v -0.800967 0.236772 -0.190000
v -0.811423 0.200241 -0.190000
v -0.805344 0.198651 -0.183718
v -0.814044 0.161947 -0.183718
v -0.820189 0.163255 -0.190000
v -0.821050 0.124848 -0.183718
v -0.827250 0.125871 -0.190000
v -0.826345 0.087412 -0.183718
v -0.832586 0.088148 -0.190000
v -0.829912 0.049695 -0.183718
v -0.836179 0.050141 -0.190000
v -0.831731 0.011754 -0.183718
v -0.838010 0.011951 -0.190000
v -0.832222 -0.024081 -0.183718
v -0.838505 -0.024071 -0.190000
v -0.831838 -0.059561 -0.183718
v -0.838119 -0.059717 -0.190000
v -0.836733 -0.095027 -0.190000
v -0.830461 -0.094680 -0.183718
v -0.827970 -0.129434 -0.183718
v -0.834228 -0.129996 -0.190000
v -0.824249 -0.163817 -0.183718
v -0.830481 -0.164619 -0.190000
v -0.819179 -0.197824 -0.183718
v -0.825371 -0.198887 -0.190000
v -0.812641 -0.231451 -0.183718
v -0.818778 -0.232797 -0.190000
v -0.804516 -0.264692 -0.183718
v -0.810581 -0.266339 -0.190000
v -0.794688 -0.297541 -0.183718
v -0.800658 -0.299504 -0.190000
v -0.783037 -0.329995 -0.183718
v -0.788889 -0.332284 -0.190000
v -0.775156 -0.364668 -0.190000
v -0.769444 -0.362047 -0.183718
v -0.753793 -0.393694 -0.183718
v -0.759420 -0.396485 -0.190000
v -0.752002 -0.397210 -0.183718
v -0.757653 -0.399957 -0.190000
v -0.750345 -0.400785 -0.183718
v -0.756094 -0.403321 -0.190000
v -0.748825 -0.404414 -0.183718
v -0.754665 -0.406731 -0.190000
v -0.747446 -0.408092 -0.183718
v -0.753371 -0.410183 -0.190000
v -0.746213 -0.411817 -0.183718
v -0.752216 -0.413672 -0.190000
v -0.745131 -0.415584 -0.183718
v -0.751203 -0.417196 -0.190000
v -0.750337 -0.420750 -0.190000
v -0.744203 -0.419388 -0.183718
v -0.743434 -0.423227 -0.183718
v -0.749619 -0.424331 -0.190000
v -0.742828 -0.427095 -0.183718
v -0.749055 -0.427932 -0.190000
v -0.742390 -0.430990 -0.183718
v -0.748648 -0.431554 -0.190000
v -0.742124 -0.434907 -0.183718
v -0.748401 -0.435191 -0.190000
v -0.742034 -0.438842 -0.183718
v -0.748317 -0.438859 -0.190000
v -0.742087 -0.441897 -0.183718
v -0.748366 -0.441681 -0.190000
v -0.742244 -0.444944 -0.183718
v -0.748512 -0.444512 -0.190000
v -0.748755 -0.447334 -0.190000
v -0.742506 -0.447980 -0.183718
v -0.742871 -0.451004 -0.183718
v -0.749095 -0.450143 -0.190000
v -0.743340 -0.454011 -0.183718
v -0.749530 -0.452938 -0.190000
v -0.743911 -0.457001 -0.183718
v -0.750061 -0.455717 -0.190000
v -0.744584 -0.459970 -0.183718
v -0.750686 -0.458476 -0.190000
v -0.745359 -0.462915 -0.183718
v -0.751407 -0.461213 -0.190000
v -0.746235 -0.465834 -0.183718
v -0.752221 -0.463926 -0.190000
v -0.747211 -0.468725 -0.183718
v -0.753128 -0.466613 -0.190000
v -0.754128 -0.469271 -0.190000
v -0.748287 -0.471584 -0.183718
v -0.749462 -0.474410 -0.183718
v -0.755221 -0.471899 -0.190000
v -0.803342 -0.597867 -0.183718
v -0.809096 -0.595346 -0.190000
v -0.976207 -0.991917 -0.183718
v -0.981851 -0.989146 -0.190000
v -0.977245 -0.993820 -0.183718
v -0.982498 -0.990333 -0.190000
v -0.983122 -0.991115 -0.190000
v -0.978544 -0.995451 -0.183718
v -0.980063 -0.996802 -0.183718
v -0.983847 -0.991761 -0.190000
v -0.981759 -0.997867 -0.183718
v -0.984668 -0.992276 -0.190000
v -0.983591 -0.998639 -0.183718
v -0.985570 -0.992656 -0.190000
v -0.985515 -0.999110 -0.183718
v -0.986529 -0.992891 -0.190000
v -0.987490 -0.999275 -0.183718
v -0.987514 -0.992974 -0.190000
v -0.989473 -0.999125 -0.183718
v -0.988495 -0.992900 -0.190000
v -0.991424 -0.998655 -0.183718
v -0.989443 -0.992671 -0.190000
v -0.990345 -0.992287 -0.190000
v -0.993298 -0.997857 -0.183718
v -0.995056 -0.996724 -0.183718
v -0.991195 -0.991739 -0.190000
v -0.996653 -0.995250 -0.183718
v -0.992128 -0.990878 -0.190000
v -0.997148 -0.994675 -0.183718
v -0.992260 -0.990724 -0.190000
v -0.997604 -0.994074 -0.183718
v -0.992480 -0.990435 -0.190000
v -0.998020 -0.993448 -0.183718
v -0.992681 -0.990133 -0.190000
v -0.998395 -0.992800 -0.183718
v -0.992862 -0.989820 -0.190000
v -0.998729 -0.992131 -0.183718
v -0.993023 -0.989497 -0.190000
v -0.993164 -0.989164 -0.190000
v -0.999021 -0.991443 -0.183718
v -0.999271 -0.990739 -0.183718
v -0.993285 -0.988824 -0.190000
v -0.999476 -0.990021 -0.183718
v -0.993384 -0.988477 -0.190000
v -0.999638 -0.989290 -0.183718
v -0.993462 -0.988125 -0.190000
v -0.999754 -0.988548 -0.183718
v -0.993518 -0.987767 -0.190000
v -0.999824 -0.987799 -0.183718
v -0.993552 -0.987406 -0.190000
v -0.993566 -0.987042 -0.190000
v -0.999848 -0.987043 -0.183718
v -1.000000 -0.007925 -0.183718
v -0.993718 -0.007932 -0.190000
v -0.998642 0.044125 -0.183718
v -0.992367 0.043795 -0.190000
v -0.994550 0.095853 -0.183718
v -0.988301 0.095193 -0.190000
v -0.987758 0.147160 -0.183718
v -0.981552 0.146172 -0.190000
v -0.978297 0.197944 -0.183718
v -0.972152 0.196632 -0.190000
v -0.966201 0.248105 -0.183718
v -0.960133 0.246473 -0.190000
v -0.945528 0.295595 -0.190000
v -0.951503 0.297542 -0.183718
v -0.934235 0.346155 -0.183718
v -0.928370 0.343897 -0.190000
v -0.914429 0.393843 -0.183718
v -0.908691 0.391283 -0.190000
v -0.892120 0.440506 -0.183718
v -0.886524 0.437648 -0.190000
v -0.867339 0.486043 -0.183718
v -0.861901 0.482895 -0.190000
v -0.840120 0.530353 -0.183718
v -0.834854 0.526925 -0.190000
v -0.810495 0.573336 -0.183718
v -0.805416 0.569635 -0.190000
v -0.778637 0.614717 -0.183718
v -0.773760 0.610754 -0.190000
v -0.740090 0.650037 -0.190000
v -0.744753 0.654249 -0.183718
v -0.708931 0.691869 -0.183718
v -0.704495 0.687419 -0.190000
v -0.671256 0.727514 -0.183718
v -0.667058 0.722838 -0.190000
v -0.631814 0.761122 -0.183718
v -0.627863 0.756236 -0.190000
v -0.590691 0.792630 -0.183718
v -0.587000 0.787545 -0.190000
v -0.547973 0.821977 -0.183718
v -0.544551 0.816707 -0.190000
v -0.503746 0.849099 -0.183718
v -0.500600 0.843659 -0.190000
v -0.458096 0.873934 -0.183718
v -0.455237 0.868339 -0.190000
v -0.408545 0.890684 -0.190000
v -0.411110 0.896420 -0.183718
v -0.362872 0.916495 -0.183718
v -0.360611 0.910632 -0.190000
v -0.313470 0.934095 -0.183718
v -0.311515 0.928123 -0.190000
v -0.263206 0.949100 -0.183718
v -0.261566 0.943034 -0.190000
v -0.212393 0.961428 -0.183718
v -0.211072 0.955285 -0.190000
v -0.161140 0.971080 -0.183718
v -0.160137 0.964877 -0.190000
v -0.109552 0.978055 -0.183718
v -0.108871 0.971808 -0.190000
v -0.057736 0.982352 -0.183718
v -0.057377 0.976078 -0.190000
v -0.005765 0.977687 -0.190000
v -0.005798 0.983971 -0.183718
v 0.046154 0.982910 -0.183718
v 0.045863 0.976633 -0.190000
v 0.098015 0.979171 -0.183718
v 0.097402 0.972917 -0.190000
v 0.149677 0.972751 -0.183718
v 0.148741 0.966537 -0.190000
v 0.201034 0.963651 -0.183718
v 0.199778 0.957494 -0.190000
v 0.251980 0.951869 -0.183718
v 0.250405 0.945786 -0.190000
v 0.302408 0.937406 -0.183718
v 0.300550 0.931404 -0.190000
v 0.333015 0.927214 -0.183718
v 0.330935 0.921286 -0.190000
v 0.360936 0.910216 -0.190000
v 0.363204 0.916074 -0.183718
v 0.392957 0.904001 -0.183718
v 0.390502 0.898218 -0.190000
v 0.422252 0.891008 -0.183718
v 0.419614 0.885306 -0.190000
v 0.451070 0.877109 -0.183718
v 0.448251 0.871494 -0.190000
v 0.479391 0.862320 -0.183718
v 0.476394 0.856798 -0.190000
v 0.507194 0.846654 -0.183718
v 0.504023 0.841230 -0.190000
v 0.534459 0.830125 -0.183718
v 0.531117 0.824805 -0.190000
v 0.561167 0.812748 -0.183718
v 0.557657 0.807537 -0.190000
v 0.583622 0.789441 -0.190000
v 0.587296 0.794537 -0.183718
v 0.612828 0.775507 -0.183718
v 0.608994 0.770530 -0.190000
v 0.637742 0.755671 -0.183718
v 0.633979 0.750638 -0.190000
v 0.659273 0.740576 -0.183718
v 0.656052 0.735162 -0.190000
v 0.682530 0.728997 -0.183718
v 0.680133 0.723173 -0.190000
v 0.706999 0.720918 -0.183718
v 0.705443 0.714816 -0.190000
v 0.732163 0.716323 -0.183718
v 0.731456 0.710066 -0.190000
v 0.757507 0.715196 -0.183718
v 0.757659 0.708901 -0.190000
v 0.783541 0.711306 -0.190000
v 0.782517 0.717520 -0.183718
v 0.806675 0.723279 -0.183718
v 0.808587 0.717277 -0.190000
v 0.829468 0.732456 -0.183718
v 0.832278 0.726816 -0.190000
v 0.850378 0.745036 -0.183718
v 0.854076 0.739929 -0.190000
v 0.868892 0.761002 -0.183718
v 0.873424 0.756615 -0.190000
v 0.884493 0.780337 -0.183718
v 0.889751 0.776850 -0.190000
v 0.896667 0.803026 -0.183718
v 0.902340 0.800313 -0.190000
v 0.982270 0.989622 -0.190000
v 0.976592 0.992323 -0.183718
v 0.977630 0.994276 -0.183718
v 0.982912 0.990830 -0.190000
v 0.978944 0.995943 -0.183718
v 0.983533 0.991617 -0.190000
v 0.980487 0.997315 -0.183718
v 0.984258 0.992262 -0.190000
v 0.982215 0.998387 -0.183718
v 0.985082 0.992774 -0.190000
v 0.984081 0.999153 -0.183718
v 0.985990 0.993146 -0.190000
v 0.986957 0.993369 -0.190000
v 0.986041 0.999604 -0.183718
v 0.988048 0.999736 -0.183718
v 0.987948 0.993434 -0.190000
v 0.990058 0.999540 -0.183718
v 0.988929 0.993338 -0.190000
v 0.992024 0.999011 -0.183718
v 0.989872 0.993085 -0.190000
v 0.993902 0.998141 -0.183718
v 0.990760 0.992673 -0.190000
v 0.991589 0.992094 -0.190000
v 0.995645 0.996924 -0.183718
v -0.682053 0.091818 -0.190000
v -0.688125 0.095143 -0.183718
v -0.669658 0.185694 -0.183718
v -0.662688 0.186702 -0.190000
v -0.633139 0.271850 -0.190000
v -0.639891 0.271556 -0.183718
v -0.599651 0.351899 -0.183718
v -0.595790 0.346388 -0.190000
v -0.549765 0.425895 -0.183718
v -0.544781 0.422051 -0.190000
v -0.491062 0.492715 -0.183718
v -0.486607 0.488268 -0.190000
v -0.424368 0.551529 -0.183718
v -0.420514 0.546551 -0.190000
v -0.350511 0.601508 -0.183718
v -0.347326 0.596078 -0.190000
v -0.270318 0.641824 -0.183718
v -0.267865 0.636026 -0.190000
v -0.184617 0.671648 -0.183718
v -0.182947 0.665578 -0.190000
v -0.093391 0.683911 -0.190000
v -0.094235 0.690150 -0.183718
v 0.000000 0.696501 -0.183718
v 0.000000 0.690205 -0.190000
v 0.094235 0.690150 -0.183718
v 0.093390 0.683911 -0.190000
v 0.184616 0.671648 -0.183718
v 0.182946 0.665578 -0.190000
v 0.270317 0.641824 -0.183718
v 0.267864 0.636027 -0.190000
v 0.350510 0.601508 -0.183718
v 0.347326 0.596078 -0.190000
v 0.424367 0.551529 -0.183718
v 0.420514 0.546552 -0.190000
v 0.491062 0.492715 -0.183718
v 0.486607 0.488268 -0.190000
v 0.544781 0.422051 -0.190000
v 0.549765 0.425896 -0.183718
v 0.599651 0.351900 -0.183718
v 0.594216 0.348724 -0.190000
v 0.639892 0.271556 -0.183718
v 0.634091 0.269110 -0.190000
v 0.669660 0.185695 -0.183718
v 0.663588 0.184030 -0.190000
v 0.688127 0.095143 -0.183718
v 0.681888 0.094302 -0.190000
v 0.694467 0.000732 -0.183718
v 0.688171 0.000732 -0.190000
v 0.688127 -0.093682 -0.183718
v 0.681888 -0.092840 -0.190000
v 0.669659 -0.184234 -0.183718
v 0.663588 -0.182570 -0.190000
v 0.634091 -0.267651 -0.190000
v 0.639892 -0.270097 -0.183718
v 0.599651 -0.350441 -0.183718
v 0.594216 -0.347266 -0.190000
v 0.549765 -0.424438 -0.183718
v 0.544781 -0.420594 -0.190000
v 0.491061 -0.491258 -0.183718
v 0.486606 -0.486812 -0.190000
v 0.424367 -0.550073 -0.183718
v 0.420514 -0.545095 -0.190000
v 0.350510 -0.600053 -0.183718
v 0.347325 -0.594623 -0.190000
v 0.270317 -0.640369 -0.183718
v 0.267864 -0.634572 -0.190000
v 0.184616 -0.670193 -0.183718
v 0.182947 -0.664123 -0.190000
v 0.093390 -0.682456 -0.190000
v 0.094235 -0.688695 -0.183718
v 0.000000 -0.695047 -0.183718
v 0.000000 -0.688751 -0.190000
v -0.094235 -0.688695 -0.183718
v -0.093390 -0.682456 -0.190000
v -0.184617 -0.670193 -0.183718
v -0.182947 -0.664123 -0.190000
v -0.270318 -0.640369 -0.183718
v -0.267864 -0.634572 -0.190000
v -0.350510 -0.600053 -0.183718
v -0.347326 -0.594623 -0.190000
v -0.424368 -0.550073 -0.183718
v -0.420514 -0.545096 -0.190000
v -0.491062 -0.491258 -0.183718
v -0.486607 -0.486812 -0.190000
v -0.544781 -0.420594 -0.190000
v -0.549765 -0.424438 -0.183718
v -0.599651 -0.350442 -0.183718
v -0.594215 -0.347266 -0.190000
v -0.639891 -0.270097 -0.183718
v -0.634090 -0.267651 -0.190000
v -0.669658 -0.184234 -0.183718
v -0.663586 -0.182571 -0.190000
v -0.688125 -0.093682 -0.183718
v -0.681886 -0.092840 -0.190000
v -0.694465 0.000732 -0.183718
v -0.688169 0.000732 -0.190000
v -0.311743 -0.000060 -0.183718
v -0.318039 -0.000060 -0.190000
v -0.309005 -0.040759 -0.183718
v -0.315244 -0.041603 -0.190000
v -0.307098 -0.081461 -0.190000
v -0.301027 -0.079794 -0.183718
v -0.288168 -0.116808 -0.183718
v -0.293967 -0.119258 -0.190000
v -0.270785 -0.151443 -0.183718
v -0.276217 -0.154623 -0.190000
v -0.249235 -0.183341 -0.183718
v -0.254215 -0.187191 -0.190000
v -0.223875 -0.212146 -0.183718
v -0.228326 -0.216598 -0.190000
v -0.195064 -0.237500 -0.183718
v -0.198913 -0.242482 -0.190000
v -0.163159 -0.259046 -0.183718
v -0.166338 -0.264479 -0.190000
v -0.128516 -0.276426 -0.183718
v -0.130965 -0.282225 -0.190000
v -0.093161 -0.295353 -0.190000
v -0.091494 -0.289283 -0.183718
v -0.052450 -0.297258 -0.183718
v -0.053294 -0.303498 -0.190000
v -0.011742 -0.299997 -0.183718
v -0.011742 -0.306293 -0.190000
v 0.028966 -0.297258 -0.183718
v 0.029809 -0.303498 -0.190000
v 0.068009 -0.289283 -0.183718
v 0.069676 -0.295353 -0.190000
v 0.105031 -0.276426 -0.183718
v 0.107480 -0.282225 -0.190000
v 0.139673 -0.259046 -0.183718
v 0.142852 -0.264479 -0.190000
v 0.171579 -0.237501 -0.183718
v 0.175427 -0.242482 -0.190000
v 0.204840 -0.216598 -0.190000
v 0.200390 -0.212147 -0.183718
v 0.225749 -0.183342 -0.183718
v 0.230729 -0.187191 -0.190000
v 0.247299 -0.151443 -0.183718
v 0.252732 -0.154623 -0.190000
v 0.264683 -0.116808 -0.183718
v 0.270481 -0.119259 -0.190000
v 0.277542 -0.079794 -0.183718
v 0.283613 -0.081461 -0.190000
v 0.285520 -0.040759 -0.183718
v 0.291759 -0.041603 -0.190000
v 0.288258 -0.000060 -0.183718
v 0.294554 -0.000060 -0.190000
v 0.285520 0.040641 -0.183718
v 0.291759 0.041485 -0.190000
v 0.283613 0.081345 -0.190000
v 0.277542 0.079678 -0.183718
v 0.264683 0.116693 -0.183718
v 0.270482 0.119142 -0.190000
v 0.247299 0.151329 -0.183718
v 0.252731 0.154509 -0.190000
v 0.225749 0.183228 -0.183718
v 0.230729 0.187077 -0.190000
v 0.200390 0.212033 -0.183718
v 0.204840 0.216484 -0.190000
v 0.171579 0.237387 -0.183718
v 0.175427 0.242368 -0.190000
v 0.139673 0.258933 -0.183718
v 0.142852 0.264366 -0.190000
v 0.105031 0.276313 -0.183718
v 0.107480 0.282112 -0.190000
v 0.069676 0.295241 -0.190000
v 0.068010 0.289170 -0.183718
v 0.028966 0.297146 -0.183718
v 0.029810 0.303385 -0.190000
v -0.011742 0.299884 -0.183718
v -0.011742 0.306179 -0.190000
v -0.052450 0.297145 -0.183718
v -0.053294 0.303385 -0.190000
v -0.091494 0.289169 -0.183718
v -0.093161 0.295241 -0.190000
v -0.128516 0.276313 -0.183718
v -0.123104 0.284842 -0.190000
v -0.163159 0.258933 -0.183718
v -0.179304 0.256598 -0.190000
v -0.195064 0.237387 -0.183718
v -0.194271 0.246453 -0.190000
v -0.228326 0.216485 -0.190000
v -0.223875 0.212033 -0.183718
v -0.249235 0.183228 -0.183718
v -0.254215 0.187077 -0.190000
v -0.270785 0.151329 -0.183718
v -0.276217 0.154509 -0.190000
v -0.288168 0.116693 -0.183718
v -0.293967 0.119143 -0.190000
v -0.301027 0.079678 -0.183718
v -0.307098 0.081345 -0.190000
v -0.309005 0.040641 -0.183718
v -0.315244 0.041485 -0.190000
vn -0.1973 0.7170 0.6686
vn -0.5987 0.4412 0.6686
vn -0.4090 0.5952 0.6917
vn 0.0709 0.7388 0.6702
vn 0.2762 0.6761 0.6831
vn 0.4667 0.5771 0.6702
vn -0.1973 0.7170 -0.6686
vn -0.4090 0.5952 -0.6917
vn -0.5987 0.4412 -0.6686
vn 0.0709 0.7388 -0.6702
vn 0.4667 0.5771 -0.6702
vn 0.2762 0.6761 -0.6831
vn 0.3517 0.6119 0.7084
vn 0.2410 0.6634 0.7084
vn 0.5289 0.4685 0.7077
vn 0.4539 0.5404 0.7085
vn 0.5288 0.4684 0.7078
vn -0.5910 0.3856 0.7085
vn -0.5136 0.4840 0.7085
vn 0.5681 0.4208 0.7072
vn 0.6963 0.1225 0.7073
vn 0.6880 0.1626 0.7072
vn 0.6880 0.1626 0.7073
vn 0.1414 0.6927 0.7072
vn 0.1053 0.6991 0.7072
vn -0.1488 0.6911 0.7072
vn -0.1845 0.6825 0.7072
vn 0.3173 0.6319 0.7072
vn 0.3372 0.6215 0.7072
vn -0.0081 -0.7070 0.7072
vn 0.0241 -0.7066 0.7072
vn -0.4444 0.5499 0.7072
vn -0.4153 0.5722 0.7072
vn -0.4444 0.5498 0.7072
vn -0.2292 -0.6688 0.7072
vn -0.2594 -0.6577 0.7072
vn 0.2437 -0.6637 0.7072
vn 0.2737 -0.6519 0.7072
vn -0.4139 0.5717 0.7084
vn -0.5071 0.4907 0.7085
vn 0.2688 0.6531 0.7080
vn 0.3610 0.6068 0.7081
vn -0.4774 -0.5215 0.7072
vn -0.4530 -0.5429 0.7072
vn 0.1873 0.6810 0.7079
vn 0.2753 0.6505 0.7079
vn 0.4648 -0.5328 0.7072
vn 0.4886 -0.5110 0.7072
vn -0.4324 0.5586 0.7078
vn -0.5000 0.4990 0.7078
vn -0.6119 0.3541 0.7072
vn -0.6296 0.3216 0.7072
vn -0.6327 -0.3156 0.7072
vn -0.6175 -0.3444 0.7072
vn 0.6252 -0.3301 0.7072
vn 0.6397 -0.3010 0.7072
vn 0.1870 -0.6811 0.7079
vn 0.0946 -0.6999 0.7079
vn -0.4994 -0.4995 0.7078
vn -0.5589 -0.4320 0.7078
vn 0.7000 0.0944 0.7079
vn 0.6812 0.1867 0.7079
vn 0.6507 -0.2749 0.7079
vn 0.6811 -0.1870 0.7079
vn -0.7039 -0.0659 0.7072
vn -0.7002 -0.0982 0.7072
vn -0.7060 0.0371 0.7072
vn -0.7031 0.0743 0.7072
vn 0.7021 -0.0828 0.7072
vn 0.7052 -0.0502 0.7072
vn -0.6507 0.2749 0.7079
vn -0.6811 0.1870 0.7079
vn -0.6731 -0.1906 0.7146
vn -0.6917 -0.0991 0.7154
vn -0.6746 -0.1792 0.7161
vn 0.6991 -0.1052 0.7072
vn 0.6930 -0.1399 0.7072
vn 0.4993 0.5101 0.7003
vn 0.5549 0.4477 0.7012
vn 0.5638 0.4184 0.7121
vn -0.6802 0.1930 0.7072
vn -0.6884 0.1613 0.7072
vn 0.6968 0.1196 0.7072
vn 0.6906 0.1514 0.7072
vn -0.1870 0.6811 0.7079
vn -0.0946 0.6999 0.7079
vn 0.6572 0.2607 0.7072
vn 0.6469 0.2853 0.7072
vn 0.7063 0.0320 0.7072
vn 0.7042 0.0635 0.7072
vn 0.6868 -0.1682 0.7072
vn 0.6921 -0.1446 0.7072
vn -0.5653 0.4246 0.7072
vn -0.5842 0.3982 0.7072
vn 0.4324 -0.5586 0.7078
vn 0.5000 -0.4990 0.7078
vn 0.5844 -0.3979 0.7072
vn 0.6036 -0.3682 0.7072
vn -0.4505 0.5450 0.7072
vn -0.4689 0.5292 0.7072
vn -0.1873 -0.6810 0.7079
vn -0.2753 -0.6505 0.7079
vn 0.4363 0.5564 0.7072
vn 0.4179 0.5704 0.7072
vn -0.6843 0.1779 0.7072
vn -0.6774 0.2027 0.7072
vn -0.7054 -0.0463 0.7073
vn -0.7070 -0.0051 0.7072
vn -0.5833 -0.3993 0.7073
vn -0.6093 -0.3583 0.7073
vn -0.3085 0.6362 0.7072
vn -0.2866 0.6464 0.7072
vn 0.2533 0.6601 0.7072
vn 0.2757 0.6511 0.7072
vn 0.3855 -0.5926 0.7072
vn 0.4143 -0.5729 0.7072
vn -0.1018 0.6997 0.7072
vn -0.1255 0.6958 0.7072
vn 0.0903 0.7013 0.7072
vn 0.0663 0.7039 0.7072
vn -0.3781 -0.5974 0.7072
vn -0.3494 -0.6146 0.7072
vn 0.1618 -0.6882 0.7072
vn 0.1278 -0.6954 0.7072
vn -0.1140 -0.6977 0.7072
vn -0.1469 -0.6916 0.7072
vn -0.7014 -0.0878 0.7073
vn -0.6947 -0.1310 0.7073
vn -0.6946 -0.1310 0.7074
vn -0.5498 -0.4444 0.7073
vn -0.5763 -0.4094 0.7073
vn 0.2218 -0.6702 0.7082
vn 0.1137 -0.6968 0.7082
vn 0.2218 -0.6703 0.7082
vn -0.1026 0.6985 -0.7082
vn 0.0112 0.7058 -0.7083
vn -0.1027 0.6984 -0.7083
vn 0.6497 0.2788 -0.7073
vn 0.6646 0.2410 -0.7072
vn 0.6496 0.2788 -0.7073
vn -0.0038 0.7070 -0.7072
vn 0.0326 0.7062 -0.7072
vn -0.2885 0.6454 -0.7072
vn -0.2545 0.6596 -0.7072
vn 0.2763 0.6508 -0.7071
vn 0.2554 0.6593 -0.7072
vn -0.1044 -0.6993 -0.7072
vn -0.0724 -0.7033 -0.7072
vn 0.1824 -0.6831 -0.7072
vn 0.1512 -0.6907 -0.7072
vn 0.4135 0.5736 -0.7072
vn 0.4315 0.5601 -0.7072
vn -0.3180 -0.6315 -0.7072
vn -0.3464 -0.6163 -0.7072
vn -0.2143 0.6728 -0.7081
vn -0.1148 0.6968 -0.7080
vn -0.5231 -0.4756 -0.7072
vn -0.5443 -0.4512 -0.7072
vn -0.0948 0.6999 -0.7079
vn -0.0000 0.7063 -0.7079
vn -0.4991 0.5007 -0.7072
vn -0.5246 0.4740 -0.7072
vn 0.3878 -0.5912 -0.7072
vn 0.4143 -0.5729 -0.7072
vn 0.5921 -0.3864 -0.7072
vn 0.5737 -0.4133 -0.7072
vn 0.5593 0.4314 -0.7078
vn 0.6099 0.3563 -0.7078
vn -0.6127 0.3681 -0.6994
vn -0.6588 0.2887 -0.6947
vn -0.6623 0.2695 -0.6991
vn -0.6722 0.2191 -0.7072
vn -0.6598 0.2540 -0.7072
vn -0.0946 -0.6999 -0.7079
vn -0.1870 -0.6811 -0.7079
vn -0.6702 -0.2251 -0.7072
vn -0.6591 -0.2558 -0.7072
vn 0.5589 -0.4320 -0.7078
vn 0.4994 -0.4995 -0.7078
vn 0.6840 -0.1789 -0.7072
vn 0.6915 -0.1472 -0.7072
vn -0.6811 -0.1870 -0.7079
vn -0.6507 -0.2749 -0.7079
vn -0.7070 -0.0008 -0.7072
vn -0.7063 0.0318 -0.7072
vn 0.7070 -0.0085 -0.7071
vn 0.7061 -0.0348 -0.7072
vn 0.7070 -0.0086 -0.7071
vn 0.6811 0.1870 -0.7079
vn 0.6507 0.2749 -0.7079
vn 0.7042 0.0633 -0.7072
vn 0.7060 0.0391 -0.7072
vn -0.5589 0.4320 -0.7078
vn -0.4994 0.4995 -0.7078
vn 0.6099 -0.3563 -0.7078
vn 0.6509 -0.2744 -0.7079
vn 0.0946 0.6999 -0.7079
vn 0.1870 0.6811 -0.7079
vn -0.6595 0.2548 -0.7072
vn -0.6471 0.2848 -0.7072
vn -0.5593 -0.4314 -0.7078
vn -0.6099 -0.3563 -0.7078
vn 0.6425 0.2948 -0.7073
vn 0.6320 0.3171 -0.7071
vn 0.6517 -0.2742 -0.7072
vn 0.6372 -0.3062 -0.7072
vn 0.6902 0.1533 -0.7072
vn 0.6960 0.1242 -0.7072
vn 0.7004 -0.0968 -0.7072
vn 0.7033 -0.0728 -0.7072
vn 0.6505 -0.2772 -0.7071
vn 0.6574 -0.2603 -0.7071
vn 0.6574 -0.2604 -0.7072
vn 0.4886 0.5110 -0.7072
vn 0.4717 0.5268 -0.7072
vn -0.4121 0.5745 -0.7072
vn -0.3922 0.5883 -0.7072
vn -0.6954 0.1278 -0.7072
vn -0.6996 0.1025 -0.7072
vn -0.0000 -0.7063 -0.7079
vn 0.0948 -0.6999 -0.7079
vn -0.6932 -0.1384 -0.7073
vn -0.6826 -0.1838 -0.7073
vn 0.4687 -0.5293 -0.7072
vn 0.4943 -0.5055 -0.7072
vn -0.4901 -0.5095 -0.7073
vn -0.5223 -0.4764 -0.7073
vn 0.3193 0.6308 -0.7072
vn 0.3400 0.6199 -0.7072
vn -0.2417 0.6644 -0.7072
vn -0.2189 0.6723 -0.7072
vn 0.1378 0.6935 -0.7072
vn 0.1613 0.6884 -0.7072
vn -0.0300 0.7064 -0.7072
vn -0.0540 0.7050 -0.7072
vn -0.2625 -0.6565 -0.7072
vn -0.2915 -0.6441 -0.7072
vn 0.2288 -0.6690 -0.7072
vn 0.2616 -0.6568 -0.7072
vn -0.6588 -0.2563 -0.7073
vn -0.6733 -0.2153 -0.7074
vn -0.6589 -0.2563 -0.7072
vn 0.4238 -0.5646 -0.7083
vn 0.5124 -0.4854 -0.7084
vn 0.5125 -0.4854 -0.7084
vn -0.3306 -0.6236 -0.7084
vn -0.4322 -0.5580 -0.7084
vn -0.3307 -0.6236 -0.7084
vn -0.0102 -0.7069 -0.7072
vn -0.0448 -0.7056 -0.7072
vn 0.3516 0.6119 0.7085
vn -0.5136 0.4841 0.7085
vn -0.4222 0.5656 0.7084
vn 0.5680 0.4208 0.7073
vn 0.5916 0.3871 0.7073
vn 0.7022 0.0820 0.7073
vn -0.1128 0.6979 0.7072
vn -0.1488 0.6912 0.7072
vn 0.1772 0.6844 0.7072
vn 0.3569 0.6104 0.7072
vn -0.3851 0.5929 0.7072
vn 0.0561 -0.7048 0.7072
vn -0.1986 -0.6785 0.7072
vn -0.5071 0.4908 0.7085
vn -0.5880 0.3900 0.7086
vn 0.3033 -0.6387 0.7072
vn 0.1746 0.6843 0.7080
vn -0.4276 -0.5631 0.7072
vn 0.3573 0.6093 0.7078
vn -0.3573 0.6093 0.7078
vn 0.5115 -0.4881 0.7072
vn -0.5925 0.3858 0.7072
vn -0.6010 -0.3724 0.7072
vn 0.6529 -0.2712 0.7072
vn 0.2748 -0.6507 0.7079
vn -0.4319 -0.5590 0.7078
vn -0.6982 0.1112 0.7072
vn -0.6949 -0.1304 0.7072
vn 0.7063 -0.0000 0.7079
vn 0.6999 -0.0946 0.7079
vn 0.7067 -0.0218 0.7072
vn -0.6949 -0.0875 0.7137
vn -0.7063 -0.0000 0.7079
vn -0.6999 0.0946 0.7079
vn -0.6951 0.1292 0.7072
vn 0.6852 -0.1742 0.7072
vn 0.4319 0.5590 0.7078
vn 0.5126 0.5011 0.6972
vn 0.6823 0.1853 0.7072
vn -0.2748 0.6507 0.7079
vn 0.6668 0.2352 0.7072
vn 0.7070 0.0020 0.7072
vn -0.6019 0.3710 0.7072
vn 0.6806 -0.1916 0.7072
vn 0.6868 -0.1681 0.7072
vn 0.3573 -0.6093 0.7078
vn 0.5638 -0.4265 0.7072
vn -0.3573 -0.6093 0.7078
vn -0.4921 0.5076 0.7072
vn -0.6696 0.2271 0.7072
vn 0.3990 0.5837 0.7072
vn -0.7066 0.0258 0.7072
vn -0.6323 -0.3161 0.7073
vn -0.3300 0.6253 0.7072
vn 0.2307 0.6684 0.7072
vn -0.1491 0.6912 0.7072
vn -0.4064 -0.5785 0.7072
vn 0.0423 0.7058 0.7072
vn 0.3559 -0.6109 0.7072
vn -0.1766 -0.6846 0.7072
vn 0.0935 -0.7008 0.7072
vn -0.7055 -0.0464 0.7072
vn -0.7015 -0.0878 0.7073
vn -0.5764 -0.4093 0.7073
vn -0.6006 -0.3730 0.7073
vn 0.0027 -0.7060 0.7082
vn 0.0112 0.7059 -0.7083
vn 0.1264 0.6945 -0.7083
vn 0.6647 0.2409 -0.7072
vn 0.6775 0.2020 -0.7073
vn 0.0690 0.7036 -0.7072
vn -0.2198 0.6719 -0.7072
vn 0.2969 0.6417 -0.7072
vn -0.0403 -0.7059 -0.7072
vn 0.2132 -0.6741 -0.7072
vn 0.4233 0.5662 -0.7073
vn -0.2890 -0.6453 -0.7072
vn -0.3148 0.6319 -0.7082
vn -0.4724 0.5260 -0.7072
vn -0.5008 -0.4991 -0.7072
vn 0.0948 0.6999 -0.7079
vn 0.4400 -0.5534 -0.7072
vn 0.6093 -0.3586 -0.7072
vn -0.5593 0.4314 -0.7078
vn -0.6253 0.3544 -0.6952
vn -0.6456 0.2882 -0.7072
vn 0.6509 0.2744 -0.7079
vn -0.6466 -0.2861 -0.7072
vn 0.6096 -0.3569 -0.7078
vn 0.6976 -0.1151 -0.7072
vn -0.6096 -0.3569 -0.7078
vn -0.7062 -0.0334 -0.7072
vn -0.7070 -0.0111 -0.7071
vn -0.7070 0.0092 -0.7071
vn -0.7069 -0.0134 -0.7071
vn 0.7035 -0.0701 -0.7072
vn 0.6096 0.3569 -0.7078
vn 0.7013 0.0902 -0.7072
vn -0.6096 0.3569 -0.7078
vn -0.6705 0.2241 -0.7072
vn -0.6509 -0.2744 -0.7079
vn 0.5593 -0.4314 -0.7078
vn 0.6359 0.3091 -0.7072
vn 0.7007 0.0942 -0.7072
vn 0.6212 -0.3376 -0.7072
vn 0.6967 -0.1208 -0.7072
vn -0.5205 0.4784 -0.7073
vn -0.5452 0.4502 -0.7072
vn 0.4542 0.5419 -0.7072
vn -0.4315 0.5601 -0.7072
vn -0.6903 0.1530 -0.7072
vn -0.0948 -0.6999 -0.7079
vn -0.7008 -0.0925 -0.7073
vn -0.5543 -0.4387 -0.7073
vn 0.2978 0.6413 -0.7072
vn 0.4420 -0.5518 -0.7072
vn -0.2643 0.6558 -0.7072
vn 0.1141 0.6978 -0.7072
vn -0.0779 0.7027 -0.7072
vn -0.3205 -0.6302 -0.7072
vn 0.1955 -0.6794 -0.7072
vn -0.6734 -0.2154 -0.7072
vn -0.6852 -0.1737 -0.7074
vn -0.0795 -0.7025 -0.7072
vn -0.5081 -0.4909 -0.7077
vn 0.3258 -0.6263 -0.7082
vn 0.4238 -0.5645 -0.7084
vn -0.3211 0.6286 0.7083
vn 0.6131 0.3521 0.7072
vn 0.5916 0.3870 0.7072
vn 0.7022 0.0819 0.7073
vn 0.7058 0.0414 0.7072
vn -0.0766 0.7028 0.7072
vn 0.2092 0.6754 0.7072
vn -0.3539 0.6121 0.7072
vn 0.3761 0.5987 0.7072
vn 0.0880 -0.7015 0.7072
vn -0.6376 0.3048 0.7075
vn -0.1676 -0.6869 0.7072
vn 0.3322 -0.6241 0.7072
vn 0.0793 0.7018 0.7079
vn -0.4013 -0.5821 0.7072
vn -0.2753 0.6505 0.7079
vn 0.4324 0.5586 0.7078
vn -0.5714 0.4164 0.7072
vn 0.5333 -0.4642 0.7072
vn -0.5833 -0.3995 0.7072
vn 0.6647 -0.2409 0.7072
vn 0.3568 -0.6096 0.7078
vn -0.3568 -0.6096 0.7078
vn -0.6914 0.1477 0.7072
vn -0.6881 -0.1622 0.7072
vn 0.7071 -0.0010 0.7071
vn 0.7000 -0.0944 0.7079
vn -0.7003 0.0969 0.7072
vn 0.3652 0.5889 0.7210
vn 0.6757 -0.2081 0.7072
vn -0.3568 0.6096 0.7078
vn 0.6716 0.2208 0.7072
vn -0.6183 0.3430 0.7072
vn 0.6755 0.2088 0.7072
vn 0.7066 -0.0243 0.7072
vn 0.6737 -0.2147 0.7072
vn 0.6806 -0.1915 0.7072
vn 0.5211 0.4779 0.7072
vn -0.4324 -0.5586 0.7078
vn 0.6344 -0.3115 0.7074
vn 0.6478 -0.2834 0.7071
vn 0.2753 -0.6505 0.7079
vn 0.5419 -0.4541 0.7072
vn -0.6609 0.2513 0.7072
vn -0.6696 0.2272 0.7072
vn -0.7052 0.0515 0.7072
vn 0.3798 0.5964 0.7072
vn -0.6521 -0.2729 0.7073
vn -0.3512 0.6137 0.7072
vn 0.2078 0.6758 0.7072
vn -0.4342 -0.5580 0.7072
vn -0.1725 0.6857 0.7072
vn 0.0182 0.7068 0.7072
vn 0.3253 -0.6277 0.7072
vn -0.2050 -0.6767 0.7072
vn -0.7069 -0.0134 0.7072
vn -0.7056 -0.0442 0.7072
vn 0.0591 -0.7045 0.7072
vn -0.6005 -0.3730 0.7073
vn -0.6224 -0.3352 0.7073
vn -0.1097 -0.6974 0.7082
vn 0.0028 -0.7060 0.7082
vn 0.2410 0.6634 -0.7084
vn -0.6382 0.3036 -0.7075
vn -0.5910 0.3856 -0.7085
vn 0.6775 0.2021 -0.7073
vn 0.6880 0.1626 -0.7073
vn 0.1053 0.6991 -0.7072
vn -0.1845 0.6825 -0.7072
vn 0.3173 0.6319 -0.7072
vn -0.0081 -0.7070 -0.7072
vn 0.2437 -0.6637 -0.7072
vn -0.4444 0.5499 -0.7072
vn -0.2594 -0.6577 -0.7072
vn 0.3610 0.6068 -0.7081
vn -0.4139 0.5717 -0.7084
vn -0.4774 -0.5215 -0.7072
vn 0.1873 0.6810 -0.7079
vn 0.4648 -0.5328 -0.7072
vn -0.5000 0.4990 -0.7078
vn -0.6296 0.3216 -0.7072
vn 0.6252 -0.3301 -0.7072
vn -0.6327 -0.3156 -0.7072
vn 0.0946 -0.6999 -0.7079
vn 0.6812 0.1867 -0.7079
vn -0.5589 -0.4320 -0.7078
vn 0.6507 -0.2749 -0.7079
vn 0.7021 -0.0828 -0.7072
vn -0.7039 -0.0659 -0.7072
vn -0.7070 0.0091 -0.7071
vn -0.7060 0.0371 -0.7072
vn 0.6991 -0.1052 -0.7072
vn -0.6507 0.2749 -0.7079
vn 0.5589 0.4320 -0.7078
vn 0.6968 0.1196 -0.7072
vn -0.6812 -0.1867 -0.7079
vn -0.6802 0.1930 -0.7072
vn -0.0946 0.6999 -0.7079
vn 0.6469 0.2853 -0.7072
vn 0.5000 -0.4990 -0.7078
vn 0.7042 0.0635 -0.7072
vn 0.6921 -0.1446 -0.7072
vn 0.6036 -0.3682 -0.7072
vn -0.5653 0.4246 -0.7072
vn 0.4363 0.5564 -0.7072
vn -0.4505 0.5450 -0.7072
vn -0.1873 -0.6810 -0.7079
vn -0.6843 0.1779 -0.7071
vn -0.7054 -0.0463 -0.7073
vn -0.5833 -0.3993 -0.7073
vn 0.2757 0.6511 -0.7072
vn -0.2866 0.6464 -0.7072
vn 0.0903 0.7013 -0.7072
vn -0.1018 0.6997 -0.7072
vn -0.3494 -0.6146 -0.7072
vn 0.1618 -0.6882 -0.7072
vn -0.1140 -0.6977 -0.7072
vn -0.6853 -0.1736 -0.7072
vn -0.6946 -0.1311 -0.7074
vn -0.5497 -0.4444 -0.7073
vn -0.5081 -0.4910 -0.7077
vn 0.2218 -0.6703 -0.7082
vn 0.3259 -0.6262 -0.7083
vn -0.3212 0.6286 0.7083
vn -0.2139 0.6728 0.7083
vn 0.6324 0.3159 0.7073
vn 0.6130 0.3521 0.7073
vn 0.7069 0.0127 0.7072
vn 0.7056 0.0436 0.7072
vn -0.0402 0.7058 0.7072
vn 0.2341 0.6672 0.7072
vn -0.3216 0.6296 0.7072
vn 0.3950 0.5864 0.7071
vn 0.1197 -0.6968 0.7072
vn -0.1362 -0.6938 0.7072
vn 0.3604 -0.6083 0.7072
vn -0.0170 0.7061 0.7079
vn -0.3742 -0.5999 0.7072
vn -0.5644 -0.4258 0.7072
vn -0.1873 0.6810 0.7079
vn -0.5487 0.4458 0.7072
vn 0.5000 0.4990 0.7078
vn 0.5540 -0.4392 0.7072
vn -0.2748 -0.6507 0.7079
vn 0.6751 -0.2101 0.7072
vn 0.4319 -0.5590 0.7078
vn 0.3568 -0.6097 0.7078
vn -0.6827 0.1837 0.7072
vn -0.6799 -0.1938 0.7072
vn -0.7000 0.0944 0.7079
vn -0.6812 0.1867 0.7079
vn -0.6999 -0.0946 0.7079
vn 0.6999 0.0946 0.7079
vn 0.7068 0.0177 0.7071
vn -0.7041 0.0644 0.7072
vn 0.6812 -0.1867 0.7079
vn -0.4319 0.5590 0.7078
vn 0.2911 0.6155 0.7324
vn 0.3290 0.5918 0.7359
vn 0.6584 0.2575 0.7072
vn 0.6645 -0.2414 0.7072
vn -0.6334 0.3142 0.7072
vn 0.6834 0.1815 0.7072
vn 0.7054 -0.0486 0.7072
vn 0.6659 -0.2377 0.7072
vn -0.5000 -0.4990 0.7078
vn 0.5051 0.4948 0.7072
vn 0.1873 -0.6810 0.7079
vn 0.5187 -0.4804 0.7072
vn -0.6513 0.2751 0.7071
vn -0.7029 0.0770 0.7071
vn -0.7052 0.0514 0.7072
vn 0.3601 0.6085 0.7072
vn -0.6521 -0.2728 0.7073
vn -0.6689 -0.2287 0.7073
vn -0.3719 0.6013 0.7072
vn -0.4613 -0.5358 0.7072
vn 0.1847 0.6825 0.7072
vn -0.1958 0.6794 0.7072
vn -0.0059 0.7070 0.7072
vn 0.2938 -0.6430 0.7072
vn -0.2337 -0.6673 0.7072
vn 0.5880 -0.3904 0.7085
vn 0.6345 -0.3115 0.7074
vn -0.6225 -0.3352 0.7072
vn -0.6419 -0.2963 0.7073
vn 0.0245 -0.7066 0.7072
vn -0.2217 -0.6702 0.7083
vn -0.1096 -0.6974 0.7083
vn 0.3517 0.6119 -0.7085
vn 0.4539 0.5404 -0.7085
vn 0.5289 0.4685 -0.7077
vn 0.5288 0.4684 -0.7078
vn -0.5136 0.4840 -0.7085
vn 0.5681 0.4208 -0.7072
vn 0.6880 0.1625 -0.7073
vn 0.6963 0.1225 -0.7073
vn 0.1414 0.6927 -0.7072
vn -0.1488 0.6911 -0.7072
vn 0.3372 0.6215 -0.7072
vn 0.0241 -0.7066 -0.7072
vn -0.4153 0.5722 -0.7072
vn -0.2292 -0.6688 -0.7072
vn 0.2737 -0.6519 -0.7072
vn -0.5071 0.4907 -0.7085
vn 0.2688 0.6531 -0.7080
vn -0.4530 -0.5429 -0.7072
vn 0.2753 0.6505 -0.7079
vn 0.4886 -0.5110 -0.7072
vn -0.4324 0.5586 -0.7078
vn -0.6119 0.3541 -0.7072
vn -0.6175 -0.3444 -0.7072
vn 0.6397 -0.3010 -0.7072
vn 0.1870 -0.6811 -0.7079
vn -0.4994 -0.4995 -0.7078
vn 0.7000 0.0944 -0.7079
vn 0.6811 -0.1870 -0.7079
vn -0.7002 -0.0982 -0.7072
vn -0.7031 0.0743 -0.7072
vn 0.7052 -0.0502 -0.7072
vn -0.6811 0.1870 -0.7079
vn -0.7000 -0.0944 -0.7079
vn 0.6930 -0.1399 -0.7072
vn 0.4994 0.4995 -0.7078
vn -0.6884 0.1613 -0.7072
vn 0.6906 0.1514 -0.7072
vn -0.1870 0.6811 -0.7079
vn 0.6572 0.2607 -0.7072
vn 0.7063 0.0320 -0.7072
vn 0.6868 -0.1682 -0.7072
vn -0.5842 0.3982 -0.7072
vn 0.4324 -0.5586 -0.7078
vn 0.5844 -0.3979 -0.7072
vn -0.4689 0.5292 -0.7072
vn -0.2753 -0.6505 -0.7079
vn 0.4179 0.5704 -0.7072
vn -0.6843 0.1779 -0.7072
vn -0.6774 0.2026 -0.7072
vn -0.7070 -0.0051 -0.7072
vn -0.6093 -0.3584 -0.7073
vn -0.3085 0.6362 -0.7072
vn 0.2533 0.6601 -0.7072
vn 0.3855 -0.5926 -0.7072
vn -0.1255 0.6958 -0.7072
vn 0.0663 0.7039 -0.7072
vn -0.3781 -0.5974 -0.7072
vn 0.1278 -0.6954 -0.7072
vn -0.1469 -0.6916 -0.7072
vn -0.6947 -0.1310 -0.7073
vn -0.7015 -0.0878 -0.7073
vn -0.5763 -0.4094 -0.7073
vn -0.5498 -0.4445 -0.7072
vn 0.1137 -0.6968 -0.7082
vn 0.2218 -0.6702 -0.7082
vn -0.2139 0.6727 0.7083
vn -0.1026 0.6985 0.7082
vn 0.6325 0.3158 0.7072
vn 0.6497 0.2788 0.7072
vn 0.7070 -0.0086 0.7071
vn 0.7070 0.0105 0.7071
vn -0.0038 0.7070 0.7072
vn 0.2554 0.6593 0.7072
vn -0.2885 0.6454 0.7072
vn 0.4135 0.5736 0.7072
vn -0.1044 -0.6993 0.7072
vn 0.1512 -0.6907 0.7072
vn -0.1148 0.6968 0.7080
vn -0.3464 -0.6163 0.7072
vn -0.5443 -0.4512 0.7072
vn 0.3878 -0.5912 0.7072
vn -0.0948 0.6999 0.7079
vn -0.5246 0.4740 0.7072
vn 0.5737 -0.4133 0.7072
vn 0.5593 0.4314 0.7078
vn -0.6722 0.2191 0.7072
vn -0.1870 -0.6811 0.7079
vn -0.6509 0.2744 0.7079
vn -0.6702 -0.2251 0.7072
vn 0.4994 -0.4995 0.7078
vn 0.6840 -0.1789 0.7072
vn -0.6811 -0.1870 0.7079
vn 0.6811 0.1870 0.7079
vn -0.7063 0.0318 0.7072
vn 0.7060 0.0391 0.7072
vn 0.6509 -0.2744 0.7079
vn -0.4994 0.4995 0.7078
vn 0.1695 0.7030 0.6907
vn 0.2624 0.7073 0.6564
vn 0.6425 0.2948 0.7073
vn -0.6471 0.2848 0.7072
vn -0.6333 0.3142 0.7072
vn 0.6517 -0.2742 0.7072
vn 0.6902 0.1533 0.7072
vn 0.6833 0.1815 0.7072
vn -0.5593 -0.4314 0.7078
vn 0.7033 -0.0728 0.7072
vn 0.6574 -0.2603 0.7071
vn 0.4886 0.5110 0.7072
vn -0.6436 0.2928 0.7071
vn -0.6513 0.2752 0.7072
vn 0.0948 -0.6999 0.7079
vn 0.4943 -0.5055 0.7072
vn -0.6996 0.1025 0.7072
vn -0.7028 0.0771 0.7072
vn -0.3922 0.5883 0.7072
vn -0.6826 -0.1838 0.7073
vn 0.3400 0.6199 0.7072
vn -0.4901 -0.5095 0.7073
vn -0.2189 0.6723 0.7072
vn 0.1613 0.6884 0.7072
vn -0.0300 0.7064 0.7072
vn 0.2616 -0.6568 0.7072
vn 0.2938 -0.6431 0.7072
vn -0.2625 -0.6565 0.7072
vn -0.6419 -0.2963 0.7072
vn -0.6588 -0.2563 0.7073
vn 0.5124 -0.4854 0.7084
vn 0.5880 -0.3904 0.7084
vn -0.0102 -0.7069 0.7072
vn -0.3306 -0.6236 0.7084
vn 0.3516 0.6119 -0.7085
vn -0.4222 0.5656 -0.7084
vn 0.5916 0.3870 -0.7073
vn 0.5680 0.4208 -0.7073
vn 0.7022 0.0820 -0.7073
vn -0.1128 0.6979 -0.7072
vn 0.1772 0.6844 -0.7072
vn 0.3569 0.6104 -0.7072
vn -0.3851 0.5929 -0.7072
vn 0.0561 -0.7048 -0.7072
vn -0.1986 -0.6785 -0.7072
vn -0.5880 0.3900 -0.7086
vn -0.5071 0.4908 -0.7085
vn 0.3033 -0.6387 -0.7072
vn 0.1746 0.6843 -0.7080
vn -0.4276 -0.5631 -0.7072
vn 0.3573 0.6093 -0.7078
vn -0.3573 0.6093 -0.7078
vn 0.5115 -0.4881 -0.7072
vn -0.5925 0.3858 -0.7072
vn -0.6010 -0.3724 -0.7072
vn 0.6529 -0.2712 -0.7072
vn 0.2606 -0.6743 -0.6909
vn -0.4319 -0.5590 -0.7078
vn -0.6982 0.1112 -0.7072
vn -0.6949 -0.1304 -0.7072
vn 0.7063 -0.0000 -0.7079
vn 0.6999 -0.0946 -0.7079
vn 0.7067 -0.0218 -0.7072
vn -0.7063 -0.0000 -0.7079
vn -0.6999 0.0946 -0.7079
vn -0.6951 0.1292 -0.7072
vn 0.6852 -0.1742 -0.7072
vn 0.4319 0.5590 -0.7078
vn 0.6823 0.1853 -0.7072
vn -0.2748 0.6507 -0.7079
vn 0.6668 0.2352 -0.7072
vn 0.7070 0.0020 -0.7072
vn -0.6019 0.3710 -0.7072
vn 0.6806 -0.1915 -0.7072
vn 0.3573 -0.6093 -0.7078
vn 0.5638 -0.4265 -0.7072
vn 0.6478 -0.2834 -0.7071
vn 0.6505 -0.2771 -0.7071
vn -0.3573 -0.6093 -0.7078
vn -0.4921 0.5076 -0.7072
vn -0.6774 0.2027 -0.7072
vn -0.6696 0.2271 -0.7072
vn 0.3990 0.5837 -0.7072
vn -0.7066 0.0258 -0.7072
vn -0.6323 -0.3161 -0.7073
vn -0.6093 -0.3583 -0.7073
vn -0.3300 0.6253 -0.7072
vn 0.2307 0.6684 -0.7072
vn -0.1491 0.6912 -0.7072
vn -0.4064 -0.5785 -0.7072
vn 0.0423 0.7058 -0.7072
vn 0.3559 -0.6109 -0.7072
vn -0.1766 -0.6846 -0.7072
vn 0.0935 -0.7008 -0.7072
vn -0.7014 -0.0879 -0.7073
vn -0.7055 -0.0464 -0.7072
vn -0.6006 -0.3730 -0.7073
vn -0.5764 -0.4093 -0.7073
vn 0.0027 -0.7060 -0.7082
vn 0.0112 0.7058 0.7083
vn -0.1027 0.6984 0.7083
vn 0.6646 0.2410 0.7072
vn 0.6497 0.2788 0.7073
vn 0.0326 0.7062 0.7072
vn -0.2545 0.6596 0.7072
vn 0.2763 0.6508 0.7071
vn -0.0724 -0.7033 0.7072
vn 0.1824 -0.6831 0.7072
vn 0.4315 0.5601 0.7072
vn -0.3180 -0.6315 0.7072
vn -0.2143 0.6728 0.7081
vn -0.5231 -0.4756 0.7072
vn -0.0000 0.7063 0.7079
vn -0.4991 0.5007 0.7072
vn 0.5921 -0.3864 0.7072
vn 0.6099 0.3563 0.7078
vn -0.6099 0.3563 0.7078
vn -0.6598 0.2540 0.7072
vn -0.0946 -0.6999 0.7079
vn -0.6591 -0.2558 0.7072
vn 0.5589 -0.4320 0.7078
vn 0.6915 -0.1472 0.7072
vn -0.6507 -0.2749 0.7079
vn -0.7070 -0.0008 0.7072
vn 0.7061 -0.0348 0.7072
vn 0.7070 -0.0085 0.7071
vn 0.6507 0.2749 0.7079
vn 0.7042 0.0633 0.7072
vn -0.5589 0.4320 0.7078
vn 0.6099 -0.3563 0.7078
vn 0.0946 0.6999 0.7079
vn 0.2242 0.7205 0.6562
vn -0.6595 0.2548 0.7072
vn -0.6124 -0.3662 0.7006
vn 0.6320 0.3171 0.7071
vn 0.6372 -0.3062 0.7072
vn 0.6960 0.1242 0.7072
vn 0.7004 -0.0968 0.7072
vn 0.6505 -0.2772 0.7071
vn 0.6574 -0.2604 0.7072
vn 0.4717 0.5268 0.7072
vn -0.4121 0.5745 0.7072
vn -0.6954 0.1278 0.7072
vn -0.0000 -0.7063 0.7079
vn -0.6932 -0.1384 0.7073
vn 0.4687 -0.5293 0.7072
vn -0.5223 -0.4764 0.7073
vn 0.3193 0.6308 0.7072
vn -0.2417 0.6644 0.7072
vn 0.1378 0.6935 0.7072
vn -0.0540 0.7050 0.7072
vn -0.2915 -0.6441 0.7072
vn 0.2288 -0.6690 0.7072
vn -0.6733 -0.2154 0.7073
vn 0.5124 -0.4853 0.7084
vn 0.4238 -0.5645 0.7083
vn -0.4321 -0.5580 0.7085
vn -0.3307 -0.6236 0.7084
vn -0.0448 -0.7056 0.7072
vn -0.3211 0.6286 -0.7083
vn -0.4221 0.5656 -0.7084
vn 0.6131 0.3520 -0.7072
vn 0.5916 0.3870 -0.7072
vn 0.7058 0.0414 -0.7072
vn 0.7022 0.0820 -0.7072
vn -0.0766 0.7028 -0.7072
vn 0.2092 0.6754 -0.7072
vn -0.3539 0.6121 -0.7072
vn 0.3761 0.5987 -0.7072
vn 0.0880 -0.7015 -0.7072
vn -0.6376 0.3048 -0.7075
vn -0.1676 -0.6869 -0.7072
vn 0.3322 -0.6241 -0.7072
vn 0.0793 0.7018 -0.7079
vn -0.4013 -0.5821 -0.7072
vn -0.2753 0.6505 -0.7079
vn 0.4324 0.5586 -0.7078
vn -0.5714 0.4164 -0.7072
vn 0.5333 -0.4642 -0.7072
vn -0.5833 -0.3995 -0.7072
vn 0.6647 -0.2409 -0.7072
vn 0.3519 -0.6667 -0.6570
vn 0.3164 -0.6845 -0.6568
vn -0.3568 -0.6096 -0.7078
vn -0.6914 0.1477 -0.7072
vn -0.6881 -0.1622 -0.7072
vn 0.7071 -0.0010 -0.7071
vn 0.7000 -0.0944 -0.7079
vn -0.7003 0.0969 -0.7072
vn 0.3568 0.6096 -0.7078
vn 0.6757 -0.2081 -0.7072
vn -0.3568 0.6096 -0.7078
vn 0.6716 0.2208 -0.7072
vn -0.6183 0.3430 -0.7072
vn 0.6755 0.2088 -0.7072
vn 0.7066 -0.0243 -0.7072
vn 0.6737 -0.2147 -0.7072
vn 0.5211 0.4779 -0.7072
vn -0.4324 -0.5586 -0.7078
vn 0.6344 -0.3115 -0.7074
vn 0.2753 -0.6505 -0.7079
vn 0.5419 -0.4541 -0.7072
vn -0.6696 0.2272 -0.7072
vn -0.6609 0.2513 -0.7072
vn -0.7052 0.0515 -0.7072
vn -0.7066 0.0257 -0.7072
vn 0.3798 0.5964 -0.7072
vn -0.6521 -0.2729 -0.7073
vn -0.3512 0.6137 -0.7072
vn 0.2078 0.6758 -0.7072
vn -0.4342 -0.5580 -0.7072
vn -0.1725 0.6857 -0.7072
vn 0.0182 0.7068 -0.7072
vn 0.3253 -0.6277 -0.7072
vn -0.2050 -0.6767 -0.7072
vn -0.7056 -0.0442 -0.7072
vn 0.0591 -0.7045 -0.7072
vn -0.6224 -0.3352 -0.7073
vn -0.6005 -0.3729 -0.7073
vn 0.0028 -0.7060 -0.7082
vn -0.1097 -0.6974 -0.7082
vn 0.1264 0.6945 0.7083
vn 0.0112 0.7059 0.7083
vn -0.6382 0.3036 0.7075
vn 0.6775 0.2020 0.7073
vn 0.6647 0.2409 0.7072
vn 0.0690 0.7036 0.7072
vn -0.2198 0.6719 0.7072
vn 0.2969 0.6417 0.7072
vn -0.0403 -0.7059 0.7072
vn 0.2132 -0.6741 0.7072
vn 0.4233 0.5662 0.7073
vn -0.2890 -0.6453 0.7072
vn -0.3148 0.6319 0.7082
vn -0.4724 0.5260 0.7072
vn -0.5008 -0.4991 0.7072
vn 0.0948 0.6999 0.7079
vn 0.4400 -0.5534 0.7072
vn 0.6093 -0.3586 0.7072
vn 0.5921 -0.3863 0.7072
vn -0.5593 0.4314 0.7078
vn -0.6456 0.2882 0.7072
vn 0.6509 0.2744 0.7079
vn -0.6466 -0.2861 0.7072
vn 0.6096 -0.3569 0.7078
vn 0.6976 -0.1151 0.7072
vn -0.6096 -0.3569 0.7078
vn -0.7062 -0.0334 0.7072
vn -0.7070 0.0092 0.7071
vn -0.7070 -0.0110 0.7071
vn 0.7035 -0.0701 0.7072
vn 0.6075 0.3472 0.7144
vn 0.7013 0.0902 0.7072
vn -0.6096 0.3569 0.7078
vn -0.6705 0.2241 0.7072
vn -0.6560 -0.2867 0.6982
vn -0.6224 -0.3546 0.6978
vn 0.5593 -0.4314 0.7078
vn 0.6359 0.3091 0.7072
vn 0.7007 0.0942 0.7072
vn 0.6212 -0.3376 0.7072
vn 0.6967 -0.1208 0.7072
vn -0.5452 0.4502 0.7072
vn -0.5205 0.4784 0.7073
vn 0.4542 0.5419 0.7072
vn -0.4315 0.5601 0.7072
vn -0.6903 0.1530 0.7072
vn -0.0948 -0.6999 0.7079
vn -0.7008 -0.0925 0.7073
vn -0.5543 -0.4387 0.7073
vn 0.2978 0.6413 0.7072
vn 0.4420 -0.5518 0.7072
vn -0.2643 0.6558 0.7072
vn 0.1141 0.6978 0.7072
vn -0.0779 0.7027 0.7072
vn -0.3205 -0.6302 0.7072
vn 0.1955 -0.6794 0.7072
vn -0.6852 -0.1736 0.7073
vn -0.6734 -0.2154 0.7072
vn -0.0795 -0.7025 0.7072
vn -0.5081 -0.4909 0.7077
vn -0.4322 -0.5580 0.7084
vn 0.4237 -0.5645 0.7084
vn 0.3258 -0.6263 0.7083
vn -0.2139 0.6727 -0.7083
vn -0.3212 0.6286 -0.7083
vn 0.6324 0.3159 -0.7073
vn 0.6130 0.3521 -0.7073
vn 0.7069 0.0127 -0.7072
vn 0.7056 0.0437 -0.7072
vn -0.0402 0.7058 -0.7072
vn 0.2341 0.6672 -0.7072
vn -0.3216 0.6296 -0.7072
vn 0.3950 0.5864 -0.7071
vn 0.1197 -0.6968 -0.7072
vn -0.1362 -0.6938 -0.7072
vn 0.3604 -0.6083 -0.7072
vn -0.0170 0.7061 -0.7079
vn -0.3742 -0.5999 -0.7072
vn -0.5644 -0.4258 -0.7072
vn -0.1873 0.6810 -0.7079
vn -0.5487 0.4458 -0.7072
vn 0.5000 0.4990 -0.7078
vn 0.5540 -0.4392 -0.7072
vn -0.2748 -0.6507 -0.7079
vn -0.3568 -0.6097 -0.7078
vn 0.6751 -0.2101 -0.7072
vn 0.4375 -0.5375 -0.7209
vn 0.3681 -0.5729 -0.7323
vn -0.6827 0.1837 -0.7072
vn -0.6799 -0.1938 -0.7072
vn -0.6730 0.1756 -0.7185
vn -0.6935 0.0851 -0.7155
vn -0.6882 0.1006 -0.7185
vn -0.6999 -0.0946 -0.7079
vn 0.6999 0.0946 -0.7079
vn 0.7068 0.0177 -0.7071
vn -0.7041 0.0644 -0.7072
vn 0.6812 -0.1867 -0.7079
vn -0.4319 0.5590 -0.7078
vn 0.2748 0.6507 -0.7079
vn 0.6584 0.2575 -0.7072
vn 0.6645 -0.2414 -0.7072
vn -0.6334 0.3142 -0.7072
vn 0.6834 0.1815 -0.7072
vn 0.7054 -0.0486 -0.7072
vn 0.6659 -0.2377 -0.7072
vn -0.5000 -0.4990 -0.7078
vn 0.5051 0.4948 -0.7072
vn 0.1873 -0.6810 -0.7079
vn 0.5187 -0.4804 -0.7072
vn -0.6513 0.2751 -0.7071
vn -0.7029 0.0771 -0.7071
vn 0.3601 0.6085 -0.7072
vn -0.6689 -0.2287 -0.7073
vn -0.3719 0.6013 -0.7072
vn -0.4613 -0.5358 -0.7072
vn 0.1847 0.6825 -0.7072
vn -0.1958 0.6794 -0.7072
vn -0.0059 0.7070 -0.7072
vn 0.2938 -0.6431 -0.7072
vn -0.2337 -0.6673 -0.7072
vn 0.5880 -0.3904 -0.7085
vn -0.6419 -0.2963 -0.7073
vn 0.0245 -0.7066 -0.7072
vn -0.1096 -0.6974 -0.7083
vn -0.2218 -0.6702 -0.7083
vn 0.6775 0.2021 0.7072
vn -0.7070 0.0091 0.7071
vn 0.5986 0.3579 0.7167
vn -0.6595 -0.2690 0.7020
vn -0.6437 0.2927 0.7071
vn 0.6505 -0.2771 0.7071
vn -0.6853 -0.1736 0.7072
vn -0.5080 -0.4910 0.7077
vn 0.3258 -0.6262 0.7083
vn 0.6325 0.3158 -0.7073
vn 0.7070 0.0105 -0.7071
vn -0.6721 0.1939 -0.7147
vn 0.4023 -0.5450 -0.7357
vn 0.6833 0.1815 -0.7072
vn -0.6437 0.2927 -0.7071
vn -0.6436 0.2928 -0.7071
vn -0.6513 0.2753 -0.7072
vn -0.7028 0.0771 -0.7072
vn -0.6419 -0.2963 -0.7072
vn 0.5880 -0.3904 -0.7084
vn -0.2217 -0.6701 -0.7083
vn -0.5664 0.8241 -0.0000
vn 0.1586 0.9873 -0.0000
vn 0.5781 0.8160 -0.0000
vn 0.7486 0.6631 -0.0000
vn 0.6431 0.7658 -0.0000
vn -0.0000 -0.0000 1.0000
vn 0.8036 0.5952 -0.0000
vn 0.7486 0.6630 -0.0000
vn 0.8368 0.5475 -0.0000
vn 0.8036 0.5951 -0.0000
vn 0.8672 0.4980 -0.0000
vn 0.8368 0.5474 -0.0000
vn 0.8946 0.4468 -0.0000
vn 0.9190 0.3943 -0.0000
vn 0.9402 0.3407 -0.0000
vn 0.9583 0.2859 -0.0000
vn 0.9402 0.3408 -0.0000
vn 0.9732 0.2300 -0.0000
vn 0.9583 0.2858 -0.0000
vn 0.9849 0.1733 -0.0000
vn 0.9732 0.2299 -0.0000
vn 0.9933 0.1160 -0.0000
vn 0.9983 0.0585 -0.0000
vn 0.9999 0.0149 -0.0000
vn 0.9999 -0.0120 -0.0000
vn 0.9988 -0.0492 -0.0000
vn 0.9951 -0.0991 -0.0000
vn 0.9889 -0.1487 -0.0000
vn 0.9802 -0.1979 -0.0000
vn 0.9692 -0.2464 -0.0000
vn 0.9557 -0.2943 -0.0000
vn 0.9399 -0.3415 -0.0000
vn 0.9217 -0.3878 -0.0000
vn 0.9013 -0.4332 -0.0000
vn 0.8786 -0.4775 -0.0000
vn 0.8537 -0.5208 -0.0000
vn 0.8266 -0.5628 -0.0000
vn 0.7975 -0.6033 -0.0000
vn 0.7665 -0.6423 -0.0000
vn 0.7336 -0.6795 -0.0000
vn 0.6991 -0.7150 -0.0000
vn 0.6629 -0.7487 -0.0000
vn 0.6252 -0.7805 -0.0000
vn 0.5860 -0.8103 -0.0000
vn 0.5453 -0.8382 -0.0000
vn 0.5033 -0.8641 -0.0000
vn 0.4601 -0.8879 -0.0000
vn 0.4156 -0.9096 -0.0000
vn 0.3700 -0.9290 -0.0000
vn 0.3236 -0.9462 -0.0000
vn 0.2765 -0.9610 -0.0000
vn 0.2289 -0.9735 -0.0000
vn 0.1808 -0.9835 -0.0000
vn 0.1323 -0.9912 -0.0000
vn 0.0836 -0.9965 -0.0000
vn 0.0347 -0.9994 -0.0000
vn -0.0144 -0.9999 -0.0000
vn -0.0634 -0.9980 -0.0000
vn -0.1124 -0.9937 -0.0000
vn -0.1613 -0.9869 -0.0000
vn -0.2077 -0.9782 -0.0000
vn -0.2498 -0.9683 -0.0000
vn -0.2900 -0.9570 -0.0000
vn -0.3305 -0.9438 -0.0000
vn -0.3713 -0.9285 -0.0000
vn -0.4123 -0.9110 -0.0000
vn -0.4533 -0.8914 -0.0000
vn -0.4942 -0.8694 -0.0000
vn -0.5347 -0.8450 -0.0000
vn -0.5748 -0.8183 -0.0000
vn -0.6141 -0.7892 -0.0000
vn -0.6525 -0.7578 -0.0000
vn -0.6933 -0.7207 -0.0000
vn -0.7388 -0.6739 -0.0000
vn -0.7841 -0.6206 -0.0000
vn -0.8252 -0.5648 -0.0000
vn -0.8620 -0.5069 -0.0000
vn -0.8944 -0.4472 -0.0000
vn -0.9225 -0.3860 -0.0000
vn -0.9462 -0.3235 -0.0000
vn -0.9656 -0.2600 -0.0000
vn -0.9807 -0.1957 -0.0000
vn -0.9914 -0.1308 -0.0000
vn -0.9979 -0.0655 -0.0000
vn -1.0000 -0.0073 -0.0000
vn -0.9993 0.0364 -0.0000
vn -0.9973 0.0728 -0.0000
vn -0.9940 0.1090 -0.0000
vn -0.9894 0.1450 -0.0000
vn -0.9835 0.1808 -0.0000
vn -0.9763 0.2164 -0.0000
vn -0.9678 0.2517 -0.0000
vn -0.9580 0.2866 -0.0000
vn -0.9678 0.2516 -0.0000
vn -0.9470 0.3213 -0.0000
vn -0.9347 0.3555 -0.0000
vn -0.9211 0.3893 -0.0000
vn -0.9102 0.4141 -0.0000
vn -0.9065 0.4222 -0.0000
vn -0.9102 0.4142 -0.0000
vn -0.0693 0.9976 -0.0000
vn 0.7370 0.6759 -0.0000
vn 0.7144 0.6998 -0.0000
vn 0.6911 0.7228 -0.0000
vn 0.7144 0.6997 -0.0000
vn 0.6671 0.7450 -0.0000
vn 0.6424 0.7664 -0.0000
vn 0.6170 0.7870 -0.0000
vn 0.5910 0.8067 -0.0000
vn 0.5644 0.8255 -0.0000
vn 0.5371 0.8435 -0.0000
vn 0.5093 0.8606 -0.0000
vn 0.4809 0.8768 -0.0000
vn 0.4516 0.8922 -0.0000
vn 0.4212 0.9070 -0.0000
vn 0.3899 0.9209 -0.0000
vn 0.3583 0.9336 -0.0000
vn 0.3899 0.9208 -0.0000
vn 0.3262 0.9453 -0.0000
vn 0.2939 0.9558 -0.0000
vn 0.2612 0.9653 -0.0000
vn 0.2282 0.9736 -0.0000
vn 0.1949 0.9808 -0.0000
vn 0.1614 0.9869 -0.0000
vn 0.1277 0.9918 -0.0000
vn 0.0938 0.9956 -0.0000
vn 0.0598 0.9982 -0.0000
vn 0.0257 0.9997 -0.0000
vn -0.0084 1.0000 -0.0000
vn -0.0424 0.9991 -0.0000
vn -0.0764 0.9971 -0.0000
vn -0.1102 0.9939 -0.0000
vn -0.1439 0.9896 -0.0000
vn -0.1775 0.9841 -0.0000
vn -0.2109 0.9775 -0.0000
vn -0.2440 0.9698 -0.0000
vn -0.2769 0.9609 -0.0000
vn -0.3096 0.9509 -0.0000
vn -0.3419 0.9397 -0.0000
vn -0.3739 0.9275 -0.0000
vn -0.4053 0.9142 -0.0000
vn -0.4363 0.8998 -0.0000
vn -0.4668 0.8844 -0.0000
vn -0.4967 0.8679 -0.0000
vn -0.5260 0.8505 -0.0000
vn -0.5547 0.8320 -0.0000
vn -0.5829 0.8126 -0.0000
vn -0.6103 0.7922 -0.0000
vn -0.6371 0.7708 -0.0000
vn -0.6632 0.7485 -0.0000
vn -0.6961 0.7180 -0.0000
vn -0.7362 0.6767 -0.0000
vn -0.7711 0.6367 -0.0000
vn -0.7996 0.6006 -0.0000
vn -0.8263 0.5632 -0.0000
vn -0.8513 0.5247 -0.0000
vn -0.8745 0.4851 -0.0000
vn -0.8958 0.4444 -0.0000
vn -0.9153 0.4028 -0.0000
vn -0.9328 0.3603 -0.0000
vn -0.9484 0.3170 -0.0000
vn -0.9620 0.2729 -0.0000
vn -0.9736 0.2282 -0.0000
vn -0.9832 0.1828 -0.0000
vn -0.9906 0.1370 -0.0000
vn -0.9958 0.0911 -0.0000
vn -0.9990 0.0450 -0.0000
vn -1.0000 -0.0012 -0.0000
vn -0.9989 -0.0472 -0.0000
vn -0.9957 -0.0932 -0.0000
vn -0.9903 -0.1389 -0.0000
vn -0.9829 -0.1844 -0.0000
vn -0.9733 -0.2295 -0.0000
vn -0.9617 -0.2742 -0.0000
vn -0.9480 -0.3183 -0.0000
vn -0.9322 -0.3619 -0.0000
vn -0.9145 -0.4046 -0.0000
vn -0.8948 -0.4464 -0.0000
vn -0.8733 -0.4871 -0.0000
vn -0.8501 -0.5267 -0.0000
vn -0.8250 -0.5651 -0.0000
vn -0.7983 -0.6023 -0.0000
vn -0.7699 -0.6382 -0.0000
vn -0.7399 -0.6728 -0.0000
vn -0.7083 -0.7059 -0.0000
vn -0.6752 -0.7376 -0.0000
vn -0.6407 -0.7678 -0.0000
vn -0.6047 -0.7964 -0.0000
vn -0.5676 -0.8233 -0.0000
vn -0.5293 -0.8484 -0.0000
vn -0.4900 -0.8717 -0.0000
vn -0.4498 -0.8931 -0.0000
vn -0.4087 -0.9127 -0.0000
vn -0.3669 -0.9303 -0.0000
vn -0.3242 -0.9460 -0.0000
vn -0.2810 -0.9597 -0.0000
vn -0.2371 -0.9715 -0.0000
vn -0.1926 -0.9813 -0.0000
vn -0.1477 -0.9890 -0.0000
vn -0.1024 -0.9947 -0.0000
vn -0.0569 -0.9984 -0.0000
vn -0.0114 -0.9999 -0.0000
vn 0.0341 -0.9994 -0.0000
vn 0.0794 -0.9968 -0.0000
vn 0.1245 -0.9922 -0.0000
vn 0.1693 -0.9856 -0.0000
vn 0.2138 -0.9769 -0.0000
vn 0.2579 -0.9662 -0.0000
vn 0.3016 -0.9534 -0.0000
vn 0.3447 -0.9387 -0.0000
vn 0.3872 -0.9220 -0.0000
vn 0.4289 -0.9033 -0.0000
vn 0.4698 -0.8828 -0.0000
vn 0.5097 -0.8603 -0.0000
vn 0.5485 -0.8362 -0.0000
vn 0.6224 -0.7827 -0.0000
vn 0.6574 -0.7535 -0.0000
vn 0.6911 -0.7227 -0.0000
vn 0.7234 -0.6904 -0.0000
vn 0.7543 -0.6565 -0.0000
vn 0.7836 -0.6212 -0.0000
vn 0.8114 -0.5845 -0.0000
vn 0.8375 -0.5465 -0.0000
vn 0.8618 -0.5072 -0.0000
vn 0.8843 -0.4669 -0.0000
vn 0.9049 -0.4257 -0.0000
vn 0.9235 -0.3836 -0.0000
vn 0.9401 -0.3408 -0.0000
vn 0.9548 -0.2972 -0.0000
vn 0.9675 -0.2530 -0.0000
vn 0.9781 -0.2082 -0.0000
vn 0.9866 -0.1629 -0.0000
vn 0.9931 -0.1171 -0.0000
vn 0.9975 -0.0710 -0.0000
vn 0.9995 -0.0308 -0.0000
vn 1.0000 -0.0014 -0.0000
vn 0.9997 0.0250 -0.0000
vn 0.9985 0.0553 -0.0000
vn 0.9960 0.0896 -0.0000
vn 0.9918 0.1276 -0.0000
vn 0.9856 0.1692 -0.0000
vn 0.9768 0.2142 -0.0000
vn 0.9650 0.2621 -0.0000
vn 0.9500 0.3124 -0.0000
vn 0.9313 0.3643 -0.0000
vn 0.9089 0.4170 -0.0000
vn 0.8938 0.4485 -0.0000
vn 0.8994 0.4372 -0.0000
vn 0.9149 0.4036 -0.0000
vn 0.9295 0.3687 -0.0000
vn 0.9430 0.3327 -0.0000
vn 0.9554 0.2953 -0.0000
vn 0.9665 0.2567 -0.0000
vn 0.9762 0.2168 -0.0000
vn 0.9845 0.1756 -0.0000
vn 0.9911 0.1333 -0.0000
vn 0.9960 0.0898 -0.0000
vn 0.9990 0.0453 -0.0000
vn 1.0000 0.0028 -0.0000
vn 0.9994 -0.0344 -0.0000
vn 0.9976 -0.0687 -0.0000
vn 0.9947 -0.1029 -0.0000
vn 0.9906 -0.1370 -0.0000
vn 0.9853 -0.1708 -0.0000
vn 0.9789 -0.2044 -0.0000
vn 0.9713 -0.2378 -0.0000
vn 0.9626 -0.2709 -0.0000
vn 0.9528 -0.3037 -0.0000
vn 0.9418 -0.3361 -0.0000
vn 0.9297 -0.3682 -0.0000
vn 0.9199 -0.3921 -0.0000
vn 0.9161 -0.4009 -0.0000
vn 0.8977 -0.4407 -0.0000
vn 0.8331 -0.5531 -0.0000
vn 0.7260 -0.6877 -0.0000
vn 0.6003 -0.7998 -0.0000
vn 0.4616 -0.8871 -0.0000
vn 0.3142 -0.9494 -0.0000
vn 0.1611 -0.9869 -0.0000
vn 0.0039 -1.0000 -0.0000
vn 0.1610 -0.9870 -0.0000
vn -0.1553 -0.9879 -0.0000
vn 0.0040 -1.0000 -0.0000
vn -0.3142 -0.9494 -0.0000
vn -0.4685 -0.8835 -0.0000
vn -0.3141 -0.9494 -0.0000
vn -0.6123 -0.7906 -0.0000
vn -0.7192 -0.6948 -0.0000
vn -0.7777 -0.6287 -0.0000
vn -0.7191 -0.6949 -0.0000
vn -0.8152 -0.5791 -0.0000
vn -0.8495 -0.5275 -0.0000
vn -0.8804 -0.4742 -0.0000
vn -0.8495 -0.5276 -0.0000
vn -0.8804 -0.4741 -0.0000
vn -0.9079 -0.4191 -0.0000
vn -0.9320 -0.3626 -0.0000
vn -0.9525 -0.3047 -0.0000
vn -0.9319 -0.3626 -0.0000
vn -0.9694 -0.2455 -0.0000
vn -0.9524 -0.3047 -0.0000
vn -0.9827 -0.1853 -0.0000
vn -0.9694 -0.2456 -0.0000
vn -0.9922 -0.1243 -0.0000
vn -0.9827 -0.1854 -0.0000
vn -0.9980 -0.0624 -0.0000
vn -0.9999 -0.0157 -0.0000
vn -0.9999 0.0130 -0.0000
vn -0.9986 0.0525 -0.0000
vn -0.9945 0.1051 -0.0000
vn -0.9876 0.1572 -0.0000
vn -0.9779 0.2089 -0.0000
vn -0.9657 0.2598 -0.0000
vn -0.9507 0.3100 -0.0000
vn -0.9332 0.3593 -0.0000
vn -0.9132 0.4076 -0.0000
vn -0.8906 0.4548 -0.0000
vn -0.8655 0.5009 -0.0000
vn -0.8380 0.5456 -0.0000
vn -0.8082 0.5890 -0.0000
vn -0.7761 0.6306 -0.0000
vn -0.7420 0.6704 -0.0000
vn -0.7060 0.7082 -0.0000
vn -0.6681 0.7440 -0.0000
vn -0.6286 0.7777 -0.0000
vn -0.5874 0.8093 -0.0000
vn -0.5447 0.8386 -0.0000
vn -0.5005 0.8657 -0.0000
vn -0.4549 0.8905 -0.0000
vn -0.4081 0.9129 -0.0000
vn -0.3600 0.9329 -0.0000
vn -0.3109 0.9504 -0.0000
vn -0.2610 0.9653 -0.0000
vn -0.2105 0.9776 -0.0000
vn -0.1596 0.9872 -0.0000
vn -0.1083 0.9941 -0.0000
vn -0.0569 0.9984 -0.0000
vn -0.1084 0.9941 -0.0000
vn -0.0054 1.0000 -0.0000
vn 0.0462 0.9989 -0.0000
vn 0.0976 0.9952 -0.0000
vn 0.1489 0.9888 -0.0000
vn 0.2000 0.9798 -0.0000
vn 0.2506 0.9681 -0.0000
vn 0.2959 0.9552 -0.0000
vn 0.3311 0.9436 -0.0000
vn 0.3611 0.9325 -0.0000
vn 0.3908 0.9205 -0.0000
vn 0.4200 0.9075 -0.0000
vn 0.4487 0.8937 -0.0000
vn 0.4770 0.8789 -0.0000
vn 0.5047 0.8633 -0.0000
vn 0.5319 0.8468 -0.0000
vn 0.5586 0.8294 -0.0000
vn 0.5848 0.8112 -0.0000
vn 0.6103 0.7922 -0.0000
vn 0.5987 0.8009 -0.0000
vn 0.5113 0.8594 -0.0000
vn 0.5988 0.8009 -0.0000
vn 0.3806 0.9247 -0.0000
vn 0.2472 0.9690 -0.0000
vn 0.1123 0.9937 -0.0000
vn -0.0241 0.9997 -0.0000
vn -0.1626 0.9867 -0.0000
vn -0.3035 0.9528 -0.0000
vn -0.4459 0.8951 -0.0000
vn -0.5864 0.8100 -0.0000
vn -0.7186 0.6954 -0.0000
vn -0.8333 0.5528 -0.0000
vn -0.9022 0.4313 -0.0000
vn -0.9030 0.4296 -0.0000
vn -0.8375 0.5465 -0.0000
vn -0.7277 0.6859 -0.0000
vn -0.8375 0.5464 -0.0000
vn -0.5981 0.8014 -0.0000
vn -0.3030 0.9530 -0.0000
vn -0.4550 0.8905 -0.0000
vn -0.1454 0.9894 -0.0000
vn 0.0159 0.9999 -0.0000
vn 0.1790 0.9838 -0.0000
vn 0.0158 0.9999 -0.0000
vn 0.3414 0.9399 -0.0000
vn 0.1790 0.9839 -0.0000
vn 0.4983 0.8670 -0.0000
vn -0.9644 0.2643 -0.0000
vn -0.9910 0.1337 -0.0000
vn -1.0000 -0.0000 -0.0000
vn -0.9214 0.3885 -0.0000
vn -0.8634 0.5045 -0.0000
vn -0.7918 0.6107 -0.0000
vn -0.7078 0.7064 -0.0000
vn -0.6122 0.7907 -0.0000
vn -0.5059 0.8626 -0.0000
vn -0.3898 0.9209 -0.0000
vn -0.2652 0.9642 -0.0000
vn -0.1342 0.9910 -0.0000
vn -0.0000 1.0000 -0.0000
vn 0.1342 0.9910 -0.0000
vn 0.2652 0.9642 -0.0000
vn 0.3898 0.9209 -0.0000
vn 0.5059 0.8626 -0.0000
vn 0.6122 0.7907 -0.0000
vn 0.7078 0.7064 -0.0000
vn 0.7918 0.6107 -0.0000
vn 0.7078 0.7065 -0.0000
vn 0.8634 0.5045 -0.0000
vn 0.7918 0.6108 -0.0000
vn 0.9214 0.3885 -0.0000
vn 0.9644 0.2643 -0.0000
vn 0.9910 0.1337 -0.0000
vn 1.0000 -0.0000 -0.0000
vn 0.9910 -0.1337 -0.0000
vn 0.9644 -0.2643 -0.0000
vn 0.9214 -0.3885 -0.0000
vn 0.8634 -0.5045 -0.0000
vn 0.7918 -0.6107 -0.0000
vn 0.7078 -0.7064 -0.0000
vn 0.6122 -0.7907 -0.0000
vn 0.5059 -0.8626 -0.0000
vn 0.3898 -0.9209 -0.0000
vn 0.2652 -0.9642 -0.0000
vn 0.1342 -0.9910 -0.0000
vn -0.0000 -1.0000 -0.0000
vn -0.1342 -0.9910 -0.0000
vn -0.2652 -0.9642 -0.0000
vn -0.3898 -0.9209 -0.0000
vn -0.5059 -0.8626 -0.0000
vn -0.6122 -0.7907 -0.0000
vn -0.7078 -0.7064 -0.0000
vn -0.7918 -0.6107 -0.0000
vn -0.8634 -0.5045 -0.0000
vn -0.9214 -0.3885 -0.0000
vn -0.9644 -0.2643 -0.0000
vn -0.9910 -0.1337 -0.0000
vn 0.9910 -0.1340 -0.0000
vn 0.9910 0.1340 -0.0000
vn 0.9643 0.2648 -0.0000
vn 0.9212 0.3892 -0.0000
vn 0.8630 0.5052 -0.0000
vn 0.7912 0.6115 -0.0000
vn 0.7070 0.7072 -0.0000
vn 0.6114 0.7913 -0.0000
vn 0.5051 0.8631 -0.0000
vn 0.3891 0.9212 -0.0000
vn 0.2647 0.9643 -0.0000
vn 0.1339 0.9910 -0.0000
vn -0.1339 0.9910 -0.0000
vn -0.2647 0.9643 -0.0000
vn -0.3891 0.9212 -0.0000
vn -0.5051 0.8631 -0.0000
vn -0.6114 0.7913 -0.0000
vn -0.7070 0.7072 -0.0000
vn -0.7912 0.6115 -0.0000
vn -0.8630 0.5052 -0.0000
vn -0.9211 0.3892 -0.0000
vn -0.9643 0.2648 -0.0000
vn -0.9910 0.1340 -0.0000
vn -0.9910 -0.1340 -0.0000
vn -0.9643 -0.2648 -0.0000
vn -0.9212 -0.3892 -0.0000
vn -0.8630 -0.5052 -0.0000
vn -0.7912 -0.6115 -0.0000
vn -0.7070 -0.7072 -0.0000
vn -0.6114 -0.7913 -0.0000
vn -0.5051 -0.8631 -0.0000
vn -0.3891 -0.9212 -0.0000
vn -0.2647 -0.9643 -0.0000
vn -0.1339 -0.9910 -0.0000
vn 0.1339 -0.9910 -0.0000
vn 0.2647 -0.9643 -0.0000
vn 0.3891 -0.9212 -0.0000
vn 0.5051 -0.8631 -0.0000
vn 0.6114 -0.7913 -0.0000
vn 0.7070 -0.7072 -0.0000
vn 0.7912 -0.6115 -0.0000
vn 0.8630 -0.5052 -0.0000
vn 0.9212 -0.3892 -0.0000
vn 0.9643 -0.2648 -0.0000
vn -0.0000 -0.0000 -1.0000
vn 0.4538 0.5404 0.7085
vn 0.4538 0.5404 -0.7085
vn -0.0000 -0.0003 1.0000
vn -0.0000 0.0001 1.0000
vn -0.0000 -0.0001 1.0000
vn -0.0000 0.0011 1.0000
vn -0.0000 -0.0002 1.0000
vn -0.0000 0.0002 1.0000
vn -0.0000 -0.0001 -1.0000
vn -0.0000 0.0003 -1.0000
vn -0.0000 0.0002 -1.0000
vn -0.0000 -0.0006 -1.0000
vn -0.0000 0.0006 -1.0000
vn -0.0000 0.0001 -1.0000
vn -0.0000 -0.0002 -1.0000
vt 0.236700 0.983469
vt 0.234616 0.983469
vt 0.235643 1.000000
vt 0.237522 0.983469
vt 0.238233 1.000000
vt 0.238865 0.983469
vt 0.236930 0.016531
vt 0.236098 0.000000
vt 0.234965 0.016531
vt 0.237752 0.016531
vt 0.239006 0.016531
vt 0.238477 0.000000
vt 0.995125 1.000000
vt 0.992701 0.983469
vt 0.992696 1.000000
vt 1.000000 0.983469
vt 0.997554 1.000000
vt 0.999598 1.000000
vt 0.973249 1.000000
vt 0.975669 0.983469
vt 0.973236 0.983469
vt 0.001266 1.000000
vt 0.002433 0.983469
vt 0.000000 0.983469
vt 0.021897 1.000000
vt 0.019465 0.983469
vt 0.019463 1.000000
vt 0.878345 1.000000
vt 0.875912 0.983469
vt 0.875912 1.000000
vt 0.858881 1.000000
vt 0.856448 0.983469
vt 0.856448 1.000000
vt 0.895377 1.000000
vt 0.897810 0.983469
vt 0.895377 0.983469
vt 0.506083 1.000000
vt 0.508516 0.983469
vt 0.506083 0.983469
vt 0.836983 1.000000
vt 0.839416 0.983469
vt 0.836983 0.983469
vt 0.489051 1.000000
vt 0.486618 0.983469
vt 0.486618 1.000000
vt 0.525547 1.000000
vt 0.527981 0.983469
vt 0.525547 0.983469
vt 0.934307 1.000000
vt 0.936740 0.983469
vt 0.934307 0.983469
vt 0.917275 1.000000
vt 0.914842 0.983469
vt 0.914842 1.000000
vt 0.467153 1.000000
vt 0.469586 0.983469
vt 0.467153 0.983469
vt 0.838633 0.000000
vt 0.839921 0.000000
vt 0.837945 0.000000
vt 0.545012 1.000000
vt 0.547445 0.983469
vt 0.545012 0.983469
vt 0.825108 0.000000
vt 0.822134 0.000000
vt 0.823176 0.000000
vt 0.819951 1.000000
vt 0.817518 0.983469
vt 0.817518 1.000000
vt 0.447689 1.000000
vt 0.450122 0.983469
vt 0.447689 0.983469
vt 0.564477 1.000000
vt 0.566910 0.983469
vt 0.564477 0.983469
vt 0.977818 0.000000
vt 0.980237 0.000000
vt 0.975885 0.000000
vt 0.962535 0.000000
vt 0.964427 0.000000
vt 0.960634 0.000000
vt 0.856075 0.000000
vt 0.853755 0.000000
vt 0.854134 0.000000
vt 0.991768 0.000000
vt 0.998024 0.000000
vt 0.996047 0.000000
vt 0.428224 1.000000
vt 0.430657 0.983469
vt 0.428224 0.983469
vt 0.798054 1.000000
vt 0.800487 0.983469
vt 0.798054 0.983469
vt 0.583942 1.000000
vt 0.586375 0.983469
vt 0.583942 0.983469
vt 0.945443 0.000000
vt 0.950593 0.000000
vt 0.948617 0.000000
vt 0.901436 0.000000
vt 0.903162 0.000000
vt 0.901186 0.000000
vt 0.038929 1.000000
vt 0.041363 0.983469
vt 0.038929 0.983469
vt 0.918964 0.000000
vt 0.916996 0.000000
vt 0.916698 0.000000
vt 0.408759 1.000000
vt 0.411192 0.983469
vt 0.408759 0.983469
vt 0.603406 1.000000
vt 0.605839 0.983469
vt 0.603406 0.983469
vt 0.932087 0.000000
vt 0.932806 0.000000
vt 0.930169 0.000000
vt 0.625304 1.000000
vt 0.622871 0.983469
vt 0.622871 1.000000
vt 0.644769 1.000000
vt 0.642336 0.983469
vt 0.642336 1.000000
vt 0.664234 1.000000
vt 0.661801 0.983469
vt 0.661801 1.000000
vt 0.389294 1.000000
vt 0.391728 0.983469
vt 0.389294 0.983469
vt 0.871612 0.000000
vt 0.869565 0.000000
vt 0.869670 0.000000
vt 0.060827 1.000000
vt 0.058394 0.983469
vt 0.058394 1.000000
vt 0.350365 1.000000
vt 0.352798 0.983469
vt 0.350365 0.983469
vt 0.885209 0.000000
vt 0.887352 0.000000
vt 0.885375 0.000000
vt 0.253041 1.000000
vt 0.255474 0.983469
vt 0.253041 0.983469
vt 0.194647 1.000000
vt 0.197080 0.983469
vt 0.194647 0.983469
vt 0.175182 1.000000
vt 0.177616 0.983469
vt 0.175182 0.983469
vt 0.155718 1.000000
vt 0.158151 0.983469
vt 0.155718 0.983469
vt 0.333333 1.000000
vt 0.330900 0.983469
vt 0.330900 1.000000
vt 0.274939 1.000000
vt 0.272506 0.983469
vt 0.272506 1.000000
vt 0.080292 1.000000
vt 0.077859 0.983469
vt 0.077859 1.000000
vt 0.311436 1.000000
vt 0.313869 0.983469
vt 0.311436 0.983469
vt 0.291971 1.000000
vt 0.294404 0.983469
vt 0.291971 0.983469
vt 0.138686 1.000000
vt 0.136253 0.983469
vt 0.136253 1.000000
vt 0.097324 1.000000
vt 0.099757 0.983469
vt 0.097324 0.983469
vt 0.116788 1.000000
vt 0.119221 0.983469
vt 0.116788 0.983469
vt 0.761556 1.000000
vt 0.759124 0.983469
vt 0.759123 1.000000
vt 0.739661 1.000000
vt 0.742092 0.983469
vt 0.739659 0.983469
vt 0.720196 1.000000
vt 0.722628 0.983469
vt 0.720195 0.983469
vt 0.800395 0.000000
vt 0.635772 0.000000
vt 0.651390 0.000000
vt 0.012165 0.016531
vt 0.326324 0.000000
vt 0.338616 0.000000
vt 0.705534 0.000000
vt 0.697369 0.000000
vt 0.695661 0.000000
vt 0.689723 0.000000
vt 0.683335 0.000000
vt 0.681541 0.000000
vt 0.723320 0.000000
vt 0.708582 0.000000
vt 0.721344 0.000000
vt 0.405138 0.000000
vt 0.419086 0.000000
vt 0.417074 0.000000
vt 0.422925 0.000000
vt 0.432647 0.000000
vt 0.420949 0.000000
vt 0.737154 0.000000
vt 0.720426 0.000000
vt 0.719500 0.000000
vt 0.391304 0.000000
vt 0.399501 0.000000
vt 0.389328 0.000000
vt 0.754941 0.000000
vt 0.724770 0.000000
vt 0.752964 0.000000
vt 0.375494 0.000000
vt 0.374583 0.000000
vt 0.373518 0.000000
vt 0.832016 0.000000
vt 0.834724 0.000000
vt 0.832767 0.000000
vt 0.675889 0.000000
vt 0.667031 0.000000
vt 0.673913 0.000000
vt 0.436759 0.000000
vt 0.449428 0.000000
vt 0.447584 0.000000
vt 0.454545 0.000000
vt 0.462257 0.000000
vt 0.452569 0.000000
vt 0.847826 0.000000
vt 0.850280 0.000000
vt 0.848340 0.000000
vt 0.818182 0.000000
vt 0.818091 0.000000
vt 0.816206 0.000000
vt 0.658103 0.000000
vt 0.654192 0.000000
vt 0.652351 0.000000
vt 0.976285 0.000000
vt 0.970289 0.000000
vt 0.974308 0.000000
vt 0.357708 0.000000
vt 0.352644 0.000000
vt 0.349771 0.000000
vt 0.992095 0.000000
vt 0.986105 0.000000
vt 0.990119 0.000000
vt 0.468379 0.000000
vt 0.478566 0.000000
vt 0.476767 0.000000
vt 0.958498 0.000000
vt 0.956941 0.000000
vt 0.955038 0.000000
vt 0.423358 0.016531
vt 0.420925 0.000000
vt 0.420925 0.016531
vt 0.031630 0.016531
vt 0.034063 0.000000
vt 0.031637 0.000000
vt 0.911067 0.000000
vt 0.910654 0.000000
vt 0.908597 0.000000
vt 0.598540 0.016531
vt 0.596107 0.000000
vt 0.596107 0.016531
vt 0.944664 0.000000
vt 0.939839 0.000000
vt 0.942688 0.000000
vt 0.865613 0.000000
vt 0.863873 0.000000
vt 0.863636 0.000000
vt 0.928854 0.000000
vt 0.924507 0.000000
vt 0.926877 0.000000
vt 0.403893 0.016531
vt 0.401460 0.000000
vt 0.401460 0.016531
vt 0.895257 0.000000
vt 0.896862 0.000000
vt 0.894921 0.000000
vt 0.615572 0.016531
vt 0.618005 0.000000
vt 0.615572 0.000000
vt 0.051095 0.016531
vt 0.053528 0.000000
vt 0.051095 0.000000
vt 0.635036 0.016531
vt 0.637470 0.000000
vt 0.635037 0.000000
vt 0.656934 0.016531
vt 0.654501 0.000000
vt 0.654501 0.016531
vt 0.676399 0.016531
vt 0.673966 0.000000
vt 0.673966 0.016531
vt 0.245742 0.016531
vt 0.248175 0.000000
vt 0.245742 0.000000
vt 0.345499 0.016531
vt 0.343066 0.000000
vt 0.343066 0.016531
vt 0.189781 0.016531
vt 0.187348 0.000000
vt 0.187348 0.016531
vt 0.881423 0.000000
vt 0.879400 0.000000
vt 0.879447 0.000000
vt 0.170316 0.016531
vt 0.167883 0.000000
vt 0.167883 0.016531
vt 0.072993 0.016531
vt 0.070560 0.000000
vt 0.070560 0.016531
vt 0.148418 0.016531
vt 0.150852 0.000000
vt 0.148473 0.000000
vt 0.267640 0.016531
vt 0.265207 0.000000
vt 0.265207 0.016531
vt 0.326034 0.016531
vt 0.323601 0.000000
vt 0.323601 0.016531
vt 0.287105 0.016531
vt 0.284672 0.000000
vt 0.284672 0.016531
vt 0.304136 0.016531
vt 0.306569 0.000000
vt 0.304136 0.000000
vt 0.128954 0.016531
vt 0.131387 0.000000
vt 0.128954 0.000000
vt 0.092457 0.016531
vt 0.090024 0.000000
vt 0.090024 0.016531
vt 0.751825 0.016531
vt 0.754258 0.000000
vt 0.751825 0.000000
vt 0.715328 0.016531
vt 0.712903 0.000000
vt 0.712895 0.016531
vt 0.732360 0.016531
vt 0.734781 0.000000
vt 0.732352 0.000000
vt 0.109489 0.016531
vt 0.111922 0.000000
vt 0.109489 0.000000
vt 0.995134 0.983469
vt 0.975678 1.000000
vt 0.978102 0.983469
vt 0.002431 1.000000
vt 0.004866 0.983469
vt 0.024331 0.983469
vt 0.021898 0.983469
vt 0.861314 1.000000
vt 0.858881 0.983469
vt 0.880779 1.000000
vt 0.878345 0.983469
vt 0.897810 1.000000
vt 0.900243 0.983469
vt 0.841849 1.000000
vt 0.839416 1.000000
vt 0.510949 1.000000
vt 0.508516 1.000000
vt 0.491484 0.983469
vt 0.489051 0.983469
vt 0.936740 1.000000
vt 0.939173 0.983469
vt 0.527981 1.000000
vt 0.530414 0.983469
vt 0.919708 1.000000
vt 0.917275 0.983469
vt 0.472019 1.000000
vt 0.469586 1.000000
vt 0.840568 0.000000
vt 0.841897 0.000000
vt 0.827038 0.000000
vt 0.824111 0.000000
vt 0.547445 1.000000
vt 0.549878 0.983469
vt 0.822384 0.983469
vt 0.819951 0.983469
vt 0.452555 1.000000
vt 0.450122 1.000000
vt 0.569343 1.000000
vt 0.566910 1.000000
vt 0.979763 0.000000
vt 0.982213 0.000000
vt 0.968379 0.000000
vt 0.966403 0.000000
vt 0.800487 1.000000
vt 0.802920 0.983469
vt 0.433090 1.000000
vt 0.430657 1.000000
vt 0.858018 0.000000
vt 0.855731 0.000000
vt 0.993744 0.000000
vt 1.000000 0.000000
vt 0.588808 1.000000
vt 0.586375 1.000000
vt 0.902614 0.000000
vt 0.905138 0.000000
vt 0.947340 0.000000
vt 0.952569 0.000000
vt 0.411192 1.000000
vt 0.413625 0.983469
vt 0.041363 1.000000
vt 0.043796 0.983469
vt 0.920949 0.000000
vt 0.918972 0.000000
vt 0.605839 1.000000
vt 0.608272 0.983469
vt 0.934004 0.000000
vt 0.934783 0.000000
vt 0.627738 1.000000
vt 0.625304 0.983469
vt 0.647202 0.983469
vt 0.644769 0.983469
vt 0.391728 1.000000
vt 0.394161 0.983469
vt 0.666667 1.000000
vt 0.664234 0.983469
vt 0.873553 0.000000
vt 0.871542 0.000000
vt 0.063260 1.000000
vt 0.060827 0.983469
vt 0.887152 0.000000
vt 0.889328 0.000000
vt 0.352798 1.000000
vt 0.355231 0.983469
vt 0.199513 1.000000
vt 0.197081 1.000000
vt 0.255474 1.000000
vt 0.257908 0.983469
vt 0.177657 1.000000
vt 0.180049 0.983469
vt 0.158151 1.000000
vt 0.160584 0.983469
vt 0.335766 1.000000
vt 0.333333 0.983469
vt 0.277372 1.000000
vt 0.274939 0.983469
vt 0.313869 1.000000
vt 0.316302 0.983469
vt 0.141119 1.000000
vt 0.138686 0.983469
vt 0.296837 1.000000
vt 0.294404 1.000000
vt 0.082725 0.983469
vt 0.080292 0.983469
vt 0.119222 1.000000
vt 0.121655 0.983469
vt 0.099757 1.000000
vt 0.102190 0.983469
vt 0.763989 1.000000
vt 0.761557 0.983469
vt 0.742094 1.000000
vt 0.744526 0.983469
vt 0.725060 1.000000
vt 0.722628 1.000000
vt 0.802372 0.000000
vt 0.613298 0.000000
vt 0.011858 0.000000
vt 0.315385 0.000000
vt 0.707510 0.000000
vt 0.699054 0.000000
vt 0.691700 0.000000
vt 0.685124 0.000000
vt 0.725296 0.000000
vt 0.710149 0.000000
vt 0.407115 0.000000
vt 0.421072 0.000000
vt 0.424901 0.000000
vt 0.434537 0.000000
vt 0.741107 0.000000
vt 0.739130 0.000000
vt 0.393281 0.000000
vt 0.401935 0.000000
vt 0.756917 0.000000
vt 0.724352 0.000000
vt 0.677866 0.000000
vt 0.668856 0.000000
vt 0.377470 0.000000
vt 0.378040 0.000000
vt 0.835968 0.000000
vt 0.833992 0.000000
vt 0.440711 0.000000
vt 0.438735 0.000000
vt 0.465900 0.000000
vt 0.464080 0.000000
vt 0.821024 0.000000
vt 0.818993 0.000000
vt 0.660079 0.000000
vt 0.656033 0.000000
vt 0.849802 0.000000
vt 0.852220 0.000000
vt 0.359684 0.000000
vt 0.355574 0.000000
vt 0.974116 0.000000
vt 0.972204 0.000000
vt 0.994071 0.000000
vt 0.988079 0.000000
vt 0.472332 0.000000
vt 0.470356 0.000000
vt 0.960474 0.000000
vt 0.958846 0.000000
vt 0.345850 0.000000
vt 0.331921 0.000000
vt 0.343874 0.000000
vt 0.766423 0.016531
vt 0.795620 0.000000
vt 0.766108 0.000000
vt 0.036496 0.016531
vt 0.034063 0.016531
vt 0.913043 0.000000
vt 0.912692 0.000000
vt 0.600973 0.016531
vt 0.598540 0.000000
vt 0.946640 0.000000
vt 0.941743 0.000000
vt 0.406326 0.016531
vt 0.403893 0.000000
vt 0.897233 0.000000
vt 0.898801 0.000000
vt 0.928360 0.000000
vt 0.926435 0.000000
vt 0.867589 0.000000
vt 0.865814 0.000000
vt 0.618005 0.016531
vt 0.620438 0.000000
vt 0.637470 0.016531
vt 0.639902 0.000000
vt 0.053528 0.016531
vt 0.055961 0.000000
vt 0.659367 0.016531
vt 0.656934 0.000000
vt 0.384428 0.016531
vt 0.386861 0.000000
vt 0.384428 0.000000
vt 0.248175 0.016531
vt 0.250608 0.000000
vt 0.347932 0.016531
vt 0.345499 0.000000
vt 0.192214 0.016531
vt 0.189781 0.000000
vt 0.883283 0.000000
vt 0.881342 0.000000
vt 0.172749 0.016531
vt 0.170316 0.000000
vt 0.153285 0.016531
vt 0.150852 0.016531
vt 0.270073 0.016531
vt 0.267640 0.000000
vt 0.075426 0.016531
vt 0.072993 0.000000
vt 0.328467 0.000000
vt 0.326034 0.000000
vt 0.289538 0.016531
vt 0.287105 0.000000
vt 0.306569 0.016531
vt 0.309002 0.000000
vt 0.131387 0.016531
vt 0.133820 0.000000
vt 0.094891 0.016531
vt 0.092457 0.000000
vt 0.754258 0.016531
vt 0.756691 0.000000
vt 0.111922 0.016531
vt 0.114355 0.000000
vt 0.737226 0.016531
vt 0.734793 0.016531
vt 0.717762 0.016531
vt 0.715333 0.000000
vt 0.978107 1.000000
vt 0.980535 0.983469
vt 0.007299 1.000000
vt 0.004869 1.000000
vt 0.024336 1.000000
vt 0.026764 0.983469
vt 0.863747 0.983469
vt 0.861314 0.983469
vt 0.883212 0.983469
vt 0.880779 0.983469
vt 0.844282 1.000000
vt 0.841849 0.983469
vt 0.900243 1.000000
vt 0.902676 0.983469
vt 0.513382 0.983469
vt 0.510949 0.983469
vt 0.941606 1.000000
vt 0.939173 1.000000
vt 0.493917 1.000000
vt 0.491484 1.000000
vt 0.530414 1.000000
vt 0.532847 0.983469
vt 0.922141 1.000000
vt 0.919708 0.983469
vt 0.474453 0.983469
vt 0.472019 0.983469
vt 0.828969 0.000000
vt 0.826087 0.000000
vt 0.842504 0.000000
vt 0.843874 0.000000
vt 0.822384 1.000000
vt 0.824818 0.983469
vt 0.552311 1.000000
vt 0.549878 1.000000
vt 0.454988 1.000000
vt 0.452555 0.983469
vt 0.571776 0.983469
vt 0.569343 0.983469
vt 0.981720 0.000000
vt 0.984190 0.000000
vt 0.964435 0.000000
vt 0.970356 0.000000
vt 0.802920 1.000000
vt 0.805353 0.983469
vt 0.435523 1.000000
vt 0.433090 0.983469
vt 0.591241 1.000000
vt 0.588808 0.983469
vt 0.859684 0.000000
vt 0.857708 0.000000
vt 0.951134 0.000000
vt 0.949235 0.000000
vt 0.416058 1.000000
vt 0.413625 1.000000
vt 0.920839 0.000000
vt 0.922925 0.000000
vt 0.043796 1.000000
vt 0.046229 0.983469
vt 0.935918 0.000000
vt 0.936759 0.000000
vt 0.608272 1.000000
vt 0.610706 0.983469
vt 0.394161 1.000000
vt 0.396594 0.983469
vt 0.630170 1.000000
vt 0.627737 0.983469
vt 0.647213 1.000000
vt 0.649635 0.983469
vt 0.669100 1.000000
vt 0.666667 0.983469
vt 0.240876 1.000000
vt 0.889096 0.000000
vt 0.891304 0.000000
vt 0.708180 1.000000
vt 0.705596 0.983469
vt 0.705595 1.000000
vt 0.875495 0.000000
vt 0.873518 0.000000
vt 0.065693 0.983469
vt 0.063260 0.983469
vt 0.201947 1.000000
vt 0.199513 0.983469
vt 0.180049 1.000000
vt 0.182482 0.983469
vt 0.257908 1.000000
vt 0.260341 0.983469
vt 0.160584 1.000000
vt 0.163017 0.983469
vt 0.338200 1.000000
vt 0.335766 0.983469
vt 0.279805 1.000000
vt 0.277372 0.983469
vt 0.143552 1.000000
vt 0.141119 0.983469
vt 0.316302 1.000000
vt 0.318735 0.983469
vt 0.299270 1.000000
vt 0.296837 0.983469
vt 0.085158 1.000000
vt 0.082725 1.000000
vt 0.124088 1.000000
vt 0.121655 1.000000
vt 0.766108 1.000000
vt 0.763990 0.983469
vt 0.104623 1.000000
vt 0.102190 1.000000
vt 0.744526 1.000000
vt 0.746959 0.983469
vt 0.727491 1.000000
vt 0.725061 0.983469
vt 0.804348 0.000000
vt 0.581859 0.000000
vt 0.788538 0.000000
vt 0.670810 0.000000
vt 0.665106 0.000000
vt 0.013834 0.000000
vt 0.305930 0.000000
vt 0.711462 0.000000
vt 0.709486 0.000000
vt 0.695652 0.000000
vt 0.693676 0.000000
vt 0.727273 0.000000
vt 0.711675 0.000000
vt 0.411067 0.000000
vt 0.409091 0.000000
vt 0.426877 0.000000
vt 0.436419 0.000000
vt 0.679842 0.000000
vt 0.670678 0.000000
vt 0.406528 0.000000
vt 0.404271 0.000000
vt 0.743083 0.000000
vt 0.720372 0.000000
vt 0.758893 0.000000
vt 0.723194 0.000000
vt 0.384951 0.000000
vt 0.381523 0.000000
vt 0.836678 0.000000
vt 0.453107 0.000000
vt 0.451269 0.000000
vt 0.820158 0.000000
vt 0.664032 0.000000
vt 0.662055 0.000000
vt 0.456522 0.000000
vt 0.467718 0.000000
vt 0.363636 0.000000
vt 0.361660 0.000000
vt 0.978261 0.000000
vt 0.851779 0.000000
vt 0.854161 0.000000
vt 0.962451 0.000000
vt 0.960752 0.000000
vt 0.990091 0.000000
vt 0.474308 0.000000
vt 0.480360 0.000000
vt 0.336540 0.000000
vt 0.334180 0.000000
vt 0.646245 0.000000
vt 0.643100 0.000000
vt 0.641213 0.000000
vt 0.038929 0.016531
vt 0.036496 0.000000
vt 0.943644 0.000000
vt 0.915020 0.000000
vt 0.914704 0.000000
vt 0.603406 0.016531
vt 0.600973 0.000000
vt 0.899209 0.000000
vt 0.900723 0.000000
vt 0.408759 0.000000
vt 0.406326 0.000000
vt 0.930830 0.000000
vt 0.620438 0.016531
vt 0.622871 0.000000
vt 0.867756 0.000000
vt 0.639903 0.016531
vt 0.642336 0.000000
vt 0.661801 0.000000
vt 0.659367 0.000000
vt 0.058394 0.016531
vt 0.055961 0.016531
vt 0.386861 0.016531
vt 0.389294 0.000000
vt 0.250608 0.016531
vt 0.253041 0.000000
vt 0.350365 0.016531
vt 0.347932 0.000000
vt 0.883399 0.000000
vt 0.194647 0.000000
vt 0.192214 0.000000
vt 0.175182 0.016531
vt 0.172749 0.000000
vt 0.155718 0.016531
vt 0.153285 0.000000
vt 0.272506 0.000000
vt 0.270073 0.000000
vt 0.328467 0.016531
vt 0.330900 0.000000
vt 0.077859 0.000000
vt 0.075426 0.000000
vt 0.291971 0.016531
vt 0.289538 0.000000
vt 0.311436 0.016531
vt 0.309002 0.016531
vt 0.133820 0.016531
vt 0.136253 0.000000
vt 0.097324 0.016531
vt 0.094891 0.000000
vt 0.114355 0.016531
vt 0.116788 0.000000
vt 0.756691 0.016531
vt 0.759123 0.000000
vt 0.739659 0.016531
vt 0.737602 0.000000
vt 0.720195 0.016531
vt 0.717764 0.000000
vt 0.980538 1.000000
vt 0.982968 0.983469
vt 0.009732 0.983469
vt 0.007299 0.983469
vt 0.028872 1.000000
vt 0.026757 1.000000
vt 0.863747 1.000000
vt 0.866180 0.983469
vt 0.883214 1.000000
vt 0.885645 0.983469
vt 0.846715 0.983469
vt 0.844282 0.983469
vt 0.902676 1.000000
vt 0.905109 0.983469
vt 0.515815 1.000000
vt 0.513382 1.000000
vt 0.496350 1.000000
vt 0.493917 0.983469
vt 0.532847 1.000000
vt 0.535280 0.983469
vt 0.924574 0.983469
vt 0.922141 0.983469
vt 0.474453 1.000000
vt 0.476886 0.983469
vt 0.457421 1.000000
vt 0.454988 0.983469
vt 0.830899 0.000000
vt 0.828063 0.000000
vt 0.827251 1.000000
vt 0.824818 1.000000
vt 0.844441 0.000000
vt 0.845850 0.000000
vt 0.554745 1.000000
vt 0.552311 0.983469
vt 0.966335 0.000000
vt 0.972332 0.000000
vt 0.571776 1.000000
vt 0.574209 0.983469
vt 0.983692 0.000000
vt 0.986166 0.000000
vt 0.805353 1.000000
vt 0.807786 0.983469
vt 0.437956 0.983469
vt 0.435523 0.983469
vt 0.816618 0.000000
vt 0.814229 0.000000
vt 0.812253 0.000000
vt 0.910377 0.000000
vt 0.907115 0.000000
vt 0.956522 0.000000
vt 0.954545 0.000000
vt 0.909091 0.000000
vt 0.593674 0.983469
vt 0.591241 0.983469
vt 0.418491 1.000000
vt 0.416058 0.983469
vt 0.859961 0.000000
vt 0.861660 0.000000
vt 0.937829 0.000000
vt 0.938735 0.000000
vt 0.924085 0.000000
vt 0.923149 0.000000
vt 0.610706 1.000000
vt 0.613139 0.983469
vt 0.046229 1.000000
vt 0.048662 0.983469
vt 0.396594 1.000000
vt 0.399027 0.983469
vt 0.632603 1.000000
vt 0.630170 0.983469
vt 0.649635 1.000000
vt 0.652068 0.983469
vt 0.671533 1.000000
vt 0.669100 0.983469
vt 0.891041 0.000000
vt 0.893281 0.000000
vt 0.243309 1.000000
vt 0.240876 0.983469
vt 0.877436 0.000000
vt 0.875494 0.000000
vt 0.065693 1.000000
vt 0.068127 0.983469
vt 0.204379 1.000000
vt 0.201946 0.983469
vt 0.184915 1.000000
vt 0.182482 1.000000
vt 0.260341 1.000000
vt 0.262774 0.983469
vt 0.163017 1.000000
vt 0.165450 0.983469
vt 0.340633 1.000000
vt 0.338200 0.983469
vt 0.145985 1.000000
vt 0.143552 0.983469
vt 0.282238 1.000000
vt 0.279805 0.983469
vt 0.318735 1.000000
vt 0.321168 0.983469
vt 0.301703 1.000000
vt 0.299270 0.983469
vt 0.087591 1.000000
vt 0.085158 0.983469
vt 0.126521 1.000000
vt 0.124088 0.983469
vt 0.710474 1.000000
vt 0.708029 0.983469
vt 0.746959 1.000000
vt 0.749392 0.983469
vt 0.107056 1.000000
vt 0.104623 0.983469
vt 0.729922 1.000000
vt 0.727494 0.983469
vt 0.806324 0.000000
vt 0.539422 0.000000
vt 0.485200 0.000000
vt 0.000000 0.011021
vt 0.410559 0.000000
vt 0.792490 0.000000
vt 0.790514 0.000000
vt 0.002433 0.016531
vt 0.015810 0.000000
vt 0.297767 0.000000
vt 0.702336 0.000000
vt 0.700712 0.000000
vt 0.688677 0.000000
vt 0.686905 0.000000
vt 0.729249 0.000000
vt 0.713155 0.000000
vt 0.413043 0.000000
vt 0.423038 0.000000
vt 0.681818 0.000000
vt 0.672497 0.000000
vt 0.395257 0.000000
vt 0.408723 0.000000
vt 0.428854 0.000000
vt 0.438295 0.000000
vt 0.760870 0.000000
vt 0.721254 0.000000
vt 0.721551 0.000000
vt 0.720385 0.000000
vt 0.381423 0.000000
vt 0.379447 0.000000
vt 0.838625 0.000000
vt 0.444664 0.000000
vt 0.442688 0.000000
vt 0.824933 0.000000
vt 0.822977 0.000000
vt 0.659708 0.000000
vt 0.657871 0.000000
vt 0.365613 0.000000
vt 0.358556 0.000000
vt 0.460474 0.000000
vt 0.458498 0.000000
vt 0.969118 0.000000
vt 0.972456 0.000000
vt 0.962658 0.000000
vt 0.856102 0.000000
vt 0.992157 0.000000
vt 0.349802 0.000000
vt 0.347826 0.000000
vt 0.650198 0.000000
vt 0.648221 0.000000
vt 0.476285 0.000000
vt 0.482145 0.000000
vt 0.945543 0.000000
vt 0.902578 0.000000
vt 0.041363 0.016531
vt 0.038929 0.000000
vt 0.916695 0.000000
vt 0.408759 0.016531
vt 0.411192 0.000000
vt 0.605839 0.016531
vt 0.603406 0.000000
vt 0.932196 0.000000
vt 0.930281 0.000000
vt 0.622871 0.016531
vt 0.625304 0.000000
vt 0.642336 0.016531
vt 0.644769 0.000000
vt 0.661801 0.016531
vt 0.664234 0.000000
vt 0.391728 0.016531
vt 0.389294 0.016531
vt 0.871639 0.000000
vt 0.869698 0.000000
vt 0.060827 0.000000
vt 0.058394 0.000000
vt 0.352798 0.016531
vt 0.350365 0.000000
vt 0.885222 0.000000
vt 0.255474 0.016531
vt 0.253041 0.016531
vt 0.194647 0.016531
vt 0.197081 0.000000
vt 0.177616 0.016531
vt 0.175182 0.000000
vt 0.158151 0.016531
vt 0.155718 0.000000
vt 0.330900 0.016531
vt 0.333333 0.000000
vt 0.272506 0.016531
vt 0.274939 0.000000
vt 0.077859 0.016531
vt 0.080292 0.000000
vt 0.313869 0.016531
vt 0.311436 0.000000
vt 0.294404 0.016531
vt 0.291971 0.000000
vt 0.136253 0.016531
vt 0.138686 0.000000
vt 0.099757 0.016531
vt 0.097324 0.000000
vt 0.119221 0.016531
vt 0.116788 0.016531
vt 0.759124 0.016531
vt 0.761556 0.000000
vt 0.742092 0.016531
vt 0.739661 0.000000
vt 0.722628 0.016531
vt 0.720196 0.000000
vt 0.982969 1.000000
vt 0.985401 0.983469
vt 0.009736 1.000000
vt 0.012165 0.983469
vt 0.031634 1.000000
vt 0.029197 0.983469
vt 0.866180 1.000000
vt 0.868613 0.983469
vt 0.885645 1.000000
vt 0.888078 0.983469
vt 0.849148 1.000000
vt 0.846715 1.000000
vt 0.907543 1.000000
vt 0.905109 1.000000
vt 0.498783 0.983469
vt 0.496350 0.983469
vt 0.518248 1.000000
vt 0.515815 0.983469
vt 0.924574 1.000000
vt 0.927007 0.983469
vt 0.479319 1.000000
vt 0.476886 1.000000
vt 0.459854 1.000000
vt 0.457421 0.983469
vt 0.537713 1.000000
vt 0.535280 1.000000
vt 0.832830 0.000000
vt 0.830040 0.000000
vt 0.829684 0.983469
vt 0.827251 0.983469
vt 0.557178 0.983469
vt 0.554745 0.983469
vt 0.848317 0.000000
vt 0.846379 0.000000
vt 0.807786 1.000000
vt 0.810219 0.983469
vt 0.968235 0.000000
vt 0.815540 0.000000
vt 0.437956 1.000000
vt 0.440389 0.983469
vt 0.985681 0.000000
vt 0.988142 0.000000
vt 0.576642 1.000000
vt 0.574209 1.000000
vt 0.954930 0.000000
vt 0.953032 0.000000
vt 0.908405 0.000000
vt 0.906294 0.000000
vt 0.420925 1.000000
vt 0.418491 0.983469
vt 0.593674 1.000000
vt 0.596107 0.983469
vt 0.861903 0.000000
vt 0.939737 0.000000
vt 0.940711 0.000000
vt 0.924906 0.000000
vt 0.924901 0.000000
vt 0.613139 1.000000
vt 0.615572 0.983469
vt 0.401460 1.000000
vt 0.399027 1.000000
vt 0.051095 1.000000
vt 0.048662 1.000000
vt 0.635037 1.000000
vt 0.632603 0.983469
vt 0.894940 0.000000
vt 0.892989 0.000000
vt 0.652068 1.000000
vt 0.654501 0.983469
vt 0.673966 1.000000
vt 0.671533 0.983469
vt 0.245742 1.000000
vt 0.243309 0.983469
vt 0.206813 0.983469
vt 0.204380 0.983469
vt 0.879378 0.000000
vt 0.877470 0.000000
vt 0.068127 1.000000
vt 0.070560 0.983469
vt 0.187348 1.000000
vt 0.184915 0.983469
vt 0.343066 1.000000
vt 0.340633 0.983469
vt 0.165450 1.000000
vt 0.167883 0.983469
vt 0.262774 1.000000
vt 0.265207 0.983469
vt 0.148473 1.000000
vt 0.145985 0.983469
vt 0.321168 1.000000
vt 0.323601 0.983469
vt 0.284672 0.983469
vt 0.282238 0.983469
vt 0.304136 1.000000
vt 0.301703 0.983469
vt 0.090024 1.000000
vt 0.087591 0.983469
vt 0.128954 1.000000
vt 0.126521 0.983469
vt 0.749392 1.000000
vt 0.751825 0.983469
vt 0.712895 0.983469
vt 0.710462 0.983469
vt 0.109489 1.000000
vt 0.107056 0.983469
vt 0.732352 1.000000
vt 0.729927 0.983469
vt 0.808300 0.000000
vt 0.794466 0.000000
vt 0.672593 0.000000
vt 0.004866 0.016531
vt 0.402035 0.000000
vt 0.019763 0.000000
vt 0.017787 0.000000
vt 0.697628 0.000000
vt 0.690441 0.000000
vt 0.713439 0.000000
vt 0.703917 0.000000
vt 0.731225 0.000000
vt 0.714579 0.000000
vt 0.676126 0.000000
vt 0.674313 0.000000
vt 0.426920 0.000000
vt 0.424986 0.000000
vt 0.399209 0.000000
vt 0.397233 0.000000
vt 0.762846 0.000000
vt 0.718635 0.000000
vt 0.430830 0.000000
vt 0.440163 0.000000
vt 0.745059 0.000000
vt 0.722779 0.000000
vt 0.391342 0.000000
vt 0.388243 0.000000
vt 0.840571 0.000000
vt 0.826891 0.000000
vt 0.446640 0.000000
vt 0.454942 0.000000
vt 0.667984 0.000000
vt 0.666008 0.000000
vt 0.364714 0.000000
vt 0.361600 0.000000
vt 0.471346 0.000000
vt 0.469533 0.000000
vt 0.973977 0.000000
vt 0.652174 0.000000
vt 0.644958 0.000000
vt 0.341568 0.000000
vt 0.339004 0.000000
vt 0.858046 0.000000
vt 0.994197 0.000000
vt 0.485640 0.000000
vt 0.483917 0.000000
vt 0.947441 0.000000
vt 0.413625 0.016531
vt 0.411192 0.016531
vt 0.043796 0.016531
vt 0.041363 0.000000
vt 0.608272 0.016531
vt 0.605839 0.000000
vt 0.934110 0.000000
vt 0.625304 0.016531
vt 0.627738 0.000000
vt 0.647202 0.016531
vt 0.644769 0.016531
vt 0.394161 0.016531
vt 0.391728 0.000000
vt 0.664234 0.016531
vt 0.666667 0.000000
vt 0.873580 0.000000
vt 0.060827 0.016531
vt 0.063260 0.000000
vt 0.705595 0.000000
vt 0.676357 0.000000
vt 0.887160 0.000000
vt 0.355231 0.016531
vt 0.352798 0.000000
vt 0.197080 0.016531
vt 0.199513 0.000000
vt 0.257908 0.016531
vt 0.255474 0.000000
vt 0.180049 0.016531
vt 0.177657 0.000000
vt 0.160584 0.016531
vt 0.158151 0.000000
vt 0.333333 0.016531
vt 0.335766 0.000000
vt 0.274939 0.016531
vt 0.277372 0.000000
vt 0.316302 0.000000
vt 0.313869 0.000000
vt 0.138686 0.016531
vt 0.141119 0.000000
vt 0.296837 0.000000
vt 0.294404 0.000000
vt 0.082725 0.016531
vt 0.080292 0.016531
vt 0.121655 0.016531
vt 0.119222 0.000000
vt 0.102190 0.016531
vt 0.099757 0.000000
vt 0.761557 0.016531
vt 0.763989 0.000000
vt 0.744526 0.016531
vt 0.742094 0.000000
vt 0.725060 0.000000
vt 0.722628 0.000000
vt 0.987834 1.000000
vt 0.985401 1.000000
vt 0.014593 1.000000
vt 0.012168 1.000000
vt 0.871046 1.000000
vt 0.868613 1.000000
vt 0.851581 1.000000
vt 0.849148 0.983469
vt 0.888078 1.000000
vt 0.890511 0.983469
vt 0.501217 1.000000
vt 0.498783 1.000000
vt 0.520681 0.983469
vt 0.518248 0.983469
vt 0.909976 0.983469
vt 0.907543 0.983469
vt 0.481752 0.983469
vt 0.479319 0.983469
vt 0.927007 1.000000
vt 0.929440 0.983469
vt 0.462287 0.983469
vt 0.459854 0.983469
vt 0.834764 0.000000
vt 0.829684 1.000000
vt 0.832117 0.983469
vt 0.540146 1.000000
vt 0.537713 0.983469
vt 0.557178 1.000000
vt 0.559611 0.983469
vt 0.850256 0.000000
vt 0.817399 0.000000
vt 0.812652 1.000000
vt 0.810219 1.000000
vt 0.970138 0.000000
vt 0.442822 1.000000
vt 0.440389 1.000000
vt 0.579075 1.000000
vt 0.576642 0.983469
vt 0.956830 0.000000
vt 0.423358 0.983469
vt 0.420925 0.983469
vt 0.034063 1.000000
vt 0.031630 0.983469
vt 0.910585 0.000000
vt 0.596107 1.000000
vt 0.598540 0.983469
vt 0.863844 0.000000
vt 0.403893 0.983469
vt 0.401460 0.983469
vt 0.618005 1.000000
vt 0.615572 1.000000
vt 0.053528 1.000000
vt 0.051095 0.983469
vt 0.637470 1.000000
vt 0.635036 0.983469
vt 0.654501 1.000000
vt 0.656934 0.983469
vt 0.676399 0.983469
vt 0.673966 0.983469
vt 0.248175 1.000000
vt 0.245742 0.983469
vt 0.345499 0.983469
vt 0.343066 0.983469
vt 0.189781 0.983469
vt 0.187348 0.983469
vt 0.167883 1.000000
vt 0.170316 0.983469
vt 0.070560 1.000000
vt 0.072993 0.983469
vt 0.150852 1.000000
vt 0.148418 0.983469
vt 0.265207 1.000000
vt 0.267640 0.983469
vt 0.323601 1.000000
vt 0.326034 0.983469
vt 0.284672 1.000000
vt 0.287105 0.983469
vt 0.306569 1.000000
vt 0.304136 0.983469
vt 0.131387 1.000000
vt 0.128954 0.983469
vt 0.092457 0.983469
vt 0.090024 0.983469
vt 0.754258 1.000000
vt 0.751825 1.000000
vt 0.712903 1.000000
vt 0.715328 0.983469
vt 0.734781 1.000000
vt 0.732360 0.983469
vt 0.111922 1.000000
vt 0.109489 0.983469
vt 0.796443 0.000000
vt 0.671807 0.000000
vt 0.367615 0.000000
vt 0.384146 0.000000
vt 0.021739 0.000000
vt 0.290845 0.000000
vt 0.701581 0.000000
vt 0.699605 0.000000
vt 0.717391 0.000000
vt 0.715415 0.000000
vt 0.683794 0.000000
vt 0.677935 0.000000
vt 0.733202 0.000000
vt 0.715938 0.000000
vt 0.416996 0.000000
vt 0.415020 0.000000
vt 0.715594 0.000000
vt 0.715776 0.000000
vt 0.412970 0.000000
vt 0.410868 0.000000
vt 0.432806 0.000000
vt 0.442026 0.000000
vt 0.747036 0.000000
vt 0.723841 0.000000
vt 0.385375 0.000000
vt 0.383399 0.000000
vt 0.828850 0.000000
vt 0.842514 0.000000
vt 0.669960 0.000000
vt 0.661542 0.000000
vt 0.458604 0.000000
vt 0.456775 0.000000
vt 0.367589 0.000000
vt 0.367910 0.000000
vt 0.464427 0.000000
vt 0.462451 0.000000
vt 0.964564 0.000000
vt 0.654150 0.000000
vt 0.646810 0.000000
vt 0.351779 0.000000
vt 0.344225 0.000000
vt 0.588808 0.016531
vt 0.591241 0.000000
vt 0.588808 0.000000
vt 0.951239 0.000000
vt 0.949338 0.000000
vt 0.416058 0.000000
vt 0.413625 0.000000
vt 0.918667 0.000000
vt 0.046229 0.016531
vt 0.043796 0.000000
vt 0.936023 0.000000
vt 0.610706 0.016531
vt 0.608272 0.000000
vt 0.396594 0.016531
vt 0.394161 0.000000
vt 0.627737 0.016531
vt 0.630170 0.000000
vt 0.649635 0.016531
vt 0.647213 0.000000
vt 0.666667 0.016531
vt 0.669100 0.000000
vt 0.240876 0.000000
vt 0.889099 0.000000
vt 0.705596 0.016531
vt 0.708180 0.000000
vt 0.875520 0.000000
vt 0.065693 0.016531
vt 0.063260 0.016531
vt 0.199513 0.016531
vt 0.201947 0.000000
vt 0.182482 0.016531
vt 0.180049 0.000000
vt 0.260341 0.016531
vt 0.257908 0.000000
vt 0.163017 0.016531
vt 0.160584 0.000000
vt 0.335766 0.016531
vt 0.338200 0.000000
vt 0.277372 0.016531
vt 0.279805 0.000000
vt 0.141119 0.016531
vt 0.143552 0.000000
vt 0.318735 0.016531
vt 0.316302 0.016531
vt 0.299270 0.016531
vt 0.296837 0.016531
vt 0.085158 0.000000
vt 0.082725 0.000000
vt 0.124088 0.000000
vt 0.121655 0.000000
vt 0.763990 0.016531
vt 0.104623 0.000000
vt 0.102190 0.000000
vt 0.746959 0.016531
vt 0.744526 0.000000
vt 0.725061 0.016531
vt 0.727491 0.000000
vt 0.990265 1.000000
vt 0.987835 0.983469
vt 0.970937 1.000000
vt 0.941606 0.983469
vt 0.017032 1.000000
vt 0.014599 0.983469
vt 0.873479 1.000000
vt 0.871046 0.983469
vt 0.854015 1.000000
vt 0.851582 0.983469
vt 0.890511 1.000000
vt 0.892944 0.983469
vt 0.503650 1.000000
vt 0.501217 0.983469
vt 0.520681 1.000000
vt 0.523114 0.983469
vt 0.909976 1.000000
vt 0.912409 0.983469
vt 0.481752 1.000000
vt 0.484185 0.983469
vt 0.929440 1.000000
vt 0.931874 0.983469
vt 0.832117 1.000000
vt 0.834550 0.983469
vt 0.462287 1.000000
vt 0.464720 0.983469
vt 0.542579 0.983469
vt 0.540146 0.983469
vt 0.562044 1.000000
vt 0.559611 1.000000
vt 0.819313 0.000000
vt 0.815085 1.000000
vt 0.812652 0.983469
vt 0.852195 0.000000
vt 0.445255 1.000000
vt 0.442822 0.983469
vt 0.973963 0.000000
vt 0.972046 0.000000
vt 0.987690 0.000000
vt 0.581509 1.000000
vt 0.579075 0.983469
vt 0.958732 0.000000
vt 0.423358 1.000000
vt 0.425791 0.983469
vt 0.795624 1.000000
vt 0.766423 0.983469
vt 0.036496 0.983469
vt 0.034063 0.983469
vt 0.598540 1.000000
vt 0.600973 0.983469
vt 0.941642 0.000000
vt 0.403893 1.000000
vt 0.406326 0.983469
vt 0.899547 0.000000
vt 0.896963 0.000000
vt 0.928247 0.000000
vt 0.926321 0.000000
vt 0.865786 0.000000
vt 0.620438 1.000000
vt 0.618005 0.983469
vt 0.639902 1.000000
vt 0.637470 0.983469
vt 0.055961 1.000000
vt 0.053528 0.983469
vt 0.656934 1.000000
vt 0.659367 0.983469
vt 0.386861 1.000000
vt 0.384428 0.983469
vt 0.384428 1.000000
vt 0.250608 1.000000
vt 0.248175 0.983469
vt 0.345499 1.000000
vt 0.347932 0.983469
vt 0.189781 1.000000
vt 0.192214 0.983469
vt 0.883266 0.000000
vt 0.881322 0.000000
vt 0.170316 1.000000
vt 0.172749 0.983469
vt 0.153285 0.983469
vt 0.150852 0.983469
vt 0.267640 1.000000
vt 0.270073 0.983469
vt 0.072993 1.000000
vt 0.075426 0.983469
vt 0.328467 1.000000
vt 0.326034 1.000000
vt 0.287105 1.000000
vt 0.289538 0.983469
vt 0.309002 1.000000
vt 0.306569 0.983469
vt 0.133820 1.000000
vt 0.131387 0.983469
vt 0.092457 1.000000
vt 0.094891 0.983469
vt 0.756691 1.000000
vt 0.754258 0.983469
vt 0.114355 1.000000
vt 0.111922 0.983469
vt 0.737226 0.983469
vt 0.734793 0.983469
vt 0.715333 1.000000
vt 0.717762 0.983469
vt 0.798419 0.000000
vt 0.668374 0.000000
vt 0.009732 0.016531
vt 0.007299 0.016531
vt 0.280535 0.000000
vt 0.285182 0.000000
vt 0.703557 0.000000
vt 0.692195 0.000000
vt 0.719368 0.000000
vt 0.705463 0.000000
vt 0.687747 0.000000
vt 0.685771 0.000000
vt 0.735178 0.000000
vt 0.717222 0.000000
vt 0.430748 0.000000
vt 0.428840 0.000000
vt 0.401186 0.000000
vt 0.415038 0.000000
vt 0.434783 0.000000
vt 0.443884 0.000000
vt 0.750988 0.000000
vt 0.749012 0.000000
vt 0.387352 0.000000
vt 0.394237 0.000000
vt 0.369565 0.000000
vt 0.371200 0.000000
vt 0.830809 0.000000
vt 0.665204 0.000000
vt 0.663375 0.000000
vt 0.844457 0.000000
vt 0.448617 0.000000
vt 0.460432 0.000000
vt 0.966470 0.000000
vt 0.466403 0.000000
vt 0.473156 0.000000
vt 0.980685 0.000000
vt 0.656126 0.000000
vt 0.648659 0.000000
vt 0.355731 0.000000
vt 0.353755 0.000000
vt 0.818075 0.000000
vt 0.910848 0.000000
vt 0.593674 0.016531
vt 0.591241 0.016531
vt 0.416058 0.016531
vt 0.418491 0.000000
vt 0.859990 0.000000
vt 0.937932 0.000000
vt 0.920625 0.000000
vt 0.613139 0.016531
vt 0.610706 0.000000
vt 0.048662 0.016531
vt 0.046229 0.000000
vt 0.399027 0.000000
vt 0.396594 0.000000
vt 0.630170 0.016531
vt 0.632603 0.000000
vt 0.652068 0.016531
vt 0.649635 0.000000
vt 0.669100 0.016531
vt 0.671533 0.000000
vt 0.891039 0.000000
vt 0.240876 0.016531
vt 0.243309 0.000000
vt 0.877460 0.000000
vt 0.068127 0.016531
vt 0.065693 0.000000
vt 0.201946 0.016531
vt 0.204379 0.000000
vt 0.184915 0.000000
vt 0.182482 0.000000
vt 0.262774 0.016531
vt 0.260341 0.000000
vt 0.165450 0.016531
vt 0.163017 0.000000
vt 0.338200 0.016531
vt 0.340633 0.000000
vt 0.143552 0.016531
vt 0.145985 0.000000
vt 0.279805 0.016531
vt 0.282238 0.000000
vt 0.321168 0.016531
vt 0.318735 0.000000
vt 0.301703 0.000000
vt 0.299270 0.000000
vt 0.085158 0.016531
vt 0.087591 0.000000
vt 0.124088 0.016531
vt 0.126521 0.000000
vt 0.708029 0.016531
vt 0.710474 0.000000
vt 0.749392 0.016531
vt 0.746959 0.000000
vt 0.104623 0.016531
vt 0.107056 0.000000
vt 0.727494 0.016531
vt 0.729922 0.000000
vt 0.990268 0.983469
vt 0.970803 0.983469
vt 0.017032 0.983469
vt 0.873479 0.983469
vt 0.854015 0.983469
vt 0.892944 1.000000
vt 0.503650 0.983469
vt 0.523114 1.000000
vt 0.834550 1.000000
vt 0.484185 1.000000
vt 0.912409 1.000000
vt 0.931874 1.000000
vt 0.464720 1.000000
vt 0.836699 0.000000
vt 0.542579 1.000000
vt 0.821244 0.000000
vt 0.815085 0.983469
vt 0.562044 0.983469
vt 0.445255 0.983469
vt 0.989721 0.000000
vt 0.581509 0.983469
vt 0.425791 1.000000
vt 0.795620 0.983469
vt 0.036496 1.000000
vt 0.943544 0.000000
vt 0.912963 0.000000
vt 0.600973 1.000000
vt 0.406326 1.000000
vt 0.620438 0.983469
vt 0.867728 0.000000
vt 0.639903 0.983469
vt 0.659367 1.000000
vt 0.055961 0.983469
vt 0.386861 0.983469
vt 0.206750 1.000000
vt 0.676357 1.000000
vt 0.355231 1.000000
vt 0.250608 0.983469
vt 0.347932 1.000000
vt 0.192214 1.000000
vt 0.172749 1.000000
vt 0.153285 1.000000
vt 0.270073 1.000000
vt 0.328467 0.983469
vt 0.075426 1.000000
vt 0.289538 1.000000
vt 0.309002 0.983469
vt 0.133820 0.983469
vt 0.094891 1.000000
vt 0.114355 0.983469
vt 0.756691 0.983469
vt 0.737602 1.000000
vt 0.717764 1.000000
vt 0.661843 0.000000
vt 0.352388 0.000000
vt 0.023715 0.000000
vt 0.036756 0.000000
vt 0.693936 0.000000
vt 0.764822 0.000000
vt 0.706984 0.000000
vt 0.679741 0.000000
vt 0.718415 0.000000
vt 0.403162 0.000000
vt 0.418972 0.000000
vt 0.724555 0.000000
vt 0.396946 0.000000
vt 0.371542 0.000000
vt 0.445736 0.000000
vt 0.671937 0.000000
vt 0.450593 0.000000
vt 0.846399 0.000000
vt 0.650506 0.000000
vt 0.968378 0.000000
vt 0.816595 0.000000
vt 0.346962 0.000000
vt 0.982999 0.000000
vt 0.474964 0.000000
vt 0.953138 0.000000
vt 0.906600 0.000000
vt 0.418491 0.016531
vt 0.593674 0.000000
vt 0.861931 0.000000
vt 0.922570 0.000000
vt 0.613139 0.000000
vt 0.399027 0.016531
vt 0.048662 0.000000
vt 0.632603 0.016531
vt 0.892979 0.000000
vt 0.652068 0.000000
vt 0.671533 0.016531
vt 0.355231 0.000000
vt 0.206750 0.000000
vt 0.206813 0.016531
vt 0.243309 0.016531
vt 0.204380 0.016531
vt 0.068127 0.000000
vt 0.184915 0.016531
vt 0.340633 0.016531
vt 0.165450 0.000000
vt 0.262774 0.000000
vt 0.145985 0.016531
vt 0.321168 0.000000
vt 0.282238 0.016531
vt 0.301703 0.016531
vt 0.087591 0.016531
vt 0.126521 0.016531
vt 0.749392 0.000000
vt 0.710462 0.016531
vt 0.107056 0.016531
vt 0.729927 0.016531
vt 0.997567 0.016531
vt 0.997567 0.983469
vt 0.388243 0.000000
vt 0.384951 0.000000
vt 0.720385 0.000000
vt 0.014599 0.016531
vt 0.017032 0.016531
vt 0.019465 0.016531
vt 0.021898 0.016531
vt 0.024331 0.016531
vt 0.026764 0.016531
vt 0.029197 0.016531
vt 0.425791 0.016531
vt 0.428224 0.016531
vt 0.430657 0.016531
vt 0.433090 0.016531
vt 0.435523 0.016531
vt 0.437956 0.016531
vt 0.440389 0.016531
vt 0.442822 0.016531
vt 0.445255 0.016531
vt 0.447689 0.016531
vt 0.450122 0.016531
vt 0.452555 0.016531
vt 0.454988 0.016531
vt 0.457421 0.016531
vt 0.459854 0.016531
vt 0.462287 0.016531
vt 0.464720 0.016531
vt 0.467153 0.016531
vt 0.469586 0.016531
vt 0.472019 0.016531
vt 0.474453 0.016531
vt 0.476886 0.016531
vt 0.479319 0.016531
vt 0.481752 0.016531
vt 0.484185 0.016531
vt 0.486618 0.016531
vt 0.489051 0.016531
vt 0.491484 0.016531
vt 0.493917 0.016531
vt 0.496350 0.016531
vt 0.498783 0.016531
vt 0.501217 0.016531
vt 0.503650 0.016531
vt 0.506083 0.016531
vt 0.508516 0.016531
vt 0.510949 0.016531
vt 0.513382 0.016531
vt 0.515815 0.016531
vt 0.518248 0.016531
vt 0.520681 0.016531
vt 0.523114 0.016531
vt 0.525547 0.016531
vt 0.527981 0.016531
vt 0.530414 0.016531
vt 0.532847 0.016531
vt 0.535280 0.016531
vt 0.537713 0.016531
vt 0.540146 0.016531
vt 0.542579 0.016531
vt 0.545012 0.016531
vt 0.547445 0.016531
vt 0.549878 0.016531
vt 0.552311 0.016531
vt 0.554745 0.016531
vt 0.557178 0.016531
vt 0.559611 0.016531
vt 0.562044 0.016531
vt 0.564477 0.016531
vt 0.566910 0.016531
vt 0.569343 0.016531
vt 0.571776 0.016531
vt 0.574209 0.016531
vt 0.576642 0.016531
vt 0.579075 0.016531
vt 0.581509 0.016531
vt 0.583942 0.016531
vt 0.586375 0.016531
vt 0.795620 0.016531
vt 0.798054 0.016531
vt 0.800487 0.016531
vt 0.802920 0.016531
vt 0.805353 0.016531
vt 0.807786 0.016531
vt 0.810219 0.016531
vt 0.812652 0.016531
vt 0.815085 0.016531
vt 0.817518 0.016531
vt 0.819951 0.016531
vt 0.824818 0.016531
vt 0.822384 0.016531
vt 0.827251 0.016531
vt 0.829684 0.016531
vt 0.832117 0.016531
vt 0.834550 0.016531
vt 0.836983 0.016531
vt 0.839416 0.016531
vt 0.841849 0.016531
vt 0.844282 0.016531
vt 0.849148 0.016531
vt 0.846715 0.016531
vt 0.851582 0.016531
vt 0.854015 0.016531
vt 0.856448 0.016531
vt 0.858881 0.016531
vt 0.861314 0.016531
vt 0.863747 0.016531
vt 0.866180 0.016531
vt 0.868613 0.016531
vt 0.871046 0.016531
vt 0.873479 0.016531
vt 0.875912 0.016531
vt 0.878345 0.016531
vt 0.880779 0.016531
vt 0.883212 0.016531
vt 0.885645 0.016531
vt 0.888078 0.016531
vt 0.890511 0.016531
vt 0.892944 0.016531
vt 0.895377 0.016531
vt 0.897810 0.016531
vt 0.900243 0.016531
vt 0.902676 0.016531
vt 0.905109 0.016531
vt 0.907543 0.016531
vt 0.909976 0.016531
vt 0.912409 0.016531
vt 0.914842 0.016531
vt 0.917275 0.016531
vt 0.919708 0.016531
vt 0.922141 0.016531
vt 0.924574 0.016531
vt 0.927007 0.016531
vt 0.929440 0.016531
vt 0.931874 0.016531
vt 0.934307 0.016531
vt 0.936740 0.016531
vt 0.939173 0.016531
vt 0.941606 0.016531
vt 0.970803 0.016531
vt 0.973236 0.016531
vt 0.975669 0.016531
vt 0.978102 0.016531
vt 0.980535 0.016531
vt 0.982968 0.016531
vt 0.985401 0.016531
vt 0.987835 0.016531
vt 0.990268 0.016531
vt 0.992701 0.016531
vt 0.995134 0.016531
vt 0.020833 0.983469
vt 0.000000 0.016531
vt 0.979167 0.016531
vt 0.979167 0.983469
vt 0.041667 0.016531
vt 0.020833 0.016531
vt 0.062500 0.983469
vt 0.041667 0.983469
vt 0.083333 0.983469
vt 0.062500 0.016531
vt 0.104167 0.983469
vt 0.083333 0.016531
vt 0.125000 0.983469
vt 0.104167 0.016531
vt 0.145833 0.983469
vt 0.125000 0.016531
vt 0.166667 0.983469
vt 0.145833 0.016531
vt 0.187500 0.983469
vt 0.166667 0.016531
vt 0.208333 0.983469
vt 0.187500 0.016531
vt 0.229167 0.983469
vt 0.208333 0.016531
vt 0.250000 0.983469
vt 0.229167 0.016531
vt 0.270833 0.983469
vt 0.250000 0.016531
vt 0.291667 0.983469
vt 0.270833 0.016531
vt 0.312500 0.983469
vt 0.291667 0.016531
vt 0.333333 0.983469
vt 0.312500 0.016531
vt 0.354167 0.983469
vt 0.375000 0.983469
vt 0.354167 0.016531
vt 0.395833 0.983469
vt 0.375000 0.016531
vt 0.416667 0.983469
vt 0.395833 0.016531
vt 0.437500 0.016531
vt 0.416667 0.016531
vt 0.458333 0.983469
vt 0.437500 0.983469
vt 0.479167 0.983469
vt 0.458333 0.016531
vt 0.500000 0.983469
vt 0.479167 0.016531
vt 0.520833 0.983469
vt 0.500000 0.016531
vt 0.541667 0.983469
vt 0.520833 0.016531
vt 0.562500 0.983469
vt 0.541667 0.016531
vt 0.583333 0.983469
vt 0.562500 0.016531
vt 0.604167 0.983469
vt 0.583333 0.016531
vt 0.625000 0.983469
vt 0.604167 0.016531
vt 0.645833 0.983469
vt 0.625000 0.016531
vt 0.645833 0.016531
vt 0.687500 0.983469
vt 0.708333 0.983469
vt 0.687500 0.016531
vt 0.729167 0.983469
vt 0.708333 0.016531
vt 0.750000 0.983469
vt 0.729167 0.016531
vt 0.770833 0.983469
vt 0.750000 0.016531
vt 0.791667 0.983469
vt 0.770833 0.016531
vt 0.812500 0.983469
vt 0.791667 0.016531
vt 0.833333 0.983469
vt 0.812500 0.016531
vt 0.854167 0.983469
vt 0.833333 0.016531
vt 0.875000 0.983469
vt 0.854167 0.016531
vt 0.895833 0.983469
vt 0.875000 0.016531
vt 0.916667 0.983469
vt 0.895833 0.016531
vt 0.937500 0.983469
vt 0.916667 0.016531
vt 0.958333 0.016531
vt 0.937500 0.016531
vt 0.958333 0.983469
vt 0.423358 0.000000
vt 0.989476 0.000000
vt 0.901582 0.000000
vt 0.810277 0.000000
vt 0.990057 0.000000
vt 0.478261 0.000000
vt 0.901446 0.000000
vt 0.025692 0.000000
vt 1.000000 0.016531
vt 0.095319 0.000000
vt 0.093505 0.000000
vt 0.236027 0.000000
vt 0.091690 0.000000
vt 0.237861 0.000000
vt 0.239694 0.000000
vt 0.241527 0.000000
vt 0.089872 0.000000
vt 0.088053 0.000000
vt 0.243361 0.000000
vt 0.245194 0.000000
vt 0.086233 0.000000
vt 0.084413 0.000000
vt 0.248862 0.000000
vt 0.247028 0.000000
vt 0.082594 0.000000
vt 0.250697 0.000000
vt 0.080774 0.000000
vt 0.254367 0.000000
vt 0.078957 0.000000
vt 0.256204 0.000000
vt 0.077141 0.000000
vt 0.259879 0.000000
vt 0.075328 0.000000
vt 0.261718 0.000000
vt 0.073519 0.000000
vt 0.265398 0.000000
vt 0.071717 0.000000
vt 0.267239 0.000000
vt 0.069925 0.000000
vt 0.269082 0.000000
vt 0.068148 0.000000
vt 0.272773 0.000000
vt 0.066390 0.000000
vt 0.274626 0.000000
vt 0.270926 0.000000
vt 0.064652 0.000000
vt 0.279102 0.000000
vt 0.062921 0.000000
vt 0.299973 0.000000
vt 0.061179 0.000000
vt 0.059419 0.000000
vt 0.302777 0.000000
vt 0.304649 0.000000
vt 0.057641 0.000000
vt 0.306506 0.000000
vt 0.055852 0.000000
vt 0.308365 0.000000
vt 0.054059 0.000000
vt 0.310232 0.000000
vt 0.052265 0.000000
vt 0.312105 0.000000
vt 0.050473 0.000000
vt 0.313987 0.000000
vt 0.048686 0.000000
vt 0.315881 0.000000
vt 0.046906 0.000000
vt 0.317786 0.000000
vt 0.045134 0.000000
vt 0.319707 0.000000
vt 0.043374 0.000000
vt 0.321648 0.000000
vt 0.041628 0.000000
vt 0.323614 0.000000
vt 0.039901 0.000000
vt 0.325613 0.000000
vt 0.038200 0.000000
vt 0.327654 0.000000
vt 0.036756 0.000000
vt 0.329751 0.000000
vt 0.280535 0.000000
vt 0.715594 0.000000
vt 0.285183 0.000000
vt 0.290845 0.000000
vt 0.297768 0.000000
vt 0.315385 0.000000
vt 0.326324 0.000000
vt 0.338615 0.000000
vt 0.384147 0.000000
vt 0.352388 0.000000
vt 0.367615 0.000000
vt 0.402035 0.000000
vt 0.410559 0.000000
vt 0.485200 0.000000
vt 0.539422 0.000000
vt 0.613299 0.000000
vt 0.581859 0.000000
vt 0.635772 0.000000
vt 0.651389 0.000000
vt 0.661843 0.000000
vt 0.670811 0.000000
vt 0.668373 0.000000
vt 0.671807 0.000000
vt 0.672593 0.000000
vt 0.665107 0.000000
vt 0.715777 0.000000
vt 0.263557 0.000000
vt 0.098934 0.000000
vt 0.097129 0.000000
vt 0.230525 0.000000
vt 0.232359 0.000000
vt 0.228690 0.000000
vt 0.226854 0.000000
vt 0.102542 0.000000
vt 0.100749 0.000000
vt 0.225016 0.000000
vt 0.223177 0.000000
vt 0.221335 0.000000
vt 0.106079 0.000000
vt 0.104319 0.000000
vt 0.219489 0.000000
vt 0.217637 0.000000
vt 0.109523 0.000000
vt 0.107815 0.000000
vt 0.213907 0.000000
vt 0.212018 0.000000
vt 0.112789 0.000000
vt 0.111187 0.000000
vt 0.210128 0.000000
vt 0.206267 0.000000
vt 0.114293 0.000000
vt 0.115641 0.000000
vt 0.204293 0.000000
vt 0.202280 0.000000
vt 0.117416 0.000000
vt 0.116734 0.000000
vt 0.198090 0.000000
vt 0.119932 0.000000
vt 0.118889 0.000000
vt 0.128866 0.000000
vt 0.195877 0.000000
vt 0.122686 0.000000
vt 0.121245 0.000000
vt 0.125720 0.000000
vt 0.124186 0.000000
vt 0.127281 0.000000
vt 0.132138 0.000000
vt 0.130481 0.000000
vt 0.135728 0.000000
vt 0.133864 0.000000
vt 0.139234 0.000000
vt 0.137911 0.000000
vt 0.142229 0.000000
vt 0.140694 0.000000
vt 0.145415 0.000000
vt 0.143810 0.000000
vt 0.148636 0.000000
vt 0.147029 0.000000
vt 0.151752 0.000000
vt 0.150219 0.000000
vt 0.154496 0.000000
vt 0.153198 0.000000
vt 0.186233 0.000000
vt 0.155580 0.000000
vt 0.188552 0.000000
vt 0.191081 0.000000
vt 0.188015 0.000000
vt 0.193550 0.000000
vt 0.200218 0.000000
vt 0.208210 0.000000
vt 0.252532 0.000000
vt 0.349771 0.000000
vt 0.346963 0.000000
vt 0.718635 0.000000
vt 0.721254 0.000000
vt 0.355573 0.000000
vt 0.352644 0.000000
vt 0.358557 0.000000
vt 0.724352 0.000000
vt 0.364714 0.000000
vt 0.724770 0.000000
vt 0.367910 0.000000
vt 0.361600 0.000000
vt 0.371200 0.000000
vt 0.215777 0.000000
vt 0.723841 0.000000
vt 0.374583 0.000000
vt 0.722779 0.000000
vt 0.378041 0.000000
vt 0.721550 0.000000
vt 0.381523 0.000000
vt 0.720372 0.000000
vt 0.720426 0.000000
vt 0.719500 0.000000
vt 0.391342 0.000000
vt 0.718416 0.000000
vt 0.394237 0.000000
vt 0.717222 0.000000
vt 0.396945 0.000000
vt 0.715939 0.000000
vt 0.714579 0.000000
vt 0.399501 0.000000
vt 0.713155 0.000000
vt 0.401935 0.000000
vt 0.404271 0.000000
vt 0.708582 0.000000
vt 0.406528 0.000000
vt 0.706984 0.000000
vt 0.705464 0.000000
vt 0.408723 0.000000
vt 0.410868 0.000000
vt 0.703918 0.000000
vt 0.702336 0.000000
vt 0.412970 0.000000
vt 0.415038 0.000000
vt 0.700711 0.000000
vt 0.699054 0.000000
vt 0.419085 0.000000
vt 0.697369 0.000000
vt 0.421072 0.000000
vt 0.695661 0.000000
vt 0.423038 0.000000
vt 0.693935 0.000000
vt 0.424987 0.000000
vt 0.692194 0.000000
vt 0.426919 0.000000
vt 0.690442 0.000000
vt 0.428840 0.000000
vt 0.688678 0.000000
vt 0.430748 0.000000
vt 0.686905 0.000000
vt 0.434537 0.000000
vt 0.685124 0.000000
vt 0.436419 0.000000
vt 0.432648 0.000000
vt 0.683336 0.000000
vt 0.438295 0.000000
vt 0.681541 0.000000
vt 0.440163 0.000000
vt 0.679741 0.000000
vt 0.442026 0.000000
vt 0.677935 0.000000
vt 0.443883 0.000000
vt 0.676125 0.000000
vt 0.445736 0.000000
vt 0.674314 0.000000
vt 0.447584 0.000000
vt 0.449428 0.000000
vt 0.672496 0.000000
vt 0.451269 0.000000
vt 0.670678 0.000000
vt 0.453107 0.000000
vt 0.454942 0.000000
vt 0.668855 0.000000
vt 0.667031 0.000000
vt 0.456775 0.000000
vt 0.458605 0.000000
vt 0.665204 0.000000
vt 0.663375 0.000000
vt 0.460433 0.000000
vt 0.462258 0.000000
vt 0.659708 0.000000
vt 0.465900 0.000000
vt 0.657871 0.000000
vt 0.656032 0.000000
vt 0.469533 0.000000
vt 0.652350 0.000000
vt 0.473156 0.000000
vt 0.650506 0.000000
vt 0.474964 0.000000
vt 0.648659 0.000000
vt 0.476767 0.000000
vt 0.646811 0.000000
vt 0.480359 0.000000
vt 0.644959 0.000000
vt 0.482144 0.000000
vt 0.643100 0.000000
vt 0.483917 0.000000
vt 0.641213 0.000000
vt 0.485640 0.000000
vt 0.487364 0.000000
vt 0.607096 0.000000
vt 0.580251 0.000000
vt 0.606696 0.000000
vt 0.586590 0.000000
vt 0.606246 0.000000
vt 0.605748 0.000000
vt 0.605208 0.000000
vt 0.604633 0.000000
vt 0.604029 0.000000
vt 0.603403 0.000000
vt 0.602762 0.000000
vt 0.600811 0.000000
vt 0.602114 0.000000
vt 0.601462 0.000000
vt 0.600451 0.000000
vt 0.598285 0.000000
vt 0.596696 0.000000
vt 0.595263 0.000000
vt 0.593925 0.000000
vt 0.592654 0.000000
vt 0.591446 0.000000
vt 0.590315 0.000000
vt 0.589280 0.000000
vt 0.587024 0.000000
vt 0.588368 0.000000
vt 0.587605 0.000000
vt 0.552302 0.000000
vt 0.505688 0.000000
vt 0.550838 0.000000
vt 0.515379 0.000000
vt 0.509030 0.000000
vt 0.549168 0.000000
vt 0.543690 0.000000
vt 0.547386 0.000000
vt 0.545552 0.000000
vt 0.541816 0.000000
vt 0.536194 0.000000
vt 0.539937 0.000000
vt 0.538062 0.000000
vt 0.534345 0.000000
vt 0.528691 0.000000
vt 0.532534 0.000000
vt 0.530805 0.000000
vt 0.526699 0.000000
vt 0.524759 0.000000
vt 0.522848 0.000000
vt 0.520954 0.000000
vt 0.519076 0.000000
vt 0.517215 0.000000
vt 0.513581 0.000000
vt 0.511853 0.000000
vt 0.510284 0.000000
vt 0.498033 0.000000
vt 0.496257 0.000000
vt 0.489147 0.000000
vt 0.464080 0.000000
vt 0.417074 0.000000
vt 0.499829 0.000000
vt 0.501668 0.000000
vt 0.503591 0.000000
vt 0.494487 0.000000
vt 0.234194 0.000000
vt 0.492713 0.000000
vt 0.490932 0.000000
vt 0.258041 0.000000
vt 0.478567 0.000000
vt 0.276505 0.000000
vt 0.331921 0.000000
vt 0.334180 0.000000
vt 0.336539 0.000000
vt 0.339003 0.000000
vt 0.341568 0.000000
vt 0.344225 0.000000
vt 0.066390 0.000000
vt 0.068148 0.000000
vt 0.274626 0.000000
vt 0.069925 0.000000
vt 0.272773 0.000000
vt 0.276506 0.000000
vt 0.279102 0.000000
vt 0.071717 0.000000
vt 0.269081 0.000000
vt 0.073519 0.000000
vt 0.267239 0.000000
vt 0.270926 0.000000
vt 0.075328 0.000000
vt 0.265398 0.000000
vt 0.077141 0.000000
vt 0.261718 0.000000
vt 0.259879 0.000000
vt 0.256204 0.000000
vt 0.082594 0.000000
vt 0.084413 0.000000
vt 0.248862 0.000000
vt 0.088053 0.000000
vt 0.245195 0.000000
vt 0.243361 0.000000
vt 0.089872 0.000000
vt 0.091690 0.000000
vt 0.241528 0.000000
vt 0.239694 0.000000
vt 0.237860 0.000000
vt 0.095319 0.000000
vt 0.236027 0.000000
vt 0.234194 0.000000
vt 0.232359 0.000000
vt 0.097129 0.000000
vt 0.098934 0.000000
vt 0.230525 0.000000
vt 0.226854 0.000000
vt 0.100749 0.000000
vt 0.102542 0.000000
vt 0.225016 0.000000
vt 0.104319 0.000000
vt 0.221335 0.000000
vt 0.106078 0.000000
vt 0.219488 0.000000
vt 0.223177 0.000000
vt 0.107815 0.000000
vt 0.217637 0.000000
vt 0.109523 0.000000
vt 0.213907 0.000000
vt 0.111187 0.000000
vt 0.212018 0.000000
vt 0.112789 0.000000
vt 0.210128 0.000000
vt 0.208210 0.000000
vt 0.114293 0.000000
vt 0.206267 0.000000
vt 0.115641 0.000000
vt 0.204293 0.000000
vt 0.116734 0.000000
vt 0.202280 0.000000
vt 0.117416 0.000000
vt 0.198090 0.000000
vt 0.118889 0.000000
vt 0.195878 0.000000
vt 0.119932 0.000000
vt 0.155580 0.000000
vt 0.121245 0.000000
vt 0.122686 0.000000
vt 0.124186 0.000000
vt 0.125720 0.000000
vt 0.127281 0.000000
vt 0.130481 0.000000
vt 0.132138 0.000000
vt 0.133864 0.000000
vt 0.137911 0.000000
vt 0.139234 0.000000
vt 0.140694 0.000000
vt 0.142229 0.000000
vt 0.143810 0.000000
vt 0.145415 0.000000
vt 0.147029 0.000000
vt 0.151752 0.000000
vt 0.148636 0.000000
vt 0.150219 0.000000
vt 0.153198 0.000000
vt 0.154496 0.000000
vt 0.186232 0.000000
vt 0.188552 0.000000
vt 0.188015 0.000000
vt 0.191081 0.000000
vt 0.193550 0.000000
vt 0.228690 0.000000
vt 0.062921 0.000000
vt 0.064652 0.000000
vt 0.299973 0.000000
vt 0.059419 0.000000
vt 0.061179 0.000000
vt 0.302777 0.000000
vt 0.055853 0.000000
vt 0.057641 0.000000
vt 0.308366 0.000000
vt 0.306506 0.000000
vt 0.304649 0.000000
vt 0.052265 0.000000
vt 0.312105 0.000000
vt 0.310231 0.000000
vt 0.048686 0.000000
vt 0.050473 0.000000
vt 0.315880 0.000000
vt 0.313987 0.000000
vt 0.045134 0.000000
vt 0.046906 0.000000
vt 0.319708 0.000000
vt 0.317786 0.000000
vt 0.041628 0.000000
vt 0.043374 0.000000
vt 0.323614 0.000000
vt 0.321648 0.000000
vt 0.325613 0.000000
vt 0.038200 0.000000
vt 0.039901 0.000000
vt 0.327654 0.000000
vt 0.329751 0.000000
vt 0.200218 0.000000
vt 0.215777 0.000000
vt 0.487364 0.000000
vt 0.606695 0.000000
vt 0.607097 0.000000
vt 0.586590 0.000000
vt 0.580250 0.000000
vt 0.605748 0.000000
vt 0.606246 0.000000
vt 0.604634 0.000000
vt 0.605209 0.000000
vt 0.603404 0.000000
vt 0.604030 0.000000
vt 0.602114 0.000000
vt 0.602763 0.000000
vt 0.600812 0.000000
vt 0.601462 0.000000
vt 0.598286 0.000000
vt 0.600452 0.000000
vt 0.595263 0.000000
vt 0.596697 0.000000
vt 0.592654 0.000000
vt 0.593924 0.000000
vt 0.590315 0.000000
vt 0.587024 0.000000
vt 0.588368 0.000000
vt 0.589281 0.000000
vt 0.587605 0.000000
vt 0.550838 0.000000
vt 0.552302 0.000000
vt 0.515379 0.000000
vt 0.505687 0.000000
vt 0.547386 0.000000
vt 0.549168 0.000000
vt 0.543690 0.000000
vt 0.545552 0.000000
vt 0.539938 0.000000
vt 0.541816 0.000000
vt 0.536194 0.000000
vt 0.538062 0.000000
vt 0.532535 0.000000
vt 0.534345 0.000000
vt 0.528691 0.000000
vt 0.530804 0.000000
vt 0.524760 0.000000
vt 0.526699 0.000000
vt 0.520954 0.000000
vt 0.522848 0.000000
vt 0.519075 0.000000
vt 0.513580 0.000000
vt 0.510285 0.000000
vt 0.511853 0.000000
vt 0.509031 0.000000
vt 0.503590 0.000000
vt 0.490932 0.000000
vt 0.492713 0.000000
vt 0.489147 0.000000
vt 0.494487 0.000000
vt 0.501667 0.000000
vt 0.499828 0.000000
vt 0.498033 0.000000
vt 0.496257 0.000000
vt 0.247028 0.000000
vt 0.252532 0.000000
vt 0.258042 0.000000
vt 0.263557 0.000000
s 1
usemtl jestei-blue-plastic
f 173/1/1 174/2/2 175/3/3
f 176/4/4 177/5/5 178/6/6
f 1079/7/7 1080/8/8 1081/9/9
f 1082/10/10 1083/11/11 1084/12/12
f 711/13/13 709/14/14 710/15/14
f 2/16/15 714/17/16 1/18/17
f 694/19/18 696/20/19 693/21/18
f 1/22/17 4/23/20 2/24/15
f 19/25/21 17/26/22 18/27/23
f 637/28/24 635/29/25 636/30/25
f 621/31/26 619/32/27 620/33/27
f 652/34/28 654/35/29 651/36/28
f 376/37/30 378/38/31 375/39/30
f 604/40/32 606/41/33 603/42/34
f 361/43/35 359/44/36 360/45/36
f 392/46/37 394/47/38 391/48/37
f 684/49/39 686/50/40 683/51/39
f 669/52/41 667/53/42 668/54/42
f 344/55/43 346/56/44 343/57/43
f 742/58/45 744/59/46 741/60/45
f 408/61/47 410/62/48 407/63/47
f 727/64/49 725/65/50 726/66/50
f 589/67/51 587/68/52 588/69/52
f 328/70/53 330/71/54 327/72/53
f 424/73/55 426/74/56 423/75/55
f 887/76/57 885/77/58 886/78/58
f 871/79/59 869/80/60 870/81/60
f 759/82/61 757/83/62 758/84/62
f 902/85/63 904/86/64 901/87/63
f 312/88/65 314/89/66 311/90/65
f 572/91/67 574/92/68 571/93/67
f 440/94/69 442/95/70 439/96/69
f 854/97/71 856/98/72 853/99/71
f 806/100/73 808/101/74 805/102/75
f 34/103/76 36/104/77 33/105/76
f 823/106/78 821/107/79 822/108/80
f 296/109/81 298/110/82 295/111/81
f 456/112/83 458/113/84 455/114/83
f 839/115/85 837/116/86 838/117/86
f 473/118/87 471/119/88 472/120/88
f 489/121/89 487/122/90 488/123/90
f 505/124/91 503/125/92 504/126/92
f 280/127/93 282/128/94 279/129/93
f 775/130/95 773/131/96 774/132/96
f 51/133/97 49/134/98 50/135/98
f 270/136/99 272/137/100 269/138/99
f 790/139/101 792/140/102 789/141/101
f 190/142/103 192/143/104 189/144/103
f 162/145/105 164/146/106 161/147/105
f 146/148/107 148/149/108 145/150/107
f 130/151/109 132/152/110 129/153/109
f 255/154/111 253/155/112 254/156/112
f 207/157/113 205/158/114 206/159/114
f 67/160/115 65/161/116 66/162/116
f 238/163/117 240/164/118 237/165/117
f 222/166/119 224/167/120 221/168/119
f 115/169/121 113/170/122 114/171/122
f 82/172/123 84/173/124 81/174/123
f 98/175/125 100/176/126 97/177/125
f 563/178/127 561/179/128 562/180/129
f 546/181/130 548/182/131 545/183/130
f 530/184/132 532/185/133 529/186/134
f 1610/187/135 1612/188/136 1609/189/137
f 918/190/138 920/191/139 917/192/140
f 1536/193/141 1538/194/142 1535/195/141
f 1520/196/143 1522/197/144 1519/198/143
f 1553/199/145 1551/200/146 1552/201/146
f 1276/202/147 1278/203/148 1275/204/147
f 1293/205/149 1291/206/150 1292/207/150
f 1568/208/151 1570/209/152 1567/210/151
f 1261/211/153 1259/212/154 1260/213/154
f 1585/214/155 1583/215/156 1584/216/156
f 1245/217/157 1243/218/158 1244/219/158
f 1642/220/159 1644/221/160 1641/222/159
f 1505/223/161 1503/224/162 1504/225/162
f 1308/226/163 1310/227/164 1307/228/163
f 1325/229/165 1323/230/166 1324/231/166
f 1658/232/167 1660/233/168 1657/234/167
f 1627/235/169 1625/236/170 1626/237/171
f 1488/238/172 1490/239/173 1487/240/172
f 1787/241/174 1785/242/175 1786/243/175
f 1228/244/176 1230/245/177 1227/246/176
f 1803/247/178 1801/248/179 1802/249/179
f 1340/250/180 1342/251/181 1339/252/180
f 1770/253/182 1772/254/183 1769/255/182
f 1213/256/184 1211/257/185 1212/258/185
f 934/259/186 936/260/187 933/261/188
f 1722/262/189 1724/263/190 1721/264/189
f 1357/265/191 1355/266/192 1356/267/192
f 1755/268/193 1753/269/194 1754/270/194
f 1675/271/195 1673/272/196 1674/273/196
f 1739/274/197 1737/275/198 1738/276/198
f 1197/277/199 1195/278/200 1196/279/200
f 1706/280/201 1708/281/202 1705/282/201
f 1372/283/203 1374/284/204 1371/285/203
f 950/286/205 952/287/206 949/288/205
f 1388/289/207 1390/290/208 1387/291/207
f 1405/292/209 1403/293/210 1404/294/210
f 1421/295/211 1419/296/212 1420/297/213
f 1090/298/214 1092/299/215 1089/300/214
f 1171/301/216 1169/302/217 1170/303/217
f 1063/304/218 1061/305/219 1062/306/219
f 1691/307/220 1689/308/221 1690/309/221
f 1047/310/222 1045/311/223 1046/312/223
f 967/313/224 965/314/225 966/315/225
f 1030/316/226 1032/317/227 1029/318/226
f 1107/319/228 1105/320/229 1106/321/229
f 1155/322/230 1153/323/231 1154/324/231
f 1123/325/232 1121/326/233 1122/327/233
f 1138/328/234 1140/329/235 1137/330/234
f 1014/331/236 1016/332/237 1013/333/236
f 983/334/238 981/335/239 982/336/239
f 1462/337/240 1464/338/241 1461/339/242
f 1431/340/243 1429/341/244 1430/342/245
f 1446/343/246 1448/344/247 1445/345/248
f 998/346/249 1000/347/250 997/348/249
f 714/17/16 712/349/251 711/13/13
f 695/350/252 698/351/253 696/20/19
f 3/352/254 6/353/255 4/23/20
f 19/25/21 22/354/256 20/355/21
f 623/356/257 622/357/258 621/31/26
f 639/358/259 638/359/24 637/28/24
f 653/360/29 656/361/260 654/35/29
f 607/362/261 606/41/33 605/363/33
f 379/364/262 378/38/31 377/365/31
f 361/43/35 364/366/263 362/367/35
f 685/368/264 688/369/265 686/50/40
f 393/370/38 396/371/266 394/47/38
f 671/372/267 670/373/41 669/52/41
f 347/374/268 346/56/44 345/375/44
f 743/376/46 746/377/269 744/59/46
f 729/378/270 728/379/49 727/64/49
f 409/380/48 412/381/271 410/62/48
f 589/67/51 592/382/272 590/383/51
f 331/384/273 330/71/54 329/385/54
f 427/386/274 426/74/56 425/387/56
f 889/388/275 888/389/57 887/76/57
f 871/79/59 874/390/276 872/391/59
f 573/392/68 576/393/277 574/92/68
f 315/394/278 314/89/66 313/395/66
f 761/396/279 760/397/61 759/82/61
f 903/398/64 906/399/280 904/86/64
f 443/400/281 442/95/70 441/401/70
f 807/402/282 810/403/283 808/101/74
f 855/404/72 858/405/284 856/98/72
f 297/406/82 300/407/285 298/110/82
f 35/408/77 38/409/286 36/104/77
f 823/106/78 826/410/287 824/411/288
f 457/412/84 460/413/289 458/113/84
f 841/414/290 840/415/85 839/115/85
f 475/416/291 474/417/87 473/118/87
f 489/121/89 492/418/292 490/419/89
f 281/420/94 284/421/293 282/128/94
f 507/422/294 506/423/295 505/124/91
f 175/3/3 176/4/4 173/1/1
f 777/424/296 776/425/95 775/130/95
f 53/426/297 52/427/97 51/133/97
f 791/428/102 794/429/298 792/140/102
f 271/430/100 274/431/299 272/137/100
f 165/432/300 164/146/106 163/433/106
f 191/434/104 194/435/301 192/143/104
f 147/436/108 150/437/302 148/149/108
f 131/438/110 134/439/303 132/152/110
f 257/440/304 256/441/111 255/154/111
f 209/442/305 208/443/113 207/157/113
f 239/444/118 242/445/306 240/164/118
f 117/446/307 116/447/121 115/169/121
f 225/448/308 224/167/120 223/449/120
f 67/160/115 70/450/309 68/451/115
f 99/452/126 102/453/310 100/176/126
f 83/454/124 86/455/311 84/173/124
f 565/456/312 564/457/313 563/178/127
f 547/458/314 550/459/315 548/182/131
f 533/460/316 532/185/133 531/461/133
f 1611/462/317 1614/463/318 1612/188/136
f 919/464/319 922/465/320 920/191/139
f 1537/466/142 1540/467/321 1538/194/142
f 1521/468/144 1524/469/322 1522/197/144
f 1555/470/323 1554/471/145 1553/199/145
f 1277/472/148 1280/473/324 1278/203/148
f 1295/474/325 1294/475/149 1293/205/149
f 1571/476/326 1570/209/152 1569/477/152
f 1263/478/327 1262/479/153 1261/211/153
f 1587/480/328 1586/481/155 1585/214/155
f 1507/482/329 1506/483/161 1505/223/161
f 1247/484/330 1246/485/157 1245/217/157
f 1645/486/331 1644/221/160 1643/487/160
f 1311/488/332 1310/227/164 1309/489/164
f 1325/229/165 1328/490/333 1326/491/165
f 1627/235/169 1630/492/334 1628/493/335
f 1489/494/173 1492/495/336 1490/239/173
f 1659/496/168 1662/497/337 1660/233/168
f 1229/498/177 1232/499/338 1230/245/177
f 1787/241/174 1790/500/220 1788/501/174
f 1805/502/339 1804/503/178 1803/247/178
f 1343/504/340 1342/251/181 1341/505/181
f 1771/506/183 1774/507/341 1772/254/183
f 1215/508/342 1214/509/184 1213/510/184
f 1474/511/343 1476/512/344 1473/513/345
f 937/514/346 936/260/187 935/515/187
f 1723/516/190 1726/517/347 1724/263/190
f 1359/518/348 1358/519/191 1357/265/191
f 1757/520/349 1756/521/193 1755/268/193
f 1199/522/350 1198/523/199 1197/277/199
f 1707/524/202 1710/525/351 1708/281/202
f 1739/274/197 1742/526/160 1740/527/197
f 1677/528/352 1676/529/195 1675/271/195
f 1373/530/204 1376/531/353 1374/284/204
f 1389/532/208 1392/533/354 1390/290/208
f 951/534/206 954/535/355 952/287/206
f 1407/536/356 1406/537/209 1405/292/209
f 1182/538/357 1184/539/358 1181/540/357
f 1091/541/215 1094/542/359 1092/299/215
f 1173/543/360 1172/544/216 1171/301/216
f 1065/545/361 1064/546/218 1063/304/218
f 1691/307/220 1694/547/362 1692/548/220
f 1049/549/363 1048/550/222 1047/310/222
f 1033/551/364 1032/317/227 1031/552/227
f 1109/553/365 1108/554/228 1107/319/228
f 969/555/366 968/556/224 967/313/224
f 1155/322/230 1158/557/367 1156/558/230
f 1125/559/368 1124/560/232 1123/325/232
f 1139/561/235 1142/562/369 1140/329/235
f 1015/563/237 1018/564/370 1016/332/237
f 985/565/371 984/566/238 983/334/238
f 1463/567/372 1466/568/373 1464/338/241
f 999/569/250 1002/570/374 1000/347/250
f 1449/571/375 1448/344/247 1447/572/247
f 1433/573/376 1432/574/377 1431/340/243
f 697/575/253 700/576/378 698/351/253
f 7/577/379 6/353/255 5/578/380
f 21/579/381 24/580/382 22/354/256
f 623/356/257 626/581/383 624/582/257
f 639/358/259 642/583/384 640/584/259
f 609/585/385 608/586/261 607/362/261
f 655/587/260 658/588/386 656/361/260
f 379/364/262 382/589/387 380/590/262
f 689/591/388 688/369/265 687/592/265
f 365/593/389 364/366/263 363/594/263
f 395/595/266 398/596/390 396/371/266
f 673/597/391 672/598/267 671/372/267
f 347/374/268 350/599/392 348/600/268
f 731/601/393 730/602/270 729/378/270
f 745/603/269 748/604/394 746/377/269
f 591/605/272 594/606/395 592/382/272
f 413/607/396 412/381/271 411/608/271
f 333/609/397 332/610/273 331/384/273
f 427/386/274 430/611/398 428/612/274
f 891/613/399 890/614/275 889/388/275
f 873/615/276 876/616/400 874/390/276
f 575/617/277 578/618/401 576/393/277
f 317/619/402 316/620/278 315/394/278
f 445/621/403 444/622/281 443/400/281
f 761/396/279 764/623/404 762/624/279
f 859/625/283 858/405/284 857/626/284
f 301/627/405 300/407/285 299/628/285
f 825/629/287 828/630/406 826/410/287
f 37/631/286 40/632/407 38/409/286
f 843/633/408 842/634/290 841/414/290
f 459/635/289 462/636/409 460/413/289
f 283/637/293 286/638/410 284/421/293
f 477/639/411 476/640/291 475/416/291
f 491/641/292 494/642/412 492/418/292
f 509/643/413 508/644/414 507/422/294
f 179/645/415 178/6/6 177/5/5
f 793/646/298 796/647/416 794/429/298
f 519/648/417 517/649/418 518/650/418
f 779/651/419 778/652/296 777/424/296
f 53/426/297 56/653/420 54/654/297
f 167/655/421 166/656/422 165/432/300
f 149/657/302 152/658/423 150/437/302
f 193/659/301 196/660/424 194/435/301
f 133/661/303 136/662/425 134/439/303
f 259/663/426 258/664/304 257/440/304
f 211/665/427 210/666/305 209/442/305
f 119/667/428 118/668/307 117/446/307
f 241/669/306 244/670/429 242/445/306
f 227/671/430 226/672/308 225/448/308
f 71/673/431 70/450/309 69/674/309
f 103/675/432 102/453/310 101/676/310
f 567/677/433 566/678/434 565/456/312
f 87/679/435 86/455/311 85/680/311
f 549/681/436 552/682/437 550/459/315
f 535/683/438 534/684/439 533/460/316
f 1613/685/318 1616/686/440 1614/463/318
f 1598/687/441 1600/688/442 1597/689/441
f 921/690/443 924/691/444 922/465/320
f 1541/692/445 1540/467/321 1539/693/321
f 1525/694/446 1524/469/322 1523/695/322
f 1557/696/447 1556/697/323 1555/470/323
f 1281/698/448 1280/473/324 1279/699/324
f 1297/700/449 1296/701/325 1295/474/325
f 1509/702/450 1508/703/329 1507/482/329
f 1263/478/327 1266/704/451 1264/705/327
f 1573/706/452 1572/707/326 1571/476/326
f 1589/708/453 1588/709/328 1587/480/328
f 1247/484/330 1250/710/454 1248/711/330
f 1647/60/455 1646/712/331 1645/486/331
f 1311/488/332 1314/713/456 1312/714/332
f 1631/65/457 1630/492/334 1629/715/334
f 1493/716/458 1492/495/336 1491/717/336
f 1327/718/333 1330/719/459 1328/490/333
f 1233/720/460 1232/499/338 1231/721/338
f 1791/77/461 1790/500/220 1789/722/220
f 1661/723/337 1664/724/462 1662/497/337
f 1773/725/341 1776/726/463 1774/507/341
f 1807/87/464 1806/727/339 1805/502/339
f 1345/728/465 1344/729/340 1343/504/340
f 1215/508/342 1218/730/466 1216/731/342
f 1475/732/467 1478/733/468 1476/734/344
f 939/735/469 938/736/346 937/514/346
f 1759/99/470 1758/737/349 1757/520/349
f 1725/738/347 1728/739/471 1726/517/347
f 1361/740/472 1360/741/348 1359/518/348
f 1709/742/351 1712/743/473 1710/525/351
f 1199/522/350 1202/744/474 1200/745/350
f 1743/116/475 1742/526/160 1741/746/160
f 1375/747/353 1378/748/476 1376/531/353
f 1679/131/477 1678/749/352 1677/528/352
f 1391/750/354 1394/751/478 1392/533/354
f 1407/536/356 1410/752/479 1408/753/356
f 955/754/480 954/535/355 953/755/355
f 1183/756/358 1186/757/481 1184/539/358
f 1093/758/359 1096/759/482 1094/542/359
f 1175/760/483 1174/761/360 1173/543/360
f 1695/141/484 1694/547/362 1693/762/362
f 1065/545/361 1068/763/485 1066/764/361
f 1051/765/486 1050/766/363 1049/549/363
f 1035/767/487 1034/768/364 1033/551/364
f 1109/553/365 1112/769/488 1110/770/365
f 1157/771/367 1160/772/489 1158/557/367
f 969/555/366 972/773/164 970/774/366
f 1127/775/490 1126/776/368 1125/559/368
f 1143/777/491 1142/562/369 1141/778/369
f 1017/779/370 1020/780/492 1018/564/370
f 987/781/493 986/782/371 985/565/371
f 1001/783/374 1004/784/494 1002/570/374
f 1465/785/495 1468/786/496 1466/568/373
f 1451/787/497 1450/788/498 1449/571/375
f 1435/789/499 1434/790/500 1433/573/376
f 699/791/501 702/792/502 700/576/378
f 7/577/379 10/793/503 8/794/504
f 25/795/505 24/580/382 23/796/506
f 625/797/383 628/798/507 626/581/383
f 641/799/384 644/800/508 642/583/384
f 609/585/385 612/801/509 610/802/385
f 657/803/386 660/804/510 658/588/386
f 383/805/511 382/589/387 381/806/387
f 367/807/512 366/808/389 365/593/389
f 397/809/390 400/810/513 398/596/390
f 673/597/391 676/811/514 674/812/391
f 349/813/392 352/814/515 350/599/392
f 335/815/516 334/816/397 333/609/397
f 733/817/517 732/818/393 731/601/393
f 595/819/518 594/606/395 593/820/395
f 747/821/394 750/822/519 748/604/394
f 415/823/520 414/824/396 413/607/396
f 875/825/400 878/826/521 876/616/400
f 429/827/398 432/828/522 430/611/398
f 893/829/523 892/830/524 891/613/399
f 577/831/401 580/832/525 578/618/401
f 317/619/402 320/833/526 318/834/402
f 716/835/527 718/836/528 715/837/527
f 810/403/283 716/835/527 715/837/527
f 906/399/280 811/838/279 812/839/279
f 859/625/283 862/840/529 860/841/283
f 811/838/279 814/842/530 812/839/279
f 445/621/403 448/843/531 446/844/403
f 303/845/532 302/846/405 301/627/405
f 763/847/404 766/848/533 764/623/404
f 845/849/534 844/850/408 843/633/408
f 829/851/535 828/630/406 827/852/536
f 461/853/409 464/854/537 462/636/409
f 39/855/407 42/856/538 40/632/407
f 285/857/410 288/858/539 286/638/410
f 479/859/540 478/860/411 477/639/411
f 493/861/412 496/862/541 494/642/412
f 511/863/542 510/864/413 509/643/413
f 795/865/416 798/866/543 796/647/416
f 181/867/544 180/868/415 179/645/415
f 781/869/545 780/870/419 779/651/419
f 55/871/420 58/872/546 56/653/420
f 169/873/547 168/874/421 167/655/421
f 153/875/548 152/658/423 151/876/549
f 195/877/424 198/878/550 196/660/424
f 135/879/551 138/880/552 136/662/425
f 261/881/553 260/882/426 259/663/426
f 121/883/554 120/884/428 119/667/428
f 213/885/555 212/886/427 211/665/427
f 243/887/429 246/888/556 244/670/429
f 229/889/557 228/890/430 227/671/430
f 73/891/558 72/892/431 71/673/431
f 105/893/559 104/894/432 103/675/432
f 521/895/560 520/896/561 519/648/417
f 551/897/562 554/898/563 552/682/437
f 89/899/564 88/900/435 87/679/435
f 537/901/565 536/902/566 535/683/438
f 1615/903/440 1618/904/567 1616/686/440
f 1619/905/568 907/906/569 908/907/570
f 1601/908/571 1600/688/442 1599/909/442
f 909/910/572 908/907/570 907/906/569
f 923/911/573 926/912/574 924/691/444
f 1541/692/445 1544/913/575 1542/914/445
f 1525/694/446 1528/915/576 1526/916/446
f 1559/917/577 1558/918/447 1557/696/447
f 1283/919/578 1282/920/448 1281/698/448
f 1511/921/579 1510/922/450 1509/702/450
f 1265/923/451 1268/924/580 1266/704/451
f 1299/925/581 1298/926/449 1297/700/449
f 1591/927/582 1590/928/453 1589/708/453
f 1573/706/452 1576/929/583 1574/930/452
f 1251/931/584 1250/710/454 1249/932/454
f 1649/59/585 1648/933/455 1647/60/455
f 1315/934/586 1314/713/456 1313/935/456
f 1631/65/457 1634/936/587 1632/937/457
f 1493/716/458 1496/938/588 1494/939/458
f 1235/940/589 1234/941/460 1233/720/460
f 1331/942/590 1330/719/459 1329/943/459
f 1791/77/461 1794/944/591 1792/945/461
f 1775/80/463 1778/946/592 1776/726/463
f 1663/83/462 1666/947/593 1664/724/462
f 1809/86/594 1808/948/464 1807/87/464
f 1219/949/595 1218/730/466 1217/950/466
f 1479/951/596 1478/733/468 1477/952/468
f 1347/953/597 1346/954/465 1345/728/465
f 1761/98/598 1760/955/470 1759/99/470
f 1711/102/473 1714/956/599 1712/743/473
f 941/957/600 940/958/469 939/735/469
f 1727/107/471 1730/959/601 1728/739/471
f 1201/960/474 1204/961/602 1202/744/474
f 1363/962/603 1362/963/472 1361/740/472
f 1743/116/475 1746/964/604 1744/965/475
f 1377/966/476 1380/967/605 1378/748/476
f 1393/968/478 1396/969/606 1394/751/478
f 1409/970/479 1412/971/607 1410/752/479
f 1187/972/608 1186/757/481 1185/973/481
f 1679/131/477 1682/974/609 1680/975/477
f 955/754/480 958/976/610 956/977/480
f 1177/978/611 1176/979/483 1175/760/483
f 1697/140/612 1696/980/484 1695/141/484
f 1097/981/613 1096/759/482 1095/982/482
f 1067/983/614 1070/984/615 1068/763/485
f 1053/985/616 1052/986/486 1051/765/486
f 1037/987/617 1036/988/487 1035/767/487
f 1159/989/489 1162/990/618 1160/772/489
f 1111/991/488 1114/992/619 1112/769/488
f 971/993/164 974/994/620 972/773/164
f 1145/995/621 1144/996/491 1143/777/491
f 1129/997/622 1128/998/490 1127/775/490
f 1019/999/492 1022/1000/623 1020/780/492
f 989/1001/624 988/1002/493 987/781/493
f 1005/1003/625 1004/784/494 1003/1004/494
f 1467/1005/626 1470/1006/627 1468/786/496
f 1453/1007/628 1452/1008/629 1451/787/497
f 1437/1009/630 1436/1010/631 1435/789/499
f 701/1011/632 704/1012/633 702/792/502
f 9/1013/634 12/1014/635 10/793/503
f 27/1015/636 26/1016/637 25/795/505
f 627/1017/507 630/1018/638 628/798/507
f 643/1019/508 646/1020/639 644/800/508
f 613/1021/640 612/801/509 611/1022/509
f 661/1023/641 660/804/510 659/1024/510
f 367/807/512 370/1025/642 368/1026/512
f 385/1027/643 384/1028/511 383/805/511
f 675/1029/514 678/1030/644 676/811/514
f 353/1031/645 352/814/515 351/1032/515
f 337/1033/646 336/1034/516 335/815/516
f 401/1035/647 400/810/513 399/1036/513
f 735/1037/648 734/1038/517 733/817/517
f 595/819/518 598/1039/649 596/1040/518
f 415/823/520 418/1041/650 416/1042/520
f 751/1043/651 750/822/519 749/1044/519
f 579/1045/525 582/1046/652 580/832/525
f 877/1047/521 880/243/653 878/826/521
f 717/1048/528 720/237/654 718/836/528
f 319/1049/526 322/1050/655 320/833/526
f 895/1051/656 894/1052/523 893/829/523
f 433/1053/657 432/828/522 431/1054/522
f 863/1055/658 862/840/529 861/1056/529
f 815/1057/659 814/842/530 813/1058/530
f 305/1059/660 304/1060/532 303/845/532
f 447/1061/531 450/1062/661 448/843/531
f 765/1063/533 768/273/662 766/848/533
f 847/1064/663 846/1065/534 845/849/534
f 831/1066/664 830/1067/665 829/851/535
f 463/1068/537 466/1069/666 464/854/537
f 289/1070/667 288/858/539 287/1071/668
f 43/1072/669 42/856/538 41/1073/538
f 481/1074/670 480/1075/671 479/859/540
f 799/1076/672 798/866/543 797/1077/543
f 495/1078/541 498/1079/673 496/862/541
f 513/1080/674 512/1081/542 511/863/542
f 183/1082/675 182/1083/544 181/867/544
f 169/873/547 172/1084/676 170/1085/677
f 783/1086/678 782/1087/545 781/869/545
f 57/1088/546 60/1089/679 58/872/546
f 155/1090/680 154/1091/681 153/875/548
f 263/1092/682 262/1093/553 261/881/553
f 137/1094/552 140/1095/683 138/880/552
f 197/1096/550 200/1097/684 198/878/550
f 123/1098/685 122/1099/554 121/883/554
f 245/1100/556 248/1101/686 246/888/556
f 213/885/555 216/1102/687 214/1103/555
f 231/1104/688 230/1105/557 229/889/557
f 75/1106/689 74/1107/690 73/891/558
f 107/1108/691 106/1109/559 105/893/559
f 553/1110/692 556/1111/693 554/898/563
f 521/895/560 524/1112/694 522/1113/695
f 91/1114/696 90/1115/564 89/899/564
f 539/1116/697 538/1117/565 537/901/565
f 1617/1118/698 1619/905/568 1618/904/567
f 1603/1119/699 1602/1120/571 1601/908/571
f 911/1121/700 910/1122/701 909/910/572
f 927/1123/702 926/912/574 925/1124/574
f 1527/1125/576 1530/1126/703 1528/915/576
f 1543/1127/575 1546/1128/704 1544/913/575
f 1561/1129/705 1560/1130/577 1559/917/577
f 1511/921/579 1514/1131/706 1512/1132/579
f 1283/919/578 1286/1133/707 1284/1134/578
f 1269/1135/708 1268/924/580 1267/1136/580
f 1593/1137/709 1592/1138/710 1591/927/582
f 1301/1139/711 1300/1140/581 1299/925/581
f 1575/1141/583 1578/1142/712 1576/929/583
f 1251/931/584 1254/1143/713 1252/1144/584
f 1651/377/714 1650/1145/585 1649/59/585
f 1633/379/587 1636/1146/715 1634/936/587
f 1317/1147/716 1316/1148/586 1315/934/586
f 1497/1149/717 1496/938/588 1495/1150/588
f 1235/940/589 1238/1151/718 1236/1152/589
f 1331/942/590 1334/1153/719 1332/1154/590
f 1793/389/591 1796/1155/720 1794/944/591
f 1779/390/721 1778/946/592 1777/391/592
f 1481/1156/722 1480/1157/596 1479/951/596
f 1219/949/595 1222/1158/723 1220/1159/595
f 1665/397/593 1668/1160/724 1666/947/593
f 1811/399/725 1810/1161/594 1809/86/594
f 1347/953/597 1350/1162/726 1348/1163/597
f 1715/403/727 1714/956/599 1713/101/599
f 1763/405/728 1762/1164/598 1761/98/598
f 1205/1165/729 1204/961/602 1203/1166/602
f 943/1167/730 942/1168/600 941/957/600
f 1731/410/731 1730/959/601 1729/411/601
f 1365/1169/732 1364/1170/603 1363/962/603
f 1745/415/604 1748/1171/733 1746/964/604
f 1379/1172/605 1382/1173/734 1380/967/605
f 1397/1174/735 1396/969/606 1395/1175/606
f 1189/1176/736 1188/1177/608 1187/972/608
f 1411/1178/607 1414/1179/737 1412/971/607
f 1082/10/10 1080/8/8 1079/7/7
f 1681/425/609 1684/1180/738 1682/974/609
f 957/1181/610 960/1182/739 958/976/610
f 1421/295/211 1424/1183/740 1422/1184/741
f 1699/429/742 1698/1185/612 1697/140/612
f 1179/1186/743 1178/1187/611 1177/978/611
f 1069/1188/744 1072/1189/745 1070/984/615
f 1099/1190/746 1098/1191/613 1097/981/613
f 1055/1192/747 1054/1193/616 1053/985/616
f 1039/1194/748 1038/1195/749 1037/987/617
f 1161/1196/618 1164/1197/750 1162/990/618
f 1113/1198/619 1116/1199/751 1114/992/619
f 1145/995/621 1148/1200/752 1146/1201/621
f 1021/1202/623 1024/1203/753 1022/1000/623
f 1129/997/622 1132/1204/754 1130/1205/622
f 975/1206/755 974/994/620 973/1207/620
f 1007/1208/756 1006/1209/625 1005/1003/625
f 991/1210/757 990/1211/624 989/1001/624
f 1469/1212/758 1472/1213/759 1470/1006/627
f 1455/1214/760 1454/1215/761 1453/1007/628
f 1437/1009/630 1440/1216/762 1438/1217/630
f 705/1218/763 704/1012/633 703/1219/764
f 13/1220/765 12/1014/635 11/1221/766
f 631/1222/767 630/1018/638 629/1223/638
f 615/1224/768 614/1225/640 613/1021/640
f 645/1226/639 648/1227/769 646/1020/639
f 371/1228/770 370/1025/642 369/1229/642
f 385/1027/643 388/1230/771 386/1231/643
f 661/1023/641 664/1232/772 662/1233/641
f 353/1031/645 356/1234/773 354/1235/645
f 677/1236/644 680/1237/774 678/1030/644
f 337/1033/646 340/1238/775 338/1239/646
f 737/1240/776 736/220/648 735/1037/648
f 597/1241/649 600/1242/777 598/1039/649
f 403/1243/116 402/1244/647 401/1035/647
f 417/1245/650 420/1246/778 418/1041/650
f 753/1247/779 752/232/651 751/1043/651
f 719/1248/654 722/235/780 720/237/654
f 583/1249/781 582/1046/652 581/1250/652
f 879/1251/653 882/241/782 880/243/653
f 323/1252/783 322/1050/655 321/1253/655
f 895/1051/656 898/247/784 896/249/656
f 435/1254/785 434/1255/657 433/1053/657
f 865/1256/786 864/253/658 863/1055/658
f 305/1059/660 308/1257/787 306/1258/660
f 29/1259/788 28/1260/789 27/1015/636
f 817/1261/790 816/262/659 815/1057/659
f 449/1262/661 452/1263/791 450/1062/661
f 847/1064/663 850/268/792 848/270/663
f 767/1264/662 770/271/793 768/273/662
f 831/1066/664 834/274/794 832/276/795
f 289/1070/667 292/1265/796 290/1266/667
f 799/1076/672 802/524/797 800/280/672
f 467/1267/798 466/1069/666 465/1268/666
f 45/1269/799 44/1270/669 43/1072/669
f 483/1271/800 482/1272/670 481/1074/670
f 497/1273/673 500/1274/801 498/1079/673
f 513/1080/674 516/1275/802 514/1276/803
f 185/1277/804 184/1278/675 183/1082/675
f 263/1092/682 266/1279/805 264/1280/682
f 155/1090/680 158/1281/806 156/1282/680
f 783/1086/678 786/307/807 784/309/678
f 139/1283/683 142/1284/808 140/1095/683
f 59/1285/679 62/1286/809 60/1089/679
f 125/1287/810 124/1288/685 123/1098/685
f 199/1289/684 202/1290/811 200/1097/684
f 247/1291/686 250/1292/812 248/1101/686
f 215/1293/687 218/1294/813 216/1102/687
f 233/1295/814 232/1296/688 231/1104/688
f 109/1297/815 108/1298/691 107/1108/691
f 75/1106/689 78/1299/816 76/1300/689
f 557/1301/817 556/1111/693 555/1302/693
f 523/1303/818 526/1304/819 524/1112/694
f 541/1305/820 540/1306/821 539/1116/697
f 93/1307/822 92/1308/696 91/1114/696
f 1605/1309/823 1604/1310/824 1603/1119/699
f 911/1121/700 914/1311/825 912/1312/826
f 929/1313/827 928/1314/828 927/1123/702
f 1531/1315/829 1530/1126/703 1529/1316/703
f 1547/1317/830 1546/1128/704 1545/1318/704
f 1513/1319/706 1516/1320/831 1514/1131/706
f 1563/1321/832 1562/1322/705 1561/1129/705
f 1287/1323/833 1286/1133/707 1285/1324/707
f 1593/1137/709 1596/1325/834 1594/1326/709
f 1269/1135/708 1272/1327/835 1270/1328/708
f 1303/1329/836 1302/1330/711 1301/1139/711
f 1577/1331/712 1580/1332/837 1578/1142/712
f 1255/1333/838 1254/1143/713 1253/1334/713
f 1635/602/715 1638/1335/839 1636/1146/715
f 1653/604/840 1652/1336/714 1651/377/714
f 1499/1337/841 1498/1338/717 1497/1149/717
f 1317/1147/716 1320/1339/842 1318/1340/716
f 1237/1341/718 1240/1342/843 1238/1151/718
f 1335/1343/844 1334/1153/719 1333/1344/719
f 1797/830/845 1796/1155/720 1795/614/846
f 1781/616/847 1780/1345/721 1779/390/721
f 1483/1346/848 1482/1347/722 1481/1156/722
f 1221/1348/723 1224/1349/849 1222/1158/723
f 1349/1350/726 1352/1351/850 1350/1352/726
f 1669/623/851 1668/1160/724 1667/624/724
f 1763/405/728 1766/1353/727 1764/1354/728
f 1205/1165/729 1208/1355/852 1206/1356/729
f 1733/630/853 1732/1357/731 1731/410/731
f 945/1358/854 944/1359/730 943/1167/730
f 1747/634/733 1750/1360/855 1748/1171/733
f 1367/1361/856 1366/1362/732 1365/1169/732
f 1191/1363/857 1190/1364/736 1189/1176/736
f 1381/1365/734 1384/1366/858 1382/1173/734
f 1399/1367/859 1398/1368/735 1397/1174/735
f 1413/1369/737 1416/1370/860 1414/1179/737
f 1083/11/11 1086/1371/861 1084/12/12
f 1701/647/862 1700/1372/742 1699/429/742
f 1423/1373/740 1426/1374/863 1424/1183/740
f 1683/652/738 1686/1375/864 1684/1180/738
f 961/1376/865 960/1182/739 959/1377/739
f 1071/1378/866 1074/1379/867 1072/1189/745
f 1057/1380/868 1056/1381/869 1055/1192/747
f 1101/1382/870 1100/1383/746 1099/1190/746
f 1041/1384/871 1040/1385/748 1039/1194/748
f 1163/1386/750 1166/1387/872 1164/1197/750
f 1115/1388/751 1118/1389/873 1116/1199/751
f 1023/1390/753 1026/1391/874 1024/1203/753
f 1149/1392/875 1148/1200/752 1147/1393/752
f 1133/1394/876 1132/1204/754 1131/1395/754
f 975/1206/755 978/1396/877 976/1397/755
f 1007/1208/756 1010/1398/878 1008/1399/756
f 1471/1400/879 1473/513/345 1472/1213/759
f 991/1210/757 994/1401/880 992/1402/757
f 1457/1403/881 1456/1404/882 1455/1214/760
f 1439/1405/883 1442/1406/884 1440/1216/762
f 707/1407/885 706/1408/886 705/1218/763
f 691/1409/887 690/1410/388 689/591/388
f 15/1411/888 14/1412/889 13/1220/765
f 633/1413/890 632/1414/767 631/1222/767
f 617/1415/891 616/1416/768 615/1224/768
f 647/1417/769 650/1418/892 648/1227/769
f 373/1419/893 372/1420/770 371/1228/770
f 387/1421/771 390/1422/894 388/1230/771
f 663/1423/772 666/1424/895 664/1232/772
f 355/1425/773 358/1426/896 356/1234/773
f 679/1427/774 682/1428/897 680/1237/774
f 599/1429/777 602/1430/898 600/1242/777
f 339/1431/775 342/1432/899 340/1238/775
f 737/1240/776 740/486/900 738/487/776
f 403/1243/116 406/1433/901 404/1434/116
f 421/1435/902 420/1246/778 419/1436/903
f 721/1437/780 724/715/904 722/235/780
f 585/1438/905 584/1439/781 583/1249/781
f 755/1440/906 754/496/779 753/1247/779
f 325/1441/907 324/1442/783 323/1252/783
f 883/1443/807 882/241/782 881/1444/782
f 897/1445/784 900/502/908 898/247/784
f 437/1446/909 436/1447/785 435/1254/785
f 867/1448/910 866/506/786 865/1256/786
f 307/1449/787 310/1450/911 308/1257/787
f 569/1451/912 568/1452/913 567/677/433
f 29/1259/788 32/1453/914 30/1454/788
f 817/1261/790 820/738/915 818/516/790
f 451/1455/791 454/1456/916 452/1263/791
f 849/1457/792 852/520/917 850/268/792
f 291/1458/796 294/1459/918 292/1265/796
f 803/1460/919 802/524/797 801/1461/920
f 835/1462/776 834/274/794 833/1463/794
f 769/1464/793 772/528/921 770/271/793
f 469/1465/922 468/1466/798 467/1267/798
f 485/1467/923 484/1468/800 483/1271/800
f 47/1469/924 46/1470/799 45/1269/799
f 499/1471/801 502/1472/925 500/1274/801
f 277/1473/926 275/1474/927 276/1475/927
f 187/1476/928 186/1477/804 185/1277/804
f 265/1478/805 268/1479/929 266/1279/805
f 157/1480/806 160/1481/930 158/1281/806
f 787/1482/931 786/307/807 785/1483/807
f 141/1484/808 144/1485/932 142/1284/808
f 125/1287/810 128/1486/933 126/1487/810
f 201/1488/811 204/1489/934 202/1290/811
f 61/1490/809 64/1491/935 62/1286/809
f 251/1492/936 250/1292/812 249/1493/812
f 217/1494/813 220/1495/937 218/1294/813
f 235/1496/938 234/1497/814 233/1295/814
f 111/1498/939 110/1499/815 109/1297/815
f 77/1500/816 80/1501/940 78/1299/816
f 559/1502/941 558/1503/942 557/1301/817
f 95/1504/943 94/1505/822 93/1307/822
f 541/1305/820 544/1506/944 542/1507/945
f 525/1508/946 528/1509/947 526/1304/819
f 1607/1510/948 1606/1511/949 1605/1309/823
f 915/1512/950 914/1311/825 913/1513/951
f 929/1313/827 932/1514/952 930/1515/953
f 1533/1516/954 1532/1517/829 1531/1315/829
f 1549/1518/955 1548/1519/830 1547/1317/830
f 1517/1520/956 1516/1320/831 1515/1521/831
f 1565/1522/957 1564/1523/832 1563/1321/832
f 1287/1323/833 1290/1524/958 1288/1525/833
f 1271/1526/835 1274/1527/959 1272/1327/835
f 1305/1528/960 1304/1529/836 1303/1329/836
f 1581/1530/961 1580/1332/837 1579/1531/837
f 1257/1532/962 1256/1533/838 1255/1333/838
f 1239/1534/843 1242/1535/963 1240/1342/843
f 1637/818/839 1640/1536/964 1638/1335/839
f 1499/1337/841 1502/1537/965 1500/1538/841
f 1655/822/966 1654/1539/840 1653/604/840
f 1319/1540/842 1322/1541/967 1320/1339/842
f 1783/826/968 1782/1542/969 1781/616/847
f 1337/1543/970 1336/1544/844 1335/1343/844
f 1799/1052/971 1798/1545/972 1797/830/845
f 1485/1546/973 1484/1547/848 1483/1346/848
f 1225/1548/974 1224/1349/849 1223/1549/849
f 1623/836/975 1621/1550/976 1622/837/977
f 1621/1550/976 1715/403/727 1622/837/977
f 1718/1551/724 1811/399/725 1717/839/724
f 1767/840/978 1766/1353/727 1765/841/727
f 1719/842/979 1718/1551/724 1717/839/724
f 1353/1552/980 1352/1351/850 1351/1553/850
f 1207/1554/852 1210/1555/981 1208/1355/852
f 1671/848/982 1670/1556/851 1669/623/851
f 1749/850/855 1752/1557/983 1750/1360/855
f 1735/1067/984 1734/1558/853 1733/630/853
f 1369/1559/985 1368/1560/856 1367/1361/856
f 947/1561/986 946/1562/854 945/1358/854
f 1191/1363/857 1194/1563/987 1192/1564/857
f 1383/1565/858 1386/1566/988 1384/1366/858
f 1401/1567/989 1400/1568/859 1399/1367/859
f 1415/1569/860 1418/1570/990 1416/1370/860
f 1703/866/991 1702/1571/862 1701/647/862
f 1085/1572/861 1088/1573/992 1086/1371/861
f 1685/870/864 1688/1574/993 1686/1375/864
f 963/1575/994 962/1576/865 961/1376/865
f 1073/1577/867 1076/1578/995 1074/1379/867
f 1057/1380/868 1060/1579/996 1058/1580/868
f 1103/1581/997 1102/1582/870 1101/1382/870
f 1043/1583/998 1042/1584/871 1041/1384/871
f 1165/1585/872 1168/1586/999 1166/1387/872
f 1025/1587/874 1028/1588/1000 1026/1391/874
f 1117/1589/873 1120/1590/1001 1118/1389/873
f 1151/1591/1002 1150/1592/875 1149/1392/875
f 1133/1394/876 1136/1593/1003 1134/1594/876
f 977/1595/877 980/1596/1004 978/1396/877
f 1009/1597/878 1012/1598/1005 1010/1398/878
f 1425/1599/863 1428/1600/1006 1426/1374/863
f 1459/1601/1007 1458/1602/881 1457/1403/881
f 993/1603/880 996/1604/1008 994/1401/880
f 1441/1605/1009 1444/1606/1010 1442/1406/884
f 710/15/14 708/1607/885 707/1407/885
f 694/19/18 692/1608/887 691/1409/887
f 18/27/23 16/1609/1011 15/1411/888
f 633/1413/890 635/29/25 634/1610/890
f 617/1415/891 619/32/27 618/1611/891
f 649/1612/892 651/36/28 650/1418/892
f 373/1419/893 375/39/30 374/1613/893
f 389/1614/894 391/48/37 390/1422/894
f 601/1615/898 603/42/34 602/1430/898
f 360/45/36 358/1426/896 357/1616/896
f 665/1617/895 667/53/42 666/1424/895
f 681/1618/897 683/51/39 682/1428/897
f 344/55/43 342/1432/899 341/1619/899
f 739/1620/900 741/60/45 740/486/900
f 408/61/47 406/1433/901 405/1621/901
f 723/1622/904 725/65/50 724/715/904
f 588/69/52 586/1623/905 585/1438/905
f 424/73/55 422/1624/902 421/1435/902
f 325/1441/907 327/72/53 326/1625/907
f 883/1443/807 885/77/58 884/722/807
f 758/84/62 756/723/906 755/1440/906
f 870/81/60 868/725/910 867/1448/910
f 899/1626/908 901/87/63 900/502/908
f 437/1446/909 439/96/69 438/1627/909
f 312/88/65 310/1450/911 309/1628/911
f 572/91/67 570/1629/1012 569/1451/912
f 31/1630/914 33/105/76 32/1453/914
f 851/1631/917 853/99/71 852/520/917
f 822/108/80 820/738/915 819/1632/1013
f 453/1633/916 455/114/83 454/1456/916
f 806/100/73 804/742/1014 803/1460/919
f 296/109/81 294/1459/918 293/1634/918
f 835/1462/776 837/116/86 836/746/776
f 472/120/88 470/1635/922 469/1465/922
f 771/1636/921 773/131/96 772/528/921
f 488/123/90 486/1637/923 485/1467/923
f 504/126/92 502/1472/925 501/1638/925
f 47/1469/924 49/134/98 48/1639/924
f 280/127/93 278/1640/926 277/1473/926
f 171/1641/1015 174/2/2 172/1084/676
f 518/650/418 516/1275/802 515/1642/1016
f 273/1643/299 275/1474/927 274/431/299
f 190/142/103 188/1644/928 187/1476/928
f 267/1645/929 269/138/99 268/1479/929
f 787/1482/931 789/141/101 788/762/931
f 162/145/105 160/1481/930 159/1646/930
f 143/1647/932 145/150/107 144/1485/932
f 127/1648/933 129/153/109 128/1486/933
f 206/159/114 204/1489/934 203/1649/934
f 254/156/112 252/1650/936 251/1492/936
f 66/162/116 64/1491/935 63/1651/935
f 219/1652/937 221/168/119 220/1495/937
f 235/1496/938 237/165/117 236/1653/938
f 114/171/122 112/1654/939 111/1498/939
f 79/1655/940 81/174/123 80/1501/940
f 98/175/125 96/1656/943 95/1504/943
f 562/180/129 560/1657/1017 559/1502/941
f 543/1658/1018 545/183/130 544/1506/944
f 527/1659/1019 529/186/134 528/1509/947
f 1610/187/135 1608/1660/948 1607/1510/948
f 918/190/138 916/1661/1020 915/1512/950
f 931/1662/1021 933/1663/188 932/1514/952
f 1536/193/141 1534/1664/954 1533/1516/954
f 1595/1665/834 1597/689/441 1596/1325/834
f 1552/201/146 1550/1666/955 1549/1518/955
f 1520/196/143 1518/1667/956 1517/1520/956
f 1565/1522/957 1567/210/151 1566/1668/957
f 1276/202/147 1274/1527/959 1273/1669/959
f 1289/1670/958 1291/206/150 1290/1524/958
f 1584/216/156 1582/1671/961 1581/1530/961
f 1257/1532/962 1259/212/154 1258/1672/962
f 1241/1673/963 1243/218/158 1242/1535/963
f 1305/1528/960 1307/228/163 1306/1674/960
f 1639/1038/964 1641/222/159 1640/1536/964
f 1501/1675/965 1503/224/162 1502/1537/965
f 1324/231/166 1322/1541/967 1321/1676/967
f 1655/822/966 1657/234/167 1656/1677/966
f 1488/238/172 1486/1678/973 1485/1546/973
f 1786/243/175 1784/1679/968 1783/826/968
f 1626/237/171 1624/1680/1022 1623/836/975
f 1228/244/176 1226/1681/974 1225/1548/974
f 1799/1052/971 1801/248/179 1800/1682/1023
f 1337/1543/970 1339/252/180 1338/1683/970
f 1767/840/978 1769/255/182 1768/1684/978
f 1719/842/979 1721/264/189 1720/1685/979
f 1209/1686/981 1211/257/185 1210/1555/981
f 1356/267/192 1354/1687/980 1353/1552/980
f 1674/273/196 1672/1688/982 1671/848/982
f 1751/1065/983 1753/269/194 1752/1557/983
f 1738/276/198 1736/1689/984 1735/1067/984
f 1372/283/203 1370/1690/985 1369/1559/985
f 1193/1691/987 1195/278/200 1194/1563/987
f 947/1561/986 949/288/205 948/1692/986
f 1385/1693/1024 1387/291/207 1386/1566/988
f 1703/866/991 1705/282/201 1704/1694/991
f 1404/294/210 1402/1695/989 1401/1567/989
f 1417/1696/990 1419/296/212 1418/1570/990
f 1182/538/357 1180/1697/743 1179/1186/743
f 1081/9/9 1077/1698/1025 1078/1699/1026
f 1087/1700/992 1089/300/214 1088/1573/992
f 1078/1699/1026 1076/1578/995 1075/1701/1027
f 1687/1087/993 1689/308/221 1688/1574/993
f 966/315/225 964/1702/994 963/1575/994
f 1059/1703/1028 1061/305/219 1060/1579/996
f 1170/303/217 1168/1586/999 1167/1704/999
f 1046/312/223 1044/1705/998 1043/1583/998
f 1106/321/229 1104/1706/997 1103/1581/997
f 1027/1707/1000 1029/318/226 1028/1588/1000
f 1154/324/231 1152/1708/1002 1151/1591/1002
f 1119/1709/1001 1121/326/233 1120/1590/1001
f 1135/1710/1003 1137/330/234 1136/1593/1003
f 979/1711/1004 981/335/239 980/1596/1004
f 1011/1712/1005 1013/333/236 1012/1598/1005
f 1459/1601/1007 1461/339/242 1460/1713/1029
f 1430/342/245 1428/1600/1006 1427/1714/1030
f 995/1715/1008 997/348/249 996/1604/1008
f 1443/1716/1031 1445/345/248 1444/1606/1010
f 174/2/1032 1079/7/1032 1081/9/1032
f 176/4/1033 1083/11/1034 1082/10/1033
f 2/16/1035 1620/1717/1036 713/1718/1036
f 345/1719/1037 344/1720/1037 668/1721/1037
f 4/23/1038 907/906/1039 2/24/1035
f 6/353/1040 909/910/1041 4/23/1038
f 8/794/1042 911/1121/1043 6/353/1040
f 10/793/1044 913/1513/1042 8/794/1042
f 12/1014/1045 915/1512/1044 10/793/1044
f 14/1412/1046 918/190/1045 12/1014/1045
f 16/1609/1047 919/1722/1048 14/1412/1046
f 17/26/1049 921/1723/1050 16/1609/1047
f 20/355/1051 923/1724/1052 17/26/1049
f 22/354/1053 925/1725/1051 20/355/1051
f 24/580/1054 927/1726/1053 22/354/1053
f 26/1016/1055 929/1727/1054 24/580/1054
f 28/1260/1056 931/1728/1055 26/1016/1055
f 30/1454/1057 934/259/1056 28/1260/1056
f 32/1453/1058 935/515/1057 30/1454/1057
f 33/105/1059 937/514/1058 32/1453/1058
f 36/104/1060 939/735/1059 33/105/1059
f 38/409/1061 941/957/1060 36/104/1060
f 40/632/1062 943/1167/1061 38/409/1061
f 42/856/1063 945/1358/1062 40/632/1062
f 44/1270/1064 947/1561/1063 42/856/1063
f 46/1470/1065 950/286/1064 44/1270/1064
f 48/1639/1066 951/534/1065 46/1470/1065
f 49/134/1067 953/755/1066 48/1639/1066
f 52/427/1068 955/754/1067 49/134/1067
f 54/654/1069 957/1181/1068 52/427/1068
f 56/653/1070 959/1377/1069 54/654/1069
f 58/872/1071 961/1376/1070 56/653/1070
f 60/1089/1072 963/1575/1071 58/872/1071
f 62/1286/1073 966/315/1072 60/1089/1072
f 64/1491/1074 967/313/1073 62/1286/1073
f 65/161/1075 969/555/1074 64/1491/1074
f 68/451/1076 971/993/1075 65/161/1075
f 70/450/1077 973/1207/1076 68/451/1076
f 72/892/1078 975/1206/1077 70/450/1077
f 74/1107/1079 977/1595/1078 72/892/1078
f 76/1300/1080 979/1711/1079 74/1107/1079
f 78/1299/1081 982/336/1080 76/1300/1080
f 80/1501/1082 983/334/1081 78/1299/1081
f 81/174/1083 985/565/1082 80/1501/1082
f 84/173/1084 987/781/1083 81/174/1083
f 86/455/1085 989/1001/1084 84/173/1084
f 88/900/1086 991/1210/1085 86/455/1085
f 90/1115/1087 993/1603/1086 88/900/1086
f 92/1308/1088 995/1715/1087 90/1115/1087
f 94/1505/1089 998/346/1088 92/1308/1088
f 96/1656/1090 999/569/1089 94/1505/1089
f 97/177/1091 1001/783/1090 96/1656/1090
f 100/176/1092 1003/1004/1091 97/177/1091
f 102/453/1093 1005/1003/1092 100/176/1092
f 104/894/1094 1007/1208/1093 102/453/1093
f 106/1109/1095 1009/1597/1094 104/894/1094
f 108/1298/1096 1011/1712/1095 106/1109/1095
f 110/1499/1097 1014/331/1096 108/1298/1096
f 112/1654/1098 1015/563/1097 110/1499/1097
f 113/170/1099 1017/779/1098 112/1654/1098
f 116/447/1100 1019/999/1099 113/170/1099
f 116/447/1100 1023/1390/1101 1021/1202/1100
f 120/884/1102 1023/1390/1101 118/668/1101
f 122/1099/1103 1025/1587/1102 120/884/1102
f 124/1288/1104 1027/1707/1103 122/1099/1103
f 126/1487/1105 1030/316/1104 124/1288/1104
f 128/1486/1106 1031/552/1105 126/1487/1105
f 129/153/1107 1033/551/1106 128/1486/1106
f 132/152/1108 1035/767/1107 129/153/1107
f 134/439/1109 1037/987/1108 132/152/1108
f 136/662/1110 1039/1194/1109 134/439/1109
f 138/880/1111 1041/1384/1110 136/662/1110
f 140/1095/1112 1043/1583/1111 138/880/1111
f 142/1284/1113 1046/312/1112 140/1095/1112
f 144/1485/1114 1047/310/1113 142/1284/1113
f 145/150/1115 1049/549/1114 144/1485/1114
f 148/149/1116 1051/765/1115 145/150/1115
f 150/437/1117 1053/985/1116 148/149/1116
f 152/658/1118 1055/1192/1117 150/437/1117
f 154/1091/1119 1057/1380/1118 152/658/1118
f 156/1282/1120 1059/1703/1119 154/1091/1119
f 158/1281/1121 1062/306/1120 156/1282/1120
f 160/1481/1122 1063/304/1121 158/1281/1121
f 161/147/1123 1065/545/1122 160/1481/1122
f 164/146/1124 1067/983/1125 161/147/1123
f 166/656/1126 1069/1188/1124 164/146/1124
f 168/874/1127 1071/1378/1126 166/656/1126
f 170/1085/1128 1073/1577/1127 168/874/1127
f 172/1084/1129 1075/1701/1128 170/1085/1128
f 174/2/1130 1078/1699/1131 172/1084/1129
f 176/4/1033 1079/7/1132 173/1/1132
f 180/868/1133 1083/11/1034 178/6/1034
f 182/1083/1134 1085/1572/1133 180/868/1133
f 184/1278/1135 1087/1700/1136 182/1083/1134
f 186/1477/1137 1090/298/1135 184/1278/1135
f 188/1644/1138 1091/541/1137 186/1477/1137
f 189/144/1139 1093/758/1138 188/1644/1138
f 192/143/1140 1095/982/1139 189/144/1139
f 194/435/1141 1097/981/1140 192/143/1140
f 196/660/1142 1099/1190/1141 194/435/1141
f 198/878/1143 1101/1382/1142 196/660/1142
f 200/1097/1144 1103/1581/1143 198/878/1143
f 202/1290/1145 1106/321/1144 200/1097/1144
f 204/1489/1146 1107/319/1145 202/1290/1145
f 205/158/1147 1109/553/1146 204/1489/1146
f 205/158/1147 1113/1198/1148 1111/991/1149
f 208/443/1148 1115/1388/1150 1113/1198/1148
f 210/666/1150 1117/1589/1151 1115/1388/1150
f 214/1103/1152 1117/1589/1151 212/886/1151
f 216/1102/1153 1119/1709/1152 214/1103/1152
f 218/1294/1154 1122/327/1153 216/1102/1153
f 220/1495/1155 1123/325/1154 218/1294/1154
f 220/1495/1155 1127/775/1156 1125/559/1155
f 224/167/1157 1127/775/1156 221/168/1156
f 226/672/1158 1129/997/1157 224/167/1157
f 228/890/1159 1131/1395/1158 226/672/1158
f 230/1105/1160 1133/1394/1159 228/890/1159
f 230/1105/1160 1138/328/1161 1135/1710/1160
f 234/1497/1162 1138/328/1161 232/1296/1161
f 236/1653/1163 1139/561/1162 234/1497/1162
f 237/165/1164 1141/778/1163 236/1653/1163
f 240/164/1165 1143/777/1164 237/165/1164
f 242/445/1166 1145/995/1165 240/164/1165
f 242/445/1166 1149/1392/1167 1147/1393/1166
f 244/670/1167 1151/1591/1168 1149/1392/1167
f 248/1101/1169 1151/1591/1168 246/888/1168
f 250/1292/1170 1154/324/1169 248/1101/1169
f 252/1650/1171 1155/322/1170 250/1292/1170
f 253/155/1172 1157/771/1171 252/1650/1171
f 256/441/1173 1159/989/1172 253/155/1172
f 258/664/1174 1161/1196/1173 256/441/1173
f 260/882/1175 1163/1386/1174 258/664/1174
f 262/1093/1176 1165/1585/1175 260/882/1175
f 264/1280/1177 1167/1704/1176 262/1093/1176
f 266/1279/1178 1170/303/1177 264/1280/1177
f 268/1479/1179 1171/301/1178 266/1279/1178
f 269/138/1180 1173/543/1179 268/1479/1179
f 272/137/1181 1175/760/1180 269/138/1180
f 274/431/1182 1177/978/1181 272/137/1181
f 1182/538/1183 274/431/1182 275/1474/1183
f 278/1640/1184 1182/538/1183 275/1474/1183
f 279/129/1185 1183/756/1184 278/1640/1184
f 282/128/1186 1185/973/1185 279/129/1185
f 284/421/1187 1187/972/1186 282/128/1186
f 286/638/1188 1189/1176/1187 284/421/1187
f 288/858/1189 1191/1363/1188 286/638/1188
f 290/1266/1190 1193/1691/1189 288/858/1189
f 292/1265/1191 1196/279/1190 290/1266/1190
f 294/1459/1192 1197/277/1191 292/1265/1191
f 295/111/1193 1199/522/1192 294/1459/1192
f 298/110/1194 1201/960/1193 295/111/1193
f 300/407/1195 1203/1166/1194 298/110/1194
f 300/407/1195 1207/1554/1196 1205/1165/1195
f 304/1060/1197 1207/1554/1196 302/846/1196
f 306/1258/1198 1209/1686/1197 304/1060/1197
f 308/1257/1199 1212/258/1198 306/1258/1198
f 310/1450/1200 1213/256/1199 308/1257/1199
f 311/90/1201 1215/1729/1200 310/1450/1200
f 314/89/1202 1217/1730/1201 311/90/1201
f 316/620/1203 1219/1731/1202 314/89/1202
f 318/834/1204 1221/1732/1203 316/620/1203
f 320/833/1205 1223/1733/1204 318/834/1204
f 322/1050/1206 1225/1734/1205 320/833/1205
f 324/1442/1207 1228/1735/1206 322/1050/1206
f 326/1625/1208 1229/1736/1207 324/1442/1207
f 327/72/1209 1231/1737/1208 326/1625/1208
f 330/71/1210 1233/1738/1209 327/72/1209
f 332/610/1211 1235/1739/1210 330/71/1210
f 334/816/1212 1237/1740/1211 332/610/1211
f 336/1034/1213 1239/1741/1212 334/816/1212
f 338/1239/1214 1241/1742/1213 336/1034/1213
f 340/1238/1215 1244/1743/1214 338/1239/1214
f 342/1432/1216 1245/1744/1215 340/1238/1215
f 343/57/1217 1247/1745/1216 342/1432/1216
f 346/56/1218 1249/1746/1217 343/57/1217
f 348/600/1219 1251/1747/1218 346/56/1218
f 350/599/1220 1253/1748/1219 348/600/1219
f 352/814/1221 1255/1749/1220 350/599/1220
f 354/1235/1222 1257/1750/1221 352/814/1221
f 356/1234/1223 1260/1751/1222 354/1235/1222
f 358/1426/1224 1261/1752/1223 356/1234/1223
f 359/44/1225 1263/1753/1224 358/1426/1224
f 362/367/1226 1265/1754/1225 359/44/1225
f 364/366/1227 1267/1755/1226 362/367/1226
f 366/808/1228 1269/1756/1227 364/366/1227
f 368/1026/1229 1271/1757/1228 366/808/1228
f 370/1025/1230 1273/1758/1229 368/1026/1229
f 372/1420/1231 1276/1759/1230 370/1025/1230
f 374/1613/1232 1277/1760/1231 372/1420/1231
f 375/39/1233 1279/1761/1232 374/1613/1232
f 378/38/1234 1281/1762/1233 375/39/1233
f 380/590/1235 1283/1763/1234 378/38/1234
f 382/589/1236 1285/1764/1235 380/590/1235
f 384/1028/1237 1287/1765/1236 382/589/1236
f 386/1231/1238 1289/1766/1237 384/1028/1237
f 388/1230/1239 1292/1767/1238 386/1231/1238
f 390/1422/1240 1293/1768/1239 388/1230/1239
f 391/48/1241 1295/1769/1240 390/1422/1240
f 394/47/1242 1297/1770/1241 391/48/1241
f 396/371/1243 1299/1771/1242 394/47/1242
f 398/596/1244 1301/1772/1243 396/371/1243
f 400/810/1245 1303/1773/1244 398/596/1244
f 402/1244/1246 1305/1774/1245 400/810/1245
f 404/1434/1075 1308/1775/1246 402/1244/1246
f 406/1433/1247 1309/1776/1075 404/1434/1075
f 407/63/1248 1311/1777/1247 406/1433/1247
f 410/62/1249 1313/1778/1248 407/63/1248
f 412/381/1250 1315/1779/1249 410/62/1249
f 414/824/1251 1317/1780/1250 412/381/1250
f 416/1042/1252 1319/1781/1251 414/824/1251
f 418/1041/1253 1321/1782/1252 416/1042/1252
f 420/1246/1254 1324/1783/1253 418/1041/1253
f 422/1624/1255 1325/1784/1254 420/1246/1254
f 423/75/1256 1327/1785/1255 422/1624/1255
f 426/74/1257 1329/1786/1256 423/75/1256
f 428/612/1258 1331/1787/1257 426/74/1257
f 430/611/1259 1333/1788/1258 428/612/1258
f 432/828/1260 1335/1789/1259 430/611/1259
f 434/1255/1261 1337/1790/1260 432/828/1260
f 436/1447/1262 1340/1791/1261 434/1255/1261
f 438/1627/1263 1341/1792/1262 436/1447/1262
f 439/96/1264 1343/1793/1263 438/1627/1263
f 442/95/1265 1345/1794/1264 439/96/1264
f 444/622/1266 1347/1795/1265 442/95/1265
f 446/844/1267 1349/1350/1266 444/622/1266
f 448/843/1268 1351/1553/1267 446/844/1267
f 450/1062/1269 1353/1552/1268 448/843/1268
f 452/1263/1270 1356/267/1269 450/1062/1269
f 454/1456/1271 1357/265/1270 452/1263/1270
f 455/114/1272 1359/518/1271 454/1456/1271
f 458/113/1273 1361/740/1272 455/114/1272
f 460/413/1274 1363/962/1273 458/113/1273
f 462/636/1275 1365/1169/1274 460/413/1274
f 464/854/1276 1367/1361/1275 462/636/1275
f 466/1069/1277 1369/1559/1276 464/854/1276
f 468/1466/1278 1372/283/1277 466/1069/1277
f 470/1635/1279 1373/530/1278 468/1466/1278
f 471/119/1280 1375/747/1279 470/1635/1279
f 474/417/1281 1377/966/1280 471/119/1280
f 476/640/1282 1379/1172/1281 474/417/1281
f 478/860/1283 1381/1365/1282 476/640/1282
f 480/1075/1284 1383/1565/1283 478/860/1283
f 482/1272/1285 1385/1693/1284 480/1075/1284
f 484/1468/1286 1388/289/1285 482/1272/1285
f 486/1637/1287 1389/532/1286 484/1468/1286
f 487/122/1288 1391/750/1287 486/1637/1287
f 490/419/1289 1393/968/1288 487/122/1288
f 492/418/1290 1395/1175/1289 490/419/1289
f 494/642/1291 1397/1174/1290 492/418/1290
f 496/862/1292 1399/1367/1291 494/642/1291
f 498/1079/1293 1401/1567/1292 496/862/1292
f 500/1274/1294 1404/294/1293 498/1079/1293
f 502/1472/1295 1405/292/1294 500/1274/1294
f 503/125/1296 1407/536/1295 502/1472/1295
f 506/423/1297 1409/970/1296 503/125/1296
f 508/644/1298 1411/1178/1297 506/423/1297
f 510/864/1299 1413/1369/1298 508/644/1298
f 512/1081/1300 1415/1569/1299 510/864/1299
f 514/1276/1301 1417/1696/1300 512/1081/1300
f 516/1275/1302 1420/297/1301 514/1276/1301
f 517/649/1303 1421/295/1302 516/1275/1302
f 520/896/1304 1423/1373/1303 517/649/1303
f 522/1113/1305 1425/1599/1304 520/896/1304
f 524/1112/1306 1427/1714/1305 522/1113/1305
f 526/1304/1307 1430/342/1306 524/1112/1306
f 528/1509/1308 1431/340/1307 526/1304/1307
f 529/186/1309 1433/573/1308 528/1509/1308
f 532/185/1310 1435/789/1309 529/186/1309
f 534/684/1311 1437/1009/1312 532/185/1310
f 536/902/1313 1439/1405/1314 534/684/1311
f 538/1117/1315 1441/1605/1313 536/902/1313
f 540/1306/1316 1443/1716/1317 538/1117/1315
f 542/1507/1318 1446/343/1316 540/1306/1316
f 544/1506/1319 1447/572/1318 542/1507/1318
f 545/183/1320 1449/571/1321 544/1506/1319
f 548/182/1322 1451/787/1320 545/183/1320
f 550/459/1323 1453/1007/1322 548/182/1322
f 550/459/1323 1457/1403/1324 1455/1214/1325
f 552/682/1326 1459/1601/1327 1457/1403/1324
f 556/1111/1328 1459/1601/1327 554/898/1327
f 558/1503/1329 1462/337/1330 556/1111/1328
f 560/1657/1331 1463/567/1332 558/1503/1329
f 561/179/1333 1465/785/1334 560/1657/1331
f 564/457/1335 1467/1005/1336 561/179/1333
f 566/678/1337 1469/1212/1335 564/457/1335
f 568/1452/1338 1471/1400/1337 566/678/1337
f 570/1629/1339 1474/511/1338 568/1452/1338
f 571/93/1340 1475/1796/1339 570/1629/1339
f 574/92/1341 1477/1797/1340 571/93/1340
f 576/393/1342 1479/1798/1341 574/92/1341
f 578/618/1343 1481/1799/1342 576/393/1342
f 580/832/1344 1483/1800/1343 578/618/1343
f 582/1046/1345 1485/1801/1344 580/832/1344
f 584/1439/1346 1488/1802/1345 582/1046/1345
f 586/1623/1347 1489/1803/1346 584/1439/1346
f 587/68/1348 1491/1804/1347 586/1623/1347
f 590/383/1349 1493/1805/1348 587/68/1348
f 592/382/1350 1495/1806/1349 590/383/1349
f 592/382/1350 1499/1807/1351 1497/1808/1350
f 596/1040/1352 1499/1807/1351 594/606/1351
f 598/1039/1353 1501/1809/1352 596/1040/1352
f 600/1242/1354 1504/1810/1353 598/1039/1353
f 602/1430/1355 1505/1811/1354 600/1242/1354
f 603/42/1356 1507/1812/1355 602/1430/1355
f 606/41/1357 1509/1813/1356 603/42/1356
f 608/586/1358 1511/1814/1357 606/41/1357
f 610/802/1359 1513/1815/1358 608/586/1358
f 612/801/1360 1515/1816/1359 610/802/1359
f 612/801/1360 1520/1817/1361 1517/1818/1360
f 616/1416/1362 1520/1817/1361 614/1225/1361
f 618/1611/1363 1521/1819/1362 616/1416/1362
f 619/32/1364 1523/1820/1363 618/1611/1363
f 622/357/1365 1525/1821/1364 619/32/1364
f 624/582/1366 1527/1822/1365 622/357/1365
f 626/581/1367 1529/1823/1366 624/582/1366
f 628/798/1368 1531/1824/1369 626/581/1367
f 630/1018/1370 1533/1825/1368 628/798/1368
f 632/1414/1371 1536/1826/1370 630/1018/1370
f 634/1610/1372 1537/1827/1371 632/1414/1371
f 635/29/1373 1539/1828/1372 634/1610/1372
f 638/359/1374 1541/1829/1373 635/29/1373
f 640/584/1375 1543/1830/1374 638/359/1374
f 642/583/1376 1545/1831/1375 640/584/1375
f 644/800/1377 1547/1832/1376 642/583/1376
f 646/1020/1378 1549/1833/1377 644/800/1377
f 648/1227/1379 1552/1834/1378 646/1020/1378
f 650/1418/1380 1553/1835/1379 648/1227/1379
f 651/36/1381 1555/1836/1380 650/1418/1380
f 654/35/1382 1557/1837/1381 651/36/1381
f 656/361/1383 1559/1838/1382 654/35/1382
f 658/588/1384 1561/1839/1383 656/361/1383
f 660/804/1385 1563/1840/1384 658/588/1384
f 662/1233/1386 1565/1841/1385 660/804/1385
f 664/1232/1387 1568/1842/1386 662/1233/1386
f 666/1424/1388 1569/1843/1387 664/1232/1387
f 667/53/1389 1571/1844/1390 666/1424/1388
f 670/373/1391 1573/1845/1389 667/53/1389
f 672/598/1392 1575/1846/1391 670/373/1391
f 674/812/1393 1577/1847/1392 672/598/1392
f 676/811/1394 1579/1848/1393 674/812/1393
f 678/1030/1395 1581/1849/1394 676/811/1394
f 680/1237/1396 1584/1850/1395 678/1030/1395
f 682/1428/1397 1585/1851/1396 680/1237/1396
f 683/51/1398 1587/1852/1397 682/1428/1397
f 686/50/1399 1589/1853/1398 683/51/1398
f 688/369/1400 1591/1854/1399 686/50/1399
f 690/1410/1401 1593/1855/1400 688/369/1400
f 692/1608/1402 1595/1856/1401 690/1410/1401
f 693/21/1403 1598/1857/1402 692/1608/1402
f 696/20/1404 1599/1858/1405 693/21/1403
f 698/351/1406 1601/1859/1404 696/20/1404
f 700/576/1360 1603/1860/1406 698/351/1406
f 702/792/1407 1605/1861/1408 700/576/1360
f 704/1012/1409 1607/1862/1407 702/792/1407
f 706/1408/1410 1610/1863/1409 704/1012/1409
f 708/1607/1411 1611/1864/1412 706/1408/1410
f 709/14/1413 1613/1865/1414 708/1607/1411
f 712/349/1415 1615/1866/1413 709/14/1413
f 713/1718/1036 1617/1867/1415 712/349/1415
f 718/1868/1416 1622/1869/1417 715/24/1417
f 873/615/1037 871/79/1037 747/821/1037
f 715/16/1417 1715/1870/1418 810/1871/1418
f 718/1868/1416 1626/1872/1419 1623/1873/1416
f 722/1874/1420 1626/1872/1419 720/1875/1419
f 724/1876/1421 1627/1877/1420 722/1874/1420
f 725/1878/1422 1629/1879/1421 724/1876/1421
f 728/1880/1423 1631/1881/1422 725/1878/1422
f 730/1882/1424 1633/1883/1423 728/1880/1423
f 732/1884/1425 1635/1885/1424 730/1882/1424
f 734/1886/1426 1637/1887/1425 732/1884/1425
f 736/1888/1427 1639/1889/1426 734/1886/1426
f 738/1890/1428 1642/1891/1427 736/1888/1427
f 740/1892/1429 1643/1893/1428 738/1890/1428
f 741/1894/1430 1645/1895/1429 740/1892/1429
f 744/1896/1431 1647/1897/1430 741/1894/1430
f 746/1898/1432 1649/1899/1431 744/1896/1431
f 748/1900/1433 1651/1901/1432 746/1898/1432
f 750/1902/1434 1653/1196/1433 748/1900/1433
f 752/1903/1435 1655/1904/1436 750/1902/1434
f 754/1905/1437 1658/1906/1438 752/1903/1435
f 756/1907/1439 1659/1908/1437 754/1905/1437
f 756/1907/1439 1663/1909/1440 1661/1910/1439
f 760/1911/1441 1663/1909/1440 757/1912/1440
f 762/1913/1442 1665/1914/1441 760/1911/1441
f 764/1915/1443 1667/1916/1442 762/1913/1442
f 766/1917/1444 1669/1918/1443 764/1915/1443
f 768/1919/1445 1671/1920/1444 766/1917/1444
f 770/1921/1446 1674/1922/1445 768/1919/1445
f 772/1923/1447 1675/1924/1446 770/1921/1446
f 773/1925/1448 1677/1926/1447 772/1923/1447
f 776/1927/1449 1679/1928/1448 773/1925/1448
f 778/1929/1450 1681/1930/1449 776/1927/1449
f 780/644/1451 1683/1931/1450 778/1929/1450
f 782/1932/1452 1685/1369/1451 780/644/1451
f 784/1933/1453 1687/1934/1452 782/1932/1452
f 786/1935/1454 1690/1936/1453 784/1933/1453
f 788/1937/1455 1691/1938/1454 786/1935/1454
f 789/1939/1456 1693/1940/1455 788/1937/1455
f 792/1941/1457 1695/1942/1456 789/1939/1456
f 794/1943/1458 1697/1944/1457 792/1941/1457
f 796/1945/1459 1699/1946/1458 794/1943/1458
f 798/1947/1460 1701/1948/1459 796/1945/1459
f 800/1949/1461 1703/1950/1460 798/1947/1460
f 802/1951/1462 1706/1952/1461 800/1949/1461
f 804/1953/1463 1707/1954/1462 802/1951/1462
f 805/1955/1464 1709/1956/1463 804/1953/1463
f 825/629/1037 823/106/1037 803/1460/1037
f 805/1955/1464 1713/1957/1465 1711/1958/1464
f 810/1871/1418 1713/1957/1465 808/1959/1465
f 812/16/1442 1811/1870/1466 906/1871/1466
f 814/1868/1467 1717/1869/1442 812/24/1442
f 816/1875/1468 1719/1873/1467 814/1868/1467
f 818/1874/1469 1722/1872/1468 816/1875/1468
f 820/1876/1470 1723/1877/1469 818/1874/1469
f 821/1878/1471 1725/1879/1470 820/1876/1470
f 824/1880/1472 1727/1881/1471 821/1878/1471
f 826/1882/1473 1729/1883/1472 824/1880/1472
f 828/1884/1474 1731/1885/1473 826/1882/1473
f 830/1886/1475 1733/1887/1474 828/1884/1474
f 832/1888/1476 1735/1889/1475 830/1886/1475
f 834/1890/1477 1738/1891/1476 832/1888/1476
f 836/1892/1428 1739/1893/1477 834/1890/1477
f 837/1894/1478 1741/1895/1428 836/1892/1428
f 840/1896/1479 1743/1897/1478 837/1894/1478
f 842/1898/1480 1745/1899/1479 840/1896/1479
f 844/1900/1481 1747/1901/1480 842/1898/1480
f 846/1902/1482 1749/1196/1481 844/1900/1481
f 848/1903/1483 1751/1904/1482 846/1902/1482
f 850/1905/1484 1754/1906/1483 848/1903/1483
f 852/1907/1485 1755/1908/1484 850/1905/1484
f 853/1912/1486 1757/1910/1485 852/1907/1485
f 856/1911/1487 1759/1909/1486 853/1912/1486
f 858/1913/1488 1761/1914/1487 856/1911/1487
f 860/1915/1418 1763/1916/1488 858/1913/1488
f 862/1917/1489 1765/1918/1418 860/1915/1418
f 864/1919/1490 1767/1920/1489 862/1917/1489
f 866/1921/1491 1770/1922/1490 864/1919/1490
f 868/1923/1492 1771/1924/1491 866/1921/1491
f 869/1925/1493 1773/1926/1492 868/1923/1492
f 872/1927/1494 1775/1928/1493 869/1925/1493
f 874/1929/1495 1777/1930/1494 872/1927/1494
f 876/644/1496 1779/1931/1495 874/1929/1495
f 878/1932/1497 1781/1369/1496 876/644/1496
f 880/1933/1498 1783/1934/1497 878/1932/1497
f 882/1935/1499 1786/1936/1498 880/1933/1498
f 884/1937/1454 1787/1938/1499 882/1935/1499
f 885/1939/1500 1789/1940/1454 884/1937/1454
f 888/1941/1501 1791/1942/1500 885/1939/1500
f 890/1943/1502 1793/1944/1501 888/1941/1501
f 892/1945/1503 1795/1946/1502 890/1943/1502
f 894/1947/1504 1797/1948/1503 892/1945/1503
f 896/1949/1505 1799/1950/1504 894/1947/1504
f 898/1951/1506 1802/1952/1505 896/1949/1505
f 900/1953/1507 1803/1954/1506 898/1951/1506
f 901/1955/1508 1805/1956/1507 900/1953/1507
f 904/1959/1509 1807/1958/1508 901/1955/1508
f 906/1871/1466 1809/1957/1509 904/1959/1509
f 1250/710/1510 1252/1144/1510 1574/930/1510
f 1748/1171/1510 1750/1360/1510 1686/1375/1510
f 1625/236/1510 1794/944/1510 1796/1155/1510
f 711/13/13 712/349/251 709/14/14
f 2/16/15 713/1718/1511 714/17/16
f 694/19/18 695/350/252 696/20/19
f 1/22/17 3/352/254 4/23/20
f 19/25/21 20/355/21 17/26/22
f 637/28/24 638/359/24 635/29/25
f 621/31/26 622/357/258 619/32/27
f 652/34/28 653/360/29 654/35/29
f 376/37/30 377/365/31 378/38/31
f 604/40/32 605/363/33 606/41/33
f 361/43/35 362/367/35 359/44/36
f 392/46/37 393/370/38 394/47/38
f 684/49/39 685/368/264 686/50/40
f 669/52/41 670/373/41 667/53/42
f 344/55/43 345/375/44 346/56/44
f 742/58/45 743/376/46 744/59/46
f 408/61/47 409/380/48 410/62/48
f 727/64/49 728/379/49 725/65/50
f 589/67/51 590/383/51 587/68/52
f 328/70/53 329/385/54 330/71/54
f 424/73/55 425/387/56 426/74/56
f 887/76/57 888/389/57 885/77/58
f 871/79/59 872/391/59 869/80/60
f 759/82/61 760/397/61 757/83/62
f 902/85/63 903/398/64 904/86/64
f 312/88/65 313/395/66 314/89/66
f 572/91/67 573/392/68 574/92/68
f 440/94/69 441/401/70 442/95/70
f 854/97/71 855/404/72 856/98/72
f 806/100/73 807/402/282 808/101/74
f 34/103/76 35/408/77 36/104/77
f 823/106/78 824/411/288 821/107/79
f 296/109/81 297/406/82 298/110/82
f 456/112/83 457/412/84 458/113/84
f 839/115/85 840/415/85 837/116/86
f 473/118/87 474/417/87 471/119/88
f 489/121/89 490/419/89 487/122/90
f 505/124/91 506/423/295 503/125/92
f 280/127/93 281/420/94 282/128/94
f 775/130/95 776/425/95 773/131/96
f 51/133/97 52/427/97 49/134/98
f 270/136/99 271/430/100 272/137/100
f 790/139/101 791/428/102 792/140/102
f 190/142/103 191/434/104 192/143/104
f 162/145/105 163/433/106 164/146/106
f 146/148/107 147/436/108 148/149/108
f 130/151/109 131/438/110 132/152/110
f 255/154/111 256/441/111 253/155/112
f 207/157/113 208/443/113 205/158/114
f 67/160/115 68/451/115 65/161/116
f 238/163/117 239/444/118 240/164/118
f 222/166/119 223/449/120 224/167/120
f 115/169/121 116/447/121 113/170/122
f 82/172/123 83/454/124 84/173/124
f 98/175/125 99/452/126 100/176/126
f 563/178/127 564/457/313 561/179/128
f 546/181/130 547/458/314 548/182/131
f 530/184/132 531/461/133 532/185/133
f 1610/187/135 1611/462/317 1612/188/136
f 918/190/138 919/1722/319 920/191/139
f 1536/193/141 1537/466/142 1538/194/142
f 1520/196/143 1521/468/144 1522/197/144
f 1553/199/145 1554/471/145 1551/200/146
f 1276/202/147 1277/472/148 1278/203/148
f 1293/205/149 1294/475/149 1291/206/150
f 1568/208/151 1569/477/152 1570/209/152
f 1261/211/153 1262/479/153 1259/212/154
f 1585/214/155 1586/481/155 1583/215/156
f 1245/217/157 1246/485/157 1243/218/158
f 1642/220/159 1643/487/160 1644/221/160
f 1505/223/161 1506/483/161 1503/224/162
f 1308/226/163 1309/489/164 1310/227/164
f 1325/229/165 1326/491/165 1323/230/166
f 1658/232/167 1659/496/168 1660/233/168
f 1627/235/169 1628/493/335 1625/236/170
f 1488/238/172 1489/494/173 1490/239/173
f 1787/241/174 1788/501/174 1785/242/175
f 1228/244/176 1229/498/177 1230/245/177
f 1803/247/178 1804/503/178 1801/248/179
f 1340/250/180 1341/505/181 1342/251/181
f 1770/253/182 1771/506/183 1772/254/183
f 1213/256/184 1214/1960/184 1211/257/185
f 934/259/186 935/515/187 936/260/187
f 1722/262/189 1723/516/190 1724/263/190
f 1357/265/191 1358/519/191 1355/266/192
f 1755/268/193 1756/521/193 1753/269/194
f 1675/271/195 1676/529/195 1673/272/196
f 1739/274/197 1740/527/197 1737/275/198
f 1197/277/199 1198/523/199 1195/278/200
f 1706/280/201 1707/524/202 1708/281/202
f 1372/283/203 1373/530/204 1374/284/204
f 950/286/205 951/534/206 952/287/206
f 1388/289/207 1389/532/208 1390/290/208
f 1405/292/209 1406/537/209 1403/293/210
f 1421/295/211 1422/1184/741 1419/296/212
f 1090/298/214 1091/541/215 1092/299/215
f 1171/301/216 1172/544/216 1169/302/217
f 1063/304/218 1064/546/218 1061/305/219
f 1691/307/220 1692/548/220 1689/308/221
f 1047/310/222 1048/550/222 1045/311/223
f 967/313/224 968/556/224 965/314/225
f 1030/316/226 1031/552/227 1032/317/227
f 1107/319/228 1108/554/228 1105/320/229
f 1155/322/230 1156/558/230 1153/323/231
f 1123/325/232 1124/560/232 1121/326/233
f 1138/328/234 1139/561/235 1140/329/235
f 1014/331/236 1015/563/237 1016/332/237
f 983/334/238 984/566/238 981/335/239
f 1462/337/240 1463/567/372 1464/338/241
f 1431/340/243 1432/574/377 1429/341/244
f 1446/343/246 1447/572/247 1448/344/247
f 998/346/249 999/569/250 1000/347/250
f 714/17/16 713/1718/1511 712/349/251
f 695/350/252 697/575/253 698/351/253
f 3/352/254 5/578/380 6/353/255
f 19/25/21 21/579/381 22/354/256
f 623/356/257 624/582/257 622/357/258
f 639/358/259 640/584/259 638/359/24
f 653/360/29 655/587/260 656/361/260
f 607/362/261 608/586/261 606/41/33
f 379/364/262 380/590/262 378/38/31
f 361/43/35 363/594/263 364/366/263
f 685/368/264 687/592/265 688/369/265
f 393/370/38 395/595/266 396/371/266
f 671/372/267 672/598/267 670/373/41
f 347/374/268 348/600/268 346/56/44
f 743/376/46 745/603/269 746/377/269
f 729/378/270 730/602/270 728/379/49
f 409/380/48 411/608/271 412/381/271
f 589/67/51 591/605/272 592/382/272
f 331/384/273 332/610/273 330/71/54
f 427/386/274 428/612/274 426/74/56
f 889/388/275 890/614/275 888/389/57
f 871/79/59 873/615/276 874/390/276
f 573/392/68 575/617/277 576/393/277
f 315/394/278 316/620/278 314/89/66
f 761/396/279 762/624/279 760/397/61
f 903/398/64 905/1961/280 906/399/280
f 443/400/281 444/622/281 442/95/70
f 807/402/282 809/1962/283 810/403/283
f 855/404/72 857/626/284 858/405/284
f 297/406/82 299/628/285 300/407/285
f 35/408/77 37/631/286 38/409/286
f 823/106/78 825/629/287 826/410/287
f 457/412/84 459/635/289 460/413/289
f 841/414/290 842/634/290 840/415/85
f 475/416/291 476/640/291 474/417/87
f 489/121/89 491/641/292 492/418/292
f 281/420/94 283/637/293 284/421/293
f 507/422/294 508/644/414 506/423/295
f 175/3/3 177/5/5 176/4/4
f 777/424/296 778/652/296 776/425/95
f 53/426/297 54/654/297 52/427/97
f 791/428/102 793/646/298 794/429/298
f 271/430/100 273/1643/299 274/431/299
f 165/432/300 166/656/422 164/146/106
f 191/434/104 193/659/301 194/435/301
f 147/436/108 149/657/302 150/437/302
f 131/438/110 133/661/303 134/439/303
f 257/440/304 258/664/304 256/441/111
f 209/442/305 210/666/305 208/443/113
f 239/444/118 241/669/306 242/445/306
f 117/446/307 118/668/307 116/447/121
f 225/448/308 226/672/308 224/167/120
f 67/160/115 69/674/309 70/450/309
f 99/452/126 101/676/310 102/453/310
f 83/454/124 85/680/311 86/455/311
f 565/456/312 566/678/434 564/457/313
f 547/458/314 549/681/436 550/459/315
f 533/460/316 534/684/439 532/185/133
f 1611/462/317 1613/685/318 1614/463/318
f 919/464/319 921/690/443 922/465/320
f 1537/466/142 1539/693/321 1540/467/321
f 1521/468/144 1523/695/322 1524/469/322
f 1555/470/323 1556/697/323 1554/471/145
f 1277/472/148 1279/699/324 1280/473/324
f 1295/474/325 1296/701/325 1294/475/149
f 1571/476/326 1572/707/326 1570/209/152
f 1263/478/327 1264/705/327 1262/479/153
f 1587/480/328 1588/709/328 1586/481/155
f 1507/482/329 1508/703/329 1506/483/161
f 1247/484/330 1248/711/330 1246/485/157
f 1645/486/331 1646/712/331 1644/221/160
f 1311/488/332 1312/714/332 1310/227/164
f 1325/229/165 1327/718/333 1328/490/333
f 1627/235/169 1629/715/334 1630/492/334
f 1489/494/173 1491/717/336 1492/495/336
f 1659/496/168 1661/723/337 1662/497/337
f 1229/498/177 1231/721/338 1232/499/338
f 1787/241/174 1789/722/220 1790/500/220
f 1805/502/339 1806/727/339 1804/503/178
f 1343/504/340 1344/729/340 1342/251/181
f 1771/506/183 1773/725/341 1774/507/341
f 1215/508/342 1216/731/342 1214/509/184
f 1474/511/343 1475/1796/467 1476/512/344
f 937/514/346 938/736/346 936/260/187
f 1723/516/190 1725/738/347 1726/517/347
f 1359/518/348 1360/741/348 1358/519/191
f 1757/520/349 1758/737/349 1756/521/193
f 1199/522/350 1200/745/350 1198/523/199
f 1707/524/202 1709/742/351 1710/525/351
f 1739/274/197 1741/746/160 1742/526/160
f 1677/528/352 1678/749/352 1676/529/195
f 1373/530/204 1375/747/353 1376/531/353
f 1389/532/208 1391/750/354 1392/533/354
f 951/534/206 953/755/355 954/535/355
f 1407/536/356 1408/753/356 1406/537/209
f 1182/538/357 1183/756/358 1184/539/358
f 1091/541/215 1093/758/359 1094/542/359
f 1173/543/360 1174/761/360 1172/544/216
f 1065/545/361 1066/764/361 1064/546/218
f 1691/307/220 1693/762/362 1694/547/362
f 1049/549/363 1050/766/363 1048/550/222
f 1033/551/364 1034/768/364 1032/317/227
f 1109/553/365 1110/770/365 1108/554/228
f 969/555/366 970/774/366 968/556/224
f 1155/322/230 1157/771/367 1158/557/367
f 1125/559/368 1126/776/368 1124/560/232
f 1139/561/235 1141/778/369 1142/562/369
f 1015/563/237 1017/779/370 1018/564/370
f 985/565/371 986/782/371 984/566/238
f 1463/567/372 1465/785/495 1466/568/373
f 999/569/250 1001/783/374 1002/570/374
f 1449/571/375 1450/788/498 1448/344/247
f 1433/573/376 1434/790/500 1432/574/377
f 697/575/253 699/791/501 700/576/378
f 7/577/379 8/794/504 6/353/255
f 21/579/381 23/796/506 24/580/382
f 623/356/257 625/797/383 626/581/383
f 639/358/259 641/799/384 642/583/384
f 609/585/385 610/802/385 608/586/261
f 655/587/260 657/803/386 658/588/386
f 379/364/262 381/806/387 382/589/387
f 689/591/388 690/1410/388 688/369/265
f 365/593/389 366/808/389 364/366/263
f 395/595/266 397/809/390 398/596/390
f 673/597/391 674/812/391 672/598/267
f 347/374/268 349/813/392 350/599/392
f 731/601/393 732/818/393 730/602/270
f 745/603/269 747/821/394 748/604/394
f 591/605/272 593/820/395 594/606/395
f 413/607/396 414/824/396 412/381/271
f 333/609/397 334/816/397 332/610/273
f 427/386/274 429/827/398 430/611/398
f 891/613/399 892/830/524 890/614/275
f 873/615/276 875/825/400 876/616/400
f 575/617/277 577/831/401 578/618/401
f 317/619/402 318/834/402 316/620/278
f 445/621/403 446/844/403 444/622/281
f 761/396/279 763/847/404 764/623/404
f 859/625/283 860/841/283 858/405/284
f 301/627/405 302/846/405 300/407/285
f 825/629/287 827/852/536 828/630/406
f 37/631/286 39/855/407 40/632/407
f 843/633/408 844/850/408 842/634/290
f 459/635/289 461/853/409 462/636/409
f 283/637/293 285/857/410 286/638/410
f 477/639/411 478/860/411 476/640/291
f 491/641/292 493/861/412 494/642/412
f 509/643/413 510/864/413 508/644/414
f 179/645/415 180/868/415 178/6/6
f 793/646/298 795/865/416 796/647/416
f 519/648/417 520/896/561 517/649/418
f 779/651/419 780/870/419 778/652/296
f 53/426/297 55/871/420 56/653/420
f 167/655/421 168/874/421 166/656/422
f 149/657/302 151/876/549 152/658/423
f 193/659/301 195/877/424 196/660/424
f 133/661/303 135/879/551 136/662/425
f 259/663/426 260/882/426 258/664/304
f 211/665/427 212/886/427 210/666/305
f 119/667/428 120/884/428 118/668/307
f 241/669/306 243/887/429 244/670/429
f 227/671/430 228/890/430 226/672/308
f 71/673/431 72/892/431 70/450/309
f 103/675/432 104/894/432 102/453/310
f 567/677/433 568/1452/913 566/678/434
f 87/679/435 88/900/435 86/455/311
f 549/681/436 551/897/562 552/682/437
f 535/683/438 536/902/566 534/684/439
f 1613/685/318 1615/903/440 1616/686/440
f 1598/687/441 1599/909/442 1600/688/442
f 921/690/443 923/911/573 924/691/444
f 1541/692/445 1542/914/445 1540/467/321
f 1525/694/446 1526/916/446 1524/469/322
f 1557/696/447 1558/918/447 1556/697/323
f 1281/698/448 1282/920/448 1280/473/324
f 1297/700/449 1298/926/449 1296/701/325
f 1509/702/450 1510/922/450 1508/703/329
f 1263/478/327 1265/923/451 1266/704/451
f 1573/706/452 1574/930/452 1572/707/326
f 1589/708/453 1590/928/453 1588/709/328
f 1247/484/330 1249/932/454 1250/710/454
f 1647/60/455 1648/933/455 1646/712/331
f 1311/488/332 1313/935/456 1314/713/456
f 1631/65/457 1632/937/457 1630/492/334
f 1493/716/458 1494/939/458 1492/495/336
f 1327/718/333 1329/943/459 1330/719/459
f 1233/720/460 1234/941/460 1232/499/338
f 1791/77/461 1792/945/461 1790/500/220
f 1661/723/337 1663/83/462 1664/724/462
f 1773/725/341 1775/80/463 1776/726/463
f 1807/87/464 1808/948/464 1806/727/339
f 1345/728/465 1346/954/465 1344/729/340
f 1215/508/342 1217/950/466 1218/730/466
f 1475/732/467 1477/952/468 1478/733/468
f 939/735/469 940/958/469 938/736/346
f 1759/99/470 1760/955/470 1758/737/349
f 1725/738/347 1727/107/471 1728/739/471
f 1361/740/472 1362/963/472 1360/741/348
f 1709/742/351 1711/102/473 1712/743/473
f 1199/522/350 1201/960/474 1202/744/474
f 1743/116/475 1744/965/475 1742/526/160
f 1375/747/353 1377/966/476 1378/748/476
f 1679/131/477 1680/975/477 1678/749/352
f 1391/750/354 1393/968/478 1394/751/478
f 1407/536/356 1409/970/479 1410/752/479
f 955/754/480 956/977/480 954/535/355
f 1183/756/358 1185/973/481 1186/757/481
f 1093/758/359 1095/982/482 1096/759/482
f 1175/760/483 1176/979/483 1174/761/360
f 1695/141/484 1696/980/484 1694/547/362
f 1065/545/361 1067/983/614 1068/763/485
f 1051/765/486 1052/986/486 1050/766/363
f 1035/767/487 1036/988/487 1034/768/364
f 1109/553/365 1111/991/488 1112/769/488
f 1157/771/367 1159/989/489 1160/772/489
f 969/555/366 971/993/164 972/773/164
f 1127/775/490 1128/998/490 1126/776/368
f 1143/777/491 1144/996/491 1142/562/369
f 1017/779/370 1019/999/492 1020/780/492
f 987/781/493 988/1002/493 986/782/371
f 1001/783/374 1003/1004/494 1004/784/494
f 1465/785/495 1467/1005/626 1468/786/496
f 1451/787/497 1452/1008/629 1450/788/498
f 1435/789/499 1436/1010/631 1434/790/500
f 699/791/501 701/1011/632 702/792/502
f 7/577/379 9/1013/634 10/793/503
f 25/795/505 26/1016/637 24/580/382
f 625/797/383 627/1017/507 628/798/507
f 641/799/384 643/1019/508 644/800/508
f 609/585/385 611/1022/509 612/801/509
f 657/803/386 659/1024/510 660/804/510
f 383/805/511 384/1028/511 382/589/387
f 367/807/512 368/1026/512 366/808/389
f 397/809/390 399/1036/513 400/810/513
f 673/597/391 675/1029/514 676/811/514
f 349/813/392 351/1032/515 352/814/515
f 335/815/516 336/1034/516 334/816/397
f 733/817/517 734/1038/517 732/818/393
f 595/819/518 596/1040/518 594/606/395
f 747/821/394 749/1044/519 750/822/519
f 415/823/520 416/1042/520 414/824/396
f 875/825/400 877/1047/521 878/826/521
f 429/827/398 431/1054/522 432/828/522
f 893/829/523 894/1052/523 892/830/524
f 577/831/401 579/1045/525 580/832/525
f 317/619/402 319/1049/526 320/833/526
f 716/835/527 717/1048/528 718/836/528
f 810/403/283 809/1962/283 716/835/527
f 906/399/280 905/1961/280 811/838/279
f 859/625/283 861/1056/529 862/840/529
f 811/838/279 813/1058/530 814/842/530
f 445/621/403 447/1061/531 448/843/531
f 303/845/532 304/1060/532 302/846/405
f 763/847/404 765/1063/533 766/848/533
f 845/849/534 846/1065/534 844/850/408
f 829/851/535 830/1067/665 828/630/406
f 461/853/409 463/1068/537 464/854/537
f 39/855/407 41/1073/538 42/856/538
f 285/857/410 287/1071/668 288/858/539
f 479/859/540 480/1075/671 478/860/411
f 493/861/412 495/1078/541 496/862/541
f 511/863/542 512/1081/542 510/864/413
f 795/865/416 797/1077/543 798/866/543
f 181/867/544 182/1083/544 180/868/415
f 781/869/545 782/1087/545 780/870/419
f 55/871/420 57/1088/546 58/872/546
f 169/873/547 170/1085/677 168/874/421
f 153/875/548 154/1091/681 152/658/423
f 195/877/424 197/1096/550 198/878/550
f 135/879/551 137/1094/552 138/880/552
f 261/881/553 262/1093/553 260/882/426
f 121/883/554 122/1099/554 120/884/428
f 213/885/555 214/1103/555 212/886/427
f 243/887/429 245/1100/556 246/888/556
f 229/889/557 230/1105/557 228/890/430
f 73/891/558 74/1107/690 72/892/431
f 105/893/559 106/1109/559 104/894/432
f 521/895/560 522/1113/695 520/896/561
f 551/897/562 553/1110/692 554/898/563
f 89/899/564 90/1115/564 88/900/435
f 537/901/565 538/1117/565 536/902/566
f 1615/903/440 1617/1118/698 1618/904/567
f 1619/905/568 1620/1963/1512 907/906/569
f 1601/908/571 1602/1120/571 1600/688/442
f 909/910/572 910/1122/701 908/907/570
f 923/911/573 925/1124/574 926/912/574
f 1541/692/445 1543/1127/575 1544/913/575
f 1525/694/446 1527/1125/576 1528/915/576
f 1559/917/577 1560/1130/577 1558/918/447
f 1283/919/578 1284/1134/578 1282/920/448
f 1511/921/579 1512/1132/579 1510/922/450
f 1265/923/451 1267/1136/580 1268/924/580
f 1299/925/581 1300/1140/581 1298/926/449
f 1591/927/582 1592/1138/710 1590/928/453
f 1573/706/452 1575/1141/583 1576/929/583
f 1251/931/584 1252/1144/584 1250/710/454
f 1649/59/585 1650/1145/585 1648/933/455
f 1315/934/586 1316/1148/586 1314/713/456
f 1631/65/457 1633/379/587 1634/936/587
f 1493/716/458 1495/1150/588 1496/938/588
f 1235/940/589 1236/1152/589 1234/941/460
f 1331/942/590 1332/1154/590 1330/719/459
f 1791/77/461 1793/389/591 1794/944/591
f 1775/80/463 1777/391/592 1778/946/592
f 1663/83/462 1665/397/593 1666/947/593
f 1809/86/594 1810/1161/594 1808/948/464
f 1219/949/595 1220/1159/595 1218/730/466
f 1479/951/596 1480/1157/596 1478/733/468
f 1347/953/597 1348/1163/597 1346/954/465
f 1761/98/598 1762/1164/598 1760/955/470
f 1711/102/473 1713/101/599 1714/956/599
f 941/957/600 942/1168/600 940/958/469
f 1727/107/471 1729/411/601 1730/959/601
f 1201/960/474 1203/1166/602 1204/961/602
f 1363/962/603 1364/1170/603 1362/963/472
f 1743/116/475 1745/415/604 1746/964/604
f 1377/966/476 1379/1172/605 1380/967/605
f 1393/968/478 1395/1175/606 1396/969/606
f 1409/970/479 1411/1178/607 1412/971/607
f 1187/972/608 1188/1177/608 1186/757/481
f 1679/131/477 1681/425/609 1682/974/609
f 955/754/480 957/1181/610 958/976/610
f 1177/978/611 1178/1187/611 1176/979/483
f 1697/140/612 1698/1185/612 1696/980/484
f 1097/981/613 1098/1191/613 1096/759/482
f 1067/983/614 1069/1188/744 1070/984/615
f 1053/985/616 1054/1193/616 1052/986/486
f 1037/987/617 1038/1195/749 1036/988/487
f 1159/989/489 1161/1196/618 1162/990/618
f 1111/991/488 1113/1198/619 1114/992/619
f 971/993/164 973/1207/620 974/994/620
f 1145/995/621 1146/1201/621 1144/996/491
f 1129/997/622 1130/1205/622 1128/998/490
f 1019/999/492 1021/1202/623 1022/1000/623
f 989/1001/624 990/1211/624 988/1002/493
f 1005/1003/625 1006/1209/625 1004/784/494
f 1467/1005/626 1469/1212/758 1470/1006/627
f 1453/1007/628 1454/1215/761 1452/1008/629
f 1437/1009/630 1438/1217/630 1436/1010/631
f 701/1011/632 703/1219/764 704/1012/633
f 9/1013/634 11/1221/766 12/1014/635
f 27/1015/636 28/1260/789 26/1016/637
f 627/1017/507 629/1223/638 630/1018/638
f 643/1019/508 645/1226/639 646/1020/639
f 613/1021/640 614/1225/640 612/801/509
f 661/1023/641 662/1233/641 660/804/510
f 367/807/512 369/1229/642 370/1025/642
f 385/1027/643 386/1231/643 384/1028/511
f 675/1029/514 677/1236/644 678/1030/644
f 353/1031/645 354/1235/645 352/814/515
f 337/1033/646 338/1239/646 336/1034/516
f 401/1035/647 402/1244/647 400/810/513
f 735/1037/648 736/220/648 734/1038/517
f 595/819/518 597/1241/649 598/1039/649
f 415/823/520 417/1245/650 418/1041/650
f 751/1043/651 752/232/651 750/822/519
f 579/1045/525 581/1250/652 582/1046/652
f 877/1047/521 879/1251/653 880/243/653
f 717/1048/528 719/1248/654 720/237/654
f 319/1049/526 321/1253/655 322/1050/655
f 895/1051/656 896/249/656 894/1052/523
f 433/1053/657 434/1255/657 432/828/522
f 863/1055/658 864/253/658 862/840/529
f 815/1057/659 816/262/659 814/842/530
f 305/1059/660 306/1258/660 304/1060/532
f 447/1061/531 449/1262/661 450/1062/661
f 765/1063/533 767/1264/662 768/273/662
f 847/1064/663 848/270/663 846/1065/534
f 831/1066/664 832/276/795 830/1067/665
f 463/1068/537 465/1268/666 466/1069/666
f 289/1070/667 290/1266/667 288/858/539
f 43/1072/669 44/1270/669 42/856/538
f 481/1074/670 482/1272/670 480/1075/671
f 799/1076/672 800/280/672 798/866/543
f 495/1078/541 497/1273/673 498/1079/673
f 513/1080/674 514/1276/803 512/1081/542
f 183/1082/675 184/1278/675 182/1083/544
f 169/873/547 171/1641/1015 172/1084/676
f 783/1086/678 784/309/678 782/1087/545
f 57/1088/546 59/1285/679 60/1089/679
f 155/1090/680 156/1282/680 154/1091/681
f 263/1092/682 264/1280/682 262/1093/553
f 137/1094/552 139/1283/683 140/1095/683
f 197/1096/550 199/1289/684 200/1097/684
f 123/1098/685 124/1288/685 122/1099/554
f 245/1100/556 247/1291/686 248/1101/686
f 213/885/555 215/1293/687 216/1102/687
f 231/1104/688 232/1296/688 230/1105/557
f 75/1106/689 76/1300/689 74/1107/690
f 107/1108/691 108/1298/691 106/1109/559
f 553/1110/692 555/1302/693 556/1111/693
f 521/895/560 523/1303/818 524/1112/694
f 91/1114/696 92/1308/696 90/1115/564
f 539/1116/697 540/1306/821 538/1117/565
f 1617/1118/698 1620/1963/1512 1619/905/568
f 1603/1119/699 1604/1310/824 1602/1120/571
f 911/1121/700 912/1312/826 910/1122/701
f 927/1123/702 928/1314/828 926/912/574
f 1527/1125/576 1529/1316/703 1530/1126/703
f 1543/1127/575 1545/1318/704 1546/1128/704
f 1561/1129/705 1562/1322/705 1560/1130/577
f 1511/921/579 1513/1319/706 1514/1131/706
f 1283/919/578 1285/1324/707 1286/1133/707
f 1269/1135/708 1270/1328/708 1268/924/580
f 1593/1137/709 1594/1326/709 1592/1138/710
f 1301/1139/711 1302/1330/711 1300/1140/581
f 1575/1141/583 1577/1331/712 1578/1142/712
f 1251/931/584 1253/1334/713 1254/1143/713
f 1651/377/714 1652/1336/714 1650/1145/585
f 1633/379/587 1635/602/715 1636/1146/715
f 1317/1147/716 1318/1340/716 1316/1148/586
f 1497/1149/717 1498/1338/717 1496/938/588
f 1235/940/589 1237/1341/718 1238/1151/718
f 1331/942/590 1333/1344/719 1334/1153/719
f 1793/389/591 1795/614/846 1796/1155/720
f 1779/390/721 1780/1345/721 1778/946/592
f 1481/1156/722 1482/1347/722 1480/1157/596
f 1219/949/595 1221/1348/723 1222/1158/723
f 1665/397/593 1667/624/724 1668/1160/724
f 1811/399/725 1812/1964/725 1810/1161/594
f 1347/953/597 1349/1965/726 1350/1162/726
f 1715/403/727 1716/1966/727 1714/956/599
f 1763/405/728 1764/1354/728 1762/1164/598
f 1205/1165/729 1206/1356/729 1204/961/602
f 943/1167/730 944/1359/730 942/1168/600
f 1731/410/731 1732/1357/731 1730/959/601
f 1365/1169/732 1366/1362/732 1364/1170/603
f 1745/415/604 1747/634/733 1748/1171/733
f 1379/1172/605 1381/1365/734 1382/1173/734
f 1397/1174/735 1398/1368/735 1396/969/606
f 1189/1176/736 1190/1364/736 1188/1177/608
f 1411/1178/607 1413/1369/737 1414/1179/737
f 1082/10/10 1084/12/12 1080/8/8
f 1681/425/609 1683/652/738 1684/1180/738
f 957/1181/610 959/1377/739 960/1182/739
f 1421/295/211 1423/1373/740 1424/1183/740
f 1699/429/742 1700/1372/742 1698/1185/612
f 1179/1186/743 1180/1697/743 1178/1187/611
f 1069/1188/744 1071/1378/866 1072/1189/745
f 1099/1190/746 1100/1383/746 1098/1191/613
f 1055/1192/747 1056/1381/869 1054/1193/616
f 1039/1194/748 1040/1385/748 1038/1195/749
f 1161/1196/618 1163/1386/750 1164/1197/750
f 1113/1198/619 1115/1388/751 1116/1199/751
f 1145/995/621 1147/1393/752 1148/1200/752
f 1021/1202/623 1023/1390/753 1024/1203/753
f 1129/997/622 1131/1395/754 1132/1204/754
f 975/1206/755 976/1397/755 974/994/620
f 1007/1208/756 1008/1399/756 1006/1209/625
f 991/1210/757 992/1402/757 990/1211/624
f 1469/1212/758 1471/1400/879 1472/1213/759
f 1455/1214/760 1456/1404/882 1454/1215/761
f 1437/1009/630 1439/1405/883 1440/1216/762
f 705/1218/763 706/1408/886 704/1012/633
f 13/1220/765 14/1412/889 12/1014/635
f 631/1222/767 632/1414/767 630/1018/638
f 615/1224/768 616/1416/768 614/1225/640
f 645/1226/639 647/1417/769 648/1227/769
f 371/1228/770 372/1420/770 370/1025/642
f 385/1027/643 387/1421/771 388/1230/771
f 661/1023/641 663/1423/772 664/1232/772
f 353/1031/645 355/1425/773 356/1234/773
f 677/1236/644 679/1427/774 680/1237/774
f 337/1033/646 339/1431/775 340/1238/775
f 737/1240/776 738/487/776 736/220/648
f 597/1241/649 599/1429/777 600/1242/777
f 403/1243/116 404/1434/116 402/1244/647
f 417/1245/650 419/1436/903 420/1246/778
f 753/1247/779 754/496/779 752/232/651
f 719/1248/654 721/1437/780 722/235/780
f 583/1249/781 584/1439/781 582/1046/652
f 879/1251/653 881/1444/782 882/241/782
f 323/1252/783 324/1442/783 322/1050/655
f 895/1051/656 897/1445/784 898/247/784
f 435/1254/785 436/1447/785 434/1255/657
f 865/1256/786 866/506/786 864/253/658
f 305/1059/660 307/1449/787 308/1257/787
f 29/1259/788 30/1454/788 28/1260/789
f 817/1261/790 818/516/790 816/262/659
f 449/1262/661 451/1455/791 452/1263/791
f 847/1064/663 849/1457/792 850/268/792
f 767/1264/662 769/1464/793 770/271/793
f 831/1066/664 833/1463/794 834/274/794
f 289/1070/667 291/1458/796 292/1265/796
f 799/1076/672 801/1461/920 802/524/797
f 467/1267/798 468/1466/798 466/1069/666
f 45/1269/799 46/1470/799 44/1270/669
f 483/1271/800 484/1468/800 482/1272/670
f 497/1273/673 499/1471/801 500/1274/801
f 513/1080/674 515/1642/1016 516/1275/802
f 185/1277/804 186/1477/804 184/1278/675
f 263/1092/682 265/1478/805 266/1279/805
f 155/1090/680 157/1480/806 158/1281/806
f 783/1086/678 785/1483/807 786/307/807
f 139/1283/683 141/1484/808 142/1284/808
f 59/1285/679 61/1490/809 62/1286/809
f 125/1287/810 126/1487/810 124/1288/685
f 199/1289/684 201/1488/811 202/1290/811
f 247/1291/686 249/1493/812 250/1292/812
f 215/1293/687 217/1494/813 218/1294/813
f 233/1295/814 234/1497/814 232/1296/688
f 109/1297/815 110/1499/815 108/1298/691
f 75/1106/689 77/1500/816 78/1299/816
f 557/1301/817 558/1503/942 556/1111/693
f 523/1303/818 525/1508/946 526/1304/819
f 541/1305/820 542/1507/945 540/1306/821
f 93/1307/822 94/1505/822 92/1308/696
f 1605/1309/823 1606/1511/949 1604/1310/824
f 911/1121/700 913/1513/951 914/1311/825
f 929/1313/827 930/1515/953 928/1314/828
f 1531/1315/829 1532/1517/829 1530/1126/703
f 1547/1317/830 1548/1519/830 1546/1128/704
f 1513/1319/706 1515/1521/831 1516/1320/831
f 1563/1321/832 1564/1523/832 1562/1322/705
f 1287/1323/833 1288/1525/833 1286/1133/707
f 1593/1137/709 1595/1665/834 1596/1325/834
f 1269/1135/708 1271/1526/835 1272/1327/835
f 1303/1329/836 1304/1529/836 1302/1330/711
f 1577/1331/712 1579/1531/837 1580/1332/837
f 1255/1333/838 1256/1533/838 1254/1143/713
f 1635/602/715 1637/818/839 1638/1335/839
f 1653/604/840 1654/1539/840 1652/1336/714
f 1499/1337/841 1500/1538/841 1498/1338/717
f 1317/1147/716 1319/1540/842 1320/1339/842
f 1237/1341/718 1239/1534/843 1240/1342/843
f 1335/1343/844 1336/1544/844 1334/1153/719
f 1797/830/845 1798/1545/972 1796/1155/720
f 1781/616/847 1782/1542/969 1780/1345/721
f 1483/1346/848 1484/1547/848 1482/1347/722
f 1221/1348/723 1223/1549/849 1224/1349/849
f 1349/1350/726 1351/1553/850 1352/1351/850
f 1669/623/851 1670/1556/851 1668/1160/724
f 1763/405/728 1765/841/727 1766/1353/727
f 1205/1165/729 1207/1554/852 1208/1355/852
f 1733/630/853 1734/1558/853 1732/1357/731
f 945/1358/854 946/1562/854 944/1359/730
f 1747/634/733 1749/850/855 1750/1360/855
f 1367/1361/856 1368/1560/856 1366/1362/732
f 1191/1363/857 1192/1564/857 1190/1364/736
f 1381/1365/734 1383/1565/858 1384/1366/858
f 1399/1367/859 1400/1568/859 1398/1368/735
f 1413/1369/737 1415/1569/860 1416/1370/860
f 1083/11/11 1085/1572/861 1086/1371/861
f 1701/647/862 1702/1571/862 1700/1372/742
f 1423/1373/740 1425/1599/863 1426/1374/863
f 1683/652/738 1685/870/864 1686/1375/864
f 961/1376/865 962/1576/865 960/1182/739
f 1071/1378/866 1073/1577/867 1074/1379/867
f 1057/1380/868 1058/1580/868 1056/1381/869
f 1101/1382/870 1102/1582/870 1100/1383/746
f 1041/1384/871 1042/1584/871 1040/1385/748
f 1163/1386/750 1165/1585/872 1166/1387/872
f 1115/1388/751 1117/1589/873 1118/1389/873
f 1023/1390/753 1025/1587/874 1026/1391/874
f 1149/1392/875 1150/1592/875 1148/1200/752
f 1133/1394/876 1134/1594/876 1132/1204/754
f 975/1206/755 977/1595/877 978/1396/877
f 1007/1208/756 1009/1597/878 1010/1398/878
f 1471/1400/879 1474/511/343 1473/513/345
f 991/1210/757 993/1603/880 994/1401/880
f 1457/1403/881 1458/1602/881 1456/1404/882
f 1439/1405/883 1441/1605/1009 1442/1406/884
f 707/1407/885 708/1607/885 706/1408/886
f 691/1409/887 692/1608/887 690/1410/388
f 15/1411/888 16/1609/1011 14/1412/889
f 633/1413/890 634/1610/890 632/1414/767
f 617/1415/891 618/1611/891 616/1416/768
f 647/1417/769 649/1612/892 650/1418/892
f 373/1419/893 374/1613/893 372/1420/770
f 387/1421/771 389/1614/894 390/1422/894
f 663/1423/772 665/1617/895 666/1424/895
f 355/1425/773 357/1616/896 358/1426/896
f 679/1427/774 681/1618/897 682/1428/897
f 599/1429/777 601/1615/898 602/1430/898
f 339/1431/775 341/1619/899 342/1432/899
f 737/1240/776 739/1620/900 740/486/900
f 403/1243/116 405/1621/901 406/1433/901
f 421/1435/902 422/1624/902 420/1246/778
f 721/1437/780 723/1622/904 724/715/904
f 585/1438/905 586/1623/905 584/1439/781
f 755/1440/906 756/723/906 754/496/779
f 325/1441/907 326/1625/907 324/1442/783
f 883/1443/807 884/722/807 882/241/782
f 897/1445/784 899/1626/908 900/502/908
f 437/1446/909 438/1627/909 436/1447/785
f 867/1448/910 868/725/910 866/506/786
f 307/1449/787 309/1628/911 310/1450/911
f 569/1451/912 570/1629/1012 568/1452/913
f 29/1259/788 31/1630/914 32/1453/914
f 817/1261/790 819/1632/1013 820/738/915
f 451/1455/791 453/1633/916 454/1456/916
f 849/1457/792 851/1631/917 852/520/917
f 291/1458/796 293/1634/918 294/1459/918
f 803/1460/919 804/742/1014 802/524/797
f 835/1462/776 836/746/776 834/274/794
f 769/1464/793 771/1636/921 772/528/921
f 469/1465/922 470/1635/922 468/1466/798
f 485/1467/923 486/1637/923 484/1468/800
f 47/1469/924 48/1639/924 46/1470/799
f 499/1471/801 501/1638/925 502/1472/925
f 277/1473/926 278/1640/926 275/1474/927
f 187/1476/928 188/1644/928 186/1477/804
f 265/1478/805 267/1645/929 268/1479/929
f 157/1480/806 159/1646/930 160/1481/930
f 787/1482/931 788/762/931 786/307/807
f 141/1484/808 143/1647/932 144/1485/932
f 125/1287/810 127/1648/933 128/1486/933
f 201/1488/811 203/1649/934 204/1489/934
f 61/1490/809 63/1651/935 64/1491/935
f 251/1492/936 252/1650/936 250/1292/812
f 217/1494/813 219/1652/937 220/1495/937
f 235/1496/938 236/1653/938 234/1497/814
f 111/1498/939 112/1654/939 110/1499/815
f 77/1500/816 79/1655/940 80/1501/940
f 559/1502/941 560/1657/1017 558/1503/942
f 95/1504/943 96/1656/943 94/1505/822
f 541/1305/820 543/1658/1018 544/1506/944
f 525/1508/946 527/1659/1019 528/1509/947
f 1607/1510/948 1608/1660/948 1606/1511/949
f 915/1512/950 916/1661/1020 914/1311/825
f 929/1313/827 931/1662/1021 932/1514/952
f 1533/1516/954 1534/1664/954 1532/1517/829
f 1549/1518/955 1550/1666/955 1548/1519/830
f 1517/1520/956 1518/1667/956 1516/1320/831
f 1565/1522/957 1566/1668/957 1564/1523/832
f 1287/1323/833 1289/1670/958 1290/1524/958
f 1271/1526/835 1273/1669/959 1274/1527/959
f 1305/1528/960 1306/1674/960 1304/1529/836
f 1581/1530/961 1582/1671/961 1580/1332/837
f 1257/1532/962 1258/1672/962 1256/1533/838
f 1239/1534/843 1241/1673/963 1242/1535/963
f 1637/818/839 1639/1038/964 1640/1536/964
f 1499/1337/841 1501/1675/965 1502/1537/965
f 1655/822/966 1656/1677/966 1654/1539/840
f 1319/1540/842 1321/1676/967 1322/1541/967
f 1783/826/968 1784/1679/968 1782/1542/969
f 1337/1543/970 1338/1683/970 1336/1544/844
f 1799/1052/971 1800/1682/1023 1798/1545/972
f 1485/1546/973 1486/1678/973 1484/1547/848
f 1225/1548/974 1226/1681/974 1224/1349/849
f 1623/836/975 1624/1680/1022 1621/1550/976
f 1621/1550/976 1716/1966/727 1715/403/727
f 1718/1551/724 1812/1964/725 1811/399/725
f 1767/840/978 1768/1684/978 1766/1353/727
f 1719/842/979 1720/1685/979 1718/1551/724
f 1353/1552/980 1354/1687/980 1352/1351/850
f 1207/1554/852 1209/1686/981 1210/1555/981
f 1671/848/982 1672/1688/982 1670/1556/851
f 1749/850/855 1751/1065/983 1752/1557/983
f 1735/1067/984 1736/1689/984 1734/1558/853
f 1369/1559/985 1370/1690/985 1368/1560/856
f 947/1561/986 948/1692/986 946/1562/854
f 1191/1363/857 1193/1691/987 1194/1563/987
f 1383/1565/858 1385/1693/1024 1386/1566/988
f 1401/1567/989 1402/1695/989 1400/1568/859
f 1415/1569/860 1417/1696/990 1418/1570/990
f 1703/866/991 1704/1694/991 1702/1571/862
f 1085/1572/861 1087/1700/992 1088/1573/992
f 1685/870/864 1687/1087/993 1688/1574/993
f 963/1575/994 964/1702/994 962/1576/865
f 1073/1577/867 1075/1701/1027 1076/1578/995
f 1057/1380/868 1059/1703/1028 1060/1579/996
f 1103/1581/997 1104/1706/997 1102/1582/870
f 1043/1583/998 1044/1705/998 1042/1584/871
f 1165/1585/872 1167/1704/999 1168/1586/999
f 1025/1587/874 1027/1707/1000 1028/1588/1000
f 1117/1589/873 1119/1709/1001 1120/1590/1001
f 1151/1591/1002 1152/1708/1002 1150/1592/875
f 1133/1394/876 1135/1710/1003 1136/1593/1003
f 977/1595/877 979/1711/1004 980/1596/1004
f 1009/1597/878 1011/1712/1005 1012/1598/1005
f 1425/1599/863 1427/1714/1030 1428/1600/1006
f 1459/1601/1007 1460/1713/1029 1458/1602/881
f 993/1603/880 995/1715/1008 996/1604/1008
f 1441/1605/1009 1443/1716/1031 1444/1606/1010
f 710/15/14 709/14/14 708/1607/885
f 694/19/18 693/21/18 692/1608/887
f 18/27/23 17/26/22 16/1609/1011
f 633/1413/890 636/30/25 635/29/25
f 617/1415/891 620/33/27 619/32/27
f 649/1612/892 652/34/28 651/36/28
f 373/1419/893 376/37/30 375/39/30
f 389/1614/894 392/46/37 391/48/37
f 601/1615/898 604/40/32 603/42/34
f 360/45/36 359/44/36 358/1426/896
f 665/1617/895 668/54/42 667/53/42
f 681/1618/897 684/49/39 683/51/39
f 344/55/43 343/57/43 342/1432/899
f 739/1620/900 742/58/45 741/60/45
f 408/61/47 407/63/47 406/1433/901
f 723/1622/904 726/66/50 725/65/50
f 588/69/52 587/68/52 586/1623/905
f 424/73/55 423/75/55 422/1624/902
f 325/1441/907 328/70/53 327/72/53
f 883/1443/807 886/78/58 885/77/58
f 758/84/62 757/83/62 756/723/906
f 870/81/60 869/80/60 868/725/910
f 899/1626/908 902/85/63 901/87/63
f 437/1446/909 440/94/69 439/96/69
f 312/88/65 311/90/65 310/1450/911
f 572/91/67 571/93/67 570/1629/1012
f 31/1630/914 34/103/76 33/105/76
f 851/1631/917 854/97/71 853/99/71
f 822/108/80 821/107/79 820/738/915
f 453/1633/916 456/112/83 455/114/83
f 806/100/73 805/102/75 804/742/1014
f 296/109/81 295/111/81 294/1459/918
f 835/1462/776 838/117/86 837/116/86
f 472/120/88 471/119/88 470/1635/922
f 771/1636/921 774/132/96 773/131/96
f 488/123/90 487/122/90 486/1637/923
f 504/126/92 503/125/92 502/1472/925
f 47/1469/924 50/135/98 49/134/98
f 280/127/93 279/129/93 278/1640/926
f 171/1641/1015 175/3/3 174/2/2
f 518/650/418 517/649/418 516/1275/802
f 273/1643/299 276/1475/927 275/1474/927
f 190/142/103 189/144/103 188/1644/928
f 267/1645/929 270/136/99 269/138/99
f 787/1482/931 790/139/101 789/141/101
f 162/145/105 161/147/105 160/1481/930
f 143/1647/932 146/148/107 145/150/107
f 127/1648/933 130/151/109 129/153/109
f 206/159/114 205/158/114 204/1489/934
f 254/156/112 253/155/112 252/1650/936
f 66/162/116 65/161/116 64/1491/935
f 219/1652/937 222/166/119 221/168/119
f 235/1496/938 238/163/117 237/165/117
f 114/171/122 113/170/122 112/1654/939
f 79/1655/940 82/172/123 81/174/123
f 98/175/125 97/177/125 96/1656/943
f 562/180/129 561/179/128 560/1657/1017
f 543/1658/1018 546/181/130 545/183/130
f 527/1659/1019 530/184/132 529/186/134
f 1610/187/135 1609/189/137 1608/1660/948
f 918/190/138 917/192/140 916/1661/1020
f 931/1662/1021 934/1967/186 933/1663/188
f 1536/193/141 1535/195/141 1534/1664/954
f 1595/1665/834 1598/687/441 1597/689/441
f 1552/201/146 1551/200/146 1550/1666/955
f 1520/196/143 1519/198/143 1518/1667/956
f 1565/1522/957 1568/208/151 1567/210/151
f 1276/202/147 1275/204/147 1274/1527/959
f 1289/1670/958 1292/207/150 1291/206/150
f 1584/216/156 1583/215/156 1582/1671/961
f 1257/1532/962 1260/213/154 1259/212/154
f 1241/1673/963 1244/219/158 1243/218/158
f 1305/1528/960 1308/226/163 1307/228/163
f 1639/1038/964 1642/220/159 1641/222/159
f 1501/1675/965 1504/225/162 1503/224/162
f 1324/231/166 1323/230/166 1322/1541/967
f 1655/822/966 1658/232/167 1657/234/167
f 1488/238/172 1487/240/172 1486/1678/973
f 1786/243/175 1785/242/175 1784/1679/968
f 1626/237/171 1625/236/170 1624/1680/1022
f 1228/244/176 1227/246/176 1226/1681/974
f 1799/1052/971 1802/249/179 1801/248/179
f 1337/1543/970 1340/250/180 1339/252/180
f 1767/840/978 1770/253/182 1769/255/182
f 1719/842/979 1722/262/189 1721/264/189
f 1209/1686/981 1212/258/185 1211/257/185
f 1356/267/192 1355/266/192 1354/1687/980
f 1674/273/196 1673/272/196 1672/1688/982
f 1751/1065/983 1754/270/194 1753/269/194
f 1738/276/198 1737/275/198 1736/1689/984
f 1372/283/203 1371/285/203 1370/1690/985
f 1193/1691/987 1196/279/200 1195/278/200
f 947/1561/986 950/286/205 949/288/205
f 1385/1693/1024 1388/289/207 1387/291/207
f 1703/866/991 1706/280/201 1705/282/201
f 1404/294/210 1403/293/210 1402/1695/989
f 1417/1696/990 1420/297/213 1419/296/212
f 1182/538/357 1181/540/357 1180/1697/743
f 1081/9/9 1080/8/8 1077/1698/1025
f 1087/1700/992 1090/298/214 1089/300/214
f 1078/1699/1026 1077/1698/1025 1076/1578/995
f 1687/1087/993 1690/309/221 1689/308/221
f 966/315/225 965/314/225 964/1702/994
f 1059/1703/1028 1062/306/219 1061/305/219
f 1170/303/217 1169/302/217 1168/1586/999
f 1046/312/223 1045/311/223 1044/1705/998
f 1106/321/229 1105/320/229 1104/1706/997
f 1027/1707/1000 1030/316/226 1029/318/226
f 1154/324/231 1153/323/231 1152/1708/1002
f 1119/1709/1001 1122/327/233 1121/326/233
f 1135/1710/1003 1138/328/234 1137/330/234
f 979/1711/1004 982/336/239 981/335/239
f 1011/1712/1005 1014/331/236 1013/333/236
f 1459/1601/1007 1462/337/240 1461/339/242
f 1430/342/245 1429/341/244 1428/1600/1006
f 995/1715/1008 998/346/249 997/348/249
f 1443/1716/1031 1446/343/246 1445/345/248
f 174/2/1032 173/1/1032 1079/7/1032
f 176/4/1033 178/6/1034 1083/11/1034
f 2/16/1035 907/1968/1039 1620/1717/1036
f 93/1969/1037 91/1970/1037 227/1971/1037
f 91/1970/1037 89/1972/1037 229/1973/1037
f 231/1974/1037 89/1972/1037 233/1975/1037
f 89/1972/1037 87/1976/1037 233/1975/1037
f 87/1976/1037 85/1977/1037 235/1978/1037
f 235/1978/1037 85/1977/1037 238/1979/1037
f 85/1977/1037 83/1980/1037 238/1979/1037
f 83/1980/1037 82/1981/1037 241/1982/1037
f 238/1979/1037 83/1980/1037 239/1983/1037
f 82/1981/1037 79/1984/1037 243/1985/1037
f 79/1984/1037 77/1986/1037 247/1987/1037
f 77/1986/1037 75/1988/1037 249/1989/1037
f 75/1988/1037 73/1990/1037 254/1991/1037
f 77/1986/1037 249/1989/1037 247/1987/1037
f 73/1990/1037 71/1992/1037 255/1993/1037
f 71/1992/1037 69/1994/1037 259/1995/1037
f 73/1990/1037 255/1993/1037 254/1991/1037
f 69/1994/1037 67/1996/1037 261/1997/1037
f 67/1996/1037 66/1998/1037 263/1999/1037
f 66/1998/1037 63/2000/1037 267/2001/1037
f 63/2000/1037 61/2002/1037 270/2003/1037
f 66/1998/1037 265/2004/1037 263/1999/1037
f 61/2002/1037 59/2005/1037 273/2006/1037
f 59/2005/1037 57/2007/1037 276/2008/1037
f 57/2007/1037 55/2009/1037 276/2008/1037
f 55/2009/1037 53/2010/1037 277/2011/1037
f 277/2011/1037 53/2010/1037 280/2012/1037
f 53/2010/1037 51/2013/1037 281/2014/1037
f 51/2013/1037 50/2015/1037 283/2016/1037
f 53/2010/1037 281/2014/1037 280/2012/1037
f 50/2015/1037 47/2017/1037 285/2018/1037
f 47/2017/1037 45/2019/1037 287/2020/1037
f 50/2015/1037 285/2018/1037 283/2016/1037
f 45/2019/1037 43/2021/1037 289/2022/1037
f 43/2021/1037 41/2023/1037 291/2024/1037
f 45/2019/1037 289/2022/1037 287/2020/1037
f 41/2023/1037 39/2025/1037 293/2026/1037
f 39/2025/1037 37/2027/1037 296/2028/1037
f 41/2023/1037 293/2026/1037 291/2024/1037
f 37/2027/1037 35/2029/1037 297/2030/1037
f 35/2029/1037 34/2031/1037 299/2032/1037
f 37/2027/1037 297/2030/1037 296/2028/1037
f 34/2031/1037 31/2033/1037 301/2034/1037
f 31/2033/1037 29/2035/1037 303/2036/1037
f 301/2034/1037 31/2033/1037 303/2036/1037
f 29/2035/1037 27/2037/1037 305/2038/1037
f 27/2037/1037 25/2039/1037 689/2040/1037
f 25/2039/1037 23/2041/1037 21/2042/1037
f 21/2042/1037 19/2043/1513 18/691/1514
f 18/691/1514 15/2044/1037 13/2045/1037
f 13/2045/1037 11/2046/1037 5/2047/1515
f 11/2046/1037 9/2048/1037 5/2047/1515
f 9/2048/1037 7/2049/1516 5/2047/1515
f 5/2047/1515 3/2050/1037 1/2051/1037
f 1/2051/1037 714/2052/1037 5/2047/1515
f 714/2052/1037 711/2053/1037 707/2054/1037
f 5/2047/1515 714/2052/1037 13/2045/1037
f 711/2053/1037 710/2055/1517 707/2054/1037
f 707/2054/1037 705/2056/1037 714/2052/1037
f 705/2056/1037 703/2057/1037 714/2052/1037
f 703/2057/1037 701/2058/1514 694/2059/1037
f 701/2058/1514 699/2060/1515 694/2059/1037
f 699/2060/1515 697/2061/1037 695/2062/1037
f 695/2062/1037 694/2059/1037 699/2060/1515
f 694/2059/1037 691/2063/1037 25/2039/1037
f 25/2039/1037 714/2052/1037 703/2057/1037
f 714/2052/1037 25/2039/1037 21/2042/1037
f 691/2063/1037 689/2040/1037 25/2039/1037
f 25/2039/1037 703/2057/1037 694/2059/1037
f 13/2045/1037 714/2052/1037 21/2042/1037
f 21/2042/1037 18/691/1514 13/2045/1037
f 27/2037/1037 689/2040/1037 687/2064/1037
f 59/2005/1037 276/2008/1037 273/2006/1037
f 259/1995/1037 69/1994/1037 261/1997/1037
f 265/2004/1037 66/1998/1037 267/2001/1037
f 257/2065/1037 71/1992/1037 259/1995/1037
f 82/1981/1037 243/1985/1037 241/1982/1037
f 83/1980/1037 241/1982/1037 239/1983/1037
f 89/1972/1037 231/1974/1037 229/1973/1037
f 98/2066/1037 95/2067/1037 222/2068/1037
f 95/2067/1037 93/1969/1037 223/2069/1037
f 98/2066/1037 219/2070/1037 217/2071/1037
f 101/2072/1037 99/2073/1037 215/2074/1037
f 99/2073/1037 98/2066/1037 217/2071/1037
f 101/2072/1037 213/2075/1037 211/2076/1037
f 105/2077/1037 103/2078/1037 209/2079/1037
f 103/2078/1037 101/2072/1037 211/2076/1037
f 105/2077/1037 209/2079/1037 207/2080/1037
f 109/2081/1037 107/2082/1037 203/2083/1037
f 107/2082/1037 105/2077/1037 207/2080/1037
f 109/2081/1037 203/2083/1037 201/2084/1037
f 114/2085/1037 111/2086/1037 199/2087/1037
f 111/2086/1037 109/2081/1037 201/2084/1037
f 195/2088/1037 115/2089/1037 114/2085/1037
f 117/2090/1037 115/2089/1037 193/2091/1037
f 117/2090/1037 193/2091/1037 191/2092/1037
f 121/2093/1037 119/2094/1037 187/2095/1037
f 119/2094/1037 117/2090/1037 191/2092/1037
f 125/2096/1037 123/2097/1037 137/2098/1037
f 123/2097/1037 121/2093/1037 185/2099/1037
f 130/2100/1037 127/2101/1515 125/2096/1037
f 133/2102/1037 131/2103/1037 125/2096/1037
f 131/2103/1037 130/2100/1037 125/2096/1037
f 137/2098/1037 135/2104/1037 133/2102/1037
f 141/2105/1037 139/2106/1037 123/2097/1037
f 139/2106/1037 137/2098/1037 123/2097/1037
f 146/2107/1037 143/2108/1037 123/2097/1037
f 143/2108/1037 141/2105/1037 123/2097/1037
f 149/2109/1037 147/2110/1037 146/2107/1037
f 153/2111/1037 151/2112/1037 149/2109/1037
f 157/2113/1037 155/2114/1037 149/2109/1037
f 155/2114/1037 153/2111/1037 149/2109/1037
f 162/2115/1037 159/2116/1037 165/2117/1037
f 159/2116/1037 157/2113/1037 165/2117/1037
f 165/2117/1037 163/2118/1514 162/2115/1037
f 169/2119/1037 167/2120/1515 165/2117/1037
f 175/2121/1037 171/2122/1037 179/2123/1037
f 171/2122/1037 169/2119/1037 123/2097/1037
f 179/2123/1037 171/2122/1037 181/2124/1037
f 179/2123/1037 177/2125/1037 175/2121/1037
f 171/2122/1037 183/2126/1037 181/2124/1037
f 169/2119/1037 165/2117/1037 123/2097/1037
f 149/2109/1037 146/2107/1037 123/2097/1037
f 137/2098/1037 133/2102/1037 125/2096/1037
f 123/2097/1037 185/2099/1037 171/2122/1037
f 119/2094/1037 191/2092/1037 190/2127/1037
f 115/2089/1037 195/2088/1037 193/2091/1037
f 114/2085/1037 197/2128/1037 195/2088/1037
f 213/2075/1037 101/2072/1037 215/2074/1037
f 219/2070/1037 98/2066/1037 222/2068/1037
f 87/1976/1037 235/1978/1037 233/1975/1037
f 71/1992/1037 257/2065/1037 255/1993/1037
f 55/2009/1037 277/2011/1037 276/2008/1037
f 281/2014/1037 51/2013/1037 283/2016/1037
f 297/2030/1037 35/2029/1037 299/2032/1037
f 285/2018/1037 47/2017/1037 287/2020/1037
f 243/1985/1037 79/1984/1037 245/2129/1037
f 197/2128/1037 114/2085/1037 199/2087/1037
f 103/2078/1037 211/2076/1037 209/2079/1037
f 119/2094/1037 190/2127/1037 187/2095/1037
f 157/2113/1037 149/2109/1037 123/2097/1037
f 165/2117/1037 157/2113/1037 123/2097/1037
f 183/2126/1037 171/2122/1037 185/2099/1037
f 27/2037/1037 687/2064/1037 321/2130/1037
f 187/2095/1037 185/2099/1037 121/2093/1037
f 27/2037/1037 321/2130/1037 319/2131/1037
f 687/2064/1037 685/2132/1037 321/2130/1037
f 685/2132/1037 684/2133/1037 325/2134/1037
f 321/2130/1037 685/2132/1037 323/2135/1037
f 684/2133/1037 681/709/1037 328/2136/1037
f 685/2132/1037 325/2134/1037 323/2135/1037
f 681/709/1037 679/2137/1037 331/2138/1037
f 684/2133/1037 328/2136/1037 325/2134/1037
f 199/2087/1037 111/2086/1037 201/2084/1037
f 679/2137/1037 677/2139/1037 333/2140/1037
f 681/709/1037 331/2138/1037 329/2141/1037
f 677/2139/1037 675/1671/1037 335/2142/1037
f 203/2083/1037 107/2082/1037 206/2143/1037
f 331/2138/1037 679/2137/1037 333/2140/1037
f 675/1671/1037 673/2144/1037 337/2145/1037
f 673/2144/1037 671/2146/1037 339/2147/1037
f 333/2140/1037 677/2139/1037 335/2142/1037
f 206/2143/1037 107/2082/1037 207/2080/1037
f 671/2146/1037 669/2148/1037 341/2149/1037
f 669/2148/1037 668/1721/1037 344/1720/1037
f 335/2142/1037 675/1671/1037 337/2145/1037
f 668/1721/1037 665/2150/1037 345/1719/1037
f 665/2150/1037 663/2151/1037 345/1719/1037
f 663/2151/1037 661/2152/1037 347/2153/1037
f 345/1719/1037 663/2151/1037 347/2153/1037
f 661/2152/1037 659/2154/1037 349/2155/1037
f 659/2154/1037 657/2156/1037 351/2157/1037
f 661/2152/1037 349/2155/1037 347/2153/1037
f 657/2156/1037 655/2158/1037 351/2157/1037
f 655/2158/1037 653/2159/1037 353/2160/1037
f 653/2159/1037 652/2161/1037 355/2162/1037
f 652/2161/1037 649/697/1037 355/2162/1037
f 355/2162/1037 649/697/1037 357/2163/1037
f 649/697/1037 647/471/1037 357/2163/1037
f 647/471/1037 645/2164/1037 360/2165/1037
f 645/2164/1037 643/2166/1037 360/2165/1037
f 643/2166/1037 641/2167/1037 361/2168/1037
f 361/2168/1037 641/2167/1037 363/2169/1037
f 641/2167/1037 639/2170/1037 363/2169/1037
f 639/2170/1037 637/2171/1037 365/2172/1037
f 365/2172/1037 637/2171/1037 367/2173/1037
f 637/2171/1037 636/2174/1037 367/2173/1037
f 636/2174/1037 633/2175/1037 371/2176/1037
f 633/2175/1037 631/2177/1037 373/2178/1037
f 631/2177/1037 629/2179/1037 376/2180/1037
f 629/2179/1037 627/2181/1037 377/2182/1037
f 627/2181/1037 625/2183/1037 379/2184/1037
f 629/2179/1037 377/2182/1037 376/2180/1037
f 625/2183/1037 623/2185/1037 381/2186/1037
f 623/2185/1037 621/2187/1037 383/2188/1037
f 625/2183/1037 381/2186/1037 379/2184/1037
f 621/2187/1037 620/2189/1037 387/2190/1037
f 620/2189/1037 617/2191/1037 389/2192/1037
f 621/2187/1037 387/2190/1037 385/2193/1037
f 617/2191/1037 615/2194/1037 392/2195/1037
f 615/2194/1037 613/2196/1037 393/2197/1037
f 617/2191/1037 392/2195/1037 389/2192/1037
f 613/2196/1037 611/2198/1037 395/2199/1037
f 611/2198/1037 609/2200/1037 397/2201/1037
f 613/2196/1037 395/2199/1037 393/2197/1037
f 609/2200/1037 607/2202/1037 399/2203/1037
f 607/2202/1037 605/2204/1037 401/2205/1037
f 401/2205/1037 605/2204/1037 403/2206/1037
f 605/2204/1037 604/2207/1037 405/2208/1037
f 604/2207/1037 601/2209/1037 408/2210/1037
f 408/2210/1037 601/2209/1037 409/2211/1037
f 601/2209/1037 599/2212/1037 409/2211/1037
f 599/2212/1037 597/2213/1037 411/2214/1037
f 411/2214/1037 597/2213/1037 413/2215/1037
f 597/2213/1037 595/2216/1037 413/2215/1037
f 595/2216/1037 593/2217/1037 415/2218/1037
f 415/2218/1037 593/2217/1037 417/2219/1037
f 593/2217/1037 591/1338/1037 417/2219/1037
f 591/1338/1037 589/2220/1037 421/2221/1037
f 589/2220/1037 588/2222/1037 424/719/1037
f 588/2222/1037 585/2223/1037 425/2224/1037
f 589/2220/1037 424/719/1037 421/2221/1037
f 585/2223/1037 583/239/1037 427/1153/1037
f 583/239/1037 581/2225/1037 429/2226/1037
f 585/2223/1037 427/1153/1037 425/2224/1037
f 581/2225/1037 579/2227/1037 431/2228/1037
f 579/2227/1037 577/2229/1037 433/2230/1037
f 581/2225/1037 431/2228/1037 429/2226/1037
f 577/2229/1037 575/2231/1037 437/2232/1037
f 575/2231/1037 573/2233/1037 440/2234/1037
f 573/2233/1037 572/2235/1037 441/2236/1037
f 572/2235/1037 569/2237/1037 443/2238/1037
f 443/2238/1037 569/2237/1037 445/2239/1037
f 569/2237/1037 567/2240/1037 518/2241/1037
f 567/2240/1037 565/2242/1514 519/2243/1037
f 518/2241/1037 567/2240/1037 519/2243/1037
f 565/2242/1514 563/2244/1518 562/2245/1037
f 562/2245/1037 559/2246/1037 557/2247/1037
f 557/2247/1037 555/2248/1037 553/2249/1037
f 553/2249/1037 551/2250/1513 546/2251/1518
f 551/2250/1513 549/2252/1037 546/2251/1518
f 549/2252/1037 547/2253/1037 546/2251/1518
f 546/2251/1518 543/2254/1037 565/2242/1514
f 543/2254/1037 541/2255/1037 565/2242/1514
f 541/2255/1037 539/2256/1037 537/2257/1037
f 537/2257/1037 535/2258/1037 533/2259/1037
f 533/2259/1037 531/2260/1037 565/2242/1514
f 531/2260/1037 530/2261/1037 565/2242/1514
f 530/2261/1037 527/2262/1514 521/2263/1037
f 527/2262/1514 525/2264/1037 521/2263/1037
f 525/2264/1037 523/2265/1513 521/2263/1037
f 521/2263/1037 519/2243/1037 565/2242/1514
f 521/2263/1037 565/2242/1514 530/2261/1037
f 518/2241/1037 515/2266/1037 465/2267/1037
f 515/2266/1037 513/2268/1037 475/2269/1037
f 465/2267/1037 515/2266/1037 467/2270/1037
f 513/2268/1037 511/2271/1515 505/2272/1037
f 511/2271/1515 509/2273/1514 505/2272/1037
f 509/2273/1514 507/2274/1037 505/2272/1037
f 505/2272/1037 504/2275/1037 497/2276/1037
f 504/2275/1037 501/2277/1037 497/2276/1037
f 501/2277/1037 499/2278/1515 497/2276/1037
f 497/2276/1037 495/2279/1037 489/2280/1037
f 495/2279/1037 493/2281/1037 489/2280/1037
f 493/2281/1037 491/2282/1037 489/2280/1037
f 489/2280/1037 488/2283/1037 485/2284/1037
f 485/2284/1037 483/2285/1037 513/2268/1037
f 483/2285/1037 481/2286/1037 513/2268/1037
f 481/2286/1037 479/2287/1037 513/2268/1037
f 479/2287/1037 477/2288/1037 513/2268/1037
f 477/2288/1037 475/2269/1037 513/2268/1037
f 475/2269/1037 473/2289/1037 515/2266/1037
f 473/2289/1037 472/2290/1037 515/2266/1037
f 472/2290/1037 469/2291/1037 515/2266/1037
f 469/2291/1037 467/2270/1037 515/2266/1037
f 489/2280/1037 485/2284/1037 497/2276/1037
f 497/2276/1037 485/2284/1037 505/2272/1037
f 537/2257/1037 533/2259/1037 541/2255/1037
f 541/2255/1037 533/2259/1037 565/2242/1514
f 562/2245/1037 557/2247/1037 546/2251/1518
f 557/2247/1037 553/2249/1037 546/2251/1518
f 565/2242/1514 562/2245/1037 546/2251/1518
f 569/2237/1037 457/2292/1037 456/2293/1037
f 575/2231/1037 440/2234/1037 437/2232/1037
f 445/2239/1037 569/2237/1037 447/2294/1037
f 591/1338/1037 421/2221/1037 419/2295/1037
f 417/2219/1037 591/1338/1037 419/2295/1037
f 631/2177/1037 376/2180/1037 373/2178/1037
f 636/2174/1037 371/2176/1037 369/2296/1037
f 647/471/1037 360/2165/1037 357/2163/1037
f 655/2158/1037 353/2160/1037 351/2157/1037
f 337/2145/1037 673/2144/1037 339/2147/1037
f 643/2166/1037 361/2168/1037 360/2165/1037
f 633/2175/1037 373/2178/1037 371/2176/1037
f 627/2181/1037 379/2184/1037 377/2182/1037
f 604/2207/1037 408/2210/1037 405/2208/1037
f 457/2292/1037 569/2237/1037 459/2297/1037
f 513/2268/1037 505/2272/1037 485/2284/1037
f 461/2298/1037 518/2241/1037 463/2299/1037
f 569/2237/1037 456/2293/1037 453/2300/1037
f 424/719/1037 588/2222/1037 425/2224/1037
f 215/2074/1037 99/2073/1037 217/2071/1037
f 518/2241/1037 461/2298/1037 459/2297/1037
f 465/2267/1037 463/2299/1037 518/2241/1037
f 518/2241/1037 459/2297/1037 569/2237/1037
f 222/2068/1037 95/2067/1037 223/2069/1037
f 225/2301/1037 223/2069/1037 93/1969/1037
f 569/2237/1037 453/2300/1037 451/2302/1037
f 227/1971/1037 225/2301/1037 93/1969/1037
f 229/1973/1037 227/1971/1037 91/1970/1037
f 569/2237/1037 451/2302/1037 449/2303/1037
f 569/2237/1037 449/2303/1037 447/2294/1037
f 572/2235/1037 443/2238/1037 441/2236/1037
f 573/2233/1037 441/2236/1037 440/2234/1037
f 245/2129/1037 79/1984/1037 247/1987/1037
f 249/1989/1037 75/1988/1037 251/2304/1037
f 577/2229/1037 437/2232/1037 435/2305/1037
f 577/2229/1037 435/2305/1037 433/2230/1037
f 251/2304/1037 75/1988/1037 254/1991/1037
f 433/2230/1037 431/2228/1037 579/2227/1037
f 429/2226/1037 427/1153/1037 583/239/1037
f 261/1997/1037 67/1996/1037 263/1999/1037
f 595/2216/1037 415/2218/1037 413/2215/1037
f 267/2001/1037 63/2000/1037 270/2003/1037
f 599/2212/1037 411/2214/1037 409/2211/1037
f 271/2306/1037 270/2003/1037 61/2002/1037
f 273/2006/1037 271/2306/1037 61/2002/1037
f 605/2204/1037 405/2208/1037 403/2206/1037
f 607/2202/1037 401/2205/1037 399/2203/1037
f 609/2200/1037 399/2203/1037 397/2201/1037
f 397/2201/1037 395/2199/1037 611/2198/1037
f 289/2022/1037 43/2021/1037 291/2024/1037
f 393/2197/1037 392/2195/1037 615/2194/1037
f 389/2192/1037 387/2190/1037 620/2189/1037
f 293/2026/1037 39/2025/1037 296/2028/1037
f 385/2193/1037 383/2188/1037 621/2187/1037
f 299/2032/1037 34/2031/1037 301/2034/1037
f 383/2188/1037 381/2186/1037 623/2185/1037
f 305/2038/1037 303/2036/1037 29/2035/1037
f 636/2174/1037 369/2296/1037 367/2173/1037
f 307/2307/1037 305/2038/1037 27/2037/1037
f 309/2308/1037 307/2307/1037 27/2037/1037
f 312/2309/1037 309/2308/1037 27/2037/1037
f 313/2310/1037 312/2309/1037 27/2037/1037
f 639/2170/1037 365/2172/1037 363/2169/1037
f 315/2311/1037 313/2310/1037 27/2037/1037
f 317/2312/1037 315/2311/1037 27/2037/1037
f 319/2131/1037 317/2312/1037 27/2037/1037
f 653/2159/1037 355/2162/1037 353/2160/1037
f 328/2136/1037 681/709/1037 329/2141/1037
f 351/2157/1037 349/2155/1037 659/2154/1037
f 339/2147/1037 671/2146/1037 341/2149/1037
f 341/2149/1037 669/2148/1037 344/1720/1037
f 4/23/1038 909/910/1041 907/906/1039
f 6/353/1040 911/1121/1043 909/910/1041
f 8/794/1042 913/1513/1042 911/1121/1043
f 10/793/1044 915/1512/1044 913/1513/1042
f 12/1014/1045 918/190/1045 915/1512/1044
f 14/1412/1046 919/1722/1048 918/190/1045
f 16/1609/1047 921/1723/1050 919/1722/1048
f 17/26/1049 923/1724/1052 921/1723/1050
f 20/355/1051 925/1725/1051 923/1724/1052
f 22/354/1053 927/1726/1053 925/1725/1051
f 24/580/1054 929/1727/1054 927/1726/1053
f 26/1016/1055 931/1728/1055 929/1727/1054
f 28/1260/1056 934/259/1056 931/1728/1055
f 30/1454/1057 935/515/1057 934/259/1056
f 32/1453/1058 937/514/1058 935/515/1057
f 33/105/1059 939/735/1059 937/514/1058
f 36/104/1060 941/957/1060 939/735/1059
f 38/409/1061 943/1167/1061 941/957/1060
f 40/632/1062 945/1358/1062 943/1167/1061
f 42/856/1063 947/1561/1063 945/1358/1062
f 44/1270/1064 950/286/1064 947/1561/1063
f 46/1470/1065 951/534/1065 950/286/1064
f 48/1639/1066 953/755/1066 951/534/1065
f 49/134/1067 955/754/1067 953/755/1066
f 52/427/1068 957/1181/1068 955/754/1067
f 54/654/1069 959/1377/1069 957/1181/1068
f 56/653/1070 961/1376/1070 959/1377/1069
f 58/872/1071 963/1575/1071 961/1376/1070
f 60/1089/1072 966/315/1072 963/1575/1071
f 62/1286/1073 967/313/1073 966/315/1072
f 64/1491/1074 969/555/1074 967/313/1073
f 65/161/1075 971/993/1075 969/555/1074
f 68/451/1076 973/1207/1076 971/993/1075
f 70/450/1077 975/1206/1077 973/1207/1076
f 72/892/1078 977/1595/1078 975/1206/1077
f 74/1107/1079 979/1711/1079 977/1595/1078
f 76/1300/1080 982/336/1080 979/1711/1079
f 78/1299/1081 983/334/1081 982/336/1080
f 80/1501/1082 985/565/1082 983/334/1081
f 81/174/1083 987/781/1083 985/565/1082
f 84/173/1084 989/1001/1084 987/781/1083
f 86/455/1085 991/1210/1085 989/1001/1084
f 88/900/1086 993/1603/1086 991/1210/1085
f 90/1115/1087 995/1715/1087 993/1603/1086
f 92/1308/1088 998/346/1088 995/1715/1087
f 94/1505/1089 999/569/1089 998/346/1088
f 96/1656/1090 1001/783/1090 999/569/1089
f 97/177/1091 1003/1004/1091 1001/783/1090
f 100/176/1092 1005/1003/1092 1003/1004/1091
f 102/453/1093 1007/1208/1093 1005/1003/1092
f 104/894/1094 1009/1597/1094 1007/1208/1093
f 106/1109/1095 1011/1712/1095 1009/1597/1094
f 108/1298/1096 1014/331/1096 1011/1712/1095
f 110/1499/1097 1015/563/1097 1014/331/1096
f 112/1654/1098 1017/779/1098 1015/563/1097
f 113/170/1099 1019/999/1099 1017/779/1098
f 116/447/1100 1021/1202/1100 1019/999/1099
f 116/447/1100 118/668/1101 1023/1390/1101
f 120/884/1102 1025/1587/1102 1023/1390/1101
f 122/1099/1103 1027/1707/1103 1025/1587/1102
f 124/1288/1104 1030/316/1104 1027/1707/1103
f 126/1487/1105 1031/552/1105 1030/316/1104
f 128/1486/1106 1033/551/1106 1031/552/1105
f 129/153/1107 1035/767/1107 1033/551/1106
f 132/152/1108 1037/987/1108 1035/767/1107
f 134/439/1109 1039/1194/1109 1037/987/1108
f 136/662/1110 1041/1384/1110 1039/1194/1109
f 138/880/1111 1043/1583/1111 1041/1384/1110
f 140/1095/1112 1046/312/1112 1043/1583/1111
f 142/1284/1113 1047/310/1113 1046/312/1112
f 144/1485/1114 1049/549/1114 1047/310/1113
f 145/150/1115 1051/765/1115 1049/549/1114
f 148/149/1116 1053/985/1116 1051/765/1115
f 150/437/1117 1055/1192/1117 1053/985/1116
f 152/658/1118 1057/1380/1118 1055/1192/1117
f 154/1091/1119 1059/1703/1119 1057/1380/1118
f 156/1282/1120 1062/306/1120 1059/1703/1119
f 158/1281/1121 1063/304/1121 1062/306/1120
f 160/1481/1122 1065/545/1122 1063/304/1121
f 161/147/1123 1067/983/1125 1065/545/1122
f 164/146/1124 1069/1188/1124 1067/983/1125
f 166/656/1126 1071/1378/1126 1069/1188/1124
f 168/874/1127 1073/1577/1127 1071/1378/1126
f 170/1085/1128 1075/1701/1128 1073/1577/1127
f 172/1084/1129 1078/1699/1131 1075/1701/1128
f 174/2/1130 1081/9/1130 1078/1699/1131
f 176/4/1033 1082/10/1033 1079/7/1132
f 180/868/1133 1085/1572/1133 1083/11/1034
f 182/1083/1134 1087/1700/1136 1085/1572/1133
f 184/1278/1135 1090/298/1135 1087/1700/1136
f 186/1477/1137 1091/541/1137 1090/298/1135
f 188/1644/1138 1093/758/1138 1091/541/1137
f 189/144/1139 1095/982/1139 1093/758/1138
f 192/143/1140 1097/981/1140 1095/982/1139
f 194/435/1141 1099/1190/1141 1097/981/1140
f 196/660/1142 1101/1382/1142 1099/1190/1141
f 198/878/1143 1103/1581/1143 1101/1382/1142
f 200/1097/1144 1106/321/1144 1103/1581/1143
f 202/1290/1145 1107/319/1145 1106/321/1144
f 204/1489/1146 1109/553/1146 1107/319/1145
f 205/158/1147 1111/991/1149 1109/553/1146
f 205/158/1147 208/443/1148 1113/1198/1148
f 208/443/1148 210/666/1150 1115/1388/1150
f 210/666/1150 212/886/1151 1117/1589/1151
f 214/1103/1152 1119/1709/1152 1117/1589/1151
f 216/1102/1153 1122/327/1153 1119/1709/1152
f 218/1294/1154 1123/325/1154 1122/327/1153
f 220/1495/1155 1125/559/1155 1123/325/1154
f 220/1495/1155 221/168/1156 1127/775/1156
f 224/167/1157 1129/997/1157 1127/775/1156
f 226/672/1158 1131/1395/1158 1129/997/1157
f 228/890/1159 1133/1394/1159 1131/1395/1158
f 230/1105/1160 1135/1710/1160 1133/1394/1159
f 230/1105/1160 232/1296/1161 1138/328/1161
f 234/1497/1162 1139/561/1162 1138/328/1161
f 236/1653/1163 1141/778/1163 1139/561/1162
f 237/165/1164 1143/777/1164 1141/778/1163
f 240/164/1165 1145/995/1165 1143/777/1164
f 242/445/1166 1147/1393/1166 1145/995/1165
f 242/445/1166 244/670/1167 1149/1392/1167
f 244/670/1167 246/888/1168 1151/1591/1168
f 248/1101/1169 1154/324/1169 1151/1591/1168
f 250/1292/1170 1155/322/1170 1154/324/1169
f 252/1650/1171 1157/771/1171 1155/322/1170
f 253/155/1172 1159/989/1172 1157/771/1171
f 256/441/1173 1161/1196/1173 1159/989/1172
f 258/664/1174 1163/1386/1174 1161/1196/1173
f 260/882/1175 1165/1585/1175 1163/1386/1174
f 262/1093/1176 1167/1704/1176 1165/1585/1175
f 264/1280/1177 1170/303/1177 1167/1704/1176
f 266/1279/1178 1171/301/1178 1170/303/1177
f 268/1479/1179 1173/543/1179 1171/301/1178
f 269/138/1180 1175/760/1180 1173/543/1179
f 272/137/1181 1177/978/1181 1175/760/1180
f 274/431/1182 1179/1186/1182 1177/978/1181
f 1182/538/1183 1179/1186/1182 274/431/1182
f 278/1640/1184 1183/756/1184 1182/538/1183
f 279/129/1185 1185/973/1185 1183/756/1184
f 282/128/1186 1187/972/1186 1185/973/1185
f 284/421/1187 1189/1176/1187 1187/972/1186
f 286/638/1188 1191/1363/1188 1189/1176/1187
f 288/858/1189 1193/1691/1189 1191/1363/1188
f 290/1266/1190 1196/279/1190 1193/1691/1189
f 292/1265/1191 1197/277/1191 1196/279/1190
f 294/1459/1192 1199/522/1192 1197/277/1191
f 295/111/1193 1201/960/1193 1199/522/1192
f 298/110/1194 1203/1166/1194 1201/960/1193
f 300/407/1195 1205/1165/1195 1203/1166/1194
f 300/407/1195 302/846/1196 1207/1554/1196
f 304/1060/1197 1209/1686/1197 1207/1554/1196
f 306/1258/1198 1212/258/1198 1209/1686/1197
f 308/1257/1199 1213/256/1199 1212/258/1198
f 310/1450/1200 1215/1729/1200 1213/256/1199
f 311/90/1201 1217/1730/1201 1215/1729/1200
f 314/89/1202 1219/1731/1202 1217/1730/1201
f 316/620/1203 1221/1732/1203 1219/1731/1202
f 318/834/1204 1223/1733/1204 1221/1732/1203
f 320/833/1205 1225/1734/1205 1223/1733/1204
f 322/1050/1206 1228/1735/1206 1225/1734/1205
f 324/1442/1207 1229/1736/1207 1228/1735/1206
f 326/1625/1208 1231/1737/1208 1229/1736/1207
f 327/72/1209 1233/1738/1209 1231/1737/1208
f 330/71/1210 1235/1739/1210 1233/1738/1209
f 332/610/1211 1237/1740/1211 1235/1739/1210
f 334/816/1212 1239/1741/1212 1237/1740/1211
f 336/1034/1213 1241/1742/1213 1239/1741/1212
f 338/1239/1214 1244/1743/1214 1241/1742/1213
f 340/1238/1215 1245/1744/1215 1244/1743/1214
f 342/1432/1216 1247/1745/1216 1245/1744/1215
f 343/57/1217 1249/1746/1217 1247/1745/1216
f 346/56/1218 1251/1747/1218 1249/1746/1217
f 348/600/1219 1253/1748/1219 1251/1747/1218
f 350/599/1220 1255/1749/1220 1253/1748/1219
f 352/814/1221 1257/1750/1221 1255/1749/1220
f 354/1235/1222 1260/1751/1222 1257/1750/1221
f 356/1234/1223 1261/1752/1223 1260/1751/1222
f 358/1426/1224 1263/1753/1224 1261/1752/1223
f 359/44/1225 1265/1754/1225 1263/1753/1224
f 362/367/1226 1267/1755/1226 1265/1754/1225
f 364/366/1227 1269/1756/1227 1267/1755/1226
f 366/808/1228 1271/1757/1228 1269/1756/1227
f 368/1026/1229 1273/1758/1229 1271/1757/1228
f 370/1025/1230 1276/1759/1230 1273/1758/1229
f 372/1420/1231 1277/1760/1231 1276/1759/1230
f 374/1613/1232 1279/1761/1232 1277/1760/1231
f 375/39/1233 1281/1762/1233 1279/1761/1232
f 378/38/1234 1283/1763/1234 1281/1762/1233
f 380/590/1235 1285/1764/1235 1283/1763/1234
f 382/589/1236 1287/1765/1236 1285/1764/1235
f 384/1028/1237 1289/1766/1237 1287/1765/1236
f 386/1231/1238 1292/1767/1238 1289/1766/1237
f 388/1230/1239 1293/1768/1239 1292/1767/1238
f 390/1422/1240 1295/1769/1240 1293/1768/1239
f 391/48/1241 1297/1770/1241 1295/1769/1240
f 394/47/1242 1299/1771/1242 1297/1770/1241
f 396/371/1243 1301/1772/1243 1299/1771/1242
f 398/596/1244 1303/1773/1244 1301/1772/1243
f 400/810/1245 1305/1774/1245 1303/1773/1244
f 402/1244/1246 1308/1775/1246 1305/1774/1245
f 404/1434/1075 1309/1776/1075 1308/1775/1246
f 406/1433/1247 1311/1777/1247 1309/1776/1075
f 407/63/1248 1313/1778/1248 1311/1777/1247
f 410/62/1249 1315/1779/1249 1313/1778/1248
f 412/381/1250 1317/1780/1250 1315/1779/1249
f 414/824/1251 1319/1781/1251 1317/1780/1250
f 416/1042/1252 1321/1782/1252 1319/1781/1251
f 418/1041/1253 1324/1783/1253 1321/1782/1252
f 420/1246/1254 1325/1784/1254 1324/1783/1253
f 422/1624/1255 1327/1785/1255 1325/1784/1254
f 423/75/1256 1329/1786/1256 1327/1785/1255
f 426/74/1257 1331/1787/1257 1329/1786/1256
f 428/612/1258 1333/1788/1258 1331/1787/1257
f 430/611/1259 1335/1789/1259 1333/1788/1258
f 432/828/1260 1337/1790/1260 1335/1789/1259
f 434/1255/1261 1340/1791/1261 1337/1790/1260
f 436/1447/1262 1341/1792/1262 1340/1791/1261
f 438/1627/1263 1343/1793/1263 1341/1792/1262
f 439/96/1264 1345/1794/1264 1343/1793/1263
f 442/95/1265 1347/1795/1265 1345/1794/1264
f 444/622/1266 1349/1350/1266 1347/1795/1265
f 446/844/1267 1351/1553/1267 1349/1350/1266
f 448/843/1268 1353/1552/1268 1351/1553/1267
f 450/1062/1269 1356/267/1269 1353/1552/1268
f 452/1263/1270 1357/265/1270 1356/267/1269
f 454/1456/1271 1359/518/1271 1357/265/1270
f 455/114/1272 1361/740/1272 1359/518/1271
f 458/113/1273 1363/962/1273 1361/740/1272
f 460/413/1274 1365/1169/1274 1363/962/1273
f 462/636/1275 1367/1361/1275 1365/1169/1274
f 464/854/1276 1369/1559/1276 1367/1361/1275
f 466/1069/1277 1372/283/1277 1369/1559/1276
f 468/1466/1278 1373/530/1278 1372/283/1277
f 470/1635/1279 1375/747/1279 1373/530/1278
f 471/119/1280 1377/966/1280 1375/747/1279
f 474/417/1281 1379/1172/1281 1377/966/1280
f 476/640/1282 1381/1365/1282 1379/1172/1281
f 478/860/1283 1383/1565/1283 1381/1365/1282
f 480/1075/1284 1385/1693/1284 1383/1565/1283
f 482/1272/1285 1388/289/1285 1385/1693/1284
f 484/1468/1286 1389/532/1286 1388/289/1285
f 486/1637/1287 1391/750/1287 1389/532/1286
f 487/122/1288 1393/968/1288 1391/750/1287
f 490/419/1289 1395/1175/1289 1393/968/1288
f 492/418/1290 1397/1174/1290 1395/1175/1289
f 494/642/1291 1399/1367/1291 1397/1174/1290
f 496/862/1292 1401/1567/1292 1399/1367/1291
f 498/1079/1293 1404/294/1293 1401/1567/1292
f 500/1274/1294 1405/292/1294 1404/294/1293
f 502/1472/1295 1407/536/1295 1405/292/1294
f 503/125/1296 1409/970/1296 1407/536/1295
f 506/423/1297 1411/1178/1297 1409/970/1296
f 508/644/1298 1413/1369/1298 1411/1178/1297
f 510/864/1299 1415/1569/1299 1413/1369/1298
f 512/1081/1300 1417/1696/1300 1415/1569/1299
f 514/1276/1301 1420/297/1301 1417/1696/1300
f 516/1275/1302 1421/295/1302 1420/297/1301
f 517/649/1303 1423/1373/1303 1421/295/1302
f 520/896/1304 1425/1599/1304 1423/1373/1303
f 522/1113/1305 1427/1714/1305 1425/1599/1304
f 524/1112/1306 1430/342/1306 1427/1714/1305
f 526/1304/1307 1431/340/1307 1430/342/1306
f 528/1509/1308 1433/573/1308 1431/340/1307
f 529/186/1309 1435/789/1309 1433/573/1308
f 532/185/1310 1437/1009/1312 1435/789/1309
f 534/684/1311 1439/1405/1314 1437/1009/1312
f 536/902/1313 1441/1605/1313 1439/1405/1314
f 538/1117/1315 1443/1716/1317 1441/1605/1313
f 540/1306/1316 1446/343/1316 1443/1716/1317
f 542/1507/1318 1447/572/1318 1446/343/1316
f 544/1506/1319 1449/571/1321 1447/572/1318
f 545/183/1320 1451/787/1320 1449/571/1321
f 548/182/1322 1453/1007/1322 1451/787/1320
f 550/459/1323 1455/1214/1325 1453/1007/1322
f 550/459/1323 552/682/1326 1457/1403/1324
f 552/682/1326 554/898/1327 1459/1601/1327
f 556/1111/1328 1462/337/1330 1459/1601/1327
f 558/1503/1329 1463/567/1332 1462/337/1330
f 560/1657/1331 1465/785/1334 1463/567/1332
f 561/179/1333 1467/1005/1336 1465/785/1334
f 564/457/1335 1469/1212/1335 1467/1005/1336
f 566/678/1337 1471/1400/1337 1469/1212/1335
f 568/1452/1338 1474/511/1338 1471/1400/1337
f 570/1629/1339 1475/1796/1339 1474/511/1338
f 571/93/1340 1477/1797/1340 1475/1796/1339
f 574/92/1341 1479/1798/1341 1477/1797/1340
f 576/393/1342 1481/1799/1342 1479/1798/1341
f 578/618/1343 1483/1800/1343 1481/1799/1342
f 580/832/1344 1485/1801/1344 1483/1800/1343
f 582/1046/1345 1488/1802/1345 1485/1801/1344
f 584/1439/1346 1489/1803/1346 1488/1802/1345
f 586/1623/1347 1491/1804/1347 1489/1803/1346
f 587/68/1348 1493/1805/1348 1491/1804/1347
f 590/383/1349 1495/1806/1349 1493/1805/1348
f 592/382/1350 1497/1808/1350 1495/1806/1349
f 592/382/1350 594/606/1351 1499/1807/1351
f 596/1040/1352 1501/1809/1352 1499/1807/1351
f 598/1039/1353 1504/1810/1353 1501/1809/1352
f 600/1242/1354 1505/1811/1354 1504/1810/1353
f 602/1430/1355 1507/1812/1355 1505/1811/1354
f 603/42/1356 1509/1813/1356 1507/1812/1355
f 606/41/1357 1511/1814/1357 1509/1813/1356
f 608/586/1358 1513/1815/1358 1511/1814/1357
f 610/802/1359 1515/1816/1359 1513/1815/1358
f 612/801/1360 1517/1818/1360 1515/1816/1359
f 612/801/1360 614/1225/1361 1520/1817/1361
f 616/1416/1362 1521/1819/1362 1520/1817/1361
f 618/1611/1363 1523/1820/1363 1521/1819/1362
f 619/32/1364 1525/1821/1364 1523/1820/1363
f 622/357/1365 1527/1822/1365 1525/1821/1364
f 624/582/1366 1529/1823/1366 1527/1822/1365
f 626/581/1367 1531/1824/1369 1529/1823/1366
f 628/798/1368 1533/1825/1368 1531/1824/1369
f 630/1018/1370 1536/1826/1370 1533/1825/1368
f 632/1414/1371 1537/1827/1371 1536/1826/1370
f 634/1610/1372 1539/1828/1372 1537/1827/1371
f 635/29/1373 1541/1829/1373 1539/1828/1372
f 638/359/1374 1543/1830/1374 1541/1829/1373
f 640/584/1375 1545/1831/1375 1543/1830/1374
f 642/583/1376 1547/1832/1376 1545/1831/1375
f 644/800/1377 1549/1833/1377 1547/1832/1376
f 646/1020/1378 1552/1834/1378 1549/1833/1377
f 648/1227/1379 1553/1835/1379 1552/1834/1378
f 650/1418/1380 1555/1836/1380 1553/1835/1379
f 651/36/1381 1557/1837/1381 1555/1836/1380
f 654/35/1382 1559/1838/1382 1557/1837/1381
f 656/361/1383 1561/1839/1383 1559/1838/1382
f 658/588/1384 1563/1840/1384 1561/1839/1383
f 660/804/1385 1565/1841/1385 1563/1840/1384
f 662/1233/1386 1568/1842/1386 1565/1841/1385
f 664/1232/1387 1569/1843/1387 1568/1842/1386
f 666/1424/1388 1571/1844/1390 1569/1843/1387
f 667/53/1389 1573/1845/1389 1571/1844/1390
f 670/373/1391 1575/1846/1391 1573/1845/1389
f 672/598/1392 1577/1847/1392 1575/1846/1391
f 674/812/1393 1579/1848/1393 1577/1847/1392
f 676/811/1394 1581/1849/1394 1579/1848/1393
f 678/1030/1395 1584/1850/1395 1581/1849/1394
f 680/1237/1396 1585/1851/1396 1584/1850/1395
f 682/1428/1397 1587/1852/1397 1585/1851/1396
f 683/51/1398 1589/1853/1398 1587/1852/1397
f 686/50/1399 1591/1854/1399 1589/1853/1398
f 688/369/1400 1593/1855/1400 1591/1854/1399
f 690/1410/1401 1595/1856/1401 1593/1855/1400
f 692/1608/1402 1598/1857/1402 1595/1856/1401
f 693/21/1403 1599/1858/1405 1598/1857/1402
f 696/20/1404 1601/1859/1404 1599/1858/1405
f 698/351/1406 1603/1860/1406 1601/1859/1404
f 700/576/1360 1605/1861/1408 1603/1860/1406
f 702/792/1407 1607/1862/1407 1605/1861/1408
f 704/1012/1409 1610/1863/1409 1607/1862/1407
f 706/1408/1410 1611/1864/1412 1610/1863/1409
f 708/1607/1411 1613/1865/1414 1611/1864/1412
f 709/14/1413 1615/1866/1413 1613/1865/1414
f 712/349/1415 1617/1867/1415 1615/1866/1413
f 713/1718/1036 1620/1717/1036 1617/1867/1415
f 718/1868/1416 1623/1873/1416 1622/1869/1417
f 743/376/1037 742/58/1037 877/1047/1037
f 742/58/1037 739/1620/1037 879/1251/1037
f 881/1444/1037 739/1620/1037 737/1240/1037
f 737/1240/1037 735/1037/1037 883/1443/1037
f 886/78/1037 733/817/1037 887/76/1037
f 735/1037/1037 733/817/1037 886/78/1037
f 733/817/1037 731/601/1037 887/76/1037
f 887/76/1037 731/601/1037 889/388/1037
f 731/601/1037 729/378/1037 889/388/1037
f 729/378/1037 727/64/1037 891/613/1037
f 889/388/1037 729/378/1037 891/613/1037
f 727/64/1037 726/66/1037 893/829/1037
f 726/66/1037 723/1622/1037 895/1051/1037
f 723/1622/1037 721/1437/1037 897/1445/1037
f 721/1437/1037 719/1248/1037 899/1626/1037
f 719/1248/1037 717/1048/1037 902/85/1037
f 717/1048/1037 716/835/1037 903/398/1037
f 905/1961/1037 716/835/1037 809/1962/1037
f 809/1962/1037 807/402/1037 811/838/1037
f 815/1057/1037 807/402/1037 806/100/1037
f 806/100/1037 822/108/1037 819/1632/1037
f 806/100/1037 819/1632/1037 817/1261/1037
f 716/835/1037 905/1961/1037 903/398/1037
f 807/402/1037 815/1057/1037 813/1058/1037
f 815/1057/1037 806/100/1037 817/1261/1037
f 891/613/1037 727/64/1037 893/829/1037
f 895/1051/1037 723/1622/1037 897/1445/1037
f 739/1620/1037 881/1444/1037 879/1251/1037
f 747/821/1037 745/603/1037 873/615/1037
f 745/603/1037 743/376/1037 875/825/1037
f 751/1043/1037 749/1044/1037 870/81/1037
f 749/1044/1037 747/821/1037 871/79/1037
f 751/1043/1037 867/1448/1037 753/1247/1037
f 755/1440/1037 753/1247/1037 865/1256/1037
f 755/1440/1037 863/1055/1037 758/84/1037
f 759/82/1037 758/84/1037 861/1056/1037
f 861/1056/1037 761/396/1037 759/82/1037
f 763/847/1037 761/396/1037 859/625/1037
f 763/847/1037 859/625/1037 857/626/1037
f 767/1264/1037 765/1063/1037 855/404/1037
f 765/1063/1037 763/847/1037 857/626/1037
f 854/97/1037 769/1464/1037 767/1264/1037
f 771/1636/1037 769/1464/1037 851/1631/1037
f 849/1457/1037 774/132/1037 771/1636/1037
f 775/130/1037 774/132/1037 847/1064/1037
f 845/849/1037 777/424/1037 775/130/1037
f 779/651/1037 777/424/1037 843/633/1037
f 779/651/1037 841/414/1037 781/869/1037
f 783/1086/1037 781/869/1037 839/115/1037
f 839/115/1037 781/869/1037 841/414/1037
f 787/1482/1037 785/1483/1037 835/1462/1037
f 785/1483/1037 783/1086/1037 838/117/1037
f 838/117/1037 783/1086/1037 839/115/1037
f 791/428/1037 790/139/1037 831/1066/1037
f 790/139/1037 787/1482/1037 833/1463/1037
f 795/865/1037 793/646/1037 829/851/1037
f 793/646/1037 791/428/1037 829/851/1037
f 799/1076/1037 797/1077/1037 829/851/1037
f 797/1077/1037 795/865/1037 829/851/1037
f 803/1460/1037 801/1461/1037 829/851/1037
f 801/1461/1037 799/1076/1037 829/851/1037
f 831/1066/1037 829/851/1037 791/428/1037
f 833/1463/1037 831/1066/1037 790/139/1037
f 787/1482/1037 835/1462/1037 833/1463/1037
f 835/1462/1037 785/1483/1037 838/117/1037
f 841/414/1037 779/651/1037 843/633/1037
f 777/424/1037 845/849/1037 843/633/1037
f 774/132/1037 849/1457/1037 847/1064/1037
f 769/1464/1037 854/97/1037 851/1631/1037
f 761/396/1037 861/1056/1037 859/625/1037
f 863/1055/1037 755/1440/1037 865/1256/1037
f 867/1448/1037 751/1043/1037 870/81/1037
f 861/1056/1037 758/84/1037 863/1055/1037
f 743/376/1037 877/1047/1037 875/825/1037
f 735/1037/1037 886/78/1037 883/1443/1037
f 807/402/1037 813/1058/1037 811/838/1037
f 845/849/1037 775/130/1037 847/1064/1037
f 809/1962/1037 811/838/1037 905/1961/1037
f 717/1048/1037 903/398/1037 902/85/1037
f 849/1457/1037 771/1636/1037 851/1631/1037
f 719/1248/1037 902/85/1037 899/1626/1037
f 899/1626/1037 897/1445/1037 721/1437/1037
f 895/1051/1037 893/829/1037 726/66/1037
f 854/97/1037 767/1264/1037 855/404/1037
f 855/404/1037 765/1063/1037 857/626/1037
f 737/1240/1037 883/1443/1037 881/1444/1037
f 865/1256/1037 753/1247/1037 867/1448/1037
f 742/58/1037 879/1251/1037 877/1047/1037
f 870/81/1037 749/1044/1037 871/79/1037
f 745/603/1037 875/825/1037 873/615/1037
f 715/16/1417 1622/1968/1417 1715/1870/1418
f 718/1868/1416 720/1875/1419 1626/1872/1419
f 722/1874/1420 1627/1877/1420 1626/1872/1419
f 724/1876/1421 1629/1879/1421 1627/1877/1420
f 725/1878/1422 1631/1881/1422 1629/1879/1421
f 728/1880/1423 1633/1883/1423 1631/1881/1422
f 730/1882/1424 1635/1885/1424 1633/1883/1423
f 732/1884/1425 1637/1887/1425 1635/1885/1424
f 734/1886/1426 1639/1889/1426 1637/1887/1425
f 736/1888/1427 1642/1891/1427 1639/1889/1426
f 738/1890/1428 1643/1893/1428 1642/1891/1427
f 740/1892/1429 1645/1895/1429 1643/1893/1428
f 741/1894/1430 1647/1897/1430 1645/1895/1429
f 744/1896/1431 1649/1899/1431 1647/1897/1430
f 746/1898/1432 1651/1901/1432 1649/1899/1431
f 748/1900/1433 1653/1196/1433 1651/1901/1432
f 750/1902/1434 1655/1904/1436 1653/1196/1433
f 752/1903/1435 1658/1906/1438 1655/1904/1436
f 754/1905/1437 1659/1908/1437 1658/1906/1438
f 756/1907/1439 1661/1910/1439 1659/1908/1437
f 756/1907/1439 757/1912/1440 1663/1909/1440
f 760/1911/1441 1665/1914/1441 1663/1909/1440
f 762/1913/1442 1667/1916/1442 1665/1914/1441
f 764/1915/1443 1669/1918/1443 1667/1916/1442
f 766/1917/1444 1671/1920/1444 1669/1918/1443
f 768/1919/1445 1674/1922/1445 1671/1920/1444
f 770/1921/1446 1675/1924/1446 1674/1922/1445
f 772/1923/1447 1677/1926/1447 1675/1924/1446
f 773/1925/1448 1679/1928/1448 1677/1926/1447
f 776/1927/1449 1681/1930/1449 1679/1928/1448
f 778/1929/1450 1683/1931/1450 1681/1930/1449
f 780/644/1451 1685/1369/1451 1683/1931/1450
f 782/1932/1452 1687/1934/1452 1685/1369/1451
f 784/1933/1453 1690/1936/1453 1687/1934/1452
f 786/1935/1454 1691/1938/1454 1690/1936/1453
f 788/1937/1455 1693/1940/1455 1691/1938/1454
f 789/1939/1456 1695/1942/1456 1693/1940/1455
f 792/1941/1457 1697/1944/1457 1695/1942/1456
f 794/1943/1458 1699/1946/1458 1697/1944/1457
f 796/1945/1459 1701/1948/1459 1699/1946/1458
f 798/1947/1460 1703/1950/1460 1701/1948/1459
f 800/1949/1461 1706/1952/1461 1703/1950/1460
f 802/1951/1462 1707/1954/1462 1706/1952/1461
f 804/1953/1463 1709/1956/1463 1707/1954/1462
f 805/1955/1464 1711/1958/1464 1709/1956/1463
f 823/106/1037 822/108/1037 803/1460/1037
f 822/108/1037 806/100/1037 803/1460/1037
f 803/1460/1037 829/851/1037 827/852/1037
f 803/1460/1037 827/852/1037 825/629/1037
f 805/1955/1464 808/1959/1465 1713/1957/1465
f 810/1871/1418 1715/1870/1418 1713/1957/1465
f 812/16/1442 1717/1968/1442 1811/1870/1466
f 814/1868/1467 1719/1873/1467 1717/1869/1442
f 816/1875/1468 1722/1872/1468 1719/1873/1467
f 818/1874/1469 1723/1877/1469 1722/1872/1468
f 820/1876/1470 1725/1879/1470 1723/1877/1469
f 821/1878/1471 1727/1881/1471 1725/1879/1470
f 824/1880/1472 1729/1883/1472 1727/1881/1471
f 826/1882/1473 1731/1885/1473 1729/1883/1472
f 828/1884/1474 1733/1887/1474 1731/1885/1473
f 830/1886/1475 1735/1889/1475 1733/1887/1474
f 832/1888/1476 1738/1891/1476 1735/1889/1475
f 834/1890/1477 1739/1893/1477 1738/1891/1476
f 836/1892/1428 1741/1895/1428 1739/1893/1477
f 837/1894/1478 1743/1897/1478 1741/1895/1428
f 840/1896/1479 1745/1899/1479 1743/1897/1478
f 842/1898/1480 1747/1901/1480 1745/1899/1479
f 844/1900/1481 1749/1196/1481 1747/1901/1480
f 846/1902/1482 1751/1904/1482 1749/1196/1481
f 848/1903/1483 1754/1906/1483 1751/1904/1482
f 850/1905/1484 1755/1908/1484 1754/1906/1483
f 852/1907/1485 1757/1910/1485 1755/1908/1484
f 853/1912/1486 1759/1909/1486 1757/1910/1485
f 856/1911/1487 1761/1914/1487 1759/1909/1486
f 858/1913/1488 1763/1916/1488 1761/1914/1487
f 860/1915/1418 1765/1918/1418 1763/1916/1488
f 862/1917/1489 1767/1920/1489 1765/1918/1418
f 864/1919/1490 1770/1922/1490 1767/1920/1489
f 866/1921/1491 1771/1924/1491 1770/1922/1490
f 868/1923/1492 1773/1926/1492 1771/1924/1491
f 869/1925/1493 1775/1928/1493 1773/1926/1492
f 872/1927/1494 1777/1930/1494 1775/1928/1493
f 874/1929/1495 1779/1931/1495 1777/1930/1494
f 876/644/1496 1781/1369/1496 1779/1931/1495
f 878/1932/1497 1783/1934/1497 1781/1369/1496
f 880/1933/1498 1786/1936/1498 1783/1934/1497
f 882/1935/1499 1787/1938/1499 1786/1936/1498
f 884/1937/1454 1789/1940/1454 1787/1938/1499
f 885/1939/1500 1791/1942/1500 1789/1940/1454
f 888/1941/1501 1793/1944/1501 1791/1942/1500
f 890/1943/1502 1795/1946/1502 1793/1944/1501
f 892/1945/1503 1797/1948/1503 1795/1946/1502
f 894/1947/1504 1799/1950/1504 1797/1948/1503
f 896/1949/1505 1802/1952/1505 1799/1950/1504
f 898/1951/1506 1803/1954/1506 1802/1952/1505
f 900/1953/1507 1805/1956/1507 1803/1954/1506
f 901/1955/1508 1807/1958/1508 1805/1956/1507
f 904/1959/1509 1809/1957/1509 1807/1958/1508
f 906/1871/1466 1811/1870/1466 1809/1957/1509
f 968/2313/1510 970/2314/1510 1176/2315/1510
f 970/2314/1510 972/2316/1510 1174/2317/1510
f 968/2313/1510 1178/2318/1510 1180/2319/1510
f 972/2316/1510 974/2320/1510 1169/2321/1510
f 974/2320/1510 976/2322/1510 1168/2323/1510
f 972/2316/1510 1172/2324/1510 1174/2317/1510
f 976/2322/1510 978/2325/1510 1166/2326/1510
f 978/2325/1510 980/2327/1510 1162/2328/1510
f 976/2322/1510 1166/2326/1510 1168/2323/1510
f 980/2327/1510 981/1988/1510 1160/2329/1510
f 981/1988/1510 984/1986/1510 1156/2330/1510
f 980/2327/1510 1160/2329/1510 1162/2328/1510
f 984/1986/1510 986/2331/1510 1153/1987/1510
f 986/2331/1510 988/2332/1510 1150/1985/1510
f 1150/1985/1510 988/2332/1510 1148/2333/1510
f 988/2332/1510 990/1980/1510 1148/2333/1510
f 990/1980/1510 992/2334/1510 1144/2335/1510
f 1144/2335/1510 992/2334/1510 1142/2336/1510
f 992/2334/1510 994/2337/1510 1142/2336/1510
f 994/2337/1510 996/2338/1510 1140/2339/1510
f 1137/2340/1510 996/2338/1510 1136/2341/1510
f 996/2338/1510 997/1970/1510 1136/2341/1510
f 997/1970/1510 1000/2342/1510 1134/2343/1510
f 1132/2344/1510 1000/2342/1510 1130/2345/1510
f 1000/2342/1510 1002/2346/1510 1130/2345/1510
f 1002/2346/1510 1004/2347/1510 1128/2348/1510
f 1124/2349/1510 1004/2347/1510 1006/2350/1510
f 1006/2350/1510 1008/2351/1510 1121/2352/1510
f 1008/2351/1510 1010/2353/1510 1118/2354/1510
f 1010/2353/1510 1012/2355/1510 1116/2356/1510
f 1008/2351/1510 1120/2357/1510 1121/2352/1510
f 1012/2355/1510 1013/2358/1510 1114/2359/1510
f 1013/2358/1510 1016/2360/1510 1110/2361/1510
f 1012/2355/1510 1114/2359/1510 1116/2356/1510
f 1016/2360/1510 1018/2362/1510 1108/2363/1510
f 1018/2362/1510 1020/2364/1510 1105/2365/1510
f 1105/2365/1510 1020/2364/1510 1104/2366/1510
f 1020/2364/1510 1022/2367/1510 1102/2368/1510
f 1022/2367/1510 1024/2369/1510 1100/2370/1510
f 1020/2364/1510 1102/2368/1510 1104/2366/1510
f 1024/2369/1510 1026/2371/1510 1098/2372/1510
f 1026/2371/1510 1028/2373/1510 1094/2374/1510
f 1028/2373/1510 1029/2375/1510 1092/2376/1510
f 1029/2375/1510 1032/2377/1510 1044/2098/1510
f 1092/2376/1510 1029/2375/1510 1077/2378/1510
f 1032/2377/1510 1034/2379/1510 1036/2380/1510
f 1036/2380/1510 1038/2381/1510 1032/2377/1510
f 1038/2381/1510 1040/2382/1510 1032/2377/1510
f 1040/2382/1510 1042/2383/1519 1044/2098/1510
f 1044/2098/1510 1045/2384/1510 1029/2375/1510
f 1045/2384/1510 1048/2385/1510 1029/2375/1510
f 1048/2385/1510 1050/2386/1510 1029/2375/1510
f 1050/2386/1510 1052/2107/1510 1029/2375/1510
f 1052/2107/1510 1054/2387/1510 1056/2388/1510
f 1056/2388/1510 1058/2389/1510 1060/2390/1510
f 1060/2390/1510 1061/2391/1510 1056/2388/1510
f 1061/2391/1510 1064/2392/1510 1056/2388/1510
f 1064/2392/1510 1066/2393/1510 1072/2394/1510
f 1066/2393/1510 1068/2395/1510 1072/2394/1510
f 1068/2395/1510 1070/2396/1510 1072/2394/1510
f 1072/2394/1510 1074/2397/1510 1076/2398/1510
f 1076/2398/1510 1077/2378/1510 1029/2375/1510
f 1077/2378/1510 1080/2399/1510 1086/2400/1510
f 1080/2399/1510 1084/2401/1510 1086/2400/1510
f 1086/2400/1510 1088/2402/1510 1077/2378/1510
f 1077/2378/1510 1089/2403/1510 1092/2376/1510
f 1072/2394/1510 1076/2398/1510 1029/2375/1510
f 1052/2107/1510 1056/2388/1510 1029/2375/1510
f 1040/2382/1510 1044/2098/1510 1032/2377/1510
f 1022/2367/1510 1100/2370/1510 1102/2368/1510
f 1100/2370/1510 1024/2369/1510 1098/2372/1510
f 1120/2357/1510 1008/2351/1510 1118/2354/1510
f 1004/2347/1510 1124/2349/1510 1126/2404/1510
f 1006/2350/1510 1121/2352/1510 1124/2349/1510
f 996/2338/1510 1137/2340/1510 1140/2339/1510
f 1000/2342/1510 1132/2344/1510 1134/2343/1510
f 1128/2348/1510 1004/2347/1510 1126/2404/1510
f 1142/2336/1510 994/2337/1510 1140/2339/1510
f 1178/2318/1510 968/2313/1510 1176/2315/1510
f 1172/2324/1510 972/2316/1510 1169/2321/1510
f 964/2405/1510 965/2406/1510 1181/2407/1510
f 965/2406/1510 968/2313/1510 1180/2319/1510
f 960/2408/1510 962/2409/1510 1184/2410/1510
f 962/2409/1510 964/2405/1510 1181/2407/1510
f 956/2411/1510 958/2412/1510 1190/2413/1510
f 958/2412/1510 960/2408/1510 1188/2414/1510
f 1188/2414/1510 960/2408/1510 1186/2415/1510
f 952/2416/1510 954/2017/1510 1194/2417/1510
f 954/2017/1510 956/2411/1510 1192/2418/1510
f 1192/2418/1510 956/2411/1510 1190/2413/1510
f 948/2419/1510 949/2420/1510 1198/2421/1510
f 949/2420/1510 952/2416/1510 1195/2422/1510
f 1195/2422/1510 952/2416/1510 1194/2417/1510
f 944/2423/1510 946/2424/1510 1202/2425/1510
f 946/2424/1510 948/2419/1510 1200/2426/1510
f 1200/2426/1510 948/2419/1510 1198/2421/1510
f 940/2427/1510 942/2428/1510 1206/2429/1510
f 942/2428/1510 944/2423/1510 1204/2430/1510
f 940/2427/1510 1206/2429/1510 1208/2431/1510
f 936/2432/1510 938/2433/1510 1210/2434/1510
f 938/2433/1510 940/2427/1510 1208/2431/1510
f 936/2432/1510 1210/2434/1510 1211/2435/1510
f 932/1514/1510 933/1663/1510 1596/1325/1510
f 933/1663/1510 936/2432/1510 1211/2435/1510
f 1596/1325/1510 933/1663/1510 1594/1326/1510
f 928/1314/1510 930/1515/1519 932/1514/1510
f 924/691/1510 926/912/1520 928/1314/1510
f 920/191/1521 922/465/1522 924/691/1510
f 916/1661/1510 917/192/1510 912/1312/1510
f 917/192/1510 920/191/1521 912/1312/1510
f 912/1312/1510 914/1311/1523 916/1661/1510
f 908/907/1510 910/1122/1510 912/1312/1510
f 1618/904/1510 1619/905/1510 1614/463/1510
f 1619/905/1510 908/907/1510 928/1314/1510
f 1614/463/1510 1616/686/1521 1618/904/1510
f 1609/189/1510 1612/188/1510 1619/905/1510
f 1612/188/1510 1614/463/1510 1619/905/1510
f 1606/1511/1524 1608/1660/1510 1600/688/1510
f 1608/1660/1510 1609/189/1510 1600/688/1510
f 1602/1120/1510 1604/1310/1525 1606/1511/1524
f 1597/689/1510 1600/688/1510 932/1514/1510
f 1600/688/1510 1602/1120/1510 1606/1511/1524
f 932/1514/1510 1609/189/1510 1619/905/1510
f 1596/1325/1510 1597/689/1510 932/1514/1510
f 1609/189/1510 932/1514/1510 1600/688/1510
f 1619/905/1510 928/1314/1510 932/1514/1510
f 908/907/1510 912/1312/1510 928/1314/1510
f 920/191/1521 924/691/1510 912/1312/1510
f 924/691/1510 928/1314/1510 912/1312/1510
f 962/2409/1510 1181/2407/1510 1184/2410/1510
f 965/2406/1510 1180/2319/1510 1181/2407/1510
f 974/2320/1510 1168/2323/1510 1169/2321/1510
f 1176/2315/1510 970/2314/1510 1174/2317/1510
f 1056/2388/1510 1064/2392/1510 1029/2375/1510
f 1064/2392/1510 1072/2394/1510 1029/2375/1510
f 1077/2378/1510 1088/2402/1510 1089/2403/1510
f 1002/2346/1510 1128/2348/1510 1130/2345/1510
f 960/2408/1510 1184/2410/1510 1186/2415/1510
f 1594/1326/1510 933/1663/1510 1227/246/1510
f 1118/2354/1510 1010/2353/1510 1116/2356/1510
f 1092/2376/1510 1094/2374/1510 1028/2373/1510
f 933/1663/1510 1224/1349/1510 1226/1681/1510
f 1224/1349/1510 933/1663/1510 1222/1158/1510
f 933/1663/1510 1220/1159/1510 1222/1158/1510
f 1094/2374/1510 1096/2436/1510 1026/2371/1510
f 1096/2436/1510 1098/2372/1510 1026/2371/1510
f 1592/1138/1510 1594/1326/1510 1227/246/1510
f 1220/1159/1510 933/1663/1510 1218/730/1510
f 1590/928/1510 1592/1138/1510 1232/499/1510
f 1227/246/1510 933/1663/1510 1226/1681/1510
f 1588/709/1510 1590/928/1510 1234/941/1510
f 1230/245/1510 1592/1138/1510 1227/246/1510
f 1586/481/1510 1588/709/1510 1238/1151/1510
f 1592/1138/1510 1230/245/1510 1232/499/1510
f 1018/2362/1510 1105/2365/1510 1108/2363/1510
f 1583/215/1510 1586/481/1510 1240/1342/1510
f 1582/1671/1510 1583/215/1510 1242/1535/1510
f 1590/928/1510 1232/499/1510 1234/941/1510
f 1108/2363/1510 1110/2361/1510 1016/2360/1510
f 1580/1332/1510 1582/1671/1510 1243/218/1510
f 1578/1142/1510 1580/1332/1510 1246/485/1510
f 1588/709/1510 1234/941/1510 1236/1152/1510
f 1110/2361/1510 1112/2437/1510 1013/2358/1510
f 1112/2437/1510 1114/2359/1510 1013/2358/1510
f 1576/929/1510 1578/1142/1510 1248/711/1510
f 1588/709/1510 1236/1152/1510 1238/1151/1510
f 1574/930/1510 1576/929/1510 1250/710/1510
f 1572/707/1510 1574/930/1510 1252/1144/1510
f 1586/481/1510 1238/1151/1510 1240/1342/1510
f 1567/210/1510 1570/209/1510 1254/1143/1510
f 1570/209/1510 1572/707/1510 1252/1144/1510
f 1567/210/1510 1254/1143/1510 1256/1533/1510
f 1564/1523/1510 1566/1668/1510 1258/1672/1510
f 1566/1668/1510 1567/210/1510 1256/1533/1510
f 1258/1672/1510 1566/1668/1510 1256/1533/1510
f 1560/1130/1510 1562/1322/1510 1259/212/1510
f 1562/1322/1510 1564/1523/1510 1258/1672/1510
f 1259/212/1510 1562/1322/1510 1258/1672/1510
f 1556/697/1510 1558/918/1510 1262/479/1510
f 1558/918/1510 1560/1130/1510 1262/479/1510
f 1556/697/1510 1262/479/1510 1264/705/1510
f 1551/200/1510 1554/471/1510 1266/704/1510
f 1554/471/1510 1556/697/1510 1264/705/1510
f 1266/704/1510 1554/471/1510 1264/705/1510
f 1548/1519/1510 1550/1666/1510 1268/924/1510
f 1550/1666/1510 1551/200/1510 1266/704/1510
f 1548/1519/1510 1268/924/1510 1270/1328/1510
f 1544/913/1510 1546/1128/1510 1272/1327/1510
f 1546/1128/1510 1548/1519/1510 1270/1328/1510
f 1544/913/1510 1272/1327/1510 1274/1527/1510
f 1540/467/1510 1542/914/1510 1278/203/1510
f 1542/914/1510 1544/913/1510 1274/1527/1510
f 1278/203/1510 1542/914/1510 1275/204/1510
f 1535/195/1510 1538/194/1510 1282/920/1510
f 1538/194/1510 1540/467/1510 1280/473/1510
f 1280/473/1510 1540/467/1510 1278/203/1510
f 1532/1517/1510 1534/1664/1510 1286/1133/1510
f 1534/1664/1510 1535/195/1510 1284/1134/1510
f 1284/1134/1510 1535/195/1510 1282/920/1510
f 1528/915/1510 1530/1126/1510 1290/1524/1510
f 1530/1126/1510 1532/1517/1510 1288/1525/1510
f 1288/1525/1510 1532/1517/1510 1286/1133/1510
f 1524/469/1510 1526/916/1510 1296/701/1510
f 1526/916/1510 1528/915/1510 1294/475/1510
f 1294/475/1510 1528/915/1510 1291/206/1510
f 1519/198/1510 1522/197/1510 1300/1140/1510
f 1522/197/1510 1524/469/1510 1298/926/1510
f 1519/198/1510 1300/1140/1510 1302/1330/1510
f 1516/1320/1510 1518/1667/1510 1304/1529/1510
f 1518/1667/1510 1519/198/1510 1302/1330/1510
f 1516/1320/1510 1304/1529/1510 1306/1674/1510
f 1512/1132/1510 1514/1131/1510 1307/228/1510
f 1514/1131/1510 1516/1320/1510 1306/1674/1510
f 1512/1132/1510 1307/228/1510 1310/227/1510
f 1508/703/1510 1510/922/1510 1314/713/1510
f 1510/922/1510 1512/1132/1510 1312/714/1510
f 1508/703/1510 1314/713/1510 1316/1148/1510
f 1503/224/1510 1506/483/1510 1318/1340/1510
f 1506/483/1510 1508/703/1510 1316/1148/1510
f 1503/224/1510 1318/1340/1510 1320/1339/1510
f 1500/1538/1510 1502/1537/1510 1322/1541/1510
f 1502/1537/1510 1503/224/1510 1320/1339/1510
f 1496/938/1510 1498/1338/1510 1328/490/1510
f 1498/1338/1510 1500/1538/1510 1323/230/1510
f 1492/495/1510 1494/939/1510 1332/1154/1510
f 1494/939/1510 1496/938/1510 1330/719/1510
f 1330/719/1510 1496/938/1510 1328/490/1510
f 1487/240/1510 1490/239/1510 1336/1544/1510
f 1490/239/1510 1492/495/1510 1334/1153/1510
f 1487/240/1510 1336/1544/1510 1338/1683/1510
f 1484/1547/1510 1486/1678/1510 1339/252/1510
f 1486/1678/1510 1487/240/1510 1338/1683/1510
f 1484/1547/1510 1339/252/1510 1342/251/1510
f 1480/1157/1510 1482/1347/1510 1346/954/1510
f 1482/1347/1510 1484/1547/1510 1344/729/1510
f 1346/954/1510 1482/1347/1510 1344/729/1510
f 1476/734/1510 1478/733/1510 1350/1162/1510
f 1478/733/1510 1480/1157/1510 1348/1163/1510
f 1476/734/1510 1350/1162/1510 1352/2438/1510
f 1472/2439/1510 1473/2440/1510 1426/2441/1510
f 1473/2440/1510 1476/734/1510 1424/2442/1510
f 1468/2443/1510 1470/2444/1525 1472/2439/1510
f 1464/2445/1510 1466/2446/1521 1468/2443/1510
f 1460/2447/1510 1461/2448/1510 1468/2443/1510
f 1461/2448/1510 1464/2445/1510 1468/2443/1510
f 1456/2449/1510 1458/2450/1510 1452/2451/1510
f 1458/2450/1510 1460/2447/1510 1452/2451/1510
f 1452/2451/1510 1454/2452/1510 1456/2449/1510
f 1448/2453/1510 1450/2454/1519 1460/2447/1510
f 1450/2454/1519 1452/2451/1510 1460/2447/1510
f 1444/2455/1510 1445/2456/1525 1448/2453/1510
f 1440/2457/1510 1442/2458/1510 1444/2455/1510
f 1436/2459/1510 1438/2260/1510 1428/2460/1510
f 1438/2260/1510 1440/2457/1510 1468/2443/1510
f 1432/2461/1510 1434/2462/1510 1428/2460/1510
f 1434/2462/1510 1436/2459/1510 1428/2460/1510
f 1428/2460/1510 1429/2463/1525 1432/2461/1510
f 1424/2442/1510 1426/2441/1510 1473/2440/1510
f 1426/2441/1510 1428/2460/1510 1472/2439/1510
f 1472/2439/1510 1438/2260/1510 1468/2443/1510
f 1419/2464/1510 1422/2465/1510 1382/2466/1510
f 1422/2465/1510 1424/2442/1510 1371/2467/1510
f 1416/2468/1519 1418/2469/1524 1412/2470/1510
f 1418/2469/1524 1419/2464/1510 1412/2470/1510
f 1412/2470/1510 1414/2471/1510 1416/2468/1519
f 1408/2472/1510 1410/2473/1519 1412/2470/1510
f 1403/2474/1510 1406/2475/1510 1408/2472/1510
f 1400/2476/1510 1402/2477/1510 1396/2478/1510
f 1402/2477/1510 1403/2474/1510 1396/2478/1510
f 1396/2478/1510 1398/2479/1510 1400/2476/1510
f 1392/2480/1510 1394/2481/1510 1396/2478/1510
f 1387/2482/1510 1390/2483/1510 1412/2470/1510
f 1390/2483/1510 1392/2480/1510 1412/2470/1510
f 1384/2288/1510 1386/2484/1510 1419/2464/1510
f 1386/2484/1510 1387/2482/1510 1419/2464/1510
f 1380/2485/1510 1382/2466/1510 1422/2465/1510
f 1382/2466/1510 1384/2288/1510 1419/2464/1510
f 1376/2486/1510 1378/2487/1510 1422/2465/1510
f 1378/2487/1510 1380/2485/1510 1422/2465/1510
f 1374/2488/1510 1376/2486/1510 1422/2465/1510
f 1392/2480/1510 1396/2478/1510 1412/2470/1510
f 1403/2474/1510 1408/2472/1510 1396/2478/1510
f 1408/2472/1510 1412/2470/1510 1396/2478/1510
f 1422/2465/1510 1371/2467/1510 1374/2488/1510
f 1438/2260/1510 1472/2439/1510 1428/2460/1510
f 1371/2467/1510 1424/2442/1510 1370/2489/1510
f 1440/2457/1510 1444/2455/1510 1448/2453/1510
f 1476/734/1510 1355/2490/1510 1358/2491/1510
f 1484/1547/1510 1342/251/1510 1344/729/1510
f 1498/1338/1510 1323/230/1510 1326/491/1510
f 1323/230/1510 1500/1538/1510 1322/1541/1510
f 1502/1537/1510 1320/1339/1510 1322/1541/1510
f 1275/204/1510 1542/914/1510 1274/1527/1510
f 1268/924/1510 1550/1666/1510 1266/704/1510
f 1530/1126/1510 1288/1525/1510 1290/1524/1510
f 1538/194/1510 1280/473/1510 1282/920/1510
f 1506/483/1510 1316/1148/1510 1318/1340/1510
f 1355/2490/1510 1476/734/1510 1354/2492/1510
f 1354/2492/1510 1476/734/1510 1352/2438/1510
f 1460/2447/1510 1468/2443/1510 1448/2453/1510
f 1440/2457/1510 1448/2453/1510 1468/2443/1510
f 1412/2470/1510 1419/2464/1510 1387/2482/1510
f 1476/734/1510 1358/2491/1510 1360/2493/1510
f 1370/2489/1510 1424/2442/1510 1368/2494/1510
f 1368/2494/1510 1424/2442/1510 1366/2495/1510
f 1366/2495/1510 1424/2442/1510 1476/734/1510
f 1366/2495/1510 1476/734/1510 1364/2496/1510
f 997/1970/1510 1134/2343/1510 1136/2341/1510
f 1362/2497/1510 1364/2496/1510 1476/734/1510
f 1360/2493/1510 1362/2497/1510 1476/734/1510
f 1350/1162/1510 1478/733/1510 1348/1163/1510
f 990/1980/1510 1144/2335/1510 1146/2498/1510
f 990/1980/1510 1146/2498/1510 1148/2333/1510
f 1348/1163/1510 1480/1157/1510 1346/954/1510
f 986/2331/1510 1150/1985/1510 1152/2499/1510
f 986/2331/1510 1152/2499/1510 1153/1987/1510
f 984/1986/1510 1153/1987/1510 1156/2330/1510
f 1339/252/1510 1486/1678/1510 1338/1683/1510
f 1156/2330/1510 1158/2500/1510 981/1988/1510
f 1158/2500/1510 1160/2329/1510 981/1988/1510
f 1336/1544/1510 1490/239/1510 1334/1153/1510
f 1162/2328/1510 1164/2501/1510 978/2325/1510
f 1332/1154/1510 1334/1153/1510 1492/495/1510
f 1164/2501/1510 1166/2326/1510 978/2325/1510
f 1330/719/1510 1332/1154/1510 1494/939/1510
f 1326/491/1510 1328/490/1510 1498/1338/1510
f 1314/713/1510 1510/922/1510 1312/714/1510
f 1312/714/1510 1512/1132/1510 1310/227/1510
f 958/2412/1510 1188/2414/1510 1190/2413/1510
f 1307/228/1510 1514/1131/1510 1306/1674/1510
f 954/2017/1510 1192/2418/1510 1194/2417/1510
f 1304/1529/1510 1518/1667/1510 1302/1330/1510
f 949/2420/1510 1195/2422/1510 1198/2421/1510
f 1300/1140/1510 1522/197/1510 1298/926/1510
f 946/2424/1510 1200/2426/1510 1202/2425/1510
f 1296/701/1510 1298/926/1510 1524/469/1510
f 1294/475/1510 1296/701/1510 1526/916/1510
f 944/2423/1510 1202/2425/1510 1204/2430/1510
f 1204/2430/1510 1206/2429/1510 942/2428/1510
f 1290/1524/1510 1291/206/1510 1528/915/1510
f 1208/2431/1510 1210/2434/1510 938/2433/1510
f 1211/2435/1510 1214/509/1510 933/1663/1510
f 1284/1134/1510 1286/1133/1510 1534/1664/1510
f 1214/509/1510 1216/731/1510 933/1663/1510
f 1216/731/1510 1218/730/1510 933/1663/1510
f 1272/1327/1510 1546/1128/1510 1270/1328/1510
f 1583/215/1510 1240/1342/1510 1242/1535/1510
f 1262/479/1510 1560/1130/1510 1259/212/1510
f 1582/1671/1510 1242/1535/1510 1243/218/1510
f 1580/1332/1510 1243/218/1510 1246/485/1510
f 1254/1143/1510 1570/209/1510 1252/1144/1510
f 1578/1142/1510 1246/485/1510 1248/711/1510
f 1576/929/1510 1248/711/1510 1250/710/1510
f 1686/1375/1510 1688/1574/1510 1748/1171/1510
f 1688/1574/1510 1689/308/1510 1746/964/1510
f 1744/965/1510 1689/308/1510 1692/548/1510
f 1692/548/1510 1694/547/1510 1742/526/1510
f 1740/527/1510 1696/980/1510 1737/275/1510
f 1694/547/1510 1696/980/1510 1740/527/1510
f 1696/980/1510 1698/1185/1510 1737/275/1510
f 1736/1689/1510 1700/1372/1510 1734/1558/1510
f 1698/1185/1510 1700/1372/1510 1736/1689/1510
f 1700/1372/1510 1702/1571/1510 1734/1558/1510
f 1734/1558/1510 1702/1571/1510 1732/1357/1510
f 1702/1571/1510 1704/1694/1510 1732/1357/1510
f 1704/1694/1510 1705/282/1510 1730/959/1510
f 1732/1357/1510 1704/1694/1510 1730/959/1510
f 1705/282/1510 1708/281/1510 1728/739/1510
f 1708/281/1510 1710/525/1510 1726/517/1510
f 1710/525/1510 1712/743/1510 1724/263/1510
f 1712/743/1510 1714/956/1510 1721/264/1510
f 1714/956/1510 1716/1966/1510 1720/1685/1510
f 1716/1966/1510 1621/1550/1510 1812/1964/1510
f 1621/1550/1510 1624/1680/1510 1810/1161/1510
f 1624/1680/1510 1798/1545/1510 1800/1682/1510
f 1624/1680/1510 1800/1682/1510 1801/248/1510
f 1726/517/1510 1710/525/1510 1724/263/1510
f 1721/264/1510 1714/956/1510 1720/1685/1510
f 1728/739/1510 1708/281/1510 1726/517/1510
f 1730/959/1510 1705/282/1510 1728/739/1510
f 1689/308/1510 1744/965/1510 1746/964/1510
f 1737/275/1510 1698/1185/1510 1736/1689/1510
f 1682/974/1510 1684/1180/1510 1752/1557/1510
f 1684/1180/1510 1686/1375/1510 1750/1360/1510
f 1682/974/1510 1753/269/1510 1680/975/1510
f 1678/749/1510 1680/975/1510 1756/521/1510
f 1678/749/1510 1758/737/1510 1676/529/1510
f 1673/272/1510 1676/529/1510 1760/955/1510
f 1673/272/1510 1762/1164/1510 1672/1688/1510
f 1670/1556/1510 1672/1688/1510 1764/1354/1510
f 1670/1556/1510 1764/1354/1510 1766/1353/1510
f 1666/947/1510 1668/1160/1510 1768/1684/1510
f 1668/1160/1510 1670/1556/1510 1766/1353/1510
f 1768/1684/1510 1664/724/1510 1666/947/1510
f 1662/497/1510 1664/724/1510 1769/255/1510
f 1772/254/1510 1660/233/1510 1662/497/1510
f 1657/234/1510 1660/233/1510 1774/507/1510
f 1776/726/1510 1656/1677/1510 1657/234/1510
f 1654/1539/1510 1656/1677/1510 1778/946/1510
f 1654/1539/1510 1778/946/1510 1780/1345/1510
f 1650/1145/1510 1652/1336/1510 1782/1542/1510
f 1652/1336/1510 1654/1539/1510 1780/1345/1510
f 1646/712/1510 1648/933/1510 1785/242/1510
f 1648/933/1510 1650/1145/1510 1784/1679/1510
f 1641/222/1510 1644/221/1510 1790/500/1510
f 1644/221/1510 1646/712/1510 1788/501/1510
f 1638/1335/1510 1640/1536/1510 1792/945/1510
f 1640/1536/1510 1641/222/1510 1792/945/1510
f 1634/936/1510 1636/1146/1510 1792/945/1510
f 1636/1146/1510 1638/1335/1510 1792/945/1510
f 1630/492/1510 1632/937/1510 1792/945/1510
f 1632/937/1510 1634/936/1510 1792/945/1510
f 1625/236/1510 1628/493/1510 1792/945/1510
f 1628/493/1510 1630/492/1510 1792/945/1510
f 1790/500/1510 1792/945/1510 1641/222/1510
f 1646/712/1510 1785/242/1510 1788/501/1510
f 1650/1145/1510 1782/1542/1510 1784/1679/1510
f 1652/1336/1510 1780/1345/1510 1782/1542/1510
f 1656/1677/1510 1776/726/1510 1778/946/1510
f 1660/233/1510 1772/254/1510 1774/507/1510
f 1664/724/1510 1768/1684/1510 1769/255/1510
f 1657/234/1510 1774/507/1510 1776/726/1510
f 1762/1164/1510 1673/272/1510 1760/955/1510
f 1758/737/1510 1678/749/1510 1756/521/1510
f 1753/269/1510 1682/974/1510 1752/1557/1510
f 1624/1680/1510 1801/248/1510 1804/503/1510
f 1624/1680/1510 1804/503/1510 1806/727/1510
f 1764/1354/1510 1672/1688/1510 1762/1164/1510
f 1648/933/1510 1784/1679/1510 1785/242/1510
f 1788/501/1510 1790/500/1510 1644/221/1510
f 1624/1680/1510 1806/727/1510 1808/948/1510
f 1624/1680/1510 1808/948/1510 1810/1161/1510
f 1621/1550/1510 1810/1161/1510 1812/1964/1510
f 1812/1964/1510 1718/1551/1510 1716/1966/1510
f 1718/1551/1510 1720/1685/1510 1716/1966/1510
f 1772/254/1510 1662/497/1510 1769/255/1510
f 1721/264/1510 1724/263/1510 1712/743/1510
f 1768/1684/1510 1668/1160/1510 1766/1353/1510
f 1760/955/1510 1676/529/1510 1758/737/1510
f 1694/547/1510 1740/527/1510 1742/526/1510
f 1692/548/1510 1742/526/1510 1744/965/1510
f 1756/521/1510 1680/975/1510 1753/269/1510
f 1688/1574/1510 1746/964/1510 1748/1171/1510
f 1752/1557/1510 1684/1180/1510 1750/1360/1510
f 1798/1545/1510 1624/1680/1510 1625/236/1510
f 1625/236/1510 1792/945/1510 1794/944/1510
f 1796/1155/1510 1798/1545/1510 1625/236/1510
