# Blender 5.2.1 LTS
# www.blender.org
mtllib awfulface-metal.mtl
o awfulface-metal
v 0.250580 -0.995182 0.189566
v 0.250758 -0.994786 0.190000
v 0.245935 -0.992336 0.190000
v 0.245729 -0.992718 0.189566
v -0.188733 -0.744007 0.190000
v -0.188957 -0.744379 0.189566
v -0.193292 -0.741097 0.190000
v -0.193543 -0.741451 0.189566
v -0.197536 -0.737760 0.190000
v -0.197820 -0.738088 0.189566
v -0.201431 -0.734024 0.190000
v -0.201747 -0.734323 0.189566
v -0.204942 -0.729924 0.190000
v -0.205286 -0.730190 0.189566
v -0.208034 -0.725500 0.190000
v -0.208402 -0.725731 0.189566
v -0.211066 -0.720988 0.189566
v -0.210678 -0.720794 0.190000
v -0.212847 -0.715851 0.190000
v -0.213253 -0.716006 0.189566
v -0.214521 -0.710720 0.190000
v -0.214940 -0.710835 0.189566
v -0.215684 -0.705450 0.190000
v -0.216113 -0.705523 0.189566
v -0.216325 -0.700091 0.190000
v -0.216758 -0.700121 0.189566
v -0.216438 -0.694695 0.190000
v -0.216872 -0.694682 0.189566
v -0.216020 -0.689313 0.190000
v -0.216451 -0.689259 0.189566
v -0.215077 -0.683998 0.190000
v -0.215501 -0.683902 0.189566
v -0.214030 -0.678665 0.189566
v -0.213619 -0.678803 0.190000
v -0.211657 -0.673774 0.190000
v -0.212053 -0.673597 0.189566
v -0.209211 -0.668962 0.190000
v -0.209589 -0.668747 0.189566
v -0.206307 -0.664413 0.190000
v -0.206661 -0.664162 0.189566
v -0.202969 -0.660171 0.190000
v -0.203297 -0.659886 0.189566
v -0.199232 -0.656275 0.190000
v -0.199531 -0.655960 0.189566
v -0.195131 -0.652766 0.190000
v -0.195397 -0.652422 0.189566
v -0.190706 -0.649674 0.190000
v -0.190937 -0.649306 0.189566
v -0.186193 -0.646643 0.189566
v -0.185999 -0.647031 0.190000
v -0.181056 -0.644862 0.190000
v -0.181210 -0.644457 0.189566
v -0.175923 -0.643188 0.190000
v -0.176038 -0.642770 0.189566
v -0.170652 -0.642026 0.190000
v -0.170724 -0.641597 0.189566
v -0.165291 -0.641385 0.190000
v -0.165322 -0.640952 0.189566
v -0.159894 -0.641273 0.190000
v -0.159882 -0.640839 0.189566
v -0.154512 -0.641690 0.190000
v -0.154457 -0.641259 0.189566
v -0.149196 -0.642632 0.190000
v -0.149100 -0.642209 0.189566
v -0.143861 -0.643679 0.189566
v -0.143999 -0.644091 0.190000
v -0.138969 -0.646052 0.190000
v -0.138792 -0.645656 0.189566
v -0.134147 -0.648502 0.190000
v -0.133941 -0.648120 0.189566
v 0.300521 -0.896831 0.190000
v 0.300746 -0.896460 0.189566
v 0.305081 -0.899742 0.190000
v 0.305332 -0.899387 0.189566
v 0.309324 -0.903078 0.190000
v 0.309609 -0.902750 0.189566
v 0.313220 -0.906814 0.190000
v 0.313535 -0.906516 0.189566
v 0.316730 -0.910914 0.190000
v 0.317074 -0.910648 0.189566
v 0.320190 -0.915108 0.189566
v 0.319823 -0.915339 0.190000
v 0.322466 -0.920044 0.190000
v 0.322855 -0.919851 0.189566
v 0.324635 -0.924987 0.190000
v 0.325041 -0.924832 0.189566
v 0.326309 -0.930118 0.190000
v 0.326728 -0.930004 0.189566
v 0.327473 -0.935388 0.190000
v 0.327901 -0.935316 0.189566
v 0.328114 -0.940748 0.190000
v 0.328547 -0.940717 0.189566
v 0.328226 -0.946144 0.190000
v 0.328660 -0.946156 0.189566
v 0.327809 -0.951525 0.190000
v 0.328240 -0.951580 0.189566
v 0.327289 -0.956936 0.189566
v 0.326866 -0.956840 0.190000
v 0.325407 -0.962036 0.190000
v 0.325819 -0.962174 0.189566
v 0.323445 -0.967064 0.190000
v 0.323841 -0.967242 0.189566
v 0.321000 -0.971876 0.190000
v 0.321377 -0.972092 0.189566
v 0.318094 -0.976425 0.190000
v 0.318449 -0.976677 0.189566
v 0.314758 -0.980668 0.190000
v 0.315085 -0.980953 0.189566
v 0.311020 -0.984563 0.190000
v 0.311319 -0.984879 0.189566
v 0.306920 -0.988073 0.190000
v 0.307186 -0.988416 0.189566
v 0.302725 -0.991532 0.189566
v 0.302494 -0.991165 0.190000
v 0.297788 -0.993807 0.190000
v 0.297981 -0.994196 0.189566
v 0.292844 -0.995976 0.190000
v 0.292999 -0.996382 0.189566
v 0.287712 -0.997650 0.190000
v 0.287826 -0.998069 0.189566
v 0.282440 -0.998813 0.190000
v 0.282513 -0.999241 0.189566
v 0.277080 -0.999454 0.190000
v 0.277110 -0.999887 0.189566
v 0.271682 -0.999566 0.190000
v 0.271670 -1.000000 0.189566
v 0.266300 -0.999149 0.190000
v 0.266245 -0.999580 0.189566
v 0.260888 -0.998630 0.189566
v 0.260985 -0.998206 0.190000
v 0.255649 -0.997159 0.189566
v 0.255787 -0.996747 0.190000
v 0.552408 0.898983 0.190000
v 0.552660 0.898629 0.189566
v -0.093293 0.462493 0.189566
v -0.094124 0.462456 0.190000
v -0.093585 0.461822 0.189566
v -0.092567 0.452649 0.190000
v -0.092139 0.452717 0.189566
v -0.088159 0.425072 0.190000
v -0.087731 0.425140 0.189566
v -0.083541 0.399175 0.189566
v -0.083969 0.399105 0.190000
v -0.079996 0.374752 0.190000
v -0.079568 0.374822 0.189566
v -0.078091 0.363181 0.190000
v -0.077663 0.363252 0.189566
v -0.076241 0.352014 0.190000
v -0.075813 0.352085 0.189566
v -0.074446 0.341252 0.190000
v -0.074018 0.341324 0.189566
v -0.072706 0.330896 0.190000
v -0.072278 0.330968 0.189566
v -0.071020 0.320945 0.190000
v -0.070592 0.321017 0.189566
v -0.068962 0.311474 0.189566
v -0.069390 0.311400 0.190000
v -0.067814 0.302263 0.190000
v -0.067387 0.302337 0.189566
v -0.066294 0.293535 0.190000
v -0.065867 0.293609 0.189566
v -0.064830 0.285215 0.190000
v -0.064403 0.285291 0.189566
v -0.063422 0.277307 0.190000
v -0.062995 0.277383 0.189566
v -0.062070 0.269811 0.190000
v -0.061643 0.269889 0.189566
v -0.060775 0.262730 0.190000
v -0.060349 0.262808 0.189566
v -0.059538 0.256065 0.190000
v -0.059111 0.256145 0.189566
v -0.057932 0.249903 0.189566
v -0.058358 0.249822 0.190000
v -0.057238 0.244002 0.190000
v -0.056812 0.244085 0.189566
v -0.056178 0.238612 0.190000
v -0.055753 0.238697 0.189566
v -0.055181 0.233660 0.190000
v -0.054756 0.233746 0.189566
v -0.054770 0.231672 0.190000
v -0.054365 0.231855 0.189566
v -0.053743 0.230300 0.190000
v -0.053384 0.230544 0.189566
v -0.050965 0.225713 0.190000
v -0.050583 0.225919 0.189566
v -0.048645 0.220876 0.190000
v -0.048245 0.221044 0.189566
v -0.046393 0.215964 0.189566
v -0.046808 0.215835 0.190000
v -0.045471 0.210640 0.190000
v -0.045046 0.210728 0.189566
v -0.044647 0.205341 0.190000
v -0.044215 0.205386 0.189566
v -0.044342 0.199974 0.190000
v -0.043908 0.199988 0.189566
v -0.044265 0.190243 0.190000
v -0.043831 0.190249 0.189566
v -0.044045 0.181285 0.190000
v -0.043612 0.181299 0.189566
v -0.043683 0.172685 0.190000
v -0.043250 0.172707 0.189566
v -0.043181 0.164448 0.190000
v -0.042749 0.164479 0.189566
v -0.042113 0.156618 0.189566
v -0.042545 0.156579 0.190000
v -0.041778 0.149082 0.190000
v -0.041347 0.149131 0.189566
v -0.040887 0.141962 0.190000
v -0.040457 0.142021 0.189566
v -0.039877 0.135226 0.190000
v -0.039449 0.135296 0.189566
v -0.038758 0.128879 0.190000
v -0.038332 0.128960 0.189566
v -0.037538 0.122925 0.190000
v -0.037114 0.123018 0.189566
v -0.036227 0.117371 0.190000
v -0.035806 0.117477 0.189566
v -0.034838 0.112220 0.190000
v -0.034421 0.112340 0.189566
v -0.032971 0.107611 0.189566
v -0.033383 0.107476 0.190000
v -0.031880 0.103142 0.190000
v -0.031474 0.103294 0.189566
v -0.030347 0.099222 0.190000
v -0.029945 0.099387 0.189566
v -0.028798 0.095704 0.190000
v -0.028405 0.095888 0.189566
v -0.027257 0.092590 0.190000
v -0.026873 0.092792 0.189566
v -0.025744 0.089868 0.190000
v -0.025371 0.090089 0.189566
v -0.024281 0.087524 0.190000
v -0.023918 0.087762 0.189566
v -0.022881 0.085529 0.190000
v -0.022534 0.085789 0.189566
v -0.021233 0.084144 0.189566
v -0.021564 0.083864 0.190000
v -0.020338 0.082492 0.190000
v -0.020024 0.082791 0.189566
v -0.019204 0.081372 0.190000
v -0.018910 0.081691 0.189566
v -0.018155 0.080464 0.190000
v -0.017881 0.080800 0.189566
v -0.017170 0.079720 0.190000
v -0.016921 0.080075 0.189566
v -0.016222 0.079101 0.190000
v -0.015998 0.079473 0.189566
v -0.015272 0.078572 0.190000
v -0.015074 0.078958 0.189566
v -0.014271 0.078101 0.190000
v -0.014100 0.078500 0.189566
v -0.013026 0.078083 0.189566
v -0.013170 0.077673 0.190000
v -0.011913 0.077281 0.190000
v -0.011798 0.077699 0.189566
v -0.010454 0.076929 0.190000
v -0.010367 0.077354 0.189566
v -0.008753 0.076632 0.190000
v -0.008690 0.077061 0.189566
v -0.006765 0.076409 0.190000
v -0.006730 0.076842 0.189566
v -0.004473 0.076287 0.190000
v -0.004461 0.076721 0.189566
v -0.001853 0.076293 0.190000
v -0.001864 0.076726 0.189566
v 0.001107 0.076453 0.190000
v 0.001073 0.076886 0.189566
v 0.004353 0.077226 0.189566
v 0.004408 0.076796 0.190000
v 0.008052 0.077344 0.190000
v 0.007976 0.077771 0.189566
v 0.012027 0.078118 0.190000
v 0.011936 0.078542 0.189566
v 0.016335 0.079138 0.190000
v 0.016227 0.079558 0.189566
v 0.020962 0.080419 0.190000
v 0.020838 0.080835 0.189566
v 0.025897 0.081973 0.190000
v 0.025760 0.082385 0.189566
v 0.031131 0.083812 0.190000
v 0.030981 0.084219 0.189566
v 0.036653 0.085942 0.190000
v 0.036491 0.086344 0.189566
v 0.042280 0.088769 0.189566
v 0.042453 0.088371 0.190000
v 0.048521 0.091105 0.190000
v 0.048338 0.091498 0.189566
v 0.054845 0.094144 0.190000
v 0.054655 0.094535 0.189566
v 0.056105 0.094786 0.190000
v 0.055861 0.095149 0.189566
v 0.061259 0.099208 0.190000
v 0.060976 0.099537 0.189566
v 0.071006 0.107592 0.190000
v 0.070722 0.107921 0.189566
v 0.080383 0.115680 0.190000
v 0.080099 0.116008 0.189566
v 0.089389 0.123471 0.190000
v 0.089105 0.123799 0.189566
v 0.097741 0.131292 0.189566
v 0.098025 0.130965 0.190000
v 0.106289 0.138161 0.190000
v 0.106004 0.138488 0.189566
v 0.106668 0.139068 0.189566
v 0.107425 0.139153 0.190000
v 0.107001 0.139787 0.189566
v 0.107457 0.141088 0.190000
v 0.107024 0.141117 0.189566
v 0.108077 0.146451 0.190000
v 0.107648 0.146521 0.189566
v 0.109219 0.151724 0.190000
v 0.108800 0.151838 0.189566
v 0.110873 0.156863 0.190000
v 0.110467 0.157016 0.189566
v 0.113023 0.161814 0.190000
v 0.112634 0.162006 0.189566
v 0.115279 0.166760 0.189566
v 0.115648 0.166530 0.190000
v 0.118723 0.170967 0.190000
v 0.118378 0.171231 0.189566
v 0.122217 0.175081 0.190000
v 0.121900 0.175377 0.189566
v 0.126098 0.178832 0.190000
v 0.125812 0.179159 0.189566
v 0.130337 0.182192 0.190000
v 0.130076 0.182538 0.189566
v 0.137491 0.187311 0.190000
v 0.137239 0.187665 0.189566
v 0.144150 0.192046 0.190000
v 0.143898 0.192399 0.189566
v 0.144054 0.192509 0.189566
v 0.144304 0.192155 0.190000
v 0.150597 0.196597 0.190000
v 0.150347 0.196952 0.189566
v 0.150772 0.196720 0.190000
v 0.150523 0.197075 0.189566
v 0.156699 0.200870 0.190000
v 0.156451 0.201225 0.189566
v 0.156899 0.201009 0.190000
v 0.156651 0.201365 0.189566
v 0.162460 0.204866 0.190000
v 0.162213 0.205222 0.189566
v 0.162690 0.205025 0.190000
v 0.162445 0.205382 0.189566
v 0.167886 0.208589 0.190000
v 0.167641 0.208947 0.189566
v 0.167910 0.209131 0.189566
v 0.168154 0.208771 0.190000
v 0.172984 0.212043 0.190000
v 0.172740 0.212403 0.189566
v 0.173299 0.212255 0.190000
v 0.173058 0.212616 0.189566
v 0.177763 0.215235 0.190000
v 0.177523 0.215596 0.189566
v 0.178141 0.215485 0.190000
v 0.177903 0.215847 0.189566
v 0.182239 0.218171 0.190000
v 0.182002 0.218534 0.189566
v 0.182699 0.218469 0.190000
v 0.182464 0.218834 0.189566
v 0.186431 0.220864 0.190000
v 0.186198 0.221229 0.189566
v 0.186773 0.221593 0.189566
v 0.187003 0.221226 0.190000
v 0.190369 0.223327 0.190000
v 0.190140 0.223695 0.189566
v 0.191100 0.223775 0.190000
v 0.190875 0.224146 0.189566
v 0.194100 0.225583 0.190000
v 0.193877 0.225955 0.189566
v 0.195063 0.226151 0.190000
v 0.194846 0.226526 0.189566
v 0.197696 0.227666 0.190000
v 0.197482 0.228043 0.189566
v 0.199026 0.228407 0.190000
v 0.198818 0.228787 0.189566
v 0.201290 0.229628 0.190000
v 0.201087 0.230012 0.189566
v 0.203039 0.231015 0.189566
v 0.203234 0.230627 0.190000
v 0.205126 0.231553 0.190000
v 0.204943 0.231946 0.189566
v 0.208215 0.232949 0.190000
v 0.208040 0.233346 0.189566
v 0.209733 0.233579 0.190000
v 0.209578 0.233985 0.189566
v 0.215271 0.235542 0.190000
v 0.215138 0.235955 0.189566
v 0.216422 0.235882 0.190000
v 0.216310 0.236301 0.189566
v 0.222336 0.237280 0.190000
v 0.222260 0.237708 0.189566
v 0.228369 0.238019 0.190000
v 0.228329 0.238451 0.189566
v 0.229135 0.238505 0.189566
v 0.229155 0.238072 0.190000
v 0.234323 0.238174 0.190000
v 0.234335 0.238608 0.189566
v 0.239469 0.237792 0.190000
v 0.239521 0.238223 0.189566
v 0.244557 0.236930 0.190000
v 0.244649 0.237355 0.189566
v 0.249541 0.235596 0.190000
v 0.249673 0.236010 0.189566
v 0.254378 0.233800 0.190000
v 0.254548 0.234200 0.189566
v 0.259036 0.231554 0.190000
v 0.259233 0.231941 0.189566
v 0.259459 0.231325 0.190000
v 0.259674 0.231702 0.189566
v 0.264106 0.229028 0.189566
v 0.263864 0.228667 0.190000
v 0.267996 0.225614 0.190000
v 0.268270 0.225951 0.189566
v 0.271825 0.222190 0.190000
v 0.272129 0.222500 0.189566
v 0.275317 0.218424 0.190000
v 0.275649 0.218704 0.189566
v 0.278443 0.214348 0.190000
v 0.278799 0.214596 0.189566
v 0.281174 0.209999 0.190000
v 0.281552 0.210213 0.189566
v 0.283489 0.205414 0.190000
v 0.283885 0.205591 0.189566
v 0.285365 0.200633 0.190000
v 0.285776 0.200773 0.189566
v 0.287209 0.195799 0.189566
v 0.286787 0.195698 0.190000
v 0.287744 0.190643 0.190000
v 0.288172 0.190713 0.189566
v 0.287817 0.190130 0.190000
v 0.288247 0.190181 0.189566
v 0.288304 0.184871 0.190000
v 0.288738 0.184890 0.189566
v 0.288286 0.179597 0.190000
v 0.288719 0.179575 0.189566
v 0.287762 0.174351 0.190000
v 0.288192 0.174287 0.189566
v 0.286739 0.169177 0.190000
v 0.287160 0.169073 0.189566
v 0.285222 0.164117 0.190000
v 0.285634 0.163983 0.189566
v 0.285343 0.163159 0.189566
v 0.284938 0.163313 0.190000
v 0.282937 0.158409 0.190000
v 0.283331 0.158225 0.189566
v 0.280473 0.153717 0.190000
v 0.280853 0.153507 0.189566
v 0.279828 0.152618 0.190000
v 0.280197 0.152390 0.189566
v 0.276924 0.148183 0.190000
v 0.277281 0.147936 0.189566
v 0.275912 0.146788 0.190000
v 0.276258 0.146527 0.189566
v 0.274004 0.144309 0.190000
v 0.274345 0.144040 0.189566
v 0.272623 0.142616 0.190000
v 0.272956 0.142339 0.189566
v 0.271627 0.140770 0.189566
v 0.271299 0.141054 0.190000
v 0.269549 0.139064 0.190000
v 0.269873 0.138776 0.189566
v 0.268583 0.137995 0.190000
v 0.268903 0.137701 0.189566
v 0.266466 0.135710 0.190000
v 0.266783 0.135414 0.189566
v 0.265733 0.134934 0.190000
v 0.266046 0.134634 0.189566
v 0.263248 0.132356 0.190000
v 0.263560 0.132055 0.189566
v 0.262674 0.131768 0.190000
v 0.262982 0.131463 0.189566
v 0.259823 0.128897 0.190000
v 0.260131 0.128592 0.189566
v 0.259665 0.128128 0.189566
v 0.259361 0.128437 0.190000
v 0.256144 0.125273 0.190000
v 0.256448 0.124964 0.189566
v 0.255765 0.124904 0.190000
v 0.256066 0.124592 0.189566
v 0.252182 0.121447 0.190000
v 0.252483 0.121135 0.189566
v 0.251865 0.121143 0.190000
v 0.252164 0.120829 0.189566
v 0.247917 0.117394 0.190000
v 0.248215 0.117079 0.189566
v 0.247648 0.117140 0.190000
v 0.247944 0.116824 0.189566
v 0.243333 0.113099 0.190000
v 0.243630 0.112782 0.189566
v 0.243397 0.112565 0.189566
v 0.243102 0.112883 0.190000
v 0.238423 0.108549 0.190000
v 0.238717 0.108231 0.189566
v 0.238222 0.108364 0.190000
v 0.238515 0.108045 0.189566
v 0.233176 0.103737 0.190000
v 0.233470 0.103417 0.189566
v 0.233001 0.103577 0.190000
v 0.233293 0.103256 0.189566
v 0.227589 0.098657 0.190000
v 0.227881 0.098336 0.189566
v 0.227434 0.098517 0.190000
v 0.227725 0.098195 0.189566
v 0.221657 0.093305 0.190000
v 0.221947 0.092983 0.189566
v 0.221809 0.092858 0.189566
v 0.221519 0.093181 0.190000
v 0.215376 0.087676 0.190000
v 0.215665 0.087353 0.189566
v 0.215253 0.087566 0.190000
v 0.215541 0.087242 0.189566
v 0.208744 0.081769 0.190000
v 0.209032 0.081444 0.189566
v 0.201657 0.075490 0.190000
v 0.201944 0.075165 0.189566
v 0.194416 0.069108 0.190000
v 0.194703 0.068783 0.189566
v 0.194611 0.068702 0.189566
v 0.194325 0.069028 0.190000
v 0.186635 0.062279 0.190000
v 0.186921 0.061953 0.189566
v 0.178663 0.055312 0.190000
v 0.178949 0.054985 0.189566
v 0.170178 0.047924 0.190000
v 0.170462 0.047596 0.189566
v 0.161693 0.039986 0.189566
v 0.161409 0.040314 0.190000
v 0.152340 0.032469 0.190000
v 0.152624 0.032141 0.189566
v 0.152280 0.032417 0.190000
v 0.152563 0.032089 0.189566
v 0.142788 0.024231 0.190000
v 0.143071 0.023902 0.189566
v 0.132935 0.015756 0.190000
v 0.133218 0.015427 0.189566
v 0.122777 0.007041 0.190000
v 0.123051 0.006704 0.189566
v 0.117806 0.002719 0.189566
v 0.117564 0.003080 0.190000
v 0.111916 -0.000235 0.190000
v 0.112124 -0.000616 0.189566
v 0.104246 -0.004144 0.190000
v 0.104443 -0.004531 0.189566
v 0.103098 -0.004713 0.190000
v 0.103287 -0.005103 0.189566
v 0.095580 -0.008327 0.190000
v 0.095767 -0.008718 0.189566
v 0.094339 -0.008904 0.190000
v 0.094518 -0.009300 0.189566
v 0.086982 -0.012218 0.190000
v 0.087160 -0.012614 0.189566
v 0.085640 -0.012802 0.190000
v 0.085808 -0.013201 0.189566
v 0.078612 -0.016216 0.189566
v 0.078445 -0.015815 0.190000
v 0.076991 -0.016400 0.190000
v 0.077148 -0.016804 0.189566
v 0.069959 -0.019113 0.190000
v 0.070114 -0.019518 0.189566
v 0.068383 -0.019693 0.190000
v 0.068528 -0.020102 0.189566
v 0.061513 -0.022106 0.190000
v 0.061655 -0.022516 0.189566
v 0.059806 -0.022674 0.190000
v 0.059937 -0.023088 0.189566
v 0.053097 -0.024787 0.190000
v 0.053226 -0.025201 0.189566
v 0.051248 -0.025334 0.190000
v 0.051365 -0.025752 0.189566
v 0.044816 -0.027565 0.189566
v 0.044702 -0.027146 0.190000
v 0.042699 -0.027661 0.190000
v 0.042801 -0.028082 0.189566
v 0.036315 -0.029172 0.190000
v 0.036413 -0.029595 0.189566
v 0.034149 -0.029640 0.190000
v 0.034234 -0.030065 0.189566
v 0.027928 -0.030851 0.190000
v 0.028008 -0.031278 0.189566
v 0.025589 -0.031255 0.190000
v 0.025656 -0.031683 0.189566
v 0.019531 -0.032166 0.190000
v 0.019592 -0.032596 0.189566
v 0.017014 -0.032486 0.190000
v 0.017062 -0.032917 0.189566
v 0.011159 -0.033529 0.189566
v 0.011118 -0.033097 0.190000
v 0.008420 -0.033310 0.190000
v 0.008447 -0.033743 0.189566
v 0.002687 -0.033622 0.190000
v 0.002706 -0.034055 0.189566
v -0.000191 -0.033703 0.190000
v -0.000187 -0.034137 0.189566
v -0.005762 -0.033714 0.190000
v -0.005766 -0.034148 0.189566
v -0.008813 -0.033636 0.190000
v -0.008832 -0.034070 0.189566
v -0.014221 -0.033348 0.190000
v -0.014249 -0.033781 0.189566
v -0.017430 -0.033083 0.190000
v -0.017474 -0.033514 0.189566
v -0.022730 -0.032925 0.189566
v -0.022676 -0.032495 0.190000
v -0.026021 -0.032016 0.190000
v -0.026090 -0.032444 0.189566
v -0.031104 -0.031129 0.190000
v -0.031184 -0.031555 0.189566
v -0.034553 -0.030413 0.190000
v -0.034649 -0.030836 0.189566
v -0.039474 -0.029226 0.190000
v -0.039581 -0.029646 0.189566
v -0.042987 -0.028255 0.190000
v -0.043110 -0.028671 0.189566
v -0.047746 -0.026769 0.190000
v -0.047881 -0.027181 0.189566
v -0.051276 -0.025533 0.190000
v -0.051427 -0.025940 0.189566
v -0.056036 -0.024150 0.189566
v -0.055873 -0.023748 0.190000
v -0.059370 -0.022249 0.190000
v -0.059549 -0.022645 0.189566
v -0.063805 -0.020164 0.190000
v -0.063996 -0.020554 0.189566
v -0.067216 -0.018414 0.190000
v -0.067421 -0.018796 0.189566
v -0.071490 -0.016030 0.190000
v -0.071707 -0.016406 0.189566
v -0.074764 -0.014052 0.190000
v -0.074995 -0.014419 0.189566
v -0.078877 -0.011368 0.190000
v -0.079119 -0.011728 0.189566
v -0.081970 -0.009195 0.190000
v -0.082227 -0.009545 0.189566
v -0.086189 -0.006554 0.189566
v -0.085922 -0.006212 0.190000
v -0.088801 -0.003883 0.190000
v -0.089080 -0.004215 0.189566
v -0.092592 -0.000599 0.190000
v -0.092880 -0.000923 0.189566
v -0.095231 0.001841 0.190000
v -0.095532 0.001528 0.189566
v -0.098862 0.005425 0.190000
v -0.099170 0.005120 0.189566
v -0.101248 0.007933 0.190000
v -0.101568 0.007640 0.189566
v -0.104718 0.011817 0.190000
v -0.105045 0.011532 0.189566
v -0.106849 0.014352 0.190000
v -0.107186 0.014079 0.189566
v -0.110501 0.018271 0.189566
v -0.110158 0.018536 0.190000
v -0.112040 0.021060 0.190000
v -0.112392 0.020807 0.189566
v -0.115188 0.025545 0.190000
v -0.115545 0.025300 0.189566
v -0.116832 0.028027 0.190000
v -0.117198 0.027794 0.189566
v -0.119820 0.032813 0.190000
v -0.120190 0.032587 0.189566
v -0.121243 0.035229 0.190000
v -0.121621 0.035015 0.189566
v -0.124070 0.040316 0.190000
v -0.124451 0.040108 0.189566
v -0.125293 0.042646 0.190000
v -0.125681 0.042451 0.189566
v -0.128349 0.047844 0.189566
v -0.127959 0.048034 0.190000
v -0.129002 0.050267 0.190000
v -0.129398 0.050090 0.189566
v -0.131507 0.055956 0.190000
v -0.131905 0.055783 0.189566
v -0.132391 0.058083 0.190000
v -0.132794 0.057923 0.189566
v -0.134734 0.064073 0.190000
v -0.135139 0.063917 0.189566
v -0.135478 0.066091 0.190000
v -0.135887 0.065946 0.189566
v -0.137660 0.072381 0.190000
v -0.138070 0.072240 0.189566
v -0.138283 0.074288 0.190000
v -0.138697 0.074160 0.189566
v -0.140719 0.080754 0.189566
v -0.140303 0.080879 0.190000
v -0.140822 0.082678 0.190000
v -0.141240 0.082563 0.189566
v -0.142680 0.089570 0.190000
v -0.143100 0.089458 0.189566
v -0.143108 0.091262 0.190000
v -0.143530 0.091161 0.189566
v -0.144806 0.098455 0.190000
v -0.145228 0.098356 0.189566
v -0.145157 0.100046 0.190000
v -0.145581 0.099958 0.189566
v -0.146692 0.107539 0.190000
v -0.147118 0.107453 0.189566
v -0.146977 0.109033 0.190000
v -0.147404 0.108957 0.189566
v -0.148779 0.116752 0.189566
v -0.148352 0.116827 0.190000
v -0.148580 0.118230 0.190000
v -0.149009 0.118165 0.189566
v -0.149793 0.126324 0.190000
v -0.150222 0.126261 0.189566
v -0.149974 0.127642 0.190000
v -0.150404 0.127587 0.189566
v -0.151025 0.136036 0.190000
v -0.151456 0.135983 0.189566
v -0.151166 0.137274 0.190000
v -0.151597 0.137229 0.189566
v -0.152055 0.145968 0.190000
v -0.152487 0.145925 0.189566
v -0.152162 0.147131 0.190000
v -0.152594 0.147096 0.189566
v -0.153322 0.156092 0.189566
v -0.152889 0.156126 0.190000
v -0.152967 0.157219 0.190000
v -0.153400 0.157192 0.189566
v -0.153533 0.166515 0.190000
v -0.153966 0.166489 0.189566
v -0.153586 0.167543 0.190000
v -0.154019 0.167524 0.189566
v -0.153916 0.175392 0.190000
v -0.154347 0.175303 0.189566
v -0.153969 0.175529 0.190000
v -0.154378 0.175385 0.189566
v -0.154533 0.177140 0.190000
v -0.154944 0.177001 0.189566
v -0.155198 0.179164 0.190000
v -0.155612 0.179033 0.189566
v -0.156232 0.181050 0.189566
v -0.155816 0.181175 0.190000
v -0.156225 0.182569 0.190000
v -0.156642 0.182451 0.189566
v -0.156898 0.184983 0.190000
v -0.157316 0.184868 0.189566
v -0.157170 0.186000 0.190000
v -0.157590 0.185890 0.189566
v -0.157898 0.188816 0.190000
v -0.158318 0.188708 0.189566
v -0.158091 0.189589 0.190000
v -0.158513 0.189486 0.189566
v -0.158873 0.192806 0.190000
v -0.159294 0.192704 0.189566
v -0.159017 0.193413 0.190000
v -0.159439 0.193316 0.189566
v -0.160275 0.196934 0.189566
v -0.159852 0.197031 0.190000
v -0.159963 0.197521 0.190000
v -0.160386 0.197427 0.189566
v -0.160852 0.201540 0.190000
v -0.161276 0.201446 0.189566
v -0.160940 0.201943 0.190000
v -0.161364 0.201852 0.189566
v -0.161883 0.206362 0.190000
v -0.162307 0.206271 0.189566
v -0.161954 0.206699 0.190000
v -0.162379 0.206611 0.189566
v -0.162951 0.211519 0.190000
v -0.163376 0.211431 0.189566
v -0.163010 0.211806 0.190000
v -0.163435 0.211720 0.189566
v -0.164486 0.216940 0.189566
v -0.164061 0.217025 0.190000
v -0.164110 0.217272 0.190000
v -0.164536 0.217188 0.189566
v -0.165215 0.222892 0.190000
v -0.165641 0.222809 0.189566
v -0.165257 0.223107 0.190000
v -0.165683 0.223025 0.189566
v -0.166416 0.229127 0.190000
v -0.166842 0.229045 0.189566
v -0.166451 0.229316 0.190000
v -0.166878 0.229235 0.189566
v -0.167664 0.235736 0.190000
v -0.168091 0.235656 0.189566
v -0.167696 0.235903 0.190000
v -0.168122 0.235823 0.189566
v -0.169389 0.242645 0.189566
v -0.168962 0.242724 0.190000
v -0.168990 0.242872 0.190000
v -0.169416 0.242794 0.189566
v -0.170310 0.250094 0.190000
v -0.170737 0.250016 0.189566
v -0.170334 0.250226 0.190000
v -0.170761 0.250149 0.189566
v -0.171709 0.257848 0.190000
v -0.172136 0.257771 0.189566
v -0.173159 0.265990 0.190000
v -0.173586 0.265914 0.189566
v -0.175105 0.274546 0.189566
v -0.174678 0.274620 0.190000
v -0.176230 0.283534 0.190000
v -0.176657 0.283460 0.189566
v -0.177834 0.292840 0.190000
v -0.178261 0.292766 0.189566
v -0.179478 0.302463 0.190000
v -0.179906 0.302390 0.189566
v -0.181617 0.312491 0.189566
v -0.181189 0.312563 0.190000
v -0.182953 0.323058 0.190000
v -0.183380 0.322986 0.189566
v -0.184779 0.334009 0.190000
v -0.185207 0.333938 0.189566
v -0.186639 0.345234 0.190000
v -0.187067 0.345163 0.189566
v -0.188999 0.356899 0.189566
v -0.188571 0.356969 0.190000
v -0.190546 0.369044 0.190000
v -0.190974 0.368974 0.189566
v -0.192575 0.381517 0.190000
v -0.193003 0.381447 0.189566
v -0.194658 0.394387 0.190000
v -0.195086 0.394318 0.189566
v -0.198983 0.421320 0.190000
v -0.199411 0.421252 0.189566
v -0.203499 0.446940 0.189566
v -0.203160 0.447566 0.190000
v -0.203861 0.447689 0.189566
v -0.204135 0.447988 0.189566
v -0.203801 0.448266 0.190000
v -0.207038 0.452585 0.190000
v -0.207398 0.452342 0.189566
v -0.209836 0.457200 0.190000
v -0.210218 0.456994 0.189566
v -0.212168 0.462068 0.190000
v -0.212568 0.461900 0.189566
v -0.214012 0.467141 0.190000
v -0.214427 0.467013 0.189566
v -0.215349 0.472370 0.190000
v -0.215775 0.472283 0.189566
v -0.216167 0.477705 0.190000
v -0.216599 0.477660 0.189566
v -0.216459 0.483095 0.190000
v -0.216893 0.483092 0.189566
v -0.216653 0.488527 0.189566
v -0.216221 0.488486 0.190000
v -0.215455 0.493829 0.190000
v -0.215881 0.493912 0.189566
v -0.214169 0.499071 0.190000
v -0.214585 0.499195 0.189566
v -0.212375 0.504162 0.190000
v -0.212777 0.504326 0.189566
v -0.212145 0.504655 0.190000
v -0.212661 0.505147 0.189566
v -0.214712 0.521104 0.190000
v -0.215130 0.520970 0.189566
v -0.216001 0.523690 0.190000
v -0.216383 0.523485 0.189566
v -0.218446 0.527077 0.189566
v -0.218076 0.527303 0.190000
v -0.220488 0.530998 0.190000
v -0.220845 0.530751 0.189566
v -0.223266 0.534782 0.190000
v -0.223609 0.534516 0.189566
v -0.226437 0.538656 0.190000
v -0.226766 0.538373 0.189566
v -0.230025 0.542617 0.190000
v -0.230339 0.542318 0.189566
v -0.234051 0.546658 0.190000
v -0.234351 0.546345 0.189566
v -0.238529 0.550766 0.190000
v -0.238817 0.550441 0.189566
v -0.243481 0.554935 0.190000
v -0.243752 0.554597 0.189566
v -0.249166 0.558797 0.189566
v -0.248907 0.559145 0.190000
v -0.254821 0.563386 0.190000
v -0.255068 0.563030 0.189566
v -0.261227 0.567646 0.190000
v -0.261461 0.567281 0.189566
v -0.268128 0.571911 0.190000
v -0.268350 0.571538 0.189566
v -0.275525 0.576169 0.190000
v -0.275736 0.575790 0.189566
v -0.283419 0.580410 0.190000
v -0.283619 0.580025 0.189566
v -0.291808 0.584623 0.190000
v -0.291998 0.584233 0.189566
v -0.300692 0.588801 0.190000
v -0.300871 0.588406 0.189566
v -0.310238 0.592536 0.189566
v -0.310067 0.592935 0.190000
v -0.319933 0.597017 0.190000
v -0.320095 0.596614 0.189566
v -0.330287 0.601042 0.190000
v -0.330440 0.600636 0.189566
v -0.341125 0.605003 0.190000
v -0.341270 0.604594 0.189566
v -0.352445 0.608896 0.190000
v -0.352582 0.608485 0.189566
v -0.364244 0.612717 0.190000
v -0.364374 0.612303 0.189566
v -0.376520 0.616460 0.190000
v -0.376643 0.616044 0.189566
v -0.389270 0.620124 0.190000
v -0.389387 0.619706 0.189566
v -0.402603 0.623285 0.189566
v -0.402492 0.623705 0.190000
v -0.416183 0.627200 0.190000
v -0.416288 0.626779 0.189566
v -0.430342 0.630607 0.190000
v -0.430440 0.630185 0.189566
v -0.444965 0.633924 0.190000
v -0.445058 0.633500 0.189566
v -0.460051 0.637148 0.190000
v -0.460139 0.636724 0.189566
v -0.475598 0.640279 0.190000
v -0.475681 0.639853 0.189566
v -0.491604 0.643315 0.190000
v -0.491683 0.642889 0.189566
v -0.508069 0.646255 0.190000
v -0.508143 0.645827 0.189566
v -0.525059 0.648668 0.189566
v -0.524989 0.649096 0.190000
v -0.542364 0.651839 0.190000
v -0.542429 0.651411 0.189566
v -0.560192 0.654483 0.190000
v -0.560254 0.654054 0.189566
v -0.578472 0.657027 0.190000
v -0.578530 0.656597 0.189566
v -0.597204 0.659469 0.190000
v -0.597258 0.659039 0.189566
v -0.616385 0.661810 0.190000
v -0.616436 0.661379 0.189566
v -0.636015 0.664048 0.190000
v -0.636062 0.663617 0.189566
v -0.656093 0.666184 0.190000
v -0.656137 0.665752 0.189566
v -0.676658 0.667784 0.189566
v -0.676617 0.668216 0.190000
v -0.697588 0.670145 0.190000
v -0.697626 0.669713 0.189566
v -0.719004 0.671970 0.190000
v -0.719039 0.671537 0.189566
v -0.740865 0.673690 0.190000
v -0.740897 0.673257 0.189566
v -0.763169 0.675305 0.190000
v -0.763199 0.674873 0.189566
v -0.786065 0.676826 0.190000
v -0.786105 0.676394 0.189566
v -0.791439 0.677449 0.190000
v -0.791510 0.677020 0.189566
v -0.796715 0.678593 0.190000
v -0.796827 0.678173 0.189566
v -0.802006 0.679842 0.189566
v -0.801852 0.680248 0.190000
v -0.806804 0.682399 0.190000
v -0.806996 0.682010 0.189566
v -0.811520 0.685025 0.190000
v -0.811750 0.684657 0.189566
v -0.815956 0.688101 0.190000
v -0.816221 0.687757 0.189566
v -0.820070 0.691596 0.190000
v -0.820367 0.691280 0.189566
v -0.823821 0.695478 0.190000
v -0.824148 0.695192 0.189566
v -0.827173 0.699709 0.190000
v -0.827526 0.699456 0.189566
v -0.830094 0.704247 0.190000
v -0.830471 0.704030 0.189566
v -0.832953 0.708872 0.189566
v -0.832557 0.709050 0.190000
v -0.834537 0.714072 0.190000
v -0.834948 0.713933 0.189566
v -0.836014 0.719263 0.190000
v -0.836437 0.719165 0.189566
v -0.836976 0.724574 0.190000
v -0.837407 0.724518 0.189566
v -0.837413 0.729954 0.190000
v -0.837847 0.729940 0.189566
v -0.837319 0.735350 0.190000
v -0.837753 0.735379 0.189566
v -0.836698 0.740712 0.190000
v -0.837126 0.740783 0.189566
v -0.835554 0.745986 0.190000
v -0.835973 0.746099 0.189566
v -0.834304 0.751277 0.189566
v -0.833898 0.751123 0.190000
v -0.831746 0.756073 0.190000
v -0.832135 0.756266 0.189566
v -0.829120 0.760789 0.190000
v -0.829488 0.761019 0.189566
v -0.826043 0.765224 0.190000
v -0.826388 0.765489 0.189566
v -0.822547 0.769337 0.190000
v -0.822864 0.769634 0.189566
v -0.818665 0.773087 0.190000
v -0.818951 0.773414 0.189566
v -0.814433 0.776438 0.190000
v -0.814686 0.776792 0.189566
v -0.809893 0.779359 0.190000
v -0.810110 0.779736 0.189566
v -0.805268 0.782217 0.189566
v -0.805089 0.781821 0.190000
v -0.800068 0.783800 0.190000
v -0.800206 0.784212 0.189566
v -0.794875 0.785278 0.190000
v -0.794973 0.785701 0.189566
v -0.789562 0.786240 0.190000
v -0.789619 0.786670 0.189566
v -0.784181 0.786676 0.190000
v -0.784196 0.787110 0.189566
v -0.778775 0.786583 0.190000
v -0.778755 0.787016 0.189566
v -0.755713 0.785051 0.190000
v -0.755684 0.785484 0.189566
v -0.755384 0.785028 0.190000
v -0.755352 0.785461 0.189566
v -0.732713 0.783821 0.189566
v -0.732744 0.783388 0.190000
v -0.732402 0.783363 0.190000
v -0.732368 0.783795 0.189566
v -0.710194 0.781615 0.190000
v -0.710160 0.782047 0.189566
v -0.709839 0.781586 0.190000
v -0.709802 0.782018 0.189566
v -0.688062 0.779730 0.190000
v -0.688025 0.780163 0.189566
v -0.687693 0.779698 0.190000
v -0.687654 0.780130 0.189566
v -0.666347 0.777735 0.190000
v -0.666308 0.778167 0.189566
v -0.665965 0.777698 0.190000
v -0.665922 0.778130 0.189566
v -0.645007 0.776059 0.189566
v -0.645050 0.775627 0.190000
v -0.644652 0.775586 0.190000
v -0.644606 0.776017 0.189566
v -0.624168 0.773407 0.190000
v -0.624122 0.773839 0.189566
v -0.623754 0.773362 0.190000
v -0.623705 0.773793 0.189566
v -0.603701 0.771075 0.190000
v -0.603652 0.771506 0.189566
v -0.603270 0.771024 0.190000
v -0.603218 0.771455 0.189566
v -0.583649 0.768630 0.190000
v -0.583597 0.769060 0.189566
v -0.583200 0.768573 0.190000
v -0.583144 0.769003 0.189566
v -0.563954 0.766501 0.189566
v -0.564010 0.766071 0.190000
v -0.563542 0.766008 0.190000
v -0.563482 0.766437 0.189566
v -0.544783 0.763398 0.190000
v -0.544723 0.763827 0.189566
v -0.544294 0.763328 0.190000
v -0.544231 0.763757 0.189566
v -0.525967 0.760610 0.190000
v -0.525903 0.761039 0.189566
v -0.525457 0.760532 0.190000
v -0.525389 0.760960 0.189566
v -0.507561 0.757706 0.190000
v -0.507493 0.758135 0.189566
v -0.507028 0.757619 0.190000
v -0.506956 0.758047 0.189566
v -0.489491 0.755114 0.189566
v -0.489563 0.754686 0.190000
v -0.489006 0.754590 0.190000
v -0.488930 0.755017 0.189566
v -0.471972 0.751549 0.190000
v -0.471896 0.751976 0.189566
v -0.471389 0.751441 0.190000
v -0.471309 0.751868 0.189566
v -0.454787 0.748292 0.190000
v -0.454706 0.748719 0.189566
v -0.454177 0.748173 0.190000
v -0.454092 0.748598 0.189566
v -0.438006 0.744916 0.190000
v -0.437920 0.745342 0.189566
v -0.437367 0.744784 0.190000
v -0.437276 0.745208 0.189566
v -0.421536 0.741844 0.189566
v -0.421627 0.741420 0.190000
v -0.420958 0.741272 0.190000
v -0.420862 0.741695 0.189566
v -0.405649 0.737800 0.190000
v -0.405553 0.738223 0.189566
v -0.404947 0.737636 0.190000
v -0.404845 0.738057 0.189566
v -0.390069 0.734056 0.190000
v -0.389968 0.734478 0.189566
v -0.389332 0.733873 0.190000
v -0.389225 0.734293 0.189566
v -0.374886 0.730185 0.190000
v -0.374779 0.730605 0.189566
v -0.374112 0.729982 0.190000
v -0.373999 0.730400 0.189566
v -0.359984 0.726605 0.189566
v -0.360097 0.726186 0.190000
v -0.359284 0.725959 0.190000
v -0.359164 0.726376 0.189566
v -0.345701 0.722056 0.190000
v -0.345581 0.722473 0.189566
v -0.344846 0.721803 0.190000
v -0.344719 0.722218 0.189566
v -0.331694 0.717792 0.190000
v -0.331567 0.718207 0.189566
v -0.330795 0.717509 0.190000
v -0.330661 0.717922 0.189566
v -0.318074 0.713390 0.190000
v -0.317940 0.713803 0.189566
v -0.317128 0.713075 0.190000
v -0.316987 0.713485 0.189566
v -0.304697 0.709258 0.189566
v -0.304838 0.708848 0.190000
v -0.303843 0.708495 0.190000
v -0.303694 0.708902 0.189566
v -0.291985 0.704161 0.190000
v -0.291835 0.704568 0.189566
v -0.290937 0.703766 0.190000
v -0.290780 0.704170 0.189566
v -0.279510 0.699324 0.190000
v -0.279352 0.699728 0.189566
v -0.278408 0.698881 0.190000
v -0.278242 0.699282 0.189566
v -0.267412 0.694332 0.190000
v -0.267246 0.694732 0.189566
v -0.266252 0.693836 0.190000
v -0.266078 0.694233 0.189566
v -0.255512 0.689575 0.189566
v -0.255688 0.689179 0.190000
v -0.254468 0.688623 0.190000
v -0.254284 0.689016 0.189566
v -0.244335 0.683858 0.190000
v -0.244150 0.684250 0.189566
v -0.243053 0.683235 0.190000
v -0.242859 0.683623 0.189566
v -0.233352 0.678362 0.190000
v -0.233156 0.678749 0.189566
v -0.232006 0.677662 0.190000
v -0.231801 0.678045 0.189566
v -0.222735 0.672682 0.190000
v -0.222529 0.673064 0.189566
v -0.221324 0.671897 0.190000
v -0.221109 0.672273 0.189566
v -0.212268 0.667184 0.189566
v -0.212486 0.666809 0.190000
v -0.211009 0.665928 0.190000
v -0.210782 0.666297 0.189566
v -0.202602 0.660732 0.190000
v -0.202373 0.661100 0.189566
v -0.201061 0.659744 0.190000
v -0.200821 0.660106 0.189566
v -0.193085 0.654441 0.190000
v -0.192843 0.654801 0.189566
v -0.191481 0.653333 0.190000
v -0.191229 0.653686 0.189566
v -0.183937 0.647922 0.190000
v -0.183683 0.648274 0.189566
v -0.182275 0.646682 0.190000
v -0.182010 0.647026 0.189566
v -0.174895 0.641505 0.189566
v -0.175162 0.641164 0.190000
v -0.173448 0.639778 0.190000
v -0.173170 0.640111 0.189566
v -0.166767 0.634153 0.190000
v -0.166486 0.634483 0.189566
v -0.165009 0.632608 0.190000
v -0.164717 0.632929 0.189566
v -0.158759 0.626875 0.190000
v -0.158464 0.627193 0.189566
v -0.156971 0.625159 0.190000
v -0.156665 0.625467 0.189566
v -0.151153 0.619319 0.190000
v -0.150844 0.619623 0.189566
v -0.149348 0.617419 0.190000
v -0.149028 0.617712 0.189566
v -0.143638 0.611761 0.189566
v -0.143961 0.611472 0.190000
v -0.142160 0.609381 0.190000
v -0.141827 0.609658 0.189566
v -0.137205 0.603326 0.190000
v -0.136867 0.603599 0.189566
v -0.135430 0.601037 0.190000
v -0.135082 0.601296 0.189566
v -0.130905 0.594875 0.190000
v -0.130554 0.595129 0.189566
v -0.129181 0.592387 0.190000
v -0.128820 0.592627 0.189566
v -0.125089 0.586118 0.190000
v -0.124723 0.586352 0.189566
v -0.123444 0.583434 0.190000
v -0.123070 0.583654 0.189566
v -0.119612 0.578502 0.189566
v -0.120188 0.578636 0.189566
v -0.120115 0.577639 0.190000
v 0.490834 0.990141 0.190000
v 0.490600 0.990506 0.189566
v 0.495459 0.992944 0.190000
v 0.495253 0.993326 0.189566
v 0.500329 0.995276 0.190000
v 0.500160 0.995676 0.189566
v 0.505401 0.997119 0.190000
v 0.505274 0.997534 0.189566
v 0.510634 0.998457 0.190000
v 0.510545 0.998882 0.189566
v 0.515967 0.999274 0.190000
v 0.515924 0.999706 0.189566
v 0.521358 0.999566 0.190000
v 0.521357 1.000000 0.189566
v 0.526793 0.999760 0.189566
v 0.526753 0.999327 0.190000
v 0.532096 0.998562 0.190000
v 0.532179 0.998988 0.189566
v 0.537339 0.997276 0.190000
v 0.537463 0.997692 0.189566
v 0.542430 0.995483 0.190000
v 0.542595 0.995885 0.189566
v 0.547323 0.993199 0.190000
v 0.547525 0.993583 0.189566
v 0.551965 0.990448 0.190000
v 0.552206 0.990810 0.189566
v 0.556319 0.987253 0.190000
v 0.556592 0.987591 0.189566
v 0.560335 0.983649 0.190000
v 0.560642 0.983957 0.189566
v 0.564315 0.979945 0.189566
v 0.563982 0.979667 0.190000
v 0.567218 0.975348 0.190000
v 0.567578 0.975591 0.189566
v 0.570016 0.970733 0.190000
v 0.570398 0.970939 0.189566
v 0.572349 0.965864 0.190000
v 0.572749 0.966033 0.189566
v 0.574192 0.960792 0.190000
v 0.574607 0.960920 0.189566
v 0.575529 0.955563 0.190000
v 0.575955 0.955650 0.189566
v 0.576348 0.950227 0.190000
v 0.576780 0.950273 0.189566
v 0.576640 0.944839 0.190000
v 0.577074 0.944841 0.189566
v 0.576833 0.939406 0.189566
v 0.576401 0.939447 0.190000
v 0.575635 0.934104 0.190000
v 0.576062 0.934021 0.189566
v 0.574350 0.928863 0.190000
v 0.574766 0.928738 0.189566
v 0.572556 0.923771 0.190000
v 0.572958 0.923607 0.189566
v 0.570272 0.918881 0.190000
v 0.570656 0.918678 0.189566
v 0.567519 0.914237 0.190000
v 0.567881 0.913998 0.189566
v 0.564325 0.909887 0.190000
v 0.564662 0.909613 0.189566
v 0.560719 0.905869 0.190000
v 0.561028 0.905564 0.189566
v 0.557014 0.901891 0.189566
v 0.556737 0.902225 0.190000
v 0.560928 0.438605 0.190000
v 0.561360 0.438645 0.189566
v 0.561116 0.434584 0.190000
v 0.561550 0.434584 0.189566
v 0.560928 0.430563 0.190000
v 0.561360 0.430523 0.189566
v 0.560364 0.426561 0.190000
v 0.560791 0.426480 0.189566
v 0.559427 0.422590 0.190000
v 0.559845 0.422472 0.189566
v 0.558122 0.418671 0.190000
v 0.558527 0.418515 0.189566
v 0.556451 0.414816 0.190000
v 0.556842 0.414628 0.189566
v 0.554797 0.410825 0.189566
v 0.554423 0.411046 0.190000
v 0.552047 0.407375 0.190000
v 0.552401 0.407125 0.189566
v 0.549329 0.403817 0.190000
v 0.549665 0.403542 0.189566
v 0.546285 0.400391 0.190000
v 0.546599 0.400092 0.189566
v 0.542926 0.397110 0.190000
v 0.543218 0.396789 0.189566
v 0.539264 0.393988 0.190000
v 0.539535 0.393649 0.189566
v 0.535318 0.391039 0.190000
v 0.535567 0.390683 0.189566
v 0.531102 0.388276 0.190000
v 0.531330 0.387906 0.189566
v 0.526843 0.385329 0.189566
v 0.526638 0.385712 0.190000
v 0.521939 0.383355 0.190000
v 0.522124 0.382962 0.189566
v 0.517032 0.381219 0.190000
v 0.517194 0.380817 0.189566
v 0.511934 0.379312 0.190000
v 0.512074 0.378902 0.189566
v 0.506665 0.377642 0.190000
v 0.506787 0.377225 0.189566
v 0.501252 0.376216 0.190000
v 0.501354 0.375794 0.189566
v 0.495719 0.375041 0.190000
v 0.495799 0.374615 0.189566
v 0.490087 0.374122 0.190000
v 0.490145 0.373692 0.189566
v 0.484418 0.373030 0.189566
v 0.484377 0.373462 0.190000
v 0.478621 0.373065 0.190000
v 0.478640 0.372632 0.189566
v 0.472838 0.372933 0.190000
v 0.472838 0.372499 0.189566
v 0.467055 0.373065 0.190000
v 0.467036 0.372632 0.189566
v 0.461300 0.373462 0.190000
v 0.461259 0.373030 0.189566
v 0.455590 0.374122 0.190000
v 0.455532 0.373692 0.189566
v 0.449958 0.375041 0.190000
v 0.449878 0.374615 0.189566
v 0.444425 0.376216 0.190000
v 0.444323 0.375794 0.189566
v 0.438890 0.377225 0.189566
v 0.439011 0.377642 0.190000
v 0.433743 0.379312 0.190000
v 0.433602 0.378902 0.189566
v 0.428644 0.381219 0.190000
v 0.428483 0.380817 0.189566
v 0.423738 0.383355 0.190000
v 0.423553 0.382962 0.189566
v 0.419038 0.385712 0.190000
v 0.418834 0.385329 0.189566
v 0.414574 0.388276 0.190000
v 0.414347 0.387906 0.189566
v 0.410359 0.391039 0.190000
v 0.410110 0.390683 0.189566
v 0.406412 0.393988 0.190000
v 0.406142 0.393649 0.189566
v 0.402459 0.396789 0.189566
v 0.402751 0.397110 0.190000
v 0.399392 0.400391 0.190000
v 0.399078 0.400092 0.189566
v 0.396348 0.403817 0.190000
v 0.396012 0.403542 0.189566
v 0.393630 0.407375 0.190000
v 0.393275 0.407125 0.189566
v 0.391253 0.411046 0.190000
v 0.390880 0.410825 0.189566
v 0.389226 0.414816 0.190000
v 0.388835 0.414628 0.189566
v 0.387555 0.418671 0.190000
v 0.387150 0.418515 0.189566
v 0.386249 0.422590 0.190000
v 0.385831 0.422472 0.189566
v 0.384886 0.426480 0.189566
v 0.385313 0.426561 0.190000
v 0.384749 0.430563 0.190000
v 0.384317 0.430523 0.189566
v 0.384561 0.434584 0.190000
v 0.384127 0.434584 0.189566
v 0.384749 0.438605 0.190000
v 0.384317 0.438645 0.189566
v 0.385313 0.442607 0.190000
v 0.384886 0.442688 0.189566
v 0.386249 0.446578 0.190000
v 0.385831 0.446696 0.189566
v 0.387555 0.450497 0.190000
v 0.387150 0.450653 0.189566
v 0.389226 0.454352 0.190000
v 0.388835 0.454541 0.189566
v 0.390880 0.458343 0.189566
v 0.391253 0.458122 0.190000
v 0.393630 0.461793 0.190000
v 0.393275 0.462044 0.189566
v 0.396348 0.465351 0.190000
v 0.396012 0.465627 0.189566
v 0.399392 0.468778 0.190000
v 0.399078 0.469077 0.189566
v 0.402751 0.472058 0.190000
v 0.402459 0.472379 0.189566
v 0.406412 0.475181 0.190000
v 0.406142 0.475520 0.189566
v 0.410359 0.478130 0.190000
v 0.410110 0.478485 0.189566
v 0.414574 0.480893 0.190000
v 0.414347 0.481262 0.189566
v 0.418834 0.483839 0.189566
v 0.419038 0.483456 0.190000
v 0.423738 0.485813 0.190000
v 0.423553 0.486206 0.189566
v 0.428644 0.487949 0.190000
v 0.428483 0.488351 0.189566
v 0.433743 0.489856 0.190000
v 0.433602 0.490266 0.189566
v 0.439011 0.491526 0.190000
v 0.438890 0.491943 0.189566
v 0.444425 0.492952 0.190000
v 0.444323 0.493374 0.189566
v 0.449958 0.494127 0.190000
v 0.449878 0.494554 0.189566
v 0.455590 0.495046 0.190000
v 0.455532 0.495476 0.189566
v 0.461259 0.496138 0.189566
v 0.461300 0.495706 0.190000
v 0.467055 0.496103 0.190000
v 0.467036 0.496536 0.189566
v 0.472838 0.496235 0.190000
v 0.472838 0.496669 0.189566
v 0.478621 0.496103 0.190000
v 0.478640 0.496536 0.189566
v 0.484377 0.495706 0.190000
v 0.484418 0.496138 0.189566
v 0.490087 0.495046 0.190000
v 0.490145 0.495476 0.189566
v 0.495719 0.494127 0.190000
v 0.495799 0.494554 0.189566
v 0.501252 0.492952 0.190000
v 0.501354 0.493374 0.189566
v 0.506787 0.491943 0.189566
v 0.506665 0.491526 0.190000
v 0.511934 0.489856 0.190000
v 0.512074 0.490266 0.189566
v 0.517032 0.487949 0.190000
v 0.517194 0.488351 0.189566
v 0.521939 0.485813 0.190000
v 0.522124 0.486206 0.189566
v 0.526638 0.483456 0.190000
v 0.526843 0.483839 0.189566
v 0.531102 0.480893 0.190000
v 0.531330 0.481262 0.189566
v 0.535318 0.478130 0.190000
v 0.535567 0.478485 0.189566
v 0.539264 0.475181 0.190000
v 0.539535 0.475520 0.189566
v 0.543218 0.472379 0.189566
v 0.542926 0.472058 0.190000
v 0.546285 0.468778 0.190000
v 0.546599 0.469077 0.189566
v 0.549329 0.465351 0.190000
v 0.549665 0.465627 0.189566
v 0.552047 0.461793 0.190000
v 0.552401 0.462044 0.189566
v 0.554423 0.458122 0.190000
v 0.554797 0.458343 0.189566
v 0.556451 0.454352 0.190000
v 0.556842 0.454541 0.189566
v 0.558122 0.450497 0.190000
v 0.558527 0.450653 0.189566
v 0.559427 0.446578 0.190000
v 0.559845 0.446696 0.189566
v 0.560791 0.442688 0.189566
v 0.560364 0.442607 0.190000
v -0.534472 0.235025 0.190000
v -0.534038 0.235025 0.189566
v -0.534660 0.231005 0.190000
v -0.534228 0.230965 0.189566
v -0.535223 0.227002 0.190000
v -0.534797 0.226922 0.189566
v -0.536160 0.223032 0.190000
v -0.535742 0.222913 0.189566
v -0.537466 0.219112 0.190000
v -0.537060 0.218956 0.189566
v -0.539136 0.215258 0.190000
v -0.538746 0.215069 0.189566
v -0.541164 0.211488 0.190000
v -0.540790 0.211266 0.189566
v -0.543186 0.207566 0.189566
v -0.543541 0.207816 0.190000
v -0.546258 0.204258 0.190000
v -0.545923 0.203983 0.189566
v -0.549302 0.200832 0.190000
v -0.548988 0.200533 0.189566
v -0.552662 0.197551 0.190000
v -0.552370 0.197230 0.189566
v -0.556323 0.194429 0.190000
v -0.556052 0.194090 0.189566
v -0.560270 0.191480 0.190000
v -0.560021 0.191125 0.189566
v -0.564485 0.188717 0.190000
v -0.564258 0.188347 0.189566
v -0.568949 0.186153 0.190000
v -0.568745 0.185770 0.189566
v -0.573464 0.183403 0.189566
v -0.573649 0.183796 0.190000
v -0.578555 0.181661 0.190000
v -0.578393 0.181258 0.189566
v -0.583654 0.179754 0.190000
v -0.583513 0.179343 0.189566
v -0.588922 0.178083 0.190000
v -0.588801 0.177666 0.189566
v -0.594336 0.176657 0.190000
v -0.594234 0.176235 0.189566
v -0.599869 0.175482 0.190000
v -0.599789 0.175056 0.189566
v -0.605501 0.174563 0.190000
v -0.605442 0.174133 0.189566
v -0.611211 0.173903 0.190000
v -0.611170 0.173471 0.189566
v -0.616947 0.173073 0.189566
v -0.616966 0.173507 0.190000
v -0.622749 0.173374 0.190000
v -0.622749 0.172940 0.189566
v -0.628532 0.173507 0.190000
v -0.628551 0.173073 0.189566
v -0.634287 0.173903 0.190000
v -0.634328 0.173471 0.189566
v -0.639998 0.174563 0.190000
v -0.640056 0.174133 0.189566
v -0.645630 0.175482 0.190000
v -0.645710 0.175056 0.189566
v -0.651163 0.176657 0.190000
v -0.651265 0.176235 0.189566
v -0.656577 0.178083 0.190000
v -0.656698 0.177666 0.189566
v -0.661985 0.179343 0.189566
v -0.661845 0.179754 0.190000
v -0.666943 0.181661 0.190000
v -0.667105 0.181258 0.189566
v -0.671849 0.183796 0.190000
v -0.672035 0.183403 0.189566
v -0.676549 0.186153 0.190000
v -0.676753 0.185770 0.189566
v -0.681014 0.188717 0.190000
v -0.681241 0.188347 0.189566
v -0.685228 0.191480 0.190000
v -0.685478 0.191125 0.189566
v -0.689175 0.194429 0.190000
v -0.689446 0.194090 0.189566
v -0.692837 0.197551 0.190000
v -0.693129 0.197230 0.189566
v -0.696510 0.200533 0.189566
v -0.696196 0.200832 0.190000
v -0.699241 0.204259 0.190000
v -0.699576 0.203983 0.189566
v -0.701957 0.207816 0.190000
v -0.702312 0.207566 0.189566
v -0.704335 0.211488 0.190000
v -0.704708 0.211266 0.189566
v -0.706362 0.215258 0.190000
v -0.706753 0.215069 0.189566
v -0.708032 0.219111 0.190000
v -0.708438 0.218956 0.189566
v -0.709339 0.223032 0.190000
v -0.709756 0.222913 0.189566
v -0.710275 0.227002 0.190000
v -0.710702 0.226922 0.189566
v -0.711271 0.230965 0.189566
v -0.710838 0.231005 0.190000
v -0.711027 0.235025 0.190000
v -0.711461 0.235025 0.189566
v -0.710838 0.239045 0.190000
v -0.711271 0.239086 0.189566
v -0.710275 0.243049 0.190000
v -0.710702 0.243129 0.189566
v -0.709339 0.247019 0.190000
v -0.709756 0.247137 0.189566
v -0.708032 0.250939 0.190000
v -0.708438 0.251094 0.189566
v -0.706362 0.254793 0.190000
v -0.706753 0.254982 0.189566
v -0.704335 0.258563 0.190000
v -0.704708 0.258784 0.189566
v -0.702312 0.262485 0.189566
v -0.701957 0.262235 0.190000
v -0.699241 0.265792 0.190000
v -0.699576 0.266068 0.189566
v -0.696196 0.269218 0.190000
v -0.696510 0.269518 0.189566
v -0.692837 0.272499 0.190000
v -0.693129 0.272820 0.189566
v -0.689175 0.275622 0.190000
v -0.689446 0.275961 0.189566
v -0.685228 0.278571 0.190000
v -0.685478 0.278926 0.189566
v -0.681014 0.281334 0.190000
v -0.681241 0.281703 0.189566
v -0.676549 0.283898 0.190000
v -0.676753 0.284281 0.189566
v -0.672035 0.286647 0.189566
v -0.671849 0.286255 0.190000
v -0.666943 0.288390 0.190000
v -0.667105 0.288792 0.189566
v -0.661845 0.290297 0.190000
v -0.661985 0.290708 0.189566
v -0.656576 0.291968 0.190000
v -0.656698 0.292384 0.189566
v -0.651163 0.293394 0.190000
v -0.651265 0.293815 0.189566
v -0.645630 0.294568 0.190000
v -0.645710 0.294995 0.189566
v -0.639998 0.295487 0.190000
v -0.640056 0.295917 0.189566
v -0.634287 0.296147 0.190000
v -0.634328 0.296579 0.189566
v -0.628551 0.296977 0.189566
v -0.628532 0.296544 0.190000
v -0.622749 0.296676 0.190000
v -0.622749 0.297110 0.189566
v -0.616966 0.296544 0.190000
v -0.616947 0.296977 0.189566
v -0.611211 0.296147 0.190000
v -0.611170 0.296579 0.189566
v -0.605501 0.295487 0.190000
v -0.605442 0.295917 0.189566
v -0.599869 0.294568 0.190000
v -0.599789 0.294995 0.189566
v -0.594336 0.293394 0.190000
v -0.594234 0.293815 0.189566
v -0.588922 0.291968 0.190000
v -0.588801 0.292384 0.189566
v -0.583513 0.290708 0.189566
v -0.583654 0.290297 0.190000
v -0.578555 0.288390 0.190000
v -0.578393 0.288792 0.189566
v -0.573649 0.286255 0.190000
v -0.573464 0.286647 0.189566
v -0.568949 0.283898 0.190000
v -0.568745 0.284281 0.189566
v -0.564484 0.281333 0.190000
v -0.564258 0.281703 0.189566
v -0.560270 0.278571 0.190000
v -0.560021 0.278926 0.189566
v -0.556323 0.275622 0.190000
v -0.556052 0.275961 0.189566
v -0.552662 0.272499 0.190000
v -0.552370 0.272820 0.189566
v -0.548988 0.269518 0.189566
v -0.549302 0.269218 0.190000
v -0.546258 0.265792 0.190000
v -0.545923 0.266068 0.189566
v -0.543541 0.262235 0.190000
v -0.543186 0.262485 0.189566
v -0.541164 0.258563 0.190000
v -0.540790 0.258784 0.189566
v -0.539136 0.254793 0.190000
v -0.538746 0.254982 0.189566
v -0.537466 0.250939 0.190000
v -0.537060 0.251094 0.189566
v -0.536160 0.247019 0.190000
v -0.535742 0.247137 0.189566
v -0.535223 0.243049 0.190000
v -0.534797 0.243129 0.189566
v -0.534228 0.239086 0.189566
v -0.534660 0.239045 0.190000
v -0.530629 -0.555613 0.190000
v -0.530315 -0.555912 0.189566
v -0.542841 -0.568639 0.190000
v -0.542522 -0.568934 0.189566
v -0.555447 -0.582485 0.190000
v -0.555133 -0.582785 0.189566
v -0.559280 -0.586301 0.190000
v -0.558989 -0.586624 0.189566
v -0.563460 -0.589716 0.190000
v -0.563202 -0.590066 0.189566
v -0.567955 -0.592705 0.190000
v -0.567733 -0.593079 0.189566
v -0.572722 -0.595240 0.190000
v -0.572537 -0.595633 0.189566
v -0.577568 -0.597704 0.189566
v -0.577713 -0.597294 0.190000
v -0.582883 -0.598850 0.190000
v -0.582778 -0.599272 0.189566
v -0.588180 -0.599892 0.190000
v -0.588117 -0.600322 0.189566
v -0.593553 -0.600410 0.190000
v -0.593533 -0.600843 0.189566
v -0.598952 -0.600398 0.190000
v -0.598974 -0.600832 0.189566
v -0.604323 -0.599858 0.190000
v -0.604388 -0.600287 0.189566
v -0.609616 -0.598793 0.190000
v -0.609722 -0.599214 0.189566
v -0.614778 -0.597216 0.190000
v -0.614926 -0.597624 0.189566
v -0.619948 -0.595532 0.189566
v -0.619761 -0.595140 0.190000
v -0.624517 -0.592585 0.190000
v -0.624741 -0.592957 0.189566
v -0.629000 -0.589577 0.190000
v -0.629259 -0.589925 0.189566
v -0.633165 -0.586144 0.190000
v -0.633457 -0.586465 0.189566
v -0.636974 -0.582320 0.190000
v -0.637297 -0.582611 0.189566
v -0.640390 -0.578140 0.190000
v -0.640740 -0.578398 0.189566
v -0.643380 -0.573646 0.190000
v -0.643753 -0.573869 0.189566
v -0.645915 -0.568881 0.190000
v -0.646307 -0.569066 0.189566
v -0.648379 -0.564035 0.189566
v -0.647970 -0.563890 0.190000
v -0.649526 -0.558721 0.190000
v -0.649947 -0.558826 0.189566
v -0.650568 -0.553426 0.190000
v -0.650998 -0.553489 0.189566
v -0.651085 -0.548053 0.190000
v -0.651519 -0.548074 0.189566
v -0.651074 -0.542656 0.190000
v -0.651508 -0.542634 0.189566
v -0.650533 -0.537286 0.190000
v -0.650963 -0.537221 0.189566
v -0.649469 -0.531995 0.190000
v -0.649890 -0.531888 0.189566
v -0.647891 -0.526833 0.190000
v -0.648300 -0.526686 0.189566
v -0.646207 -0.521664 0.189566
v -0.645814 -0.521851 0.190000
v -0.643259 -0.517096 0.190000
v -0.643632 -0.516872 0.189566
v -0.640251 -0.512615 0.190000
v -0.640599 -0.512355 0.189566
v -0.636811 -0.508442 0.190000
v -0.637138 -0.508158 0.189566
v -0.623934 -0.494299 0.190000
v -0.624255 -0.494007 0.189566
v -0.623389 -0.493709 0.190000
v -0.623706 -0.493412 0.189566
v -0.610614 -0.480082 0.190000
v -0.610930 -0.479785 0.189566
v -0.610032 -0.479471 0.190000
v -0.610344 -0.479169 0.189566
v -0.597677 -0.466066 0.189566
v -0.597365 -0.466367 0.190000
v -0.596744 -0.465735 0.190000
v -0.597051 -0.465429 0.189566
v -0.584184 -0.453155 0.190000
v -0.584491 -0.452848 0.189566
v -0.583520 -0.452501 0.190000
v -0.583822 -0.452190 0.189566
v -0.571068 -0.440445 0.190000
v -0.571370 -0.440133 0.189566
v -0.570358 -0.439768 0.190000
v -0.570654 -0.439452 0.189566
v -0.558014 -0.428236 0.190000
v -0.558310 -0.427919 0.189566
v -0.557252 -0.427538 0.190000
v -0.557543 -0.427215 0.189566
v -0.545307 -0.416206 0.189566
v -0.545017 -0.416528 0.190000
v -0.544200 -0.415808 0.190000
v -0.544484 -0.415480 0.189566
v -0.532072 -0.405323 0.190000
v -0.532356 -0.404994 0.189566
v -0.531196 -0.404581 0.190000
v -0.531473 -0.404247 0.189566
v -0.519176 -0.394619 0.190000
v -0.519453 -0.394285 0.189566
v -0.518235 -0.393857 0.190000
v -0.518505 -0.393517 0.189566
v -0.506323 -0.384418 0.190000
v -0.506592 -0.384078 0.189566
v -0.505313 -0.383636 0.190000
v -0.505574 -0.383290 0.189566
v -0.493769 -0.374375 0.189566
v -0.493508 -0.374721 0.190000
v -0.492422 -0.373922 0.190000
v -0.492675 -0.373569 0.189566
v -0.480725 -0.365530 0.190000
v -0.480977 -0.365178 0.189566
v -0.479557 -0.364715 0.190000
v -0.479801 -0.364356 0.189566
v -0.467968 -0.356847 0.190000
v -0.468211 -0.356488 0.189566
v -0.466711 -0.356019 0.190000
v -0.466946 -0.355653 0.189566
v -0.455231 -0.348674 0.190000
v -0.455464 -0.348309 0.189566
v -0.453879 -0.347837 0.190000
v -0.454103 -0.347465 0.189566
v -0.442729 -0.340644 0.189566
v -0.442507 -0.341016 0.190000
v -0.441054 -0.340175 0.190000
v -0.441266 -0.339797 0.189566
v -0.429789 -0.333878 0.190000
v -0.430000 -0.333499 0.189566
v -0.428228 -0.333038 0.190000
v -0.428428 -0.332653 0.189566
v -0.417071 -0.327264 0.190000
v -0.417270 -0.326879 0.189566
v -0.415396 -0.326433 0.190000
v -0.415583 -0.326042 0.189566
v -0.404347 -0.321184 0.190000
v -0.404533 -0.320791 0.189566
v -0.402552 -0.320369 0.190000
v -0.402725 -0.319972 0.189566
v -0.391782 -0.315244 0.189566
v -0.391612 -0.315643 0.190000
v -0.389691 -0.314856 0.190000
v -0.389849 -0.314452 0.189566
v -0.378858 -0.310653 0.190000
v -0.379014 -0.310248 0.189566
v -0.376809 -0.309905 0.190000
v -0.376951 -0.309495 0.189566
v -0.366085 -0.306225 0.190000
v -0.366224 -0.305815 0.189566
v -0.363905 -0.305528 0.190000
v -0.364030 -0.305112 0.189566
v -0.353288 -0.302372 0.190000
v -0.353410 -0.301956 0.189566
v -0.350977 -0.301739 0.190000
v -0.351084 -0.301319 0.189566
v -0.340573 -0.298686 0.189566
v -0.340469 -0.299107 0.190000
v -0.338030 -0.298555 0.190000
v -0.338118 -0.298130 0.189566
v -0.327631 -0.296446 0.190000
v -0.327715 -0.296020 0.189566
v -0.325069 -0.295989 0.190000
v -0.325137 -0.295561 0.189566
v -0.314778 -0.294404 0.190000
v -0.314842 -0.293975 0.189566
v -0.312104 -0.294059 0.190000
v -0.312151 -0.293627 0.189566
v -0.301920 -0.292997 0.190000
v -0.301963 -0.292565 0.189566
v -0.299146 -0.292778 0.190000
v -0.299171 -0.292345 0.189566
v -0.289091 -0.291806 0.189566
v -0.289071 -0.292239 0.190000
v -0.286213 -0.292161 0.190000
v -0.286216 -0.291727 0.189566
v -0.276246 -0.292145 0.190000
v -0.276244 -0.291712 0.189566
v -0.273325 -0.292218 0.190000
v -0.273305 -0.291785 0.189566
v -0.263466 -0.292726 0.190000
v -0.263441 -0.292293 0.189566
v -0.260505 -0.292959 0.190000
v -0.260462 -0.292527 0.189566
v -0.250754 -0.293990 0.190000
v -0.250705 -0.293559 0.189566
v -0.247779 -0.294387 0.190000
v -0.247712 -0.293958 0.189566
v -0.238063 -0.295513 0.189566
v -0.238135 -0.295941 0.190000
v -0.235172 -0.296502 0.190000
v -0.235083 -0.296078 0.189566
v -0.225637 -0.298580 0.190000
v -0.225541 -0.298156 0.189566
v -0.222712 -0.299301 0.190000
v -0.222600 -0.298882 0.189566
v -0.213284 -0.301902 0.190000
v -0.213166 -0.301484 0.189566
v -0.210424 -0.302775 0.190000
v -0.210289 -0.302363 0.189566
v -0.201104 -0.305899 0.190000
v -0.200964 -0.305488 0.189566
v -0.198332 -0.306912 0.190000
v -0.198175 -0.306507 0.189566
v -0.188957 -0.310157 0.189566
v -0.189119 -0.310559 0.190000
v -0.186455 -0.311696 0.190000
v -0.186276 -0.311300 0.189566
v -0.177349 -0.315866 0.190000
v -0.177166 -0.315473 0.189566
v -0.174809 -0.317110 0.190000
v -0.174611 -0.316724 0.189566
v -0.165811 -0.321804 0.190000
v -0.165609 -0.321420 0.189566
v -0.163408 -0.323135 0.190000
v -0.163190 -0.322760 0.189566
v -0.154517 -0.328353 0.190000
v -0.154296 -0.327980 0.189566
v -0.152259 -0.329753 0.190000
v -0.152023 -0.329388 0.189566
v -0.143237 -0.335132 0.189566
v -0.143476 -0.335494 0.190000
v -0.141366 -0.336944 0.190000
v -0.141114 -0.336591 0.189566
v -0.132691 -0.343209 0.190000
v -0.132435 -0.342858 0.189566
v -0.130731 -0.344691 0.190000
v -0.130463 -0.344350 0.189566
v -0.122163 -0.351479 0.190000
v -0.121893 -0.351140 0.189566
v -0.120352 -0.352978 0.190000
v -0.120070 -0.352649 0.189566
v -0.111891 -0.360291 0.190000
v -0.111607 -0.359963 0.189566
v -0.110224 -0.361792 0.190000
v -0.109928 -0.361475 0.189566
v -0.101573 -0.369312 0.189566
v -0.101871 -0.369628 0.190000
v -0.100341 -0.371120 0.190000
v -0.100033 -0.370814 0.189566
v -0.092095 -0.379479 0.190000
v -0.091786 -0.379175 0.189566
v -0.090696 -0.380951 0.190000
v -0.090377 -0.380657 0.189566
v -0.082558 -0.389834 0.190000
v -0.082237 -0.389542 0.189566
v -0.081280 -0.391279 0.190000
v -0.080951 -0.390996 0.189566
v -0.073250 -0.400685 0.190000
v -0.072919 -0.400405 0.189566
v -0.072085 -0.402096 0.190000
v -0.071747 -0.401824 0.189566
v -0.063823 -0.411756 0.189566
v -0.064163 -0.412026 0.190000
v -0.063104 -0.413397 0.190000
v -0.062757 -0.413137 0.189566
v -0.055295 -0.423842 0.190000
v -0.054940 -0.423592 0.189566
v -0.052187 -0.428470 0.190000
v -0.051815 -0.428246 0.189566
v -0.049569 -0.433377 0.190000
v -0.049176 -0.433192 0.189566
v -0.047459 -0.438524 0.190000
v -0.047050 -0.438380 0.189566
v -0.045877 -0.443867 0.190000
v -0.045458 -0.443755 0.189566
v -0.043394 -0.454138 0.190000
v -0.042974 -0.454030 0.189566
v -0.040567 -0.462740 0.189566
v -0.040983 -0.462862 0.190000
v -0.038479 -0.470803 0.190000
v -0.038068 -0.470665 0.189566
v -0.035913 -0.477946 0.190000
v -0.035508 -0.477790 0.189566
v -0.033319 -0.484277 0.190000
v -0.032922 -0.484103 0.189566
v -0.030742 -0.489789 0.190000
v -0.030354 -0.489595 0.189566
v -0.028232 -0.494478 0.190000
v -0.027855 -0.494263 0.189566
v -0.025847 -0.498356 0.190000
v -0.025485 -0.498116 0.189566
v -0.023653 -0.501444 0.190000
v -0.023308 -0.501180 0.189566
v -0.021388 -0.503501 0.189566
v -0.021711 -0.503791 0.190000
v -0.020079 -0.505470 0.190000
v -0.019780 -0.505155 0.189566
v -0.018785 -0.506587 0.190000
v -0.018518 -0.506244 0.189566
v -0.017832 -0.507264 0.190000
v -0.017598 -0.506899 0.189566
v -0.017163 -0.507646 0.190000
v -0.016968 -0.507259 0.189566
v -0.016676 -0.507862 0.190000
v -0.016521 -0.507456 0.189566
v -0.016216 -0.508010 0.190000
v -0.016105 -0.507590 0.189566
v -0.015606 -0.508138 0.190000
v -0.015538 -0.507709 0.189566
v -0.014643 -0.507805 0.189566
v -0.014668 -0.508238 0.190000
v -0.013255 -0.508251 0.190000
v -0.013271 -0.507818 0.189566
v -0.011260 -0.508089 0.190000
v -0.011314 -0.507658 0.189566
v -0.008623 -0.507648 0.190000
v -0.008711 -0.507223 0.189566
v -0.005325 -0.506833 0.190000
v -0.005443 -0.506415 0.189566
v -0.001372 -0.505556 0.190000
v -0.001519 -0.505148 0.189566
v 0.003204 -0.503752 0.190000
v 0.003033 -0.503353 0.189566
v 0.008368 -0.501367 0.190000
v 0.008175 -0.500978 0.189566
v 0.013865 -0.497988 0.189566
v 0.014076 -0.498367 0.190000
v 0.020290 -0.494725 0.190000
v 0.020063 -0.494355 0.189566
v 0.026970 -0.490426 0.190000
v 0.026729 -0.490065 0.189566
v 0.034084 -0.485458 0.190000
v 0.033829 -0.485107 0.189566
v 0.041600 -0.479819 0.190000
v 0.041334 -0.479476 0.189566
v 0.049493 -0.473506 0.190000
v 0.049217 -0.473171 0.189566
v 0.057742 -0.466518 0.190000
v 0.057457 -0.466191 0.189566
v 0.066326 -0.458859 0.190000
v 0.066034 -0.458538 0.189566
v 0.074931 -0.450215 0.189566
v 0.075231 -0.450529 0.190000
v 0.084442 -0.441532 0.190000
v 0.084135 -0.441225 0.189566
v 0.093947 -0.431872 0.190000
v 0.093635 -0.431570 0.189566
v 0.103737 -0.421550 0.190000
v 0.103420 -0.421254 0.189566
v 0.113804 -0.410571 0.190000
v 0.113482 -0.410280 0.189566
v 0.124140 -0.398936 0.190000
v 0.123813 -0.398650 0.189566
v 0.134738 -0.386650 0.190000
v 0.134408 -0.386369 0.189566
v 0.145594 -0.373714 0.190000
v 0.145260 -0.373437 0.189566
v 0.156366 -0.359858 0.189566
v 0.156703 -0.360131 0.190000
v 0.168061 -0.345903 0.190000
v 0.167721 -0.345634 0.189566
v 0.179664 -0.331033 0.190000
v 0.179321 -0.330768 0.189566
v 0.191510 -0.315522 0.190000
v 0.191164 -0.315260 0.189566
v 0.203595 -0.299372 0.190000
v 0.203246 -0.299113 0.189566
v 0.215917 -0.282584 0.190000
v 0.215566 -0.282329 0.189566
v 0.228600 -0.264987 0.190000
v 0.228255 -0.264724 0.189566
v 0.232200 -0.260505 0.190000
v 0.231876 -0.260216 0.189566
v 0.235948 -0.256108 0.189566
v 0.236240 -0.256430 0.190000
v 0.240683 -0.252798 0.190000
v 0.240425 -0.252448 0.189566
v 0.245479 -0.249648 0.190000
v 0.245260 -0.249273 0.189566
v 0.250578 -0.247016 0.190000
v 0.250399 -0.246620 0.189566
v 0.255924 -0.244928 0.190000
v 0.255787 -0.244516 0.189566
v 0.261468 -0.243406 0.190000
v 0.261364 -0.242985 0.189566
v 0.267743 -0.242031 0.190000
v 0.267652 -0.241606 0.189566
v 0.269406 -0.241693 0.190000
v 0.269325 -0.241267 0.189566
v 0.275621 -0.240089 0.189566
v 0.275699 -0.240515 0.190000
v 0.277387 -0.240226 0.190000
v 0.277319 -0.239798 0.189566
v 0.283687 -0.239249 0.190000
v 0.283622 -0.238820 0.189566
v 0.285396 -0.239011 0.190000
v 0.285341 -0.238581 0.189566
v 0.291704 -0.238234 0.190000
v 0.291652 -0.237803 0.189566
v 0.293428 -0.238049 0.190000
v 0.293387 -0.237617 0.189566
v 0.299743 -0.237472 0.190000
v 0.299705 -0.237040 0.189566
v 0.301478 -0.237341 0.190000
v 0.301451 -0.236908 0.189566
v 0.307777 -0.236531 0.189566
v 0.307801 -0.236964 0.190000
v 0.309542 -0.236888 0.190000
v 0.309529 -0.236454 0.189566
v 0.315873 -0.236711 0.190000
v 0.315862 -0.236277 0.189566
v 0.317614 -0.236690 0.190000
v 0.317614 -0.236256 0.189566
v 0.323953 -0.236713 0.190000
v 0.323956 -0.236279 0.189566
v 0.325689 -0.236746 0.190000
v 0.325703 -0.236313 0.189566
v 0.332035 -0.236969 0.190000
v 0.332052 -0.236536 0.189566
v 0.333761 -0.237057 0.190000
v 0.333789 -0.236624 0.189566
v 0.340146 -0.237048 0.189566
v 0.340116 -0.237481 0.190000
v 0.341827 -0.237621 0.190000
v 0.341868 -0.237190 0.189566
v 0.348188 -0.238245 0.190000
v 0.348232 -0.237813 0.189566
v 0.349880 -0.238437 0.190000
v 0.349934 -0.238007 0.189566
v 0.356250 -0.239260 0.190000
v 0.356307 -0.238830 0.189566
v 0.357917 -0.239502 0.190000
v 0.357985 -0.239073 0.189566
v 0.364295 -0.240525 0.190000
v 0.364365 -0.240097 0.189566
v 0.365934 -0.240814 0.190000
v 0.366014 -0.240388 0.189566
v 0.372402 -0.241612 0.189566
v 0.372319 -0.242038 0.190000
v 0.373927 -0.242371 0.190000
v 0.374020 -0.241947 0.189566
v 0.380320 -0.243794 0.190000
v 0.380415 -0.243371 0.189566
v 0.381891 -0.244169 0.190000
v 0.381997 -0.243748 0.189566
v 0.388292 -0.245793 0.190000
v 0.388400 -0.245372 0.189566
v 0.389826 -0.246205 0.190000
v 0.389944 -0.245788 0.189566
v 0.396235 -0.248030 0.190000
v 0.396355 -0.247613 0.189566
v 0.397728 -0.248477 0.190000
v 0.397858 -0.248063 0.189566
v 0.404276 -0.250088 0.189566
v 0.404145 -0.250502 0.190000
v 0.405595 -0.250982 0.190000
v 0.405736 -0.250571 0.189566
v 0.412019 -0.253206 0.190000
v 0.412162 -0.252796 0.189566
v 0.413426 -0.253714 0.190000
v 0.413578 -0.253308 0.189566
v 0.419858 -0.256139 0.190000
v 0.420012 -0.255733 0.189566
v 0.421219 -0.256673 0.190000
v 0.421382 -0.256271 0.189566
v 0.427659 -0.259297 0.190000
v 0.427824 -0.258896 0.189566
v 0.428974 -0.259853 0.190000
v 0.429147 -0.259456 0.189566
v 0.435597 -0.262281 0.189566
v 0.435422 -0.262678 0.190000
v 0.436690 -0.263253 0.190000
v 0.436873 -0.262860 0.189566
v 0.443146 -0.266278 0.190000
v 0.443330 -0.265886 0.189566
v 0.444367 -0.266869 0.190000
v 0.444560 -0.266480 0.189566
v 0.450831 -0.270094 0.190000
v 0.451025 -0.269706 0.189566
v 0.452006 -0.270698 0.190000
v 0.452208 -0.270315 0.189566
v 0.458477 -0.274124 0.190000
v 0.458681 -0.273741 0.189566
v 0.459606 -0.274738 0.190000
v 0.459817 -0.274359 0.189566
v 0.466297 -0.277986 0.189566
v 0.466085 -0.278364 0.190000
v 0.467169 -0.278987 0.190000
v 0.467388 -0.278613 0.189566
v 0.473655 -0.282812 0.190000
v 0.473876 -0.282439 0.189566
v 0.474694 -0.283441 0.190000
v 0.474922 -0.283072 0.189566
v 0.481189 -0.287467 0.190000
v 0.481418 -0.287098 0.189566
v 0.482184 -0.288099 0.190000
v 0.482420 -0.287735 0.189566
v 0.488687 -0.292325 0.190000
v 0.488923 -0.291961 0.189566
v 0.489640 -0.292958 0.190000
v 0.489883 -0.292599 0.189566
v 0.496394 -0.297026 0.189566
v 0.496150 -0.297385 0.190000
v 0.497062 -0.298018 0.190000
v 0.497312 -0.297664 0.189566
v 0.503579 -0.302645 0.190000
v 0.503831 -0.302292 0.189566
v 0.504452 -0.303277 0.190000
v 0.504709 -0.302928 0.189566
v 0.510977 -0.308104 0.190000
v 0.511236 -0.307755 0.189566
v 0.511811 -0.308733 0.190000
v 0.512075 -0.308388 0.189566
v 0.518344 -0.313759 0.190000
v 0.518609 -0.313416 0.189566
v 0.519141 -0.314384 0.190000
v 0.519411 -0.314045 0.189566
v 0.525953 -0.319273 0.189566
v 0.525682 -0.319611 0.190000
v 0.526443 -0.320230 0.190000
v 0.526719 -0.319896 0.189566
v 0.532991 -0.325658 0.190000
v 0.533268 -0.325324 0.189566
v 0.533718 -0.326271 0.190000
v 0.534000 -0.325941 0.189566
v 0.540275 -0.331898 0.190000
v 0.540557 -0.331569 0.189566
v 0.540968 -0.332504 0.190000
v 0.541256 -0.332179 0.189566
v 0.547533 -0.338332 0.190000
v 0.547821 -0.338007 0.189566
v 0.548195 -0.338930 0.190000
v 0.548488 -0.338610 0.189566
v 0.555061 -0.344638 0.189566
v 0.554767 -0.344957 0.190000
v 0.555400 -0.345547 0.190000
v 0.555698 -0.345232 0.189566
v 0.561980 -0.351775 0.190000
v 0.562278 -0.351460 0.189566
v 0.562584 -0.352355 0.190000
v 0.562886 -0.352045 0.189566
v 0.569171 -0.358784 0.190000
v 0.569474 -0.358473 0.189566
v 0.569748 -0.359355 0.190000
v 0.570055 -0.359049 0.189566
v 0.576343 -0.365983 0.190000
v 0.576651 -0.365677 0.189566
v 0.576894 -0.366545 0.190000
v 0.577206 -0.366243 0.189566
v 0.583809 -0.373072 0.189566
v 0.583497 -0.373374 0.190000
v 0.584023 -0.373925 0.190000
v 0.584339 -0.373628 0.189566
v 0.590633 -0.380954 0.190000
v 0.590950 -0.380657 0.189566
v 0.591136 -0.381495 0.190000
v 0.591456 -0.381202 0.189566
v 0.597754 -0.388724 0.190000
v 0.598074 -0.388432 0.189566
v 0.598234 -0.389255 0.190000
v 0.598558 -0.388966 0.189566
v 0.602597 -0.393496 0.189566
v 0.602742 -0.394309 0.190000
v 0.603304 -0.393704 0.189566
v 0.608350 -0.392763 0.190000
v 0.608235 -0.392345 0.189566
v 0.608396 -0.392301 0.189566
v 0.608510 -0.392719 0.190000
v 0.617647 -0.390231 0.190000
v 0.617533 -0.389812 0.189566
v 0.617817 -0.390185 0.190000
v 0.617705 -0.389766 0.189566
v 0.626685 -0.387800 0.190000
v 0.626572 -0.387381 0.189566
v 0.626866 -0.387751 0.190000
v 0.626755 -0.387332 0.189566
v 0.635464 -0.385470 0.190000
v 0.635353 -0.385051 0.189566
v 0.635658 -0.385419 0.190000
v 0.635548 -0.385000 0.189566
v 0.643986 -0.383242 0.190000
v 0.643876 -0.382823 0.189566
v 0.644085 -0.382769 0.189566
v 0.644193 -0.383189 0.190000
v 0.652252 -0.381116 0.190000
v 0.652144 -0.380696 0.189566
v 0.652475 -0.381059 0.190000
v 0.652368 -0.380639 0.189566
v 0.660264 -0.379090 0.190000
v 0.660157 -0.378669 0.189566
v 0.660503 -0.379030 0.190000
v 0.660398 -0.378609 0.189566
v 0.668023 -0.377165 0.190000
v 0.667918 -0.376744 0.189566
v 0.668280 -0.377102 0.190000
v 0.668178 -0.376680 0.189566
v 0.675531 -0.375341 0.190000
v 0.675428 -0.374919 0.189566
v 0.675709 -0.374852 0.189566
v 0.675809 -0.375274 0.190000
v 0.682790 -0.373617 0.190000
v 0.682690 -0.373195 0.189566
v 0.683092 -0.373546 0.190000
v 0.682994 -0.373123 0.189566
v 0.689803 -0.371992 0.190000
v 0.689705 -0.371570 0.189566
v 0.690132 -0.371917 0.190000
v 0.690037 -0.371494 0.189566
v 0.696574 -0.370468 0.190000
v 0.696479 -0.370045 0.189566
v 0.696933 -0.370388 0.190000
v 0.696841 -0.369965 0.189566
v 0.703105 -0.369043 0.190000
v 0.703013 -0.368619 0.189566
v 0.703410 -0.368534 0.189566
v 0.703499 -0.368959 0.190000
v 0.709401 -0.367717 0.190000
v 0.709312 -0.367293 0.189566
v 0.709835 -0.367628 0.190000
v 0.709749 -0.367203 0.189566
v 0.715468 -0.366490 0.190000
v 0.715382 -0.366065 0.189566
v 0.715948 -0.366395 0.190000
v 0.715866 -0.365970 0.189566
v 0.721311 -0.365362 0.190000
v 0.721229 -0.364936 0.189566
v 0.721845 -0.365262 0.190000
v 0.721766 -0.364835 0.189566
v 0.726938 -0.364332 0.190000
v 0.726860 -0.363906 0.189566
v 0.727461 -0.363799 0.189566
v 0.727535 -0.364227 0.190000
v 0.732359 -0.363401 0.190000
v 0.732286 -0.362974 0.189566
v 0.733030 -0.363291 0.190000
v 0.732962 -0.362862 0.189566
v 0.737584 -0.362569 0.190000
v 0.737517 -0.362140 0.189566
v 0.738345 -0.362454 0.190000
v 0.738283 -0.362025 0.189566
v 0.742629 -0.361836 0.190000
v 0.742568 -0.361407 0.189566
v 0.743498 -0.361718 0.190000
v 0.743442 -0.361288 0.189566
v 0.747512 -0.361204 0.190000
v 0.747458 -0.360774 0.189566
v 0.748465 -0.360654 0.189566
v 0.748513 -0.361086 0.190000
v 0.752257 -0.360676 0.190000
v 0.752211 -0.360244 0.189566
v 0.753421 -0.360561 0.190000
v 0.753381 -0.360129 0.189566
v 0.756895 -0.360255 0.190000
v 0.756858 -0.359823 0.189566
v 0.758262 -0.360152 0.190000
v 0.758233 -0.359719 0.189566
v 0.761466 -0.359950 0.190000
v 0.761441 -0.359517 0.189566
v 0.763093 -0.359872 0.190000
v 0.763076 -0.359438 0.189566
v 0.766025 -0.359774 0.190000
v 0.766014 -0.359340 0.189566
v 0.767986 -0.359309 0.189566
v 0.767988 -0.359743 0.190000
v 0.770649 -0.359749 0.190000
v 0.770654 -0.359315 0.189566
v 0.773053 -0.359806 0.190000
v 0.773068 -0.359373 0.189566
v 0.775440 -0.359915 0.190000
v 0.775467 -0.359482 0.189566
v 0.778433 -0.360134 0.190000
v 0.778470 -0.359702 0.189566
v 0.780546 -0.360346 0.190000
v 0.780599 -0.359915 0.189566
v 0.784334 -0.360859 0.190000
v 0.784397 -0.360429 0.189566
v 0.786174 -0.361173 0.190000
v 0.786257 -0.360747 0.189566
v 0.791131 -0.361807 0.189566
v 0.791029 -0.362229 0.190000
v 0.792598 -0.362645 0.190000
v 0.792721 -0.362228 0.189566
v 0.798864 -0.364713 0.190000
v 0.799013 -0.364306 0.189566
v 0.800165 -0.365231 0.190000
v 0.800334 -0.364831 0.189566
v 0.804214 -0.367034 0.190000
v 0.804407 -0.366645 0.189566
v 0.808105 -0.369156 0.190000
v 0.808320 -0.368779 0.189566
v 0.809138 -0.369774 0.190000
v 0.809371 -0.369409 0.189566
v 0.814028 -0.373070 0.190000
v 0.814289 -0.372723 0.189566
v 0.818825 -0.376543 0.189566
v 0.818537 -0.376868 0.190000
v 0.819302 -0.377586 0.190000
v 0.819606 -0.377277 0.189566
v 0.822742 -0.381115 0.190000
v 0.823066 -0.380826 0.189566
v 0.825846 -0.384930 0.190000
v 0.826195 -0.384671 0.189566
v 0.828602 -0.389014 0.190000
v 0.828967 -0.388780 0.189566
v 0.829104 -0.389835 0.190000
v 0.829480 -0.389617 0.189566
v 0.831712 -0.394615 0.190000
v 0.832104 -0.394427 0.189566
v 0.833833 -0.399623 0.190000
v 0.834241 -0.399472 0.189566
v 0.835868 -0.404704 0.189566
v 0.835451 -0.404823 0.190000
v 0.835688 -0.405742 0.190000
v 0.836111 -0.405645 0.189566
v 0.836732 -0.410741 0.190000
v 0.837161 -0.410671 0.189566
v 0.837308 -0.415801 0.190000
v 0.837741 -0.415772 0.189566
v 0.837413 -0.420906 0.190000
v 0.837847 -0.420906 0.189566
v 0.837386 -0.421927 0.190000
v 0.837819 -0.421951 0.189566
v 0.836872 -0.428148 0.190000
v 0.837302 -0.428209 0.189566
v 0.835657 -0.434272 0.190000
v 0.836080 -0.434368 0.189566
v 0.835784 -0.435517 0.189566
v 0.835367 -0.435399 0.190000
v 0.833989 -0.439926 0.190000
v 0.834399 -0.440070 0.189566
v 0.832229 -0.444316 0.190000
v 0.832627 -0.444487 0.189566
v 0.831672 -0.445548 0.190000
v 0.832061 -0.445740 0.189566
v 0.828369 -0.451769 0.190000
v 0.828746 -0.451984 0.189566
v 0.827547 -0.453103 0.190000
v 0.827910 -0.453341 0.189566
v 0.824565 -0.457465 0.190000
v 0.824918 -0.457718 0.189566
v 0.823472 -0.458910 0.190000
v 0.823813 -0.459179 0.189566
v 0.821250 -0.462321 0.189566
v 0.820919 -0.462041 0.190000
v 0.819554 -0.463594 0.190000
v 0.819875 -0.463886 0.189566
v 0.817402 -0.465907 0.190000
v 0.817716 -0.466207 0.189566
v 0.815766 -0.467567 0.190000
v 0.816072 -0.467875 0.189566
v 0.813956 -0.469322 0.190000
v 0.814255 -0.469637 0.189566
v 0.812049 -0.471089 0.190000
v 0.812341 -0.471410 0.189566
v 0.810520 -0.472454 0.190000
v 0.810805 -0.472781 0.189566
v 0.808341 -0.474327 0.190000
v 0.808622 -0.474658 0.189566
v 0.807313 -0.475748 0.189566
v 0.807038 -0.475412 0.190000
v 0.804595 -0.477386 0.190000
v 0.804860 -0.477729 0.189566
v 0.800226 -0.480572 0.190000
v 0.800465 -0.480936 0.189566
v 0.795574 -0.483311 0.190000
v 0.795776 -0.483696 0.189566
v 0.790676 -0.485581 0.190000
v 0.790839 -0.485983 0.189566
v 0.785579 -0.487359 0.190000
v 0.785702 -0.487776 0.189566
v 0.780333 -0.488629 0.190000
v 0.780414 -0.489056 0.189566
v 0.774986 -0.489380 0.190000
v 0.775025 -0.489812 0.189566
v 0.769589 -0.490037 0.189566
v 0.769593 -0.489603 0.190000
v 0.764202 -0.489296 0.190000
v 0.764157 -0.489727 0.189566
v 0.758869 -0.488462 0.190000
v 0.758781 -0.488887 0.189566
v 0.753643 -0.487110 0.190000
v 0.753513 -0.487524 0.189566
v 0.748574 -0.485252 0.190000
v 0.748405 -0.485652 0.189566
v 0.743713 -0.482906 0.190000
v 0.743505 -0.483287 0.189566
v 0.739104 -0.480095 0.190000
v 0.738860 -0.480454 0.189566
v 0.734792 -0.476846 0.190000
v 0.734515 -0.477180 0.189566
v 0.732420 -0.475729 0.189566
v 0.733165 -0.475937 0.189566
v 0.732976 -0.475174 0.190000
v 0.731833 -0.475405 0.190000
v 0.731922 -0.475830 0.189566
v 0.726346 -0.476559 0.190000
v 0.726437 -0.476984 0.189566
v 0.720550 -0.477823 0.190000
v 0.720644 -0.478246 0.189566
v 0.714453 -0.479195 0.190000
v 0.714549 -0.479618 0.189566
v 0.708057 -0.480675 0.190000
v 0.708156 -0.481097 0.189566
v 0.701367 -0.482263 0.190000
v 0.701468 -0.482685 0.189566
v 0.694385 -0.483959 0.190000
v 0.694488 -0.484381 0.189566
v 0.687219 -0.486183 0.189566
v 0.687114 -0.485763 0.190000
v 0.679555 -0.487673 0.190000
v 0.679663 -0.488094 0.189566
v 0.671712 -0.489691 0.190000
v 0.671820 -0.490111 0.189566
v 0.663584 -0.491816 0.190000
v 0.663694 -0.492235 0.189566
v 0.655174 -0.494047 0.190000
v 0.655285 -0.494466 0.189566
v 0.646482 -0.496384 0.190000
v 0.646596 -0.496803 0.189566
v 0.637511 -0.498828 0.190000
v 0.637625 -0.499246 0.189566
v 0.628260 -0.501378 0.190000
v 0.628376 -0.501796 0.189566
v 0.618848 -0.504451 0.189566
v 0.618731 -0.504033 0.190000
v 0.608924 -0.506795 0.190000
v 0.609042 -0.507212 0.189566
v 0.598786 -0.509677 0.190000
v 0.598895 -0.510097 0.189566
v 0.593615 -0.510882 0.190000
v 0.593693 -0.511309 0.189566
v 0.588363 -0.511582 0.190000
v 0.588399 -0.512015 0.189566
v 0.583067 -0.511773 0.190000
v 0.583062 -0.512208 0.189566
v 0.577778 -0.511455 0.190000
v 0.577731 -0.511887 0.189566
v 0.572544 -0.510629 0.190000
v 0.572456 -0.511054 0.189566
v 0.567285 -0.509718 0.189566
v 0.567413 -0.509303 0.190000
v 0.562435 -0.507490 0.190000
v 0.562266 -0.507891 0.189566
v 0.557654 -0.505207 0.190000
v 0.557447 -0.505589 0.189566
v 0.553114 -0.502474 0.190000
v 0.552872 -0.502834 0.189566
v 0.548858 -0.499317 0.190000
v 0.548583 -0.499653 0.189566
v 0.544926 -0.495765 0.190000
v 0.544620 -0.496073 0.189566
v 0.541348 -0.491845 0.190000
v 0.541020 -0.492129 0.189566
v 0.534913 -0.484073 0.190000
v 0.534580 -0.484352 0.189566
v 0.528370 -0.477031 0.189566
v 0.528699 -0.476748 0.190000
v 0.522513 -0.469634 0.190000
v 0.522188 -0.469921 0.189566
v 0.516356 -0.462730 0.190000
v 0.516034 -0.463021 0.189566
v 0.510228 -0.456037 0.190000
v 0.509910 -0.456332 0.189566
v 0.504131 -0.449554 0.190000
v 0.503817 -0.449854 0.189566
v 0.498065 -0.443281 0.190000
v 0.497756 -0.443585 0.189566
v 0.492033 -0.437219 0.190000
v 0.491728 -0.437527 0.189566
v 0.486035 -0.431366 0.190000
v 0.485734 -0.431678 0.189566
v 0.479777 -0.426039 0.189566
v 0.480072 -0.425722 0.190000
v 0.474147 -0.420287 0.190000
v 0.473856 -0.420609 0.189566
v 0.468260 -0.415060 0.190000
v 0.467974 -0.415387 0.189566
v 0.462412 -0.410041 0.190000
v 0.462132 -0.410373 0.189566
v 0.456606 -0.405229 0.190000
v 0.456332 -0.405566 0.189566
v 0.450842 -0.400624 0.190000
v 0.450574 -0.400965 0.189566
v 0.445122 -0.396223 0.190000
v 0.444861 -0.396569 0.189566
v 0.439448 -0.392025 0.190000
v 0.439193 -0.392377 0.189566
v 0.433573 -0.388387 0.189566
v 0.433821 -0.388031 0.190000
v 0.428241 -0.384237 0.190000
v 0.428001 -0.384598 0.189566
v 0.422711 -0.380643 0.190000
v 0.422479 -0.381009 0.189566
v 0.417232 -0.377246 0.190000
v 0.417008 -0.377618 0.189566
v 0.411804 -0.374045 0.190000
v 0.411588 -0.374421 0.189566
v 0.406430 -0.371038 0.190000
v 0.406222 -0.371419 0.189566
v 0.401108 -0.368221 0.190000
v 0.400909 -0.368606 0.189566
v 0.395840 -0.365592 0.190000
v 0.395651 -0.365982 0.189566
v 0.390448 -0.363544 0.189566
v 0.390627 -0.363149 0.190000
v 0.385468 -0.360889 0.190000
v 0.385298 -0.361288 0.189566
v 0.380362 -0.358808 0.190000
v 0.380204 -0.359212 0.189566
v 0.375311 -0.356904 0.190000
v 0.375163 -0.357312 0.189566
v 0.370311 -0.355173 0.190000
v 0.370175 -0.355585 0.189566
v 0.365363 -0.353612 0.190000
v 0.365238 -0.354027 0.189566
v 0.360463 -0.352217 0.190000
v 0.360351 -0.352636 0.189566
v 0.355611 -0.350986 0.190000
v 0.355511 -0.351408 0.189566
v 0.350715 -0.350340 0.189566
v 0.350803 -0.349915 0.190000
v 0.346037 -0.349002 0.190000
v 0.345962 -0.349429 0.189566
v 0.341308 -0.348243 0.190000
v 0.341246 -0.348672 0.189566
v 0.336613 -0.347636 0.190000
v 0.336564 -0.348067 0.189566
v 0.331947 -0.347179 0.190000
v 0.331912 -0.347611 0.189566
v 0.327307 -0.346870 0.190000
v 0.327285 -0.347303 0.189566
v 0.322686 -0.346707 0.190000
v 0.322678 -0.347141 0.189566
v 0.318081 -0.346690 0.190000
v 0.318086 -0.347124 0.189566
v 0.313505 -0.347252 0.189566
v 0.313486 -0.346819 0.190000
v 0.308895 -0.347093 0.190000
v 0.308928 -0.347525 0.189566
v 0.305425 -0.347845 0.189566
v 0.304759 -0.347471 0.190000
v 0.304736 -0.348235 0.189566
v 0.292144 -0.364656 0.190000
v 0.292494 -0.364913 0.189566
v 0.291843 -0.365063 0.190000
v 0.292190 -0.365323 0.189566
v 0.279444 -0.381631 0.190000
v 0.279792 -0.381891 0.189566
v 0.279120 -0.382061 0.190000
v 0.279465 -0.382324 0.189566
v 0.266937 -0.398013 0.190000
v 0.267282 -0.398276 0.189566
v 0.266930 -0.398733 0.189566
v 0.266588 -0.398466 0.190000
v 0.254621 -0.413803 0.190000
v 0.254963 -0.414070 0.189566
v 0.254243 -0.414282 0.190000
v 0.254582 -0.414552 0.189566
v 0.242492 -0.429002 0.190000
v 0.242831 -0.429273 0.189566
v 0.242082 -0.429509 0.190000
v 0.242418 -0.429783 0.189566
v 0.230547 -0.443613 0.190000
v 0.230883 -0.443888 0.189566
v 0.230102 -0.444150 0.190000
v 0.230435 -0.444429 0.189566
v 0.218783 -0.457638 0.190000
v 0.219115 -0.457917 0.189566
v 0.218627 -0.458490 0.189566
v 0.218299 -0.458207 0.190000
v 0.207194 -0.471080 0.190000
v 0.207523 -0.471363 0.189566
v 0.206666 -0.471683 0.190000
v 0.206990 -0.471971 0.189566
v 0.195777 -0.483940 0.190000
v 0.196102 -0.484228 0.189566
v 0.195199 -0.484581 0.190000
v 0.195519 -0.484874 0.189566
v 0.184526 -0.496222 0.190000
v 0.184845 -0.496515 0.189566
v 0.183890 -0.496903 0.190000
v 0.184205 -0.497202 0.189566
v 0.173433 -0.507928 0.190000
v 0.173748 -0.508227 0.189566
v 0.173042 -0.508957 0.189566
v 0.172733 -0.508653 0.190000
v 0.162492 -0.519061 0.190000
v 0.162801 -0.519366 0.189566
v 0.161717 -0.519833 0.190000
v 0.162021 -0.520143 0.189566
v 0.151691 -0.529626 0.190000
v 0.151994 -0.529936 0.189566
v 0.150833 -0.530446 0.190000
v 0.151129 -0.530763 0.189566
v 0.141023 -0.539623 0.190000
v 0.141319 -0.539940 0.189566
v 0.140067 -0.540497 0.190000
v 0.140356 -0.540820 0.189566
v 0.130472 -0.549057 0.190000
v 0.130761 -0.549381 0.189566
v 0.129685 -0.550316 0.189566
v 0.129404 -0.549986 0.190000
v 0.120026 -0.557931 0.190000
v 0.120306 -0.558262 0.189566
v 0.118828 -0.558917 0.190000
v 0.119100 -0.559255 0.189566
v 0.109666 -0.566245 0.190000
v 0.109936 -0.566584 0.189566
v 0.108318 -0.567289 0.190000
v 0.108579 -0.567635 0.189566
v 0.099371 -0.574001 0.190000
v 0.099631 -0.574349 0.189566
v 0.097849 -0.575103 0.190000
v 0.098099 -0.575458 0.189566
v 0.089119 -0.581199 0.190000
v 0.089366 -0.581556 0.189566
v 0.087631 -0.582719 0.189566
v 0.087395 -0.582355 0.190000
v 0.078881 -0.587835 0.190000
v 0.079114 -0.588201 0.189566
v 0.076923 -0.589038 0.190000
v 0.077144 -0.589412 0.189566
v 0.068625 -0.593902 0.190000
v 0.068843 -0.594278 0.189566
v 0.066397 -0.595140 0.190000
v 0.066601 -0.595523 0.189566
v 0.058316 -0.599387 0.190000
v 0.058515 -0.599773 0.189566
v 0.055778 -0.600639 0.190000
v 0.055962 -0.601032 0.189566
v 0.047913 -0.604271 0.190000
v 0.048092 -0.604666 0.189566
v 0.045186 -0.605909 0.189566
v 0.045024 -0.605506 0.190000
v 0.037376 -0.608522 0.190000
v 0.037532 -0.608927 0.189566
v 0.034094 -0.609697 0.190000
v 0.034231 -0.610109 0.189566
v 0.026666 -0.612096 0.190000
v 0.026793 -0.612511 0.189566
v 0.022952 -0.613153 0.190000
v 0.023064 -0.613572 0.189566
v 0.015745 -0.614935 0.190000
v 0.015841 -0.615359 0.189566
v 0.011583 -0.615796 0.190000
v 0.011663 -0.616223 0.189566
v 0.004593 -0.616964 0.190000
v 0.004656 -0.617393 0.189566
v 0.000032 -0.617967 0.189566
v -0.000012 -0.617535 0.190000
v -0.006786 -0.618088 0.190000
v -0.006760 -0.618521 0.189566
v -0.011796 -0.618268 0.190000
v -0.011790 -0.618702 0.189566
v -0.018352 -0.618207 0.190000
v -0.018367 -0.618641 0.189566
v -0.023686 -0.617899 0.190000
v -0.023721 -0.618331 0.189566
v -0.030025 -0.617223 0.190000
v -0.030082 -0.617654 0.189566
v -0.035551 -0.616350 0.190000
v -0.035630 -0.616777 0.189566
v -0.041675 -0.615061 0.190000
v -0.041775 -0.615483 0.189566
v -0.047351 -0.614003 0.189566
v -0.047229 -0.613586 0.190000
v -0.053136 -0.611684 0.190000
v -0.053280 -0.612094 0.189566
v -0.058534 -0.609629 0.190000
v -0.058699 -0.610030 0.189566
v -0.064228 -0.607112 0.190000
v -0.064413 -0.607505 0.189566
v -0.069299 -0.604552 0.190000
v -0.069505 -0.604934 0.189566
v -0.074778 -0.601421 0.190000
v -0.075003 -0.601793 0.189566
v -0.079392 -0.598473 0.190000
v -0.079634 -0.598833 0.189566
v -0.084658 -0.594728 0.190000
v -0.084917 -0.595076 0.189566
v -0.089007 -0.591868 0.189566
v -0.088731 -0.591533 0.190000
v -0.093784 -0.587172 0.190000
v -0.094074 -0.587495 0.189566
v -0.097294 -0.583865 0.190000
v -0.097598 -0.584174 0.189566
v -0.102132 -0.578889 0.190000
v -0.102450 -0.579185 0.189566
v -0.105096 -0.575586 0.190000
v -0.105424 -0.575870 0.189566
v -0.109720 -0.569995 0.190000
v -0.110060 -0.570265 0.189566
v -0.112184 -0.566784 0.190000
v -0.112532 -0.567042 0.189566
v -0.116596 -0.560574 0.190000
v -0.116952 -0.560822 0.189566
v -0.118983 -0.557753 0.189566
v -0.118616 -0.557522 0.190000
v -0.122816 -0.550692 0.190000
v -0.123187 -0.550916 0.189566
v -0.124461 -0.547828 0.190000
v -0.124842 -0.548036 0.189566
v -0.128447 -0.540381 0.190000
v -0.128831 -0.540583 0.189566
v -0.129780 -0.537721 0.190000
v -0.130171 -0.537907 0.189566
v -0.133551 -0.529657 0.190000
v -0.133945 -0.529839 0.189566
v -0.134626 -0.527204 0.190000
v -0.135027 -0.527370 0.189566
v -0.138182 -0.518523 0.190000
v -0.138584 -0.518686 0.189566
v -0.139456 -0.516419 0.189566
v -0.139048 -0.516270 0.190000
v -0.142389 -0.506973 0.190000
v -0.142798 -0.507118 0.189566
v -0.143085 -0.504909 0.190000
v -0.143498 -0.505041 0.189566
v -0.146211 -0.494995 0.190000
v -0.146625 -0.495124 0.189566
v -0.146769 -0.493106 0.190000
v -0.147187 -0.493223 0.189566
v -0.149680 -0.482576 0.190000
v -0.150098 -0.482691 0.189566
v -0.150129 -0.480842 0.190000
v -0.150549 -0.480951 0.189566
v -0.150171 -0.480668 0.190000
v -0.150571 -0.480856 0.189566
v -0.151056 -0.480209 0.189566
v -0.150716 -0.479939 0.190000
v -0.157527 -0.471403 0.190000
v -0.157861 -0.471679 0.189566
v -0.164340 -0.463422 0.190000
v -0.164665 -0.463709 0.189566
v -0.171144 -0.455995 0.190000
v -0.171458 -0.456294 0.189566
v -0.177929 -0.449116 0.190000
v -0.178232 -0.449427 0.189566
v -0.184688 -0.442776 0.190000
v -0.184978 -0.443098 0.189566
v -0.191414 -0.436963 0.190000
v -0.191692 -0.437296 0.189566
v -0.198104 -0.431663 0.190000
v -0.198365 -0.432009 0.189566
v -0.204997 -0.427220 0.189566
v -0.204751 -0.426862 0.190000
v -0.211357 -0.422544 0.190000
v -0.211586 -0.422913 0.189566
v -0.217924 -0.418690 0.190000
v -0.218134 -0.419070 0.189566
v -0.224458 -0.415282 0.190000
v -0.224648 -0.415671 0.189566
v -0.230969 -0.412299 0.190000
v -0.231139 -0.412698 0.189566
v -0.237472 -0.409725 0.190000
v -0.237620 -0.410132 0.189566
v -0.243984 -0.407542 0.190000
v -0.244111 -0.407957 0.189566
v -0.250530 -0.405736 0.190000
v -0.250633 -0.406157 0.189566
v -0.257211 -0.404724 0.189566
v -0.257130 -0.404298 0.190000
v -0.263812 -0.403221 0.190000
v -0.263870 -0.403651 0.189566
v -0.270605 -0.402503 0.190000
v -0.270639 -0.402935 0.189566
v -0.277531 -0.402146 0.190000
v -0.277543 -0.402580 0.189566
v -0.284619 -0.402157 0.190000
v -0.284606 -0.402591 0.189566
v -0.291885 -0.402545 0.190000
v -0.291851 -0.402978 0.189566
v -0.299353 -0.403324 0.190000
v -0.299297 -0.403754 0.189566
v -0.307032 -0.404507 0.190000
v -0.306957 -0.404934 0.189566
v -0.314844 -0.406534 0.189566
v -0.314940 -0.406110 0.190000
v -0.323080 -0.408150 0.190000
v -0.322964 -0.408568 0.189566
v -0.331455 -0.410639 0.190000
v -0.331323 -0.411052 0.189566
v -0.340069 -0.413594 0.190000
v -0.339921 -0.414002 0.189566
v -0.348922 -0.417029 0.190000
v -0.348758 -0.417431 0.189566
v -0.358008 -0.420954 0.190000
v -0.357830 -0.421350 0.189566
v -0.367326 -0.425382 0.190000
v -0.367133 -0.425770 0.189566
v -0.376868 -0.430320 0.190000
v -0.376663 -0.430702 0.189566
v -0.386411 -0.436151 0.189566
v -0.386629 -0.435776 0.190000
v -0.396602 -0.441757 0.190000
v -0.396374 -0.442126 0.189566
v -0.406781 -0.448269 0.190000
v -0.406542 -0.448631 0.189566
v -0.417160 -0.455315 0.190000
v -0.416911 -0.455671 0.189566
v -0.427731 -0.462899 0.190000
v -0.427473 -0.463248 0.189566
v -0.438488 -0.471023 0.190000
v -0.438223 -0.471366 0.189566
v -0.449426 -0.479690 0.190000
v -0.449153 -0.480027 0.189566
v -0.460540 -0.488901 0.190000
v -0.460259 -0.489232 0.189566
v -0.471536 -0.498981 0.189566
v -0.471823 -0.498656 0.190000
v -0.483271 -0.508956 0.190000
v -0.482978 -0.509276 0.189566
v -0.494880 -0.519802 0.190000
v -0.494581 -0.520116 0.189566
v -0.506645 -0.531194 0.190000
v -0.506340 -0.531503 0.189566
v -0.518253 -0.543435 0.189566
v -0.518562 -0.543131 0.190000
v 0.250758 -0.994786 -0.190000
v 0.250580 -0.995182 -0.189566
v 0.245729 -0.992718 -0.189566
v 0.245935 -0.992336 -0.190000
v -0.188957 -0.744379 -0.189566
v -0.188733 -0.744007 -0.190000
v -0.193292 -0.741097 -0.190000
v -0.193543 -0.741451 -0.189566
v -0.197820 -0.738088 -0.189566
v -0.197536 -0.737760 -0.190000
v -0.201747 -0.734323 -0.189566
v -0.201431 -0.734024 -0.190000
v -0.205286 -0.730190 -0.189566
v -0.204942 -0.729924 -0.190000
v -0.208402 -0.725731 -0.189566
v -0.208034 -0.725500 -0.190000
v -0.211066 -0.720988 -0.189566
v -0.210678 -0.720794 -0.190000
v -0.213253 -0.716006 -0.189566
v -0.212847 -0.715851 -0.190000
v -0.214940 -0.710835 -0.189566
v -0.214521 -0.710720 -0.190000
v -0.215684 -0.705450 -0.190000
v -0.216113 -0.705523 -0.189566
v -0.216758 -0.700121 -0.189566
v -0.216325 -0.700091 -0.190000
v -0.216872 -0.694682 -0.189566
v -0.216438 -0.694695 -0.190000
v -0.216451 -0.689259 -0.189566
v -0.216020 -0.689313 -0.190000
v -0.215501 -0.683902 -0.189566
v -0.215077 -0.683998 -0.190000
v -0.214030 -0.678665 -0.189566
v -0.213619 -0.678803 -0.190000
v -0.212053 -0.673597 -0.189566
v -0.211657 -0.673774 -0.190000
v -0.209589 -0.668747 -0.189566
v -0.209211 -0.668962 -0.190000
v -0.206307 -0.664413 -0.190000
v -0.206661 -0.664162 -0.189566
v -0.203297 -0.659886 -0.189566
v -0.202969 -0.660171 -0.190000
v -0.199531 -0.655960 -0.189566
v -0.199232 -0.656275 -0.190000
v -0.195397 -0.652422 -0.189566
v -0.195131 -0.652766 -0.190000
v -0.190937 -0.649306 -0.189566
v -0.190706 -0.649674 -0.190000
v -0.186193 -0.646643 -0.189566
v -0.185999 -0.647031 -0.190000
v -0.181210 -0.644457 -0.189566
v -0.181056 -0.644862 -0.190000
v -0.176038 -0.642770 -0.189566
v -0.175923 -0.643188 -0.190000
v -0.170652 -0.642026 -0.190000
v -0.170724 -0.641597 -0.189566
v -0.165322 -0.640952 -0.189566
v -0.165291 -0.641385 -0.190000
v -0.159882 -0.640839 -0.189566
v -0.159894 -0.641273 -0.190000
v -0.154457 -0.641259 -0.189566
v -0.154512 -0.641690 -0.190000
v -0.149100 -0.642209 -0.189566
v -0.149196 -0.642632 -0.190000
v -0.143861 -0.643679 -0.189566
v -0.143999 -0.644091 -0.190000
v -0.138792 -0.645656 -0.189566
v -0.138969 -0.646052 -0.190000
v -0.133941 -0.648120 -0.189566
v -0.134147 -0.648502 -0.190000
v 0.300521 -0.896831 -0.190000
v 0.300746 -0.896460 -0.189566
v 0.305332 -0.899387 -0.189566
v 0.305081 -0.899742 -0.190000
v 0.309609 -0.902750 -0.189566
v 0.309324 -0.903078 -0.190000
v 0.313535 -0.906516 -0.189566
v 0.313220 -0.906814 -0.190000
v 0.317074 -0.910648 -0.189566
v 0.316730 -0.910914 -0.190000
v 0.320190 -0.915108 -0.189566
v 0.319823 -0.915339 -0.190000
v 0.322855 -0.919851 -0.189566
v 0.322466 -0.920044 -0.190000
v 0.325041 -0.924832 -0.189566
v 0.324635 -0.924987 -0.190000
v 0.326309 -0.930118 -0.190000
v 0.326728 -0.930004 -0.189566
v 0.327901 -0.935316 -0.189566
v 0.327473 -0.935388 -0.190000
v 0.328547 -0.940717 -0.189566
v 0.328114 -0.940748 -0.190000
v 0.328660 -0.946156 -0.189566
v 0.328226 -0.946144 -0.190000
v 0.328240 -0.951580 -0.189566
v 0.327809 -0.951525 -0.190000
v 0.327289 -0.956936 -0.189566
v 0.326866 -0.956840 -0.190000
v 0.325819 -0.962174 -0.189566
v 0.325407 -0.962035 -0.190000
v 0.323841 -0.967242 -0.189566
v 0.323445 -0.967064 -0.190000
v 0.321000 -0.971876 -0.190000
v 0.321377 -0.972092 -0.189566
v 0.318449 -0.976677 -0.189566
v 0.318094 -0.976425 -0.190000
v 0.315085 -0.980953 -0.189566
v 0.314758 -0.980668 -0.190000
v 0.311319 -0.984879 -0.189566
v 0.311020 -0.984563 -0.190000
v 0.307186 -0.988416 -0.189566
v 0.306920 -0.988073 -0.190000
v 0.302725 -0.991532 -0.189566
v 0.302494 -0.991165 -0.190000
v 0.297981 -0.994196 -0.189566
v 0.297788 -0.993807 -0.190000
v 0.292999 -0.996382 -0.189566
v 0.292844 -0.995976 -0.190000
v 0.287712 -0.997650 -0.190000
v 0.287826 -0.998069 -0.189566
v 0.282513 -0.999241 -0.189566
v 0.282440 -0.998813 -0.190000
v 0.277110 -0.999887 -0.189566
v 0.277080 -0.999454 -0.190000
v 0.271670 -1.000000 -0.189566
v 0.271682 -0.999566 -0.190000
v 0.266245 -0.999580 -0.189566
v 0.266300 -0.999149 -0.190000
v 0.260888 -0.998630 -0.189566
v 0.260985 -0.998206 -0.190000
v 0.255787 -0.996747 -0.190000
v 0.255649 -0.997159 -0.189566
v 0.552660 0.898629 -0.189566
v 0.552408 0.898983 -0.190000
v -0.093585 0.461822 -0.189566
v -0.094124 0.462456 -0.190000
v -0.093293 0.462493 -0.189566
v -0.092139 0.452717 -0.189566
v -0.092567 0.452649 -0.190000
v -0.087731 0.425140 -0.189566
v -0.088159 0.425072 -0.190000
v -0.083541 0.399175 -0.189566
v -0.083969 0.399105 -0.190000
v -0.079568 0.374822 -0.189566
v -0.079996 0.374752 -0.190000
v -0.078091 0.363181 -0.190000
v -0.077663 0.363252 -0.189566
v -0.075813 0.352085 -0.189566
v -0.076241 0.352014 -0.190000
v -0.074018 0.341324 -0.189566
v -0.074446 0.341252 -0.190000
v -0.072278 0.330968 -0.189566
v -0.072706 0.330896 -0.190000
v -0.070592 0.321017 -0.189566
v -0.071020 0.320945 -0.190000
v -0.068962 0.311474 -0.189566
v -0.069390 0.311400 -0.190000
v -0.067387 0.302337 -0.189566
v -0.067814 0.302263 -0.190000
v -0.065867 0.293609 -0.189566
v -0.066294 0.293535 -0.190000
v -0.064830 0.285215 -0.190000
v -0.064403 0.285291 -0.189566
v -0.062995 0.277383 -0.189566
v -0.063422 0.277307 -0.190000
v -0.061643 0.269889 -0.189566
v -0.062070 0.269811 -0.190000
v -0.060349 0.262808 -0.189566
v -0.060775 0.262730 -0.190000
v -0.059111 0.256145 -0.189566
v -0.059538 0.256065 -0.190000
v -0.057932 0.249903 -0.189566
v -0.058358 0.249822 -0.190000
v -0.056812 0.244085 -0.189566
v -0.057238 0.244002 -0.190000
v -0.055753 0.238697 -0.189566
v -0.056178 0.238612 -0.190000
v -0.055181 0.233660 -0.190000
v -0.054756 0.233746 -0.189566
v -0.054365 0.231855 -0.189566
v -0.054770 0.231672 -0.190000
v -0.053384 0.230544 -0.189566
v -0.053743 0.230300 -0.190000
v -0.050583 0.225919 -0.189566
v -0.050965 0.225713 -0.190000
v -0.048245 0.221044 -0.189566
v -0.048645 0.220876 -0.190000
v -0.046393 0.215964 -0.189566
v -0.046808 0.215835 -0.190000
v -0.045046 0.210728 -0.189566
v -0.045471 0.210640 -0.190000
v -0.044215 0.205386 -0.189566
v -0.044647 0.205341 -0.190000
v -0.044342 0.199974 -0.190000
v -0.043908 0.199988 -0.189566
v -0.043831 0.190249 -0.189566
v -0.044265 0.190243 -0.190000
v -0.043612 0.181299 -0.189566
v -0.044045 0.181285 -0.190000
v -0.043250 0.172707 -0.189566
v -0.043683 0.172685 -0.190000
v -0.042749 0.164479 -0.189566
v -0.043181 0.164448 -0.190000
v -0.042113 0.156618 -0.189566
v -0.042545 0.156579 -0.190000
v -0.041347 0.149131 -0.189566
v -0.041778 0.149082 -0.190000
v -0.040457 0.142021 -0.189566
v -0.040887 0.141962 -0.190000
v -0.039877 0.135226 -0.190000
v -0.039449 0.135296 -0.189566
v -0.038332 0.128960 -0.189566
v -0.038758 0.128879 -0.190000
v -0.037114 0.123018 -0.189566
v -0.037538 0.122925 -0.190000
v -0.035806 0.117477 -0.189566
v -0.036227 0.117371 -0.190000
v -0.034421 0.112340 -0.189566
v -0.034838 0.112220 -0.190000
v -0.032971 0.107611 -0.189566
v -0.033383 0.107476 -0.190000
v -0.031474 0.103294 -0.189566
v -0.031880 0.103142 -0.190000
v -0.029945 0.099387 -0.189566
v -0.030347 0.099222 -0.190000
v -0.028798 0.095704 -0.190000
v -0.028405 0.095888 -0.189566
v -0.026873 0.092792 -0.189566
v -0.027257 0.092590 -0.190000
v -0.025371 0.090089 -0.189566
v -0.025744 0.089868 -0.190000
v -0.023918 0.087762 -0.189566
v -0.024281 0.087524 -0.190000
v -0.022534 0.085789 -0.189566
v -0.022881 0.085529 -0.190000
v -0.021233 0.084144 -0.189566
v -0.021564 0.083864 -0.190000
v -0.020024 0.082791 -0.189566
v -0.020338 0.082492 -0.190000
v -0.018910 0.081691 -0.189566
v -0.019204 0.081372 -0.190000
v -0.018155 0.080464 -0.190000
v -0.017881 0.080800 -0.189566
v -0.016921 0.080075 -0.189566
v -0.017170 0.079720 -0.190000
v -0.015998 0.079473 -0.189566
v -0.016222 0.079101 -0.190000
v -0.015074 0.078958 -0.189566
v -0.015272 0.078572 -0.190000
v -0.014100 0.078500 -0.189566
v -0.014271 0.078101 -0.190000
v -0.013026 0.078083 -0.189566
v -0.013170 0.077673 -0.190000
v -0.011798 0.077699 -0.189566
v -0.011913 0.077281 -0.190000
v -0.010367 0.077354 -0.189566
v -0.010454 0.076929 -0.190000
v -0.008753 0.076632 -0.190000
v -0.008690 0.077061 -0.189566
v -0.006730 0.076842 -0.189566
v -0.006765 0.076409 -0.190000
v -0.004461 0.076721 -0.189566
v -0.004473 0.076287 -0.190000
v -0.001864 0.076726 -0.189566
v -0.001853 0.076293 -0.190000
v 0.001073 0.076886 -0.189566
v 0.001107 0.076453 -0.190000
v 0.004353 0.077226 -0.189566
v 0.004408 0.076796 -0.190000
v 0.007976 0.077771 -0.189566
v 0.008052 0.077344 -0.190000
v 0.011936 0.078542 -0.189566
v 0.012027 0.078118 -0.190000
v 0.016335 0.079138 -0.190000
v 0.016227 0.079558 -0.189566
v 0.020838 0.080835 -0.189566
v 0.020962 0.080419 -0.190000
v 0.025760 0.082385 -0.189566
v 0.025897 0.081973 -0.190000
v 0.030981 0.084219 -0.189566
v 0.031131 0.083812 -0.190000
v 0.036491 0.086344 -0.189566
v 0.036653 0.085942 -0.190000
v 0.042280 0.088769 -0.189566
v 0.042453 0.088371 -0.190000
v 0.048338 0.091498 -0.189566
v 0.048521 0.091105 -0.190000
v 0.054655 0.094535 -0.189566
v 0.054845 0.094144 -0.190000
v 0.056105 0.094786 -0.190000
v 0.055861 0.095149 -0.189566
v 0.060976 0.099537 -0.189566
v 0.061259 0.099208 -0.190000
v 0.070722 0.107921 -0.189566
v 0.071006 0.107592 -0.190000
v 0.080099 0.116008 -0.189566
v 0.080383 0.115680 -0.190000
v 0.089105 0.123799 -0.189566
v 0.089389 0.123471 -0.190000
v 0.097741 0.131292 -0.189566
v 0.098025 0.130965 -0.190000
v 0.106004 0.138488 -0.189566
v 0.106289 0.138161 -0.190000
v 0.106668 0.139068 -0.189566
v 0.107001 0.139787 -0.189566
v 0.107425 0.139153 -0.190000
v 0.107457 0.141088 -0.190000
v 0.107024 0.141117 -0.189566
v 0.107648 0.146521 -0.189566
v 0.108077 0.146451 -0.190000
v 0.108800 0.151838 -0.189566
v 0.109219 0.151724 -0.190000
v 0.110467 0.157016 -0.189566
v 0.110873 0.156863 -0.190000
v 0.112634 0.162006 -0.189566
v 0.113023 0.161814 -0.190000
v 0.115279 0.166760 -0.189566
v 0.115648 0.166530 -0.190000
v 0.118378 0.171231 -0.189566
v 0.118723 0.170967 -0.190000
v 0.121900 0.175377 -0.189566
v 0.122217 0.175081 -0.190000
v 0.126098 0.178832 -0.190000
v 0.125812 0.179159 -0.189566
v 0.130076 0.182538 -0.189566
v 0.130337 0.182192 -0.190000
v 0.137239 0.187665 -0.189566
v 0.137491 0.187311 -0.190000
v 0.143898 0.192399 -0.189566
v 0.144150 0.192046 -0.190000
v 0.144054 0.192509 -0.189566
v 0.144304 0.192155 -0.190000
v 0.150347 0.196952 -0.189566
v 0.150597 0.196597 -0.190000
v 0.150523 0.197075 -0.189566
v 0.150772 0.196720 -0.190000
v 0.156699 0.200870 -0.190000
v 0.156451 0.201225 -0.189566
v 0.156651 0.201365 -0.189566
v 0.156899 0.201009 -0.190000
v 0.162213 0.205222 -0.189566
v 0.162460 0.204866 -0.190000
v 0.162445 0.205382 -0.189566
v 0.162690 0.205025 -0.190000
v 0.167641 0.208947 -0.189566
v 0.167886 0.208589 -0.190000
v 0.167910 0.209131 -0.189566
v 0.168154 0.208771 -0.190000
v 0.172740 0.212403 -0.189566
v 0.172984 0.212043 -0.190000
v 0.173058 0.212616 -0.189566
v 0.173299 0.212255 -0.190000
v 0.177763 0.215235 -0.190000
v 0.177523 0.215596 -0.189566
v 0.177903 0.215847 -0.189566
v 0.178141 0.215485 -0.190000
v 0.182002 0.218534 -0.189566
v 0.182239 0.218171 -0.190000
v 0.182464 0.218834 -0.189566
v 0.182699 0.218469 -0.190000
v 0.186198 0.221229 -0.189566
v 0.186431 0.220864 -0.190000
v 0.186773 0.221593 -0.189566
v 0.187003 0.221226 -0.190000
v 0.190140 0.223695 -0.189566
v 0.190369 0.223327 -0.190000
v 0.190875 0.224146 -0.189566
v 0.191100 0.223775 -0.190000
v 0.194100 0.225583 -0.190000
v 0.193877 0.225955 -0.189566
v 0.194846 0.226526 -0.189566
v 0.195063 0.226151 -0.190000
v 0.197482 0.228043 -0.189566
v 0.197696 0.227666 -0.190000
v 0.198818 0.228787 -0.189566
v 0.199026 0.228407 -0.190000
v 0.201087 0.230012 -0.189566
v 0.201290 0.229628 -0.190000
v 0.203039 0.231015 -0.189566
v 0.203234 0.230627 -0.190000
v 0.204943 0.231946 -0.189566
v 0.205126 0.231553 -0.190000
v 0.208040 0.233346 -0.189566
v 0.208215 0.232949 -0.190000
v 0.209733 0.233579 -0.190000
v 0.209578 0.233985 -0.189566
v 0.215138 0.235955 -0.189566
v 0.215271 0.235542 -0.190000
v 0.216310 0.236301 -0.189566
v 0.216422 0.235882 -0.190000
v 0.222260 0.237708 -0.189566
v 0.222336 0.237280 -0.190000
v 0.228329 0.238451 -0.189566
v 0.228369 0.238019 -0.190000
v 0.229135 0.238505 -0.189566
v 0.229155 0.238072 -0.190000
v 0.234335 0.238608 -0.189566
v 0.234323 0.238174 -0.190000
v 0.239521 0.238223 -0.189566
v 0.239469 0.237792 -0.190000
v 0.244557 0.236930 -0.190000
v 0.244649 0.237355 -0.189566
v 0.249673 0.236010 -0.189566
v 0.249541 0.235596 -0.190000
v 0.254548 0.234200 -0.189566
v 0.254378 0.233800 -0.190000
v 0.259233 0.231941 -0.189566
v 0.259036 0.231554 -0.190000
v 0.259674 0.231702 -0.189566
v 0.259459 0.231325 -0.190000
v 0.264106 0.229028 -0.189566
v 0.263864 0.228667 -0.190000
v 0.268270 0.225951 -0.189566
v 0.267996 0.225614 -0.190000
v 0.272129 0.222500 -0.189566
v 0.271825 0.222190 -0.190000
v 0.275317 0.218424 -0.190000
v 0.275649 0.218704 -0.189566
v 0.278799 0.214596 -0.189566
v 0.278443 0.214348 -0.190000
v 0.281552 0.210213 -0.189566
v 0.281174 0.209999 -0.190000
v 0.283885 0.205591 -0.189566
v 0.283489 0.205414 -0.190000
v 0.285776 0.200773 -0.189566
v 0.285365 0.200633 -0.190000
v 0.287209 0.195799 -0.189566
v 0.286787 0.195698 -0.190000
v 0.288172 0.190713 -0.189566
v 0.287744 0.190643 -0.190000
v 0.288247 0.190181 -0.189566
v 0.287817 0.190130 -0.190000
v 0.288304 0.184871 -0.190000
v 0.288738 0.184890 -0.189566
v 0.288719 0.179575 -0.189566
v 0.288286 0.179597 -0.190000
v 0.288192 0.174287 -0.189566
v 0.287762 0.174351 -0.190000
v 0.287160 0.169073 -0.189566
v 0.286739 0.169177 -0.190000
v 0.285634 0.163983 -0.189566
v 0.285222 0.164117 -0.190000
v 0.285343 0.163159 -0.189566
v 0.284938 0.163313 -0.190000
v 0.283331 0.158225 -0.189566
v 0.282937 0.158409 -0.190000
v 0.280853 0.153507 -0.189566
v 0.280473 0.153717 -0.190000
v 0.279828 0.152618 -0.190000
v 0.280197 0.152390 -0.189566
v 0.277281 0.147936 -0.189566
v 0.276924 0.148183 -0.190000
v 0.276258 0.146527 -0.189566
v 0.275912 0.146788 -0.190000
v 0.274345 0.144040 -0.189566
v 0.274004 0.144309 -0.190000
v 0.272956 0.142339 -0.189566
v 0.272623 0.142616 -0.190000
v 0.271627 0.140770 -0.189566
v 0.271299 0.141054 -0.190000
v 0.269873 0.138776 -0.189566
v 0.269549 0.139064 -0.190000
v 0.268903 0.137701 -0.189566
v 0.268583 0.137995 -0.190000
v 0.266466 0.135710 -0.190000
v 0.266783 0.135414 -0.189566
v 0.266046 0.134634 -0.189566
v 0.265733 0.134934 -0.190000
v 0.263560 0.132055 -0.189566
v 0.263248 0.132356 -0.190000
v 0.262982 0.131463 -0.189566
v 0.262674 0.131768 -0.190000
v 0.260131 0.128592 -0.189566
v 0.259823 0.128897 -0.190000
v 0.259665 0.128128 -0.189566
v 0.259361 0.128437 -0.190000
v 0.256448 0.124964 -0.189566
v 0.256144 0.125273 -0.190000
v 0.256066 0.124592 -0.189566
v 0.255765 0.124904 -0.190000
v 0.252182 0.121447 -0.190000
v 0.252483 0.121135 -0.189566
v 0.252164 0.120829 -0.189566
v 0.251865 0.121143 -0.190000
v 0.248215 0.117079 -0.189566
v 0.247917 0.117394 -0.190000
v 0.247944 0.116824 -0.189566
v 0.247648 0.117140 -0.190000
v 0.243630 0.112782 -0.189566
v 0.243333 0.113099 -0.190000
v 0.243397 0.112565 -0.189566
v 0.243102 0.112883 -0.190000
v 0.238717 0.108231 -0.189566
v 0.238423 0.108549 -0.190000
v 0.238515 0.108045 -0.189566
v 0.238222 0.108364 -0.190000
v 0.233176 0.103737 -0.190000
v 0.233470 0.103417 -0.189566
v 0.233293 0.103256 -0.189566
v 0.233001 0.103577 -0.190000
v 0.227881 0.098336 -0.189566
v 0.227589 0.098657 -0.190000
v 0.227725 0.098195 -0.189566
v 0.227434 0.098517 -0.190000
v 0.221947 0.092983 -0.189566
v 0.221657 0.093305 -0.190000
v 0.221809 0.092858 -0.189566
v 0.221519 0.093181 -0.190000
v 0.215665 0.087353 -0.189566
v 0.215376 0.087676 -0.190000
v 0.215541 0.087242 -0.189566
v 0.215253 0.087566 -0.190000
v 0.208744 0.081769 -0.190000
v 0.209032 0.081444 -0.189566
v 0.201944 0.075165 -0.189566
v 0.201657 0.075490 -0.190000
v 0.194703 0.068783 -0.189566
v 0.194416 0.069108 -0.190000
v 0.194611 0.068702 -0.189566
v 0.194325 0.069028 -0.190000
v 0.186921 0.061953 -0.189566
v 0.186635 0.062279 -0.190000
v 0.178663 0.055312 -0.190000
v 0.178949 0.054985 -0.189566
v 0.170462 0.047596 -0.189566
v 0.170178 0.047924 -0.190000
v 0.161693 0.039986 -0.189566
v 0.161409 0.040314 -0.190000
v 0.152624 0.032141 -0.189566
v 0.152340 0.032469 -0.190000
v 0.152563 0.032089 -0.189566
v 0.152280 0.032417 -0.190000
v 0.142788 0.024231 -0.190000
v 0.143071 0.023902 -0.189566
v 0.133218 0.015427 -0.189566
v 0.132935 0.015756 -0.190000
v 0.123051 0.006704 -0.189566
v 0.122777 0.007041 -0.190000
v 0.117806 0.002719 -0.189566
v 0.117564 0.003080 -0.190000
v 0.112124 -0.000616 -0.189566
v 0.111916 -0.000235 -0.190000
v 0.104443 -0.004531 -0.189566
v 0.104246 -0.004144 -0.190000
v 0.103098 -0.004713 -0.190000
v 0.103287 -0.005103 -0.189566
v 0.095767 -0.008718 -0.189566
v 0.095580 -0.008327 -0.190000
v 0.094518 -0.009300 -0.189566
v 0.094339 -0.008904 -0.190000
v 0.087160 -0.012614 -0.189566
v 0.086982 -0.012218 -0.190000
v 0.085808 -0.013201 -0.189566
v 0.085640 -0.012802 -0.190000
v 0.078612 -0.016216 -0.189566
v 0.078445 -0.015815 -0.190000
v 0.077148 -0.016804 -0.189566
v 0.076991 -0.016400 -0.190000
v 0.070114 -0.019518 -0.189566
v 0.069959 -0.019113 -0.190000
v 0.068383 -0.019693 -0.190000
v 0.068528 -0.020102 -0.189566
v 0.061655 -0.022516 -0.189566
v 0.061513 -0.022106 -0.190000
v 0.059937 -0.023088 -0.189566
v 0.059806 -0.022674 -0.190000
v 0.053226 -0.025201 -0.189566
v 0.053097 -0.024787 -0.190000
v 0.051365 -0.025752 -0.189566
v 0.051248 -0.025334 -0.190000
v 0.044816 -0.027565 -0.189566
v 0.044702 -0.027146 -0.190000
v 0.042801 -0.028082 -0.189566
v 0.042699 -0.027661 -0.190000
v 0.036413 -0.029595 -0.189566
v 0.036315 -0.029172 -0.190000
v 0.034149 -0.029640 -0.190000
v 0.034234 -0.030065 -0.189566
v 0.028008 -0.031278 -0.189566
v 0.027928 -0.030851 -0.190000
v 0.025656 -0.031683 -0.189566
v 0.025589 -0.031255 -0.190000
v 0.019592 -0.032596 -0.189566
v 0.019531 -0.032166 -0.190000
v 0.017062 -0.032917 -0.189566
v 0.017014 -0.032486 -0.190000
v 0.011159 -0.033529 -0.189566
v 0.011118 -0.033097 -0.190000
v 0.008447 -0.033743 -0.189566
v 0.008420 -0.033310 -0.190000
v 0.002706 -0.034055 -0.189566
v 0.002687 -0.033622 -0.190000
v -0.000191 -0.033703 -0.190000
v -0.000187 -0.034137 -0.189566
v -0.005766 -0.034148 -0.189566
v -0.005762 -0.033714 -0.190000
v -0.008832 -0.034070 -0.189566
v -0.008813 -0.033636 -0.190000
v -0.014249 -0.033781 -0.189566
v -0.014221 -0.033348 -0.190000
v -0.017474 -0.033514 -0.189566
v -0.017430 -0.033083 -0.190000
v -0.022730 -0.032925 -0.189566
v -0.022676 -0.032495 -0.190000
v -0.026090 -0.032444 -0.189566
v -0.026021 -0.032016 -0.190000
v -0.031184 -0.031555 -0.189566
v -0.031104 -0.031129 -0.190000
v -0.034553 -0.030413 -0.190000
v -0.034649 -0.030836 -0.189566
v -0.039581 -0.029646 -0.189566
v -0.039474 -0.029226 -0.190000
v -0.043110 -0.028671 -0.189566
v -0.042987 -0.028255 -0.190000
v -0.047881 -0.027181 -0.189566
v -0.047746 -0.026769 -0.190000
v -0.051427 -0.025940 -0.189566
v -0.051276 -0.025533 -0.190000
v -0.056036 -0.024150 -0.189566
v -0.055873 -0.023748 -0.190000
v -0.059549 -0.022645 -0.189566
v -0.059370 -0.022249 -0.190000
v -0.063996 -0.020554 -0.189566
v -0.063805 -0.020164 -0.190000
v -0.067216 -0.018414 -0.190000
v -0.067421 -0.018796 -0.189566
v -0.071707 -0.016406 -0.189566
v -0.071490 -0.016030 -0.190000
v -0.074995 -0.014419 -0.189566
v -0.074764 -0.014052 -0.190000
v -0.079119 -0.011728 -0.189566
v -0.078877 -0.011368 -0.190000
v -0.082227 -0.009545 -0.189566
v -0.081970 -0.009195 -0.190000
v -0.086189 -0.006554 -0.189566
v -0.085922 -0.006212 -0.190000
v -0.089080 -0.004215 -0.189566
v -0.088801 -0.003883 -0.190000
v -0.092880 -0.000923 -0.189566
v -0.092592 -0.000599 -0.190000
v -0.095231 0.001841 -0.190000
v -0.095532 0.001528 -0.189566
v -0.099170 0.005120 -0.189566
v -0.098862 0.005425 -0.190000
v -0.101568 0.007640 -0.189566
v -0.101248 0.007933 -0.190000
v -0.105045 0.011532 -0.189566
v -0.104718 0.011817 -0.190000
v -0.107186 0.014079 -0.189566
v -0.106849 0.014352 -0.190000
v -0.110501 0.018271 -0.189566
v -0.110158 0.018536 -0.190000
v -0.112392 0.020807 -0.189566
v -0.112040 0.021060 -0.190000
v -0.115545 0.025300 -0.189566
v -0.115188 0.025545 -0.190000
v -0.116832 0.028027 -0.190000
v -0.117198 0.027794 -0.189566
v -0.120190 0.032587 -0.189566
v -0.119820 0.032813 -0.190000
v -0.121621 0.035015 -0.189566
v -0.121243 0.035229 -0.190000
v -0.124451 0.040108 -0.189566
v -0.124070 0.040316 -0.190000
v -0.125681 0.042451 -0.189566
v -0.125293 0.042646 -0.190000
v -0.128349 0.047844 -0.189566
v -0.127959 0.048034 -0.190000
v -0.129398 0.050090 -0.189566
v -0.129002 0.050267 -0.190000
v -0.131905 0.055783 -0.189566
v -0.131507 0.055956 -0.190000
v -0.132391 0.058083 -0.190000
v -0.132794 0.057923 -0.189566
v -0.135139 0.063917 -0.189566
v -0.134734 0.064073 -0.190000
v -0.135887 0.065946 -0.189566
v -0.135478 0.066091 -0.190000
v -0.138070 0.072240 -0.189566
v -0.137660 0.072381 -0.190000
v -0.138697 0.074160 -0.189566
v -0.138283 0.074288 -0.190000
v -0.140719 0.080754 -0.189566
v -0.140303 0.080879 -0.190000
v -0.141240 0.082563 -0.189566
v -0.140822 0.082678 -0.190000
v -0.143100 0.089458 -0.189566
v -0.142680 0.089570 -0.190000
v -0.143108 0.091262 -0.190000
v -0.143530 0.091161 -0.189566
v -0.145228 0.098356 -0.189566
v -0.144806 0.098455 -0.190000
v -0.145581 0.099958 -0.189566
v -0.145157 0.100046 -0.190000
v -0.147118 0.107453 -0.189566
v -0.146692 0.107539 -0.190000
v -0.147404 0.108957 -0.189566
v -0.146977 0.109033 -0.190000
v -0.148779 0.116752 -0.189566
v -0.148352 0.116827 -0.190000
v -0.149009 0.118165 -0.189566
v -0.148580 0.118230 -0.190000
v -0.150222 0.126261 -0.189566
v -0.149793 0.126324 -0.190000
v -0.149974 0.127642 -0.190000
v -0.150404 0.127587 -0.189566
v -0.151456 0.135983 -0.189566
v -0.151025 0.136036 -0.190000
v -0.151597 0.137229 -0.189566
v -0.151166 0.137274 -0.190000
v -0.152487 0.145925 -0.189566
v -0.152055 0.145968 -0.190000
v -0.152594 0.147096 -0.189566
v -0.152162 0.147131 -0.190000
v -0.153322 0.156092 -0.189566
v -0.152889 0.156126 -0.190000
v -0.153400 0.157192 -0.189566
v -0.152967 0.157219 -0.190000
v -0.153966 0.166489 -0.189566
v -0.153533 0.166515 -0.190000
v -0.153586 0.167543 -0.190000
v -0.154019 0.167524 -0.189566
v -0.154347 0.175303 -0.189566
v -0.153916 0.175392 -0.190000
v -0.154378 0.175385 -0.189566
v -0.153969 0.175529 -0.190000
v -0.154944 0.177001 -0.189566
v -0.154533 0.177140 -0.190000
v -0.155612 0.179033 -0.189566
v -0.155198 0.179164 -0.190000
v -0.156232 0.181050 -0.189566
v -0.155816 0.181175 -0.190000
v -0.156642 0.182451 -0.189566
v -0.156225 0.182569 -0.190000
v -0.157316 0.184868 -0.189566
v -0.156898 0.184983 -0.190000
v -0.157170 0.186000 -0.190000
v -0.157590 0.185890 -0.189566
v -0.158318 0.188708 -0.189566
v -0.157898 0.188816 -0.190000
v -0.158513 0.189486 -0.189566
v -0.158091 0.189589 -0.190000
v -0.159294 0.192704 -0.189566
v -0.158873 0.192806 -0.190000
v -0.159439 0.193316 -0.189566
v -0.159017 0.193413 -0.190000
v -0.160275 0.196934 -0.189566
v -0.159852 0.197031 -0.190000
v -0.160386 0.197427 -0.189566
v -0.159963 0.197521 -0.190000
v -0.161276 0.201446 -0.189566
v -0.160852 0.201540 -0.190000
v -0.160940 0.201943 -0.190000
v -0.161364 0.201852 -0.189566
v -0.162307 0.206271 -0.189566
v -0.161883 0.206362 -0.190000
v -0.162379 0.206611 -0.189566
v -0.161954 0.206699 -0.190000
v -0.163376 0.211431 -0.189566
v -0.162951 0.211519 -0.190000
v -0.163435 0.211720 -0.189566
v -0.163010 0.211806 -0.190000
v -0.164486 0.216940 -0.189566
v -0.164061 0.217025 -0.190000
v -0.164536 0.217188 -0.189566
v -0.164110 0.217272 -0.190000
v -0.165641 0.222809 -0.189566
v -0.165215 0.222892 -0.190000
v -0.165257 0.223107 -0.190000
v -0.165683 0.223025 -0.189566
v -0.166842 0.229045 -0.189566
v -0.166416 0.229127 -0.190000
v -0.166878 0.229235 -0.189566
v -0.166451 0.229316 -0.190000
v -0.168091 0.235656 -0.189566
v -0.167664 0.235736 -0.190000
v -0.168122 0.235823 -0.189566
v -0.167696 0.235903 -0.190000
v -0.169389 0.242645 -0.189566
v -0.168962 0.242724 -0.190000
v -0.169416 0.242794 -0.189566
v -0.168990 0.242872 -0.190000
v -0.170737 0.250016 -0.189566
v -0.170310 0.250094 -0.190000
v -0.170334 0.250226 -0.190000
v -0.170761 0.250149 -0.189566
v -0.172136 0.257771 -0.189566
v -0.171709 0.257848 -0.190000
v -0.173586 0.265914 -0.189566
v -0.173159 0.265990 -0.190000
v -0.175105 0.274546 -0.189566
v -0.174678 0.274620 -0.190000
v -0.176230 0.283534 -0.190000
v -0.176657 0.283460 -0.189566
v -0.178261 0.292766 -0.189566
v -0.177834 0.292840 -0.190000
v -0.179906 0.302390 -0.189566
v -0.179478 0.302463 -0.190000
v -0.181617 0.312491 -0.189566
v -0.181189 0.312563 -0.190000
v -0.183380 0.322986 -0.189566
v -0.182953 0.323058 -0.190000
v -0.184779 0.334009 -0.190000
v -0.185207 0.333938 -0.189566
v -0.187067 0.345163 -0.189566
v -0.186639 0.345234 -0.190000
v -0.188999 0.356899 -0.189566
v -0.188571 0.356969 -0.190000
v -0.190974 0.368974 -0.189566
v -0.190546 0.369044 -0.190000
v -0.193003 0.381447 -0.189566
v -0.192575 0.381517 -0.190000
v -0.194658 0.394387 -0.190000
v -0.195086 0.394318 -0.189566
v -0.199411 0.421252 -0.189566
v -0.198983 0.421320 -0.190000
v -0.203499 0.446940 -0.189566
v -0.203861 0.447689 -0.189566
v -0.203160 0.447566 -0.190000
v -0.204135 0.447988 -0.189566
v -0.203801 0.448266 -0.190000
v -0.207398 0.452342 -0.189566
v -0.207038 0.452585 -0.190000
v -0.210218 0.456994 -0.189566
v -0.209836 0.457200 -0.190000
v -0.212168 0.462068 -0.190000
v -0.212568 0.461900 -0.189566
v -0.214427 0.467013 -0.189566
v -0.214012 0.467141 -0.190000
v -0.215775 0.472283 -0.189566
v -0.215349 0.472370 -0.190000
v -0.216599 0.477660 -0.189566
v -0.216167 0.477705 -0.190000
v -0.216893 0.483092 -0.189566
v -0.216459 0.483095 -0.190000
v -0.216653 0.488527 -0.189566
v -0.216221 0.488486 -0.190000
v -0.215881 0.493912 -0.189566
v -0.215455 0.493829 -0.190000
v -0.214585 0.499195 -0.189566
v -0.214169 0.499071 -0.190000
v -0.212375 0.504162 -0.190000
v -0.212777 0.504326 -0.189566
v -0.212661 0.505147 -0.189566
v -0.212145 0.504655 -0.190000
v -0.215130 0.520970 -0.189566
v -0.214712 0.521104 -0.190000
v -0.216383 0.523485 -0.189566
v -0.216001 0.523690 -0.190000
v -0.218446 0.527077 -0.189566
v -0.218076 0.527303 -0.190000
v -0.220845 0.530751 -0.189566
v -0.220488 0.530998 -0.190000
v -0.223609 0.534516 -0.189566
v -0.223266 0.534782 -0.190000
v -0.226437 0.538656 -0.190000
v -0.226766 0.538373 -0.189566
v -0.230339 0.542318 -0.189566
v -0.230025 0.542617 -0.190000
v -0.234351 0.546345 -0.189566
v -0.234051 0.546658 -0.190000
v -0.238817 0.550441 -0.189566
v -0.238529 0.550766 -0.190000
v -0.243752 0.554597 -0.189566
v -0.243481 0.554935 -0.190000
v -0.249166 0.558797 -0.189566
v -0.248907 0.559145 -0.190000
v -0.255068 0.563030 -0.189566
v -0.254821 0.563386 -0.190000
v -0.261461 0.567281 -0.189566
v -0.261227 0.567646 -0.190000
v -0.268128 0.571911 -0.190000
v -0.268350 0.571538 -0.189566
v -0.275736 0.575790 -0.189566
v -0.275525 0.576169 -0.190000
v -0.283619 0.580025 -0.189566
v -0.283419 0.580410 -0.190000
v -0.291998 0.584233 -0.189566
v -0.291808 0.584623 -0.190000
v -0.300871 0.588406 -0.189566
v -0.300692 0.588801 -0.190000
v -0.310238 0.592536 -0.189566
v -0.310067 0.592935 -0.190000
v -0.320095 0.596614 -0.189566
v -0.319933 0.597017 -0.190000
v -0.330440 0.600636 -0.189566
v -0.330287 0.601042 -0.190000
v -0.341125 0.605003 -0.190000
v -0.341270 0.604594 -0.189566
v -0.352582 0.608485 -0.189566
v -0.352445 0.608896 -0.190000
v -0.364374 0.612303 -0.189566
v -0.364244 0.612717 -0.190000
v -0.376643 0.616044 -0.189566
v -0.376520 0.616460 -0.190000
v -0.389387 0.619706 -0.189566
v -0.389270 0.620124 -0.190000
v -0.402603 0.623285 -0.189566
v -0.402492 0.623705 -0.190000
v -0.416288 0.626779 -0.189566
v -0.416183 0.627200 -0.190000
v -0.430440 0.630185 -0.189566
v -0.430342 0.630607 -0.190000
v -0.444965 0.633924 -0.190000
v -0.445058 0.633500 -0.189566
v -0.460139 0.636724 -0.189566
v -0.460051 0.637148 -0.190000
v -0.475681 0.639853 -0.189566
v -0.475598 0.640279 -0.190000
v -0.491683 0.642889 -0.189566
v -0.491604 0.643315 -0.190000
v -0.508143 0.645827 -0.189566
v -0.508069 0.646255 -0.190000
v -0.525059 0.648668 -0.189566
v -0.524989 0.649096 -0.190000
v -0.542429 0.651411 -0.189566
v -0.542364 0.651839 -0.190000
v -0.560254 0.654054 -0.189566
v -0.560192 0.654483 -0.190000
v -0.578472 0.657027 -0.190000
v -0.578530 0.656597 -0.189566
v -0.597258 0.659039 -0.189566
v -0.597204 0.659469 -0.190000
v -0.616436 0.661379 -0.189566
v -0.616385 0.661810 -0.190000
v -0.636062 0.663617 -0.189566
v -0.636015 0.664048 -0.190000
v -0.656137 0.665752 -0.189566
v -0.656093 0.666184 -0.190000
v -0.676658 0.667784 -0.189566
v -0.676617 0.668216 -0.190000
v -0.697626 0.669713 -0.189566
v -0.697588 0.670145 -0.190000
v -0.719039 0.671537 -0.189566
v -0.719004 0.671970 -0.190000
v -0.740865 0.673690 -0.190000
v -0.740897 0.673257 -0.189566
v -0.763199 0.674873 -0.189566
v -0.763169 0.675305 -0.190000
v -0.786105 0.676394 -0.189566
v -0.786065 0.676826 -0.190000
v -0.791510 0.677020 -0.189566
v -0.791439 0.677449 -0.190000
v -0.796827 0.678173 -0.189566
v -0.796715 0.678593 -0.190000
v -0.802006 0.679842 -0.189566
v -0.801852 0.680248 -0.190000
v -0.806996 0.682010 -0.189566
v -0.806804 0.682399 -0.190000
v -0.811750 0.684657 -0.189566
v -0.811520 0.685025 -0.190000
v -0.815956 0.688101 -0.190000
v -0.816221 0.687757 -0.189566
v -0.820367 0.691280 -0.189566
v -0.820070 0.691596 -0.190000
v -0.824148 0.695192 -0.189566
v -0.823821 0.695478 -0.190000
v -0.827526 0.699456 -0.189566
v -0.827173 0.699709 -0.190000
v -0.830471 0.704030 -0.189566
v -0.830094 0.704247 -0.190000
v -0.832953 0.708872 -0.189566
v -0.832557 0.709050 -0.190000
v -0.834948 0.713933 -0.189566
v -0.834537 0.714072 -0.190000
v -0.836437 0.719165 -0.189566
v -0.836014 0.719263 -0.190000
v -0.836976 0.724574 -0.190000
v -0.837407 0.724518 -0.189566
v -0.837847 0.729940 -0.189566
v -0.837413 0.729954 -0.190000
v -0.837753 0.735379 -0.189566
v -0.837319 0.735350 -0.190000
v -0.837126 0.740783 -0.189566
v -0.836698 0.740712 -0.190000
v -0.835973 0.746099 -0.189566
v -0.835554 0.745986 -0.190000
v -0.834304 0.751277 -0.189566
v -0.833898 0.751123 -0.190000
v -0.832135 0.756266 -0.189566
v -0.831746 0.756073 -0.190000
v -0.829488 0.761019 -0.189566
v -0.829120 0.760789 -0.190000
v -0.826043 0.765224 -0.190000
v -0.826388 0.765489 -0.189566
v -0.822864 0.769634 -0.189566
v -0.822547 0.769337 -0.190000
v -0.818951 0.773414 -0.189566
v -0.818665 0.773087 -0.190000
v -0.814686 0.776792 -0.189566
v -0.814433 0.776438 -0.190000
v -0.810110 0.779736 -0.189566
v -0.809893 0.779359 -0.190000
v -0.805268 0.782217 -0.189566
v -0.805089 0.781821 -0.190000
v -0.800206 0.784212 -0.189566
v -0.800068 0.783800 -0.190000
v -0.794973 0.785701 -0.189566
v -0.794875 0.785278 -0.190000
v -0.789562 0.786240 -0.190000
v -0.789619 0.786670 -0.189566
v -0.784196 0.787110 -0.189566
v -0.784181 0.786676 -0.190000
v -0.778755 0.787016 -0.189566
v -0.778775 0.786583 -0.190000
v -0.755684 0.785484 -0.189566
v -0.755713 0.785051 -0.190000
v -0.755352 0.785461 -0.189566
v -0.755384 0.785028 -0.190000
v -0.732713 0.783821 -0.189566
v -0.732744 0.783388 -0.190000
v -0.732368 0.783795 -0.189566
v -0.732402 0.783363 -0.190000
v -0.710160 0.782047 -0.189566
v -0.710194 0.781615 -0.190000
v -0.709839 0.781586 -0.190000
v -0.709802 0.782018 -0.189566
v -0.688025 0.780163 -0.189566
v -0.688062 0.779730 -0.190000
v -0.687654 0.780130 -0.189566
v -0.687693 0.779698 -0.190000
v -0.666308 0.778167 -0.189566
v -0.666347 0.777735 -0.190000
v -0.665922 0.778130 -0.189566
v -0.665965 0.777698 -0.190000
v -0.645007 0.776059 -0.189566
v -0.645050 0.775627 -0.190000
v -0.644606 0.776017 -0.189566
v -0.644652 0.775586 -0.190000
v -0.624122 0.773839 -0.189566
v -0.624168 0.773407 -0.190000
v -0.623754 0.773362 -0.190000
v -0.623705 0.773793 -0.189566
v -0.603652 0.771506 -0.189566
v -0.603701 0.771075 -0.190000
v -0.603218 0.771455 -0.189566
v -0.603270 0.771024 -0.190000
v -0.583597 0.769060 -0.189566
v -0.583649 0.768630 -0.190000
v -0.583144 0.769003 -0.189566
v -0.583200 0.768573 -0.190000
v -0.563954 0.766501 -0.189566
v -0.564010 0.766071 -0.190000
v -0.563482 0.766437 -0.189566
v -0.563542 0.766008 -0.190000
v -0.544723 0.763827 -0.189566
v -0.544783 0.763398 -0.190000
v -0.544294 0.763328 -0.190000
v -0.544231 0.763757 -0.189566
v -0.525903 0.761039 -0.189566
v -0.525967 0.760610 -0.190000
v -0.525389 0.760960 -0.189566
v -0.525457 0.760532 -0.190000
v -0.507493 0.758135 -0.189566
v -0.507561 0.757706 -0.190000
v -0.506956 0.758047 -0.189566
v -0.507028 0.757619 -0.190000
v -0.489491 0.755114 -0.189566
v -0.489563 0.754686 -0.190000
v -0.488930 0.755017 -0.189566
v -0.489006 0.754590 -0.190000
v -0.471896 0.751976 -0.189566
v -0.471972 0.751549 -0.190000
v -0.471389 0.751441 -0.190000
v -0.471309 0.751868 -0.189566
v -0.454706 0.748719 -0.189566
v -0.454787 0.748292 -0.190000
v -0.454092 0.748598 -0.189566
v -0.454177 0.748173 -0.190000
v -0.437920 0.745342 -0.189566
v -0.438006 0.744916 -0.190000
v -0.437276 0.745208 -0.189566
v -0.437367 0.744784 -0.190000
v -0.421536 0.741844 -0.189566
v -0.421627 0.741420 -0.190000
v -0.420862 0.741695 -0.189566
v -0.420958 0.741272 -0.190000
v -0.405553 0.738223 -0.189566
v -0.405649 0.737800 -0.190000
v -0.404947 0.737636 -0.190000
v -0.404845 0.738057 -0.189566
v -0.389968 0.734478 -0.189566
v -0.390069 0.734056 -0.190000
v -0.389225 0.734293 -0.189566
v -0.389332 0.733873 -0.190000
v -0.374779 0.730605 -0.189566
v -0.374886 0.730185 -0.190000
v -0.373999 0.730400 -0.189566
v -0.374112 0.729982 -0.190000
v -0.359984 0.726605 -0.189566
v -0.360097 0.726186 -0.190000
v -0.359164 0.726376 -0.189566
v -0.359284 0.725959 -0.190000
v -0.345581 0.722473 -0.189566
v -0.345701 0.722056 -0.190000
v -0.344846 0.721803 -0.190000
v -0.344719 0.722218 -0.189566
v -0.331567 0.718207 -0.189566
v -0.331694 0.717792 -0.190000
v -0.330661 0.717922 -0.189566
v -0.330795 0.717509 -0.190000
v -0.317940 0.713803 -0.189566
v -0.318074 0.713390 -0.190000
v -0.316987 0.713485 -0.189566
v -0.317128 0.713075 -0.190000
v -0.304697 0.709258 -0.189566
v -0.304838 0.708848 -0.190000
v -0.303694 0.708902 -0.189566
v -0.303843 0.708495 -0.190000
v -0.291835 0.704568 -0.189566
v -0.291985 0.704161 -0.190000
v -0.290937 0.703766 -0.190000
v -0.290780 0.704170 -0.189566
v -0.279352 0.699728 -0.189566
v -0.279510 0.699324 -0.190000
v -0.278242 0.699282 -0.189566
v -0.278408 0.698881 -0.190000
v -0.267246 0.694732 -0.189566
v -0.267412 0.694332 -0.190000
v -0.266078 0.694233 -0.189566
v -0.266252 0.693836 -0.190000
v -0.255512 0.689575 -0.189566
v -0.255688 0.689179 -0.190000
v -0.254284 0.689016 -0.189566
v -0.254468 0.688623 -0.190000
v -0.244150 0.684250 -0.189566
v -0.244335 0.683858 -0.190000
v -0.243053 0.683235 -0.190000
v -0.242859 0.683623 -0.189566
v -0.233156 0.678749 -0.189566
v -0.233352 0.678362 -0.190000
v -0.231801 0.678045 -0.189566
v -0.232006 0.677662 -0.190000
v -0.222529 0.673064 -0.189566
v -0.222735 0.672682 -0.190000
v -0.221109 0.672273 -0.189566
v -0.221324 0.671897 -0.190000
v -0.212268 0.667184 -0.189566
v -0.212486 0.666809 -0.190000
v -0.210782 0.666297 -0.189566
v -0.211009 0.665928 -0.190000
v -0.202373 0.661100 -0.189566
v -0.202602 0.660732 -0.190000
v -0.201061 0.659744 -0.190000
v -0.200821 0.660106 -0.189566
v -0.192843 0.654801 -0.189566
v -0.193085 0.654441 -0.190000
v -0.191229 0.653686 -0.189566
v -0.191481 0.653333 -0.190000
v -0.183683 0.648274 -0.189566
v -0.183937 0.647922 -0.190000
v -0.182010 0.647026 -0.189566
v -0.182275 0.646682 -0.190000
v -0.174895 0.641505 -0.189566
v -0.175162 0.641164 -0.190000
v -0.173170 0.640111 -0.189566
v -0.173448 0.639778 -0.190000
v -0.166486 0.634483 -0.189566
v -0.166767 0.634153 -0.190000
v -0.165009 0.632608 -0.190000
v -0.164717 0.632929 -0.189566
v -0.158464 0.627193 -0.189566
v -0.158759 0.626875 -0.190000
v -0.156665 0.625467 -0.189566
v -0.156971 0.625159 -0.190000
v -0.150844 0.619623 -0.189566
v -0.151153 0.619319 -0.190000
v -0.149028 0.617712 -0.189566
v -0.149348 0.617419 -0.190000
v -0.143638 0.611761 -0.189566
v -0.143961 0.611472 -0.190000
v -0.141827 0.609658 -0.189566
v -0.142160 0.609381 -0.190000
v -0.136867 0.603599 -0.189566
v -0.137205 0.603326 -0.190000
v -0.135430 0.601037 -0.190000
v -0.135082 0.601296 -0.189566
v -0.130554 0.595129 -0.189566
v -0.130905 0.594875 -0.190000
v -0.128820 0.592627 -0.189566
v -0.129181 0.592387 -0.190000
v -0.124723 0.586352 -0.189566
v -0.125089 0.586118 -0.190000
v -0.123070 0.583654 -0.189566
v -0.123444 0.583434 -0.190000
v -0.120188 0.578636 -0.189566
v -0.119612 0.578502 -0.189566
v -0.120115 0.577639 -0.190000
v 0.490600 0.990506 -0.189566
v 0.490834 0.990141 -0.190000
v 0.495253 0.993326 -0.189566
v 0.495459 0.992944 -0.190000
v 0.500329 0.995276 -0.190000
v 0.500160 0.995676 -0.189566
v 0.505274 0.997534 -0.189566
v 0.505401 0.997119 -0.190000
v 0.510545 0.998882 -0.189566
v 0.510634 0.998457 -0.190000
v 0.515924 0.999706 -0.189566
v 0.515967 0.999274 -0.190000
v 0.521357 1.000000 -0.189566
v 0.521358 0.999566 -0.190000
v 0.526793 0.999760 -0.189566
v 0.526753 0.999327 -0.190000
v 0.532179 0.998988 -0.189566
v 0.532096 0.998562 -0.190000
v 0.537463 0.997692 -0.189566
v 0.537339 0.997276 -0.190000
v 0.542430 0.995483 -0.190000
v 0.542595 0.995885 -0.189566
v 0.547525 0.993583 -0.189566
v 0.547323 0.993199 -0.190000
v 0.552206 0.990810 -0.189566
v 0.551965 0.990448 -0.190000
v 0.556592 0.987591 -0.189566
v 0.556319 0.987253 -0.190000
v 0.560642 0.983957 -0.189566
v 0.560335 0.983649 -0.190000
v 0.564315 0.979945 -0.189566
v 0.563982 0.979667 -0.190000
v 0.567578 0.975591 -0.189566
v 0.567218 0.975348 -0.190000
v 0.570398 0.970939 -0.189566
v 0.570016 0.970733 -0.190000
v 0.572349 0.965864 -0.190000
v 0.572749 0.966033 -0.189566
v 0.574607 0.960920 -0.189566
v 0.574192 0.960792 -0.190000
v 0.575955 0.955650 -0.189566
v 0.575529 0.955563 -0.190000
v 0.576780 0.950273 -0.189566
v 0.576348 0.950227 -0.190000
v 0.577074 0.944841 -0.189566
v 0.576640 0.944839 -0.190000
v 0.576833 0.939406 -0.189566
v 0.576401 0.939447 -0.190000
v 0.576062 0.934021 -0.189566
v 0.575635 0.934104 -0.190000
v 0.574766 0.928738 -0.189566
v 0.574350 0.928863 -0.190000
v 0.572556 0.923771 -0.190000
v 0.572958 0.923607 -0.189566
v 0.570656 0.918678 -0.189566
v 0.570272 0.918881 -0.190000
v 0.567881 0.913998 -0.189566
v 0.567519 0.914237 -0.190000
v 0.564662 0.909613 -0.189566
v 0.564325 0.909887 -0.190000
v 0.561028 0.905564 -0.189566
v 0.560719 0.905869 -0.190000
v 0.557014 0.901891 -0.189566
v 0.556737 0.902225 -0.190000
v 0.561360 0.438645 -0.189566
v 0.560928 0.438605 -0.190000
v 0.561550 0.434584 -0.189566
v 0.561116 0.434584 -0.190000
v 0.560928 0.430563 -0.190000
v 0.561360 0.430523 -0.189566
v 0.560791 0.426480 -0.189566
v 0.560364 0.426561 -0.190000
v 0.559845 0.422472 -0.189566
v 0.559427 0.422590 -0.190000
v 0.558527 0.418515 -0.189566
v 0.558122 0.418671 -0.190000
v 0.556842 0.414628 -0.189566
v 0.556451 0.414816 -0.190000
v 0.554797 0.410825 -0.189566
v 0.554423 0.411046 -0.190000
v 0.552401 0.407125 -0.189566
v 0.552047 0.407375 -0.190000
v 0.549665 0.403542 -0.189566
v 0.549329 0.403817 -0.190000
v 0.546285 0.400391 -0.190000
v 0.546599 0.400092 -0.189566
v 0.543218 0.396789 -0.189566
v 0.542926 0.397110 -0.190000
v 0.539535 0.393649 -0.189566
v 0.539264 0.393988 -0.190000
v 0.535567 0.390683 -0.189566
v 0.535318 0.391039 -0.190000
v 0.531330 0.387906 -0.189566
v 0.531102 0.388276 -0.190000
v 0.526843 0.385329 -0.189566
v 0.526638 0.385712 -0.190000
v 0.522124 0.382962 -0.189566
v 0.521939 0.383355 -0.190000
v 0.517194 0.380817 -0.189566
v 0.517032 0.381219 -0.190000
v 0.511934 0.379312 -0.190000
v 0.512074 0.378902 -0.189566
v 0.506787 0.377225 -0.189566
v 0.506665 0.377642 -0.190000
v 0.501354 0.375794 -0.189566
v 0.501252 0.376216 -0.190000
v 0.495799 0.374615 -0.189566
v 0.495719 0.375041 -0.190000
v 0.490145 0.373692 -0.189566
v 0.490087 0.374122 -0.190000
v 0.484418 0.373030 -0.189566
v 0.484377 0.373462 -0.190000
v 0.478640 0.372632 -0.189566
v 0.478621 0.373065 -0.190000
v 0.472838 0.372499 -0.189566
v 0.472838 0.372933 -0.190000
v 0.467055 0.373065 -0.190000
v 0.467036 0.372632 -0.189566
v 0.461259 0.373030 -0.189566
v 0.461300 0.373462 -0.190000
v 0.455532 0.373692 -0.189566
v 0.455590 0.374122 -0.190000
v 0.449878 0.374615 -0.189566
v 0.449958 0.375041 -0.190000
v 0.444323 0.375794 -0.189566
v 0.444425 0.376216 -0.190000
v 0.438890 0.377225 -0.189566
v 0.439011 0.377642 -0.190000
v 0.433602 0.378902 -0.189566
v 0.433743 0.379312 -0.190000
v 0.428483 0.380817 -0.189566
v 0.428644 0.381219 -0.190000
v 0.423738 0.383355 -0.190000
v 0.423553 0.382962 -0.189566
v 0.418834 0.385329 -0.189566
v 0.419038 0.385712 -0.190000
v 0.414347 0.387906 -0.189566
v 0.414574 0.388276 -0.190000
v 0.410110 0.390683 -0.189566
v 0.410359 0.391039 -0.190000
v 0.406142 0.393649 -0.189566
v 0.406412 0.393988 -0.190000
v 0.402459 0.396789 -0.189566
v 0.402751 0.397110 -0.190000
v 0.399078 0.400092 -0.189566
v 0.399392 0.400391 -0.190000
v 0.396012 0.403542 -0.189566
v 0.396348 0.403817 -0.190000
v 0.393630 0.407375 -0.190000
v 0.393275 0.407125 -0.189566
v 0.390880 0.410825 -0.189566
v 0.391253 0.411046 -0.190000
v 0.388835 0.414628 -0.189566
v 0.389226 0.414816 -0.190000
v 0.387150 0.418515 -0.189566
v 0.387555 0.418671 -0.190000
v 0.385831 0.422472 -0.189566
v 0.386249 0.422590 -0.190000
v 0.384886 0.426480 -0.189566
v 0.385313 0.426561 -0.190000
v 0.384317 0.430523 -0.189566
v 0.384749 0.430563 -0.190000
v 0.384127 0.434584 -0.189566
v 0.384561 0.434584 -0.190000
v 0.384749 0.438605 -0.190000
v 0.384317 0.438645 -0.189566
v 0.384886 0.442688 -0.189566
v 0.385313 0.442607 -0.190000
v 0.385831 0.446696 -0.189566
v 0.386249 0.446578 -0.190000
v 0.387150 0.450653 -0.189566
v 0.387555 0.450497 -0.190000
v 0.388835 0.454541 -0.189566
v 0.389226 0.454352 -0.190000
v 0.390880 0.458343 -0.189566
v 0.391253 0.458122 -0.190000
v 0.393275 0.462044 -0.189566
v 0.393630 0.461793 -0.190000
v 0.396012 0.465627 -0.189566
v 0.396348 0.465351 -0.190000
v 0.399392 0.468778 -0.190000
v 0.399078 0.469077 -0.189566
v 0.402459 0.472379 -0.189566
v 0.402751 0.472058 -0.190000
v 0.406142 0.475520 -0.189566
v 0.406412 0.475181 -0.190000
v 0.410110 0.478485 -0.189566
v 0.410359 0.478130 -0.190000
v 0.414347 0.481262 -0.189566
v 0.414574 0.480893 -0.190000
v 0.418834 0.483839 -0.189566
v 0.419038 0.483456 -0.190000
v 0.423553 0.486206 -0.189566
v 0.423738 0.485813 -0.190000
v 0.428483 0.488351 -0.189566
v 0.428644 0.487949 -0.190000
v 0.433743 0.489856 -0.190000
v 0.433602 0.490266 -0.189566
v 0.438890 0.491943 -0.189566
v 0.439011 0.491526 -0.190000
v 0.444323 0.493374 -0.189566
v 0.444425 0.492952 -0.190000
v 0.449878 0.494554 -0.189566
v 0.449958 0.494127 -0.190000
v 0.455532 0.495476 -0.189566
v 0.455590 0.495046 -0.190000
v 0.461259 0.496138 -0.189566
v 0.461300 0.495706 -0.190000
v 0.467036 0.496536 -0.189566
v 0.467055 0.496103 -0.190000
v 0.472838 0.496669 -0.189566
v 0.472838 0.496235 -0.190000
v 0.478621 0.496103 -0.190000
v 0.478640 0.496536 -0.189566
v 0.484418 0.496138 -0.189566
v 0.484377 0.495706 -0.190000
v 0.490145 0.495476 -0.189566
v 0.490087 0.495046 -0.190000
v 0.495799 0.494554 -0.189566
v 0.495719 0.494127 -0.190000
v 0.501354 0.493374 -0.189566
v 0.501252 0.492952 -0.190000
v 0.506787 0.491943 -0.189566
v 0.506665 0.491526 -0.190000
v 0.512074 0.490266 -0.189566
v 0.511934 0.489856 -0.190000
v 0.517194 0.488351 -0.189566
v 0.517032 0.487949 -0.190000
v 0.521939 0.485813 -0.190000
v 0.522124 0.486206 -0.189566
v 0.526843 0.483839 -0.189566
v 0.526638 0.483456 -0.190000
v 0.531330 0.481262 -0.189566
v 0.531102 0.480893 -0.190000
v 0.535567 0.478485 -0.189566
v 0.535318 0.478130 -0.190000
v 0.539535 0.475520 -0.189566
v 0.539264 0.475181 -0.190000
v 0.543218 0.472379 -0.189566
v 0.542926 0.472058 -0.190000
v 0.546599 0.469077 -0.189566
v 0.546285 0.468778 -0.190000
v 0.549665 0.465627 -0.189566
v 0.549329 0.465351 -0.190000
v 0.552047 0.461793 -0.190000
v 0.552401 0.462044 -0.189566
v 0.554797 0.458343 -0.189566
v 0.554423 0.458122 -0.190000
v 0.556842 0.454541 -0.189566
v 0.556451 0.454352 -0.190000
v 0.558527 0.450653 -0.189566
v 0.558122 0.450497 -0.190000
v 0.559845 0.446696 -0.189566
v 0.559427 0.446578 -0.190000
v 0.560791 0.442688 -0.189566
v 0.560364 0.442607 -0.190000
v -0.534038 0.235025 -0.189566
v -0.534472 0.235025 -0.190000
v -0.534228 0.230965 -0.189566
v -0.534660 0.231005 -0.190000
v -0.535223 0.227002 -0.190000
v -0.534797 0.226922 -0.189566
v -0.535742 0.222913 -0.189566
v -0.536160 0.223032 -0.190000
v -0.537060 0.218956 -0.189566
v -0.537466 0.219112 -0.190000
v -0.538746 0.215069 -0.189566
v -0.539136 0.215258 -0.190000
v -0.540790 0.211266 -0.189566
v -0.541164 0.211488 -0.190000
v -0.543186 0.207566 -0.189566
v -0.543541 0.207816 -0.190000
v -0.545923 0.203983 -0.189566
v -0.546258 0.204258 -0.190000
v -0.548988 0.200533 -0.189566
v -0.549302 0.200832 -0.190000
v -0.552662 0.197551 -0.190000
v -0.552370 0.197230 -0.189566
v -0.556052 0.194090 -0.189566
v -0.556323 0.194429 -0.190000
v -0.560021 0.191125 -0.189566
v -0.560270 0.191480 -0.190000
v -0.564258 0.188347 -0.189566
v -0.564485 0.188717 -0.190000
v -0.568745 0.185770 -0.189566
v -0.568949 0.186153 -0.190000
v -0.573464 0.183403 -0.189566
v -0.573649 0.183796 -0.190000
v -0.578393 0.181258 -0.189566
v -0.578555 0.181661 -0.190000
v -0.583513 0.179343 -0.189566
v -0.583654 0.179754 -0.190000
v -0.588922 0.178083 -0.190000
v -0.588801 0.177666 -0.189566
v -0.594234 0.176235 -0.189566
v -0.594336 0.176657 -0.190000
v -0.599789 0.175056 -0.189566
v -0.599869 0.175482 -0.190000
v -0.605442 0.174133 -0.189566
v -0.605501 0.174563 -0.190000
v -0.611170 0.173471 -0.189566
v -0.611211 0.173903 -0.190000
v -0.616947 0.173073 -0.189566
v -0.616966 0.173507 -0.190000
v -0.622749 0.172940 -0.189566
v -0.622749 0.173374 -0.190000
v -0.628551 0.173073 -0.189566
v -0.628532 0.173507 -0.190000
v -0.634287 0.173903 -0.190000
v -0.634328 0.173471 -0.189566
v -0.640056 0.174133 -0.189566
v -0.639998 0.174563 -0.190000
v -0.645710 0.175056 -0.189566
v -0.645630 0.175482 -0.190000
v -0.651265 0.176235 -0.189566
v -0.651163 0.176657 -0.190000
v -0.656698 0.177666 -0.189566
v -0.656577 0.178083 -0.190000
v -0.661985 0.179343 -0.189566
v -0.661845 0.179754 -0.190000
v -0.667105 0.181258 -0.189566
v -0.666943 0.181661 -0.190000
v -0.672035 0.183403 -0.189566
v -0.671849 0.183796 -0.190000
v -0.676549 0.186153 -0.190000
v -0.676753 0.185770 -0.189566
v -0.681241 0.188347 -0.189566
v -0.681014 0.188717 -0.190000
v -0.685478 0.191125 -0.189566
v -0.685228 0.191480 -0.190000
v -0.689446 0.194090 -0.189566
v -0.689175 0.194429 -0.190000
v -0.693129 0.197230 -0.189566
v -0.692837 0.197551 -0.190000
v -0.696510 0.200533 -0.189566
v -0.696196 0.200832 -0.190000
v -0.699576 0.203983 -0.189566
v -0.699241 0.204259 -0.190000
v -0.702312 0.207566 -0.189566
v -0.701957 0.207816 -0.190000
v -0.704335 0.211488 -0.190000
v -0.704708 0.211266 -0.189566
v -0.706753 0.215069 -0.189566
v -0.706362 0.215258 -0.190000
v -0.708438 0.218956 -0.189566
v -0.708032 0.219111 -0.190000
v -0.709756 0.222913 -0.189566
v -0.709339 0.223032 -0.190000
v -0.710702 0.226922 -0.189566
v -0.710275 0.227002 -0.190000
v -0.711271 0.230965 -0.189566
v -0.710838 0.231005 -0.190000
v -0.711461 0.235025 -0.189566
v -0.711027 0.235025 -0.190000
v -0.711271 0.239086 -0.189566
v -0.710838 0.239045 -0.190000
v -0.710275 0.243049 -0.190000
v -0.710702 0.243129 -0.189566
v -0.709756 0.247137 -0.189566
v -0.709339 0.247019 -0.190000
v -0.708438 0.251094 -0.189566
v -0.708032 0.250939 -0.190000
v -0.706753 0.254982 -0.189566
v -0.706362 0.254793 -0.190000
v -0.704708 0.258784 -0.189566
v -0.704335 0.258563 -0.190000
v -0.702312 0.262485 -0.189566
v -0.701957 0.262235 -0.190000
v -0.699576 0.266068 -0.189566
v -0.699241 0.265792 -0.190000
v -0.696510 0.269518 -0.189566
v -0.696196 0.269218 -0.190000
v -0.692837 0.272499 -0.190000
v -0.693129 0.272820 -0.189566
v -0.689446 0.275961 -0.189566
v -0.689175 0.275622 -0.190000
v -0.685478 0.278926 -0.189566
v -0.685228 0.278571 -0.190000
v -0.681241 0.281703 -0.189566
v -0.681014 0.281334 -0.190000
v -0.676753 0.284281 -0.189566
v -0.676549 0.283898 -0.190000
v -0.672035 0.286647 -0.189566
v -0.671849 0.286255 -0.190000
v -0.667105 0.288792 -0.189566
v -0.666943 0.288390 -0.190000
v -0.661985 0.290708 -0.189566
v -0.661845 0.290297 -0.190000
v -0.656576 0.291968 -0.190000
v -0.656698 0.292384 -0.189566
v -0.651265 0.293815 -0.189566
v -0.651163 0.293394 -0.190000
v -0.645710 0.294995 -0.189566
v -0.645630 0.294568 -0.190000
v -0.640056 0.295917 -0.189566
v -0.639998 0.295487 -0.190000
v -0.634328 0.296579 -0.189566
v -0.634287 0.296147 -0.190000
v -0.628551 0.296977 -0.189566
v -0.628532 0.296544 -0.190000
v -0.622749 0.297110 -0.189566
v -0.622749 0.296676 -0.190000
v -0.616947 0.296977 -0.189566
v -0.616966 0.296544 -0.190000
v -0.611211 0.296147 -0.190000
v -0.611170 0.296579 -0.189566
v -0.605442 0.295917 -0.189566
v -0.605501 0.295487 -0.190000
v -0.599789 0.294995 -0.189566
v -0.599869 0.294568 -0.190000
v -0.594234 0.293815 -0.189566
v -0.594336 0.293394 -0.190000
v -0.588801 0.292384 -0.189566
v -0.588922 0.291968 -0.190000
v -0.583513 0.290708 -0.189566
v -0.583654 0.290297 -0.190000
v -0.578393 0.288792 -0.189566
v -0.578555 0.288390 -0.190000
v -0.573464 0.286647 -0.189566
v -0.573649 0.286255 -0.190000
v -0.568949 0.283898 -0.190000
v -0.568745 0.284281 -0.189566
v -0.564258 0.281703 -0.189566
v -0.564484 0.281333 -0.190000
v -0.560021 0.278926 -0.189566
v -0.560270 0.278571 -0.190000
v -0.556052 0.275961 -0.189566
v -0.556323 0.275622 -0.190000
v -0.552370 0.272820 -0.189566
v -0.552662 0.272499 -0.190000
v -0.548988 0.269518 -0.189566
v -0.549302 0.269218 -0.190000
v -0.545923 0.266068 -0.189566
v -0.546258 0.265792 -0.190000
v -0.543186 0.262485 -0.189566
v -0.543541 0.262235 -0.190000
v -0.541164 0.258563 -0.190000
v -0.540790 0.258784 -0.189566
v -0.538746 0.254982 -0.189566
v -0.539136 0.254793 -0.190000
v -0.537060 0.251094 -0.189566
v -0.537466 0.250939 -0.190000
v -0.535742 0.247137 -0.189566
v -0.536160 0.247019 -0.190000
v -0.534797 0.243129 -0.189566
v -0.535223 0.243049 -0.190000
v -0.534228 0.239086 -0.189566
v -0.534660 0.239045 -0.190000
v -0.530315 -0.555912 -0.189566
v -0.530629 -0.555613 -0.190000
v -0.542522 -0.568934 -0.189566
v -0.542841 -0.568639 -0.190000
v -0.555447 -0.582485 -0.190000
v -0.555133 -0.582785 -0.189566
v -0.558989 -0.586624 -0.189566
v -0.559280 -0.586301 -0.190000
v -0.563202 -0.590066 -0.189566
v -0.563460 -0.589716 -0.190000
v -0.567733 -0.593079 -0.189566
v -0.567955 -0.592705 -0.190000
v -0.572537 -0.595633 -0.189566
v -0.572722 -0.595240 -0.190000
v -0.577568 -0.597704 -0.189566
v -0.577713 -0.597294 -0.190000
v -0.582778 -0.599272 -0.189566
v -0.582883 -0.598850 -0.190000
v -0.588117 -0.600322 -0.189566
v -0.588180 -0.599892 -0.190000
v -0.593553 -0.600410 -0.190000
v -0.593533 -0.600843 -0.189566
v -0.598974 -0.600832 -0.189566
v -0.598952 -0.600398 -0.190000
v -0.604388 -0.600287 -0.189566
v -0.604323 -0.599858 -0.190000
v -0.609722 -0.599214 -0.189566
v -0.609616 -0.598793 -0.190000
v -0.614926 -0.597624 -0.189566
v -0.614778 -0.597216 -0.190000
v -0.619948 -0.595532 -0.189566
v -0.619761 -0.595140 -0.190000
v -0.624741 -0.592957 -0.189566
v -0.624517 -0.592585 -0.190000
v -0.629259 -0.589925 -0.189566
v -0.629000 -0.589577 -0.190000
v -0.633165 -0.586144 -0.190000
v -0.633457 -0.586465 -0.189566
v -0.637297 -0.582611 -0.189566
v -0.636974 -0.582320 -0.190000
v -0.640740 -0.578398 -0.189566
v -0.640390 -0.578140 -0.190000
v -0.643753 -0.573869 -0.189566
v -0.643380 -0.573646 -0.190000
v -0.646307 -0.569066 -0.189566
v -0.645915 -0.568881 -0.190000
v -0.648379 -0.564035 -0.189566
v -0.647970 -0.563890 -0.190000
v -0.649947 -0.558826 -0.189566
v -0.649526 -0.558721 -0.190000
v -0.650998 -0.553489 -0.189566
v -0.650568 -0.553426 -0.190000
v -0.651085 -0.548053 -0.190000
v -0.651519 -0.548074 -0.189566
v -0.651508 -0.542634 -0.189566
v -0.651074 -0.542656 -0.190000
v -0.650963 -0.537221 -0.189566
v -0.650533 -0.537286 -0.190000
v -0.649890 -0.531888 -0.189566
v -0.649469 -0.531995 -0.190000
v -0.648300 -0.526686 -0.189566
v -0.647891 -0.526833 -0.190000
v -0.646207 -0.521664 -0.189566
v -0.645814 -0.521851 -0.190000
v -0.643632 -0.516872 -0.189566
v -0.643259 -0.517096 -0.190000
v -0.640599 -0.512355 -0.189566
v -0.640251 -0.512615 -0.190000
v -0.636811 -0.508442 -0.190000
v -0.637138 -0.508158 -0.189566
v -0.624255 -0.494007 -0.189566
v -0.623934 -0.494299 -0.190000
v -0.623706 -0.493412 -0.189566
v -0.623389 -0.493709 -0.190000
v -0.610930 -0.479785 -0.189566
v -0.610614 -0.480082 -0.190000
v -0.610344 -0.479169 -0.189566
v -0.610032 -0.479471 -0.190000
v -0.597677 -0.466066 -0.189566
v -0.597365 -0.466367 -0.190000
v -0.597051 -0.465429 -0.189566
v -0.596744 -0.465735 -0.190000
v -0.584491 -0.452848 -0.189566
v -0.584184 -0.453155 -0.190000
v -0.583520 -0.452501 -0.190000
v -0.583822 -0.452190 -0.189566
v -0.571370 -0.440133 -0.189566
v -0.571068 -0.440445 -0.190000
v -0.570654 -0.439452 -0.189566
v -0.570358 -0.439768 -0.190000
v -0.558310 -0.427919 -0.189566
v -0.558014 -0.428236 -0.190000
v -0.557543 -0.427215 -0.189566
v -0.557252 -0.427538 -0.190000
v -0.545307 -0.416206 -0.189566
v -0.545017 -0.416528 -0.190000
v -0.544484 -0.415480 -0.189566
v -0.544200 -0.415808 -0.190000
v -0.532356 -0.404994 -0.189566
v -0.532072 -0.405323 -0.190000
v -0.531196 -0.404581 -0.190000
v -0.531473 -0.404247 -0.189566
v -0.519453 -0.394285 -0.189566
v -0.519176 -0.394619 -0.190000
v -0.518505 -0.393517 -0.189566
v -0.518235 -0.393857 -0.190000
v -0.506592 -0.384078 -0.189566
v -0.506323 -0.384418 -0.190000
v -0.505574 -0.383290 -0.189566
v -0.505313 -0.383636 -0.190000
v -0.493769 -0.374375 -0.189566
v -0.493508 -0.374721 -0.190000
v -0.492675 -0.373569 -0.189566
v -0.492422 -0.373922 -0.190000
v -0.480977 -0.365178 -0.189566
v -0.480725 -0.365530 -0.190000
v -0.479557 -0.364715 -0.190000
v -0.479801 -0.364356 -0.189566
v -0.468211 -0.356488 -0.189566
v -0.467968 -0.356847 -0.190000
v -0.466946 -0.355653 -0.189566
v -0.466711 -0.356019 -0.190000
v -0.455464 -0.348309 -0.189566
v -0.455231 -0.348674 -0.190000
v -0.454103 -0.347465 -0.189566
v -0.453879 -0.347837 -0.190000
v -0.442729 -0.340644 -0.189566
v -0.442507 -0.341016 -0.190000
v -0.441266 -0.339797 -0.189566
v -0.441054 -0.340175 -0.190000
v -0.430000 -0.333499 -0.189566
v -0.429789 -0.333878 -0.190000
v -0.428228 -0.333038 -0.190000
v -0.428428 -0.332653 -0.189566
v -0.417270 -0.326879 -0.189566
v -0.417071 -0.327264 -0.190000
v -0.415583 -0.326042 -0.189566
v -0.415396 -0.326433 -0.190000
v -0.404533 -0.320791 -0.189566
v -0.404347 -0.321184 -0.190000
v -0.402725 -0.319972 -0.189566
v -0.402552 -0.320369 -0.190000
v -0.391782 -0.315244 -0.189566
v -0.391612 -0.315643 -0.190000
v -0.389849 -0.314452 -0.189566
v -0.389691 -0.314856 -0.190000
v -0.379014 -0.310248 -0.189566
v -0.378858 -0.310653 -0.190000
v -0.376809 -0.309905 -0.190000
v -0.376951 -0.309495 -0.189566
v -0.366224 -0.305815 -0.189566
v -0.366085 -0.306225 -0.190000
v -0.364030 -0.305112 -0.189566
v -0.363905 -0.305528 -0.190000
v -0.353410 -0.301956 -0.189566
v -0.353288 -0.302372 -0.190000
v -0.351084 -0.301319 -0.189566
v -0.350977 -0.301739 -0.190000
v -0.340573 -0.298686 -0.189566
v -0.340469 -0.299107 -0.190000
v -0.338118 -0.298130 -0.189566
v -0.338030 -0.298555 -0.190000
v -0.327715 -0.296020 -0.189566
v -0.327631 -0.296446 -0.190000
v -0.325069 -0.295989 -0.190000
v -0.325137 -0.295561 -0.189566
v -0.314842 -0.293975 -0.189566
v -0.314778 -0.294404 -0.190000
v -0.312151 -0.293627 -0.189566
v -0.312104 -0.294059 -0.190000
v -0.301963 -0.292565 -0.189566
v -0.301920 -0.292997 -0.190000
v -0.299171 -0.292345 -0.189566
v -0.299146 -0.292778 -0.190000
v -0.289091 -0.291806 -0.189566
v -0.289071 -0.292239 -0.190000
v -0.286216 -0.291727 -0.189566
v -0.286213 -0.292161 -0.190000
v -0.276244 -0.291712 -0.189566
v -0.276246 -0.292145 -0.190000
v -0.273325 -0.292218 -0.190000
v -0.273305 -0.291785 -0.189566
v -0.263441 -0.292293 -0.189566
v -0.263466 -0.292726 -0.190000
v -0.260462 -0.292527 -0.189566
v -0.260505 -0.292959 -0.190000
v -0.250705 -0.293559 -0.189566
v -0.250754 -0.293990 -0.190000
v -0.247712 -0.293958 -0.189566
v -0.247779 -0.294387 -0.190000
v -0.238063 -0.295513 -0.189566
v -0.238135 -0.295941 -0.190000
v -0.235083 -0.296078 -0.189566
v -0.235172 -0.296502 -0.190000
v -0.225541 -0.298156 -0.189566
v -0.225637 -0.298580 -0.190000
v -0.222712 -0.299301 -0.190000
v -0.222600 -0.298882 -0.189566
v -0.213166 -0.301484 -0.189566
v -0.213284 -0.301902 -0.190000
v -0.210289 -0.302363 -0.189566
v -0.210424 -0.302775 -0.190000
v -0.200964 -0.305488 -0.189566
v -0.201104 -0.305899 -0.190000
v -0.198175 -0.306507 -0.189566
v -0.198332 -0.306912 -0.190000
v -0.188957 -0.310157 -0.189566
v -0.189119 -0.310559 -0.190000
v -0.186276 -0.311300 -0.189566
v -0.186455 -0.311696 -0.190000
v -0.177166 -0.315473 -0.189566
v -0.177349 -0.315866 -0.190000
v -0.174809 -0.317110 -0.190000
v -0.174611 -0.316724 -0.189566
v -0.165609 -0.321420 -0.189566
v -0.165811 -0.321804 -0.190000
v -0.163190 -0.322760 -0.189566
v -0.163408 -0.323135 -0.190000
v -0.154296 -0.327980 -0.189566
v -0.154517 -0.328353 -0.190000
v -0.152023 -0.329388 -0.189566
v -0.152259 -0.329753 -0.190000
v -0.143237 -0.335132 -0.189566
v -0.143476 -0.335494 -0.190000
v -0.141114 -0.336591 -0.189566
v -0.141366 -0.336944 -0.190000
v -0.132435 -0.342858 -0.189566
v -0.132691 -0.343209 -0.190000
v -0.130731 -0.344691 -0.190000
v -0.130463 -0.344350 -0.189566
v -0.121893 -0.351140 -0.189566
v -0.122163 -0.351479 -0.190000
v -0.120070 -0.352649 -0.189566
v -0.120352 -0.352978 -0.190000
v -0.111607 -0.359963 -0.189566
v -0.111891 -0.360291 -0.190000
v -0.109928 -0.361475 -0.189566
v -0.110224 -0.361792 -0.190000
v -0.101573 -0.369312 -0.189566
v -0.101871 -0.369628 -0.190000
v -0.100033 -0.370814 -0.189566
v -0.100341 -0.371120 -0.190000
v -0.091786 -0.379175 -0.189566
v -0.092095 -0.379479 -0.190000
v -0.090696 -0.380951 -0.190000
v -0.090377 -0.380657 -0.189566
v -0.082237 -0.389542 -0.189566
v -0.082558 -0.389834 -0.190000
v -0.080951 -0.390996 -0.189566
v -0.081280 -0.391279 -0.190000
v -0.072919 -0.400405 -0.189566
v -0.073250 -0.400685 -0.190000
v -0.071747 -0.401824 -0.189566
v -0.072085 -0.402096 -0.190000
v -0.063823 -0.411756 -0.189566
v -0.064163 -0.412026 -0.190000
v -0.062757 -0.413137 -0.189566
v -0.063104 -0.413397 -0.190000
v -0.054940 -0.423592 -0.189566
v -0.055295 -0.423842 -0.190000
v -0.052187 -0.428470 -0.190000
v -0.051815 -0.428246 -0.189566
v -0.049176 -0.433192 -0.189566
v -0.049569 -0.433377 -0.190000
v -0.047050 -0.438380 -0.189566
v -0.047459 -0.438524 -0.190000
v -0.045458 -0.443755 -0.189566
v -0.045877 -0.443867 -0.190000
v -0.042974 -0.454030 -0.189566
v -0.043394 -0.454138 -0.190000
v -0.040567 -0.462740 -0.189566
v -0.040983 -0.462862 -0.190000
v -0.038068 -0.470665 -0.189566
v -0.038479 -0.470803 -0.190000
v -0.035508 -0.477790 -0.189566
v -0.035913 -0.477946 -0.190000
v -0.033319 -0.484277 -0.190000
v -0.032922 -0.484103 -0.189566
v -0.030354 -0.489595 -0.189566
v -0.030742 -0.489789 -0.190000
v -0.027855 -0.494263 -0.189566
v -0.028232 -0.494478 -0.190000
v -0.025485 -0.498116 -0.189566
v -0.025847 -0.498356 -0.190000
v -0.023308 -0.501180 -0.189566
v -0.023653 -0.501444 -0.190000
v -0.021388 -0.503501 -0.189566
v -0.021711 -0.503791 -0.190000
v -0.019780 -0.505155 -0.189566
v -0.020079 -0.505470 -0.190000
v -0.018518 -0.506244 -0.189566
v -0.018785 -0.506587 -0.190000
v -0.017832 -0.507264 -0.190000
v -0.017598 -0.506899 -0.189566
v -0.016968 -0.507259 -0.189566
v -0.017163 -0.507646 -0.190000
v -0.016521 -0.507456 -0.189566
v -0.016676 -0.507862 -0.190000
v -0.016105 -0.507590 -0.189566
v -0.016216 -0.508010 -0.190000
v -0.015538 -0.507709 -0.189566
v -0.015606 -0.508138 -0.190000
v -0.014643 -0.507805 -0.189566
v -0.014668 -0.508238 -0.190000
v -0.013271 -0.507818 -0.189566
v -0.013255 -0.508251 -0.190000
v -0.011314 -0.507658 -0.189566
v -0.011260 -0.508089 -0.190000
v -0.008623 -0.507648 -0.190000
v -0.008711 -0.507223 -0.189566
v -0.005443 -0.506415 -0.189566
v -0.005325 -0.506833 -0.190000
v -0.001519 -0.505148 -0.189566
v -0.001372 -0.505556 -0.190000
v 0.003033 -0.503353 -0.189566
v 0.003204 -0.503752 -0.190000
v 0.008175 -0.500978 -0.189566
v 0.008368 -0.501367 -0.190000
v 0.013865 -0.497988 -0.189566
v 0.014076 -0.498367 -0.190000
v 0.020063 -0.494355 -0.189566
v 0.020290 -0.494725 -0.190000
v 0.026729 -0.490065 -0.189566
v 0.026970 -0.490426 -0.190000
v 0.034084 -0.485458 -0.190000
v 0.033829 -0.485107 -0.189566
v 0.041334 -0.479476 -0.189566
v 0.041600 -0.479819 -0.190000
v 0.049217 -0.473171 -0.189566
v 0.049493 -0.473506 -0.190000
v 0.057457 -0.466191 -0.189566
v 0.057742 -0.466518 -0.190000
v 0.066034 -0.458538 -0.189566
v 0.066326 -0.458859 -0.190000
v 0.074931 -0.450215 -0.189566
v 0.075231 -0.450529 -0.190000
v 0.084135 -0.441225 -0.189566
v 0.084442 -0.441532 -0.190000
v 0.093635 -0.431570 -0.189566
v 0.093947 -0.431872 -0.190000
v 0.103737 -0.421550 -0.190000
v 0.103420 -0.421254 -0.189566
v 0.113482 -0.410280 -0.189566
v 0.113804 -0.410571 -0.190000
v 0.123813 -0.398650 -0.189566
v 0.124140 -0.398936 -0.190000
v 0.134408 -0.386369 -0.189566
v 0.134738 -0.386650 -0.190000
v 0.145260 -0.373437 -0.189566
v 0.145594 -0.373714 -0.190000
v 0.156366 -0.359858 -0.189566
v 0.156703 -0.360131 -0.190000
v 0.167721 -0.345634 -0.189566
v 0.168061 -0.345903 -0.190000
v 0.179321 -0.330768 -0.189566
v 0.179664 -0.331033 -0.190000
v 0.191510 -0.315522 -0.190000
v 0.191164 -0.315260 -0.189566
v 0.203246 -0.299113 -0.189566
v 0.203595 -0.299372 -0.190000
v 0.215566 -0.282329 -0.189566
v 0.215917 -0.282584 -0.190000
v 0.228255 -0.264724 -0.189566
v 0.228600 -0.264987 -0.190000
v 0.231876 -0.260216 -0.189566
v 0.232200 -0.260505 -0.190000
v 0.235948 -0.256108 -0.189566
v 0.236240 -0.256430 -0.190000
v 0.240425 -0.252448 -0.189566
v 0.240683 -0.252798 -0.190000
v 0.245260 -0.249273 -0.189566
v 0.245479 -0.249648 -0.190000
v 0.250578 -0.247016 -0.190000
v 0.250399 -0.246620 -0.189566
v 0.255787 -0.244516 -0.189566
v 0.255924 -0.244928 -0.190000
v 0.261364 -0.242985 -0.189566
v 0.261468 -0.243406 -0.190000
v 0.267652 -0.241606 -0.189566
v 0.267743 -0.242031 -0.190000
v 0.269325 -0.241267 -0.189566
v 0.269406 -0.241693 -0.190000
v 0.275621 -0.240089 -0.189566
v 0.275699 -0.240515 -0.190000
v 0.277319 -0.239798 -0.189566
v 0.277387 -0.240226 -0.190000
v 0.283622 -0.238820 -0.189566
v 0.283687 -0.239249 -0.190000
v 0.285396 -0.239011 -0.190000
v 0.285341 -0.238581 -0.189566
v 0.291652 -0.237803 -0.189566
v 0.291704 -0.238234 -0.190000
v 0.293387 -0.237617 -0.189566
v 0.293428 -0.238049 -0.190000
v 0.299705 -0.237040 -0.189566
v 0.299743 -0.237472 -0.190000
v 0.301451 -0.236908 -0.189566
v 0.301478 -0.237341 -0.190000
v 0.307777 -0.236531 -0.189566
v 0.307801 -0.236964 -0.190000
v 0.309529 -0.236454 -0.189566
v 0.309542 -0.236888 -0.190000
v 0.315862 -0.236277 -0.189566
v 0.315873 -0.236711 -0.190000
v 0.317614 -0.236690 -0.190000
v 0.317614 -0.236256 -0.189566
v 0.323956 -0.236279 -0.189566
v 0.323953 -0.236713 -0.190000
v 0.325703 -0.236313 -0.189566
v 0.325689 -0.236746 -0.190000
v 0.332052 -0.236536 -0.189566
v 0.332035 -0.236969 -0.190000
v 0.333789 -0.236624 -0.189566
v 0.333761 -0.237057 -0.190000
v 0.340146 -0.237048 -0.189566
v 0.340116 -0.237481 -0.190000
v 0.341868 -0.237190 -0.189566
v 0.341827 -0.237621 -0.190000
v 0.348232 -0.237813 -0.189566
v 0.348188 -0.238245 -0.190000
v 0.349880 -0.238437 -0.190000
v 0.349934 -0.238007 -0.189566
v 0.356307 -0.238830 -0.189566
v 0.356250 -0.239260 -0.190000
v 0.357985 -0.239073 -0.189566
v 0.357917 -0.239502 -0.190000
v 0.364365 -0.240097 -0.189566
v 0.364295 -0.240525 -0.190000
v 0.366014 -0.240388 -0.189566
v 0.365934 -0.240814 -0.190000
v 0.372402 -0.241612 -0.189566
v 0.372319 -0.242038 -0.190000
v 0.374020 -0.241947 -0.189566
v 0.373927 -0.242371 -0.190000
v 0.380415 -0.243371 -0.189566
v 0.380320 -0.243794 -0.190000
v 0.381891 -0.244169 -0.190000
v 0.381997 -0.243748 -0.189566
v 0.388400 -0.245372 -0.189566
v 0.388292 -0.245793 -0.190000
v 0.389944 -0.245788 -0.189566
v 0.389826 -0.246205 -0.190000
v 0.396355 -0.247613 -0.189566
v 0.396235 -0.248030 -0.190000
v 0.397858 -0.248063 -0.189566
v 0.397728 -0.248477 -0.190000
v 0.404276 -0.250088 -0.189566
v 0.404145 -0.250502 -0.190000
v 0.405736 -0.250571 -0.189566
v 0.405595 -0.250982 -0.190000
v 0.412162 -0.252796 -0.189566
v 0.412019 -0.253206 -0.190000
v 0.413426 -0.253714 -0.190000
v 0.413578 -0.253308 -0.189566
v 0.420012 -0.255733 -0.189566
v 0.419858 -0.256139 -0.190000
v 0.421382 -0.256271 -0.189566
v 0.421219 -0.256673 -0.190000
v 0.427824 -0.258896 -0.189566
v 0.427659 -0.259297 -0.190000
v 0.429147 -0.259456 -0.189566
v 0.428974 -0.259853 -0.190000
v 0.435597 -0.262281 -0.189566
v 0.435422 -0.262678 -0.190000
v 0.436873 -0.262860 -0.189566
v 0.436690 -0.263253 -0.190000
v 0.443330 -0.265886 -0.189566
v 0.443146 -0.266278 -0.190000
v 0.444367 -0.266869 -0.190000
v 0.444560 -0.266480 -0.189566
v 0.451025 -0.269706 -0.189566
v 0.450831 -0.270094 -0.190000
v 0.452208 -0.270315 -0.189566
v 0.452006 -0.270698 -0.190000
v 0.458681 -0.273741 -0.189566
v 0.458477 -0.274124 -0.190000
v 0.459817 -0.274359 -0.189566
v 0.459606 -0.274738 -0.190000
v 0.466297 -0.277986 -0.189566
v 0.466085 -0.278364 -0.190000
v 0.467388 -0.278613 -0.189566
v 0.467169 -0.278987 -0.190000
v 0.473876 -0.282439 -0.189566
v 0.473655 -0.282812 -0.190000
v 0.474694 -0.283441 -0.190000
v 0.474922 -0.283072 -0.189566
v 0.481418 -0.287098 -0.189566
v 0.481189 -0.287467 -0.190000
v 0.482420 -0.287735 -0.189566
v 0.482184 -0.288099 -0.190000
v 0.488923 -0.291961 -0.189566
v 0.488687 -0.292325 -0.190000
v 0.489883 -0.292599 -0.189566
v 0.489640 -0.292958 -0.190000
v 0.496394 -0.297026 -0.189566
v 0.496150 -0.297385 -0.190000
v 0.497312 -0.297664 -0.189566
v 0.497062 -0.298018 -0.190000
v 0.503831 -0.302292 -0.189566
v 0.503579 -0.302645 -0.190000
v 0.504452 -0.303277 -0.190000
v 0.504709 -0.302928 -0.189566
v 0.511236 -0.307755 -0.189566
v 0.510977 -0.308104 -0.190000
v 0.512075 -0.308388 -0.189566
v 0.511811 -0.308733 -0.190000
v 0.518609 -0.313416 -0.189566
v 0.518344 -0.313759 -0.190000
v 0.519411 -0.314045 -0.189566
v 0.519141 -0.314384 -0.190000
v 0.525953 -0.319273 -0.189566
v 0.525682 -0.319611 -0.190000
v 0.526719 -0.319896 -0.189566
v 0.526443 -0.320230 -0.190000
v 0.533268 -0.325324 -0.189566
v 0.532991 -0.325658 -0.190000
v 0.533718 -0.326271 -0.190000
v 0.534000 -0.325941 -0.189566
v 0.540557 -0.331569 -0.189566
v 0.540275 -0.331898 -0.190000
v 0.541256 -0.332179 -0.189566
v 0.540968 -0.332504 -0.190000
v 0.547821 -0.338007 -0.189566
v 0.547533 -0.338332 -0.190000
v 0.548488 -0.338610 -0.189566
v 0.548195 -0.338930 -0.190000
v 0.555061 -0.344638 -0.189566
v 0.554767 -0.344957 -0.190000
v 0.555698 -0.345232 -0.189566
v 0.555400 -0.345547 -0.190000
v 0.562278 -0.351460 -0.189566
v 0.561980 -0.351775 -0.190000
v 0.562584 -0.352355 -0.190000
v 0.562886 -0.352045 -0.189566
v 0.569474 -0.358473 -0.189566
v 0.569171 -0.358784 -0.190000
v 0.570055 -0.359049 -0.189566
v 0.569748 -0.359355 -0.190000
v 0.576651 -0.365677 -0.189566
v 0.576343 -0.365983 -0.190000
v 0.577206 -0.366243 -0.189566
v 0.576894 -0.366545 -0.190000
v 0.583809 -0.373072 -0.189566
v 0.583497 -0.373374 -0.190000
v 0.584339 -0.373628 -0.189566
v 0.584023 -0.373925 -0.190000
v 0.590950 -0.380657 -0.189566
v 0.590633 -0.380954 -0.190000
v 0.591136 -0.381495 -0.190000
v 0.591456 -0.381202 -0.189566
v 0.598074 -0.388432 -0.189566
v 0.597754 -0.388724 -0.190000
v 0.598558 -0.388966 -0.189566
v 0.598234 -0.389255 -0.190000
v 0.602597 -0.393496 -0.189566
v 0.603304 -0.393704 -0.189566
v 0.602742 -0.394309 -0.190000
v 0.608235 -0.392345 -0.189566
v 0.608350 -0.392763 -0.190000
v 0.608396 -0.392301 -0.189566
v 0.608510 -0.392719 -0.190000
v 0.617533 -0.389812 -0.189566
v 0.617647 -0.390231 -0.190000
v 0.617705 -0.389766 -0.189566
v 0.617817 -0.390185 -0.190000
v 0.626685 -0.387800 -0.190000
v 0.626572 -0.387381 -0.189566
v 0.626755 -0.387332 -0.189566
v 0.626866 -0.387751 -0.190000
v 0.635353 -0.385051 -0.189566
v 0.635464 -0.385470 -0.190000
v 0.635548 -0.385000 -0.189566
v 0.635658 -0.385419 -0.190000
v 0.643876 -0.382823 -0.189566
v 0.643986 -0.383242 -0.190000
v 0.644085 -0.382769 -0.189566
v 0.644193 -0.383189 -0.190000
v 0.652144 -0.380696 -0.189566
v 0.652252 -0.381116 -0.190000
v 0.652368 -0.380639 -0.189566
v 0.652475 -0.381059 -0.190000
v 0.660264 -0.379090 -0.190000
v 0.660157 -0.378669 -0.189566
v 0.660398 -0.378609 -0.189566
v 0.660503 -0.379030 -0.190000
v 0.667918 -0.376744 -0.189566
v 0.668023 -0.377165 -0.190000
v 0.668178 -0.376680 -0.189566
v 0.668280 -0.377102 -0.190000
v 0.675428 -0.374919 -0.189566
v 0.675531 -0.375341 -0.190000
v 0.675709 -0.374852 -0.189566
v 0.675809 -0.375274 -0.190000
v 0.682690 -0.373195 -0.189566
v 0.682790 -0.373617 -0.190000
v 0.682994 -0.373123 -0.189566
v 0.683092 -0.373546 -0.190000
v 0.689803 -0.371992 -0.190000
v 0.689705 -0.371570 -0.189566
v 0.690037 -0.371494 -0.189566
v 0.690132 -0.371917 -0.190000
v 0.696479 -0.370045 -0.189566
v 0.696574 -0.370468 -0.190000
v 0.696841 -0.369965 -0.189566
v 0.696933 -0.370388 -0.190000
v 0.703013 -0.368619 -0.189566
v 0.703105 -0.369043 -0.190000
v 0.703410 -0.368534 -0.189566
v 0.703499 -0.368959 -0.190000
v 0.709312 -0.367293 -0.189566
v 0.709401 -0.367717 -0.190000
v 0.709749 -0.367203 -0.189566
v 0.709835 -0.367628 -0.190000
v 0.715468 -0.366490 -0.190000
v 0.715382 -0.366065 -0.189566
v 0.715866 -0.365970 -0.189566
v 0.715948 -0.366395 -0.190000
v 0.721229 -0.364936 -0.189566
v 0.721311 -0.365362 -0.190000
v 0.721766 -0.364835 -0.189566
v 0.721845 -0.365262 -0.190000
v 0.726860 -0.363906 -0.189566
v 0.726938 -0.364332 -0.190000
v 0.727461 -0.363799 -0.189566
v 0.727535 -0.364227 -0.190000
v 0.732286 -0.362974 -0.189566
v 0.732359 -0.363401 -0.190000
v 0.732962 -0.362862 -0.189566
v 0.733030 -0.363291 -0.190000
v 0.737584 -0.362569 -0.190000
v 0.737517 -0.362140 -0.189566
v 0.738283 -0.362025 -0.189566
v 0.738345 -0.362454 -0.190000
v 0.742568 -0.361407 -0.189566
v 0.742629 -0.361836 -0.190000
v 0.743442 -0.361288 -0.189566
v 0.743498 -0.361718 -0.190000
v 0.747458 -0.360774 -0.189566
v 0.747512 -0.361204 -0.190000
v 0.748465 -0.360654 -0.189566
v 0.748513 -0.361086 -0.190000
v 0.752211 -0.360244 -0.189566
v 0.752257 -0.360676 -0.190000
v 0.753381 -0.360129 -0.189566
v 0.753421 -0.360561 -0.190000
v 0.756895 -0.360255 -0.190000
v 0.756858 -0.359823 -0.189566
v 0.758233 -0.359719 -0.189566
v 0.758262 -0.360152 -0.190000
v 0.761441 -0.359517 -0.189566
v 0.761466 -0.359950 -0.190000
v 0.763076 -0.359438 -0.189566
v 0.763093 -0.359872 -0.190000
v 0.766014 -0.359340 -0.189566
v 0.766025 -0.359774 -0.190000
v 0.767986 -0.359309 -0.189566
v 0.767988 -0.359743 -0.190000
v 0.770654 -0.359315 -0.189566
v 0.770649 -0.359749 -0.190000
v 0.773068 -0.359373 -0.189566
v 0.773053 -0.359806 -0.190000
v 0.775440 -0.359915 -0.190000
v 0.775467 -0.359482 -0.189566
v 0.778470 -0.359702 -0.189566
v 0.778433 -0.360134 -0.190000
v 0.780599 -0.359915 -0.189566
v 0.780546 -0.360346 -0.190000
v 0.784397 -0.360429 -0.189566
v 0.784334 -0.360859 -0.190000
v 0.786257 -0.360747 -0.189566
v 0.786174 -0.361173 -0.190000
v 0.791131 -0.361807 -0.189566
v 0.791029 -0.362229 -0.190000
v 0.792721 -0.362228 -0.189566
v 0.792598 -0.362645 -0.190000
v 0.799013 -0.364306 -0.189566
v 0.798864 -0.364713 -0.190000
v 0.800165 -0.365231 -0.190000
v 0.800334 -0.364831 -0.189566
v 0.804407 -0.366645 -0.189566
v 0.804214 -0.367034 -0.190000
v 0.808320 -0.368779 -0.189566
v 0.808105 -0.369156 -0.190000
v 0.809371 -0.369409 -0.189566
v 0.809138 -0.369774 -0.190000
v 0.814289 -0.372723 -0.189566
v 0.814028 -0.373070 -0.190000
v 0.818825 -0.376543 -0.189566
v 0.818537 -0.376868 -0.190000
v 0.819606 -0.377277 -0.189566
v 0.819302 -0.377586 -0.190000
v 0.823066 -0.380826 -0.189566
v 0.822742 -0.381115 -0.190000
v 0.825846 -0.384930 -0.190000
v 0.826195 -0.384671 -0.189566
v 0.828967 -0.388780 -0.189566
v 0.828602 -0.389014 -0.190000
v 0.829480 -0.389617 -0.189566
v 0.829104 -0.389835 -0.190000
v 0.832104 -0.394427 -0.189566
v 0.831712 -0.394615 -0.190000
v 0.834241 -0.399472 -0.189566
v 0.833833 -0.399623 -0.190000
v 0.835868 -0.404704 -0.189566
v 0.835451 -0.404823 -0.190000
v 0.836111 -0.405645 -0.189566
v 0.835688 -0.405742 -0.190000
v 0.837161 -0.410671 -0.189566
v 0.836732 -0.410741 -0.190000
v 0.837308 -0.415801 -0.190000
v 0.837741 -0.415772 -0.189566
v 0.837847 -0.420906 -0.189566
v 0.837413 -0.420906 -0.190000
v 0.837819 -0.421951 -0.189566
v 0.837386 -0.421927 -0.190000
v 0.837302 -0.428209 -0.189566
v 0.836872 -0.428148 -0.190000
v 0.836080 -0.434368 -0.189566
v 0.835657 -0.434272 -0.190000
v 0.835784 -0.435517 -0.189566
v 0.835367 -0.435399 -0.190000
v 0.834399 -0.440070 -0.189566
v 0.833989 -0.439926 -0.190000
v 0.832627 -0.444487 -0.189566
v 0.832229 -0.444316 -0.190000
v 0.831672 -0.445548 -0.190000
v 0.832061 -0.445740 -0.189566
v 0.828746 -0.451984 -0.189566
v 0.828369 -0.451769 -0.190000
v 0.827910 -0.453341 -0.189566
v 0.827547 -0.453103 -0.190000
v 0.824918 -0.457718 -0.189566
v 0.824565 -0.457465 -0.190000
v 0.823813 -0.459179 -0.189566
v 0.823472 -0.458910 -0.190000
v 0.821250 -0.462321 -0.189566
v 0.820919 -0.462041 -0.190000
v 0.819875 -0.463886 -0.189566
v 0.819554 -0.463594 -0.190000
v 0.817716 -0.466207 -0.189566
v 0.817402 -0.465907 -0.190000
v 0.815766 -0.467567 -0.190000
v 0.816072 -0.467875 -0.189566
v 0.814255 -0.469637 -0.189566
v 0.813956 -0.469322 -0.190000
v 0.812341 -0.471410 -0.189566
v 0.812049 -0.471089 -0.190000
v 0.810805 -0.472781 -0.189566
v 0.810520 -0.472454 -0.190000
v 0.808622 -0.474658 -0.189566
v 0.808341 -0.474327 -0.190000
v 0.807313 -0.475748 -0.189566
v 0.807038 -0.475412 -0.190000
v 0.804860 -0.477729 -0.189566
v 0.804595 -0.477386 -0.190000
v 0.800465 -0.480936 -0.189566
v 0.800226 -0.480572 -0.190000
v 0.795574 -0.483311 -0.190000
v 0.795776 -0.483696 -0.189566
v 0.790839 -0.485983 -0.189566
v 0.790676 -0.485581 -0.190000
v 0.785702 -0.487776 -0.189566
v 0.785579 -0.487359 -0.190000
v 0.780414 -0.489056 -0.189566
v 0.780333 -0.488629 -0.190000
v 0.775025 -0.489812 -0.189566
v 0.774986 -0.489380 -0.190000
v 0.769589 -0.490037 -0.189566
v 0.769593 -0.489603 -0.190000
v 0.764157 -0.489727 -0.189566
v 0.764202 -0.489296 -0.190000
v 0.758781 -0.488887 -0.189566
v 0.758869 -0.488462 -0.190000
v 0.753643 -0.487110 -0.190000
v 0.753513 -0.487524 -0.189566
v 0.748405 -0.485652 -0.189566
v 0.748574 -0.485252 -0.190000
v 0.743505 -0.483287 -0.189566
v 0.743713 -0.482906 -0.190000
v 0.738860 -0.480454 -0.189566
v 0.739104 -0.480095 -0.190000
v 0.734515 -0.477180 -0.189566
v 0.734792 -0.476846 -0.190000
v 0.733165 -0.475937 -0.189566
v 0.732420 -0.475729 -0.189566
v 0.732976 -0.475174 -0.190000
v 0.731922 -0.475830 -0.189566
v 0.731833 -0.475405 -0.190000
v 0.726437 -0.476984 -0.189566
v 0.726346 -0.476559 -0.190000
v 0.720550 -0.477823 -0.190000
v 0.720644 -0.478246 -0.189566
v 0.714549 -0.479618 -0.189566
v 0.714453 -0.479195 -0.190000
v 0.708156 -0.481097 -0.189566
v 0.708057 -0.480675 -0.190000
v 0.701468 -0.482685 -0.189566
v 0.701367 -0.482263 -0.190000
v 0.694488 -0.484381 -0.189566
v 0.694385 -0.483959 -0.190000
v 0.687219 -0.486183 -0.189566
v 0.687114 -0.485763 -0.190000
v 0.679663 -0.488094 -0.189566
v 0.679555 -0.487673 -0.190000
v 0.671820 -0.490111 -0.189566
v 0.671712 -0.489691 -0.190000
v 0.663584 -0.491816 -0.190000
v 0.663694 -0.492235 -0.189566
v 0.655285 -0.494466 -0.189566
v 0.655174 -0.494047 -0.190000
v 0.646596 -0.496803 -0.189566
v 0.646482 -0.496384 -0.190000
v 0.637625 -0.499246 -0.189566
v 0.637511 -0.498828 -0.190000
v 0.628376 -0.501796 -0.189566
v 0.628260 -0.501378 -0.190000
v 0.618848 -0.504451 -0.189566
v 0.618731 -0.504033 -0.190000
v 0.609042 -0.507212 -0.189566
v 0.608924 -0.506795 -0.190000
v 0.598895 -0.510097 -0.189566
v 0.598786 -0.509677 -0.190000
v 0.593615 -0.510882 -0.190000
v 0.593693 -0.511309 -0.189566
v 0.588399 -0.512015 -0.189566
v 0.588363 -0.511582 -0.190000
v 0.583062 -0.512208 -0.189566
v 0.583067 -0.511773 -0.190000
v 0.577731 -0.511887 -0.189566
v 0.577778 -0.511455 -0.190000
v 0.572456 -0.511054 -0.189566
v 0.572544 -0.510629 -0.190000
v 0.567285 -0.509718 -0.189566
v 0.567413 -0.509303 -0.190000
v 0.562266 -0.507891 -0.189566
v 0.562435 -0.507490 -0.190000
v 0.557447 -0.505589 -0.189566
v 0.557654 -0.505207 -0.190000
v 0.553114 -0.502474 -0.190000
v 0.552872 -0.502834 -0.189566
v 0.548583 -0.499653 -0.189566
v 0.548858 -0.499317 -0.190000
v 0.544620 -0.496073 -0.189566
v 0.544926 -0.495765 -0.190000
v 0.541020 -0.492129 -0.189566
v 0.541348 -0.491845 -0.190000
v 0.534580 -0.484352 -0.189566
v 0.534913 -0.484073 -0.190000
v 0.528370 -0.477031 -0.189566
v 0.528699 -0.476748 -0.190000
v 0.522188 -0.469921 -0.189566
v 0.522513 -0.469634 -0.190000
v 0.516034 -0.463021 -0.189566
v 0.516356 -0.462730 -0.190000
v 0.510228 -0.456037 -0.190000
v 0.509910 -0.456332 -0.189566
v 0.503817 -0.449854 -0.189566
v 0.504131 -0.449554 -0.190000
v 0.497756 -0.443585 -0.189566
v 0.498065 -0.443281 -0.190000
v 0.491728 -0.437527 -0.189566
v 0.492033 -0.437219 -0.190000
v 0.485734 -0.431678 -0.189566
v 0.486035 -0.431366 -0.190000
v 0.479777 -0.426039 -0.189566
v 0.480072 -0.425722 -0.190000
v 0.473856 -0.420609 -0.189566
v 0.474147 -0.420287 -0.190000
v 0.467974 -0.415387 -0.189566
v 0.468260 -0.415060 -0.190000
v 0.462412 -0.410041 -0.190000
v 0.462132 -0.410373 -0.189566
v 0.456332 -0.405566 -0.189566
v 0.456606 -0.405229 -0.190000
v 0.450574 -0.400965 -0.189566
v 0.450842 -0.400624 -0.190000
v 0.444861 -0.396569 -0.189566
v 0.445122 -0.396223 -0.190000
v 0.439193 -0.392377 -0.189566
v 0.439448 -0.392025 -0.190000
v 0.433573 -0.388387 -0.189566
v 0.433821 -0.388031 -0.190000
v 0.428001 -0.384598 -0.189566
v 0.428241 -0.384237 -0.190000
v 0.422479 -0.381009 -0.189566
v 0.422711 -0.380643 -0.190000
v 0.417232 -0.377246 -0.190000
v 0.417008 -0.377618 -0.189566
v 0.411588 -0.374421 -0.189566
v 0.411804 -0.374045 -0.190000
v 0.406222 -0.371419 -0.189566
v 0.406430 -0.371038 -0.190000
v 0.400909 -0.368606 -0.189566
v 0.401108 -0.368221 -0.190000
v 0.395651 -0.365982 -0.189566
v 0.395840 -0.365592 -0.190000
v 0.390448 -0.363544 -0.189566
v 0.390627 -0.363149 -0.190000
v 0.385298 -0.361288 -0.189566
v 0.385468 -0.360889 -0.190000
v 0.380204 -0.359212 -0.189566
v 0.380362 -0.358808 -0.190000
v 0.375311 -0.356904 -0.190000
v 0.375163 -0.357312 -0.189566
v 0.370175 -0.355585 -0.189566
v 0.370311 -0.355173 -0.190000
v 0.365238 -0.354027 -0.189566
v 0.365363 -0.353612 -0.190000
v 0.360351 -0.352636 -0.189566
v 0.360463 -0.352217 -0.190000
v 0.355511 -0.351408 -0.189566
v 0.355611 -0.350986 -0.190000
v 0.350715 -0.350340 -0.189566
v 0.350803 -0.349915 -0.190000
v 0.345962 -0.349429 -0.189566
v 0.346037 -0.349002 -0.190000
v 0.341246 -0.348672 -0.189566
v 0.341308 -0.348243 -0.190000
v 0.336613 -0.347636 -0.190000
v 0.336564 -0.348067 -0.189566
v 0.331912 -0.347611 -0.189566
v 0.331947 -0.347179 -0.190000
v 0.327285 -0.347303 -0.189566
v 0.327307 -0.346870 -0.190000
v 0.322678 -0.347141 -0.189566
v 0.322686 -0.346707 -0.190000
v 0.318086 -0.347124 -0.189566
v 0.318081 -0.346690 -0.190000
v 0.313505 -0.347252 -0.189566
v 0.313486 -0.346819 -0.190000
v 0.308928 -0.347525 -0.189566
v 0.308895 -0.347093 -0.190000
v 0.305425 -0.347845 -0.189566
v 0.304736 -0.348235 -0.189566
v 0.304759 -0.347471 -0.190000
v 0.292144 -0.364656 -0.190000
v 0.292494 -0.364913 -0.189566
v 0.292190 -0.365323 -0.189566
v 0.291843 -0.365063 -0.190000
v 0.279792 -0.381891 -0.189566
v 0.279444 -0.381631 -0.190000
v 0.279465 -0.382324 -0.189566
v 0.279120 -0.382061 -0.190000
v 0.267282 -0.398276 -0.189566
v 0.266937 -0.398013 -0.190000
v 0.266930 -0.398733 -0.189566
v 0.266588 -0.398466 -0.190000
v 0.254963 -0.414070 -0.189566
v 0.254621 -0.413803 -0.190000
v 0.254582 -0.414552 -0.189566
v 0.254243 -0.414282 -0.190000
v 0.242492 -0.429002 -0.190000
v 0.242831 -0.429273 -0.189566
v 0.242418 -0.429783 -0.189566
v 0.242082 -0.429509 -0.190000
v 0.230883 -0.443888 -0.189566
v 0.230547 -0.443613 -0.190000
v 0.230435 -0.444429 -0.189566
v 0.230102 -0.444150 -0.190000
v 0.219115 -0.457917 -0.189566
v 0.218783 -0.457638 -0.190000
v 0.218627 -0.458490 -0.189566
v 0.218299 -0.458207 -0.190000
v 0.207523 -0.471363 -0.189566
v 0.207194 -0.471080 -0.190000
v 0.206990 -0.471971 -0.189566
v 0.206666 -0.471683 -0.190000
v 0.195777 -0.483940 -0.190000
v 0.196102 -0.484228 -0.189566
v 0.195519 -0.484874 -0.189566
v 0.195199 -0.484581 -0.190000
v 0.184845 -0.496515 -0.189566
v 0.184526 -0.496222 -0.190000
v 0.184205 -0.497202 -0.189566
v 0.183890 -0.496903 -0.190000
v 0.173748 -0.508227 -0.189566
v 0.173433 -0.507928 -0.190000
v 0.173042 -0.508957 -0.189566
v 0.172733 -0.508653 -0.190000
v 0.162801 -0.519366 -0.189566
v 0.162492 -0.519061 -0.190000
v 0.162021 -0.520143 -0.189566
v 0.161717 -0.519833 -0.190000
v 0.151691 -0.529626 -0.190000
v 0.151994 -0.529936 -0.189566
v 0.151129 -0.530763 -0.189566
v 0.150833 -0.530446 -0.190000
v 0.141319 -0.539940 -0.189566
v 0.141023 -0.539623 -0.190000
v 0.140356 -0.540820 -0.189566
v 0.140067 -0.540497 -0.190000
v 0.130761 -0.549381 -0.189566
v 0.130472 -0.549057 -0.190000
v 0.129685 -0.550316 -0.189566
v 0.129404 -0.549986 -0.190000
v 0.120306 -0.558262 -0.189566
v 0.120026 -0.557931 -0.190000
v 0.119100 -0.559255 -0.189566
v 0.118828 -0.558917 -0.190000
v 0.109666 -0.566245 -0.190000
v 0.109936 -0.566584 -0.189566
v 0.108579 -0.567635 -0.189566
v 0.108318 -0.567289 -0.190000
v 0.099631 -0.574349 -0.189566
v 0.099371 -0.574001 -0.190000
v 0.098099 -0.575458 -0.189566
v 0.097849 -0.575103 -0.190000
v 0.089366 -0.581556 -0.189566
v 0.089119 -0.581199 -0.190000
v 0.087631 -0.582719 -0.189566
v 0.087395 -0.582355 -0.190000
v 0.079114 -0.588201 -0.189566
v 0.078881 -0.587835 -0.190000
v 0.077144 -0.589412 -0.189566
v 0.076923 -0.589038 -0.190000
v 0.068625 -0.593902 -0.190000
v 0.068843 -0.594278 -0.189566
v 0.066601 -0.595523 -0.189566
v 0.066397 -0.595140 -0.190000
v 0.058515 -0.599773 -0.189566
v 0.058316 -0.599387 -0.190000
v 0.055962 -0.601032 -0.189566
v 0.055778 -0.600639 -0.190000
v 0.048092 -0.604666 -0.189566
v 0.047913 -0.604271 -0.190000
v 0.045186 -0.605909 -0.189566
v 0.045024 -0.605506 -0.190000
v 0.037532 -0.608927 -0.189566
v 0.037376 -0.608522 -0.190000
v 0.034231 -0.610109 -0.189566
v 0.034094 -0.609697 -0.190000
v 0.026666 -0.612096 -0.190000
v 0.026793 -0.612511 -0.189566
v 0.023064 -0.613572 -0.189566
v 0.022952 -0.613153 -0.190000
v 0.015841 -0.615359 -0.189566
v 0.015745 -0.614935 -0.190000
v 0.011663 -0.616223 -0.189566
v 0.011583 -0.615796 -0.190000
v 0.004656 -0.617393 -0.189566
v 0.004593 -0.616964 -0.190000
v 0.000032 -0.617967 -0.189566
v -0.000012 -0.617535 -0.190000
v -0.006760 -0.618521 -0.189566
v -0.006786 -0.618088 -0.190000
v -0.011790 -0.618702 -0.189566
v -0.011796 -0.618268 -0.190000
v -0.018352 -0.618207 -0.190000
v -0.018367 -0.618641 -0.189566
v -0.023721 -0.618331 -0.189566
v -0.023686 -0.617899 -0.190000
v -0.030082 -0.617654 -0.189566
v -0.030025 -0.617223 -0.190000
v -0.035630 -0.616777 -0.189566
v -0.035551 -0.616350 -0.190000
v -0.041775 -0.615483 -0.189566
v -0.041675 -0.615061 -0.190000
v -0.047351 -0.614003 -0.189566
v -0.047229 -0.613586 -0.190000
v -0.053280 -0.612094 -0.189566
v -0.053136 -0.611684 -0.190000
v -0.058699 -0.610030 -0.189566
v -0.058534 -0.609629 -0.190000
v -0.064228 -0.607112 -0.190000
v -0.064413 -0.607505 -0.189566
v -0.069505 -0.604934 -0.189566
v -0.069299 -0.604552 -0.190000
v -0.075003 -0.601793 -0.189566
v -0.074778 -0.601421 -0.190000
v -0.079634 -0.598833 -0.189566
v -0.079392 -0.598473 -0.190000
v -0.084917 -0.595076 -0.189566
v -0.084658 -0.594728 -0.190000
v -0.089007 -0.591868 -0.189566
v -0.088731 -0.591533 -0.190000
v -0.094074 -0.587495 -0.189566
v -0.093784 -0.587172 -0.190000
v -0.097598 -0.584174 -0.189566
v -0.097294 -0.583865 -0.190000
v -0.102132 -0.578889 -0.190000
v -0.102450 -0.579185 -0.189566
v -0.105424 -0.575870 -0.189566
v -0.105096 -0.575586 -0.190000
v -0.110060 -0.570265 -0.189566
v -0.109720 -0.569995 -0.190000
v -0.112532 -0.567042 -0.189566
v -0.112184 -0.566784 -0.190000
v -0.116952 -0.560822 -0.189566
v -0.116596 -0.560574 -0.190000
v -0.118983 -0.557753 -0.189566
v -0.118616 -0.557522 -0.190000
v -0.123187 -0.550916 -0.189566
v -0.122816 -0.550692 -0.190000
v -0.124842 -0.548036 -0.189566
v -0.124461 -0.547828 -0.190000
v -0.128447 -0.540381 -0.190000
v -0.128831 -0.540583 -0.189566
v -0.130171 -0.537907 -0.189566
v -0.129780 -0.537721 -0.190000
v -0.133945 -0.529839 -0.189566
v -0.133551 -0.529657 -0.190000
v -0.135027 -0.527370 -0.189566
v -0.134626 -0.527204 -0.190000
v -0.138584 -0.518686 -0.189566
v -0.138182 -0.518523 -0.190000
v -0.139456 -0.516419 -0.189566
v -0.139048 -0.516270 -0.190000
v -0.142798 -0.507118 -0.189566
v -0.142389 -0.506973 -0.190000
v -0.143498 -0.505041 -0.189566
v -0.143085 -0.504909 -0.190000
v -0.146211 -0.494995 -0.190000
v -0.146625 -0.495124 -0.189566
v -0.147187 -0.493223 -0.189566
v -0.146769 -0.493106 -0.190000
v -0.150098 -0.482691 -0.189566
v -0.149680 -0.482576 -0.190000
v -0.150549 -0.480951 -0.189566
v -0.150129 -0.480842 -0.190000
v -0.150571 -0.480856 -0.189566
v -0.150171 -0.480668 -0.190000
v -0.151056 -0.480209 -0.189566
v -0.150716 -0.479939 -0.190000
v -0.157861 -0.471679 -0.189566
v -0.157527 -0.471403 -0.190000
v -0.164665 -0.463709 -0.189566
v -0.164340 -0.463422 -0.190000
v -0.171144 -0.455995 -0.190000
v -0.171458 -0.456294 -0.189566
v -0.178232 -0.449427 -0.189566
v -0.177929 -0.449116 -0.190000
v -0.184978 -0.443098 -0.189566
v -0.184688 -0.442776 -0.190000
v -0.191692 -0.437296 -0.189566
v -0.191414 -0.436963 -0.190000
v -0.198365 -0.432009 -0.189566
v -0.198104 -0.431663 -0.190000
v -0.204997 -0.427220 -0.189566
v -0.204751 -0.426862 -0.190000
v -0.211586 -0.422913 -0.189566
v -0.211357 -0.422544 -0.190000
v -0.218134 -0.419070 -0.189566
v -0.217924 -0.418690 -0.190000
v -0.224458 -0.415282 -0.190000
v -0.224648 -0.415671 -0.189566
v -0.231139 -0.412698 -0.189566
v -0.230969 -0.412299 -0.190000
v -0.237620 -0.410132 -0.189566
v -0.237472 -0.409725 -0.190000
v -0.244111 -0.407957 -0.189566
v -0.243984 -0.407542 -0.190000
v -0.250633 -0.406157 -0.189566
v -0.250530 -0.405736 -0.190000
v -0.257211 -0.404724 -0.189566
v -0.257130 -0.404298 -0.190000
v -0.263870 -0.403651 -0.189566
v -0.263812 -0.403221 -0.190000
v -0.270639 -0.402935 -0.189566
v -0.270605 -0.402503 -0.190000
v -0.277531 -0.402146 -0.190000
v -0.277543 -0.402580 -0.189566
v -0.284606 -0.402591 -0.189566
v -0.284619 -0.402157 -0.190000
v -0.291851 -0.402978 -0.189566
v -0.291885 -0.402545 -0.190000
v -0.299297 -0.403754 -0.189566
v -0.299353 -0.403324 -0.190000
v -0.306957 -0.404934 -0.189566
v -0.307032 -0.404507 -0.190000
v -0.314844 -0.406534 -0.189566
v -0.314940 -0.406110 -0.190000
v -0.322964 -0.408568 -0.189566
v -0.323080 -0.408150 -0.190000
v -0.331323 -0.411052 -0.189566
v -0.331455 -0.410639 -0.190000
v -0.340069 -0.413594 -0.190000
v -0.339921 -0.414002 -0.189566
v -0.348758 -0.417431 -0.189566
v -0.348922 -0.417029 -0.190000
v -0.357830 -0.421350 -0.189566
v -0.358008 -0.420954 -0.190000
v -0.367133 -0.425770 -0.189566
v -0.367326 -0.425382 -0.190000
v -0.376663 -0.430702 -0.189566
v -0.376868 -0.430320 -0.190000
v -0.386411 -0.436151 -0.189566
v -0.386629 -0.435776 -0.190000
v -0.396374 -0.442126 -0.189566
v -0.396602 -0.441757 -0.190000
v -0.406542 -0.448631 -0.189566
v -0.406781 -0.448269 -0.190000
v -0.417160 -0.455315 -0.190000
v -0.416911 -0.455671 -0.189566
v -0.427473 -0.463248 -0.189566
v -0.427731 -0.462899 -0.190000
v -0.438223 -0.471366 -0.189566
v -0.438488 -0.471023 -0.190000
v -0.449153 -0.480027 -0.189566
v -0.449426 -0.479690 -0.190000
v -0.460259 -0.489232 -0.189566
v -0.460540 -0.488901 -0.190000
v -0.471536 -0.498981 -0.189566
v -0.471823 -0.498656 -0.190000
v -0.482978 -0.509276 -0.189566
v -0.483271 -0.508956 -0.190000
v -0.494581 -0.520116 -0.189566
v -0.494880 -0.519802 -0.190000
v -0.506645 -0.531194 -0.190000
v -0.506340 -0.531503 -0.189566
v -0.518253 -0.543435 -0.189566
v -0.518562 -0.543131 -0.190000
vn 0.4251 -0.4697 0.7737
vn 0.5438 -0.2362 0.8053
vn 0.6335 0.0100 0.7736
vn -0.4829 0.4426 0.7556
vn -0.5713 0.2653 0.7767
vn -0.6498 0.0833 0.7556
vn -0.6531 -0.1588 0.7404
vn -0.5918 -0.2855 0.7538
vn -0.5307 -0.4124 0.7404
vn -0.6409 0.2017 0.7406
vn -0.6498 0.0922 0.7545
vn -0.6698 -0.0490 0.7409
vn 0.0934 0.4030 0.9104
vn 0.4107 0.4846 0.7723
vn 0.1686 0.5716 0.8030
vn -0.0820 0.6300 0.7723
vn 0.0498 -0.6456 0.7621
vn -0.3771 -0.5264 0.7620
vn -0.1660 -0.5945 0.7868
vn 0.1319 -0.6409 0.7562
vn 0.3093 -0.5473 0.7777
vn 0.4810 -0.4437 0.7562
vn 0.6335 0.0100 -0.7736
vn 0.5438 -0.2362 -0.8053
vn 0.4251 -0.4698 -0.7737
vn -0.4829 0.4426 -0.7556
vn -0.6498 0.0833 -0.7556
vn -0.5713 0.2653 -0.7767
vn -0.6531 -0.1588 -0.7404
vn -0.5308 -0.4124 -0.7404
vn -0.5918 -0.2855 -0.7538
vn -0.6409 0.2017 -0.7406
vn -0.6698 -0.0490 -0.7409
vn -0.6498 0.0922 -0.7545
vn 0.0934 0.4030 -0.9104
vn 0.4107 0.4846 -0.7723
vn -0.0820 0.6300 -0.7723
vn 0.1686 0.5716 -0.8030
vn -0.3771 -0.5264 -0.7620
vn 0.0498 -0.6456 -0.7620
vn -0.1660 -0.5945 -0.7867
vn 0.1319 -0.6409 -0.7562
vn 0.4810 -0.4437 -0.7562
vn 0.3093 -0.5474 -0.7776
vn 0.0658 0.7036 0.7075
vn 0.1344 0.6938 0.7075
vn -0.3811 0.5955 0.7072
vn -0.3957 0.5860 0.7071
vn 0.5440 0.4510 0.7075
vn 0.5856 0.3955 0.7076
vn 0.5440 0.4511 0.7075
vn 0.6938 -0.1345 0.7075
vn 0.7036 -0.0658 0.7075
vn -0.2266 0.6694 0.7075
vn -0.2911 0.6440 0.7075
vn -0.2910 0.6440 0.7075
vn 0.0524 0.7051 0.7071
vn 0.0546 0.7050 0.7071
vn 0.0523 0.7052 0.7070
vn 0.0710 0.7035 0.7071
vn 0.0735 0.7033 0.7071
vn 0.0930 0.7010 0.7071
vn 0.0960 0.7006 0.7071
vn 0.0929 0.7010 0.7071
vn -0.6335 0.3132 0.7075
vn -0.6611 0.2495 0.7076
vn 0.1190 0.6971 0.7071
vn 0.1225 0.6964 0.7071
vn 0.1500 0.6910 0.7071
vn 0.1543 0.6901 0.7071
vn 0.1499 0.6910 0.7071
vn 0.1875 0.6818 0.7071
vn 0.1927 0.6803 0.7071
vn -0.6439 -0.2911 0.7076
vn -0.6694 -0.2266 0.7075
vn 0.2332 0.6675 0.7071
vn 0.2396 0.6652 0.7071
vn 0.2970 0.6417 0.7071
vn 0.2892 0.6453 0.7071
vn 0.2892 0.6452 0.7071
vn -0.3131 -0.6336 0.7074
vn -0.2495 -0.6613 0.7075
vn -0.2495 -0.6613 0.7074
vn -0.0624 -0.7043 0.7072
vn -0.0672 -0.7039 0.7071
vn 0.3670 0.6044 0.7071
vn 0.3575 0.6100 0.7071
vn 0.3576 0.6100 0.7071
vn -0.1070 -0.6990 0.7071
vn -0.1137 -0.6979 0.7071
vn 0.4390 0.5543 0.7071
vn 0.4500 0.5454 0.7071
vn -0.1702 -0.6863 0.7071
vn -0.1799 -0.6839 0.7071
vn 0.5415 0.4547 0.7071
vn 0.5299 0.4681 0.7072
vn 0.5300 0.4680 0.7072
vn -0.2633 -0.6562 0.7072
vn -0.2778 -0.6502 0.7072
vn -0.4018 -0.5817 0.7072
vn -0.4228 -0.5667 0.7072
vn -0.5811 -0.4026 0.7073
vn -0.6027 -0.3694 0.7073
vn -0.0649 0.7041 0.7072
vn -0.0324 0.7063 0.7072
vn -0.6937 0.1345 0.7076
vn -0.7036 0.0658 0.7075
vn 0.1969 0.6790 0.7073
vn 0.2307 0.6683 0.7072
vn 0.1970 0.6790 0.7073
vn -0.3347 0.6227 0.7073
vn -0.2997 0.6403 0.7073
vn -0.3346 0.6227 0.7073
vn 0.5115 0.4879 0.7073
vn 0.4766 0.5222 0.7073
vn 0.4766 0.5221 0.7073
vn -0.6084 0.3597 0.7074
vn -0.5779 0.4069 0.7074
vn -0.5440 -0.4511 0.7075
vn -0.5857 -0.3956 0.7075
vn -0.7037 -0.0659 0.7075
vn -0.6945 -0.1306 0.7075
vn -0.6946 -0.1305 0.7075
vn 0.6084 -0.3597 0.7074
vn 0.5779 -0.4069 0.7074
vn -0.5115 -0.4880 0.7073
vn -0.4766 -0.5221 0.7073
vn 0.3347 -0.6227 0.7073
vn 0.2997 -0.6403 0.7072
vn 0.3346 -0.6227 0.7073
vn -0.1969 -0.6790 0.7072
vn -0.2307 -0.6683 0.7072
vn -0.1970 -0.6790 0.7072
vn 0.0649 -0.7041 0.7072
vn 0.0324 -0.7063 0.7072
vn -0.6979 -0.1139 0.7071
vn -0.6978 -0.1145 0.7071
vn 0.6969 0.1196 0.7071
vn 0.6967 0.1207 0.7071
vn -0.0000 0.7070 0.7072
vn 0.2308 0.6683 0.7072
vn 0.2650 0.6555 0.7072
vn -0.2996 0.6403 0.7073
vn -0.2650 0.6554 0.7072
vn 0.5455 0.4496 0.7073
vn 0.5115 0.4879 0.7074
vn -0.5455 0.4496 0.7073
vn 0.6946 0.1325 0.7071
vn 0.6941 0.1350 0.7071
vn -0.6955 -0.1276 0.7071
vn -0.6953 -0.1287 0.7071
vn -0.6953 -0.1286 0.7071
vn 0.0192 0.7065 0.7075
vn -0.0306 0.7063 0.7072
vn -0.7067 -0.0000 0.7075
vn -0.7036 -0.0658 0.7075
vn -0.3010 0.6399 0.7071
vn -0.3170 0.6321 0.7071
vn 0.4460 0.5481 0.7075
vn 0.3930 0.5874 0.7074
vn 0.3930 0.5875 0.7074
vn -0.3721 0.6013 0.7070
vn -0.3763 0.5986 0.7071
vn -0.6937 -0.1371 0.7071
vn -0.6934 -0.1388 0.7071
vn -0.6934 -0.1387 0.7071
vn 0.6750 0.2093 0.7075
vn 0.6922 0.1426 0.7075
vn -0.3955 0.5862 0.7071
vn -0.3974 0.5849 0.7071
vn -0.3975 0.5849 0.7071
vn 0.5780 -0.4069 0.7074
vn 0.5455 -0.4496 0.7073
vn -0.5455 -0.4496 0.7073
vn -0.5114 -0.4879 0.7074
vn -0.6893 -0.1575 0.7071
vn -0.6900 -0.1544 0.7071
vn -0.4082 0.5774 0.7071
vn -0.4072 0.5781 0.7071
vn 0.6875 0.1638 0.7074
vn 0.6976 0.1153 0.7072
vn 0.2996 -0.6403 0.7073
vn 0.2650 -0.6555 0.7072
vn 0.2997 -0.6403 0.7073
vn -0.6799 -0.1943 0.7071
vn -0.6773 -0.2033 0.7071
vn -0.2308 -0.6683 0.7072
vn -0.2650 -0.6554 0.7072
vn -0.0000 -0.7070 0.7072
vn -0.5998 0.3735 0.7076
vn -0.5604 0.4305 0.7076
vn 0.6408 -0.2980 0.7075
vn 0.6609 -0.2512 0.7071
vn -0.7051 -0.0535 0.7071
vn -0.7056 -0.0465 0.7071
vn 0.7041 0.0645 0.7071
vn 0.7025 0.0799 0.7071
vn 0.5353 -0.4620 0.7071
vn 0.5279 -0.4704 0.7071
vn 0.5352 -0.4620 0.7071
vn -0.4648 0.5328 0.7071
vn -0.4639 0.5337 0.7071
vn 0.4974 -0.5026 0.7071
vn 0.4946 -0.5054 0.7071
vn -0.6986 -0.1093 0.7071
vn -0.6971 -0.1183 0.7071
vn 0.4798 -0.5195 0.7071
vn 0.4812 -0.5181 0.7071
vn 0.6722 0.2195 0.7071
vn 0.6634 0.2447 0.7072
vn 0.4716 -0.5269 0.7071
vn 0.4724 -0.5262 0.7071
vn -0.2818 0.6485 0.7072
vn -0.2984 0.6410 0.7072
vn 0.5411 0.4549 0.7073
vn 0.5122 0.4873 0.7073
vn -0.6811 -0.1900 0.7071
vn -0.6778 -0.2015 0.7071
vn 0.1883 0.6814 0.7072
vn 0.2334 0.6673 0.7073
vn -0.0891 0.7014 0.7071
vn -0.1202 0.6967 0.7072
vn -0.6439 -0.2921 0.7071
vn -0.6372 -0.3065 0.7071
vn -0.6373 -0.3064 0.7071
vn 0.4630 -0.5344 0.7071
vn 0.4620 -0.5354 0.7071
vn -0.5608 -0.4306 0.7071
vn -0.5729 -0.4144 0.7072
vn 0.3932 -0.5870 0.7077
vn 0.3396 -0.6201 0.7072
vn -0.4539 -0.5421 0.7072
vn -0.4354 -0.5571 0.7072
vn 0.2685 -0.6541 0.7071
vn 0.2592 -0.6579 0.7071
vn -0.2673 -0.6546 0.7071
vn -0.2897 -0.6450 0.7072
vn 0.1823 -0.6832 0.7071
vn 0.1694 -0.6865 0.7071
vn -0.0895 -0.7014 0.7071
vn -0.1109 -0.6983 0.7071
vn 0.0470 -0.7055 0.7071
vn 0.0643 -0.7042 0.7071
vn -0.0254 0.7067 0.7071
vn -0.0365 0.7062 0.7071
vn 0.0525 0.7052 0.7071
vn 0.0635 0.7042 0.7071
vn -0.1138 0.6979 0.7071
vn -0.1247 0.6960 0.7071
vn -0.1246 0.6960 0.7071
vn 0.1383 0.6935 0.7071
vn 0.1486 0.6913 0.7071
vn 0.2267 0.6698 0.7071
vn 0.2174 0.6728 0.7071
vn -0.4752 0.5230 0.7076
vn -0.4181 0.5696 0.7076
vn 0.2960 0.6422 0.7071
vn 0.2878 0.6459 0.7071
vn 0.3488 0.6151 0.7071
vn 0.3558 0.6111 0.7071
vn -0.0286 0.7065 0.7072
vn -0.0102 0.7070 0.7071
vn 0.1221 0.6965 0.7071
vn 0.1411 0.6929 0.7071
vn 0.1220 0.6965 0.7071
vn 0.4005 0.5827 0.7071
vn 0.4064 0.5786 0.7072
vn -0.1640 0.6878 0.7071
vn -0.1484 0.6914 0.7071
vn -0.1641 0.6878 0.7071
vn 0.2689 0.6540 0.7071
vn 0.2860 0.6467 0.7071
vn -0.2743 0.6517 0.7071
vn -0.2619 0.6568 0.7071
vn 0.4439 0.5504 0.7071
vn 0.4488 0.5465 0.7071
vn 0.3937 0.5873 0.7071
vn 0.4073 0.5780 0.7071
vn -0.3498 0.6146 0.7071
vn -0.3591 0.6092 0.7071
vn -0.3590 0.6092 0.7071
vn 0.4840 0.5155 0.7071
vn 0.4800 0.5193 0.7071
vn -0.5550 0.4380 0.7072
vn -0.5500 0.4444 0.7071
vn 0.0532 -0.7051 0.7071
vn 0.0309 -0.7064 0.7071
vn -0.1434 -0.6924 0.7071
vn -0.1226 -0.6964 0.7071
vn 0.0092 0.7070 0.7071
vn -0.0047 0.7071 0.7071
vn -0.0048 0.7071 0.7071
vn -0.0732 0.7033 0.7071
vn -0.0801 0.7026 0.7071
vn -0.2753 -0.6513 0.7071
vn -0.2919 -0.6440 0.7071
vn 0.2015 0.6776 0.7073
vn 0.1657 0.6873 0.7072
vn -0.1212 0.6966 0.7071
vn -0.1171 0.6973 0.7071
vn -0.1212 0.6967 0.7071
vn -0.1442 0.6923 0.7071
vn -0.1469 0.6917 0.7071
vn 0.4888 0.5110 0.7071
vn 0.4986 0.5014 0.7071
vn 0.4887 0.5110 0.7071
vn 0.5100 0.4898 0.7071
vn 0.5134 0.4863 0.7071
vn -0.1644 0.6878 0.7071
vn -0.1625 0.6882 0.7071
vn -0.1643 0.6878 0.7071
vn -0.4227 0.5669 0.7071
vn -0.4157 0.5720 0.7071
vn 0.4698 0.5284 0.7072
vn 0.4952 0.5047 0.7072
vn -0.1769 0.6847 0.7070
vn -0.1755 0.6850 0.7071
vn -0.1769 0.6846 0.7071
vn -0.4034 -0.5807 0.7071
vn -0.3915 -0.5888 0.7071
vn -0.1862 0.6821 0.7071
vn -0.1853 0.6824 0.7071
vn -0.1862 0.6821 0.7072
vn 0.5586 -0.4335 0.7071
vn 0.5563 -0.4365 0.7071
vn -0.0935 -0.7008 0.7072
vn -0.1315 -0.6946 0.7072
vn 0.6885 0.1606 0.7072
vn 0.6802 0.1934 0.7071
vn 0.1562 -0.6896 0.7072
vn 0.1867 -0.6820 0.7072
vn 0.5630 0.4279 0.7071
vn 0.5562 0.4367 0.7071
vn 0.5562 0.4366 0.7071
vn -0.4651 0.5327 0.7071
vn -0.4704 0.5280 0.7071
vn -0.4737 -0.5249 0.7071
vn -0.4820 -0.5173 0.7071
vn -0.4005 -0.5827 0.7072
vn -0.3725 -0.6009 0.7072
vn 0.6667 -0.2346 0.7075
vn 0.6807 -0.1913 0.7071
vn 0.3724 -0.6011 0.7072
vn 0.3544 -0.6118 0.7072
vn -0.4991 0.5009 0.7071
vn -0.4886 0.5112 0.7071
vn 0.5370 -0.4600 0.7071
vn 0.5337 -0.4639 0.7071
vn 0.5370 -0.4601 0.7071
vn 0.5397 -0.4569 0.7071
vn 0.5245 -0.4742 0.7072
vn 0.6781 0.2005 0.7071
vn 0.6700 0.2259 0.7071
vn 0.6780 0.2005 0.7071
vn -0.5024 0.4976 0.7071
vn -0.5064 0.4935 0.7071
vn -0.5364 -0.4607 0.7072
vn -0.5307 -0.4673 0.7071
vn -0.5595 -0.4323 0.7071
vn -0.5453 -0.4501 0.7072
vn -0.5596 -0.4322 0.7071
vn 0.1428 -0.6926 0.7071
vn 0.4305 -0.5608 0.7072
vn 0.4485 -0.5467 0.7071
vn 0.1747 -0.6852 0.7071
vn 0.1718 -0.6860 0.7071
vn -0.0748 -0.7027 0.7075
vn -0.0055 -0.7067 0.7075
vn -0.3702 0.6024 0.7072
vn -0.3433 0.6181 0.7072
vn 0.4779 -0.5212 0.7071
vn 0.4678 -0.5303 0.7071
vn 0.5261 0.4720 0.7074
vn 0.4847 0.5144 0.7074
vn 0.1907 -0.6809 0.7071
vn 0.1925 -0.6804 0.7071
vn -0.6628 -0.2464 0.7071
vn -0.6678 -0.2325 0.7071
vn -0.0255 0.7063 0.7075
vn 0.0408 0.7055 0.7075
vn -0.2735 -0.6516 0.7075
vn -0.2096 -0.6749 0.7075
vn 0.5015 -0.4985 0.7071
vn 0.5063 -0.4936 0.7071
vn -0.6382 0.3036 0.7075
vn -0.6054 0.3647 0.7075
vn 0.4532 -0.5428 0.7071
vn 0.4605 -0.5366 0.7071
vn -0.5960 -0.3804 0.7071
vn -0.6078 -0.3614 0.7071
vn -0.5961 -0.3803 0.7071
vn -0.6858 -0.1703 0.7076
vn -0.6658 -0.2367 0.7076
vn 0.3765 -0.5985 0.7071
vn 0.3883 -0.5910 0.7071
vn -0.4492 -0.5459 0.7072
vn -0.4735 -0.5250 0.7072
vn -0.3645 -0.6054 0.7075
vn -0.3035 -0.6382 0.7075
vn 0.2366 -0.6659 0.7075
vn 0.1702 -0.6859 0.7075
vn 0.2489 -0.6618 0.7071
vn 0.2687 -0.6540 0.7071
vn -0.1991 -0.6783 0.7073
vn -0.2342 -0.6671 0.7072
vn 0.0415 -0.7058 0.7072
vn 0.0723 -0.7033 0.7072
vn 0.2887 0.6450 0.7075
vn 0.2241 0.6702 0.7075
vn -0.2518 0.6603 0.7076
vn -0.3153 0.6324 0.7076
vn -0.6450 0.2888 0.7075
vn -0.6702 0.2242 0.7075
vn -0.6324 -0.3154 0.7075
vn -0.6603 -0.2519 0.7075
vn 0.5984 0.3759 0.7076
vn 0.6324 0.3154 0.7075
vn 0.6890 -0.1575 0.7075
vn 0.6702 -0.2242 0.7075
vn 0.6890 -0.1574 0.7075
vn 0.3758 -0.5985 0.7075
vn 0.3153 -0.6325 0.7075
vn -0.2887 -0.6450 0.7076
vn -0.3355 -0.6223 0.7072
vn -0.2241 -0.6702 0.7075
vn -0.1574 -0.6889 0.7075
vn -0.2736 0.6515 -0.7076
vn -0.2084 0.6752 -0.7076
vn -0.2735 0.6515 -0.7076
vn 0.3300 0.6249 -0.7075
vn 0.2671 0.6543 -0.7075
vn 0.2672 0.6542 -0.7075
vn 0.6752 0.2085 -0.7075
vn 0.6515 0.2737 -0.7075
vn 0.6248 -0.3301 -0.7075
vn 0.6542 -0.2673 -0.7075
vn -0.0225 0.7063 -0.7075
vn -0.0916 0.7007 -0.7075
vn 0.0611 0.7045 -0.7071
vn 0.0591 0.7047 -0.7071
vn 0.0589 0.7046 -0.7071
vn 0.0815 0.7024 -0.7071
vn 0.0789 0.7027 -0.7071
vn 0.0788 0.7027 -0.7071
vn -0.5153 0.4836 -0.7075
vn -0.5602 0.4307 -0.7076
vn 0.1054 0.6992 -0.7071
vn 0.1021 0.6997 -0.7071
vn 0.1337 0.6943 -0.7071
vn 0.1299 0.6951 -0.7071
vn 0.1632 0.6880 -0.7071
vn 0.1679 0.6869 -0.7071
vn -0.7007 -0.0916 -0.7076
vn -0.7064 -0.0225 -0.7074
vn 0.2091 0.6755 -0.7071
vn 0.2035 0.6772 -0.7071
vn 0.2598 0.6577 -0.7071
vn 0.2528 0.6603 -0.7071
vn -0.4307 -0.5603 -0.7075
vn -0.4834 -0.5154 -0.7076
vn -0.4306 -0.5603 -0.7075
vn 0.3133 0.6339 -0.7071
vn 0.3217 0.6297 -0.7071
vn -0.0490 -0.7054 -0.7071
vn -0.0533 -0.7051 -0.7071
vn 0.3866 0.5920 -0.7071
vn 0.3967 0.5853 -0.7071
vn -0.0944 -0.7008 -0.7071
vn -0.0885 -0.7015 -0.7071
vn -0.1437 -0.6923 -0.7071
vn -0.1521 -0.6905 -0.7071
vn 0.4724 0.5261 -0.7071
vn 0.4838 0.5157 -0.7071
vn -0.2363 -0.6664 -0.7072
vn -0.2239 -0.6707 -0.7071
vn 0.5644 0.4259 -0.7071
vn 0.5757 0.4106 -0.7071
vn 0.5644 0.4260 -0.7071
vn -0.3437 -0.6179 -0.7072
vn -0.3623 -0.6072 -0.7072
vn -0.5357 -0.4613 -0.7073
vn -0.5126 -0.4869 -0.7072
vn -0.6542 0.2672 -0.7075
vn 0.0324 0.7063 -0.7072
vn 0.0649 0.7041 -0.7072
vn -0.2307 0.6683 -0.7072
vn -0.1969 0.6790 -0.7073
vn -0.2308 0.6683 -0.7072
vn 0.2997 0.6403 -0.7072
vn 0.3347 0.6227 -0.7073
vn 0.2996 0.6404 -0.7072
vn -0.4766 0.5221 -0.7073
vn -0.5115 0.4880 -0.7073
vn -0.5115 0.4879 -0.7073
vn -0.6752 -0.2085 -0.7075
vn -0.6515 -0.2737 -0.7075
vn -0.6516 -0.2737 -0.7075
vn 0.6983 0.1112 -0.7071
vn 0.5779 0.4069 -0.7074
vn 0.6084 0.3597 -0.7074
vn 0.5780 0.4069 -0.7074
vn -0.6945 0.1305 -0.7075
vn -0.7037 0.0659 -0.7074
vn -0.7037 0.0658 -0.7074
vn 0.6945 -0.1305 -0.7075
vn 0.7037 -0.0659 -0.7074
vn 0.7037 -0.0658 -0.7074
vn -0.5780 -0.4069 -0.7074
vn -0.6084 -0.3597 -0.7074
vn 0.4766 -0.5221 -0.7073
vn 0.5115 -0.4880 -0.7073
vn 0.5115 -0.4879 -0.7073
vn -0.2997 -0.6403 -0.7073
vn -0.3347 -0.6227 -0.7073
vn -0.2996 -0.6403 -0.7073
vn 0.2307 -0.6683 -0.7072
vn 0.1969 -0.6790 -0.7072
vn 0.2308 -0.6683 -0.7072
vn -0.0324 -0.7063 -0.7072
vn -0.0649 -0.7041 -0.7072
vn 0.6975 0.1160 -0.7071
vn 0.6977 0.1152 -0.7071
vn 0.0975 0.7002 -0.7072
vn 0.0649 0.7040 -0.7072
vn -0.1635 0.6878 -0.7072
vn -0.1969 0.6790 -0.7072
vn -0.1970 0.6790 -0.7072
vn 0.6963 0.1233 -0.7071
vn 0.6960 0.1247 -0.7071
vn 0.3700 0.6024 -0.7072
vn 0.3347 0.6227 -0.7072
vn 0.3346 0.6228 -0.7072
vn -0.4411 0.5524 -0.7073
vn 0.6084 0.3598 -0.7074
vn 0.6362 0.3083 -0.7073
vn -0.6958 -0.1259 -0.7071
vn -0.6960 -0.1247 -0.7071
vn -0.6799 0.1930 -0.7075
vn -0.6946 0.1305 -0.7074
vn 0.2146 0.6734 -0.7075
vn 0.1506 0.6905 -0.7075
vn -0.2537 0.6599 -0.7072
vn -0.2183 0.6724 -0.7073
vn -0.2538 0.6599 -0.7072
vn 0.6369 0.2868 -0.7156
vn 0.6928 0.1414 -0.7071
vn -0.6945 -0.1331 -0.7071
vn -0.6942 -0.1344 -0.7071
vn 0.6799 -0.1930 -0.7074
vn 0.6946 -0.1305 -0.7075
vn -0.3558 0.6110 -0.7071
vn -0.3620 0.6074 -0.7071
vn 0.5803 0.4034 -0.7075
vn 0.5401 0.4558 -0.7074
vn 0.5401 0.4559 -0.7074
vn -0.3914 0.5889 -0.7071
vn -0.3890 0.5905 -0.7071
vn -0.6084 -0.3598 -0.7074
vn -0.6360 -0.3082 -0.7075
vn -0.6918 -0.1466 -0.7071
vn -0.6912 -0.1489 -0.7071
vn -0.4036 0.5806 -0.7071
vn -0.4049 0.5797 -0.7071
vn 0.7070 0.0115 -0.7071
vn 0.7066 0.0229 -0.7072
vn 0.7066 0.0228 -0.7072
vn 0.4412 -0.5524 -0.7073
vn 0.4765 -0.5221 -0.7074
vn -0.6853 -0.1744 -0.7071
vn -0.6838 -0.1801 -0.7071
vn -0.3700 -0.6024 -0.7072
vn -0.3346 -0.6228 -0.7072
vn 0.7059 0.0314 -0.7076
vn 0.7058 -0.0363 -0.7075
vn -0.4254 0.5647 -0.7072
vn -0.4656 0.5316 -0.7076
vn 0.1635 -0.6879 -0.7072
vn 0.1969 -0.6789 -0.7073
vn -0.6877 -0.1430 -0.7118
vn -0.7063 -0.0330 -0.7071
vn -0.0975 -0.7002 -0.7073
vn -0.0649 -0.7040 -0.7072
vn 0.5821 -0.4014 -0.7072
vn 0.6007 -0.3729 -0.7072
vn -0.7051 0.0466 -0.7075
vn -0.6972 0.1155 -0.7075
vn -0.7051 0.0465 -0.7076
vn -0.7021 -0.0839 -0.7071
vn -0.7011 -0.0921 -0.7071
vn 0.5163 -0.4832 -0.7071
vn 0.5116 -0.4881 -0.7071
vn 0.6946 0.1324 -0.7071
vn 0.6979 0.1138 -0.7071
vn 0.4901 -0.5098 -0.7071
vn 0.4880 -0.5117 -0.7071
vn 0.4773 -0.5217 -0.7071
vn 0.4761 -0.5228 -0.7071
vn 0.4773 -0.5218 -0.7071
vn -0.3922 0.5854 -0.7096
vn -0.4607 0.5363 -0.7072
vn -0.6894 -0.1573 -0.7071
vn -0.6869 -0.1679 -0.7071
vn -0.6869 -0.1678 -0.7071
vn 0.6261 0.3286 -0.7072
vn 0.6406 0.2993 -0.7072
vn -0.1758 0.6848 -0.7072
vn -0.2005 0.6780 -0.7072
vn 0.4445 0.5496 -0.7073
vn 0.4063 0.5785 -0.7073
vn 0.4446 0.5496 -0.7073
vn 0.1002 0.6998 -0.7073
vn 0.0582 0.7045 -0.7073
vn 0.1002 0.6998 -0.7072
vn -0.6610 -0.2512 -0.7071
vn -0.6558 -0.2645 -0.7071
vn -0.6045 -0.3668 -0.7071
vn -0.5947 -0.3825 -0.7072
vn -0.5947 -0.3824 -0.7072
vn -0.5045 -0.4954 -0.7072
vn -0.4884 -0.5112 -0.7071
vn -0.4885 -0.5112 -0.7071
vn 0.3024 -0.6392 -0.7071
vn 0.3101 -0.6355 -0.7071
vn -0.3551 -0.6114 -0.7072
vn -0.3337 -0.6234 -0.7072
vn 0.2393 -0.6653 -0.7071
vn 0.2288 -0.6691 -0.7071
vn -0.1548 -0.6899 -0.7072
vn -0.1771 -0.6845 -0.7072
vn 0.1421 -0.6927 -0.7071
vn 0.1277 -0.6954 -0.7071
vn 0.1422 -0.6927 -0.7071
vn 0.0107 -0.7070 -0.7071
vn -0.0083 -0.7070 -0.7071
vn 0.0107 -0.7070 -0.7072
vn -0.0030 0.7071 -0.7071
vn 0.0081 0.7071 -0.7071
vn -0.0810 0.7025 -0.7071
vn -0.0920 0.7011 -0.7071
vn -0.0919 0.7011 -0.7071
vn 0.0853 0.7019 -0.7071
vn 0.0960 0.7005 -0.7071
vn 0.0852 0.7019 -0.7071
vn 0.1689 0.6866 -0.7071
vn 0.1788 0.6841 -0.7071
vn -0.2910 0.6439 -0.7076
vn -0.2224 0.6707 -0.7076
vn 0.2538 0.6600 -0.7071
vn 0.2449 0.6633 -0.7071
vn 0.3195 0.6308 -0.7071
vn 0.3118 0.6347 -0.7071
vn 0.3758 0.5990 -0.7071
vn 0.3693 0.6031 -0.7071
vn 0.0270 0.7066 -0.7071
vn 0.0459 0.7056 -0.7071
vn -0.1159 0.6975 -0.7071
vn -0.0991 0.7001 -0.7071
vn 0.1972 0.6790 -0.7071
vn 0.1787 0.6842 -0.7071
vn -0.5681 0.4210 -0.7071
vn -0.5641 0.4264 -0.7071
vn 0.4232 0.5665 -0.7071
vn 0.4177 0.5706 -0.7071
vn -0.2361 0.6665 -0.7071
vn -0.2225 0.6712 -0.7071
vn 0.3348 0.6228 -0.7071
vn 0.3190 0.6310 -0.7071
vn 0.4582 0.5386 -0.7071
vn 0.4628 0.5347 -0.7070
vn -0.3300 0.6254 -0.7071
vn -0.3196 0.6307 -0.7071
vn 0.4450 0.5496 -0.7071
vn 0.4329 0.5591 -0.7071
vn -0.0798 -0.7025 -0.7072
vn -0.0580 -0.7047 -0.7072
vn 0.4919 0.5079 -0.7071
vn 0.4957 0.5043 -0.7071
vn 0.4919 0.5080 -0.7071
vn -0.2404 -0.6650 -0.7071
vn -0.2220 -0.6713 -0.7072
vn -0.3932 0.5877 -0.7071
vn -0.4010 0.5824 -0.7071
vn 0.0610 0.7044 -0.7071
vn 0.0419 0.7058 -0.7071
vn -0.0577 0.7047 -0.7071
vn -0.0489 0.7054 -0.7071
vn -0.0577 0.7048 -0.7071
vn -0.1033 0.6995 -0.7071
vn -0.1082 0.6988 -0.7071
vn -0.1082 0.6987 -0.7071
vn 0.2745 0.6515 -0.7072
vn 0.3132 0.6336 -0.7074
vn 0.5691 -0.4197 -0.7071
vn 0.5671 -0.4223 -0.7071
vn -0.1385 0.6934 -0.7071
vn -0.1354 0.6941 -0.7071
vn -0.1563 0.6896 -0.7071
vn -0.1584 0.6892 -0.7071
vn -0.1584 0.6891 -0.7071
vn -0.3523 -0.6131 -0.7071
vn -0.3659 -0.6051 -0.7071
vn -0.1709 0.6861 -0.7071
vn -0.1725 0.6858 -0.7071
vn -0.1725 0.6857 -0.7072
vn 0.5255 0.4731 -0.7071
vn 0.5169 0.4825 -0.7071
vn 0.5170 0.4824 -0.7071
vn 0.5199 0.4792 -0.7072
vn 0.5231 0.4758 -0.7071
vn 0.5947 0.3823 -0.7072
vn 0.5676 0.4211 -0.7075
vn -0.1819 0.6833 -0.7071
vn -0.1831 0.6830 -0.7071
vn -0.1830 0.6830 -0.7071
vn -0.4540 0.5421 -0.7071
vn -0.4482 0.5469 -0.7071
vn -0.0176 -0.7068 -0.7072
vn 0.0194 -0.7067 -0.7072
vn -0.0177 -0.7068 -0.7072
vn -0.4463 -0.5485 -0.7071
vn -0.4559 -0.5405 -0.7071
vn -0.5171 0.4822 -0.7071
vn -0.5249 0.4737 -0.7071
vn -0.2774 -0.6503 -0.7072
vn -0.3108 -0.6350 -0.7072
vn 0.2426 -0.6641 -0.7072
vn 0.2681 -0.6542 -0.7072
vn 0.7071 -0.0019 -0.7071
vn 0.7052 0.0473 -0.7075
vn 0.7052 0.0472 -0.7075
vn 0.6058 0.3638 -0.7076
vn 0.6395 0.3008 -0.7075
vn 0.5514 -0.4427 -0.7071
vn 0.5487 -0.4460 -0.7071
vn -0.4940 0.5059 -0.7071
vn -0.4896 0.5101 -0.7071
vn 0.6136 -0.3513 -0.7072
vn 0.6347 -0.3114 -0.7072
vn 0.6347 -0.3115 -0.7072
vn -0.4936 -0.5062 -0.7072
vn -0.5124 -0.4871 -0.7072
vn -0.5184 -0.4810 -0.7071
vn -0.5117 -0.4880 -0.7071
vn 0.4047 -0.5798 -0.7071
vn 0.4192 -0.5695 -0.7071
vn 0.4980 -0.5020 -0.7071
vn 0.4864 -0.5132 -0.7071
vn 0.4980 -0.5020 -0.7072
vn 0.1529 -0.6904 -0.7071
vn 0.1573 -0.6894 -0.7071
vn -0.4146 0.5727 -0.7072
vn -0.4331 0.5590 -0.7071
vn 0.3282 -0.6258 -0.7075
vn 0.2653 -0.6550 -0.7075
vn 0.6321 0.3167 -0.7072
vn 0.6476 0.2839 -0.7072
vn 0.5268 -0.4717 -0.7071
vn 0.5231 -0.4758 -0.7071
vn -0.2755 -0.6508 -0.7075
vn -0.2104 -0.6746 -0.7075
vn 0.1801 -0.6838 -0.7071
vn 0.1825 -0.6832 -0.7071
vn -0.6762 -0.2066 -0.7071
vn -0.6798 -0.1945 -0.7071
vn -0.5211 0.4779 -0.7071
vn -0.5343 0.4630 -0.7072
vn -0.4479 -0.5467 -0.7075
vn -0.3933 -0.5872 -0.7075
vn -0.1432 0.6922 -0.7073
vn -0.1936 0.6799 -0.7073
vn 0.3185 0.6308 -0.7075
vn 0.3806 0.5955 -0.7075
vn 0.3805 0.5955 -0.7075
vn 0.1270 -0.6952 -0.7075
vn 0.0595 -0.7042 -0.7075
vn 0.4914 -0.5085 -0.7071
vn 0.4859 -0.5138 -0.7071
vn 0.4962 -0.5038 -0.7071
vn 0.5044 -0.4955 -0.7071
vn -0.6278 -0.3252 -0.7071
vn -0.6364 -0.3082 -0.7071
vn -0.6279 -0.3252 -0.7071
vn -0.7059 -0.0332 -0.7075
vn -0.7058 0.0362 -0.7075
vn 0.4287 -0.5623 -0.7071
vn 0.4374 -0.5556 -0.7071
vn -0.5167 -0.4826 -0.7071
vn -0.5356 -0.4615 -0.7072
vn -0.5167 -0.4827 -0.7071
vn -0.4757 -0.5227 -0.7075
vn -0.5246 -0.4736 -0.7075
vn -0.4756 -0.5227 -0.7075
vn 0.5110 -0.4887 -0.7072
vn 0.4734 -0.5247 -0.7075
vn 0.3362 -0.6221 -0.7071
vn 0.3504 -0.6141 -0.7071
vn 0.3505 -0.6141 -0.7071
vn 0.0332 -0.7059 -0.7076
vn -0.0362 -0.7058 -0.7075
vn -0.3348 -0.6227 -0.7072
vn -0.3024 -0.6391 -0.7072
vn -0.3023 -0.6391 -0.7072
vn 0.1817 -0.6833 -0.7071
vn 0.2055 -0.6765 -0.7072
vn -0.0237 -0.7066 -0.7072
vn -0.0579 -0.7047 -0.7072
vn -0.1182 0.6967 -0.7075
vn -0.0493 0.7050 -0.7075
vn -0.5762 0.4091 -0.7075
vn -0.5333 0.4636 -0.7075
vn -0.6967 -0.1182 -0.7075
vn -0.7050 -0.0494 -0.7075
vn -0.4635 -0.5334 -0.7075
vn -0.4090 -0.5763 -0.7075
vn 0.3657 0.6051 -0.7072
vn 0.4090 0.5763 -0.7075
vn 0.6818 0.1860 -0.7075
vn 0.6967 0.1183 -0.7075
vn 0.5762 -0.4091 -0.7075
vn 0.6135 -0.3507 -0.7075
vn 0.1182 -0.6967 -0.7075
vn 0.1859 -0.6818 -0.7075
vn 0.2018 0.6773 0.7075
vn -0.3361 0.6216 0.7076
vn 0.6216 0.3363 0.7075
vn 0.6772 -0.2018 0.7076
vn -0.1598 0.6883 0.7076
vn -0.2265 0.6694 0.7075
vn 0.0567 0.7049 0.7071
vn 0.0546 0.7049 0.7072
vn 0.0762 0.7030 0.7071
vn 0.0736 0.7032 0.7071
vn 0.0989 0.7002 0.7071
vn -0.5998 0.3738 0.7075
vn 0.1262 0.6957 0.7071
vn 0.1226 0.6964 0.7071
vn 0.1587 0.6891 0.7071
vn 0.1980 0.6788 0.7071
vn -0.6883 -0.1599 0.7076
vn 0.2461 0.6629 0.7071
vn 0.2396 0.6652 0.7072
vn 0.3051 0.6379 0.7071
vn -0.3737 -0.5998 0.7075
vn -0.0577 -0.7047 0.7072
vn 0.3767 0.5984 0.7071
vn 0.3671 0.6043 0.7071
vn -0.1006 -0.6999 0.7071
vn 0.4612 0.5360 0.7071
vn -0.1609 -0.6886 0.7071
vn 0.5530 0.4406 0.7072
vn 0.5416 0.4546 0.7071
vn -0.2495 -0.6616 0.7071
vn -0.3817 -0.5952 0.7071
vn -0.5587 -0.4332 0.7072
vn -0.6772 0.2019 0.7075
vn -0.2650 0.6555 0.7072
vn 0.5454 0.4495 0.7075
vn -0.5780 0.4069 0.7074
vn -0.5454 0.4495 0.7074
vn -0.6216 -0.3363 0.7075
vn 0.6945 0.1305 0.7075
vn 0.7037 0.0659 0.7074
vn 0.7037 0.0658 0.7074
vn 0.7067 -0.0000 0.7076
vn -0.7037 -0.0658 0.7075
vn 0.5454 -0.4495 0.7075
vn -0.5454 -0.4495 0.7074
vn -0.5115 -0.4879 0.7073
vn 0.6978 0.1143 0.7071
vn 0.6980 0.1133 0.7071
vn 0.2996 -0.6404 0.7072
vn -0.6979 -0.1132 0.7072
vn -0.2650 -0.6555 0.7072
vn -0.6974 -0.1168 0.7071
vn -0.6973 -0.1176 0.7071
vn 0.6965 0.1219 0.7071
vn 0.0324 0.7063 0.7072
vn -0.2308 0.6683 0.7072
vn 0.2996 0.6403 0.7073
vn 0.2650 0.6554 0.7072
vn -0.5114 0.4879 0.7074
vn 0.5780 0.4069 0.7074
vn -0.6956 -0.1268 0.7071
vn -0.6954 -0.1278 0.7071
vn 0.6935 0.1380 0.7071
vn 0.7036 0.0658 0.7075
vn 0.7067 -0.0000 0.7075
vn 0.0852 0.7016 0.7075
vn -0.2812 0.6488 0.7071
vn 0.4952 0.5042 0.7075
vn -0.3675 0.6042 0.7071
vn -0.6939 -0.1357 0.7071
vn -0.6937 -0.1372 0.7071
vn -0.3934 0.5875 0.7071
vn 0.7028 0.0745 0.7075
vn 0.6922 0.1425 0.7075
vn -0.5779 -0.4069 0.7074
vn 0.5454 -0.4496 0.7073
vn 0.5115 -0.4879 0.7073
vn -0.6907 -0.1515 0.7071
vn -0.4060 0.5789 0.7071
vn 0.7022 0.0822 0.7072
vn 0.6976 0.1154 0.7072
vn -0.6820 -0.1866 0.7071
vn -0.2996 -0.6403 0.7073
vn 0.2308 -0.6683 0.7072
vn 0.2650 -0.6554 0.7072
vn -0.5603 0.4306 0.7076
vn -0.5155 0.4834 0.7075
vn -0.0324 -0.7063 0.7072
vn -0.7060 -0.0396 0.7071
vn 0.6178 -0.3436 0.7073
vn 0.6407 -0.2981 0.7075
vn 0.7005 0.0963 0.7071
vn 0.5217 -0.4773 0.7071
vn 0.5279 -0.4705 0.7071
vn -0.6999 -0.1005 0.7071
vn 0.4922 -0.5077 0.7071
vn 0.4785 -0.5206 0.7071
vn 0.4798 -0.5194 0.7071
vn 0.6529 0.2713 0.7072
vn 0.6633 0.2447 0.7072
vn -0.3137 0.6337 0.7071
vn -0.6842 -0.1787 0.7071
vn -0.6811 -0.1899 0.7071
vn 0.4708 -0.5277 0.7071
vn 0.4715 -0.5270 0.7071
vn 0.4800 0.5190 0.7073
vn -0.1491 0.6911 0.7072
vn 0.1438 0.6922 0.7073
vn 0.1884 0.6814 0.7072
vn 0.4659 -0.5320 0.7070
vn 0.4667 -0.5312 0.7071
vn 0.4668 -0.5311 0.7071
vn -0.6501 -0.2781 0.7071
vn -0.6440 -0.2921 0.7071
vn 0.4619 -0.5355 0.7071
vn 0.4616 -0.5357 0.7071
vn -0.5729 -0.4145 0.7072
vn -0.5842 -0.3984 0.7071
vn 0.3175 -0.6319 0.7071
vn -0.4715 -0.5269 0.7071
vn 0.2494 -0.6616 0.7071
vn -0.3118 -0.6345 0.7072
vn 0.1560 -0.6897 0.7071
vn -0.1327 -0.6945 0.7072
vn 0.0291 -0.7065 0.7071
vn -0.0142 0.7070 0.7071
vn -0.0253 0.7067 0.7071
vn 0.0744 0.7032 0.7071
vn 0.0635 0.7043 0.7071
vn -0.1029 0.6996 0.7071
vn 0.1588 0.6891 0.7071
vn -0.3565 0.6101 0.7075
vn 0.2359 0.6666 0.7071
vn 0.2267 0.6697 0.7071
vn 0.3039 0.6384 0.7071
vn 0.3626 0.6071 0.7071
vn 0.0083 0.7070 0.7071
vn -0.0103 0.7070 0.7071
vn -0.1323 0.6946 0.7071
vn 0.1600 0.6888 0.7071
vn 0.1410 0.6929 0.7071
vn 0.4121 0.5747 0.7071
vn -0.2492 0.6617 0.7071
vn -0.2620 0.6568 0.7071
vn 0.2859 0.6467 0.7071
vn 0.3027 0.6390 0.7071
vn 0.4536 0.5425 0.7071
vn -0.5597 0.4321 0.7071
vn -0.3400 0.6200 0.7071
vn -0.3497 0.6146 0.7071
vn 0.4072 0.5780 0.7071
vn 0.4203 0.5686 0.7071
vn 0.4880 0.5117 0.7071
vn -0.1014 -0.6998 0.7071
vn -0.2582 -0.6583 0.7071
vn 0.0246 0.7067 0.7071
vn -0.0657 0.7040 0.7071
vn 0.2416 0.6644 0.7072
vn 0.2014 0.6776 0.7073
vn -0.1171 0.6974 0.7071
vn -0.1128 0.6981 0.7071
vn -0.4085 0.5772 0.7071
vn -0.1414 0.6929 0.7071
vn -0.1442 0.6922 0.7071
vn 0.5080 0.4919 0.7071
vn -0.1605 0.6886 0.7071
vn 0.5134 0.4862 0.7071
vn 0.5167 0.4827 0.7071
vn 0.5277 0.4702 0.7074
vn -0.1753 0.6851 0.7071
vn -0.1740 0.6854 0.7071
vn -0.3790 -0.5969 0.7071
vn -0.1842 0.6827 0.7071
vn -0.0554 -0.7048 0.7072
vn -0.0934 -0.7008 0.7072
vn -0.4597 0.5373 0.7071
vn -0.4651 0.5327 0.7070
vn 0.6978 0.1123 0.7075
vn 0.6886 0.1605 0.7072
vn 0.2155 -0.6734 0.7072
vn 0.5768 0.4089 0.7072
vn 0.5630 0.4278 0.7071
vn 0.5539 -0.4396 0.7071
vn -0.4650 -0.5327 0.7071
vn -0.3425 -0.6185 0.7072
vn -0.5085 0.4913 0.7071
vn 0.6505 -0.2772 0.7071
vn 0.3891 -0.5904 0.7071
vn -0.4983 0.5017 0.7071
vn -0.5246 -0.4741 0.7071
vn -0.5453 -0.4501 0.7071
vn -0.5296 -0.4684 0.7072
vn 0.5107 -0.4890 0.7071
vn 0.6600 0.2536 0.7072
vn 0.5303 -0.4677 0.7071
vn 0.1481 -0.6914 0.7071
vn 0.3880 -0.5907 0.7075
vn 0.4306 -0.5607 0.7072
vn 0.1775 -0.6845 0.7071
vn -0.1432 -0.6920 0.7075
vn -0.0747 -0.7027 0.7075
vn -0.3938 0.5872 0.7072
vn -0.6723 -0.2193 0.7071
vn 0.4361 0.5561 0.7075
vn -0.3349 -0.6223 0.7075
vn 0.1769 -0.6845 0.7072
vn -0.0871 0.7014 0.7074
vn 0.4873 -0.5124 0.7071
vn -0.5667 0.4223 0.7075
vn 0.4966 -0.5034 0.7071
vn 0.5044 -0.4955 0.7071
vn 0.5121 -0.4876 0.7071
vn -0.6183 -0.3430 0.7072
vn -0.6078 -0.3613 0.7071
vn -0.6993 -0.1022 0.7075
vn 0.5194 -0.4799 0.7071
vn 0.4455 -0.5491 0.7071
vn 0.4532 -0.5427 0.7071
vn -0.4960 -0.5039 0.7072
vn 0.3639 -0.6063 0.7071
vn -0.4221 -0.5668 0.7075
vn 0.1022 -0.6993 0.7075
vn 0.2279 -0.6693 0.7072
vn 0.2490 -0.6618 0.7071
vn -0.2688 -0.6539 0.7072
vn 0.0094 -0.7070 0.7072
vn -0.1859 0.6818 0.7075
vn 0.3356 0.6223 0.7072
vn 0.2888 0.6450 0.7075
vn -0.6135 0.3506 0.7076
vn -0.6818 -0.1860 0.7075
vn -0.3657 -0.6051 0.7072
vn 0.6602 0.2519 0.7076
vn 0.6324 0.3155 0.7075
vn 0.6450 -0.2889 0.7075
vn 0.2518 -0.6603 0.7075
vn 0.3154 -0.6325 0.7075
vn -0.1413 0.6925 -0.7074
vn 0.3897 0.5896 -0.7075
vn 0.3301 0.6249 -0.7075
vn 0.6923 0.1413 -0.7076
vn 0.5895 -0.3898 -0.7076
vn 0.6248 -0.3301 -0.7076
vn 0.0295 0.7064 -0.7072
vn 0.0634 0.7043 -0.7071
vn 0.0609 0.7045 -0.7071
vn -0.4654 0.5318 -0.7075
vn 0.0843 0.7021 -0.7071
vn 0.1087 0.6987 -0.7071
vn 0.1055 0.6992 -0.7071
vn 0.1376 0.6936 -0.7071
vn 0.1337 0.6944 -0.7071
vn -0.7052 0.0469 -0.7075
vn 0.1726 0.6857 -0.7071
vn 0.2149 0.6737 -0.7071
vn 0.2669 0.6548 -0.7071
vn -0.5316 -0.4655 -0.7076
vn -0.4834 -0.5153 -0.7076
vn 0.3304 0.6252 -0.7071
vn -0.0641 -0.7040 -0.7073
vn -0.0829 -0.7022 -0.7071
vn 0.4070 0.5782 -0.7071
vn -0.1357 -0.6940 -0.7071
vn 0.4953 0.5046 -0.7071
vn -0.2120 -0.6745 -0.7072
vn 0.5867 0.3946 -0.7071
vn 0.5756 0.4106 -0.7071
vn -0.3260 -0.6274 -0.7072
vn -0.5126 -0.4870 -0.7072
vn -0.4895 -0.5101 -0.7072
vn -0.1970 0.6790 -0.7073
vn 0.3700 0.6024 -0.7073
vn 0.3346 0.6228 -0.7073
vn -0.4412 0.5524 -0.7073
vn -0.6924 -0.1413 -0.7075
vn -0.6752 -0.2085 -0.7076
vn 0.6361 0.3082 -0.7074
vn -0.6798 0.1930 -0.7075
vn -0.6946 0.1305 -0.7075
vn 0.6799 -0.1930 -0.7075
vn -0.6981 -0.1125 -0.7071
vn -0.6983 -0.1116 -0.7071
vn -0.6360 -0.3082 -0.7074
vn -0.3700 -0.6024 -0.7073
vn -0.3346 -0.6228 -0.7073
vn 0.1635 -0.6878 -0.7072
vn 0.1970 -0.6790 -0.7072
vn 0.6974 0.1168 -0.7071
vn 0.1304 0.6949 -0.7072
vn 0.0976 0.7002 -0.7072
vn -0.1304 0.6949 -0.7072
vn -0.6969 -0.1196 -0.7071
vn -0.6967 -0.1207 -0.7071
vn 0.4055 0.5791 -0.7073
vn -0.4056 0.5790 -0.7073
vn 0.6957 0.1264 -0.7071
vn 0.6362 0.3082 -0.7073
vn 0.6601 0.2524 -0.7075
vn -0.6601 0.2525 -0.7075
vn -0.1816 0.6832 -0.7073
vn -0.2183 0.6724 -0.7072
vn 0.2767 0.6503 -0.7074
vn 0.2146 0.6733 -0.7075
vn 0.5859 0.3952 -0.7075
vn 0.6369 0.2869 -0.7156
vn -0.6947 -0.1318 -0.7071
vn -0.6945 -0.1330 -0.7071
vn -0.3484 0.6153 -0.7071
vn 0.6602 -0.2525 -0.7074
vn -0.6602 -0.2525 -0.7074
vn -0.3862 0.5924 -0.7071
vn 0.6154 0.3476 -0.7074
vn -0.6922 -0.1444 -0.7071
vn -0.4023 0.5816 -0.7071
vn 0.4055 -0.5790 -0.7074
vn -0.4055 -0.5791 -0.7073
vn 0.7067 0.0235 -0.7071
vn -0.6865 -0.1694 -0.7071
vn 0.6990 -0.1038 -0.7075
vn 0.1304 -0.6949 -0.7072
vn -0.6635 -0.2443 -0.7072
vn -0.6876 -0.1432 -0.7118
vn -0.1304 -0.6949 -0.7072
vn -0.6825 0.1832 -0.7076
vn 0.5664 -0.4233 -0.7071
vn 0.5821 -0.4013 -0.7072
vn -0.7030 -0.0759 -0.7071
vn -0.7021 -0.0838 -0.7071
vn 0.5074 -0.4924 -0.7071
vn 0.6905 0.1522 -0.7071
vn 0.4861 -0.5136 -0.7071
vn -0.4615 0.5357 -0.7071
vn 0.4752 -0.5235 -0.7072
vn -0.6916 -0.1471 -0.7071
vn 0.6091 0.3590 -0.7072
vn -0.2234 0.6709 -0.7072
vn 0.3656 0.6050 -0.7073
vn 0.4064 0.5784 -0.7073
vn 0.0181 0.7067 -0.7073
vn -0.6658 -0.2383 -0.7071
vn -0.6137 -0.3513 -0.7071
vn -0.6045 -0.3667 -0.7071
vn -0.5198 -0.4793 -0.7071
vn -0.5046 -0.4953 -0.7072
vn 0.2944 -0.6429 -0.7071
vn -0.3761 -0.5987 -0.7072
vn 0.2179 -0.6727 -0.7071
vn 0.2288 -0.6690 -0.7071
vn -0.1996 -0.6783 -0.7072
vn 0.1127 -0.6981 -0.7071
vn -0.0279 -0.7065 -0.7072
vn 0.0193 0.7068 -0.7071
vn -0.0699 0.7036 -0.7071
vn -0.0809 0.7025 -0.7071
vn 0.1067 0.6990 -0.7071
vn -0.1693 0.6864 -0.7072
vn 0.1886 0.6815 -0.7071
vn 0.2625 0.6565 -0.7071
vn 0.3271 0.6270 -0.7071
vn -0.5718 0.4159 -0.7071
vn 0.3822 0.5949 -0.7072
vn 0.3758 0.5989 -0.7071
vn 0.0649 0.7041 -0.7071
vn -0.0820 0.7023 -0.7071
vn 0.2156 0.6734 -0.7071
vn 0.1973 0.6790 -0.7071
vn -0.2085 0.6756 -0.7071
vn 0.4286 0.5624 -0.7071
vn 0.3503 0.6142 -0.7071
vn 0.3349 0.6228 -0.7071
vn -0.3197 0.6307 -0.7071
vn -0.3089 0.6361 -0.7071
vn 0.4628 0.5347 -0.7071
vn 0.4672 0.5307 -0.7071
vn -0.0359 -0.7061 -0.7072
vn 0.4566 0.5399 -0.7071
vn 0.4450 0.5495 -0.7071
vn -0.2032 -0.6773 -0.7071
vn -0.3851 0.5930 -0.7071
vn 0.4994 0.5006 -0.7071
vn -0.0392 0.7060 -0.7071
vn 0.0827 0.7022 -0.7071
vn -0.0981 0.7003 -0.7071
vn -0.1321 0.6946 -0.7071
vn 0.5651 -0.4250 -0.7071
vn 0.5672 -0.4223 -0.7071
vn 0.3510 0.6138 -0.7071
vn -0.1540 0.6901 -0.7071
vn -0.1562 0.6896 -0.7071
vn -0.3381 -0.6210 -0.7071
vn -0.1693 0.6865 -0.7071
vn -0.1710 0.6862 -0.7070
vn -0.1806 0.6837 -0.7071
vn -0.1819 0.6833 -0.7072
vn 0.5261 0.4724 -0.7071
vn 0.6120 0.3539 -0.7072
vn 0.5337 0.4638 -0.7071
vn -0.4422 0.5518 -0.7071
vn -0.5249 0.4738 -0.7071
vn -0.5320 0.4658 -0.7071
vn -0.4363 -0.5564 -0.7071
vn 0.0556 -0.7048 -0.7072
vn -0.2426 -0.6641 -0.7072
vn 0.2919 -0.6439 -0.7072
vn 0.7060 -0.0383 -0.7072
vn 0.5460 -0.4494 -0.7071
vn 0.6395 0.3007 -0.7075
vn 0.6666 0.2346 -0.7075
vn -0.4850 0.5145 -0.7071
vn -0.4731 -0.5254 -0.7072
vn -0.5048 -0.4951 -0.7071
vn 0.5930 -0.3850 -0.7072
vn 0.6135 -0.3513 -0.7072
vn 0.4326 -0.5593 -0.7071
vn 0.4757 -0.5231 -0.7071
vn -0.4494 0.5459 -0.7071
vn 0.1614 -0.6885 -0.7071
vn -0.6831 -0.1829 -0.7071
vn -0.6799 -0.1944 -0.7071
vn -0.3379 -0.6206 -0.7075
vn 0.5192 -0.4801 -0.7071
vn 0.1998 -0.6779 -0.7075
vn 0.6131 0.3522 -0.7072
vn -0.5176 0.4817 -0.7071
vn -0.5211 0.4780 -0.7071
vn 0.1847 -0.6825 -0.7071
vn -0.4984 -0.5010 -0.7075
vn -0.2384 0.6655 -0.7073
vn 0.2515 0.6604 -0.7076
vn -0.0085 -0.7067 -0.7075
vn -0.6441 -0.2918 -0.7071
vn -0.6364 -0.3081 -0.7071
vn 0.4800 -0.5192 -0.7071
vn -0.6988 0.1052 -0.7076
vn 0.4195 -0.5692 -0.7071
vn -0.5530 -0.4406 -0.7072
vn -0.5685 -0.4198 -0.7075
vn 0.4197 -0.5685 -0.7076
vn 0.3209 -0.6301 -0.7071
vn 0.3363 -0.6221 -0.7071
vn -0.1052 -0.6988 -0.7075
vn -0.3658 -0.6050 -0.7072
vn 0.1565 -0.6895 -0.7071
vn 0.1817 -0.6834 -0.7071
vn -0.0927 -0.7009 -0.7072
vn 0.0200 0.7064 -0.7076
vn -0.4853 0.5136 -0.7076
vn -0.5334 0.4636 -0.7075
vn -0.7064 0.0200 -0.7075
vn -0.5135 -0.4854 -0.7076
vn 0.4635 0.5334 -0.7075
vn 0.6967 0.1182 -0.7075
vn 0.7050 0.0494 -0.7075
vn 0.5333 -0.4636 -0.7075
vn 0.0493 -0.7049 -0.7075
vn 0.2671 0.6543 0.7075
vn 0.2018 0.6772 0.7076
vn -0.2736 0.6515 0.7076
vn 0.6515 0.2737 0.7076
vn 0.6542 -0.2673 0.7075
vn 0.6772 -0.2019 0.7076
vn 0.4099 -0.5760 0.7072
vn 0.4510 -0.5441 0.7075
vn 0.4099 -0.5760 0.7073
vn -0.0916 0.7007 0.7075
vn 0.0589 0.7046 0.7072
vn 0.0566 0.7048 0.7071
vn 0.0788 0.7027 0.7071
vn 0.0762 0.7031 0.7070
vn -0.5602 0.4307 0.7076
vn 0.1021 0.6997 0.7071
vn 0.1299 0.6951 0.7071
vn 0.1262 0.6958 0.7071
vn 0.1632 0.6880 0.7071
vn 0.1587 0.6891 0.7070
vn -0.7007 -0.0916 0.7076
vn 0.2035 0.6772 0.7071
vn 0.2528 0.6603 0.7071
vn -0.4306 -0.5603 0.7075
vn -0.3736 -0.5998 0.7075
vn 0.3133 0.6339 0.7071
vn 0.3050 0.6379 0.7071
vn -0.0533 -0.7052 0.7071
vn 0.3866 0.5920 0.7071
vn -0.0944 -0.7008 0.7071
vn 0.4724 0.5261 0.7071
vn 0.4611 0.5360 0.7071
vn -0.1521 -0.6905 0.7071
vn -0.2364 -0.6664 0.7072
vn 0.5644 0.4259 0.7071
vn -0.3623 -0.6072 0.7071
vn -0.5357 -0.4613 0.7073
vn -0.5587 -0.4333 0.7072
vn -0.6772 0.2018 0.7075
vn -0.5454 0.4496 0.7074
vn -0.5115 0.4879 0.7073
vn -0.6515 -0.2737 0.7075
vn -0.6216 -0.3362 0.7075
vn -0.7037 0.0658 0.7075
vn 0.7037 -0.0658 0.7074
vn 0.7066 -0.0000 0.7076
vn -0.5780 -0.4069 0.7074
vn -0.6981 -0.1125 0.7071
vn 0.6977 0.1152 0.7071
vn 0.0649 0.7040 0.7072
vn 0.6963 0.1233 0.7071
vn -0.1970 0.6790 0.7072
vn 0.3347 0.6227 0.7072
vn 0.2997 0.6403 0.7073
vn -0.6965 -0.1219 0.7071
vn -0.6967 -0.1207 0.7071
vn -0.4765 0.5221 0.7073
vn 0.6085 0.3598 0.7073
vn -0.6958 -0.1259 0.7071
vn -0.6946 0.1305 0.7075
vn 0.6928 0.1414 0.7071
vn 0.1506 0.6905 0.7075
vn 0.0853 0.7016 0.7075
vn -0.2538 0.6599 0.7072
vn 0.6946 -0.1305 0.7074
vn -0.3620 0.6074 0.7071
vn -0.6942 -0.1343 0.7071
vn 0.5401 0.4558 0.7075
vn -0.3914 0.5889 0.7071
vn -0.6084 -0.3597 0.7074
vn 0.7066 0.0228 0.7072
vn 0.7028 0.0744 0.7075
vn -0.6912 -0.1489 0.7071
vn -0.4049 0.5797 0.7071
vn -0.4061 0.5789 0.7071
vn 0.5115 -0.4879 0.7074
vn 0.4765 -0.5221 0.7074
vn 0.7059 0.0314 0.7076
vn -0.6838 -0.1801 0.7071
vn -0.3347 -0.6227 0.7073
vn -0.2997 -0.6403 0.7073
vn 0.1969 -0.6789 0.7073
vn 0.2307 -0.6683 0.7072
vn -0.4656 0.5316 0.7076
vn -0.0649 -0.7040 0.7072
vn -0.7063 -0.0330 0.7071
vn 0.6007 -0.3729 0.7072
vn 0.6979 0.1138 0.7071
vn -0.7051 0.0466 0.7076
vn 0.5163 -0.4832 0.7071
vn -0.7011 -0.0921 0.7071
vn 0.4921 -0.5077 0.7071
vn 0.4901 -0.5097 0.7071
vn 0.4773 -0.5217 0.7071
vn 0.4785 -0.5206 0.7072
vn 0.6406 0.2993 0.7072
vn -0.3922 0.5854 0.7096
vn -0.3138 0.6336 0.7071
vn -0.6869 -0.1678 0.7071
vn 0.4696 -0.5287 0.7071
vn 0.4708 -0.5277 0.7070
vn 0.4446 0.5496 0.7073
vn -0.1758 0.6848 0.7072
vn 0.1002 0.6998 0.7072
vn 0.1437 0.6922 0.7073
vn 0.4648 -0.5328 0.7071
vn -0.6558 -0.2645 0.7071
vn -0.5947 -0.3825 0.7072
vn -0.4884 -0.5112 0.7071
vn -0.4716 -0.5269 0.7071
vn 0.3100 -0.6355 0.7071
vn -0.3337 -0.6234 0.7072
vn 0.2393 -0.6653 0.7071
vn 0.2495 -0.6616 0.7071
vn 0.1422 -0.6927 0.7071
vn 0.1561 -0.6897 0.7071
vn -0.1548 -0.6899 0.7072
vn 0.0107 -0.7070 0.7072
vn 0.0292 -0.7065 0.7071
vn -0.0030 0.7071 0.7071
vn 0.0852 0.7019 0.7071
vn -0.0920 0.7011 0.7071
vn 0.1689 0.6866 0.7071
vn -0.2910 0.6439 0.7076
vn -0.3565 0.6102 0.7075
vn 0.2449 0.6633 0.7071
vn 0.3118 0.6347 0.7071
vn 0.3693 0.6031 0.7071
vn 0.0270 0.7066 0.7071
vn -0.1159 0.6975 0.7071
vn -0.1324 0.6946 0.7071
vn 0.1787 0.6841 0.7071
vn 0.1599 0.6888 0.7071
vn 0.4177 0.5706 0.7071
vn -0.2361 0.6666 0.7071
vn -0.2493 0.6617 0.7071
vn -0.5641 0.4264 0.7071
vn 0.3190 0.6310 0.7071
vn 0.4582 0.5385 0.7071
vn -0.3300 0.6254 0.7071
vn 0.4329 0.5591 0.7071
vn 0.4204 0.5686 0.7071
vn 0.5691 -0.4197 0.7071
vn -0.0798 -0.7025 0.7072
vn 0.4919 0.5079 0.7071
vn 0.4881 0.5117 0.7071
vn -0.2404 -0.6650 0.7071
vn 0.0419 0.7058 0.7071
vn -0.0577 0.7047 0.7071
vn -0.1082 0.6988 0.7071
vn 0.2416 0.6644 0.7073
vn 0.2745 0.6515 0.7072
vn -0.4010 0.5824 0.7071
vn -0.1385 0.6934 0.7071
vn -0.1414 0.6928 0.7071
vn -0.1584 0.6891 0.7071
vn -0.1605 0.6887 0.7071
vn -0.3659 -0.6051 0.7071
vn -0.1739 0.6855 0.7070
vn -0.1725 0.6857 0.7071
vn 0.5170 0.4824 0.7071
vn 0.5199 0.4792 0.7071
vn 0.5675 0.4211 0.7075
vn -0.1831 0.6829 0.7072
vn -0.0177 -0.7068 0.7072
vn -0.4596 0.5373 0.7071
vn -0.4540 0.5421 0.7071
vn -0.4559 -0.5405 0.7071
vn 0.7052 0.0472 0.7075
vn 0.6978 0.1123 0.7074
vn 0.2426 -0.6641 0.7072
vn 0.5514 -0.4427 0.7071
vn -0.3108 -0.6350 0.7072
vn -0.5171 0.4823 0.7071
vn 0.6058 0.3637 0.7076
vn 0.5768 0.4088 0.7072
vn 0.6347 -0.3114 0.7072
vn 0.4047 -0.5798 0.7071
vn -0.4940 0.5059 0.7071
vn -0.5124 -0.4872 0.7072
vn -0.5184 -0.4810 0.7071
vn 0.4980 -0.5020 0.7071
vn 0.5268 -0.4717 0.7071
vn 0.1529 -0.6904 0.7071
vn 0.6600 0.2537 0.7072
vn 0.6476 0.2839 0.7072
vn 0.3282 -0.6258 0.7075
vn 0.3879 -0.5907 0.7075
vn -0.4146 0.5727 0.7072
vn -0.2104 -0.6747 0.7075
vn -0.1433 -0.6920 0.7075
vn 0.1801 -0.6838 0.7071
vn -0.6762 -0.2066 0.7071
vn -0.3933 -0.5872 0.7075
vn 0.3805 0.5955 0.7075
vn -0.1432 0.6922 0.7074
vn -0.5343 0.4630 0.7072
vn 0.1270 -0.6952 0.7075
vn 0.4962 -0.5038 0.7071
vn 0.4914 -0.5085 0.7071
vn -0.6278 -0.3252 0.7071
vn -0.6183 -0.3429 0.7072
vn -0.7059 -0.0332 0.7075
vn 0.4374 -0.5556 0.7071
vn 0.4455 -0.5490 0.7071
vn 0.5110 -0.4887 0.7072
vn -0.4960 -0.5038 0.7072
vn -0.5167 -0.4827 0.7071
vn -0.4222 -0.5668 0.7075
vn -0.4757 -0.5227 0.7075
vn 0.3505 -0.6141 0.7071
vn 0.3639 -0.6062 0.7071
vn 0.0332 -0.7058 0.7076
vn -0.3023 -0.6391 0.7072
vn 0.2055 -0.6765 0.7072
vn -0.0237 -0.7066 0.7072
vn -0.1182 0.6967 0.7075
vn 0.3657 0.6051 0.7072
vn -0.6135 0.3507 0.7076
vn -0.5762 0.4091 0.7075
vn -0.6967 -0.1182 0.7075
vn -0.4090 -0.5763 0.7075
vn 0.6818 0.1860 0.7075
vn 0.6135 -0.3507 0.7075
vn 0.1859 -0.6818 0.7075
vn -0.0728 0.7029 -0.7076
vn -0.1412 0.6925 -0.7074
vn 0.4456 0.5485 -0.7075
vn 0.3896 0.5896 -0.7075
vn 0.7029 0.0728 -0.7076
vn 0.5484 -0.4456 -0.7075
vn 0.5894 -0.3898 -0.7076
vn 0.0480 0.7055 -0.7071
vn 0.0660 0.7040 -0.7071
vn 0.0636 0.7043 -0.7071
vn -0.4111 0.5749 -0.7075
vn 0.0871 0.7017 -0.7071
vn 0.0842 0.7021 -0.7071
vn 0.1120 0.6982 -0.7071
vn 0.1377 0.6936 -0.7071
vn 0.1416 0.6928 -0.7071
vn -0.6971 0.1157 -0.7075
vn -0.7052 0.0468 -0.7075
vn 0.1774 0.6845 -0.7071
vn 0.2208 0.6717 -0.7071
vn -0.5748 -0.4112 -0.7075
vn 0.2741 0.6518 -0.7071
vn 0.3392 0.6204 -0.7071
vn -0.1157 -0.6971 -0.7076
vn -0.0775 -0.7028 -0.7071
vn 0.4175 0.5707 -0.7071
vn 0.4069 0.5782 -0.7071
vn -0.1280 -0.6954 -0.7071
vn 0.5069 0.4931 -0.7071
vn 0.4953 0.5047 -0.7071
vn -0.2008 -0.6780 -0.7071
vn 0.5975 0.3780 -0.7072
vn 0.5867 0.3947 -0.7071
vn -0.3092 -0.6359 -0.7071
vn -0.4668 -0.5310 -0.7072
vn -0.6697 -0.2135 -0.7113
vn 0.1304 0.6949 -0.7071
vn -0.1304 0.6949 -0.7071
vn -0.1635 0.6879 -0.7072
vn 0.4055 0.5790 -0.7073
vn -0.4055 0.5790 -0.7073
vn -0.4412 0.5523 -0.7073
vn -0.7029 -0.0728 -0.7075
vn 0.6601 0.2525 -0.7074
vn 0.6982 0.1121 -0.7071
vn 0.6601 -0.2525 -0.7074
vn -0.6601 -0.2524 -0.7075
vn 0.4055 -0.5790 -0.7073
vn 0.4412 -0.5523 -0.7073
vn -0.4055 -0.5790 -0.7073
vn 0.1304 -0.6949 -0.7071
vn -0.1304 -0.6949 -0.7071
vn -0.0976 -0.7002 -0.7073
vn -0.6977 -0.1152 -0.7071
vn -0.6975 -0.1160 -0.7071
vn 0.6973 0.1177 -0.7071
vn -0.6971 -0.1186 -0.7071
vn -0.0976 0.7002 -0.7073
vn 0.1635 0.6878 -0.7072
vn -0.3700 0.6024 -0.7072
vn -0.4055 0.5791 -0.7073
vn 0.4056 0.5790 -0.7073
vn 0.4412 0.5524 -0.7073
vn 0.6955 0.1282 -0.7070
vn -0.6963 -0.1233 -0.7071
vn -0.6360 0.3082 -0.7075
vn 0.6799 0.1930 -0.7074
vn -0.1244 0.6955 -0.7077
vn -0.1815 0.6832 -0.7073
vn -0.6949 -0.1309 -0.7071
vn -0.6947 -0.1319 -0.7071
vn 0.3219 0.6295 -0.7072
vn 0.2768 0.6503 -0.7074
vn 0.6216 0.3363 -0.7075
vn 0.5859 0.3953 -0.7075
vn -0.3399 0.6200 -0.7071
vn -0.3485 0.6153 -0.7071
vn -0.6799 -0.1930 -0.7075
vn 0.6361 -0.3082 -0.7073
vn -0.3832 0.5943 -0.7071
vn -0.6926 -0.1423 -0.7071
vn 0.6451 0.2886 -0.7074
vn -0.4008 0.5826 -0.7071
vn -0.4056 -0.5790 -0.7073
vn -0.4411 -0.5524 -0.7073
vn -0.6876 -0.1649 -0.7071
vn 0.3700 -0.6024 -0.7073
vn -0.4107 0.5757 -0.7071
vn 0.7062 0.0364 -0.7071
vn -0.6637 -0.2439 -0.7071
vn -0.6696 -0.2272 -0.7071
vn -0.1635 -0.6878 -0.7072
vn 0.0976 -0.7002 -0.7072
vn 0.6859 -0.1702 -0.7075
vn -0.6825 0.1833 -0.7075
vn -0.6612 0.2493 -0.7075
vn 0.5541 -0.4392 -0.7072
vn -0.7038 -0.0682 -0.7071
vn 0.5037 -0.4963 -0.7071
vn 0.5074 -0.4924 -0.7072
vn 0.6855 0.1733 -0.7072
vn 0.4843 -0.5152 -0.7071
vn -0.4622 0.5351 -0.7071
vn -0.6937 -0.1372 -0.7071
vn 0.4752 -0.5236 -0.7072
vn 0.4742 -0.5245 -0.7072
vn 0.5894 0.3904 -0.7072
vn 0.6090 0.3590 -0.7072
vn -0.2444 0.6635 -0.7071
vn -0.2234 0.6708 -0.7072
vn 0.3227 0.6289 -0.7074
vn -0.0199 0.7067 -0.7072
vn 0.0181 0.7067 -0.7072
vn 0.4696 -0.5287 -0.7071
vn 0.4682 -0.5299 -0.7071
vn -0.6701 -0.2256 -0.7071
vn -0.6658 -0.2382 -0.7071
vn 0.4639 -0.5337 -0.7071
vn 0.4648 -0.5328 -0.7071
vn -0.6221 -0.3361 -0.7071
vn 0.4608 -0.5364 -0.7071
vn 0.4615 -0.5358 -0.7071
vn -0.5343 -0.4631 -0.7072
vn -0.5199 -0.4793 -0.7071
vn 0.2862 -0.6466 -0.7071
vn -0.3965 -0.5854 -0.7072
vn 0.2065 -0.6763 -0.7071
vn -0.2222 -0.6712 -0.7072
vn 0.0971 -0.7004 -0.7071
vn -0.0479 -0.7054 -0.7072
vn -0.0278 -0.7065 -0.7072
vn 0.0304 0.7065 -0.7071
vn -0.0588 0.7046 -0.7071
vn 0.1173 0.6973 -0.7071
vn -0.1461 0.6918 -0.7071
vn 0.1983 0.6787 -0.7071
vn 0.1887 0.6815 -0.7071
vn 0.2711 0.6531 -0.7071
vn 0.2625 0.6565 -0.7072
vn -0.5626 0.4282 -0.7072
vn 0.3345 0.6230 -0.7071
vn 0.3270 0.6270 -0.7071
vn 0.3884 0.5908 -0.7071
vn 0.0839 0.7021 -0.7071
vn -0.0819 0.7023 -0.7071
vn -0.0644 0.7041 -0.7071
vn -0.1941 0.6800 -0.7071
vn 0.2337 0.6674 -0.7071
vn 0.4338 0.5585 -0.7071
vn -0.3088 0.6361 -0.7071
vn -0.2977 0.6414 -0.7071
vn 0.3652 0.6055 -0.7071
vn 0.3502 0.6143 -0.7071
vn 0.4716 0.5269 -0.7071
vn 0.4672 0.5307 -0.7072
vn -0.0137 -0.7069 -0.7072
vn -0.3767 0.5984 -0.7071
vn -0.1837 -0.6828 -0.7071
vn 0.4678 0.5303 -0.7071
vn 0.5031 0.4969 -0.7071
vn -0.0288 0.7065 -0.7071
vn 0.1069 0.6989 -0.7071
vn 0.0828 0.7022 -0.7071
vn -0.0926 0.7011 -0.7071
vn -0.1286 0.6953 -0.7071
vn -0.1320 0.6946 -0.7071
vn -0.3233 -0.6289 -0.7071
vn 0.3793 0.5966 -0.7072
vn -0.1517 0.6907 -0.7071
vn -0.1676 0.6869 -0.7071
vn 0.5631 -0.4278 -0.7071
vn -0.4359 0.5567 -0.7071
vn -0.1793 0.6840 -0.7071
vn -0.1805 0.6837 -0.7070
vn -0.5385 0.4582 -0.7071
vn 0.5261 0.4724 -0.7072
vn 0.6364 0.3074 -0.7075
vn 0.5338 0.4638 -0.7071
vn 0.5416 0.4546 -0.7071
vn -0.4259 -0.5645 -0.7071
vn 0.0905 -0.7012 -0.7072
vn -0.2064 -0.6762 -0.7072
vn -0.2425 -0.6641 -0.7072
vn 0.2920 -0.6439 -0.7072
vn 0.3143 -0.6334 -0.7072
vn 0.6997 -0.0980 -0.7077
vn -0.4803 0.5189 -0.7071
vn -0.4508 -0.5447 -0.7072
vn -0.4975 -0.5024 -0.7071
vn 0.6828 0.1835 -0.7072
vn 0.5431 -0.4528 -0.7071
vn 0.5738 -0.4129 -0.7073
vn -0.4639 0.5336 -0.7071
vn 0.4452 -0.5494 -0.7071
vn 0.4659 -0.5319 -0.7071
vn 0.4757 -0.5232 -0.7071
vn -0.5140 0.4856 -0.7071
vn -0.3971 -0.5845 -0.7076
vn -0.6858 -0.1719 -0.7072
vn -0.6831 -0.1828 -0.7071
vn 0.1651 -0.6876 -0.7071
vn 0.1324 -0.6942 -0.7075
vn -0.5335 -0.4638 -0.7073
vn 0.5896 0.3901 -0.7072
vn 0.5151 -0.4844 -0.7071
vn 0.1869 -0.6820 -0.7071
vn -0.2780 0.6501 -0.7072
vn 0.1814 0.6830 -0.7076
vn 0.2515 0.6603 -0.7076
vn -0.0764 -0.7026 -0.7075
vn -0.6510 -0.2760 -0.7071
vn -0.6441 -0.2917 -0.7071
vn -0.6851 0.1732 -0.7076
vn 0.4738 -0.5248 -0.7071
vn -0.5688 -0.4200 -0.7072
vn -0.6069 -0.3621 -0.7075
vn 0.4098 -0.5763 -0.7071
vn 0.3620 -0.6069 -0.7075
vn -0.3954 -0.5861 -0.7072
vn -0.1731 -0.6852 -0.7075
vn 0.3209 -0.6300 -0.7071
vn 0.3047 -0.6381 -0.7071
vn 0.1299 -0.6950 -0.7072
vn -0.1280 -0.6953 -0.7073
vn 0.0891 0.7010 -0.7075
vn -0.4326 0.5588 -0.7075
vn -0.7010 0.0891 -0.7076
vn -0.5136 -0.4854 -0.7076
vn -0.5587 -0.4328 -0.7075
vn 0.5136 0.4854 -0.7075
vn 0.7064 -0.0200 -0.7076
vn 0.4853 -0.5137 -0.7075
vn 0.5334 -0.4636 -0.7075
vn -0.0200 -0.7064 -0.7075
vn -0.2084 0.6752 0.7076
vn -0.2735 0.6515 0.7076
vn 0.3300 0.6249 0.7075
vn 0.2672 0.6542 0.7075
vn 0.6515 0.2736 0.7076
vn 0.6752 0.2085 0.7075
vn 0.6248 -0.3301 0.7076
vn -0.0225 0.7064 0.7075
vn 0.0591 0.7046 0.7071
vn 0.0611 0.7045 0.7071
vn 0.0815 0.7024 0.7071
vn 0.0789 0.7027 0.7071
vn -0.5153 0.4836 0.7075
vn 0.1054 0.6992 0.7071
vn 0.1337 0.6944 0.7071
vn 0.1679 0.6869 0.7071
vn -0.7064 -0.0225 0.7074
vn 0.2091 0.6755 0.7071
vn 0.2528 0.6603 0.7072
vn 0.2598 0.6577 0.7071
vn -0.4834 -0.5154 0.7076
vn 0.3217 0.6297 0.7071
vn -0.0533 -0.7052 0.7070
vn -0.0490 -0.7054 0.7071
vn 0.3967 0.5853 0.7071
vn -0.0885 -0.7015 0.7071
vn -0.1437 -0.6923 0.7071
vn 0.4838 0.5156 0.7071
vn -0.2239 -0.6707 0.7071
vn 0.5757 0.4106 0.7071
vn 0.5644 0.4260 0.7071
vn -0.3437 -0.6179 0.7072
vn -0.5126 -0.4869 0.7072
vn -0.6542 0.2672 0.7075
vn 0.0649 0.7041 0.7072
vn -0.1969 0.6790 0.7073
vn -0.2307 0.6683 0.7072
vn 0.3347 0.6227 0.7073
vn -0.5115 0.4880 0.7073
vn -0.4766 0.5221 0.7073
vn -0.6752 -0.2085 0.7075
vn -0.6516 -0.2737 0.7075
vn 0.6983 0.1112 0.7071
vn 0.6084 0.3597 0.7074
vn 0.5779 0.4069 0.7074
vn -0.7037 0.0659 0.7075
vn -0.6945 0.1306 0.7075
vn 0.6946 -0.1305 0.7075
vn 0.7037 -0.0659 0.7074
vn 0.4766 -0.5222 0.7073
vn 0.1969 -0.6790 0.7072
vn -0.0649 -0.7041 0.7072
vn 0.6975 0.1160 0.7071
vn 0.0975 0.7002 0.7072
vn -0.1635 0.6878 0.7072
vn 0.6960 0.1247 0.7071
vn 0.3700 0.6024 0.7072
vn 0.3346 0.6228 0.7072
vn -0.4412 0.5524 0.7073
vn 0.6361 0.3082 0.7073
vn -0.6960 -0.1247 0.7071
vn -0.6958 -0.1260 0.7071
vn -0.6799 0.1930 0.7075
vn 0.2146 0.6734 0.7075
vn -0.2183 0.6724 0.7073
vn -0.2537 0.6599 0.7072
vn 0.6369 0.2868 0.7156
vn -0.6945 -0.1331 0.7071
vn 0.6799 -0.1930 0.7074
vn -0.3558 0.6110 0.7071
vn 0.5803 0.4034 0.7075
vn -0.3890 0.5906 0.7071
vn -0.6360 -0.3082 0.7075
vn -0.6084 -0.3598 0.7074
vn -0.6918 -0.1466 0.7071
vn -0.4036 0.5806 0.7071
vn 0.7066 0.0229 0.7072
vn 0.7070 0.0115 0.7071
vn 0.4412 -0.5524 0.7073
vn -0.6853 -0.1743 0.7071
vn -0.6838 -0.1800 0.7071
vn -0.3700 -0.6024 0.7072
vn -0.3346 -0.6227 0.7073
vn 0.7058 -0.0363 0.7075
vn -0.4254 0.5647 0.7072
vn 0.1635 -0.6878 0.7072
vn -0.6877 -0.1429 0.7118
vn -0.0975 -0.7002 0.7072
vn 0.5821 -0.4014 0.7072
vn -0.6972 0.1155 0.7075
vn -0.7051 0.0466 0.7075
vn -0.7021 -0.0839 0.7071
vn 0.5116 -0.4881 0.7071
vn 0.6946 0.1324 0.7071
vn 0.4880 -0.5117 0.7071
vn 0.4761 -0.5228 0.7071
vn -0.4607 0.5363 0.7071
vn -0.6869 -0.1679 0.7071
vn -0.6894 -0.1573 0.7071
vn 0.6261 0.3286 0.7072
vn -0.2005 0.6780 0.7072
vn 0.4063 0.5785 0.7073
vn 0.4445 0.5496 0.7073
vn 0.0582 0.7045 0.7073
vn 0.1002 0.6998 0.7073
vn -0.6610 -0.2512 0.7071
vn -0.6045 -0.3668 0.7071
vn -0.5947 -0.3824 0.7072
vn 0.4615 -0.5358 0.7071
vn 0.4614 -0.5358 0.7071
vn -0.5045 -0.4954 0.7072
vn -0.4885 -0.5112 0.7071
vn 0.3101 -0.6355 0.7071
vn 0.3024 -0.6392 0.7071
vn -0.3551 -0.6114 0.7072
vn 0.2288 -0.6691 0.7071
vn -0.1771 -0.6845 0.7072
vn 0.1277 -0.6954 0.7071
vn 0.1421 -0.6927 0.7071
vn -0.0083 -0.7070 0.7072
vn 0.0081 0.7071 0.7071
vn -0.0810 0.7024 0.7071
vn -0.0919 0.7011 0.7071
vn 0.0960 0.7005 0.7071
vn 0.0853 0.7019 0.7071
vn 0.1788 0.6841 0.7071
vn -0.2224 0.6708 0.7076
vn 0.2538 0.6600 0.7071
vn 0.3195 0.6308 0.7071
vn 0.3758 0.5990 0.7071
vn 0.0459 0.7056 0.7071
vn 0.0270 0.7065 0.7071
vn -0.0991 0.7001 0.7072
vn 0.1787 0.6842 0.7071
vn 0.1972 0.6790 0.7071
vn -0.5681 0.4210 0.7071
vn 0.4232 0.5665 0.7071
vn 0.4177 0.5705 0.7071
vn -0.2225 0.6712 0.7071
vn -0.2361 0.6665 0.7071
vn 0.3189 0.6310 0.7071
vn 0.3348 0.6228 0.7071
vn 0.4628 0.5347 0.7071
vn -0.3196 0.6307 0.7071
vn 0.4450 0.5495 0.7071
vn -0.0580 -0.7047 0.7072
vn 0.4957 0.5043 0.7071
vn 0.4919 0.5079 0.7072
vn -0.2220 -0.6713 0.7071
vn -0.3932 0.5877 0.7071
vn 0.0610 0.7045 0.7071
vn -0.0489 0.7054 0.7071
vn -0.1033 0.6995 0.7071
vn 0.3132 0.6336 0.7074
vn 0.5671 -0.4223 0.7071
vn -0.1354 0.6940 0.7071
vn -0.1583 0.6891 0.7071
vn -0.1563 0.6896 0.7071
vn -0.3523 -0.6131 0.7071
vn -0.1725 0.6858 0.7071
vn -0.1709 0.6862 0.7071
vn 0.5169 0.4825 0.7071
vn 0.5255 0.4731 0.7071
vn 0.5231 0.4758 0.7071
vn 0.5199 0.4792 0.7072
vn 0.5947 0.3823 0.7072
vn -0.1819 0.6833 0.7071
vn -0.1830 0.6830 0.7071
vn -0.4482 0.5469 0.7071
vn 0.0194 -0.7067 0.7072
vn -0.0176 -0.7068 0.7072
vn -0.4463 -0.5484 0.7071
vn -0.5249 0.4738 0.7071
vn -0.2774 -0.6503 0.7072
vn 0.2681 -0.6542 0.7072
vn 0.7052 0.0473 0.7075
vn 0.7071 -0.0019 0.7072
vn 0.6395 0.3007 0.7075
vn 0.6058 0.3638 0.7076
vn 0.5487 -0.4460 0.7071
vn -0.4896 0.5102 0.7071
vn 0.6135 -0.3513 0.7072
vn 0.6347 -0.3115 0.7072
vn -0.4936 -0.5062 0.7072
vn -0.5117 -0.4880 0.7071
vn 0.4192 -0.5694 0.7071
vn 0.4864 -0.5132 0.7071
vn 0.4980 -0.5020 0.7072
vn 0.1573 -0.6894 0.7071
vn -0.4331 0.5590 0.7071
vn 0.2653 -0.6550 0.7075
vn 0.6321 0.3167 0.7072
vn 0.5231 -0.4758 0.7071
vn -0.2755 -0.6508 0.7075
vn 0.1825 -0.6832 0.7071
vn -0.6798 -0.1945 0.7071
vn -0.5212 0.4779 0.7071
vn -0.4479 -0.5466 0.7075
vn -0.1936 0.6799 0.7073
vn 0.3806 0.5955 0.7075
vn 0.3185 0.6308 0.7075
vn 0.0595 -0.7042 0.7075
vn 0.4859 -0.5138 0.7071
vn -0.6364 -0.3082 0.7071
vn -0.6279 -0.3252 0.7071
vn -0.7058 0.0362 0.7075
vn 0.4287 -0.5623 0.7071
vn -0.5356 -0.4615 0.7072
vn -0.5246 -0.4736 0.7075
vn -0.4756 -0.5227 0.7075
vn 0.4734 -0.5247 0.7075
vn 0.3362 -0.6221 0.7071
vn -0.0362 -0.7058 0.7075
vn -0.3024 -0.6391 0.7072
vn -0.3348 -0.6227 0.7072
vn 0.1817 -0.6833 0.7071
vn -0.0579 -0.7047 0.7072
vn -0.0493 0.7050 0.7075
vn -0.5333 0.4636 0.7075
vn -0.7049 -0.0494 0.7075
vn -0.4635 -0.5334 0.7075
vn 0.4090 0.5763 0.7075
vn 0.6967 0.1183 0.7075
vn 0.5763 -0.4091 0.7075
vn 0.1182 -0.6967 0.7075
vn -0.0726 0.7029 -0.7076
vn -0.0035 0.7066 -0.7076
vn 0.4456 0.5486 -0.7075
vn 0.4971 0.5022 -0.7076
vn 0.7067 0.0035 -0.7075
vn 0.7029 0.0727 -0.7076
vn 0.5484 -0.4457 -0.7075
vn 0.5021 -0.4973 -0.7075
vn 0.0501 0.7054 -0.7071
vn -0.3528 0.6124 -0.7075
vn 0.0686 0.7038 -0.7071
vn 0.0661 0.7040 -0.7071
vn 0.0900 0.7014 -0.7071
vn 0.1155 0.6976 -0.7071
vn -0.6825 0.1836 -0.7075
vn -0.6971 0.1158 -0.7075
vn 0.1457 0.6919 -0.7071
vn 0.1823 0.6832 -0.7071
vn 0.2269 0.6697 -0.7071
vn 0.2208 0.6718 -0.7071
vn -0.6123 -0.3529 -0.7075
vn 0.2815 0.6487 -0.7071
vn -0.1834 -0.6824 -0.7075
vn 0.3483 0.6154 -0.7071
vn -0.0722 -0.7034 -0.7071
vn 0.4282 0.5627 -0.7071
vn -0.1207 -0.6968 -0.7071
vn -0.1901 -0.6811 -0.7071
vn 0.5184 0.4809 -0.7071
vn 0.5068 0.4931 -0.7071
vn -0.2931 -0.6435 -0.7071
vn 0.6080 0.3608 -0.7072
vn 0.5975 0.3781 -0.7072
vn -0.4667 -0.5311 -0.7072
vn -0.4445 -0.5499 -0.7072
vn -0.6697 -0.2134 -0.7113
vn -0.6231 -0.3338 -0.7073
vn -0.0976 0.7002 -0.7072
vn -0.1304 0.6950 -0.7071
vn 0.1635 0.6879 -0.7072
vn 0.1304 0.6950 -0.7071
vn -0.7067 -0.0035 -0.7075
vn -0.7029 -0.0727 -0.7075
vn -0.3700 0.6024 -0.7073
vn -0.6360 0.3082 -0.7074
vn -0.6601 0.2524 -0.7075
vn 0.6799 0.1930 -0.7075
vn -0.6601 -0.2525 -0.7075
vn -0.6798 -0.1930 -0.7075
vn 0.6361 -0.3082 -0.7074
vn -0.4412 -0.5524 -0.7073
vn 0.4055 -0.5791 -0.7073
vn -0.1635 -0.6879 -0.7072
vn -0.1304 -0.6950 -0.7071
vn 0.1304 -0.6950 -0.7071
vn 0.6971 0.1186 -0.7071
vn -0.0975 0.7002 -0.7073
vn -0.0649 0.7040 -0.7072
vn 0.1969 0.6790 -0.7072
vn -0.3347 0.6227 -0.7072
vn 0.4766 0.5221 -0.7073
vn 0.6950 0.1302 -0.7071
vn 0.6955 0.1282 -0.7071
vn -0.6084 0.3598 -0.7074
vn 0.6946 0.1305 -0.7075
vn -0.0665 0.7038 -0.7073
vn -0.6951 -0.1298 -0.7071
vn 0.3510 0.6138 -0.7072
vn -0.3295 0.6257 -0.7071
vn -0.6946 -0.1305 -0.7074
vn 0.6514 0.2741 -0.7075
vn -0.3832 0.5942 -0.7071
vn -0.3800 0.5964 -0.7071
vn 0.6084 -0.3597 -0.7074
vn -0.6930 -0.1405 -0.7071
vn -0.3991 0.5837 -0.7071
vn 0.6692 0.2272 -0.7075
vn 0.6451 0.2887 -0.7074
vn -0.4766 -0.5221 -0.7073
vn -0.6885 -0.1610 -0.7071
vn -0.4091 0.5767 -0.7071
vn 0.3347 -0.6227 -0.7072
vn -0.6738 -0.2142 -0.7071
vn -0.1969 -0.6789 -0.7073
vn 0.0975 -0.7002 -0.7072
vn 0.0649 -0.7040 -0.7072
vn 0.7053 0.0500 -0.7071
vn 0.6722 -0.2192 -0.7071
vn 0.6859 -0.1703 -0.7075
vn -0.6336 0.3129 -0.7076
vn -0.7045 -0.0607 -0.7071
vn 0.5437 -0.4521 -0.7071
vn 0.5541 -0.4391 -0.7072
vn 0.5003 -0.4997 -0.7071
vn -0.4630 0.5344 -0.7071
vn 0.6794 0.1957 -0.7072
vn 0.4827 -0.5167 -0.7071
vn -0.6955 -0.1276 -0.7071
vn 0.4733 -0.5254 -0.7071
vn 0.5894 0.3905 -0.7072
vn 0.5668 0.4226 -0.7072
vn -0.2639 0.6560 -0.7072
vn 0.2785 0.6498 -0.7073
vn -0.0557 0.7049 -0.7072
vn 0.4673 -0.5307 -0.7071
vn -0.6741 -0.2134 -0.7071
vn -0.6300 -0.3211 -0.7071
vn -0.6221 -0.3360 -0.7071
vn 0.4442 -0.5500 -0.7072
vn -0.5479 -0.4469 -0.7072
vn -0.4163 -0.5715 -0.7072
vn 0.2776 -0.6504 -0.7071
vn 0.1946 -0.6798 -0.7071
vn -0.2448 -0.6634 -0.7071
vn 0.0972 -0.7004 -0.7071
vn 0.0811 -0.7024 -0.7071
vn -0.0685 -0.7037 -0.7072
vn 0.0415 0.7059 -0.7071
vn -0.0477 0.7055 -0.7071
vn 0.1278 0.6954 -0.7071
vn -0.1354 0.6940 -0.7071
vn 0.2079 0.6759 -0.7071
vn 0.1984 0.6787 -0.7071
vn 0.2796 0.6495 -0.7071
vn -0.5271 0.4706 -0.7076
vn 0.3417 0.6191 -0.7071
vn 0.3946 0.5868 -0.7071
vn -0.0466 0.7055 -0.7071
vn -0.0645 0.7041 -0.7071
vn 0.1030 0.6995 -0.7071
vn -0.1792 0.6840 -0.7071
vn -0.1941 0.6799 -0.7071
vn 0.2515 0.6609 -0.7071
vn 0.2337 0.6673 -0.7071
vn 0.4337 0.5585 -0.7071
vn 0.4389 0.5544 -0.7071
vn -0.2978 0.6414 -0.7071
vn -0.2862 0.6466 -0.7071
vn 0.3798 0.5965 -0.7071
vn 0.3653 0.6055 -0.7071
vn 0.4758 0.5230 -0.7071
vn 0.0086 -0.7070 -0.7072
vn -0.3768 0.5984 -0.7071
vn -0.3681 0.6037 -0.7071
vn -0.1638 -0.6878 -0.7071
vn -0.0173 0.7069 -0.7071
vn 0.4785 0.5206 -0.7071
vn 0.4678 0.5302 -0.7071
vn 0.1347 0.6941 -0.7072
vn 0.1070 0.6989 -0.7071
vn -0.0865 0.7018 -0.7071
vn -0.0926 0.7010 -0.7071
vn -0.1251 0.6960 -0.7071
vn 0.5066 0.4934 -0.7071
vn 0.5031 0.4970 -0.7071
vn -0.3079 -0.6365 -0.7071
vn -0.1494 0.6911 -0.7071
vn -0.1517 0.6906 -0.7071
vn 0.4257 0.5640 -0.7076
vn -0.5445 0.4511 -0.7071
vn -0.1661 0.6873 -0.7071
vn -0.1677 0.6870 -0.7071
vn 0.5609 -0.4306 -0.7071
vn -0.1782 0.6844 -0.7070
vn -0.1794 0.6840 -0.7071
vn -0.4295 0.5618 -0.7071
vn -0.1873 0.6819 -0.7071
vn -0.4149 -0.5725 -0.7072
vn 0.6635 0.2431 -0.7076
vn 0.5416 0.4547 -0.7071
vn 0.5490 0.4456 -0.7071
vn 0.1241 -0.6960 -0.7072
vn -0.1693 -0.6864 -0.7072
vn 0.3142 -0.6334 -0.7072
vn 0.3350 -0.6227 -0.7071
vn -0.4754 0.5234 -0.7071
vn 0.6894 -0.1571 -0.7072
vn -0.4900 -0.5098 -0.7071
vn -0.4266 -0.5638 -0.7072
vn 0.6845 0.1773 -0.7071
vn 0.5401 -0.4564 -0.7071
vn 0.5560 -0.4368 -0.7072
vn 0.5739 -0.4129 -0.7073
vn -0.4770 0.5221 -0.7071
vn 0.4568 -0.5398 -0.7071
vn -0.4525 -0.5429 -0.7075
vn -0.5103 0.4895 -0.7071
vn 0.4569 -0.5397 -0.7071
vn -0.6332 -0.2980 -0.7144
vn -0.6859 -0.1718 -0.7071
vn 0.1685 -0.6867 -0.7071
vn -0.5420 -0.4542 -0.7071
vn -0.5334 -0.4639 -0.7073
vn 0.0638 -0.7038 -0.7075
vn 0.5108 -0.4889 -0.7071
vn 0.5609 0.4303 -0.7073
vn 0.5896 0.3902 -0.7072
vn 0.1889 -0.6814 -0.7071
vn -0.2780 0.6500 -0.7072
vn -0.3128 0.6340 -0.7072
vn 0.1104 0.6980 -0.7075
vn 0.1813 0.6830 -0.7076
vn -0.1436 -0.6920 -0.7075
vn -0.6572 -0.2609 -0.7071
vn -0.6648 0.2395 -0.7076
vn 0.4674 -0.5307 -0.7071
vn 0.4739 -0.5248 -0.7071
vn -0.5831 -0.4000 -0.7071
vn -0.6395 -0.3009 -0.7075
vn 0.3993 -0.5835 -0.7071
vn 0.3007 -0.6394 -0.7076
vn 0.3620 -0.6070 -0.7075
vn -0.4232 -0.5664 -0.7072
vn -0.3953 -0.5861 -0.7072
vn -0.2394 -0.6649 -0.7075
vn 0.3046 -0.6381 -0.7071
vn 0.2872 -0.6461 -0.7072
vn -0.1281 -0.6953 -0.7073
vn -0.1636 -0.6878 -0.7073
vn 0.1018 -0.6997 -0.7072
vn 0.1574 0.6890 -0.7075
vn -0.3758 0.5984 -0.7076
vn -0.6889 0.1574 -0.7075
vn -0.5984 -0.3759 -0.7076
vn 0.5587 0.4328 -0.7075
vn 0.7010 -0.0891 -0.7075
vn 0.4327 -0.5588 -0.7075
vn -0.0891 -0.7010 -0.7075
vn -0.1413 0.6925 0.7074
vn 0.3301 0.6249 0.7075
vn 0.3897 0.5896 0.7075
vn 0.6923 0.1413 0.7076
vn 0.5895 -0.3897 0.7076
vn 0.0295 0.7064 0.7072
vn 0.0634 0.7043 0.7071
vn 0.0609 0.7045 0.7071
vn -0.4654 0.5318 0.7075
vn 0.0842 0.7021 0.7071
vn 0.1087 0.6987 0.7071
vn 0.1376 0.6936 0.7071
vn 0.1337 0.6943 0.7071
vn -0.7052 0.0469 0.7075
vn 0.1726 0.6857 0.7071
vn 0.2149 0.6737 0.7071
vn 0.2669 0.6548 0.7071
vn -0.5316 -0.4655 0.7076
vn 0.3304 0.6252 0.7071
vn -0.0641 -0.7040 0.7073
vn -0.0829 -0.7022 0.7072
vn 0.4070 0.5782 0.7071
vn 0.3967 0.5854 0.7071
vn -0.1357 -0.6940 0.7071
vn 0.4953 0.5046 0.7071
vn 0.4838 0.5157 0.7071
vn -0.2120 -0.6745 0.7072
vn 0.5867 0.3947 0.7071
vn 0.5756 0.4106 0.7071
vn -0.3260 -0.6274 0.7072
vn -0.4895 -0.5101 0.7072
vn -0.1970 0.6790 0.7073
vn 0.3700 0.6024 0.7073
vn 0.3346 0.6227 0.7073
vn -0.4411 0.5524 0.7073
vn -0.6924 -0.1413 0.7075
vn 0.6361 0.3082 0.7074
vn -0.6798 0.1930 0.7075
vn 0.6799 -0.1930 0.7075
vn -0.6983 -0.1116 0.7071
vn -0.6360 -0.3082 0.7074
vn 0.4766 -0.5221 0.7073
vn -0.3700 -0.6024 0.7073
vn 0.1970 -0.6790 0.7072
vn 0.6974 0.1168 0.7071
vn -0.6975 -0.1160 0.7071
vn 0.0976 0.7002 0.7072
vn 0.1304 0.6949 0.7072
vn -0.1304 0.6949 0.7072
vn -0.6969 -0.1196 0.7071
vn 0.4055 0.5791 0.7073
vn -0.4056 0.5790 0.7073
vn 0.6957 0.1264 0.7071
vn 0.6601 0.2525 0.7075
vn -0.6601 0.2525 0.7075
vn -0.1816 0.6832 0.7073
vn 0.2768 0.6503 0.7075
vn 0.2146 0.6733 0.7075
vn 0.5859 0.3952 0.7075
vn 0.6369 0.2869 0.7156
vn -0.6947 -0.1319 0.7071
vn -0.3484 0.6153 0.7071
vn 0.6601 -0.2525 0.7075
vn -0.6601 -0.2525 0.7074
vn -0.3862 0.5924 0.7071
vn -0.3889 0.5906 0.7071
vn 0.6154 0.3476 0.7074
vn -0.6922 -0.1444 0.7071
vn -0.4023 0.5816 0.7071
vn 0.4411 -0.5524 0.7073
vn 0.4055 -0.5790 0.7074
vn -0.4056 -0.5791 0.7073
vn 0.7067 0.0235 0.7071
vn -0.6865 -0.1694 0.7071
vn 0.6990 -0.1038 0.7075
vn 0.1304 -0.6949 0.7072
vn -0.6635 -0.2443 0.7071
vn -0.6876 -0.1432 0.7118
vn -0.1304 -0.6949 0.7072
vn -0.6825 0.1833 0.7076
vn 0.5821 -0.4013 0.7072
vn 0.5664 -0.4233 0.7071
vn -0.7021 -0.0838 0.7071
vn -0.7030 -0.0759 0.7071
vn 0.5074 -0.4925 0.7071
vn 0.6905 0.1522 0.7071
vn 0.4860 -0.5136 0.7071
vn -0.4615 0.5357 0.7071
vn 0.4762 -0.5228 0.7071
vn 0.4752 -0.5236 0.7072
vn -0.6916 -0.1471 0.7071
vn 0.6260 0.3286 0.7072
vn 0.6091 0.3590 0.7072
vn -0.2234 0.6708 0.7072
vn 0.3656 0.6050 0.7073
vn 0.4064 0.5784 0.7073
vn 0.0181 0.7067 0.7073
vn -0.6658 -0.2383 0.7071
vn -0.6136 -0.3513 0.7071
vn -0.5198 -0.4793 0.7071
vn -0.5046 -0.4953 0.7072
vn 0.2944 -0.6429 0.7071
vn -0.3761 -0.5987 0.7072
vn 0.2179 -0.6727 0.7071
vn 0.2288 -0.6690 0.7071
vn -0.1996 -0.6783 0.7072
vn 0.1127 -0.6981 0.7071
vn -0.0279 -0.7065 0.7072
vn 0.0193 0.7068 0.7071
vn -0.0699 0.7037 0.7071
vn -0.0809 0.7025 0.7071
vn 0.1067 0.6990 0.7071
vn -0.1693 0.6864 0.7072
vn -0.2224 0.6707 0.7076
vn 0.1886 0.6815 0.7071
vn 0.2625 0.6565 0.7071
vn 0.3271 0.6270 0.7071
vn -0.5718 0.4159 0.7071
vn 0.3822 0.5949 0.7072
vn 0.0649 0.7041 0.7071
vn -0.0819 0.7023 0.7071
vn 0.2156 0.6734 0.7071
vn 0.1973 0.6790 0.7071
vn -0.2085 0.6756 0.7071
vn -0.2225 0.6711 0.7071
vn 0.4286 0.5624 0.7071
vn 0.3502 0.6143 0.7071
vn 0.3349 0.6228 0.7071
vn -0.3089 0.6361 0.7071
vn 0.4672 0.5307 0.7071
vn 0.4628 0.5347 0.7070
vn -0.0359 -0.7062 0.7071
vn 0.4566 0.5399 0.7071
vn -0.2032 -0.6773 0.7071
vn -0.3851 0.5930 0.7071
vn 0.4994 0.5006 0.7071
vn -0.0392 0.7060 0.7071
vn 0.0827 0.7022 0.7071
vn -0.0981 0.7003 0.7071
vn -0.1321 0.6946 0.7071
vn 0.5652 -0.4250 0.7071
vn 0.5672 -0.4223 0.7071
vn 0.3510 0.6138 0.7071
vn -0.1562 0.6896 0.7071
vn -0.1540 0.6901 0.7071
vn -0.3381 -0.6210 0.7071
vn -0.1693 0.6865 0.7071
vn -0.1710 0.6862 0.7070
vn -0.1806 0.6836 0.7071
vn -0.1819 0.6832 0.7072
vn 0.5261 0.4724 0.7071
vn 0.6120 0.3539 0.7072
vn 0.5337 0.4638 0.7071
vn -0.4422 0.5518 0.7071
vn -0.5321 0.4657 0.7071
vn -0.4363 -0.5564 0.7071
vn -0.4464 -0.5484 0.7071
vn 0.0556 -0.7048 0.7072
vn -0.2426 -0.6641 0.7072
vn 0.2920 -0.6439 0.7072
vn 0.7060 -0.0383 0.7072
vn 0.7070 -0.0019 0.7072
vn 0.5460 -0.4493 0.7071
vn 0.6666 0.2346 0.7075
vn 0.6395 0.3008 0.7075
vn -0.4851 0.5145 0.7071
vn -0.4896 0.5101 0.7071
vn -0.4731 -0.5254 0.7072
vn -0.5117 -0.4880 0.7072
vn -0.5048 -0.4951 0.7071
vn 0.5930 -0.3850 0.7072
vn 0.4327 -0.5593 0.7071
vn 0.4757 -0.5231 0.7071
vn -0.4494 0.5459 0.7071
vn 0.1614 -0.6885 0.7071
vn -0.6831 -0.1829 0.7071
vn -0.6799 -0.1944 0.7071
vn -0.3379 -0.6207 0.7075
vn 0.5192 -0.4801 0.7071
vn 0.1998 -0.6779 0.7075
vn 0.6131 0.3522 0.7072
vn -0.5176 0.4817 0.7071
vn -0.5211 0.4780 0.7071
vn 0.1847 -0.6825 0.7071
vn -0.4984 -0.5010 0.7075
vn -0.4479 -0.5467 0.7075
vn -0.2384 0.6655 0.7073
vn 0.2515 0.6603 0.7076
vn -0.0085 -0.7067 0.7075
vn -0.6441 -0.2918 0.7071
vn -0.6364 -0.3081 0.7071
vn 0.4800 -0.5192 0.7071
vn 0.4858 -0.5138 0.7071
vn -0.6988 0.1052 0.7075
vn 0.4195 -0.5692 0.7071
vn -0.5530 -0.4406 0.7072
vn -0.5685 -0.4198 0.7075
vn 0.4197 -0.5685 0.7076
vn 0.3209 -0.6301 0.7071
vn -0.1052 -0.6988 0.7075
vn -0.3658 -0.6050 0.7072
vn 0.1565 -0.6895 0.7071
vn -0.0927 -0.7009 0.7072
vn 0.0200 0.7064 0.7076
vn -0.4853 0.5137 0.7076
vn -0.7064 0.0200 0.7075
vn -0.7050 -0.0494 0.7075
vn -0.5135 -0.4854 0.7076
vn 0.4635 0.5334 0.7075
vn 0.7050 0.0494 0.7075
vn 0.5762 -0.4091 0.7075
vn 0.5334 -0.4636 0.7075
vn 0.0493 -0.7049 0.7075
vn 0.0658 0.7036 -0.7075
vn 0.4972 0.5022 -0.7076
vn 0.5440 0.4510 -0.7076
vn 0.7036 -0.0658 -0.7075
vn 0.4510 -0.5441 -0.7075
vn 0.0524 0.7051 -0.7072
vn 0.0501 0.7053 -0.7071
vn -0.2911 0.6440 -0.7075
vn 0.0710 0.7036 -0.7071
vn 0.0687 0.7038 -0.7070
vn 0.0930 0.7010 -0.7071
vn 0.1190 0.6971 -0.7071
vn -0.6611 0.2495 -0.7076
vn 0.1499 0.6910 -0.7071
vn 0.1456 0.6919 -0.7072
vn 0.1875 0.6818 -0.7071
vn 0.2332 0.6675 -0.7071
vn -0.6439 -0.2911 -0.7076
vn 0.2816 0.6487 -0.7071
vn 0.2892 0.6452 -0.7071
vn -0.2495 -0.6613 -0.7075
vn -0.1835 -0.6824 -0.7075
vn 0.3575 0.6100 -0.7071
vn -0.0672 -0.7039 -0.7071
vn -0.1137 -0.6979 -0.7071
vn 0.4390 0.5543 -0.7071
vn 0.4281 0.5627 -0.7071
vn -0.1799 -0.6839 -0.7071
vn 0.5300 0.4680 -0.7072
vn -0.2778 -0.6502 -0.7072
vn 0.6132 0.3522 -0.7071
vn 0.6080 0.3609 -0.7071
vn -0.4228 -0.5667 -0.7072
vn -0.6027 -0.3694 -0.7073
vn -0.0975 0.7002 -0.7072
vn -0.0649 0.7041 -0.7072
vn 0.1969 0.6790 -0.7073
vn -0.7036 0.0658 -0.7075
vn -0.3347 0.6227 -0.7073
vn 0.4412 0.5523 -0.7073
vn -0.6084 0.3597 -0.7074
vn -0.5440 -0.4510 -0.7075
vn 0.6945 0.1305 -0.7075
vn -0.6946 -0.1305 -0.7075
vn 0.6980 0.1133 -0.7071
vn -0.4412 -0.5523 -0.7073
vn 0.3347 -0.6227 -0.7073
vn -0.1969 -0.6790 -0.7072
vn 0.0649 -0.7041 -0.7072
vn -0.6978 -0.1145 -0.7071
vn 0.6969 0.1196 -0.7071
vn -0.6973 -0.1177 -0.7071
vn -0.0324 0.7063 -0.7072
vn 0.2308 0.6683 -0.7072
vn 0.1970 0.6790 -0.7072
vn -0.2997 0.6403 -0.7072
vn -0.3346 0.6228 -0.7072
vn 0.5115 0.4879 -0.7073
vn -0.5779 0.4069 -0.7074
vn 0.6946 0.1325 -0.7071
vn 0.7036 0.0658 -0.7075
vn -0.6953 -0.1287 -0.7071
vn -0.0306 0.7063 -0.7072
vn -0.0666 0.7038 -0.7073
vn 0.3930 0.5874 -0.7074
vn 0.3510 0.6137 -0.7072
vn -0.3170 0.6321 -0.7071
vn -0.7036 -0.0658 -0.7075
vn -0.3763 0.5987 -0.7071
vn 0.6750 0.2093 -0.7075
vn -0.6934 -0.1388 -0.7071
vn 0.5780 -0.4068 -0.7074
vn -0.3975 0.5849 -0.7071
vn -0.3992 0.5836 -0.7071
vn 0.6875 0.1638 -0.7074
vn -0.5114 -0.4879 -0.7074
vn -0.6893 -0.1575 -0.7071
vn -0.4082 0.5774 -0.7071
vn 0.2997 -0.6403 -0.7073
vn 0.3346 -0.6228 -0.7072
vn -0.6773 -0.2033 -0.7071
vn -0.2308 -0.6683 -0.7072
vn 0.0324 -0.7063 -0.7072
vn -0.5998 0.3735 -0.7076
vn 0.7041 0.0645 -0.7071
vn 0.6609 -0.2512 -0.7071
vn -0.7051 -0.0535 -0.7071
vn 0.5353 -0.4620 -0.7071
vn -0.4639 0.5337 -0.7071
vn 0.4974 -0.5026 -0.7071
vn -0.6971 -0.1183 -0.7071
vn 0.4812 -0.5181 -0.7071
vn 0.6722 0.2195 -0.7071
vn 0.4724 -0.5262 -0.7071
vn -0.2818 0.6485 -0.7071
vn 0.5411 0.4549 -0.7073
vn 0.5669 0.4225 -0.7072
vn -0.6778 -0.2015 -0.7071
vn 0.2334 0.6673 -0.7073
vn -0.0556 0.7049 -0.7072
vn -0.0891 0.7014 -0.7071
vn 0.4668 -0.5311 -0.7071
vn 0.4674 -0.5306 -0.7071
vn -0.6372 -0.3065 -0.7071
vn 0.4630 -0.5344 -0.7071
vn -0.5608 -0.4306 -0.7071
vn -0.5480 -0.4468 -0.7072
vn 0.3932 -0.5870 -0.7077
vn -0.4354 -0.5571 -0.7072
vn 0.2775 -0.6504 -0.7071
vn 0.2685 -0.6541 -0.7071
vn -0.2673 -0.6546 -0.7071
vn 0.1823 -0.6832 -0.7071
vn 0.0810 -0.7024 -0.7071
vn 0.0643 -0.7042 -0.7071
vn -0.0895 -0.7014 -0.7071
vn -0.0365 0.7062 -0.7071
vn 0.0525 0.7052 -0.7071
vn -0.1247 0.6960 -0.7071
vn 0.1383 0.6935 -0.7071
vn 0.2080 0.6759 -0.7071
vn 0.2174 0.6728 -0.7071
vn -0.4752 0.5230 -0.7076
vn -0.5271 0.4707 -0.7076
vn 0.2878 0.6459 -0.7071
vn 0.2795 0.6495 -0.7071
vn 0.3488 0.6151 -0.7071
vn -0.0286 0.7065 -0.7071
vn -0.0467 0.7055 -0.7071
vn 0.4005 0.5827 -0.7071
vn 0.1220 0.6965 -0.7071
vn -0.1640 0.6878 -0.7071
vn 0.2689 0.6540 -0.7071
vn 0.2514 0.6609 -0.7071
vn 0.4439 0.5504 -0.7071
vn -0.2743 0.6517 -0.7071
vn 0.3937 0.5873 -0.7071
vn 0.3797 0.5965 -0.7071
vn 0.4800 0.5193 -0.7071
vn 0.4759 0.5230 -0.7071
vn -0.3681 0.6038 -0.7071
vn -0.3591 0.6092 -0.7071
vn 0.0309 -0.7064 -0.7071
vn -0.1434 -0.6924 -0.7071
vn -0.0047 0.7071 -0.7071
vn -0.5500 0.4444 -0.7071
vn -0.0801 0.7025 -0.7071
vn 0.1657 0.6874 -0.7072
vn 0.4887 0.5110 -0.7071
vn -0.2919 -0.6440 -0.7071
vn -0.1212 0.6966 -0.7071
vn 0.5100 0.4898 -0.7071
vn 0.5066 0.4933 -0.7071
vn -0.1469 0.6916 -0.7071
vn 0.4698 0.5284 -0.7072
vn -0.4227 0.5669 -0.7071
vn -0.1644 0.6878 -0.7071
vn -0.1662 0.6873 -0.7071
vn -0.1782 0.6843 -0.7071
vn -0.1769 0.6847 -0.7071
vn -0.4034 -0.5807 -0.7071
vn -0.1862 0.6820 -0.7072
vn -0.1872 0.6817 -0.7073
vn 0.5586 -0.4335 -0.7071
vn 0.6802 0.1934 -0.7070
vn 0.6635 0.2430 -0.7076
vn 0.5562 0.4366 -0.7071
vn 0.5491 0.4456 -0.7071
vn -0.1315 -0.6946 -0.7072
vn 0.1562 -0.6896 -0.7071
vn -0.4704 0.5280 -0.7071
vn -0.4820 -0.5173 -0.7071
vn -0.4005 -0.5827 -0.7072
vn 0.3544 -0.6118 -0.7072
vn 0.6807 -0.1913 -0.7072
vn -0.4886 0.5112 -0.7071
vn 0.6781 0.2005 -0.7071
vn 0.5370 -0.4600 -0.7071
vn 0.5397 -0.4568 -0.7072
vn -0.5064 0.4935 -0.7071
vn 0.4485 -0.5467 -0.7071
vn -0.4525 -0.5428 -0.7075
vn -0.5364 -0.4607 -0.7071
vn -0.5595 -0.4323 -0.7071
vn -0.6332 -0.2980 -0.7143
vn 0.1718 -0.6860 -0.7071
vn 0.4677 -0.5303 -0.7071
vn -0.0055 -0.7067 -0.7075
vn -0.3127 0.6341 -0.7072
vn -0.3433 0.6180 -0.7072
vn 0.5261 0.4720 -0.7074
vn 0.1907 -0.6809 -0.7071
vn 0.0408 0.7055 -0.7075
vn 0.5063 -0.4936 -0.7071
vn 0.5108 -0.4890 -0.7071
vn -0.1437 -0.6920 -0.7075
vn -0.2096 -0.6749 -0.7075
vn -0.6628 -0.2464 -0.7071
vn -0.6572 -0.2608 -0.7071
vn -0.6382 0.3036 -0.7075
vn 0.4605 -0.5366 -0.7071
vn -0.5960 -0.3804 -0.7071
vn -0.5831 -0.3999 -0.7071
vn -0.6659 -0.2367 -0.7075
vn 0.3883 -0.5910 -0.7071
vn 0.3994 -0.5835 -0.7071
vn -0.4492 -0.5459 -0.7072
vn -0.3035 -0.6382 -0.7075
vn 0.2366 -0.6659 -0.7076
vn 0.2687 -0.6540 -0.7071
vn -0.1991 -0.6783 -0.7073
vn 0.0723 -0.7033 -0.7072
vn 0.2241 0.6702 -0.7075
vn -0.3153 0.6324 -0.7076
vn -0.6702 0.2242 -0.7075
vn -0.6889 0.1575 -0.7075
vn -0.6324 -0.3154 -0.7075
vn 0.5984 0.3759 -0.7075
vn 0.6890 -0.1574 -0.7075
vn 0.3758 -0.5985 -0.7075
vn 0.4326 -0.5588 -0.7075
vn -0.1574 -0.6889 -0.7076
vn -0.1412 0.6925 0.7074
vn -0.0726 0.7029 0.7076
vn 0.4456 0.5486 0.7074
vn 0.3896 0.5896 0.7075
vn 0.7029 0.0728 0.7076
vn 0.5485 -0.4457 0.7075
vn 0.5894 -0.3898 0.7076
vn 0.0480 0.7055 0.7071
vn 0.0661 0.7041 0.7070
vn 0.0636 0.7043 0.7071
vn -0.4111 0.5749 0.7075
vn 0.0871 0.7017 0.7071
vn 0.0843 0.7021 0.7071
vn 0.1120 0.6982 0.7071
vn 0.1416 0.6928 0.7071
vn 0.1377 0.6936 0.7071
vn -0.7052 0.0468 0.7075
vn -0.6971 0.1157 0.7076
vn 0.1774 0.6845 0.7071
vn 0.2208 0.6718 0.7071
vn -0.5747 -0.4112 0.7075
vn 0.2741 0.6518 0.7071
vn 0.3392 0.6204 0.7071
vn -0.1157 -0.6971 0.7075
vn -0.0775 -0.7028 0.7071
vn 0.4175 0.5707 0.7071
vn -0.1280 -0.6954 0.7071
vn 0.5069 0.4931 0.7071
vn 0.4953 0.5047 0.7071
vn -0.2008 -0.6780 0.7071
vn 0.5975 0.3780 0.7072
vn 0.5867 0.3946 0.7071
vn -0.3092 -0.6359 0.7071
vn -0.4668 -0.5310 0.7072
vn -0.6697 -0.2135 0.7113
vn 0.1304 0.6950 0.7071
vn -0.1635 0.6879 0.7072
vn -0.1304 0.6949 0.7071
vn 0.4055 0.5790 0.7073
vn -0.4055 0.5790 0.7073
vn -0.7029 -0.0728 0.7075
vn 0.6601 0.2524 0.7075
vn 0.6982 0.1121 0.7071
vn -0.6601 -0.2524 0.7075
vn -0.6361 -0.3082 0.7074
vn 0.4056 -0.5790 0.7073
vn -0.4055 -0.5790 0.7073
vn 0.1304 -0.6950 0.7071
vn -0.0976 -0.7002 0.7072
vn -0.1304 -0.6949 0.7071
vn -0.6977 -0.1152 0.7071
vn 0.6973 0.1176 0.7071
vn -0.6971 -0.1186 0.7071
vn -0.0975 0.7002 0.7072
vn 0.1635 0.6878 0.7072
vn -0.4056 0.5791 0.7073
vn -0.3700 0.6024 0.7072
vn 0.4412 0.5524 0.7073
vn 0.4056 0.5790 0.7073
vn 0.6955 0.1282 0.7071
vn -0.6963 -0.1233 0.7071
vn -0.6360 0.3082 0.7075
vn 0.6799 0.1931 0.7074
vn -0.1244 0.6955 0.7077
vn -0.1815 0.6832 0.7073
vn -0.6949 -0.1309 0.7071
vn 0.3218 0.6295 0.7072
vn 0.5859 0.3953 0.7075
vn -0.3399 0.6200 0.7071
vn -0.3485 0.6153 0.7071
vn -0.6799 -0.1930 0.7074
vn 0.6361 -0.3082 0.7074
vn -0.3832 0.5943 0.7071
vn -0.6926 -0.1423 0.7071
vn 0.6451 0.2886 0.7074
vn -0.4008 0.5826 0.7071
vn -0.4412 -0.5524 0.7073
vn -0.4056 -0.5790 0.7073
vn -0.6876 -0.1649 0.7071
vn 0.3700 -0.6024 0.7073
vn -0.4107 0.5757 0.7071
vn 0.7062 0.0364 0.7071
vn -0.6696 -0.2272 0.7071
vn -0.6637 -0.2438 0.7071
vn -0.1635 -0.6878 0.7072
vn 0.0976 -0.7002 0.7072
vn 0.6859 -0.1702 0.7075
vn -0.6612 0.2493 0.7075
vn -0.6825 0.1832 0.7076
vn 0.5541 -0.4392 0.7072
vn -0.7038 -0.0682 0.7071
vn 0.5037 -0.4963 0.7071
vn 0.5074 -0.4924 0.7072
vn 0.6855 0.1733 0.7072
vn 0.4861 -0.5136 0.7071
vn 0.4843 -0.5152 0.7071
vn -0.4622 0.5351 0.7071
vn 0.4742 -0.5244 0.7072
vn 0.4752 -0.5235 0.7072
vn 0.5894 0.3904 0.7072
vn 0.6090 0.3590 0.7072
vn -0.2444 0.6635 0.7071
vn 0.3227 0.6289 0.7074
vn -0.0199 0.7067 0.7072
vn 0.0181 0.7067 0.7072
vn 0.4682 -0.5299 0.7071
vn -0.6701 -0.2256 0.7071
vn -0.6658 -0.2382 0.7071
vn 0.4639 -0.5337 0.7071
vn -0.6221 -0.3361 0.7071
vn -0.6137 -0.3513 0.7071
vn 0.4608 -0.5364 0.7071
vn -0.5343 -0.4631 0.7072
vn -0.5199 -0.4793 0.7071
vn 0.2862 -0.6466 0.7071
vn -0.3760 -0.5987 0.7072
vn -0.3965 -0.5854 0.7072
vn 0.2065 -0.6763 0.7071
vn -0.2222 -0.6712 0.7072
vn 0.0971 -0.7004 0.7071
vn -0.0479 -0.7054 0.7072
vn -0.0278 -0.7065 0.7072
vn 0.0304 0.7065 0.7071
vn -0.0588 0.7046 0.7071
vn 0.1173 0.6973 0.7071
vn -0.1461 0.6918 0.7071
vn 0.1983 0.6787 0.7071
vn 0.1887 0.6815 0.7071
vn 0.2711 0.6531 0.7071
vn -0.5626 0.4282 0.7072
vn 0.3345 0.6230 0.7071
vn 0.3271 0.6270 0.7070
vn 0.3884 0.5908 0.7071
vn 0.0839 0.7021 0.7071
vn -0.0644 0.7041 0.7071
vn -0.0820 0.7023 0.7071
vn -0.1941 0.6800 0.7071
vn -0.2085 0.6757 0.7071
vn 0.2337 0.6674 0.7071
vn 0.4337 0.5584 0.7071
vn -0.2977 0.6414 0.7071
vn 0.3652 0.6055 0.7071
vn 0.3503 0.6142 0.7071
vn 0.4716 0.5269 0.7071
vn -0.0137 -0.7069 0.7071
vn -0.3767 0.5984 0.7071
vn -0.1837 -0.6828 0.7071
vn 0.4678 0.5303 0.7071
vn 0.5031 0.4970 0.7071
vn -0.0288 0.7065 0.7071
vn 0.1069 0.6989 0.7072
vn 0.0828 0.7022 0.7071
vn -0.0926 0.7010 0.7071
vn -0.1320 0.6947 0.7071
vn -0.1286 0.6953 0.7071
vn -0.3233 -0.6289 0.7071
vn 0.3793 0.5966 0.7072
vn -0.1540 0.6902 0.7071
vn -0.1517 0.6907 0.7071
vn -0.1676 0.6869 0.7071
vn -0.1693 0.6865 0.7072
vn 0.5631 -0.4277 0.7071
vn -0.4359 0.5568 0.7071
vn -0.1793 0.6840 0.7071
vn -0.1805 0.6837 0.7070
vn -0.5385 0.4582 0.7071
vn 0.6364 0.3075 0.7075
vn 0.5416 0.4547 0.7071
vn 0.5338 0.4638 0.7071
vn -0.4259 -0.5645 0.7071
vn 0.0905 -0.7012 0.7072
vn -0.2425 -0.6641 0.7072
vn -0.2064 -0.6762 0.7072
vn 0.3142 -0.6334 0.7071
vn 0.6997 -0.0980 0.7077
vn -0.4803 0.5189 0.7071
vn -0.4850 0.5145 0.7071
vn -0.4508 -0.5447 0.7072
vn -0.4975 -0.5024 0.7071
vn 0.6828 0.1835 0.7072
vn 0.5431 -0.4528 0.7071
vn 0.5459 -0.4493 0.7071
vn 0.5738 -0.4129 0.7073
vn -0.4639 0.5336 0.7071
vn 0.4452 -0.5494 0.7071
vn 0.4659 -0.5319 0.7071
vn 0.4757 -0.5232 0.7071
vn -0.5140 0.4856 0.7071
vn -0.3971 -0.5845 0.7075
vn -0.3379 -0.6206 0.7075
vn -0.6831 -0.1828 0.7071
vn -0.6858 -0.1719 0.7072
vn 0.1651 -0.6876 0.7071
vn 0.1324 -0.6942 0.7075
vn -0.5335 -0.4638 0.7073
vn 0.5896 0.3901 0.7072
vn 0.5151 -0.4845 0.7071
vn 0.1869 -0.6820 0.7071
vn -0.2780 0.6500 0.7072
vn 0.2515 0.6604 0.7076
vn 0.1814 0.6830 0.7076
vn -0.0764 -0.7026 0.7075
vn -0.6510 -0.2760 0.7071
vn -0.6441 -0.2917 0.7071
vn -0.6851 0.1732 0.7075
vn 0.4738 -0.5248 0.7071
vn -0.5688 -0.4200 0.7072
vn -0.6069 -0.3621 0.7076
vn 0.4098 -0.5763 0.7071
vn 0.4196 -0.5692 0.7071
vn 0.3620 -0.6069 0.7075
vn -0.3953 -0.5861 0.7072
vn -0.1731 -0.6852 0.7075
vn 0.3047 -0.6381 0.7071
vn 0.3209 -0.6300 0.7071
vn 0.1299 -0.6950 0.7072
vn -0.1280 -0.6953 0.7072
vn 0.0891 0.7010 0.7075
vn -0.4326 0.5588 0.7075
vn -0.4853 0.5136 0.7076
vn -0.7010 0.0891 0.7076
vn -0.5587 -0.4327 0.7075
vn -0.5136 -0.4854 0.7076
vn 0.5136 0.4855 0.7075
vn 0.7064 -0.0200 0.7075
vn 0.4853 -0.5137 0.7075
vn 0.0494 -0.7050 0.7075
vn -0.0200 -0.7064 0.7075
vn 0.1344 0.6938 -0.7075
vn -0.3957 0.5861 -0.7071
vn -0.3811 0.5954 -0.7072
vn 0.5856 0.3956 -0.7076
vn 0.5440 0.4510 -0.7075
vn 0.6938 -0.1345 -0.7075
vn -0.2266 0.6694 -0.7075
vn -0.2910 0.6440 -0.7075
vn 0.0546 0.7050 -0.7071
vn 0.0523 0.7052 -0.7070
vn 0.0735 0.7033 -0.7071
vn 0.0710 0.7035 -0.7071
vn 0.0960 0.7006 -0.7071
vn 0.0929 0.7010 -0.7071
vn -0.6335 0.3131 -0.7076
vn 0.1225 0.6964 -0.7071
vn 0.1543 0.6901 -0.7071
vn 0.1500 0.6910 -0.7071
vn 0.1927 0.6803 -0.7071
vn -0.6693 -0.2266 -0.7076
vn 0.2396 0.6652 -0.7071
vn 0.2970 0.6417 -0.7071
vn -0.3131 -0.6336 -0.7075
vn -0.0624 -0.7043 -0.7072
vn 0.3670 0.6044 -0.7071
vn -0.1070 -0.6990 -0.7071
vn 0.4500 0.5454 -0.7071
vn 0.4390 0.5544 -0.7071
vn -0.1702 -0.6863 -0.7071
vn 0.5415 0.4546 -0.7071
vn 0.5299 0.4681 -0.7072
vn -0.2633 -0.6562 -0.7071
vn -0.4018 -0.5817 -0.7072
vn -0.5811 -0.4026 -0.7073
vn -0.6937 0.1345 -0.7076
vn 0.2307 0.6683 -0.7072
vn 0.1970 0.6790 -0.7073
vn -0.2997 0.6403 -0.7073
vn -0.3346 0.6228 -0.7073
vn 0.5115 0.4880 -0.7073
vn -0.5780 0.4069 -0.7074
vn -0.5857 -0.3956 -0.7075
vn -0.5440 -0.4511 -0.7075
vn -0.6945 -0.1306 -0.7075
vn -0.7037 -0.0659 -0.7074
vn 0.5779 -0.4069 -0.7074
vn -0.5115 -0.4880 -0.7073
vn 0.2997 -0.6403 -0.7072
vn 0.3346 -0.6228 -0.7073
vn -0.2307 -0.6683 -0.7072
vn -0.1970 -0.6790 -0.7072
vn -0.6979 -0.1138 -0.7071
vn 0.6967 0.1207 -0.7071
vn -0.0000 0.7070 -0.7072
vn 0.2650 0.6555 -0.7072
vn 0.2308 0.6682 -0.7072
vn -0.2650 0.6554 -0.7072
vn -0.2996 0.6403 -0.7072
vn -0.6965 -0.1219 -0.7071
vn 0.5455 0.4496 -0.7074
vn -0.5455 0.4496 -0.7073
vn 0.6941 0.1350 -0.7071
vn -0.6955 -0.1277 -0.7071
vn -0.6953 -0.1286 -0.7071
vn 0.0192 0.7065 -0.7075
vn -0.7067 -0.0000 -0.7075
vn -0.3010 0.6399 -0.7071
vn -0.3170 0.6320 -0.7071
vn 0.4460 0.5481 -0.7075
vn -0.3721 0.6013 -0.7071
vn -0.6934 -0.1387 -0.7071
vn 0.6922 0.1426 -0.7075
vn -0.3974 0.5849 -0.7071
vn -0.3955 0.5862 -0.7071
vn 0.5455 -0.4495 -0.7074
vn 0.5780 -0.4069 -0.7074
vn -0.5115 -0.4879 -0.7074
vn -0.5455 -0.4496 -0.7074
vn -0.6900 -0.1544 -0.7071
vn -0.4072 0.5781 -0.7071
vn 0.6976 0.1153 -0.7072
vn 0.2650 -0.6555 -0.7072
vn 0.2996 -0.6403 -0.7073
vn -0.6799 -0.1943 -0.7071
vn -0.2650 -0.6554 -0.7072
vn -0.0000 -0.7070 -0.7072
vn -0.5604 0.4305 -0.7076
vn 0.6408 -0.2980 -0.7075
vn -0.7056 -0.0465 -0.7071
vn 0.7025 0.0799 -0.7071
vn 0.5279 -0.4705 -0.7071
vn 0.5352 -0.4620 -0.7071
vn -0.4648 0.5328 -0.7071
vn 0.4946 -0.5054 -0.7070
vn -0.6986 -0.1093 -0.7071
vn 0.4798 -0.5194 -0.7071
vn 0.6634 0.2447 -0.7072
vn 0.4716 -0.5269 -0.7071
vn -0.2984 0.6410 -0.7072
vn 0.5122 0.4873 -0.7073
vn 0.5411 0.4550 -0.7073
vn -0.6811 -0.1900 -0.7071
vn 0.1883 0.6814 -0.7072
vn -0.1202 0.6967 -0.7072
vn -0.6439 -0.2921 -0.7071
vn -0.6373 -0.3064 -0.7071
vn 0.4620 -0.5354 -0.7071
vn -0.5729 -0.4145 -0.7071
vn 0.3396 -0.6201 -0.7072
vn -0.4539 -0.5421 -0.7072
vn 0.2592 -0.6579 -0.7071
vn -0.2897 -0.6450 -0.7072
vn 0.1694 -0.6865 -0.7071
vn -0.1109 -0.6983 -0.7071
vn 0.0470 -0.7055 -0.7071
vn -0.0254 0.7067 -0.7071
vn 0.0635 0.7043 -0.7071
vn -0.1138 0.6979 -0.7071
vn -0.1246 0.6960 -0.7071
vn 0.1486 0.6913 -0.7071
vn 0.2267 0.6698 -0.7071
vn -0.4181 0.5696 -0.7076
vn 0.2960 0.6422 -0.7071
vn 0.3558 0.6111 -0.7071
vn -0.0102 0.7070 -0.7071
vn 0.1411 0.6929 -0.7071
vn 0.1221 0.6964 -0.7071
vn 0.4064 0.5786 -0.7072
vn -0.1641 0.6878 -0.7071
vn -0.1484 0.6914 -0.7071
vn 0.2859 0.6467 -0.7071
vn -0.2620 0.6568 -0.7071
vn 0.4488 0.5465 -0.7071
vn 0.4072 0.5780 -0.7071
vn 0.3938 0.5873 -0.7071
vn -0.3497 0.6146 -0.7071
vn 0.4840 0.5155 -0.7071
vn -0.5550 0.4381 -0.7071
vn 0.0532 -0.7051 -0.7071
vn -0.1226 -0.6964 -0.7071
vn 0.0092 0.7071 -0.7071
vn -0.0048 0.7071 -0.7071
vn -0.0732 0.7033 -0.7071
vn -0.2753 -0.6513 -0.7071
vn 0.1657 0.6873 -0.7072
vn 0.2015 0.6777 -0.7072
vn -0.1171 0.6974 -0.7071
vn -0.1469 0.6916 -0.7072
vn -0.1441 0.6923 -0.7071
vn 0.4986 0.5014 -0.7071
vn 0.4888 0.5110 -0.7071
vn 0.5134 0.4862 -0.7071
vn -0.1625 0.6882 -0.7071
vn -0.1643 0.6878 -0.7070
vn -0.4157 0.5720 -0.7071
vn 0.4952 0.5047 -0.7071
vn -0.1755 0.6850 -0.7071
vn -0.1769 0.6846 -0.7071
vn -0.3915 -0.5888 -0.7071
vn -0.4035 -0.5807 -0.7071
vn -0.1853 0.6824 -0.7071
vn -0.1863 0.6822 -0.7071
vn 0.5563 -0.4365 -0.7071
vn 0.5586 -0.4336 -0.7071
vn -0.0935 -0.7008 -0.7072
vn 0.6885 0.1606 -0.7072
vn 0.1867 -0.6820 -0.7072
vn 0.5630 0.4279 -0.7071
vn -0.4651 0.5327 -0.7071
vn -0.4737 -0.5249 -0.7071
vn -0.3725 -0.6009 -0.7072
vn 0.6667 -0.2346 -0.7075
vn 0.3724 -0.6011 -0.7071
vn -0.4991 0.5009 -0.7071
vn 0.5337 -0.4639 -0.7071
vn 0.5245 -0.4742 -0.7072
vn 0.6700 0.2259 -0.7071
vn 0.6780 0.2005 -0.7071
vn -0.5024 0.4976 -0.7071
vn -0.5307 -0.4673 -0.7071
vn -0.5453 -0.4501 -0.7072
vn -0.5596 -0.4322 -0.7071
vn 0.1428 -0.6926 -0.7071
vn 0.4305 -0.5608 -0.7072
vn 0.1747 -0.6852 -0.7071
vn -0.0748 -0.7027 -0.7075
vn -0.3702 0.6024 -0.7072
vn 0.4778 -0.5212 -0.7071
vn 0.4847 0.5144 -0.7074
vn 0.1925 -0.6804 -0.7071
vn -0.6678 -0.2325 -0.7071
vn -0.0255 0.7063 -0.7075
vn -0.2735 -0.6516 -0.7075
vn 0.5015 -0.4984 -0.7071
vn -0.6054 0.3647 -0.7075
vn 0.4532 -0.5427 -0.7071
vn -0.6078 -0.3614 -0.7071
vn -0.5961 -0.3803 -0.7071
vn -0.6858 -0.1703 -0.7076
vn 0.3765 -0.5985 -0.7071
vn -0.4735 -0.5250 -0.7072
vn -0.4493 -0.5459 -0.7072
vn -0.3645 -0.6054 -0.7075
vn 0.1702 -0.6859 -0.7075
vn 0.2489 -0.6618 -0.7071
vn -0.2342 -0.6671 -0.7072
vn 0.0415 -0.7058 -0.7072
vn 0.2887 0.6450 -0.7075
vn -0.2518 0.6603 -0.7076
vn -0.6450 0.2888 -0.7075
vn -0.6603 -0.2519 -0.7075
vn 0.6324 0.3154 -0.7075
vn 0.6702 -0.2242 -0.7075
vn 0.6890 -0.1575 -0.7075
vn 0.3153 -0.6325 -0.7075
vn -0.3355 -0.6223 -0.7072
vn -0.2887 -0.6450 -0.7076
vn -0.2241 -0.6702 -0.7075
vn -0.0035 0.7066 0.7076
vn -0.0728 0.7028 0.7076
vn 0.4971 0.5022 0.7076
vn 0.4456 0.5486 0.7075
vn 0.7029 0.0727 0.7076
vn 0.7067 0.0035 0.7075
vn 0.5021 -0.4973 0.7075
vn 0.5484 -0.4457 0.7075
vn 0.0501 0.7054 0.7071
vn -0.3528 0.6124 0.7075
vn 0.0686 0.7038 0.7071
vn 0.0660 0.7040 0.7071
vn 0.0900 0.7013 0.7071
vn 0.0871 0.7017 0.7072
vn 0.1155 0.6976 0.7071
vn -0.6825 0.1836 0.7074
vn -0.6970 0.1157 0.7076
vn 0.1457 0.6919 0.7071
vn 0.1823 0.6832 0.7071
vn 0.2208 0.6717 0.7071
vn 0.2269 0.6697 0.7071
vn -0.5748 -0.4112 0.7075
vn -0.6123 -0.3528 0.7076
vn 0.2815 0.6487 0.7071
vn -0.1835 -0.6824 0.7076
vn -0.1157 -0.6972 0.7075
vn 0.3483 0.6154 0.7071
vn -0.0722 -0.7034 0.7071
vn 0.4281 0.5627 0.7071
vn -0.1207 -0.6968 0.7071
vn -0.1901 -0.6811 0.7071
vn 0.5184 0.4809 0.7071
vn 0.5068 0.4931 0.7071
vn -0.2931 -0.6435 0.7071
vn 0.6081 0.3608 0.7072
vn 0.5975 0.3781 0.7072
vn -0.4445 -0.5499 0.7072
vn -0.4667 -0.5311 0.7072
vn -0.6231 -0.3338 0.7073
vn -0.6697 -0.2134 0.7113
vn -0.0976 0.7002 0.7072
vn 0.1635 0.6879 0.7072
vn -0.7067 -0.0035 0.7075
vn -0.7029 -0.0727 0.7075
vn -0.3700 0.6024 0.7073
vn -0.6601 0.2524 0.7075
vn -0.6361 0.3082 0.7074
vn 0.6799 0.1930 0.7075
vn -0.6798 -0.1930 0.7075
vn -0.6601 -0.2525 0.7075
vn 0.6601 -0.2524 0.7075
vn -0.4411 -0.5524 0.7073
vn 0.4055 -0.5790 0.7073
vn 0.6971 0.1186 0.7071
vn -0.0649 0.7040 0.7072
vn 0.1969 0.6790 0.7072
vn 0.6950 0.1302 0.7071
vn -0.6084 0.3598 0.7074
vn 0.6946 0.1305 0.7074
vn 0.6799 0.1930 0.7074
vn -0.0665 0.7038 0.7073
vn -0.6951 -0.1298 0.7071
vn 0.3219 0.6295 0.7072
vn 0.3510 0.6137 0.7072
vn -0.3295 0.6257 0.7071
vn -0.6799 -0.1930 0.7075
vn 0.6514 0.2741 0.7075
vn -0.3800 0.5964 0.7071
vn 0.6084 -0.3598 0.7074
vn -0.6930 -0.1405 0.7071
vn -0.3992 0.5836 0.7071
vn 0.6692 0.2272 0.7075
vn 0.6451 0.2887 0.7074
vn -0.6885 -0.1610 0.7071
vn -0.4091 0.5767 0.7071
vn 0.3347 -0.6227 0.7072
vn -0.6738 -0.2142 0.7071
vn -0.1969 -0.6789 0.7073
vn 0.0649 -0.7040 0.7073
vn 0.0975 -0.7002 0.7072
vn 0.7053 0.0500 0.7071
vn 0.6858 -0.1703 0.7075
vn 0.6722 -0.2192 0.7072
vn -0.6336 0.3129 0.7076
vn -0.7045 -0.0607 0.7071
vn 0.5437 -0.4521 0.7071
vn 0.5541 -0.4391 0.7072
vn 0.5003 -0.4997 0.7071
vn 0.5037 -0.4963 0.7070
vn -0.4630 0.5344 0.7071
vn 0.6794 0.1957 0.7072
vn 0.4827 -0.5168 0.7071
vn 0.4733 -0.5254 0.7071
vn 0.4742 -0.5245 0.7072
vn 0.5668 0.4226 0.7072
vn 0.5894 0.3905 0.7072
vn -0.2639 0.6560 0.7072
vn 0.2785 0.6498 0.7073
vn -0.0557 0.7049 0.7072
vn 0.4673 -0.5307 0.7071
vn -0.6741 -0.2134 0.7071
vn -0.6300 -0.3211 0.7071
vn -0.6221 -0.3360 0.7071
vn 0.4442 -0.5500 0.7072
vn -0.5479 -0.4469 0.7072
vn -0.4163 -0.5715 0.7072
vn 0.2776 -0.6504 0.7071
vn 0.1946 -0.6798 0.7071
vn -0.2448 -0.6634 0.7071
vn 0.0811 -0.7024 0.7071
vn 0.0972 -0.7004 0.7071
vn -0.0685 -0.7037 0.7072
vn 0.0415 0.7059 0.7071
vn -0.0477 0.7055 0.7071
vn 0.1278 0.6954 0.7071
vn 0.1984 0.6787 0.7071
vn 0.2079 0.6759 0.7071
vn 0.2796 0.6495 0.7071
vn -0.5271 0.4707 0.7076
vn 0.3417 0.6191 0.7071
vn 0.3946 0.5868 0.7071
vn 0.3884 0.5909 0.7071
vn -0.0466 0.7056 0.7071
vn -0.0645 0.7041 0.7071
vn 0.1030 0.6995 0.7071
vn -0.1941 0.6799 0.7071
vn 0.2515 0.6609 0.7071
vn 0.4389 0.5544 0.7071
vn -0.2863 0.6466 0.7071
vn -0.2978 0.6414 0.7071
vn 0.3797 0.5965 0.7071
vn 0.3653 0.6055 0.7071
vn 0.4758 0.5230 0.7071
vn 0.0086 -0.7070 0.7072
vn -0.3681 0.6038 0.7071
vn -0.3768 0.5984 0.7071
vn -0.1638 -0.6878 0.7072
vn -0.0173 0.7069 0.7071
vn 0.4785 0.5206 0.7071
vn 0.4678 0.5302 0.7071
vn 0.1070 0.6989 0.7072
vn 0.1347 0.6941 0.7072
vn -0.0865 0.7018 0.7071
vn -0.1251 0.6959 0.7071
vn 0.5066 0.4934 0.7071
vn -0.3079 -0.6365 0.7071
vn -0.1494 0.6911 0.7071
vn 0.4257 0.5640 0.7076
vn -0.5445 0.4511 0.7071
vn -0.1677 0.6870 0.7071
vn -0.1661 0.6873 0.7071
vn 0.5609 -0.4306 0.7071
vn -0.1782 0.6844 0.7070
vn -0.1794 0.6839 0.7072
vn -0.4295 0.5618 0.7071
vn -0.1873 0.6818 0.7071
vn -0.4149 -0.5725 0.7072
vn 0.6636 0.2431 0.7075
vn 0.6364 0.3074 0.7075
vn 0.5490 0.4456 0.7071
vn 0.1241 -0.6961 0.7072
vn -0.1693 -0.6864 0.7072
vn 0.3350 -0.6227 0.7071
vn -0.4755 0.5234 0.7071
vn 0.6894 -0.1571 0.7072
vn -0.4900 -0.5098 0.7071
vn -0.4266 -0.5638 0.7072
vn 0.6845 0.1773 0.7071
vn 0.5401 -0.4564 0.7071
vn 0.5560 -0.4368 0.7072
vn -0.4770 0.5220 0.7071
vn 0.4568 -0.5398 0.7071
vn -0.4525 -0.5428 0.7075
vn -0.5103 0.4896 0.7070
vn 0.4569 -0.5397 0.7071
vn -0.6859 -0.1719 0.7071
vn -0.6332 -0.2980 0.7144
vn 0.1686 -0.6867 0.7071
vn -0.5335 -0.4639 0.7073
vn -0.5420 -0.4542 0.7071
vn 0.0638 -0.7038 0.7075
vn 0.5108 -0.4889 0.7071
vn 0.5896 0.3902 0.7072
vn 0.5609 0.4303 0.7073
vn 0.1889 -0.6814 0.7071
vn -0.3128 0.6340 0.7072
vn 0.1104 0.6980 0.7075
vn 0.1813 0.6830 0.7076
vn -0.1436 -0.6920 0.7075
vn -0.6572 -0.2609 0.7071
vn -0.6648 0.2395 0.7076
vn 0.4674 -0.5307 0.7071
vn 0.4739 -0.5248 0.7071
vn -0.5831 -0.4000 0.7071
vn -0.6069 -0.3620 0.7076
vn -0.6395 -0.3008 0.7075
vn 0.3993 -0.5835 0.7071
vn 0.3007 -0.6394 0.7076
vn 0.3620 -0.6070 0.7075
vn -0.4232 -0.5664 0.7072
vn -0.2394 -0.6649 0.7075
vn 0.2872 -0.6461 0.7072
vn 0.3046 -0.6382 0.7071
vn -0.1636 -0.6878 0.7073
vn -0.1281 -0.6953 0.7072
vn 0.1018 -0.6997 0.7072
vn 0.1574 0.6890 0.7075
vn -0.3758 0.5985 0.7075
vn -0.6890 0.1574 0.7075
vn -0.5984 -0.3759 0.7075
vn 0.5587 0.4327 0.7075
vn 0.7011 -0.0891 0.7075
vn 0.4327 -0.5588 0.7075
vn -0.0891 -0.7011 0.7075
vn 0.2018 0.6772 -0.7076
vn -0.3361 0.6215 -0.7076
vn 0.6772 -0.2018 -0.7075
vn -0.2265 0.6694 -0.7075
vn -0.1598 0.6883 -0.7076
vn 0.0567 0.7049 -0.7071
vn 0.0546 0.7049 -0.7072
vn 0.0762 0.7030 -0.7071
vn 0.0736 0.7033 -0.7071
vn 0.0989 0.7002 -0.7071
vn -0.6335 0.3132 -0.7076
vn -0.5998 0.3738 -0.7075
vn 0.1262 0.6957 -0.7071
vn 0.1226 0.6964 -0.7071
vn 0.1587 0.6891 -0.7071
vn 0.1980 0.6788 -0.7071
vn -0.6882 -0.1599 -0.7077
vn 0.2461 0.6629 -0.7071
vn 0.2396 0.6652 -0.7072
vn 0.3050 0.6379 -0.7071
vn -0.3737 -0.5998 -0.7075
vn -0.0577 -0.7047 -0.7071
vn 0.3671 0.6043 -0.7071
vn 0.3767 0.5984 -0.7071
vn -0.1006 -0.6999 -0.7071
vn 0.4611 0.5360 -0.7071
vn -0.1609 -0.6886 -0.7071
vn 0.5530 0.4406 -0.7071
vn 0.5415 0.4547 -0.7071
vn -0.2495 -0.6616 -0.7071
vn -0.4018 -0.5818 -0.7072
vn -0.3817 -0.5952 -0.7071
vn -0.5587 -0.4332 -0.7072
vn -0.6772 0.2018 -0.7075
vn -0.2650 0.6555 -0.7072
vn -0.2996 0.6403 -0.7073
vn 0.5454 0.4495 -0.7074
vn -0.5454 0.4495 -0.7074
vn -0.6216 -0.3363 -0.7075
vn 0.7037 0.0659 -0.7074
vn 0.7037 0.0658 -0.7074
vn 0.7067 -0.0000 -0.7076
vn -0.7037 -0.0658 -0.7074
vn 0.5454 -0.4495 -0.7074
vn -0.5115 -0.4879 -0.7073
vn -0.5454 -0.4495 -0.7074
vn 0.6978 0.1143 -0.7071
vn 0.2996 -0.6403 -0.7072
vn -0.6979 -0.1132 -0.7071
vn -0.2650 -0.6555 -0.7072
vn -0.6974 -0.1168 -0.7071
vn 0.6965 0.1219 -0.7071
vn 0.2996 0.6403 -0.7073
vn 0.2650 0.6554 -0.7072
vn -0.5115 0.4879 -0.7074
vn -0.6954 -0.1278 -0.7071
vn -0.6957 -0.1267 -0.7071
vn 0.6935 0.1380 -0.7071
vn 0.7067 -0.0000 -0.7075
vn 0.0852 0.7016 -0.7075
vn -0.2812 0.6488 -0.7071
vn 0.4952 0.5042 -0.7075
vn 0.4460 0.5481 -0.7076
vn -0.3675 0.6042 -0.7071
vn -0.3722 0.6013 -0.7070
vn -0.6939 -0.1358 -0.7071
vn -0.3934 0.5875 -0.7071
vn 0.7028 0.0745 -0.7075
vn 0.6922 0.1425 -0.7075
vn -0.5455 -0.4496 -0.7073
vn -0.5779 -0.4069 -0.7074
vn 0.5454 -0.4496 -0.7074
vn -0.6907 -0.1515 -0.7071
vn -0.4060 0.5789 -0.7071
vn 0.7022 0.0822 -0.7072
vn 0.6976 0.1154 -0.7072
vn -0.6820 -0.1866 -0.7071
vn -0.2996 -0.6403 -0.7072
vn 0.2308 -0.6682 -0.7072
vn -0.5155 0.4834 -0.7075
vn -0.5603 0.4306 -0.7076
vn -0.7060 -0.0396 -0.7071
vn 0.6179 -0.3436 -0.7073
vn 0.6407 -0.2981 -0.7075
vn 0.7005 0.0963 -0.7071
vn 0.5217 -0.4773 -0.7072
vn -0.6999 -0.1005 -0.7071
vn 0.4922 -0.5077 -0.7071
vn 0.4946 -0.5054 -0.7071
vn 0.4785 -0.5206 -0.7071
vn 0.6529 0.2713 -0.7072
vn 0.6633 0.2447 -0.7072
vn -0.3137 0.6337 -0.7071
vn -0.6842 -0.1787 -0.7071
vn -0.6811 -0.1899 -0.7071
vn 0.4716 -0.5270 -0.7070
vn 0.4708 -0.5277 -0.7071
vn 0.4800 0.5190 -0.7073
vn -0.1491 0.6911 -0.7072
vn 0.1438 0.6922 -0.7073
vn 0.1884 0.6814 -0.7072
vn 0.4667 -0.5312 -0.7071
vn 0.4659 -0.5320 -0.7071
vn -0.6501 -0.2781 -0.7071
vn -0.6440 -0.2921 -0.7071
vn 0.4616 -0.5357 -0.7071
vn 0.4618 -0.5355 -0.7071
vn -0.5842 -0.3984 -0.7071
vn -0.5729 -0.4144 -0.7071
vn 0.3175 -0.6319 -0.7071
vn -0.4715 -0.5269 -0.7071
vn 0.2494 -0.6616 -0.7071
vn -0.3118 -0.6346 -0.7072
vn 0.1561 -0.6897 -0.7071
vn -0.1327 -0.6945 -0.7072
vn 0.0291 -0.7065 -0.7071
vn -0.0142 0.7070 -0.7071
vn -0.0253 0.7066 -0.7071
vn 0.0744 0.7032 -0.7071
vn -0.1029 0.6996 -0.7071
vn 0.1588 0.6891 -0.7071
vn -0.3565 0.6101 -0.7075
vn 0.2359 0.6666 -0.7071
vn 0.3039 0.6384 -0.7071
vn 0.3626 0.6071 -0.7071
vn 0.0083 0.7070 -0.7071
vn -0.0103 0.7070 -0.7071
vn -0.1323 0.6946 -0.7071
vn 0.1600 0.6888 -0.7071
vn 0.1410 0.6929 -0.7071
vn 0.4121 0.5746 -0.7071
vn -0.2492 0.6618 -0.7071
vn 0.3027 0.6390 -0.7071
vn 0.2860 0.6466 -0.7071
vn 0.4536 0.5425 -0.7071
vn -0.5597 0.4320 -0.7072
vn -0.3400 0.6200 -0.7071
vn 0.4203 0.5686 -0.7071
vn 0.4073 0.5780 -0.7071
vn 0.4881 0.5117 -0.7071
vn -0.1014 -0.6998 -0.7072
vn -0.2582 -0.6583 -0.7071
vn 0.0246 0.7067 -0.7071
vn -0.0657 0.7040 -0.7071
vn 0.2416 0.6644 -0.7073
vn 0.2014 0.6777 -0.7072
vn -0.1128 0.6981 -0.7071
vn -0.1171 0.6973 -0.7071
vn -0.4085 0.5772 -0.7071
vn -0.1442 0.6922 -0.7071
vn -0.1414 0.6928 -0.7071
vn 0.5080 0.4919 -0.7071
vn -0.1605 0.6887 -0.7071
vn 0.5167 0.4828 -0.7071
vn 0.5277 0.4702 -0.7075
vn -0.1740 0.6854 -0.7071
vn -0.1753 0.6851 -0.7071
vn -0.3790 -0.5970 -0.7071
vn -0.1842 0.6827 -0.7071
vn -0.0934 -0.7008 -0.7072
vn -0.0554 -0.7048 -0.7072
vn -0.4597 0.5373 -0.7071
vn 0.6885 0.1605 -0.7072
vn 0.6978 0.1123 -0.7075
vn 0.2155 -0.6734 -0.7072
vn 0.5768 0.4089 -0.7072
vn 0.5539 -0.4396 -0.7071
vn 0.5563 -0.4366 -0.7071
vn -0.4650 -0.5327 -0.7071
vn -0.3425 -0.6185 -0.7072
vn -0.5085 0.4913 -0.7071
vn 0.6505 -0.2772 -0.7072
vn 0.3891 -0.5904 -0.7071
vn -0.4983 0.5017 -0.7071
vn -0.5025 0.4976 -0.7071
vn -0.5246 -0.4741 -0.7071
vn -0.5296 -0.4684 -0.7072
vn 0.5107 -0.4890 -0.7071
vn 0.5245 -0.4741 -0.7072
vn 0.6600 0.2536 -0.7072
vn 0.5303 -0.4678 -0.7071
vn 0.5338 -0.4639 -0.7071
vn 0.1481 -0.6914 -0.7071
vn 0.4306 -0.5608 -0.7072
vn 0.3880 -0.5907 -0.7075
vn 0.1775 -0.6845 -0.7071
vn 0.1747 -0.6851 -0.7071
vn -0.1432 -0.6920 -0.7075
vn -0.0747 -0.7027 -0.7075
vn -0.3938 0.5872 -0.7072
vn -0.6723 -0.2193 -0.7071
vn 0.4361 0.5561 -0.7075
vn -0.3349 -0.6223 -0.7075
vn 0.1769 -0.6845 -0.7072
vn -0.0871 0.7014 -0.7074
vn 0.4873 -0.5123 -0.7071
vn -0.5667 0.4222 -0.7075
vn 0.4966 -0.5034 -0.7071
vn 0.5121 -0.4876 -0.7071
vn -0.6183 -0.3430 -0.7072
vn -0.6078 -0.3613 -0.7071
vn -0.6992 -0.1022 -0.7075
vn 0.5194 -0.4799 -0.7071
vn 0.4455 -0.5491 -0.7071
vn 0.4533 -0.5427 -0.7071
vn -0.4960 -0.5039 -0.7072
vn 0.3639 -0.6062 -0.7071
vn -0.4221 -0.5668 -0.7075
vn 0.1022 -0.6993 -0.7075
vn 0.2279 -0.6694 -0.7071
vn 0.2490 -0.6618 -0.7071
vn -0.2688 -0.6539 -0.7072
vn 0.0094 -0.7070 -0.7072
vn -0.1859 0.6818 -0.7075
vn 0.3356 0.6223 -0.7072
vn 0.2888 0.6450 -0.7075
vn -0.6135 0.3507 -0.7075
vn -0.6818 -0.1860 -0.7075
vn -0.3657 -0.6051 -0.7072
vn 0.6602 0.2519 -0.7076
vn 0.6324 0.3155 -0.7075
vn 0.6449 -0.2888 -0.7076
vn 0.2518 -0.6603 -0.7075
vn 0.3154 -0.6325 -0.7075
vn 0.4971 0.5021 0.7076
vn -0.3528 0.6123 0.7075
vn 0.0687 0.7038 0.7070
vn 0.0900 0.7014 0.7071
vn 0.1456 0.6919 0.7072
vn -0.6123 -0.3529 0.7076
vn 0.2816 0.6487 0.7071
vn 0.4282 0.5627 0.7071
vn 0.6080 0.3609 0.7071
vn 0.6132 0.3522 0.7071
vn -0.4445 -0.5498 0.7072
vn -0.6360 0.3082 0.7074
vn 0.1970 0.6790 0.7072
vn -0.6951 -0.1299 0.7071
vn -0.0666 0.7038 0.7073
vn -0.3991 0.5837 0.7071
vn -0.4765 -0.5221 0.7073
vn 0.3346 -0.6228 0.7072
vn 0.5669 0.4225 0.7072
vn -0.6742 -0.2134 0.7071
vn -0.0556 0.7049 0.7072
vn 0.4674 -0.5306 0.7071
vn -0.5480 -0.4468 0.7072
vn 0.2775 -0.6504 0.7071
vn 0.0810 -0.7024 0.7071
vn 0.2795 0.6495 0.7071
vn -0.0467 0.7056 0.7071
vn 0.1030 0.6995 0.7072
vn -0.1792 0.6840 0.7071
vn -0.2862 0.6466 0.7071
vn 0.3798 0.5965 0.7071
vn 0.5066 0.4933 0.7071
vn -0.4294 0.5618 0.7071
vn -0.1662 0.6873 0.7071
vn -0.1782 0.6843 0.7071
vn -0.1872 0.6818 0.7072
vn 0.6636 0.2430 0.7075
vn 0.5491 0.4456 0.7071
vn 0.4568 -0.5397 0.7071
vn -0.6332 -0.2980 0.7143
vn -0.3127 0.6341 0.7072
vn -0.1437 -0.6920 0.7075
vn -0.6572 -0.2608 0.7071
vn -0.5831 -0.3999 0.7071
vn -0.6395 -0.3009 0.7075
vn 0.3994 -0.5835 0.7071
vn -0.3758 0.5985 0.7076
vn -0.6889 0.1575 0.7075
vn 0.4326 -0.5588 0.7075
vn 0.6772 -0.2019 -0.7075
vn 0.4509 -0.5441 -0.7075
vn 0.4099 -0.5760 -0.7073
vn 0.0566 0.7048 -0.7072
vn 0.0989 0.7001 -0.7071
vn 0.3051 0.6379 -0.7071
vn 0.4611 0.5361 -0.7071
vn 0.5530 0.4406 -0.7072
vn -0.5587 -0.4333 -0.7072
vn 0.7066 -0.0000 -0.7076
vn 0.2997 0.6403 -0.7073
vn -0.5114 0.4879 -0.7074
vn -0.6939 -0.1357 -0.7071
vn 0.7028 0.0744 -0.7075
vn -0.2997 -0.6403 -0.7072
vn 0.6178 -0.3436 -0.7073
vn 0.4921 -0.5077 -0.7071
vn 0.4784 -0.5206 -0.7072
vn -0.3138 0.6337 -0.7071
vn 0.4708 -0.5277 -0.7070
vn 0.1437 0.6922 -0.7073
vn 0.4614 -0.5358 -0.7071
vn -0.4716 -0.5269 -0.7071
vn -0.3118 -0.6345 -0.7072
vn 0.2495 -0.6616 -0.7071
vn 0.1560 -0.6897 -0.7071
vn 0.0292 -0.7065 -0.7071
vn -0.3565 0.6102 -0.7075
vn -0.1324 0.6946 -0.7071
vn 0.1599 0.6888 -0.7071
vn -0.2493 0.6617 -0.7071
vn -0.3401 0.6200 -0.7071
vn 0.4204 0.5686 -0.7071
vn -0.1606 0.6887 -0.7071
vn -0.1739 0.6855 -0.7070
vn 0.6978 0.1123 -0.7074
vn -0.3426 -0.6185 -0.7072
vn 0.5768 0.4088 -0.7072
vn 0.6505 -0.2771 -0.7072
vn 0.3879 -0.5907 -0.7075
vn -0.1433 -0.6920 -0.7075
vn 0.4965 -0.5034 -0.7071
vn -0.6183 -0.3429 -0.7072
vn -0.4960 -0.5038 -0.7072
vn 0.2279 -0.6693 -0.7071
vn 0.6449 -0.2888 -0.7075
vn -0.7999 0.6001 -0.0000
vn -0.9746 0.2239 -0.0000
vn 0.2829 0.9592 -0.0000
vn 0.2828 0.9592 -0.0000
vn 0.2981 -0.9545 -0.0000
vn 0.6639 -0.7478 -0.0000
vn 0.2982 -0.9545 -0.0000
vn 0.9172 -0.3983 -0.0000
vn -0.9542 -0.2991 -0.0000
vn -0.8279 -0.5609 -0.0000
vn -0.9714 0.2376 -0.0000
vn -1.0000 -0.0069 -0.0000
vn 0.2258 0.9742 -0.0000
vn -0.4866 -0.8737 -0.0000
vn -0.0364 -0.9993 -0.0000
vn -0.4866 -0.8736 -0.0000
vn -0.4746 -0.8802 -0.0000
vn -0.4086 -0.9127 -0.0000
vn -0.0000 -0.0000 1.0000
vn -0.3172 -0.9484 -0.0000
vn -0.5172 -0.8559 -0.0000
vn -0.5788 -0.8155 -0.0000
vn -0.6559 -0.7548 -0.0000
vn -0.7267 -0.6869 -0.0000
vn -0.7906 -0.6124 -0.0000
vn -0.8468 -0.5319 -0.0000
vn -0.8949 -0.4464 -0.0000
vn -0.9343 -0.3565 -0.0000
vn -0.9647 -0.2632 -0.0000
vn -0.9859 -0.1673 -0.0000
vn -0.9648 -0.2632 -0.0000
vn -0.9976 -0.0699 -0.0000
vn -0.9996 0.0283 -0.0000
vn -0.9920 0.1261 -0.0000
vn -0.9749 0.2228 -0.0000
vn -0.9483 0.3173 -0.0000
vn -0.9127 0.4087 -0.0000
vn -0.8682 0.4962 -0.0000
vn -0.8154 0.5789 -0.0000
vn -0.7547 0.6561 -0.0000
vn -0.8154 0.5790 -0.0000
vn -0.6868 0.7269 -0.0000
vn -0.6122 0.7907 -0.0000
vn -0.5318 0.8469 -0.0000
vn -0.4462 0.8949 -0.0000
vn -0.3563 0.9344 -0.0000
vn -0.2631 0.9648 -0.0000
vn -0.1673 0.9859 -0.0000
vn -0.0698 0.9976 -0.0000
vn 0.0283 0.9996 -0.0000
vn 0.1261 0.9920 -0.0000
vn 0.2227 0.9749 -0.0000
vn 0.3172 0.9484 -0.0000
vn 0.4086 0.9127 -0.0000
vn 0.4746 0.8802 -0.0000
vn 0.5172 0.8559 -0.0000
vn 0.5788 0.8155 -0.0000
vn 0.6559 0.7548 -0.0000
vn 0.7268 0.6869 -0.0000
vn 0.7906 0.6124 -0.0000
vn 0.7267 0.6869 -0.0000
vn 0.8468 0.5319 -0.0000
vn 0.8949 0.4463 -0.0000
vn 0.9343 0.3565 -0.0000
vn 0.8949 0.4464 -0.0000
vn 0.9647 0.2632 -0.0000
vn 0.9859 0.1673 -0.0000
vn 0.9976 0.0698 -0.0000
vn 0.9996 -0.0283 -0.0000
vn 0.9920 -0.1261 -0.0000
vn 0.9749 -0.2228 -0.0000
vn 0.9483 -0.3173 -0.0000
vn 0.9127 -0.4087 -0.0000
vn 0.8682 -0.4962 -0.0000
vn 0.8154 -0.5789 -0.0000
vn 0.7547 -0.6561 -0.0000
vn 0.6867 -0.7269 -0.0000
vn 0.7547 -0.6560 -0.0000
vn 0.6122 -0.7907 -0.0000
vn 0.6868 -0.7269 -0.0000
vn 0.5318 -0.8469 -0.0000
vn 0.4462 -0.8949 -0.0000
vn 0.3563 -0.9344 -0.0000
vn 0.2630 -0.9648 -0.0000
vn 0.1673 -0.9859 -0.0000
vn 0.2631 -0.9648 -0.0000
vn 0.0698 -0.9976 -0.0000
vn -0.0283 -0.9996 -0.0000
vn -0.1261 -0.9920 -0.0000
vn -0.2227 -0.9749 -0.0000
vn 0.5798 -0.8148 -0.0000
vn 0.6381 -0.7700 -0.0000
vn 0.6381 -0.7699 -0.0000
vn 0.5596 -0.8288 -0.0000
vn 0.9875 0.1573 -0.0000
vn 0.9876 0.1568 -0.0000
vn 0.9873 0.1586 -0.0000
vn 0.9871 0.1602 -0.0000
vn 0.9868 0.1617 -0.0000
vn 0.9866 0.1629 -0.0000
vn 0.9865 0.1640 -0.0000
vn 0.9863 0.1651 -0.0000
vn 0.9861 0.1664 -0.0000
vn 0.9858 0.1677 -0.0000
vn 0.9856 0.1692 -0.0000
vn 0.9853 0.1707 -0.0000
vn 0.9856 0.1691 -0.0000
vn 0.9850 0.1724 -0.0000
vn 0.9847 0.1743 -0.0000
vn 0.9843 0.1764 -0.0000
vn 0.9839 0.1787 -0.0000
vn 0.9834 0.1812 -0.0000
vn 0.9829 0.1841 -0.0000
vn 0.9823 0.1873 -0.0000
vn 0.9816 0.1910 -0.0000
vn 0.9808 0.1952 -0.0000
vn 0.9798 0.2000 -0.0000
vn 0.9118 0.4106 -0.0000
vn 0.8290 0.5592 -0.0000
vn 0.8795 0.4758 -0.0000
vn 0.8290 0.5593 -0.0000
vn 0.9217 0.3879 -0.0000
vn 0.9551 0.2962 -0.0000
vn 0.9794 0.2017 -0.0000
vn 0.9944 0.1053 -0.0000
vn 0.9995 0.0323 -0.0000
vn 0.9999 0.0162 -0.0000
vn 0.9994 0.0333 -0.0000
vn 0.9987 0.0514 -0.0000
vn 0.9975 0.0707 -0.0000
vn 0.9958 0.0912 -0.0000
vn 0.9936 0.1130 -0.0000
vn 0.9907 0.1362 -0.0000
vn 0.9870 0.1609 -0.0000
vn 0.9823 0.1872 -0.0000
vn 0.9766 0.2153 -0.0000
vn 0.9695 0.2451 -0.0000
vn 0.9609 0.2768 -0.0000
vn 0.9506 0.3104 -0.0000
vn 0.9382 0.3461 -0.0000
vn 0.9235 0.3837 -0.0000
vn 0.9060 0.4233 -0.0000
vn 0.8855 0.4647 -0.0000
vn 0.8615 0.5078 -0.0000
vn 0.8337 0.5522 -0.0000
vn 0.8018 0.5976 -0.0000
vn 0.7654 0.6435 -0.0000
vn 0.7245 0.6893 -0.0000
vn 0.6789 0.7342 -0.0000
vn 0.6289 0.7775 -0.0000
vn 0.5748 0.8183 -0.0000
vn 0.5171 0.8559 -0.0000
vn 0.4566 0.8897 -0.0000
vn 0.3939 0.9191 -0.0000
vn 0.3302 0.9439 -0.0000
vn 0.2664 0.9639 -0.0000
vn 0.2033 0.9791 -0.0000
vn 0.1417 0.9899 -0.0000
vn 0.0823 0.9966 -0.0000
vn 0.0256 0.9997 -0.0000
vn -0.0282 0.9996 -0.0000
vn -0.0787 0.9969 -0.0000
vn -0.1260 0.9920 -0.0000
vn -0.1700 0.9854 -0.0000
vn -0.2109 0.9775 -0.0000
vn -0.2487 0.9686 -0.0000
vn -0.2836 0.9589 -0.0000
vn -0.3159 0.9488 -0.0000
vn -0.3457 0.9384 -0.0000
vn -0.3732 0.9278 -0.0000
vn -0.3986 0.9171 -0.0000
vn -0.4220 0.9066 -0.0000
vn -0.4437 0.8962 -0.0000
vn -0.5566 0.8308 -0.0000
vn -0.6516 0.7585 -0.0000
vn -0.6526 0.7577 -0.0000
vn -0.6537 0.7568 -0.0000
vn -0.6548 0.7558 -0.0000
vn -0.6560 0.7547 -0.0000
vn -0.6574 0.7536 -0.0000
vn -0.9978 0.0659 -0.0000
vn -0.9866 0.1634 -0.0000
vn -0.9658 0.2594 -0.0000
vn -0.9357 0.3528 -0.0000
vn -0.8966 0.4428 -0.0000
vn -0.8489 0.5286 -0.0000
vn -0.7930 0.6093 -0.0000
vn -0.7295 0.6840 -0.0000
vn -0.6589 0.7522 -0.0000
vn -0.6017 0.7987 -0.0000
vn -0.5807 0.8141 -0.0000
vn -0.5786 0.8156 -0.0000
vn -0.5772 0.8166 -0.0000
vn -0.5758 0.8176 -0.0000
vn -0.5742 0.8187 -0.0000
vn -0.5759 0.8175 -0.0000
vn -0.5726 0.8198 -0.0000
vn -0.5743 0.8187 -0.0000
vn -0.5708 0.8211 -0.0000
vn -0.5689 0.8224 -0.0000
vn -0.5669 0.8238 -0.0000
vn -0.5644 0.8255 -0.0000
vn -0.5668 0.8239 -0.0000
vn -0.5620 0.8271 -0.0000
vn -0.5645 0.8255 -0.0000
vn -0.5593 0.8290 -0.0000
vn -0.5564 0.8309 -0.0000
vn -0.5535 0.8329 -0.0000
vn -0.5500 0.8351 -0.0000
vn -0.5534 0.8329 -0.0000
vn -0.5462 0.8377 -0.0000
vn -0.5500 0.8352 -0.0000
vn -0.5420 0.8404 -0.0000
vn -0.5374 0.8433 -0.0000
vn -0.5322 0.8466 -0.0000
vn -0.5263 0.8503 -0.0000
vn -0.5196 0.8544 -0.0000
vn -0.5120 0.8590 -0.0000
vn -0.5032 0.8642 -0.0000
vn -0.5119 0.8590 -0.0000
vn -0.4928 0.8702 -0.0000
vn -0.4807 0.8769 -0.0000
vn -0.4660 0.8848 -0.0000
vn -0.4483 0.8939 -0.0000
vn -0.4257 0.9049 -0.0000
vn -0.3977 0.9175 -0.0000
vn -0.3589 0.9334 -0.0000
vn -0.3088 0.9511 -0.0000
vn -0.2568 0.9665 -0.0000
vn -0.1761 0.9844 -0.0000
vn -0.0941 0.9956 -0.0000
vn -0.0432 0.9991 -0.0000
vn -0.0942 0.9956 -0.0000
vn 0.0271 0.9996 -0.0000
vn 0.1206 0.9927 -0.0000
vn 0.2131 0.9770 -0.0000
vn 0.3037 0.9528 -0.0000
vn 0.3916 0.9201 -0.0000
vn 0.4552 0.8904 -0.0000
vn 0.4964 0.8681 -0.0000
vn 0.5560 0.8312 -0.0000
vn 0.6311 0.7757 -0.0000
vn 0.7007 0.7134 -0.0000
vn 0.7642 0.6450 -0.0000
vn 0.8211 0.5708 -0.0000
vn 0.8707 0.4918 -0.0000
vn 0.9128 0.4084 -0.0000
vn 0.9469 0.3215 -0.0000
vn 0.9728 0.2317 -0.0000
vn 0.9866 0.1631 -0.0000
vn 0.9932 0.1163 -0.0000
vn 0.9990 0.0445 -0.0000
vn 0.9987 -0.0514 -0.0000
vn 0.9892 -0.1469 -0.0000
vn 0.9705 -0.2409 -0.0000
vn 0.9507 -0.3100 -0.0000
vn 0.9347 -0.3553 -0.0000
vn 0.9067 -0.4218 -0.0000
vn 0.8740 -0.4860 -0.0000
vn 0.8496 -0.5274 -0.0000
vn 0.8233 -0.5676 -0.0000
vn 0.8010 -0.5987 -0.0000
vn 0.7837 -0.6211 -0.0000
vn 0.7690 -0.6393 -0.0000
vn 0.7570 -0.6534 -0.0000
vn 0.7466 -0.6653 -0.0000
vn 0.7378 -0.6750 -0.0000
vn 0.7301 -0.6833 -0.0000
vn 0.7235 -0.6904 -0.0000
vn 0.7176 -0.6965 -0.0000
vn 0.7123 -0.7018 -0.0000
vn 0.7076 -0.7066 -0.0000
vn 0.7034 -0.7108 -0.0000
vn 0.6995 -0.7147 -0.0000
vn 0.6960 -0.7180 -0.0000
vn 0.6930 -0.7209 -0.0000
vn 0.6901 -0.7237 -0.0000
vn 0.6874 -0.7263 -0.0000
vn 0.6849 -0.7286 -0.0000
vn 0.6826 -0.7308 -0.0000
vn 0.6805 -0.7327 -0.0000
vn 0.6786 -0.7345 -0.0000
vn 0.6768 -0.7362 -0.0000
vn 0.6750 -0.7379 -0.0000
vn 0.6734 -0.7393 -0.0000
vn 0.6721 -0.7405 -0.0000
vn 0.6706 -0.7418 -0.0000
vn 0.6693 -0.7430 -0.0000
vn 0.6707 -0.7418 -0.0000
vn 0.6680 -0.7441 -0.0000
vn 0.6668 -0.7452 -0.0000
vn 0.6657 -0.7462 -0.0000
vn 0.6641 -0.7476 -0.0000
vn 0.6622 -0.7494 -0.0000
vn 0.6609 -0.7505 -0.0000
vn 0.6600 -0.7512 -0.0000
vn 0.6588 -0.7523 -0.0000
vn 0.6574 -0.7536 -0.0000
vn 0.6560 -0.7547 -0.0000
vn 0.6548 -0.7558 -0.0000
vn 0.6533 -0.7571 -0.0000
vn 0.6528 -0.7576 -0.0000
vn 0.6526 -0.7577 -0.0000
vn 0.6516 -0.7585 -0.0000
vn 0.6283 -0.7780 -0.0000
vn 0.5566 -0.8308 -0.0000
vn 0.4804 -0.8771 -0.0000
vn 0.4489 -0.8936 -0.0000
vn 0.4385 -0.8987 -0.0000
vn 0.4277 -0.9039 -0.0000
vn 0.4164 -0.9092 -0.0000
vn 0.4047 -0.9145 -0.0000
vn 0.3925 -0.9198 -0.0000
vn 0.3797 -0.9251 -0.0000
vn 0.3925 -0.9197 -0.0000
vn 0.3665 -0.9304 -0.0000
vn 0.3528 -0.9357 -0.0000
vn 0.3385 -0.9410 -0.0000
vn 0.3236 -0.9462 -0.0000
vn 0.3081 -0.9513 -0.0000
vn 0.2920 -0.9564 -0.0000
vn 0.2752 -0.9614 -0.0000
vn 0.2578 -0.9662 -0.0000
vn 0.2396 -0.9709 -0.0000
vn 0.2207 -0.9753 -0.0000
vn 0.2010 -0.9796 -0.0000
vn 0.1806 -0.9836 -0.0000
vn 0.1594 -0.9872 -0.0000
vn 0.1374 -0.9905 -0.0000
vn 0.1146 -0.9934 -0.0000
vn 0.0909 -0.9959 -0.0000
vn 0.0665 -0.9978 -0.0000
vn 0.0412 -0.9992 -0.0000
vn 0.0151 -0.9999 -0.0000
vn -0.0117 -0.9999 -0.0000
vn -0.0394 -0.9992 -0.0000
vn -0.0678 -0.9977 -0.0000
vn -0.0968 -0.9953 -0.0000
vn -0.1266 -0.9920 -0.0000
vn -0.1569 -0.9876 -0.0000
vn -0.1877 -0.9822 -0.0000
vn -0.2189 -0.9757 -0.0000
vn -0.2505 -0.9681 -0.0000
vn -0.2823 -0.9593 -0.0000
vn -0.3142 -0.9493 -0.0000
vn -0.3462 -0.9382 -0.0000
vn -0.3781 -0.9258 -0.0000
vn -0.4097 -0.9122 -0.0000
vn -0.4410 -0.8975 -0.0000
vn -0.4719 -0.8816 -0.0000
vn -0.5022 -0.8647 -0.0000
vn -0.5319 -0.8468 -0.0000
vn -0.5607 -0.8280 -0.0000
vn -0.5888 -0.8083 -0.0000
vn -0.6158 -0.7879 -0.0000
vn -0.6419 -0.7668 -0.0000
vn -0.6669 -0.7452 -0.0000
vn -0.6908 -0.7230 -0.0000
vn -0.7136 -0.7006 -0.0000
vn -0.7352 -0.6778 -0.0000
vn -0.7557 -0.6550 -0.0000
vn -0.7750 -0.6320 -0.0000
vn -0.7931 -0.6090 -0.0000
vn -0.8102 -0.5861 -0.0000
vn -0.8262 -0.5634 -0.0000
vn -0.8411 -0.5409 -0.0000
vn -0.8550 -0.5187 -0.0000
vn -0.8679 -0.4968 -0.0000
vn -0.8798 -0.4753 -0.0000
vn -0.8909 -0.4541 -0.0000
vn -0.9012 -0.4334 -0.0000
vn -0.9107 -0.4131 -0.0000
vn -0.9194 -0.3933 -0.0000
vn -0.9274 -0.3740 -0.0000
vn -0.9348 -0.3552 -0.0000
vn -0.9415 -0.3369 -0.0000
vn -0.9477 -0.3191 -0.0000
vn -0.9534 -0.3018 -0.0000
vn -0.9585 -0.2850 -0.0000
vn -0.9632 -0.2686 -0.0000
vn -0.9675 -0.2528 -0.0000
vn -0.9714 -0.2374 -0.0000
vn -0.9749 -0.2225 -0.0000
vn -0.9781 -0.2081 -0.0000
vn -0.9810 -0.1940 -0.0000
vn -0.9836 -0.1804 -0.0000
vn -0.9880 -0.1545 -0.0000
vn -0.9898 -0.1422 -0.0000
vn -0.9915 -0.1302 -0.0000
vn -0.9929 -0.1186 -0.0000
vn -0.9942 -0.1074 -0.0000
vn -0.9953 -0.0964 -0.0000
vn -0.9963 -0.0859 -0.0000
vn -0.9971 -0.0757 -0.0000
vn -0.9978 -0.0657 -0.0000
vn -0.9984 -0.0561 -0.0000
vn -0.9989 -0.0467 -0.0000
vn -0.9791 -0.2034 -0.0000
vn -0.9386 -0.3449 -0.0000
vn -0.9470 -0.3213 -0.0000
vn -0.9530 -0.3030 -0.0000
vn -0.9578 -0.2875 -0.0000
vn -0.9615 -0.2748 -0.0000
vn -0.9646 -0.2639 -0.0000
vn -0.9670 -0.2547 -0.0000
vn -0.9691 -0.2466 -0.0000
vn -0.9670 -0.2546 -0.0000
vn -0.9709 -0.2395 -0.0000
vn -0.9724 -0.2332 -0.0000
vn -0.9737 -0.2277 -0.0000
vn -0.9749 -0.2227 -0.0000
vn -0.9759 -0.2183 -0.0000
vn -0.9768 -0.2143 -0.0000
vn -0.9776 -0.2106 -0.0000
vn -0.9783 -0.2073 -0.0000
vn -0.9789 -0.2042 -0.0000
vn -0.9795 -0.2012 -0.0000
vn -0.9801 -0.1987 -0.0000
vn -0.9805 -0.1963 -0.0000
vn -0.9814 -0.1919 -0.0000
vn -0.9818 -0.1900 -0.0000
vn -0.9821 -0.1883 -0.0000
vn -0.9824 -0.1866 -0.0000
vn -0.9821 -0.1882 -0.0000
vn -0.9827 -0.1851 -0.0000
vn -0.9824 -0.1865 -0.0000
vn -0.9830 -0.1836 -0.0000
vn -0.9833 -0.1820 -0.0000
vn -0.9835 -0.1806 -0.0000
vn -0.9838 -0.1793 -0.0000
vn -0.9835 -0.1807 -0.0000
vn -0.9840 -0.1781 -0.0000
vn -0.9843 -0.1764 -0.0000
vn -0.9847 -0.1743 -0.0000
vn -0.9850 -0.1724 -0.0000
vn -0.9853 -0.1707 -0.0000
vn -0.9856 -0.1691 -0.0000
vn -0.9858 -0.1677 -0.0000
vn -0.9861 -0.1664 -0.0000
vn -0.9863 -0.1651 -0.0000
vn -0.9865 -0.1640 -0.0000
vn -0.9866 -0.1629 -0.0000
vn -0.9868 -0.1619 -0.0000
vn -0.9870 -0.1610 -0.0000
vn -0.9871 -0.1601 -0.0000
vn -0.9873 -0.1591 -0.0000
vn -0.9875 -0.1579 -0.0000
vn -0.7698 -0.6383 -0.0000
vn -0.8287 -0.5597 -0.0000
vn -0.8796 -0.4758 -0.0000
vn -0.9220 -0.3873 -0.0000
vn -0.9555 -0.2950 -0.0000
vn -0.9798 -0.2000 -0.0000
vn -0.9947 -0.1029 -0.0000
vn -1.0000 -0.0049 -0.0000
vn -0.9957 0.0931 -0.0000
vn -0.9817 0.1903 -0.0000
vn -0.9583 0.2856 -0.0000
vn -0.9528 -0.3037 -0.0000
vn -0.8815 -0.4722 -0.0000
vn -0.8526 -0.5226 -0.0000
vn -0.8220 -0.5695 -0.0000
vn -0.7902 -0.6128 -0.0000
vn -0.7577 -0.6525 -0.0000
vn -0.7250 -0.6887 -0.0000
vn -0.6924 -0.7215 -0.0000
vn -0.6602 -0.7511 -0.0000
vn -0.6287 -0.7777 -0.0000
vn -0.5980 -0.8015 -0.0000
vn -0.5683 -0.8228 -0.0000
vn -0.5398 -0.8418 -0.0000
vn -0.5124 -0.8588 -0.0000
vn -0.4861 -0.8739 -0.0000
vn -0.4611 -0.8873 -0.0000
vn -0.4372 -0.8993 -0.0000
vn -0.4145 -0.9100 -0.0000
vn -0.4372 -0.8994 -0.0000
vn -0.3929 -0.9196 -0.0000
vn -0.3724 -0.9281 -0.0000
vn -0.3528 -0.9357 -0.0000
vn -0.3343 -0.9425 -0.0000
vn -0.3166 -0.9485 -0.0000
vn -0.2999 -0.9540 -0.0000
vn -0.2840 -0.9588 -0.0000
vn -0.2688 -0.9632 -0.0000
vn -0.2839 -0.9588 -0.0000
vn -0.2544 -0.9671 -0.0000
vn -0.2407 -0.9706 -0.0000
vn -0.2276 -0.9738 -0.0000
vn -0.2151 -0.9766 -0.0000
vn -0.2032 -0.9791 -0.0000
vn -0.1919 -0.9814 -0.0000
vn -0.1811 -0.9835 -0.0000
vn -0.1707 -0.9853 -0.0000
vn -0.1608 -0.9870 -0.0000
vn -0.1513 -0.9885 -0.0000
vn -0.1423 -0.9898 -0.0000
vn -0.1335 -0.9910 -0.0000
vn -0.1252 -0.9921 -0.0000
vn -0.1336 -0.9910 -0.0000
vn -0.1172 -0.9931 -0.0000
vn -0.1095 -0.9940 -0.0000
vn -0.1022 -0.9948 -0.0000
vn -0.0951 -0.9955 -0.0000
vn -0.0882 -0.9961 -0.0000
vn -0.0817 -0.9967 -0.0000
vn -0.0753 -0.9972 -0.0000
vn -0.0693 -0.9976 -0.0000
vn -0.0907 -0.9959 -0.0000
vn -0.1637 -0.9865 -0.0000
vn -0.2596 -0.9657 -0.0000
vn -0.3530 -0.9356 -0.0000
vn -0.4430 -0.8965 -0.0000
vn -0.5287 -0.8488 -0.0000
vn -0.6094 -0.7929 -0.0000
vn -0.6842 -0.7293 -0.0000
vn -0.7524 -0.6588 -0.0000
vn -0.6841 -0.7293 -0.0000
vn -0.8133 -0.5818 -0.0000
vn -0.7523 -0.6588 -0.0000
vn -0.8664 -0.4993 -0.0000
vn -0.8133 -0.5819 -0.0000
vn -0.9112 -0.4120 -0.0000
vn -0.9472 -0.3207 -0.0000
vn -0.9741 -0.2263 -0.0000
vn -0.9916 -0.1297 -0.0000
vn -0.9995 -0.0319 -0.0000
vn -0.9978 0.0663 -0.0000
vn -0.9865 0.1638 -0.0000
vn -0.9657 0.2597 -0.0000
vn -0.9356 0.3531 -0.0000
vn -0.8965 0.4431 -0.0000
vn -0.8487 0.5289 -0.0000
vn -0.8964 0.4432 -0.0000
vn -0.7928 0.6095 -0.0000
vn -0.7292 0.6843 -0.0000
vn -0.6586 0.7525 -0.0000
vn -0.5817 0.8134 -0.0000
vn -0.4992 0.8665 -0.0000
vn -0.4118 0.9113 -0.0000
vn -0.3206 0.9472 -0.0000
vn -0.2262 0.9741 -0.0000
vn -0.1296 0.9916 -0.0000
vn -0.0318 0.9995 -0.0000
vn 0.0418 0.9991 -0.0000
vn 0.0679 0.9977 -0.0000
vn 0.0709 0.9975 -0.0000
vn 0.0739 0.9973 -0.0000
vn 0.0770 0.9970 -0.0000
vn 0.0802 0.9968 -0.0000
vn 0.0834 0.9965 -0.0000
vn 0.0800 0.9968 -0.0000
vn 0.0865 0.9962 -0.0000
vn 0.0832 0.9965 -0.0000
vn 0.0899 0.9960 -0.0000
vn 0.0863 0.9963 -0.0000
vn 0.0935 0.9956 -0.0000
vn 0.0897 0.9960 -0.0000
vn 0.0969 0.9953 -0.0000
vn 0.1006 0.9949 -0.0000
vn 0.1042 0.9946 -0.0000
vn 0.1004 0.9950 -0.0000
vn 0.1077 0.9942 -0.0000
vn 0.1040 0.9946 -0.0000
vn 0.1115 0.9938 -0.0000
vn 0.1152 0.9933 -0.0000
vn 0.1191 0.9929 -0.0000
vn 0.1233 0.9924 -0.0000
vn 0.1274 0.9919 -0.0000
vn 0.1231 0.9924 -0.0000
vn 0.1315 0.9913 -0.0000
vn 0.1272 0.9919 -0.0000
vn 0.1358 0.9907 -0.0000
vn 0.1399 0.9902 -0.0000
vn 0.1443 0.9895 -0.0000
vn 0.1400 0.9901 -0.0000
vn 0.1491 0.9888 -0.0000
vn 0.1445 0.9895 -0.0000
vn 0.1537 0.9881 -0.0000
vn 0.1585 0.9874 -0.0000
vn 0.1633 0.9866 -0.0000
vn 0.1583 0.9874 -0.0000
vn 0.1682 0.9857 -0.0000
vn 0.1632 0.9866 -0.0000
vn 0.1733 0.9849 -0.0000
vn 0.1681 0.9858 -0.0000
vn 0.1785 0.9839 -0.0000
vn 0.1732 0.9849 -0.0000
vn 0.1838 0.9830 -0.0000
vn 0.1891 0.9820 -0.0000
vn 0.1946 0.9809 -0.0000
vn 0.2001 0.9798 -0.0000
vn 0.2059 0.9786 -0.0000
vn 0.2002 0.9797 -0.0000
vn 0.2121 0.9773 -0.0000
vn 0.2060 0.9785 -0.0000
vn 0.2181 0.9759 -0.0000
vn 0.2244 0.9745 -0.0000
vn 0.2308 0.9730 -0.0000
vn 0.2374 0.9714 -0.0000
vn 0.2441 0.9698 -0.0000
vn 0.2508 0.9680 -0.0000
vn 0.2579 0.9662 -0.0000
vn 0.2509 0.9680 -0.0000
vn 0.2651 0.9642 -0.0000
vn 0.2725 0.9622 -0.0000
vn 0.2652 0.9642 -0.0000
vn 0.2801 0.9600 -0.0000
vn 0.2726 0.9621 -0.0000
vn 0.2878 0.9577 -0.0000
vn 0.2957 0.9553 -0.0000
vn 0.3039 0.9527 -0.0000
vn 0.3123 0.9500 -0.0000
vn 0.3209 0.9471 -0.0000
vn 0.3299 0.9440 -0.0000
vn 0.3389 0.9408 -0.0000
vn 0.3480 0.9375 -0.0000
vn 0.3576 0.9339 -0.0000
vn 0.3673 0.9301 -0.0000
vn 0.3773 0.9261 -0.0000
vn 0.3674 0.9301 -0.0000
vn 0.3876 0.9218 -0.0000
vn 0.3774 0.9260 -0.0000
vn 0.3981 0.9173 -0.0000
vn 0.4090 0.9126 -0.0000
vn 0.4200 0.9075 -0.0000
vn 0.4090 0.9125 -0.0000
vn 0.4314 0.9022 -0.0000
vn 0.4201 0.9075 -0.0000
vn 0.4430 0.8965 -0.0000
vn 0.4314 0.9021 -0.0000
vn 0.4550 0.8905 -0.0000
vn 0.4431 0.8965 -0.0000
vn 0.4672 0.8841 -0.0000
vn 0.4797 0.8774 -0.0000
vn 0.4925 0.8703 -0.0000
vn 0.5057 0.8627 -0.0000
vn 0.5191 0.8547 -0.0000
vn 0.5056 0.8627 -0.0000
vn 0.5328 0.8463 -0.0000
vn 0.5467 0.8373 -0.0000
vn 0.5327 0.8463 -0.0000
vn 0.5610 0.8278 -0.0000
vn 0.5756 0.8177 -0.0000
vn 0.5904 0.8071 -0.0000
vn 0.5756 0.8178 -0.0000
vn 0.6055 0.7958 -0.0000
vn 0.6209 0.7839 -0.0000
vn 0.6364 0.7714 -0.0000
vn 0.6522 0.7581 -0.0000
vn 0.6681 0.7441 -0.0000
vn 0.6842 0.7293 -0.0000
vn 0.7005 0.7137 -0.0000
vn 0.7168 0.6973 -0.0000
vn 0.7331 0.6801 -0.0000
vn 0.7495 0.6620 -0.0000
vn 0.7659 0.6430 -0.0000
vn 0.7821 0.6232 -0.0000
vn 0.7982 0.6024 -0.0000
vn 0.8141 0.5807 -0.0000
vn 0.8298 0.5581 -0.0000
vn 0.8450 0.5347 -0.0000
vn 0.8600 0.5104 -0.0000
vn 0.8672 0.4980 -0.0000
vn -0.5391 0.8423 -0.0000
vn -0.5596 0.8288 -0.0000
vn -0.4757 0.8796 -0.0000
vn -0.3872 0.9220 -0.0000
vn -0.2949 0.9555 -0.0000
vn -0.1999 0.9798 -0.0000
vn -0.1029 0.9947 -0.0000
vn -0.0049 1.0000 -0.0000
vn 0.0931 0.9957 -0.0000
vn 0.1902 0.9817 -0.0000
vn 0.2855 0.9584 -0.0000
vn 0.3780 0.9258 -0.0000
vn 0.4670 0.8843 -0.0000
vn 0.3781 0.9258 -0.0000
vn 0.5514 0.8343 -0.0000
vn 0.6305 0.7762 -0.0000
vn 0.7035 0.7107 -0.0000
vn 0.7698 0.6383 -0.0000
vn 0.8287 0.5597 -0.0000
vn 0.9220 0.3873 -0.0000
vn 0.9555 0.2950 -0.0000
vn 0.9947 0.1029 -0.0000
vn 1.0000 0.0049 -0.0000
vn 0.9957 -0.0931 -0.0000
vn 0.9817 -0.1903 -0.0000
vn 0.9583 -0.2856 -0.0000
vn 0.9257 -0.3782 -0.0000
vn 0.8842 -0.4671 -0.0000
vn 0.8341 -0.5515 -0.0000
vn 0.7761 -0.6307 -0.0000
vn 0.8341 -0.5516 -0.0000
vn 0.7105 -0.7037 -0.0000
vn 0.9957 0.0932 -0.0000
vn 0.9828 0.1847 -0.0000
vn 1.0000 -0.0000 -0.0000
vn 0.9957 -0.0932 -0.0000
vn 0.9828 -0.1847 -0.0000
vn 0.9620 -0.2731 -0.0000
vn 0.9340 -0.3572 -0.0000
vn 0.8999 -0.4360 -0.0000
vn 0.8608 -0.5090 -0.0000
vn 0.8177 -0.5757 -0.0000
vn 0.7717 -0.6360 -0.0000
vn 0.7236 -0.6902 -0.0000
vn 0.6742 -0.7386 -0.0000
vn 0.6241 -0.7814 -0.0000
vn 0.5737 -0.8191 -0.0000
vn 0.5234 -0.8521 -0.0000
vn 0.4734 -0.8809 -0.0000
vn 0.5233 -0.8521 -0.0000
vn 0.4238 -0.9057 -0.0000
vn 0.4733 -0.8809 -0.0000
vn 0.3748 -0.9271 -0.0000
vn 0.3264 -0.9452 -0.0000
vn 0.2786 -0.9604 -0.0000
vn 0.2313 -0.9729 -0.0000
vn 0.1844 -0.9828 -0.0000
vn 0.1380 -0.9904 -0.0000
vn 0.0918 -0.9958 -0.0000
vn 0.0458 -0.9989 -0.0000
vn -0.0000 -1.0000 -0.0000
vn 0.0459 -0.9989 -0.0000
vn -0.0459 -0.9989 -0.0000
vn -0.0918 -0.9958 -0.0000
vn -0.0458 -0.9989 -0.0000
vn -0.1380 -0.9904 -0.0000
vn -0.1844 -0.9828 -0.0000
vn -0.2313 -0.9729 -0.0000
vn -0.2786 -0.9604 -0.0000
vn -0.3264 -0.9452 -0.0000
vn -0.3748 -0.9271 -0.0000
vn -0.4238 -0.9057 -0.0000
vn -0.4733 -0.8809 -0.0000
vn -0.5233 -0.8521 -0.0000
vn -0.4734 -0.8809 -0.0000
vn -0.5737 -0.8191 -0.0000
vn -0.5234 -0.8521 -0.0000
vn -0.6241 -0.7814 -0.0000
vn -0.6742 -0.7386 -0.0000
vn -0.7236 -0.6902 -0.0000
vn -0.7717 -0.6360 -0.0000
vn -0.8177 -0.5757 -0.0000
vn -0.8608 -0.5090 -0.0000
vn -0.8999 -0.4360 -0.0000
vn -0.9340 -0.3572 -0.0000
vn -0.9620 -0.2731 -0.0000
vn -0.9828 -0.1847 -0.0000
vn -0.9957 -0.0932 -0.0000
vn -1.0000 -0.0000 -0.0000
vn -0.9957 0.0932 -0.0000
vn -0.9828 0.1847 -0.0000
vn -0.9620 0.2731 -0.0000
vn -0.9340 0.3572 -0.0000
vn -0.8999 0.4360 -0.0000
vn -0.8608 0.5090 -0.0000
vn -0.8177 0.5757 -0.0000
vn -0.7717 0.6360 -0.0000
vn -0.7236 0.6902 -0.0000
vn -0.6742 0.7386 -0.0000
vn -0.6241 0.7814 -0.0000
vn -0.5737 0.8191 -0.0000
vn -0.5233 0.8521 -0.0000
vn -0.4734 0.8809 -0.0000
vn -0.4238 0.9057 -0.0000
vn -0.3748 0.9271 -0.0000
vn -0.3264 0.9452 -0.0000
vn -0.2786 0.9604 -0.0000
vn -0.2313 0.9729 -0.0000
vn -0.1844 0.9828 -0.0000
vn -0.1380 0.9904 -0.0000
vn -0.0918 0.9958 -0.0000
vn -0.1379 0.9904 -0.0000
vn -0.0459 0.9989 -0.0000
vn -0.0000 1.0000 -0.0000
vn -0.0458 0.9989 -0.0000
vn 0.0458 0.9989 -0.0000
vn 0.0918 0.9958 -0.0000
vn 0.0459 0.9989 -0.0000
vn 0.1379 0.9904 -0.0000
vn 0.1844 0.9828 -0.0000
vn 0.1380 0.9904 -0.0000
vn 0.2313 0.9729 -0.0000
vn 0.2786 0.9604 -0.0000
vn 0.3264 0.9452 -0.0000
vn 0.3748 0.9271 -0.0000
vn 0.4238 0.9057 -0.0000
vn 0.4734 0.8809 -0.0000
vn 0.5233 0.8521 -0.0000
vn 0.5737 0.8191 -0.0000
vn 0.6241 0.7814 -0.0000
vn 0.6742 0.7386 -0.0000
vn 0.7236 0.6902 -0.0000
vn 0.7717 0.6360 -0.0000
vn 0.8177 0.5757 -0.0000
vn 0.8608 0.5090 -0.0000
vn 0.8999 0.4360 -0.0000
vn 0.9340 0.3572 -0.0000
vn 0.9620 0.2731 -0.0000
vn 0.9957 0.0931 -0.0000
vn 0.8999 -0.4361 -0.0000
vn 0.8177 -0.5756 -0.0000
vn 0.6240 -0.7814 -0.0000
vn 0.1844 -0.9829 -0.0000
vn 0.1379 -0.9904 -0.0000
vn -0.1379 -0.9904 -0.0000
vn -0.1844 -0.9829 -0.0000
vn -0.6240 -0.7814 -0.0000
vn -0.8177 -0.5756 -0.0000
vn -0.8999 -0.4361 -0.0000
vn -0.9957 -0.0931 -0.0000
vn -0.8999 0.4361 -0.0000
vn -0.8177 0.5756 -0.0000
vn -0.7236 0.6903 -0.0000
vn -0.5234 0.8521 -0.0000
vn 0.5234 0.8521 -0.0000
vn 0.7236 0.6903 -0.0000
vn 0.8177 0.5756 -0.0000
vn 0.8999 0.4361 -0.0000
vn 0.7243 -0.6895 -0.0000
vn 0.7133 -0.7008 -0.0000
vn 0.7345 -0.6786 -0.0000
vn 0.7227 -0.6911 -0.0000
vn 0.6699 -0.7424 -0.0000
vn 0.7227 -0.6912 -0.0000
vn 0.5939 -0.8045 -0.0000
vn 0.5122 -0.8589 -0.0000
vn 0.4256 -0.9049 -0.0000
vn 0.3348 -0.9423 -0.0000
vn 0.2409 -0.9706 -0.0000
vn 0.1446 -0.9895 -0.0000
vn 0.0469 -0.9989 -0.0000
vn -0.0512 -0.9987 -0.0000
vn -0.1488 -0.9889 -0.0000
vn -0.2450 -0.9695 -0.0000
vn -0.3388 -0.9408 -0.0000
vn -0.4294 -0.9031 -0.0000
vn -0.5158 -0.8567 -0.0000
vn -0.5973 -0.8020 -0.0000
vn -0.6731 -0.7396 -0.0000
vn -0.7423 -0.6701 -0.0000
vn -0.8044 -0.5941 -0.0000
vn -0.8588 -0.5124 -0.0000
vn -0.9049 -0.4257 -0.0000
vn -0.9422 -0.3350 -0.0000
vn -0.9705 -0.2410 -0.0000
vn -0.9895 -0.1447 -0.0000
vn -0.9989 -0.0470 -0.0000
vn -0.9987 0.0512 -0.0000
vn -0.9889 0.1489 -0.0000
vn -0.9695 0.2451 -0.0000
vn -0.9408 0.3390 -0.0000
vn -0.9030 0.4296 -0.0000
vn -0.8566 0.5160 -0.0000
vn -0.8019 0.5975 -0.0000
vn -0.7557 0.6549 -0.0000
vn -0.7370 0.6759 -0.0000
vn -0.7320 0.6813 -0.0000
vn -0.7269 0.6867 -0.0000
vn -0.7216 0.6923 -0.0000
vn -0.7162 0.6979 -0.0000
vn -0.7105 0.7037 -0.0000
vn -0.7047 0.7095 -0.0000
vn -0.6986 0.7155 -0.0000
vn -0.6924 0.7215 -0.0000
vn -0.6860 0.7276 -0.0000
vn -0.6793 0.7339 -0.0000
vn -0.6724 0.7402 -0.0000
vn -0.6652 0.7467 -0.0000
vn -0.6578 0.7532 -0.0000
vn -0.6500 0.7599 -0.0000
vn -0.6421 0.7666 -0.0000
vn -0.6339 0.7734 -0.0000
vn -0.6253 0.7804 -0.0000
vn -0.6165 0.7874 -0.0000
vn -0.6073 0.7945 -0.0000
vn -0.5978 0.8017 -0.0000
vn -0.5879 0.8089 -0.0000
vn -0.5777 0.8163 -0.0000
vn -0.5671 0.8237 -0.0000
vn -0.5560 0.8312 -0.0000
vn -0.5446 0.8387 -0.0000
vn -0.5328 0.8462 -0.0000
vn -0.5205 0.8538 -0.0000
vn -0.5078 0.8615 -0.0000
vn -0.4946 0.8691 -0.0000
vn -0.4809 0.8768 -0.0000
vn -0.4667 0.8844 -0.0000
vn -0.4520 0.8920 -0.0000
vn -0.4368 0.8996 -0.0000
vn -0.4211 0.9070 -0.0000
vn -0.4048 0.9144 -0.0000
vn -0.3879 0.9217 -0.0000
vn -0.3705 0.9288 -0.0000
vn -0.3525 0.9358 -0.0000
vn -0.3339 0.9426 -0.0000
vn -0.3147 0.9492 -0.0000
vn -0.2745 0.9616 -0.0000
vn -0.2535 0.9673 -0.0000
vn -0.2320 0.9727 -0.0000
vn -0.2099 0.9777 -0.0000
vn -0.1871 0.9823 -0.0000
vn -0.1639 0.9865 -0.0000
vn -0.1402 0.9901 -0.0000
vn -0.1159 0.9933 -0.0000
vn -0.0911 0.9958 -0.0000
vn -0.0660 0.9978 -0.0000
vn -0.0404 0.9992 -0.0000
vn -0.0145 0.9999 -0.0000
vn 0.0117 0.9999 -0.0000
vn 0.0382 0.9993 -0.0000
vn 0.0649 0.9979 -0.0000
vn 0.1187 0.9929 -0.0000
vn 0.1457 0.9893 -0.0000
vn 0.1726 0.9850 -0.0000
vn 0.1995 0.9799 -0.0000
vn 0.2262 0.9741 -0.0000
vn 0.2527 0.9675 -0.0000
vn 0.2790 0.9603 -0.0000
vn 0.3049 0.9524 -0.0000
vn 0.3305 0.9438 -0.0000
vn 0.3556 0.9346 -0.0000
vn 0.3803 0.9249 -0.0000
vn 0.4044 0.9146 -0.0000
vn 0.4281 0.9037 -0.0000
vn 0.4045 0.9146 -0.0000
vn 0.4511 0.8925 -0.0000
vn 0.4735 0.8808 -0.0000
vn 0.4954 0.8687 -0.0000
vn 0.5165 0.8563 -0.0000
vn 0.5370 0.8436 -0.0000
vn 0.5568 0.8306 -0.0000
vn 0.5760 0.8175 -0.0000
vn 0.5944 0.8041 -0.0000
vn 0.6122 0.7907 -0.0000
vn 0.5944 0.8042 -0.0000
vn 0.6293 0.7772 -0.0000
vn 0.6458 0.7635 -0.0000
vn 0.6293 0.7771 -0.0000
vn 0.6616 0.7499 -0.0000
vn 0.6767 0.7363 -0.0000
vn 0.6912 0.7227 -0.0000
vn 0.7051 0.7091 -0.0000
vn 0.7184 0.6956 -0.0000
vn 0.7311 0.6823 -0.0000
vn 0.7432 0.6690 -0.0000
vn 0.7548 0.6559 -0.0000
vn 0.7765 0.6302 -0.0000
vn 0.7866 0.6175 -0.0000
vn 0.7962 0.6051 -0.0000
vn 0.8158 0.5783 -0.0000
vn 0.7962 0.6050 -0.0000
vn 0.8573 0.5148 -0.0000
vn 0.9049 0.4256 -0.0000
vn 0.9433 0.3320 -0.0000
vn 0.9657 0.2595 -0.0000
vn 0.9681 0.2507 -0.0000
vn 0.9589 0.2836 -0.0000
vn 0.9476 0.3195 -0.0000
vn 0.9334 0.3587 -0.0000
vn 0.9159 0.4015 -0.0000
vn 0.8941 0.4479 -0.0000
vn 0.8671 0.4981 -0.0000
vn 0.8339 0.5519 -0.0000
vn 0.7934 0.6087 -0.0000
vn 0.8339 0.5518 -0.0000
vn 0.7444 0.6678 -0.0000
vn 0.6858 0.7278 -0.0000
vn 0.6171 0.7869 -0.0000
vn 0.5385 0.8426 -0.0000
vn 0.4507 0.8927 -0.0000
vn 0.3559 0.9345 -0.0000
vn 0.4508 0.8926 -0.0000
vn 0.2567 0.9665 -0.0000
vn 0.1562 0.9877 -0.0000
vn 0.0578 0.9983 -0.0000
vn 0.1561 0.9877 -0.0000
vn -0.0360 0.9994 -0.0000
vn 0.0577 0.9983 -0.0000
vn -0.1232 0.9924 -0.0000
vn -0.0361 0.9993 -0.0000
vn -0.2025 0.9793 -0.0000
vn -0.2738 0.9618 -0.0000
vn -0.3372 0.9414 -0.0000
vn -0.3932 0.9195 -0.0000
vn -0.4424 0.8968 -0.0000
vn -0.4856 0.8742 -0.0000
vn -0.5236 0.8520 -0.0000
vn -0.5570 0.8305 -0.0000
vn -0.5864 0.8100 -0.0000
vn -0.6125 0.7905 -0.0000
vn -0.6356 0.7721 -0.0000
vn -0.6561 0.7547 -0.0000
vn -0.6745 0.7383 -0.0000
vn -0.6910 0.7229 -0.0000
vn -0.7058 0.7084 -0.0000
vn -0.7192 0.6948 -0.0000
vn -0.7313 0.6820 -0.0000
vn -0.7424 0.6700 -0.0000
vn -0.7524 0.6587 -0.0000
vn -0.7616 0.6480 -0.0000
vn -0.7701 0.6380 -0.0000
vn -0.7778 0.6285 -0.0000
vn -0.7850 0.6195 -0.0000
vn -0.7916 0.6111 -0.0000
vn -0.7977 0.6030 -0.0000
vn -0.8034 0.5954 -0.0000
vn -0.8087 0.5882 -0.0000
vn -0.7957 0.6057 -0.0000
vn -0.7459 0.6660 -0.0000
vn -0.6725 0.7401 -0.0000
vn -0.5917 0.8061 -0.0000
vn -0.5045 0.8634 -0.0000
vn -0.2395 0.9709 -0.0000
vn -0.2066 0.9784 -0.0000
vn -0.1915 0.9815 -0.0000
vn -0.1763 0.9843 -0.0000
vn -0.1610 0.9870 -0.0000
vn -0.1455 0.9894 -0.0000
vn -0.1300 0.9915 -0.0000
vn -0.1145 0.9934 -0.0000
vn -0.0988 0.9951 -0.0000
vn -0.0832 0.9965 -0.0000
vn -0.0674 0.9977 -0.0000
vn -0.0516 0.9987 -0.0000
vn -0.0358 0.9994 -0.0000
vn -0.0201 0.9998 -0.0000
vn -0.0043 1.0000 -0.0000
vn 0.0115 0.9999 -0.0000
vn 0.0273 0.9996 -0.0000
vn 0.0430 0.9991 -0.0000
vn 0.0587 0.9983 -0.0000
vn 0.0742 0.9972 -0.0000
vn 0.0898 0.9960 -0.0000
vn 0.0743 0.9972 -0.0000
vn 0.1052 0.9945 -0.0000
vn 0.1052 0.9944 -0.0000
vn 0.1509 0.9885 -0.0000
vn 0.1659 0.9861 -0.0000
vn 0.1808 0.9835 -0.0000
vn 0.1956 0.9807 -0.0000
vn 0.2101 0.9777 -0.0000
vn 0.2246 0.9745 -0.0000
vn 0.2388 0.9711 -0.0000
vn 0.2245 0.9745 -0.0000
vn 0.2529 0.9675 -0.0000
vn 0.2668 0.9638 -0.0000
vn 0.2805 0.9599 -0.0000
vn 0.2941 0.9558 -0.0000
vn 0.2805 0.9598 -0.0000
vn 0.3075 0.9516 -0.0000
vn 0.3206 0.9472 -0.0000
vn 0.3336 0.9427 -0.0000
vn 0.3463 0.9381 -0.0000
vn 0.3589 0.9334 -0.0000
vn 0.3464 0.9381 -0.0000
vn 0.3713 0.9285 -0.0000
vn 0.3834 0.9236 -0.0000
vn 0.3953 0.9185 -0.0000
vn 0.4071 0.9134 -0.0000
vn 0.3954 0.9185 -0.0000
vn 0.4186 0.9082 -0.0000
vn 0.4298 0.9029 -0.0000
vn 0.4409 0.8975 -0.0000
vn 0.4299 0.9029 -0.0000
vn 0.4519 0.8921 -0.0000
vn 0.4625 0.8866 -0.0000
vn 0.4518 0.8921 -0.0000
vn 0.4730 0.8810 -0.0000
vn 0.4833 0.8755 -0.0000
vn 0.4933 0.8699 -0.0000
vn 0.5031 0.8642 -0.0000
vn 0.5128 0.8585 -0.0000
vn 0.5222 0.8528 -0.0000
vn 0.5315 0.8471 -0.0000
vn 0.5405 0.8413 -0.0000
vn 0.5314 0.8471 -0.0000
vn 0.5493 0.8356 -0.0000
vn 0.5405 0.8414 -0.0000
vn 0.5580 0.8298 -0.0000
vn 0.5664 0.8241 -0.0000
vn 0.5747 0.8183 -0.0000
vn 0.5828 0.8126 -0.0000
vn 0.5907 0.8069 -0.0000
vn 0.5985 0.8011 -0.0000
vn 0.6061 0.7954 -0.0000
vn 0.6134 0.7898 -0.0000
vn 0.6206 0.7841 -0.0000
vn 0.6278 0.7784 -0.0000
vn 0.6347 0.7728 -0.0000
vn 0.6414 0.7672 -0.0000
vn 0.6480 0.7616 -0.0000
vn 0.6544 0.7561 -0.0000
vn 0.6607 0.7506 -0.0000
vn 0.6545 0.7561 -0.0000
vn 0.6669 0.7451 -0.0000
vn 0.6608 0.7506 -0.0000
vn 0.6729 0.7397 -0.0000
vn 0.6788 0.7344 -0.0000
vn 0.6845 0.7290 -0.0000
vn 0.6902 0.7236 -0.0000
vn 0.6957 0.7184 -0.0000
vn 0.7010 0.7131 -0.0000
vn 0.7063 0.7079 -0.0000
vn 0.7115 0.7027 -0.0000
vn 0.7165 0.6976 -0.0000
vn 0.7114 0.7028 -0.0000
vn 0.7212 0.6927 -0.0000
vn 0.7164 0.6976 -0.0000
vn 0.7260 0.6877 -0.0000
vn 0.7213 0.6927 -0.0000
vn 0.7307 0.6827 -0.0000
vn 0.7260 0.6876 -0.0000
vn 0.7352 0.6778 -0.0000
vn 0.7398 0.6729 -0.0000
vn 0.7441 0.6680 -0.0000
vn 0.7463 0.6656 -0.0000
vn -0.2649 0.9643 -0.0000
vn -0.2657 0.9640 -0.0000
vn -0.2634 0.9647 -0.0000
vn -0.2619 0.9651 -0.0000
vn -0.2604 0.9655 -0.0000
vn -0.2621 0.9650 -0.0000
vn -0.2589 0.9659 -0.0000
vn -0.2606 0.9654 -0.0000
vn -0.2573 0.9663 -0.0000
vn -0.2554 0.9668 -0.0000
vn -0.2537 0.9673 -0.0000
vn -0.2553 0.9669 -0.0000
vn -0.2521 0.9677 -0.0000
vn -0.2502 0.9682 -0.0000
vn -0.2481 0.9687 -0.0000
vn -0.2461 0.9692 -0.0000
vn -0.2479 0.9688 -0.0000
vn -0.2440 0.9698 -0.0000
vn -0.2459 0.9693 -0.0000
vn -0.2418 0.9703 -0.0000
vn -0.2439 0.9698 -0.0000
vn -0.2393 0.9709 -0.0000
vn -0.2417 0.9704 -0.0000
vn -0.2370 0.9715 -0.0000
vn -0.2394 0.9709 -0.0000
vn -0.2350 0.9720 -0.0000
vn -0.2371 0.9715 -0.0000
vn -0.2324 0.9726 -0.0000
vn -0.2348 0.9720 -0.0000
vn -0.2298 0.9732 -0.0000
vn -0.2323 0.9726 -0.0000
vn -0.2271 0.9739 -0.0000
vn -0.2240 0.9746 -0.0000
vn -0.2211 0.9753 -0.0000
vn -0.2239 0.9746 -0.0000
vn -0.2178 0.9760 -0.0000
vn -0.2209 0.9753 -0.0000
vn -0.2145 0.9767 -0.0000
vn -0.2113 0.9774 -0.0000
vn -0.2077 0.9782 -0.0000
vn -0.2038 0.9790 -0.0000
vn -0.2039 0.9790 -0.0000
vn -0.1958 0.9806 -0.0000
vn -0.2000 0.9798 -0.0000
vn -0.1868 0.9824 -0.0000
vn -0.1820 0.9833 -0.0000
vn -0.1769 0.9842 -0.0000
vn -0.1819 0.9833 -0.0000
vn -0.1715 0.9852 -0.0000
vn -0.1656 0.9862 -0.0000
vn -0.1595 0.9872 -0.0000
vn -0.1657 0.9862 -0.0000
vn -0.1531 0.9882 -0.0000
vn -0.1596 0.9872 -0.0000
vn -0.1461 0.9893 -0.0000
vn -0.1530 0.9882 -0.0000
vn -0.1387 0.9903 -0.0000
vn -0.1309 0.9914 -0.0000
vn -0.1388 0.9903 -0.0000
vn -0.1224 0.9925 -0.0000
vn -0.1133 0.9936 -0.0000
vn -0.1035 0.9946 -0.0000
vn -0.0929 0.9957 -0.0000
vn -0.0815 0.9967 -0.0000
vn -0.0691 0.9976 -0.0000
vn -0.0555 0.9985 -0.0000
vn -0.0408 0.9992 -0.0000
vn -0.0245 0.9997 -0.0000
vn -0.0067 1.0000 -0.0000
vn 0.0130 0.9999 -0.0000
vn 0.0348 0.9994 -0.0000
vn 0.0592 0.9982 -0.0000
vn 0.1170 0.9931 -0.0000
vn 0.1513 0.9885 -0.0000
vn 0.1905 0.9817 -0.0000
vn 0.2344 0.9721 -0.0000
vn 0.2850 0.9585 -0.0000
vn 0.3418 0.9398 -0.0000
vn 0.3883 0.9215 -0.0000
vn 0.5365 0.8439 -0.0000
vn 0.6024 0.7982 -0.0000
vn 0.6644 0.7473 -0.0000
vn 0.7003 0.7138 -0.0000
vn 0.7466 0.6652 -0.0000
vn 0.8031 0.5959 -0.0000
vn 0.8412 0.5408 -0.0000
vn 0.8657 0.5006 -0.0000
vn 0.9004 0.4350 -0.0000
vn 0.9390 0.3440 -0.0000
vn 0.9619 0.2735 -0.0000
vn 0.9739 0.2271 -0.0000
vn 0.9873 0.1589 -0.0000
vn 0.9978 0.0668 -0.0000
vn 1.0000 -0.0027 -0.0000
vn 0.9985 -0.0541 -0.0000
vn 0.9903 -0.1387 -0.0000
vn 0.9750 -0.2222 -0.0000
vn 0.9627 -0.2705 -0.0000
vn 0.9433 -0.3320 -0.0000
vn 0.9200 -0.3920 -0.0000
vn 0.8977 -0.4405 -0.0000
vn 0.8678 -0.4969 -0.0000
vn 0.8387 -0.5446 -0.0000
vn 0.8117 -0.5840 -0.0000
vn 0.7864 -0.6178 -0.0000
vn 0.7632 -0.6461 -0.0000
vn 0.7418 -0.6706 -0.0000
vn 0.7633 -0.6461 -0.0000
vn 0.7223 -0.6916 -0.0000
vn 0.7043 -0.7099 -0.0000
vn 0.6879 -0.7258 -0.0000
vn 0.6728 -0.7399 -0.0000
vn 0.6589 -0.7522 -0.0000
vn 0.6460 -0.7633 -0.0000
vn 0.6342 -0.7731 -0.0000
vn 0.6090 -0.7932 -0.0000
vn 0.5490 -0.8358 -0.0000
vn 0.4644 -0.8856 -0.0000
vn 0.3754 -0.9269 -0.0000
vn 0.2827 -0.9592 -0.0000
vn 0.1874 -0.9823 -0.0000
vn 0.0902 -0.9959 -0.0000
vn -0.0078 -1.0000 -0.0000
vn -0.1058 -0.9944 -0.0000
vn -0.2027 -0.9792 -0.0000
vn -0.2977 -0.9547 -0.0000
vn -0.3898 -0.9209 -0.0000
vn -0.4782 -0.8783 -0.0000
vn -0.5620 -0.8272 -0.0000
vn -0.6403 -0.7681 -0.0000
vn 0.2019 -0.9794 -0.0000
vn -0.0365 -0.9993 -0.0000
vn 0.2094 -0.9778 -0.0000
vn 0.2020 -0.9794 -0.0000
vn 0.2162 -0.9763 -0.0000
vn 0.2225 -0.9749 -0.0000
vn 0.2282 -0.9736 -0.0000
vn 0.2335 -0.9724 -0.0000
vn 0.2283 -0.9736 -0.0000
vn 0.2384 -0.9712 -0.0000
vn 0.2429 -0.9700 -0.0000
vn 0.2471 -0.9690 -0.0000
vn 0.2510 -0.9680 -0.0000
vn 0.2546 -0.9670 -0.0000
vn 0.2581 -0.9661 -0.0000
vn 0.2613 -0.9653 -0.0000
vn 0.2643 -0.9644 -0.0000
vn 0.2671 -0.9637 -0.0000
vn 0.2643 -0.9645 -0.0000
vn 0.2698 -0.9629 -0.0000
vn 0.2723 -0.9622 -0.0000
vn 0.2502 -0.9682 -0.0000
vn 0.1797 -0.9837 -0.0000
vn 0.2503 -0.9682 -0.0000
vn 0.0842 -0.9964 -0.0000
vn -0.0120 -0.9999 -0.0000
vn -0.1081 -0.9941 -0.0000
vn -0.2033 -0.9791 -0.0000
vn -0.2965 -0.9550 -0.0000
vn -0.3870 -0.9221 -0.0000
vn -0.4739 -0.8806 -0.0000
vn -0.5564 -0.8309 -0.0000
vn -0.6338 -0.7735 -0.0000
vn -0.7053 -0.7089 -0.0000
vn -0.7546 -0.6562 -0.0000
vn -0.7664 -0.6423 -0.0000
vn -0.7586 -0.6515 -0.0000
vn -0.7505 -0.6609 -0.0000
vn -0.7419 -0.6705 -0.0000
vn -0.7330 -0.6802 -0.0000
vn -0.7237 -0.6901 -0.0000
vn -0.7139 -0.7002 -0.0000
vn -0.7037 -0.7105 -0.0000
vn -0.6929 -0.7210 -0.0000
vn -0.6817 -0.7316 -0.0000
vn -0.6699 -0.7424 -0.0000
vn -0.6576 -0.7533 -0.0000
vn -0.6447 -0.7644 -0.0000
vn -0.6312 -0.7756 -0.0000
vn -0.6171 -0.7869 -0.0000
vn -0.6023 -0.7983 -0.0000
vn -0.5868 -0.8097 -0.0000
vn -0.5706 -0.8212 -0.0000
vn -0.5536 -0.8328 -0.0000
vn -0.5360 -0.8442 -0.0000
vn -0.5175 -0.8557 -0.0000
vn -0.4982 -0.8671 -0.0000
vn -0.4781 -0.8783 -0.0000
vn -0.4572 -0.8894 -0.0000
vn -0.4354 -0.9002 -0.0000
vn -0.4128 -0.9108 -0.0000
vn -0.3894 -0.9211 -0.0000
vn -0.3651 -0.9310 -0.0000
vn -0.3400 -0.9404 -0.0000
vn -0.3140 -0.9494 -0.0000
vn -0.2873 -0.9578 -0.0000
vn -0.2598 -0.9657 -0.0000
vn -0.2317 -0.9728 -0.0000
vn -0.2599 -0.9656 -0.0000
vn -0.2028 -0.9792 -0.0000
vn -0.1734 -0.9849 -0.0000
vn -0.1434 -0.9897 -0.0000
vn -0.1129 -0.9936 -0.0000
vn -0.0820 -0.9966 -0.0000
vn -0.0508 -0.9987 -0.0000
vn -0.0194 -0.9998 -0.0000
vn 0.0121 -0.9999 -0.0000
vn 0.0438 -0.9990 -0.0000
vn 0.0753 -0.9972 -0.0000
vn 0.8048 -0.5935 -0.0000
vn 0.6638 -0.7479 -0.0000
vn 0.8021 -0.5972 -0.0000
vn 0.7992 -0.6010 -0.0000
vn 0.7963 -0.6049 -0.0000
vn 0.7932 -0.6090 -0.0000
vn 0.7900 -0.6131 -0.0000
vn 0.7931 -0.6090 -0.0000
vn 0.7867 -0.6173 -0.0000
vn 0.7900 -0.6132 -0.0000
vn 0.7833 -0.6217 -0.0000
vn 0.7797 -0.6261 -0.0000
vn 0.7760 -0.6307 -0.0000
vn 0.7721 -0.6355 -0.0000
vn 0.7681 -0.6404 -0.0000
vn 0.7638 -0.6454 -0.0000
vn 0.7594 -0.6506 -0.0000
vn 0.7638 -0.6455 -0.0000
vn 0.7548 -0.6560 -0.0000
vn 0.7500 -0.6615 -0.0000
vn 0.7450 -0.6671 -0.0000
vn 0.7397 -0.6729 -0.0000
vn 0.7342 -0.6789 -0.0000
vn 0.7284 -0.6851 -0.0000
vn 0.7224 -0.6915 -0.0000
vn 0.7160 -0.6981 -0.0000
vn 0.7093 -0.7049 -0.0000
vn 0.7023 -0.7119 -0.0000
vn 0.6949 -0.7191 -0.0000
vn 0.6871 -0.7266 -0.0000
vn 0.6788 -0.7343 -0.0000
vn 0.6701 -0.7422 -0.0000
vn 0.6609 -0.7504 -0.0000
vn 0.6512 -0.7589 -0.0000
vn 0.6610 -0.7504 -0.0000
vn 0.6410 -0.7675 -0.0000
vn 0.6513 -0.7588 -0.0000
vn 0.6301 -0.7765 -0.0000
vn 0.6185 -0.7858 -0.0000
vn 0.6063 -0.7952 -0.0000
vn 0.5933 -0.8050 -0.0000
vn 0.5795 -0.8150 -0.0000
vn 0.5648 -0.8252 -0.0000
vn 0.5491 -0.8357 -0.0000
vn 0.5648 -0.8253 -0.0000
vn 0.5324 -0.8465 -0.0000
vn 0.5147 -0.8574 -0.0000
vn 0.4957 -0.8685 -0.0000
vn 0.5146 -0.8574 -0.0000
vn 0.4755 -0.8797 -0.0000
vn 0.4539 -0.8911 -0.0000
vn 0.4754 -0.8797 -0.0000
vn 0.4308 -0.9024 -0.0000
vn 0.4062 -0.9138 -0.0000
vn 0.3800 -0.9250 -0.0000
vn 0.3521 -0.9360 -0.0000
vn 0.3223 -0.9466 -0.0000
vn 0.2906 -0.9568 -0.0000
vn 0.2570 -0.9664 -0.0000
vn 0.2214 -0.9752 -0.0000
vn 0.1837 -0.9830 -0.0000
vn 0.2213 -0.9752 -0.0000
vn 0.1440 -0.9896 -0.0000
vn 0.1836 -0.9830 -0.0000
vn 0.1023 -0.9948 -0.0000
vn 0.0587 -0.9983 -0.0000
vn 0.0133 -0.9999 -0.0000
vn -0.0335 -0.9994 -0.0000
vn -0.0818 -0.9966 -0.0000
vn -0.1311 -0.9914 -0.0000
vn -0.2816 -0.9595 -0.0000
vn -0.2314 -0.9729 -0.0000
vn -0.3313 -0.9435 -0.0000
vn -0.3802 -0.9249 -0.0000
vn -0.4276 -0.9039 -0.0000
vn -0.4736 -0.8808 -0.0000
vn -0.4276 -0.9040 -0.0000
vn -0.5174 -0.8557 -0.0000
vn -0.5592 -0.8290 -0.0000
vn -0.5985 -0.8011 -0.0000
vn -0.6354 -0.7722 -0.0000
vn -0.6697 -0.7426 -0.0000
vn -0.7015 -0.7126 -0.0000
vn -0.7308 -0.6826 -0.0000
vn -0.7576 -0.6527 -0.0000
vn -0.7821 -0.6231 -0.0000
vn -0.8247 -0.5656 -0.0000
vn -0.8430 -0.5379 -0.0000
vn -0.8596 -0.5110 -0.0000
vn -0.8745 -0.4851 -0.0000
vn -0.8879 -0.4599 -0.0000
vn -0.9000 -0.4358 -0.0000
vn -0.9109 -0.4126 -0.0000
vn -0.9207 -0.3903 -0.0000
vn -0.9295 -0.3689 -0.0000
vn -0.9373 -0.3485 -0.0000
vn -0.9444 -0.3288 -0.0000
vn -0.9507 -0.3101 -0.0000
vn -0.9564 -0.2922 -0.0000
vn -0.9614 -0.2750 -0.0000
vn -0.9660 -0.2586 -0.0000
vn -0.9700 -0.2431 -0.0000
vn -0.9048 -0.4258 -0.0000
vn -0.9700 -0.2432 -0.0000
vn -0.7914 -0.6113 -0.0000
vn -0.7712 -0.6366 -0.0000
vn -0.7491 -0.6625 -0.0000
vn -0.7248 -0.6890 -0.0000
vn -0.6982 -0.7159 -0.0000
vn -0.6692 -0.7431 -0.0000
vn -0.6376 -0.7704 -0.0000
vn -0.6034 -0.7975 -0.0000
vn -0.5664 -0.8241 -0.0000
vn -0.5268 -0.8500 -0.0000
vn -0.4845 -0.8748 -0.0000
vn -0.4396 -0.8982 -0.0000
vn -0.3924 -0.9198 -0.0000
vn -0.3431 -0.9393 -0.0000
vn -0.2920 -0.9564 -0.0000
vn -0.2395 -0.9709 -0.0000
vn -0.1861 -0.9825 -0.0000
vn -0.1322 -0.9912 -0.0000
vn -0.0783 -0.9969 -0.0000
vn -0.0250 -0.9997 -0.0000
vn 0.0275 -0.9996 -0.0000
vn 0.0786 -0.9969 -0.0000
vn 0.1280 -0.9918 -0.0000
vn 0.1755 -0.9845 -0.0000
vn 0.2209 -0.9753 -0.0000
vn 0.2640 -0.9645 -0.0000
vn 0.3048 -0.9524 -0.0000
vn 0.3432 -0.9393 -0.0000
vn 0.3792 -0.9253 -0.0000
vn 0.4129 -0.9108 -0.0000
vn 0.4444 -0.8958 -0.0000
vn 0.4738 -0.8806 -0.0000
vn 0.5012 -0.8653 -0.0000
vn 0.5267 -0.8501 -0.0000
vn 0.5503 -0.8349 -0.0000
vn 0.5724 -0.8200 -0.0000
vn 0.5928 -0.8053 -0.0000
vn 0.6119 -0.7909 -0.0000
vn 0.6296 -0.7769 -0.0000
vn 0.6461 -0.7632 -0.0000
vn 0.6615 -0.7500 -0.0000
vn 0.6758 -0.7371 -0.0000
vn 0.6892 -0.7246 -0.0000
vn 0.7017 -0.7125 -0.0000
vn -0.0000 -0.0000 -1.0000
vn -0.0000 0.0001 1.0000
vn -0.0000 -0.0001 1.0000
vn -0.0000 0.0002 1.0000
vn -0.0000 -0.0002 1.0000
vn -0.0000 0.0001 -1.0000
vn -0.0000 -0.0001 -1.0000
vn -0.0000 0.0002 -1.0000
vt 0.046399 0.000000
vt 0.049716 0.000000
vt 0.046430 0.000000
vt 0.106420 0.000000
vt 0.107945 0.000000
vt 0.106818 0.000000
vt 0.298454 0.000000
vt 0.298123 0.000000
vt 0.298834 0.000000
vt 0.306787 0.000000
vt 0.306962 0.000000
vt 0.307516 0.000000
vt 0.943394 0.998859
vt 0.943277 0.998858
vt 0.943396 1.000000
vt 0.774192 0.000000
vt 0.775193 0.000000
vt 0.774292 0.000000
vt 0.647859 0.998858
vt 0.647035 0.998858
vt 0.647351 1.000000
vt 0.904356 0.000000
vt 0.902660 0.000000
vt 0.904446 0.000000
vt 0.001792 0.001142
vt 0.001715 0.000000
vt 0.001715 0.001142
vt 0.150377 0.001142
vt 0.151260 0.001142
vt 0.150943 0.000000
vt 0.626016 0.001142
vt 0.626736 0.001142
vt 0.626072 0.000000
vt 0.647227 0.001142
vt 0.648431 0.001142
vt 0.648371 0.000000
vt 0.943277 0.001142
vt 0.943394 0.001142
vt 0.943396 0.000000
vt 0.458536 0.001142
vt 0.458739 0.001142
vt 0.458609 0.000000
vt 0.647034 0.001142
vt 0.647923 0.001142
vt 0.647351 0.000000
vt 0.769746 0.001142
vt 0.769902 0.001142
vt 0.769868 0.000000
vt 0.431619 0.000000
vt 0.432825 0.000000
vt 0.432133 0.000000
vt 0.426637 0.000000
vt 0.426593 0.000000
vt 0.421759 0.000000
vt 0.437222 0.000000
vt 0.438366 0.000000
vt 0.437673 0.000000
vt 0.443437 0.000000
vt 0.443213 0.000000
vt 0.442752 0.000000
vt 0.360692 0.000000
vt 0.360111 0.000000
vt 0.360007 0.000000
vt 0.365713 0.000000
vt 0.366343 0.000000
vt 0.365651 0.000000
vt 0.371198 0.000000
vt 0.371884 0.000000
vt 0.371191 0.000000
vt 0.376677 0.000000
vt 0.377424 0.000000
vt 0.376731 0.000000
vt 0.355202 0.000000
vt 0.354571 0.000000
vt 0.354515 0.000000
vt 0.382150 0.000000
vt 0.382964 0.000000
vt 0.382271 0.000000
vt 0.387618 0.000000
vt 0.388504 0.000000
vt 0.387812 0.000000
vt 0.393080 0.000000
vt 0.394044 0.000000
vt 0.393352 0.000000
vt 0.349017 0.000000
vt 0.349723 0.000000
vt 0.349030 0.000000
vt 0.398533 0.000000
vt 0.399585 0.000000
vt 0.398892 0.000000
vt 0.404495 0.000000
vt 0.404432 0.000000
vt 0.403974 0.000000
vt 0.344210 0.000000
vt 0.343490 0.000000
vt 0.343524 0.000000
vt 0.338711 0.000000
vt 0.337950 0.000000
vt 0.338023 0.000000
vt 0.409955 0.000000
vt 0.409972 0.000000
vt 0.409397 0.000000
vt 0.333205 0.000000
vt 0.332410 0.000000
vt 0.332516 0.000000
vt 0.414784 0.000000
vt 0.416205 0.000000
vt 0.415512 0.000000
vt 0.327684 0.000000
vt 0.326870 0.000000
vt 0.326993 0.000000
vt 0.420711 0.000000
vt 0.421053 0.000000
vt 0.420103 0.000000
vt 0.322134 0.000000
vt 0.321330 0.000000
vt 0.321436 0.000000
vt 0.316524 0.000000
vt 0.315789 0.000000
vt 0.315818 0.000000
vt 0.310848 0.000000
vt 0.310249 0.000000
vt 0.310136 0.000000
vt 0.498507 0.000000
vt 0.499307 0.000000
vt 0.498615 0.000000
vt 0.305160 0.000000
vt 0.304709 0.000000
vt 0.304464 0.000000
vt 0.504004 0.000000
vt 0.504848 0.000000
vt 0.504155 0.000000
vt 0.492998 0.000000
vt 0.493767 0.000000
vt 0.493075 0.000000
vt 0.510140 0.000000
vt 0.509695 0.000000
vt 0.509464 0.000000
vt 0.487494 0.000000
vt 0.488227 0.000000
vt 0.487535 0.000000
vt 0.298739 0.000000
vt 0.299861 0.000000
vt 0.299169 0.000000
vt 0.482691 0.000000
vt 0.481994 0.000000
vt 0.482005 0.000000
vt 0.454534 0.000000
vt 0.454986 0.000000
vt 0.454294 0.000000
vt 0.477196 0.000000
vt 0.476454 0.000000
vt 0.476509 0.000000
vt 0.459989 0.000000
vt 0.460526 0.000000
vt 0.459834 0.000000
vt 0.470998 0.000000
vt 0.471607 0.000000
vt 0.470914 0.000000
vt 0.465487 0.000000
vt 0.466066 0.000000
vt 0.465374 0.000000
vt 0.293793 0.000000
vt 0.293629 0.000000
vt 0.293075 0.000000
vt 0.056574 0.000000
vt 0.056094 0.000000
vt 0.055402 0.000000
vt 0.565676 0.000000
vt 0.565097 0.000000
vt 0.564988 0.000000
vt 0.570486 0.000000
vt 0.571330 0.000000
vt 0.570637 0.000000
vt 0.559479 0.000000
vt 0.560249 0.000000
vt 0.559557 0.000000
vt 0.576623 0.000000
vt 0.576177 0.000000
vt 0.575947 0.000000
vt 0.553973 0.000000
vt 0.554709 0.000000
vt 0.554017 0.000000
vt 0.062034 0.000000
vt 0.061634 0.000000
vt 0.060942 0.000000
vt 0.276883 0.000000
vt 0.277008 0.000000
vt 0.276754 0.000000
vt 0.139612 0.000000
vt 0.138504 0.000000
vt 0.138819 0.000000
vt 0.549168 0.000000
vt 0.548476 0.000000
vt 0.548482 0.000000
vt 0.134135 0.000000
vt 0.132964 0.000000
vt 0.133479 0.000000
vt 0.145070 0.000000
vt 0.144044 0.000000
vt 0.144387 0.000000
vt 0.128781 0.000000
vt 0.127424 0.000000
vt 0.127861 0.000000
vt 0.271408 0.000000
vt 0.271468 0.000000
vt 0.271200 0.000000
vt 0.067446 0.000000
vt 0.067175 0.000000
vt 0.066482 0.000000
vt 0.123376 0.000000
vt 0.121884 0.000000
vt 0.122271 0.000000
vt 0.521019 0.000000
vt 0.521468 0.000000
vt 0.520776 0.000000
vt 0.543676 0.000000
vt 0.542936 0.000000
vt 0.542988 0.000000
vt 0.265610 0.000000
vt 0.266620 0.000000
vt 0.265928 0.000000
vt 0.116723 0.000000
vt 0.117036 0.000000
vt 0.116343 0.000000
vt 0.149850 0.000000
vt 0.150277 0.000000
vt 0.149584 0.000000
vt 0.526473 0.000000
vt 0.527008 0.000000
vt 0.526316 0.000000
vt 0.260597 0.000000
vt 0.260388 0.000000
vt 0.259972 0.000000
vt 0.537480 0.000000
vt 0.538089 0.000000
vt 0.537396 0.000000
vt 0.532658 0.000000
vt 0.531856 0.000000
vt 0.531969 0.000000
vt 0.111492 0.000000
vt 0.111496 0.000000
vt 0.110803 0.000000
vt 0.156006 0.000000
vt 0.155125 0.000000
vt 0.155212 0.000000
vt 0.254522 0.000000
vt 0.255540 0.000000
vt 0.254848 0.000000
vt 0.073048 0.000000
vt 0.072715 0.000000
vt 0.072022 0.000000
vt 0.160800 0.000000
vt 0.161357 0.000000
vt 0.160665 0.000000
vt 0.106832 0.000000
vt 0.105263 0.000000
vt 0.106058 0.000000
vt 0.166184 0.000000
vt 0.166898 0.000000
vt 0.166205 0.000000
vt 0.249573 0.000000
vt 0.249307 0.000000
vt 0.249034 0.000000
vt 0.172762 0.000000
vt 0.171745 0.000000
vt 0.171616 0.000000
vt 0.078630 0.000000
vt 0.078255 0.000000
vt 0.077562 0.000000
vt 0.178321 0.000000
vt 0.177285 0.000000
vt 0.177087 0.000000
vt 0.100680 0.000000
vt 0.100416 0.000000
vt 0.099723 0.000000
vt 0.084219 0.000000
vt 0.083795 0.000000
vt 0.083102 0.000000
vt 0.244118 0.000000
vt 0.243767 0.000000
vt 0.243536 0.000000
vt 0.090512 0.000000
vt 0.088643 0.000000
vt 0.089819 0.000000
vt 0.095294 0.000000
vt 0.094875 0.000000
vt 0.094183 0.000000
vt 0.238654 0.000000
vt 0.238227 0.000000
vt 0.238034 0.000000
vt 0.188382 0.000000
vt 0.189058 0.000000
vt 0.188366 0.000000
vt 0.232530 0.000000
vt 0.233379 0.000000
vt 0.232687 0.000000
vt 0.193923 0.000000
vt 0.194598 0.000000
vt 0.193906 0.000000
vt 0.227693 0.000000
vt 0.227147 0.000000
vt 0.227025 0.000000
vt 0.199508 0.000000
vt 0.200139 0.000000
vt 0.199446 0.000000
vt 0.221521 0.000000
vt 0.222299 0.000000
vt 0.221607 0.000000
vt 0.205009 0.000000
vt 0.205679 0.000000
vt 0.204986 0.000000
vt 0.216017 0.000000
vt 0.216759 0.000000
vt 0.216066 0.000000
vt 0.211147 0.000000
vt 0.210526 0.000000
vt 0.210512 0.000000
vt 0.721301 0.000000
vt 0.720222 0.000000
vt 0.720721 0.000000
vt 0.726246 0.000000
vt 0.726454 0.000000
vt 0.725762 0.000000
vt 0.715779 0.000000
vt 0.714681 0.000000
vt 0.715203 0.000000
vt 0.731775 0.000000
vt 0.731994 0.000000
vt 0.731302 0.000000
vt 0.737866 0.000000
vt 0.736842 0.000000
vt 0.737307 0.000000
vt 0.709647 0.000000
vt 0.709834 0.000000
vt 0.709141 0.000000
vt 0.743386 0.000000
vt 0.742382 0.000000
vt 0.742844 0.000000
vt 0.748384 0.000000
vt 0.748615 0.000000
vt 0.747922 0.000000
vt 0.643528 0.000000
vt 0.643352 0.000000
vt 0.642659 0.000000
vt 0.649046 0.000000
vt 0.648892 0.000000
vt 0.648199 0.000000
vt 0.753928 0.000000
vt 0.754155 0.000000
vt 0.753463 0.000000
vt 0.638034 0.000000
vt 0.637812 0.000000
vt 0.637119 0.000000
vt 0.654592 0.000000
vt 0.654432 0.000000
vt 0.653740 0.000000
vt 0.632554 0.000000
vt 0.632271 0.000000
vt 0.631579 0.000000
vt 0.759476 0.000000
vt 0.759695 0.000000
vt 0.759003 0.000000
vt 0.660170 0.000000
vt 0.659972 0.000000
vt 0.659280 0.000000
vt 0.627625 0.000000
vt 0.626039 0.000000
vt 0.627072 0.000000
vt 0.765483 0.000000
vt 0.764543 0.000000
vt 0.765032 0.000000
vt 0.705110 0.000000
vt 0.703601 0.000000
vt 0.704458 0.000000
vt 0.902667 0.000000
vt 0.903047 0.000000
vt 0.901998 0.000000
vt 0.896569 0.000000
vt 0.898199 0.000000
vt 0.897507 0.000000
vt 0.809720 0.000000
vt 0.808864 0.000000
vt 0.809011 0.000000
vt 0.804289 0.000000
vt 0.803324 0.000000
vt 0.803444 0.000000
vt 0.891818 0.000000
vt 0.891967 0.000000
vt 0.891140 0.000000
vt 0.815142 0.000000
vt 0.814404 0.000000
vt 0.814572 0.000000
vt 0.797879 0.000000
vt 0.798476 0.000000
vt 0.797784 0.000000
vt 0.793395 0.000000
vt 0.792244 0.000000
vt 0.792328 0.000000
vt 0.665777 0.000000
vt 0.665512 0.000000
vt 0.664820 0.000000
vt 0.770602 0.000000
vt 0.770776 0.000000
vt 0.770083 0.000000
vt 0.786797 0.000000
vt 0.787396 0.000000
vt 0.786704 0.000000
vt 0.621563 0.000000
vt 0.621191 0.000000
vt 0.620499 0.000000
vt 0.820103 0.000000
vt 0.820637 0.000000
vt 0.819945 0.000000
vt 0.781289 0.000000
vt 0.781856 0.000000
vt 0.781163 0.000000
vt 0.885723 0.000000
vt 0.887119 0.000000
vt 0.886427 0.000000
vt 0.775824 0.000000
vt 0.776316 0.000000
vt 0.775623 0.000000
vt 0.907586 0.000000
vt 0.909280 0.000000
vt 0.908587 0.000000
vt 0.979418 0.000000
vt 0.980609 0.000000
vt 0.978738 0.000000
vt 0.826082 0.000000
vt 0.825485 0.000000
vt 0.825602 0.000000
vt 0.984240 0.000000
vt 0.986842 0.000000
vt 0.986150 0.000000
vt 0.671982 0.000000
vt 0.670360 0.000000
vt 0.671421 0.000000
vt 0.616440 0.000000
vt 0.614958 0.000000
vt 0.615956 0.000000
vt 0.880994 0.000000
vt 0.880886 0.000000
vt 0.880319 0.000000
vt 0.973376 0.000000
vt 0.975762 0.000000
vt 0.975069 0.000000
vt 0.831680 0.000000
vt 0.831025 0.000000
vt 0.830914 0.000000
vt 0.990508 0.000000
vt 0.991690 0.000000
vt 0.989810 0.000000
vt 0.699875 0.000000
vt 0.698061 0.000000
vt 0.699223 0.000000
vt 0.913251 0.000000
vt 0.914820 0.000000
vt 0.914127 0.000000
vt 0.836523 0.000000
vt 0.837258 0.000000
vt 0.836565 0.000000
vt 0.677144 0.000000
vt 0.676593 0.000000
vt 0.675900 0.000000
vt 0.610564 0.000000
vt 0.609418 0.000000
vt 0.610116 0.000000
vt 0.874931 0.000000
vt 0.876039 0.000000
vt 0.875346 0.000000
vt 0.967973 0.000000
vt 0.970222 0.000000
vt 0.969529 0.000000
vt 0.853563 0.000000
vt 0.853505 0.000000
vt 0.852776 0.000000
vt 0.842658 0.000000
vt 0.842105 0.000000
vt 0.841950 0.000000
vt 0.859155 0.000000
vt 0.858726 0.000000
vt 0.858465 0.000000
vt 0.848156 0.000000
vt 0.847645 0.000000
vt 0.847474 0.000000
vt 0.694682 0.000000
vt 0.692521 0.000000
vt 0.694036 0.000000
vt 0.995985 0.000000
vt 0.997230 0.000000
vt 0.995318 0.000000
vt 0.683028 0.000000
vt 0.682133 0.000000
vt 0.681440 0.000000
vt 0.864002 0.000000
vt 0.864958 0.000000
vt 0.864266 0.000000
vt 0.962857 0.000000
vt 0.964681 0.000000
vt 0.963989 0.000000
vt 0.689451 0.000000
vt 0.686981 0.000000
vt 0.688762 0.000000
vt 0.870202 0.000000
vt 0.869806 0.000000
vt 0.869519 0.000000
vt 0.919802 0.000000
vt 0.919668 0.000000
vt 0.918881 0.000000
vt 0.604066 0.000000
vt 0.604571 0.000000
vt 0.603878 0.000000
vt 0.925364 0.000000
vt 0.925208 0.000000
vt 0.924502 0.000000
vt 0.957576 0.000000
vt 0.959141 0.000000
vt 0.958449 0.000000
vt 0.599145 0.000000
vt 0.598338 0.000000
vt 0.598445 0.000000
vt 0.930917 0.000000
vt 0.930748 0.000000
vt 0.930116 0.000000
vt 0.952213 0.000000
vt 0.953601 0.000000
vt 0.952909 0.000000
vt 0.593544 0.000000
vt 0.592798 0.000000
vt 0.592844 0.000000
vt 0.587226 0.000000
vt 0.587950 0.000000
vt 0.587258 0.000000
vt 0.936460 0.000000
vt 0.936288 0.000000
vt 0.935711 0.000000
vt 0.946783 0.000000
vt 0.948061 0.000000
vt 0.947368 0.000000
vt 0.941980 0.000000
vt 0.941828 0.000000
vt 0.941271 0.000000
vt 0.499999 1.000000
vt 0.484848 0.998858
vt 0.484849 1.000000
vt 0.378788 1.000000
vt 0.363636 0.998858
vt 0.363636 1.000000
vt 0.257576 1.000000
vt 0.242424 0.998858
vt 0.242423 1.000000
vt 0.121212 1.000000
vt 0.136364 0.998858
vt 0.121212 0.998858
vt 0.606063 1.000000
vt 0.621212 0.998858
vt 0.606061 0.998858
vt 0.727274 1.000000
vt 0.742424 0.998858
vt 0.727273 0.998858
vt 0.848486 1.000000
vt 0.863636 0.998858
vt 0.848485 0.998858
vt 0.000059 1.000000
vt 0.015152 0.998858
vt 0.000000 0.998858
vt 0.984848 0.998858
vt 0.999941 1.000000
vt 1.000000 0.998859
vt 0.969697 1.000000
vt 0.969697 0.998858
vt 0.428670 0.000000
vt 0.428780 0.000000
vt 0.428066 0.000000
vt 0.434903 0.000000
vt 0.433729 0.000000
vt 0.434211 0.000000
vt 0.440443 0.000000
vt 0.439305 0.000000
vt 0.439751 0.000000
vt 0.445983 0.000000
vt 0.444792 0.000000
vt 0.445291 0.000000
vt 0.362881 0.000000
vt 0.362063 0.000000
vt 0.362188 0.000000
vt 0.368421 0.000000
vt 0.367338 0.000000
vt 0.367729 0.000000
vt 0.373961 0.000000
vt 0.372853 0.000000
vt 0.373269 0.000000
vt 0.357341 0.000000
vt 0.356576 0.000000
vt 0.356648 0.000000
vt 0.379501 0.000000
vt 0.378367 0.000000
vt 0.378809 0.000000
vt 0.385042 0.000000
vt 0.383879 0.000000
vt 0.384349 0.000000
vt 0.389889 0.000000
vt 0.390350 0.000000
vt 0.389387 0.000000
vt 0.351108 0.000000
vt 0.351767 0.000000
vt 0.351079 0.000000
vt 0.396122 0.000000
vt 0.394891 0.000000
vt 0.395429 0.000000
vt 0.401662 0.000000
vt 0.400385 0.000000
vt 0.400970 0.000000
vt 0.345568 0.000000
vt 0.346269 0.000000
vt 0.345583 0.000000
vt 0.406510 0.000000
vt 0.406688 0.000000
vt 0.405863 0.000000
vt 0.340720 0.000000
vt 0.340088 0.000000
vt 0.340028 0.000000
vt 0.412050 0.000000
vt 0.412096 0.000000
vt 0.411314 0.000000
vt 0.334488 0.000000
vt 0.335271 0.000000
vt 0.334582 0.000000
vt 0.329640 0.000000
vt 0.329067 0.000000
vt 0.328947 0.000000
vt 0.417590 0.000000
vt 0.417456 0.000000
vt 0.416717 0.000000
vt 0.323407 0.000000
vt 0.324220 0.000000
vt 0.323525 0.000000
vt 0.423130 0.000000
vt 0.422711 0.000000
vt 0.422023 0.000000
vt 0.318560 0.000000
vt 0.317934 0.000000
vt 0.317867 0.000000
vt 0.312327 0.000000
vt 0.312981 0.000000
vt 0.312271 0.000000
vt 0.306961 0.000000
vt 0.306659 0.000000
vt 0.500693 0.000000
vt 0.501258 0.000000
vt 0.500571 0.000000
vt 0.495152 0.000000
vt 0.495752 0.000000
vt 0.495064 0.000000
vt 0.506233 0.000000
vt 0.506743 0.000000
vt 0.506059 0.000000
vt 0.490305 0.000000
vt 0.489557 0.000000
vt 0.489612 0.000000
vt 0.634648 0.001142
vt 0.632933 0.000000
vt 0.632933 0.001142
vt 0.003431 0.000000
vt 0.511773 0.000000
vt 0.512144 0.000000
vt 0.511482 0.000000
vt 0.484765 0.000000
vt 0.484063 0.000000
vt 0.484072 0.000000
vt 0.451524 0.000000
vt 0.451237 0.000000
vt 0.450831 0.000000
vt 0.478532 0.000000
vt 0.479259 0.000000
vt 0.478572 0.000000
vt 0.457064 0.000000
vt 0.456570 0.000000
vt 0.456371 0.000000
vt 0.472992 0.000000
vt 0.473754 0.000000
vt 0.473065 0.000000
vt 0.461911 0.000000
vt 0.462736 0.000000
vt 0.462048 0.000000
vt 0.467452 0.000000
vt 0.468242 0.000000
vt 0.467553 0.000000
vt 0.017153 0.001142
vt 0.015437 0.000000
vt 0.015437 0.001142
vt 0.567867 0.000000
vt 0.567052 0.000000
vt 0.567174 0.000000
vt 0.562327 0.000000
vt 0.561545 0.000000
vt 0.561634 0.000000
vt 0.029160 0.001142
vt 0.030875 0.000000
vt 0.029160 0.000000
vt 0.573407 0.000000
vt 0.572542 0.000000
vt 0.572715 0.000000
vt 0.556787 0.000000
vt 0.556036 0.000000
vt 0.556094 0.000000
vt 0.578255 0.000000
vt 0.578628 0.000000
vt 0.577965 0.000000
vt 0.578045 0.001142
vt 0.579760 0.000000
vt 0.578045 0.000000
vt 0.551247 0.000000
vt 0.550540 0.000000
vt 0.550554 0.000000
vt 0.236707 0.001142
vt 0.234992 0.000000
vt 0.234991 0.001142
vt 0.221269 0.001142
vt 0.222990 0.000000
vt 0.221265 0.000000
vt 0.044597 0.001142
vt 0.042882 0.000000
vt 0.042882 0.001142
vt 0.566038 0.001142
vt 0.564319 0.000000
vt 0.564322 0.001142
vt 0.518006 0.000000
vt 0.517728 0.000000
vt 0.517313 0.000000
vt 0.209262 0.001142
vt 0.207549 0.000000
vt 0.207547 0.001142
vt 0.250429 0.001142
vt 0.248714 0.000000
vt 0.248714 0.001142
vt 0.193825 0.001142
vt 0.195537 0.000000
vt 0.193828 0.000000
vt 0.545014 0.000000
vt 0.545737 0.000000
vt 0.545050 0.000000
vt 0.552316 0.001142
vt 0.550598 0.000000
vt 0.550600 0.001142
vt 0.181818 0.001142
vt 0.180107 0.000000
vt 0.180103 0.001142
vt 0.058319 0.001142
vt 0.056603 0.000000
vt 0.056604 0.001142
vt 0.523546 0.000000
vt 0.523055 0.000000
vt 0.522853 0.000000
vt 0.538593 0.001142
vt 0.536876 0.000000
vt 0.536878 0.001142
vt 0.540166 0.000000
vt 0.539546 0.000000
vt 0.539474 0.000000
vt 0.262436 0.001142
vt 0.264151 0.000000
vt 0.262435 0.000000
vt 0.168096 0.001142
vt 0.166381 0.000000
vt 0.166381 0.001142
vt 0.529086 0.000000
vt 0.528532 0.000000
vt 0.528393 0.000000
vt 0.524871 0.001142
vt 0.523153 0.000000
vt 0.523156 0.001142
vt 0.534626 0.000000
vt 0.534035 0.000000
vt 0.533934 0.000000
vt 0.277873 0.001142
vt 0.276154 0.000000
vt 0.276158 0.001142
vt 0.152659 0.001142
vt 0.154374 0.000000
vt 0.152651 0.000000
vt 0.511149 0.001142
vt 0.509431 0.000000
vt 0.509434 0.001142
vt 0.289880 0.001142
vt 0.291593 0.000000
vt 0.289882 0.000000
vt 0.072041 0.001142
vt 0.070326 0.000000
vt 0.070326 0.001142
vt 0.303602 0.001142
vt 0.305314 0.000000
vt 0.303605 0.000000
vt 0.317324 0.001142
vt 0.319039 0.000000
vt 0.317328 0.000000
vt 0.138937 0.001142
vt 0.140652 0.000000
vt 0.138937 0.000000
vt 0.497427 0.001142
vt 0.495709 0.000000
vt 0.495712 0.001142
vt 0.085763 0.001142
vt 0.084048 0.000000
vt 0.084048 0.001142
vt 0.125214 0.001142
vt 0.126930 0.000000
vt 0.125214 0.000000
vt 0.097770 0.001142
vt 0.099485 0.000000
vt 0.097770 0.000000
vt 0.111492 0.001142
vt 0.113208 0.000000
vt 0.111492 0.000000
vt 0.483705 0.001142
vt 0.481988 0.000000
vt 0.481990 0.001142
vt 0.469983 0.001142
vt 0.468266 0.000000
vt 0.468268 0.001142
vt 0.456261 0.001142
vt 0.454544 0.000000
vt 0.454545 0.001142
vt 0.373928 0.001142
vt 0.372210 0.000000
vt 0.372213 0.001142
vt 0.442539 0.001142
vt 0.440823 0.000000
vt 0.440823 0.001142
vt 0.385935 0.001142
vt 0.387653 0.000000
vt 0.385932 0.000000
vt 0.427101 0.001142
vt 0.428817 0.000000
vt 0.427100 0.000000
vt 0.399657 0.001142
vt 0.401374 0.000000
vt 0.399655 0.000000
vt 0.413379 0.001142
vt 0.415096 0.000000
vt 0.413377 0.000000
vt 0.722299 0.000000
vt 0.723484 0.000000
vt 0.722682 0.000000
vt 0.717452 0.000000
vt 0.717159 0.000000
vt 0.716759 0.000000
vt 0.727839 0.000000
vt 0.729010 0.000000
vt 0.728204 0.000000
vt 0.733379 0.000000
vt 0.734541 0.000000
vt 0.733725 0.000000
vt 0.711219 0.000000
vt 0.712370 0.000000
vt 0.711686 0.000000
vt 0.739612 0.000000
vt 0.739245 0.000000
vt 0.738920 0.000000
vt 0.745152 0.000000
vt 0.744766 0.000000
vt 0.744460 0.000000
vt 0.750693 0.000000
vt 0.750288 0.000000
vt 0.750000 0.000000
vt 0.644737 0.000000
vt 0.646284 0.000000
vt 0.645526 0.000000
vt 0.639197 0.000000
vt 0.640778 0.000000
vt 0.640013 0.000000
vt 0.650970 0.000000
vt 0.651055 0.000000
vt 0.650277 0.000000
vt 0.706371 0.000000
vt 0.706404 0.000000
vt 0.705679 0.000000
vt 0.756233 0.000000
vt 0.755810 0.000000
vt 0.755540 0.000000
vt 0.633657 0.000000
vt 0.635293 0.000000
vt 0.634510 0.000000
vt 0.656510 0.000000
vt 0.656605 0.000000
vt 0.655817 0.000000
vt 0.761080 0.000000
vt 0.762253 0.000000
vt 0.761334 0.000000
vt 0.628116 0.000000
vt 0.629814 0.000000
vt 0.629004 0.000000
vt 0.662050 0.000000
vt 0.662173 0.000000
vt 0.661357 0.000000
vt 0.899584 0.000000
vt 0.899287 0.000000
vt 0.898607 0.000000
vt 0.766621 0.000000
vt 0.767815 0.000000
vt 0.766867 0.000000
vt 0.894044 0.000000
vt 0.893854 0.000000
vt 0.893175 0.000000
vt 0.623269 0.000000
vt 0.623473 0.000000
vt 0.622576 0.000000
vt 0.811634 0.000000
vt 0.811076 0.000000
vt 0.810942 0.000000
vt 0.805402 0.000000
vt 0.806227 0.000000
vt 0.805648 0.000000
vt 0.800554 0.000000
vt 0.800208 0.000000
vt 0.799861 0.000000
vt 0.816482 0.000000
vt 0.817261 0.000000
vt 0.816515 0.000000
vt 0.905125 0.000000
vt 0.904706 0.000000
vt 0.904377 0.000000
vt 0.794321 0.000000
vt 0.795102 0.000000
vt 0.794759 0.000000
vt 0.789474 0.000000
vt 0.789301 0.000000
vt 0.788781 0.000000
vt 0.889197 0.000000
vt 0.887753 0.000000
vt 0.888504 0.000000
vt 0.783934 0.000000
vt 0.783842 0.000000
vt 0.783241 0.000000
vt 0.667590 0.000000
vt 0.667767 0.000000
vt 0.666898 0.000000
vt 0.772161 0.000000
vt 0.773403 0.000000
vt 0.772418 0.000000
vt 0.822715 0.000000
vt 0.822067 0.000000
vt 0.822022 0.000000
vt 0.778393 0.000000
vt 0.778395 0.000000
vt 0.777701 0.000000
vt 0.617036 0.000000
vt 0.618779 0.000000
vt 0.617867 0.000000
vt 0.982687 0.000000
vt 0.981475 0.000000
vt 0.980786 0.000000
vt 0.883657 0.000000
vt 0.882344 0.000000
vt 0.882964 0.000000
vt 0.700139 0.000000
vt 0.701840 0.000000
vt 0.701183 0.000000
vt 0.977839 0.000000
vt 0.975371 0.000000
vt 0.977147 0.000000
vt 0.988227 0.000000
vt 0.987025 0.000000
vt 0.986327 0.000000
vt 0.828255 0.000000
vt 0.827560 0.000000
vt 0.827562 0.000000
vt 0.215232 0.001142
vt 0.216887 0.000000
vt 0.215238 0.000000
vt 0.784768 0.001142
vt 0.786421 0.000000
vt 0.784774 0.000000
vt 0.069536 0.001142
vt 0.071195 0.000000
vt 0.069533 0.000000
vt 0.600993 0.001142
vt 0.599331 0.000000
vt 0.599338 0.001142
vt 0.932119 0.001142
vt 0.930464 0.000000
vt 0.930464 0.001142
vt 0.705298 0.001142
vt 0.706954 0.000000
vt 0.705298 0.000000
vt 0.983444 0.001142
vt 0.985099 0.000000
vt 0.983444 0.000000
vt 0.612583 0.001142
vt 0.614238 0.000000
vt 0.612583 0.000000
vt 0.652318 0.001142
vt 0.653974 0.000000
vt 0.652318 0.000000
vt 0.268212 0.001142
vt 0.269868 0.000000
vt 0.268212 0.000000
vt 0.625828 0.001142
vt 0.627483 0.000000
vt 0.625828 0.000000
vt 0.230132 0.001142
vt 0.228477 0.000000
vt 0.228477 0.001142
vt 0.798013 0.001142
vt 0.799666 0.000000
vt 0.798016 0.000000
vt 0.640728 0.001142
vt 0.639073 0.000000
vt 0.639073 0.001142
vt 0.665563 0.001142
vt 0.667219 0.000000
vt 0.665563 0.000000
vt 0.917219 0.001142
vt 0.918872 0.000000
vt 0.917221 0.000000
vt 0.057947 0.001142
vt 0.056290 0.000000
vt 0.056291 0.001142
vt 0.693709 0.001142
vt 0.692053 0.000000
vt 0.692053 0.001142
vt 0.254967 0.001142
vt 0.256623 0.000000
vt 0.254967 0.000000
vt 0.243377 0.001142
vt 0.241722 0.000000
vt 0.241722 0.001142
vt 0.678808 0.001142
vt 0.680464 0.000000
vt 0.678808 0.000000
vt 0.811258 0.001142
vt 0.812911 0.000000
vt 0.811261 0.000000
vt 0.996689 0.001142
vt 0.995546 0.000000
vt 0.996971 0.000000
vt 0.903974 0.001142
vt 0.905627 0.000000
vt 0.903976 0.000000
vt 0.043046 0.001142
vt 0.044702 0.000000
vt 0.043046 0.000000
vt 0.826159 0.001142
vt 0.824506 0.000000
vt 0.824503 0.001142
vt 0.890728 0.001142
vt 0.892384 0.000000
vt 0.890729 0.000000
vt 0.029801 0.001142
vt 0.031457 0.000000
vt 0.029801 0.000000
vt 0.003311 0.001142
vt 0.004967 0.000000
vt 0.003312 0.000000
vt 0.839404 0.001142
vt 0.837751 0.000000
vt 0.837748 0.001142
vt 0.016556 0.001142
vt 0.018212 0.000000
vt 0.016556 0.000000
vt 0.879139 0.001142
vt 0.877484 0.000000
vt 0.877483 0.001142
vt 0.852649 0.001142
vt 0.850994 0.000000
vt 0.850993 0.001142
vt 0.864238 0.001142
vt 0.865894 0.000000
vt 0.864239 0.000000
vt 0.409091 0.001142
vt 0.424242 0.000000
vt 0.409091 0.000000
vt 0.287879 0.001142
vt 0.303030 0.000000
vt 0.287878 0.000000
vt 0.166667 0.001142
vt 0.181818 0.000000
vt 0.166666 0.000000
vt 0.060606 0.001142
vt 0.045454 0.000000
vt 0.045455 0.001142
vt 0.530303 0.001142
vt 0.545455 0.000000
vt 0.530317 0.000000
vt 0.651515 0.001142
vt 0.666666 0.000000
vt 0.651515 0.000000
vt 0.787879 0.001142
vt 0.772727 0.000000
vt 0.772727 0.001142
vt 0.909091 0.001142
vt 0.893939 0.000000
vt 0.893939 0.001142
vt 0.432324 0.000000
vt 0.433518 0.000000
vt 0.427349 0.000000
vt 0.427285 0.000000
vt 0.438612 0.000000
vt 0.437917 0.000000
vt 0.444116 0.000000
vt 0.443906 0.000000
vt 0.361378 0.000000
vt 0.360803 0.000000
vt 0.367085 0.000000
vt 0.365959 0.000000
vt 0.372568 0.000000
vt 0.371475 0.000000
vt 0.378045 0.000000
vt 0.376989 0.000000
vt 0.355889 0.000000
vt 0.355263 0.000000
vt 0.383518 0.000000
vt 0.382501 0.000000
vt 0.388985 0.000000
vt 0.388010 0.000000
vt 0.394444 0.000000
vt 0.393515 0.000000
vt 0.349705 0.000000
vt 0.350415 0.000000
vt 0.399895 0.000000
vt 0.399012 0.000000
vt 0.405332 0.000000
vt 0.405125 0.000000
vt 0.344896 0.000000
vt 0.344183 0.000000
vt 0.339335 0.000000
vt 0.338643 0.000000
vt 0.410747 0.000000
vt 0.410665 0.000000
vt 0.333894 0.000000
vt 0.333102 0.000000
vt 0.416122 0.000000
vt 0.415373 0.000000
vt 0.328376 0.000000
vt 0.327562 0.000000
vt 0.421414 0.000000
vt 0.421745 0.000000
vt 0.322830 0.000000
vt 0.322022 0.000000
vt 0.317230 0.000000
vt 0.316482 0.000000
vt 0.311634 0.000000
vt 0.310942 0.000000
vt 0.305853 0.000000
vt 0.305402 0.000000
vt 0.499883 0.000000
vt 0.499195 0.000000
vt 0.504690 0.000000
vt 0.505540 0.000000
vt 0.493687 0.000000
vt 0.494460 0.000000
vt 0.510813 0.000000
vt 0.510388 0.000000
vt 0.488182 0.000000
vt 0.488920 0.000000
vt 0.300259 0.000000
vt 0.299552 0.000000
vt 0.515235 0.000000
vt 0.453261 0.000000
vt 0.449446 0.000000
vt 0.450671 0.000000
vt 0.483377 0.000000
vt 0.482687 0.000000
vt 0.455211 0.000000
vt 0.455679 0.000000
vt 0.477884 0.000000
vt 0.477147 0.000000
vt 0.052523 0.000000
vt 0.049861 0.000000
vt 0.051191 0.000000
vt 0.460675 0.000000
vt 0.461219 0.000000
vt 0.294502 0.000000
vt 0.294321 0.000000
vt 0.471687 0.000000
vt 0.472299 0.000000
vt 0.466864 0.000000
vt 0.466176 0.000000
vt 0.288927 0.000000
vt 0.288089 0.000000
vt 0.287528 0.000000
vt 0.057253 0.000000
vt 0.056787 0.000000
vt 0.566482 0.000000
vt 0.565789 0.000000
vt 0.560856 0.000000
vt 0.560167 0.000000
vt 0.571857 0.000000
vt 0.571172 0.000000
vt 0.554660 0.000000
vt 0.555402 0.000000
vt 0.577296 0.000000
vt 0.576870 0.000000
vt 0.278393 0.000000
vt 0.277701 0.000000
vt 0.062720 0.000000
vt 0.062327 0.000000
vt 0.549861 0.000000
vt 0.549169 0.000000
vt 0.581717 0.000000
vt 0.519766 0.000000
vt 0.515928 0.000000
vt 0.140294 0.000000
vt 0.139197 0.000000
vt 0.516621 0.000000
vt 0.134349 0.000000
vt 0.133657 0.000000
vt 0.145429 0.000000
vt 0.144737 0.000000
vt 0.129264 0.000000
vt 0.128116 0.000000
vt 0.272591 0.000000
vt 0.272161 0.000000
vt 0.123269 0.000000
vt 0.122576 0.000000
vt 0.068809 0.000000
vt 0.068126 0.000000
vt 0.544363 0.000000
vt 0.543629 0.000000
vt 0.521696 0.000000
vt 0.522161 0.000000
vt 0.267012 0.000000
vt 0.265974 0.000000
vt 0.117931 0.000000
vt 0.117729 0.000000
vt 0.151054 0.000000
vt 0.150701 0.000000
vt 0.261773 0.000000
vt 0.261080 0.000000
vt 0.538857 0.000000
vt 0.538168 0.000000
vt 0.527844 0.000000
vt 0.527158 0.000000
vt 0.112171 0.000000
vt 0.112188 0.000000
vt 0.533241 0.000000
vt 0.532548 0.000000
vt 0.255892 0.000000
vt 0.255015 0.000000
vt 0.156510 0.000000
vt 0.155817 0.000000
vt 0.073746 0.000000
vt 0.073407 0.000000
vt 0.105956 0.000000
vt 0.162142 0.000000
vt 0.161542 0.000000
vt 0.250693 0.000000
vt 0.250000 0.000000
vt 0.167170 0.000000
vt 0.167590 0.000000
vt 0.172981 0.000000
vt 0.172438 0.000000
vt 0.080024 0.000000
vt 0.079327 0.000000
vt 0.102110 0.000000
vt 0.101355 0.000000
vt 0.245152 0.000000
vt 0.244460 0.000000
vt 0.178459 0.000000
vt 0.177978 0.000000
vt 0.084922 0.000000
vt 0.084488 0.000000
vt 0.095970 0.000000
vt 0.095568 0.000000
vt 0.090028 0.000000
vt 0.089335 0.000000
vt 0.184239 0.000000
vt 0.182825 0.000000
vt 0.182594 0.000000
vt 0.239612 0.000000
vt 0.238920 0.000000
vt 0.189407 0.000000
vt 0.189751 0.000000
vt 0.233180 0.000000
vt 0.234072 0.000000
vt 0.194605 0.000000
vt 0.195291 0.000000
vt 0.228532 0.000000
vt 0.227839 0.000000
vt 0.200883 0.000000
vt 0.200065 0.000000
vt 0.222192 0.000000
vt 0.222992 0.000000
vt 0.206385 0.000000
vt 0.205608 0.000000
vt 0.217393 0.000000
vt 0.216676 0.000000
vt 0.211888 0.000000
vt 0.211219 0.000000
vt 0.721607 0.000000
vt 0.720914 0.000000
vt 0.727628 0.000000
vt 0.726824 0.000000
vt 0.716066 0.000000
vt 0.715374 0.000000
vt 0.732345 0.000000
vt 0.732687 0.000000
vt 0.710324 0.000000
vt 0.710526 0.000000
vt 0.738691 0.000000
vt 0.737535 0.000000
vt 0.743767 0.000000
vt 0.743075 0.000000
vt 0.748907 0.000000
vt 0.749307 0.000000
vt 0.644905 0.000000
vt 0.644146 0.000000
vt 0.639406 0.000000
vt 0.638637 0.000000
vt 0.650431 0.000000
vt 0.649671 0.000000
vt 0.754429 0.000000
vt 0.754848 0.000000
vt 0.633922 0.000000
vt 0.633135 0.000000
vt 0.655215 0.000000
vt 0.655125 0.000000
vt 0.759953 0.000000
vt 0.760388 0.000000
vt 0.705760 0.000000
vt 0.704294 0.000000
vt 0.628444 0.000000
vt 0.626731 0.000000
vt 0.660780 0.000000
vt 0.660665 0.000000
vt 0.765928 0.000000
vt 0.765235 0.000000
vt 0.903740 0.000000
vt 0.897249 0.000000
vt 0.898892 0.000000
vt 0.893352 0.000000
vt 0.892659 0.000000
vt 0.810249 0.000000
vt 0.809557 0.000000
vt 0.804836 0.000000
vt 0.804017 0.000000
vt 0.815789 0.000000
vt 0.815097 0.000000
vt 0.798847 0.000000
vt 0.799169 0.000000
vt 0.622946 0.000000
vt 0.622082 0.000000
vt 0.793714 0.000000
vt 0.792936 0.000000
vt 0.666367 0.000000
vt 0.666205 0.000000
vt 0.788178 0.000000
vt 0.787936 0.000000
vt 0.771028 0.000000
vt 0.771468 0.000000
vt 0.821378 0.000000
vt 0.820602 0.000000
vt 0.782478 0.000000
vt 0.782548 0.000000
vt 0.886399 0.000000
vt 0.887812 0.000000
vt 0.777185 0.000000
vt 0.777038 0.000000
vt 0.980101 0.000000
vt 0.981302 0.000000
vt 0.616343 0.000000
vt 0.615651 0.000000
vt 0.826871 0.000000
vt 0.826177 0.000000
vt 0.984934 0.000000
vt 0.987535 0.000000
vt 0.672767 0.000000
vt 0.671053 0.000000
vt 0.908642 0.000000
vt 0.909972 0.000000
vt 0.882271 0.000000
vt 0.881579 0.000000
vt 0.974039 0.000000
vt 0.976454 0.000000
vt 0.700530 0.000000
vt 0.698753 0.000000
vt 0.832410 0.000000
vt 0.831717 0.000000
vt 0.991202 0.000000
vt 0.992382 0.000000
vt 0.610803 0.000000
vt 0.610111 0.000000
vt 0.875604 0.000000
vt 0.876731 0.000000
vt 0.968801 0.000000
vt 0.970914 0.000000
vt 0.837880 0.000000
vt 0.837155 0.000000
vt 0.677892 0.000000
vt 0.677285 0.000000
vt 0.914235 0.000000
vt 0.915512 0.000000
vt 0.854571 0.000000
vt 0.853878 0.000000
vt 0.843367 0.000000
vt 0.842798 0.000000
vt 0.860111 0.000000
vt 0.859418 0.000000
vt 0.849030 0.000000
vt 0.848338 0.000000
vt 0.695329 0.000000
vt 0.693213 0.000000
vt 0.963583 0.000000
vt 0.965374 0.000000
vt 0.683760 0.000000
vt 0.682826 0.000000
vt 0.870884 0.000000
vt 0.870499 0.000000
vt 0.865413 0.000000
vt 0.864697 0.000000
vt 0.690123 0.000000
vt 0.687673 0.000000
vt 0.996637 0.000000
vt 0.997922 0.000000
vt 0.604772 0.000000
vt 0.605263 0.000000
vt 0.921053 0.000000
vt 0.920360 0.000000
vt 1.000000 0.000000
vt 0.587396 0.000000
vt 0.582410 0.000000
vt 0.958907 0.000000
vt 0.958283 0.000000
vt 0.599847 0.000000
vt 0.599030 0.000000
vt 0.583013 0.000000
vt 0.926593 0.000000
vt 0.925900 0.000000
vt 0.952901 0.000000
vt 0.954294 0.000000
vt 0.932133 0.000000
vt 0.931440 0.000000
vt 0.594183 0.000000
vt 0.593490 0.000000
vt 0.588635 0.000000
vt 0.587930 0.000000
vt 0.937673 0.000000
vt 0.936981 0.000000
vt 0.948145 0.000000
vt 0.947466 0.000000
vt 0.943213 0.000000
vt 0.942521 0.000000
vt 0.393939 0.998858
vt 0.378788 0.998858
vt 0.515152 0.998858
vt 0.500000 0.998858
vt 0.272727 0.998858
vt 0.257576 0.998858
vt 0.136365 1.000000
vt 0.151515 0.998858
vt 0.030318 1.000000
vt 0.015137 1.000000
vt 0.636365 1.000000
vt 0.621210 1.000000
vt 0.757576 1.000000
vt 0.742423 1.000000
vt 0.878788 1.000000
vt 0.863636 1.000000
vt 0.430055 0.000000
vt 0.429363 0.000000
vt 0.435596 0.000000
vt 0.434430 0.000000
vt 0.440688 0.000000
vt 0.439997 0.000000
vt 0.446676 0.000000
vt 0.445458 0.000000
vt 0.363573 0.000000
vt 0.362748 0.000000
vt 0.368717 0.000000
vt 0.368456 0.000000
vt 0.358033 0.000000
vt 0.357262 0.000000
vt 0.374654 0.000000
vt 0.373938 0.000000
vt 0.379745 0.000000
vt 0.379414 0.000000
vt 0.385256 0.000000
vt 0.384885 0.000000
vt 0.352493 0.000000
vt 0.351801 0.000000
vt 0.391274 0.000000
vt 0.390582 0.000000
vt 0.396265 0.000000
vt 0.395807 0.000000
vt 0.402355 0.000000
vt 0.401255 0.000000
vt 0.346953 0.000000
vt 0.346260 0.000000
vt 0.407202 0.000000
vt 0.407229 0.000000
vt 0.341488 0.000000
vt 0.340777 0.000000
vt 0.335180 0.000000
vt 0.335959 0.000000
vt 0.413435 0.000000
vt 0.412742 0.000000
vt 0.330447 0.000000
vt 0.329758 0.000000
vt 0.418975 0.000000
vt 0.418283 0.000000
vt 0.324100 0.000000
vt 0.324914 0.000000
vt 0.424515 0.000000
vt 0.423823 0.000000
vt 0.319338 0.000000
vt 0.318637 0.000000
vt 0.313019 0.000000
vt 0.313692 0.000000
vt 0.502078 0.000000
vt 0.501385 0.000000
vt 0.496537 0.000000
vt 0.495845 0.000000
vt 0.507618 0.000000
vt 0.506925 0.000000
vt 0.490933 0.000000
vt 0.490244 0.000000
vt 0.636364 0.001142
vt 0.634649 0.000000
vt 0.512465 0.000000
vt 0.512796 0.000000
vt 0.485457 0.000000
vt 0.484749 0.000000
vt 0.452216 0.000000
vt 0.451871 0.000000
vt 0.619211 0.001142
vt 0.622642 0.000000
vt 0.619211 0.000000
vt 0.479224 0.000000
vt 0.479946 0.000000
vt 0.457935 0.000000
vt 0.457252 0.000000
vt 0.474377 0.000000
vt 0.473684 0.000000
vt 0.463296 0.000000
vt 0.462604 0.000000
vt 0.468837 0.000000
vt 0.468144 0.000000
vt 0.018868 0.001142
vt 0.017153 0.000000
vt 0.568560 0.000000
vt 0.567740 0.000000
vt 0.563019 0.000000
vt 0.562234 0.000000
vt 0.595197 0.001142
vt 0.591767 0.000000
vt 0.591767 0.001142
vt 0.573907 0.000000
vt 0.573225 0.000000
vt 0.557479 0.000000
vt 0.556724 0.000000
vt 0.030875 0.001142
vt 0.032590 0.000000
vt 0.578947 0.000000
vt 0.579281 0.000000
vt 0.551939 0.000000
vt 0.551226 0.000000
vt 0.224700 0.001142
vt 0.222985 0.001142
vt 0.238422 0.000000
vt 0.236707 0.000000
vt 0.046305 0.000000
vt 0.044597 0.000000
vt 0.567753 0.000000
vt 0.566041 0.000000
vt 0.210979 0.000000
vt 0.209260 0.000000
vt 0.518698 0.000000
vt 0.518360 0.000000
vt 0.545706 0.000000
vt 0.546424 0.000000
vt 0.195540 0.001142
vt 0.197259 0.000000
vt 0.252144 0.000000
vt 0.250429 0.000000
vt 0.554028 0.000000
vt 0.552319 0.000000
vt 0.183537 0.000000
vt 0.181818 0.000000
vt 0.524238 0.000000
vt 0.523737 0.000000
vt 0.540923 0.000000
vt 0.540235 0.000000
vt 0.060034 0.001142
vt 0.058319 0.000000
vt 0.540306 0.000000
vt 0.538596 0.000000
vt 0.264151 0.001142
vt 0.265866 0.000000
vt 0.529778 0.000000
vt 0.529218 0.000000
vt 0.526461 0.000000
vt 0.524871 0.000000
vt 0.535319 0.000000
vt 0.534724 0.000000
vt 0.154374 0.001142
vt 0.156089 0.000000
vt 0.279588 0.001142
vt 0.277876 0.000000
vt 0.512861 0.000000
vt 0.511152 0.000000
vt 0.293310 0.001142
vt 0.291595 0.001142
vt 0.073756 0.001142
vt 0.073940 0.000000
vt 0.307033 0.001142
vt 0.305317 0.001142
vt 0.142367 0.001142
vt 0.140652 0.001142
vt 0.319039 0.001142
vt 0.320755 0.000000
vt 0.499140 0.000000
vt 0.497430 0.000000
vt 0.087479 0.001142
vt 0.085763 0.000000
vt 0.128645 0.001142
vt 0.126930 0.001142
vt 0.101201 0.001142
vt 0.099485 0.001142
vt 0.114923 0.001142
vt 0.113208 0.001142
vt 0.485418 0.000000
vt 0.483707 0.000000
vt 0.471696 0.000000
vt 0.469985 0.000000
vt 0.457975 0.000000
vt 0.456262 0.000000
vt 0.375640 0.000000
vt 0.373931 0.000000
vt 0.444254 0.001142
vt 0.442539 0.000000
vt 0.389365 0.001142
vt 0.387650 0.001142
vt 0.430532 0.001142
vt 0.428816 0.001142
vt 0.401372 0.001142
vt 0.403085 0.000000
vt 0.416810 0.001142
vt 0.415094 0.001142
vt 0.723684 0.000000
vt 0.722992 0.000000
vt 0.718541 0.000000
vt 0.717962 0.000000
vt 0.729224 0.000000
vt 0.728532 0.000000
vt 0.712604 0.000000
vt 0.711911 0.000000
vt 0.734072 0.000000
vt 0.735106 0.000000
vt 0.740305 0.000000
vt 0.740075 0.000000
vt 0.745845 0.000000
vt 0.745614 0.000000
vt 0.707064 0.000000
vt 0.707047 0.000000
vt 0.751668 0.000000
vt 0.751155 0.000000
vt 0.645429 0.000000
vt 0.646906 0.000000
vt 0.639889 0.000000
vt 0.641390 0.000000
vt 0.652440 0.000000
vt 0.651815 0.000000
vt 0.634349 0.000000
vt 0.635885 0.000000
vt 0.756925 0.000000
vt 0.756702 0.000000
vt 0.657202 0.000000
vt 0.657378 0.000000
vt 0.628809 0.000000
vt 0.630382 0.000000
vt 0.761773 0.000000
vt 0.762716 0.000000
vt 0.900277 0.000000
vt 0.899965 0.000000
vt 0.663571 0.000000
vt 0.662970 0.000000
vt 0.895429 0.000000
vt 0.894737 0.000000
vt 0.624860 0.000000
vt 0.624324 0.000000
vt 0.767313 0.000000
vt 0.768252 0.000000
vt 0.806094 0.000000
vt 0.807007 0.000000
vt 0.812431 0.000000
vt 0.811792 0.000000
vt 0.801569 0.000000
vt 0.800660 0.000000
vt 0.795706 0.000000
vt 0.795014 0.000000
vt 0.906510 0.000000
vt 0.905817 0.000000
vt 0.817867 0.000000
vt 0.817174 0.000000
vt 0.790166 0.000000
vt 0.789560 0.000000
vt 0.889889 0.000000
vt 0.888430 0.000000
vt 0.784626 0.000000
vt 0.784040 0.000000
vt 0.779753 0.000000
vt 0.778548 0.000000
vt 0.773546 0.000000
vt 0.772853 0.000000
vt 0.823335 0.000000
vt 0.822851 0.000000
vt 0.669170 0.000000
vt 0.668594 0.000000
vt 0.617729 0.000000
vt 0.619281 0.000000
vt 0.700831 0.000000
vt 0.702495 0.000000
vt 0.883694 0.000000
vt 0.883018 0.000000
vt 0.983379 0.000000
vt 0.982163 0.000000
vt 0.978532 0.000000
vt 0.976038 0.000000
vt 0.988920 0.000000
vt 0.987720 0.000000
vt 0.828830 0.000000
vt 0.828339 0.000000
vt 0.786424 0.001142
vt 0.788083 0.000000
vt 0.216887 0.001142
vt 0.218543 0.000000
vt 0.071192 0.001142
vt 0.072845 0.000000
vt 0.933775 0.001142
vt 0.932119 0.000000
vt 0.708609 0.001142
vt 0.706954 0.001142
vt 0.602649 0.001142
vt 0.601000 0.000000
vt 0.985099 0.001142
vt 0.986755 0.000000
vt 0.615894 0.001142
vt 0.614238 0.001142
vt 0.269868 0.001142
vt 0.271523 0.000000
vt 0.655629 0.001142
vt 0.653974 0.001142
vt 0.920530 0.001142
vt 0.918874 0.001142
vt 0.642384 0.000000
vt 0.640729 0.000000
vt 0.801324 0.001142
vt 0.799669 0.001142
vt 0.629139 0.001142
vt 0.627483 0.001142
vt 0.231788 0.001142
vt 0.230132 0.000000
vt 0.059600 0.000000
vt 0.057950 0.000000
vt 0.667219 0.001142
vt 0.668874 0.000000
vt 0.695364 0.001142
vt 0.693709 0.000000
vt 0.256623 0.001142
vt 0.258278 0.000000
vt 0.245033 0.001142
vt 0.243377 0.000000
vt 0.682119 0.001142
vt 0.680464 0.001142
vt 0.907285 0.001142
vt 0.905629 0.001142
vt 0.812914 0.001142
vt 0.814572 0.000000
vt 0.046358 0.001142
vt 0.044702 0.001142
vt 0.827817 0.000000
vt 0.826156 0.000000
vt 0.894040 0.001142
vt 0.892384 0.001142
vt 0.033113 0.001142
vt 0.031457 0.001142
vt 0.004967 0.001142
vt 0.006622 0.000000
vt 0.841062 0.000000
vt 0.839402 0.000000
vt 0.019868 0.001142
vt 0.018212 0.001142
vt 0.880795 0.000000
vt 0.879139 0.000000
vt 0.854305 0.000000
vt 0.852648 0.000000
vt 0.865894 0.001142
vt 0.867550 0.000000
vt 0.439394 0.001142
vt 0.424242 0.001142
vt 0.318182 0.001142
vt 0.303030 0.001142
vt 0.196969 0.000000
vt 0.075757 0.000000
vt 0.060606 0.000000
vt 0.545455 0.001142
vt 0.560605 0.000000
vt 0.666667 0.001142
vt 0.681818 0.000000
vt 0.803030 0.001142
vt 0.787880 0.000000
vt 0.924242 0.001142
vt 0.909091 0.000000
vt 0.433027 0.000000
vt 0.427978 0.000000
vt 0.439058 0.000000
vt 0.444792 0.000000
vt 0.444598 0.000000
vt 0.045706 0.000000
vt 0.432959 0.000000
vt 0.064611 0.000000
vt 0.361496 0.000000
vt 0.367036 0.000000
vt 0.372576 0.000000
vt 0.355956 0.000000
vt 0.378367 0.000000
vt 0.378116 0.000000
vt 0.383657 0.000000
vt 0.389197 0.000000
vt 0.350392 0.000000
vt 0.394737 0.000000
vt 0.400277 0.000000
vt 0.345583 0.000000
vt 0.344875 0.000000
vt 0.405863 0.000000
vt 0.405817 0.000000
vt 0.339399 0.000000
vt 0.411357 0.000000
vt 0.334582 0.000000
vt 0.333795 0.000000
vt 0.416898 0.000000
vt 0.328255 0.000000
vt 0.323525 0.000000
vt 0.322715 0.000000
vt 0.422438 0.000000
vt 0.317934 0.000000
vt 0.317175 0.000000
vt 0.312271 0.000000
vt 0.311559 0.000000
vt 0.306094 0.000000
vt 0.500000 0.000000
vt 0.495064 0.000000
vt 0.494375 0.000000
vt 0.506059 0.000000
vt 0.505375 0.000000
vt 0.488869 0.000000
vt 0.511481 0.000000
vt 0.511080 0.000000
vt 0.300963 0.000000
vt 0.300554 0.000000
vt 0.483380 0.000000
vt 0.450139 0.000000
vt 0.477839 0.000000
vt 0.455890 0.000000
vt 0.295215 0.000000
vt 0.295014 0.000000
vt 0.473065 0.000000
vt 0.472376 0.000000
vt 0.461361 0.000000
vt 0.053193 0.000000
vt 0.051247 0.000000
vt 0.466759 0.000000
vt 0.567052 0.000000
vt 0.566364 0.000000
vt 0.058616 0.000000
vt 0.057934 0.000000
vt 0.561545 0.000000
vt 0.560942 0.000000
vt 0.572542 0.000000
vt 0.572022 0.000000
vt 0.282667 0.000000
vt 0.284626 0.000000
vt 0.283241 0.000000
vt 0.555348 0.000000
vt 0.577562 0.000000
vt 0.278255 0.000000
vt 0.278140 0.000000
vt 0.549854 0.000000
vt 0.064143 0.000000
vt 0.063407 0.000000
vt 0.140582 0.000000
vt 0.139889 0.000000
vt 0.135465 0.000000
vt 0.134883 0.000000
vt 0.517165 0.000000
vt 0.130124 0.000000
vt 0.128809 0.000000
vt 0.273546 0.000000
vt 0.272853 0.000000
vt 0.145753 0.000000
vt 0.146122 0.000000
vt 0.123664 0.000000
vt 0.123961 0.000000
vt 0.544321 0.000000
vt 0.068560 0.000000
vt 0.067867 0.000000
vt 0.268006 0.000000
vt 0.267313 0.000000
vt 0.119295 0.000000
vt 0.118106 0.000000
vt 0.522375 0.000000
vt 0.151898 0.000000
vt 0.150970 0.000000
vt 0.261936 0.000000
vt 0.261385 0.000000
vt 0.539546 0.000000
vt 0.538781 0.000000
vt 0.528531 0.000000
vt 0.527701 0.000000
vt 0.113530 0.000000
vt 0.112850 0.000000
vt 0.534035 0.000000
vt 0.533347 0.000000
vt 0.256925 0.000000
vt 0.256233 0.000000
vt 0.156771 0.000000
vt 0.157202 0.000000
vt 0.074444 0.000000
vt 0.074100 0.000000
vt 0.108125 0.000000
vt 0.162742 0.000000
vt 0.162050 0.000000
vt 0.250407 0.000000
vt 0.251385 0.000000
vt 0.167537 0.000000
vt 0.168283 0.000000
vt 0.173823 0.000000
vt 0.173130 0.000000
vt 0.080722 0.000000
vt 0.078947 0.000000
vt 0.101801 0.000000
vt 0.101108 0.000000
vt 0.244911 0.000000
vt 0.245845 0.000000
vt 0.179455 0.000000
vt 0.178670 0.000000
vt 0.086331 0.000000
vt 0.085627 0.000000
vt 0.097316 0.000000
vt 0.096643 0.000000
vt 0.091892 0.000000
vt 0.091204 0.000000
vt 0.184969 0.000000
vt 0.184211 0.000000
vt 0.240021 0.000000
vt 0.239410 0.000000
vt 0.234549 0.000000
vt 0.233906 0.000000
vt 0.229066 0.000000
vt 0.228401 0.000000
vt 0.195384 0.000000
vt 0.195983 0.000000
vt 0.222897 0.000000
vt 0.223684 0.000000
vt 0.201524 0.000000
vt 0.200831 0.000000
vt 0.206993 0.000000
vt 0.206371 0.000000
vt 0.218056 0.000000
vt 0.217452 0.000000
vt 0.212604 0.000000
vt 0.211911 0.000000
vt 0.722682 0.000000
vt 0.722103 0.000000
vt 0.728204 0.000000
vt 0.727147 0.000000
vt 0.717160 0.000000
vt 0.716583 0.000000
vt 0.733725 0.000000
vt 0.733158 0.000000
vt 0.711686 0.000000
vt 0.711004 0.000000
vt 0.738227 0.000000
vt 0.744766 0.000000
vt 0.744229 0.000000
vt 0.749769 0.000000
vt 0.645526 0.000000
vt 0.644044 0.000000
vt 0.638504 0.000000
vt 0.649584 0.000000
vt 0.755809 0.000000
vt 0.755314 0.000000
vt 0.632964 0.000000
vt 0.706404 0.000000
vt 0.704986 0.000000
vt 0.655985 0.000000
vt 0.760864 0.000000
vt 0.627424 0.000000
vt 0.662174 0.000000
vt 0.661568 0.000000
vt 0.904377 0.000000
vt 0.898607 0.000000
vt 0.897928 0.000000
vt 0.766867 0.000000
vt 0.766422 0.000000
vt 0.892497 0.000000
vt 0.811076 0.000000
vt 0.810402 0.000000
vt 0.805648 0.000000
vt 0.804709 0.000000
vt 0.799269 0.000000
vt 0.815963 0.000000
vt 0.621884 0.000000
vt 0.793629 0.000000
vt 0.788089 0.000000
vt 0.887076 0.000000
vt 0.782663 0.000000
vt 0.667185 0.000000
vt 0.772418 0.000000
vt 0.771999 0.000000
vt 0.821330 0.000000
vt 0.778394 0.000000
vt 0.777008 0.000000
vt 0.980786 0.000000
vt 0.981994 0.000000
vt 0.617375 0.000000
vt 0.881669 0.000000
vt 0.826870 0.000000
vt 0.986327 0.000000
vt 0.985630 0.000000
vt 0.909009 0.000000
vt 0.910665 0.000000
vt 0.974703 0.000000
vt 0.699446 0.000000
vt 0.673430 0.000000
vt 0.671745 0.000000
vt 0.832975 0.000000
vt 0.832433 0.000000
vt 0.991895 0.000000
vt 0.993075 0.000000
vt 0.612058 0.000000
vt 0.611602 0.000000
vt 0.969450 0.000000
vt 0.971607 0.000000
vt 0.876278 0.000000
vt 0.877424 0.000000
vt 0.838643 0.000000
vt 0.837950 0.000000
vt 0.915628 0.000000
vt 0.914659 0.000000
vt 0.855020 0.000000
vt 0.854334 0.000000
vt 0.678637 0.000000
vt 0.677978 0.000000
vt 0.844054 0.000000
vt 0.843490 0.000000
vt 0.695974 0.000000
vt 0.693906 0.000000
vt 0.849516 0.000000
vt 0.848837 0.000000
vt 0.860538 0.000000
vt 0.859847 0.000000
vt 0.964159 0.000000
vt 0.966066 0.000000
vt 0.871564 0.000000
vt 0.871191 0.000000
vt 0.684508 0.000000
vt 0.683518 0.000000
vt 0.690784 0.000000
vt 0.688366 0.000000
vt 0.605481 0.000000
vt 0.605956 0.000000
vt 0.866095 0.000000
vt 0.865651 0.000000
vt 0.997253 0.000000
vt 0.998615 0.000000
vt 0.921193 0.000000
vt 0.920287 0.000000
vt 0.960526 0.000000
vt 0.959834 0.000000
vt 0.600548 0.000000
vt 0.599723 0.000000
vt 0.926752 0.000000
vt 0.925908 0.000000
vt 0.583735 0.000000
vt 0.583102 0.000000
vt 0.953562 0.000000
vt 0.954986 0.000000
vt 0.594244 0.000000
vt 0.594875 0.000000
vt 0.932304 0.000000
vt 0.931518 0.000000
vt 0.589337 0.000000
vt 0.588643 0.000000
vt 0.949446 0.000000
vt 0.948753 0.000000
vt 0.937842 0.000000
vt 0.937104 0.000000
vt 0.943357 0.000000
vt 0.942654 0.000000
vt 0.393940 1.000000
vt 0.409091 0.998858
vt 0.530317 1.000000
vt 0.515137 1.000000
vt 0.272728 1.000000
vt 0.287879 0.998858
vt 0.166666 1.000000
vt 0.151515 1.000000
vt 0.045454 1.000000
vt 0.030303 0.998858
vt 0.651515 0.998858
vt 0.636364 0.998858
vt 0.772727 1.000000
vt 0.757576 0.998858
vt 0.893939 0.998858
vt 0.878788 0.998858
vt 0.430203 0.000000
vt 0.429493 0.000000
vt 0.435828 0.000000
vt 0.435130 0.000000
vt 0.441828 0.000000
vt 0.441136 0.000000
vt 0.446713 0.000000
vt 0.446108 0.000000
vt 0.364266 0.000000
vt 0.363410 0.000000
vt 0.369806 0.000000
vt 0.369114 0.000000
vt 0.358635 0.000000
vt 0.357949 0.000000
vt 0.375346 0.000000
vt 0.374233 0.000000
vt 0.380194 0.000000
vt 0.380783 0.000000
vt 0.385734 0.000000
vt 0.386252 0.000000
vt 0.353186 0.000000
vt 0.352454 0.000000
vt 0.391967 0.000000
vt 0.390764 0.000000
vt 0.396814 0.000000
vt 0.397171 0.000000
vt 0.347645 0.000000
vt 0.346957 0.000000
vt 0.403047 0.000000
vt 0.401756 0.000000
vt 0.408587 0.000000
vt 0.407895 0.000000
vt 0.341413 0.000000
vt 0.342153 0.000000
vt 0.335873 0.000000
vt 0.336647 0.000000
vt 0.414127 0.000000
vt 0.412671 0.000000
vt 0.331025 0.000000
vt 0.330332 0.000000
vt 0.418783 0.000000
vt 0.418056 0.000000
vt 0.324792 0.000000
vt 0.325608 0.000000
vt 0.423983 0.000000
vt 0.423320 0.000000
vt 0.319945 0.000000
vt 0.319252 0.000000
vt 0.313712 0.000000
vt 0.314402 0.000000
vt 0.308722 0.000000
vt 0.502770 0.000000
vt 0.501945 0.000000
vt 0.497230 0.000000
vt 0.496441 0.000000
vt 0.508106 0.000000
vt 0.507425 0.000000
vt 0.491690 0.000000
vt 0.490997 0.000000
vt 0.638079 0.000000
vt 0.636364 0.000000
vt 0.513158 0.000000
vt 0.513426 0.000000
vt 0.486150 0.000000
vt 0.485435 0.000000
vt 0.006861 0.001142
vt 0.003431 0.001142
vt 0.452909 0.000000
vt 0.452525 0.000000
vt 0.479917 0.000000
vt 0.480633 0.000000
vt 0.458449 0.000000
vt 0.457756 0.000000
vt 0.475131 0.000000
vt 0.474443 0.000000
vt 0.463989 0.000000
vt 0.463423 0.000000
vt 0.469529 0.000000
vt 0.468931 0.000000
vt 0.610635 0.001142
vt 0.608919 0.000000
vt 0.608919 0.001142
vt 0.020583 0.000000
vt 0.018868 0.000000
vt 0.596913 0.000000
vt 0.595197 0.000000
vt 0.563611 0.000000
vt 0.562922 0.000000
vt 0.569114 0.000000
vt 0.568427 0.000000
vt 0.558172 0.000000
vt 0.557413 0.000000
vt 0.574100 0.000000
vt 0.574589 0.000000
vt 0.034305 0.001142
vt 0.032590 0.001142
vt 0.579760 0.001142
vt 0.583190 0.000000
vt 0.552632 0.000000
vt 0.551913 0.000000
vt 0.579640 0.000000
vt 0.579912 0.000000
vt 0.226415 0.000000
vt 0.224694 0.000000
vt 0.569468 0.001142
vt 0.567753 0.001142
vt 0.240137 0.001142
vt 0.238422 0.001142
vt 0.048027 0.001142
vt 0.046312 0.001142
vt 0.212693 0.001142
vt 0.210978 0.001142
vt 0.546399 0.000000
vt 0.547110 0.000000
vt 0.519391 0.000000
vt 0.519013 0.000000
vt 0.197256 0.001142
vt 0.198968 0.000000
vt 0.555746 0.001142
vt 0.554031 0.001142
vt 0.252144 0.001142
vt 0.253859 0.000000
vt 0.183533 0.001142
vt 0.185245 0.000000
vt 0.540859 0.000000
vt 0.541612 0.000000
vt 0.542024 0.001142
vt 0.540309 0.001142
vt 0.524931 0.000000
vt 0.524419 0.000000
vt 0.171527 0.001142
vt 0.168096 0.000000
vt 0.061750 0.001142
vt 0.060034 0.000000
vt 0.526587 0.001142
vt 0.528301 0.000000
vt 0.536101 0.000000
vt 0.535413 0.000000
vt 0.530593 0.000000
vt 0.529905 0.000000
vt 0.267581 0.001142
vt 0.265866 0.001142
vt 0.156089 0.001142
vt 0.157804 0.000000
vt 0.281305 0.000000
vt 0.279586 0.000000
vt 0.512864 0.001142
vt 0.514583 0.000000
vt 0.295023 0.000000
vt 0.293313 0.000000
vt 0.075472 0.001142
vt 0.076537 0.000000
vt 0.308748 0.001142
vt 0.307036 0.000000
vt 0.144082 0.001142
vt 0.142367 0.000000
vt 0.500858 0.001142
vt 0.499142 0.001142
vt 0.320755 0.001142
vt 0.322466 0.000000
vt 0.089194 0.000000
vt 0.087479 0.000000
vt 0.130360 0.001142
vt 0.128645 0.000000
vt 0.102916 0.000000
vt 0.101201 0.000000
vt 0.116638 0.000000
vt 0.114923 0.000000
vt 0.331046 0.001142
vt 0.336192 0.000000
vt 0.331046 0.000000
vt 0.487136 0.001142
vt 0.485420 0.001142
vt 0.349914 0.001142
vt 0.344768 0.000000
vt 0.344768 0.001142
vt 0.473413 0.001142
vt 0.471698 0.001142
vt 0.363636 0.001142
vt 0.360206 0.000000
vt 0.360206 0.001142
vt 0.459691 0.001142
vt 0.457976 0.001142
vt 0.375643 0.001142
vt 0.377361 0.000000
vt 0.445969 0.001142
vt 0.444253 0.000000
vt 0.391083 0.000000
vt 0.389363 0.000000
vt 0.432248 0.000000
vt 0.430531 0.000000
vt 0.403087 0.001142
vt 0.404805 0.000000
vt 0.418526 0.000000
vt 0.416808 0.000000
vt 0.724865 0.000000
vt 0.724062 0.000000
vt 0.718144 0.000000
vt 0.719341 0.000000
vt 0.730392 0.000000
vt 0.729585 0.000000
vt 0.713296 0.000000
vt 0.713066 0.000000
vt 0.735457 0.000000
vt 0.734765 0.000000
vt 0.741460 0.000000
vt 0.740626 0.000000
vt 0.708328 0.000000
vt 0.707688 0.000000
vt 0.746537 0.000000
vt 0.746147 0.000000
vt 0.752078 0.000000
vt 0.751385 0.000000
vt 0.646122 0.000000
vt 0.647663 0.000000
vt 0.640582 0.000000
vt 0.642153 0.000000
vt 0.635042 0.000000
vt 0.636662 0.000000
vt 0.652355 0.000000
vt 0.651662 0.000000
vt 0.758089 0.000000
vt 0.757191 0.000000
vt 0.629501 0.000000
vt 0.631185 0.000000
vt 0.657895 0.000000
vt 0.657995 0.000000
vt 0.763158 0.000000
vt 0.762465 0.000000
vt 0.901662 0.000000
vt 0.900970 0.000000
vt 0.623961 0.000000
vt 0.625699 0.000000
vt 0.895211 0.000000
vt 0.894532 0.000000
vt 0.663435 0.000000
vt 0.662742 0.000000
vt 0.768698 0.000000
vt 0.768006 0.000000
vt 0.807479 0.000000
vt 0.806787 0.000000
vt 0.813019 0.000000
vt 0.812327 0.000000
vt 0.801939 0.000000
vt 0.801247 0.000000
vt 0.796399 0.000000
vt 0.796123 0.000000
vt 0.890582 0.000000
vt 0.889107 0.000000
vt 0.818549 0.000000
vt 0.818022 0.000000
vt 0.790859 0.000000
vt 0.790666 0.000000
vt 0.785319 0.000000
vt 0.785205 0.000000
vt 0.906155 0.000000
vt 0.905814 0.000000
vt 0.618421 0.000000
vt 0.620176 0.000000
vt 0.779778 0.000000
vt 0.779086 0.000000
vt 0.701524 0.000000
vt 0.703150 0.000000
vt 0.774192 0.000000
vt 0.773825 0.000000
vt 0.823407 0.000000
vt 0.824124 0.000000
vt 0.668283 0.000000
vt 0.670006 0.000000
vt 0.884349 0.000000
vt 0.884370 0.000000
vt 0.984765 0.000000
vt 0.984072 0.000000
vt 0.977383 0.000000
vt 0.976709 0.000000
vt 0.989612 0.000000
vt 0.988417 0.000000
vt 0.828947 0.000000
vt 0.829620 0.000000
vt 0.072848 0.001142
vt 0.074506 0.000000
vt 0.935430 0.000000
vt 0.933775 0.000000
vt 0.710265 0.000000
vt 0.708609 0.000000
vt 0.220199 0.001142
vt 0.218543 0.001142
vt 0.788079 0.001142
vt 0.789732 0.000000
vt 0.604308 0.000000
vt 0.602644 0.000000
vt 0.271523 0.001142
vt 0.273179 0.000000
vt 0.986755 0.001142
vt 0.988411 0.000000
vt 0.617549 0.000000
vt 0.615895 0.000000
vt 0.059603 0.001142
vt 0.061261 0.000000
vt 0.642384 0.001142
vt 0.644040 0.000000
vt 0.922185 0.001142
vt 0.920533 0.000000
vt 0.657285 0.000000
vt 0.655629 0.000000
vt 0.630795 0.000000
vt 0.629139 0.000000
vt 0.697020 0.001142
vt 0.695364 0.000000
vt 0.233444 0.001142
vt 0.231788 0.000000
vt 0.802977 0.000000
vt 0.801328 0.000000
vt 0.670530 0.001142
vt 0.668874 0.001142
vt 0.258278 0.001142
vt 0.259934 0.000000
vt 0.246689 0.001142
vt 0.245033 0.000000
vt 0.683775 0.001142
vt 0.682119 0.000000
vt 0.908938 0.000000
vt 0.907287 0.000000
vt 0.048013 0.001142
vt 0.046358 0.000000
vt 0.816225 0.001142
vt 0.814570 0.001142
vt 0.895695 0.001142
vt 0.894040 0.000000
vt 0.034768 0.001142
vt 0.033113 0.000000
vt 0.829470 0.001142
vt 0.827815 0.001142
vt 0.006623 0.001142
vt 0.008278 0.000000
vt 0.880795 0.001142
vt 0.882450 0.000000
vt 0.021523 0.001142
vt 0.019868 0.000000
vt 0.841060 0.001142
vt 0.842713 0.000000
vt 0.854305 0.001142
vt 0.855960 0.000000
vt 0.867550 0.001142
vt 0.869205 0.000000
vt 0.454545 0.000000
vt 0.439395 0.000000
vt 0.333333 0.000000
vt 0.318182 0.000000
vt 0.196970 0.001142
vt 0.212121 0.000000
vt 0.075758 0.001142
vt 0.090909 0.000000
vt 0.560606 0.001142
vt 0.575758 0.000000
vt 0.681818 0.001142
vt 0.696970 0.000000
vt 0.818182 0.001142
vt 0.803029 0.000000
vt 0.939394 0.001142
vt 0.924242 0.000000
vt 0.428780 0.000000
vt 0.439305 0.000000
vt 0.362063 0.000000
vt 0.373938 0.000000
vt 0.372854 0.000000
vt 0.356575 0.000000
vt 0.379414 0.000000
vt 0.384885 0.000000
vt 0.383879 0.000000
vt 0.389387 0.000000
vt 0.351766 0.000000
vt 0.351079 0.000000
vt 0.394891 0.000000
vt 0.400384 0.000000
vt 0.346270 0.000000
vt 0.340088 0.000000
vt 0.412096 0.000000
vt 0.335271 0.000000
vt 0.329758 0.000000
vt 0.329067 0.000000
vt 0.417455 0.000000
vt 0.416717 0.000000
vt 0.324220 0.000000
vt 0.422711 0.000000
vt 0.422023 0.000000
vt 0.312982 0.000000
vt 0.306659 0.000000
vt 0.501258 0.000000
vt 0.500571 0.000000
vt 0.495753 0.000000
vt 0.506743 0.000000
vt 0.489557 0.000000
vt 0.301939 0.000000
vt 0.301247 0.000000
vt 0.048606 0.000000
vt 0.512144 0.000000
vt 0.484063 0.000000
vt 0.451871 0.000000
vt 0.451237 0.000000
vt 0.479259 0.000000
vt 0.456570 0.000000
vt 0.473754 0.000000
vt 0.468242 0.000000
vt 0.052632 0.000000
vt 0.051939 0.000000
vt 0.059298 0.000000
vt 0.057479 0.000000
vt 0.556036 0.000000
vt 0.578628 0.000000
vt 0.279250 0.000000
vt 0.279086 0.000000
vt 0.550540 0.000000
vt 0.140977 0.000000
vt 0.141274 0.000000
vt 0.136288 0.000000
vt 0.135042 0.000000
vt 0.063712 0.000000
vt 0.063019 0.000000
vt 0.272774 0.000000
vt 0.274238 0.000000
vt 0.517727 0.000000
vt 0.130194 0.000000
vt 0.129501 0.000000
vt 0.146435 0.000000
vt 0.146814 0.000000
vt 0.125060 0.000000
vt 0.124732 0.000000
vt 0.267327 0.000000
vt 0.268698 0.000000
vt 0.119492 0.000000
vt 0.118421 0.000000
vt 0.069509 0.000000
vt 0.069252 0.000000
vt 0.523055 0.000000
vt 0.263158 0.000000
vt 0.262465 0.000000
vt 0.152583 0.000000
vt 0.151662 0.000000
vt 0.113573 0.000000
vt 0.112881 0.000000
vt 0.256376 0.000000
vt 0.257618 0.000000
vt 0.157306 0.000000
vt 0.157895 0.000000
vt 0.108033 0.000000
vt 0.107341 0.000000
vt 0.250935 0.000000
vt 0.252078 0.000000
vt 0.162951 0.000000
vt 0.163435 0.000000
vt 0.075142 0.000000
vt 0.074792 0.000000
vt 0.168894 0.000000
vt 0.168572 0.000000
vt 0.174154 0.000000
vt 0.174515 0.000000
vt 0.103383 0.000000
vt 0.102761 0.000000
vt 0.245483 0.000000
vt 0.246537 0.000000
vt 0.080332 0.000000
vt 0.079640 0.000000
vt 0.097989 0.000000
vt 0.096260 0.000000
vt 0.087035 0.000000
vt 0.085180 0.000000
vt 0.092578 0.000000
vt 0.090720 0.000000
vt 0.240997 0.000000
vt 0.240305 0.000000
vt 0.235457 0.000000
vt 0.234765 0.000000
vt 0.191158 0.000000
vt 0.189476 0.000000
vt 0.229917 0.000000
vt 0.229224 0.000000
vt 0.195907 0.000000
vt 0.196676 0.000000
vt 0.223569 0.000000
vt 0.224377 0.000000
vt 0.202258 0.000000
vt 0.201451 0.000000
vt 0.218768 0.000000
vt 0.218144 0.000000
vt 0.207761 0.000000
vt 0.207064 0.000000
vt 0.213264 0.000000
vt 0.212530 0.000000
vt 0.723484 0.000000
vt 0.729010 0.000000
vt 0.734541 0.000000
vt 0.712369 0.000000
vt 0.739246 0.000000
vt 0.750287 0.000000
vt 0.640777 0.000000
vt 0.640013 0.000000
vt 0.651056 0.000000
vt 0.756701 0.000000
vt 0.634510 0.000000
vt 0.656605 0.000000
vt 0.761334 0.000000
vt 0.629814 0.000000
vt 0.629003 0.000000
vt 0.767815 0.000000
vt 0.893853 0.000000
vt 0.893174 0.000000
vt 0.624325 0.000000
vt 0.623473 0.000000
vt 0.806228 0.000000
vt 0.817262 0.000000
vt 0.816515 0.000000
vt 0.904706 0.000000
vt 0.795101 0.000000
vt 0.794758 0.000000
vt 0.789302 0.000000
vt 0.887753 0.000000
vt 0.667767 0.000000
vt 0.773402 0.000000
vt 0.822066 0.000000
vt 0.617867 0.000000
vt 0.981475 0.000000
vt 0.882343 0.000000
vt 0.701841 0.000000
vt 0.701183 0.000000
vt 0.975371 0.000000
vt 0.987024 0.000000
vt 0.827559 0.000000
vt 0.673130 0.000000
vt 0.672438 0.000000
vt 0.910428 0.000000
vt 0.910046 0.000000
vt 0.613071 0.000000
vt 0.611496 0.000000
vt 0.833795 0.000000
vt 0.833102 0.000000
vt 0.970099 0.000000
vt 0.972299 0.000000
vt 0.876951 0.000000
vt 0.878116 0.000000
vt 0.992586 0.000000
vt 0.993767 0.000000
vt 0.839237 0.000000
vt 0.838547 0.000000
vt 0.855956 0.000000
vt 0.855263 0.000000
vt 0.696621 0.000000
vt 0.694598 0.000000
vt 0.844741 0.000000
vt 0.844183 0.000000
vt 0.679378 0.000000
vt 0.678670 0.000000
vt 0.916067 0.000000
vt 0.916205 0.000000
vt 0.850416 0.000000
vt 0.849723 0.000000
vt 0.861229 0.000000
vt 0.860803 0.000000
vt 0.965446 0.000000
vt 0.964883 0.000000
vt 0.606178 0.000000
vt 0.606648 0.000000
vt 0.872244 0.000000
vt 0.871884 0.000000
vt 0.691440 0.000000
vt 0.689058 0.000000
vt 0.685278 0.000000
vt 0.684211 0.000000
vt 0.866781 0.000000
vt 0.866343 0.000000
vt 0.921693 0.000000
vt 0.921745 0.000000
vt 0.992747 0.000000
vt 0.999307 0.000000
vt 0.960230 0.000000
vt 0.959616 0.000000
vt 0.601250 0.000000
vt 0.600416 0.000000
vt 0.927978 0.000000
vt 0.927285 0.000000
vt 0.954905 0.000000
vt 0.954253 0.000000
vt 0.595644 0.000000
vt 0.594944 0.000000
vt 0.584413 0.000000
vt 0.583795 0.000000
vt 0.932917 0.000000
vt 0.932826 0.000000
vt 0.590039 0.000000
vt 0.589335 0.000000
vt 0.948832 0.000000
vt 0.950139 0.000000
vt 0.939058 0.000000
vt 0.938366 0.000000
vt 0.944034 0.000000
vt 0.943906 0.000000
vt 0.424242 1.000000
vt 0.409091 1.000000
vt 0.303030 1.000000
vt 0.287878 1.000000
vt 0.181818 1.000000
vt 0.166667 0.998858
vt 0.060606 0.998858
vt 0.045455 0.998858
vt 0.545455 1.000000
vt 0.530303 0.998858
vt 0.666666 1.000000
vt 0.651515 1.000000
vt 0.787879 0.998858
vt 0.772727 0.998858
vt 0.893939 1.000000
vt 0.909091 0.998858
vt 0.430748 0.000000
vt 0.430912 0.000000
vt 0.436288 0.000000
vt 0.436526 0.000000
vt 0.442521 0.000000
vt 0.441378 0.000000
vt 0.447368 0.000000
vt 0.447136 0.000000
vt 0.364958 0.000000
vt 0.364341 0.000000
vt 0.358726 0.000000
vt 0.359321 0.000000
vt 0.370499 0.000000
vt 0.369827 0.000000
vt 0.376039 0.000000
vt 0.375308 0.000000
vt 0.381579 0.000000
vt 0.380886 0.000000
vt 0.353878 0.000000
vt 0.353141 0.000000
vt 0.386427 0.000000
vt 0.386633 0.000000
vt 0.392140 0.000000
vt 0.391715 0.000000
vt 0.398199 0.000000
vt 0.397507 0.000000
vt 0.348338 0.000000
vt 0.347644 0.000000
vt 0.403126 0.000000
vt 0.402615 0.000000
vt 0.342798 0.000000
vt 0.342105 0.000000
vt 0.408593 0.000000
vt 0.408044 0.000000
vt 0.337258 0.000000
vt 0.336565 0.000000
vt 0.414820 0.000000
vt 0.413442 0.000000
vt 0.331827 0.000000
vt 0.331138 0.000000
vt 0.325485 0.000000
vt 0.326300 0.000000
vt 0.420360 0.000000
vt 0.419668 0.000000
vt 0.320738 0.000000
vt 0.320039 0.000000
vt 0.425900 0.000000
vt 0.425208 0.000000
vt 0.314404 0.000000
vt 0.315110 0.000000
vt 0.308864 0.000000
vt 0.309411 0.000000
vt 0.497818 0.000000
vt 0.497130 0.000000
vt 0.503318 0.000000
vt 0.502632 0.000000
vt 0.639794 0.001142
vt 0.638079 0.001142
vt 0.492382 0.000000
vt 0.491621 0.000000
vt 0.508310 0.000000
vt 0.508786 0.000000
vt 0.486842 0.000000
vt 0.486121 0.000000
vt 0.513850 0.000000
vt 0.513987 0.000000
vt 0.622642 0.001142
vt 0.480609 0.000000
vt 0.481319 0.000000
vt 0.453601 0.000000
vt 0.453190 0.000000
vt 0.475069 0.000000
vt 0.475820 0.000000
vt 0.459141 0.000000
vt 0.458619 0.000000
vt 0.470309 0.000000
vt 0.469620 0.000000
vt 0.464799 0.000000
vt 0.464111 0.000000
vt 0.020583 0.001142
vt 0.022298 0.000000
vt 0.563712 0.000000
vt 0.564300 0.000000
vt 0.569252 0.000000
vt 0.569800 0.000000
vt 0.558790 0.000000
vt 0.558101 0.000000
vt 0.574792 0.000000
vt 0.575269 0.000000
vt 0.036021 0.001142
vt 0.034305 0.000000
vt 0.553324 0.000000
vt 0.552599 0.000000
vt 0.580332 0.000000
vt 0.580473 0.000000
vt 0.228130 0.001142
vt 0.226415 0.001142
vt 0.571179 0.000000
vt 0.569468 0.000000
vt 0.241852 0.001142
vt 0.240154 0.000000
vt 0.214409 0.000000
vt 0.212692 0.000000
vt 0.547091 0.000000
vt 0.547796 0.000000
vt 0.049743 0.000000
vt 0.048027 0.000000
vt 0.198971 0.001142
vt 0.200689 0.000000
vt 0.520083 0.000000
vt 0.519677 0.000000
vt 0.557461 0.001142
vt 0.555750 0.000000
vt 0.186964 0.001142
vt 0.185249 0.001142
vt 0.255575 0.001142
vt 0.253859 0.001142
vt 0.541551 0.000000
vt 0.542300 0.000000
vt 0.543739 0.001142
vt 0.542027 0.000000
vt 0.173242 0.001142
vt 0.171527 0.000000
vt 0.525787 0.000000
vt 0.525103 0.000000
vt 0.528302 0.001142
vt 0.530017 0.000000
vt 0.536011 0.000000
vt 0.536790 0.000000
vt 0.530471 0.000000
vt 0.531281 0.000000
vt 0.063465 0.001142
vt 0.061750 0.000000
vt 0.269297 0.001142
vt 0.267582 0.000000
vt 0.159520 0.001142
vt 0.157804 0.001142
vt 0.514580 0.001142
vt 0.516292 0.000000
vt 0.283019 0.001142
vt 0.281304 0.001142
vt 0.296741 0.001142
vt 0.295026 0.001142
vt 0.145798 0.001142
vt 0.144082 0.000000
vt 0.077933 0.000000
vt 0.077235 0.000000
vt 0.310466 0.000000
vt 0.308745 0.000000
vt 0.502570 0.000000
vt 0.500860 0.000000
vt 0.322470 0.001142
vt 0.324185 0.000000
vt 0.089194 0.001142
vt 0.090909 0.000000
vt 0.132075 0.001142
vt 0.130360 0.000000
vt 0.102916 0.001142
vt 0.104631 0.000000
vt 0.116638 0.001142
vt 0.118353 0.000000
vt 0.337907 0.001142
vt 0.336192 0.001142
vt 0.488848 0.000000
vt 0.487138 0.000000
vt 0.475127 0.000000
vt 0.473415 0.000000
vt 0.365353 0.000000
vt 0.363636 0.000000
vt 0.461405 0.000000
vt 0.459692 0.000000
vt 0.447684 0.000000
vt 0.445970 0.000000
vt 0.377358 0.001142
vt 0.379071 0.000000
vt 0.391081 0.001142
vt 0.392793 0.000000
vt 0.433962 0.001142
vt 0.432247 0.001142
vt 0.404803 0.001142
vt 0.406516 0.000000
vt 0.420240 0.001142
vt 0.418525 0.001142
vt 0.724377 0.000000
vt 0.725444 0.000000
vt 0.718837 0.000000
vt 0.719921 0.000000
vt 0.729917 0.000000
vt 0.730965 0.000000
vt 0.713989 0.000000
vt 0.713823 0.000000
vt 0.736485 0.000000
vt 0.735924 0.000000
vt 0.741690 0.000000
vt 0.740997 0.000000
vt 0.707756 0.000000
vt 0.708971 0.000000
vt 0.747230 0.000000
vt 0.746998 0.000000
vt 0.753048 0.000000
vt 0.752541 0.000000
vt 0.641967 0.000000
vt 0.641274 0.000000
vt 0.646814 0.000000
vt 0.648287 0.000000
vt 0.636427 0.000000
vt 0.635734 0.000000
vt 0.653047 0.000000
vt 0.653203 0.000000
vt 0.757618 0.000000
vt 0.758571 0.000000
vt 0.630194 0.000000
vt 0.631758 0.000000
vt 0.658587 0.000000
vt 0.658773 0.000000
vt 0.764100 0.000000
vt 0.763642 0.000000
vt 0.901322 0.000000
vt 0.900644 0.000000
vt 0.624654 0.000000
vt 0.626243 0.000000
vt 0.896122 0.000000
vt 0.895891 0.000000
vt 0.808364 0.000000
vt 0.807619 0.000000
vt 0.664127 0.000000
vt 0.664373 0.000000
vt 0.813712 0.000000
vt 0.813182 0.000000
vt 0.802930 0.000000
vt 0.802051 0.000000
vt 0.797485 0.000000
vt 0.796490 0.000000
vt 0.769638 0.000000
vt 0.769207 0.000000
vt 0.891274 0.000000
vt 0.889785 0.000000
vt 0.791551 0.000000
vt 0.790943 0.000000
vt 0.818560 0.000000
vt 0.819318 0.000000
vt 0.702909 0.000000
vt 0.702216 0.000000
vt 0.786011 0.000000
vt 0.785417 0.000000
vt 0.907202 0.000000
vt 0.907233 0.000000
vt 0.781115 0.000000
vt 0.779918 0.000000
vt 0.619114 0.000000
vt 0.620687 0.000000
vt 0.775681 0.000000
vt 0.775193 0.000000
vt 0.885042 0.000000
vt 0.885046 0.000000
vt 0.824792 0.000000
vt 0.824100 0.000000
vt 0.668975 0.000000
vt 0.670574 0.000000
vt 0.983546 0.000000
vt 0.982853 0.000000
vt 0.979917 0.000000
vt 0.979224 0.000000
vt 0.975166 0.001142
vt 0.976821 0.000000
vt 0.975166 0.000000
vt 0.074503 0.001142
vt 0.076153 0.000000
vt 0.592715 0.001142
vt 0.591066 0.000000
vt 0.591060 0.001142
vt 0.711921 0.001142
vt 0.710265 0.001142
vt 0.935431 0.001142
vt 0.937086 0.000000
vt 0.221854 0.001142
vt 0.220198 0.000000
vt 0.791391 0.001142
vt 0.789735 0.001142
vt 0.605960 0.001142
vt 0.604305 0.001142
vt 0.273179 0.001142
vt 0.274834 0.000000
vt 0.619205 0.001142
vt 0.617550 0.001142
vt 0.645695 0.001142
vt 0.644040 0.001142
vt 0.062914 0.001142
vt 0.061258 0.001142
vt 0.988411 0.001142
vt 0.990066 0.000000
vt 0.923841 0.001142
vt 0.922241 0.000000
vt 0.658940 0.001142
vt 0.657285 0.001142
vt 0.698676 0.001142
vt 0.697019 0.000000
vt 0.630795 0.001142
vt 0.632450 0.000000
vt 0.804636 0.001142
vt 0.802980 0.001142
vt 0.235099 0.001142
vt 0.233444 0.000000
vt 0.672185 0.001142
vt 0.670530 0.000000
vt 0.259934 0.001142
vt 0.261589 0.000000
vt 0.248344 0.000000
vt 0.246689 0.000000
vt 0.685430 0.000000
vt 0.683775 0.000000
vt 0.910596 0.001142
vt 0.908940 0.001142
vt 0.049669 0.000000
vt 0.048013 0.000000
vt 0.817884 0.000000
vt 0.816222 0.000000
vt 0.897351 0.001142
vt 0.895695 0.000000
vt 0.036424 0.001142
vt 0.034768 0.000000
vt 0.831128 0.000000
vt 0.829468 0.000000
vt 0.009934 0.001142
vt 0.008278 0.001142
vt 0.884106 0.001142
vt 0.882450 0.001142
vt 0.023179 0.000000
vt 0.021523 0.000000
vt 0.842715 0.001142
vt 0.844373 0.000000
vt 0.869205 0.001142
vt 0.870861 0.000000
vt 0.855960 0.001142
vt 0.857616 0.000000
vt 0.469697 0.001142
vt 0.348485 0.001142
vt 0.333333 0.001142
vt 0.227273 0.001142
vt 0.212121 0.001142
vt 0.106061 0.001142
vt 0.090909 0.001142
vt 0.575758 0.001142
vt 0.590908 0.000000
vt 0.696970 0.001142
vt 0.712121 0.000000
vt 0.833333 0.000000
vt 0.818182 0.000000
vt 0.954545 0.001142
vt 0.939394 0.000000
vt 0.440688 0.000000
vt 0.439997 0.000000
vt 0.445458 0.000000
vt 0.362747 0.000000
vt 0.368717 0.000000
vt 0.368456 0.000000
vt 0.357262 0.000000
vt 0.374232 0.000000
vt 0.390350 0.000000
vt 0.396265 0.000000
vt 0.395808 0.000000
vt 0.401255 0.000000
vt 0.346956 0.000000
vt 0.407229 0.000000
vt 0.341488 0.000000
vt 0.340777 0.000000
vt 0.335959 0.000000
vt 0.324915 0.000000
vt 0.319338 0.000000
vt 0.318637 0.000000
vt 0.313692 0.000000
vt 0.490933 0.000000
vt 0.490244 0.000000
vt 0.301666 0.000000
vt 0.302632 0.000000
vt 0.512796 0.000000
vt 0.484749 0.000000
vt 0.296655 0.000000
vt 0.295706 0.000000
vt 0.479946 0.000000
vt 0.457252 0.000000
vt 0.053866 0.000000
vt 0.053324 0.000000
vt 0.291551 0.000000
vt 0.289474 0.000000
vt 0.567740 0.000000
vt 0.562234 0.000000
vt 0.285433 0.000000
vt 0.284065 0.000000
vt 0.573226 0.000000
vt 0.556725 0.000000
vt 0.058864 0.000000
vt 0.058172 0.000000
vt 0.579281 0.000000
vt 0.136427 0.000000
vt 0.135734 0.000000
vt 0.142341 0.000000
vt 0.141659 0.000000
vt 0.065413 0.000000
vt 0.065084 0.000000
vt 0.274142 0.000000
vt 0.273980 0.000000
vt 0.131464 0.000000
vt 0.130669 0.000000
vt 0.125346 0.000000
vt 0.124654 0.000000
vt 0.147800 0.000000
vt 0.147117 0.000000
vt 0.268684 0.000000
vt 0.268411 0.000000
vt 0.119806 0.000000
vt 0.119114 0.000000
vt 0.523736 0.000000
vt 0.540923 0.000000
vt 0.540235 0.000000
vt 0.070253 0.000000
vt 0.069945 0.000000
vt 0.263278 0.000000
vt 0.262796 0.000000
vt 0.153268 0.000000
vt 0.152355 0.000000
vt 0.529218 0.000000
vt 0.257627 0.000000
vt 0.257456 0.000000
vt 0.534724 0.000000
vt 0.108796 0.000000
vt 0.108726 0.000000
vt 0.158120 0.000000
vt 0.158587 0.000000
vt 0.251780 0.000000
vt 0.252770 0.000000
vt 0.163486 0.000000
vt 0.164127 0.000000
vt 0.075840 0.000000
vt 0.075485 0.000000
vt 0.169668 0.000000
vt 0.168975 0.000000
vt 0.103186 0.000000
vt 0.102493 0.000000
vt 0.174348 0.000000
vt 0.175208 0.000000
vt 0.246847 0.000000
vt 0.246286 0.000000
vt 0.081420 0.000000
vt 0.081025 0.000000
vt 0.097645 0.000000
vt 0.096953 0.000000
vt 0.086565 0.000000
vt 0.085873 0.000000
vt 0.092105 0.000000
vt 0.091413 0.000000
vt 0.241387 0.000000
vt 0.240785 0.000000
vt 0.235918 0.000000
vt 0.235282 0.000000
vt 0.230438 0.000000
vt 0.229778 0.000000
vt 0.197293 0.000000
vt 0.196758 0.000000
vt 0.224273 0.000000
vt 0.225069 0.000000
vt 0.202909 0.000000
vt 0.202216 0.000000
vt 0.219529 0.000000
vt 0.218837 0.000000
vt 0.208378 0.000000
vt 0.207756 0.000000
vt 0.213989 0.000000
vt 0.213296 0.000000
vt 0.724062 0.000000
vt 0.718540 0.000000
vt 0.717962 0.000000
vt 0.735105 0.000000
vt 0.740075 0.000000
vt 0.746146 0.000000
vt 0.745613 0.000000
vt 0.707047 0.000000
vt 0.751155 0.000000
vt 0.652440 0.000000
vt 0.651815 0.000000
vt 0.635885 0.000000
vt 0.657995 0.000000
vt 0.657379 0.000000
vt 0.762717 0.000000
vt 0.762253 0.000000
vt 0.899965 0.000000
vt 0.899286 0.000000
vt 0.663571 0.000000
vt 0.662971 0.000000
vt 0.807007 0.000000
vt 0.812431 0.000000
vt 0.811792 0.000000
vt 0.801569 0.000000
vt 0.800660 0.000000
vt 0.789560 0.000000
vt 0.888429 0.000000
vt 0.785206 0.000000
vt 0.784039 0.000000
vt 0.779753 0.000000
vt 0.778549 0.000000
vt 0.823336 0.000000
vt 0.822851 0.000000
vt 0.669170 0.000000
vt 0.668594 0.000000
vt 0.618780 0.000000
vt 0.883695 0.000000
vt 0.883019 0.000000
vt 0.982163 0.000000
vt 0.976038 0.000000
vt 0.987720 0.000000
vt 0.828831 0.000000
vt 0.828339 0.000000
vt 0.912050 0.000000
vt 0.911357 0.000000
vt 0.674846 0.000000
vt 0.674134 0.000000
vt 0.613537 0.000000
vt 0.612188 0.000000
vt 0.970752 0.000000
vt 0.972992 0.000000
vt 0.877624 0.000000
vt 0.878809 0.000000
vt 0.833808 0.000000
vt 0.834488 0.000000
vt 0.993275 0.000000
vt 0.994460 0.000000
vt 0.840028 0.000000
vt 0.839335 0.000000
vt 0.697270 0.000000
vt 0.695291 0.000000
vt 0.855709 0.000000
vt 0.856648 0.000000
vt 0.967452 0.000000
vt 0.966759 0.000000
vt 0.850870 0.000000
vt 0.850195 0.000000
vt 0.917020 0.000000
vt 0.916898 0.000000
vt 0.845568 0.000000
vt 0.844875 0.000000
vt 0.680115 0.000000
vt 0.679363 0.000000
vt 0.607557 0.000000
vt 0.607131 0.000000
vt 0.861923 0.000000
vt 0.861496 0.000000
vt 0.873269 0.000000
vt 0.872576 0.000000
vt 0.692092 0.000000
vt 0.689751 0.000000
vt 0.686046 0.000000
vt 0.684903 0.000000
vt 0.867729 0.000000
vt 0.867036 0.000000
vt 0.961911 0.000000
vt 0.961219 0.000000
vt 0.923130 0.000000
vt 0.922438 0.000000
vt 0.601801 0.000000
vt 0.601108 0.000000
vt 0.928141 0.000000
vt 0.927311 0.000000
vt 0.956371 0.000000
vt 0.955679 0.000000
vt 0.596260 0.000000
vt 0.595568 0.000000
vt 0.585115 0.000000
vt 0.584488 0.000000
vt 0.933691 0.000000
vt 0.933518 0.000000
vt 0.590720 0.000000
vt 0.590028 0.000000
vt 0.950190 0.000000
vt 0.949506 0.000000
vt 0.939223 0.000000
vt 0.938496 0.000000
vt 0.944731 0.000000
vt 0.944598 0.000000
vt 0.439394 0.998858
vt 0.424242 0.998858
vt 0.318182 1.000000
vt 0.303030 0.998858
vt 0.196969 1.000000
vt 0.181818 0.998858
vt 0.075757 1.000000
vt 0.060606 1.000000
vt 0.560605 1.000000
vt 0.545455 0.998858
vt 0.681818 1.000000
vt 0.666667 0.998858
vt 0.787880 1.000000
vt 0.803030 0.998858
vt 0.909091 1.000000
vt 0.924242 0.998858
vt 0.431440 0.000000
vt 0.436981 0.000000
vt 0.437222 0.000000
vt 0.442752 0.000000
vt 0.442065 0.000000
vt 0.448753 0.000000
vt 0.448061 0.000000
vt 0.365714 0.000000
vt 0.364580 0.000000
vt 0.359418 0.000000
vt 0.370096 0.000000
vt 0.376677 0.000000
vt 0.375611 0.000000
vt 0.382150 0.000000
vt 0.381123 0.000000
vt 0.353828 0.000000
vt 0.387119 0.000000
vt 0.392659 0.000000
vt 0.397639 0.000000
vt 0.349018 0.000000
vt 0.348331 0.000000
vt 0.403740 0.000000
vt 0.403974 0.000000
vt 0.342839 0.000000
vt 0.409280 0.000000
vt 0.409397 0.000000
vt 0.338023 0.000000
vt 0.337335 0.000000
vt 0.331717 0.000000
vt 0.332516 0.000000
vt 0.414784 0.000000
vt 0.414024 0.000000
vt 0.326177 0.000000
vt 0.326993 0.000000
vt 0.420103 0.000000
vt 0.419387 0.000000
vt 0.320637 0.000000
vt 0.321437 0.000000
vt 0.426545 0.000000
vt 0.424583 0.000000
vt 0.315097 0.000000
vt 0.309557 0.000000
vt 0.310135 0.000000
vt 0.497922 0.000000
vt 0.498507 0.000000
vt 0.503463 0.000000
vt 0.504004 0.000000
vt 0.303766 0.000000
vt 0.304017 0.000000
vt 0.492998 0.000000
vt 0.492309 0.000000
vt 0.509003 0.000000
vt 0.486808 0.000000
vt 0.627769 0.000000
vt 0.514543 0.000000
vt 0.511386 0.000000
vt 0.481302 0.000000
vt 0.482005 0.000000
vt 0.453860 0.000000
vt 0.010292 0.001142
vt 0.006861 0.000000
vt 0.475762 0.000000
vt 0.459989 0.000000
vt 0.459304 0.000000
vt 0.470222 0.000000
vt 0.470998 0.000000
vt 0.464681 0.000000
vt 0.465487 0.000000
vt 0.614065 0.001142
vt 0.610635 0.000000
vt 0.024014 0.001142
vt 0.022298 0.001142
vt 0.596913 0.001142
vt 0.600343 0.000000
vt 0.564404 0.000000
vt 0.569945 0.000000
vt 0.558864 0.000000
vt 0.575485 0.000000
vt 0.575947 0.000000
vt 0.553286 0.000000
vt 0.037736 0.001142
vt 0.036021 0.000000
vt 0.581025 0.000000
vt 0.577867 0.000000
vt 0.572899 0.001142
vt 0.571184 0.001142
vt 0.229846 0.001142
vt 0.228141 0.000000
vt 0.243568 0.000000
vt 0.241839 0.000000
vt 0.216124 0.001142
vt 0.214408 0.001142
vt 0.547784 0.000000
vt 0.548482 0.000000
vt 0.202401 0.001142
vt 0.200686 0.001142
vt 0.049743 0.001142
vt 0.051458 0.000000
vt 0.559177 0.001142
vt 0.557458 0.000000
vt 0.521020 0.000000
vt 0.520346 0.000000
vt 0.188676 0.000000
vt 0.186967 0.000000
vt 0.257290 0.000000
vt 0.255575 0.000000
vt 0.542244 0.000000
vt 0.542987 0.000000
vt 0.543736 0.000000
vt 0.174957 0.001142
vt 0.173246 0.000000
vt 0.525623 0.000000
vt 0.531732 0.001142
vt 0.530017 0.001142
vt 0.536704 0.000000
vt 0.531163 0.000000
vt 0.161235 0.000000
vt 0.159520 0.000000
vt 0.065180 0.001142
vt 0.063465 0.000000
vt 0.271004 0.000000
vt 0.269305 0.000000
vt 0.518010 0.001142
vt 0.516295 0.001142
vt 0.284733 0.000000
vt 0.283019 0.000000
vt 0.147513 0.000000
vt 0.145798 0.000000
vt 0.298453 0.000000
vt 0.296744 0.000000
vt 0.504288 0.001142
vt 0.502573 0.001142
vt 0.312178 0.001142
vt 0.310463 0.001142
vt 0.078902 0.001142
vt 0.077187 0.001142
vt 0.324185 0.001142
vt 0.325897 0.000000
vt 0.133791 0.000000
vt 0.132075 0.000000
vt 0.092624 0.001142
vt 0.090909 0.001142
vt 0.490566 0.001142
vt 0.488851 0.001142
vt 0.104631 0.001142
vt 0.106346 0.000000
vt 0.118353 0.001142
vt 0.120069 0.000000
vt 0.339623 0.000000
vt 0.337907 0.000000
vt 0.476844 0.001142
vt 0.475129 0.001142
vt 0.353345 0.000000
vt 0.349914 0.000000
vt 0.463122 0.001142
vt 0.461407 0.001142
vt 0.365352 0.001142
vt 0.367067 0.000000
vt 0.449400 0.001142
vt 0.447684 0.001142
vt 0.379074 0.001142
vt 0.380792 0.000000
vt 0.435678 0.000000
vt 0.433961 0.000000
vt 0.392796 0.001142
vt 0.394513 0.000000
vt 0.406518 0.001142
vt 0.408235 0.000000
vt 0.421957 0.000000
vt 0.420239 0.000000
vt 0.719529 0.000000
vt 0.720722 0.000000
vt 0.725069 0.000000
vt 0.714399 0.000000
vt 0.730609 0.000000
vt 0.736150 0.000000
vt 0.737308 0.000000
vt 0.708449 0.000000
vt 0.742005 0.000000
vt 0.747528 0.000000
vt 0.642768 0.000000
vt 0.752770 0.000000
vt 0.647507 0.000000
vt 0.638034 0.000000
vt 0.637261 0.000000
vt 0.653827 0.000000
vt 0.758310 0.000000
vt 0.630886 0.000000
vt 0.632554 0.000000
vt 0.659388 0.000000
vt 0.763850 0.000000
vt 0.625346 0.000000
vt 0.627072 0.000000
vt 0.902355 0.000000
vt 0.901997 0.000000
vt 0.896814 0.000000
vt 0.808172 0.000000
vt 0.704459 0.000000
vt 0.703804 0.000000
vt 0.802632 0.000000
vt 0.813787 0.000000
vt 0.664968 0.000000
vt 0.891140 0.000000
vt 0.890463 0.000000
vt 0.797091 0.000000
vt 0.797879 0.000000
vt 0.769391 0.000000
vt 0.792328 0.000000
vt 0.792031 0.000000
vt 0.819252 0.000000
vt 0.619806 0.000000
vt 0.621563 0.000000
vt 0.786796 0.000000
vt 0.786570 0.000000
vt 0.780471 0.000000
vt 0.781290 0.000000
vt 0.885734 0.000000
vt 0.774931 0.000000
vt 0.907895 0.000000
vt 0.907587 0.000000
vt 0.824812 0.000000
vt 0.669668 0.000000
vt 0.978059 0.000000
vt 0.985457 0.000000
vt 0.984240 0.000000
vt 0.614266 0.000000
vt 0.615956 0.000000
vt 0.614997 0.000000
vt 0.713576 0.001142
vt 0.711921 0.000000
vt 0.938742 0.001142
vt 0.937086 0.001142
vt 0.976821 0.001142
vt 0.978477 0.000000
vt 0.594371 0.001142
vt 0.592723 0.000000
vt 0.274834 0.001142
vt 0.276490 0.000000
vt 0.223510 0.000000
vt 0.221854 0.000000
vt 0.793043 0.000000
vt 0.791394 0.000000
vt 0.607617 0.000000
vt 0.605958 0.000000
vt 0.064573 0.000000
vt 0.062911 0.000000
vt 0.620859 0.000000
vt 0.619207 0.000000
vt 0.645700 0.000000
vt 0.700331 0.001142
vt 0.698676 0.000000
vt 0.925497 0.000000
vt 0.923841 0.000000
vt 0.660596 0.001142
vt 0.658940 0.000000
vt 0.990066 0.001142
vt 0.991722 0.000000
vt 0.634106 0.001142
vt 0.632450 0.001142
vt 0.261589 0.001142
vt 0.263245 0.000000
vt 0.236755 0.001142
vt 0.235099 0.000000
vt 0.673841 0.000000
vt 0.672185 0.000000
vt 0.248344 0.001142
vt 0.806288 0.000000
vt 0.804639 0.000000
vt 0.685430 0.001142
vt 0.687086 0.000000
vt 0.912252 0.001142
vt 0.910598 0.000000
vt 0.051325 0.001142
vt 0.049669 0.001142
vt 0.819536 0.001142
vt 0.817881 0.001142
vt 0.899005 0.000000
vt 0.897353 0.000000
vt 0.038079 0.000000
vt 0.036424 0.000000
vt 0.832781 0.001142
vt 0.831126 0.001142
vt 0.885761 0.000000
vt 0.884106 0.000000
vt 0.023179 0.001142
vt 0.024834 0.000000
vt 0.011589 0.001142
vt 0.009934 0.000000
vt 0.846026 0.001142
vt 0.844371 0.001142
vt 0.872517 0.001142
vt 0.870861 0.001142
vt 0.857616 0.001142
vt 0.859271 0.000000
vt 0.484848 0.001142
vt 0.469697 0.000000
vt 0.363636 0.001142
vt 0.348485 0.000000
vt 0.242424 0.001142
vt 0.227274 0.000000
vt 0.121212 0.000000
vt 0.106061 0.000000
vt 0.606061 0.001142
vt 0.590909 0.001142
vt 0.727273 0.001142
vt 0.712121 0.001142
vt 0.848485 0.001142
vt 0.833333 0.001142
vt 0.969697 0.001142
vt 0.954545 0.000000
vt 0.429494 0.000000
vt 0.435129 0.000000
vt 0.446714 0.000000
vt 0.446108 0.000000
vt 0.363410 0.000000
vt 0.369827 0.000000
vt 0.358635 0.000000
vt 0.357949 0.000000
vt 0.379745 0.000000
vt 0.386252 0.000000
vt 0.385256 0.000000
vt 0.352453 0.000000
vt 0.390763 0.000000
vt 0.401756 0.000000
vt 0.342153 0.000000
vt 0.336647 0.000000
vt 0.413442 0.000000
vt 0.412671 0.000000
vt 0.331138 0.000000
vt 0.330448 0.000000
vt 0.418783 0.000000
vt 0.418056 0.000000
vt 0.325607 0.000000
vt 0.423982 0.000000
vt 0.320039 0.000000
vt 0.314401 0.000000
vt 0.308722 0.000000
vt 0.508106 0.000000
vt 0.303068 0.000000
vt 0.302367 0.000000
vt 0.485435 0.000000
vt 0.048476 0.000000
vt 0.047091 0.000000
vt 0.452525 0.000000
vt 0.480633 0.000000
vt 0.475132 0.000000
vt 0.474443 0.000000
vt 0.290967 0.000000
vt 0.292244 0.000000
vt 0.055217 0.000000
vt 0.054541 0.000000
vt 0.286157 0.000000
vt 0.286011 0.000000
vt 0.563610 0.000000
vt 0.562922 0.000000
vt 0.569114 0.000000
vt 0.568427 0.000000
vt 0.574589 0.000000
vt 0.059981 0.000000
vt 0.059557 0.000000
vt 0.281163 0.000000
vt 0.279778 0.000000
vt 0.551913 0.000000
vt 0.137562 0.000000
vt 0.136807 0.000000
vt 0.275623 0.000000
vt 0.274931 0.000000
vt 0.142659 0.000000
vt 0.141967 0.000000
vt 0.065097 0.000000
vt 0.064404 0.000000
vt 0.131579 0.000000
vt 0.130886 0.000000
vt 0.519013 0.000000
vt 0.126084 0.000000
vt 0.126039 0.000000
vt 0.270083 0.000000
vt 0.269391 0.000000
vt 0.148483 0.000000
vt 0.147507 0.000000
vt 0.120657 0.000000
vt 0.120499 0.000000
vt 0.541612 0.000000
vt 0.264543 0.000000
vt 0.263850 0.000000
vt 0.114233 0.000000
vt 0.114958 0.000000
vt 0.070952 0.000000
vt 0.070637 0.000000
vt 0.258554 0.000000
vt 0.258310 0.000000
vt 0.536101 0.000000
vt 0.530593 0.000000
vt 0.529906 0.000000
vt 0.153740 0.000000
vt 0.153047 0.000000
vt 0.110138 0.000000
vt 0.109464 0.000000
vt 0.159460 0.000000
vt 0.158721 0.000000
vt 0.252296 0.000000
vt 0.253463 0.000000
vt 0.164833 0.000000
vt 0.164359 0.000000
vt 0.076537 0.000000
vt 0.076177 0.000000
vt 0.169971 0.000000
vt 0.170360 0.000000
vt 0.104716 0.000000
vt 0.104051 0.000000
vt 0.247922 0.000000
vt 0.247230 0.000000
vt 0.175717 0.000000
vt 0.175545 0.000000
vt 0.082816 0.000000
vt 0.082118 0.000000
vt 0.098662 0.000000
vt 0.098338 0.000000
vt 0.088431 0.000000
vt 0.087735 0.000000
vt 0.093940 0.000000
vt 0.093260 0.000000
vt 0.181464 0.000000
vt 0.179363 0.000000
vt 0.242382 0.000000
vt 0.241690 0.000000
vt 0.186981 0.000000
vt 0.184903 0.000000
vt 0.236842 0.000000
vt 0.236150 0.000000
vt 0.192521 0.000000
vt 0.191136 0.000000
vt 0.231302 0.000000
vt 0.230609 0.000000
vt 0.198133 0.000000
vt 0.197368 0.000000
vt 0.224944 0.000000
vt 0.225762 0.000000
vt 0.203634 0.000000
vt 0.202837 0.000000
vt 0.220144 0.000000
vt 0.219436 0.000000
vt 0.209137 0.000000
vt 0.208449 0.000000
vt 0.214640 0.000000
vt 0.213913 0.000000
vt 0.719340 0.000000
vt 0.730392 0.000000
vt 0.729584 0.000000
vt 0.713066 0.000000
vt 0.741459 0.000000
vt 0.740626 0.000000
vt 0.708328 0.000000
vt 0.707688 0.000000
vt 0.752541 0.000000
vt 0.751668 0.000000
vt 0.641390 0.000000
vt 0.636662 0.000000
vt 0.758089 0.000000
vt 0.757190 0.000000
vt 0.631184 0.000000
vt 0.630382 0.000000
vt 0.625699 0.000000
vt 0.624860 0.000000
vt 0.895211 0.000000
vt 0.894532 0.000000
vt 0.769207 0.000000
vt 0.768252 0.000000
vt 0.796122 0.000000
vt 0.889107 0.000000
vt 0.818549 0.000000
vt 0.818023 0.000000
vt 0.790666 0.000000
vt 0.906155 0.000000
vt 0.620175 0.000000
vt 0.619282 0.000000
vt 0.703150 0.000000
vt 0.773825 0.000000
vt 0.824123 0.000000
vt 0.976709 0.000000
vt 0.988418 0.000000
vt 0.614522 0.000000
vt 0.612881 0.000000
vt 0.972059 0.000000
vt 0.971404 0.000000
vt 0.878297 0.000000
vt 0.879501 0.000000
vt 0.674515 0.000000
vt 0.673823 0.000000
vt 0.911840 0.000000
vt 0.911445 0.000000
vt 0.835166 0.000000
vt 0.834370 0.000000
vt 0.697919 0.000000
vt 0.695983 0.000000
vt 0.993962 0.000000
vt 0.995152 0.000000
vt 0.840596 0.000000
vt 0.839940 0.000000
vt 0.608622 0.000000
vt 0.607341 0.000000
vt 0.851541 0.000000
vt 0.851108 0.000000
vt 0.966129 0.000000
vt 0.968144 0.000000
vt 0.857086 0.000000
vt 0.856398 0.000000
vt 0.846108 0.000000
vt 0.845425 0.000000
vt 0.872922 0.000000
vt 0.873961 0.000000
vt 0.680847 0.000000
vt 0.680055 0.000000
vt 0.918283 0.000000
vt 0.917590 0.000000
vt 0.862881 0.000000
vt 0.862188 0.000000
vt 0.692741 0.000000
vt 0.690443 0.000000
vt 0.686736 0.000000
vt 0.685596 0.000000
vt 0.867467 0.000000
vt 0.868421 0.000000
vt 0.961546 0.000000
vt 0.960944 0.000000
vt 0.602657 0.000000
vt 0.601953 0.000000
vt 0.922581 0.000000
vt 0.923823 0.000000
vt 0.955598 0.000000
vt 0.957064 0.000000
vt 0.596344 0.000000
vt 0.596953 0.000000
vt 0.928715 0.000000
vt 0.928670 0.000000
vt 0.585817 0.000000
vt 0.585180 0.000000
vt 0.950864 0.000000
vt 0.950831 0.000000
vt 0.590741 0.000000
vt 0.591413 0.000000
vt 0.934315 0.000000
vt 0.934211 0.000000
vt 0.939884 0.000000
vt 0.939751 0.000000
vt 0.945411 0.000000
vt 0.945291 0.000000
vt 0.454545 1.000000
vt 0.439395 1.000000
vt 0.333333 0.998858
vt 0.318182 0.998858
vt 0.212121 1.000000
vt 0.196970 0.998858
vt 0.090909 1.000000
vt 0.075758 0.998858
vt 0.575758 0.998858
vt 0.560606 0.998858
vt 0.696969 1.000000
vt 0.681818 0.998858
vt 0.803030 1.000000
vt 0.818182 0.998858
vt 0.924242 1.000000
vt 0.939394 0.998858
vt 0.426637 0.000000
vt 0.421759 0.000000
vt 0.443436 0.000000
vt 0.360692 0.000000
vt 0.360007 0.000000
vt 0.371198 0.000000
vt 0.355202 0.000000
vt 0.354515 0.000000
vt 0.387618 0.000000
vt 0.393080 0.000000
vt 0.398533 0.000000
vt 0.344210 0.000000
vt 0.343524 0.000000
vt 0.409955 0.000000
vt 0.333205 0.000000
vt 0.327684 0.000000
vt 0.315818 0.000000
vt 0.305159 0.000000
vt 0.510140 0.000000
vt 0.487495 0.000000
vt 0.629503 0.001142
vt 0.627787 0.001142
vt 0.482691 0.000000
vt 0.454534 0.000000
vt 0.477196 0.000000
vt 0.476508 0.000000
vt 0.615780 0.000000
vt 0.614065 0.000000
vt 0.025729 0.000000
vt 0.024014 0.000000
vt 0.565676 0.000000
vt 0.564988 0.000000
vt 0.570487 0.000000
vt 0.583190 0.001142
vt 0.588336 0.000000
vt 0.576624 0.000000
vt 0.553973 0.000000
vt 0.039451 0.001142
vt 0.037736 0.000000
vt 0.574614 0.000000
vt 0.572899 0.000000
vt 0.231561 0.000000
vt 0.229838 0.000000
vt 0.217837 0.000000
vt 0.216124 0.000000
vt 0.243568 0.001142
vt 0.245283 0.000000
vt 0.204119 0.000000
vt 0.202399 0.000000
vt 0.560889 0.000000
vt 0.559180 0.000000
vt 0.053173 0.001142
vt 0.051458 0.001142
vt 0.188679 0.001142
vt 0.190398 0.000000
vt 0.543676 0.000000
vt 0.547170 0.001142
vt 0.545458 0.000000
vt 0.176672 0.001142
vt 0.174957 0.000000
vt 0.259005 0.001142
vt 0.257290 0.001142
vt 0.526473 0.000000
vt 0.533446 0.000000
vt 0.531733 0.000000
vt 0.537479 0.000000
vt 0.532658 0.000000
vt 0.531969 0.000000
vt 0.162950 0.001142
vt 0.161235 0.001142
vt 0.271012 0.001142
vt 0.272727 0.000000
vt 0.519726 0.001142
vt 0.518013 0.000000
vt 0.066895 0.001142
vt 0.065180 0.000000
vt 0.286449 0.001142
vt 0.284734 0.001142
vt 0.147513 0.001142
vt 0.149228 0.000000
vt 0.300172 0.001142
vt 0.298456 0.001142
vt 0.506003 0.001142
vt 0.504291 0.000000
vt 0.313897 0.000000
vt 0.312176 0.000000
vt 0.080617 0.001142
vt 0.078630 0.000000
vt 0.325901 0.001142
vt 0.327616 0.000000
vt 0.133791 0.001142
vt 0.135506 0.000000
vt 0.094340 0.001142
vt 0.092624 0.000000
vt 0.492279 0.000000
vt 0.490569 0.000000
vt 0.106346 0.001142
vt 0.108062 0.000000
vt 0.121784 0.001142
vt 0.120069 0.001142
vt 0.478557 0.000000
vt 0.476846 0.000000
vt 0.355060 0.001142
vt 0.353345 0.001142
vt 0.464836 0.000000
vt 0.463123 0.000000
vt 0.368782 0.001142
vt 0.367067 0.001142
vt 0.451114 0.000000
vt 0.449400 0.000000
vt 0.382504 0.001142
vt 0.380789 0.001142
vt 0.437393 0.001142
vt 0.435678 0.001142
vt 0.394511 0.001142
vt 0.396224 0.000000
vt 0.423671 0.001142
vt 0.421955 0.001142
vt 0.408233 0.001142
vt 0.409947 0.000000
vt 0.721301 0.000000
vt 0.726823 0.000000
vt 0.726247 0.000000
vt 0.715779 0.000000
vt 0.715203 0.000000
vt 0.731774 0.000000
vt 0.737865 0.000000
vt 0.709646 0.000000
vt 0.743387 0.000000
vt 0.742844 0.000000
vt 0.748907 0.000000
vt 0.748385 0.000000
vt 0.649046 0.000000
vt 0.754429 0.000000
vt 0.753927 0.000000
vt 0.638637 0.000000
vt 0.655216 0.000000
vt 0.654592 0.000000
vt 0.759476 0.000000
vt 0.660780 0.000000
vt 0.660170 0.000000
vt 0.627625 0.000000
vt 0.765482 0.000000
vt 0.902667 0.000000
vt 0.896570 0.000000
vt 0.809720 0.000000
vt 0.809012 0.000000
vt 0.804290 0.000000
vt 0.803443 0.000000
vt 0.891818 0.000000
vt 0.798848 0.000000
vt 0.793395 0.000000
vt 0.666367 0.000000
vt 0.665776 0.000000
vt 0.770602 0.000000
vt 0.820103 0.000000
vt 0.886399 0.000000
vt 0.885723 0.000000
vt 0.775825 0.000000
vt 0.979416 0.000000
vt 0.978738 0.000000
vt 0.826083 0.000000
vt 0.825602 0.000000
vt 0.671982 0.000000
vt 0.671420 0.000000
vt 0.880994 0.000000
vt 0.880319 0.000000
vt 0.973376 0.000000
vt 0.596027 0.000000
vt 0.594365 0.000000
vt 0.980132 0.001142
vt 0.978477 0.001142
vt 0.276490 0.001142
vt 0.278146 0.000000
vt 0.793046 0.001142
vt 0.794705 0.000000
vt 0.609272 0.001142
vt 0.607616 0.001142
vt 0.225166 0.001142
vt 0.223510 0.001142
vt 0.066225 0.001142
vt 0.064570 0.001142
vt 0.701987 0.000000
vt 0.700331 0.000000
vt 0.927152 0.001142
vt 0.925497 0.001142
vt 0.649007 0.000000
vt 0.620861 0.001142
vt 0.622516 0.000000
vt 0.662252 0.001142
vt 0.660596 0.000000
vt 0.635762 0.000000
vt 0.634106 0.000000
vt 0.263245 0.001142
vt 0.264901 0.000000
vt 0.991722 0.001142
vt 0.993378 0.000000
vt 0.238411 0.001142
vt 0.236755 0.000000
vt 0.675497 0.001142
vt 0.673841 0.001142
vt 0.913907 0.001142
vt 0.912249 0.000000
vt 0.250000 0.001142
vt 0.251656 0.000000
vt 0.687086 0.001142
vt 0.688742 0.000000
vt 0.806291 0.001142
vt 0.807950 0.000000
vt 0.052980 0.001142
vt 0.051325 0.000000
vt 0.821195 0.000000
vt 0.819534 0.000000
vt 0.900662 0.001142
vt 0.899007 0.001142
vt 0.038079 0.001142
vt 0.039735 0.000000
vt 0.834440 0.000000
vt 0.832779 0.000000
vt 0.887417 0.001142
vt 0.885762 0.001142
vt 0.024834 0.001142
vt 0.026490 0.000000
vt 0.013245 0.001142
vt 0.011589 0.000000
vt 0.847684 0.000000
vt 0.846024 0.000000
vt 0.874172 0.001142
vt 0.872517 0.000000
vt 0.859272 0.001142
vt 0.860928 0.000000
vt 0.500000 0.000000
vt 0.484849 0.000000
vt 0.378788 0.000000
vt 0.363636 0.000000
vt 0.257576 0.000000
vt 0.242423 0.000000
vt 0.136364 0.001142
vt 0.121212 0.001142
vt 0.621212 0.001142
vt 0.606063 0.000000
vt 0.742424 0.001142
vt 0.727274 0.000000
vt 0.863636 0.001142
vt 0.848486 0.000000
vt 0.015152 0.001142
vt 0.001056 0.000000
vt 0.000000 0.001142
vt 0.999941 0.000000
vt 0.984848 0.001142
vt 1.000000 0.001142
vt 0.984848 0.000000
vt 0.969697 0.000000
vt 0.430912 0.000000
vt 0.430203 0.000000
vt 0.436526 0.000000
vt 0.441378 0.000000
vt 0.447136 0.000000
vt 0.364341 0.000000
vt 0.359321 0.000000
vt 0.353828 0.000000
vt 0.353141 0.000000
vt 0.386633 0.000000
vt 0.392139 0.000000
vt 0.391715 0.000000
vt 0.397170 0.000000
vt 0.347643 0.000000
vt 0.403126 0.000000
vt 0.402616 0.000000
vt 0.408593 0.000000
vt 0.408043 0.000000
vt 0.337335 0.000000
vt 0.414024 0.000000
vt 0.331827 0.000000
vt 0.326300 0.000000
vt 0.320738 0.000000
vt 0.315110 0.000000
vt 0.309411 0.000000
vt 0.497818 0.000000
vt 0.497130 0.000000
vt 0.502632 0.000000
vt 0.303324 0.000000
vt 0.491621 0.000000
vt 0.513987 0.000000
vt 0.297091 0.000000
vt 0.481319 0.000000
vt 0.453189 0.000000
vt 0.475820 0.000000
vt 0.458619 0.000000
vt 0.470309 0.000000
vt 0.469620 0.000000
vt 0.464799 0.000000
vt 0.464111 0.000000
vt 0.054709 0.000000
vt 0.054017 0.000000
vt 0.564299 0.000000
vt 0.569801 0.000000
vt 0.558790 0.000000
vt 0.558101 0.000000
vt 0.060664 0.000000
vt 0.060249 0.000000
vt 0.552599 0.000000
vt 0.580473 0.000000
vt 0.137812 0.000000
vt 0.137119 0.000000
vt 0.275512 0.000000
vt 0.275368 0.000000
vt 0.143201 0.000000
vt 0.143352 0.000000
vt 0.132802 0.000000
vt 0.132075 0.000000
vt 0.547796 0.000000
vt 0.066771 0.000000
vt 0.066103 0.000000
vt 0.127434 0.000000
vt 0.126459 0.000000
vt 0.519676 0.000000
vt 0.269807 0.000000
vt 0.270776 0.000000
vt 0.122018 0.000000
vt 0.120880 0.000000
vt 0.148892 0.000000
vt 0.148199 0.000000
vt 0.542300 0.000000
vt 0.264204 0.000000
vt 0.265235 0.000000
vt 0.115599 0.000000
vt 0.115651 0.000000
vt 0.525103 0.000000
vt 0.259260 0.000000
vt 0.259003 0.000000
vt 0.536790 0.000000
vt 0.531281 0.000000
vt 0.071651 0.000000
vt 0.071330 0.000000
vt 0.153953 0.000000
vt 0.154432 0.000000
vt 0.110111 0.000000
vt 0.109418 0.000000
vt 0.253152 0.000000
vt 0.254155 0.000000
vt 0.159972 0.000000
vt 0.159280 0.000000
vt 0.165512 0.000000
vt 0.164820 0.000000
vt 0.104571 0.000000
vt 0.103878 0.000000
vt 0.077932 0.000000
vt 0.077235 0.000000
vt 0.171368 0.000000
vt 0.170253 0.000000
vt 0.248210 0.000000
vt 0.247660 0.000000
vt 0.176934 0.000000
vt 0.175900 0.000000
vt 0.083517 0.000000
vt 0.081717 0.000000
vt 0.099334 0.000000
vt 0.099030 0.000000
vt 0.089126 0.000000
vt 0.087258 0.000000
vt 0.094618 0.000000
vt 0.092798 0.000000
vt 0.182133 0.000000
vt 0.181440 0.000000
vt 0.242753 0.000000
vt 0.242161 0.000000
vt 0.237286 0.000000
vt 0.236658 0.000000
vt 0.193246 0.000000
vt 0.192530 0.000000
vt 0.231809 0.000000
vt 0.231154 0.000000
vt 0.225649 0.000000
vt 0.226454 0.000000
vt 0.198679 0.000000
vt 0.198061 0.000000
vt 0.204294 0.000000
vt 0.203601 0.000000
vt 0.220914 0.000000
vt 0.220222 0.000000
vt 0.209763 0.000000
vt 0.209141 0.000000
vt 0.215374 0.000000
vt 0.214681 0.000000
vt 0.725443 0.000000
vt 0.724865 0.000000
vt 0.719921 0.000000
vt 0.730965 0.000000
vt 0.713823 0.000000
vt 0.735924 0.000000
vt 0.708971 0.000000
vt 0.746998 0.000000
vt 0.753048 0.000000
vt 0.648287 0.000000
vt 0.647663 0.000000
vt 0.637261 0.000000
vt 0.653203 0.000000
vt 0.631758 0.000000
vt 0.659388 0.000000
vt 0.658774 0.000000
vt 0.764099 0.000000
vt 0.763642 0.000000
vt 0.901322 0.000000
vt 0.900643 0.000000
vt 0.626243 0.000000
vt 0.895890 0.000000
vt 0.808363 0.000000
vt 0.807619 0.000000
vt 0.664968 0.000000
vt 0.664373 0.000000
vt 0.802931 0.000000
vt 0.802051 0.000000
vt 0.797485 0.000000
vt 0.796489 0.000000
vt 0.769639 0.000000
vt 0.889785 0.000000
vt 0.792030 0.000000
vt 0.703804 0.000000
vt 0.785418 0.000000
vt 0.907233 0.000000
vt 0.781115 0.000000
vt 0.779917 0.000000
vt 0.620686 0.000000
vt 0.775682 0.000000
vt 0.885046 0.000000
vt 0.884371 0.000000
vt 0.670574 0.000000
vt 0.670006 0.000000
vt 0.983546 0.000000
vt 0.982853 0.000000
vt 0.977383 0.000000
vt 0.989115 0.000000
vt 0.990305 0.000000
vt 0.614997 0.000000
vt 0.613573 0.000000
vt 0.830332 0.000000
vt 0.829640 0.000000
vt 0.879644 0.000000
vt 0.878971 0.000000
vt 0.972719 0.000000
vt 0.973684 0.000000
vt 0.675577 0.000000
vt 0.675208 0.000000
vt 0.912841 0.000000
vt 0.912742 0.000000
vt 0.835873 0.000000
vt 0.835180 0.000000
vt 0.698570 0.000000
vt 0.696676 0.000000
vt 0.841413 0.000000
vt 0.840720 0.000000
vt 0.852493 0.000000
vt 0.851801 0.000000
vt 0.608726 0.000000
vt 0.608033 0.000000
vt 0.994643 0.000000
vt 0.995845 0.000000
vt 0.966813 0.000000
vt 0.968837 0.000000
vt 0.857776 0.000000
vt 0.857341 0.000000
vt 0.873581 0.000000
vt 0.874654 0.000000
vt 0.846791 0.000000
vt 0.846260 0.000000
vt 0.918410 0.000000
vt 0.917474 0.000000
vt 0.681575 0.000000
vt 0.680748 0.000000
vt 0.862614 0.000000
vt 0.863573 0.000000
vt 0.693388 0.000000
vt 0.691136 0.000000
vt 0.688058 0.000000
vt 0.687378 0.000000
vt 0.868835 0.000000
vt 0.868151 0.000000
vt 0.963296 0.000000
vt 0.962604 0.000000
vt 0.603361 0.000000
vt 0.602493 0.000000
vt 0.923972 0.000000
vt 0.923096 0.000000
vt 0.956242 0.000000
vt 0.957756 0.000000
vt 0.597045 0.000000
vt 0.597645 0.000000
vt 0.929531 0.000000
vt 0.929363 0.000000
vt 0.586565 0.000000
vt 0.585873 0.000000
vt 0.952216 0.000000
vt 0.951524 0.000000
vt 0.592144 0.000000
vt 0.591443 0.000000
vt 0.935077 0.000000
vt 0.934903 0.000000
vt 0.946100 0.000000
vt 0.945983 0.000000
vt 0.940601 0.000000
vt 0.940443 0.000000
vt 0.469697 0.998858
vt 0.454545 0.998858
vt 0.333333 1.000000
vt 0.348485 0.998858
vt 0.227273 0.998858
vt 0.212121 0.998858
vt 0.106061 0.998858
vt 0.090909 0.998858
vt 0.590908 1.000000
vt 0.575758 1.000000
vt 0.712121 1.000000
vt 0.696970 0.998858
vt 0.833333 1.000000
vt 0.818182 1.000000
vt 0.939394 1.000000
vt 0.954545 0.998858
vt 0.432324 0.000000
vt 0.427349 0.000000
vt 0.438612 0.000000
vt 0.437917 0.000000
vt 0.361378 0.000000
vt 0.367085 0.000000
vt 0.365960 0.000000
vt 0.371475 0.000000
vt 0.378045 0.000000
vt 0.376989 0.000000
vt 0.355889 0.000000
vt 0.383518 0.000000
vt 0.382501 0.000000
vt 0.388985 0.000000
vt 0.388010 0.000000
vt 0.393515 0.000000
vt 0.349705 0.000000
vt 0.399895 0.000000
vt 0.399012 0.000000
vt 0.404495 0.000000
vt 0.344896 0.000000
vt 0.339399 0.000000
vt 0.338711 0.000000
vt 0.410747 0.000000
vt 0.333894 0.000000
vt 0.416122 0.000000
vt 0.415373 0.000000
vt 0.328376 0.000000
vt 0.421414 0.000000
vt 0.420711 0.000000
vt 0.322134 0.000000
vt 0.317230 0.000000
vt 0.310848 0.000000
vt 0.499883 0.000000
vt 0.499195 0.000000
vt 0.504690 0.000000
vt 0.493687 0.000000
vt 0.510813 0.000000
vt 0.488182 0.000000
vt 0.631218 0.000000
vt 0.629503 0.000000
vt 0.450671 0.000000
vt 0.483377 0.000000
vt 0.455211 0.000000
vt 0.013722 0.000000
vt 0.010292 0.000000
vt 0.460675 0.000000
vt 0.615780 0.001142
vt 0.617496 0.000000
vt 0.471687 0.000000
vt 0.466864 0.000000
vt 0.466176 0.000000
vt 0.600343 0.001142
vt 0.603774 0.000000
vt 0.027444 0.001142
vt 0.025729 0.001142
vt 0.560167 0.000000
vt 0.571857 0.000000
vt 0.571172 0.000000
vt 0.554661 0.000000
vt 0.577297 0.000000
vt 0.574614 0.001142
vt 0.576329 0.000000
vt 0.041166 0.001142
vt 0.039451 0.000000
vt 0.519766 0.000000
vt 0.231561 0.001142
vt 0.233276 0.000000
vt 0.219554 0.001142
vt 0.217839 0.001142
vt 0.246998 0.001142
vt 0.245283 0.001142
vt 0.205832 0.001142
vt 0.204117 0.001142
vt 0.560892 0.001142
vt 0.562611 0.000000
vt 0.192110 0.001142
vt 0.190395 0.001142
vt 0.054888 0.000000
vt 0.053173 0.000000
vt 0.544363 0.000000
vt 0.521696 0.000000
vt 0.548885 0.001142
vt 0.547167 0.000000
vt 0.178388 0.001142
vt 0.176676 0.000000
vt 0.260707 0.000000
vt 0.259018 0.000000
vt 0.535163 0.001142
vt 0.533448 0.001142
vt 0.538857 0.000000
vt 0.538168 0.000000
vt 0.527844 0.000000
vt 0.527158 0.000000
vt 0.164666 0.001142
vt 0.162950 0.000000
vt 0.521441 0.001142
vt 0.519723 0.000000
vt 0.274443 0.001142
vt 0.272727 0.001142
vt 0.068611 0.001142
vt 0.066895 0.000000
vt 0.149228 0.001142
vt 0.288163 0.000000
vt 0.286451 0.000000
vt 0.507719 0.001142
vt 0.506001 0.000000
vt 0.301887 0.001142
vt 0.300175 0.000000
vt 0.315609 0.001142
vt 0.313894 0.001142
vt 0.082333 0.000000
vt 0.079972 0.000000
vt 0.135506 0.001142
vt 0.137221 0.000000
vt 0.493997 0.001142
vt 0.492281 0.001142
vt 0.327616 0.001142
vt 0.329331 0.000000
vt 0.096055 0.001142
vt 0.094340 0.000000
vt 0.123499 0.001142
vt 0.121784 0.000000
vt 0.109777 0.001142
vt 0.108062 0.001142
vt 0.339623 0.001142
vt 0.343053 0.000000
vt 0.480274 0.001142
vt 0.478559 0.001142
vt 0.356775 0.001142
vt 0.355070 0.000000
vt 0.466552 0.001142
vt 0.464837 0.001142
vt 0.370497 0.001142
vt 0.368782 0.000000
vt 0.452830 0.001142
vt 0.451115 0.001142
vt 0.384222 0.000000
vt 0.382502 0.000000
vt 0.439108 0.001142
vt 0.437392 0.000000
vt 0.397942 0.001142
vt 0.396226 0.001142
vt 0.425387 0.000000
vt 0.423670 0.000000
vt 0.409949 0.001142
vt 0.411665 0.000000
vt 0.727629 0.000000
vt 0.732344 0.000000
vt 0.710324 0.000000
vt 0.644905 0.000000
vt 0.650430 0.000000
vt 0.649672 0.000000
vt 0.633922 0.000000
vt 0.760865 0.000000
vt 0.759952 0.000000
vt 0.705759 0.000000
vt 0.628443 0.000000
vt 0.766423 0.000000
vt 0.897249 0.000000
vt 0.804835 0.000000
vt 0.622946 0.000000
vt 0.622082 0.000000
vt 0.793714 0.000000
vt 0.788177 0.000000
vt 0.787936 0.000000
vt 0.771999 0.000000
vt 0.771027 0.000000
vt 0.821378 0.000000
vt 0.820603 0.000000
vt 0.777184 0.000000
vt 0.980101 0.000000
vt 0.617374 0.000000
vt 0.616440 0.000000
vt 0.826871 0.000000
vt 0.984935 0.000000
vt 0.672766 0.000000
vt 0.909010 0.000000
vt 0.908643 0.000000
vt 0.974038 0.000000
vt 0.278146 0.001142
vt 0.279801 0.000000
vt 0.597682 0.001142
vt 0.596026 0.001142
vt 0.981788 0.000000
vt 0.980132 0.000000
vt 0.067884 0.000000
vt 0.066222 0.000000
vt 0.703642 0.001142
vt 0.701987 0.001142
vt 0.928808 0.001142
vt 0.927152 0.000000
vt 0.610928 0.000000
vt 0.609270 0.000000
vt 0.226821 0.001142
vt 0.225166 0.000000
vt 0.796358 0.001142
vt 0.794702 0.001142
vt 0.650662 0.001142
vt 0.649007 0.001142
vt 0.622517 0.001142
vt 0.624172 0.000000
vt 0.663907 0.000000
vt 0.662252 0.000000
vt 0.637417 0.001142
vt 0.635762 0.001142
vt 0.264901 0.001142
vt 0.266556 0.000000
vt 0.915560 0.000000
vt 0.913910 0.000000
vt 0.240066 0.001142
vt 0.238411 0.000000
vt 0.688742 0.001142
vt 0.690397 0.000000
vt 0.677153 0.000000
vt 0.675497 0.000000
vt 0.251656 0.001142
vt 0.253311 0.000000
vt 0.993378 0.001142
vt 0.995033 0.000000
vt 0.054636 0.001142
vt 0.052980 0.000000
vt 0.807947 0.001142
vt 0.809600 0.000000
vt 0.998344 0.001142
vt 0.902316 0.000000
vt 0.900664 0.000000
vt 0.039735 0.001142
vt 0.041391 0.000000
vt 0.001656 0.000000
vt 0.000000 0.000000
vt 0.822848 0.001142
vt 0.821192 0.001142
vt 0.889073 0.001142
vt 0.887418 0.000000
vt 0.836093 0.001142
vt 0.834437 0.001142
vt 0.028146 0.001142
vt 0.026490 0.001142
vt 0.014901 0.000000
vt 0.013245 0.000000
vt 0.849338 0.001142
vt 0.847682 0.001142
vt 0.875828 0.000000
vt 0.874172 0.000000
vt 0.862583 0.001142
vt 0.860927 0.001142
vt 0.393939 0.001142
vt 0.378788 0.001142
vt 0.515152 0.001142
vt 0.500000 0.001142
vt 0.257576 0.001142
vt 0.151515 0.001142
vt 0.136365 0.000000
vt 0.030303 0.001142
vt 0.015137 0.000000
vt 0.636365 0.000000
vt 0.621211 0.000000
vt 0.757576 0.000000
vt 0.742423 0.000000
vt 0.878788 0.000000
vt 0.863635 0.000000
vt 0.442066 0.000000
vt 0.364580 0.000000
vt 0.370096 0.000000
vt 0.375610 0.000000
vt 0.381123 0.000000
vt 0.397639 0.000000
vt 0.348330 0.000000
vt 0.342838 0.000000
vt 0.419387 0.000000
vt 0.424583 0.000000
vt 0.303766 0.000000
vt 0.492309 0.000000
vt 0.486808 0.000000
vt 0.511386 0.000000
vt 0.453860 0.000000
vt 0.049877 0.000000
vt 0.459304 0.000000
vt 0.291706 0.000000
vt 0.055895 0.000000
vt 0.286704 0.000000
vt 0.280629 0.000000
vt 0.553286 0.000000
vt 0.061349 0.000000
vt 0.577867 0.000000
vt 0.276316 0.000000
vt 0.138377 0.000000
vt 0.143538 0.000000
vt 0.132271 0.000000
vt 0.126731 0.000000
vt 0.065789 0.000000
vt 0.270045 0.000000
vt 0.121191 0.000000
vt 0.149166 0.000000
vt 0.264623 0.000000
vt 0.116567 0.000000
vt 0.259695 0.000000
vt 0.110814 0.000000
vt 0.072350 0.000000
vt 0.154752 0.000000
vt 0.253656 0.000000
vt 0.160132 0.000000
vt 0.105385 0.000000
vt 0.165766 0.000000
vt 0.248615 0.000000
vt 0.171053 0.000000
vt 0.076870 0.000000
vt 0.176593 0.000000
vt 0.100007 0.000000
vt 0.082410 0.000000
vt 0.243075 0.000000
vt 0.087950 0.000000
vt 0.093490 0.000000
vt 0.182488 0.000000
vt 0.237535 0.000000
vt 0.187000 0.000000
vt 0.231994 0.000000
vt 0.193213 0.000000
vt 0.226319 0.000000
vt 0.198753 0.000000
vt 0.220814 0.000000
vt 0.204223 0.000000
vt 0.209834 0.000000
vt 0.215294 0.000000
vt 0.736485 0.000000
vt 0.742006 0.000000
vt 0.747527 0.000000
vt 0.642768 0.000000
vt 0.653827 0.000000
vt 0.813787 0.000000
vt 0.890462 0.000000
vt 0.786571 0.000000
vt 0.824813 0.000000
vt 0.978059 0.000000
vt 0.880194 0.000000
vt 0.974377 0.000000
vt 0.990997 0.000000
vt 0.830395 0.000000
vt 0.697368 0.000000
vt 0.676392 0.000000
vt 0.913435 0.000000
vt 0.835763 0.000000
vt 0.609059 0.000000
vt 0.841332 0.000000
vt 0.852221 0.000000
vt 0.853053 0.000000
vt 0.874256 0.000000
vt 0.966918 0.000000
vt 0.858033 0.000000
vt 0.996537 0.000000
vt 0.846953 0.000000
vt 0.691828 0.000000
vt 0.682302 0.000000
vt 0.863307 0.000000
vt 0.686288 0.000000
vt 0.918975 0.000000
vt 0.869114 0.000000
vt 0.962267 0.000000
vt 0.603186 0.000000
vt 0.924515 0.000000
vt 0.956941 0.000000
vt 0.597745 0.000000
vt 0.930055 0.000000
vt 0.951550 0.000000
vt 0.592105 0.000000
vt 0.586522 0.000000
vt 0.935596 0.000000
vt 0.946676 0.000000
vt 0.941136 0.000000
vt 0.469697 1.000000
vt 0.348485 1.000000
vt 0.227274 1.000000
vt 0.106061 1.000000
vt 0.590909 0.998858
vt 0.712121 0.998858
vt 0.833333 0.998858
vt 0.954545 1.000000
vt 0.433027 0.000000
vt 0.432959 0.000000
vt 0.064611 0.000000
vt 0.372568 0.000000
vt 0.350392 0.000000
vt 0.405332 0.000000
vt 0.311559 0.000000
vt 0.305853 0.000000
vt 0.494375 0.000000
vt 0.488869 0.000000
vt 0.631218 0.001142
vt 0.455890 0.000000
vt 0.617496 0.001142
vt 0.472376 0.000000
vt 0.461361 0.000000
vt 0.013722 0.001142
vt 0.603774 0.001142
vt 0.566364 0.000000
vt 0.027444 0.000000
vt 0.588336 0.001142
vt 0.555348 0.000000
vt 0.576329 0.001142
vt 0.549854 0.000000
vt 0.041166 0.000000
vt 0.233276 0.001142
vt 0.219558 0.000000
vt 0.517164 0.000000
vt 0.205829 0.000000
vt 0.562607 0.001142
vt 0.246998 0.000000
vt 0.192107 0.000000
vt 0.054889 0.001142
vt 0.548888 0.000000
vt 0.178384 0.000000
vt 0.522374 0.000000
vt 0.260720 0.001142
vt 0.535165 0.000000
vt 0.164666 0.000000
vt 0.521444 0.000000
vt 0.274449 0.000000
vt 0.068611 0.000000
vt 0.288165 0.001142
vt 0.507722 0.000000
vt 0.301884 0.000000
vt 0.315606 0.000000
vt 0.082333 0.001142
vt 0.137221 0.001142
vt 0.493999 0.000000
vt 0.329331 0.001142
vt 0.096055 0.000000
vt 0.123499 0.000000
vt 0.109777 0.000000
vt 0.343053 0.001142
vt 0.480277 0.000000
vt 0.356775 0.000000
vt 0.466554 0.000000
vt 0.452831 0.000000
vt 0.370500 0.000000
vt 0.439109 0.000000
vt 0.384220 0.001142
vt 0.397944 0.000000
vt 0.425386 0.001142
vt 0.411664 0.001142
vt 0.722103 0.000000
vt 0.716582 0.000000
vt 0.733157 0.000000
vt 0.711004 0.000000
vt 0.738691 0.000000
vt 0.744229 0.000000
vt 0.749769 0.000000
vt 0.655984 0.000000
vt 0.661568 0.000000
vt 0.902660 0.000000
vt 0.892497 0.000000
vt 0.810402 0.000000
vt 0.799269 0.000000
vt 0.815963 0.000000
vt 0.887076 0.000000
vt 0.782663 0.000000
vt 0.667185 0.000000
vt 0.881668 0.000000
vt 0.985631 0.000000
vt 0.974703 0.000000
vt 0.700529 0.000000
vt 0.673430 0.000000
vt 0.597685 0.000000
vt 0.981788 0.001142
vt 0.067881 0.001142
vt 0.928808 0.000000
vt 0.703642 0.000000
vt 0.610927 0.001142
vt 0.796355 0.000000
vt 0.650662 0.000000
vt 0.226821 0.000000
vt 0.624172 0.001142
vt 0.266556 0.001142
vt 0.637417 0.000000
vt 0.663907 0.001142
vt 0.915563 0.001142
vt 0.690397 0.001142
vt 0.240066 0.000000
vt 0.253311 0.001142
vt 0.054636 0.000000
vt 0.677152 0.001142
vt 0.995033 0.001142
vt 0.809603 0.001142
vt 0.902318 0.001142
vt 0.041391 0.001142
vt 0.822845 0.000000
vt 0.001656 0.001142
vt 0.889073 0.000000
vt 0.028146 0.000000
vt 0.836090 0.000000
vt 0.014901 0.001142
vt 0.875828 0.001142
vt 0.849336 0.000000
vt 0.862582 0.000000
vt 0.393940 0.000000
vt 0.515137 0.000000
vt 0.272728 0.000000
vt 0.151515 0.000000
vt 0.030318 0.000000
vt 0.757576 0.001142
vt 0.878788 0.001142
vt 0.150377 0.998859
vt 0.458499 0.998859
vt 0.769686 0.998858
vt 0.001714 0.998858
vt 0.626016 0.998859
vt 0.646655 0.998858
vt 0.031817 0.000000
vt 0.026305 0.000000
vt 0.042799 0.000000
vt 0.998285 0.001142
vt 0.998285 0.998858
vt 0.003431 0.998858
vt 0.001792 0.998858
vt 0.006861 0.998858
vt 0.010292 0.998858
vt 0.013722 0.998858
vt 0.015437 0.998858
vt 0.017153 0.998858
vt 0.018868 0.998858
vt 0.020583 0.998858
vt 0.022298 0.998858
vt 0.024014 0.998858
vt 0.025729 0.998858
vt 0.027444 0.998858
vt 0.029160 0.998858
vt 0.030875 0.998858
vt 0.032590 0.998858
vt 0.034305 0.998858
vt 0.036021 0.998858
vt 0.037736 0.998858
vt 0.039451 0.998858
vt 0.041166 0.998858
vt 0.042882 0.998858
vt 0.044597 0.998858
vt 0.046312 0.998858
vt 0.048027 0.998858
vt 0.049743 0.998858
vt 0.051458 0.998858
vt 0.053173 0.998858
vt 0.054889 0.998858
vt 0.056604 0.998858
vt 0.058319 0.998858
vt 0.060034 0.998858
vt 0.061750 0.998858
vt 0.063465 0.998858
vt 0.065180 0.998858
vt 0.066895 0.998858
vt 0.068611 0.998858
vt 0.070326 0.998858
vt 0.072041 0.998858
vt 0.073756 0.998858
vt 0.075472 0.998858
vt 0.077187 0.998858
vt 0.078902 0.998858
vt 0.080617 0.998858
vt 0.082333 0.998858
vt 0.084048 0.998858
vt 0.085763 0.998858
vt 0.087479 0.998858
vt 0.089194 0.998858
vt 0.092624 0.998858
vt 0.094340 0.998858
vt 0.096055 0.998858
vt 0.097770 0.998858
vt 0.099485 0.998858
vt 0.101201 0.998858
vt 0.102916 0.998858
vt 0.104631 0.998858
vt 0.106346 0.998858
vt 0.108062 0.998858
vt 0.109777 0.998858
vt 0.111492 0.998858
vt 0.113208 0.998858
vt 0.114923 0.998858
vt 0.116638 0.998858
vt 0.118353 0.998858
vt 0.120069 0.998858
vt 0.121784 0.998858
vt 0.123499 0.998858
vt 0.125214 0.998858
vt 0.126930 0.998858
vt 0.128645 0.998858
vt 0.130360 0.998858
vt 0.132075 0.998858
vt 0.133791 0.998858
vt 0.135506 0.998858
vt 0.137221 0.998858
vt 0.138937 0.998858
vt 0.140652 0.998858
vt 0.142367 0.998858
vt 0.144082 0.998858
vt 0.145798 0.998858
vt 0.147513 0.998858
vt 0.149228 0.998858
vt 0.152659 0.998858
vt 0.151365 0.998858
vt 0.154374 0.998858
vt 0.156089 0.998858
vt 0.157804 0.998858
vt 0.159520 0.998858
vt 0.161235 0.998858
vt 0.162950 0.998858
vt 0.164666 0.998858
vt 0.166381 0.998858
vt 0.168096 0.998858
vt 0.171527 0.998858
vt 0.173242 0.998858
vt 0.174957 0.998858
vt 0.176672 0.998858
vt 0.178388 0.998858
vt 0.180103 0.998858
vt 0.183533 0.998858
vt 0.185249 0.998858
vt 0.186964 0.998858
vt 0.188679 0.998858
vt 0.190395 0.998858
vt 0.192110 0.998858
vt 0.193825 0.998858
vt 0.195540 0.998858
vt 0.197256 0.998858
vt 0.198971 0.998858
vt 0.200686 0.998858
vt 0.202401 0.998858
vt 0.204117 0.998858
vt 0.205832 0.998858
vt 0.207547 0.998858
vt 0.209262 0.998858
vt 0.210978 0.998858
vt 0.212693 0.998858
vt 0.214408 0.998858
vt 0.216124 0.998858
vt 0.217839 0.998858
vt 0.219554 0.998858
vt 0.221269 0.998858
vt 0.222985 0.998858
vt 0.224700 0.998858
vt 0.226415 0.998858
vt 0.228130 0.998858
vt 0.229846 0.998858
vt 0.231561 0.998858
vt 0.233276 0.998858
vt 0.234991 0.998858
vt 0.236707 0.998858
vt 0.238422 0.998858
vt 0.240137 0.998858
vt 0.241852 0.998858
vt 0.243568 0.998858
vt 0.245283 0.998858
vt 0.246998 0.998858
vt 0.248714 0.998858
vt 0.250429 0.998858
vt 0.252144 0.998858
vt 0.253859 0.998858
vt 0.255575 0.998858
vt 0.257290 0.998858
vt 0.259005 0.998858
vt 0.260720 0.998858
vt 0.262436 0.998858
vt 0.264151 0.998858
vt 0.265866 0.998858
vt 0.267581 0.998858
vt 0.269297 0.998858
vt 0.271012 0.998858
vt 0.274443 0.998858
vt 0.276158 0.998858
vt 0.277873 0.998858
vt 0.279588 0.998858
vt 0.281304 0.998858
vt 0.283019 0.998858
vt 0.284734 0.998858
vt 0.286449 0.998858
vt 0.288165 0.998858
vt 0.289880 0.998858
vt 0.291595 0.998858
vt 0.293310 0.998858
vt 0.295026 0.998858
vt 0.296741 0.998858
vt 0.298456 0.998858
vt 0.300172 0.998858
vt 0.301887 0.998858
vt 0.303602 0.998858
vt 0.305317 0.998858
vt 0.307033 0.998858
vt 0.308748 0.998858
vt 0.310463 0.998858
vt 0.312178 0.998858
vt 0.313894 0.998858
vt 0.315609 0.998858
vt 0.317324 0.998858
vt 0.319039 0.998858
vt 0.320755 0.998858
vt 0.322470 0.998858
vt 0.324185 0.998858
vt 0.325901 0.998858
vt 0.327616 0.998858
vt 0.329331 0.998858
vt 0.331046 0.998858
vt 0.336192 0.998858
vt 0.337907 0.998858
vt 0.339623 0.998858
vt 0.343053 0.998858
vt 0.344768 0.998858
vt 0.349914 0.998858
vt 0.353345 0.998858
vt 0.355060 0.998858
vt 0.356775 0.998858
vt 0.360206 0.998858
vt 0.365352 0.998858
vt 0.367067 0.998858
vt 0.368782 0.998858
vt 0.370497 0.998858
vt 0.372213 0.998858
vt 0.373928 0.998858
vt 0.375643 0.998858
vt 0.377358 0.998858
vt 0.379074 0.998858
vt 0.380789 0.998858
vt 0.382504 0.998858
vt 0.384220 0.998858
vt 0.385935 0.998858
vt 0.387650 0.998858
vt 0.389365 0.998858
vt 0.391081 0.998858
vt 0.392796 0.998858
vt 0.394511 0.998858
vt 0.396226 0.998858
vt 0.397942 0.998858
vt 0.399657 0.998858
vt 0.401372 0.998858
vt 0.403087 0.998858
vt 0.404803 0.998858
vt 0.406518 0.998858
vt 0.408233 0.998858
vt 0.409949 0.998858
vt 0.411664 0.998858
vt 0.413379 0.998858
vt 0.415094 0.998858
vt 0.416810 0.998858
vt 0.418525 0.998858
vt 0.420240 0.998858
vt 0.421955 0.998858
vt 0.423671 0.998858
vt 0.425386 0.998858
vt 0.427101 0.998858
vt 0.428816 0.998858
vt 0.430532 0.998858
vt 0.432247 0.998858
vt 0.433962 0.998858
vt 0.435678 0.998858
vt 0.437393 0.998858
vt 0.439108 0.998858
vt 0.440823 0.998858
vt 0.442539 0.998858
vt 0.444254 0.998858
vt 0.445969 0.998858
vt 0.447684 0.998858
vt 0.449400 0.998858
vt 0.451115 0.998858
vt 0.452830 0.998858
vt 0.456261 0.998858
vt 0.457976 0.998858
vt 0.459691 0.998858
vt 0.461407 0.998858
vt 0.463122 0.998858
vt 0.464837 0.998858
vt 0.466552 0.998858
vt 0.468268 0.998858
vt 0.469983 0.998858
vt 0.471698 0.998858
vt 0.473413 0.998858
vt 0.475129 0.998858
vt 0.476844 0.998858
vt 0.478559 0.998858
vt 0.480274 0.998858
vt 0.481990 0.998858
vt 0.483705 0.998858
vt 0.485420 0.998858
vt 0.487136 0.998858
vt 0.488851 0.998858
vt 0.490566 0.998858
vt 0.492281 0.998858
vt 0.493997 0.998858
vt 0.495712 0.998858
vt 0.497427 0.998858
vt 0.499142 0.998858
vt 0.500858 0.998858
vt 0.502573 0.998858
vt 0.504288 0.998858
vt 0.506003 0.998858
vt 0.507719 0.998858
vt 0.509434 0.998858
vt 0.511149 0.998858
vt 0.512864 0.998858
vt 0.514580 0.998858
vt 0.516295 0.998858
vt 0.518010 0.998858
vt 0.519726 0.998858
vt 0.521441 0.998858
vt 0.523156 0.998858
vt 0.524871 0.998858
vt 0.526587 0.998858
vt 0.528302 0.998858
vt 0.530017 0.998858
vt 0.531732 0.998858
vt 0.533448 0.998858
vt 0.535163 0.998858
vt 0.536878 0.998858
vt 0.538593 0.998858
vt 0.540309 0.998858
vt 0.542024 0.998858
vt 0.543739 0.998858
vt 0.547170 0.998858
vt 0.548885 0.998858
vt 0.550600 0.998858
vt 0.552316 0.998858
vt 0.554031 0.998858
vt 0.555746 0.998858
vt 0.557461 0.998858
vt 0.559177 0.998858
vt 0.560892 0.998858
vt 0.562607 0.998858
vt 0.564322 0.998858
vt 0.566038 0.998858
vt 0.567753 0.998858
vt 0.569468 0.998858
vt 0.571184 0.998858
vt 0.572899 0.998858
vt 0.574614 0.998858
vt 0.576329 0.998858
vt 0.578045 0.998858
vt 0.579760 0.998858
vt 0.583190 0.998858
vt 0.588336 0.998858
vt 0.591767 0.998858
vt 0.595197 0.998858
vt 0.596913 0.998858
vt 0.600343 0.998858
vt 0.603774 0.998858
vt 0.608919 0.998858
vt 0.610635 0.998858
vt 0.614065 0.998858
vt 0.615780 0.998858
vt 0.617496 0.998858
vt 0.619211 0.998858
vt 0.622642 0.998858
vt 0.627787 0.998858
vt 0.626958 0.998858
vt 0.629503 0.998858
vt 0.631218 0.998858
vt 0.632933 0.998858
vt 0.634648 0.998858
vt 0.638079 0.998858
vt 0.639794 0.998858
vt 0.641509 0.998858
vt 0.643225 0.998858
vt 0.641509 0.001142
vt 0.644940 0.998858
vt 0.643225 0.001142
vt 0.644940 0.001142
vt 0.651801 0.998858
vt 0.648461 0.998858
vt 0.653516 0.998858
vt 0.651801 0.001142
vt 0.655232 0.998858
vt 0.653516 0.001142
vt 0.656947 0.998858
vt 0.655232 0.001142
vt 0.658662 0.998858
vt 0.656947 0.001142
vt 0.660377 0.998858
vt 0.658662 0.001142
vt 0.662093 0.998858
vt 0.660377 0.001142
vt 0.663808 0.998858
vt 0.662093 0.001142
vt 0.665523 0.998858
vt 0.663808 0.001142
vt 0.667238 0.998858
vt 0.665523 0.001142
vt 0.668954 0.998858
vt 0.667238 0.001142
vt 0.670669 0.998858
vt 0.668954 0.001142
vt 0.672384 0.998858
vt 0.670669 0.001142
vt 0.674100 0.998858
vt 0.672384 0.001142
vt 0.675815 0.998858
vt 0.674100 0.001142
vt 0.677530 0.998858
vt 0.675815 0.001142
vt 0.679245 0.998858
vt 0.677530 0.001142
vt 0.680961 0.998858
vt 0.679245 0.001142
vt 0.682676 0.998858
vt 0.680961 0.001142
vt 0.684391 0.998858
vt 0.682676 0.001142
vt 0.686106 0.998858
vt 0.684391 0.001142
vt 0.687822 0.998858
vt 0.686106 0.001142
vt 0.689537 0.998858
vt 0.687822 0.001142
vt 0.691252 0.998858
vt 0.689537 0.001142
vt 0.692967 0.998858
vt 0.691252 0.001142
vt 0.694683 0.998858
vt 0.692967 0.001142
vt 0.696398 0.998858
vt 0.694683 0.001142
vt 0.698113 0.998858
vt 0.696398 0.001142
vt 0.699829 0.998858
vt 0.698113 0.001142
vt 0.701544 0.998858
vt 0.699829 0.001142
vt 0.703259 0.998858
vt 0.701544 0.001142
vt 0.704974 0.998858
vt 0.703259 0.001142
vt 0.706690 0.998858
vt 0.704974 0.001142
vt 0.708405 0.998858
vt 0.706690 0.001142
vt 0.710120 0.998858
vt 0.708405 0.001142
vt 0.711835 0.998858
vt 0.710120 0.001142
vt 0.713551 0.998858
vt 0.711835 0.001142
vt 0.715266 0.998858
vt 0.713551 0.001142
vt 0.716981 0.998858
vt 0.715266 0.001142
vt 0.718696 0.998858
vt 0.716981 0.001142
vt 0.720412 0.998858
vt 0.718696 0.001142
vt 0.722127 0.998858
vt 0.720412 0.001142
vt 0.723842 0.998858
vt 0.722127 0.001142
vt 0.725557 0.998858
vt 0.723842 0.001142
vt 0.725557 0.001142
vt 0.728988 0.998858
vt 0.730703 0.998858
vt 0.728988 0.001142
vt 0.732419 0.998858
vt 0.730703 0.001142
vt 0.734134 0.998858
vt 0.732419 0.001142
vt 0.735849 0.998858
vt 0.734134 0.001142
vt 0.737564 0.998858
vt 0.735849 0.001142
vt 0.739280 0.998858
vt 0.737564 0.001142
vt 0.740995 0.998858
vt 0.739280 0.001142
vt 0.742710 0.998858
vt 0.740995 0.001142
vt 0.744425 0.998858
vt 0.742710 0.001142
vt 0.746141 0.998858
vt 0.744425 0.001142
vt 0.747856 0.998858
vt 0.746141 0.001142
vt 0.749571 0.998858
vt 0.747856 0.001142
vt 0.751286 0.998858
vt 0.749571 0.001142
vt 0.753002 0.998858
vt 0.751286 0.001142
vt 0.754717 0.998858
vt 0.753002 0.001142
vt 0.756432 0.998858
vt 0.754717 0.001142
vt 0.758148 0.998858
vt 0.756432 0.001142
vt 0.759863 0.998858
vt 0.758148 0.001142
vt 0.761578 0.998858
vt 0.759863 0.001142
vt 0.763293 0.998858
vt 0.761578 0.001142
vt 0.765009 0.998858
vt 0.763293 0.001142
vt 0.766724 0.998858
vt 0.765009 0.001142
vt 0.768439 0.998858
vt 0.766724 0.001142
vt 0.770154 0.998858
vt 0.768439 0.001142
vt 0.771870 0.998858
vt 0.770154 0.001142
vt 0.773585 0.998858
vt 0.771870 0.001142
vt 0.775300 0.998858
vt 0.773585 0.001142
vt 0.777015 0.998858
vt 0.775300 0.001142
vt 0.778731 0.998858
vt 0.777015 0.001142
vt 0.780446 0.998858
vt 0.778731 0.001142
vt 0.782161 0.998858
vt 0.780446 0.001142
vt 0.783876 0.998858
vt 0.782161 0.001142
vt 0.785592 0.998858
vt 0.783876 0.001142
vt 0.787307 0.998858
vt 0.785592 0.001142
vt 0.789022 0.998858
vt 0.787307 0.001142
vt 0.790738 0.998858
vt 0.789022 0.001142
vt 0.792453 0.998858
vt 0.790738 0.001142
vt 0.794168 0.998858
vt 0.792453 0.001142
vt 0.795883 0.998858
vt 0.794168 0.001142
vt 0.797599 0.998858
vt 0.795883 0.001142
vt 0.799314 0.998858
vt 0.797599 0.001142
vt 0.801029 0.998858
vt 0.799314 0.001142
vt 0.802745 0.998858
vt 0.801029 0.001142
vt 0.804460 0.998858
vt 0.802745 0.001142
vt 0.806175 0.998858
vt 0.804460 0.001142
vt 0.807890 0.998858
vt 0.806175 0.001142
vt 0.809605 0.998858
vt 0.807890 0.001142
vt 0.811321 0.998858
vt 0.809605 0.001142
vt 0.813036 0.998858
vt 0.811321 0.001142
vt 0.814751 0.998858
vt 0.813036 0.001142
vt 0.816467 0.998858
vt 0.814751 0.001142
vt 0.816467 0.001142
vt 0.819897 0.998858
vt 0.821612 0.998858
vt 0.819897 0.001142
vt 0.823328 0.998858
vt 0.821612 0.001142
vt 0.825043 0.998858
vt 0.823328 0.001142
vt 0.826758 0.998858
vt 0.825043 0.001142
vt 0.828473 0.998858
vt 0.826758 0.001142
vt 0.830189 0.998858
vt 0.828473 0.001142
vt 0.831904 0.998858
vt 0.830189 0.001142
vt 0.833619 0.998858
vt 0.831904 0.001142
vt 0.835335 0.998858
vt 0.833619 0.001142
vt 0.837050 0.998858
vt 0.835335 0.001142
vt 0.838765 0.998858
vt 0.837050 0.001142
vt 0.840480 0.998858
vt 0.838765 0.001142
vt 0.842196 0.998858
vt 0.840480 0.001142
vt 0.843911 0.998858
vt 0.842196 0.001142
vt 0.845626 0.998858
vt 0.843911 0.001142
vt 0.847341 0.998858
vt 0.845626 0.001142
vt 0.849057 0.998858
vt 0.847341 0.001142
vt 0.850772 0.998858
vt 0.849057 0.001142
vt 0.852487 0.998858
vt 0.850772 0.001142
vt 0.854202 0.998858
vt 0.852487 0.001142
vt 0.855918 0.998858
vt 0.854202 0.001142
vt 0.857633 0.998858
vt 0.855918 0.001142
vt 0.859348 0.998858
vt 0.857633 0.001142
vt 0.861063 0.998858
vt 0.859348 0.001142
vt 0.862779 0.998858
vt 0.861063 0.001142
vt 0.864494 0.998858
vt 0.862779 0.001142
vt 0.866209 0.998858
vt 0.864494 0.001142
vt 0.867925 0.998858
vt 0.866209 0.001142
vt 0.869640 0.998858
vt 0.867925 0.001142
vt 0.871355 0.998858
vt 0.869640 0.001142
vt 0.873070 0.998858
vt 0.871355 0.001142
vt 0.874786 0.998858
vt 0.873070 0.001142
vt 0.876501 0.998858
vt 0.874786 0.001142
vt 0.878216 0.998858
vt 0.876501 0.001142
vt 0.879931 0.998858
vt 0.878216 0.001142
vt 0.881647 0.998858
vt 0.879931 0.001142
vt 0.883362 0.998858
vt 0.881647 0.001142
vt 0.885077 0.998858
vt 0.883362 0.001142
vt 0.886792 0.998858
vt 0.885077 0.001142
vt 0.888508 0.998858
vt 0.886792 0.001142
vt 0.890223 0.998858
vt 0.888508 0.001142
vt 0.891938 0.998858
vt 0.890223 0.001142
vt 0.893654 0.998858
vt 0.891938 0.001142
vt 0.895369 0.998858
vt 0.893654 0.001142
vt 0.897084 0.998858
vt 0.895369 0.001142
vt 0.898799 0.998858
vt 0.897084 0.001142
vt 0.900515 0.998858
vt 0.898799 0.001142
vt 0.902230 0.998858
vt 0.900515 0.001142
vt 0.903945 0.998858
vt 0.902230 0.001142
vt 0.905660 0.998858
vt 0.903945 0.001142
vt 0.907376 0.998858
vt 0.905660 0.001142
vt 0.907376 0.001142
vt 0.910806 0.998858
vt 0.912521 0.998858
vt 0.910806 0.001142
vt 0.914237 0.998858
vt 0.912521 0.001142
vt 0.915952 0.998858
vt 0.914237 0.001142
vt 0.917667 0.998858
vt 0.915952 0.001142
vt 0.919383 0.998858
vt 0.917667 0.001142
vt 0.921098 0.998858
vt 0.919383 0.001142
vt 0.922813 0.998858
vt 0.921098 0.001142
vt 0.924528 0.998858
vt 0.922813 0.001142
vt 0.926244 0.998858
vt 0.924528 0.001142
vt 0.927959 0.998858
vt 0.926244 0.001142
vt 0.929674 0.998858
vt 0.927959 0.001142
vt 0.931389 0.998858
vt 0.929674 0.001142
vt 0.933105 0.998858
vt 0.931389 0.001142
vt 0.934820 0.998858
vt 0.933105 0.001142
vt 0.936535 0.998858
vt 0.934820 0.001142
vt 0.938250 0.998858
vt 0.936535 0.001142
vt 0.939966 0.998858
vt 0.938250 0.001142
vt 0.941681 0.998858
vt 0.939966 0.001142
vt 0.941681 0.001142
vt 0.945112 0.998858
vt 0.946827 0.998858
vt 0.945112 0.001142
vt 0.948542 0.998858
vt 0.946827 0.001142
vt 0.950257 0.998858
vt 0.948542 0.001142
vt 0.951973 0.998858
vt 0.950257 0.001142
vt 0.953688 0.998858
vt 0.951973 0.001142
vt 0.955403 0.998858
vt 0.953688 0.001142
vt 0.957118 0.998858
vt 0.955403 0.001142
vt 0.958834 0.998858
vt 0.957118 0.001142
vt 0.960549 0.998858
vt 0.958834 0.001142
vt 0.962264 0.998858
vt 0.960549 0.001142
vt 0.963979 0.998858
vt 0.962264 0.001142
vt 0.965695 0.998858
vt 0.963979 0.001142
vt 0.967410 0.998858
vt 0.965695 0.001142
vt 0.969125 0.998858
vt 0.967410 0.001142
vt 0.970840 0.998858
vt 0.969125 0.001142
vt 0.972556 0.998858
vt 0.970840 0.001142
vt 0.974271 0.998858
vt 0.972556 0.001142
vt 0.975986 0.998858
vt 0.974271 0.001142
vt 0.977702 0.998858
vt 0.975986 0.001142
vt 0.979417 0.998858
vt 0.977702 0.001142
vt 0.981132 0.998858
vt 0.979417 0.001142
vt 0.982847 0.998858
vt 0.981132 0.001142
vt 0.984563 0.998858
vt 0.982847 0.001142
vt 0.986278 0.998858
vt 0.984563 0.001142
vt 0.987993 0.998858
vt 0.986278 0.001142
vt 0.989708 0.998858
vt 0.987993 0.001142
vt 0.991424 0.998858
vt 0.989708 0.001142
vt 0.993139 0.998858
vt 0.991424 0.001142
vt 0.994854 0.998858
vt 0.993139 0.001142
vt 0.996570 0.998858
vt 0.994854 0.001142
vt 0.996570 0.001142
vt 0.989583 0.001142
vt 0.989583 0.998858
vt 0.010417 0.998858
vt 0.020833 0.998858
vt 0.010417 0.001142
vt 0.031250 0.998858
vt 0.020833 0.001142
vt 0.041667 0.998858
vt 0.031250 0.001142
vt 0.052083 0.998858
vt 0.041667 0.001142
vt 0.062500 0.998858
vt 0.052083 0.001142
vt 0.072917 0.998858
vt 0.062500 0.001142
vt 0.083333 0.998858
vt 0.072917 0.001142
vt 0.093750 0.998858
vt 0.083333 0.001142
vt 0.104167 0.998858
vt 0.093750 0.001142
vt 0.114583 0.998858
vt 0.104167 0.001142
vt 0.125000 0.998858
vt 0.114583 0.001142
vt 0.135417 0.998858
vt 0.125000 0.001142
vt 0.145833 0.998858
vt 0.135417 0.001142
vt 0.156250 0.998858
vt 0.145833 0.001142
vt 0.156250 0.001142
vt 0.177083 0.998858
vt 0.166667 0.001142
vt 0.187500 0.998858
vt 0.177083 0.001142
vt 0.197917 0.998858
vt 0.187500 0.001142
vt 0.208333 0.998858
vt 0.197917 0.001142
vt 0.218750 0.998858
vt 0.208333 0.001142
vt 0.229167 0.998858
vt 0.218750 0.001142
vt 0.239583 0.998858
vt 0.229167 0.001142
vt 0.250000 0.998858
vt 0.239583 0.001142
vt 0.260417 0.998858
vt 0.270833 0.998858
vt 0.260417 0.001142
vt 0.281250 0.998858
vt 0.270833 0.001142
vt 0.291667 0.998858
vt 0.281250 0.001142
vt 0.302083 0.998858
vt 0.291667 0.001142
vt 0.312500 0.998858
vt 0.302083 0.001142
vt 0.322917 0.998858
vt 0.312500 0.001142
vt 0.322917 0.001142
vt 0.343750 0.998858
vt 0.333333 0.001142
vt 0.354167 0.998858
vt 0.343750 0.001142
vt 0.364583 0.998858
vt 0.354167 0.001142
vt 0.375000 0.998858
vt 0.364583 0.001142
vt 0.385417 0.998858
vt 0.375000 0.001142
vt 0.395833 0.998858
vt 0.385417 0.001142
vt 0.406250 0.998858
vt 0.395833 0.001142
vt 0.416667 0.998858
vt 0.406250 0.001142
vt 0.427083 0.998858
vt 0.416667 0.001142
vt 0.437500 0.998858
vt 0.427083 0.001142
vt 0.447917 0.998858
vt 0.437500 0.001142
vt 0.458333 0.998858
vt 0.447917 0.001142
vt 0.468750 0.998858
vt 0.458333 0.001142
vt 0.479167 0.998858
vt 0.468750 0.001142
vt 0.489583 0.998858
vt 0.479167 0.001142
vt 0.489583 0.001142
vt 0.510417 0.998858
vt 0.520833 0.998858
vt 0.510417 0.001142
vt 0.531250 0.998858
vt 0.520833 0.001142
vt 0.541667 0.998858
vt 0.531250 0.001142
vt 0.552083 0.998858
vt 0.541667 0.001142
vt 0.562500 0.998858
vt 0.552083 0.001142
vt 0.572917 0.998858
vt 0.562500 0.001142
vt 0.583333 0.998858
vt 0.572917 0.001142
vt 0.593750 0.998858
vt 0.583333 0.001142
vt 0.604167 0.998858
vt 0.593750 0.001142
vt 0.614583 0.998858
vt 0.604167 0.001142
vt 0.625000 0.998858
vt 0.614583 0.001142
vt 0.635417 0.998858
vt 0.625000 0.001142
vt 0.645833 0.998858
vt 0.635417 0.001142
vt 0.656250 0.998858
vt 0.645833 0.001142
vt 0.656250 0.001142
vt 0.677083 0.998858
vt 0.687500 0.998858
vt 0.677083 0.001142
vt 0.697917 0.998858
vt 0.687500 0.001142
vt 0.708333 0.998858
vt 0.697917 0.001142
vt 0.718750 0.998858
vt 0.708333 0.001142
vt 0.729167 0.998858
vt 0.718750 0.001142
vt 0.739583 0.998858
vt 0.729167 0.001142
vt 0.750000 0.998858
vt 0.739583 0.001142
vt 0.760417 0.998858
vt 0.750000 0.001142
vt 0.770833 0.998858
vt 0.760417 0.001142
vt 0.781250 0.998858
vt 0.770833 0.001142
vt 0.791667 0.998858
vt 0.781250 0.001142
vt 0.802083 0.998858
vt 0.791667 0.001142
vt 0.812500 0.998858
vt 0.802083 0.001142
vt 0.822917 0.998858
vt 0.812500 0.001142
vt 0.822917 0.001142
vt 0.843750 0.998858
vt 0.854167 0.998858
vt 0.843750 0.001142
vt 0.864583 0.998858
vt 0.854167 0.001142
vt 0.875000 0.998858
vt 0.864583 0.001142
vt 0.885417 0.998858
vt 0.875000 0.001142
vt 0.895833 0.998858
vt 0.885417 0.001142
vt 0.906250 0.998858
vt 0.895833 0.001142
vt 0.916667 0.998858
vt 0.906250 0.001142
vt 0.927083 0.998858
vt 0.916667 0.001142
vt 0.937500 0.998858
vt 0.927083 0.001142
vt 0.947917 0.998858
vt 0.937500 0.001142
vt 0.958333 0.998858
vt 0.947917 0.001142
vt 0.968750 0.998858
vt 0.958333 0.001142
vt 0.979167 0.998858
vt 0.968750 0.001142
vt 0.979167 0.001142
vt 0.989583 0.001142
vt 0.020833 0.001142
vt 0.041667 0.001142
vt 0.052083 0.001142
vt 0.145833 0.001142
vt 0.166667 0.001142
vt 0.177083 0.001142
vt 0.229167 0.001142
vt 0.281250 0.001142
vt 0.322917 0.001142
vt 0.354167 0.001142
vt 0.364583 0.001142
vt 0.385417 0.001142
vt 0.468750 0.001142
vt 0.489583 0.001142
vt 0.645833 0.001142
vt 0.666667 0.001142
vt 0.729167 0.001142
vt 0.781250 0.001142
vt 0.822917 0.001142
vt 0.843750 0.001142
vt 0.864583 0.001142
vt 0.916667 0.001142
vt 0.937500 0.001142
vt 0.998344 0.998858
vt 0.001656 0.998858
vt 0.003311 0.998858
vt 0.004967 0.998858
vt 0.006623 0.998858
vt 0.008278 0.998858
vt 0.009934 0.998858
vt 0.011589 0.998858
vt 0.013245 0.998858
vt 0.014901 0.998858
vt 0.016556 0.998858
vt 0.018212 0.998858
vt 0.019868 0.998858
vt 0.021523 0.998858
vt 0.023179 0.998858
vt 0.024834 0.998858
vt 0.026490 0.998858
vt 0.028146 0.998858
vt 0.029801 0.998858
vt 0.031457 0.998858
vt 0.033113 0.998858
vt 0.034768 0.998858
vt 0.036424 0.998858
vt 0.038079 0.998858
vt 0.039735 0.998858
vt 0.041391 0.998858
vt 0.043046 0.998858
vt 0.044702 0.998858
vt 0.046358 0.998858
vt 0.048013 0.998858
vt 0.049669 0.998858
vt 0.051325 0.998858
vt 0.052980 0.998858
vt 0.054636 0.998858
vt 0.056291 0.998858
vt 0.057947 0.998858
vt 0.059603 0.998858
vt 0.061258 0.998858
vt 0.062914 0.998858
vt 0.064570 0.998858
vt 0.066225 0.998858
vt 0.067881 0.998858
vt 0.069536 0.998858
vt 0.071192 0.998858
vt 0.072848 0.998858
vt 0.074503 0.998858
vt 0.076159 0.998858
vt 0.077815 0.998858
vt 0.076159 0.001142
vt 0.079470 0.998858
vt 0.077815 0.001142
vt 0.081126 0.998858
vt 0.079470 0.001142
vt 0.082781 0.998858
vt 0.081126 0.001142
vt 0.084437 0.998858
vt 0.082781 0.001142
vt 0.086093 0.998858
vt 0.084437 0.001142
vt 0.087748 0.998858
vt 0.086093 0.001142
vt 0.089404 0.998858
vt 0.087748 0.001142
vt 0.091060 0.998858
vt 0.089404 0.001142
vt 0.092715 0.998858
vt 0.091060 0.001142
vt 0.094371 0.998858
vt 0.092715 0.001142
vt 0.096026 0.998858
vt 0.094371 0.001142
vt 0.097682 0.998858
vt 0.096026 0.001142
vt 0.099338 0.998858
vt 0.097682 0.001142
vt 0.100993 0.998858
vt 0.099338 0.001142
vt 0.102649 0.998858
vt 0.100993 0.001142
vt 0.104305 0.998858
vt 0.102649 0.001142
vt 0.105960 0.998858
vt 0.104305 0.001142
vt 0.107616 0.998858
vt 0.105960 0.001142
vt 0.109272 0.998858
vt 0.107616 0.001142
vt 0.110927 0.998858
vt 0.109272 0.001142
vt 0.112583 0.998858
vt 0.110927 0.001142
vt 0.114238 0.998858
vt 0.112583 0.001142
vt 0.115894 0.998858
vt 0.114238 0.001142
vt 0.117550 0.998858
vt 0.115894 0.001142
vt 0.119205 0.998858
vt 0.117550 0.001142
vt 0.120861 0.998858
vt 0.119205 0.001142
vt 0.122517 0.998858
vt 0.120861 0.001142
vt 0.124172 0.998858
vt 0.122517 0.001142
vt 0.125828 0.998858
vt 0.124172 0.001142
vt 0.127483 0.998858
vt 0.125828 0.001142
vt 0.129139 0.998858
vt 0.127483 0.001142
vt 0.130795 0.998858
vt 0.129139 0.001142
vt 0.132450 0.998858
vt 0.130795 0.001142
vt 0.134106 0.998858
vt 0.132450 0.001142
vt 0.135762 0.998858
vt 0.134106 0.001142
vt 0.137417 0.998858
vt 0.135762 0.001142
vt 0.139073 0.998858
vt 0.137417 0.001142
vt 0.140728 0.998858
vt 0.139073 0.001142
vt 0.142384 0.998858
vt 0.140728 0.001142
vt 0.144040 0.998858
vt 0.142384 0.001142
vt 0.145695 0.998858
vt 0.144040 0.001142
vt 0.147351 0.998858
vt 0.145695 0.001142
vt 0.149007 0.998858
vt 0.147351 0.001142
vt 0.150662 0.998858
vt 0.149007 0.001142
vt 0.152318 0.998858
vt 0.150662 0.001142
vt 0.153974 0.998858
vt 0.152318 0.001142
vt 0.155629 0.998858
vt 0.153974 0.001142
vt 0.157285 0.998858
vt 0.155629 0.001142
vt 0.158940 0.998858
vt 0.157285 0.001142
vt 0.160596 0.998858
vt 0.158940 0.001142
vt 0.162252 0.998858
vt 0.160596 0.001142
vt 0.163907 0.998858
vt 0.162252 0.001142
vt 0.165563 0.998858
vt 0.163907 0.001142
vt 0.167219 0.998858
vt 0.165563 0.001142
vt 0.168874 0.998858
vt 0.167219 0.001142
vt 0.170530 0.998858
vt 0.168874 0.001142
vt 0.172185 0.998858
vt 0.170530 0.001142
vt 0.173841 0.998858
vt 0.172185 0.001142
vt 0.175497 0.998858
vt 0.173841 0.001142
vt 0.177152 0.998858
vt 0.175497 0.001142
vt 0.178808 0.998858
vt 0.177152 0.001142
vt 0.180464 0.998858
vt 0.178808 0.001142
vt 0.182119 0.998858
vt 0.180464 0.001142
vt 0.183775 0.998858
vt 0.182119 0.001142
vt 0.185430 0.998858
vt 0.183775 0.001142
vt 0.187086 0.998858
vt 0.185430 0.001142
vt 0.188742 0.998858
vt 0.187086 0.001142
vt 0.190397 0.998858
vt 0.188742 0.001142
vt 0.192053 0.998858
vt 0.190397 0.001142
vt 0.193709 0.998858
vt 0.192053 0.001142
vt 0.195364 0.998858
vt 0.193709 0.001142
vt 0.197020 0.998858
vt 0.195364 0.001142
vt 0.198676 0.998858
vt 0.197020 0.001142
vt 0.200331 0.998858
vt 0.198676 0.001142
vt 0.201987 0.998858
vt 0.200331 0.001142
vt 0.203642 0.998858
vt 0.201987 0.001142
vt 0.205298 0.998858
vt 0.203642 0.001142
vt 0.206954 0.998858
vt 0.205298 0.001142
vt 0.208609 0.998858
vt 0.206954 0.001142
vt 0.210265 0.998858
vt 0.208609 0.001142
vt 0.211921 0.998858
vt 0.210265 0.001142
vt 0.213576 0.998858
vt 0.211921 0.001142
vt 0.215232 0.998858
vt 0.213576 0.001142
vt 0.216887 0.998858
vt 0.218543 0.998858
vt 0.220199 0.998858
vt 0.221854 0.998858
vt 0.223510 0.998858
vt 0.225166 0.998858
vt 0.226821 0.998858
vt 0.228477 0.998858
vt 0.230132 0.998858
vt 0.231788 0.998858
vt 0.233444 0.998858
vt 0.235099 0.998858
vt 0.236755 0.998858
vt 0.238411 0.998858
vt 0.240066 0.998858
vt 0.241722 0.998858
vt 0.243377 0.998858
vt 0.245033 0.998858
vt 0.246689 0.998858
vt 0.248344 0.998858
vt 0.251656 0.998858
vt 0.253311 0.998858
vt 0.254967 0.998858
vt 0.256623 0.998858
vt 0.258278 0.998858
vt 0.259934 0.998858
vt 0.261589 0.998858
vt 0.263245 0.998858
vt 0.264901 0.998858
vt 0.266556 0.998858
vt 0.268212 0.998858
vt 0.269868 0.998858
vt 0.271523 0.998858
vt 0.273179 0.998858
vt 0.274834 0.998858
vt 0.276490 0.998858
vt 0.278146 0.998858
vt 0.279801 0.998858
vt 0.281457 0.998858
vt 0.279801 0.001142
vt 0.283113 0.998858
vt 0.281457 0.001142
vt 0.284768 0.998858
vt 0.283113 0.001142
vt 0.286424 0.998858
vt 0.284768 0.001142
vt 0.288079 0.998858
vt 0.286424 0.001142
vt 0.289735 0.998858
vt 0.288079 0.001142
vt 0.291391 0.998858
vt 0.289735 0.001142
vt 0.293046 0.998858
vt 0.291391 0.001142
vt 0.294702 0.998858
vt 0.293046 0.001142
vt 0.296358 0.998858
vt 0.294702 0.001142
vt 0.298013 0.998858
vt 0.296358 0.001142
vt 0.299669 0.998858
vt 0.298013 0.001142
vt 0.301325 0.998858
vt 0.299669 0.001142
vt 0.302980 0.998858
vt 0.301325 0.001142
vt 0.304636 0.998858
vt 0.302980 0.001142
vt 0.306291 0.998858
vt 0.304636 0.001142
vt 0.307947 0.998858
vt 0.306291 0.001142
vt 0.309603 0.998858
vt 0.307947 0.001142
vt 0.311258 0.998858
vt 0.309603 0.001142
vt 0.312914 0.998858
vt 0.311258 0.001142
vt 0.314570 0.998858
vt 0.312914 0.001142
vt 0.316225 0.998858
vt 0.314570 0.001142
vt 0.317881 0.998858
vt 0.316225 0.001142
vt 0.319536 0.998858
vt 0.317881 0.001142
vt 0.321192 0.998858
vt 0.319536 0.001142
vt 0.322848 0.998858
vt 0.321192 0.001142
vt 0.324503 0.998858
vt 0.322848 0.001142
vt 0.326159 0.998858
vt 0.324503 0.001142
vt 0.327815 0.998858
vt 0.326159 0.001142
vt 0.329470 0.998858
vt 0.327815 0.001142
vt 0.331126 0.998858
vt 0.329470 0.001142
vt 0.332781 0.998858
vt 0.331126 0.001142
vt 0.334437 0.998858
vt 0.332781 0.001142
vt 0.336093 0.998858
vt 0.334437 0.001142
vt 0.337748 0.998858
vt 0.336093 0.001142
vt 0.339404 0.998858
vt 0.337748 0.001142
vt 0.341060 0.998858
vt 0.339404 0.001142
vt 0.342715 0.998858
vt 0.341060 0.001142
vt 0.344371 0.998858
vt 0.342715 0.001142
vt 0.346026 0.998858
vt 0.344371 0.001142
vt 0.347682 0.998858
vt 0.346026 0.001142
vt 0.349338 0.998858
vt 0.347682 0.001142
vt 0.350993 0.998858
vt 0.349338 0.001142
vt 0.352649 0.998858
vt 0.350993 0.001142
vt 0.354305 0.998858
vt 0.352649 0.001142
vt 0.355960 0.998858
vt 0.354305 0.001142
vt 0.357616 0.998858
vt 0.355960 0.001142
vt 0.359272 0.998858
vt 0.357616 0.001142
vt 0.360927 0.998858
vt 0.359272 0.001142
vt 0.362583 0.998858
vt 0.360927 0.001142
vt 0.364238 0.998858
vt 0.362583 0.001142
vt 0.365894 0.998858
vt 0.364238 0.001142
vt 0.367550 0.998858
vt 0.365894 0.001142
vt 0.369205 0.998858
vt 0.367550 0.001142
vt 0.370861 0.998858
vt 0.369205 0.001142
vt 0.372517 0.998858
vt 0.370861 0.001142
vt 0.374172 0.998858
vt 0.372517 0.001142
vt 0.375828 0.998858
vt 0.374172 0.001142
vt 0.377483 0.998858
vt 0.375828 0.001142
vt 0.379139 0.998858
vt 0.377483 0.001142
vt 0.380795 0.998858
vt 0.379139 0.001142
vt 0.382450 0.998858
vt 0.380795 0.001142
vt 0.384106 0.998858
vt 0.382450 0.001142
vt 0.385762 0.998858
vt 0.384106 0.001142
vt 0.387417 0.998858
vt 0.385762 0.001142
vt 0.389073 0.998858
vt 0.387417 0.001142
vt 0.390728 0.998858
vt 0.389073 0.001142
vt 0.392384 0.998858
vt 0.390728 0.001142
vt 0.394040 0.998858
vt 0.392384 0.001142
vt 0.395695 0.998858
vt 0.394040 0.001142
vt 0.397351 0.998858
vt 0.395695 0.001142
vt 0.399007 0.998858
vt 0.397351 0.001142
vt 0.400662 0.998858
vt 0.399007 0.001142
vt 0.402318 0.998858
vt 0.400662 0.001142
vt 0.403974 0.998858
vt 0.402318 0.001142
vt 0.405629 0.998858
vt 0.403974 0.001142
vt 0.407285 0.998858
vt 0.405629 0.001142
vt 0.408940 0.998858
vt 0.407285 0.001142
vt 0.410596 0.998858
vt 0.408940 0.001142
vt 0.412252 0.998858
vt 0.410596 0.001142
vt 0.413907 0.998858
vt 0.412252 0.001142
vt 0.415563 0.998858
vt 0.413907 0.001142
vt 0.417219 0.998858
vt 0.415563 0.001142
vt 0.418874 0.998858
vt 0.417219 0.001142
vt 0.420530 0.998858
vt 0.418874 0.001142
vt 0.422185 0.998858
vt 0.420530 0.001142
vt 0.423841 0.998858
vt 0.422185 0.001142
vt 0.425497 0.998858
vt 0.423841 0.001142
vt 0.427152 0.998858
vt 0.425497 0.001142
vt 0.428808 0.998858
vt 0.427152 0.001142
vt 0.430464 0.998858
vt 0.428808 0.001142
vt 0.432119 0.998858
vt 0.430464 0.001142
vt 0.433775 0.998858
vt 0.432119 0.001142
vt 0.435430 0.998858
vt 0.433775 0.001142
vt 0.437086 0.998858
vt 0.435430 0.001142
vt 0.438742 0.998858
vt 0.437086 0.001142
vt 0.440397 0.998858
vt 0.438742 0.001142
vt 0.442053 0.998858
vt 0.440397 0.001142
vt 0.443709 0.998858
vt 0.442053 0.001142
vt 0.445364 0.998858
vt 0.443709 0.001142
vt 0.447020 0.998858
vt 0.445364 0.001142
vt 0.448675 0.998858
vt 0.447020 0.001142
vt 0.450331 0.998858
vt 0.448675 0.001142
vt 0.451987 0.998858
vt 0.450331 0.001142
vt 0.453642 0.998858
vt 0.451987 0.001142
vt 0.455298 0.998858
vt 0.453642 0.001142
vt 0.456954 0.998858
vt 0.455298 0.001142
vt 0.456954 0.001142
vt 0.460265 0.998858
vt 0.458739 0.998858
vt 0.461921 0.998858
vt 0.460265 0.001142
vt 0.463576 0.998858
vt 0.461921 0.001142
vt 0.465232 0.998858
vt 0.463576 0.001142
vt 0.466887 0.998858
vt 0.465232 0.001142
vt 0.468543 0.998858
vt 0.466887 0.001142
vt 0.470199 0.998858
vt 0.468543 0.001142
vt 0.471854 0.998858
vt 0.470199 0.001142
vt 0.473510 0.998858
vt 0.471854 0.001142
vt 0.475166 0.998858
vt 0.473510 0.001142
vt 0.476821 0.998858
vt 0.475166 0.001142
vt 0.478477 0.998858
vt 0.476821 0.001142
vt 0.480132 0.998858
vt 0.478477 0.001142
vt 0.481788 0.998858
vt 0.480132 0.001142
vt 0.483444 0.998858
vt 0.481788 0.001142
vt 0.485099 0.998858
vt 0.483444 0.001142
vt 0.486755 0.998858
vt 0.485099 0.001142
vt 0.488411 0.998858
vt 0.486755 0.001142
vt 0.490066 0.998858
vt 0.488411 0.001142
vt 0.491722 0.998858
vt 0.490066 0.001142
vt 0.493378 0.998858
vt 0.491722 0.001142
vt 0.495033 0.998858
vt 0.493378 0.001142
vt 0.496689 0.998858
vt 0.495033 0.001142
vt 0.498344 0.998858
vt 0.496689 0.001142
vt 0.498344 0.001142
vt 0.501656 0.998858
vt 0.503311 0.998858
vt 0.501656 0.001142
vt 0.504967 0.998858
vt 0.503311 0.001142
vt 0.506622 0.998858
vt 0.504967 0.001142
vt 0.508278 0.998858
vt 0.506622 0.001142
vt 0.509934 0.998858
vt 0.508278 0.001142
vt 0.511589 0.998858
vt 0.509934 0.001142
vt 0.513245 0.998858
vt 0.511589 0.001142
vt 0.514901 0.998858
vt 0.513245 0.001142
vt 0.516556 0.998858
vt 0.514901 0.001142
vt 0.518212 0.998858
vt 0.516556 0.001142
vt 0.519868 0.998858
vt 0.518212 0.001142
vt 0.521523 0.998858
vt 0.519868 0.001142
vt 0.523179 0.998858
vt 0.521523 0.001142
vt 0.524834 0.998858
vt 0.523179 0.001142
vt 0.526490 0.998858
vt 0.524834 0.001142
vt 0.528146 0.998858
vt 0.526490 0.001142
vt 0.529801 0.998858
vt 0.528146 0.001142
vt 0.531457 0.998858
vt 0.529801 0.001142
vt 0.533113 0.998858
vt 0.531457 0.001142
vt 0.534768 0.998858
vt 0.533113 0.001142
vt 0.536424 0.998858
vt 0.534768 0.001142
vt 0.538079 0.998858
vt 0.536424 0.001142
vt 0.539735 0.998858
vt 0.538079 0.001142
vt 0.541391 0.998858
vt 0.539735 0.001142
vt 0.543046 0.998858
vt 0.541391 0.001142
vt 0.544702 0.998858
vt 0.543046 0.001142
vt 0.546358 0.998858
vt 0.544702 0.001142
vt 0.548013 0.998858
vt 0.546358 0.001142
vt 0.549669 0.998858
vt 0.548013 0.001142
vt 0.551324 0.998858
vt 0.549669 0.001142
vt 0.552980 0.998858
vt 0.551324 0.001142
vt 0.554636 0.998858
vt 0.552980 0.001142
vt 0.556291 0.998858
vt 0.554636 0.001142
vt 0.557947 0.998858
vt 0.556291 0.001142
vt 0.559603 0.998858
vt 0.557947 0.001142
vt 0.561258 0.998858
vt 0.559603 0.001142
vt 0.562914 0.998858
vt 0.561258 0.001142
vt 0.564570 0.998858
vt 0.562914 0.001142
vt 0.566225 0.998858
vt 0.564570 0.001142
vt 0.567881 0.998858
vt 0.566225 0.001142
vt 0.569536 0.998858
vt 0.567881 0.001142
vt 0.571192 0.998858
vt 0.569536 0.001142
vt 0.572848 0.998858
vt 0.571192 0.001142
vt 0.574503 0.998858
vt 0.572848 0.001142
vt 0.576159 0.998858
vt 0.574503 0.001142
vt 0.577815 0.998858
vt 0.576159 0.001142
vt 0.579470 0.998858
vt 0.577815 0.001142
vt 0.581126 0.998858
vt 0.579470 0.001142
vt 0.582781 0.998858
vt 0.581126 0.001142
vt 0.584437 0.998858
vt 0.582781 0.001142
vt 0.586093 0.998858
vt 0.584437 0.001142
vt 0.587748 0.998858
vt 0.586093 0.001142
vt 0.589404 0.998858
vt 0.587748 0.001142
vt 0.591060 0.998858
vt 0.589404 0.001142
vt 0.592715 0.998858
vt 0.594371 0.998858
vt 0.596026 0.998858
vt 0.597682 0.998858
vt 0.599338 0.998858
vt 0.600993 0.998858
vt 0.602649 0.998858
vt 0.604305 0.998858
vt 0.605960 0.998858
vt 0.607616 0.998858
vt 0.609272 0.998858
vt 0.610927 0.998858
vt 0.612583 0.998858
vt 0.614238 0.998858
vt 0.615894 0.998858
vt 0.617550 0.998858
vt 0.619205 0.998858
vt 0.620861 0.998858
vt 0.622517 0.998858
vt 0.624172 0.998858
vt 0.625828 0.998858
vt 0.627483 0.998858
vt 0.629139 0.998858
vt 0.630795 0.998858
vt 0.632450 0.998858
vt 0.634106 0.998858
vt 0.635762 0.998858
vt 0.637417 0.998858
vt 0.639073 0.998858
vt 0.640728 0.998858
vt 0.642384 0.998858
vt 0.644040 0.998858
vt 0.645695 0.998858
vt 0.649007 0.998858
vt 0.650662 0.998858
vt 0.652318 0.998858
vt 0.653974 0.998858
vt 0.655629 0.998858
vt 0.657285 0.998858
vt 0.658940 0.998858
vt 0.660596 0.998858
vt 0.662252 0.998858
vt 0.663907 0.998858
vt 0.665563 0.998858
vt 0.667219 0.998858
vt 0.668874 0.998858
vt 0.670530 0.998858
vt 0.672185 0.998858
vt 0.673841 0.998858
vt 0.675497 0.998858
vt 0.677152 0.998858
vt 0.678808 0.998858
vt 0.680464 0.998858
vt 0.682119 0.998858
vt 0.683775 0.998858
vt 0.685430 0.998858
vt 0.687086 0.998858
vt 0.688742 0.998858
vt 0.690397 0.998858
vt 0.692053 0.998858
vt 0.693709 0.998858
vt 0.695364 0.998858
vt 0.697020 0.998858
vt 0.698676 0.998858
vt 0.700331 0.998858
vt 0.701987 0.998858
vt 0.703642 0.998858
vt 0.705298 0.998858
vt 0.706954 0.998858
vt 0.708609 0.998858
vt 0.710265 0.998858
vt 0.711921 0.998858
vt 0.713576 0.998858
vt 0.715232 0.998858
vt 0.716887 0.998858
vt 0.715232 0.001142
vt 0.718543 0.998858
vt 0.716887 0.001142
vt 0.720199 0.998858
vt 0.718543 0.001142
vt 0.721854 0.998858
vt 0.720199 0.001142
vt 0.723510 0.998858
vt 0.721854 0.001142
vt 0.725166 0.998858
vt 0.723510 0.001142
vt 0.726821 0.998858
vt 0.725166 0.001142
vt 0.728477 0.998858
vt 0.726821 0.001142
vt 0.730132 0.998858
vt 0.728477 0.001142
vt 0.731788 0.998858
vt 0.730132 0.001142
vt 0.733444 0.998858
vt 0.731788 0.001142
vt 0.735099 0.998858
vt 0.733444 0.001142
vt 0.736755 0.998858
vt 0.735099 0.001142
vt 0.738411 0.998858
vt 0.736755 0.001142
vt 0.740066 0.998858
vt 0.738411 0.001142
vt 0.741722 0.998858
vt 0.740066 0.001142
vt 0.743378 0.998858
vt 0.741722 0.001142
vt 0.745033 0.998858
vt 0.743378 0.001142
vt 0.746689 0.998858
vt 0.745033 0.001142
vt 0.748344 0.998858
vt 0.746689 0.001142
vt 0.748344 0.001142
vt 0.751656 0.998858
vt 0.753311 0.998858
vt 0.751656 0.001142
vt 0.754967 0.998858
vt 0.753311 0.001142
vt 0.756622 0.998858
vt 0.754967 0.001142
vt 0.758278 0.998858
vt 0.756622 0.001142
vt 0.759934 0.998858
vt 0.758278 0.001142
vt 0.761589 0.998858
vt 0.759934 0.001142
vt 0.763245 0.998858
vt 0.761589 0.001142
vt 0.764901 0.998858
vt 0.763245 0.001142
vt 0.766556 0.998858
vt 0.764901 0.001142
vt 0.768212 0.998858
vt 0.766556 0.001142
vt 0.768212 0.001142
vt 0.771523 0.998858
vt 0.769902 0.998858
vt 0.773179 0.998858
vt 0.771523 0.001142
vt 0.774834 0.998858
vt 0.773179 0.001142
vt 0.776490 0.998858
vt 0.774834 0.001142
vt 0.778146 0.998858
vt 0.776490 0.001142
vt 0.779801 0.998858
vt 0.778146 0.001142
vt 0.781457 0.998858
vt 0.779801 0.001142
vt 0.783113 0.998858
vt 0.781457 0.001142
vt 0.784768 0.998858
vt 0.783113 0.001142
vt 0.786424 0.998858
vt 0.788079 0.998858
vt 0.789735 0.998858
vt 0.791391 0.998858
vt 0.793046 0.998858
vt 0.794702 0.998858
vt 0.796358 0.998858
vt 0.798013 0.998858
vt 0.799669 0.998858
vt 0.801324 0.998858
vt 0.802980 0.998858
vt 0.804636 0.998858
vt 0.806291 0.998858
vt 0.807947 0.998858
vt 0.809603 0.998858
vt 0.811258 0.998858
vt 0.812914 0.998858
vt 0.814570 0.998858
vt 0.816225 0.998858
vt 0.817881 0.998858
vt 0.819536 0.998858
vt 0.821192 0.998858
vt 0.822848 0.998858
vt 0.824503 0.998858
vt 0.826159 0.998858
vt 0.827815 0.998858
vt 0.829470 0.998858
vt 0.831126 0.998858
vt 0.832781 0.998858
vt 0.834437 0.998858
vt 0.836093 0.998858
vt 0.837748 0.998858
vt 0.839404 0.998858
vt 0.841060 0.998858
vt 0.842715 0.998858
vt 0.844371 0.998858
vt 0.846027 0.998858
vt 0.847682 0.998858
vt 0.849338 0.998858
vt 0.850993 0.998858
vt 0.852649 0.998858
vt 0.854305 0.998858
vt 0.855960 0.998858
vt 0.857616 0.998858
vt 0.859272 0.998858
vt 0.860927 0.998858
vt 0.862583 0.998858
vt 0.864238 0.998858
vt 0.865894 0.998858
vt 0.867550 0.998858
vt 0.869205 0.998858
vt 0.870861 0.998858
vt 0.872517 0.998858
vt 0.874172 0.998858
vt 0.875828 0.998858
vt 0.877483 0.998858
vt 0.879139 0.998858
vt 0.880795 0.998858
vt 0.882450 0.998858
vt 0.884106 0.998858
vt 0.885762 0.998858
vt 0.887417 0.998858
vt 0.889073 0.998858
vt 0.890728 0.998858
vt 0.892384 0.998858
vt 0.894040 0.998858
vt 0.895695 0.998858
vt 0.897351 0.998858
vt 0.899007 0.998858
vt 0.900662 0.998858
vt 0.902318 0.998858
vt 0.903974 0.998858
vt 0.905629 0.998858
vt 0.907285 0.998858
vt 0.908940 0.998858
vt 0.910596 0.998858
vt 0.912252 0.998858
vt 0.913907 0.998858
vt 0.915563 0.998858
vt 0.917219 0.998858
vt 0.918874 0.998858
vt 0.920530 0.998858
vt 0.922185 0.998858
vt 0.923841 0.998858
vt 0.925497 0.998858
vt 0.927152 0.998858
vt 0.928808 0.998858
vt 0.930464 0.998858
vt 0.932119 0.998858
vt 0.933775 0.998858
vt 0.935431 0.998858
vt 0.937086 0.998858
vt 0.938742 0.998858
vt 0.940397 0.998858
vt 0.942053 0.998858
vt 0.940397 0.001142
vt 0.943709 0.998858
vt 0.942053 0.001142
vt 0.945364 0.998858
vt 0.943709 0.001142
vt 0.947020 0.998858
vt 0.945364 0.001142
vt 0.948676 0.998858
vt 0.947020 0.001142
vt 0.950331 0.998858
vt 0.948676 0.001142
vt 0.951987 0.998858
vt 0.950331 0.001142
vt 0.953642 0.998858
vt 0.951987 0.001142
vt 0.955298 0.998858
vt 0.953642 0.001142
vt 0.956954 0.998858
vt 0.955298 0.001142
vt 0.958609 0.998858
vt 0.956954 0.001142
vt 0.960265 0.998858
vt 0.958609 0.001142
vt 0.961921 0.998858
vt 0.960265 0.001142
vt 0.963576 0.998858
vt 0.961921 0.001142
vt 0.965232 0.998858
vt 0.963576 0.001142
vt 0.966887 0.998858
vt 0.965232 0.001142
vt 0.968543 0.998858
vt 0.966887 0.001142
vt 0.970199 0.998858
vt 0.968543 0.001142
vt 0.971854 0.998858
vt 0.970199 0.001142
vt 0.973510 0.998858
vt 0.971854 0.001142
vt 0.975166 0.998858
vt 0.973510 0.001142
vt 0.976821 0.998858
vt 0.978477 0.998858
vt 0.980132 0.998858
vt 0.981788 0.998858
vt 0.983444 0.998858
vt 0.985099 0.998858
vt 0.986755 0.998858
vt 0.988411 0.998858
vt 0.990066 0.998858
vt 0.991722 0.998858
vt 0.993378 0.998858
vt 0.995033 0.998858
vt 0.996689 0.998858
vt 0.024262 0.000000
vt 0.029750 0.000000
vt 0.042120 0.000000
vt 0.084922 0.000000
vt 0.085627 0.000000
vt 0.229778 0.000000
vt 0.690123 0.000000
vt 0.690784 0.000000
vt 0.939885 0.000000
vt 0.984848 1.000000
vt 0.639787 0.000000
vt 0.713576 0.000000
vt 0.938742 0.000000
vt 0.049716 0.000000
vt 0.022087 0.000000
vt 0.021401 0.000000
vt 0.020714 0.000000
vt 0.020028 0.000000
vt 0.019341 0.000000
vt 0.018654 0.000000
vt 0.017967 0.000000
vt 0.017280 0.000000
vt 0.016592 0.000000
vt 0.015905 0.000000
vt 0.015217 0.000000
vt 0.014530 0.000000
vt 0.013842 0.000000
vt 0.013155 0.000000
vt 0.011091 0.000000
vt 0.012467 0.000000
vt 0.011779 0.000000
vt 0.010404 0.000000
vt 0.008341 0.000000
vt 0.009716 0.000000
vt 0.009029 0.000000
vt 0.007654 0.000000
vt 0.006967 0.000000
vt 0.006280 0.000000
vt 0.005593 0.000000
vt 0.004906 0.000000
vt 0.004220 0.000000
vt 0.003533 0.000000
vt 0.002848 0.000000
vt 0.002162 0.000000
vt 0.001504 0.000000
vt 0.000983 0.000000
vt 0.023430 0.000000
vt 0.002053 0.000000
vt 0.024262 0.000000
vt 0.043095 0.000000
vt 0.044117 0.000000
vt 0.043471 0.000000
vt 0.042120 0.000000
vt 0.041438 0.000000
vt 0.040754 0.000000
vt 0.040069 0.000000
vt 0.039383 0.000000
vt 0.038696 0.000000
vt 0.038010 0.000000
vt 0.037322 0.000000
vt 0.036635 0.000000
vt 0.035947 0.000000
vt 0.035259 0.000000
vt 0.034571 0.000000
vt 0.033882 0.000000
vt 0.033194 0.000000
vt 0.032505 0.000000
vt 0.031128 0.000000
vt 0.030439 0.000000
vt 0.029750 0.000000
vt 0.029061 0.000000
vt 0.028372 0.000000
vt 0.027683 0.000000
vt 0.026994 0.000000
vt 0.025616 0.000000
vt 0.024927 0.000000
vt 0.022772 0.000000
vt 0.646655 0.001142
vt 0.039383 0.000000
vt 0.040069 0.000000
vt 0.040754 0.000000
vt 0.043095 0.000000
vt 0.043471 0.000000
vt 0.044117 0.000000
vt 0.000983 0.000000
vt 0.001504 0.000000
vt 0.023430 0.000000
vt 0.002162 0.000000
vt 0.002848 0.000000
vt 0.003533 0.000000
vt 0.004220 0.000000
vt 0.004906 0.000000
vt 0.005593 0.000000
vt 0.006280 0.000000
vt 0.006967 0.000000
vt 0.008341 0.000000
vt 0.010404 0.000000
vt 0.009029 0.000000
vt 0.009716 0.000000
vt 0.011091 0.000000
vt 0.013842 0.000000
vt 0.014530 0.000000
vt 0.015217 0.000000
vt 0.016592 0.000000
vt 0.017280 0.000000
vt 0.017967 0.000000
vt 0.018654 0.000000
vt 0.019341 0.000000
vt 0.020028 0.000000
vt 0.020714 0.000000
vt 0.021401 0.000000
vt 0.022087 0.000000
vt 0.022772 0.000000
vt 0.025616 0.000000
vt 0.026305 0.000000
vt 0.026994 0.000000
vt 0.027683 0.000000
vt 0.028372 0.000000
vt 0.030439 0.000000
vt 0.031817 0.000000
vt 0.032505 0.000000
vt 0.033194 0.000000
vt 0.033882 0.000000
vt 0.034571 0.000000
vt 0.035947 0.000000
vt 0.038010 0.000000
vt 0.037322 0.000000
vt 0.038697 0.000000
vt 0.240785 0.000000
vt 0.241387 0.000000
vt 0.079327 0.000000
vt 0.242161 0.000000
vt 0.242753 0.000000
vt 0.243536 0.000000
vt 0.244118 0.000000
vt 0.244911 0.000000
vt 0.245483 0.000000
vt 0.246286 0.000000
vt 0.246847 0.000000
vt 0.247660 0.000000
vt 0.248210 0.000000
vt 0.075840 0.000000
vt 0.249033 0.000000
vt 0.249573 0.000000
vt 0.075142 0.000000
vt 0.250407 0.000000
vt 0.250935 0.000000
vt 0.074444 0.000000
vt 0.251780 0.000000
vt 0.252296 0.000000
vt 0.073746 0.000000
vt 0.253152 0.000000
vt 0.253656 0.000000
vt 0.073048 0.000000
vt 0.254522 0.000000
vt 0.255015 0.000000
vt 0.072350 0.000000
vt 0.255893 0.000000
vt 0.256376 0.000000
vt 0.071651 0.000000
vt 0.257456 0.000000
vt 0.257627 0.000000
vt 0.258554 0.000000
vt 0.259260 0.000000
vt 0.069509 0.000000
vt 0.259972 0.000000
vt 0.070253 0.000000
vt 0.260597 0.000000
vt 0.261385 0.000000
vt 0.065084 0.000000
vt 0.261935 0.000000
vt 0.262796 0.000000
vt 0.263278 0.000000
vt 0.264204 0.000000
vt 0.264624 0.000000
vt 0.265610 0.000000
vt 0.265973 0.000000
vt 0.267012 0.000000
vt 0.267327 0.000000
vt 0.268411 0.000000
vt 0.268685 0.000000
vt 0.269806 0.000000
vt 0.270045 0.000000
vt 0.271200 0.000000
vt 0.064143 0.000000
vt 0.271409 0.000000
vt 0.063407 0.000000
vt 0.272590 0.000000
vt 0.272774 0.000000
vt 0.062720 0.000000
vt 0.273980 0.000000
vt 0.062034 0.000000
vt 0.275368 0.000000
vt 0.275512 0.000000
vt 0.061349 0.000000
vt 0.276754 0.000000
vt 0.276883 0.000000
vt 0.060664 0.000000
vt 0.278140 0.000000
vt 0.278255 0.000000
vt 0.059981 0.000000
vt 0.279250 0.000000
vt 0.280629 0.000000
vt 0.059298 0.000000
vt 0.282667 0.000000
vt 0.058616 0.000000
vt 0.070952 0.000000
vt 0.284065 0.000000
vt 0.057934 0.000000
vt 0.285433 0.000000
vt 0.057254 0.000000
vt 0.286157 0.000000
vt 0.056574 0.000000
vt 0.287527 0.000000
vt 0.055895 0.000000
vt 0.288927 0.000000
vt 0.055217 0.000000
vt 0.290966 0.000000
vt 0.054541 0.000000
vt 0.291706 0.000000
vt 0.053866 0.000000
vt 0.293075 0.000000
vt 0.053193 0.000000
vt 0.293793 0.000000
vt 0.052523 0.000000
vt 0.294502 0.000000
vt 0.051191 0.000000
vt 0.295215 0.000000
vt 0.296654 0.000000
vt 0.049877 0.000000
vt 0.298123 0.000000
vt 0.298740 0.000000
vt 0.299552 0.000000
vt 0.048606 0.000000
vt 0.239410 0.000000
vt 0.240021 0.000000
vt 0.080024 0.000000
vt 0.238034 0.000000
vt 0.238654 0.000000
vt 0.080722 0.000000
vt 0.236658 0.000000
vt 0.237287 0.000000
vt 0.081420 0.000000
vt 0.235282 0.000000
vt 0.235918 0.000000
vt 0.082118 0.000000
vt 0.233906 0.000000
vt 0.234549 0.000000
vt 0.082816 0.000000
vt 0.232530 0.000000
vt 0.233180 0.000000
vt 0.083517 0.000000
vt 0.228402 0.000000
vt 0.086331 0.000000
vt 0.231154 0.000000
vt 0.231809 0.000000
vt 0.087035 0.000000
vt 0.227693 0.000000
vt 0.230438 0.000000
vt 0.226319 0.000000
vt 0.227025 0.000000
vt 0.229066 0.000000
vt 0.225649 0.000000
vt 0.087735 0.000000
vt 0.224944 0.000000
vt 0.224273 0.000000
vt 0.088431 0.000000
vt 0.223569 0.000000
vt 0.089126 0.000000
vt 0.089819 0.000000
vt 0.222192 0.000000
vt 0.222897 0.000000
vt 0.220814 0.000000
vt 0.221521 0.000000
vt 0.090512 0.000000
vt 0.219436 0.000000
vt 0.220145 0.000000
vt 0.218768 0.000000
vt 0.091204 0.000000
vt 0.218056 0.000000
vt 0.217392 0.000000
vt 0.091892 0.000000
vt 0.216676 0.000000
vt 0.216016 0.000000
vt 0.092578 0.000000
vt 0.214640 0.000000
vt 0.093260 0.000000
vt 0.215294 0.000000
vt 0.213913 0.000000
vt 0.213264 0.000000
vt 0.093940 0.000000
vt 0.212530 0.000000
vt 0.211889 0.000000
vt 0.094618 0.000000
vt 0.211147 0.000000
vt 0.210513 0.000000
vt 0.209137 0.000000
vt 0.095970 0.000000
vt 0.208378 0.000000
vt 0.207761 0.000000
vt 0.096643 0.000000
vt 0.206993 0.000000
vt 0.206385 0.000000
vt 0.097316 0.000000
vt 0.205608 0.000000
vt 0.205009 0.000000
vt 0.097989 0.000000
vt 0.204223 0.000000
vt 0.203634 0.000000
vt 0.098662 0.000000
vt 0.202258 0.000000
vt 0.202837 0.000000
vt 0.099334 0.000000
vt 0.200883 0.000000
vt 0.201451 0.000000
vt 0.100007 0.000000
vt 0.199508 0.000000
vt 0.198133 0.000000
vt 0.198679 0.000000
vt 0.100680 0.000000
vt 0.196758 0.000000
vt 0.197293 0.000000
vt 0.101354 0.000000
vt 0.195384 0.000000
vt 0.102110 0.000000
vt 0.193923 0.000000
vt 0.102761 0.000000
vt 0.192530 0.000000
vt 0.193246 0.000000
vt 0.189476 0.000000
vt 0.191158 0.000000
vt 0.104051 0.000000
vt 0.103383 0.000000
vt 0.188382 0.000000
vt 0.189407 0.000000
vt 0.104716 0.000000
vt 0.184969 0.000000
vt 0.187001 0.000000
vt 0.106831 0.000000
vt 0.106058 0.000000
vt 0.107945 0.000000
vt 0.182594 0.000000
vt 0.184239 0.000000
vt 0.181464 0.000000
vt 0.182488 0.000000
vt 0.178459 0.000000
vt 0.179455 0.000000
vt 0.178321 0.000000
vt 0.115599 0.000000
vt 0.175717 0.000000
vt 0.176934 0.000000
vt 0.118106 0.000000
vt 0.174348 0.000000
vt 0.175545 0.000000
vt 0.172981 0.000000
vt 0.174155 0.000000
vt 0.119492 0.000000
vt 0.171616 0.000000
vt 0.172762 0.000000
vt 0.120880 0.000000
vt 0.170253 0.000000
vt 0.171368 0.000000
vt 0.122271 0.000000
vt 0.168894 0.000000
vt 0.123664 0.000000
vt 0.167537 0.000000
vt 0.168572 0.000000
vt 0.124732 0.000000
vt 0.166184 0.000000
vt 0.167170 0.000000
vt 0.126084 0.000000
vt 0.125060 0.000000
vt 0.164833 0.000000
vt 0.165766 0.000000
vt 0.127434 0.000000
vt 0.126459 0.000000
vt 0.163486 0.000000
vt 0.164359 0.000000
vt 0.162142 0.000000
vt 0.162951 0.000000
vt 0.128781 0.000000
vt 0.127861 0.000000
vt 0.160800 0.000000
vt 0.161542 0.000000
vt 0.134135 0.000000
vt 0.160132 0.000000
vt 0.159460 0.000000
vt 0.134883 0.000000
vt 0.158119 0.000000
vt 0.138819 0.000000
vt 0.135465 0.000000
vt 0.138377 0.000000
vt 0.156771 0.000000
vt 0.155212 0.000000
vt 0.156006 0.000000
vt 0.154752 0.000000
vt 0.151054 0.000000
vt 0.152583 0.000000
vt 0.153268 0.000000
vt 0.149850 0.000000
vt 0.150701 0.000000
vt 0.148482 0.000000
vt 0.149166 0.000000
vt 0.147117 0.000000
vt 0.147799 0.000000
vt 0.145753 0.000000
vt 0.146435 0.000000
vt 0.144387 0.000000
vt 0.145070 0.000000
vt 0.143201 0.000000
vt 0.143538 0.000000
vt 0.141659 0.000000
vt 0.142341 0.000000
vt 0.140294 0.000000
vt 0.140977 0.000000
vt 0.139612 0.000000
vt 0.137562 0.000000
vt 0.136806 0.000000
vt 0.136288 0.000000
vt 0.133479 0.000000
vt 0.132075 0.000000
vt 0.132802 0.000000
vt 0.130669 0.000000
vt 0.131464 0.000000
vt 0.129264 0.000000
vt 0.130124 0.000000
vt 0.123376 0.000000
vt 0.122018 0.000000
vt 0.120657 0.000000
vt 0.119295 0.000000
vt 0.116723 0.000000
vt 0.117931 0.000000
vt 0.116566 0.000000
vt 0.113530 0.000000
vt 0.114233 0.000000
vt 0.112171 0.000000
vt 0.112850 0.000000
vt 0.110814 0.000000
vt 0.111492 0.000000
vt 0.109464 0.000000
vt 0.110138 0.000000
vt 0.108125 0.000000
vt 0.108796 0.000000
vt 0.300258 0.000000
vt 0.300963 0.000000
vt 0.301666 0.000000
vt 0.302367 0.000000
vt 0.303068 0.000000
vt 0.105385 0.000000
vt 0.065413 0.000000
vt 0.066103 0.000000
vt 0.066771 0.000000
vt 0.067446 0.000000
vt 0.068126 0.000000
vt 0.068809 0.000000
vt 0.938497 0.000000
vt 0.939223 0.000000
vt 0.689452 0.000000
vt 0.941980 0.000000
vt 0.942654 0.000000
vt 0.940601 0.000000
vt 0.941271 0.000000
vt 0.688762 0.000000
vt 0.943358 0.000000
vt 0.944033 0.000000
vt 0.688058 0.000000
vt 0.944732 0.000000
vt 0.687378 0.000000
vt 0.945410 0.000000
vt 0.946100 0.000000
vt 0.946783 0.000000
vt 0.686737 0.000000
vt 0.947465 0.000000
vt 0.948144 0.000000
vt 0.948831 0.000000
vt 0.949506 0.000000
vt 0.950191 0.000000
vt 0.950863 0.000000
vt 0.951550 0.000000
vt 0.952214 0.000000
vt 0.952901 0.000000
vt 0.953560 0.000000
vt 0.954254 0.000000
vt 0.954906 0.000000
vt 0.955598 0.000000
vt 0.956242 0.000000
vt 0.956941 0.000000
vt 0.957577 0.000000
vt 0.958282 0.000000
vt 0.958907 0.000000
vt 0.959614 0.000000
vt 0.960229 0.000000
vt 0.960943 0.000000
vt 0.961545 0.000000
vt 0.962266 0.000000
vt 0.962859 0.000000
vt 0.963582 0.000000
vt 0.964160 0.000000
vt 0.964882 0.000000
vt 0.965445 0.000000
vt 0.966130 0.000000
vt 0.966812 0.000000
vt 0.966918 0.000000
vt 0.937105 0.000000
vt 0.691439 0.000000
vt 0.935711 0.000000
vt 0.936460 0.000000
vt 0.692741 0.000000
vt 0.692092 0.000000
vt 0.935076 0.000000
vt 0.934315 0.000000
vt 0.693388 0.000000
vt 0.933691 0.000000
vt 0.931517 0.000000
vt 0.932304 0.000000
vt 0.694036 0.000000
vt 0.930116 0.000000
vt 0.930917 0.000000
vt 0.694682 0.000000
vt 0.928714 0.000000
vt 0.929529 0.000000
vt 0.695328 0.000000
vt 0.927311 0.000000
vt 0.928140 0.000000
vt 0.695974 0.000000
vt 0.925907 0.000000
vt 0.926751 0.000000
vt 0.696621 0.000000
vt 0.924502 0.000000
vt 0.925362 0.000000
vt 0.697269 0.000000
vt 0.923098 0.000000
vt 0.923972 0.000000
vt 0.697919 0.000000
vt 0.921693 0.000000
vt 0.922582 0.000000
vt 0.698570 0.000000
vt 0.920287 0.000000
vt 0.921192 0.000000
vt 0.699222 0.000000
vt 0.918881 0.000000
vt 0.919801 0.000000
vt 0.699875 0.000000
vt 0.917474 0.000000
vt 0.918411 0.000000
vt 0.916067 0.000000
vt 0.917019 0.000000
vt 0.914659 0.000000
vt 0.915628 0.000000
vt 0.913250 0.000000
vt 0.914235 0.000000
vt 0.911840 0.000000
vt 0.912841 0.000000
vt 0.910427 0.000000
vt 0.911445 0.000000
vt 0.967973 0.000000
vt 0.686046 0.000000
vt 0.968801 0.000000
vt 0.685278 0.000000
vt 0.969450 0.000000
vt 0.684509 0.000000
vt 0.970098 0.000000
vt 0.683759 0.000000
vt 0.970753 0.000000
vt 0.683028 0.000000
vt 0.971405 0.000000
vt 0.682302 0.000000
vt 0.972060 0.000000
vt 0.681575 0.000000
vt 0.972718 0.000000
vt 0.583014 0.000000
vt 0.583735 0.000000
vt 0.606178 0.000000
vt 0.584414 0.000000
vt 0.585115 0.000000
vt 0.587226 0.000000
vt 0.585818 0.000000
vt 0.586522 0.000000
vt 0.587930 0.000000
vt 0.588634 0.000000
vt 0.589338 0.000000
vt 0.590040 0.000000
vt 0.590742 0.000000
vt 0.592844 0.000000
vt 0.591443 0.000000
vt 0.592143 0.000000
vt 0.593545 0.000000
vt 0.595644 0.000000
vt 0.594245 0.000000
vt 0.594944 0.000000
vt 0.596344 0.000000
vt 0.598445 0.000000
vt 0.597045 0.000000
vt 0.597745 0.000000
vt 0.599145 0.000000
vt 0.601250 0.000000
vt 0.599846 0.000000
vt 0.600548 0.000000
vt 0.601952 0.000000
vt 0.602657 0.000000
vt 0.603361 0.000000
vt 0.604772 0.000000
vt 0.605481 0.000000
vt 0.607131 0.000000
vt 0.607557 0.000000
vt 0.608622 0.000000
vt 0.587396 0.000000
vt 0.609060 0.000000
vt 0.610116 0.000000
vt 0.610564 0.000000
vt 0.992748 0.000000
vt 0.611601 0.000000
vt 0.612058 0.000000
vt 0.997254 0.000000
vt 0.613071 0.000000
vt 0.996636 0.000000
vt 0.614522 0.000000
vt 0.995985 0.000000
vt 0.995318 0.000000
vt 0.993962 0.000000
vt 0.993275 0.000000
vt 0.992586 0.000000
vt 0.991895 0.000000
vt 0.991203 0.000000
vt 0.990508 0.000000
vt 0.989812 0.000000
vt 0.989116 0.000000
vt 0.674846 0.000000
vt 0.675576 0.000000
vt 0.676392 0.000000
vt 0.677892 0.000000
vt 0.678637 0.000000
vt 0.679379 0.000000
vt 0.680115 0.000000
vt 0.680847 0.000000
vt 0.879644 0.000000
vt 0.878971 0.000000
vt 0.878297 0.000000
vt 0.876950 0.000000
vt 0.876277 0.000000
vt 0.862614 0.000000
vt 0.875604 0.000000
vt 0.874931 0.000000
vt 0.864002 0.000000
vt 0.863308 0.000000
vt 0.860539 0.000000
vt 0.859847 0.000000
vt 0.859157 0.000000
vt 0.858466 0.000000
vt 0.857776 0.000000
vt 0.857087 0.000000
vt 0.856397 0.000000
vt 0.855708 0.000000
vt 0.855020 0.000000
vt 0.854334 0.000000
vt 0.852776 0.000000
vt 0.840595 0.000000
vt 0.841332 0.000000
vt 0.841952 0.000000
vt 0.839238 0.000000
vt 0.838548 0.000000
vt 0.835762 0.000000
vt 0.833808 0.000000
vt 0.832975 0.000000
vt 0.832432 0.000000
vt 0.830396 0.000000
vt 0.830913 0.000000
vt 0.831680 0.000000
vt 0.834370 0.000000
vt 0.835166 0.000000
vt 0.836522 0.000000
vt 0.837155 0.000000
vt 0.837880 0.000000
vt 0.839940 0.000000
vt 0.842658 0.000000
vt 0.843368 0.000000
vt 0.844740 0.000000
vt 0.844055 0.000000
vt 0.845425 0.000000
vt 0.846108 0.000000
vt 0.846792 0.000000
vt 0.847474 0.000000
vt 0.848156 0.000000
vt 0.849516 0.000000
vt 0.850194 0.000000
vt 0.850870 0.000000
vt 0.851541 0.000000
vt 0.852221 0.000000
vt 0.853564 0.000000
vt 0.864697 0.000000
vt 0.874257 0.000000
vt 0.861922 0.000000
vt 0.865413 0.000000
vt 0.866094 0.000000
vt 0.873580 0.000000
vt 0.866781 0.000000
vt 0.868152 0.000000
vt 0.868836 0.000000
vt 0.869519 0.000000
vt 0.870201 0.000000
vt 0.870883 0.000000
vt 0.871564 0.000000
vt 0.872244 0.000000
vt 0.872922 0.000000
s 1
usemtl neutral-metal.003
f 135/1/1 136/2/2 137/3/3
f 304/4/4 305/5/5 306/6/6
f 817/7/7 818/8/8 819/9/9
f 843/10/10 844/11/11 845/12/12
f 1186/13/13 1187/14/13 1188/15/13
f 2191/16/14 2192/17/15 2193/18/16
f 2420/19/17 2421/20/18 2422/21/19
f 2569/22/20 2570/23/21 2571/24/22
f 2982/25/23 2983/26/24 2984/27/25
f 3151/28/26 3152/29/27 3153/30/28
f 3664/31/29 3665/32/30 3666/33/31
f 3690/34/32 3691/35/33 3692/36/34
f 4033/37/35 4034/38/35 4035/39/35
f 5038/40/36 5039/41/37 5040/42/38
f 5267/43/39 5268/44/40 5269/45/41
f 5416/46/42 5417/47/43 5418/48/44
f 1204/49/45 1206/50/46 1203/51/45
f 1189/52/47 1186/53/48 1188/54/48
f 1220/55/49 1222/56/50 1219/57/51
f 1237/58/52 1235/59/53 1236/60/53
f 996/61/54 994/62/55 995/63/56
f 1011/64/57 1013/65/58 1010/66/59
f 1027/67/60 1029/68/61 1026/69/60
f 1043/70/62 1045/71/63 1042/72/64
f 980/73/65 978/74/66 979/75/66
f 1059/76/67 1061/77/68 1058/78/67
f 1075/79/69 1077/80/70 1074/81/71
f 1091/82/72 1093/83/73 1090/84/72
f 963/85/74 965/86/75 962/87/74
f 1107/88/76 1109/89/77 1106/90/76
f 1124/91/78 1122/92/79 1123/93/80
f 948/94/81 946/95/82 947/96/83
f 932/97/84 930/98/85 931/99/85
f 1140/100/86 1138/101/87 1139/102/88
f 916/103/89 914/104/90 915/105/90
f 1155/106/91 1157/107/92 1154/108/91
f 900/109/93 898/110/94 899/111/94
f 1172/112/95 1170/113/96 1171/114/97
f 884/115/98 882/116/99 883/117/99
f 868/118/100 866/119/101 867/120/101
f 852/121/102 850/122/103 851/123/103
f 1396/124/104 1398/125/105 1395/126/104
f 838/127/106 836/128/107 837/129/107
f 1412/130/108 1414/131/109 1411/132/110
f 1380/133/111 1382/134/112 1379/135/113
f 1429/136/114 1427/137/115 1428/138/116
f 1364/139/117 1366/140/118 1363/141/117
f 821/142/119 823/143/120 820/144/119
f 1349/145/121 1347/146/122 1348/147/123
f 1268/148/124 1270/149/125 1267/150/124
f 1333/151/126 1331/152/127 1332/153/127
f 1284/154/128 1286/155/129 1283/156/130
f 1316/157/131 1318/158/132 1315/159/133
f 1300/160/134 1302/161/135 1299/162/134
f 809/163/136 807/164/137 808/165/137
f 157/166/138 159/167/139 156/168/138
f 1589/169/140 1587/170/105 1588/171/105
f 1604/172/141 1606/173/142 1603/174/109
f 1572/175/143 1574/176/144 1571/177/112
f 1621/178/145 1619/179/114 1620/180/146
f 1556/181/118 1558/182/147 1555/183/118
f 173/184/148 175/185/149 172/186/148
f 781/187/150 779/188/151 780/189/152
f 397/190/153 395/191/154 396/192/154
f 1541/193/155 1539/194/156 1540/195/156
f 381/196/157 379/197/158 380/198/158
f 413/199/159 411/200/160 412/201/161
f 365/202/162 363/203/163 364/204/163
f 765/205/164 763/206/165 764/207/166
f 189/208/167 191/209/168 188/210/167
f 349/211/169 347/212/170 348/213/171
f 1460/214/172 1462/215/173 1459/216/172
f 1525/217/174 1523/218/175 1524/219/175
f 748/220/176 750/221/177 747/222/176
f 332/223/178 334/224/179 331/225/178
f 428/226/180 430/227/181 427/228/180
f 1476/229/182 1478/230/183 1475/231/184
f 733/232/185 731/233/186 732/234/186
f 1508/235/187 1510/236/188 1507/237/187
f 1493/238/189 1491/239/135 1492/240/135
f 318/241/190 320/242/191 317/243/190
f 445/244/192 443/245/193 444/246/193
f 716/247/194 718/248/195 715/249/194
f 205/250/196 207/251/197 204/252/196
f 460/253/198 462/254/199 459/255/200
f 302/256/201 300/257/202 301/258/202
f 476/259/203 478/260/204 475/261/203
f 701/262/205 699/263/206 700/264/206
f 493/265/207 491/266/208 492/267/208
f 221/268/209 223/269/210 220/270/209
f 509/271/211 507/272/212 508/273/212
f 285/274/213 287/275/214 284/276/213
f 237/277/215 239/278/216 236/279/215
f 685/280/217 683/281/218 684/282/218
f 254/283/219 252/284/220 253/285/220
f 269/286/221 271/287/222 268/288/221
f 669/289/223 667/290/224 668/291/225
f 528/292/226 530/293/227 527/294/226
f 652/295/228 654/296/229 651/297/228
f 540/298/230 542/299/231 539/300/230
f 637/301/232 635/302/233 636/303/233
f 556/304/234 558/305/235 555/306/234
f 620/307/236 622/308/237 619/309/236
f 572/310/238 574/311/239 571/312/238
f 604/313/240 606/314/241 603/315/240
f 589/316/242 587/317/243 588/318/243
f 2037/319/244 2035/320/245 2036/321/245
f 2052/322/246 2054/323/247 2051/324/246
f 2021/325/248 2019/326/249 2020/327/250
f 2068/328/251 2070/329/252 2067/330/251
f 2085/331/253 2083/332/254 2084/333/254
f 2004/334/255 2006/335/256 2003/336/255
f 2101/337/257 2099/338/258 2100/339/258
f 2116/340/259 2118/341/260 2115/342/259
f 1812/343/261 1814/344/262 1811/345/261
f 1828/346/263 1830/347/264 1827/348/265
f 2132/349/266 2134/350/267 2131/351/266
f 1796/352/268 1798/353/269 1795/354/270
f 1844/355/271 1846/356/272 1843/357/271
f 1780/358/273 1782/359/274 1779/360/273
f 2148/361/275 2150/362/276 2147/363/275
f 1860/364/277 1862/365/278 1859/366/277
f 1765/367/279 1763/368/280 1764/369/281
f 2165/370/282 2163/371/283 2164/372/283
f 1989/373/284 1987/374/285 1988/375/285
f 2567/376/286 2565/377/287 2566/378/287
f 2550/379/288 2552/380/289 2549/381/288
f 2294/382/290 2292/383/291 2293/384/292
f 2278/385/293 2276/386/294 2277/387/294
f 2535/388/295 2533/389/296 2534/390/296
f 2310/391/297 2308/392/298 2309/393/298
f 2261/394/299 2263/395/300 2260/396/301
f 2246/397/302 2244/398/303 2245/399/303
f 1876/400/304 1878/401/305 1875/402/306
f 2180/403/307 2182/404/308 2179/405/307
f 2229/406/309 2231/407/310 2228/408/311
f 1748/409/312 1750/410/313 1747/411/312
f 2325/412/314 2327/413/315 2324/414/314
f 2213/415/316 2215/416/317 2212/417/318
f 2518/418/319 2520/419/320 2517/420/319
f 2197/421/321 2199/422/322 2196/423/323
f 2583/424/324 2585/425/325 2582/426/324
f 2792/427/326 2790/428/327 2791/429/327
f 2342/430/328 2340/431/329 2341/432/329
f 2807/433/330 2809/434/331 2806/435/330
f 1893/436/332 1891/437/333 1892/438/334
f 1733/439/335 1731/440/336 1732/441/336
f 2503/442/337 2501/443/338 2502/444/338
f 2775/445/339 2777/446/340 2774/447/339
f 2358/448/341 2356/449/342 2357/450/342
f 2824/451/343 2822/452/344 2823/453/344
f 1973/454/345 1971/455/346 1972/456/346
f 2599/457/347 2601/458/348 2598/459/349
f 2373/460/350 2375/461/351 2372/462/350
f 1908/463/352 1910/464/353 1907/465/354
f 1717/466/355 1715/467/356 1716/468/356
f 2486/469/357 2488/470/358 2485/471/357
f 2759/472/359 2761/473/360 2758/474/361
f 2423/475/362 2420/476/17 2422/477/19
f 2390/478/363 2388/479/364 2389/480/364
f 2439/481/365 2437/482/366 2438/483/366
f 2406/484/367 2404/485/368 2405/486/368
f 1957/487/369 1955/488/370 1956/489/370
f 2840/490/371 2838/491/372 2839/492/372
f 1924/493/373 1926/494/374 1923/495/373
f 2454/496/375 2456/497/376 2453/498/375
f 2743/499/377 2745/500/378 2742/501/377
f 1941/502/379 1939/503/380 1940/504/380
f 2471/505/381 2469/506/382 2470/507/382
f 2616/508/383 2614/509/384 2615/510/384
f 1700/511/385 1702/512/386 1699/513/385
f 2632/514/387 2630/515/388 2631/516/388
f 2727/517/389 2729/518/390 2726/519/391
f 1685/520/392 1683/521/393 1684/522/393
f 2648/523/394 2646/524/395 2647/525/395
f 2711/526/396 2713/527/397 2710/528/396
f 1669/529/398 1667/530/399 1668/531/399
f 1652/532/400 1654/533/401 1651/534/400
f 2664/535/402 2662/536/403 2663/537/403
f 2695/538/404 2697/539/405 2694/540/404
f 2680/541/406 2678/542/407 2679/543/407
f 67/544/408 65/545/409 66/546/409
f 51/547/410 49/548/411 50/549/411
f 35/550/412 33/551/413 34/552/413
f 18/553/414 20/554/415 17/555/414
f 82/556/416 84/557/417 81/558/416
f 98/559/418 100/560/419 97/561/420
f 114/562/421 116/563/422 113/564/421
f 2/565/423 4/566/424 1/567/423
f 131/568/425 2/569/423 1/570/423
f 130/571/426 131/568/425 129/572/426
f 4041/573/427 4043/574/428 4040/575/429
f 4058/576/430 4056/577/431 4057/578/432
f 4074/579/433 4072/580/434 4073/581/434
f 4090/582/435 4088/583/436 4089/584/436
f 3849/585/437 3847/586/438 3848/587/438
f 3865/588/439 3863/589/440 3864/590/441
f 3881/591/442 3879/592/443 3880/593/444
f 3833/594/445 3831/595/446 3832/596/446
f 3897/597/447 3895/598/448 3896/599/448
f 3913/600/449 3911/601/450 3912/602/450
f 3928/603/451 3930/604/452 3927/605/451
f 3816/606/453 3818/607/454 3815/608/453
f 3945/609/455 3943/610/456 3944/611/456
f 3961/612/457 3959/613/458 3960/614/458
f 3800/615/459 3802/616/460 3799/617/461
f 3976/618/462 3978/619/463 3975/620/462
f 3785/621/464 3783/622/465 3784/623/465
f 3992/624/466 3994/625/467 3991/626/466
f 3768/627/468 3770/628/469 3767/629/468
f 3753/630/470 3751/631/471 3752/632/471
f 4008/633/472 4010/634/473 4007/635/472
f 3736/636/474 3738/637/475 3735/638/474
f 4024/639/476 4026/640/477 4023/641/478
f 3721/642/479 3719/643/480 3720/644/480
f 3704/645/481 3706/646/482 3703/647/481
f 3690/10/32 3692/648/34 3689/649/483
f 4249/650/484 4251/651/485 4248/652/484
f 4233/653/486 4235/654/487 4232/655/488
f 4265/656/489 4267/657/490 4264/658/491
f 4218/659/492 4216/660/493 4217/661/494
f 3675/662/495 3673/663/496 3674/664/497
f 2982/25/23 2986/665/498 2983/26/24
f 4281/666/499 4283/667/500 4280/668/501
f 4202/669/502 4200/670/503 4201/671/504
f 4106/672/505 4104/673/506 4105/674/507
f 4185/675/508 4187/676/509 4184/677/508
f 4122/678/510 4120/679/511 4121/680/512
f 4169/681/513 4171/682/514 4168/683/515
f 4137/684/516 4139/685/517 4136/686/518
f 4153/687/519 4155/688/520 4152/689/519
f 2995/690/521 2993/691/522 2994/692/522
f 4442/693/523 4440/694/524 4441/695/524
f 4426/696/525 4424/697/526 4425/698/527
f 3010/699/528 3012/700/529 3009/701/528
f 4458/702/530 4456/703/531 4457/704/532
f 4410/705/533 4408/706/492 4409/707/492
f 4473/708/534 4475/709/535 4472/710/500
f 3633/711/536 3635/712/537 3632/713/536
f 4394/714/538 4392/715/539 4393/716/539
f 3250/717/540 3248/718/541 3249/719/541
f 3233/720/542 3235/721/543 3232/722/544
f 3027/723/545 3025/724/546 3026/725/546
f 3618/726/547 3616/727/548 3617/728/548
f 4298/729/549 4296/730/550 4297/731/550
f 3218/732/551 3216/733/552 3217/734/552
f 3266/735/553 3264/736/554 3265/737/555
f 3201/738/556 3203/739/557 3200/740/556
f 4377/741/558 4379/742/559 4376/743/509
f 3602/744/560 3600/745/561 3601/746/561
f 3186/747/562 3184/748/563 3185/749/563
f 3043/750/564 3041/751/565 3042/752/566
f 4314/753/567 4312/754/568 4313/755/568
f 3586/756/569 3584/757/570 3585/758/570
f 4362/759/571 4360/760/514 4361/761/572
f 3281/762/573 3283/763/574 3280/764/573
f 3172/765/575 3170/766/576 3171/767/576
f 4330/768/577 4328/769/578 4329/770/578
f 3570/771/579 3568/772/580 3569/773/580
f 4346/774/581 4344/775/582 4345/776/582
f 3298/777/583 3296/778/584 3297/779/584
f 3155/780/585 3157/781/586 3154/782/587
f 3554/783/588 3552/784/589 3553/785/589
f 3313/786/590 3315/787/591 3312/788/590
f 3059/789/592 3057/790/593 3058/791/593
f 3329/792/594 3331/793/595 3328/794/594
f 3345/795/596 3347/796/597 3344/797/598
f 3138/798/599 3140/799/600 3137/800/599
f 3538/801/601 3536/802/602 3537/803/603
f 3075/804/604 3073/805/605 3074/806/605
f 3122/807/606 3124/808/607 3121/809/606
f 3090/810/608 3092/811/609 3089/812/610
f 3106/813/611 3108/814/612 3105/815/613
f 3522/816/614 3520/817/615 3521/818/615
f 3506/819/616 3504/820/617 3505/821/618
f 3490/822/619 3488/823/620 3489/824/621
f 3394/825/622 3392/826/623 3393/827/623
f 3474/828/624 3472/829/625 3473/830/625
f 3409/831/626 3411/832/627 3408/833/626
f 3457/834/628 3459/835/629 3456/836/628
f 3425/837/630 3427/838/631 3424/839/632
f 3441/840/633 3443/841/634 3440/842/635
f 4889/843/636 4891/844/637 4888/845/636
f 4874/846/638 4872/847/639 4873/848/640
f 4905/849/641 4907/850/642 4904/851/643
f 4921/852/644 4923/853/645 4920/854/644
f 4857/855/646 4859/856/647 4856/857/646
f 4938/858/648 4936/859/649 4937/860/649
f 4954/861/650 4952/862/651 4953/863/651
f 4970/864/652 4968/865/653 4969/866/653
f 4665/867/654 4667/868/655 4664/869/654
f 4649/870/656 4651/871/657 4648/872/656
f 4682/873/658 4680/874/659 4681/875/659
f 4842/876/660 4840/877/661 4841/878/661
f 4986/879/662 4984/880/663 4985/881/663
f 4633/882/664 4635/883/665 4632/884/664
f 4698/885/666 4696/886/667 4697/887/667
f 5001/888/668 5003/889/669 5000/890/668
f 4617/891/670 4619/892/671 4616/893/670
f 4714/894/672 4712/895/673 4713/896/673
f 5403/897/674 5405/898/675 5402/899/674
f 5017/900/676 5019/901/677 5016/902/678
f 5387/903/679 5389/904/680 5386/905/679
f 4602/906/681 4600/907/682 4601/908/682
f 5147/909/683 5145/910/684 5146/911/684
f 5130/912/685 5132/913/686 5129/914/687
f 5115/915/688 5113/916/689 5114/917/690
f 5162/918/691 5164/919/692 5161/920/691
f 5420/921/693 5422/922/694 5419/923/693
f 5098/924/695 5100/925/696 5097/926/695
f 5083/927/697 5081/928/698 5082/929/699
f 5372/930/700 5370/931/701 5371/932/701
f 5067/933/702 5065/934/703 5066/935/704
f 4730/936/705 4728/937/706 4729/938/707
f 5033/939/708 5035/940/709 5032/941/708
f 5179/942/710 5177/943/711 5178/944/711
f 5051/945/712 5049/946/713 5050/947/714
f 4585/948/715 4587/949/716 4584/950/715
f 5644/951/717 5646/952/718 5643/953/719
f 5356/954/720 5354/955/721 5355/956/721
f 4825/957/722 4827/958/723 4824/959/722
f 5629/960/724 5627/961/725 5628/962/725
f 5660/963/726 5662/964/727 5659/965/726
f 5195/966/728 5193/967/729 5194/968/730
f 4745/969/731 4747/970/732 4744/971/731
f 5436/972/733 5438/973/734 5435/974/733
f 4569/975/735 4571/976/736 4568/977/735
f 5211/978/737 5209/979/738 5210/980/739
f 5613/981/740 5611/982/741 5612/983/741
f 5339/984/742 5341/985/743 5338/986/742
f 5676/987/744 5678/988/745 5675/989/744
f 5226/990/746 5228/991/747 5225/992/748
f 5275/993/749 5277/994/750 5274/995/749
f 4809/996/751 4811/997/752 4808/998/751
f 5242/999/753 5244/1000/754 5241/1001/753
f 4762/1002/755 4760/1003/756 4761/1004/756
f 5452/1005/757 5454/1006/758 5451/1007/757
f 5259/1008/759 5257/1009/760 5258/1010/760
f 5291/1011/761 5293/1012/762 5290/1013/761
f 5596/1014/763 5598/1015/764 5595/1016/763
f 4554/1017/765 4552/1018/766 4553/1019/766
f 5324/1020/767 5322/1021/768 5323/1022/768
f 4793/1023/769 4795/1024/770 4792/1025/769
f 4778/1026/771 4776/1027/772 4777/1028/773
f 5307/1029/774 5309/1030/775 5306/1031/774
f 5468/1032/776 5470/1033/777 5467/1034/776
f 5692/1035/778 5694/1036/779 5691/1037/778
f 5580/1038/780 5582/1039/781 5579/1040/782
f 4537/1041/783 4539/1042/784 4536/1043/783
f 5485/1044/785 5483/1045/786 5484/1046/786
f 5564/1047/787 5566/1048/788 5563/1049/789
f 4521/1050/790 4523/1051/791 4520/1052/792
f 4489/1053/793 4491/1054/794 4488/1055/793
f 5501/1056/795 5499/1057/796 5500/1058/797
f 4505/1059/798 4507/1060/799 4504/1061/798
f 5549/1062/800 5547/1063/801 5548/1064/802
f 5517/1065/803 5515/1066/804 5516/1067/804
f 5532/1068/805 5534/1069/806 5531/1070/805
f 2903/1071/807 2905/1072/808 2902/1073/807
f 2887/1074/809 2889/1075/810 2886/1076/809
f 2871/1077/811 2873/1078/812 2870/1079/811
f 2856/1080/813 2854/1081/814 2855/1082/814
f 2919/1083/815 2921/1084/816 2918/1085/815
f 2935/1086/817 2937/1087/818 2934/1088/817
f 2952/1089/819 2950/1090/820 2951/1091/820
f 2968/1092/821 2966/1093/822 2967/1094/822
f 1205/1095/46 1208/1096/823 1206/50/46
f 1191/1097/824 1190/1098/47 1189/52/47
f 1223/1099/825 1222/56/50 1221/1100/50
f 1239/1101/826 1238/1102/52 1237/58/52
f 998/1103/827 997/1104/828 996/61/54
f 1014/1105/829 1013/65/58 1012/1106/830
f 1030/1107/831 1029/68/61 1028/1108/832
f 1046/1109/833 1045/71/63 1044/1110/63
f 982/1111/834 981/1112/65 980/73/65
f 1062/1113/835 1061/77/68 1060/1114/836
f 1078/1115/837 1077/80/70 1076/1116/70
f 1094/1117/838 1093/83/73 1092/1118/73
f 964/1119/75 967/1120/839 965/86/75
f 1110/1121/840 1109/89/77 1108/1122/841
f 1126/1123/842 1125/1124/78 1124/91/78
f 950/1125/843 949/1126/81 948/94/81
f 932/97/84 935/1127/844 933/1128/84
f 1142/1129/845 1141/1130/846 1140/100/86
f 918/1131/847 917/1132/89 916/103/89
f 1158/1133/848 1157/107/92 1156/1134/92
f 902/1135/849 901/1136/93 900/109/93
f 1174/1137/850 1173/1138/851 1172/112/95
f 886/1139/852 885/1140/98 884/115/98
f 870/1141/853 869/1142/100 868/118/100
f 852/121/102 855/1143/854 853/1144/102
f 840/1145/855 839/1146/106 838/127/106
f 1399/1147/140 1398/125/105 1397/1148/105
f 1413/1149/141 1416/1150/142 1414/131/109
f 1381/1151/143 1384/1152/856 1382/134/112
f 1431/1153/857 1430/1154/114 1429/136/114
f 1365/1155/858 1368/1156/859 1366/140/118
f 824/1157/860 823/143/120 822/1158/120
f 1443/1159/861 1253/1160/862 1254/1161/863
f 1255/1162/864 1254/1161/863 1253/1160/862
f 1351/1163/155 1350/1164/865 1349/145/121
f 1269/1165/172 1272/1166/866 1270/149/125
f 1335/1167/867 1334/1168/868 1333/151/126
f 144/1169/869 142/1170/870 143/1171/870
f 1285/1172/871 1288/1173/183 1286/155/129
f 811/1174/872 810/1175/136 809/163/136
f 1317/1176/187 1320/1177/873 1318/158/132
f 1303/1178/189 1302/161/135 1301/1179/135
f 801/1180/874 799/1181/875 800/1182/875
f 158/1183/139 161/1184/876 159/167/139
f 1589/169/140 1592/1185/877 1590/1186/140
f 1575/1187/878 1574/176/144 1573/1188/144
f 1607/1189/879 1606/173/142 1605/1190/880
f 1557/1191/147 1560/1192/881 1558/182/147
f 1623/1193/882 1622/1194/145 1621/178/145
f 781/187/150 784/1195/883 782/1196/884
f 174/1197/149 177/1198/885 175/185/149
f 1541/193/155 1544/1199/107 1542/1200/155
f 1635/1201/886 1445/1202/887 1446/1203/887
f 399/1204/888 398/1205/153 397/190/153
f 1445/1202/887 1448/1206/53 1446/1203/887
f 381/196/157 384/1207/889 382/1208/157
f 413/199/159 416/1209/890 414/1210/159
f 367/1211/891 366/1212/162 365/202/162
f 767/1213/892 766/1214/893 765/205/164
f 349/211/169 352/1215/894 350/1216/169
f 192/1217/895 191/209/168 190/1218/896
f 1527/1219/897 1526/1220/174 1525/217/174
f 1461/1221/898 1464/1222/899 1462/215/173
f 751/1223/900 750/221/177 749/1224/177
f 333/1225/179 336/1226/901 334/224/179
f 431/1227/902 430/227/181 429/1228/903
f 733/232/185 736/1229/904 734/1230/185
f 1511/1231/905 1510/236/188 1509/1232/188
f 1479/1233/906 1478/230/183 1477/1234/907
f 319/1235/908 322/1236/909 320/242/191
f 1493/238/189 1496/1237/910 1494/1238/189
f 719/1239/911 718/248/195 717/1240/195
f 445/244/192 448/1241/912 446/1242/913
f 206/1243/197 209/1244/914 207/251/197
f 302/256/201 304/4/4 303/1245/201
f 463/1246/915 462/254/199 461/1247/916
f 701/262/205 704/1248/917 702/1249/205
f 477/1250/204 480/1251/918 478/260/204
f 495/1252/919 494/1253/920 493/265/207
f 224/1254/921 223/269/210 222/1255/922
f 288/1256/923 287/275/214 286/1257/214
f 685/280/217 688/1258/924 686/1259/925
f 511/1260/926 510/1261/927 509/271/211
f 238/1262/216 241/1263/928 239/278/216
f 270/1264/222 273/1265/929 271/287/222
f 254/283/219 257/1266/930 255/1267/931
f 521/1268/932 519/1269/933 520/1270/934
f 669/289/223 672/1271/935 670/1272/936
f 529/1273/937 532/1274/938 530/293/227
f 653/1275/939 656/1276/940 654/296/229
f 541/1277/231 544/1278/941 542/299/231
f 637/301/232 640/1279/942 638/1280/232
f 559/1281/943 558/305/235 557/1282/235
f 621/1283/237 624/1284/944 622/308/237
f 575/1285/945 574/311/239 573/1286/239
f 607/1287/946 606/314/241 605/1288/241
f 591/1289/947 590/1290/242 589/316/242
f 2037/319/244 2040/1291/948 2038/1292/949
f 2055/1293/950 2054/323/247 2053/1294/951
f 2021/325/248 2024/1295/952 2022/1296/248
f 2069/1297/252 2072/1298/953 2070/329/252
f 2005/1299/256 2008/1300/954 2006/335/256
f 2087/1301/955 2086/1302/956 2085/331/253
f 2101/337/257 2104/1303/957 2102/1304/257
f 2117/1305/260 2120/1306/958 2118/341/260
f 1815/1307/959 1814/344/262 1813/1308/960
f 1799/1309/961 1798/353/269 1797/1310/269
f 1831/1311/962 1830/347/264 1829/1312/963
f 2133/1313/267 2136/1314/964 2134/350/267
f 1783/1315/965 1782/359/274 1781/1316/966
f 1845/1317/967 1848/1318/968 1846/356/272
f 2149/1319/276 2152/1320/969 2150/362/276
f 1991/1321/970 1990/1322/284 1989/373/284
f 1767/1323/971 1766/1324/972 1765/367/279
f 1861/1325/973 1864/1326/974 1862/365/278
f 2165/370/282 2168/1327/975 2166/1328/282
f 2567/376/286 2569/22/20 2568/1329/286
f 2551/1330/289 2554/1331/976 2552/380/289
f 2535/388/295 2538/1332/977 2536/1333/295
f 2294/382/290 2297/1334/978 2295/1335/290
f 2280/1336/979 2279/1337/293 2278/385/293
f 2310/391/297 2313/1338/980 2311/1339/981
f 2262/1340/982 2265/1341/983 2263/395/300
f 1751/1342/984 1750/410/313 1749/1343/313
f 2248/1344/985 2247/1345/986 2246/397/302
f 1877/1346/305 1880/1347/987 1878/401/305
f 2232/1348/988 2231/407/310 2230/1349/310
f 2181/1350/989 2184/1351/990 2182/404/308
f 2328/1352/991 2327/413/315 2326/1353/315
f 2214/1354/992 2217/1355/993 2215/416/317
f 2519/1356/320 2522/1357/994 2520/419/320
f 2200/1358/995 2199/422/322 2198/1359/322
f 2794/1360/996 2793/1361/997 2792/427/326
f 1733/439/335 1736/1362/998 1734/1363/999
f 2344/1364/1000 2343/1365/1001 2342/430/328
f 2808/1366/331 2811/1367/1002 2809/434/331
f 1895/1368/1003 1894/1369/1004 1893/436/332
f 2584/1370/325 2587/1371/1005 2585/425/325
f 2503/442/337 2506/1372/1006 2504/1373/337
f 2776/1374/340 2779/1375/1007 2777/446/340
f 1975/1376/1008 1974/1377/345 1973/454/345
f 2358/448/341 2361/1378/1009 2359/1379/341
f 2826/1380/1010 2825/1381/343 2824/451/343
f 1717/466/355 1720/1382/1011 1718/1383/355
f 2487/1384/358 2490/1385/1012 2488/470/358
f 2760/1386/1013 2763/1387/1014 2761/473/360
f 2376/1388/1015 2375/461/351 2374/1389/351
f 1909/1390/353 1912/1391/1016 1910/464/353
f 2600/1392/348 2603/1393/1017 2601/458/348
f 2423/475/362 2426/1394/1018 2424/1395/362
f 2392/1396/1019 2391/1397/1020 2390/478/363
f 2439/481/365 2442/1398/1021 2440/1399/365
f 2406/484/367 2409/1400/1022 2407/1401/1023
f 1959/1402/1024 1958/1403/369 1957/487/369
f 2744/1404/378 2747/1405/1025 2745/500/378
f 1925/1406/374 1928/1407/1026 1926/494/374
f 2473/1408/1027 2472/1409/381 2471/505/381
f 2457/1410/1028 2456/497/376 2455/1411/376
f 1943/1412/1029 1942/1413/379 1941/502/379
f 2842/1414/1030 2841/1415/371 2840/490/371
f 1701/1416/386 1704/1417/1031 1702/512/386
f 2616/508/383 2619/1418/1032 2617/1419/383
f 2846/1420/1033 1637/1421/1034 1638/1422/1034
f 2730/1423/1035 2729/518/390 2728/1424/1036
f 1687/1425/1037 1686/1426/392 1685/520/392
f 1639/1427/1038 1638/1422/1034 1637/1421/1034
f 2632/514/387 2635/1428/1039 2633/1429/1040
f 2712/1430/397 2715/1431/1041 2713/527/397
f 2648/523/394 2651/1432/1042 2649/1433/394
f 1669/529/398 1672/1434/1043 1670/1435/398
f 1655/1436/1044 1654/533/401 1653/1437/401
f 2664/535/402 2667/1438/1045 2665/1439/1046
f 2698/1440/1047 2697/539/405 2696/1441/405
f 2680/541/406 2683/1442/1048 2681/1443/406
f 51/547/410 54/1444/1049 52/1445/410
f 67/544/408 70/1446/1050 68/1447/1051
f 35/550/412 38/1448/1052 36/1449/412
f 19/1450/415 22/1451/1053 20/554/415
f 5/1452/1054 4/566/424 3/1453/424
f 85/1454/1055 84/557/417 83/1455/1056
f 101/1456/1057 100/560/419 99/1457/419
f 117/1458/1058 116/563/422 115/1459/1059
f 4044/1460/1060 4043/574/428 4042/1461/428
f 4060/1462/1061 4059/1463/1062 4058/576/430
f 4074/579/433 4077/1464/1063 4075/1465/433
f 4092/1466/1064 4091/1467/1065 4090/582/435
f 3851/1468/1066 3850/1469/437 3849/585/437
f 3865/588/439 3868/1470/1067 3866/1471/1068
f 3835/1472/1069 3834/1473/445 3833/594/445
f 3883/1474/1070 3882/1475/442 3881/591/442
f 3897/597/447 3900/1476/1071 3898/1477/1072
f 3913/600/449 3916/1478/1073 3914/1479/1074
f 3819/1480/1075 3818/607/454 3817/1481/454
f 3931/1482/1076 3930/604/452 3929/1483/452
f 3945/609/455 3948/1484/1077 3946/1485/455
f 3963/1486/1078 3962/1487/457 3961/612/457
f 3803/1488/1079 3802/616/460 3801/1489/1080
f 3977/1490/463 3980/1491/1081 3978/619/463
f 3785/621/464 3788/1492/1082 3786/1493/464
f 3769/1494/469 3772/1495/1083 3770/628/469
f 3995/1496/1084 3994/625/467 3993/1497/467
f 3753/630/470 3756/1498/1085 3754/1499/470
f 4011/1500/1086 4010/634/473 4009/1501/473
f 3737/1502/475 3740/1503/1087 3738/637/475
f 4027/1504/1088 4026/640/477 4025/1505/1089
f 3721/642/479 3724/1506/1090 3722/1507/479
f 3705/1508/1091 3708/1509/1092 3706/646/482
f 4252/1510/523 4251/651/485 4250/1511/485
f 4236/1512/525 4235/654/487 4234/1513/1093
f 4268/1514/1094 4267/657/490 4266/1515/1095
f 4218/659/492 4221/1516/1096 4219/1517/492
f 3677/1518/1097 3676/1519/1098 3675/662/495
f 4282/1520/500 4285/1521/1099 4283/667/500
f 4204/1522/1100 4203/1523/1101 4202/669/502
f 4108/1524/1102 4107/1525/550 4106/672/505
f 3661/1526/1103 3663/1527/1104 3660/1528/1103
f 4186/1529/509 4189/1530/1105 4187/676/509
f 4122/678/510 4125/1531/567 4123/1532/510
f 4172/1533/1106 4171/682/514 4170/1534/1107
f 4140/1535/1108 4139/685/517 4138/1536/1109
f 4156/1537/581 4155/688/520 4154/1538/520
f 2997/1539/1110 2996/1540/521 2995/690/521
f 4444/1541/1111 4443/1542/1112 4442/693/523
f 4428/1543/1113 4427/1544/525 4426/696/525
f 3642/1545/1114 3640/1546/1115 3641/1547/1115
f 4458/702/530 4461/1548/1116 4459/1549/530
f 4412/1550/1117 4411/1551/533 4410/705/533
f 3011/1552/529 3014/1553/1118 3012/700/529
f 4474/1554/1119 4477/1555/1120 4475/709/535
f 4396/1556/1121 4395/1557/538 4394/714/538
f 3236/1558/1122 3235/721/543 3234/1559/1123
f 3250/717/540 3253/1560/1124 3251/1561/1125
f 3027/723/545 3030/1562/1126 3028/1563/1127
f 3618/726/547 3621/1564/1128 3619/1565/1129
f 3218/732/551 3221/1566/1130 3219/1567/551
f 4300/1568/1131 4299/1569/549 4298/729/549
f 4378/1570/559 4381/1571/1132 4379/742/559
f 3202/1572/557 3205/1573/1133 3203/739/557
f 3266/735/553 3269/1574/1134 3267/1575/553
f 3602/744/560 3605/1576/1135 3603/1577/560
f 3186/747/562 3189/1578/1136 3187/1579/562
f 4316/1580/1137 4315/1581/567 4314/753/567
f 4362/759/571 4365/1582/1138 4363/1583/571
f 3045/1584/1139 3044/1585/564 3043/750/564
f 3586/756/569 3589/1586/1140 3587/1587/569
f 3282/1588/574 3285/1589/1141 3283/763/574
f 4332/1590/1142 4331/1591/577 4330/768/577
f 3570/771/579 3573/1592/1143 3571/1593/1144
f 4348/1594/1145 4347/1595/581 4346/774/581
f 3156/1596/586 3159/1597/1146 3157/781/586
f 3300/1598/1147 3299/1599/1148 3298/777/583
f 3554/783/588 3557/1600/1149 3555/1601/1150
f 3316/1602/1151 3315/787/591 3314/1603/591
f 3061/1604/1152 3060/1605/592 3059/789/592
f 3332/1606/1153 3331/793/595 3330/1607/595
f 3141/1608/1154 3140/799/600 3139/1609/600
f 3346/1610/597 3349/1611/1155 3347/796/597
f 3538/801/601 3541/1612/1156 3539/1613/601
f 3077/1614/1157 3076/1615/604 3075/804/604
f 3125/1616/1158 3124/808/607 3123/1617/607
f 3093/1618/1159 3092/811/609 3091/1619/1160
f 3109/1620/1161 3108/814/612 3107/1621/612
f 3522/816/614 3525/1622/1162 3523/1623/614
f 3506/819/616 3509/1624/1163 3507/1625/1164
f 3490/822/619 3493/1626/1165 3491/1627/1166
f 3394/825/622 3397/1628/1167 3395/1629/622
f 3476/1630/1168 3475/1631/624 3474/828/624
f 3412/1632/1169 3411/832/627 3410/1633/1170
f 3460/1634/1171 3459/835/629 3458/1635/629
f 3426/1636/631 3429/1637/1172 3427/838/631
f 3444/1638/1173 3443/841/634 3442/1639/634
f 4892/1640/1174 4891/844/637 4890/1641/637
f 4874/846/638 4877/1642/1175 4875/1643/1176
f 4908/1644/1177 4907/850/642 4906/1645/642
f 4860/1646/1178 4859/856/647 4858/1647/647
f 4922/1648/645 4925/1649/1179 4923/853/645
f 4940/1650/1180 4939/1651/648 4938/858/648
f 4956/1652/1181 4955/1653/650 4954/861/650
f 4844/1654/1182 4843/1655/660 4842/876/660
f 4970/864/652 4973/1656/1183 4971/1657/1184
f 4666/1658/655 4669/1659/1185 4667/868/655
f 4650/1660/657 4653/1661/1186 4651/871/657
f 4682/873/658 4685/1662/1187 4683/1663/1188
f 4634/1664/665 4637/1665/1189 4635/883/665
f 4988/1666/1190 4987/1667/662 4986/879/662
f 4700/1668/1191 4699/1669/1192 4698/885/666
f 4618/1670/1193 4621/1671/1194 4619/892/671
f 5002/1672/1195 5005/1673/1196 5003/889/669
f 5404/1674/675 5407/1675/1197 5405/898/675
f 4714/894/672 4717/1676/1198 4715/1677/1199
f 5390/1678/1200 5389/904/680 5388/1679/680
f 4602/906/681 4605/1680/1201 4603/1681/681
f 5018/1682/677 5021/1683/1202 5019/901/677
f 5131/1684/686 5134/1685/1203 5132/913/686
f 5147/909/683 5150/1686/1204 5148/1687/683
f 5115/915/688 5118/1688/1205 5116/1689/688
f 5101/1690/1206 5100/925/696 5099/1691/696
f 5423/1692/1207 5422/922/694 5421/1693/1208
f 5165/1694/1209 5164/919/692 5163/1695/692
f 5085/1696/1210 5084/1697/1211 5083/927/697
f 5374/1698/1212 5373/1699/700 5372/930/700
f 5069/1700/1213 5068/1701/1214 5067/933/702
f 5051/945/712 5054/1702/1215 5052/1703/1216
f 5036/1704/1217 5035/940/709 5034/1705/709
f 5179/942/710 5182/1706/1218 5180/1707/710
f 4730/936/705 4733/1708/1219 4731/1709/705
f 4586/1710/716 4589/1711/1220 4587/949/716
f 4826/1712/1221 4829/1713/1222 4827/958/723
f 5356/954/720 5359/1714/1223 5357/1715/720
f 5645/1716/718 5648/1717/1224 5646/952/718
f 5631/1718/1225 5630/1719/724 5629/960/724
f 5661/1720/727 5664/1721/1226 5662/964/727
f 5195/966/728 5198/1722/1227 5196/1723/728
f 5437/1724/734 5440/1725/1228 5438/973/734
f 4746/1726/1229 4749/1727/1230 4747/970/732
f 4570/1728/736 4573/1729/1231 4571/976/736
f 5615/1730/1232 5614/1731/740 5613/981/740
f 5342/1732/1233 5341/985/743 5340/1733/743
f 5213/1734/1234 5212/1735/1235 5211/978/737
f 5677/1736/745 5680/1737/1236 5678/988/745
f 5229/1738/1237 5228/991/747 5227/1739/747
f 4810/1740/752 4813/1741/1238 4811/997/752
f 5278/1742/1239 5277/994/750 5276/1743/750
f 5599/1744/1240 5598/1015/764 5597/1745/1241
f 5259/1008/759 5262/1746/1242 5260/1747/759
f 5455/1748/1243 5454/1006/758 5453/1749/758
f 5245/1750/1244 5244/1000/754 5243/1751/754
f 4764/1752/1245 4763/1753/755 4762/1002/755
f 4554/1017/765 4557/1754/1246 4555/1755/1247
f 5292/1756/762 5295/1757/1248 5293/1012/762
f 5326/1758/1249 5325/1759/767 5324/1020/767
f 4794/1760/770 4797/1761/1250 4795/1024/770
f 4780/1762/1251 4779/1763/771 4778/1026/771
f 5310/1764/1252 5309/1030/775 5308/1765/775
f 5583/1766/1253 5582/1039/781 5581/1767/1254
f 5469/1768/777 5472/1769/1255 5470/1033/777
f 4540/1770/1256 4539/1042/784 4538/1771/784
f 5485/1044/785 5488/1772/1257 5486/1773/785
f 5567/1774/1258 5566/1048/788 5565/1775/788
f 4524/1776/1259 4523/1051/791 4522/1777/791
f 4490/1778/794 4493/1779/1260 4491/1054/794
f 5501/1056/795 5504/1780/1261 5502/1781/1262
f 4508/1782/1263 4507/1060/799 4506/1783/799
f 5549/1062/800 5552/1784/1264 5550/1785/800
f 5517/1065/803 5520/1786/1265 5518/1787/1266
f 5533/1788/806 5536/1789/1267 5534/1069/806
f 2906/1790/1268 2905/1072/808 2904/1791/808
f 2890/1792/1269 2889/1075/810 2888/1793/1270
f 2872/747/812 2875/1794/1271 2873/1078/812
f 2856/1080/813 2859/1795/1272 2857/1796/813
f 2920/1797/816 2923/1798/1273 2921/1084/816
f 2936/1799/1274 2939/1800/1275 2937/1087/818
f 2954/1801/1276 2953/1802/819 2952/1089/819
f 2970/1803/1277 2969/1804/821 2968/1092/821
f 1209/577/1278 1208/1096/823 1207/1805/1279
f 1191/1097/824 1194/573/1280 1192/1806/824
f 1223/1099/825 1226/581/1281 1224/1807/825
f 1241/1808/1282 1240/1809/1283 1239/1101/826
f 134/1810/1284 1252/1811/1285 133/1812/1286
f 133/1812/1286 135/1/1 134/1810/1284
f 998/1103/827 1001/587/1287 999/1813/827
f 1014/1105/829 1017/590/1288 1015/1814/1289
f 1030/1107/831 1033/593/1290 1031/1815/1291
f 982/1111/834 985/596/1292 983/1816/834
f 1048/1817/1293 1047/1818/833 1046/1109/833
f 1062/1113/835 1065/602/1294 1063/1819/1295
f 1078/1115/837 1081/603/1296 1079/1820/1297
f 966/1821/839 969/606/1298 967/1120/839
f 1094/1117/838 1097/611/1299 1095/1822/838
f 1110/1121/840 1113/614/1300 1111/1823/840
f 952/1824/1301 951/1825/1302 950/1125/843
f 1128/1826/1303 1127/1827/1304 1126/1123/842
f 934/1828/844 937/623/1305 935/1127/844
f 1142/1129/845 1145/624/1306 1143/1829/845
f 920/1830/1307 919/1831/847 918/1131/847
f 1158/1133/848 1161/633/1308 1159/1832/1309
f 902/1135/849 905/632/1310 903/1833/849
f 888/1834/1311 887/1835/852 886/1139/852
f 1174/1137/850 1177/639/1312 1175/1836/850
f 872/1837/1313 871/1838/853 870/1141/853
f 856/1839/1314 855/1143/854 854/1840/1315
f 840/1145/855 843/10/10 841/1841/1316
f 1399/1147/140 1402/650/877 1400/1842/140
f 1385/1843/878 1384/1152/856 1383/1844/856
f 1417/1845/879 1416/1150/142 1415/1846/142
f 1367/1847/1317 1370/661/1318 1368/1156/859
f 1433/1848/882 1432/1849/857 1431/1153/857
f 826/1850/1319 825/1851/1320 824/1157/860
f 1351/1163/155 1354/671/1321 1352/1852/155
f 1255/1162/864 1258/674/1322 1256/1853/1323
f 1337/677/1324 1336/1854/867 1335/1167/867
f 1271/1855/866 1274/680/899 1272/1166/866
f 813/1856/1325 812/1857/872 811/1174/872
f 1321/1858/905 1320/1177/873 1319/1859/873
f 1289/686/906 1288/1173/183 1287/1860/183
f 146/1861/1326 145/1862/869 144/1169/869
f 1303/1178/189 1306/687/910 1304/1863/189
f 1593/1864/1327 1592/1185/877 1591/1865/877
f 162/1866/1328 161/1184/876 160/1867/876
f 1577/1868/1329 1576/1869/878 1575/1187/878
f 1609/1870/1330 1608/1871/1331 1607/1189/879
f 792/1872/1332 794/1873/1333 791/1874/1332
f 1559/1875/881 1562/707/1334 1560/1192/881
f 1625/710/1335 1624/1876/882 1623/1193/882
f 785/1877/1336 784/1195/883 783/1878/883
f 1543/1879/107 1546/716/1337 1544/1199/107
f 178/1880/1338 177/1198/885 176/1881/885
f 399/1204/888 402/1882/1339 400/1883/1340
f 385/1884/1341 384/1207/889 383/1885/889
f 1447/1886/53 1450/731/1342 1448/1206/53
f 369/1887/1343 368/1888/891 367/1211/891
f 767/1213/892 770/1889/1344 768/1890/892
f 415/1891/890 418/1892/1345 416/1209/890
f 351/1893/894 354/1894/1346 352/1215/894
f 1529/743/1347 1528/1895/1324 1527/1219/897
f 192/1217/895 195/1896/1348 193/1897/1349
f 751/1223/900 754/1898/1350 752/1899/900
f 337/1900/1351 336/1226/901 335/1901/1352
f 1463/1902/1353 1466/755/1354 1464/1222/899
f 433/1903/1355 432/1904/902 431/1227/902
f 737/1905/1356 736/1229/904 735/1906/904
f 1513/1907/1357 1512/1908/1358 1511/1231/905
f 1481/1909/1359 1480/1910/1360 1479/1233/906
f 323/1911/1361 322/1236/909 321/1912/909
f 1497/1913/1362 1496/1237/910 1495/1914/910
f 719/1239/911 722/1915/1363 720/1916/911
f 447/1917/912 450/1918/1364 448/1241/912
f 208/1919/914 211/1920/1365 209/1244/914
f 307/1921/1366 306/6/6 305/5/5
f 463/1246/915 466/1922/1367 464/1923/915
f 703/1924/917 706/1925/1368 704/1248/917
f 479/1926/1369 482/1927/1370 480/1251/918
f 495/1252/919 498/1928/1371 496/1929/1372
f 226/1930/1373 225/1931/921 224/1254/921
f 288/1256/923 291/1932/1374 289/1933/1375
f 687/1934/924 690/1935/1376 688/1258/924
f 513/1936/1377 512/1937/1378 511/1260/926
f 242/1938/1379 241/1263/928 240/1939/928
f 274/1940/1380 273/1265/929 272/1941/929
f 258/1942/1381 257/1266/930 256/1943/1382
f 523/1944/1383 522/1945/932 521/1268/932
f 673/1946/1384 672/1271/935 671/1947/935
f 657/1948/1385 656/1276/940 655/1949/940
f 641/1950/1386 640/1279/942 639/1951/1387
f 543/1952/941 546/1953/1388 544/1278/941
f 623/1954/944 626/1955/1389 624/1284/944
f 559/1281/943 562/1956/1390 560/1957/1391
f 577/1958/1392 576/1959/1393 575/1285/945
f 609/1960/1394 608/1961/946 607/1287/946
f 591/1289/947 594/1962/1395 592/1963/1396
f 2041/1964/1397 2040/1291/948 2039/1965/948
f 2057/1966/1398 2056/1967/950 2055/1293/950
f 2025/1968/1399 2024/1295/952 2023/1969/952
f 2073/1970/1400 2072/1298/953 2071/1971/953
f 2009/1972/1401 2008/1300/954 2007/1973/1402
f 2087/1301/955 2090/860/1403 2088/1974/955
f 2105/1975/1404 2104/1303/957 2103/1976/957
f 2119/1977/958 2122/866/1405 2120/1306/958
f 1817/1978/1406 1816/1979/959 1815/1307/959
f 1799/1309/961 1802/870/1407 1800/1980/1408
f 1831/1311/962 1834/875/1409 1832/1981/1410
f 2137/1982/1411 2136/1314/964 2135/1983/964
f 1783/1315/965 1786/882/1412 1784/1984/1413
f 1993/1985/1414 1992/1986/970 1991/1321/970
f 1847/1987/968 1850/887/1415 1848/1318/968
f 2151/1988/969 2154/888/1416 2152/1320/969
f 1767/1323/971 1770/891/1417 1768/1989/971
f 1865/1990/1418 1864/1326/974 1863/1991/1419
f 2572/1992/1420 2571/24/22 2570/23/21
f 2555/1993/1421 2554/1331/976 2553/1994/976
f 2169/1995/1422 2168/1327/975 2167/1996/1423
f 2537/1997/977 2540/903/1424 2538/1332/977
f 2298/1998/1425 2297/1334/978 2296/1999/978
f 2282/2000/1426 2281/2001/979 2280/1336/979
f 2266/916/1427 2265/1341/983 2264/2002/983
f 2312/2003/1428 2315/918/1429 2313/1338/980
f 1751/1342/984 1754/908/1430 1752/2004/984
f 2248/1344/985 2251/924/1431 2249/2005/1432
f 2232/1348/988 2235/929/1433 2233/2006/1434
f 2521/2007/994 2524/932/1435 2522/1357/994
f 2216/2008/1436 2219/935/1437 2217/1355/993
f 1879/2009/987 1882/938/1438 1880/1347/987
f 2185/2010/1439 2184/1351/990 2183/2011/990
f 2328/1352/991 2331/944/1440 2329/2012/991
f 2202/2013/1441 2201/2014/995 2200/1358/995
f 2796/2015/1442 2795/2016/996 2794/1360/996
f 1735/2017/1443 1738/948/1444 1736/1362/998
f 2505/2018/1006 2508/956/1445 2506/1372/1006
f 2344/1364/1000 2347/968/1446 2345/2019/1447
f 2812/2020/1448 2811/1367/1002 2810/2021/1002
f 2586/2022/1005 2589/2023/1449 2587/1371/1005
f 2778/2024/1007 2781/962/1450 2779/1375/1007
f 1975/1376/1008 1978/957/1451 1976/2025/1008
f 1897/2026/1452 1896/2027/1453 1895/1368/1003
f 2362/2028/1454 2361/1378/1009 2360/2029/1009
f 2828/2030/1455 2827/2031/1010 2826/1380/1010
f 1721/2032/1456 1720/1382/1011 1719/2033/1011
f 2762/2034/1014 2765/2035/1457 2763/1387/1014
f 2489/2036/1012 2492/2037/1458 2490/1385/1012
f 2376/1388/1015 2379/2038/1459 2377/2039/1015
f 2604/2040/1460 2603/1393/1017 2602/2041/1017
f 2427/2042/1461 2426/1394/1018 2425/2043/1018
f 1911/2044/1462 1914/2045/1463 1912/1391/1016
f 2394/2046/1464 2393/2047/1465 2392/1396/1019
f 1961/2048/1466 1960/2049/1024 1959/1402/1024
f 2410/2050/1467 2409/1400/1022 2408/2051/1468
f 2443/2052/1469 2442/1398/1021 2441/2053/1021
f 2746/2054/1025 2749/2055/1470 2747/1405/1025
f 2475/2056/1471 2474/2057/1027 2473/1408/1027
f 1927/2058/1026 1930/2059/1472 1928/1407/1026
f 1945/2060/1473 1944/2061/1029 1943/1412/1029
f 1703/2062/1031 1706/2063/1474 1704/1417/1031
f 2459/2064/1475 2458/2065/1028 2457/1410/1028
f 2844/2066/1476 2843/2067/1030 2842/1414/1030
f 2620/2068/1477 2619/1418/1032 2618/2069/1032
f 2730/1423/1035 2733/2070/1478 2731/2071/1479
f 1689/2072/1480 1688/2073/1037 1687/1425/1037
f 2636/2074/1481 2635/1428/1039 2634/2075/1482
f 1641/2076/1483 1640/2077/1038 1639/1427/1038
f 2714/2078/1484 2717/2079/1485 2715/1431/1041
f 1671/2080/1486 1674/2081/1487 1672/1434/1043
f 2652/2082/1488 2651/1432/1042 2650/2083/1489
f 1657/2084/1490 1656/2085/1044 1655/1436/1044
f 2698/1440/1047 2701/2086/1491 2699/2087/1047
f 2668/2088/1492 2667/1438/1045 2666/2089/1045
f 2684/2090/1493 2683/1442/1048 2682/2091/1048
f 53/2092/1049 56/2093/1494 54/1444/1049
f 71/2094/1495 70/1446/1050 69/2095/1050
f 37/2096/1496 40/2097/1497 38/1448/1052
f 23/2098/1498 22/1451/1053 21/2099/1053
f 7/2100/1499 6/2101/1054 5/1452/1054
f 85/1454/1055 88/2102/1500 86/2103/1055
f 103/2104/1501 102/2105/1057 101/1456/1057
f 117/1458/1058 120/2106/1502 118/2107/1058
f 4044/1460/1060 4047/2108/1503 4045/2109/1504
f 4060/1462/1061 4063/2110/1505 4061/2111/1506
f 4078/2112/1507 4077/1464/1063 4076/2113/1063
f 4092/1466/1064 4095/2114/1508 4093/2115/1509
f 3853/2116/1510 3852/2117/1066 3851/1468/1066
f 3869/2118/1511 3868/1470/1067 3867/2119/1512
f 3835/1472/1069 3838/2120/1513 3836/2121/1069
f 3885/2122/1514 3884/2123/1515 3883/1474/1070
f 3899/2124/1071 3902/2125/1516 3900/1476/1071
f 3915/2126/1517 3918/2127/1518 3916/1478/1073
f 3821/2128/1519 3820/2129/1520 3819/1480/1075
f 3933/2130/1521 3932/2131/1076 3931/1482/1076
f 3947/2132/1077 3950/2133/1522 3948/1484/1077
f 3805/2134/1523 3804/2135/1079 3803/1488/1079
f 3965/2136/1524 3964/2137/1078 3963/1486/1078
f 3981/2138/1525 3980/1491/1081 3979/2139/1081
f 3787/2140/1082 3790/2141/1526 3788/1492/1082
f 3771/2142/1083 3774/2143/1527 3772/1495/1083
f 3997/2144/1528 3996/2145/1529 3995/1496/1084
f 3757/2146/1530 3756/1498/1085 3755/2147/1085
f 4011/1500/1086 4014/2148/1531 4012/2149/1532
f 3739/2150/1087 3742/2151/1533 3740/1503/1087
f 4027/1504/1088 4030/2152/1534 4028/2153/1535
f 3725/2154/1536 3724/1506/1090 3723/2155/1090
f 3707/2156/1092 3710/2157/1537 3708/1509/1092
f 3691/12/33 3694/2158/1538 3692/648/34
f 4254/2159/1539 4253/2160/1112 4252/1510/523
f 4238/2161/1540 4237/2162/1541 4236/1512/525
f 4268/1514/1094 4271/2163/1542 4269/2164/1094
f 4222/2165/1543 4221/1516/1096 4220/2166/1544
f 3677/1518/1097 3680/2167/1545 3678/2168/1097
f 4284/2169/1099 4287/2170/1546 4285/1521/1099
f 4206/2171/1121 4205/2172/1100 4204/1522/1100
f 2987/2173/1547 2986/665/498 2985/2174/498
f 4110/2175/1548 4109/2176/1102 4108/1524/1102
f 4188/2177/1105 4191/2178/1549 4189/1530/1105
f 4126/2179/1550 4125/1531/567 4124/2180/1551
f 4172/1533/1106 4175/2181/1552 4173/2182/1106
f 4142/2183/1553 4141/2184/577 4140/1535/1108
f 4158/2185/1554 4157/2186/1555 4156/1537/581
f 3652/2187/1556 3650/2188/1557 3651/2189/1557
f 2997/1539/1110 3000/2190/1558 2998/2191/1110
f 3642/1545/1114 3645/2192/1559 3643/2193/1114
f 4428/1543/1113 4431/2194/1560 4429/2195/1113
f 4444/1541/1111 4447/2196/1561 4445/2197/1111
f 4414/2198/1562 4413/2199/1563 4412/1550/1117
f 4460/2200/1564 4463/2201/1565 4461/1548/1116
f 3015/2202/1566 3014/1553/1118 3013/2203/1118
f 3634/2204/537 3637/2205/1567 3635/712/537
f 4398/2206/1568 4397/2207/1121 4396/1556/1121
f 4476/2208/1120 4479/2209/1569 4477/1555/1120
f 3236/1558/1122 3239/2210/1570 3237/2211/1571
f 3622/2212/1572 3621/1564/1128 3620/2213/1573
f 3254/2214/1574 3253/1560/1124 3252/2215/1575
f 3031/2216/1576 3030/1562/1126 3029/2217/1577
f 3222/2218/1578 3221/1566/1130 3220/2219/1579
f 4380/2220/1132 4383/2221/1580 4381/1571/1132
f 4302/2222/1581 4301/2223/1131 4300/1568/1131
f 3204/2224/1133 3207/2225/1582 3205/1573/1133
f 3606/2226/1583 3605/1576/1135 3604/2227/1135
f 3268/2228/1134 3271/2229/1584 3269/1574/1134
f 3188/2230/1136 3191/2231/1585 3189/1578/1136
f 4364/2232/1586 4367/2233/1587 4365/1582/1138
f 3590/2234/1588 3589/1586/1140 3588/2235/1140
f 4318/2236/1589 4317/2237/1137 4316/1580/1137
f 3174/2238/1590 3173/2239/575 3172/765/575
f 3047/2240/1591 3046/2241/1139 3045/1584/1139
f 3572/2242/1592 3575/2243/1593 3573/1592/1143
f 4348/1594/1145 4351/2244/1594 4349/2245/1145
f 4332/1590/1142 4335/2246/1595 4333/2247/1142
f 3286/2248/1596 3285/1589/1141 3284/2249/1141
f 3158/2250/1597 3161/2251/1598 3159/1597/1146
f 3300/1598/1147 3303/2252/1599 3301/2253/1147
f 3556/2254/1149 3559/2255/1600 3557/1600/1149
f 3316/1602/1151 3319/2256/1601 3317/2257/1602
f 3063/2258/1603 3062/2259/1152 3061/1604/1152
f 3334/2260/1604 3333/2261/1153 3332/1606/1153
f 3143/2262/1605 3142/2263/1154 3141/1608/1154
f 3542/2264/1606 3541/1612/1156 3540/2265/1156
f 3348/2266/1607 3351/2267/1608 3349/1611/1155
f 3077/1614/1157 3080/2268/1609 3078/2269/1610
f 3127/2270/1611 3126/2271/1612 3125/1616/1158
f 3093/1618/1159 3096/2272/1613 3094/2273/1159
f 3109/1620/1161 3112/2274/1614 3110/2275/1615
f 3361/2276/1616 3363/2277/1617 3360/2278/1616
f 3526/2279/1618 3525/1622/1162 3524/2280/1619
f 3372/2281/1620 3370/2282/1621 3371/2283/1621
f 3510/2284/1622 3509/1624/1163 3508/2285/1163
f 3382/2286/1623 3380/2287/1624 3381/2288/1624
f 3494/2289/1625 3493/1626/1165 3492/2290/1626
f 3396/2291/1167 3399/2292/1627 3397/1628/1167
f 3478/2293/1628 3477/2294/1168 3476/1630/1168
f 3412/1632/1169 3415/2295/1629 3413/2296/1169
f 3460/1634/1171 3463/2297/1630 3461/2298/1171
f 3428/2299/1172 3431/2300/1631 3429/1637/1172
f 3444/1638/1173 3447/2301/1632 3445/2302/1633
f 4892/1640/1174 4895/2303/1634 4893/2304/1174
f 4876/2305/1175 4879/2306/1635 4877/1642/1175
f 4908/1644/1177 4911/2307/1636 4909/2308/1177
f 4862/2309/1637 4861/2310/1178 4860/1646/1178
f 4926/2311/1638 4925/1649/1179 4924/2312/1639
f 4940/1650/1180 4943/2313/1640 4941/2314/1641
f 4844/1654/1182 4847/2315/1642 4845/2316/1182
f 4958/2317/1643 4957/2318/1644 4956/1652/1181
f 4974/2319/1645 4973/1656/1183 4972/2320/1183
f 4668/2321/1185 4671/2322/1646 4669/1659/1185
f 4652/2323/1647 4655/2324/1648 4653/1661/1186
f 4636/2325/1189 4639/2326/1649 4637/1665/1189
f 4686/2327/1650 4685/1662/1187 4684/2328/1187
f 4988/1666/1190 4991/2329/1651 4989/2330/1190
f 4620/2331/1652 4623/2332/1653 4621/1671/1194
f 4702/2333/1654 4701/2334/1655 4700/1668/1191
f 5006/2335/1656 5005/1673/1196 5004/2336/1657
f 5408/2337/1658 5407/1675/1197 5406/2338/1197
f 4604/2339/1201 4607/2340/1659 4605/1680/1201
f 5390/1678/1200 5393/2341/1660 5391/2342/1200
f 4718/2343/1661 4717/1676/1198 4716/2344/1198
f 5022/2345/1662 5021/1683/1202 5020/2346/1202
f 5135/2347/1663 5134/1685/1203 5133/2348/1203
f 5151/2349/1664 5150/1686/1204 5149/2350/1665
f 5119/2351/1666 5118/1688/1205 5117/2352/1205
f 5103/2353/1667 5102/2354/1668 5101/1690/1206
f 5376/2355/1669 5375/2356/1212 5374/1698/1212
f 5165/1694/1209 5168/2357/1670 5166/2358/1209
f 5087/2359/1671 5086/2360/1210 5085/1696/1210
f 5071/2361/1672 5070/2362/1213 5069/1700/1213
f 5423/1692/1207 5426/2363/1673 5424/2364/1207
f 4588/2365/1220 4591/2366/1674 4589/1711/1220
f 5055/2367/1675 5054/1702/1215 5053/2368/1676
f 4828/2369/1222 4831/2370/1677 4829/1713/1222
f 5038/2371/36 5037/2372/1678 5036/1704/1217
f 5181/2373/1218 5184/2374/1679 5182/1706/1218
f 4732/2375/1680 4735/2376/1681 4733/1708/1219
f 5358/2377/1223 5361/2378/1682 5359/1714/1223
f 5649/2379/1683 5648/1717/1224 5647/2380/1224
f 5631/1718/1225 5634/2381/1684 5632/2382/1685
f 5663/2383/1686 5666/2384/1687 5664/1721/1226
f 5197/2385/1227 5200/2386/1688 5198/1722/1227
f 4572/2387/1231 4575/2388/1689 4573/1729/1231
f 5615/1730/1232 5618/2389/1690 5616/2390/1232
f 5342/1732/1233 5345/2391/1691 5343/2392/1233
f 4750/2393/1692 4749/1727/1230 4748/2394/1230
f 5439/2395/1228 5442/2396/1693 5440/1725/1228
f 5213/1734/1234 5216/2397/1694 5214/2398/1234
f 4812/2399/1238 4815/2400/1695 4813/1741/1238
f 5679/2401/1236 5682/2402/1696 5680/1737/1236
f 5229/1738/1237 5232/2403/1697 5230/2404/1698
f 4556/2405/1246 4559/2406/1699 4557/1754/1246
f 5261/2407/1242 5264/2408/1700 5262/1746/1242
f 5601/2409/1701 5600/2410/1702 5599/1744/1240
f 5278/1742/1239 5281/2411/1703 5279/2412/1239
f 5245/1750/1244 5248/2413/1704 5246/2414/1244
f 5328/2415/1705 5327/2416/1249 5326/1758/1249
f 4766/2417/1706 4765/2418/1245 4764/1752/1245
f 5455/1748/1243 5458/2419/1707 5456/2420/1243
f 5296/2421/1708 5295/1757/1248 5294/2422/1248
f 4796/2423/1250 4799/2424/1709 4797/1761/1250
f 4782/2425/1710 4781/2426/1711 4780/1762/1251
f 5312/2427/1712 5311/2428/1252 5310/1764/1252
f 5583/1766/1253 5586/2429/1713 5584/2430/1714
f 4542/2431/1715 4541/2432/1256 4540/1770/1256
f 5473/2433/1716 5472/1769/1255 5471/2434/1255
f 5569/2435/1717 5568/2436/1258 5567/1774/1258
f 4526/2437/1718 4525/2438/1259 4524/1776/1259
f 5489/2439/1719 5488/1772/1257 5487/2440/1257
f 4492/2441/1260 4495/2442/1720 4493/1779/1260
f 5551/2443/1264 5554/2444/1721 5552/1784/1264
f 4510/2445/1722 4509/2446/1263 4508/1782/1263
f 5503/2447/1723 5506/2448/1724 5504/1780/1261
f 5519/2449/1265 5522/2450/1725 5520/1786/1265
f 5535/2451/1267 5538/2452/1726 5536/1789/1267
f 2906/1790/1268 2909/2453/1727 2907/2454/1268
f 2890/1792/1269 2893/2455/1728 2891/2456/1269
f 2874/2457/1271 2877/2458/1729 2875/1794/1271
f 2858/2459/1730 2861/2460/1731 2859/1795/1272
f 2922/2461/1273 2925/2462/1732 2923/1798/1273
f 2938/2463/1275 2941/2464/1733 2939/1800/1275
f 2956/2465/1734 2955/2466/1735 2954/1801/1276
f 2972/2467/1736 2971/2468/1277 2970/1803/1277
f 1195/2469/1737 1194/573/1280 1193/575/1738
f 1209/577/1278 1212/576/1739 1210/578/1740
f 1225/2470/1741 1228/579/1742 1226/581/1281
f 1241/1808/1282 1244/582/1743 1242/584/1282
f 1000/2471/1287 1003/585/1744 1001/587/1287
f 1016/589/1745 1019/588/1746 1017/590/1288
f 1034/2472/1747 1033/593/1290 1032/2473/1748
f 984/2474/1292 987/594/1749 985/596/1292
f 1050/2475/1750 1049/599/1293 1048/1817/1293
f 1066/2476/1751 1065/602/1294 1064/2477/1294
f 1080/2478/1296 1083/1483/1752 1081/603/1296
f 970/2479/1753 969/606/1298 968/2480/1298
f 1096/2481/1299 1099/609/1754 1097/611/1299
f 1112/2482/1755 1115/612/1756 1113/614/1300
f 954/2483/1757 953/615/1301 952/1824/1301
f 1130/619/1758 1129/618/1303 1128/1826/1303
f 936/2484/1759 939/621/1760 937/623/1305
f 1146/2485/1761 1145/624/1306 1144/626/1306
f 922/2486/1762 921/627/1307 920/1830/1307
f 906/2487/1763 905/632/1310 904/2488/1310
f 1162/2489/1764 1161/633/1308 1160/2490/1308
f 890/2491/1765 889/636/1311 888/1834/1311
f 1178/2492/1766 1177/639/1312 1176/2493/1767
f 872/1837/1313 875/642/1768 873/644/1313
f 858/2494/1769 857/645/1314 856/1839/1314
f 842/2495/1770 844/11/11 843/10/10
f 1403/2496/1771 1402/650/877 1401/2497/877
f 1387/2498/1772 1386/653/1773 1385/1843/878
f 1419/2499/1774 1418/656/1331 1417/1845/879
f 1369/2500/1775 1372/659/1776 1370/661/1318
f 826/1850/1319 829/2501/1777 827/2502/1778
f 138/2503/1779 137/3/3 136/2/2
f 1435/2504/1780 1434/666/1781 1433/1848/882
f 1353/2505/1782 1356/669/1783 1354/671/1321
f 1259/2506/1784 1258/674/1322 1257/2507/1785
f 1339/2508/1347 1338/675/897 1337/677/1324
f 1273/2509/899 1276/678/1786 1274/680/899
f 1323/2510/1357 1322/681/1358 1321/1858/905
f 1291/685/1787 1290/684/1360 1289/686/906
f 1307/2511/1788 1306/687/910 1305/689/910
f 146/1861/1326 149/2512/1789 147/2513/1326
f 1593/1864/1327 1596/693/1790 1594/695/1327
f 1577/1868/1329 1580/696/1791 1578/698/1329
f 164/2514/1792 163/2515/1328 162/1866/1328
f 1609/1870/1330 1612/702/1793 1610/704/1794
f 1561/2516/1776 1564/705/1795 1562/707/1334
f 1627/2517/1796 1626/708/1335 1625/710/1335
f 787/2518/1797 786/2519/1798 785/1877/1336
f 1545/2520/1337 1548/714/1799 1546/716/1337
f 401/2521/1339 404/2522/1800 402/1882/1339
f 387/2523/1801 386/2524/1802 385/1884/1341
f 178/1880/1338 181/2525/1803 179/2526/1338
f 769/2527/1344 772/2528/1804 770/1889/1344
f 1449/2529/1342 1452/729/1805 1450/731/1342
f 369/1887/1343 372/2530/1806 370/2531/1343
f 417/2532/1345 420/2533/1807 418/1892/1345
f 355/2534/1808 354/1894/1346 353/2535/1346
f 1531/742/1809 1530/741/1810 1529/743/1347
f 753/2536/1350 756/2537/1811 754/1898/1350
f 339/2538/1812 338/2539/1351 337/1900/1351
f 194/2540/1813 197/2541/1814 195/1896/1348
f 1465/2542/1354 1468/753/1815 1466/755/1354
f 737/1905/1356 740/2543/1816 738/2544/1817
f 1513/1907/1357 1516/759/1818 1514/761/1819
f 435/2545/1820 434/2546/1355 433/1903/1355
f 323/1911/1361 326/2547/1821 324/2548/1361
f 1481/1909/1359 1484/768/1822 1482/770/1359
f 721/2549/1363 724/2550/1823 722/1915/1363
f 1497/1913/1362 1500/774/1824 1498/776/1362
f 449/2551/1364 452/2552/1825 450/1918/1364
f 307/1921/1366 310/2553/1826 308/2554/1827
f 705/2555/1368 708/2556/1828 706/1925/1368
f 465/2557/1367 468/2558/1829 466/1922/1367
f 210/2559/1365 213/2560/1830 211/1920/1365
f 483/2561/1831 482/1927/1370 481/2562/1370
f 497/2563/1371 500/2564/1832 498/1928/1371
f 292/2565/1833 291/1932/1374 290/2566/1374
f 689/2567/1834 692/2568/1835 690/1935/1376
f 226/1930/1373 229/2569/1836 227/2570/1373
f 276/2571/1837 275/2572/1380 274/1940/1380
f 244/2573/1838 243/2574/1839 242/1938/1379
f 260/2575/1840 259/2576/1841 258/1942/1381
f 673/1946/1384 676/2577/1842 674/2578/1384
f 657/1948/1385 660/2579/1843 658/2580/1844
f 533/2581/1845 532/1274/938 531/2582/1846
f 641/1950/1386 644/2583/1847 642/2584/1848
f 545/2585/1849 548/2586/1850 546/1953/1388
f 625/2587/1389 628/2588/1851 626/1955/1389
f 563/2589/1852 562/1956/1390 561/2590/1390
f 611/2591/1853 610/2592/1394 609/1960/1394
f 579/2593/1854 578/2594/1855 577/1958/1392
f 595/2595/1856 594/1962/1395 593/2596/1395
f 2043/2597/1857 2042/843/1397 2041/1964/1397
f 2025/1968/1399 2028/846/1858 2026/848/1859
f 2059/2598/1860 2058/849/1861 2057/1966/1398
f 2075/2599/1862 2074/852/1400 2073/1970/1400
f 2011/2600/1863 2010/855/1401 2009/1972/1401
f 2089/2601/1403 2092/858/1864 2090/860/1403
f 2105/1975/1404 2108/861/1865 2106/863/1404
f 2121/2602/1405 2124/864/1866 2122/866/1405
f 1817/1978/1406 1820/1658/1867 1818/867/1868
f 1803/2603/1869 1802/870/1407 1801/2604/1407
f 1833/2605/1870 1836/873/1871 1834/875/1409
f 1993/1985/1414 1996/876/1872 1994/878/1414
f 2139/2606/1873 2138/881/1874 2137/1982/1411
f 1787/883/1875 1786/882/1412 1785/2607/1876
f 1849/2608/1877 1852/885/1878 1850/887/1415
f 2153/2609/1416 2156/1672/1879 2154/888/1416
f 1771/2610/1880 1770/891/1417 1769/2611/1417
f 1865/1990/1418 1868/894/1881 1866/896/1418
f 2555/1993/1421 2558/1674/1882 2556/897/1421
f 2171/2612/1883 2170/900/1884 2169/1995/1422
f 2541/2613/1885 2540/903/1424 2539/2614/1424
f 1755/2615/1886 1754/908/1430 1753/2616/1430
f 2298/1998/1425 2301/909/1887 2299/911/1425
f 2284/2617/1888 2283/912/1426 2282/2000/1426
f 2266/916/1427 2269/915/1889 2267/917/1427
f 2316/2618/1890 2315/918/1429 2314/2619/1429
f 2574/2620/1891 2573/921/1420 2572/1992/1420
f 2252/2621/1892 2251/924/1431 2250/2622/1431
f 2234/2623/1893 2237/927/1894 2235/929/1433
f 2523/2624/1435 2526/930/1895 2524/932/1435
f 2218/934/1896 2221/933/1897 2219/935/1437
f 1881/2625/1898 1884/936/1899 1882/938/1438
f 2187/2626/1900 2186/939/1901 2185/2010/1439
f 2330/2627/1440 2333/942/1902 2331/944/1440
f 2202/2013/1441 2205/945/1903 2203/947/1904
f 1737/2628/1444 1740/1710/1905 1738/948/1444
f 2798/2629/1906 2797/951/1907 2796/2015/1442
f 2507/2630/1445 2510/954/1908 2508/956/1445
f 1979/2631/1909 1978/957/1451 1977/2632/1451
f 2780/2633/1450 2783/960/1910 2781/962/1450
f 2814/2634/1911 2813/963/1448 2812/2020/1448
f 2346/2635/1912 2349/966/1913 2347/968/1446
f 1897/2026/1452 1900/2636/1914 1898/2637/1915
f 2590/2638/1916 2589/2023/1449 2588/2639/1449
f 1723/2640/1917 1722/2641/1456 1721/2032/1456
f 2362/2028/1454 2365/2642/1918 2363/2643/1919
f 2764/2644/1457 2767/2645/1920 2765/2035/1457
f 2491/2646/1458 2494/2647/1921 2492/2037/1458
f 2830/2648/1922 2829/2649/1455 2828/2030/1455
f 2380/2650/1923 2379/2038/1459 2378/2651/1924
f 2427/2042/1461 2430/2652/1925 2428/2653/1461
f 1963/2654/1926 1962/2655/1466 1961/2048/1466
f 2396/2656/1927 2395/2657/1464 2394/2046/1464
f 1913/2658/1463 1916/2659/1928 1914/2045/1463
f 2606/2660/1929 2605/2661/1460 2604/2040/1460
f 2410/2050/1467 2413/2662/1930 2411/2663/1467
f 2445/2664/1931 2444/2665/1469 2443/2052/1469
f 2750/2666/1932 2749/2055/1470 2748/2667/1470
f 1705/2668/1474 1708/2669/1933 1706/2063/1474
f 2477/2670/1934 2476/2671/1471 2475/2056/1471
f 1947/2672/1935 1946/2673/1473 1945/2060/1473
f 1929/2674/1936 1932/2675/1937 1930/2059/1472
f 2461/2676/1938 2460/2677/1475 2459/2064/1475
f 2622/2678/1939 2621/2679/1477 2620/2068/1477
f 2847/2680/1033 2845/2681/1476 2844/2066/1476
f 2734/2682/1940 2733/2070/1478 2732/2683/1941
f 1691/2684/1942 1690/2685/1480 1689/2072/1480
f 2636/2074/1481 2639/2686/1943 2637/2687/1481
f 2718/2688/1944 2717/2079/1485 2716/2689/1485
f 1675/2690/1945 1674/2081/1487 1673/2691/1946
f 1643/2692/1947 1642/2693/1483 1641/2076/1483
f 2654/2694/1948 2653/2695/1488 2652/2082/1488
f 1659/2696/1949 1658/2697/1490 1657/2084/1490
f 2700/2698/1950 2703/2699/1951 2701/2086/1491
f 2668/2088/1492 2671/2700/1952 2669/2701/1492
f 2686/2702/1953 2685/2703/1493 2684/2090/1493
f 57/2704/1954 56/2093/1494 55/2705/1494
f 41/2706/1955 40/2097/1497 39/2707/1497
f 25/2708/1956 24/2709/1498 23/2098/1498
f 7/2100/1499 10/2710/1957 8/2711/1499
f 73/2712/1958 72/2713/1495 71/2094/1495
f 89/2714/1959 88/2102/1500 87/2715/1500
f 103/2104/1501 106/2716/1960 104/2717/1501
f 119/2718/1502 122/2719/1961 120/2106/1502
f 4046/2720/1962 4049/2721/1963 4047/2108/1503
f 4062/2722/1964 4065/2723/1965 4063/2110/1505
f 4080/2724/1966 4079/2725/1967 4078/2112/1507
f 4094/2726/1968 4097/2727/1969 4095/2114/1508
f 3855/2728/1970 3854/2729/1510 3853/2116/1510
f 3837/2730/1513 3840/2731/1971 3838/2120/1513
f 3871/2732/1972 3870/2733/1973 3869/2118/1511
f 3887/2734/1974 3886/2735/1514 3885/2122/1514
f 3903/2736/1975 3902/2125/1516 3901/2737/1516
f 3823/2738/1976 3822/2739/1977 3821/2128/1519
f 3917/2740/1518 3920/2741/1978 3918/2127/1518
f 3933/2130/1521 3936/2742/1979 3934/2743/1521
f 3951/2744/1980 3950/2133/1522 3949/2745/1981
f 3807/2746/1982 3806/2747/1523 3805/2134/1523
f 3965/2136/1524 3968/2748/1983 3966/2749/1524
f 3791/2750/1984 3790/2141/1526 3789/2751/1526
f 3981/2138/1525 3984/2752/1985 3982/2753/1525
f 3775/2754/1986 3774/2143/1527 3773/2755/1527
f 3999/2756/1987 3998/2757/1528 3997/2144/1528
f 3757/2146/1530 3760/2758/1988 3758/2759/1530
f 3741/2760/1533 3744/2761/1989 3742/2151/1533
f 4015/2762/1990 4014/2148/1531 4013/2763/1991
f 3725/2154/1536 3728/2764/1992 3726/2765/1536
f 4031/2766/1993 4030/2152/1534 4029/2767/1994
f 3709/2768/1995 3712/2769/1996 3710/2157/1537
f 3693/2770/1997 3696/2771/1998 3694/2158/1538
f 4238/2161/1540 4241/2772/1999 4239/2773/2000
f 4254/2159/1539 4257/2774/2001 4255/2775/2002
f 3681/2776/2003 3680/2167/1545 3679/2777/2004
f 4224/2778/2005 4223/2779/1543 4222/2165/1543
f 4270/2780/1542 4273/2781/1565 4271/2163/1542
f 4208/2782/2006 4207/2783/2007 4206/2171/1121
f 4286/2784/1546 4289/2785/2008 4287/2170/1546
f 3664/31/29 3663/1527/1104 3662/2786/1104
f 4190/2787/2009 4193/2788/2010 4191/2178/1549
f 4112/2789/2011 4111/2790/1548 4110/2175/1548
f 4174/2791/1552 4177/2792/2012 4175/2181/1552
f 4128/2793/1589 4127/2794/2013 4126/2179/1550
f 4158/2185/1554 4161/2795/2014 4159/2796/2015
f 4142/2183/1553 4145/2797/1595 4143/2798/2016
f 2999/2799/1558 3002/2800/2017 3000/2190/1558
f 4430/2801/2018 4433/2802/2019 4431/2194/1560
f 4446/2803/1561 4449/2804/2020 4447/2196/1561
f 4414/2198/1562 4417/2805/2021 4415/2806/1562
f 4462/2807/1565 4465/2808/2022 4463/2201/1565
f 3017/2809/2023 3016/2810/2024 3015/2202/1566
f 4400/2811/2025 4399/2812/1568 4398/2206/1568
f 4478/2813/1569 4481/2814/2026 4479/2209/1569
f 3240/2815/2027 3239/2210/1570 3238/2816/1570
f 3622/2212/1572 3625/2817/2028 3623/2818/1572
f 3256/2819/2029 3255/2820/1574 3254/2214/1574
f 3222/2218/1578 3225/2821/2030 3223/2822/1578
f 4382/2823/1580 4385/2824/2031 4383/2221/1580
f 3031/2216/1576 3034/2825/2032 3032/2826/1576
f 3206/2827/2033 3209/2828/2034 3207/2225/1582
f 4304/2829/2035 4303/2830/1581 4302/2222/1581
f 3608/2831/2036 3607/2832/1583 3606/2226/1583
f 3192/2833/2037 3191/2231/1585 3190/2834/1585
f 3272/2835/2038 3271/2229/1584 3270/2836/2039
f 4366/2837/1587 4369/2838/2040 4367/2233/1587
f 3592/2839/2041 3591/2840/1588 3590/2234/1588
f 3176/2841/2042 3175/2842/1590 3174/2238/1590
f 4318/2236/1589 4321/2843/2043 4319/2844/1589
f 3574/2845/1593 3577/2846/2044 3575/2243/1593
f 4350/2847/1594 4353/2848/2045 4351/2244/1594
f 4334/2849/2046 4337/2850/2047 4335/2246/1595
f 3049/2851/2048 3048/2852/1591 3047/2240/1591
f 3288/2853/2049 3287/2854/2050 3286/2248/1596
f 3162/2855/2051 3161/2251/1598 3160/2856/1598
f 3558/2857/1600 3561/2858/2052 3559/2255/1600
f 3304/2859/2053 3303/2252/1599 3302/2860/2054
f 3320/2861/2055 3319/2256/1601 3318/2862/1601
f 3145/2863/2056 3144/2864/1605 3143/2262/1605
f 3063/2258/1603 3066/2865/2057 3064/2866/1603
f 3334/2260/1604 3337/2867/2058 3335/2868/1604
f 3542/2264/1606 3545/2869/2059 3543/2870/1606
f 3350/2871/1608 3353/2872/2060 3351/2267/1608
f 3079/2873/2061 3082/2874/2062 3080/2268/1609
f 3129/2875/2063 3128/2876/1611 3127/2270/1611
f 3095/2877/1613 3098/2878/2064 3096/2272/1613
f 3111/2879/1614 3114/2880/2065 3112/2274/1614
f 3364/2881/2066 3363/2277/1617 3362/2882/1617
f 3526/2279/1618 3529/2883/2067 3527/2884/1618
f 3510/2284/1622 3513/2885/2068 3511/2886/2069
f 3382/2286/1623 3385/2887/2070 3383/2888/1623
f 3494/2289/1625 3497/2889/2071 3495/2890/1625
f 3478/2293/1628 3481/2891/2072 3479/2892/1628
f 3398/2893/1627 3401/2894/2073 3399/2292/1627
f 3414/2895/1629 3417/2896/2074 3415/2295/1629
f 3464/2897/2075 3463/2297/1630 3462/2898/1630
f 3430/2899/2076 3433/2900/2077 3431/2300/1631
f 3448/2901/2078 3447/2301/1632 3446/2902/1632
f 4894/2903/1634 4897/2904/2079 4895/2303/1634
f 4878/2905/1635 4881/2906/2080 4879/2306/1635
f 4910/2907/1636 4913/2908/2081 4911/2307/1636
f 4864/2909/2082 4863/2910/1637 4862/2309/1637
f 4926/2311/1638 4929/2911/2083 4927/2912/2084
f 4944/2913/2085 4943/2313/1640 4942/2914/1640
f 4846/2915/1642 4849/2916/2086 4847/2315/1642
f 4960/2917/2087 4959/2918/1643 4958/2317/1643
f 4974/2319/1645 4977/2919/2088 4975/2920/1645
f 4656/2921/2089 4655/2324/1648 4654/2922/2090
f 4670/2923/1646 4673/2924/2091 4671/2322/1646
f 4640/2925/2092 4639/2326/1649 4638/2926/2093
f 4688/2927/2094 4687/2928/2095 4686/2327/1650
f 4990/2929/2096 4993/2930/2097 4991/2329/1651
f 4622/2931/2098 4625/2932/2099 4623/2332/1653
f 4704/2933/2100 4703/2934/2101 4702/2333/1654
f 5006/2335/1656 5009/2935/2102 5007/2936/1656
f 5408/2337/1658 5411/2937/2103 5409/2938/1658
f 4606/2939/2104 4609/2940/2105 4607/2340/1659
f 5392/2941/1660 5395/2942/2106 5393/2341/1660
f 5135/2347/1663 5138/2943/2107 5136/2944/1663
f 4720/2945/2108 4719/2946/2109 4718/2343/1661
f 5153/2947/2110 5152/2948/2111 5151/2349/1664
f 5119/2351/1666 5122/2949/2112 5120/2950/2113
f 5103/2353/1667 5106/2951/2114 5104/2952/1667
f 5022/2345/1662 5025/2953/2115 5023/2954/2116
f 5378/2955/2117 5377/2956/1669 5376/2355/1669
f 5089/2957/2118 5088/2958/2119 5087/2359/1671
f 5167/2959/1670 5170/2960/2120 5168/2357/1670
f 4832/2961/2121 4831/2370/1677 4830/2962/1677
f 5073/2963/2122 5072/2964/2123 5071/2361/1672
f 5425/2965/1673 5428/2966/2124 5426/2363/1673
f 5055/2367/1675 5058/2967/2125 5056/2968/2126
f 4590/2969/1674 4593/2970/2127 4591/2366/1674
f 5039/18/37 5042/2971/2128 5040/2972/38
f 5360/2973/1682 5363/2974/2129 5361/2378/1682
f 5185/2975/2130 5184/2374/1679 5183/2976/1679
f 4734/2977/2131 4737/2978/2132 4735/2376/1681
f 5649/2379/1683 5652/2979/2133 5650/2980/1683
f 5635/2981/2134 5634/2381/1684 5633/2982/1684
f 5665/2983/2135 5668/2984/2136 5666/2985/1687
f 4574/2986/1689 4577/2987/2137 4575/2388/1689
f 5201/2988/2138 5200/2989/1688 5199/2990/1688
f 5346/2991/2139 5345/2391/1691 5344/2992/1691
f 5617/2993/1690 5620/2994/2140 5618/2389/1690
f 4752/2995/2141 4751/2996/1692 4750/2393/1692
f 5443/2997/2142 5442/2396/1693 5441/2998/1693
f 5217/2999/2143 5216/2397/1694 5215/3000/2144
f 4814/3001/1695 4817/3002/2145 4815/2400/1695
f 5233/3003/2146 5232/2403/1697 5231/3004/1697
f 5265/3005/2147 5264/2408/1700 5263/3006/1700
f 4560/3007/2148 4559/2406/1699 4558/3008/1699
f 5681/3009/1696 5684/3010/2149 5682/2402/1696
f 5603/3011/2150 5602/3012/2151 5601/2409/1701
f 5282/3013/2152 5281/2411/1703 5280/3014/1703
f 5330/3015/2153 5329/3016/2154 5328/2415/1705
f 5247/3017/1704 5250/3018/2155 5248/2413/1704
f 5459/3019/2156 5458/2419/1707 5457/3020/1707
f 4768/3021/2157 4767/3022/2158 4766/2417/1706
f 5298/3023/2159 5297/3024/1708 5296/2421/1708
f 4798/3025/2160 4801/3026/2161 4799/2424/1709
f 4782/2425/1710 4785/3027/2162 4783/3028/2163
f 5312/2427/1712 5315/3029/2164 5313/3030/1712
f 5587/3031/2165 5586/2429/1713 5585/3032/1713
f 4542/2431/1715 4545/3033/2166 4543/3034/1715
f 5473/2433/1716 5476/3035/2167 5474/3036/2168
f 5571/3037/2169 5570/3038/1717 5569/2435/1717
f 4528/3039/2170 4527/3040/1718 4526/2437/1718
f 5489/2439/1719 5492/3041/2171 5490/3042/1719
f 4496/3043/2172 4495/2442/1720 4494/3044/2173
f 5555/3045/2174 5554/2444/1721 5553/3046/2175
f 4510/2445/1722 4513/3047/2176 4511/3048/1722
f 5505/3049/2177 5508/3050/2178 5506/2448/1724
f 5537/3051/2179 5540/3052/2180 5538/2452/1726
f 5521/3053/1725 5524/3054/2181 5522/2450/1725
f 2910/3055/2182 2909/2453/1727 2908/824/1727
f 2894/3056/2183 2893/2455/1728 2892/3057/1728
f 2878/3058/2184 2877/2458/1729 2876/3059/1729
f 2862/3060/2185 2861/2460/1731 2860/3061/1731
f 2924/3062/1732 2927/3063/2186 2925/2462/1732
f 2940/3064/1733 2943/3065/2187 2941/2464/1733
f 2956/2465/1734 2959/3066/2188 2957/3067/1734
f 2974/3068/2189 2973/3069/1736 2972/2467/1736
f 1195/2469/1737 1198/1460/2190 1196/1461/1737
f 1211/1463/2191 1214/1462/2192 1212/576/1739
f 1229/3070/2193 1228/579/1742 1227/3071/1742
f 1243/3072/1743 1246/1466/2194 1244/582/1743
f 1002/3073/1744 1005/1468/2195 1003/585/1744
f 1020/3074/2196 1019/588/1746 1018/3075/2197
f 986/3076/1749 989/1472/2198 987/594/1749
f 1036/3077/2199 1035/591/1747 1034/2472/1747
f 1050/2475/1750 1053/2124/2200 1051/597/1750
f 1066/2476/1751 1069/2126/2201 1067/600/2202
f 970/2479/1753 973/1480/2203 971/1481/1753
f 1082/3078/1752 1085/1482/2204 1083/1483/1752
f 1100/3079/2205 1099/609/1754 1098/3080/1754
f 1114/3081/1756 1117/1486/2206 1115/612/1756
f 956/3082/2207 955/1489/1757 954/2483/1757
f 1132/3083/2208 1131/1490/1758 1130/619/1758
f 940/3084/2209 939/621/1760 938/3085/1760
f 924/3086/2210 923/1494/1762 922/2486/1762
f 1146/2485/1761 1149/1496/2211 1147/1497/2212
f 906/2487/1763 909/2147/2213 907/630/1763
f 1162/2489/1764 1165/1500/2214 1163/1501/2215
f 892/3087/2216 891/1502/1765 890/2491/1765
f 1180/2153/2217 1179/1505/2218 1178/2492/1766
f 876/3088/2219 875/642/1768 874/3089/1768
f 860/3090/2220 859/1508/1769 858/2494/1769
f 1403/2496/1771 1406/1510/1790 1404/1511/1771
f 1387/2498/1772 1390/1512/1791 1388/1513/2221
f 1419/2499/1774 1422/1514/2222 1420/1515/2223
f 1373/3091/2224 1372/659/1776 1371/3092/1776
f 828/3093/1777 831/3094/2225 829/2501/1777
f 1437/3095/2226 1436/1520/1780 1435/2504/1780
f 1355/3096/1337 1358/1522/2227 1356/669/1783
f 1259/2506/1784 1262/1524/2228 1260/672/1784
f 815/3097/2229 814/3098/1325 813/1856/1325
f 1341/3099/2230 1340/1529/1347 1339/2508/1347
f 1277/1531/1815 1276/678/1786 1275/3100/2231
f 1323/2510/1357 1326/1533/2232 1324/1534/1819
f 1291/685/1787 1294/1535/1822 1292/1536/2233
f 1307/2511/1788 1310/1537/1824 1308/1538/1788
f 148/3101/1789 151/3102/2234 149/2512/1789
f 801/1180/874 804/3103/2235 802/3104/874
f 1595/3105/2236 1598/1541/2237 1596/693/1790
f 1579/3106/1791 1582/1543/2238 1580/696/1791
f 795/3107/2239 794/1873/1333 793/3108/1333
f 1613/1548/2240 1612/702/1793 1611/3109/1793
f 1563/3110/2224 1566/1550/2241 1564/705/1795
f 164/2514/1792 167/3111/2242 165/3112/1792
f 1629/3113/2243 1628/1554/1796 1627/2517/1796
f 1547/1557/1799 1550/1556/2244 1548/714/1799
f 387/2523/1801 390/3114/2245 388/3115/1801
f 405/3116/2246 404/2522/1800 403/3117/2247
f 182/3118/2248 181/2525/1803 180/3119/2249
f 773/3120/2250 772/2528/1804 771/3121/1804
f 373/3122/2251 372/2530/1806 371/3123/1806
f 1451/1569/1805 1454/1568/2252 1452/729/1805
f 1533/1571/2253 1532/1570/1809 1531/742/1809
f 355/2534/1808 358/3124/2254 356/3125/2255
f 421/3126/2256 420/2533/1807 419/3127/1807
f 757/3128/2257 756/2537/1811 755/3129/1811
f 339/2538/1812 342/3130/2258 340/3131/1812
f 1467/3132/2259 1470/1580/2260 1468/753/1815
f 1517/3133/2261 1516/759/1818 1515/3134/1818
f 196/3135/1814 199/3136/2262 197/2541/1814
f 741/3137/2263 740/2543/1816 739/3138/1816
f 437/3139/2264 436/3140/1820 435/2545/1820
f 1483/3141/1822 1486/1590/2265 1484/768/1822
f 725/3142/2266 724/2550/1823 723/3143/2267
f 1499/3144/1824 1502/1594/2268 1500/774/1824
f 309/3145/1826 312/3146/2269 310/2553/1826
f 451/3147/2270 454/3148/2271 452/2552/1825
f 707/3149/2272 710/3150/2273 708/2556/1828
f 467/3151/1829 470/3152/2274 468/2558/1829
f 212/3153/1830 215/3154/2275 213/2560/1830
f 483/2561/1831 486/3155/2276 484/3156/1831
f 292/2565/1833 295/3157/2277 293/3158/1833
f 499/3159/2278 502/3160/2279 500/2564/1832
f 693/3161/2280 692/2568/1835 691/3162/1835
f 228/3163/2281 231/3164/2282 229/2569/1836
f 276/2571/1837 279/3165/2283 277/3166/1837
f 244/2573/1838 247/3167/2284 245/3168/2285
f 260/2575/1840 263/3169/2286 261/3170/1840
f 677/3171/2287 676/2577/1842 675/3172/1842
f 661/3173/2288 660/2579/1843 659/3174/1843
f 645/3175/2289 644/2583/1847 643/3176/2290
f 549/3177/2291 548/2586/1850 547/3178/1850
f 627/3179/1851 630/3180/2292 628/2588/1851
f 563/2589/1852 566/3181/2293 564/3182/2294
f 611/2591/1853 614/3183/2295 612/3184/1853
f 581/3185/2296 580/3186/1854 579/2593/1854
f 595/2595/1856 598/3187/2297 596/3188/1856
f 2045/3189/2298 2044/1641/1857 2043/2597/1857
f 2029/3190/2299 2028/846/1858 2027/3191/2300
f 2059/2598/1860 2062/1644/2301 2060/1645/1860
f 2011/2600/1863 2014/1646/2302 2012/1647/2303
f 2077/3192/2304 2076/1648/1862 2075/2599/1862
f 2091/3193/1864 2094/1650/2305 2092/858/1864
f 2109/3194/2306 2108/861/1865 2107/3195/1865
f 1995/3196/1872 1998/1654/2307 1996/876/1872
f 2123/3197/1866 2126/2320/2308 2124/864/1866
f 1819/868/1867 1822/2321/2309 1820/1658/1867
f 1803/2603/1869 1806/2323/2310 1804/1660/1869
f 1837/3198/2311 1836/873/1871 1835/3199/2312
f 1789/3200/2313 1788/1664/2314 1787/883/1875
f 2139/2606/1873 2142/1666/2315 2140/879/1873
f 1853/3201/2316 1852/885/1878 1851/3202/2317
f 1771/2610/1880 1774/2331/2318 1772/1670/1880
f 2157/3203/2319 2156/1672/1879 2155/3204/2320
f 2559/3205/2321 2558/1674/1882 2557/3206/1882
f 1869/3207/2322 1868/894/1881 1867/3208/1881
f 2541/2613/1885 2544/1678/2323 2542/1679/1885
f 1755/2615/1886 1758/2339/2324 1756/906/1886
f 2171/2612/1883 2174/2346/2325 2172/1682/1883
f 2286/3209/2326 2285/1684/1888 2284/2617/1888
f 2302/3210/2327 2301/909/1887 2300/3211/1887
f 2270/3212/2328 2269/915/1889 2268/3213/1889
f 2252/2621/1892 2255/1690/2329 2253/1691/1892
f 2574/2620/1891 2577/1692/2330 2575/1693/2331
f 2316/2618/1890 2319/1694/2332 2317/1695/1890
f 2236/3214/2333 2239/1696/2334 2237/927/1894
f 2525/3215/1895 2528/1698/2335 2526/930/1895
f 2222/3216/2336 2221/933/1897 2220/3217/2337
f 2206/3218/2338 2205/945/1903 2204/3219/2339
f 2187/2626/1900 2190/1704/2340 2188/1705/1900
f 2334/3220/2341 2333/942/1902 2332/3221/1902
f 1885/3222/2342 1884/936/1899 1883/3223/1899
f 1739/3224/1905 1742/2365/2343 1740/1710/1905
f 1981/1713/2344 1980/1712/1909 1979/2631/1909
f 2511/3225/2345 2510/954/1908 2509/3226/2346
f 2800/3227/2347 2799/1716/1906 2798/2629/1906
f 2782/3228/1910 2785/1718/2348 2783/960/1910
f 2816/3229/2349 2815/1720/1911 2814/2634/1911
f 2350/3230/2350 2349/966/1913 2348/3231/2351
f 2590/2638/1916 2593/3232/2352 2591/3233/1916
f 1901/3234/2353 1900/2636/1914 1899/3235/2354
f 1725/3236/2355 1724/3237/2356 1723/2640/1917
f 2766/3238/1920 2769/3239/2357 2767/2645/1920
f 2493/3240/2358 2496/3241/2359 2494/2647/1921
f 2364/3242/1918 2367/3243/2360 2365/2642/1918
f 2832/3244/2361 2831/3245/1922 2830/2648/1922
f 2380/2650/1923 2383/3246/2362 2381/3247/1923
f 1965/3248/2363 1964/3249/1926 1963/2654/1926
f 2429/3250/1925 2432/3251/2364 2430/2652/1925
f 2750/2666/1932 2753/3252/2365 2751/3253/2366
f 2414/3254/2367 2413/2662/1930 2412/3255/1930
f 2608/3256/2368 2607/3257/1929 2606/2660/1929
f 2396/2656/1927 2399/3258/2369 2397/3259/1927
f 1915/3260/1928 1918/3261/2370 1916/2659/1928
f 1709/3262/2371 1708/2669/1933 1707/3263/2372
f 2447/3264/2373 2446/3265/1931 2445/2664/1931
f 2477/2670/1934 2480/3266/2374 2478/3267/2375
f 1949/3268/2376 1948/3269/1935 1947/2672/1935
f 1931/3270/1937 1934/3271/2377 1932/2675/1937
f 2461/2676/1938 2464/3272/2378 2462/3273/1938
f 2734/2682/1940 2737/3274/2379 2735/3275/2380
f 2622/2678/1939 2625/3276/2381 2623/3277/2382
f 1691/2684/1942 1694/3278/2383 1692/3279/1942
f 2640/3280/2384 2639/2686/1943 2638/3281/1943
f 2718/2688/1944 2721/3282/2385 2719/3283/1944
f 1675/2690/1945 1678/3284/2386 1676/3285/1945
f 1645/3286/2387 1644/3287/1947 1643/2692/1947
f 2656/3288/2388 2655/3289/1948 2654/2694/1948
f 1659/2696/1949 1662/3290/2389 1660/3291/1949
f 2704/3292/2390 2703/2699/1951 2702/3293/1951
f 2672/3294/2391 2671/2700/1952 2670/3295/1952
f 2688/3296/2392 2687/3297/1953 2686/2702/1953
f 57/2704/1954 60/3298/2393 58/3299/1954
f 43/3300/2394 42/3301/1955 41/2706/1955
f 27/3302/2395 26/3303/2396 25/2708/1956
f 11/3304/2397 10/2710/1957 9/3305/1957
f 75/3306/2398 74/3307/1958 73/2712/1958
f 91/3308/2399 90/3309/1959 89/2714/1959
f 105/3310/2400 108/3311/2401 106/2716/1960
f 121/3312/1961 124/3313/2402 122/2719/1961
f 4050/51/2403 4049/2721/1963 4048/3314/1963
f 4064/3315/2404 4067/3316/2405 4065/2723/1965
f 4080/2724/1966 4083/3317/2406 4081/3318/1966
f 4098/3319/2407 4097/2727/1969 4096/3320/1969
f 3855/2728/1970 3858/3321/2408 3856/3322/2409
f 3841/62/2410 3840/2731/1971 3839/3323/1971
f 3873/69/2411 3872/3324/2412 3871/2732/1972
f 3887/2734/1974 3890/3325/2413 3888/3326/1974
f 3903/2736/1975 3906/3327/2414 3904/3328/1975
f 3825/74/2415 3824/3329/1976 3823/2738/1976
f 3921/81/2416 3920/2741/1978 3919/3330/2417
f 3937/84/2418 3936/2742/1979 3935/3331/1979
f 3953/90/2419 3952/3332/1980 3951/2744/1980
f 3807/2746/1982 3810/3333/2420 3808/3334/1982
f 3967/3335/2421 3970/3336/2422 3968/2748/1983
f 3793/95/2423 3792/3337/2424 3791/2750/1984
f 3983/3338/1985 3986/3339/2425 3984/2752/1985
f 3775/2754/1986 3778/3340/2426 3776/3341/1986
f 3759/3342/1988 3762/3343/2427 3760/2758/1988
f 3999/2756/1987 4002/3344/2428 4000/3345/2429
f 3743/3346/1989 3746/3347/2430 3744/2761/1989
f 4015/2762/1990 4018/3348/2431 4016/3349/1990
f 3727/3350/1992 3730/3351/2432 3728/2764/1992
f 4033/3352/2433 4032/3353/2434 4031/2766/1993
f 3713/119/2435 3712/2769/1996 3711/3354/1996
f 3695/3355/1998 3698/3356/2436 3696/2771/1998
f 4240/3357/2437 4243/3358/2438 4241/2772/1999
f 4256/3359/1561 4259/3360/2439 4257/2774/2001
f 3683/128/2440 3682/3361/2003 3681/3362/2003
f 4224/2778/2005 4227/3363/2441 4225/3364/2005
f 4274/137/2022 4273/2781/1565 4272/3365/2442
f 4210/141/2443 4209/3366/2006 4208/2782/2006
f 3665/32/30 3668/3367/2444 3666/33/31
f 4288/3368/2008 4291/3369/2445 4289/2785/2008
f 4192/3370/2010 4195/3371/2446 4193/2788/2010
f 4114/150/2035 4113/3372/2011 4112/2789/2011
f 2989/3373/2447 2988/3374/1547 2987/2173/1547
f 4178/152/2040 4177/2792/2012 4176/3375/2448
f 4128/2793/1589 4131/3376/2449 4129/3377/1589
f 4160/3378/1594 4163/3379/2450 4161/2795/2014
f 4144/3380/2046 4147/3381/2451 4145/2797/1595
f 3654/3382/2452 3653/3383/1556 3652/2187/1556
f 3003/3384/2453 3002/2800/2017 3001/3385/2017
f 3644/3386/1559 3647/3387/2454 3645/2192/1559
f 4434/170/2455 4433/2802/2019 4432/3388/2019
f 4450/174/2456 4449/2804/2020 4448/3389/2457
f 4418/177/2458 4417/2805/2021 4416/3390/2459
f 4464/3391/2022 4467/3392/2460 4465/2808/2022
f 4402/183/2461 4401/3393/2443 4400/2811/2025
f 3019/3394/2462 3018/3395/2023 3017/2809/2023
f 4480/3396/2026 4483/3397/2463 4481/2814/2026
f 3626/3398/2464 3625/2817/2028 3624/3399/2028
f 3242/3400/2465 3241/3401/2466 3240/2815/2027
f 3256/2819/2029 3259/3402/2467 3257/3403/2468
f 3226/3404/2469 3225/2821/2030 3224/3405/2030
f 4384/3406/2031 4387/3407/2470 4385/2824/2031
f 3210/3408/2471 3209/2828/2034 3208/3409/2034
f 3033/3410/2032 3036/3411/2472 3034/2825/2032
f 3610/3412/2473 3609/3413/2036 3608/2831/2036
f 4304/2829/2035 4307/3414/2474 4305/3415/2035
f 3192/2833/2037 3195/3416/2475 3193/3417/2476
f 3272/2835/2038 3275/3418/2477 3273/3419/2038
f 4368/3420/2040 4371/3421/2478 4369/2838/2040
f 3594/1797/2479 3593/3422/2041 3592/2839/2041
f 3178/3423/2480 3177/3424/2042 3176/2841/2042
f 4322/231/2481 4321/2843/2043 4320/3425/2482
f 3578/3426/2483 3577/2846/2044 3576/3427/2044
f 4354/237/2484 4353/2848/2045 4352/3428/2045
f 4338/239/2485 4337/2850/2047 4336/3429/2047
f 3162/2855/2051 3165/3430/2486 3163/3431/2051
f 3051/3432/2487 3050/3433/2048 3049/2851/2048
f 3288/2853/2049 3291/3434/2488 3289/3435/2049
f 3562/3436/2489 3561/2858/2052 3560/3437/2052
f 3304/2859/2053 3307/3438/2490 3305/3439/2053
f 3145/2863/2056 3148/3440/2491 3146/3441/2056
f 3320/2861/2055 3323/3442/2492 3321/3443/2055
f 3546/3444/2493 3545/2869/2059 3544/3445/2059
f 3338/3446/2494 3337/2867/2058 3336/3447/2058
f 3067/3448/2495 3066/2865/2057 3065/3449/2057
f 3352/3450/2060 3355/3451/2496 3353/2872/2060
f 3129/2875/2063 3132/3452/2497 3130/3453/2063
f 3083/3454/2498 3082/2874/2062 3081/3455/2499
f 3530/3456/2500 3529/2883/2067 3528/3457/2067
f 3097/3458/2064 3100/3459/2501 3098/2878/2064
f 3113/3460/2502 3116/3461/2503 3114/2880/2065
f 3364/2881/2066 3367/3462/2504 3365/3463/2505
f 3514/3464/2506 3513/2885/2068 3512/3465/2068
f 3372/2281/1620 3375/3466/2507 3373/3467/1620
f 3498/3468/2508 3497/2889/2071 3496/3469/2509
f 3384/3470/2070 3387/3471/2510 3385/2887/2070
f 3482/3472/2511 3481/2891/2072 3480/3473/2072
f 3400/3474/2512 3403/3475/2513 3401/2894/2073
f 3464/2897/2075 3467/3476/2514 3465/3477/2075
f 3416/3478/2074 3419/3479/2515 3417/2896/2074
f 3432/3480/2516 3435/3481/2517 3433/2900/2077
f 3448/2901/2078 3451/3482/2518 3449/3483/2078
f 4880/3484/2080 4883/3485/2519 4881/2906/2080
f 4898/324/2520 4897/2904/2079 4896/3486/2079
f 4866/326/2521 4865/3487/2082 4864/2909/2082
f 4914/330/2522 4913/2908/2081 4912/3488/2081
f 4928/3489/2523 4931/3490/2524 4929/2911/2083
f 4850/336/2525 4849/2916/2086 4848/3491/2526
f 4946/338/2527 4945/3492/2528 4944/2913/2085
f 4962/342/2529 4961/3493/2087 4960/2917/2087
f 4656/2921/2089 4659/343/2530 4657/3494/2531
f 4978/351/2532 4977/2919/2088 4976/3495/2088
f 4674/348/2533 4673/2924/2091 4672/3496/2091
f 4640/2925/2092 4643/3497/2534 4641/3498/1675
f 4690/357/2535 4689/3499/2536 4688/2927/2094
f 4994/363/2537 4993/2930/2097 4992/3500/2097
f 4624/3501/2099 4627/3502/2538 4625/2932/2099
f 4706/366/2539 4705/3503/2540 4704/2933/2100
f 5010/371/2541 5009/2935/2102 5008/3504/2542
f 4608/3505/2543 4611/3506/2544 4609/2940/2105
f 5410/3507/2103 5413/3508/2545 5411/2937/2103
f 5396/381/2546 5395/2942/2106 5394/3509/2106
f 5139/383/2547 5138/2943/2107 5137/3510/2107
f 4832/2961/2121 4835/3511/2548 4833/3512/2121
f 5123/386/2549 5122/2949/2112 5121/3513/2112
f 5153/2947/2110 5156/393/2550 5154/3514/2110
f 4722/402/2551 4721/3515/2108 4720/2945/2108
f 5378/2955/2117 5381/3516/2552 5379/3517/2117
f 5105/3518/2114 5108/3519/2553 5106/2951/2114
f 5026/405/2554 5025/2953/2115 5024/3520/2555
f 5089/2957/2118 5092/3521/2556 5090/3522/2118
f 5171/414/2557 5170/2960/2120 5169/3523/2120
f 4592/3524/2127 4595/3525/2558 4593/2970/2127
f 5073/2963/2122 5076/3526/2559 5074/3527/2560
f 5057/3528/2561 5060/3529/2562 5058/2967/2125
f 5364/420/2563 5363/2974/2129 5362/3530/2129
f 5043/423/2564 5042/2971/2128 5041/3531/2565
f 5427/3532/2124 5430/3533/2566 5428/2966/2124
f 5187/431/2567 5186/3534/2568 5185/2975/2130
f 4738/437/2569 4737/2978/2132 4736/3535/2570
f 5637/428/2571 5636/3536/2134 5635/2981/2134
f 5651/3537/2133 5654/3538/2572 5652/2979/2133
f 4576/3539/2137 4579/3540/2573 4577/3541/2137
f 5348/3542/2574 5347/3543/2139 5346/2991/2139
f 5621/3544/2575 5620/2994/2140 5619/3545/2140
f 5667/3546/2136 5670/3547/2576 5668/2984/2136
f 5203/3548/2577 5202/3549/2138 5201/2988/2138
f 4816/3550/2145 4819/3551/2578 4817/3002/2145
f 4752/2995/2141 4755/3552/2579 4753/3553/2141
f 5443/2997/2142 5446/3554/2580 5444/3555/2142
f 5217/2999/2143 5220/3556/2581 5218/3557/2143
f 4560/3007/2148 4563/3558/2582 4561/3559/2148
f 5233/3003/2146 5236/3560/2583 5234/3561/2146
f 5267/43/39 5266/3562/2584 5265/3005/2147
f 5332/3563/2585 5331/3564/2153 5330/3015/2153
f 5603/3011/2150 5606/3565/2586 5604/3566/2587
f 5284/3567/2588 5283/3568/2152 5282/3013/2152
f 5683/3569/2149 5686/3570/2589 5684/3010/2149
f 5251/3571/2590 5250/3018/2155 5249/3572/2155
f 4800/3573/2591 4803/3574/2592 4801/3026/2161
f 4770/3575/2593 4769/3576/2157 4768/3021/2157
f 5298/3023/2159 5301/3577/2594 5299/3578/2159
f 4784/3579/2162 4787/1249/2595 4785/3027/2162
f 5459/3019/2156 5462/3580/2596 5460/3581/2597
f 5314/3582/2598 5317/3583/2599 5315/3029/2164
f 5589/3584/2600 5588/3585/2601 5587/3031/2165
f 4546/3586/2602 4545/3033/2166 4544/3587/2166
f 5477/3588/2603 5476/3035/2167 5475/3589/2505
f 5571/3037/2169 5574/3590/2604 5572/3591/2605
f 4528/3039/2170 4531/3592/2606 4529/3593/2170
f 5493/3594/2607 5492/3041/2171 5491/3595/2608
f 5555/3045/2174 5558/3596/2609 5556/3597/2174
f 4512/3598/2176 4515/3599/2610 4513/3047/2176
f 4498/3600/2611 4497/3601/2172 4496/3043/2172
f 5509/3602/2612 5508/3050/2178 5507/3603/2178
f 5541/3604/2613 5540/3052/2180 5539/3605/2180
f 5523/3606/2181 5526/3607/2614 5524/3054/2181
f 2912/3608/2615 2911/3609/2182 2910/3055/2182
f 2896/3610/2616 2895/3611/2183 2894/3056/2183
f 2880/3612/2617 2879/3613/2618 2878/3058/2184
f 2862/3060/2185 2865/3614/2619 2863/3615/2185
f 2928/3616/2620 2927/3063/2186 2926/3617/2186
f 2944/3618/2621 2943/3065/2187 2942/3619/2187
f 2960/3620/2622 2959/3066/2188 2958/3621/2623
f 2976/3622/2624 2975/3623/2189 2974/3068/2189
f 1197/3624/2625 1200/2720/2626 1198/1460/2190
f 1215/2110/2627 1214/1462/2192 1213/3625/2628
f 1229/3070/2193 1232/2112/2629 1230/2113/2193
f 1247/3626/2630 1246/1466/2194 1245/3627/2631
f 1004/3628/2195 1007/2116/2632 1005/1468/2195
f 1022/3629/2633 1021/2119/2634 1020/3074/2196
f 990/3630/2635 989/1472/2198 988/3631/2198
f 1038/2735/2636 1037/1474/2637 1036/3077/2199
f 1054/2125/2638 1053/2124/2200 1052/3632/2200
f 1070/3633/2639 1069/2126/2201 1068/3634/2640
f 972/3635/2641 975/2128/2642 973/1480/2203
f 1084/3636/2204 1087/2130/2643 1085/1482/2204
f 1100/3079/2205 1103/2745/2644 1101/2132/2205
f 956/3082/2207 959/2134/2645 957/1488/2207
f 1116/3637/2206 1119/2136/2646 1117/1486/2206
f 1132/3083/2208 1135/2138/2647 1133/2139/2208
f 942/3638/2648 941/2140/2209 940/3084/2209
f 926/3639/2649 925/2142/2210 924/3086/2210
f 1150/3640/2650 1149/1496/2211 1148/3641/2211
f 910/3642/2651 909/2147/2213 908/3643/2213
f 1166/3644/2652 1165/1500/2214 1164/3645/2653
f 894/3646/2654 893/2150/2216 892/3087/2216
f 1182/3647/2655 1181/1504/2656 1180/2153/2217
f 878/3648/2657 877/2155/2219 876/3088/2219
f 862/3649/2658 861/2156/2220 860/3090/2220
f 846/3650/2659 845/12/12 844/11/11
f 1405/2160/2236 1408/2159/2660 1406/1510/1790
f 1389/2162/2661 1392/2161/2662 1390/1512/1791
f 1423/3651/2663 1422/1514/2222 1421/2164/2222
f 1373/3091/2224 1376/2165/2664 1374/2166/1795
f 832/3652/2665 831/3094/2225 830/3653/2225
f 1439/2170/2666 1438/2169/2226 1437/3095/2226
f 1357/3654/2227 1360/2171/2244 1358/1522/2227
f 138/2503/1779 141/3655/2667 139/3656/1779
f 1261/3657/2228 1264/2175/2252 1262/1524/2228
f 1343/3658/2668 1342/2177/2669 1341/3099/2230
f 1277/1531/1815 1280/2179/2670 1278/2180/1815
f 1327/3659/2671 1326/1533/2232 1325/3660/2232
f 1293/2184/1822 1296/2183/2672 1294/1535/1822
f 1309/2186/2673 1312/2185/2674 1310/1537/1824
f 803/3661/2235 806/3662/2675 804/3103/2235
f 152/3663/2676 151/3102/2234 150/3664/2234
f 797/3665/2677 796/3666/2239 795/3107/2239
f 1583/3667/2678 1582/1543/2238 1581/3668/2238
f 1599/3669/2679 1598/1541/2237 1597/3670/2237
f 1565/2199/2680 1568/2198/2681 1566/1550/2241
f 1615/3671/2682 1614/2200/2683 1613/1548/2240
f 166/3672/2242 169/3673/2684 167/3111/2242
f 787/2518/1797 790/3674/2685 788/3675/1797
f 1549/3676/2244 1552/2206/2686 1550/1556/2244
f 1631/2209/2687 1630/2208/2243 1629/3113/2243
f 391/3677/2688 390/3114/2245 389/3678/2689
f 773/3120/2250 776/3679/2690 774/3680/2250
f 405/3116/2246 408/3681/2691 406/3682/2246
f 182/3118/2248 185/3683/825 183/3684/2692
f 373/3122/2251 376/3685/2693 374/3686/2694
f 1535/2221/2695 1534/2220/2253 1533/1571/2253
f 1453/3687/2252 1456/2222/2696 1454/1568/2252
f 357/3688/2254 360/3689/2697 358/3124/2254
f 757/3128/2257 760/3690/2698 758/3691/2257
f 423/3692/2699 422/3693/2256 421/3126/2256
f 341/3694/2258 344/3695/2700 342/3130/2258
f 1519/3696/2701 1518/2232/2702 1517/3133/2261
f 741/3137/2263 744/3697/2703 742/3698/2263
f 1469/2237/2260 1472/2236/2704 1470/1580/2260
f 325/3699/1821 328/3700/2705 326/2547/1821
f 198/3701/2262 201/3702/2706 199/3136/2262
f 727/3703/2707 726/3704/2708 725/3142/2266
f 1503/3705/2709 1502/1594/2268 1501/2245/2268
f 1487/3706/2710 1486/1590/2265 1485/3707/2265
f 437/3139/2264 440/3708/2711 438/3709/2264
f 313/3710/2712 312/3146/2269 311/3711/2713
f 455/3712/2714 454/3148/2271 453/3713/2271
f 709/3714/2273 712/3715/2715 710/3150/2273
f 471/3716/2716 470/3152/2274 469/3717/2717
f 214/3718/2275 217/3719/2718 215/3154/2275
f 485/3720/2719 488/3721/2720 486/3155/2276
f 296/3722/2721 295/3157/2277 294/3723/2277
f 693/3161/2280 696/3724/893 694/3725/2280
f 503/3726/2722 502/3160/2279 501/3727/2723
f 232/3728/2724 231/3164/2282 230/3729/2725
f 278/3730/2283 281/3731/2726 279/3165/2283
f 248/3732/2727 247/3167/2284 246/3733/2284
f 264/3734/2728 263/3169/2286 262/3735/2729
f 515/3736/2730 514/3737/1377 513/1936/1377
f 677/3171/2287 680/3738/2731 678/3739/2732
f 523/1944/1383 526/3740/2733 524/3741/1383
f 661/3173/2288 664/3742/2734 662/3743/2735
f 533/2581/1845 536/3744/2736 534/3745/1845
f 645/3175/2289 648/3746/2737 646/3747/2738
f 551/3748/2739 550/3749/2291 549/3177/2291
f 629/3750/2740 632/3751/2741 630/3180/2292
f 567/3752/2742 566/3181/2293 565/3753/2293
f 615/3754/2743 614/3183/2295 613/3755/2295
f 583/3756/2744 582/3757/2296 581/3185/2296
f 599/3758/2745 598/3187/2297 597/3759/2746
f 2045/3189/2298 2048/2903/2747 2046/1640/2298
f 2031/3760/2748 2030/2305/2299 2029/3190/2299
f 2063/3761/2749 2062/1644/2301 2061/3762/2301
f 2013/3763/2302 2016/2309/2750 2014/1646/2302
f 2077/3192/2304 2080/2311/2751 2078/2312/2752
f 2095/3764/2753 2094/1650/2305 2093/3765/2305
f 1999/3766/2754 1998/1654/2307 1997/3767/2307
f 2109/3194/2306 2112/2317/2755 2110/1652/2756
f 2127/3768/2757 2126/2320/2308 2125/3769/2308
f 1821/1659/2309 1824/2923/2758 1822/2321/2309
f 1807/2324/2759 1806/2323/2310 1805/3770/2760
f 1791/3771/2761 1790/2325/2762 1789/3200/2313
f 1837/3198/2311 1840/2327/2763 1838/2328/2311
f 2143/3772/2764 2142/1666/2315 2141/3773/2315
f 1775/3774/2765 1774/2331/2318 1773/3775/2318
f 1853/3201/2316 1856/2333/2766 1854/1668/2767
f 2157/3203/2319 2160/2335/2768 2158/2336/2319
f 2559/3205/2321 2562/2337/2769 2560/2338/2321
f 1759/3776/2770 1758/2339/2324 1757/3777/2324
f 2545/3778/2771 2544/1678/2323 2543/3779/2323
f 1869/3207/2322 1872/2343/2772 1870/2344/2322
f 2175/3780/2773 2174/2346/2325 2173/3781/2325
f 2286/3209/2326 2289/2347/2774 2287/2348/2326
f 2302/3210/2327 2305/2349/2775 2303/2350/2776
f 2270/3212/2328 2273/2351/2777 2271/2352/2328
f 2254/3782/2778 2257/2353/2779 2255/1690/2329
f 2527/3783/2335 2530/2355/2780 2528/1698/2335
f 2320/3784/2781 2319/1694/2332 2318/3785/2332
f 2238/3786/2782 2241/2359/2783 2239/1696/2334
f 2222/3216/2336 2225/2361/2784 2223/1700/2785
f 2578/3787/2786 2577/1692/2330 2576/2364/2330
f 1743/3788/2787 1742/2365/2343 1741/3789/2343
f 2206/3218/2338 2209/2367/2788 2207/2368/2789
f 1983/3790/2790 1982/2369/2344 1981/1713/2344
f 2189/3791/2340 2191/16/14 2190/1704/2340
f 2336/3792/2791 2335/2373/2341 2334/3220/2341
f 1885/3222/2342 1888/2977/2792 1886/2375/2793
f 2511/3225/2345 2514/2973/2794 2512/2377/2345
f 2800/3227/2347 2803/2379/2795 2801/2380/2347
f 2784/3793/2796 2787/2982/2797 2785/1718/2348
f 2818/3794/2798 2817/2383/2349 2816/3229/2349
f 2352/2386/2799 2351/2385/2350 2350/3230/2350
f 1727/3795/2800 1726/3796/2801 1725/3236/2355
f 2770/3797/2802 2769/3239/2357 2768/3798/2357
f 2495/3799/2359 2498/3800/2803 2496/3241/2359
f 1901/3234/2353 1904/3801/2804 1902/3802/2353
f 2594/3803/2805 2593/3232/2352 2592/3804/2806
f 2368/3805/2807 2367/3243/2360 2366/3806/2360
f 1967/3807/2808 1966/3808/2363 1965/3248/2363
f 2834/3809/2809 2833/3810/2361 2832/3244/2361
f 2384/3811/2810 2383/3246/2362 2382/3812/2811
f 1711/3813/2812 1710/3814/2371 1709/3262/2371
f 2416/3815/2813 2415/3816/2814 2414/3254/2367
f 2752/3817/2815 2755/3818/2816 2753/3252/2365
f 2433/3819/2817 2432/3251/2364 2431/3820/2364
f 2400/3821/2818 2399/3258/2369 2398/3822/2369
f 2479/3823/2374 2482/3824/2819 2480/3266/2374
f 1917/3825/2370 1920/3826/2820 1918/3261/2370
f 2608/3256/2368 2611/3827/2821 2609/3828/2368
f 2447/3264/2373 2450/3829/2822 2448/3830/2373
f 1951/3831/2823 1950/3832/2376 1949/3268/2376
f 1933/3833/2824 1936/3834/2825 1934/3271/2377
f 2463/3835/2378 2466/3836/2826 2464/3272/2378
f 2738/3837/2827 2737/3274/2379 2736/3838/2828
f 1695/3839/2829 1694/3278/2383 1693/3840/2383
f 2624/3841/2381 2627/3842/2830 2625/3276/2381
f 2720/3843/2385 2723/3844/2831 2721/3282/2385
f 1677/3845/2386 1680/3846/2832 1678/3284/2386
f 2642/3847/2833 2641/3848/2834 2640/3280/2384
f 1647/3849/2835 1646/3850/2387 1645/3286/2387
f 2706/3851/2836 2705/3852/2390 2704/3292/2390
f 1661/3853/2389 1664/3854/2837 1662/3290/2389
f 2658/3855/2838 2657/3856/2839 2656/3288/2388
f 2674/3857/2840 2673/3858/2391 2672/3294/2391
f 2690/3859/2841 2689/3860/2392 2688/3296/2392
f 61/3861/2842 60/3298/2393 59/3862/2393
f 43/3300/2394 46/3863/2843 44/3864/2844
f 29/3865/2845 28/3866/2395 27/3302/2395
f 13/3867/2846 12/3868/2847 11/3304/2397
f 75/3306/2398 78/3869/2848 76/3870/2398
f 93/3871/2849 92/3872/2399 91/3308/2399
f 107/3873/2401 110/3874/2850 108/3311/2401
f 123/3875/2851 126/3876/2852 124/3313/2402
f 4052/50/2853 4051/49/2403 4050/51/2403
f 4034/53/2854 4037/3877/2855 4035/3878/2854
f 4068/56/2856 4067/3316/2405 4066/57/2857
f 4082/59/2406 4085/3879/2858 4083/3317/2406
f 3841/62/2410 3844/3880/2859 3842/3881/2860
f 3859/65/2861 3858/3321/2408 3857/66/2862
f 3875/68/2863 3874/3882/2864 3873/69/2411
f 3891/71/2865 3890/3325/2413 3889/72/2866
f 3825/74/2415 3828/3883/2867 3826/3884/2415
f 3907/77/2868 3906/3327/2414 3905/78/2414
f 3923/80/2869 3922/3885/2870 3921/81/2416
f 3939/83/2871 3938/3886/2418 3937/84/2418
f 3811/86/2872 3810/3333/2420 3809/87/2420
f 3955/89/2873 3954/3887/2419 3953/90/2419
f 3971/1124/2874 3970/3336/2422 3969/92/2422
f 3793/95/2423 3796/3888/2875 3794/3889/2423
f 3779/1128/2876 3778/3340/2426 3777/98/2426
f 3985/101/2425 3988/3890/2877 3986/3339/2425
f 3761/104/2427 3764/3891/2878 3762/3343/2427
f 4003/107/2879 4002/3344/2428 4001/108/2880
f 3745/110/2430 3748/3892/2881 3746/3347/2430
f 4019/1138/2882 4018/3348/2431 4017/113/2883
f 3731/1140/2884 3730/3351/2432 3729/116/2432
f 3713/119/2435 3716/118/2885 3714/3893/2435
f 3699/1144/2886 3698/3356/2436 3697/122/2436
f 4244/125/2455 4243/3358/2438 4242/126/2438
f 3683/128/2440 3686/3894/2887 3684/129/2440
f 4260/131/2888 4259/3360/2439 4258/132/2889
f 4228/134/2890 4227/3363/2441 4226/135/2891
f 4274/137/2022 4277/3895/2892 4275/138/2022
f 4212/140/2893 4211/3896/2443 4210/141/2443
f 3669/3897/2894 3668/3367/2444 3667/3898/2895
f 4194/146/2896 4197/3899/2897 4195/3371/2446
f 4116/149/2898 4115/3900/2035 4114/150/2035
f 4178/152/2040 4181/3901/2899 4179/3902/2040
f 4132/155/2900 4131/3376/2449 4130/156/2901
f 4164/158/2902 4163/3379/2450 4162/159/2903
f 4148/161/2485 4147/3381/2451 4146/162/2451
f 3654/3382/2452 3657/3903/2904 3655/3904/2452
f 3003/3384/2453 3006/3905/2905 3004/3906/2453
f 4434/170/2455 4437/3907/2906 4435/3908/2455
f 4452/173/2907 4451/3909/2908 4450/174/2456
f 4420/176/2909 4419/175/2910 4418/177/2458
f 3636/3910/1567 3639/3911/2911 3637/2205/1567
f 4466/179/2460 4469/3912/2912 4467/3392/2460
f 4404/182/2913 4403/3913/2461 4402/183/2461
f 3021/3914/2914 3020/3915/2462 3019/3394/2462
f 3626/3398/2464 3629/3916/2915 3627/3917/2916
f 3242/3400/2465 3245/3918/2917 3243/3919/2465
f 4386/194/2470 4389/193/2918 4387/3407/2470
f 3226/3404/2469 3229/3920/2919 3227/3921/2920
f 3258/3922/2467 3261/3923/2921 3259/3402/2467
f 3210/3408/2471 3213/3924/2922 3211/3925/2471
f 3610/3412/2473 3613/3926/1606 3611/3927/2923
f 3037/3928/2924 3036/3411/2472 3035/3929/2472
f 3194/3930/2925 3197/3931/2926 3195/3416/2475
f 4308/215/2927 4307/3414/2474 4306/216/2928
f 4370/218/2929 4373/3932/2930 4371/3421/2478
f 3596/3933/2931 3595/3934/2479 3594/1797/2479
f 3180/3935/2932 3179/3936/2480 3178/3423/2480
f 3276/3937/2933 3275/3418/2477 3274/3938/2477
f 4324/230/2934 4323/3939/2935 4322/231/2481
f 3578/3426/2483 3581/3940/2936 3579/3941/2483
f 4356/236/2937 4355/3942/2484 4354/237/2484
f 4338/239/2485 4341/3943/2938 4339/3944/2485
f 3166/3945/2939 3165/3430/2486 3164/3946/2486
f 3290/3947/2488 3293/3948/2940 3291/3434/2488
f 3564/3949/2941 3563/3950/2489 3562/3436/2489
f 3053/3951/2942 3052/3952/2487 3051/3432/2487
f 3308/3953/2943 3307/3438/2490 3306/3954/2944
f 3147/3955/2491 3150/3956/2945 3148/3440/2491
f 3324/3957/2946 3323/3442/2492 3322/3958/2492
f 3548/3959/2947 3547/3960/2493 3546/3444/2493
f 3338/3446/2494 3341/3961/2948 3339/3962/2494
f 3069/3963/2949 3068/3964/2495 3067/3448/2495
f 3354/3965/2496 3357/3966/2950 3355/3451/2496
f 3131/3967/2497 3134/3968/2951 3132/3452/2497
f 3085/3969/2952 3084/3970/2953 3083/3454/2498
f 3530/3456/2500 3533/3971/2954 3531/3972/2500
f 3099/3973/2501 3102/3974/2955 3100/3459/2501
f 3117/3975/2956 3116/3461/2503 3115/3976/2503
f 3514/3464/2506 3517/3977/2957 3515/3978/2958
f 3376/3979/2959 3375/3466/2507 3374/3980/2507
f 3498/3468/2508 3501/3981/2960 3499/3982/2508
f 3388/3983/2961 3387/3471/2510 3386/3984/2510
f 3482/3472/2511 3485/3985/2962 3483/3986/2511
f 3404/3987/2963 3403/3475/2513 3402/3988/2513
f 3468/3989/2964 3467/3476/2514 3466/3990/2514
f 3418/3991/2515 3421/3992/2965 3419/3479/2515
f 3452/3993/2966 3451/3482/2518 3450/3994/2518
f 3434/3995/2517 3437/3996/2967 3435/3481/2517
f 4882/320/2519 4885/3997/2968 4883/3485/2519
f 4898/324/2520 4901/3998/2969 4899/3999/2520
f 4866/326/2521 4869/4000/2970 4867/4001/2971
f 4916/329/2972 4915/4002/2522 4914/330/2522
f 4930/332/2524 4933/4003/2973 4931/3490/2524
f 4852/335/2974 4851/4004/2525 4850/336/2525
f 4946/338/2527 4949/4005/2975 4947/4006/2527
f 4962/342/2529 4965/4007/2976 4963/4008/2529
f 4660/344/2977 4659/343/2530 4658/345/2530
f 4676/347/2978 4675/4009/2979 4674/348/2533
f 4978/351/2532 4981/4010/2980 4979/4011/2532
f 4642/354/2981 4645/4012/2982 4643/3497/2534
f 4690/357/2535 4693/4013/2983 4691/4014/2535
f 4628/359/2984 4627/3502/2538 4626/360/2538
f 4996/362/2985 4995/4015/2537 4994/363/2537
f 4706/366/2539 4709/4016/2986 4707/4017/2987
f 4610/368/2544 4613/4018/2988 4611/3506/2544
f 5010/371/2541 5013/4019/2989 5011/372/2541
f 4836/1322/2990 4835/3511/2548 4834/374/2548
f 5412/377/2545 5415/4020/2991 5413/3508/2545
f 5398/380/2992 5397/4021/2546 5396/381/2546
f 5139/383/2547 5142/4022/2993 5140/4023/2994
f 5123/386/2549 5126/4024/2995 5124/4025/2549
f 5380/389/2552 5383/4026/2996 5381/3516/2552
f 5155/392/2997 5158/391/2998 5156/393/2550
f 5107/396/2553 5110/4027/2999 5108/3519/2553
f 5091/398/3000 5094/4028/3001 5092/3521/2556
f 4722/402/2551 4725/4029/3002 4723/4030/3003
f 5028/404/3004 5027/4031/2554 5026/405/2554
f 5077/407/3005 5076/3526/2559 5075/408/3006
f 4596/410/3007 4595/3525/2558 4594/411/2558
f 5173/413/3008 5172/4032/2557 5171/414/2557
f 5061/416/3009 5060/3529/2562 5059/417/3010
f 5364/420/2563 5367/4033/3011 5365/4034/3012
f 5045/422/3013 5044/4035/3014 5043/423/2564
f 5431/425/3015 5430/3533/2566 5429/426/3016
f 5637/428/2571 5640/4036/3017 5638/4037/2571
f 5187/431/2567 5190/4038/3018 5188/4039/2567
f 5655/434/3019 5654/3538/2572 5653/435/2572
f 4738/437/2569 4741/4040/3020 4739/4041/2569
f 4580/1363/3021 4579/3540/2573 4578/440/2573
f 5348/443/2574 5351/4042/3022 5349/4043/2574
f 5623/446/3023 5622/4044/2575 5621/447/2575
f 5203/3548/2577 5206/4045/3024 5204/4046/2577
f 5671/4047/3025 5670/3547/2576 5669/4048/2576
f 4818/4049/2578 4821/4050/3026 4819/3551/2578
f 5445/4051/2580 5448/4052/3027 5446/3554/2580
f 5221/4053/3028 5220/3556/2581 5219/4054/2581
f 4756/4055/3029 4755/3552/2579 4754/4056/3030
f 4564/4057/3031 4563/3558/2582 4562/4058/2582
f 5332/3563/2585 5335/4059/3032 5333/4060/2585
f 5607/4061/3033 5606/3565/2586 5605/4062/3034
f 5268/44/40 5271/4063/3035 5269/45/41
f 5235/4064/2583 5238/4065/3036 5236/3560/2583
f 5286/4066/3037 5285/4067/2588 5284/3567/2588
f 5251/3571/2590 5254/4068/3038 5252/4069/2590
f 4802/4070/2592 4805/4071/3039 4803/3574/2592
f 5685/4072/2589 5688/4073/3040 5686/3570/2589
f 4772/4074/3041 4771/4075/2593 4770/3575/2593
f 5302/4076/3042 5301/3577/2594 5300/4077/2594
f 5591/4078/3043 5590/4079/2600 5589/3584/2600
f 4786/4080/2595 4789/4081/3044 4787/1249/2595
f 5316/4082/2599 5319/4083/3045 5317/3583/2599
f 5461/4084/2596 5464/4085/3046 5462/3580/2596
f 4548/4086/3047 4547/4087/2602 4546/3586/2602
f 5477/3588/2603 5480/4088/3048 5478/4089/2603
f 5575/4090/3049 5574/3590/2604 5573/4091/3050
f 4530/4092/2606 4533/4093/3051 4531/3592/2606
f 5493/3594/2607 5496/4094/3052 5494/4095/2607
f 5559/4096/3053 5558/3596/2609 5557/4097/3054
f 4514/4098/2610 4517/4099/3055 4515/3599/2610
f 4500/4100/3056 4499/4101/2611 4498/3600/2611
f 5509/3602/2612 5512/4102/3057 5510/4103/2612
f 5543/4104/3058 5542/4105/2613 5541/3604/2613
f 5525/4106/2614 5528/4107/3059 5526/3607/2614
f 2912/3608/2615 2915/4108/3060 2913/4109/2615
f 2896/3610/2616 2899/4110/3061 2897/4111/2616
f 2880/3612/2617 2883/4112/3062 2881/4113/2617
f 2866/4114/3063 2865/3614/2619 2864/4115/2619
f 2930/4116/3064 2929/4117/2620 2928/3616/2620
f 2946/4118/3065 2945/4119/3066 2944/3618/2621
f 2962/4120/3067 2961/4121/2622 2960/3620/2622
f 2850/4122/3068 2848/4123/3069 2849/4124/3069
f 2848/4125/3069 2979/4126/3070 2849/4127/3069
f 2976/3622/2624 2978/4128/3070 2977/4129/2624
f 1201/4130/3071 1200/2720/2626 1199/4131/3072
f 1217/4132/3073 1216/2722/3074 1215/2110/2627
f 1231/4133/3075 1234/2724/3076 1232/2112/2629
f 1249/4134/3077 1248/2726/3078 1247/3626/2630
f 1006/4135/2632 1009/2728/3079 1007/2116/2632
f 992/4136/3080 991/2730/2635 990/3630/2635
f 1022/3629/2633 1025/2732/3081 1023/2118/3082
f 1038/2735/2636 1041/2734/3083 1039/2122/3084
f 1054/2125/2638 1057/2736/3085 1055/2737/2638
f 976/4137/3086 975/2128/2642 974/4138/3087
f 1072/4139/3088 1071/2740/2639 1070/3633/2639
f 1088/4140/3089 1087/2130/2643 1086/4141/2643
f 1102/4142/3090 1105/2744/3091 1103/2745/2644
f 958/4143/3092 961/2746/3093 959/2134/2645
f 1120/4144/3094 1119/2136/2646 1118/4145/2646
f 942/3638/2648 945/2750/3095 943/2751/3096
f 1136/4146/3097 1135/2138/2647 1134/4147/2647
f 928/4148/3098 927/2755/2649 926/3639/2649
f 1152/4149/3099 1151/2144/2650 1150/3640/2650
f 912/4150/3100 911/2146/2651 910/3642/2651
f 896/4151/3101 895/2760/2654 894/3646/2654
f 1166/3644/2652 1169/2762/3102 1167/2763/3103
f 880/4152/3104 879/2154/2657 878/3648/2657
f 1182/3647/2655 1185/2766/3105 1183/2767/3106
f 864/4153/3107 863/2768/3108 862/3649/2658
f 848/4154/3109 847/2770/3110 846/3650/2659
f 1393/4155/3111 1392/2161/2662 1391/4156/2662
f 1409/2774/3112 1408/2159/2660 1407/4157/2660
f 832/3652/2665 835/3362/3113 833/4158/3114
f 1375/4159/2664 1378/2778/3115 1376/2165/2664
f 1425/2781/2682 1424/2780/2663 1423/3651/2663
f 1359/2783/3116 1362/2782/3117 1360/2171/2244
f 1441/4160/3118 1440/2784/2243 1439/2170/2666
f 815/3097/2229 817/7/7 816/4161/2229
f 1345/4162/3119 1344/2787/3120 1343/3658/2668
f 1263/4163/3121 1266/2789/2696 1264/2175/2252
f 1329/4164/3122 1328/2791/2671 1327/3659/2671
f 1279/4165/3123 1282/2793/2704 1280/2179/2670
f 1313/4166/2709 1312/2185/2674 1311/4167/2674
f 1297/4168/2710 1296/2183/2672 1295/4169/2672
f 152/3663/2676 155/4170/3124 153/4171/2676
f 1585/4172/3125 1584/2801/2678 1583/3667/2678
f 1601/4173/3126 1600/2803/2679 1599/3669/2679
f 1569/4174/111 1568/2198/2681 1567/4175/2681
f 1617/2808/116 1616/2807/2682 1615/3671/2682
f 168/4176/2684 171/4177/3127 169/3673/2684
f 1551/4178/2686 1554/2811/3128 1552/2206/2686
f 1633/4179/3129 1632/2813/3130 1631/2209/2687
f 391/3677/2688 394/4180/3131 392/4181/2688
f 777/4182/3132 776/3679/2690 775/4183/2690
f 407/4184/3133 410/4185/3134 408/3681/2691
f 377/4186/3135 376/3685/2693 375/4187/2693
f 1537/4188/123 1536/2823/3136 1535/2221/2695
f 186/4189/3137 185/3683/825 184/4190/825
f 361/4191/3138 360/3689/2697 359/4192/2697
f 1455/4193/2696 1458/2829/3139 1456/2222/2696
f 759/4194/2698 762/4195/3140 760/3690/2698
f 345/4196/3141 344/3695/2700 343/4197/2700
f 423/3692/2699 426/4198/3142 424/4199/3143
f 1521/4200/127 1520/2837/2701 1519/3696/2701
f 743/4201/2703 746/4202/3144 744/3697/2703
f 327/4203/2705 330/4204/3145 328/3700/2705
f 1473/2843/3146 1472/2236/2704 1471/4205/2704
f 729/4206/3147 728/4207/2707 727/3703/2707
f 1505/4208/3148 1504/2847/2709 1503/3705/2709
f 1489/4209/3149 1488/2849/3150 1487/3706/2710
f 200/4210/2706 203/4211/3151 201/3702/2706
f 439/4212/3152 442/4213/3153 440/3708/2711
f 313/3710/2712 316/4214/3154 314/4215/2712
f 711/4216/2715 714/4217/3155 712/3715/2715
f 455/3712/2714 458/4218/3156 456/4219/3157
f 471/3716/2716 474/4220/3158 472/4221/3159
f 296/3722/2721 299/4222/3160 297/4223/2721
f 218/4224/3161 217/3719/2718 216/4225/2718
f 489/4226/3162 488/3721/2720 487/4227/2720
f 697/4228/150 696/3724/893 695/4229/893
f 505/4230/3163 504/4231/3164 503/3726/2722
f 234/4232/3165 233/4233/3166 232/3728/2724
f 280/4234/2726 283/4235/3167 281/3731/2726
f 250/4236/3168 249/4237/2727 248/3732/2727
f 266/4238/3169 265/4239/2728 264/3734/2728
f 515/3736/2730 518/4240/3170 516/4241/2730
f 681/4242/3171 680/3738/2731 679/4243/2731
f 665/4244/3172 664/3742/2734 663/4245/3173
f 537/4246/3174 536/3744/2736 535/4247/2736
f 649/4248/3175 648/3746/2737 647/4249/2737
f 631/4250/2741 634/4251/3176 632/3751/2741
f 553/4252/3177 552/4253/2739 551/3748/2739
f 567/3752/2742 570/4254/3178 568/4255/2742
f 615/3754/2743 618/4256/3179 616/4257/2743
f 585/4258/3180 584/4259/3181 583/3756/2744
f 599/3758/2745 602/4260/3182 600/4261/2745
f 2049/4262/3183 2048/2903/2747 2047/4263/2747
f 2033/4264/3184 2032/2905/2748 2031/3760/2748
f 2065/4265/3185 2064/2907/2749 2063/3761/2749
f 2015/4266/2750 2018/2909/1892 2016/2309/2750
f 2079/4267/3186 2082/3489/3187 2080/2311/2751
f 2095/3764/2753 2098/2913/3188 2096/2914/2753
f 2001/4268/3189 2000/2915/2754 1999/3766/2754
f 2111/4269/2755 2114/2917/3190 2112/2317/2755
f 2129/4270/3191 2128/2319/3192 2127/3768/2757
f 1807/2324/2759 1810/2921/3193 1808/2922/3194
f 1825/4271/3195 1824/2923/2758 1823/4272/2758
f 1793/4273/2788 1792/2926/3196 1791/3771/2761
f 1839/4274/2763 1842/2927/3197 1840/2327/2763
f 2145/2930/3198 2144/2929/2764 2143/3772/2764
f 1777/4275/3199 1776/2931/3200 1775/3774/2765
f 1857/4276/3201 1856/2333/2766 1855/4277/3202
f 2161/4278/3203 2160/2335/2768 2159/4279/2768
f 2563/4280/3204 2562/2337/2769 2561/4281/2769
f 1761/4282/3205 1760/2939/3206 1759/3776/2770
f 2547/4283/3207 2546/2941/2771 2545/3778/2771
f 2290/4284/3208 2289/2347/2774 2288/4285/2774
f 1873/4286/3209 1872/2343/2772 1871/4287/3210
f 2304/2948/3211 2307/2947/3212 2305/2349/2775
f 2274/4288/3213 2273/2351/2777 2272/4289/2777
f 2258/4290/3214 2257/2353/2779 2256/4291/2779
f 2177/4292/3215 2176/2345/2773 2175/3780/2773
f 2529/4293/2780 2532/2955/3216 2530/2355/2780
f 2242/4294/3217 2241/2359/2783 2240/2958/2783
f 2322/2960/3218 2321/2959/2781 2320/3784/2781
f 1985/4295/3219 1984/2962/2790 1983/3790/2790
f 2224/4296/3220 2227/2963/3221 2225/2361/2784
f 2580/4297/3222 2579/2965/2786 2578/3787/2786
f 2210/4298/3223 2209/2367/2788 2208/4299/3224
f 1745/4300/3225 1744/2969/2787 1743/3788/2787
f 2194/4301/3226 2193/18/16 2192/17/15
f 2515/4302/3227 2514/2973/2794 2513/4303/2794
f 2336/3792/2791 2339/2975/3228 2337/2976/3229
f 1889/4304/3230 1888/2977/2792 1887/4305/851
f 2804/4306/3231 2803/2379/2795 2802/4307/2795
f 2786/4308/2797 2789/2981/3232 2787/2982/2797
f 2820/4309/3233 2819/4310/2798 2818/3794/2798
f 1729/4311/3234 1728/4312/2800 1727/3795/2800
f 2352/2386/2799 2355/4313/3235 2353/4314/2799
f 2499/4315/3236 2498/3800/2803 2497/4316/2803
f 2772/4317/3237 2771/4318/2802 2770/3797/2802
f 1903/4319/2804 1906/4320/3238 1904/3801/2804
f 2596/4321/3239 2595/4322/2805 2594/3803/2805
f 2368/3805/2807 2371/4323/3240 2369/4324/2807
f 1969/4325/3241 1968/4326/2808 1967/3807/2808
f 2384/3811/2810 2387/4327/3242 2385/4328/2810
f 2416/3815/2813 2419/4329/3243 2417/4330/2813
f 1711/3813/2812 1714/4331/3244 1712/4332/2812
f 2836/4333/3245 2835/4334/2809 2834/3809/2809
f 2754/4335/3246 2757/4336/3247 2755/3818/2816
f 2435/4337/3248 2434/4338/2817 2433/3819/2817
f 2481/4339/3249 2484/4340/3250 2482/3824/2819
f 2402/4341/3251 2401/4342/2818 2400/3821/2818
f 2612/4343/3252 2611/3827/2821 2610/4344/2821
f 1919/4345/3253 1922/4346/3254 1920/3826/2820
f 2449/4347/2822 2452/4348/3255 2450/3829/2822
f 1953/4349/3256 1952/4350/2823 1951/3831/2823
f 1937/4351/3257 1936/3834/2825 1935/4352/3258
f 2467/4353/3259 2466/3836/2826 2465/4354/2826
f 2738/3837/2827 2741/4355/3260 2739/4356/2827
f 1697/4357/3261 1696/4358/2829 1695/3839/2829
f 2628/4359/3262 2627/3842/2830 2626/4360/3263
f 2722/4361/2831 2725/4362/3264 2723/3844/2831
f 1679/4363/3265 1682/4364/3266 1680/3846/2832
f 2644/4365/3267 2643/4366/2833 2642/3847/2833
f 1647/3849/2835 1650/4367/3268 1648/4368/3269
f 2706/3851/2836 2709/4369/3270 2707/4370/2836
f 1665/4371/3271 1664/3854/2837 1663/4372/2837
f 2660/4373/3272 2659/4374/3273 2658/3855/2838
f 2692/4375/3274 2691/4376/3275 2690/3859/2841
f 2676/4377/3276 2675/4378/2840 2674/3857/2840
f 61/3861/2842 64/4379/3277 62/4380/2842
f 45/4381/2843 48/4382/3278 46/3863/2843
f 29/3865/2845 32/4383/3279 30/4384/2845
f 13/3867/2846 16/4385/3280 14/4386/2846
f 79/4387/3281 78/3869/2848 77/4388/2848
f 95/4389/3282 94/4390/2849 93/3871/2849
f 111/4391/3283 110/3874/2850 109/4392/2850
f 125/4393/2852 128/4394/3284 126/3876/2852
f 4054/1096/3285 4053/4395/2853 4052/50/2853
f 4036/1098/2855 4039/4396/3286 4037/3877/2855
f 4068/56/2856 4071/4397/1576 4069/4398/2856
f 4084/1102/2858 4087/1101/3287 4085/3879/2858
f 3843/1104/3288 3846/4399/3289 3844/3880/2859
f 3859/65/2861 3862/4400/3290 3860/4401/3291
f 3877/1815/3292 3876/4402/3293 3875/68/2863
f 3891/71/2865 3894/4403/3294 3892/4404/2865
f 3827/1112/3295 3830/4405/3296 3828/3883/2867
f 3907/77/2868 3910/4406/3297 3908/4407/3298
f 3923/80/2869 3926/4408/3299 3924/4409/2869
f 3939/83/2871 3942/1117/3300 3940/4410/2871
f 3813/1120/3301 3812/4411/2872 3811/86/2872
f 3955/89/2873 3958/4412/3302 3956/4413/3303
f 3973/1827/3304 3972/4414/2874 3971/1124/2874
f 3795/1126/2875 3798/4415/3305 3796/3888/2875
f 3779/1128/2876 3782/4416/3306 3780/4417/2876
f 3987/1130/3307 3990/4418/3308 3988/3890/2877
f 3763/1132/2878 3766/4419/3309 3764/3891/2878
f 4003/107/2879 4006/4420/3310 4004/4421/2879
f 3747/1136/2881 3750/4422/3311 3748/3892/2881
f 4019/1138/2882 4022/4423/3312 4020/4424/3313
f 3731/1140/2884 3734/1139/3314 3732/4425/2884
f 3715/1142/3315 3718/4426/3316 3716/118/2885
f 3701/1143/3317 3700/4427/2886 3699/1144/2886
f 3687/1841/3318 3686/3894/2887 3685/1146/2887
f 4244/125/2455 4247/4428/2906 4245/4429/2455
f 4262/1150/2907 4261/4430/2456 4260/131/2888
f 4230/1152/3319 4229/4431/3320 4228/134/2890
f 4276/1154/2460 4279/4432/3321 4277/3895/2892
f 4214/1156/3322 4213/4433/2893 4212/140/2893
f 3669/3897/2894 3672/4434/3323 3670/4435/2894
f 4101/1160/3324 4290/1159/2445 4100/1161/3325
f 4100/1161/3325 4103/4436/3326 4101/1160/3324
f 4196/1164/3327 4199/4437/2918 4197/3899/2897
f 4118/1166/3328 4117/4438/2474 4116/149/2898
f 4180/1168/3329 4183/1167/3330 4181/3901/2899
f 2989/3373/2447 2992/4439/3331 2990/4440/2447
f 4134/1173/2934 4133/4441/3332 4132/155/2900
f 3656/4442/2904 3659/4443/3333 3657/3903/2904
f 4166/1177/3334 4165/4444/2484 4164/158/2902
f 4148/161/2485 4151/4445/2938 4149/4446/2485
f 3646/4447/2454 3649/4448/3335 3647/3387/2454
f 3007/4449/3336 3006/3905/2905 3005/4450/2905
f 4438/1185/484 4437/3907/2906 4436/1186/2906
f 4420/176/2909 4423/1187/488 4421/4451/2909
f 4452/173/2907 4455/4452/3337 4453/4453/3338
f 4406/1192/3339 4405/4454/2913 4404/182/2913
f 4468/1194/2912 4471/4455/501 4469/3912/2912
f 3628/4456/3340 3631/4457/3341 3629/3916/2915
f 3023/4458/3342 3022/4459/2914 3021/3914/2914
f 4390/1199/2440 4389/193/2918 4388/1200/2918
f 4293/4460/3343 4482/1201/2463 4292/1203/3343
f 3244/4461/2917 3247/4462/3344 3245/3918/2917
f 4294/1206/2406 4293/4460/3343 4292/1203/3343
f 3230/4463/3345 3229/3920/2919 3228/4464/2919
f 3262/4465/3346 3261/3923/2921 3260/4466/3347
f 3214/4467/3348 3213/3924/2922 3212/4468/3349
f 3612/4469/1606 3615/4470/3350 3613/3926/1606
f 3198/4471/3351 3197/3931/2926 3196/4472/2926
f 3037/3928/2924 3040/4473/3352 3038/4474/3353
f 4372/1220/3354 4375/4475/3355 4373/3932/2930
f 4310/1222/512 4309/4476/3356 4308/215/2927
f 3598/4477/3357 3597/4478/2931 3596/3933/2931
f 3182/4479/3358 3181/4480/2932 3180/3935/2932
f 3276/3937/2933 3279/4481/3359 3277/4482/3360
f 3582/4483/3361 3581/3940/2936 3580/4484/2936
f 4356/236/2937 4359/4485/3362 4357/4486/2937
f 4324/230/2934 4327/4487/3363 4325/4488/2934
f 3168/4489/3364 3167/4490/3365 3166/3945/2939
f 4342/1237/519 4341/3943/2938 4340/1238/2938
f 3566/4491/3366 3565/4492/2941 3564/3949/2941
f 3294/4493/3367 3293/3948/2940 3292/4494/3368
f 3055/4495/3369 3054/4496/2942 3053/3951/2942
f 3151/28/26 3150/3956/2945 3149/4497/2945
f 3308/3953/2943 3311/4498/3370 3309/4499/2943
f 3550/4500/3371 3549/4501/2947 3548/3959/2947
f 3326/4502/3372 3325/4503/3373 3324/3957/2946
f 3342/4504/3374 3341/3961/2948 3340/4505/2948
f 3069/3963/2949 3072/4506/3375 3070/4507/3376
f 3133/4508/2951 3136/4509/3377 3134/3968/2951
f 3534/4510/3378 3533/3971/2954 3532/4511/3379
f 3356/4512/3380 3359/4513/3381 3357/3966/2950
f 3087/4514/3382 3086/4515/2952 3085/3969/2952
f 3119/4516/3383 3118/4517/2956 3117/3975/2956
f 3103/4518/3384 3102/3974/2955 3101/4519/3385
f 3366/4520/3386 3369/4521/3387 3367/3462/2504
f 3518/4522/3388 3517/3977/2957 3516/4523/3389
f 3378/4524/3390 3377/4525/3391 3376/3979/2959
f 3502/4526/3392 3501/3981/2960 3500/4527/3393
f 3390/4528/3394 3389/4529/2961 3388/3983/2961
f 3486/4530/3395 3485/3985/2962 3484/4531/2962
f 3404/3987/2963 3407/4532/3396 3405/4533/2963
f 3470/4534/3397 3469/4535/2964 3468/3989/2964
f 3422/4536/3398 3421/3992/2965 3420/4537/2965
f 3452/3993/2966 3455/4538/3399 3453/4539/2966
f 3436/4540/2967 3439/4541/3400 3437/3996/2967
f 4886/1291/3401 4885/3997/2968 4884/1292/3402
f 4900/323/2969 4903/4542/3403 4901/3998/2969
f 4870/1295/3404 4869/4000/2970 4868/1296/2970
f 4918/1298/3405 4917/4543/2972 4916/329/2972
f 4854/1300/3406 4853/4544/2974 4852/335/2974
f 4934/1974/3407 4933/4003/2973 4932/1302/2973
f 4950/1303/3408 4949/4005/2975 4948/1304/2975
f 4966/1306/3409 4965/4007/2976 4964/341/2976
f 4660/344/2977 4663/4545/3410 4661/1308/3411
f 4644/353/2982 4647/1309/3412 4645/4012/2982
f 4676/347/2978 4679/4546/3413 4677/4547/3414
f 4980/350/2980 4983/1983/3415 4981/4010/2980
f 4628/359/2984 4631/4548/3416 4629/1316/2984
f 4694/1318/3417 4693/4013/2983 4692/356/3418
f 4996/362/2985 4999/4549/3419 4997/4550/2985
f 4836/1322/2990 4839/4551/3420 4837/373/2990
f 4612/1324/2988 4615/4552/3421 4613/4018/2988
f 4710/1326/3422 4709/4016/2986 4708/365/3423
f 5012/1328/2989 5015/4553/3424 5013/4019/2989
f 5416/22/42 5415/4020/2991 5414/1329/2991
f 5400/1331/3425 5399/4554/2992 5398/380/2992
f 5384/1332/3426 5383/4026/2996 5382/1333/2996
f 5143/1334/3427 5142/4022/2993 5141/1335/2993
f 5125/1337/2995 5128/4555/3428 5126/4024/2995
f 5159/1338/3429 5158/391/2998 5157/1339/3430
f 5111/1341/3431 5110/4027/2999 5109/395/3432
f 4596/410/3007 4599/4556/3433 4597/4557/3007
f 5093/1345/3434 5096/4558/3435 5094/4028/3001
f 4726/1347/3436 4725/4029/3002 4724/401/3002
f 5077/407/3005 5080/4559/3437 5078/4560/3005
f 5028/404/3004 5031/4561/3438 5029/4562/3004
f 5173/413/3008 5176/4563/3439 5174/4564/3008
f 5063/1355/3440 5062/1354/3441 5061/416/3009
f 5368/1357/3442 5367/4033/3011 5366/419/3011
f 5045/422/3013 5048/4565/3443 5046/1359/3013
f 5639/1361/3444 5642/4566/3445 5640/4036/3017
f 4580/1363/3021 4583/4567/3446 4581/4568/3021
f 5189/1365/3447 5192/4569/3448 5190/4038/3018
f 5657/1367/3449 5656/4570/3019 5655/434/3019
f 4740/1369/3020 4743/4571/3450 4741/4040/3020
f 5431/425/3015 5434/4572/3451 5432/4573/3452
f 5352/1372/3453 5351/4042/3022 5350/1373/3022
f 5625/1375/3454 5624/4574/3023 5623/446/3023
f 4820/4575/3026 4823/4576/3455 4821/4050/3026
f 5207/4577/3456 5206/4045/3024 5205/4578/3024
f 5671/4047/3025 5674/4579/3457 5672/4580/3025
f 4564/4057/3031 4567/4581/3458 4565/4582/3459
f 5336/4583/3460 5335/4059/3032 5334/4584/3032
f 5609/4585/3461 5608/4586/3033 5607/4061/3033
f 5221/4053/3028 5224/4587/3462 5222/4588/3463
f 4758/4589/3464 4757/4590/3029 4756/4055/3029
f 5449/4591/3465 5448/4052/3027 5447/4592/3466
f 5272/4593/3467 5271/4063/3035 5270/4594/3035
f 5237/4595/3468 5240/4596/3469 5238/4065/3036
f 5286/4066/3037 5289/4597/3470 5287/4598/3471
f 5255/4599/3472 5254/4068/3038 5253/4600/3473
f 4804/4601/3039 4807/4602/3474 4805/4071/3039
f 5591/4078/3043 5594/4603/3475 5592/4604/3043
f 4774/4605/3476 4773/4606/3041 4772/4074/3041
f 5318/4607/3045 5321/4608/3477 5319/4083/3045
f 5302/4076/3042 5305/4609/3478 5303/4610/3042
f 4788/4611/3044 4791/4612/3479 4789/4081/3044
f 5687/4613/3040 5690/4614/3480 5688/4073/3040
f 4550/4615/3481 4549/4616/3047 4548/4086/3047
f 5463/4617/3046 5466/4618/3482 5464/4085/3046
f 4485/1420/3483 5693/4619/779 4484/4127/3483
f 5575/4090/3049 5578/4620/3484 5576/4621/3485
f 4532/4622/3051 4535/4623/3486 4533/4093/3051
f 4484/4124/3483 4487/4624/3487 4485/4625/3483
f 5481/4626/3488 5480/4088/3048 5479/4627/3489
f 5561/4628/3490 5560/4629/3053 5559/4096/3053
f 5497/4630/3491 5496/4094/3052 5495/4631/3052
f 4518/4632/3492 4517/4099/3055 4516/4633/3055
f 4500/4100/3056 4503/4634/3493 4501/4635/3056
f 5513/4636/3494 5512/4102/3057 5511/4637/3495
f 5543/4104/3058 5546/4638/3496 5544/4639/3058
f 5529/4640/3497 5528/4107/3059 5527/4641/3059
f 2900/4642/3498 2899/4110/3061 2898/4643/3061
f 2916/4644/3499 2915/4108/3060 2914/4645/3500
f 2884/4494/3501 2883/4112/3062 2882/4646/3062
f 2868/4647/3502 2867/4648/3063 2866/4114/3063
f 2852/4649/3503 2851/4650/3068 2850/4122/3068
f 2930/4116/3064 2933/4651/3504 2931/4652/3505
f 2946/4118/3065 2949/4653/3506 2947/4654/3065
f 2962/4120/3067 2965/4655/3507 2963/4656/3508
f 1201/4130/3071 1203/51/45 1202/3314/3071
f 1220/55/49 1218/3315/3509 1217/4132/3073
f 1236/60/53 1234/2724/3076 1233/4657/3076
f 1249/4134/3077 1251/3319/1285 1250/3320/3077
f 1011/64/57 1009/2728/3079 1008/4658/3079
f 992/4136/3080 994/62/55 993/3323/3510
f 1027/67/60 1025/2732/3081 1024/4659/3511
f 1043/70/62 1041/2734/3083 1040/4660/3512
f 1059/76/67 1057/2736/3085 1056/4661/3085
f 976/4137/3086 978/74/66 977/2738/3086
f 1075/79/69 1073/3330/3513 1072/4139/3088
f 1091/82/72 1089/3331/3089 1088/4140/3089
f 1104/4662/3091 1106/90/76 1105/2744/3091
f 963/85/74 961/2746/3093 960/4663/3514
f 1120/4144/3094 1122/92/79 1121/3335/3515
f 944/4664/3095 946/95/82 945/2750/3095
f 1139/102/88 1137/3338/3097 1136/4146/3097
f 931/99/85 929/2754/3098 928/4148/3098
f 915/105/90 913/3342/3100 912/4150/3100
f 1155/106/91 1153/2756/3516 1152/4149/3099
f 899/111/94 897/3346/3101 896/4151/3101
f 1171/114/97 1169/2762/3102 1168/4665/3102
f 883/117/99 881/3350/3104 880/4152/3104
f 1184/4666/3517 1187/3352/3518 1185/2766/3105
f 864/4153/3107 866/119/101 865/3354/3519
f 851/123/103 849/3355/3109 848/4154/3109
f 1396/124/104 1394/3357/2678 1393/4155/3111
f 1412/130/108 1410/3359/2679 1409/2774/3112
f 834/4667/3113 836/128/107 835/3362/3113
f 1380/133/111 1378/2778/3115 1377/4668/3115
f 1425/2781/2682 1427/137/115 1426/3365/2682
f 1361/4669/3520 1363/141/117 1362/2782/3117
f 821/142/119 819/9/9 818/8/8
f 1444/4670/861 1442/3368/3118 1441/4160/3118
f 1348/147/123 1346/3370/3119 1345/4162/3119
f 1265/4671/2696 1267/150/124 1266/2789/2696
f 143/1171/870 141/3655/2667 140/4672/2667
f 1329/4164/3122 1331/152/127 1330/3375/2701
f 1284/154/128 1282/2793/2704 1281/4673/2704
f 1316/157/131 1314/3378/2709 1313/4166/2709
f 1300/160/134 1298/3380/3150 1297/4168/2710
f 805/4674/2675 807/164/137 806/3662/2675
f 154/4675/3124 156/168/138 155/4170/3124
f 800/1182/875 798/4676/2677 797/3665/2677
f 1585/4172/3125 1587/170/105 1586/3388/3125
f 1601/4173/3126 1603/174/109 1602/3389/3521
f 1569/4174/111 1571/177/112 1570/3390/113
f 789/4677/2685 791/1874/1332 790/3674/2685
f 1620/180/146 1618/3391/116 1617/2808/116
f 1553/4678/117 1555/183/118 1554/2811/3128
f 170/4679/3127 172/186/148 171/4177/3127
f 1636/4680/886 1634/3396/3129 1633/4179/3129
f 777/4182/3132 779/188/151 778/4681/3522
f 393/4682/3523 395/191/154 394/4180/3131
f 412/201/161 410/4185/3134 409/4683/3134
f 377/4186/3135 379/197/158 378/4684/3135
f 1540/195/156 1538/3406/123 1537/4188/123
f 364/204/163 362/4685/3138 361/4191/3138
f 189/208/167 187/4686/3137 186/4189/3137
f 761/4687/3140 763/206/165 762/4195/3140
f 1460/214/172 1458/2829/3139 1457/3415/124
f 348/213/171 346/4688/3524 345/4196/3141
f 428/226/180 426/4198/3142 425/4689/3142
f 1524/219/175 1522/3420/3525 1521/4200/127
f 745/4690/3144 747/222/176 746/4202/3144
f 332/223/178 330/4204/3145 329/4691/3145
f 1473/2843/3146 1475/231/184 1474/3425/3526
f 729/4206/3147 731/233/186 730/4692/3147
f 1505/4208/3148 1507/237/187 1506/3428/3148
f 1489/4209/3149 1491/239/135 1490/3429/3149
f 318/241/190 316/4214/3154 315/4693/3154
f 202/4694/3151 204/252/196 203/4211/3151
f 444/246/193 442/4213/3153 441/4695/3153
f 713/4696/3155 715/249/194 714/4217/3155
f 460/253/198 458/4218/3156 457/4697/3156
f 301/258/202 299/4222/3160 298/4698/3160
f 476/259/203 474/4220/3158 473/4699/3158
f 697/4228/150 699/263/206 698/4700/150
f 489/4226/3162 491/266/208 490/4701/3162
f 218/4224/3161 220/270/209 219/4702/3161
f 508/273/212 506/4703/3163 505/4230/3163
f 282/4704/3167 284/276/213 283/4235/3167
f 234/4232/3165 236/279/215 235/4705/3527
f 681/4242/3171 683/281/218 682/4706/3528
f 253/285/220 251/4707/3168 250/4236/3168
f 269/286/221 267/4708/3529 266/4238/3169
f 520/1270/934 518/4240/3170 517/4709/3530
f 665/4244/3172 667/290/224 666/4710/3172
f 528/292/226 526/3740/2733 525/4711/2733
f 649/4248/3175 651/297/228 650/4712/3531
f 540/298/230 538/4713/3174 537/4246/3174
f 633/4714/3176 635/302/233 634/4251/3176
f 556/304/234 554/4715/3532 553/4252/3177
f 620/307/236 618/4256/3179 617/4716/3179
f 572/310/238 570/4254/3178 569/4717/3178
f 588/318/243 586/4718/3533 585/4258/3180
f 604/313/240 602/4260/3182 601/4719/3182
f 2036/321/245 2034/3484/3184 2033/4264/3184
f 2049/4262/3183 2051/324/246 2050/3486/3183
f 2017/3487/1892 2019/326/249 2018/2909/1892
f 2065/4265/3185 2067/330/251 2066/3488/3185
f 2084/333/254 2082/3489/3187 2081/4720/3187
f 2001/4268/3189 2003/336/255 2002/3491/3189
f 2100/339/258 2098/2913/3188 2097/4721/3534
f 2113/4722/3190 2115/342/259 2114/2917/3190
f 1812/343/261 1810/2921/3193 1809/4723/3535
f 2129/4270/3191 2131/351/266 2130/3495/3191
f 1825/4271/3195 1827/348/265 1826/3496/3536
f 1796/352/268 1794/2925/3537 1793/4273/2788
f 1841/4724/3197 1843/357/271 1842/2927/3197
f 2145/2930/3198 2147/363/275 2146/3500/3198
f 1780/358/273 1778/3501/3538 1777/4275/3199
f 1857/4276/3201 1859/366/277 1858/2933/3539
f 2161/4278/3203 2163/371/283 2162/3504/3203
f 1764/369/281 1762/3505/3205 1761/4282/3205
f 2566/378/287 2564/3507/3204 2563/4280/3204
f 2547/4283/3207 2549/381/288 2548/3509/3207
f 2290/4284/3208 2292/383/291 2291/3510/3208
f 1988/375/285 1986/2961/3219 1985/4295/3219
f 2274/4288/3213 2276/386/294 2275/3513/3213
f 2309/393/298 2307/2947/3212 2306/4725/3212
f 1873/4286/3209 1875/402/306 1874/2945/3209
f 2534/390/296 2532/2955/3216 2531/4726/3216
f 2261/394/299 2259/3518/3214 2258/4290/3214
f 2177/4292/3215 2179/405/307 2178/3520/3540
f 2245/399/303 2243/2957/3217 2242/4294/3217
f 2322/2960/3218 2324/414/314 2323/3523/3218
f 1748/409/312 1746/3524/3541 1745/4300/3225
f 2229/406/309 2227/2963/3221 2226/4727/3542
f 2213/415/316 2211/3528/3543 2210/4298/3223
f 2515/4302/3227 2517/420/319 2516/3530/3227
f 2194/4301/3226 2196/423/323 2195/3531/3544
f 2580/4297/3222 2582/426/324 2581/3532/3222
f 2338/4728/3545 2340/431/329 2339/2975/3228
f 1889/4304/3230 1891/437/333 1890/3535/3546
f 2788/4729/3232 2790/428/327 2789/2981/3232
f 2807/433/330 2805/3537/3231 2804/4306/3231
f 1732/441/336 1730/3539/3234 1729/4311/3234
f 2499/4315/3236 2501/443/338 2500/4730/3236
f 2772/4317/3237 2774/447/339 2773/4731/3237
f 2823/453/344 2821/4732/3233 2820/4309/3233
f 2354/4733/3235 2356/449/342 2355/4313/3235
f 1972/456/346 1970/4734/3241 1969/4325/3241
f 1908/463/352 1906/4320/3238 1905/4735/3238
f 2596/4321/3239 2598/459/349 2597/4736/3239
f 2373/460/350 2371/4323/3240 2370/4737/3240
f 1713/4738/3244 1715/467/356 1714/4331/3244
f 2389/480/364 2387/4327/3242 2386/4739/3547
f 2418/4740/3243 2421/4741/18 2419/4329/3243
f 2483/4742/3250 2485/471/357 2484/4340/3250
f 2759/472/359 2757/4336/3247 2756/4743/3548
f 2438/483/366 2436/4744/3248 2435/4337/3248
f 2839/492/372 2837/4745/3245 2836/4333/3245
f 2402/4341/3251 2404/485/368 2403/4746/3251
f 1956/489/370 1954/4747/3549 1953/4349/3256
f 1921/4748/3254 1923/495/373 1922/4346/3254
f 2454/496/375 2452/4348/3255 2451/4749/3255
f 1940/504/380 1938/4750/3257 1937/4351/3257
f 2615/510/384 2613/4751/3252 2612/4343/3252
f 2470/507/382 2468/4752/3550 2467/4353/3259
f 2743/499/377 2741/4355/3260 2740/4753/3551
f 1697/4357/3261 1699/513/385 1698/4754/3261
f 2628/4359/3262 2630/515/388 2629/4755/3530
f 2727/517/389 2725/4362/3264 2724/4756/3552
f 1684/522/393 1682/4364/3266 1681/4757/3553
f 2644/4365/3267 2646/524/395 2645/4758/3554
f 2711/526/396 2709/4369/3270 2708/4759/3270
f 1665/4371/3271 1667/530/399 1666/4760/3271
f 1649/4761/3268 1651/534/400 1650/4367/3268
f 2660/4373/3272 2662/536/403 2661/4762/3272
f 2692/4375/3274 2694/540/404 2693/4763/3274
f 2679/543/407 2677/4764/3276 2676/4377/3276
f 63/4765/3277 65/545/409 64/4379/3277
f 47/4766/3555 49/548/411 48/4382/3278
f 31/4767/3556 33/551/413 32/4383/3279
f 18/553/414 16/4385/3280 15/4768/3280
f 79/4387/3281 81/558/416 80/4769/3281
f 95/4389/3282 97/561/420 96/4770/3282
f 111/4391/3283 113/564/421 112/4771/3557
f 127/4772/3284 129/572/426 128/4394/3284
f 4054/1096/3285 4056/577/431 4055/4773/3285
f 4041/573/427 4039/4396/3286 4038/1806/3286
f 4073/581/434 4071/4397/1576 4070/1807/1576
f 4086/1809/3558 4088/583/436 4087/1101/3287
f 4099/4774/3559 2980/1810/3560 2981/4775/3560
f 2984/1/25 2981/4775/3560 2980/1810/3560
f 3848/587/438 3846/4399/3289 3845/1813/3289
f 3864/590/441 3862/4400/3290 3861/1814/3561
f 3880/593/444 3878/4776/3292 3877/1815/3292
f 3829/1816/3296 3831/595/446 3830/4405/3296
f 3893/1818/3562 3895/598/448 3894/4403/3294
f 3912/602/450 3910/4406/3297 3909/1819/3297
f 3928/603/451 3926/4408/3299 3925/1820/3299
f 3816/606/453 3814/4777/3301 3813/1120/3301
f 3941/1822/3300 3943/610/456 3942/1117/3300
f 3960/614/458 3958/4412/3302 3957/1823/3302
f 3797/1825/3305 3799/617/461 3798/4415/3305
f 3973/1827/3304 3975/620/462 3974/4778/3563
f 3784/623/465 3782/4416/3306 3781/1127/3306
f 3992/624/466 3990/4418/3308 3989/1829/3308
f 3768/627/468 3766/4419/3309 3765/1831/3309
f 4008/633/472 4006/4420/3310 4005/1832/3564
f 3749/1833/3311 3751/631/471 3750/4422/3311
f 3733/1835/3314 3735/638/474 3734/1139/3314
f 4024/639/476 4022/4423/3312 4021/1836/3565
f 3717/1838/3316 3719/643/480 3718/4426/3316
f 3701/1143/3317 3703/647/481 3702/4779/3566
f 3690/10/32 3688/4780/3318 3687/1841/3318
f 4249/650/484 4247/4428/2906 4246/1842/2906
f 4230/1152/3319 4232/655/488 4231/4781/3319
f 4262/1150/2907 4264/658/491 4263/1846/2907
f 4217/661/494 4215/4782/3322 4214/1156/3322
f 4278/1849/3321 4280/668/501 4279/4432/3321
f 3671/4783/3323 3673/663/496 3672/4434/3323
f 4201/671/504 4199/4437/2918 4198/1852/2918
f 4105/674/507 4103/4436/3326 4102/1853/3567
f 4182/1854/3330 4184/677/508 4183/1167/3330
f 4121/680/512 4119/4784/3328 4118/1166/3328
f 3658/4785/3333 3660/1528/1103 3659/4443/3333
f 4166/1177/3334 4168/683/515 4167/4786/3334
f 4134/1173/2934 4136/686/518 4135/4787/2934
f 2991/4788/3331 2993/691/522 2992/4439/3331
f 4153/687/519 4151/4445/2938 4150/1863/2938
f 3651/2189/1557 3649/4448/3335 3648/4789/3335
f 4438/1185/484 4440/694/524 4439/4790/484
f 3010/699/528 3008/4791/3336 3007/4449/3336
f 4422/1869/488 4424/697/526 4423/1187/488
f 4454/1871/3568 4456/703/531 4455/4452/3337
f 3641/1547/1115 3639/3911/2911 3638/4792/2911
f 4409/707/492 4407/4793/3569 4406/1192/3339
f 4473/708/534 4471/4455/501 4470/1876/501
f 3630/4794/3341 3632/713/536 3631/4457/3341
f 4393/716/539 4391/4795/2440 4390/1199/2440
f 3023/4458/3342 3025/724/546 3024/4796/3342
f 3249/719/541 3247/4462/3344 3246/4797/3344
f 3230/4463/3345 3232/722/544 3231/4798/3345
f 4297/731/550 4295/4799/2406 4294/1206/2406
f 3214/4467/3348 3216/733/552 3215/4800/3348
f 3617/728/548 3615/4470/3350 3614/4801/3570
f 3265/737/555 3263/4802/3346 3262/4465/3346
f 3198/4471/3351 3200/740/556 3199/4803/3351
f 4374/1895/3355 4376/743/509 4375/4475/3355
f 3042/752/566 3040/4473/3352 3039/4804/3571
f 3601/746/561 3599/4805/3357 3598/4477/3357
f 3182/4479/3358 3184/748/563 3183/4806/3358
f 4313/755/568 4311/4807/512 4310/1222/512
f 3278/4808/3359 3280/764/573 3279/4481/3359
f 3582/4483/3361 3584/757/570 3583/4809/3361
f 4358/1908/3572 4360/760/514 4359/4485/3362
f 4326/1910/516 4328/769/578 4327/4487/3363
f 3168/4489/3364 3170/766/576 3169/4810/3364
f 4342/1237/519 4344/775/582 4343/1914/519
f 3569/773/580 3567/4811/3366 3566/4491/3366
f 3297/779/584 3295/4812/3573 3294/4493/3367
f 3058/791/593 3056/4813/3369 3055/4495/3369
f 3152/29/27 3154/782/587 3153/30/28
f 3313/786/590 3311/4498/3370 3310/4814/3370
f 3553/785/589 3551/4815/3371 3550/4500/3371
f 3329/792/594 3327/4816/3574 3326/4502/3372
f 3345/795/596 3343/4817/3575 3342/4504/3374
f 3071/4818/3375 3073/805/605 3072/4506/3375
f 3138/798/599 3136/4509/3377 3135/4819/3576
f 3537/803/603 3535/4820/3378 3534/4510/3378
f 3358/4821/3577 3360/2278/1616 3359/4513/3381
f 3087/4514/3382 3089/812/610 3088/4822/3382
f 3119/4516/3383 3121/809/606 3120/4823/3383
f 3103/4518/3384 3105/815/613 3104/4824/3578
f 3368/4825/3387 3370/2282/1621 3369/4521/3387
f 3518/4522/3388 3520/817/615 3519/4826/3388
f 3378/4524/3390 3380/2287/1624 3379/4827/3579
f 3502/4526/3392 3504/820/617 3503/4828/3392
f 3486/4530/3395 3488/823/620 3487/4829/3580
f 3393/827/623 3391/4830/3394 3390/4528/3394
f 3473/830/625 3471/4831/3581 3470/4534/3397
f 3406/4832/3582 3408/833/626 3407/4532/3396
f 3425/837/630 3423/4833/3583 3422/4536/3398
f 3457/834/628 3455/4538/3399 3454/4834/3399
f 3441/840/633 3439/4541/3400 3438/4835/3584
f 4886/1291/3401 4888/845/636 4887/4836/3401
f 4902/1967/3403 4904/851/643 4903/4542/3403
f 4873/848/640 4871/4837/3404 4870/1295/3404
f 4921/852/644 4919/4838/3405 4918/1298/3405
f 4854/1300/3406 4856/857/646 4855/4839/3585
f 4937/860/649 4935/4840/3407 4934/1974/3407
f 4950/1303/3408 4952/862/651 4951/4841/3408
f 4969/866/653 4967/4842/3409 4966/1306/3409
f 4662/1979/3410 4664/869/654 4663/4545/3410
f 4649/870/656 4647/1309/3412 4646/1980/3586
f 4681/875/659 4679/4546/3413 4678/1981/3587
f 4985/881/663 4983/1983/3415 4982/1314/3415
f 4630/1984/3588 4632/884/664 4631/4548/3416
f 4841/878/661 4839/4551/3420 4838/1986/3420
f 4697/887/667 4695/4843/3417 4694/1318/3417
f 4998/1320/3419 5000/890/668 4999/4549/3419
f 4617/891/670 4615/4552/3421 4614/1989/3589
f 4710/1326/3422 4712/895/673 4711/4844/3590
f 5417/24/43 5419/923/693 5418/4845/44
f 5400/1331/3425 5402/899/674 5401/1994/3425
f 5014/1327/3424 5016/902/678 5015/4553/3424
f 5387/903/679 5385/4846/3426 5384/1332/3426
f 5143/1334/3427 5145/910/684 5144/4847/3427
f 5127/2001/3428 5129/914/687 5128/4555/3428
f 5111/1341/3431 5113/916/689 5112/4848/3431
f 5162/918/691 5160/4849/3429 5159/1338/3429
f 4598/2004/3433 4600/907/682 4599/4556/3433
f 5098/924/695 5096/4558/3435 5095/2005/3435
f 5082/929/699 5080/4559/3437 5079/2006/3591
f 5371/932/701 5369/4850/3442 5368/1357/3442
f 5066/935/704 5064/4851/3592 5063/1355/3440
f 4729/938/707 4727/4852/3436 4726/1347/3436
f 5030/1351/3438 5032/941/708 5031/4561/3438
f 5178/944/711 5176/4563/3439 5175/2012/3439
f 5047/2014/3443 5049/946/713 5048/4565/3443
f 5641/2016/3445 5643/953/719 5642/4566/3445
f 4585/948/715 4583/4567/3446 4582/1362/3446
f 5355/956/721 5353/4853/3453 5352/1372/3453
f 5194/968/730 5192/4569/3448 5191/2019/3593
f 5657/1367/3449 5659/965/726 5658/4854/3449
f 5433/1371/3451 5435/2639/733 5434/4572/3451
f 5628/962/725 5626/4855/3594 5625/1375/3454
f 4822/2025/3455 4824/959/722 4823/4856/3455
f 4742/2027/3595 4744/4857/731 4743/4571/3450
f 5207/4577/3456 5209/979/738 5208/4858/3596
f 5673/4859/3457 5675/989/744 5674/4579/3457
f 4566/4860/3458 4568/977/735 4567/4581/3458
f 5612/983/741 5610/4861/3461 5609/4585/3461
f 5336/4583/3460 5338/986/742 5337/4862/3460
f 5226/990/746 5224/4587/3462 5223/4863/2597
f 5449/4591/3465 5451/1007/757 5450/4864/3465
f 5272/4593/3467 5274/995/749 5273/4865/3467
f 4761/1004/756 4759/4866/3464 4758/4589/3464
f 5239/4867/3597 5241/1001/753 5240/4596/3469
f 4806/4868/3474 4808/998/751 4807/4602/3474
f 5258/1010/760 5256/4869/3598 5255/4599/3472
f 5288/4870/3470 5290/1013/761 5289/4597/3470
f 5596/1014/763 5594/4603/3475 5593/4871/3475
f 5320/4872/3477 5322/1021/768 5321/4608/3477
f 4777/1028/773 4775/4873/3476 4774/4605/3476
f 4790/4874/3479 4792/1025/769 4791/4612/3479
f 4553/1019/766 4551/4875/3481 4550/4615/3481
f 5304/4876/3478 5306/1031/774 5305/4609/3478
f 5689/4877/3480 5691/1037/778 5690/4614/3480
f 5465/4878/3599 5467/1034/776 5466/4618/3482
f 5580/1038/780 5578/4620/3484 5577/4879/3600
f 4534/4880/3486 4536/1043/783 4535/4623/3486
f 5481/4626/3488 5483/1045/786 5482/4881/3488
f 4486/4882/3487 4488/1055/793 4487/4624/3487
f 5564/1047/787 5562/4883/3601 5561/4628/3490
f 4521/1050/790 4519/4884/3492 4518/4632/3492
f 5497/4630/3491 5499/1057/796 5498/4885/3491
f 4502/4886/3493 4504/1061/798 4503/4634/3493
f 5548/1064/802 5546/4638/3496 5545/4887/3496
f 5513/4636/3494 5515/1066/804 5514/4888/3602
f 5529/4640/3497 5531/1070/805 5530/4889/3497
f 2903/1071/807 2901/4890/3498 2900/4642/3498
f 2916/4644/3499 2918/1085/815 2917/4891/3499
f 2887/1074/809 2885/4892/3501 2884/4494/3501
f 2868/4647/3502 2870/1079/811 2869/4893/3502
f 2852/4649/3503 2854/1081/814 2853/4894/3503
f 2935/1086/817 2933/4651/3504 2932/1518/3504
f 2948/4895/3603 2950/1090/820 2949/4653/3506
f 2967/1094/822 2965/4655/3507 2964/4896/3507
f 304/4897/3604 3152/29/3605 3151/28/3604
f 2191/4898/3606 5039/41/3607 5038/40/3607
f 2569/4899/3608 5417/47/3609 5416/46/3610
f 135/4900/3611 2982/25/3611 2984/27/3611
f 817/4901/3612 3665/32/3613 3664/31/3612
f 843/4902/3614 3691/35/3615 3690/34/3614
f 1187/14/3616 4034/38/3616 4033/37/3616
f 2421/20/3617 5268/44/3618 5267/43/3619
f 4/566/3620 2849/4124/3621 1/567/3621
f 93/4903/3622 77/4904/3622 125/4905/3622
f 1/570/3621 2979/4126/3623 131/568/3623
f 6/2101/3624 2850/4122/3620 4/566/3620
f 8/2711/3625 2852/4649/3624 6/2101/3624
f 10/2710/3626 2855/1082/3625 8/2711/3625
f 12/3868/3627 2856/1080/3626 10/2710/3626
f 14/4386/3628 2858/2459/3627 12/3868/3627
f 16/4385/3629 2860/3061/3628 14/4386/3628
f 17/555/3630 2862/3060/3629 16/4385/3629
f 20/554/3631 2864/4115/3630 17/555/3630
f 22/1451/3632 2866/4114/3631 20/554/3631
f 24/2709/3633 2868/4647/3634 22/1451/3632
f 26/3303/3635 2871/1077/3633 24/2709/3633
f 28/3866/3636 2872/747/3635 26/3303/3635
f 30/4384/3637 2874/2457/3636 28/3866/3636
f 32/4383/3638 2876/3059/3637 30/4384/3637
f 33/551/3639 2878/3058/3638 32/4383/3638
f 36/1449/3640 2880/3612/3639 33/551/3639
f 38/1448/3641 2882/4646/3640 36/1449/3640
f 40/2097/3642 2884/4494/3641 38/1448/3641
f 42/3301/3643 2887/1074/3644 40/2097/3642
f 44/3864/3645 2888/1793/3643 42/3301/3643
f 46/3863/3646 2890/1792/3645 44/3864/3645
f 48/4382/3647 2892/3057/3646 46/3863/3646
f 49/548/3648 2894/3056/3647 48/4382/3647
f 52/1445/3649 2896/3610/3648 49/548/3648
f 54/1444/3650 2898/4643/3649 52/1445/3649
f 56/2093/3651 2900/4642/3650 54/1444/3650
f 58/3299/3652 2903/1071/3651 56/2093/3651
f 60/3298/3653 2904/1791/3652 58/3299/3652
f 62/4380/3654 2906/1790/3653 60/3298/3653
f 64/4379/3655 2908/824/3654 62/4380/3654
f 65/545/3656 2910/3055/3655 64/4379/3655
f 68/1447/3657 2912/3608/3656 65/545/3656
f 70/1446/3658 2914/4645/3657 68/1447/3657
f 72/2713/3659 2916/4644/3658 70/1446/3658
f 74/3307/3660 2919/1083/3659 72/2713/3659
f 76/3870/3661 2920/1797/3660 74/3307/3660
f 78/3869/3662 2922/2461/3661 76/3870/3661
f 80/4769/3663 2924/3062/3664 78/3869/3662
f 81/558/3665 2926/3617/3663 80/4769/3663
f 84/557/3666 2928/3616/3665 81/558/3665
f 86/2103/3667 2930/4116/3668 84/557/3666
f 88/2102/3669 2932/1518/3667 86/2103/3667
f 88/2102/3669 2936/1799/3670 2935/1086/3669
f 90/3309/3670 2938/2463/3671 2936/1799/3670
f 92/3872/3671 2940/3064/3672 2938/2463/3671
f 94/4390/3672 2942/3619/3673 2940/3064/3672
f 97/561/3674 2942/3619/3673 96/4770/3673
f 97/561/3674 2946/4118/3675 2944/3618/3674
f 102/2105/3676 2946/4118/3675 100/560/3675
f 104/2717/3677 2948/4895/3676 102/2105/3676
f 106/2716/3678 2951/1091/3677 104/2717/3677
f 108/3311/3679 2952/1089/3678 106/2716/3678
f 110/3874/3680 2954/1801/3681 108/3311/3679
f 112/4771/3682 2956/2465/3683 110/3874/3680
f 113/564/3684 2958/3621/3682 112/4771/3682
f 116/563/3685 2960/3620/3684 113/564/3684
f 118/2107/3686 2962/4120/3685 116/563/3685
f 120/2106/3687 2964/4896/3686 118/2107/3686
f 122/2719/3688 2967/1094/3689 120/2106/3687
f 124/3313/3690 2968/1092/3688 122/2719/3688
f 124/3313/3690 2972/2467/3691 2970/1803/3690
f 128/4394/3692 2972/2467/3691 126/3876/3691
f 129/572/3693 2974/3068/3692 128/4394/3692
f 131/568/3623 2976/3622/3693 129/572/3693
f 134/570/3694 4098/4906/3695 1251/4907/3696
f 886/1139/3622 884/115/3622 1112/2482/3622
f 135/4900/3697 2980/4124/3694 134/567/3694
f 139/4908/3698 2982/25/3699 137/4909/3699
f 141/4910/3700 2985/2174/3698 139/4908/3698
f 142/4911/3701 2987/2173/3700 141/4910/3700
f 145/4912/3702 2989/3373/3701 142/4911/3701
f 147/4913/3703 2991/4788/3702 145/4912/3702
f 149/4914/3704 2994/692/3703 147/4913/3703
f 151/4915/3705 2995/690/3704 149/4914/3704
f 153/4916/3706 2997/1539/3705 151/4915/3705
f 155/4917/3707 2999/2799/3706 153/4916/3706
f 156/4918/3708 3001/3385/3707 155/4917/3707
f 159/4919/3709 3003/3384/3710 156/4918/3708
f 161/4920/3711 3005/4450/3709 159/4919/3709
f 163/4921/3712 3007/4449/3711 161/4920/3711
f 165/4922/3713 3010/699/3712 163/4921/3712
f 167/4923/3714 3011/1552/3713 165/4922/3713
f 169/4924/3715 3013/2203/3714 167/4923/3714
f 171/4925/3716 3015/2202/3715 169/4924/3715
f 172/4926/3717 3017/2809/3716 171/4925/3716
f 175/4927/3718 3019/3394/3717 172/4926/3717
f 177/4928/3719 3021/3914/3718 175/4927/3718
f 179/4929/3720 3023/4458/3719 177/4928/3719
f 181/4930/3721 3026/725/3720 179/4929/3720
f 183/4931/3722 3027/723/3721 181/4930/3721
f 185/4932/3723 3029/2217/3724 183/4931/3722
f 187/4933/3725 3031/2216/3723 185/4932/3723
f 188/4934/3726 3033/3410/3725 187/4933/3725
f 191/4935/3727 3035/3929/3726 188/4934/3726
f 193/4936/3728 3037/3928/3727 191/4935/3727
f 195/4937/3729 3039/4804/3728 193/4936/3728
f 197/4938/3730 3042/752/3729 195/4937/3729
f 199/4939/3731 3043/750/3730 197/4938/3730
f 201/4940/3732 3045/1584/3731 199/4939/3731
f 203/4941/3733 3047/2240/3732 201/4940/3732
f 204/4942/3734 3049/2851/3733 203/4941/3733
f 207/4943/3735 3051/3432/3734 204/4942/3734
f 209/4944/3736 3053/3951/3735 207/4943/3735
f 211/4945/3737 3055/4495/3736 209/4944/3736
f 213/4946/3738 3058/791/3737 211/4945/3737
f 215/4947/3739 3059/789/3738 213/4946/3738
f 217/4948/3740 3061/1604/3739 215/4947/3739
f 219/4949/3741 3063/2258/3740 217/4948/3740
f 220/4950/3742 3065/3449/3741 219/4949/3741
f 223/4951/3743 3067/3448/3742 220/4950/3742
f 225/4952/3744 3069/3963/3743 223/4951/3743
f 227/4953/3745 3071/4818/3744 225/4952/3744
f 229/4954/3746 3074/806/3745 227/4953/3745
f 231/4955/3747 3075/804/3746 229/4954/3746
f 233/4956/3748 3077/1614/3747 231/4955/3747
f 235/4386/3749 3079/2873/3748 233/4956/3748
f 236/4957/3750 3081/3455/3749 235/4386/3749
f 239/4958/3751 3083/3454/3750 236/4957/3750
f 241/4959/3752 3085/3969/3751 239/4958/3751
f 243/4960/3753 3087/4514/3752 241/4959/3752
f 245/4961/3754 3090/810/3753 243/4960/3753
f 247/4962/3755 3091/1619/3754 245/4961/3754
f 249/4963/3756 3093/1618/3755 247/4962/3755
f 251/4964/3757 3095/2877/3756 249/4963/3756
f 252/4965/3758 3097/3458/3757 251/4964/3757
f 255/4966/3759 3099/3973/3758 252/4965/3758
f 257/4967/3760 3101/4519/3759 255/4966/3759
f 259/4968/3761 3103/4518/3760 257/4967/3760
f 261/4969/3762 3106/813/3761 259/4968/3761
f 263/4970/3763 3107/1621/3762 261/4969/3762
f 265/4971/3764 3109/1620/3763 263/4970/3763
f 267/4972/3765 3111/2879/3764 265/4971/3764
f 268/4973/3766 3113/3460/3765 267/4972/3765
f 271/4974/3767 3115/3976/3766 268/4973/3766
f 273/4975/3768 3117/3975/3767 271/4974/3767
f 275/4976/3769 3119/4516/3768 273/4975/3768
f 277/4977/3770 3122/807/3769 275/4976/3769
f 279/4978/3771 3123/1617/3770 277/4977/3770
f 281/4979/3772 3125/1616/3771 279/4978/3771
f 283/4980/3773 3127/2270/3772 281/4979/3772
f 284/4981/3774 3129/2875/3773 283/4980/3773
f 287/4982/3775 3131/3967/3774 284/4981/3774
f 289/4983/3776 3133/4508/3775 287/4982/3775
f 291/4984/3777 3135/4819/3776 289/4983/3776
f 293/4985/3778 3138/798/3777 291/4984/3777
f 295/4986/3779 3139/1609/3778 293/4985/3778
f 297/4987/3780 3141/1608/3779 295/4986/3779
f 299/4988/3781 3143/2262/3780 297/4987/3780
f 300/4989/3782 3145/2863/3781 299/4988/3781
f 303/4990/3783 3147/3955/3782 300/4989/3782
f 304/4897/3604 3149/4497/3783 303/4990/3783
f 308/4991/3784 3152/29/3605 306/4992/3605
f 310/4993/3785 3155/780/3784 308/4991/3784
f 312/4994/3786 3156/1596/3785 310/4993/3785
f 314/4995/3787 3158/2250/3786 312/4994/3786
f 316/4996/3788 3160/2856/3787 314/4995/3787
f 317/4997/3789 3162/2855/3788 316/4996/3788
f 320/4998/3790 3164/3946/3789 317/4997/3789
f 322/4999/3791 3166/3945/3790 320/4998/3790
f 324/5000/3792 3168/4489/3791 322/4999/3791
f 326/5001/3793 3171/767/3792 324/5000/3792
f 328/5002/3794 3172/765/3793 326/5001/3793
f 330/5003/3795 3174/2238/3794 328/5002/3794
f 331/5004/3796 3176/2841/3795 330/5003/3795
f 334/5005/3797 3178/3423/3796 331/5004/3796
f 336/5006/3798 3180/3935/3799 334/5005/3797
f 338/5007/3800 3182/4479/3801 336/5006/3798
f 340/3303/3802 3185/749/3800 338/5007/3800
f 342/5008/3803 3186/747/3802 340/3303/3802
f 344/5009/3804 3188/2230/3803 342/5008/3803
f 346/5010/3805 3190/2834/3806 344/5009/3804
f 347/5011/3807 3192/2833/3808 346/5010/3805
f 350/5012/3809 3194/3930/3807 347/5011/3807
f 352/5013/3810 3196/4472/3809 350/5012/3809
f 354/5014/3811 3198/4471/3810 352/5013/3810
f 356/5015/3812 3201/738/3813 354/5014/3811
f 358/5016/3814 3202/1572/3815 356/5015/3812
f 360/5017/3816 3204/2224/3814 358/5016/3814
f 362/5018/3817 3206/2827/3816 360/5017/3816
f 363/5019/3818 3208/3409/3817 362/5018/3817
f 366/5020/3819 3210/3408/3818 363/5019/3818
f 368/5021/3820 3212/4468/3819 366/5020/3819
f 370/5022/3821 3214/4467/3820 368/5021/3820
f 372/5023/3822 3217/734/3823 370/5022/3821
f 374/5024/3824 3218/732/3822 372/5023/3822
f 376/5025/3825 3220/2219/3824 374/5024/3824
f 378/5026/3826 3222/2218/3825 376/5025/3825
f 379/5027/3827 3224/3405/3826 378/5026/3826
f 382/5028/3828 3226/3404/3827 379/5027/3827
f 384/5029/3829 3228/4464/3828 382/5028/3828
f 386/5030/3830 3230/4463/3829 384/5029/3829
f 388/5031/3831 3233/720/3830 386/5030/3830
f 390/5032/3832 3234/1559/3831 388/5031/3831
f 392/5033/3833 3236/1558/3832 390/5032/3832
f 394/5034/3834 3238/2816/3833 392/5033/3833
f 395/5035/3835 3240/2815/3836 394/5034/3834
f 398/5036/3837 3242/3400/3835 395/5035/3835
f 400/5037/3838 3244/4461/3837 398/5036/3837
f 402/5038/3839 3246/4797/3838 400/5037/3838
f 404/5039/3840 3249/719/3839 402/5038/3839
f 406/5040/3841 3250/717/3840 404/5039/3840
f 408/5041/3842 3252/2215/3841 406/5040/3841
f 410/5042/3843 3254/2214/3842 408/5041/3842
f 411/5043/3844 3256/2819/3843 410/5042/3843
f 414/5044/3845 3258/3922/3844 411/5043/3844
f 416/5045/3846 3260/4466/3845 414/5044/3845
f 418/5046/3847 3262/4465/3846 416/5045/3846
f 420/5047/3848 3265/737/3847 418/5046/3847
f 422/5048/3849 3266/735/3848 420/5047/3848
f 424/5049/3850 3268/2228/3849 422/5048/3849
f 426/5050/3851 3270/2836/3850 424/5049/3850
f 427/5051/3852 3272/2835/3851 426/5050/3851
f 430/5052/3853 3274/3938/3852 427/5051/3852
f 432/5053/3854 3276/3937/3853 430/5052/3853
f 434/5054/3855 3278/4808/3854 432/5053/3854
f 436/5055/3856 3281/762/3855 434/5054/3855
f 438/5056/3857 3282/1588/3856 436/5055/3856
f 440/5057/3858 3284/2249/3857 438/5056/3857
f 442/5058/3859 3286/2248/3858 440/5057/3858
f 443/5059/3860 3288/2853/3859 442/5058/3859
f 446/1448/3861 3290/3947/3860 443/5059/3860
f 448/5060/3862 3292/4494/3861 446/1448/3861
f 450/5061/3863 3294/4493/3862 448/5060/3862
f 452/5062/3864 3297/779/3863 450/5061/3863
f 454/5063/3865 3298/777/3864 452/5062/3864
f 456/5064/3866 3300/1598/3865 454/5063/3865
f 458/5065/3867 3302/2860/3866 456/5064/3866
f 459/5066/3868 3304/2859/3867 458/5065/3867
f 462/5067/3869 3306/3954/3868 459/5066/3868
f 464/5068/3870 3308/3953/3869 462/5067/3869
f 466/5069/3871 3310/4814/3870 464/5068/3870
f 468/5070/3872 3313/786/3871 466/5069/3871
f 470/5071/3873 3314/1603/3872 468/5070/3872
f 472/5072/3874 3316/1602/3873 470/5071/3873
f 474/5073/3875 3318/2862/3874 472/5072/3874
f 475/5074/3876 3320/2861/3875 474/5073/3875
f 478/5075/3877 3322/3958/3876 475/5074/3876
f 480/5076/3878 3324/3957/3877 478/5075/3877
f 482/5077/3879 3326/4502/3878 480/5076/3878
f 484/5078/3880 3329/792/3879 482/5077/3879
f 486/5079/3881 3330/1607/3880 484/5078/3880
f 488/5080/3882 3332/1606/3881 486/5079/3881
f 490/5081/3883 3334/2260/3882 488/5080/3882
f 491/5082/3884 3336/3447/3883 490/5081/3883
f 494/5083/3885 3338/3446/3884 491/5082/3884
f 496/5084/3886 3340/4505/3885 494/5083/3885
f 498/5085/3887 3342/4504/3886 496/5084/3886
f 500/5086/3888 3345/795/3887 498/5085/3887
f 502/5087/3889 3346/1610/3888 500/5086/3888
f 504/5088/3890 3348/2266/3889 502/5087/3889
f 506/5089/3891 3350/2871/3892 504/5088/3890
f 507/5090/3893 3352/3450/3891 506/5089/3891
f 510/5091/3894 3354/3965/3893 507/5090/3893
f 512/5092/3895 3356/4512/3894 510/5091/3894
f 514/5093/3896 3358/4821/3895 512/5092/3895
f 516/5094/3897 3361/2276/3896 514/5093/3896
f 518/5095/3898 3362/2882/3897 516/5094/3897
f 519/5096/3899 3364/2881/3898 518/5095/3898
f 522/5097/3900 3366/4520/3899 519/5096/3899
f 524/5098/3901 3368/4825/3900 522/5097/3900
f 526/5099/3902 3371/2283/3901 524/5098/3901
f 527/5100/3903 3372/2281/3902 526/5099/3902
f 530/5101/3904 3374/3980/3903 527/5100/3903
f 532/5102/3905 3376/3979/3904 530/5101/3904
f 534/5103/3906 3378/4524/3905 532/5102/3905
f 536/548/3907 3381/2288/3906 534/5103/3906
f 538/5104/3908 3382/2286/3907 536/548/3907
f 539/5105/3909 3384/3470/3908 538/5104/3908
f 542/5106/3910 3386/3984/3909 539/5105/3909
f 544/5107/3911 3388/3983/3910 542/5106/3910
f 546/5108/3912 3390/4528/3911 544/5107/3911
f 548/5109/3913 3393/827/3912 546/5108/3912
f 550/5110/3914 3394/825/3913 548/5109/3913
f 552/5111/3915 3396/2291/3914 550/5110/3914
f 554/5112/3916 3398/2893/3915 552/5111/3915
f 555/5113/3917 3400/3474/3918 554/5112/3916
f 558/5114/3919 3402/3988/3917 555/5113/3917
f 560/5115/3920 3404/3987/3919 558/5114/3919
f 562/5116/3921 3406/4832/3920 560/5115/3920
f 564/5117/3922 3409/831/3921 562/5116/3921
f 566/5118/3923 3410/1633/3922 564/5117/3922
f 568/5119/3924 3412/1632/3923 566/5118/3923
f 570/5120/3925 3414/2895/3924 568/5119/3924
f 571/5121/3926 3416/3478/3925 570/5120/3925
f 574/5122/3927 3418/3991/3926 571/5121/3926
f 576/5123/3928 3420/4537/3927 574/5122/3927
f 578/5124/3929 3422/4536/3928 576/5123/3928
f 580/5125/3930 3425/837/3929 578/5124/3929
f 582/5126/3931 3426/1636/3930 580/5125/3930
f 584/5127/3932 3428/2299/3931 582/5126/3931
f 586/5128/3933 3430/2899/3932 584/5127/3932
f 587/5129/3934 3432/3480/3933 586/5128/3933
f 590/5130/3935 3434/3995/3934 587/5129/3934
f 592/5131/3936 3436/4540/3935 590/5130/3935
f 594/5132/3937 3438/4835/3936 592/5131/3936
f 596/5133/3938 3441/840/3937 594/5132/3937
f 598/5134/3939 3442/1639/3938 596/5133/3938
f 600/5135/3940 3444/1638/3939 598/5134/3939
f 602/5136/3941 3446/2902/3940 600/5135/3940
f 603/5137/3942 3448/2901/3941 602/5136/3941
f 606/5138/3943 3450/3994/3942 603/5137/3942
f 608/5139/3944 3452/3993/3943 606/5138/3943
f 610/5140/3945 3454/4834/3944 608/5139/3944
f 612/5141/3946 3457/834/3945 610/5140/3945
f 614/5142/3947 3458/1635/3946 612/5141/3946
f 616/5143/3948 3460/1634/3947 614/5142/3947
f 618/5144/3949 3462/2898/3948 616/5143/3948
f 619/5145/3950 3464/2897/3949 618/5144/3949
f 622/5146/3951 3466/3990/3950 619/5145/3950
f 624/5147/3952 3468/3989/3951 622/5146/3951
f 626/5148/3953 3470/4534/3952 624/5147/3952
f 628/5149/3954 3473/830/3953 626/5148/3953
f 630/5150/3955 3474/828/3954 628/5149/3954
f 632/5151/3956 3476/1630/3955 630/5150/3955
f 634/5152/3957 3478/2293/3956 632/5151/3956
f 635/5153/3958 3480/3473/3957 634/5152/3957
f 638/5154/3959 3482/3472/3958 635/5153/3958
f 640/5155/3960 3484/4531/3959 638/5154/3959
f 642/4380/3961 3486/4530/3960 640/5155/3960
f 644/5156/3962 3489/824/3961 642/4380/3961
f 646/5157/3963 3490/822/3962 644/5156/3962
f 648/5158/3964 3492/2290/3963 646/5157/3963
f 650/5159/3965 3494/2289/3964 648/5158/3964
f 651/5160/3966 3496/3469/3965 650/5159/3965
f 654/5161/3967 3498/3468/3966 651/5160/3966
f 656/5162/3968 3500/4527/3967 654/5161/3967
f 658/5163/3969 3502/4526/3968 656/5162/3968
f 660/5164/3970 3505/821/3969 658/5163/3969
f 662/5165/3971 3506/819/3970 660/5164/3970
f 664/5166/3972 3508/2285/3971 662/5165/3971
f 666/5167/3973 3510/2284/3972 664/5166/3972
f 667/5168/3974 3512/3465/3973 666/5167/3973
f 670/5169/3975 3514/3464/3974 667/5168/3974
f 672/5170/3976 3516/4523/3975 670/5169/3975
f 674/5171/3977 3518/4522/3976 672/5170/3976
f 676/5172/3978 3521/818/3977 674/5171/3977
f 678/5173/3979 3522/816/3978 676/5172/3978
f 680/5174/3980 3524/2280/3979 678/5173/3979
f 682/5175/3981 3526/2279/3980 680/5174/3980
f 683/5176/3982 3528/3457/3981 682/5175/3981
f 686/5177/3983 3530/3456/3982 683/5176/3982
f 688/5178/3984 3532/4511/3983 686/5177/3983
f 690/5179/3985 3534/4510/3984 688/5178/3984
f 692/5180/3986 3537/803/3985 690/5179/3985
f 694/5181/3987 3538/801/3986 692/5180/3986
f 696/5182/3988 3540/2265/3987 694/5181/3987
f 698/5183/3989 3542/2264/3988 696/5182/3988
f 699/5184/3633 3544/3445/3989 698/5183/3989
f 702/5185/3990 3546/3444/3633 699/5184/3633
f 704/5186/3991 3548/3959/3990 702/5185/3990
f 706/5187/3992 3550/4500/3991 704/5186/3991
f 708/5188/3993 3553/785/3992 706/5187/3992
f 710/5189/3994 3554/783/3993 708/5188/3993
f 712/5190/3995 3556/2254/3994 710/5189/3994
f 714/5191/3996 3558/2857/3995 712/5190/3995
f 715/5192/3997 3560/3437/3996 714/5191/3996
f 718/5193/3998 3562/3436/3997 715/5192/3997
f 720/5194/3999 3564/3949/3998 718/5193/3998
f 722/5195/4000 3566/4491/3999 720/5194/3999
f 724/5196/4001 3569/773/4000 722/5195/4000
f 726/5197/4002 3570/771/4001 724/5196/4001
f 728/5198/4003 3572/2242/4002 726/5197/4002
f 730/5199/4004 3574/2845/4003 728/5198/4003
f 731/5200/4005 3576/3427/4004 730/5199/4004
f 734/5201/4006 3578/3426/4005 731/5200/4005
f 736/5202/4007 3580/4484/4006 734/5201/4006
f 738/5203/4008 3582/4483/4007 736/5202/4007
f 740/5204/4009 3585/758/4010 738/5203/4008
f 742/5205/4011 3586/756/4009 740/5204/4009
f 744/5206/4012 3588/2235/4011 742/5205/4011
f 746/5207/4013 3590/2234/4012 744/5206/4012
f 747/3307/4014 3592/2839/4013 746/5207/4013
f 750/5208/4015 3594/1797/4014 747/3307/4014
f 752/5209/4016 3596/3933/4015 750/5208/4015
f 754/5210/4017 3598/4477/4016 752/5209/4016
f 756/5211/4018 3601/746/4017 754/5210/4017
f 758/5212/4019 3602/744/4018 756/5211/4018
f 760/5213/4020 3604/2227/4019 758/5212/4019
f 762/5214/4021 3606/2226/4020 760/5213/4020
f 763/5215/4022 3608/2831/4021 762/5214/4021
f 766/5216/3988 3610/3412/4022 763/5215/4022
f 768/5217/4023 3612/4469/3988 766/5216/3988
f 770/5218/4024 3614/4801/4023 768/5217/4023
f 772/5219/4025 3617/728/4024 770/5218/4024
f 774/5220/4026 3618/726/4027 772/5219/4025
f 776/5221/4028 3620/2213/4029 774/5220/4026
f 778/5222/4030 3622/2212/4028 776/5221/4028
f 779/5223/4031 3624/3399/4030 778/5222/4030
f 782/5224/4032 3626/3398/4031 779/5223/4031
f 784/5225/4033 3628/4456/4034 782/5224/4032
f 786/5226/4035 3630/4794/4033 784/5225/4033
f 788/5227/4036 3633/711/4035 786/5226/4035
f 790/5228/4037 3634/2204/4036 788/5227/4036
f 791/5229/4038 3636/3910/4037 790/5228/4037
f 794/5230/4039 3638/4792/4038 791/5229/4038
f 796/5231/4040 3641/1547/4039 794/5230/4039
f 798/5232/4041 3642/1545/4040 796/5231/4040
f 799/5233/4042 3644/3386/4041 798/5232/4041
f 802/5234/4043 3646/4447/4042 799/5233/4042
f 804/5235/4044 3648/4789/4043 802/5234/4043
f 806/5236/4045 3651/2189/4044 804/5235/4044
f 807/5237/4046 3652/2187/4045 806/5236/4045
f 810/5238/4047 3654/3382/4046 807/5237/4046
f 812/5239/4048 3656/4442/4047 810/5238/4047
f 814/5240/4049 3658/4785/4048 812/5239/4048
f 816/5241/4050 3661/1526/4049 814/5240/4049
f 817/4901/3612 3662/2786/4050 816/5241/4050
f 820/5242/4051 3665/32/3613 819/5243/3613
f 823/5244/4052 3667/3898/4051 820/5242/4051
f 825/5245/4053 3669/3897/4052 823/5244/4052
f 827/5246/4054 3671/4783/4053 825/5245/4053
f 829/5247/4055 3674/664/4054 827/5246/4054
f 831/2103/4056 3675/662/4055 829/5247/4055
f 833/5248/4057 3677/1518/4056 831/2103/4056
f 835/5249/4058 3679/2777/4057 833/5248/4057
f 836/5250/4059 3681/2776/4058 835/5249/4058
f 839/5251/4060 3683/5252/4059 836/5250/4059
f 841/5253/4061 3685/5254/4060 839/5251/4060
f 843/4902/3614 3687/5255/4061 841/5253/4061
f 1204/49/45 1205/1095/46 1206/50/46
f 847/5256/4062 3691/35/3615 845/5257/3615
f 849/5258/4063 3693/5259/4062 847/5256/4062
f 850/5260/4064 3695/5261/4063 849/5258/4063
f 853/5262/4065 3697/5263/4064 850/5260/4064
f 855/5264/4066 3699/5265/4065 853/5262/4065
f 857/5266/4067 3701/5267/4066 855/5264/4066
f 859/5268/4068 3704/5269/4067 857/5266/4067
f 861/5270/4069 3705/5271/4068 859/5268/4068
f 863/5272/4070 3707/5273/4069 861/5270/4069
f 865/5274/4071 3709/5275/4070 863/5272/4070
f 866/5276/4072 3711/5277/4071 865/5274/4071
f 869/5278/4073 3713/5279/4072 866/5276/4072
f 871/5280/4074 3715/5281/4073 869/5278/4073
f 873/5282/4075 3717/5283/4074 871/5280/4074
f 875/5284/4076 3720/5285/4075 873/5282/4075
f 877/5286/4077 3721/5287/4076 875/5284/4076
f 879/5288/4078 3723/5289/4077 877/5286/4077
f 881/5290/4079 3725/5291/4080 879/5288/4078
f 882/5292/4081 3727/5293/4079 881/5290/4079
f 885/5294/4082 3729/5295/4081 882/5292/4081
f 887/5296/4083 3731/5297/4082 885/5294/4082
f 889/5298/4084 3733/5299/4083 887/5296/4083
f 891/5300/4085 3736/5301/4084 889/5298/4084
f 893/5302/4086 3737/5303/4085 891/5300/4085
f 895/5304/4087 3739/5305/4086 893/5302/4086
f 897/5306/4088 3741/5307/4089 895/5304/4087
f 898/5308/4090 3743/5309/4088 897/5306/4088
f 901/5310/4091 3745/5311/4090 898/5308/4090
f 903/5312/4092 3747/5313/4091 901/5310/4091
f 905/5314/4093 3749/5315/4092 903/5312/4092
f 907/5316/4094 3752/5317/4093 905/5314/4093
f 909/5318/4095 3753/5319/4094 907/5316/4094
f 911/5320/4096 3755/5321/4095 909/5318/4095
f 913/5322/4097 3757/5323/4096 911/5320/4096
f 914/5324/4098 3759/5325/4097 913/5322/4097
f 917/5326/4099 3761/5327/4098 914/5324/4098
f 919/5328/4100 3763/5329/4099 917/5326/4099
f 921/5330/4101 3765/5331/4100 919/5328/4100
f 923/5332/4102 3768/5333/4103 921/5330/4101
f 925/5334/4104 3769/5335/4102 923/5332/4102
f 927/5336/4105 3771/5337/4104 925/5334/4104
f 929/5338/4106 3773/5339/4105 927/5336/4105
f 930/5340/4107 3775/5341/4106 929/5338/4106
f 933/5342/4108 3777/5343/4107 930/5340/4107
f 935/561/4109 3779/5344/4108 933/5342/4108
f 937/5345/4110 3781/3618/4109 935/561/4109
f 939/5346/4111 3784/5347/4110 937/5345/4110
f 941/5348/4112 3785/5349/4111 939/5346/4111
f 943/5350/4113 3787/5351/4112 941/5348/4112
f 945/5352/4114 3789/5353/4113 943/5350/4113
f 946/5354/4115 3791/5355/4114 945/5352/4114
f 949/5356/4116 3793/5357/4115 946/5354/4115
f 951/5358/4117 3795/5359/4116 949/5356/4116
f 953/5360/4118 3797/5361/4117 951/5358/4117
f 955/5362/4119 3800/5363/4118 953/5360/4118
f 957/5364/4120 3801/5365/4121 955/5362/4119
f 959/5366/4122 3803/5367/4123 957/5364/4120
f 961/5368/4124 3805/5369/4125 959/5366/4122
f 962/5370/4126 3807/5371/4124 961/5368/4124
f 965/5372/4127 3809/5373/4126 962/5370/4126
f 967/5374/4128 3811/5375/4127 965/5372/4127
f 969/5376/4129 3813/5377/4128 967/5374/4128
f 971/5378/4130 3816/5379/4129 969/5376/4129
f 973/5380/4131 3817/5381/4130 971/5378/4130
f 975/5382/4132 3819/5383/4131 973/5380/4131
f 977/5384/4133 3821/5385/4132 975/5382/4132
f 978/5386/4134 3823/5387/4133 977/5384/4133
f 981/5388/4135 3825/5389/4134 978/5386/4134
f 983/5390/4136 3827/5391/4137 981/5388/4135
f 985/5392/4138 3829/5393/4136 983/5390/4136
f 987/5394/4139 3832/5395/4138 985/5392/4138
f 989/5396/4140 3833/5397/4139 987/5394/4139
f 991/5398/4141 3835/5399/4140 989/5396/4140
f 993/5400/4142 3837/5401/4141 991/5398/4141
f 994/5402/4143 3839/5403/4142 993/5400/4142
f 997/5404/4144 3841/5405/4143 994/5402/4143
f 999/5406/4145 3843/5407/4144 997/5404/4144
f 1001/5408/4146 3845/5409/4145 999/5406/4145
f 1003/5410/4147 3848/5411/4146 1001/5408/4146
f 1005/5412/4148 3849/5413/4147 1003/5410/4147
f 1007/5414/4149 3851/5415/4148 1005/5412/4148
f 1009/5416/4150 3853/5417/4149 1007/5414/4149
f 1010/5418/4151 3855/5419/4150 1009/5416/4150
f 1013/5420/4152 3857/5421/4151 1010/5418/4151
f 1015/5422/4153 3859/5423/4152 1013/5420/4152
f 1017/5424/4154 3861/5425/4155 1015/5422/4153
f 1019/5426/4156 3864/5427/4157 1017/5424/4154
f 1021/5428/4158 3865/5429/4159 1019/5426/4156
f 1023/5430/4160 3867/5431/4161 1021/5428/4158
f 1025/5432/4162 3869/5433/4160 1023/5430/4160
f 1026/5434/4163 3871/5435/4162 1025/5432/4162
f 1029/5436/4164 3873/5437/4165 1026/5434/4163
f 1031/5438/4166 3875/5439/4167 1029/5436/4164
f 1033/5440/4168 3877/5441/4166 1031/5438/4166
f 1035/5442/4169 3880/5443/4168 1033/5440/4168
f 1037/5444/4170 3881/5445/4169 1035/5442/4169
f 1039/5446/4171 3883/5447/4170 1037/5444/4170
f 1041/3874/4172 3885/5448/4173 1039/5446/4171
f 1042/5449/4174 3887/2465/4175 1041/3874/4172
f 1045/5450/4176 3889/5451/4174 1042/5449/4174
f 1047/5452/4177 3891/5453/4176 1045/5450/4176
f 1049/5454/4178 3893/5455/4179 1047/5452/4177
f 1051/5456/4180 3896/5457/4181 1049/5454/4178
f 1053/5458/4182 3897/5459/4180 1051/5456/4180
f 1055/5460/4183 3899/5461/4182 1053/5458/4182
f 1057/5462/4184 3901/5463/4185 1055/5460/4183
f 1058/5464/4186 3903/5465/4187 1057/5462/4184
f 1061/5466/4188 3905/5467/4189 1058/5464/4186
f 1063/5468/4190 3907/5469/4191 1061/5466/4188
f 1065/5470/4192 3909/5471/4190 1063/5468/4190
f 1067/5472/4193 3912/5473/4192 1065/5470/4192
f 1069/5474/4194 3913/5475/4193 1067/5472/4193
f 1071/5476/4195 3915/5477/4194 1069/5474/4194
f 1073/5478/4196 3917/5479/4197 1071/5476/4195
f 1074/5480/4198 3919/5481/4199 1073/5478/4196
f 1077/5482/4200 3921/5483/4198 1074/5480/4198
f 1079/5484/4201 3923/5485/4200 1077/5482/4200
f 1081/5486/4202 3925/5487/4201 1079/5484/4201
f 1083/5488/4203 3928/5489/4202 1081/5486/4202
f 1085/5490/4204 3929/5491/4203 1083/5488/4203
f 1087/5492/4205 3931/5493/4204 1085/5490/4204
f 1089/5494/4206 3933/5495/4207 1087/5492/4205
f 1090/5496/4208 3935/5497/4206 1089/5494/4206
f 1093/5498/4209 3937/5499/4210 1090/5496/4208
f 1095/5500/4211 3939/5501/4212 1093/5498/4209
f 1097/5502/4213 3941/5503/4211 1095/5500/4211
f 1099/5504/4214 3944/5505/4213 1097/5502/4213
f 1101/5506/4215 3945/5507/4214 1099/5504/4214
f 1103/5508/4216 3947/5509/4215 1101/5506/4215
f 1105/5510/4217 3949/5511/4216 1103/5508/4216
f 1106/5512/4218 3951/5513/4217 1105/5510/4217
f 1109/5514/4219 3953/5515/4218 1106/5512/4218
f 1111/5516/4220 3955/5517/4219 1109/5514/4219
f 1113/5518/4221 3957/5519/4220 1111/5516/4220
f 1115/5520/4222 3960/5521/4221 1113/5518/4221
f 1117/5522/4223 3961/5523/4224 1115/5520/4222
f 1119/5524/4225 3963/5525/4226 1117/5522/4223
f 1121/5526/4227 3965/5527/4225 1119/5524/4225
f 1122/5528/4228 3967/5529/4227 1121/5526/4227
f 1125/5530/4229 3969/5531/4230 1122/5528/4228
f 1127/5532/4231 3971/5533/4232 1125/5530/4229
f 1129/5534/4233 3973/5535/4234 1127/5532/4231
f 1131/5536/4235 3976/5537/4236 1129/5534/4233
f 1133/5538/4237 3977/5539/4235 1131/5536/4235
f 1135/5540/4238 3979/5541/4237 1133/5538/4237
f 1137/5542/4239 3981/5543/4238 1135/5540/4238
f 1138/5544/4240 3983/5545/4239 1137/5542/4239
f 1141/5546/4241 3985/5547/4242 1138/5544/4240
f 1143/5548/4243 3987/5549/4241 1141/5546/4241
f 1145/5550/4244 3989/5551/4245 1143/5548/4243
f 1147/2719/4246 3992/5552/4244 1145/5550/4244
f 1149/5553/4247 3993/1092/4246 1147/2719/4246
f 1151/5554/4248 3995/5555/4249 1149/5553/4247
f 1153/5556/4250 3997/5557/4248 1151/5554/4248
f 1154/5558/4251 3999/5559/4250 1153/5556/4250
f 1157/5560/4252 4001/5561/4251 1154/5558/4251
f 1159/5562/4253 4003/5563/4252 1157/5560/4252
f 1161/5564/4254 4005/5565/4253 1159/5562/4253
f 1163/5566/4255 4008/5567/4254 1161/5564/4254
f 1165/5568/4256 4009/5569/4255 1163/5566/4255
f 1167/5570/4257 4011/5571/4256 1165/5568/4256
f 1169/5572/4258 4013/5573/4257 1167/5570/4257
f 1170/5574/4259 4015/5575/4258 1169/5572/4258
f 1173/5576/4260 4017/5577/4259 1170/5574/4259
f 1175/5578/4261 4019/5579/4260 1173/5576/4260
f 1177/5580/4262 4021/5581/4261 1175/5578/4261
f 1179/5582/4263 4024/5583/4262 1177/5580/4262
f 1181/5584/4264 4025/5585/4263 1179/5582/4263
f 1183/5586/4265 4027/5587/4264 1181/5584/4264
f 1185/5588/4266 4029/5589/4265 1183/5586/4265
f 1187/14/4267 4031/5590/4266 1185/5588/4266
f 1190/5591/4268 4034/38/4269 1186/13/4269
f 1192/5592/4270 4036/5593/4268 1190/5591/4268
f 1194/5594/4271 4038/5595/4270 1192/5592/4270
f 1196/5596/4272 4041/5597/4271 1194/5594/4271
f 1198/5598/4273 4042/5599/4272 1196/5596/4272
f 1200/5600/4274 4044/5601/4273 1198/5598/4273
f 1202/5602/4275 4046/5603/4274 1200/5600/4274
f 1203/5604/4276 4048/5605/4275 1202/5602/4275
f 1206/5606/4277 4050/5607/4276 1203/5604/4276
f 1208/5608/4278 4052/5609/4277 1206/5606/4277
f 1210/5610/4279 4054/5611/4278 1208/5608/4278
f 1212/5612/4280 4057/5613/4281 1210/5610/4279
f 1214/5614/4282 4058/5615/4280 1212/5612/4280
f 1216/5616/4283 4060/5617/4282 1214/5614/4282
f 1218/5618/4284 4062/5619/4283 1216/5616/4283
f 1219/5620/4285 4064/5621/4284 1218/5618/4284
f 1222/5622/4286 4066/5623/4285 1219/5620/4285
f 1224/5624/3723 4068/5625/4286 1222/5622/4286
f 1226/5626/4287 4070/5627/3723 1224/5624/3723
f 1228/5628/4288 4073/5629/4287 1226/5626/4287
f 1230/5630/3720 4074/5631/4288 1228/5628/4288
f 1232/5632/4289 4076/5633/3720 1230/5630/3720
f 1234/5634/4290 4078/5635/4289 1232/5632/4289
f 1235/5636/4291 4080/5637/4290 1234/5634/4290
f 1238/5638/4292 4082/5639/4291 1235/5636/4291
f 1240/5640/4293 4084/5641/4292 1238/5638/4292
f 1242/5642/4294 4086/5643/4293 1240/5640/4293
f 1244/5644/4295 4089/5645/4294 1242/5642/4294
f 1246/5646/4296 4090/5647/4295 1244/5644/4295
f 1248/5648/4297 4092/5649/4298 1246/5646/4296
f 1250/5650/4299 4094/5651/4297 1248/5648/4297
f 1251/4907/3696 4096/5652/4299 1250/5650/4299
f 1254/570/4300 4290/5653/4301 1443/5654/4301
f 1355/3096/3622 1351/1163/3622 1348/147/3622
f 1256/5655/4302 4100/4124/4300 1254/567/4300
f 1258/5656/4303 4102/5657/4302 1256/5655/4302
f 1260/5658/4304 4105/5659/4303 1258/5656/4303
f 1262/5660/4305 4106/5661/4304 1260/5658/4304
f 1264/5662/4306 4108/5663/4305 1262/5660/4305
f 1266/5664/4307 4110/5665/4306 1264/5662/4306
f 1267/5666/4308 4112/5667/4307 1266/5664/4307
f 1270/5668/4309 4114/5669/4308 1267/5666/4308
f 1272/5670/4310 4116/5671/4309 1270/5668/4309
f 1274/5672/4311 4118/5673/4310 1272/5670/4310
f 1276/5674/4312 4121/5675/4311 1274/5672/4311
f 1278/5676/4313 4122/5677/4312 1276/5674/4312
f 1280/5678/4314 4124/5679/4313 1278/5676/4313
f 1282/5680/4315 4126/5681/4314 1280/5678/4314
f 1283/5682/4316 4128/5683/4317 1282/5680/4315
f 1286/2709/4318 4130/5684/4319 1283/5682/4316
f 1288/5685/4320 4132/5686/4318 1286/2709/4318
f 1290/5687/4321 4134/5688/4320 1288/5685/4320
f 1292/5689/4322 4137/5690/4321 1290/5687/4321
f 1294/5691/4323 4138/5692/4322 1292/5689/4322
f 1296/5693/4324 4140/5694/4323 1294/5691/4323
f 1298/5695/4325 4142/5696/4324 1296/5693/4324
f 1299/5697/4326 4144/5698/4325 1298/5695/4325
f 1302/5699/4327 4146/5700/4326 1299/5697/4326
f 1304/5701/4328 4148/4080/4329 1302/5699/4327
f 1306/5702/4330 4150/5703/4328 1304/5701/4328
f 1308/5704/4331 4153/5705/4332 1306/5702/4330
f 1310/5706/4333 4154/5707/4331 1308/5704/4331
f 1312/5708/4334 4156/5709/4333 1310/5706/4333
f 1314/5710/4335 4158/5711/4334 1312/5708/4334
f 1315/5712/4336 4160/5713/4335 1314/5710/4335
f 1318/3863/4337 4162/5714/4336 1315/5712/4336
f 1320/5715/4338 4164/5716/4337 1318/3863/4337
f 1322/5717/4339 4166/5718/4338 1320/5715/4338
f 1324/5719/4340 4169/5720/4339 1322/5717/4339
f 1326/5721/4341 4170/5722/4342 1324/5719/4340
f 1328/5723/4343 4172/5724/4344 1326/5721/4341
f 1330/5725/4345 4174/5726/4343 1328/5723/4343
f 1331/5727/4346 4176/5728/4345 1330/5725/4345
f 1334/5729/4347 4178/5730/4346 1331/5727/4346
f 1336/5731/4348 4180/5732/4347 1334/5729/4347
f 1338/5733/4349 4182/5734/4348 1336/5731/4348
f 1340/5735/4350 4185/5736/4349 1338/5733/4349
f 1342/5737/4351 4186/5738/4350 1340/5735/4350
f 1344/5739/4352 4188/5740/4351 1342/5737/4351
f 1346/5741/4353 4190/5742/4352 1344/5739/4352
f 1347/5743/4354 4192/5744/4353 1346/5741/4353
f 1350/1447/4355 4194/5745/4354 1347/5743/4354
f 1352/5746/4356 4196/4645/4355 1350/1447/4355
f 1354/5747/4357 4198/5748/4356 1352/5746/4356
f 1356/5749/4358 4201/5750/4357 1354/5747/4357
f 1358/5751/4359 4202/5752/4358 1356/5749/4358
f 1360/5753/4360 4204/5754/4359 1358/5751/4359
f 1362/5755/4361 4206/5756/4360 1360/5753/4360
f 1363/5757/4362 4208/5758/4361 1362/5755/4361
f 1366/5759/4363 4210/5760/4362 1363/5757/4362
f 1368/5761/4364 4212/5762/4363 1366/5759/4363
f 1370/5763/4365 4214/5764/4364 1368/5761/4364
f 1372/5765/4366 4217/5766/4365 1370/5763/4365
f 1374/5767/4367 4218/5768/4366 1372/5765/4366
f 1376/5769/4368 4220/5770/4367 1374/5767/4367
f 1378/5771/4369 4222/5772/4368 1376/5769/4368
f 1379/5773/4370 4224/5774/4369 1378/5771/4369
f 1382/3309/4371 4226/5775/4370 1379/5773/4370
f 1384/5776/4372 4228/1799/4371 1382/3309/4371
f 1386/5777/4373 4230/5778/4372 1384/5776/4372
f 1388/5779/4374 4233/5780/4373 1386/5777/4373
f 1390/5781/4375 4234/5782/4374 1388/5779/4374
f 1392/5783/4376 4236/5784/4375 1390/5781/4375
f 1394/5785/4377 4238/5786/4376 1392/5783/4376
f 1395/5787/4378 4240/5788/4379 1394/5785/4377
f 1398/5789/4380 4242/5790/4378 1395/5787/4378
f 1400/5791/4381 4244/5792/4382 1398/5789/4380
f 1402/5793/4383 4246/5794/4381 1400/5791/4381
f 1404/5795/4384 4249/5796/4385 1402/5793/4383
f 1406/5797/4386 4250/5798/4384 1404/5795/4384
f 1408/5799/4387 4252/5800/4388 1406/5797/4386
f 1410/5801/4389 4254/5802/4387 1408/5799/4387
f 1411/5803/4390 4256/5804/4389 1410/5801/4389
f 1414/4771/4391 4258/5805/4390 1411/5803/4390
f 1416/5806/4392 4260/3621/4391 1414/4771/4391
f 1418/5807/4393 4262/5808/4392 1416/5806/4392
f 1420/5809/4394 4265/5810/4393 1418/5807/4393
f 1422/5811/4395 4266/5812/4394 1420/5809/4394
f 1424/5813/4396 4268/5814/4395 1422/5811/4395
f 1426/5815/4397 4270/5816/4396 1424/5813/4396
f 1427/5817/4398 4272/5818/4397 1426/5815/4397
f 1430/5819/4399 4274/5820/4398 1427/5817/4398
f 1432/5821/4400 4276/5822/4399 1430/5819/4399
f 1434/5823/4401 4278/5824/4400 1432/5821/4400
f 1436/5825/4402 4281/5826/4401 1434/5823/4401
f 1438/5827/4403 4282/5828/4402 1436/5825/4402
f 1440/5829/4404 4284/5830/4403 1438/5827/4403
f 1442/5831/4405 4286/5832/4404 1440/5829/4404
f 1443/5654/4301 4288/5833/4405 1442/5831/4405
f 1446/570/4302 4482/5834/4406 1635/5654/4406
f 1620/180/3622 1617/2808/3622 1463/1902/3622
f 1448/5655/4291 4292/4124/4302 1446/567/4302
f 1450/5656/4304 4294/5657/4291 1448/5655/4291
f 1452/5658/4305 4297/5835/4304 1450/5656/4304
f 1454/5660/4306 4298/5661/4305 1452/5658/4305
f 1456/5662/4407 4300/5836/4306 1454/5660/4306
f 1458/5664/4308 4302/5837/4407 1456/5662/4407
f 1459/5666/4408 4304/5667/4308 1458/5664/4308
f 1462/5668/4310 4306/5669/4408 1459/5666/4408
f 1464/5670/4311 4308/5671/4310 1462/5668/4310
f 1466/5672/4312 4310/5673/4311 1464/5670/4311
f 1468/5674/4409 4313/5675/4312 1466/5672/4312
f 1470/5676/4314 4314/5677/4409 1468/5674/4409
f 1472/5678/4315 4316/5679/4314 1470/5676/4314
f 1474/5680/4316 4318/5681/4315 1472/5678/4315
f 1475/5682/4318 4320/5838/4316 1474/5680/4316
f 1478/2709/4320 4322/5684/4318 1475/5682/4318
f 1480/5685/4321 4324/5839/4320 1478/2709/4320
f 1482/5687/4322 4326/5840/4321 1480/5685/4321
f 1484/5689/4323 4329/5690/4322 1482/5687/4322
f 1486/5691/4410 4330/5692/4323 1484/5689/4323
f 1488/5693/4411 4332/5694/4410 1486/5691/4410
f 1490/5695/4326 4334/5696/4411 1488/5693/4411
f 1491/5697/4329 4336/5841/4326 1490/5695/4326
f 1494/5699/4328 4338/5700/4329 1491/5697/4329
f 1496/5701/4330 4340/4080/4328 1494/5699/4328
f 1498/5702/4331 4342/5703/4330 1496/5701/4330
f 1500/5704/4412 4345/5705/4331 1498/5702/4331
f 1502/5706/4413 4346/5842/4412 1500/5704/4412
f 1504/5708/4335 4348/5709/4413 1502/5706/4413
f 1506/5710/4336 4350/5711/4335 1504/5708/4335
f 1507/5712/4337 4352/5713/4336 1506/5710/4336
f 1510/3863/4338 4354/5843/4337 1507/5712/4337
f 1512/5715/4339 4356/3057/4338 1510/3863/4338
f 1514/5717/4342 4358/5718/4339 1512/5715/4339
f 1516/5719/4344 4361/5844/4342 1514/5717/4342
f 1518/5721/4343 4362/5845/4344 1516/5719/4344
f 1520/5723/4414 4364/5724/4343 1518/5721/4343
f 1522/5725/4346 4366/5846/4414 1520/5723/4414
f 1523/5727/4347 4368/5728/4346 1522/5725/4346
f 1526/5729/4348 4370/5730/4347 1523/5727/4347
f 1528/5731/4415 4372/5732/4348 1526/5729/4348
f 1530/5733/4350 4374/5734/4415 1528/5731/4415
f 1532/5735/4416 4377/5736/4350 1530/5733/4350
f 1534/5737/4352 4378/5738/4416 1532/5735/4416
f 1536/5739/4353 4380/5740/4352 1534/5737/4352
f 1538/5741/4354 4382/5847/4353 1536/5739/4353
f 1539/5743/4417 4384/5744/4354 1538/5741/4354
f 1542/1447/4356 4386/5848/4417 1539/5743/4417
f 1544/5746/4059 4388/4645/4356 1542/1447/4356
f 1546/5747/4358 4390/5748/4059 1544/5746/4059
f 1548/5749/4359 4393/5750/4358 1546/5747/4358
f 1550/5751/4360 4394/5752/4359 1548/5749/4359
f 1552/5753/4418 4396/5754/4360 1550/5751/4360
f 1554/5755/4362 4398/5756/4418 1552/5753/4418
f 1555/5757/4363 4400/5758/4362 1554/5755/4362
f 1558/5759/4364 4402/5760/4419 1555/5757/4363
f 1560/5761/4365 4404/5762/4364 1558/5759/4364
f 1562/5763/4366 4406/5764/4420 1560/5761/4365
f 1564/5765/4367 4409/5766/4366 1562/5763/4366
f 1566/5767/4368 4410/5768/4367 1564/5765/4367
f 1568/5769/4421 4412/5770/4368 1566/5767/4368
f 1570/5771/4370 4414/5772/4421 1568/5769/4421
f 1571/5773/4371 4416/5849/4370 1570/5771/4370
f 1574/3309/4372 4418/5775/4371 1571/5773/4371
f 1576/5776/4373 4420/5850/4372 1574/3309/4372
f 1578/5777/4374 4422/5778/4373 1576/5776/4373
f 1580/5779/4375 4425/5780/4374 1578/5777/4374
f 1582/5781/4376 4426/5782/4375 1580/5779/4375
f 1584/5783/4379 4428/5784/4376 1582/5781/4376
f 1586/5785/4378 4430/5786/4377 1584/5783/4379
f 1587/5787/4382 4432/5851/4378 1586/5785/4378
f 1590/5789/4381 4434/5790/4382 1587/5787/4382
f 1592/5791/4383 4436/5792/4381 1590/5789/4381
f 1594/5793/4384 4438/5794/4383 1592/5791/4383
f 1596/5795/4388 4441/5796/4384 1594/5793/4384
f 1598/5797/4387 4442/5852/4386 1596/5795/4388
f 1600/5799/4389 4444/5800/4387 1598/5797/4387
f 1602/5801/4390 4446/5802/4389 1600/5799/4389
f 1603/5803/4391 4448/5804/4390 1602/5801/4390
f 1606/4771/4392 4450/5853/4391 1603/5803/4391
f 1608/5806/4393 4452/3621/4392 1606/4771/4392
f 1610/5807/4394 4454/5854/4393 1608/5806/4393
f 1612/5809/4422 4457/5810/4394 1610/5807/4394
f 1614/5811/4396 4458/5855/4422 1612/5809/4422
f 1616/5813/4397 4460/5814/4396 1614/5811/4396
f 1618/5815/4398 4462/5816/4397 1616/5813/4397
f 1619/5817/4423 4464/5818/4398 1618/5815/4398
f 1622/5819/4400 4466/5820/4399 1619/5817/4423
f 1624/5821/4424 4468/5856/4400 1622/5819/4400
f 1626/5823/4402 4470/5824/4401 1624/5821/4424
f 1628/5825/4425 4473/5857/4402 1626/5823/4402
f 1630/5827/4404 4474/5828/4425 1628/5825/4425
f 1632/5829/4405 4476/5830/4404 1630/5827/4404
f 1634/5831/4301 4478/5832/4405 1632/5829/4405
f 1635/5654/4406 4480/5833/4301 1634/5831/4301
f 1638/570/4426 5693/4619/4427 2846/5858/4427
f 2534/390/3622 2097/4721/3622 2535/388/3622
f 1640/5859/4428 4484/4124/4426 1638/567/4426
f 1642/5860/4429 4486/4882/4428 1640/5859/4428
f 1644/5861/4430 4489/1053/4431 1642/5860/4429
f 1646/5862/4432 4490/1778/4430 1644/5861/4430
f 1648/5863/4433 4492/2441/4432 1646/5862/4432
f 1650/5864/4434 4494/3044/4433 1648/5863/4433
f 1651/5865/4435 4496/3043/4434 1650/5864/4434
f 1654/5866/4436 4498/3600/4435 1651/5865/4435
f 1656/5867/4437 4500/4100/4436 1654/5866/4436
f 1658/5868/4438 4502/4886/4437 1656/5867/4437
f 1660/5869/4439 4505/1059/4438 1658/5868/4438
f 1662/5870/4440 4506/1783/4439 1660/5869/4439
f 1664/5871/4441 4508/1782/4440 1662/5870/4440
f 1666/5872/4442 4510/2445/4441 1664/5871/4441
f 1667/5873/4443 4512/3598/4442 1666/5872/4442
f 1670/5874/4444 4514/4098/4443 1667/5873/4443
f 1672/5875/4445 4516/4633/4444 1670/5874/4444
f 1674/5876/4446 4518/4632/4445 1672/5875/4445
f 1676/5877/4447 4521/1050/4446 1674/5876/4446
f 1678/5878/4448 4522/1777/4447 1676/5877/4447
f 1680/5879/4449 4524/1776/4448 1678/5878/4448
f 1682/5880/4450 4526/2437/4449 1680/5879/4449
f 1683/5881/4451 4528/3039/4450 1682/5880/4450
f 1686/5882/4452 4530/4092/4451 1683/5881/4451
f 1688/5883/4453 4532/4622/4452 1686/5882/4452
f 1690/5884/4454 4534/4880/4453 1688/5883/4453
f 1692/5885/4455 4537/1041/4454 1690/5884/4454
f 1694/5886/4456 4538/1771/4455 1692/5885/4455
f 1696/5887/4457 4540/1770/4456 1694/5886/4456
f 1698/5888/4458 4542/2431/4457 1696/5887/4457
f 1699/5889/4459 4544/3587/4458 1698/5888/4458
f 1702/5890/4460 4546/3586/4459 1699/5889/4459
f 1704/5891/4461 4548/4086/4460 1702/5890/4460
f 1706/5892/4462 4550/4615/4461 1704/5891/4461
f 1708/5893/4463 4553/1019/4462 1706/5892/4462
f 1710/5894/4464 4554/1017/4463 1708/5893/4463
f 1712/5895/4465 4556/2405/4464 1710/5894/4464
f 1714/5896/4466 4558/3008/4465 1712/5895/4465
f 1715/5897/4467 4560/3007/4466 1714/5896/4466
f 1718/5898/4468 4562/4058/4467 1715/5897/4467
f 1720/5899/4469 4564/4057/4468 1718/5898/4468
f 1722/5900/4470 4566/4860/4469 1720/5899/4469
f 1724/5901/4471 4569/975/4470 1722/5900/4470
f 1726/5902/4472 4570/1728/4471 1724/5901/4471
f 1728/5903/4473 4572/2387/4472 1726/5902/4472
f 1730/5904/4474 4574/2986/4473 1728/5903/4473
f 1731/5905/4475 4576/5906/4474 1730/5904/4474
f 1734/5907/4476 4578/5908/4475 1731/5905/4475
f 1736/5909/4477 4580/5910/4476 1734/5907/4476
f 1738/5911/4478 4582/5912/4477 1736/5909/4477
f 1740/5913/4479 4585/5914/4478 1738/5911/4478
f 1742/5915/4480 4586/5916/4479 1740/5913/4479
f 1744/5917/4481 4588/5918/4480 1742/5915/4480
f 1746/5919/4482 4590/5920/4481 1744/5917/4481
f 1747/5921/4483 4592/5922/4482 1746/5919/4482
f 1750/5923/4484 4594/5924/4483 1747/5921/4483
f 1752/5925/4485 4596/5926/4484 1750/5923/4484
f 1754/5927/4486 4598/5928/4485 1752/5925/4485
f 1756/5929/4487 4601/5930/4486 1754/5927/4486
f 1758/5931/4488 4602/5932/4487 1756/5929/4487
f 1760/5933/4489 4604/5934/4488 1758/5931/4488
f 1762/5935/4490 4606/5936/4489 1760/5933/4489
f 1763/5937/4491 4608/5938/4490 1762/5935/4490
f 1766/5939/4492 4610/5940/4491 1763/5937/4491
f 1768/5941/4493 4612/5942/4492 1766/5939/4492
f 1770/5943/4494 4614/5944/4493 1768/5941/4493
f 1772/5945/4495 4617/5946/4494 1770/5943/4494
f 1774/5947/4496 4618/5948/4495 1772/5945/4495
f 1776/5949/4497 4620/5950/4496 1774/5947/4496
f 1778/5951/4498 4622/5952/4497 1776/5949/4497
f 1779/5953/4499 4624/5954/4498 1778/5951/4498
f 1782/5955/4500 4626/5956/4499 1779/5953/4499
f 1784/5957/4501 4628/5958/4500 1782/5955/4500
f 1786/5959/4502 4630/5960/4501 1784/5957/4501
f 1788/5961/4503 4633/5962/4502 1786/5959/4502
f 1790/5963/4272 4634/5964/4503 1788/5961/4503
f 1792/5965/4504 4636/5966/4272 1790/5963/4272
f 1794/5967/4505 4638/5968/4504 1792/5965/4504
f 1795/5969/4506 4640/5970/4505 1794/5967/4505
f 1798/5971/4507 4642/5972/4506 1795/5969/4506
f 1800/5973/4508 4644/5974/4507 1798/5971/4507
f 1802/5975/4509 4646/5976/4508 1800/5973/4508
f 1804/5977/4510 4649/5978/4509 1802/5975/4509
f 1806/5979/4511 4650/5980/4510 1804/5977/4510
f 1808/5981/4512 4652/5982/4511 1806/5979/4511
f 1810/5983/4513 4654/5984/4512 1808/5981/4512
f 1811/5985/4514 4656/5986/4513 1810/5983/4513
f 1814/5987/4515 4658/5988/4514 1811/5985/4514
f 1816/5989/4516 4660/5990/4515 1814/5987/4515
f 1818/5991/4517 4662/5992/4516 1816/5989/4516
f 1820/5993/4518 4665/5994/4517 1818/5991/4517
f 1822/5995/4384 4666/5996/4518 1820/5993/4518
f 1824/5997/4519 4668/5998/4384 1822/5995/4384
f 1826/5999/4520 4670/6000/4519 1824/5997/4519
f 1827/6001/4521 4672/6002/4520 1826/5999/4520
f 1830/6003/4522 4674/6004/4521 1827/6001/4521
f 1832/6005/4523 4676/6006/4522 1830/6003/4522
f 1834/6007/4524 4678/6008/4523 1832/6005/4523
f 1836/6009/4525 4681/6010/4524 1834/6007/4524
f 1838/6011/4526 4682/6012/4525 1836/6009/4525
f 1840/6013/4527 4684/6014/4526 1838/6011/4526
f 1842/6015/4528 4686/6016/4527 1840/6013/4527
f 1843/6017/4529 4688/6018/4528 1842/6015/4528
f 1846/6019/4530 4690/6020/4529 1843/6017/4529
f 1848/6021/4531 4692/6022/4532 1846/6019/4530
f 1850/6023/4533 4694/6024/4531 1848/6021/4531
f 1852/6025/4534 4697/6026/4533 1850/6023/4533
f 1854/6027/4535 4698/6028/4534 1852/6025/4534
f 1856/6029/4536 4700/6030/4535 1854/6027/4535
f 1858/6031/4537 4702/6032/4536 1856/6029/4536
f 1859/6033/4538 4704/6034/4537 1858/6031/4537
f 1862/6035/4539 4706/6036/4538 1859/6033/4538
f 1864/6037/4540 4708/6038/4539 1862/6035/4539
f 1866/6039/4541 4710/6040/4542 1864/6037/4540
f 1868/6041/4543 4713/6042/4541 1866/6039/4541
f 1870/6043/4544 4714/6044/4545 1868/6041/4543
f 1872/6045/4546 4716/6046/4544 1870/6043/4544
f 1874/6047/4547 4718/6048/4546 1872/6045/4546
f 1875/6049/4548 4720/6050/4547 1874/6047/4547
f 1878/6051/4549 4722/6052/4548 1875/6049/4548
f 1880/6053/4550 4724/6054/4549 1878/6051/4549
f 1882/6055/4551 4726/6056/4550 1880/6053/4550
f 1884/6057/4552 4729/6058/4551 1882/6055/4551
f 1886/6059/4553 4730/6060/4552 1884/6057/4552
f 1888/6061/4260 4732/6062/4553 1886/6059/4553
f 1890/6063/4554 4734/6064/4260 1888/6061/4260
f 1891/6065/4555 4736/6066/4554 1890/6063/4554
f 1894/6067/4556 4738/6068/4555 1891/6065/4555
f 1896/6069/4557 4740/6070/4558 1894/6067/4556
f 1898/6071/4559 4742/6072/4557 1896/6069/4557
f 1900/6073/4560 4745/969/4559 1898/6071/4559
f 1902/6074/4561 4746/1726/4560 1900/6073/4560
f 1904/6075/4562 4748/2394/4561 1902/6074/4561
f 1906/6076/4563 4750/2393/4562 1904/6075/4562
f 1907/6077/4564 4752/2995/4563 1906/6076/4563
f 1910/6078/4565 4754/4056/4564 1907/6077/4564
f 1912/6079/4566 4756/4055/4565 1910/6078/4565
f 1914/6080/4567 4758/4589/4566 1912/6079/4566
f 1916/6081/4568 4761/1004/4567 1914/6080/4567
f 1918/6082/4569 4762/1002/4568 1916/6081/4568
f 1920/6083/4570 4764/1752/4569 1918/6082/4569
f 1922/6084/4571 4766/2417/4572 1920/6083/4570
f 1923/6085/4573 4768/3021/4571 1922/6084/4571
f 1926/6086/4574 4770/3575/4573 1923/6085/4573
f 1928/6087/4575 4772/4074/4574 1926/6086/4574
f 1930/6088/4576 4774/4605/4575 1928/6087/4575
f 1932/6089/4577 4777/1028/4576 1930/6088/4576
f 1934/6090/4578 4778/1026/4579 1932/6089/4577
f 1936/6091/4580 4780/1762/4578 1934/6090/4578
f 1938/6092/4581 4782/2425/4580 1936/6091/4580
f 1939/5699/4582 4784/3579/4583 1938/6092/4581
f 1942/6093/4584 4786/4080/4585 1939/5699/4582
f 1944/6094/4586 4788/4611/4587 1942/6093/4584
f 1946/6095/4588 4790/4874/4586 1944/6094/4586
f 1948/6096/4589 4793/1023/4588 1946/6095/4588
f 1950/6097/4590 4794/1760/4589 1948/6096/4589
f 1952/6098/4591 4796/2423/4590 1950/6097/4590
f 1954/6099/4592 4798/3025/4591 1952/6098/4591
f 1955/6100/4593 4800/3573/4592 1954/6099/4592
f 1958/6101/4594 4802/4070/4593 1955/6100/4593
f 1960/6102/4595 4804/4601/4594 1958/6101/4594
f 1962/6103/4596 4806/4868/4595 1960/6102/4595
f 1964/6104/4597 4809/996/4596 1962/6103/4596
f 1966/6105/4598 4810/1740/4597 1964/6104/4597
f 1968/6106/4599 4812/2399/4598 1966/6105/4598
f 1970/6107/4600 4814/3001/4599 1968/6106/4599
f 1971/6108/4601 4816/3550/4600 1970/6107/4600
f 1974/6109/4602 4818/4049/4601 1971/6108/4601
f 1976/6110/4603 4820/4575/4602 1974/6109/4602
f 1978/6111/4604 4822/6112/4603 1976/6110/4603
f 1980/6113/4605 4825/6114/4604 1978/6111/4604
f 1982/6115/4606 4826/6116/4605 1980/6113/4605
f 1984/6117/4607 4828/6118/4606 1982/6115/4606
f 1986/6119/4608 4830/6120/4607 1984/6117/4607
f 1987/6121/4609 4832/6122/4608 1986/6119/4608
f 1990/6123/4610 4834/6124/4609 1987/6121/4609
f 1992/6125/4611 4836/6126/4610 1990/6123/4610
f 1994/6127/4612 4838/6128/4611 1992/6125/4611
f 1996/6129/4613 4841/6130/4612 1994/6127/4612
f 1998/6131/4614 4842/6132/4613 1996/6129/4613
f 2000/6133/4615 4844/6134/4614 1998/6131/4614
f 2002/6135/4616 4846/6136/4615 2000/6133/4615
f 2003/6137/4617 4848/6138/4616 2002/6135/4616
f 2006/6139/4618 4850/6140/4617 2003/6137/4617
f 2008/6141/4619 4852/6142/4618 2006/6139/4618
f 2010/6143/4143 4854/6144/4619 2008/6141/4619
f 2012/6145/4503 4857/6146/4143 2010/6143/4143
f 2014/6147/4620 4858/6148/4503 2012/6145/4503
f 2016/6149/4621 4860/6150/4620 2014/6147/4620
f 2018/6151/4622 4862/6152/4621 2016/6149/4621
f 2019/6153/4623 4864/6154/4622 2018/6151/4622
f 2022/6155/4624 4866/6156/4623 2019/6153/4623
f 2024/6157/4625 4868/6158/4624 2022/6155/4624
f 2026/6159/4626 4870/6160/4625 2024/6157/4625
f 2028/6161/4627 4873/6162/4626 2026/6159/4626
f 2030/6163/4628 4874/6164/4627 2028/6161/4627
f 2032/6165/4629 4876/6166/4628 2030/6163/4628
f 2034/6167/4630 4878/6168/4629 2032/6165/4629
f 2035/6169/4631 4880/6170/4630 2034/6167/4630
f 2038/6171/4632 4882/6172/4631 2035/6169/4631
f 2040/6173/4633 4884/6174/4632 2038/6171/4632
f 2042/6175/4634 4886/6176/4633 2040/6173/4633
f 2044/6177/4635 4889/6178/4634 2042/6175/4634
f 2046/6179/4636 4890/6180/4635 2044/6177/4635
f 2048/6181/4637 4892/6182/4636 2046/6179/4636
f 2050/6183/4638 4894/6184/4637 2048/6181/4637
f 2051/6185/4639 4896/6186/4638 2050/6183/4638
f 2054/6187/4640 4898/6188/4641 2051/6185/4639
f 2056/6189/4642 4900/6190/4640 2054/6187/4640
f 2058/6191/3838 4902/6192/4643 2056/6189/4642
f 2060/6193/4176 4905/6194/3838 2058/6191/3838
f 2062/6195/4644 4906/6196/4176 2060/6193/4176
f 2064/6197/4645 4908/6198/4644 2062/6195/4644
f 2066/6199/4646 4910/6200/4645 2064/6197/4645
f 2067/6201/4647 4912/6202/4646 2066/6199/4646
f 2070/6203/4648 4914/6204/4647 2067/6201/4647
f 2072/6205/4649 4916/6206/4648 2070/6203/4648
f 2074/6207/4650 4918/6208/4651 2072/6205/4649
f 2076/6209/4652 4921/6210/4650 2074/6207/4650
f 2078/6211/4653 4922/6212/4652 2076/6209/4652
f 2080/6213/4654 4924/6214/4653 2078/6211/4653
f 2082/6215/4655 4926/6216/4656 2080/6213/4654
f 2083/6217/4657 4928/6218/4655 2082/6215/4655
f 2086/6219/4658 4930/6220/4657 2083/6217/4657
f 2088/6221/4659 4932/6222/4658 2086/6219/4658
f 2090/6223/4660 4934/6224/4659 2088/6221/4659
f 2092/6225/4661 4937/6226/4662 2090/6223/4660
f 2094/6227/4663 4938/6228/4661 2092/6225/4661
f 2096/6229/4664 4940/6230/4663 2094/6227/4663
f 2098/6231/4665 4942/6232/4664 2096/6229/4664
f 2099/6233/4666 4944/6234/4667 2098/6231/4665
f 2102/6235/4668 4946/6236/4666 2099/6233/4666
f 2104/6237/4669 4948/6238/4668 2102/6235/4668
f 2106/6239/4670 4950/6240/4671 2104/6237/4669
f 2108/6241/4672 4953/6242/4670 2106/6239/4670
f 2110/6243/4673 4954/6244/4674 2108/6241/4672
f 2112/6245/4675 4956/6246/4673 2110/6243/4673
f 2114/6247/4676 4958/6248/4675 2112/6245/4675
f 2115/6249/4677 4960/6250/4676 2114/6247/4676
f 2118/6251/4678 4962/6252/4677 2115/6249/4677
f 2120/6253/4679 4964/6254/4678 2118/6251/4678
f 2122/6255/4680 4966/6256/4679 2120/6253/4679
f 2124/6257/4681 4969/6258/4680 2122/6255/4680
f 2126/6259/4682 4970/6260/4683 2124/6257/4681
f 2128/6261/4684 4972/6262/4685 2126/6259/4682
f 2130/6263/4686 4974/6264/4684 2128/6261/4684
f 2131/6265/4687 4976/6266/4686 2130/6263/4686
f 2134/6267/4688 4978/6268/4687 2131/6265/4687
f 2136/6269/4689 4980/6270/4688 2134/6267/4688
f 2138/6271/4690 4982/6272/4689 2136/6269/4689
f 2140/6273/4691 4985/6274/4690 2138/6271/4690
f 2142/6275/4692 4986/6276/4691 2140/6273/4691
f 2144/6277/4693 4988/6278/4692 2142/6275/4692
f 2146/6279/4694 4990/6280/4693 2144/6277/4693
f 2147/6281/4695 4992/6282/4694 2146/6279/4694
f 2150/6283/4696 4994/6284/4695 2147/6281/4695
f 2152/6285/4697 4996/6286/4696 2150/6283/4696
f 2154/6287/4698 4998/6288/4697 2152/6285/4697
f 2156/6289/4699 5001/6290/4698 2154/6287/4698
f 2158/6291/4700 5002/6292/4701 2156/6289/4699
f 2160/6293/4702 5004/6294/4703 2158/6291/4700
f 2162/6295/4704 5006/6296/4702 2160/6293/4702
f 2163/6297/4705 5008/6298/4704 2162/6295/4704
f 2166/6299/4706 5010/6300/4705 2163/6297/4705
f 2168/6301/4707 5012/6302/4706 2166/6299/4706
f 2170/6303/4708 5014/6304/4707 2168/6301/4707
f 2172/6305/4709 5017/6306/4708 2170/6303/4708
f 2174/6307/4710 5018/6308/4709 2172/6305/4709
f 2176/6309/4711 5020/6310/4710 2174/6307/4710
f 2178/6311/4712 5022/6312/4713 2176/6309/4711
f 2179/6313/4714 5024/6314/4715 2178/6311/4712
f 2182/6315/4716 5026/6316/4717 2179/6313/4714
f 2184/6317/4718 5028/6318/4719 2182/6315/4716
f 2186/6319/4720 5030/6320/4718 2184/6317/4718
f 2188/6321/4721 5033/6322/4720 2186/6319/4720
f 2190/6323/4722 5034/6324/4721 2188/6321/4721
f 2191/4898/4723 5036/6325/4722 2190/6323/4722
f 2195/6326/4724 5039/41/4725 2193/6327/4725
f 2196/6328/4726 5041/6329/4724 2195/6326/4724
f 2199/6330/4727 5043/6331/4726 2196/6328/4726
f 2201/6332/4728 5045/6333/4729 2199/6330/4727
f 2203/6334/4730 5047/6335/4731 2201/6332/4728
f 2205/6336/4732 5050/6337/4730 2203/6334/4730
f 2207/6338/4733 5051/6339/4732 2205/6336/4732
f 2209/6340/4734 5053/6341/4735 2207/6338/4733
f 2211/6342/4736 5055/6343/4505 2209/6340/4734
f 2212/6344/4737 5057/6345/4736 2211/6342/4736
f 2215/6346/4738 5059/6347/4737 2212/6344/4737
f 2217/6348/4739 5061/6349/4740 2215/6346/4738
f 2219/6350/4741 5063/6351/4742 2217/6348/4739
f 2221/6352/4743 5066/6353/4744 2219/6350/4741
f 2223/6354/4745 5067/6355/4746 2221/6352/4743
f 2225/6356/4747 5069/6357/4748 2223/6354/4745
f 2227/6358/4749 5071/6359/4750 2225/6356/4747
f 2228/6360/4751 5073/6361/4752 2227/6358/4749
f 2231/6362/4753 5075/6363/4754 2228/6360/4751
f 2233/6364/4755 5077/6365/4753 2231/6362/4753
f 2235/6366/4756 5079/6367/4755 2233/6364/4755
f 2237/6368/4757 5082/6369/4758 2235/6366/4756
f 2239/6370/4759 5083/6371/4760 2237/6368/4757
f 2241/6372/4761 5085/6373/4759 2239/6370/4759
f 2243/1447/4762 5087/6374/4761 2241/6372/4761
f 2244/6375/4763 5089/4645/4762 2243/1447/4762
f 2247/6376/4764 5091/6377/4763 2244/6375/4763
f 2249/6378/4273 5093/6379/4765 2247/6376/4764
f 2251/6380/4766 5095/6381/4767 2249/6378/4273
f 2253/6382/4622 5098/6383/4766 2251/6380/4766
f 2255/6384/4768 5099/6385/4622 2253/6382/4622
f 2257/6386/4769 5101/6387/4768 2255/6384/4768
f 2259/6388/4770 5103/6389/4771 2257/6386/4769
f 2260/6390/4772 5105/6391/4770 2259/6388/4770
f 2263/6392/4773 5107/6393/4772 2260/6390/4772
f 2265/6394/4774 5109/6395/4775 2263/6392/4773
f 2267/6396/4776 5111/6397/4777 2265/6394/4774
f 2269/6398/4778 5114/6399/4779 2267/6396/4776
f 2271/6400/4780 5115/6401/4778 2269/6398/4778
f 2273/6402/4781 5117/6403/4782 2271/6400/4780
f 2275/6404/4783 5119/6405/4781 2273/6402/4781
f 2276/6406/4784 5121/6407/4783 2275/6404/4783
f 2279/6408/4785 5123/6409/4784 2276/6406/4784
f 2281/6410/4786 5125/6411/4785 2279/6408/4785
f 2283/6412/4787 5127/6413/4786 2281/6410/4786
f 2285/6414/4788 5130/6415/4787 2283/6412/4787
f 2287/6416/4789 5131/6417/4788 2285/6414/4788
f 2289/6418/4790 5133/6419/4789 2287/6416/4789
f 2291/6420/4791 5135/6421/4790 2289/6418/4790
f 2292/6422/4792 5137/6423/4791 2291/6420/4791
f 2295/6424/4793 5139/6425/4792 2292/6422/4792
f 2297/6426/4794 5141/6427/4793 2295/6424/4793
f 2299/6428/4795 5143/6429/4794 2297/6426/4794
f 2301/6430/4159 5146/6431/4795 2299/6428/4795
f 2303/6432/4796 5147/6433/4159 2301/6430/4159
f 2305/6434/4797 5149/6435/4796 2303/6432/4796
f 2307/6436/4798 5151/6437/4797 2305/6434/4797
f 2308/6438/4799 5153/6439/4798 2307/6436/4798
f 2311/6440/4800 5155/6441/4799 2308/6438/4799
f 2313/6442/4801 5157/6443/4800 2311/6440/4800
f 2315/6444/4802 5159/6445/4801 2313/6442/4801
f 2317/6446/4236 5162/6447/4802 2315/6444/4802
f 2319/6448/3843 5163/6449/4236 2317/6446/4236
f 2321/6450/4803 5165/6451/3843 2319/6448/3843
f 2323/6452/4804 5167/6453/4803 2321/6450/4803
f 2324/6454/4805 5169/6455/4804 2323/6452/4804
f 2327/6456/4806 5171/6457/4805 2324/6454/4805
f 2329/6458/4807 5173/6459/4806 2327/6456/4806
f 2331/6460/4808 5175/6461/4807 2329/6458/4807
f 2333/6462/4809 5178/6463/4808 2331/6460/4808
f 2335/6464/4810 5179/6465/4809 2333/6462/4809
f 2337/6466/4811 5181/6467/4810 2335/6464/4810
f 2339/6468/4812 5183/6469/4811 2337/6466/4811
f 2340/6470/4813 5185/6471/4812 2339/6468/4812
f 2343/6472/4814 5187/6473/4813 2340/6470/4813
f 2345/6474/4815 5189/6475/4814 2343/6472/4814
f 2347/6476/4816 5191/6477/4815 2345/6474/4815
f 2349/6478/4817 5194/6479/4816 2347/6476/4816
f 2351/6480/4818 5195/6481/4817 2349/6478/4817
f 2353/6482/4819 5197/6483/4818 2351/6480/4818
f 2355/6484/4820 5199/2990/4819 2353/6482/4819
f 2356/6485/4821 5201/2988/4820 2355/6484/4820
f 2359/6486/4822 5203/3548/4821 2356/6485/4821
f 2361/6487/4823 5205/4578/4822 2359/6486/4822
f 2363/6488/4824 5207/4577/4823 2361/6487/4823
f 2365/6489/4825 5210/980/4824 2363/6488/4824
f 2367/6490/4826 5211/978/4825 2365/6489/4825
f 2369/6491/4827 5213/1734/4826 2367/6490/4826
f 2371/6492/4828 5215/3000/4827 2369/6491/4827
f 2372/6493/4829 5217/2999/4828 2371/6492/4828
f 2375/6494/4830 5219/4054/4831 2372/6493/4829
f 2377/6495/4832 5221/4053/4830 2375/6494/4830
f 2379/6496/4833 5223/4863/4832 2377/6495/4832
f 2381/6497/4834 5226/990/4833 2379/6496/4833
f 2383/6498/4835 5227/1739/4834 2381/6497/4834
f 2385/6499/4836 5229/1738/4835 2383/6498/4835
f 2387/6500/4837 5231/3004/4836 2385/6499/4836
f 2388/6501/4838 5233/3003/4837 2387/6500/4837
f 2391/6502/4839 5235/4064/4838 2388/6501/4838
f 2393/6503/4840 5237/4595/4839 2391/6502/4839
f 2395/6504/4841 5239/4867/4840 2393/6503/4840
f 2397/6505/4842 5242/999/4841 2395/6504/4841
f 2399/6506/4843 5243/1751/4842 2397/6505/4842
f 2401/6507/4844 5245/1750/4843 2399/6506/4843
f 2403/6508/4845 5247/3017/4844 2401/6507/4844
f 2404/6509/4846 5249/3572/4845 2403/6508/4845
f 2407/6510/4847 5251/3571/4846 2404/6509/4846
f 2409/6511/4848 5253/4600/4847 2407/6510/4847
f 2411/6512/4849 5255/4599/4848 2409/6511/4848
f 2413/6513/4850 5258/1010/4849 2411/6512/4849
f 2415/6514/4851 5259/1008/4850 2413/6513/4850
f 2417/6515/4852 5261/2407/4851 2415/6514/4851
f 2419/6516/4853 5263/3006/4852 2417/6515/4852
f 2421/20/3617 5265/3005/4853 2419/6516/4853
f 2424/6517/4854 5268/44/3618 2420/19/4855
f 2426/6518/4856 5270/4594/4857 2424/6517/4854
f 2428/6519/4858 5272/4593/4856 2426/6518/4856
f 2430/6520/4859 5275/993/4858 2428/6519/4858
f 2432/6521/4860 5276/1743/4859 2430/6520/4859
f 2434/6522/4861 5278/1742/4862 2432/6521/4860
f 2436/6523/4863 5280/3014/4861 2434/6522/4861
f 2437/6524/4864 5282/3013/4863 2436/6523/4863
f 2440/6525/4865 5284/3567/4864 2437/6524/4864
f 2442/6526/4866 5286/4066/4865 2440/6525/4865
f 2444/6527/4867 5288/4870/4866 2442/6526/4866
f 2446/6528/4868 5291/1011/4867 2444/6527/4867
f 2448/6529/4869 5292/1756/4868 2446/6528/4868
f 2450/6530/4870 5294/2422/4869 2448/6529/4869
f 2452/6531/4871 5296/2421/4872 2450/6530/4870
f 2453/6532/4873 5298/3023/4871 2452/6531/4871
f 2456/6533/4874 5300/4077/4873 2453/6532/4873
f 2458/6534/4875 5302/4076/4874 2456/6533/4874
f 2460/6535/4876 5304/4876/4877 2458/6534/4875
f 2462/6536/4878 5307/1029/4876 2460/6535/4876
f 2464/6537/4879 5308/1765/4878 2462/6536/4878
f 2466/6538/4880 5310/1764/4879 2464/6537/4879
f 2468/6539/4881 5312/2427/4880 2466/6538/4880
f 2469/6540/4882 5314/3582/4881 2468/6539/4881
f 2472/6541/4883 5316/4082/4882 2469/6540/4882
f 2474/6542/4884 5318/4607/4883 2472/6541/4883
f 2476/6543/4885 5320/4872/4884 2474/6542/4884
f 2478/6544/4886 5323/1022/4885 2476/6543/4885
f 2480/6545/4887 5324/1020/4886 2478/6544/4886
f 2482/6546/4888 5326/1758/4887 2480/6545/4887
f 2484/6547/4889 5328/2415/4888 2482/6546/4888
f 2485/6548/4890 5330/3015/4889 2484/6547/4889
f 2488/6549/4891 5332/3563/4890 2485/6548/4890
f 2490/6550/4892 5334/4584/4891 2488/6549/4891
f 2492/6551/4893 5336/4583/4892 2490/6550/4892
f 2494/6552/4894 5339/984/4893 2492/6551/4893
f 2496/6553/4895 5340/1733/4894 2494/6552/4894
f 2498/6554/4896 5342/1732/4895 2496/6553/4895
f 2500/6555/4897 5344/2992/4896 2498/6554/4896
f 2501/6556/4898 5346/2991/4897 2500/6555/4897
f 2504/6557/4899 5348/3542/4898 2501/6556/4898
f 2506/6558/4900 5350/6559/4899 2504/6557/4899
f 2508/6560/4901 5352/6561/4900 2506/6558/4900
f 2510/6562/4902 5355/6563/4901 2508/6560/4901
f 2512/6564/4903 5356/6565/4902 2510/6562/4902
f 2514/6566/4904 5358/6567/4903 2512/6564/4903
f 2516/6568/4905 5360/6569/4904 2514/6566/4904
f 2517/6570/4906 5362/6571/4905 2516/6568/4905
f 2520/6572/4907 5364/6573/4906 2517/6570/4906
f 2522/6574/4908 5366/6575/4907 2520/6572/4907
f 2524/6576/4909 5368/6577/4908 2522/6574/4908
f 2526/6578/4910 5371/6579/4909 2524/6576/4909
f 2528/6580/4911 5372/6581/4910 2526/6578/4910
f 2530/6582/4912 5374/6583/4911 2528/6580/4911
f 2532/6584/4913 5376/6585/4912 2530/6582/4912
f 2533/6586/4914 5378/6587/4913 2532/6584/4913
f 2536/6588/4915 5380/6589/4914 2533/6586/4914
f 2538/6590/4916 5382/6591/4915 2536/6588/4915
f 2540/6592/4917 5384/6593/4916 2538/6590/4916
f 2542/6594/4918 5387/6595/4917 2540/6592/4917
f 2544/6596/4919 5388/6597/4918 2542/6594/4918
f 2546/5789/4920 5390/6598/4919 2544/6596/4919
f 2548/6599/4921 5392/5792/4922 2546/5789/4920
f 2549/6600/4923 5394/6601/4921 2548/6599/4921
f 2552/6602/4924 5396/6603/4923 2549/6600/4923
f 2554/6604/4925 5398/6605/4924 2552/6602/4924
f 2556/6606/4926 5400/6607/4925 2554/6604/4925
f 2558/6608/4927 5403/6609/4926 2556/6606/4926
f 2560/6610/4928 5404/6611/4927 2558/6608/4927
f 2562/6612/4929 5406/6613/4928 2560/6610/4928
f 2564/6614/4930 5408/6615/4929 2562/6612/4929
f 2565/6616/4931 5410/6617/4930 2564/6614/4930
f 2568/6618/4932 5412/6619/4931 2565/6616/4931
f 2569/4899/3608 5414/6620/4932 2568/6618/4932
f 2573/6621/4933 5417/47/3609 2571/6622/4934
f 2575/6623/4935 5420/6624/4933 2573/6621/4933
f 2577/6625/4936 5421/6626/4935 2575/6623/4935
f 2579/6627/4937 5423/6628/4936 2577/6625/4936
f 2581/6629/4938 5425/6630/4937 2579/6627/4937
f 2582/6631/4939 5427/6632/4940 2581/6629/4938
f 2585/6633/4941 5429/6634/4942 2582/6631/4939
f 2587/6635/4943 5431/6636/4941 2585/6633/4941
f 2589/6637/4944 5433/6638/4943 2587/6635/4943
f 2591/6639/4945 5436/972/4944 2589/6637/4944
f 2593/6640/4946 5437/1724/4945 2591/6639/4945
f 2595/6641/4947 5439/2395/4946 2593/6640/4946
f 2597/6642/4948 5441/2998/4947 2595/6641/4947
f 2598/6643/4949 5443/2997/4950 2597/6642/4948
f 2601/6644/4951 5445/4051/4949 2598/6643/4949
f 2603/6645/4952 5447/4592/4951 2601/6644/4951
f 2605/6646/4953 5449/4591/4952 2603/6645/4952
f 2607/6647/4954 5452/1005/4953 2605/6646/4953
f 2609/6648/4955 5453/1749/4954 2607/6647/4954
f 2611/6649/4956 5455/1748/4955 2609/6648/4955
f 2613/6650/4957 5457/3020/4956 2611/6649/4956
f 2614/6651/4958 5459/3019/4957 2613/6650/4957
f 2617/6652/4959 5461/4084/4958 2614/6651/4958
f 2619/6653/4960 5463/4617/4959 2617/6652/4959
f 2621/6654/4961 5465/4878/4960 2619/6653/4960
f 2623/6655/4962 5468/1032/4961 2621/6654/4961
f 2625/6656/4963 5469/1768/4962 2623/6655/4962
f 2627/6657/4964 5471/2434/4963 2625/6656/4963
f 2629/6658/4965 5473/2433/4964 2627/6657/4964
f 2630/6659/4966 5475/3589/4967 2629/6658/4965
f 2633/6660/4968 5477/3588/4969 2630/6659/4966
f 2635/6661/4970 5479/4627/4968 2633/6660/4968
f 2637/6662/4971 5481/4626/4970 2635/6661/4970
f 2639/6663/4972 5484/1046/4971 2637/6662/4971
f 2641/6664/4973 5485/1044/4972 2639/6663/4972
f 2643/6665/4974 5487/2440/4973 2641/6664/4973
f 2645/6666/4975 5489/2439/4974 2643/6665/4974
f 2646/6667/4976 5491/3595/4977 2645/6666/4975
f 2649/6668/4978 5493/3594/4976 2646/6667/4976
f 2651/6669/4979 5495/4631/4978 2649/6668/4978
f 2653/6670/4980 5497/4630/4981 2651/6669/4979
f 2655/6671/4982 5500/1058/4980 2653/6670/4980
f 2657/6672/4983 5501/1056/4984 2655/6671/4982
f 2659/6673/4985 5503/2447/4983 2657/6672/4983
f 2661/6674/4986 5505/3049/4985 2659/6673/4985
f 2662/6675/4987 5507/3603/4986 2661/6674/4986
f 2665/6676/4988 5509/3602/4987 2662/6675/4987
f 2667/6677/4989 5511/4637/4988 2665/6676/4988
f 2669/6678/4990 5513/4636/4989 2667/6677/4989
f 2671/6679/4991 5516/1067/4990 2669/6678/4990
f 2673/6680/4992 5517/1065/4991 2671/6679/4991
f 2675/6681/4993 5519/2449/4994 2673/6680/4992
f 2677/6682/4995 5521/3053/4996 2675/6681/4993
f 2678/6683/4997 5523/3606/4995 2677/6682/4995
f 2681/6684/4998 5525/4106/4997 2678/6683/4997
f 2683/6685/4999 5527/4641/4998 2681/6684/4998
f 2685/6686/5000 5529/4640/4999 2683/6685/4999
f 2687/6687/5001 5532/1068/5000 2685/6686/5000
f 2689/6688/5002 5533/1788/5001 2687/6687/5001
f 2691/6689/4096 5535/2451/5002 2689/6688/5002
f 2693/6690/4335 5537/3051/4096 2691/6689/4096
f 2694/6691/5003 5539/3605/5004 2693/6690/4335
f 2697/6692/5005 5541/3604/5003 2694/6691/5003
f 2699/6693/5006 5543/4104/5005 2697/6692/5005
f 2701/6694/5007 5545/4887/5006 2699/6693/5006
f 2703/6695/5008 5548/1064/5009 2701/6694/5007
f 2705/6696/5010 5549/1062/5008 2703/6695/5008
f 2707/6697/5011 5551/2443/5010 2705/6696/5010
f 2709/6698/5012 5553/3046/5011 2707/6697/5011
f 2710/6699/5013 5555/3045/5012 2709/6698/5012
f 2713/6700/5014 5557/4097/5013 2710/6699/5013
f 2715/6701/5015 5559/4096/5014 2713/6700/5014
f 2717/6702/5016 5561/4628/5015 2715/6701/5015
f 2719/6703/5017 5564/1047/5016 2717/6702/5016
f 2721/6704/5018 5565/1775/5017 2719/6703/5017
f 2723/6705/4448 5567/1774/5018 2721/6704/5018
f 2725/6706/5019 5569/2435/4448 2723/6705/4448
f 2726/6707/5020 5571/3037/5019 2725/6706/5019
f 2729/6708/5021 5573/4091/5020 2726/6707/5020
f 2731/6709/5022 5575/4090/5021 2729/6708/5021
f 2733/6710/5023 5577/4879/5022 2731/6709/5022
f 2735/6711/5024 5580/1038/5023 2733/6710/5023
f 2737/6712/5025 5581/1767/5024 2735/6711/5024
f 2739/6713/5026 5583/1766/5025 2737/6712/5025
f 2741/6714/5027 5585/3032/5026 2739/6713/5026
f 2742/6715/5028 5587/3031/5027 2741/6714/5027
f 2745/6716/5029 5589/3584/5028 2742/6715/5028
f 2747/6717/5030 5591/4078/5029 2745/6716/5029
f 2749/6718/5031 5593/4871/5030 2747/6717/5030
f 2751/6719/5032 5596/1014/5031 2749/6718/5031
f 2753/6720/5033 5597/1745/5032 2751/6719/5032
f 2755/6721/5034 5599/1744/5033 2753/6720/5033
f 2757/6722/5035 5601/2409/5036 2755/6721/5034
f 2758/6723/5037 5603/3011/5035 2757/6722/5035
f 2761/6724/5038 5605/4062/5037 2758/6723/5037
f 2763/6725/5039 5607/4061/5038 2761/6724/5038
f 2765/6726/5040 5609/4585/5039 2763/6725/5039
f 2767/6727/5041 5612/983/5040 2765/6726/5040
f 2769/6728/5042 5613/981/5041 2767/6727/5041
f 2771/6729/5043 5615/1730/5042 2769/6728/5042
f 2773/6730/5044 5617/2993/5043 2771/6729/5043
f 2774/6731/5045 5619/3545/5044 2773/6730/5044
f 2777/6732/5046 5621/3544/5045 2774/6731/5045
f 2779/6733/5047 5623/6734/5046 2777/6732/5046
f 2781/6735/5048 5625/6736/5047 2779/6733/5047
f 2783/6737/5049 5628/6738/5048 2781/6735/5048
f 2785/6739/5050 5629/6740/5049 2783/6737/5049
f 2787/6741/5051 5631/6742/5050 2785/6739/5050
f 2789/6743/5052 5633/6744/5051 2787/6741/5051
f 2790/6745/5053 5635/6746/5052 2789/6743/5052
f 2793/6747/5054 5637/6748/5053 2790/6745/5053
f 2795/6749/5055 5639/6750/5054 2793/6747/5054
f 2797/6751/5056 5641/6752/5055 2795/6749/5055
f 2799/6753/5057 5644/6754/5056 2797/6751/5056
f 2801/6755/5058 5645/6756/5057 2799/6753/5057
f 2803/6757/5059 5647/6758/5058 2801/6755/5058
f 2805/6759/5060 5649/6760/5059 2803/6757/5059
f 2806/6761/5061 5651/6762/5060 2805/6759/5060
f 2809/6763/5062 5653/6764/5061 2806/6761/5061
f 2811/6765/5063 5655/6766/5062 2809/6763/5062
f 2813/6767/5064 5657/6768/5063 2811/6765/5063
f 2815/6769/5065 5660/6770/5064 2813/6767/5064
f 2817/6771/5066 5661/6772/5065 2815/6769/5065
f 2819/6773/5067 5663/6774/5066 2817/6771/5066
f 2821/6775/5068 5665/2983/5067 2819/6773/5067
f 2822/6776/5069 5667/3546/5068 2821/6775/5068
f 2825/6777/5070 5669/4048/5069 2822/6776/5069
f 2827/6778/5071 5671/4047/5070 2825/6777/5070
f 2829/6779/5072 5673/4859/5071 2827/6778/5071
f 2831/6780/5073 5676/987/5072 2829/6779/5072
f 2833/6781/5074 5677/1736/5073 2831/6780/5073
f 2835/6782/5075 5679/2401/5074 2833/6781/5074
f 2837/6783/5076 5681/3009/5075 2835/6782/5075
f 2838/6784/5077 5683/3569/5076 2837/6783/5076
f 2841/6785/5078 5685/4072/5077 2838/6784/5077
f 2843/6786/5079 5687/4613/5078 2841/6785/5078
f 2845/6787/5080 5689/4877/5079 2843/6786/5079
f 2846/5858/4427 5692/1035/5080 2845/6787/5080
f 2918/6788/5081 2934/6789/5081 2971/6790/5081
f 3086/6791/5081 3088/6792/5081 3491/6793/5081
f 4263/1846/5081 4264/658/5081 4135/4787/5081
f 4455/4452/5081 4456/703/5081 4323/3939/5081
f 4791/6794/5081 4792/6795/5081 5522/6796/5081
f 1189/52/47 1190/1098/47 1186/53/48
f 1220/55/49 1221/1100/50 1222/56/50
f 1237/58/52 1238/1102/52 1235/59/53
f 996/61/54 997/1104/828 994/62/55
f 1011/64/57 1012/1106/830 1013/65/58
f 1027/67/60 1028/1108/832 1029/68/61
f 1043/70/62 1044/1110/63 1045/71/63
f 980/73/65 981/1112/65 978/74/66
f 1059/76/67 1060/1114/836 1061/77/68
f 1075/79/69 1076/1116/70 1077/80/70
f 1091/82/72 1092/1118/73 1093/83/73
f 963/85/74 964/1119/75 965/86/75
f 1107/88/76 1108/1122/841 1109/89/77
f 1124/91/78 1125/1124/78 1122/92/79
f 948/94/81 949/1126/81 946/95/82
f 932/97/84 933/1128/84 930/98/85
f 1140/100/86 1141/1130/846 1138/101/87
f 916/103/89 917/1132/89 914/104/90
f 1155/106/91 1156/1134/92 1157/107/92
f 900/109/93 901/1136/93 898/110/94
f 1172/112/95 1173/1138/851 1170/113/96
f 884/115/98 885/1140/98 882/116/99
f 868/118/100 869/1142/100 866/119/101
f 852/121/102 853/1144/102 850/122/103
f 1396/124/104 1397/1148/105 1398/125/105
f 838/127/106 839/1146/106 836/128/107
f 1412/130/108 1413/1149/141 1414/131/109
f 1380/133/111 1381/1151/143 1382/134/112
f 1429/136/114 1430/1154/114 1427/137/115
f 1364/139/117 1365/1155/858 1366/140/118
f 821/142/119 822/1158/120 823/143/120
f 1349/145/121 1350/1164/865 1347/146/122
f 1268/148/124 1269/1165/172 1270/149/125
f 1333/151/126 1334/1168/868 1331/152/127
f 1284/154/128 1285/1172/871 1286/155/129
f 1316/157/131 1317/1176/187 1318/158/132
f 1300/160/134 1301/1179/135 1302/161/135
f 809/163/136 810/1175/136 807/164/137
f 157/166/138 158/1183/139 159/167/139
f 1589/169/140 1590/1186/140 1587/170/105
f 1604/172/141 1605/1190/880 1606/173/142
f 1572/175/143 1573/1188/144 1574/176/144
f 1621/178/145 1622/1194/145 1619/179/114
f 1556/181/118 1557/1191/147 1558/182/147
f 173/184/148 174/1197/149 175/185/149
f 781/187/150 782/1196/884 779/188/151
f 397/190/153 398/1205/153 395/191/154
f 1541/193/155 1542/1200/155 1539/194/156
f 381/196/157 382/1208/157 379/197/158
f 413/199/159 414/1210/159 411/200/160
f 365/202/162 366/1212/162 363/203/163
f 765/205/164 766/1214/893 763/206/165
f 189/208/167 190/1218/896 191/209/168
f 349/211/169 350/1216/169 347/212/170
f 1460/214/172 1461/1221/898 1462/215/173
f 1525/217/174 1526/1220/174 1523/218/175
f 748/220/176 749/1224/177 750/221/177
f 332/223/178 333/1225/179 334/224/179
f 428/226/180 429/1228/903 430/227/181
f 1476/229/182 1477/1234/907 1478/230/183
f 733/232/185 734/1230/185 731/233/186
f 1508/235/187 1509/1232/188 1510/236/188
f 1493/238/189 1494/1238/189 1491/239/135
f 318/241/190 319/1235/908 320/242/191
f 445/244/192 446/1242/913 443/245/193
f 716/247/194 717/1240/195 718/248/195
f 205/250/196 206/1243/197 207/251/197
f 460/253/198 461/1247/916 462/254/199
f 302/256/201 303/1245/201 300/257/202
f 476/259/203 477/1250/204 478/260/204
f 701/262/205 702/1249/205 699/263/206
f 493/265/207 494/1253/920 491/266/208
f 221/268/209 222/1255/922 223/269/210
f 509/271/211 510/1261/927 507/272/212
f 285/274/213 286/1257/214 287/275/214
f 237/277/215 238/1262/216 239/278/216
f 685/280/217 686/1259/925 683/281/218
f 254/283/219 255/1267/931 252/284/220
f 269/286/221 270/1264/222 271/287/222
f 669/289/223 670/1272/936 667/290/224
f 528/292/226 529/1273/937 530/293/227
f 652/295/228 653/1275/939 654/296/229
f 540/298/230 541/1277/231 542/299/231
f 637/301/232 638/1280/232 635/302/233
f 556/304/234 557/1282/235 558/305/235
f 620/307/236 621/1283/237 622/308/237
f 572/310/238 573/1286/239 574/311/239
f 604/313/240 605/1288/241 606/314/241
f 589/316/242 590/1290/242 587/317/243
f 2037/319/244 2038/1292/949 2035/320/245
f 2052/322/246 2053/1294/951 2054/323/247
f 2021/325/248 2022/1296/248 2019/326/249
f 2068/328/251 2069/1297/252 2070/329/252
f 2085/331/253 2086/1302/956 2083/332/254
f 2004/334/255 2005/1299/256 2006/335/256
f 2101/337/257 2102/1304/257 2099/338/258
f 2116/340/259 2117/1305/260 2118/341/260
f 1812/343/261 1813/1308/960 1814/344/262
f 1828/346/263 1829/1312/963 1830/347/264
f 2132/349/266 2133/1313/267 2134/350/267
f 1796/352/268 1797/1310/269 1798/353/269
f 1844/355/271 1845/1317/967 1846/356/272
f 1780/358/273 1781/1316/966 1782/359/274
f 2148/361/275 2149/1319/276 2150/362/276
f 1860/364/277 1861/1325/973 1862/365/278
f 1765/367/279 1766/1324/972 1763/368/280
f 2165/370/282 2166/1328/282 2163/371/283
f 1989/373/284 1990/1322/284 1987/374/285
f 2567/376/286 2568/1329/286 2565/377/287
f 2550/379/288 2551/1330/289 2552/380/289
f 2294/382/290 2295/1335/290 2292/383/291
f 2278/385/293 2279/1337/293 2276/386/294
f 2535/388/295 2536/1333/295 2533/389/296
f 2310/391/297 2311/1339/981 2308/392/298
f 2261/394/299 2262/1340/982 2263/395/300
f 2246/397/302 2247/1345/986 2244/398/303
f 1876/400/304 1877/1346/305 1878/401/305
f 2180/403/307 2181/1350/989 2182/404/308
f 2229/406/309 2230/1349/310 2231/407/310
f 1748/409/312 1749/1343/313 1750/410/313
f 2325/412/314 2326/1353/315 2327/413/315
f 2213/415/316 2214/1354/992 2215/416/317
f 2518/418/319 2519/1356/320 2520/419/320
f 2197/421/321 2198/1359/322 2199/422/322
f 2583/424/324 2584/1370/325 2585/425/325
f 2792/427/326 2793/1361/997 2790/428/327
f 2342/430/328 2343/1365/1001 2340/431/329
f 2807/433/330 2808/1366/331 2809/434/331
f 1893/436/332 1894/1369/1004 1891/437/333
f 1733/439/335 1734/1363/999 1731/440/336
f 2503/442/337 2504/1373/337 2501/443/338
f 2775/445/339 2776/1374/340 2777/446/340
f 2358/448/341 2359/1379/341 2356/449/342
f 2824/451/343 2825/1381/343 2822/452/344
f 1973/454/345 1974/1377/345 1971/455/346
f 2599/457/347 2600/1392/348 2601/458/348
f 2373/460/350 2374/1389/351 2375/461/351
f 1908/463/352 1909/1390/353 1910/464/353
f 1717/466/355 1718/1383/355 1715/467/356
f 2486/469/357 2487/1384/358 2488/470/358
f 2759/472/359 2760/1386/1013 2761/473/360
f 2423/475/362 2424/1395/362 2420/476/17
f 2390/478/363 2391/1397/1020 2388/479/364
f 2439/481/365 2440/1399/365 2437/482/366
f 2406/484/367 2407/1401/1023 2404/485/368
f 1957/487/369 1958/1403/369 1955/488/370
f 2840/490/371 2841/1415/371 2838/491/372
f 1924/493/373 1925/1406/374 1926/494/374
f 2454/496/375 2455/1411/376 2456/497/376
f 2743/499/377 2744/1404/378 2745/500/378
f 1941/502/379 1942/1413/379 1939/503/380
f 2471/505/381 2472/1409/381 2469/506/382
f 2616/508/383 2617/1419/383 2614/509/384
f 1700/511/385 1701/1416/386 1702/512/386
f 2632/514/387 2633/1429/1040 2630/515/388
f 2727/517/389 2728/1424/1036 2729/518/390
f 1685/520/392 1686/1426/392 1683/521/393
f 2648/523/394 2649/1433/394 2646/524/395
f 2711/526/396 2712/1430/397 2713/527/397
f 1669/529/398 1670/1435/398 1667/530/399
f 1652/532/400 1653/1437/401 1654/533/401
f 2664/535/402 2665/1439/1046 2662/536/403
f 2695/538/404 2696/1441/405 2697/539/405
f 2680/541/406 2681/1443/406 2678/542/407
f 67/544/408 68/1447/1051 65/545/409
f 51/547/410 52/1445/410 49/548/411
f 35/550/412 36/1449/412 33/551/413
f 18/553/414 19/1450/415 20/554/415
f 82/556/416 83/1455/1056 84/557/417
f 98/559/418 99/1457/419 100/560/419
f 114/562/421 115/1459/1059 116/563/422
f 2/565/423 3/1453/424 4/566/424
f 131/568/425 132/6797/425 2/569/423
f 130/571/426 132/6797/425 131/568/425
f 4041/573/427 4042/1461/428 4043/574/428
f 4058/576/430 4059/1463/1062 4056/577/431
f 4074/579/433 4075/1465/433 4072/580/434
f 4090/582/435 4091/1467/1065 4088/583/436
f 3849/585/437 3850/1469/437 3847/586/438
f 3865/588/439 3866/1471/1068 3863/589/440
f 3881/591/442 3882/1475/442 3879/592/443
f 3833/594/445 3834/1473/445 3831/595/446
f 3897/597/447 3898/1477/1072 3895/598/448
f 3913/600/449 3914/1479/1074 3911/601/450
f 3928/603/451 3929/1483/452 3930/604/452
f 3816/606/453 3817/1481/454 3818/607/454
f 3945/609/455 3946/1485/455 3943/610/456
f 3961/612/457 3962/1487/457 3959/613/458
f 3800/615/459 3801/1489/1080 3802/616/460
f 3976/618/462 3977/1490/463 3978/619/463
f 3785/621/464 3786/1493/464 3783/622/465
f 3992/624/466 3993/1497/467 3994/625/467
f 3768/627/468 3769/1494/469 3770/628/469
f 3753/630/470 3754/1499/470 3751/631/471
f 4008/633/472 4009/1501/473 4010/634/473
f 3736/636/474 3737/1502/475 3738/637/475
f 4024/639/476 4025/1505/1089 4026/640/477
f 3721/642/479 3722/1507/479 3719/643/480
f 3704/645/481 3705/1508/1091 3706/646/482
f 4249/650/484 4250/1511/485 4251/651/485
f 4233/653/486 4234/1513/1093 4235/654/487
f 4265/656/489 4266/1515/1095 4267/657/490
f 4218/659/492 4219/1517/492 4216/660/493
f 3675/662/495 3676/1519/1098 3673/663/496
f 2982/25/23 2985/2174/498 2986/665/498
f 4281/666/499 4282/1520/500 4283/667/500
f 4202/669/502 4203/1523/1101 4200/670/503
f 4106/672/505 4107/1525/550 4104/673/506
f 4185/675/508 4186/1529/509 4187/676/509
f 4122/678/510 4123/1532/510 4120/679/511
f 4169/681/513 4170/1534/1107 4171/682/514
f 4137/684/516 4138/1536/1109 4139/685/517
f 4153/687/519 4154/1538/520 4155/688/520
f 2995/690/521 2996/1540/521 2993/691/522
f 4442/693/523 4443/1542/1112 4440/694/524
f 4426/696/525 4427/1544/525 4424/697/526
f 3010/699/528 3011/1552/529 3012/700/529
f 4458/702/530 4459/1549/530 4456/703/531
f 4410/705/533 4411/1551/533 4408/706/492
f 4473/708/534 4474/1554/1119 4475/709/535
f 3633/711/536 3634/2204/537 3635/712/537
f 4394/714/538 4395/1557/538 4392/715/539
f 3250/717/540 3251/1561/1125 3248/718/541
f 3233/720/542 3234/1559/1123 3235/721/543
f 3027/723/545 3028/1563/1127 3025/724/546
f 3618/726/547 3619/1565/1129 3616/727/548
f 4298/729/549 4299/1569/549 4296/730/550
f 3218/732/551 3219/1567/551 3216/733/552
f 3266/735/553 3267/1575/553 3264/736/554
f 3201/738/556 3202/1572/557 3203/739/557
f 4377/741/558 4378/1570/559 4379/742/559
f 3602/744/560 3603/1577/560 3600/745/561
f 3186/747/562 3187/1579/562 3184/748/563
f 3043/750/564 3044/1585/564 3041/751/565
f 4314/753/567 4315/1581/567 4312/754/568
f 3586/756/569 3587/1587/569 3584/757/570
f 4362/759/571 4363/1583/571 4360/760/514
f 3281/762/573 3282/1588/574 3283/763/574
f 3172/765/575 3173/2239/575 3170/766/576
f 4330/768/577 4331/1591/577 4328/769/578
f 3570/771/579 3571/1593/1144 3568/772/580
f 4346/774/581 4347/1595/581 4344/775/582
f 3298/777/583 3299/1599/1148 3296/778/584
f 3155/780/585 3156/1596/586 3157/781/586
f 3554/783/588 3555/1601/1150 3552/784/589
f 3313/786/590 3314/1603/591 3315/787/591
f 3059/789/592 3060/1605/592 3057/790/593
f 3329/792/594 3330/1607/595 3331/793/595
f 3345/795/596 3346/1610/597 3347/796/597
f 3138/798/599 3139/1609/600 3140/799/600
f 3538/801/601 3539/1613/601 3536/802/602
f 3075/804/604 3076/1615/604 3073/805/605
f 3122/807/606 3123/1617/607 3124/808/607
f 3090/810/608 3091/1619/1160 3092/811/609
f 3106/813/611 3107/1621/612 3108/814/612
f 3522/816/614 3523/1623/614 3520/817/615
f 3506/819/616 3507/1625/1164 3504/820/617
f 3490/822/619 3491/1627/1166 3488/823/620
f 3394/825/622 3395/1629/622 3392/826/623
f 3474/828/624 3475/1631/624 3472/829/625
f 3409/831/626 3410/1633/1170 3411/832/627
f 3457/834/628 3458/1635/629 3459/835/629
f 3425/837/630 3426/1636/631 3427/838/631
f 3441/840/633 3442/1639/634 3443/841/634
f 4889/843/636 4890/1641/637 4891/844/637
f 4874/846/638 4875/1643/1176 4872/847/639
f 4905/849/641 4906/1645/642 4907/850/642
f 4921/852/644 4922/1648/645 4923/853/645
f 4857/855/646 4858/1647/647 4859/856/647
f 4938/858/648 4939/1651/648 4936/859/649
f 4954/861/650 4955/1653/650 4952/862/651
f 4970/864/652 4971/1657/1184 4968/865/653
f 4665/867/654 4666/1658/655 4667/868/655
f 4649/870/656 4650/1660/657 4651/871/657
f 4682/873/658 4683/1663/1188 4680/874/659
f 4842/876/660 4843/1655/660 4840/877/661
f 4986/879/662 4987/1667/662 4984/880/663
f 4633/882/664 4634/1664/665 4635/883/665
f 4698/885/666 4699/1669/1192 4696/886/667
f 5001/888/668 5002/1672/1195 5003/889/669
f 4617/891/670 4618/1670/1193 4619/892/671
f 4714/894/672 4715/1677/1199 4712/895/673
f 5403/897/674 5404/1674/675 5405/898/675
f 5017/900/676 5018/1682/677 5019/901/677
f 5387/903/679 5388/1679/680 5389/904/680
f 4602/906/681 4603/1681/681 4600/907/682
f 5147/909/683 5148/1687/683 5145/910/684
f 5130/912/685 5131/1684/686 5132/913/686
f 5115/915/688 5116/1689/688 5113/916/689
f 5162/918/691 5163/1695/692 5164/919/692
f 5420/921/693 5421/1693/1208 5422/922/694
f 5098/924/695 5099/1691/696 5100/925/696
f 5083/927/697 5084/1697/1211 5081/928/698
f 5372/930/700 5373/1699/700 5370/931/701
f 5067/933/702 5068/1701/1214 5065/934/703
f 4730/936/705 4731/1709/705 4728/937/706
f 5033/939/708 5034/1705/709 5035/940/709
f 5179/942/710 5180/1707/710 5177/943/711
f 5051/945/712 5052/1703/1216 5049/946/713
f 4585/948/715 4586/1710/716 4587/949/716
f 5644/951/717 5645/1716/718 5646/952/718
f 5356/954/720 5357/1715/720 5354/955/721
f 4825/957/722 4826/1712/1221 4827/958/723
f 5629/960/724 5630/1719/724 5627/961/725
f 5660/963/726 5661/1720/727 5662/964/727
f 5195/966/728 5196/1723/728 5193/967/729
f 4745/969/731 4746/1726/1229 4747/970/732
f 5436/972/733 5437/1724/734 5438/973/734
f 4569/975/735 4570/1728/736 4571/976/736
f 5211/978/737 5212/1735/1235 5209/979/738
f 5613/981/740 5614/1731/740 5611/982/741
f 5339/984/742 5340/1733/743 5341/985/743
f 5676/987/744 5677/1736/745 5678/988/745
f 5226/990/746 5227/1739/747 5228/991/747
f 5275/993/749 5276/1743/750 5277/994/750
f 4809/996/751 4810/1740/752 4811/997/752
f 5242/999/753 5243/1751/754 5244/1000/754
f 4762/1002/755 4763/1753/755 4760/1003/756
f 5452/1005/757 5453/1749/758 5454/1006/758
f 5259/1008/759 5260/1747/759 5257/1009/760
f 5291/1011/761 5292/1756/762 5293/1012/762
f 5596/1014/763 5597/1745/1241 5598/1015/764
f 4554/1017/765 4555/1755/1247 4552/1018/766
f 5324/1020/767 5325/1759/767 5322/1021/768
f 4793/1023/769 4794/1760/770 4795/1024/770
f 4778/1026/771 4779/1763/771 4776/1027/772
f 5307/1029/774 5308/1765/775 5309/1030/775
f 5468/1032/776 5469/1768/777 5470/1033/777
f 5692/1035/778 5693/4619/779 5694/1036/779
f 5580/1038/780 5581/1767/1254 5582/1039/781
f 4537/1041/783 4538/1771/784 4539/1042/784
f 5485/1044/785 5486/1773/785 5483/1045/786
f 5564/1047/787 5565/1775/788 5566/1048/788
f 4521/1050/790 4522/1777/791 4523/1051/791
f 4489/1053/793 4490/1778/794 4491/1054/794
f 5501/1056/795 5502/1781/1262 5499/1057/796
f 4505/1059/798 4506/1783/799 4507/1060/799
f 5549/1062/800 5550/1785/800 5547/1063/801
f 5517/1065/803 5518/1787/1266 5515/1066/804
f 5532/1068/805 5533/1788/806 5534/1069/806
f 2903/1071/807 2904/1791/808 2905/1072/808
f 2887/1074/809 2888/1793/1270 2889/1075/810
f 2871/1077/811 2872/747/812 2873/1078/812
f 2856/1080/813 2857/1796/813 2854/1081/814
f 2919/1083/815 2920/1797/816 2921/1084/816
f 2935/1086/817 2936/1799/1274 2937/1087/818
f 2952/1089/819 2953/1802/819 2950/1090/820
f 2968/1092/821 2969/1804/821 2966/1093/822
f 1205/1095/46 1207/1805/1279 1208/1096/823
f 1191/1097/824 1192/1806/824 1190/1098/47
f 1223/1099/825 1224/1807/825 1222/56/50
f 1239/1101/826 1240/1809/1283 1238/1102/52
f 998/1103/827 999/1813/827 997/1104/828
f 1014/1105/829 1015/1814/1289 1013/65/58
f 1030/1107/831 1031/1815/1291 1029/68/61
f 1046/1109/833 1047/1818/833 1045/71/63
f 982/1111/834 983/1816/834 981/1112/65
f 1062/1113/835 1063/1819/1295 1061/77/68
f 1078/1115/837 1079/1820/1297 1077/80/70
f 1094/1117/838 1095/1822/838 1093/83/73
f 964/1119/75 966/1821/839 967/1120/839
f 1110/1121/840 1111/1823/840 1109/89/77
f 1126/1123/842 1127/1827/1304 1125/1124/78
f 950/1125/843 951/1825/1302 949/1126/81
f 932/97/84 934/1828/844 935/1127/844
f 1142/1129/845 1143/1829/845 1141/1130/846
f 918/1131/847 919/1831/847 917/1132/89
f 1158/1133/848 1159/1832/1309 1157/107/92
f 902/1135/849 903/1833/849 901/1136/93
f 1174/1137/850 1175/1836/850 1173/1138/851
f 886/1139/852 887/1835/852 885/1140/98
f 870/1141/853 871/1838/853 869/1142/100
f 852/121/102 854/1840/1315 855/1143/854
f 840/1145/855 841/1841/1316 839/1146/106
f 1399/1147/140 1400/1842/140 1398/125/105
f 1413/1149/141 1415/1846/142 1416/1150/142
f 1381/1151/143 1383/1844/856 1384/1152/856
f 1431/1153/857 1432/1849/857 1430/1154/114
f 1365/1155/858 1367/1847/1317 1368/1156/859
f 824/1157/860 825/1851/1320 823/143/120
f 1443/1159/861 1444/4670/861 1253/1160/862
f 1255/1162/864 1256/1853/1323 1254/1161/863
f 1351/1163/155 1352/1852/155 1350/1164/865
f 1269/1165/172 1271/1855/866 1272/1166/866
f 1335/1167/867 1336/1854/867 1334/1168/868
f 144/1169/869 145/1862/869 142/1170/870
f 1285/1172/871 1287/1860/183 1288/1173/183
f 811/1174/872 812/1857/872 810/1175/136
f 1317/1176/187 1319/1859/873 1320/1177/873
f 1303/1178/189 1304/1863/189 1302/161/135
f 801/1180/874 802/3104/874 799/1181/875
f 158/1183/139 160/1867/876 161/1184/876
f 1589/169/140 1591/1865/877 1592/1185/877
f 1575/1187/878 1576/1869/878 1574/176/144
f 1607/1189/879 1608/1871/1331 1606/173/142
f 1557/1191/147 1559/1875/881 1560/1192/881
f 1623/1193/882 1624/1876/882 1622/1194/145
f 781/187/150 783/1878/883 784/1195/883
f 174/1197/149 176/1881/885 177/1198/885
f 1541/193/155 1543/1879/107 1544/1199/107
f 1635/1201/886 1636/4680/886 1445/1202/887
f 399/1204/888 400/1883/1340 398/1205/153
f 1445/1202/887 1447/1886/53 1448/1206/53
f 381/196/157 383/1885/889 384/1207/889
f 413/199/159 415/1891/890 416/1209/890
f 367/1211/891 368/1888/891 366/1212/162
f 767/1213/892 768/1890/892 766/1214/893
f 349/211/169 351/1893/894 352/1215/894
f 192/1217/895 193/1897/1349 191/209/168
f 1527/1219/897 1528/1895/1324 1526/1220/174
f 1461/1221/898 1463/1902/1353 1464/1222/899
f 751/1223/900 752/1899/900 750/221/177
f 333/1225/179 335/1901/1352 336/1226/901
f 431/1227/902 432/1904/902 430/227/181
f 733/232/185 735/1906/904 736/1229/904
f 1511/1231/905 1512/1908/1358 1510/236/188
f 1479/1233/906 1480/1910/1360 1478/230/183
f 319/1235/908 321/1912/909 322/1236/909
f 1493/238/189 1495/1914/910 1496/1237/910
f 719/1239/911 720/1916/911 718/248/195
f 445/244/192 447/1917/912 448/1241/912
f 206/1243/197 208/1919/914 209/1244/914
f 302/256/201 305/5/5 304/4/4
f 463/1246/915 464/1923/915 462/254/199
f 701/262/205 703/1924/917 704/1248/917
f 477/1250/204 479/1926/1369 480/1251/918
f 495/1252/919 496/1929/1372 494/1253/920
f 224/1254/921 225/1931/921 223/269/210
f 288/1256/923 289/1933/1375 287/275/214
f 685/280/217 687/1934/924 688/1258/924
f 511/1260/926 512/1937/1378 510/1261/927
f 238/1262/216 240/1939/928 241/1263/928
f 270/1264/222 272/1941/929 273/1265/929
f 254/283/219 256/1943/1382 257/1266/930
f 521/1268/932 522/1945/932 519/1269/933
f 669/289/223 671/1947/935 672/1271/935
f 529/1273/937 531/2582/1846 532/1274/938
f 653/1275/939 655/1949/940 656/1276/940
f 541/1277/231 543/1952/941 544/1278/941
f 637/301/232 639/1951/1387 640/1279/942
f 559/1281/943 560/1957/1391 558/305/235
f 621/1283/237 623/1954/944 624/1284/944
f 575/1285/945 576/1959/1393 574/311/239
f 607/1287/946 608/1961/946 606/314/241
f 591/1289/947 592/1963/1396 590/1290/242
f 2037/319/244 2039/1965/948 2040/1291/948
f 2055/1293/950 2056/1967/950 2054/323/247
f 2021/325/248 2023/1969/952 2024/1295/952
f 2069/1297/252 2071/1971/953 2072/1298/953
f 2005/1299/256 2007/1973/1402 2008/1300/954
f 2087/1301/955 2088/1974/955 2086/1302/956
f 2101/337/257 2103/1976/957 2104/1303/957
f 2117/1305/260 2119/1977/958 2120/1306/958
f 1815/1307/959 1816/1979/959 1814/344/262
f 1799/1309/961 1800/1980/1408 1798/353/269
f 1831/1311/962 1832/1981/1410 1830/347/264
f 2133/1313/267 2135/1983/964 2136/1314/964
f 1783/1315/965 1784/1984/1413 1782/359/274
f 1845/1317/967 1847/1987/968 1848/1318/968
f 2149/1319/276 2151/1988/969 2152/1320/969
f 1991/1321/970 1992/1986/970 1990/1322/284
f 1767/1323/971 1768/1989/971 1766/1324/972
f 1861/1325/973 1863/1991/1419 1864/1326/974
f 2165/370/282 2167/1996/1423 2168/1327/975
f 2567/376/286 2570/23/21 2569/22/20
f 2551/1330/289 2553/1994/976 2554/1331/976
f 2535/388/295 2537/1997/977 2538/1332/977
f 2294/382/290 2296/1999/978 2297/1334/978
f 2280/1336/979 2281/2001/979 2279/1337/293
f 2310/391/297 2312/2003/1428 2313/1338/980
f 2262/1340/982 2264/2002/983 2265/1341/983
f 1751/1342/984 1752/2004/984 1750/410/313
f 2248/1344/985 2249/2005/1432 2247/1345/986
f 1877/1346/305 1879/2009/987 1880/1347/987
f 2232/1348/988 2233/2006/1434 2231/407/310
f 2181/1350/989 2183/2011/990 2184/1351/990
f 2328/1352/991 2329/2012/991 2327/413/315
f 2214/1354/992 2216/2008/1436 2217/1355/993
f 2519/1356/320 2521/2007/994 2522/1357/994
f 2200/1358/995 2201/2014/995 2199/422/322
f 2794/1360/996 2795/2016/996 2793/1361/997
f 1733/439/335 1735/2017/1443 1736/1362/998
f 2344/1364/1000 2345/2019/1447 2343/1365/1001
f 2808/1366/331 2810/2021/1002 2811/1367/1002
f 1895/1368/1003 1896/2027/1453 1894/1369/1004
f 2584/1370/325 2586/2022/1005 2587/1371/1005
f 2503/442/337 2505/2018/1006 2506/1372/1006
f 2776/1374/340 2778/2024/1007 2779/1375/1007
f 1975/1376/1008 1976/2025/1008 1974/1377/345
f 2358/448/341 2360/2029/1009 2361/1378/1009
f 2826/1380/1010 2827/2031/1010 2825/1381/343
f 1717/466/355 1719/2033/1011 1720/1382/1011
f 2487/1384/358 2489/2036/1012 2490/1385/1012
f 2760/1386/1013 2762/2034/1014 2763/1387/1014
f 2376/1388/1015 2377/2039/1015 2375/461/351
f 1909/1390/353 1911/2044/1462 1912/1391/1016
f 2600/1392/348 2602/2041/1017 2603/1393/1017
f 2423/475/362 2425/2043/1018 2426/1394/1018
f 2392/1396/1019 2393/2047/1465 2391/1397/1020
f 2439/481/365 2441/2053/1021 2442/1398/1021
f 2406/484/367 2408/2051/1468 2409/1400/1022
f 1959/1402/1024 1960/2049/1024 1958/1403/369
f 2744/1404/378 2746/2054/1025 2747/1405/1025
f 1925/1406/374 1927/2058/1026 1928/1407/1026
f 2473/1408/1027 2474/2057/1027 2472/1409/381
f 2457/1410/1028 2458/2065/1028 2456/497/376
f 1943/1412/1029 1944/2061/1029 1942/1413/379
f 2842/1414/1030 2843/2067/1030 2841/1415/371
f 1701/1416/386 1703/2062/1031 1704/1417/1031
f 2616/508/383 2618/2069/1032 2619/1418/1032
f 2846/1420/1033 2847/2680/1033 1637/1421/1034
f 2730/1423/1035 2731/2071/1479 2729/518/390
f 1687/1425/1037 1688/2073/1037 1686/1426/392
f 1639/1427/1038 1640/2077/1038 1638/1422/1034
f 2632/514/387 2634/2075/1482 2635/1428/1039
f 2712/1430/397 2714/2078/1484 2715/1431/1041
f 2648/523/394 2650/2083/1489 2651/1432/1042
f 1669/529/398 1671/2080/1486 1672/1434/1043
f 1655/1436/1044 1656/2085/1044 1654/533/401
f 2664/535/402 2666/2089/1045 2667/1438/1045
f 2698/1440/1047 2699/2087/1047 2697/539/405
f 2680/541/406 2682/2091/1048 2683/1442/1048
f 51/547/410 53/2092/1049 54/1444/1049
f 67/544/408 69/2095/1050 70/1446/1050
f 35/550/412 37/2096/1496 38/1448/1052
f 19/1450/415 21/2099/1053 22/1451/1053
f 5/1452/1054 6/2101/1054 4/566/424
f 85/1454/1055 86/2103/1055 84/557/417
f 101/1456/1057 102/2105/1057 100/560/419
f 117/1458/1058 118/2107/1058 116/563/422
f 4044/1460/1060 4045/2109/1504 4043/574/428
f 4060/1462/1061 4061/2111/1506 4059/1463/1062
f 4074/579/433 4076/2113/1063 4077/1464/1063
f 4092/1466/1064 4093/2115/1509 4091/1467/1065
f 3851/1468/1066 3852/2117/1066 3850/1469/437
f 3865/588/439 3867/2119/1512 3868/1470/1067
f 3835/1472/1069 3836/2121/1069 3834/1473/445
f 3883/1474/1070 3884/2123/1515 3882/1475/442
f 3897/597/447 3899/2124/1071 3900/1476/1071
f 3913/600/449 3915/2126/1517 3916/1478/1073
f 3819/1480/1075 3820/2129/1520 3818/607/454
f 3931/1482/1076 3932/2131/1076 3930/604/452
f 3945/609/455 3947/2132/1077 3948/1484/1077
f 3963/1486/1078 3964/2137/1078 3962/1487/457
f 3803/1488/1079 3804/2135/1079 3802/616/460
f 3977/1490/463 3979/2139/1081 3980/1491/1081
f 3785/621/464 3787/2140/1082 3788/1492/1082
f 3769/1494/469 3771/2142/1083 3772/1495/1083
f 3995/1496/1084 3996/2145/1529 3994/625/467
f 3753/630/470 3755/2147/1085 3756/1498/1085
f 4011/1500/1086 4012/2149/1532 4010/634/473
f 3737/1502/475 3739/2150/1087 3740/1503/1087
f 4027/1504/1088 4028/2153/1535 4026/640/477
f 3721/642/479 3723/2155/1090 3724/1506/1090
f 3705/1508/1091 3707/2156/1092 3708/1509/1092
f 4252/1510/523 4253/2160/1112 4251/651/485
f 4236/1512/525 4237/2162/1541 4235/654/487
f 4268/1514/1094 4269/2164/1094 4267/657/490
f 4218/659/492 4220/2166/1544 4221/1516/1096
f 3677/1518/1097 3678/2168/1097 3676/1519/1098
f 4282/1520/500 4284/2169/1099 4285/1521/1099
f 4204/1522/1100 4205/2172/1100 4203/1523/1101
f 4108/1524/1102 4109/2176/1102 4107/1525/550
f 3661/1526/1103 3662/2786/1104 3663/1527/1104
f 4186/1529/509 4188/2177/1105 4189/1530/1105
f 4122/678/510 4124/2180/1551 4125/1531/567
f 4172/1533/1106 4173/2182/1106 4171/682/514
f 4140/1535/1108 4141/2184/577 4139/685/517
f 4156/1537/581 4157/2186/1555 4155/688/520
f 2997/1539/1110 2998/2191/1110 2996/1540/521
f 4444/1541/1111 4445/2197/1111 4443/1542/1112
f 4428/1543/1113 4429/2195/1113 4427/1544/525
f 3642/1545/1114 3643/2193/1114 3640/1546/1115
f 4458/702/530 4460/2200/1564 4461/1548/1116
f 4412/1550/1117 4413/2199/1563 4411/1551/533
f 3011/1552/529 3013/2203/1118 3014/1553/1118
f 4474/1554/1119 4476/2208/1120 4477/1555/1120
f 4396/1556/1121 4397/2207/1121 4395/1557/538
f 3236/1558/1122 3237/2211/1571 3235/721/543
f 3250/717/540 3252/2215/1575 3253/1560/1124
f 3027/723/545 3029/2217/1577 3030/1562/1126
f 3618/726/547 3620/2213/1573 3621/1564/1128
f 3218/732/551 3220/2219/1579 3221/1566/1130
f 4300/1568/1131 4301/2223/1131 4299/1569/549
f 4378/1570/559 4380/2220/1132 4381/1571/1132
f 3202/1572/557 3204/2224/1133 3205/1573/1133
f 3266/735/553 3268/2228/1134 3269/1574/1134
f 3602/744/560 3604/2227/1135 3605/1576/1135
f 3186/747/562 3188/2230/1136 3189/1578/1136
f 4316/1580/1137 4317/2237/1137 4315/1581/567
f 4362/759/571 4364/2232/1586 4365/1582/1138
f 3045/1584/1139 3046/2241/1139 3044/1585/564
f 3586/756/569 3588/2235/1140 3589/1586/1140
f 3282/1588/574 3284/2249/1141 3285/1589/1141
f 4332/1590/1142 4333/2247/1142 4331/1591/577
f 3570/771/579 3572/2242/1592 3573/1592/1143
f 4348/1594/1145 4349/2245/1145 4347/1595/581
f 3156/1596/586 3158/2250/1597 3159/1597/1146
f 3300/1598/1147 3301/2253/1147 3299/1599/1148
f 3554/783/588 3556/2254/1149 3557/1600/1149
f 3316/1602/1151 3317/2257/1602 3315/787/591
f 3061/1604/1152 3062/2259/1152 3060/1605/592
f 3332/1606/1153 3333/2261/1153 3331/793/595
f 3141/1608/1154 3142/2263/1154 3140/799/600
f 3346/1610/597 3348/2266/1607 3349/1611/1155
f 3538/801/601 3540/2265/1156 3541/1612/1156
f 3077/1614/1157 3078/2269/1610 3076/1615/604
f 3125/1616/1158 3126/2271/1612 3124/808/607
f 3093/1618/1159 3094/2273/1159 3092/811/609
f 3109/1620/1161 3110/2275/1615 3108/814/612
f 3522/816/614 3524/2280/1619 3525/1622/1162
f 3506/819/616 3508/2285/1163 3509/1624/1163
f 3490/822/619 3492/2290/1626 3493/1626/1165
f 3394/825/622 3396/2291/1167 3397/1628/1167
f 3476/1630/1168 3477/2294/1168 3475/1631/624
f 3412/1632/1169 3413/2296/1169 3411/832/627
f 3460/1634/1171 3461/2298/1171 3459/835/629
f 3426/1636/631 3428/2299/1172 3429/1637/1172
f 3444/1638/1173 3445/2302/1633 3443/841/634
f 4892/1640/1174 4893/2304/1174 4891/844/637
f 4874/846/638 4876/2305/1175 4877/1642/1175
f 4908/1644/1177 4909/2308/1177 4907/850/642
f 4860/1646/1178 4861/2310/1178 4859/856/647
f 4922/1648/645 4924/2312/1639 4925/1649/1179
f 4940/1650/1180 4941/2314/1641 4939/1651/648
f 4956/1652/1181 4957/2318/1644 4955/1653/650
f 4844/1654/1182 4845/2316/1182 4843/1655/660
f 4970/864/652 4972/2320/1183 4973/1656/1183
f 4666/1658/655 4668/2321/1185 4669/1659/1185
f 4650/1660/657 4652/2323/1647 4653/1661/1186
f 4682/873/658 4684/2328/1187 4685/1662/1187
f 4634/1664/665 4636/2325/1189 4637/1665/1189
f 4988/1666/1190 4989/2330/1190 4987/1667/662
f 4700/1668/1191 4701/2334/1655 4699/1669/1192
f 4618/1670/1193 4620/2331/1652 4621/1671/1194
f 5002/1672/1195 5004/2336/1657 5005/1673/1196
f 5404/1674/675 5406/2338/1197 5407/1675/1197
f 4714/894/672 4716/2344/1198 4717/1676/1198
f 5390/1678/1200 5391/2342/1200 5389/904/680
f 4602/906/681 4604/2339/1201 4605/1680/1201
f 5018/1682/677 5020/2346/1202 5021/1683/1202
f 5131/1684/686 5133/2348/1203 5134/1685/1203
f 5147/909/683 5149/2350/1665 5150/1686/1204
f 5115/915/688 5117/2352/1205 5118/1688/1205
f 5101/1690/1206 5102/2354/1668 5100/925/696
f 5423/1692/1207 5424/2364/1207 5422/922/694
f 5165/1694/1209 5166/2358/1209 5164/919/692
f 5085/1696/1210 5086/2360/1210 5084/1697/1211
f 5374/1698/1212 5375/2356/1212 5373/1699/700
f 5069/1700/1213 5070/2362/1213 5068/1701/1214
f 5051/945/712 5053/2368/1676 5054/1702/1215
f 5036/1704/1217 5037/2372/1678 5035/940/709
f 5179/942/710 5181/2373/1218 5182/1706/1218
f 4730/936/705 4732/2375/1680 4733/1708/1219
f 4586/1710/716 4588/2365/1220 4589/1711/1220
f 4826/1712/1221 4828/2369/1222 4829/1713/1222
f 5356/954/720 5358/2377/1223 5359/1714/1223
f 5645/1716/718 5647/2380/1224 5648/1717/1224
f 5631/1718/1225 5632/2382/1685 5630/1719/724
f 5661/1720/727 5663/2383/1686 5664/1721/1226
f 5195/966/728 5197/2385/1227 5198/1722/1227
f 5437/1724/734 5439/2395/1228 5440/1725/1228
f 4746/1726/1229 4748/2394/1230 4749/1727/1230
f 4570/1728/736 4572/2387/1231 4573/1729/1231
f 5615/1730/1232 5616/2390/1232 5614/1731/740
f 5342/1732/1233 5343/2392/1233 5341/985/743
f 5213/1734/1234 5214/2398/1234 5212/1735/1235
f 5677/1736/745 5679/2401/1236 5680/1737/1236
f 5229/1738/1237 5230/2404/1698 5228/991/747
f 4810/1740/752 4812/2399/1238 4813/1741/1238
f 5278/1742/1239 5279/2412/1239 5277/994/750
f 5599/1744/1240 5600/2410/1702 5598/1015/764
f 5259/1008/759 5261/2407/1242 5262/1746/1242
f 5455/1748/1243 5456/2420/1243 5454/1006/758
f 5245/1750/1244 5246/2414/1244 5244/1000/754
f 4764/1752/1245 4765/2418/1245 4763/1753/755
f 4554/1017/765 4556/2405/1246 4557/1754/1246
f 5292/1756/762 5294/2422/1248 5295/1757/1248
f 5326/1758/1249 5327/2416/1249 5325/1759/767
f 4794/1760/770 4796/2423/1250 4797/1761/1250
f 4780/1762/1251 4781/2426/1711 4779/1763/771
f 5310/1764/1252 5311/2428/1252 5309/1030/775
f 5583/1766/1253 5584/2430/1714 5582/1039/781
f 5469/1768/777 5471/2434/1255 5472/1769/1255
f 4540/1770/1256 4541/2432/1256 4539/1042/784
f 5485/1044/785 5487/2440/1257 5488/1772/1257
f 5567/1774/1258 5568/2436/1258 5566/1048/788
f 4524/1776/1259 4525/2438/1259 4523/1051/791
f 4490/1778/794 4492/2441/1260 4493/1779/1260
f 5501/1056/795 5503/2447/1723 5504/1780/1261
f 4508/1782/1263 4509/2446/1263 4507/1060/799
f 5549/1062/800 5551/2443/1264 5552/1784/1264
f 5517/1065/803 5519/2449/1265 5520/1786/1265
f 5533/1788/806 5535/2451/1267 5536/1789/1267
f 2906/1790/1268 2907/2454/1268 2905/1072/808
f 2890/1792/1269 2891/2456/1269 2889/1075/810
f 2872/747/812 2874/2457/1271 2875/1794/1271
f 2856/1080/813 2858/2459/1730 2859/1795/1272
f 2920/1797/816 2922/2461/1273 2923/1798/1273
f 2936/1799/1274 2938/2463/1275 2939/1800/1275
f 2954/1801/1276 2955/2466/1735 2953/1802/819
f 2970/1803/1277 2971/2468/1277 2969/1804/821
f 1209/577/1278 1210/578/1740 1208/1096/823
f 1191/1097/824 1193/575/1738 1194/573/1280
f 1223/1099/825 1225/2470/1741 1226/581/1281
f 1241/1808/1282 1242/584/1282 1240/1809/1283
f 134/1810/1284 1251/3319/1285 1252/1811/1285
f 133/1812/1286 136/2/2 135/1/1
f 998/1103/827 1000/2471/1287 1001/587/1287
f 1014/1105/829 1016/589/1745 1017/590/1288
f 1030/1107/831 1032/2473/1748 1033/593/1290
f 982/1111/834 984/2474/1292 985/596/1292
f 1048/1817/1293 1049/599/1293 1047/1818/833
f 1062/1113/835 1064/2477/1294 1065/602/1294
f 1078/1115/837 1080/2478/1296 1081/603/1296
f 966/1821/839 968/2480/1298 969/606/1298
f 1094/1117/838 1096/2481/1299 1097/611/1299
f 1110/1121/840 1112/2482/1755 1113/614/1300
f 952/1824/1301 953/615/1301 951/1825/1302
f 1128/1826/1303 1129/618/1303 1127/1827/1304
f 934/1828/844 936/2484/1759 937/623/1305
f 1142/1129/845 1144/626/1306 1145/624/1306
f 920/1830/1307 921/627/1307 919/1831/847
f 1158/1133/848 1160/2490/1308 1161/633/1308
f 902/1135/849 904/2488/1310 905/632/1310
f 888/1834/1311 889/636/1311 887/1835/852
f 1174/1137/850 1176/2493/1767 1177/639/1312
f 872/1837/1313 873/644/1313 871/1838/853
f 856/1839/1314 857/645/1314 855/1143/854
f 840/1145/855 842/2495/1770 843/10/10
f 1399/1147/140 1401/2497/877 1402/650/877
f 1385/1843/878 1386/653/1773 1384/1152/856
f 1417/1845/879 1418/656/1331 1416/1150/142
f 1367/1847/1317 1369/2500/1775 1370/661/1318
f 1433/1848/882 1434/666/1781 1432/1849/857
f 826/1850/1319 827/2502/1778 825/1851/1320
f 1351/1163/155 1353/2505/1782 1354/671/1321
f 1255/1162/864 1257/2507/1785 1258/674/1322
f 1337/677/1324 1338/675/897 1336/1854/867
f 1271/1855/866 1273/2509/899 1274/680/899
f 813/1856/1325 814/3098/1325 812/1857/872
f 1321/1858/905 1322/681/1358 1320/1177/873
f 1289/686/906 1290/684/1360 1288/1173/183
f 146/1861/1326 147/2513/1326 145/1862/869
f 1303/1178/189 1305/689/910 1306/687/910
f 1593/1864/1327 1594/695/1327 1592/1185/877
f 162/1866/1328 163/2515/1328 161/1184/876
f 1577/1868/1329 1578/698/1329 1576/1869/878
f 1609/1870/1330 1610/704/1794 1608/1871/1331
f 792/1872/1332 793/3108/1333 794/1873/1333
f 1559/1875/881 1561/2516/1776 1562/707/1334
f 1625/710/1335 1626/708/1335 1624/1876/882
f 785/1877/1336 786/2519/1798 784/1195/883
f 1543/1879/107 1545/2520/1337 1546/716/1337
f 178/1880/1338 179/2526/1338 177/1198/885
f 399/1204/888 401/2521/1339 402/1882/1339
f 385/1884/1341 386/2524/1802 384/1207/889
f 1447/1886/53 1449/2529/1342 1450/731/1342
f 369/1887/1343 370/2531/1343 368/1888/891
f 767/1213/892 769/2527/1344 770/1889/1344
f 415/1891/890 417/2532/1345 418/1892/1345
f 351/1893/894 353/2535/1346 354/1894/1346
f 1529/743/1347 1530/741/1810 1528/1895/1324
f 192/1217/895 194/2540/1813 195/1896/1348
f 751/1223/900 753/2536/1350 754/1898/1350
f 337/1900/1351 338/2539/1351 336/1226/901
f 1463/1902/1353 1465/2542/1354 1466/755/1354
f 433/1903/1355 434/2546/1355 432/1904/902
f 737/1905/1356 738/2544/1817 736/1229/904
f 1513/1907/1357 1514/761/1819 1512/1908/1358
f 1481/1909/1359 1482/770/1359 1480/1910/1360
f 323/1911/1361 324/2548/1361 322/1236/909
f 1497/1913/1362 1498/776/1362 1496/1237/910
f 719/1239/911 721/2549/1363 722/1915/1363
f 447/1917/912 449/2551/1364 450/1918/1364
f 208/1919/914 210/2559/1365 211/1920/1365
f 307/1921/1366 308/2554/1827 306/6/6
f 463/1246/915 465/2557/1367 466/1922/1367
f 703/1924/917 705/2555/1368 706/1925/1368
f 479/1926/1369 481/2562/1370 482/1927/1370
f 495/1252/919 497/2563/1371 498/1928/1371
f 226/1930/1373 227/2570/1373 225/1931/921
f 288/1256/923 290/2566/1374 291/1932/1374
f 687/1934/924 689/2567/1834 690/1935/1376
f 513/1936/1377 514/3737/1377 512/1937/1378
f 242/1938/1379 243/2574/1839 241/1263/928
f 274/1940/1380 275/2572/1380 273/1265/929
f 258/1942/1381 259/2576/1841 257/1266/930
f 523/1944/1383 524/3741/1383 522/1945/932
f 673/1946/1384 674/2578/1384 672/1271/935
f 657/1948/1385 658/2580/1844 656/1276/940
f 641/1950/1386 642/2584/1848 640/1279/942
f 543/1952/941 545/2585/1849 546/1953/1388
f 623/1954/944 625/2587/1389 626/1955/1389
f 559/1281/943 561/2590/1390 562/1956/1390
f 577/1958/1392 578/2594/1855 576/1959/1393
f 609/1960/1394 610/2592/1394 608/1961/946
f 591/1289/947 593/2596/1395 594/1962/1395
f 2041/1964/1397 2042/843/1397 2040/1291/948
f 2057/1966/1398 2058/849/1861 2056/1967/950
f 2025/1968/1399 2026/848/1859 2024/1295/952
f 2073/1970/1400 2074/852/1400 2072/1298/953
f 2009/1972/1401 2010/855/1401 2008/1300/954
f 2087/1301/955 2089/2601/1403 2090/860/1403
f 2105/1975/1404 2106/863/1404 2104/1303/957
f 2119/1977/958 2121/2602/1405 2122/866/1405
f 1817/1978/1406 1818/867/1868 1816/1979/959
f 1799/1309/961 1801/2604/1407 1802/870/1407
f 1831/1311/962 1833/2605/1870 1834/875/1409
f 2137/1982/1411 2138/881/1874 2136/1314/964
f 1783/1315/965 1785/2607/1876 1786/882/1412
f 1993/1985/1414 1994/878/1414 1992/1986/970
f 1847/1987/968 1849/2608/1877 1850/887/1415
f 2151/1988/969 2153/2609/1416 2154/888/1416
f 1767/1323/971 1769/2611/1417 1770/891/1417
f 1865/1990/1418 1866/896/1418 1864/1326/974
f 2572/1992/1420 2573/921/1420 2571/24/22
f 2555/1993/1421 2556/897/1421 2554/1331/976
f 2169/1995/1422 2170/900/1884 2168/1327/975
f 2537/1997/977 2539/2614/1424 2540/903/1424
f 2298/1998/1425 2299/911/1425 2297/1334/978
f 2282/2000/1426 2283/912/1426 2281/2001/979
f 2266/916/1427 2267/917/1427 2265/1341/983
f 2312/2003/1428 2314/2619/1429 2315/918/1429
f 1751/1342/984 1753/2616/1430 1754/908/1430
f 2248/1344/985 2250/2622/1431 2251/924/1431
f 2232/1348/988 2234/2623/1893 2235/929/1433
f 2521/2007/994 2523/2624/1435 2524/932/1435
f 2216/2008/1436 2218/934/1896 2219/935/1437
f 1879/2009/987 1881/2625/1898 1882/938/1438
f 2185/2010/1439 2186/939/1901 2184/1351/990
f 2328/1352/991 2330/2627/1440 2331/944/1440
f 2202/2013/1441 2203/947/1904 2201/2014/995
f 2796/2015/1442 2797/951/1907 2795/2016/996
f 1735/2017/1443 1737/2628/1444 1738/948/1444
f 2505/2018/1006 2507/2630/1445 2508/956/1445
f 2344/1364/1000 2346/2635/1912 2347/968/1446
f 2812/2020/1448 2813/963/1448 2811/1367/1002
f 2586/2022/1005 2588/2639/1449 2589/2023/1449
f 2778/2024/1007 2780/2633/1450 2781/962/1450
f 1975/1376/1008 1977/2632/1451 1978/957/1451
f 1897/2026/1452 1898/2637/1915 1896/2027/1453
f 2362/2028/1454 2363/2643/1919 2361/1378/1009
f 2828/2030/1455 2829/2649/1455 2827/2031/1010
f 1721/2032/1456 1722/2641/1456 1720/1382/1011
f 2762/2034/1014 2764/2644/1457 2765/2035/1457
f 2489/2036/1012 2491/2646/1458 2492/2037/1458
f 2376/1388/1015 2378/2651/1924 2379/2038/1459
f 2604/2040/1460 2605/2661/1460 2603/1393/1017
f 2427/2042/1461 2428/2653/1461 2426/1394/1018
f 1911/2044/1462 1913/2658/1463 1914/2045/1463
f 2394/2046/1464 2395/2657/1464 2393/2047/1465
f 1961/2048/1466 1962/2655/1466 1960/2049/1024
f 2410/2050/1467 2411/2663/1467 2409/1400/1022
f 2443/2052/1469 2444/2665/1469 2442/1398/1021
f 2746/2054/1025 2748/2667/1470 2749/2055/1470
f 2475/2056/1471 2476/2671/1471 2474/2057/1027
f 1927/2058/1026 1929/2674/1936 1930/2059/1472
f 1945/2060/1473 1946/2673/1473 1944/2061/1029
f 1703/2062/1031 1705/2668/1474 1706/2063/1474
f 2459/2064/1475 2460/2677/1475 2458/2065/1028
f 2844/2066/1476 2845/2681/1476 2843/2067/1030
f 2620/2068/1477 2621/2679/1477 2619/1418/1032
f 2730/1423/1035 2732/2683/1941 2733/2070/1478
f 1689/2072/1480 1690/2685/1480 1688/2073/1037
f 2636/2074/1481 2637/2687/1481 2635/1428/1039
f 1641/2076/1483 1642/2693/1483 1640/2077/1038
f 2714/2078/1484 2716/2689/1485 2717/2079/1485
f 1671/2080/1486 1673/2691/1946 1674/2081/1487
f 2652/2082/1488 2653/2695/1488 2651/1432/1042
f 1657/2084/1490 1658/2697/1490 1656/2085/1044
f 2698/1440/1047 2700/2698/1950 2701/2086/1491
f 2668/2088/1492 2669/2701/1492 2667/1438/1045
f 2684/2090/1493 2685/2703/1493 2683/1442/1048
f 53/2092/1049 55/2705/1494 56/2093/1494
f 71/2094/1495 72/2713/1495 70/1446/1050
f 37/2096/1496 39/2707/1497 40/2097/1497
f 23/2098/1498 24/2709/1498 22/1451/1053
f 7/2100/1499 8/2711/1499 6/2101/1054
f 85/1454/1055 87/2715/1500 88/2102/1500
f 103/2104/1501 104/2717/1501 102/2105/1057
f 117/1458/1058 119/2718/1502 120/2106/1502
f 4044/1460/1060 4046/2720/1962 4047/2108/1503
f 4060/1462/1061 4062/2722/1964 4063/2110/1505
f 4078/2112/1507 4079/2725/1967 4077/1464/1063
f 4092/1466/1064 4094/2726/1968 4095/2114/1508
f 3853/2116/1510 3854/2729/1510 3852/2117/1066
f 3869/2118/1511 3870/2733/1973 3868/1470/1067
f 3835/1472/1069 3837/2730/1513 3838/2120/1513
f 3885/2122/1514 3886/2735/1514 3884/2123/1515
f 3899/2124/1071 3901/2737/1516 3902/2125/1516
f 3915/2126/1517 3917/2740/1518 3918/2127/1518
f 3821/2128/1519 3822/2739/1977 3820/2129/1520
f 3933/2130/1521 3934/2743/1521 3932/2131/1076
f 3947/2132/1077 3949/2745/1981 3950/2133/1522
f 3805/2134/1523 3806/2747/1523 3804/2135/1079
f 3965/2136/1524 3966/2749/1524 3964/2137/1078
f 3981/2138/1525 3982/2753/1525 3980/1491/1081
f 3787/2140/1082 3789/2751/1526 3790/2141/1526
f 3771/2142/1083 3773/2755/1527 3774/2143/1527
f 3997/2144/1528 3998/2757/1528 3996/2145/1529
f 3757/2146/1530 3758/2759/1530 3756/1498/1085
f 4011/1500/1086 4013/2763/1991 4014/2148/1531
f 3739/2150/1087 3741/2760/1533 3742/2151/1533
f 4027/1504/1088 4029/2767/1994 4030/2152/1534
f 3725/2154/1536 3726/2765/1536 3724/1506/1090
f 3707/2156/1092 3709/2768/1995 3710/2157/1537
f 3691/12/33 3693/2770/1997 3694/2158/1538
f 4254/2159/1539 4255/2775/2002 4253/2160/1112
f 4238/2161/1540 4239/2773/2000 4237/2162/1541
f 4268/1514/1094 4270/2780/1542 4271/2163/1542
f 4222/2165/1543 4223/2779/1543 4221/1516/1096
f 3677/1518/1097 3679/2777/2004 3680/2167/1545
f 4284/2169/1099 4286/2784/1546 4287/2170/1546
f 4206/2171/1121 4207/2783/2007 4205/2172/1100
f 2987/2173/1547 2988/3374/1547 2986/665/498
f 4110/2175/1548 4111/2790/1548 4109/2176/1102
f 4188/2177/1105 4190/2787/2009 4191/2178/1549
f 4126/2179/1550 4127/2794/2013 4125/1531/567
f 4172/1533/1106 4174/2791/1552 4175/2181/1552
f 4142/2183/1553 4143/2798/2016 4141/2184/577
f 4158/2185/1554 4159/2796/2015 4157/2186/1555
f 3652/2187/1556 3653/3383/1556 3650/2188/1557
f 2997/1539/1110 2999/2799/1558 3000/2190/1558
f 3642/1545/1114 3644/3386/1559 3645/2192/1559
f 4428/1543/1113 4430/2801/2018 4431/2194/1560
f 4444/1541/1111 4446/2803/1561 4447/2196/1561
f 4414/2198/1562 4415/2806/1562 4413/2199/1563
f 4460/2200/1564 4462/2807/1565 4463/2201/1565
f 3015/2202/1566 3016/2810/2024 3014/1553/1118
f 3634/2204/537 3636/3910/1567 3637/2205/1567
f 4398/2206/1568 4399/2812/1568 4397/2207/1121
f 4476/2208/1120 4478/2813/1569 4479/2209/1569
f 3236/1558/1122 3238/2816/1570 3239/2210/1570
f 3622/2212/1572 3623/2818/1572 3621/1564/1128
f 3254/2214/1574 3255/2820/1574 3253/1560/1124
f 3031/2216/1576 3032/2826/1576 3030/1562/1126
f 3222/2218/1578 3223/2822/1578 3221/1566/1130
f 4380/2220/1132 4382/2823/1580 4383/2221/1580
f 4302/2222/1581 4303/2830/1581 4301/2223/1131
f 3204/2224/1133 3206/2827/2033 3207/2225/1582
f 3606/2226/1583 3607/2832/1583 3605/1576/1135
f 3268/2228/1134 3270/2836/2039 3271/2229/1584
f 3188/2230/1136 3190/2834/1585 3191/2231/1585
f 4364/2232/1586 4366/2837/1587 4367/2233/1587
f 3590/2234/1588 3591/2840/1588 3589/1586/1140
f 4318/2236/1589 4319/2844/1589 4317/2237/1137
f 3174/2238/1590 3175/2842/1590 3173/2239/575
f 3047/2240/1591 3048/2852/1591 3046/2241/1139
f 3572/2242/1592 3574/2845/1593 3575/2243/1593
f 4348/1594/1145 4350/2847/1594 4351/2244/1594
f 4332/1590/1142 4334/2849/2046 4335/2246/1595
f 3286/2248/1596 3287/2854/2050 3285/1589/1141
f 3158/2250/1597 3160/2856/1598 3161/2251/1598
f 3300/1598/1147 3302/2860/2054 3303/2252/1599
f 3556/2254/1149 3558/2857/1600 3559/2255/1600
f 3316/1602/1151 3318/2862/1601 3319/2256/1601
f 3063/2258/1603 3064/2866/1603 3062/2259/1152
f 3334/2260/1604 3335/2868/1604 3333/2261/1153
f 3143/2262/1605 3144/2864/1605 3142/2263/1154
f 3542/2264/1606 3543/2870/1606 3541/1612/1156
f 3348/2266/1607 3350/2871/1608 3351/2267/1608
f 3077/1614/1157 3079/2873/2061 3080/2268/1609
f 3127/2270/1611 3128/2876/1611 3126/2271/1612
f 3093/1618/1159 3095/2877/1613 3096/2272/1613
f 3109/1620/1161 3111/2879/1614 3112/2274/1614
f 3361/2276/1616 3362/2882/1617 3363/2277/1617
f 3526/2279/1618 3527/2884/1618 3525/1622/1162
f 3372/2281/1620 3373/3467/1620 3370/2282/1621
f 3510/2284/1622 3511/2886/2069 3509/1624/1163
f 3382/2286/1623 3383/2888/1623 3380/2287/1624
f 3494/2289/1625 3495/2890/1625 3493/1626/1165
f 3396/2291/1167 3398/2893/1627 3399/2292/1627
f 3478/2293/1628 3479/2892/1628 3477/2294/1168
f 3412/1632/1169 3414/2895/1629 3415/2295/1629
f 3460/1634/1171 3462/2898/1630 3463/2297/1630
f 3428/2299/1172 3430/2899/2076 3431/2300/1631
f 3444/1638/1173 3446/2902/1632 3447/2301/1632
f 4892/1640/1174 4894/2903/1634 4895/2303/1634
f 4876/2305/1175 4878/2905/1635 4879/2306/1635
f 4908/1644/1177 4910/2907/1636 4911/2307/1636
f 4862/2309/1637 4863/2910/1637 4861/2310/1178
f 4926/2311/1638 4927/2912/2084 4925/1649/1179
f 4940/1650/1180 4942/2914/1640 4943/2313/1640
f 4844/1654/1182 4846/2915/1642 4847/2315/1642
f 4958/2317/1643 4959/2918/1643 4957/2318/1644
f 4974/2319/1645 4975/2920/1645 4973/1656/1183
f 4668/2321/1185 4670/2923/1646 4671/2322/1646
f 4652/2323/1647 4654/2922/2090 4655/2324/1648
f 4636/2325/1189 4638/2926/2093 4639/2326/1649
f 4686/2327/1650 4687/2928/2095 4685/1662/1187
f 4988/1666/1190 4990/2929/2096 4991/2329/1651
f 4620/2331/1652 4622/2931/2098 4623/2332/1653
f 4702/2333/1654 4703/2934/2101 4701/2334/1655
f 5006/2335/1656 5007/2936/1656 5005/1673/1196
f 5408/2337/1658 5409/2938/1658 5407/1675/1197
f 4604/2339/1201 4606/2939/2104 4607/2340/1659
f 5390/1678/1200 5392/2941/1660 5393/2341/1660
f 4718/2343/1661 4719/2946/2109 4717/1676/1198
f 5022/2345/1662 5023/2954/2116 5021/1683/1202
f 5135/2347/1663 5136/2944/1663 5134/1685/1203
f 5151/2349/1664 5152/2948/2111 5150/1686/1204
f 5119/2351/1666 5120/2950/2113 5118/1688/1205
f 5103/2353/1667 5104/2952/1667 5102/2354/1668
f 5376/2355/1669 5377/2956/1669 5375/2356/1212
f 5165/1694/1209 5167/2959/1670 5168/2357/1670
f 5087/2359/1671 5088/2958/2119 5086/2360/1210
f 5071/2361/1672 5072/2964/2123 5070/2362/1213
f 5423/1692/1207 5425/2965/1673 5426/2363/1673
f 4588/2365/1220 4590/2969/1674 4591/2366/1674
f 5055/2367/1675 5056/2968/2126 5054/1702/1215
f 4828/2369/1222 4830/2962/1677 4831/2370/1677
f 5038/2371/36 5040/2972/38 5037/2372/1678
f 5181/2373/1218 5183/2976/1679 5184/2374/1679
f 4732/2375/1680 4734/2977/2131 4735/2376/1681
f 5358/2377/1223 5360/2973/1682 5361/2378/1682
f 5649/2379/1683 5650/2980/1683 5648/1717/1224
f 5631/1718/1225 5633/2982/1684 5634/2381/1684
f 5663/2383/1686 5665/4310/2135 5666/2384/1687
f 5197/2385/1227 5199/4314/1688 5200/2386/1688
f 4572/2387/1231 4574/2986/1689 4575/2388/1689
f 5615/1730/1232 5617/2993/1690 5618/2389/1690
f 5342/1732/1233 5344/2992/1691 5345/2391/1691
f 4750/2393/1692 4751/2996/1692 4749/1727/1230
f 5439/2395/1228 5441/2998/1693 5442/2396/1693
f 5213/1734/1234 5215/3000/2144 5216/2397/1694
f 4812/2399/1238 4814/3001/1695 4815/2400/1695
f 5679/2401/1236 5681/3009/1696 5682/2402/1696
f 5229/1738/1237 5231/3004/1697 5232/2403/1697
f 4556/2405/1246 4558/3008/1699 4559/2406/1699
f 5261/2407/1242 5263/3006/1700 5264/2408/1700
f 5601/2409/1701 5602/3012/2151 5600/2410/1702
f 5278/1742/1239 5280/3014/1703 5281/2411/1703
f 5245/1750/1244 5247/3017/1704 5248/2413/1704
f 5328/2415/1705 5329/3016/2154 5327/2416/1249
f 4766/2417/1706 4767/3022/2158 4765/2418/1245
f 5455/1748/1243 5457/3020/1707 5458/2419/1707
f 5296/2421/1708 5297/3024/1708 5295/1757/1248
f 4796/2423/1250 4798/3025/2160 4799/2424/1709
f 4782/2425/1710 4783/3028/2163 4781/2426/1711
f 5312/2427/1712 5313/3030/1712 5311/2428/1252
f 5583/1766/1253 5585/3032/1713 5586/2429/1713
f 4542/2431/1715 4543/3034/1715 4541/2432/1256
f 5473/2433/1716 5474/3036/2168 5472/1769/1255
f 5569/2435/1717 5570/3038/1717 5568/2436/1258
f 4526/2437/1718 4527/3040/1718 4525/2438/1259
f 5489/2439/1719 5490/3042/1719 5488/1772/1257
f 4492/2441/1260 4494/3044/2173 4495/2442/1720
f 5551/2443/1264 5553/3046/2175 5554/2444/1721
f 4510/2445/1722 4511/3048/1722 4509/2446/1263
f 5503/2447/1723 5505/3049/2177 5506/2448/1724
f 5519/2449/1265 5521/3053/1725 5522/2450/1725
f 5535/2451/1267 5537/3051/2179 5538/2452/1726
f 2906/1790/1268 2908/824/1727 2909/2453/1727
f 2890/1792/1269 2892/3057/1728 2893/2455/1728
f 2874/2457/1271 2876/3059/1729 2877/2458/1729
f 2858/2459/1730 2860/3061/1731 2861/2460/1731
f 2922/2461/1273 2924/3062/1732 2925/2462/1732
f 2938/2463/1275 2940/3064/1733 2941/2464/1733
f 2956/2465/1734 2957/3067/1734 2955/2466/1735
f 2972/2467/1736 2973/3069/1736 2971/2468/1277
f 1195/2469/1737 1196/1461/1737 1194/573/1280
f 1209/577/1278 1211/1463/2191 1212/576/1739
f 1225/2470/1741 1227/3071/1742 1228/579/1742
f 1241/1808/1282 1243/3072/1743 1244/582/1743
f 1000/2471/1287 1002/3073/1744 1003/585/1744
f 1016/589/1745 1018/3075/2197 1019/588/1746
f 1034/2472/1747 1035/591/1747 1033/593/1290
f 984/2474/1292 986/3076/1749 987/594/1749
f 1050/2475/1750 1051/597/1750 1049/599/1293
f 1066/2476/1751 1067/600/2202 1065/602/1294
f 1080/2478/1296 1082/3078/1752 1083/1483/1752
f 970/2479/1753 971/1481/1753 969/606/1298
f 1096/2481/1299 1098/3080/1754 1099/609/1754
f 1112/2482/1755 1114/3081/1756 1115/612/1756
f 954/2483/1757 955/1489/1757 953/615/1301
f 1130/619/1758 1131/1490/1758 1129/618/1303
f 936/2484/1759 938/3085/1760 939/621/1760
f 1146/2485/1761 1147/1497/2212 1145/624/1306
f 922/2486/1762 923/1494/1762 921/627/1307
f 906/2487/1763 907/630/1763 905/632/1310
f 1162/2489/1764 1163/1501/2215 1161/633/1308
f 890/2491/1765 891/1502/1765 889/636/1311
f 1178/2492/1766 1179/1505/2218 1177/639/1312
f 872/1837/1313 874/3089/1768 875/642/1768
f 858/2494/1769 859/1508/1769 857/645/1314
f 1403/2496/1771 1404/1511/1771 1402/650/877
f 1387/2498/1772 1388/1513/2221 1386/653/1773
f 1419/2499/1774 1420/1515/2223 1418/656/1331
f 1369/2500/1775 1371/3092/1776 1372/659/1776
f 826/1850/1319 828/3093/1777 829/2501/1777
f 138/2503/1779 139/3656/1779 137/3/3
f 1435/2504/1780 1436/1520/1780 1434/666/1781
f 1353/2505/1782 1355/3096/1337 1356/669/1783
f 1259/2506/1784 1260/672/1784 1258/674/1322
f 1339/2508/1347 1340/1529/1347 1338/675/897
f 1273/2509/899 1275/3100/2231 1276/678/1786
f 1323/2510/1357 1324/1534/1819 1322/681/1358
f 1291/685/1787 1292/1536/2233 1290/684/1360
f 1307/2511/1788 1308/1538/1788 1306/687/910
f 146/1861/1326 148/3101/1789 149/2512/1789
f 1593/1864/1327 1595/3105/2236 1596/693/1790
f 1577/1868/1329 1579/3106/1791 1580/696/1791
f 164/2514/1792 165/3112/1792 163/2515/1328
f 1609/1870/1330 1611/3109/1793 1612/702/1793
f 1561/2516/1776 1563/3110/2224 1564/705/1795
f 1627/2517/1796 1628/1554/1796 1626/708/1335
f 787/2518/1797 788/3675/1797 786/2519/1798
f 1545/2520/1337 1547/1557/1799 1548/714/1799
f 401/2521/1339 403/3117/2247 404/2522/1800
f 387/2523/1801 388/3115/1801 386/2524/1802
f 178/1880/1338 180/3119/2249 181/2525/1803
f 769/2527/1344 771/3121/1804 772/2528/1804
f 1449/2529/1342 1451/1569/1805 1452/729/1805
f 369/1887/1343 371/3123/1806 372/2530/1806
f 417/2532/1345 419/3127/1807 420/2533/1807
f 355/2534/1808 356/3125/2255 354/1894/1346
f 1531/742/1809 1532/1570/1809 1530/741/1810
f 753/2536/1350 755/3129/1811 756/2537/1811
f 339/2538/1812 340/3131/1812 338/2539/1351
f 194/2540/1813 196/3135/1814 197/2541/1814
f 1465/2542/1354 1467/3132/2259 1468/753/1815
f 737/1905/1356 739/3138/1816 740/2543/1816
f 1513/1907/1357 1515/3134/1818 1516/759/1818
f 435/2545/1820 436/3140/1820 434/2546/1355
f 323/1911/1361 325/3699/1821 326/2547/1821
f 1481/1909/1359 1483/3141/1822 1484/768/1822
f 721/2549/1363 723/3143/2267 724/2550/1823
f 1497/1913/1362 1499/3144/1824 1500/774/1824
f 449/2551/1364 451/3147/2270 452/2552/1825
f 307/1921/1366 309/3145/1826 310/2553/1826
f 705/2555/1368 707/3149/2272 708/2556/1828
f 465/2557/1367 467/3151/1829 468/2558/1829
f 210/2559/1365 212/3153/1830 213/2560/1830
f 483/2561/1831 484/3156/1831 482/1927/1370
f 497/2563/1371 499/3159/2278 500/2564/1832
f 292/2565/1833 293/3158/1833 291/1932/1374
f 689/2567/1834 691/3162/1835 692/2568/1835
f 226/1930/1373 228/3163/2281 229/2569/1836
f 276/2571/1837 277/3166/1837 275/2572/1380
f 244/2573/1838 245/3168/2285 243/2574/1839
f 260/2575/1840 261/3170/1840 259/2576/1841
f 673/1946/1384 675/3172/1842 676/2577/1842
f 657/1948/1385 659/3174/1843 660/2579/1843
f 533/2581/1845 534/3745/1845 532/1274/938
f 641/1950/1386 643/3176/2290 644/2583/1847
f 545/2585/1849 547/3178/1850 548/2586/1850
f 625/2587/1389 627/3179/1851 628/2588/1851
f 563/2589/1852 564/3182/2294 562/1956/1390
f 611/2591/1853 612/3184/1853 610/2592/1394
f 579/2593/1854 580/3186/1854 578/2594/1855
f 595/2595/1856 596/3188/1856 594/1962/1395
f 2043/2597/1857 2044/1641/1857 2042/843/1397
f 2025/1968/1399 2027/3191/2300 2028/846/1858
f 2059/2598/1860 2060/1645/1860 2058/849/1861
f 2075/2599/1862 2076/1648/1862 2074/852/1400
f 2011/2600/1863 2012/1647/2303 2010/855/1401
f 2089/2601/1403 2091/3193/1864 2092/858/1864
f 2105/1975/1404 2107/3195/1865 2108/861/1865
f 2121/2602/1405 2123/3197/1866 2124/864/1866
f 1817/1978/1406 1819/868/1867 1820/1658/1867
f 1803/2603/1869 1804/1660/1869 1802/870/1407
f 1833/2605/1870 1835/3199/2312 1836/873/1871
f 1993/1985/1414 1995/3196/1872 1996/876/1872
f 2139/2606/1873 2140/879/1873 2138/881/1874
f 1787/883/1875 1788/1664/2314 1786/882/1412
f 1849/2608/1877 1851/3202/2317 1852/885/1878
f 2153/2609/1416 2155/3204/2320 2156/1672/1879
f 1771/2610/1880 1772/1670/1880 1770/891/1417
f 1865/1990/1418 1867/3208/1881 1868/894/1881
f 2555/1993/1421 2557/3206/1882 2558/1674/1882
f 2171/2612/1883 2172/1682/1883 2170/900/1884
f 2541/2613/1885 2542/1679/1885 2540/903/1424
f 1755/2615/1886 1756/906/1886 1754/908/1430
f 2298/1998/1425 2300/3211/1887 2301/909/1887
f 2284/2617/1888 2285/1684/1888 2283/912/1426
f 2266/916/1427 2268/3213/1889 2269/915/1889
f 2316/2618/1890 2317/1695/1890 2315/918/1429
f 2574/2620/1891 2575/1693/2331 2573/921/1420
f 2252/2621/1892 2253/1691/1892 2251/924/1431
f 2234/2623/1893 2236/3214/2333 2237/927/1894
f 2523/2624/1435 2525/3215/1895 2526/930/1895
f 2218/934/1896 2220/3217/2337 2221/933/1897
f 1881/2625/1898 1883/3223/1899 1884/936/1899
f 2187/2626/1900 2188/1705/1900 2186/939/1901
f 2330/2627/1440 2332/3221/1902 2333/942/1902
f 2202/2013/1441 2204/3219/2339 2205/945/1903
f 1737/2628/1444 1739/3224/1905 1740/1710/1905
f 2798/2629/1906 2799/1716/1906 2797/951/1907
f 2507/2630/1445 2509/3226/2346 2510/954/1908
f 1979/2631/1909 1980/1712/1909 1978/957/1451
f 2780/2633/1450 2782/3228/1910 2783/960/1910
f 2814/2634/1911 2815/1720/1911 2813/963/1448
f 2346/2635/1912 2348/3231/2351 2349/966/1913
f 1897/2026/1452 1899/3235/2354 1900/2636/1914
f 2590/2638/1916 2591/3233/1916 2589/2023/1449
f 1723/2640/1917 1724/3237/2356 1722/2641/1456
f 2362/2028/1454 2364/3242/1918 2365/2642/1918
f 2764/2644/1457 2766/3238/1920 2767/2645/1920
f 2491/2646/1458 2493/3240/2358 2494/2647/1921
f 2830/2648/1922 2831/3245/1922 2829/2649/1455
f 2380/2650/1923 2381/3247/1923 2379/2038/1459
f 2427/2042/1461 2429/3250/1925 2430/2652/1925
f 1963/2654/1926 1964/3249/1926 1962/2655/1466
f 2396/2656/1927 2397/3259/1927 2395/2657/1464
f 1913/2658/1463 1915/3260/1928 1916/2659/1928
f 2606/2660/1929 2607/3257/1929 2605/2661/1460
f 2410/2050/1467 2412/3255/1930 2413/2662/1930
f 2445/2664/1931 2446/3265/1931 2444/2665/1469
f 2750/2666/1932 2751/3253/2366 2749/2055/1470
f 1705/2668/1474 1707/3263/2372 1708/2669/1933
f 2477/2670/1934 2478/3267/2375 2476/2671/1471
f 1947/2672/1935 1948/3269/1935 1946/2673/1473
f 1929/2674/1936 1931/3270/1937 1932/2675/1937
f 2461/2676/1938 2462/3273/1938 2460/2677/1475
f 2622/2678/1939 2623/3277/2382 2621/2679/1477
f 2847/2680/1033 2846/1420/1033 2845/2681/1476
f 2734/2682/1940 2735/3275/2380 2733/2070/1478
f 1691/2684/1942 1692/3279/1942 1690/2685/1480
f 2636/2074/1481 2638/3281/1943 2639/2686/1943
f 2718/2688/1944 2719/3283/1944 2717/2079/1485
f 1675/2690/1945 1676/3285/1945 1674/2081/1487
f 1643/2692/1947 1644/3287/1947 1642/2693/1483
f 2654/2694/1948 2655/3289/1948 2653/2695/1488
f 1659/2696/1949 1660/3291/1949 1658/2697/1490
f 2700/2698/1950 2702/3293/1951 2703/2699/1951
f 2668/2088/1492 2670/3295/1952 2671/2700/1952
f 2686/2702/1953 2687/3297/1953 2685/2703/1493
f 57/2704/1954 58/3299/1954 56/2093/1494
f 41/2706/1955 42/3301/1955 40/2097/1497
f 25/2708/1956 26/3303/2396 24/2709/1498
f 7/2100/1499 9/3305/1957 10/2710/1957
f 73/2712/1958 74/3307/1958 72/2713/1495
f 89/2714/1959 90/3309/1959 88/2102/1500
f 103/2104/1501 105/3310/2400 106/2716/1960
f 119/2718/1502 121/3312/1961 122/2719/1961
f 4046/2720/1962 4048/3314/1963 4049/2721/1963
f 4062/2722/1964 4064/3315/2404 4065/2723/1965
f 4080/2724/1966 4081/3318/1966 4079/2725/1967
f 4094/2726/1968 4096/3320/1969 4097/2727/1969
f 3855/2728/1970 3856/3322/2409 3854/2729/1510
f 3837/2730/1513 3839/3323/1971 3840/2731/1971
f 3871/2732/1972 3872/3324/2412 3870/2733/1973
f 3887/2734/1974 3888/3326/1974 3886/2735/1514
f 3903/2736/1975 3904/3328/1975 3902/2125/1516
f 3823/2738/1976 3824/3329/1976 3822/2739/1977
f 3917/2740/1518 3919/3330/2417 3920/2741/1978
f 3933/2130/1521 3935/3331/1979 3936/2742/1979
f 3951/2744/1980 3952/3332/1980 3950/2133/1522
f 3807/2746/1982 3808/3334/1982 3806/2747/1523
f 3965/2136/1524 3967/3335/2421 3968/2748/1983
f 3791/2750/1984 3792/3337/2424 3790/2141/1526
f 3981/2138/1525 3983/3338/1985 3984/2752/1985
f 3775/2754/1986 3776/3341/1986 3774/2143/1527
f 3999/2756/1987 4000/3345/2429 3998/2757/1528
f 3757/2146/1530 3759/3342/1988 3760/2758/1988
f 3741/2760/1533 3743/3346/1989 3744/2761/1989
f 4015/2762/1990 4016/3349/1990 4014/2148/1531
f 3725/2154/1536 3727/3350/1992 3728/2764/1992
f 4031/2766/1993 4032/3353/2434 4030/2152/1534
f 3709/2768/1995 3711/3354/1996 3712/2769/1996
f 3693/2770/1997 3695/3355/1998 3696/2771/1998
f 4238/2161/1540 4240/3357/2437 4241/2772/1999
f 4254/2159/1539 4256/3359/1561 4257/2774/2001
f 3681/2776/2003 3682/6798/2003 3680/2167/1545
f 4224/2778/2005 4225/3364/2005 4223/2779/1543
f 4270/2780/1542 4272/3365/2442 4273/2781/1565
f 4208/2782/2006 4209/3366/2006 4207/2783/2007
f 4286/2784/1546 4288/3368/2008 4289/2785/2008
f 3664/31/29 3666/33/31 3663/1527/1104
f 4190/2787/2009 4192/3370/2010 4193/2788/2010
f 4112/2789/2011 4113/3372/2011 4111/2790/1548
f 4174/2791/1552 4176/3375/2448 4177/2792/2012
f 4128/2793/1589 4129/3377/1589 4127/2794/2013
f 4158/2185/1554 4160/3378/1594 4161/2795/2014
f 4142/2183/1553 4144/3380/2046 4145/2797/1595
f 2999/2799/1558 3001/3385/2017 3002/2800/2017
f 4430/2801/2018 4432/3388/2019 4433/2802/2019
f 4446/2803/1561 4448/3389/2457 4449/2804/2020
f 4414/2198/1562 4416/3390/2459 4417/2805/2021
f 4462/2807/1565 4464/3391/2022 4465/2808/2022
f 3017/2809/2023 3018/3395/2023 3016/2810/2024
f 4400/2811/2025 4401/3393/2443 4399/2812/1568
f 4478/2813/1569 4480/3396/2026 4481/2814/2026
f 3240/2815/2027 3241/3401/2466 3239/2210/1570
f 3622/2212/1572 3624/3399/2028 3625/2817/2028
f 3256/2819/2029 3257/3403/2468 3255/2820/1574
f 3222/2218/1578 3224/3405/2030 3225/2821/2030
f 4382/2823/1580 4384/3406/2031 4385/2824/2031
f 3031/2216/1576 3033/3410/2032 3034/2825/2032
f 3206/2827/2033 3208/3409/2034 3209/2828/2034
f 4304/2829/2035 4305/3415/2035 4303/2830/1581
f 3608/2831/2036 3609/3413/2036 3607/2832/1583
f 3192/2833/2037 3193/3417/2476 3191/2231/1585
f 3272/2835/2038 3273/3419/2038 3271/2229/1584
f 4366/2837/1587 4368/3420/2040 4369/2838/2040
f 3592/2839/2041 3593/3422/2041 3591/2840/1588
f 3176/2841/2042 3177/3424/2042 3175/2842/1590
f 4318/2236/1589 4320/3425/2482 4321/2843/2043
f 3574/2845/1593 3576/3427/2044 3577/2846/2044
f 4350/2847/1594 4352/3428/2045 4353/2848/2045
f 4334/2849/2046 4336/3429/2047 4337/2850/2047
f 3049/2851/2048 3050/3433/2048 3048/2852/1591
f 3288/2853/2049 3289/3435/2049 3287/2854/2050
f 3162/2855/2051 3163/3431/2051 3161/2251/1598
f 3558/2857/1600 3560/3437/2052 3561/2858/2052
f 3304/2859/2053 3305/3439/2053 3303/2252/1599
f 3320/2861/2055 3321/3443/2055 3319/2256/1601
f 3145/2863/2056 3146/3441/2056 3144/2864/1605
f 3063/2258/1603 3065/3449/2057 3066/2865/2057
f 3334/2260/1604 3336/3447/2058 3337/2867/2058
f 3542/2264/1606 3544/3445/2059 3545/2869/2059
f 3350/2871/1608 3352/3450/2060 3353/2872/2060
f 3079/2873/2061 3081/3455/2499 3082/2874/2062
f 3129/2875/2063 3130/3453/2063 3128/2876/1611
f 3095/2877/1613 3097/3458/2064 3098/2878/2064
f 3111/2879/1614 3113/3460/2502 3114/2880/2065
f 3364/2881/2066 3365/3463/2505 3363/2277/1617
f 3526/2279/1618 3528/3457/2067 3529/2883/2067
f 3510/2284/1622 3512/3465/2068 3513/2885/2068
f 3382/2286/1623 3384/3470/2070 3385/2887/2070
f 3494/2289/1625 3496/3469/2509 3497/2889/2071
f 3478/2293/1628 3480/3473/2072 3481/2891/2072
f 3398/2893/1627 3400/3474/2512 3401/2894/2073
f 3414/2895/1629 3416/3478/2074 3417/2896/2074
f 3464/2897/2075 3465/3477/2075 3463/2297/1630
f 3430/2899/2076 3432/3480/2516 3433/2900/2077
f 3448/2901/2078 3449/3483/2078 3447/2301/1632
f 4894/2903/1634 4896/3486/2079 4897/2904/2079
f 4878/2905/1635 4880/3484/2080 4881/2906/2080
f 4910/2907/1636 4912/3488/2081 4913/2908/2081
f 4864/2909/2082 4865/3487/2082 4863/2910/1637
f 4926/2311/1638 4928/3489/2523 4929/2911/2083
f 4944/2913/2085 4945/3492/2528 4943/2313/1640
f 4846/2915/1642 4848/3491/2526 4849/2916/2086
f 4960/2917/2087 4961/3493/2087 4959/2918/1643
f 4974/2319/1645 4976/3495/2088 4977/2919/2088
f 4656/2921/2089 4657/3494/2531 4655/2324/1648
f 4670/2923/1646 4672/3496/2091 4673/2924/2091
f 4640/2925/2092 4641/3498/1675 4639/2326/1649
f 4688/2927/2094 4689/3499/2536 4687/2928/2095
f 4990/2929/2096 4992/3500/2097 4993/2930/2097
f 4622/2931/2098 4624/3501/2099 4625/2932/2099
f 4704/2933/2100 4705/3503/2540 4703/2934/2101
f 5006/2335/1656 5008/3504/2542 5009/2935/2102
f 5408/2337/1658 5410/3507/2103 5411/2937/2103
f 4606/2939/2104 4608/3505/2543 4609/2940/2105
f 5392/2941/1660 5394/3509/2106 5395/2942/2106
f 5135/2347/1663 5137/3510/2107 5138/2943/2107
f 4720/2945/2108 4721/3515/2108 4719/2946/2109
f 5153/2947/2110 5154/3514/2110 5152/2948/2111
f 5119/2351/1666 5121/3513/2112 5122/2949/2112
f 5103/2353/1667 5105/3518/2114 5106/2951/2114
f 5022/2345/1662 5024/3520/2555 5025/2953/2115
f 5378/2955/2117 5379/3517/2117 5377/2956/1669
f 5089/2957/2118 5090/3522/2118 5088/2958/2119
f 5167/2959/1670 5169/3523/2120 5170/2960/2120
f 4832/2961/2121 4833/3512/2121 4831/2370/1677
f 5073/2963/2122 5074/3527/2560 5072/2964/2123
f 5425/2965/1673 5427/3532/2124 5428/2966/2124
f 5055/2367/1675 5057/3528/2561 5058/2967/2125
f 4590/2969/1674 4592/3524/2127 4593/2970/2127
f 5039/18/37 5041/3531/2565 5042/2971/2128
f 5360/2973/1682 5362/3530/2129 5363/2974/2129
f 5185/2975/2130 5186/3534/2568 5184/2374/1679
f 4734/2977/2131 4736/3535/2570 4737/2978/2132
f 5649/2379/1683 5651/3537/2133 5652/2979/2133
f 5635/2981/2134 5636/3536/2134 5634/2381/1684
f 5665/2983/2135 5667/3546/2136 5668/2984/2136
f 4574/2986/1689 4576/5906/2137 4577/2987/2137
f 5201/2988/2138 5202/3549/2138 5200/2989/1688
f 5346/2991/2139 5347/3543/2139 5345/2391/1691
f 5617/2993/1690 5619/3545/2140 5620/2994/2140
f 4752/2995/2141 4753/3553/2141 4751/2996/1692
f 5443/2997/2142 5444/3555/2142 5442/2396/1693
f 5217/2999/2143 5218/3557/2143 5216/2397/1694
f 4814/3001/1695 4816/3550/2145 4817/3002/2145
f 5233/3003/2146 5234/3561/2146 5232/2403/1697
f 5265/3005/2147 5266/3562/2584 5264/2408/1700
f 4560/3007/2148 4561/3559/2148 4559/2406/1699
f 5681/3009/1696 5683/3569/2149 5684/3010/2149
f 5603/3011/2150 5604/3566/2587 5602/3012/2151
f 5282/3013/2152 5283/3568/2152 5281/2411/1703
f 5330/3015/2153 5331/3564/2153 5329/3016/2154
f 5247/3017/1704 5249/3572/2155 5250/3018/2155
f 5459/3019/2156 5460/3581/2597 5458/2419/1707
f 4768/3021/2157 4769/3576/2157 4767/3022/2158
f 5298/3023/2159 5299/3578/2159 5297/3024/1708
f 4798/3025/2160 4800/3573/2591 4801/3026/2161
f 4782/2425/1710 4784/3579/2162 4785/3027/2162
f 5312/2427/1712 5314/3582/2598 5315/3029/2164
f 5587/3031/2165 5588/3585/2601 5586/2429/1713
f 4542/2431/1715 4544/3587/2166 4545/3033/2166
f 5473/2433/1716 5475/3589/2505 5476/3035/2167
f 5571/3037/2169 5572/3591/2605 5570/3038/1717
f 4528/3039/2170 4529/3593/2170 4527/3040/1718
f 5489/2439/1719 5491/3595/2608 5492/3041/2171
f 4496/3043/2172 4497/3601/2172 4495/2442/1720
f 5555/3045/2174 5556/3597/2174 5554/2444/1721
f 4510/2445/1722 4512/3598/2176 4513/3047/2176
f 5505/3049/2177 5507/3603/2178 5508/3050/2178
f 5537/3051/2179 5539/3605/2180 5540/3052/2180
f 5521/3053/1725 5523/3606/2181 5524/3054/2181
f 2910/3055/2182 2911/3609/2182 2909/2453/1727
f 2894/3056/2183 2895/3611/2183 2893/2455/1728
f 2878/3058/2184 2879/3613/2618 2877/2458/1729
f 2862/3060/2185 2863/3615/2185 2861/2460/1731
f 2924/3062/1732 2926/3617/2186 2927/3063/2186
f 2940/3064/1733 2942/3619/2187 2943/3065/2187
f 2956/2465/1734 2958/3621/2623 2959/3066/2188
f 2974/3068/2189 2975/3623/2189 2973/3069/1736
f 1195/2469/1737 1197/3624/2625 1198/1460/2190
f 1211/1463/2191 1213/3625/2628 1214/1462/2192
f 1229/3070/2193 1230/2113/2193 1228/579/1742
f 1243/3072/1743 1245/3627/2631 1246/1466/2194
f 1002/3073/1744 1004/3628/2195 1005/1468/2195
f 1020/3074/2196 1021/2119/2634 1019/588/1746
f 986/3076/1749 988/3631/2198 989/1472/2198
f 1036/3077/2199 1037/1474/2637 1035/591/1747
f 1050/2475/1750 1052/3632/2200 1053/2124/2200
f 1066/2476/1751 1068/3634/2640 1069/2126/2201
f 970/2479/1753 972/3635/2641 973/1480/2203
f 1082/3078/1752 1084/3636/2204 1085/1482/2204
f 1100/3079/2205 1101/2132/2205 1099/609/1754
f 1114/3081/1756 1116/3637/2206 1117/1486/2206
f 956/3082/2207 957/1488/2207 955/1489/1757
f 1132/3083/2208 1133/2139/2208 1131/1490/1758
f 940/3084/2209 941/2140/2209 939/621/1760
f 924/3086/2210 925/2142/2210 923/1494/1762
f 1146/2485/1761 1148/3641/2211 1149/1496/2211
f 906/2487/1763 908/3643/2213 909/2147/2213
f 1162/2489/1764 1164/3645/2653 1165/1500/2214
f 892/3087/2216 893/2150/2216 891/1502/1765
f 1180/2153/2217 1181/1504/2656 1179/1505/2218
f 876/3088/2219 877/2155/2219 875/642/1768
f 860/3090/2220 861/2156/2220 859/1508/1769
f 1403/2496/1771 1405/2160/2236 1406/1510/1790
f 1387/2498/1772 1389/2162/2661 1390/1512/1791
f 1419/2499/1774 1421/2164/2222 1422/1514/2222
f 1373/3091/2224 1374/2166/1795 1372/659/1776
f 828/3093/1777 830/3653/2225 831/3094/2225
f 1437/3095/2226 1438/2169/2226 1436/1520/1780
f 1355/3096/1337 1357/3654/2227 1358/1522/2227
f 1259/2506/1784 1261/3657/2228 1262/1524/2228
f 815/3097/2229 816/4161/2229 814/3098/1325
f 1341/3099/2230 1342/2177/2669 1340/1529/1347
f 1277/1531/1815 1278/2180/1815 1276/678/1786
f 1323/2510/1357 1325/3660/2232 1326/1533/2232
f 1291/685/1787 1293/2184/1822 1294/1535/1822
f 1307/2511/1788 1309/2186/2673 1310/1537/1824
f 148/3101/1789 150/3664/2234 151/3102/2234
f 801/1180/874 803/3661/2235 804/3103/2235
f 1595/3105/2236 1597/3670/2237 1598/1541/2237
f 1579/3106/1791 1581/3668/2238 1582/1543/2238
f 795/3107/2239 796/3666/2239 794/1873/1333
f 1613/1548/2240 1614/2200/2683 1612/702/1793
f 1563/3110/2224 1565/2199/2680 1566/1550/2241
f 164/2514/1792 166/3672/2242 167/3111/2242
f 1629/3113/2243 1630/2208/2243 1628/1554/1796
f 1547/1557/1799 1549/3676/2244 1550/1556/2244
f 387/2523/1801 389/3678/2689 390/3114/2245
f 405/3116/2246 406/3682/2246 404/2522/1800
f 182/3118/2248 183/3684/2692 181/2525/1803
f 773/3120/2250 774/3680/2250 772/2528/1804
f 373/3122/2251 374/3686/2694 372/2530/1806
f 1451/1569/1805 1453/3687/2252 1454/1568/2252
f 1533/1571/2253 1534/2220/2253 1532/1570/1809
f 355/2534/1808 357/3688/2254 358/3124/2254
f 421/3126/2256 422/3693/2256 420/2533/1807
f 757/3128/2257 758/3691/2257 756/2537/1811
f 339/2538/1812 341/3694/2258 342/3130/2258
f 1467/3132/2259 1469/2237/2260 1470/1580/2260
f 1517/3133/2261 1518/2232/2702 1516/759/1818
f 196/3135/1814 198/3701/2262 199/3136/2262
f 741/3137/2263 742/3698/2263 740/2543/1816
f 437/3139/2264 438/3709/2264 436/3140/1820
f 1483/3141/1822 1485/3707/2265 1486/1590/2265
f 725/3142/2266 726/3704/2708 724/2550/1823
f 1499/3144/1824 1501/2245/2268 1502/1594/2268
f 309/3145/1826 311/3711/2713 312/3146/2269
f 451/3147/2270 453/3713/2271 454/3148/2271
f 707/3149/2272 709/3714/2273 710/3150/2273
f 467/3151/1829 469/3717/2717 470/3152/2274
f 212/3153/1830 214/3718/2275 215/3154/2275
f 483/2561/1831 485/3720/2719 486/3155/2276
f 292/2565/1833 294/3723/2277 295/3157/2277
f 499/3159/2278 501/3727/2723 502/3160/2279
f 693/3161/2280 694/3725/2280 692/2568/1835
f 228/3163/2281 230/3729/2725 231/3164/2282
f 276/2571/1837 278/3730/2283 279/3165/2283
f 244/2573/1838 246/3733/2284 247/3167/2284
f 260/2575/1840 262/3735/2729 263/3169/2286
f 677/3171/2287 678/3739/2732 676/2577/1842
f 661/3173/2288 662/3743/2735 660/2579/1843
f 645/3175/2289 646/3747/2738 644/2583/1847
f 549/3177/2291 550/3749/2291 548/2586/1850
f 627/3179/1851 629/3750/2740 630/3180/2292
f 563/2589/1852 565/3753/2293 566/3181/2293
f 611/2591/1853 613/3755/2295 614/3183/2295
f 581/3185/2296 582/3757/2296 580/3186/1854
f 595/2595/1856 597/3759/2746 598/3187/2297
f 2045/3189/2298 2046/1640/2298 2044/1641/1857
f 2029/3190/2299 2030/2305/2299 2028/846/1858
f 2059/2598/1860 2061/3762/2301 2062/1644/2301
f 2011/2600/1863 2013/3763/2302 2014/1646/2302
f 2077/3192/2304 2078/2312/2752 2076/1648/1862
f 2091/3193/1864 2093/3765/2305 2094/1650/2305
f 2109/3194/2306 2110/1652/2756 2108/861/1865
f 1995/3196/1872 1997/3767/2307 1998/1654/2307
f 2123/3197/1866 2125/3769/2308 2126/2320/2308
f 1819/868/1867 1821/1659/2309 1822/2321/2309
f 1803/2603/1869 1805/3770/2760 1806/2323/2310
f 1837/3198/2311 1838/2328/2311 1836/873/1871
f 1789/3200/2313 1790/2325/2762 1788/1664/2314
f 2139/2606/1873 2141/3773/2315 2142/1666/2315
f 1853/3201/2316 1854/1668/2767 1852/885/1878
f 1771/2610/1880 1773/3775/2318 1774/2331/2318
f 2157/3203/2319 2158/2336/2319 2156/1672/1879
f 2559/3205/2321 2560/2338/2321 2558/1674/1882
f 1869/3207/2322 1870/2344/2322 1868/894/1881
f 2541/2613/1885 2543/3779/2323 2544/1678/2323
f 1755/2615/1886 1757/3777/2324 1758/2339/2324
f 2171/2612/1883 2173/3781/2325 2174/2346/2325
f 2286/3209/2326 2287/2348/2326 2285/1684/1888
f 2302/3210/2327 2303/2350/2776 2301/909/1887
f 2270/3212/2328 2271/2352/2328 2269/915/1889
f 2252/2621/1892 2254/3782/2778 2255/1690/2329
f 2574/2620/1891 2576/2364/2330 2577/1692/2330
f 2316/2618/1890 2318/3785/2332 2319/1694/2332
f 2236/3214/2333 2238/3786/2782 2239/1696/2334
f 2525/3215/1895 2527/3783/2335 2528/1698/2335
f 2222/3216/2336 2223/1700/2785 2221/933/1897
f 2206/3218/2338 2207/2368/2789 2205/945/1903
f 2187/2626/1900 2189/3791/2340 2190/1704/2340
f 2334/3220/2341 2335/2373/2341 2333/942/1902
f 1885/3222/2342 1886/2375/2793 1884/936/1899
f 1739/3224/1905 1741/3789/2343 1742/2365/2343
f 1981/1713/2344 1982/2369/2344 1980/1712/1909
f 2511/3225/2345 2512/2377/2345 2510/954/1908
f 2800/3227/2347 2801/2380/2347 2799/1716/1906
f 2782/3228/1910 2784/3793/2796 2785/1718/2348
f 2816/3229/2349 2817/2383/2349 2815/1720/1911
f 2350/3230/2350 2351/2385/2350 2349/966/1913
f 2590/2638/1916 2592/3804/2806 2593/3232/2352
f 1901/3234/2353 1902/3802/2353 1900/2636/1914
f 1725/3236/2355 1726/3796/2801 1724/3237/2356
f 2766/3238/1920 2768/3798/2357 2769/3239/2357
f 2493/3240/2358 2495/3799/2359 2496/3241/2359
f 2364/3242/1918 2366/3806/2360 2367/3243/2360
f 2832/3244/2361 2833/3810/2361 2831/3245/1922
f 2380/2650/1923 2382/3812/2811 2383/3246/2362
f 1965/3248/2363 1966/3808/2363 1964/3249/1926
f 2429/3250/1925 2431/3820/2364 2432/3251/2364
f 2750/2666/1932 2752/3817/2815 2753/3252/2365
f 2414/3254/2367 2415/3816/2814 2413/2662/1930
f 2608/3256/2368 2609/3828/2368 2607/3257/1929
f 2396/2656/1927 2398/3822/2369 2399/3258/2369
f 1915/3260/1928 1917/3825/2370 1918/3261/2370
f 1709/3262/2371 1710/3814/2371 1708/2669/1933
f 2447/3264/2373 2448/3830/2373 2446/3265/1931
f 2477/2670/1934 2479/3823/2374 2480/3266/2374
f 1949/3268/2376 1950/3832/2376 1948/3269/1935
f 1931/3270/1937 1933/3833/2824 1934/3271/2377
f 2461/2676/1938 2463/3835/2378 2464/3272/2378
f 2734/2682/1940 2736/3838/2828 2737/3274/2379
f 2622/2678/1939 2624/3841/2381 2625/3276/2381
f 1691/2684/1942 1693/3840/2383 1694/3278/2383
f 2640/3280/2384 2641/3848/2834 2639/2686/1943
f 2718/2688/1944 2720/3843/2385 2721/3282/2385
f 1675/2690/1945 1677/3845/2386 1678/3284/2386
f 1645/3286/2387 1646/3850/2387 1644/3287/1947
f 2656/3288/2388 2657/3856/2839 2655/3289/1948
f 1659/2696/1949 1661/3853/2389 1662/3290/2389
f 2704/3292/2390 2705/3852/2390 2703/2699/1951
f 2672/3294/2391 2673/3858/2391 2671/2700/1952
f 2688/3296/2392 2689/3860/2392 2687/3297/1953
f 57/2704/1954 59/3862/2393 60/3298/2393
f 43/3300/2394 44/3864/2844 42/3301/1955
f 27/3302/2395 28/3866/2395 26/3303/2396
f 11/3304/2397 12/3868/2847 10/2710/1957
f 75/3306/2398 76/3870/2398 74/3307/1958
f 91/3308/2399 92/3872/2399 90/3309/1959
f 105/3310/2400 107/3873/2401 108/3311/2401
f 121/3312/1961 123/3875/2851 124/3313/2402
f 4050/51/2403 4051/49/2403 4049/2721/1963
f 4064/3315/2404 4066/57/2857 4067/3316/2405
f 4080/2724/1966 4082/59/2406 4083/3317/2406
f 4098/3319/2407 4099/4774/3559 4097/2727/1969
f 3855/2728/1970 3857/66/2862 3858/3321/2408
f 3841/62/2410 3842/3881/2860 3840/2731/1971
f 3873/69/2411 3874/3882/2864 3872/3324/2412
f 3887/2734/1974 3889/72/2866 3890/3325/2413
f 3903/2736/1975 3905/78/2414 3906/3327/2414
f 3825/74/2415 3826/3884/2415 3824/3329/1976
f 3921/81/2416 3922/3885/2870 3920/2741/1978
f 3937/84/2418 3938/3886/2418 3936/2742/1979
f 3953/90/2419 3954/3887/2419 3952/3332/1980
f 3807/2746/1982 3809/87/2420 3810/3333/2420
f 3967/3335/2421 3969/92/2422 3970/3336/2422
f 3793/95/2423 3794/3889/2423 3792/3337/2424
f 3983/3338/1985 3985/101/2425 3986/3339/2425
f 3775/2754/1986 3777/98/2426 3778/3340/2426
f 3759/3342/1988 3761/104/2427 3762/3343/2427
f 3999/2756/1987 4001/108/2880 4002/3344/2428
f 3743/3346/1989 3745/110/2430 3746/3347/2430
f 4015/2762/1990 4017/113/2883 4018/3348/2431
f 3727/3350/1992 3729/116/2432 3730/3351/2432
f 4033/3352/2433 4035/3878/2433 4032/3353/2434
f 3713/119/2435 3714/3893/2435 3712/2769/1996
f 3695/3355/1998 3697/122/2436 3698/3356/2436
f 4240/3357/2437 4242/126/2438 4243/3358/2438
f 4256/3359/1561 4258/132/2889 4259/3360/2439
f 3683/128/2440 3684/129/2440 3682/3361/2003
f 4224/2778/2005 4226/135/2891 4227/3363/2441
f 4274/137/2022 4275/138/2022 4273/2781/1565
f 4210/141/2443 4211/3896/2443 4209/3366/2006
f 3665/32/30 3667/3898/2895 3668/3367/2444
f 4288/3368/2008 4290/1159/2445 4291/3369/2445
f 4192/3370/2010 4194/146/2896 4195/3371/2446
f 4114/150/2035 4115/3900/2035 4113/3372/2011
f 2989/3373/2447 2990/4440/2447 2988/3374/1547
f 4178/152/2040 4179/3902/2040 4177/2792/2012
f 4128/2793/1589 4130/156/2901 4131/3376/2449
f 4160/3378/1594 4162/159/2903 4163/3379/2450
f 4144/3380/2046 4146/162/2451 4147/3381/2451
f 3654/3382/2452 3655/3904/2452 3653/3383/1556
f 3003/3384/2453 3004/3906/2453 3002/2800/2017
f 3644/3386/1559 3646/4447/2454 3647/3387/2454
f 4434/170/2455 4435/3908/2455 4433/2802/2019
f 4450/174/2456 4451/3909/2908 4449/2804/2020
f 4418/177/2458 4419/175/2910 4417/2805/2021
f 4464/3391/2022 4466/179/2460 4467/3392/2460
f 4402/183/2461 4403/3913/2461 4401/3393/2443
f 3019/3394/2462 3020/3915/2462 3018/3395/2023
f 4480/3396/2026 4482/1201/2463 4483/3397/2463
f 3626/3398/2464 3627/3917/2916 3625/2817/2028
f 3242/3400/2465 3243/3919/2465 3241/3401/2466
f 3256/2819/2029 3258/3922/2467 3259/3402/2467
f 3226/3404/2469 3227/3921/2920 3225/2821/2030
f 4384/3406/2031 4386/194/2470 4387/3407/2470
f 3210/3408/2471 3211/3925/2471 3209/2828/2034
f 3033/3410/2032 3035/3929/2472 3036/3411/2472
f 3610/3412/2473 3611/3927/2923 3609/3413/2036
f 4304/2829/2035 4306/216/2928 4307/3414/2474
f 3192/2833/2037 3194/3930/2925 3195/3416/2475
f 3272/2835/2038 3274/3938/2477 3275/3418/2477
f 4368/3420/2040 4370/218/2929 4371/3421/2478
f 3594/1797/2479 3595/3934/2479 3593/3422/2041
f 3178/3423/2480 3179/3936/2480 3177/3424/2042
f 4322/231/2481 4323/3939/2935 4321/2843/2043
f 3578/3426/2483 3579/3941/2483 3577/2846/2044
f 4354/237/2484 4355/3942/2484 4353/2848/2045
f 4338/239/2485 4339/3944/2485 4337/2850/2047
f 3162/2855/2051 3164/3946/2486 3165/3430/2486
f 3051/3432/2487 3052/3952/2487 3050/3433/2048
f 3288/2853/2049 3290/3947/2488 3291/3434/2488
f 3562/3436/2489 3563/3950/2489 3561/2858/2052
f 3304/2859/2053 3306/3954/2944 3307/3438/2490
f 3145/2863/2056 3147/3955/2491 3148/3440/2491
f 3320/2861/2055 3322/3958/2492 3323/3442/2492
f 3546/3444/2493 3547/3960/2493 3545/2869/2059
f 3338/3446/2494 3339/3962/2494 3337/2867/2058
f 3067/3448/2495 3068/3964/2495 3066/2865/2057
f 3352/3450/2060 3354/3965/2496 3355/3451/2496
f 3129/2875/2063 3131/3967/2497 3132/3452/2497
f 3083/3454/2498 3084/3970/2953 3082/2874/2062
f 3530/3456/2500 3531/3972/2500 3529/2883/2067
f 3097/3458/2064 3099/3973/2501 3100/3459/2501
f 3113/3460/2502 3115/3976/2503 3116/3461/2503
f 3364/2881/2066 3366/4520/3386 3367/3462/2504
f 3514/3464/2506 3515/3978/2958 3513/2885/2068
f 3372/2281/1620 3374/3980/2507 3375/3466/2507
f 3498/3468/2508 3499/3982/2508 3497/2889/2071
f 3384/3470/2070 3386/3984/2510 3387/3471/2510
f 3482/3472/2511 3483/3986/2511 3481/2891/2072
f 3400/3474/2512 3402/3988/2513 3403/3475/2513
f 3464/2897/2075 3466/3990/2514 3467/3476/2514
f 3416/3478/2074 3418/3991/2515 3419/3479/2515
f 3432/3480/2516 3434/3995/2517 3435/3481/2517
f 3448/2901/2078 3450/3994/2518 3451/3482/2518
f 4880/3484/2080 4882/320/2519 4883/3485/2519
f 4898/324/2520 4899/3999/2520 4897/2904/2079
f 4866/326/2521 4867/4001/2971 4865/3487/2082
f 4914/330/2522 4915/4002/2522 4913/2908/2081
f 4928/3489/2523 4930/332/2524 4931/3490/2524
f 4850/336/2525 4851/4004/2525 4849/2916/2086
f 4946/338/2527 4947/4006/2527 4945/3492/2528
f 4962/342/2529 4963/4008/2529 4961/3493/2087
f 4656/2921/2089 4658/345/2530 4659/343/2530
f 4978/351/2532 4979/4011/2532 4977/2919/2088
f 4674/348/2533 4675/4009/2979 4673/2924/2091
f 4640/2925/2092 4642/354/2981 4643/3497/2534
f 4690/357/2535 4691/4014/2535 4689/3499/2536
f 4994/363/2537 4995/4015/2537 4993/2930/2097
f 4624/3501/2099 4626/360/2538 4627/3502/2538
f 4706/366/2539 4707/4017/2987 4705/3503/2540
f 5010/371/2541 5011/372/2541 5009/2935/2102
f 4608/3505/2543 4610/368/2544 4611/3506/2544
f 5410/3507/2103 5412/377/2545 5413/3508/2545
f 5396/381/2546 5397/4021/2546 5395/2942/2106
f 5139/383/2547 5140/4023/2994 5138/2943/2107
f 4832/2961/2121 4834/374/2548 4835/3511/2548
f 5123/386/2549 5124/4025/2549 5122/2949/2112
f 5153/2947/2110 5155/392/2997 5156/393/2550
f 4722/402/2551 4723/4030/3003 4721/3515/2108
f 5378/2955/2117 5380/389/2552 5381/3516/2552
f 5105/3518/2114 5107/396/2553 5108/3519/2553
f 5026/405/2554 5027/4031/2554 5025/2953/2115
f 5089/2957/2118 5091/398/3000 5092/3521/2556
f 5171/414/2557 5172/4032/2557 5170/2960/2120
f 4592/3524/2127 4594/411/2558 4595/3525/2558
f 5073/2963/2122 5075/408/3006 5076/3526/2559
f 5057/3528/2561 5059/417/3010 5060/3529/2562
f 5364/420/2563 5365/4034/3012 5363/2974/2129
f 5043/423/2564 5044/4035/3014 5042/2971/2128
f 5427/3532/2124 5429/426/3016 5430/3533/2566
f 5187/431/2567 5188/4039/2567 5186/3534/2568
f 4738/437/2569 4739/4041/2569 4737/2978/2132
f 5637/428/2571 5638/4037/2571 5636/3536/2134
f 5651/3537/2133 5653/435/2572 5654/3538/2572
f 4576/3539/2137 4578/440/2573 4579/3540/2573
f 5348/3542/2574 5349/6799/2574 5347/3543/2139
f 5621/3544/2575 5622/6800/2575 5620/2994/2140
f 5667/3546/2136 5669/4048/2576 5670/3547/2576
f 5203/3548/2577 5204/4046/2577 5202/3549/2138
f 4816/3550/2145 4818/4049/2578 4819/3551/2578
f 4752/2995/2141 4754/4056/3030 4755/3552/2579
f 5443/2997/2142 5445/4051/2580 5446/3554/2580
f 5217/2999/2143 5219/4054/2581 5220/3556/2581
f 4560/3007/2148 4562/4058/2582 4563/3558/2582
f 5233/3003/2146 5235/4064/2583 5236/3560/2583
f 5267/43/39 5269/45/41 5266/3562/2584
f 5332/3563/2585 5333/4060/2585 5331/3564/2153
f 5603/3011/2150 5605/4062/3034 5606/3565/2586
f 5284/3567/2588 5285/4067/2588 5283/3568/2152
f 5683/3569/2149 5685/4072/2589 5686/3570/2589
f 5251/3571/2590 5252/4069/2590 5250/3018/2155
f 4800/3573/2591 4802/4070/2592 4803/3574/2592
f 4770/3575/2593 4771/4075/2593 4769/3576/2157
f 5298/3023/2159 5300/4077/2594 5301/3577/2594
f 4784/3579/2162 4786/4080/2595 4787/1249/2595
f 5459/3019/2156 5461/4084/2596 5462/3580/2596
f 5314/3582/2598 5316/4082/2599 5317/3583/2599
f 5589/3584/2600 5590/4079/2600 5588/3585/2601
f 4546/3586/2602 4547/4087/2602 4545/3033/2166
f 5477/3588/2603 5478/4089/2603 5476/3035/2167
f 5571/3037/2169 5573/4091/3050 5574/3590/2604
f 4528/3039/2170 4530/4092/2606 4531/3592/2606
f 5493/3594/2607 5494/4095/2607 5492/3041/2171
f 5555/3045/2174 5557/4097/3054 5558/3596/2609
f 4512/3598/2176 4514/4098/2610 4515/3599/2610
f 4498/3600/2611 4499/4101/2611 4497/3601/2172
f 5509/3602/2612 5510/4103/2612 5508/3050/2178
f 5541/3604/2613 5542/4105/2613 5540/3052/2180
f 5523/3606/2181 5525/4106/2614 5526/3607/2614
f 2912/3608/2615 2913/4109/2615 2911/3609/2182
f 2896/3610/2616 2897/4111/2616 2895/3611/2183
f 2880/3612/2617 2881/4113/2617 2879/3613/2618
f 2862/3060/2185 2864/4115/2619 2865/3614/2619
f 2928/3616/2620 2929/4117/2620 2927/3063/2186
f 2944/3618/2621 2945/4119/3066 2943/3065/2187
f 2960/3620/2622 2961/4121/2622 2959/3066/2188
f 2976/3622/2624 2977/4129/2624 2975/3623/2189
f 1197/3624/2625 1199/4131/3072 1200/2720/2626
f 1215/2110/2627 1216/2722/3074 1214/1462/2192
f 1229/3070/2193 1231/4133/3075 1232/2112/2629
f 1247/3626/2630 1248/2726/3078 1246/1466/2194
f 1004/3628/2195 1006/4135/2632 1007/2116/2632
f 1022/3629/2633 1023/2118/3082 1021/2119/2634
f 990/3630/2635 991/2730/2635 989/1472/2198
f 1038/2735/2636 1039/2122/3084 1037/1474/2637
f 1054/2125/2638 1055/2737/2638 1053/2124/2200
f 1070/3633/2639 1071/2740/2639 1069/2126/2201
f 972/3635/2641 974/4138/3087 975/2128/2642
f 1084/3636/2204 1086/4141/2643 1087/2130/2643
f 1100/3079/2205 1102/4142/3090 1103/2745/2644
f 956/3082/2207 958/4143/3092 959/2134/2645
f 1116/3637/2206 1118/4145/2646 1119/2136/2646
f 1132/3083/2208 1134/4147/2647 1135/2138/2647
f 942/3638/2648 943/2751/3096 941/2140/2209
f 926/3639/2649 927/2755/2649 925/2142/2210
f 1150/3640/2650 1151/2144/2650 1149/1496/2211
f 910/3642/2651 911/2146/2651 909/2147/2213
f 1166/3644/2652 1167/2763/3103 1165/1500/2214
f 894/3646/2654 895/2760/2654 893/2150/2216
f 1182/3647/2655 1183/2767/3106 1181/1504/2656
f 878/3648/2657 879/2154/2657 877/2155/2219
f 862/3649/2658 863/2768/3108 861/2156/2220
f 846/3650/2659 847/2770/3110 845/12/12
f 1405/2160/2236 1407/4157/2660 1408/2159/2660
f 1389/2162/2661 1391/4156/2662 1392/2161/2662
f 1423/3651/2663 1424/2780/2663 1422/1514/2222
f 1373/3091/2224 1375/4159/2664 1376/2165/2664
f 832/3652/2665 833/4158/3114 831/3094/2225
f 1439/2170/2666 1440/2784/2243 1438/2169/2226
f 1357/3654/2227 1359/2783/3116 1360/2171/2244
f 138/2503/1779 140/4672/2667 141/3655/2667
f 1261/3657/2228 1263/4163/3121 1264/2175/2252
f 1343/3658/2668 1344/2787/3120 1342/2177/2669
f 1277/1531/1815 1279/4165/3123 1280/2179/2670
f 1327/3659/2671 1328/2791/2671 1326/1533/2232
f 1293/2184/1822 1295/4169/2672 1296/2183/2672
f 1309/2186/2673 1311/4167/2674 1312/2185/2674
f 803/3661/2235 805/4674/2675 806/3662/2675
f 152/3663/2676 153/4171/2676 151/3102/2234
f 797/3665/2677 798/4676/2677 796/3666/2239
f 1583/3667/2678 1584/2801/2678 1582/1543/2238
f 1599/3669/2679 1600/2803/2679 1598/1541/2237
f 1565/2199/2680 1567/4175/2681 1568/2198/2681
f 1615/3671/2682 1616/2807/2682 1614/2200/2683
f 166/3672/2242 168/4176/2684 169/3673/2684
f 787/2518/1797 789/4677/2685 790/3674/2685
f 1549/3676/2244 1551/4178/2686 1552/2206/2686
f 1631/2209/2687 1632/2813/3130 1630/2208/2243
f 391/3677/2688 392/4181/2688 390/3114/2245
f 773/3120/2250 775/4183/2690 776/3679/2690
f 405/3116/2246 407/4184/3133 408/3681/2691
f 182/3118/2248 184/4190/825 185/3683/825
f 373/3122/2251 375/4187/2693 376/3685/2693
f 1535/2221/2695 1536/2823/3136 1534/2220/2253
f 1453/3687/2252 1455/4193/2696 1456/2222/2696
f 357/3688/2254 359/4192/2697 360/3689/2697
f 757/3128/2257 759/4194/2698 760/3690/2698
f 423/3692/2699 424/4199/3143 422/3693/2256
f 341/3694/2258 343/4197/2700 344/3695/2700
f 1519/3696/2701 1520/2837/2701 1518/2232/2702
f 741/3137/2263 743/4201/2703 744/3697/2703
f 1469/2237/2260 1471/4205/2704 1472/2236/2704
f 325/3699/1821 327/4203/2705 328/3700/2705
f 198/3701/2262 200/4210/2706 201/3702/2706
f 727/3703/2707 728/4207/2707 726/3704/2708
f 1503/3705/2709 1504/2847/2709 1502/1594/2268
f 1487/3706/2710 1488/2849/3150 1486/1590/2265
f 437/3139/2264 439/4212/3152 440/3708/2711
f 313/3710/2712 314/4215/2712 312/3146/2269
f 455/3712/2714 456/4219/3157 454/3148/2271
f 709/3714/2273 711/4216/2715 712/3715/2715
f 471/3716/2716 472/4221/3159 470/3152/2274
f 214/3718/2275 216/4225/2718 217/3719/2718
f 485/3720/2719 487/4227/2720 488/3721/2720
f 296/3722/2721 297/4223/2721 295/3157/2277
f 693/3161/2280 695/4229/893 696/3724/893
f 503/3726/2722 504/4231/3164 502/3160/2279
f 232/3728/2724 233/4233/3166 231/3164/2282
f 278/3730/2283 280/4234/2726 281/3731/2726
f 248/3732/2727 249/4237/2727 247/3167/2284
f 264/3734/2728 265/4239/2728 263/3169/2286
f 515/3736/2730 516/4241/2730 514/3737/1377
f 677/3171/2287 679/4243/2731 680/3738/2731
f 523/1944/1383 525/4711/2733 526/3740/2733
f 661/3173/2288 663/4245/3173 664/3742/2734
f 533/2581/1845 535/4247/2736 536/3744/2736
f 645/3175/2289 647/4249/2737 648/3746/2737
f 551/3748/2739 552/4253/2739 550/3749/2291
f 629/3750/2740 631/4250/2741 632/3751/2741
f 567/3752/2742 568/4255/2742 566/3181/2293
f 615/3754/2743 616/4257/2743 614/3183/2295
f 583/3756/2744 584/4259/3181 582/3757/2296
f 599/3758/2745 600/4261/2745 598/3187/2297
f 2045/3189/2298 2047/4263/2747 2048/2903/2747
f 2031/3760/2748 2032/2905/2748 2030/2305/2299
f 2063/3761/2749 2064/2907/2749 2062/1644/2301
f 2013/3763/2302 2015/4266/2750 2016/2309/2750
f 2077/3192/2304 2079/4267/3186 2080/2311/2751
f 2095/3764/2753 2096/2914/2753 2094/1650/2305
f 1999/3766/2754 2000/2915/2754 1998/1654/2307
f 2109/3194/2306 2111/4269/2755 2112/2317/2755
f 2127/3768/2757 2128/2319/3192 2126/2320/2308
f 1821/1659/2309 1823/4272/2758 1824/2923/2758
f 1807/2324/2759 1808/2922/3194 1806/2323/2310
f 1791/3771/2761 1792/2926/3196 1790/2325/2762
f 1837/3198/2311 1839/4274/2763 1840/2327/2763
f 2143/3772/2764 2144/2929/2764 2142/1666/2315
f 1775/3774/2765 1776/2931/3200 1774/2331/2318
f 1853/3201/2316 1855/4277/3202 1856/2333/2766
f 2157/3203/2319 2159/4279/2768 2160/2335/2768
f 2559/3205/2321 2561/4281/2769 2562/2337/2769
f 1759/3776/2770 1760/2939/3206 1758/2339/2324
f 2545/3778/2771 2546/2941/2771 2544/1678/2323
f 1869/3207/2322 1871/4287/3210 1872/2343/2772
f 2175/3780/2773 2176/2345/2773 2174/2346/2325
f 2286/3209/2326 2288/4285/2774 2289/2347/2774
f 2302/3210/2327 2304/2948/3211 2305/2349/2775
f 2270/3212/2328 2272/4289/2777 2273/2351/2777
f 2254/3782/2778 2256/4291/2779 2257/2353/2779
f 2527/3783/2335 2529/4293/2780 2530/2355/2780
f 2320/3784/2781 2321/2959/2781 2319/1694/2332
f 2238/3786/2782 2240/2958/2783 2241/2359/2783
f 2222/3216/2336 2224/4296/3220 2225/2361/2784
f 2578/3787/2786 2579/2965/2786 2577/1692/2330
f 1743/3788/2787 1744/2969/2787 1742/2365/2343
f 2206/3218/2338 2208/4299/3224 2209/2367/2788
f 1983/3790/2790 1984/2962/2790 1982/2369/2344
f 2189/3791/2340 2192/17/15 2191/16/14
f 2336/3792/2791 2337/2976/3229 2335/2373/2341
f 1885/3222/2342 1887/4305/851 1888/2977/2792
f 2511/3225/2345 2513/4303/2794 2514/2973/2794
f 2800/3227/2347 2802/4307/2795 2803/2379/2795
f 2784/3793/2796 2786/4308/2797 2787/2982/2797
f 2818/3794/2798 2819/4310/2798 2817/2383/2349
f 2352/2386/2799 2353/4314/2799 2351/2385/2350
f 1727/3795/2800 1728/4312/2800 1726/3796/2801
f 2770/3797/2802 2771/4318/2802 2769/3239/2357
f 2495/3799/2359 2497/4316/2803 2498/3800/2803
f 1901/3234/2353 1903/4319/2804 1904/3801/2804
f 2594/3803/2805 2595/4322/2805 2593/3232/2352
f 2368/3805/2807 2369/4324/2807 2367/3243/2360
f 1967/3807/2808 1968/4326/2808 1966/3808/2363
f 2834/3809/2809 2835/4334/2809 2833/3810/2361
f 2384/3811/2810 2385/4328/2810 2383/3246/2362
f 1711/3813/2812 1712/4332/2812 1710/3814/2371
f 2416/3815/2813 2417/4330/2813 2415/3816/2814
f 2752/3817/2815 2754/4335/3246 2755/3818/2816
f 2433/3819/2817 2434/4338/2817 2432/3251/2364
f 2400/3821/2818 2401/4342/2818 2399/3258/2369
f 2479/3823/2374 2481/4339/3249 2482/3824/2819
f 1917/3825/2370 1919/4345/3253 1920/3826/2820
f 2608/3256/2368 2610/4344/2821 2611/3827/2821
f 2447/3264/2373 2449/4347/2822 2450/3829/2822
f 1951/3831/2823 1952/4350/2823 1950/3832/2376
f 1933/3833/2824 1935/4352/3258 1936/3834/2825
f 2463/3835/2378 2465/4354/2826 2466/3836/2826
f 2738/3837/2827 2739/4356/2827 2737/3274/2379
f 1695/3839/2829 1696/4358/2829 1694/3278/2383
f 2624/3841/2381 2626/4360/3263 2627/3842/2830
f 2720/3843/2385 2722/4361/2831 2723/3844/2831
f 1677/3845/2386 1679/4363/3265 1680/3846/2832
f 2642/3847/2833 2643/4366/2833 2641/3848/2834
f 1647/3849/2835 1648/4368/3269 1646/3850/2387
f 2706/3851/2836 2707/4370/2836 2705/3852/2390
f 1661/3853/2389 1663/4372/2837 1664/3854/2837
f 2658/3855/2838 2659/4374/3273 2657/3856/2839
f 2674/3857/2840 2675/4378/2840 2673/3858/2391
f 2690/3859/2841 2691/4376/3275 2689/3860/2392
f 61/3861/2842 62/4380/2842 60/3298/2393
f 43/3300/2394 45/4381/2843 46/3863/2843
f 29/3865/2845 30/4384/2845 28/3866/2395
f 13/3867/2846 14/4386/2846 12/3868/2847
f 75/3306/2398 77/4388/2848 78/3869/2848
f 93/3871/2849 94/4390/2849 92/3872/2399
f 107/3873/2401 109/4392/2850 110/3874/2850
f 123/3875/2851 125/4393/2852 126/3876/2852
f 4052/50/2853 4053/4395/2853 4051/49/2403
f 4034/53/2854 4036/1098/2855 4037/3877/2855
f 4068/56/2856 4069/4398/2856 4067/3316/2405
f 4082/59/2406 4084/1102/2858 4085/3879/2858
f 3841/62/2410 3843/1104/3288 3844/3880/2859
f 3859/65/2861 3860/4401/3291 3858/3321/2408
f 3875/68/2863 3876/4402/3293 3874/3882/2864
f 3891/71/2865 3892/4404/2865 3890/3325/2413
f 3825/74/2415 3827/1112/3295 3828/3883/2867
f 3907/77/2868 3908/4407/3298 3906/3327/2414
f 3923/80/2869 3924/4409/2869 3922/3885/2870
f 3939/83/2871 3940/4410/2871 3938/3886/2418
f 3811/86/2872 3812/4411/2872 3810/3333/2420
f 3955/89/2873 3956/4413/3303 3954/3887/2419
f 3971/1124/2874 3972/4414/2874 3970/3336/2422
f 3793/95/2423 3795/1126/2875 3796/3888/2875
f 3779/1128/2876 3780/4417/2876 3778/3340/2426
f 3985/101/2425 3987/1130/3307 3988/3890/2877
f 3761/104/2427 3763/1132/2878 3764/3891/2878
f 4003/107/2879 4004/4421/2879 4002/3344/2428
f 3745/110/2430 3747/1136/2881 3748/3892/2881
f 4019/1138/2882 4020/4424/3313 4018/3348/2431
f 3731/1140/2884 3732/4425/2884 3730/3351/2432
f 3713/119/2435 3715/1142/3315 3716/118/2885
f 3699/1144/2886 3700/4427/2886 3698/3356/2436
f 4244/125/2455 4245/4429/2455 4243/3358/2438
f 3683/128/2440 3685/1146/2887 3686/3894/2887
f 4260/131/2888 4261/4430/2456 4259/3360/2439
f 4228/134/2890 4229/4431/3320 4227/3363/2441
f 4274/137/2022 4276/1154/2460 4277/3895/2892
f 4212/140/2893 4213/4433/2893 4211/3896/2443
f 3669/3897/2894 3670/4435/2894 3668/3367/2444
f 4194/146/2896 4196/1164/3327 4197/3899/2897
f 4116/149/2898 4117/4438/2474 4115/3900/2035
f 4178/152/2040 4180/1168/3329 4181/3901/2899
f 4132/155/2900 4133/4441/3332 4131/3376/2449
f 4164/158/2902 4165/4444/2484 4163/3379/2450
f 4148/161/2485 4149/4446/2485 4147/3381/2451
f 3654/3382/2452 3656/4442/2904 3657/3903/2904
f 3003/3384/2453 3005/4450/2905 3006/3905/2905
f 4434/170/2455 4436/1186/2906 4437/3907/2906
f 4452/173/2907 4453/4453/3338 4451/3909/2908
f 4420/176/2909 4421/4451/2909 4419/175/2910
f 3636/3910/1567 3638/4792/2911 3639/3911/2911
f 4466/179/2460 4468/1194/2912 4469/3912/2912
f 4404/182/2913 4405/4454/2913 4403/3913/2461
f 3021/3914/2914 3022/4459/2914 3020/3915/2462
f 3626/3398/2464 3628/4456/3340 3629/3916/2915
f 3242/3400/2465 3244/4461/2917 3245/3918/2917
f 4386/194/2470 4388/1200/2918 4389/193/2918
f 3226/3404/2469 3228/4464/2919 3229/3920/2919
f 3258/3922/2467 3260/4466/3347 3261/3923/2921
f 3210/3408/2471 3212/4468/3349 3213/3924/2922
f 3610/3412/2473 3612/4469/1606 3613/3926/1606
f 3037/3928/2924 3038/4474/3353 3036/3411/2472
f 3194/3930/2925 3196/4472/2926 3197/3931/2926
f 4308/215/2927 4309/4476/3356 4307/3414/2474
f 4370/218/2929 4372/1220/3354 4373/3932/2930
f 3596/3933/2931 3597/4478/2931 3595/3934/2479
f 3180/3935/2932 3181/4480/2932 3179/3936/2480
f 3276/3937/2933 3277/4482/3360 3275/3418/2477
f 4324/230/2934 4325/4488/2934 4323/3939/2935
f 3578/3426/2483 3580/4484/2936 3581/3940/2936
f 4356/236/2937 4357/4486/2937 4355/3942/2484
f 4338/239/2485 4340/1238/2938 4341/3943/2938
f 3166/3945/2939 3167/4490/3365 3165/3430/2486
f 3290/3947/2488 3292/4494/3368 3293/3948/2940
f 3564/3949/2941 3565/4492/2941 3563/3950/2489
f 3053/3951/2942 3054/4496/2942 3052/3952/2487
f 3308/3953/2943 3309/4499/2943 3307/3438/2490
f 3147/3955/2491 3149/4497/2945 3150/3956/2945
f 3324/3957/2946 3325/4503/3373 3323/3442/2492
f 3548/3959/2947 3549/4501/2947 3547/3960/2493
f 3338/3446/2494 3340/4505/2948 3341/3961/2948
f 3069/3963/2949 3070/4507/3376 3068/3964/2495
f 3354/3965/2496 3356/4512/3380 3357/3966/2950
f 3131/3967/2497 3133/4508/2951 3134/3968/2951
f 3085/3969/2952 3086/4515/2952 3084/3970/2953
f 3530/3456/2500 3532/4511/3379 3533/3971/2954
f 3099/3973/2501 3101/4519/3385 3102/3974/2955
f 3117/3975/2956 3118/4517/2956 3116/3461/2503
f 3514/3464/2506 3516/4523/3389 3517/3977/2957
f 3376/3979/2959 3377/4525/3391 3375/3466/2507
f 3498/3468/2508 3500/4527/3393 3501/3981/2960
f 3388/3983/2961 3389/4529/2961 3387/3471/2510
f 3482/3472/2511 3484/4531/2962 3485/3985/2962
f 3404/3987/2963 3405/4533/2963 3403/3475/2513
f 3468/3989/2964 3469/4535/2964 3467/3476/2514
f 3418/3991/2515 3420/4537/2965 3421/3992/2965
f 3452/3993/2966 3453/4539/2966 3451/3482/2518
f 3434/3995/2517 3436/4540/2967 3437/3996/2967
f 4882/320/2519 4884/1292/3402 4885/3997/2968
f 4898/324/2520 4900/323/2969 4901/3998/2969
f 4866/326/2521 4868/1296/2970 4869/4000/2970
f 4916/329/2972 4917/4543/2972 4915/4002/2522
f 4930/332/2524 4932/1302/2973 4933/4003/2973
f 4852/335/2974 4853/4544/2974 4851/4004/2525
f 4946/338/2527 4948/1304/2975 4949/4005/2975
f 4962/342/2529 4964/341/2976 4965/4007/2976
f 4660/344/2977 4661/1308/3411 4659/343/2530
f 4676/347/2978 4677/4547/3414 4675/4009/2979
f 4978/351/2532 4980/350/2980 4981/4010/2980
f 4642/354/2981 4644/353/2982 4645/4012/2982
f 4690/357/2535 4692/356/3418 4693/4013/2983
f 4628/359/2984 4629/1316/2984 4627/3502/2538
f 4996/362/2985 4997/4550/2985 4995/4015/2537
f 4706/366/2539 4708/365/3423 4709/4016/2986
f 4610/368/2544 4612/1324/2988 4613/4018/2988
f 5010/371/2541 5012/1328/2989 5013/4019/2989
f 4836/1322/2990 4837/373/2990 4835/3511/2548
f 5412/377/2545 5414/1329/2991 5415/4020/2991
f 5398/380/2992 5399/4554/2992 5397/4021/2546
f 5139/383/2547 5141/1335/2993 5142/4022/2993
f 5123/386/2549 5125/1337/2995 5126/4024/2995
f 5380/389/2552 5382/1333/2996 5383/4026/2996
f 5155/392/2997 5157/1339/3430 5158/391/2998
f 5107/396/2553 5109/395/3432 5110/4027/2999
f 5091/398/3000 5093/1345/3434 5094/4028/3001
f 4722/402/2551 4724/401/3002 4725/4029/3002
f 5028/404/3004 5029/4562/3004 5027/4031/2554
f 5077/407/3005 5078/4560/3005 5076/3526/2559
f 4596/410/3007 4597/4557/3007 4595/3525/2558
f 5173/413/3008 5174/4564/3008 5172/4032/2557
f 5061/416/3009 5062/1354/3441 5060/3529/2562
f 5364/420/2563 5366/419/3011 5367/4033/3011
f 5045/422/3013 5046/1359/3013 5044/4035/3014
f 5431/425/3015 5432/4573/3452 5430/3533/2566
f 5637/428/2571 5639/1361/3444 5640/4036/3017
f 5187/431/2567 5189/1365/3447 5190/4038/3018
f 5655/434/3019 5656/4570/3019 5654/3538/2572
f 4738/437/2569 4740/1369/3020 4741/4040/3020
f 4580/1363/3021 4581/4568/3021 4579/3540/2573
f 5348/443/2574 5350/1373/3022 5351/4042/3022
f 5623/446/3023 5624/4574/3023 5622/4044/2575
f 5203/3548/2577 5205/4578/3024 5206/4045/3024
f 5671/4047/3025 5672/4580/3025 5670/3547/2576
f 4818/4049/2578 4820/4575/3026 4821/4050/3026
f 5445/4051/2580 5447/4592/3466 5448/4052/3027
f 5221/4053/3028 5222/4588/3463 5220/3556/2581
f 4756/4055/3029 4757/4590/3029 4755/3552/2579
f 4564/4057/3031 4565/4582/3459 4563/3558/2582
f 5332/3563/2585 5334/4584/3032 5335/4059/3032
f 5607/4061/3033 5608/4586/3033 5606/3565/2586
f 5268/44/40 5270/4594/3035 5271/4063/3035
f 5235/4064/2583 5237/4595/3468 5238/4065/3036
f 5286/4066/3037 5287/4598/3471 5285/4067/2588
f 5251/3571/2590 5253/4600/3473 5254/4068/3038
f 4802/4070/2592 4804/4601/3039 4805/4071/3039
f 5685/4072/2589 5687/4613/3040 5688/4073/3040
f 4772/4074/3041 4773/4606/3041 4771/4075/2593
f 5302/4076/3042 5303/4610/3042 5301/3577/2594
f 5591/4078/3043 5592/4604/3043 5590/4079/2600
f 4786/4080/2595 4788/4611/3044 4789/4081/3044
f 5316/4082/2599 5318/4607/3045 5319/4083/3045
f 5461/4084/2596 5463/4617/3046 5464/4085/3046
f 4548/4086/3047 4549/4616/3047 4547/4087/2602
f 5477/3588/2603 5479/4627/3489 5480/4088/3048
f 5575/4090/3049 5576/4621/3485 5574/3590/2604
f 4530/4092/2606 4532/4622/3051 4533/4093/3051
f 5493/3594/2607 5495/4631/3052 5496/4094/3052
f 5559/4096/3053 5560/4629/3053 5558/3596/2609
f 4514/4098/2610 4516/4633/3055 4517/4099/3055
f 4500/4100/3056 4501/4635/3056 4499/4101/2611
f 5509/3602/2612 5511/4637/3495 5512/4102/3057
f 5543/4104/3058 5544/4639/3058 5542/4105/2613
f 5525/4106/2614 5527/4641/3059 5528/4107/3059
f 2912/3608/2615 2914/4645/3500 2915/4108/3060
f 2896/3610/2616 2898/4643/3061 2899/4110/3061
f 2880/3612/2617 2882/4646/3062 2883/4112/3062
f 2866/4114/3063 2867/4648/3063 2865/3614/2619
f 2930/4116/3064 2931/4652/3505 2929/4117/2620
f 2946/4118/3065 2947/4654/3065 2945/4119/3066
f 2962/4120/3067 2963/4656/3508 2961/4121/2622
f 2850/4122/3068 2851/4650/3068 2848/4123/3069
f 2848/4125/3069 2978/4128/3070 2979/4126/3070
f 2976/3622/2624 2979/4126/3070 2978/4128/3070
f 1201/4130/3071 1202/3314/3071 1200/2720/2626
f 1217/4132/3073 1218/3315/3509 1216/2722/3074
f 1231/4133/3075 1233/4657/3076 1234/2724/3076
f 1249/4134/3077 1250/3320/3077 1248/2726/3078
f 1006/4135/2632 1008/4658/3079 1009/2728/3079
f 992/4136/3080 993/3323/3510 991/2730/2635
f 1022/3629/2633 1024/4659/3511 1025/2732/3081
f 1038/2735/2636 1040/4660/3512 1041/2734/3083
f 1054/2125/2638 1056/4661/3085 1057/2736/3085
f 976/4137/3086 977/2738/3086 975/2128/2642
f 1072/4139/3088 1073/3330/3513 1071/2740/2639
f 1088/4140/3089 1089/3331/3089 1087/2130/2643
f 1102/4142/3090 1104/4662/3091 1105/2744/3091
f 958/4143/3092 960/4663/3514 961/2746/3093
f 1120/4144/3094 1121/3335/3515 1119/2136/2646
f 942/3638/2648 944/4664/3095 945/2750/3095
f 1136/4146/3097 1137/3338/3097 1135/2138/2647
f 928/4148/3098 929/2754/3098 927/2755/2649
f 1152/4149/3099 1153/2756/3516 1151/2144/2650
f 912/4150/3100 913/3342/3100 911/2146/2651
f 896/4151/3101 897/3346/3101 895/2760/2654
f 1166/3644/2652 1168/4665/3102 1169/2762/3102
f 880/4152/3104 881/3350/3104 879/2154/2657
f 1182/3647/2655 1184/4666/3517 1185/2766/3105
f 864/4153/3107 865/3354/3519 863/2768/3108
f 848/4154/3109 849/3355/3109 847/2770/3110
f 1393/4155/3111 1394/3357/2678 1392/2161/2662
f 1409/2774/3112 1410/3359/2679 1408/2159/2660
f 832/3652/2665 834/4667/3113 835/3362/3113
f 1375/4159/2664 1377/4668/3115 1378/2778/3115
f 1425/2781/2682 1426/3365/2682 1424/2780/2663
f 1359/2783/3116 1361/4669/3520 1362/2782/3117
f 1441/4160/3118 1442/3368/3118 1440/2784/2243
f 815/3097/2229 818/8/8 817/7/7
f 1345/4162/3119 1346/3370/3119 1344/2787/3120
f 1263/4163/3121 1265/4671/2696 1266/2789/2696
f 1329/4164/3122 1330/3375/2701 1328/2791/2671
f 1279/4165/3123 1281/4673/2704 1282/2793/2704
f 1313/4166/2709 1314/3378/2709 1312/2185/2674
f 1297/4168/2710 1298/3380/3150 1296/2183/2672
f 152/3663/2676 154/4675/3124 155/4170/3124
f 1585/4172/3125 1586/3388/3125 1584/2801/2678
f 1601/4173/3126 1602/3389/3521 1600/2803/2679
f 1569/4174/111 1570/3390/113 1568/2198/2681
f 1617/2808/116 1618/3391/116 1616/2807/2682
f 168/4176/2684 170/4679/3127 171/4177/3127
f 1551/4178/2686 1553/4678/117 1554/2811/3128
f 1633/4179/3129 1634/3396/3129 1632/2813/3130
f 391/3677/2688 393/4682/3523 394/4180/3131
f 777/4182/3132 778/4681/3522 776/3679/2690
f 407/4184/3133 409/4683/3134 410/4185/3134
f 377/4186/3135 378/4684/3135 376/3685/2693
f 1537/4188/123 1538/3406/123 1536/2823/3136
f 186/4189/3137 187/4686/3137 185/3683/825
f 361/4191/3138 362/4685/3138 360/3689/2697
f 1455/4193/2696 1457/3415/124 1458/2829/3139
f 759/4194/2698 761/4687/3140 762/4195/3140
f 345/4196/3141 346/4688/3524 344/3695/2700
f 423/3692/2699 425/4689/3142 426/4198/3142
f 1521/4200/127 1522/3420/3525 1520/2837/2701
f 743/4201/2703 745/4690/3144 746/4202/3144
f 327/4203/2705 329/4691/3145 330/4204/3145
f 1473/2843/3146 1474/3425/3526 1472/2236/2704
f 729/4206/3147 730/4692/3147 728/4207/2707
f 1505/4208/3148 1506/3428/3148 1504/2847/2709
f 1489/4209/3149 1490/3429/3149 1488/2849/3150
f 200/4210/2706 202/4694/3151 203/4211/3151
f 439/4212/3152 441/4695/3153 442/4213/3153
f 313/3710/2712 315/4693/3154 316/4214/3154
f 711/4216/2715 713/4696/3155 714/4217/3155
f 455/3712/2714 457/4697/3156 458/4218/3156
f 471/3716/2716 473/4699/3158 474/4220/3158
f 296/3722/2721 298/4698/3160 299/4222/3160
f 218/4224/3161 219/4702/3161 217/3719/2718
f 489/4226/3162 490/4701/3162 488/3721/2720
f 697/4228/150 698/4700/150 696/3724/893
f 505/4230/3163 506/4703/3163 504/4231/3164
f 234/4232/3165 235/4705/3527 233/4233/3166
f 280/4234/2726 282/4704/3167 283/4235/3167
f 250/4236/3168 251/4707/3168 249/4237/2727
f 266/4238/3169 267/4708/3529 265/4239/2728
f 515/3736/2730 517/4709/3530 518/4240/3170
f 681/4242/3171 682/4706/3528 680/3738/2731
f 665/4244/3172 666/4710/3172 664/3742/2734
f 537/4246/3174 538/4713/3174 536/3744/2736
f 649/4248/3175 650/4712/3531 648/3746/2737
f 631/4250/2741 633/4714/3176 634/4251/3176
f 553/4252/3177 554/4715/3532 552/4253/2739
f 567/3752/2742 569/4717/3178 570/4254/3178
f 615/3754/2743 617/4716/3179 618/4256/3179
f 585/4258/3180 586/4718/3533 584/4259/3181
f 599/3758/2745 601/4719/3182 602/4260/3182
f 2049/4262/3183 2050/3486/3183 2048/2903/2747
f 2033/4264/3184 2034/3484/3184 2032/2905/2748
f 2065/4265/3185 2066/3488/3185 2064/2907/2749
f 2015/4266/2750 2017/3487/1892 2018/2909/1892
f 2079/4267/3186 2081/4720/3187 2082/3489/3187
f 2095/3764/2753 2097/4721/3534 2098/2913/3188
f 2001/4268/3189 2002/3491/3189 2000/2915/2754
f 2111/4269/2755 2113/4722/3190 2114/2917/3190
f 2129/4270/3191 2130/3495/3191 2128/2319/3192
f 1807/2324/2759 1809/4723/3535 1810/2921/3193
f 1825/4271/3195 1826/3496/3536 1824/2923/2758
f 1793/4273/2788 1794/2925/3537 1792/2926/3196
f 1839/4274/2763 1841/4724/3197 1842/2927/3197
f 2145/2930/3198 2146/3500/3198 2144/2929/2764
f 1777/4275/3199 1778/3501/3538 1776/2931/3200
f 1857/4276/3201 1858/2933/3539 1856/2333/2766
f 2161/4278/3203 2162/3504/3203 2160/2335/2768
f 2563/4280/3204 2564/3507/3204 2562/2337/2769
f 1761/4282/3205 1762/3505/3205 1760/2939/3206
f 2547/4283/3207 2548/3509/3207 2546/2941/2771
f 2290/4284/3208 2291/3510/3208 2289/2347/2774
f 1873/4286/3209 1874/2945/3209 1872/2343/2772
f 2304/2948/3211 2306/4725/3212 2307/2947/3212
f 2274/4288/3213 2275/3513/3213 2273/2351/2777
f 2258/4290/3214 2259/3518/3214 2257/2353/2779
f 2177/4292/3215 2178/3520/3540 2176/2345/2773
f 2529/4293/2780 2531/4726/3216 2532/2955/3216
f 2242/4294/3217 2243/2957/3217 2241/2359/2783
f 2322/2960/3218 2323/3523/3218 2321/2959/2781
f 1985/4295/3219 1986/2961/3219 1984/2962/2790
f 2224/4296/3220 2226/4727/3542 2227/2963/3221
f 2580/4297/3222 2581/3532/3222 2579/2965/2786
f 2210/4298/3223 2211/3528/3543 2209/2367/2788
f 1745/4300/3225 1746/3524/3541 1744/2969/2787
f 2194/4301/3226 2195/3531/3544 2193/18/16
f 2515/4302/3227 2516/3530/3227 2514/2973/2794
f 2336/3792/2791 2338/4728/3545 2339/2975/3228
f 1889/4304/3230 1890/3535/3546 1888/2977/2792
f 2804/4306/3231 2805/3537/3231 2803/2379/2795
f 2786/4308/2797 2788/4729/3232 2789/2981/3232
f 2820/4309/3233 2821/4732/3233 2819/4310/2798
f 1729/4311/3234 1730/3539/3234 1728/4312/2800
f 2352/2386/2799 2354/4733/3235 2355/4313/3235
f 2499/4315/3236 2500/4730/3236 2498/3800/2803
f 2772/4317/3237 2773/4731/3237 2771/4318/2802
f 1903/4319/2804 1905/4735/3238 1906/4320/3238
f 2596/4321/3239 2597/4736/3239 2595/4322/2805
f 2368/3805/2807 2370/4737/3240 2371/4323/3240
f 1969/4325/3241 1970/4734/3241 1968/4326/2808
f 2384/3811/2810 2386/4739/3547 2387/4327/3242
f 2416/3815/2813 2418/4740/3243 2419/4329/3243
f 1711/3813/2812 1713/4738/3244 1714/4331/3244
f 2836/4333/3245 2837/4745/3245 2835/4334/2809
f 2754/4335/3246 2756/4743/3548 2757/4336/3247
f 2435/4337/3248 2436/4744/3248 2434/4338/2817
f 2481/4339/3249 2483/4742/3250 2484/4340/3250
f 2402/4341/3251 2403/4746/3251 2401/4342/2818
f 2612/4343/3252 2613/4751/3252 2611/3827/2821
f 1919/4345/3253 1921/4748/3254 1922/4346/3254
f 2449/4347/2822 2451/4749/3255 2452/4348/3255
f 1953/4349/3256 1954/4747/3549 1952/4350/2823
f 1937/4351/3257 1938/4750/3257 1936/3834/2825
f 2467/4353/3259 2468/4752/3550 2466/3836/2826
f 2738/3837/2827 2740/4753/3551 2741/4355/3260
f 1697/4357/3261 1698/4754/3261 1696/4358/2829
f 2628/4359/3262 2629/4755/3530 2627/3842/2830
f 2722/4361/2831 2724/4756/3552 2725/4362/3264
f 1679/4363/3265 1681/4757/3553 1682/4364/3266
f 2644/4365/3267 2645/4758/3554 2643/4366/2833
f 1647/3849/2835 1649/4761/3268 1650/4367/3268
f 2706/3851/2836 2708/4759/3270 2709/4369/3270
f 1665/4371/3271 1666/4760/3271 1664/3854/2837
f 2660/4373/3272 2661/4762/3272 2659/4374/3273
f 2692/4375/3274 2693/4763/3274 2691/4376/3275
f 2676/4377/3276 2677/4764/3276 2675/4378/2840
f 61/3861/2842 63/4765/3277 64/4379/3277
f 45/4381/2843 47/4766/3555 48/4382/3278
f 29/3865/2845 31/4767/3556 32/4383/3279
f 13/3867/2846 15/4768/3280 16/4385/3280
f 79/4387/3281 80/4769/3281 78/3869/2848
f 95/4389/3282 96/4770/3282 94/4390/2849
f 111/4391/3283 112/4771/3557 110/3874/2850
f 125/4393/2852 127/4772/3284 128/4394/3284
f 4054/1096/3285 4055/4773/3285 4053/4395/2853
f 4036/1098/2855 4038/1806/3286 4039/4396/3286
f 4068/56/2856 4070/1807/1576 4071/4397/1576
f 4084/1102/2858 4086/1809/3558 4087/1101/3287
f 3843/1104/3288 3845/1813/3289 3846/4399/3289
f 3859/65/2861 3861/1814/3561 3862/4400/3290
f 3877/1815/3292 3878/4776/3292 3876/4402/3293
f 3891/71/2865 3893/1818/3562 3894/4403/3294
f 3827/1112/3295 3829/1816/3296 3830/4405/3296
f 3907/77/2868 3909/1819/3297 3910/4406/3297
f 3923/80/2869 3925/1820/3299 3926/4408/3299
f 3939/83/2871 3941/1822/3300 3942/1117/3300
f 3813/1120/3301 3814/4777/3301 3812/4411/2872
f 3955/89/2873 3957/1823/3302 3958/4412/3302
f 3973/1827/3304 3974/4778/3563 3972/4414/2874
f 3795/1126/2875 3797/1825/3305 3798/4415/3305
f 3779/1128/2876 3781/1127/3306 3782/4416/3306
f 3987/1130/3307 3989/1829/3308 3990/4418/3308
f 3763/1132/2878 3765/1831/3309 3766/4419/3309
f 4003/107/2879 4005/1832/3564 4006/4420/3310
f 3747/1136/2881 3749/1833/3311 3750/4422/3311
f 4019/1138/2882 4021/1836/3565 4022/4423/3312
f 3731/1140/2884 3733/1835/3314 3734/1139/3314
f 3715/1142/3315 3717/1838/3316 3718/4426/3316
f 3701/1143/3317 3702/4779/3566 3700/4427/2886
f 3687/1841/3318 3688/4780/3318 3686/3894/2887
f 4244/125/2455 4246/1842/2906 4247/4428/2906
f 4262/1150/2907 4263/1846/2907 4261/4430/2456
f 4230/1152/3319 4231/4781/3319 4229/4431/3320
f 4276/1154/2460 4278/1849/3321 4279/4432/3321
f 4214/1156/3322 4215/4782/3322 4213/4433/2893
f 3669/3897/2894 3671/4783/3323 3672/4434/3323
f 4101/1160/3324 4291/3369/2445 4290/1159/2445
f 4100/1161/3325 4102/1853/3567 4103/4436/3326
f 4196/1164/3327 4198/1852/2918 4199/4437/2918
f 4118/1166/3328 4119/4784/3328 4117/4438/2474
f 4180/1168/3329 4182/1854/3330 4183/1167/3330
f 2989/3373/2447 2991/4788/3331 2992/4439/3331
f 4134/1173/2934 4135/4787/2934 4133/4441/3332
f 3656/4442/2904 3658/4785/3333 3659/4443/3333
f 4166/1177/3334 4167/4786/3334 4165/4444/2484
f 4148/161/2485 4150/1863/2938 4151/4445/2938
f 3646/4447/2454 3648/4789/3335 3649/4448/3335
f 3007/4449/3336 3008/4791/3336 3006/3905/2905
f 4438/1185/484 4439/4790/484 4437/3907/2906
f 4420/176/2909 4422/1869/488 4423/1187/488
f 4452/173/2907 4454/1871/3568 4455/4452/3337
f 4406/1192/3339 4407/4793/3569 4405/4454/2913
f 4468/1194/2912 4470/1876/501 4471/4455/501
f 3628/4456/3340 3630/4794/3341 3631/4457/3341
f 3023/4458/3342 3024/4796/3342 3022/4459/2914
f 4390/1199/2440 4391/4795/2440 4389/193/2918
f 4293/4460/3343 4483/3397/2463 4482/1201/2463
f 3244/4461/2917 3246/4797/3344 3247/4462/3344
f 4294/1206/2406 4295/4799/2406 4293/4460/3343
f 3230/4463/3345 3231/4798/3345 3229/3920/2919
f 3262/4465/3346 3263/4802/3346 3261/3923/2921
f 3214/4467/3348 3215/4800/3348 3213/3924/2922
f 3612/4469/1606 3614/4801/3570 3615/4470/3350
f 3198/4471/3351 3199/4803/3351 3197/3931/2926
f 3037/3928/2924 3039/4804/3571 3040/4473/3352
f 4372/1220/3354 4374/1895/3355 4375/4475/3355
f 4310/1222/512 4311/4807/512 4309/4476/3356
f 3598/4477/3357 3599/4805/3357 3597/4478/2931
f 3182/4479/3358 3183/4806/3358 3181/4480/2932
f 3276/3937/2933 3278/4808/3359 3279/4481/3359
f 3582/4483/3361 3583/4809/3361 3581/3940/2936
f 4356/236/2937 4358/1908/3572 4359/4485/3362
f 4324/230/2934 4326/1910/516 4327/4487/3363
f 3168/4489/3364 3169/4810/3364 3167/4490/3365
f 4342/1237/519 4343/1914/519 4341/3943/2938
f 3566/4491/3366 3567/4811/3366 3565/4492/2941
f 3294/4493/3367 3295/4812/3573 3293/3948/2940
f 3055/4495/3369 3056/4813/3369 3054/4496/2942
f 3151/28/26 3153/30/28 3150/3956/2945
f 3308/3953/2943 3310/4814/3370 3311/4498/3370
f 3550/4500/3371 3551/4815/3371 3549/4501/2947
f 3326/4502/3372 3327/4816/3574 3325/4503/3373
f 3342/4504/3374 3343/4817/3575 3341/3961/2948
f 3069/3963/2949 3071/4818/3375 3072/4506/3375
f 3133/4508/2951 3135/4819/3576 3136/4509/3377
f 3534/4510/3378 3535/4820/3378 3533/3971/2954
f 3356/4512/3380 3358/4821/3577 3359/4513/3381
f 3087/4514/3382 3088/4822/3382 3086/4515/2952
f 3119/4516/3383 3120/4823/3383 3118/4517/2956
f 3103/4518/3384 3104/4824/3578 3102/3974/2955
f 3366/4520/3386 3368/4825/3387 3369/4521/3387
f 3518/4522/3388 3519/4826/3388 3517/3977/2957
f 3378/4524/3390 3379/4827/3579 3377/4525/3391
f 3502/4526/3392 3503/4828/3392 3501/3981/2960
f 3390/4528/3394 3391/4830/3394 3389/4529/2961
f 3486/4530/3395 3487/4829/3580 3485/3985/2962
f 3404/3987/2963 3406/4832/3582 3407/4532/3396
f 3470/4534/3397 3471/4831/3581 3469/4535/2964
f 3422/4536/3398 3423/4833/3583 3421/3992/2965
f 3452/3993/2966 3454/4834/3399 3455/4538/3399
f 3436/4540/2967 3438/4835/3584 3439/4541/3400
f 4886/1291/3401 4887/4836/3401 4885/3997/2968
f 4900/323/2969 4902/1967/3403 4903/4542/3403
f 4870/1295/3404 4871/4837/3404 4869/4000/2970
f 4918/1298/3405 4919/4838/3405 4917/4543/2972
f 4854/1300/3406 4855/4839/3585 4853/4544/2974
f 4934/1974/3407 4935/4840/3407 4933/4003/2973
f 4950/1303/3408 4951/4841/3408 4949/4005/2975
f 4966/1306/3409 4967/4842/3409 4965/4007/2976
f 4660/344/2977 4662/1979/3410 4663/4545/3410
f 4644/353/2982 4646/1980/3586 4647/1309/3412
f 4676/347/2978 4678/1981/3587 4679/4546/3413
f 4980/350/2980 4982/1314/3415 4983/1983/3415
f 4628/359/2984 4630/1984/3588 4631/4548/3416
f 4694/1318/3417 4695/4843/3417 4693/4013/2983
f 4996/362/2985 4998/1320/3419 4999/4549/3419
f 4836/1322/2990 4838/1986/3420 4839/4551/3420
f 4612/1324/2988 4614/1989/3589 4615/4552/3421
f 4710/1326/3422 4711/4844/3590 4709/4016/2986
f 5012/1328/2989 5014/1327/3424 5015/4553/3424
f 5416/22/42 5418/4845/44 5415/4020/2991
f 5400/1331/3425 5401/1994/3425 5399/4554/2992
f 5384/1332/3426 5385/4846/3426 5383/4026/2996
f 5143/1334/3427 5144/4847/3427 5142/4022/2993
f 5125/1337/2995 5127/2001/3428 5128/4555/3428
f 5159/1338/3429 5160/4849/3429 5158/391/2998
f 5111/1341/3431 5112/4848/3431 5110/4027/2999
f 4596/410/3007 4598/2004/3433 4599/4556/3433
f 5093/1345/3434 5095/2005/3435 5096/4558/3435
f 4726/1347/3436 4727/4852/3436 4725/4029/3002
f 5077/407/3005 5079/2006/3591 5080/4559/3437
f 5028/404/3004 5030/1351/3438 5031/4561/3438
f 5173/413/3008 5175/2012/3439 5176/4563/3439
f 5063/1355/3440 5064/4851/3592 5062/1354/3441
f 5368/1357/3442 5369/4850/3442 5367/4033/3011
f 5045/422/3013 5047/2014/3443 5048/4565/3443
f 5639/1361/3444 5641/2016/3445 5642/4566/3445
f 4580/1363/3021 4582/1362/3446 4583/4567/3446
f 5189/1365/3447 5191/2019/3593 5192/4569/3448
f 5657/1367/3449 5658/4854/3449 5656/4570/3019
f 4740/1369/3020 4742/2027/3595 4743/4571/3450
f 5431/425/3015 5433/1371/3451 5434/4572/3451
f 5352/1372/3453 5353/4853/3453 5351/4042/3022
f 5625/1375/3454 5626/4855/3594 5624/4574/3023
f 4820/4575/3026 4822/6112/3455 4823/4576/3455
f 5207/4577/3456 5208/4858/3596 5206/4045/3024
f 5671/4047/3025 5673/4859/3457 5674/4579/3457
f 4564/4057/3031 4566/4860/3458 4567/4581/3458
f 5336/4583/3460 5337/4862/3460 5335/4059/3032
f 5609/4585/3461 5610/4861/3461 5608/4586/3033
f 5221/4053/3028 5223/4863/2597 5224/4587/3462
f 4758/4589/3464 4759/4866/3464 4757/4590/3029
f 5449/4591/3465 5450/4864/3465 5448/4052/3027
f 5272/4593/3467 5273/4865/3467 5271/4063/3035
f 5237/4595/3468 5239/4867/3597 5240/4596/3469
f 5286/4066/3037 5288/4870/3470 5289/4597/3470
f 5255/4599/3472 5256/4869/3598 5254/4068/3038
f 4804/4601/3039 4806/4868/3474 4807/4602/3474
f 5591/4078/3043 5593/4871/3475 5594/4603/3475
f 4774/4605/3476 4775/4873/3476 4773/4606/3041
f 5318/4607/3045 5320/4872/3477 5321/4608/3477
f 5302/4076/3042 5304/4876/3478 5305/4609/3478
f 4788/4611/3044 4790/4874/3479 4791/4612/3479
f 5687/4613/3040 5689/4877/3480 5690/4614/3480
f 4550/4615/3481 4551/4875/3481 4549/4616/3047
f 5463/4617/3046 5465/4878/3599 5466/4618/3482
f 4485/1420/3483 5694/1036/779 5693/4619/779
f 5575/4090/3049 5577/4879/3600 5578/4620/3484
f 4532/4622/3051 4534/4880/3486 4535/4623/3486
f 4484/4124/3483 4486/4882/3487 4487/4624/3487
f 5481/4626/3488 5482/4881/3488 5480/4088/3048
f 5561/4628/3490 5562/4883/3601 5560/4629/3053
f 5497/4630/3491 5498/4885/3491 5496/4094/3052
f 4518/4632/3492 4519/4884/3492 4517/4099/3055
f 4500/4100/3056 4502/4886/3493 4503/4634/3493
f 5513/4636/3494 5514/4888/3602 5512/4102/3057
f 5543/4104/3058 5545/4887/3496 5546/4638/3496
f 5529/4640/3497 5530/4889/3497 5528/4107/3059
f 2900/4642/3498 2901/4890/3498 2899/4110/3061
f 2916/4644/3499 2917/4891/3499 2915/4108/3060
f 2884/4494/3501 2885/4892/3501 2883/4112/3062
f 2868/4647/3502 2869/4893/3502 2867/4648/3063
f 2852/4649/3503 2853/4894/3503 2851/4650/3068
f 2930/4116/3064 2932/1518/3504 2933/4651/3504
f 2946/4118/3065 2948/4895/3603 2949/4653/3506
f 2962/4120/3067 2964/4896/3507 2965/4655/3507
f 1201/4130/3071 1204/49/45 1203/51/45
f 1220/55/49 1219/57/51 1218/3315/3509
f 1236/60/53 1235/59/53 1234/2724/3076
f 1249/4134/3077 1252/1811/1285 1251/3319/1285
f 1011/64/57 1010/66/59 1009/2728/3079
f 992/4136/3080 995/63/56 994/62/55
f 1027/67/60 1026/69/60 1025/2732/3081
f 1043/70/62 1042/72/64 1041/2734/3083
f 1059/76/67 1058/78/67 1057/2736/3085
f 976/4137/3086 979/75/66 978/74/66
f 1075/79/69 1074/81/71 1073/3330/3513
f 1091/82/72 1090/84/72 1089/3331/3089
f 1104/4662/3091 1107/88/76 1106/90/76
f 963/85/74 962/87/74 961/2746/3093
f 1120/4144/3094 1123/93/80 1122/92/79
f 944/4664/3095 947/96/83 946/95/82
f 1139/102/88 1138/101/87 1137/3338/3097
f 931/99/85 930/98/85 929/2754/3098
f 915/105/90 914/104/90 913/3342/3100
f 1155/106/91 1154/108/91 1153/2756/3516
f 899/111/94 898/110/94 897/3346/3101
f 1171/114/97 1170/113/96 1169/2762/3102
f 883/117/99 882/116/99 881/3350/3104
f 1184/4666/3517 1188/54/3518 1187/3352/3518
f 864/4153/3107 867/120/101 866/119/101
f 851/123/103 850/122/103 849/3355/3109
f 1396/124/104 1395/126/104 1394/3357/2678
f 1412/130/108 1411/132/110 1410/3359/2679
f 834/4667/3113 837/129/107 836/128/107
f 1380/133/111 1379/135/113 1378/2778/3115
f 1425/2781/2682 1428/138/116 1427/137/115
f 1361/4669/3520 1364/139/117 1363/141/117
f 821/142/119 820/144/119 819/9/9
f 1444/4670/861 1443/1159/861 1442/3368/3118
f 1348/147/123 1347/146/122 1346/3370/3119
f 1265/4671/2696 1268/148/124 1267/150/124
f 143/1171/870 142/1170/870 141/3655/2667
f 1329/4164/3122 1332/153/127 1331/152/127
f 1284/154/128 1283/156/130 1282/2793/2704
f 1316/157/131 1315/159/133 1314/3378/2709
f 1300/160/134 1299/162/134 1298/3380/3150
f 805/4674/2675 808/165/137 807/164/137
f 154/4675/3124 157/166/138 156/168/138
f 800/1182/875 799/1181/875 798/4676/2677
f 1585/4172/3125 1588/171/105 1587/170/105
f 1601/4173/3126 1604/172/141 1603/174/109
f 1569/4174/111 1572/175/143 1571/177/112
f 789/4677/2685 792/1872/1332 791/1874/1332
f 1620/180/146 1619/179/114 1618/3391/116
f 1553/4678/117 1556/181/118 1555/183/118
f 170/4679/3127 173/184/148 172/186/148
f 1636/4680/886 1635/1201/886 1634/3396/3129
f 777/4182/3132 780/189/152 779/188/151
f 393/4682/3523 396/192/154 395/191/154
f 412/201/161 411/200/160 410/4185/3134
f 377/4186/3135 380/198/158 379/197/158
f 1540/195/156 1539/194/156 1538/3406/123
f 364/204/163 363/203/163 362/4685/3138
f 189/208/167 188/210/167 187/4686/3137
f 761/4687/3140 764/207/166 763/206/165
f 1460/214/172 1459/216/172 1458/2829/3139
f 348/213/171 347/212/170 346/4688/3524
f 428/226/180 427/228/180 426/4198/3142
f 1524/219/175 1523/218/175 1522/3420/3525
f 745/4690/3144 748/220/176 747/222/176
f 332/223/178 331/225/178 330/4204/3145
f 1473/2843/3146 1476/229/182 1475/231/184
f 729/4206/3147 732/234/186 731/233/186
f 1505/4208/3148 1508/235/187 1507/237/187
f 1489/4209/3149 1492/240/135 1491/239/135
f 318/241/190 317/243/190 316/4214/3154
f 202/4694/3151 205/250/196 204/252/196
f 444/246/193 443/245/193 442/4213/3153
f 713/4696/3155 716/247/194 715/249/194
f 460/253/198 459/255/200 458/4218/3156
f 301/258/202 300/257/202 299/4222/3160
f 476/259/203 475/261/203 474/4220/3158
f 697/4228/150 700/264/206 699/263/206
f 489/4226/3162 492/267/208 491/266/208
f 218/4224/3161 221/268/209 220/270/209
f 508/273/212 507/272/212 506/4703/3163
f 282/4704/3167 285/274/213 284/276/213
f 234/4232/3165 237/277/215 236/279/215
f 681/4242/3171 684/282/218 683/281/218
f 253/285/220 252/284/220 251/4707/3168
f 269/286/221 268/288/221 267/4708/3529
f 520/1270/934 519/1269/933 518/4240/3170
f 665/4244/3172 668/291/225 667/290/224
f 528/292/226 527/294/226 526/3740/2733
f 649/4248/3175 652/295/228 651/297/228
f 540/298/230 539/300/230 538/4713/3174
f 633/4714/3176 636/303/233 635/302/233
f 556/304/234 555/306/234 554/4715/3532
f 620/307/236 619/309/236 618/4256/3179
f 572/310/238 571/312/238 570/4254/3178
f 588/318/243 587/317/243 586/4718/3533
f 604/313/240 603/315/240 602/4260/3182
f 2036/321/245 2035/320/245 2034/3484/3184
f 2049/4262/3183 2052/322/246 2051/324/246
f 2017/3487/1892 2020/327/250 2019/326/249
f 2065/4265/3185 2068/328/251 2067/330/251
f 2084/333/254 2083/332/254 2082/3489/3187
f 2001/4268/3189 2004/334/255 2003/336/255
f 2100/339/258 2099/338/258 2098/2913/3188
f 2113/4722/3190 2116/340/259 2115/342/259
f 1812/343/261 1811/345/261 1810/2921/3193
f 2129/4270/3191 2132/349/266 2131/351/266
f 1825/4271/3195 1828/346/263 1827/348/265
f 1796/352/268 1795/354/270 1794/2925/3537
f 1841/4724/3197 1844/355/271 1843/357/271
f 2145/2930/3198 2148/361/275 2147/363/275
f 1780/358/273 1779/360/273 1778/3501/3538
f 1857/4276/3201 1860/364/277 1859/366/277
f 2161/4278/3203 2164/372/283 2163/371/283
f 1764/369/281 1763/368/280 1762/3505/3205
f 2566/378/287 2565/377/287 2564/3507/3204
f 2547/4283/3207 2550/379/288 2549/381/288
f 2290/4284/3208 2293/384/292 2292/383/291
f 1988/375/285 1987/374/285 1986/2961/3219
f 2274/4288/3213 2277/387/294 2276/386/294
f 2309/393/298 2308/392/298 2307/2947/3212
f 1873/4286/3209 1876/400/304 1875/402/306
f 2534/390/296 2533/389/296 2532/2955/3216
f 2261/394/299 2260/396/301 2259/3518/3214
f 2177/4292/3215 2180/403/307 2179/405/307
f 2245/399/303 2244/398/303 2243/2957/3217
f 2322/2960/3218 2325/412/314 2324/414/314
f 1748/409/312 1747/411/312 1746/3524/3541
f 2229/406/309 2228/408/311 2227/2963/3221
f 2213/415/316 2212/417/318 2211/3528/3543
f 2515/4302/3227 2518/418/319 2517/420/319
f 2194/4301/3226 2197/421/321 2196/423/323
f 2580/4297/3222 2583/424/324 2582/426/324
f 2338/4728/3545 2341/432/329 2340/431/329
f 1889/4304/3230 1892/438/334 1891/437/333
f 2788/4729/3232 2791/429/327 2790/428/327
f 2807/433/330 2806/435/330 2805/3537/3231
f 1732/441/336 1731/440/336 1730/3539/3234
f 2499/4315/3236 2502/444/338 2501/443/338
f 2772/4317/3237 2775/445/339 2774/447/339
f 2823/453/344 2822/452/344 2821/4732/3233
f 2354/4733/3235 2357/450/342 2356/449/342
f 1972/456/346 1971/455/346 1970/4734/3241
f 1908/463/352 1907/465/354 1906/4320/3238
f 2596/4321/3239 2599/457/347 2598/459/349
f 2373/460/350 2372/462/350 2371/4323/3240
f 1713/4738/3244 1716/468/356 1715/467/356
f 2389/480/364 2388/479/364 2387/4327/3242
f 2418/4740/3243 2422/477/19 2421/4741/18
f 2483/4742/3250 2486/469/357 2485/471/357
f 2759/472/359 2758/474/361 2757/4336/3247
f 2438/483/366 2437/482/366 2436/4744/3248
f 2839/492/372 2838/491/372 2837/4745/3245
f 2402/4341/3251 2405/486/368 2404/485/368
f 1956/489/370 1955/488/370 1954/4747/3549
f 1921/4748/3254 1924/493/373 1923/495/373
f 2454/496/375 2453/498/375 2452/4348/3255
f 1940/504/380 1939/503/380 1938/4750/3257
f 2615/510/384 2614/509/384 2613/4751/3252
f 2470/507/382 2469/506/382 2468/4752/3550
f 2743/499/377 2742/501/377 2741/4355/3260
f 1697/4357/3261 1700/511/385 1699/513/385
f 2628/4359/3262 2631/516/388 2630/515/388
f 2727/517/389 2726/519/391 2725/4362/3264
f 1684/522/393 1683/521/393 1682/4364/3266
f 2644/4365/3267 2647/525/395 2646/524/395
f 2711/526/396 2710/528/396 2709/4369/3270
f 1665/4371/3271 1668/531/399 1667/530/399
f 1649/4761/3268 1652/532/400 1651/534/400
f 2660/4373/3272 2663/537/403 2662/536/403
f 2692/4375/3274 2695/538/404 2694/540/404
f 2679/543/407 2678/542/407 2677/4764/3276
f 63/4765/3277 66/546/409 65/545/409
f 47/4766/3555 50/549/411 49/548/411
f 31/4767/3556 34/552/413 33/551/413
f 18/553/414 17/555/414 16/4385/3280
f 79/4387/3281 82/556/416 81/558/416
f 95/4389/3282 98/559/418 97/561/420
f 111/4391/3283 114/562/421 113/564/421
f 127/4772/3284 130/571/426 129/572/426
f 4054/1096/3285 4057/578/432 4056/577/431
f 4041/573/427 4040/575/429 4039/4396/3286
f 4073/581/434 4072/580/434 4071/4397/1576
f 4086/1809/3558 4089/584/436 4088/583/436
f 4099/4774/3559 4098/3319/2407 2980/1810/3560
f 2984/1/25 2983/6801/24 2981/4775/3560
f 3848/587/438 3847/586/438 3846/4399/3289
f 3864/590/441 3863/589/440 3862/4400/3290
f 3880/593/444 3879/592/443 3878/4776/3292
f 3829/1816/3296 3832/596/446 3831/595/446
f 3893/1818/3562 3896/599/448 3895/598/448
f 3912/602/450 3911/601/450 3910/4406/3297
f 3928/603/451 3927/605/451 3926/4408/3299
f 3816/606/453 3815/608/453 3814/4777/3301
f 3941/1822/3300 3944/611/456 3943/610/456
f 3960/614/458 3959/613/458 3958/4412/3302
f 3797/1825/3305 3800/615/459 3799/617/461
f 3973/1827/3304 3976/618/462 3975/620/462
f 3784/623/465 3783/622/465 3782/4416/3306
f 3992/624/466 3991/626/466 3990/4418/3308
f 3768/627/468 3767/629/468 3766/4419/3309
f 4008/633/472 4007/635/472 4006/4420/3310
f 3749/1833/3311 3752/632/471 3751/631/471
f 3733/1835/3314 3736/636/474 3735/638/474
f 4024/639/476 4023/641/478 4022/4423/3312
f 3717/1838/3316 3720/644/480 3719/643/480
f 3701/1143/3317 3704/645/481 3703/647/481
f 3690/10/32 3689/649/483 3688/4780/3318
f 4249/650/484 4248/652/484 4247/4428/2906
f 4230/1152/3319 4233/653/486 4232/655/488
f 4262/1150/2907 4265/656/489 4264/658/491
f 4217/661/494 4216/660/493 4215/4782/3322
f 4278/1849/3321 4281/666/499 4280/668/501
f 3671/4783/3323 3674/664/497 3673/663/496
f 4201/671/504 4200/670/503 4199/4437/2918
f 4105/674/507 4104/673/506 4103/4436/3326
f 4182/1854/3330 4185/675/508 4184/677/508
f 4121/680/512 4120/679/511 4119/4784/3328
f 3658/4785/3333 3661/1526/1103 3660/1528/1103
f 4166/1177/3334 4169/681/513 4168/683/515
f 4134/1173/2934 4137/684/516 4136/686/518
f 2991/4788/3331 2994/692/522 2993/691/522
f 4153/687/519 4152/689/519 4151/4445/2938
f 3651/2189/1557 3650/2188/1557 3649/4448/3335
f 4438/1185/484 4441/695/524 4440/694/524
f 3010/699/528 3009/701/528 3008/4791/3336
f 4422/1869/488 4425/698/527 4424/697/526
f 4454/1871/3568 4457/704/532 4456/703/531
f 3641/1547/1115 3640/1546/1115 3639/3911/2911
f 4409/707/492 4408/706/492 4407/4793/3569
f 4473/708/534 4472/710/500 4471/4455/501
f 3630/4794/3341 3633/711/536 3632/713/536
f 4393/716/539 4392/715/539 4391/4795/2440
f 3023/4458/3342 3026/725/546 3025/724/546
f 3249/719/541 3248/718/541 3247/4462/3344
f 3230/4463/3345 3233/720/542 3232/722/544
f 4297/731/550 4296/730/550 4295/4799/2406
f 3214/4467/3348 3217/734/552 3216/733/552
f 3617/728/548 3616/727/548 3615/4470/3350
f 3265/737/555 3264/736/554 3263/4802/3346
f 3198/4471/3351 3201/738/556 3200/740/556
f 4374/1895/3355 4377/741/558 4376/743/509
f 3042/752/566 3041/751/565 3040/4473/3352
f 3601/746/561 3600/745/561 3599/4805/3357
f 3182/4479/3358 3185/749/563 3184/748/563
f 4313/755/568 4312/754/568 4311/4807/512
f 3278/4808/3359 3281/762/573 3280/764/573
f 3582/4483/3361 3585/758/570 3584/757/570
f 4358/1908/3572 4361/761/572 4360/760/514
f 4326/1910/516 4329/770/578 4328/769/578
f 3168/4489/3364 3171/767/576 3170/766/576
f 4342/1237/519 4345/776/582 4344/775/582
f 3569/773/580 3568/772/580 3567/4811/3366
f 3297/779/584 3296/778/584 3295/4812/3573
f 3058/791/593 3057/790/593 3056/4813/3369
f 3152/29/27 3155/780/585 3154/782/587
f 3313/786/590 3312/788/590 3311/4498/3370
f 3553/785/589 3552/784/589 3551/4815/3371
f 3329/792/594 3328/794/594 3327/4816/3574
f 3345/795/596 3344/797/598 3343/4817/3575
f 3071/4818/3375 3074/806/605 3073/805/605
f 3138/798/599 3137/800/599 3136/4509/3377
f 3537/803/603 3536/802/602 3535/4820/3378
f 3358/4821/3577 3361/2276/1616 3360/2278/1616
f 3087/4514/3382 3090/810/608 3089/812/610
f 3119/4516/3383 3122/807/606 3121/809/606
f 3103/4518/3384 3106/813/611 3105/815/613
f 3368/4825/3387 3371/2283/1621 3370/2282/1621
f 3518/4522/3388 3521/818/615 3520/817/615
f 3378/4524/3390 3381/2288/1624 3380/2287/1624
f 3502/4526/3392 3505/821/618 3504/820/617
f 3486/4530/3395 3489/824/621 3488/823/620
f 3393/827/623 3392/826/623 3391/4830/3394
f 3473/830/625 3472/829/625 3471/4831/3581
f 3406/4832/3582 3409/831/626 3408/833/626
f 3425/837/630 3424/839/632 3423/4833/3583
f 3457/834/628 3456/836/628 3455/4538/3399
f 3441/840/633 3440/842/635 3439/4541/3400
f 4886/1291/3401 4889/843/636 4888/845/636
f 4902/1967/3403 4905/849/641 4904/851/643
f 4873/848/640 4872/847/639 4871/4837/3404
f 4921/852/644 4920/854/644 4919/4838/3405
f 4854/1300/3406 4857/855/646 4856/857/646
f 4937/860/649 4936/859/649 4935/4840/3407
f 4950/1303/3408 4953/863/651 4952/862/651
f 4969/866/653 4968/865/653 4967/4842/3409
f 4662/1979/3410 4665/867/654 4664/869/654
f 4649/870/656 4648/872/656 4647/1309/3412
f 4681/875/659 4680/874/659 4679/4546/3413
f 4985/881/663 4984/880/663 4983/1983/3415
f 4630/1984/3588 4633/882/664 4632/884/664
f 4841/878/661 4840/877/661 4839/4551/3420
f 4697/887/667 4696/886/667 4695/4843/3417
f 4998/1320/3419 5001/888/668 5000/890/668
f 4617/891/670 4616/893/670 4615/4552/3421
f 4710/1326/3422 4713/896/673 4712/895/673
f 5417/24/43 5420/921/693 5419/923/693
f 5400/1331/3425 5403/897/674 5402/899/674
f 5014/1327/3424 5017/900/676 5016/902/678
f 5387/903/679 5386/905/679 5385/4846/3426
f 5143/1334/3427 5146/911/684 5145/910/684
f 5127/2001/3428 5130/912/685 5129/914/687
f 5111/1341/3431 5114/917/690 5113/916/689
f 5162/918/691 5161/920/691 5160/4849/3429
f 4598/2004/3433 4601/908/682 4600/907/682
f 5098/924/695 5097/926/695 5096/4558/3435
f 5082/929/699 5081/928/698 5080/4559/3437
f 5371/932/701 5370/931/701 5369/4850/3442
f 5066/935/704 5065/934/703 5064/4851/3592
f 4729/938/707 4728/937/706 4727/4852/3436
f 5030/1351/3438 5033/939/708 5032/941/708
f 5178/944/711 5177/943/711 5176/4563/3439
f 5047/2014/3443 5050/947/714 5049/946/713
f 5641/2016/3445 5644/951/717 5643/953/719
f 4585/948/715 4584/950/715 4583/4567/3446
f 5355/956/721 5354/955/721 5353/4853/3453
f 5194/968/730 5193/967/729 5192/4569/3448
f 5657/1367/3449 5660/963/726 5659/965/726
f 5433/1371/3451 5436/2023/733 5435/2639/733
f 5628/962/725 5627/961/725 5626/4855/3594
f 4822/2025/3455 4825/957/722 4824/959/722
f 4742/2027/3595 4745/2637/731 4744/4857/731
f 5207/4577/3456 5210/980/739 5209/979/738
f 5673/4859/3457 5676/987/744 5675/989/744
f 4566/4860/3458 4569/975/735 4568/977/735
f 5612/983/741 5611/982/741 5610/4861/3461
f 5336/4583/3460 5339/984/742 5338/986/742
f 5226/990/746 5225/992/748 5224/4587/3462
f 5449/4591/3465 5452/1005/757 5451/1007/757
f 5272/4593/3467 5275/993/749 5274/995/749
f 4761/1004/756 4760/1003/756 4759/4866/3464
f 5239/4867/3597 5242/999/753 5241/1001/753
f 4806/4868/3474 4809/996/751 4808/998/751
f 5258/1010/760 5257/1009/760 5256/4869/3598
f 5288/4870/3470 5291/1011/761 5290/1013/761
f 5596/1014/763 5595/1016/763 5594/4603/3475
f 5320/4872/3477 5323/1022/768 5322/1021/768
f 4777/1028/773 4776/1027/772 4775/4873/3476
f 4790/4874/3479 4793/1023/769 4792/1025/769
f 4553/1019/766 4552/1018/766 4551/4875/3481
f 5304/4876/3478 5307/1029/774 5306/1031/774
f 5689/4877/3480 5692/1035/778 5691/1037/778
f 5465/4878/3599 5468/1032/776 5467/1034/776
f 5580/1038/780 5579/1040/782 5578/4620/3484
f 4534/4880/3486 4537/1041/783 4536/1043/783
f 5481/4626/3488 5484/1046/786 5483/1045/786
f 4486/4882/3487 4489/1053/793 4488/1055/793
f 5564/1047/787 5563/1049/789 5562/4883/3601
f 4521/1050/790 4520/1052/792 4519/4884/3492
f 5497/4630/3491 5500/1058/797 5499/1057/796
f 4502/4886/3493 4505/1059/798 4504/1061/798
f 5548/1064/802 5547/1063/801 5546/4638/3496
f 5513/4636/3494 5516/1067/804 5515/1066/804
f 5529/4640/3497 5532/1068/805 5531/1070/805
f 2903/1071/807 2902/1073/807 2901/4890/3498
f 2916/4644/3499 2919/1083/815 2918/1085/815
f 2887/1074/809 2886/1076/809 2885/4892/3501
f 2868/4647/3502 2871/1077/811 2870/1079/811
f 2852/4649/3503 2855/1082/814 2854/1081/814
f 2935/1086/817 2934/1088/817 2933/4651/3504
f 2948/4895/3603 2951/1091/820 2950/1090/820
f 2967/1094/822 2966/1093/822 2965/4655/3507
f 304/4897/3604 306/4992/3605 3152/29/3605
f 2191/4898/3606 2193/6327/3606 5039/41/3607
f 2569/4899/3608 2571/6622/4934 5417/47/3609
f 135/4900/3611 137/4909/3611 2982/25/3611
f 817/4901/3612 819/5243/3613 3665/32/3613
f 843/4902/3614 845/5257/3615 3691/35/3615
f 1187/14/3616 1186/13/3616 4034/38/3616
f 2421/20/3617 2420/19/4855 5268/44/3618
f 4/566/3620 2850/4122/3620 2849/4124/3621
f 66/6802/3622 63/6803/3622 61/6804/3622
f 61/6804/3622 59/6805/3622 66/6802/3622
f 59/6805/3622 57/6806/3622 66/6802/3622
f 57/6806/3622 55/6807/5082 53/6808/3622
f 53/6808/3622 51/6809/3622 50/6810/3622
f 50/6810/3622 47/6811/3622 45/6812/3622
f 45/6812/3622 43/6813/3622 41/6814/3622
f 41/6814/3622 39/6815/3622 34/6816/3622
f 39/6815/3622 37/6817/3622 34/6816/3622
f 37/6817/3622 35/6818/3622 34/6816/3622
f 34/6816/3622 31/6819/3622 25/6820/3622
f 31/6819/3622 29/6821/3622 25/6820/3622
f 29/6821/3622 27/6822/3622 25/6820/3622
f 25/6820/3622 23/6823/3622 21/6824/3622
f 21/6824/3622 19/6825/3622 25/6820/3622
f 19/6825/3622 18/6826/3622 25/6820/3622
f 18/6826/3622 15/6827/3622 13/6828/3622
f 13/6828/3622 11/6829/3622 9/6830/3622
f 9/6830/3622 7/6831/3622 5/6832/3622
f 5/6832/3622 3/6833/3622 69/6834/3622
f 3/6833/3622 2/6835/3622 71/6836/3622
f 69/6834/3622 3/6833/3622 71/6836/3622
f 2/6835/3622 132/6837/5083 130/6838/3622
f 130/6838/3622 127/6839/3622 2/6835/3622
f 127/6839/3622 125/4905/3622 2/6835/3622
f 125/4905/3622 123/6840/3622 121/6841/3622
f 121/6841/3622 119/6842/3622 125/4905/3622
f 119/6842/3622 117/6843/3622 125/4905/3622
f 117/6843/3622 115/6844/3622 114/6845/3622
f 114/6845/3622 111/6846/3622 117/6843/3622
f 111/6846/3622 109/6847/3622 117/6843/3622
f 109/6847/3622 107/6848/3622 105/6849/3622
f 105/6849/3622 103/6850/3622 101/6851/3622
f 101/6851/3622 99/6852/3622 93/4903/3622
f 99/6852/3622 98/6853/3622 93/4903/3622
f 98/6853/3622 95/6854/3622 93/4903/3622
f 93/4903/3622 91/6855/3622 89/6856/3622
f 89/6856/3622 87/6857/3622 93/4903/3622
f 87/6857/3622 85/6858/3622 93/4903/3622
f 85/6858/3622 83/6859/3622 82/6860/3622
f 82/6860/3622 79/6861/3622 77/4904/3622
f 77/4904/3622 75/6862/3622 73/6863/3622
f 73/6863/3622 71/6836/3622 125/4905/3622
f 125/4905/3622 71/6836/3622 2/6835/3622
f 69/6834/3622 67/6864/3622 57/6806/3622
f 67/6864/3622 66/6802/3622 57/6806/3622
f 57/6806/3622 53/6808/3622 50/6810/3622
f 50/6810/3622 45/6812/3622 41/6814/3622
f 18/6826/3622 13/6828/3622 25/6820/3622
f 13/6828/3622 9/6830/3622 25/6820/3622
f 9/6830/3622 5/6832/3622 69/6834/3622
f 109/6847/3622 105/6849/3622 93/4903/3622
f 105/6849/3622 101/6851/3622 93/4903/3622
f 85/6858/3622 82/6860/3622 93/4903/3622
f 82/6860/3622 77/4904/3622 93/4903/3622
f 77/4904/3622 73/6863/3622 125/4905/3622
f 57/6806/3622 50/6810/3622 25/6820/3622
f 50/6810/3622 41/6814/3622 25/6820/3622
f 41/6814/3622 34/6816/3622 25/6820/3622
f 125/4905/3622 117/6843/3622 93/4903/3622
f 117/6843/3622 109/6847/3622 93/4903/3622
f 69/6834/3622 57/6806/3622 9/6830/3622
f 25/6820/3622 9/6830/3622 57/6806/3622
f 1/570/3621 2849/4127/3621 2979/4126/3623
f 6/2101/3624 2852/4649/3624 2850/4122/3620
f 8/2711/3625 2855/1082/3625 2852/4649/3624
f 10/2710/3626 2856/1080/3626 2855/1082/3625
f 12/3868/3627 2858/2459/3627 2856/1080/3626
f 14/4386/3628 2860/3061/3628 2858/2459/3627
f 16/4385/3629 2862/3060/3629 2860/3061/3628
f 17/555/3630 2864/4115/3630 2862/3060/3629
f 20/554/3631 2866/4114/3631 2864/4115/3630
f 22/1451/3632 2868/4647/3634 2866/4114/3631
f 24/2709/3633 2871/1077/3633 2868/4647/3634
f 26/3303/3635 2872/747/3635 2871/1077/3633
f 28/3866/3636 2874/2457/3636 2872/747/3635
f 30/4384/3637 2876/3059/3637 2874/2457/3636
f 32/4383/3638 2878/3058/3638 2876/3059/3637
f 33/551/3639 2880/3612/3639 2878/3058/3638
f 36/1449/3640 2882/4646/3640 2880/3612/3639
f 38/1448/3641 2884/4494/3641 2882/4646/3640
f 40/2097/3642 2887/1074/3644 2884/4494/3641
f 42/3301/3643 2888/1793/3643 2887/1074/3644
f 44/3864/3645 2890/1792/3645 2888/1793/3643
f 46/3863/3646 2892/3057/3646 2890/1792/3645
f 48/4382/3647 2894/3056/3647 2892/3057/3646
f 49/548/3648 2896/3610/3648 2894/3056/3647
f 52/1445/3649 2898/4643/3649 2896/3610/3648
f 54/1444/3650 2900/4642/3650 2898/4643/3649
f 56/2093/3651 2903/1071/3651 2900/4642/3650
f 58/3299/3652 2904/1791/3652 2903/1071/3651
f 60/3298/3653 2906/1790/3653 2904/1791/3652
f 62/4380/3654 2908/824/3654 2906/1790/3653
f 64/4379/3655 2910/3055/3655 2908/824/3654
f 65/545/3656 2912/3608/3656 2910/3055/3655
f 68/1447/3657 2914/4645/3657 2912/3608/3656
f 70/1446/3658 2916/4644/3658 2914/4645/3657
f 72/2713/3659 2919/1083/3659 2916/4644/3658
f 74/3307/3660 2920/1797/3660 2919/1083/3659
f 76/3870/3661 2922/2461/3661 2920/1797/3660
f 78/3869/3662 2924/3062/3664 2922/2461/3661
f 80/4769/3663 2926/3617/3663 2924/3062/3664
f 81/558/3665 2928/3616/3665 2926/3617/3663
f 84/557/3666 2930/4116/3668 2928/3616/3665
f 86/2103/3667 2932/1518/3667 2930/4116/3668
f 88/2102/3669 2935/1086/3669 2932/1518/3667
f 88/2102/3669 90/3309/3670 2936/1799/3670
f 90/3309/3670 92/3872/3671 2938/2463/3671
f 92/3872/3671 94/4390/3672 2940/3064/3672
f 94/4390/3672 96/4770/3673 2942/3619/3673
f 97/561/3674 2944/3618/3674 2942/3619/3673
f 97/561/3674 100/560/3675 2946/4118/3675
f 102/2105/3676 2948/4895/3676 2946/4118/3675
f 104/2717/3677 2951/1091/3677 2948/4895/3676
f 106/2716/3678 2952/1089/3678 2951/1091/3677
f 108/3311/3679 2954/1801/3681 2952/1089/3678
f 110/3874/3680 2956/2465/3683 2954/1801/3681
f 112/4771/3682 2958/3621/3682 2956/2465/3683
f 113/564/3684 2960/3620/3684 2958/3621/3682
f 116/563/3685 2962/4120/3685 2960/3620/3684
f 118/2107/3686 2964/4896/3686 2962/4120/3685
f 120/2106/3687 2967/1094/3689 2964/4896/3686
f 122/2719/3688 2968/1092/3688 2967/1094/3689
f 124/3313/3690 2970/1803/3690 2968/1092/3688
f 124/3313/3690 126/3876/3691 2972/2467/3691
f 128/4394/3692 2974/3068/3692 2972/2467/3691
f 129/572/3693 2976/3622/3693 2974/3068/3692
f 131/568/3623 2979/4126/3623 2976/3622/3693
f 134/570/3694 2980/4127/3694 4098/4906/3695
f 415/1891/3622 413/199/3622 412/201/3622
f 412/201/3622 409/4683/3622 415/1891/3622
f 409/4683/3622 407/4184/3622 415/1891/3622
f 407/4184/3622 405/3116/3622 399/1204/3622
f 405/3116/3622 403/3117/3622 399/1204/3622
f 403/3117/3622 401/2521/3622 399/1204/3622
f 399/1204/3622 397/190/3622 396/192/3622
f 396/192/3622 393/4682/3622 444/246/3622
f 393/4682/3622 391/3677/3622 444/246/3622
f 391/3677/3622 389/3678/3622 449/2551/3622
f 389/3678/3622 387/2523/3622 453/3713/3622
f 387/2523/3622 385/1884/3622 453/3713/3622
f 385/1884/3622 383/1885/3622 460/253/3622
f 383/1885/3622 381/196/3622 460/253/3622
f 381/196/3622 380/198/3622 463/1246/3622
f 463/1246/3622 377/4186/3622 465/2557/3622
f 380/198/3622 377/4186/3622 463/1246/3622
f 377/4186/3622 375/4187/3622 467/3151/3622
f 375/4187/3622 373/3122/3622 467/3151/3622
f 373/3122/3622 371/3123/3622 467/3151/3622
f 371/3123/3622 369/1887/3622 467/3151/3622
f 369/1887/3622 367/1211/3622 467/3151/3622
f 367/1211/3622 365/202/3622 467/3151/3622
f 365/202/3622 364/204/3622 467/3151/3622
f 364/204/3622 361/4191/3622 467/3151/3622
f 361/4191/3622 359/4192/3622 473/4699/3622
f 467/3151/3622 361/4191/3622 469/3717/3622
f 359/4192/3622 357/3688/3622 476/259/3622
f 357/3688/3622 355/2534/3622 477/1250/3622
f 476/259/3622 357/3688/3622 477/1250/3622
f 355/2534/3622 353/2535/3622 479/1926/3622
f 353/2535/3622 351/1893/3622 481/2562/3622
f 479/1926/3622 353/2535/3622 481/2562/3622
f 351/1893/3622 349/211/3622 487/4227/3622
f 349/211/3622 348/213/3622 487/4227/3622
f 348/213/3622 345/4196/3622 492/267/3622
f 345/4196/3622 343/4197/3622 492/267/3622
f 343/4197/3622 341/3694/3622 495/1252/3622
f 341/3694/3622 339/2538/3622 495/1252/3622
f 339/2538/3622 337/1900/3622 499/3159/3622
f 337/1900/3622 335/1901/3622 499/3159/3622
f 335/1901/3622 333/1225/3622 503/3726/3622
f 333/1225/3622 332/223/3622 503/3726/3622
f 332/223/3622 329/4691/3622 508/273/3622
f 329/4691/3622 327/4203/3622 508/273/3622
f 327/4203/3622 325/3699/3622 511/1260/3622
f 325/3699/3622 323/1911/3622 305/5/3622
f 305/5/3622 323/1911/3622 319/1235/3622
f 323/1911/3622 321/1912/3622 319/1235/3622
f 319/1235/3622 318/241/3622 315/4693/3622
f 315/4693/3622 313/3710/3622 305/5/3622
f 313/3710/3622 311/3711/3622 305/5/3622
f 311/3711/3622 309/3145/3622 305/5/3622
f 309/3145/3622 307/1921/3622 305/5/3622
f 319/1235/3622 315/4693/3622 305/5/3622
f 487/4227/3622 348/213/3622 489/4226/3622
f 351/1893/3622 483/2561/3622 481/2562/3622
f 377/4186/3622 467/3151/3622 465/2557/3622
f 389/3678/3622 453/3713/3622 451/3147/3622
f 385/1884/3622 460/253/3622 457/4697/3622
f 399/1204/3622 396/192/3622 407/4184/3622
f 407/4184/3622 396/192/3622 431/1227/3622
f 419/3127/3622 417/2532/3622 415/1891/3622
f 423/3692/3622 421/3126/3622 428/226/3622
f 421/3126/3622 419/3127/3622 428/226/3622
f 428/226/3622 425/4689/3622 423/3692/3622
f 431/1227/3622 429/1228/3622 407/4184/3622
f 429/1228/3622 428/226/3622 407/4184/3622
f 435/2545/3622 433/1903/3622 431/1227/3622
f 439/4212/3622 437/3139/3622 435/2545/3622
f 444/246/3622 441/4695/3622 396/192/3622
f 441/4695/3622 439/4212/3622 435/2545/3622
f 447/1917/3622 445/244/3622 444/246/3622
f 451/3147/3622 449/2551/3622 389/3678/3622
f 449/2551/3622 447/1917/3622 391/3677/3622
f 455/3712/3622 453/3713/3622 385/1884/3622
f 457/4697/3622 455/3712/3622 385/1884/3622
f 463/1246/3622 461/1247/3622 381/196/3622
f 461/1247/3622 460/253/3622 381/196/3622
f 471/3716/3622 469/3717/3622 361/4191/3622
f 471/3716/3622 361/4191/3622 473/4699/3622
f 476/259/3622 473/4699/3622 359/4192/3622
f 479/1926/3622 477/1250/3622 355/2534/3622
f 487/4227/3622 485/3720/3622 351/1893/3622
f 485/3720/3622 483/2561/3622 351/1893/3622
f 492/267/3622 489/4226/3622 348/213/3622
f 495/1252/3622 493/265/3622 343/4197/3622
f 493/265/3622 492/267/3622 343/4197/3622
f 499/3159/3622 497/2563/3622 339/2538/3622
f 497/2563/3622 495/1252/3622 339/2538/3622
f 503/3726/3622 501/3727/3622 335/1901/3622
f 501/3727/3622 499/3159/3622 335/1901/3622
f 508/273/3622 505/4230/3622 332/223/3622
f 505/4230/3622 503/3726/3622 332/223/3622
f 511/1260/3622 509/271/3622 327/4203/3622
f 509/271/3622 508/273/3622 327/4203/3622
f 515/3736/3622 513/1936/3622 305/5/3622
f 513/1936/3622 511/1260/3622 305/5/3622
f 515/3736/3622 305/5/3622 517/4709/5082
f 520/1270/5084 517/4709/5082 305/5/3622
f 523/1944/3622 521/1268/3622 305/5/3622
f 521/1268/3622 520/1270/5084 305/5/3622
f 523/1944/3622 305/5/3622 302/256/3622
f 528/292/3622 525/4711/3622 301/258/3622
f 525/4711/3622 523/1944/3622 302/256/3622
f 531/2582/5083 529/1273/5083 298/4698/3622
f 529/1273/5083 528/292/3622 298/4698/3622
f 535/4247/3622 533/2581/3622 294/3723/3622
f 533/2581/3622 531/2582/5083 296/3722/3622
f 540/298/3622 537/4246/3622 290/2566/3622
f 537/4246/3622 535/4247/3622 290/2566/3622
f 290/2566/3622 535/4247/3622 292/2565/3622
f 543/1952/3622 541/1277/3622 290/2566/3622
f 541/1277/3622 540/298/3622 290/2566/3622
f 547/3178/3622 545/2585/3622 288/1256/3622
f 545/2585/3622 543/1952/3622 290/2566/3622
f 551/3748/3622 549/3177/3622 286/1257/3622
f 549/3177/3622 547/3178/3622 286/1257/3622
f 556/304/3622 553/4252/3622 285/274/3622
f 553/4252/3622 551/3748/3622 285/274/3622
f 559/1281/3622 557/1282/3622 282/4704/3622
f 557/1282/3622 556/304/3622 282/4704/3622
f 285/274/3622 551/3748/3622 286/1257/3622
f 563/2589/3622 561/2590/3622 280/4234/3622
f 561/2590/3622 559/1281/3622 280/4234/3622
f 567/3752/3622 565/3753/3622 278/3730/3622
f 565/3753/3622 563/2589/3622 278/3730/3622
f 572/310/3622 569/4717/3622 276/2571/3622
f 569/4717/3622 567/3752/3622 276/2571/3622
f 276/2571/3622 567/3752/3622 278/3730/3622
f 575/1285/3622 573/1286/3622 274/1940/3622
f 573/1286/3622 572/310/3622 274/1940/3622
f 579/2593/3622 577/1958/3622 272/1941/3622
f 577/1958/3622 575/1285/3622 272/1941/3622
f 583/3756/3622 581/3185/3622 270/1264/3622
f 581/3185/3622 579/2593/3622 270/1264/3622
f 588/318/3622 585/4258/3622 269/286/3622
f 585/4258/3622 583/3756/3622 269/286/3622
f 591/1289/3622 589/316/3622 266/4238/3622
f 589/316/3622 588/318/3622 266/4238/3622
f 595/2595/3622 593/2596/3622 264/3734/3622
f 593/2596/3622 591/1289/3622 264/3734/3622
f 599/3758/3622 597/3759/3622 260/2575/3622
f 597/3759/3622 595/2595/3622 262/3735/3622
f 611/2591/3622 254/283/3622 253/285/3622
f 604/313/3622 601/4719/3622 258/1942/3622
f 601/4719/3622 599/3758/3622 260/2575/3622
f 253/285/3622 613/3755/3622 611/2591/3622
f 607/1287/3622 605/1288/3622 256/1943/3622
f 605/1288/3622 604/313/3622 258/1942/3622
f 250/4236/3622 617/4716/3622 615/3754/3622
f 611/2591/3622 609/1960/3622 254/283/3622
f 609/1960/3622 607/1287/3622 256/1943/3622
f 620/307/3622 248/3732/3622 621/1283/3622
f 615/3754/3622 613/3755/3622 253/285/3622
f 623/1954/3622 248/3732/3622 246/3733/3622
f 620/307/3622 617/4716/3622 250/4236/3622
f 627/3179/3622 246/3733/3622 244/2573/3622
f 623/1954/3622 621/1283/3622 248/3732/3622
f 244/2573/3622 629/3750/3622 627/3179/3622
f 627/3179/3622 625/2587/3622 246/3733/3622
f 625/2587/3622 623/1954/3622 246/3733/3622
f 242/1938/3622 633/4714/3622 631/4250/3622
f 631/4250/3622 629/3750/3622 244/2573/3622
f 242/1938/3622 637/301/3622 636/303/3622
f 636/303/3622 633/4714/3622 242/1938/3622
f 240/1939/3622 641/1950/3622 639/1951/3622
f 639/1951/3622 637/301/3622 240/1939/3622
f 643/3176/3622 238/1262/3622 645/3175/3622
f 643/3176/3622 641/1950/3622 238/1262/3622
f 647/4249/3622 237/277/3622 649/4248/3622
f 647/4249/3622 645/3175/3622 237/277/3622
f 234/4232/3622 649/4248/3622 237/277/3622
f 652/295/3622 649/4248/3622 234/4232/3622
f 232/3728/3622 653/1275/3622 234/4232/3622
f 655/1949/3622 653/1275/3622 232/3728/3622
f 653/1275/3622 652/295/3622 234/4232/3622
f 230/3729/3622 657/1948/3622 232/3728/3622
f 659/3174/3622 657/1948/3622 230/3729/3622
f 657/1948/3622 655/1949/3622 232/3728/3622
f 230/3729/3622 661/3173/3622 659/3174/3622
f 663/4245/3622 661/3173/3622 228/3163/3622
f 228/3163/3622 665/4244/3622 663/4245/3622
f 668/291/3622 665/4244/3622 226/1930/3622
f 668/291/3622 226/1930/3622 669/289/3622
f 671/1947/3622 669/289/3622 224/1254/3622
f 224/1254/3622 669/289/3622 226/1930/3622
f 675/3172/3622 673/1946/3622 224/1254/3622
f 673/1946/3622 671/1947/3622 224/1254/3622
f 679/4243/3622 677/3171/3622 222/1255/3622
f 677/3171/3622 675/3172/3622 222/1255/3622
f 222/1255/3622 675/3172/3622 224/1254/3622
f 684/282/3622 681/4242/3622 221/268/3622
f 681/4242/3622 679/4243/3622 221/268/3622
f 687/1934/3622 685/280/3622 218/4224/3622
f 685/280/3622 684/282/3622 218/4224/3622
f 691/3162/3622 689/2567/3622 216/4225/3622
f 689/2567/3622 687/1934/3622 216/4225/3622
f 218/4224/3622 684/282/3622 221/268/3622
f 695/4229/3622 693/3161/3622 214/3718/3622
f 693/3161/3622 691/3162/3622 214/3718/3622
f 700/264/3622 697/4228/3622 212/3153/3622
f 697/4228/3622 695/4229/3622 212/3153/3622
f 703/1924/3622 701/262/3622 210/2559/3622
f 701/262/3622 700/264/3622 210/2559/3622
f 214/3718/3622 691/3162/3622 216/4225/3622
f 707/3149/3622 705/2555/3622 208/1919/3622
f 705/2555/3622 703/1924/3622 208/1919/3622
f 711/4216/3622 709/3714/3622 206/1243/3622
f 709/3714/3622 707/3149/3622 206/1243/3622
f 716/247/3622 713/4696/3622 205/250/3622
f 713/4696/3622 711/4216/3622 205/250/3622
f 210/2559/3622 700/264/3622 212/3153/3622
f 719/1239/3622 717/1240/3622 202/4694/3622
f 717/1240/3622 716/247/3622 202/4694/3622
f 723/3143/3622 721/2549/3622 200/4210/3622
f 721/2549/3622 719/1239/3622 200/4210/3622
f 727/3703/3622 725/3142/5085 723/3143/3622
f 732/234/3622 729/4206/3622 194/2540/3622
f 729/4206/3622 727/3703/3622 194/2540/3622
f 194/2540/3622 727/3703/3622 196/3135/3622
f 735/1906/3622 733/232/3622 180/3119/3622
f 733/232/3622 732/234/3622 194/2540/3622
f 739/3138/3622 737/1905/3622 180/3119/3622
f 737/1905/3622 735/1906/3622 180/3119/3622
f 743/4201/3622 741/3137/3622 180/3119/3622
f 741/3137/3622 739/3138/3622 180/3119/3622
f 748/220/3622 745/4690/3622 180/3119/3622
f 745/4690/3622 743/4201/3622 180/3119/3622
f 751/1223/3622 749/1224/3622 180/3119/3622
f 749/1224/3622 748/220/3622 180/3119/3622
f 755/3129/3622 753/2536/3622 180/3119/3622
f 753/2536/3622 751/1223/3622 180/3119/3622
f 759/4194/3622 757/3128/3622 180/3119/3622
f 757/3128/3622 755/3129/3622 180/3119/3622
f 764/207/3622 761/4687/3622 180/3119/3622
f 761/4687/3622 759/4194/3622 180/3119/3622
f 767/1213/3622 765/205/3622 180/3119/3622
f 765/205/3622 764/207/3622 180/3119/3622
f 771/3121/3622 769/2527/3622 180/3119/3622
f 769/2527/3622 767/1213/3622 180/3119/3622
f 775/4183/3622 773/3120/3622 180/3119/3622
f 773/3120/3622 771/3121/3622 180/3119/3622
f 780/189/3622 777/4182/3622 180/3119/3622
f 777/4182/3622 775/4183/3622 180/3119/3622
f 783/1878/5085 781/187/3622 180/3119/3622
f 781/187/3622 780/189/3622 180/3119/3622
f 787/2518/3622 785/1877/5083 166/3672/3622
f 785/1877/5083 783/1878/5085 180/3119/3622
f 792/1872/3622 789/4677/3622 162/1866/3622
f 789/4677/3622 787/2518/3622 164/2514/3622
f 795/3107/3622 793/3108/3622 158/1183/3622
f 793/3108/3622 792/1872/3622 160/1867/3622
f 800/1182/3622 797/3665/3622 154/4675/3622
f 797/3665/3622 795/3107/3622 157/166/3622
f 803/3661/3622 801/1180/3622 150/3664/3622
f 801/1180/3622 800/1182/3622 152/3663/3622
f 808/165/3622 805/4674/3622 146/1861/3622
f 805/4674/3622 803/3661/3622 148/3101/3622
f 811/1174/3622 809/163/3622 143/1171/3622
f 809/163/3622 808/165/3622 144/1169/3622
f 815/3097/3622 813/1856/3622 140/4672/3622
f 813/1856/3622 811/1174/3622 143/1171/3622
f 822/1158/3622 821/142/3622 818/8/3622
f 818/8/3622 815/3097/3622 138/2503/3622
f 180/3119/3622 733/232/3622 194/2540/3622
f 785/1877/5083 180/3119/3622 178/1880/3622
f 198/3701/3622 723/3143/3622 200/4210/3622
f 202/4694/3622 716/247/3622 205/250/3622
f 206/1243/3622 707/3149/3622 208/1919/3622
f 727/3703/3622 723/3143/3622 196/3135/3622
f 703/1924/3622 210/2559/3622 208/1919/3622
f 695/4229/3622 214/3718/3622 212/3153/3622
f 687/1934/3622 218/4224/3622 216/4225/3622
f 679/4243/3622 222/1255/3622 221/268/3622
f 665/4244/3622 228/3163/3622 226/1930/3622
f 661/3173/3622 230/3729/3622 228/3163/3622
f 641/1950/3622 240/1939/3622 238/1262/3622
f 637/301/3622 242/1938/3622 240/1939/3622
f 645/3175/3622 238/1262/3622 237/277/3622
f 242/1938/3622 631/4250/3622 244/2573/3622
f 248/3732/3622 620/307/3622 250/4236/3622
f 583/3756/3622 270/1264/3622 269/286/3622
f 579/2593/3622 272/1941/3622 270/1264/3622
f 278/3730/3622 563/2589/3622 280/4234/3622
f 575/1285/3622 274/1940/3622 272/1941/3622
f 572/310/3622 276/2571/3622 274/1940/3622
f 556/304/3622 285/274/3622 282/4704/3622
f 547/3178/3622 288/1256/3622 286/1257/3622
f 288/1256/3622 545/2585/3622 290/2566/3622
f 531/2582/5083 298/4698/3622 296/3722/3622
f 298/4698/3622 528/292/3622 301/258/3622
f 525/4711/3622 302/256/3622 301/258/3622
f 447/1917/3622 444/246/3622 391/3677/3622
f 441/4695/3622 435/2545/3622 431/1227/3622
f 419/3127/3622 415/1891/3622 407/4184/3622
f 396/192/3622 441/4695/3622 431/1227/3622
f 325/3699/3622 305/5/3622 511/1260/3622
f 419/3127/3622 407/4184/3622 428/226/3622
f 559/1281/3622 282/4704/3622 280/4234/3622
f 711/4216/3622 206/1243/3622 205/250/3622
f 723/3143/3622 198/3701/3622 196/3135/3622
f 719/1239/3622 202/4694/3622 200/4210/3622
f 824/1157/3622 822/1158/3622 818/8/3622
f 828/3093/3622 826/1850/3622 818/8/3622
f 826/1850/3622 824/1157/3622 818/8/3622
f 832/3652/3622 830/3653/3622 828/3093/3622
f 837/129/3622 834/4667/3622 832/3652/3622
f 840/1145/3622 838/127/3622 844/11/3622
f 838/127/3622 837/129/3622 844/11/3622
f 844/11/3622 842/2495/3622 840/1145/3622
f 837/129/3622 832/3652/3622 844/11/3622
f 832/3652/3622 828/3093/3622 818/8/3622
f 533/2581/3622 296/3722/3622 294/3723/3622
f 832/3652/3622 818/8/3622 844/11/3622
f 846/3650/3622 844/11/3622 1188/54/3622
f 844/11/3622 818/8/3622 136/2/3622
f 174/1197/3622 785/1877/5083 176/1881/3622
f 535/4247/3622 294/3723/3622 292/2565/3622
f 785/1877/5083 174/1197/3622 173/184/3622
f 176/1881/3622 785/1877/5083 178/1880/3622
f 588/318/3622 269/286/3622 266/4238/3622
f 591/1289/3622 266/4238/3622 264/3734/3622
f 595/2595/3622 264/3734/3622 262/3735/3622
f 262/3735/3622 260/2575/3622 597/3759/3622
f 260/2575/3622 258/1942/3622 601/4719/3622
f 258/1942/3622 256/1943/3622 605/1288/3622
f 256/1943/3622 254/283/3622 609/1960/3622
f 253/285/3622 250/4236/3622 615/3754/3622
f 785/1877/5083 173/184/3622 170/4679/3622
f 168/4176/3622 785/1877/5083 170/4679/3622
f 785/1877/5083 168/4176/3622 166/3672/3622
f 787/2518/3622 166/3672/3622 164/2514/3622
f 789/4677/3622 164/2514/3622 162/1866/3622
f 792/1872/3622 162/1866/3622 160/1867/3622
f 793/3108/3622 160/1867/3622 158/1183/3622
f 795/3107/3622 158/1183/3622 157/166/3622
f 848/4154/3622 846/3650/3622 1188/54/3622
f 194/2540/3622 192/1217/3622 180/3119/3622
f 797/3665/3622 157/166/3622 154/4675/3622
f 192/1217/3622 190/1218/3622 180/3119/3622
f 190/1218/3622 189/208/3622 180/3119/3622
f 189/208/3622 186/4189/3622 180/3119/3622
f 186/4189/3622 184/4190/3622 180/3119/3622
f 184/4190/3622 182/3118/3622 180/3119/3622
f 800/1182/3622 154/4675/3622 152/3663/3622
f 801/1180/3622 152/3663/3622 150/3664/3622
f 851/123/3622 848/4154/3622 1188/54/3622
f 803/3661/3622 150/3664/3622 148/3101/3622
f 805/4674/3622 148/3101/3622 146/1861/3622
f 808/165/3622 146/1861/3622 144/1169/3622
f 809/163/3622 144/1169/3622 143/1171/3622
f 852/121/3622 851/123/3622 1182/3647/3622
f 813/1856/3622 143/1171/3622 140/4672/3622
f 815/3097/3622 140/4672/3622 138/2503/3622
f 854/1840/3622 852/121/3622 1178/2492/3622
f 818/8/3622 138/2503/3622 136/2/3622
f 844/11/3622 136/2/3622 1188/54/3622
f 856/1839/3622 854/1840/3622 1174/1137/3622
f 858/2494/3622 856/1839/3622 1171/114/3622
f 851/123/3622 1188/54/3622 1184/4666/3622
f 860/3090/3622 858/2494/3622 1166/3644/3622
f 851/123/3622 1184/4666/3622 1182/3647/3622
f 1180/2153/3622 852/121/3622 1182/3647/3622
f 862/3649/3622 860/3090/3622 1162/2489/3622
f 852/121/3622 1180/2153/3622 1178/2492/3622
f 136/2/3622 133/1812/3622 1188/54/3622
f 133/1812/3622 1252/1811/3622 1189/52/3622
f 1188/54/3622 133/1812/3622 1189/52/3622
f 1174/1137/3622 854/1840/3622 1176/2493/3622
f 864/4153/3622 862/3649/3622 1158/1133/3622
f 1252/1811/3622 1249/4134/3622 1189/52/3622
f 1249/4134/3622 1247/3626/3622 1241/1808/3622
f 1247/3626/3622 1245/3627/3622 1241/1808/3622
f 1245/3627/3622 1243/3072/3622 1241/1808/3622
f 1241/1808/3622 1239/1101/3622 1233/4657/3622
f 1239/1101/3622 1237/58/3622 1233/4657/3622
f 1237/58/3622 1236/60/3622 1233/4657/3622
f 1233/4657/3622 1231/4133/3622 1229/3070/3622
f 1229/3070/3622 1227/3071/3622 1225/2470/3622
f 1225/2470/3622 1223/1099/3622 1221/1100/3622
f 1221/1100/3622 1220/55/3622 1217/4132/3622
f 1217/4132/3622 1215/2110/3622 1213/3625/3622
f 1213/3625/3622 1211/1463/3622 1217/4132/3622
f 1211/1463/3622 1209/577/3622 1217/4132/3622
f 1209/577/3622 1207/1805/3622 1201/4130/3622
f 1207/1805/3622 1205/1095/5082 1201/4130/3622
f 1205/1095/5082 1204/49/5083 1201/4130/3622
f 1201/4130/3622 1199/4131/3622 1193/575/3622
f 1199/4131/3622 1197/3624/5082 1193/575/3622
f 1197/3624/5082 1195/2469/5083 1193/575/3622
f 1193/575/3622 1191/1097/3622 1189/52/3622
f 1193/575/3622 1189/52/3622 1249/4134/3622
f 1225/2470/3622 1221/1100/3622 1217/4132/3622
f 1233/4657/3622 1229/3070/3622 1241/1808/3622
f 1229/3070/3622 1225/2470/3622 1241/1808/3622
f 867/120/3622 864/4153/3622 1155/106/3622
f 856/1839/3622 1174/1137/3622 1172/112/3622
f 868/118/3622 867/120/3622 1150/3640/3622
f 858/2494/3622 1171/114/3622 1168/4665/3622
f 1166/3644/3622 858/2494/3622 1168/4665/3622
f 1249/4134/3622 1241/1808/3622 1209/577/3622
f 1225/2470/3622 1217/4132/3622 1241/1808/3622
f 1217/4132/3622 1209/577/3622 1241/1808/3622
f 1209/577/3622 1201/4130/3622 1193/575/3622
f 854/1840/3622 1178/2492/3622 1176/2493/3622
f 1209/577/3622 1193/575/3622 1249/4134/3622
f 870/1141/3622 868/118/3622 1146/2485/3622
f 1162/2489/3622 860/3090/3622 1164/3645/3622
f 856/1839/3622 1172/112/3622 1171/114/3622
f 1166/3644/3622 1164/3645/3622 860/3090/3622
f 1162/2489/3622 1160/2490/3622 862/3649/3622
f 862/3649/3622 1160/2490/3622 1158/1133/3622
f 1158/1133/3622 1156/1134/3622 864/4153/3622
f 864/4153/3622 1156/1134/3622 1155/106/3622
f 1155/106/3622 1152/4149/3622 867/120/3622
f 867/120/3622 1152/4149/3622 1150/3640/3622
f 1150/3640/3622 1148/3641/3622 868/118/3622
f 1148/3641/3622 1146/2485/3622 868/118/3622
f 1146/2485/3622 1144/626/3622 870/1141/3622
f 1144/626/3622 1142/1129/3622 870/1141/3622
f 1142/1129/3622 1140/100/3622 872/1837/3622
f 1140/100/3622 1139/102/3622 872/1837/3622
f 1139/102/3622 1136/4146/3622 874/3089/3622
f 1136/4146/3622 1134/4147/3622 874/3089/3622
f 1134/4147/3622 1132/3083/3622 876/3088/3622
f 1132/3083/3622 1130/619/3622 876/3088/3622
f 1130/619/3622 1128/1826/3622 876/3088/3622
f 1128/1826/3622 1126/1123/3622 878/3648/3622
f 1126/1123/3622 1124/91/3622 878/3648/3622
f 1124/91/3622 1123/93/3622 880/4152/3622
f 1123/93/3622 1120/4144/3622 880/4152/3622
f 1120/4144/3622 1118/4145/3622 883/117/3622
f 1118/4145/3622 1116/3637/3622 883/117/3622
f 1116/3637/3622 1114/3081/3622 884/115/3622
f 1114/3081/3622 1112/2482/3622 884/115/3622
f 1112/2482/3622 1110/1121/3622 886/1139/3622
f 1110/1121/3622 1108/1122/3622 888/1834/3622
f 1108/1122/3622 1107/88/3622 888/1834/3622
f 1107/88/3622 1104/4662/3622 890/2491/3622
f 1104/4662/3622 1102/4142/3622 890/2491/3622
f 1102/4142/3622 1100/3079/3622 892/3087/3622
f 1100/3079/3622 1098/3080/3622 892/3087/3622
f 1098/3080/3622 1096/2481/3622 894/3646/3622
f 1096/2481/3622 1094/1117/3622 894/3646/3622
f 1094/1117/3622 1092/1118/3622 896/4151/3622
f 1092/1118/3622 1091/82/3622 896/4151/3622
f 1091/82/3622 1088/4140/3622 899/111/3622
f 1088/4140/3622 1086/4141/3622 899/111/3622
f 1086/4141/3622 1084/3636/3622 900/109/3622
f 1084/3636/3622 1082/3078/3622 900/109/3622
f 1082/3078/3622 1080/2478/3622 902/1135/3622
f 1080/2478/3622 1078/1115/3622 902/1135/3622
f 1078/1115/3622 1076/1116/3622 904/2488/3622
f 1076/1116/3622 1075/79/3622 904/2488/3622
f 1075/79/3622 1072/4139/3622 906/2487/3622
f 1072/4139/3622 1070/3633/3622 906/2487/3622
f 1070/3633/3622 1068/3634/3622 908/3643/3622
f 1068/3634/3622 1066/2476/3622 908/3643/3622
f 1066/2476/3622 1064/2477/3622 910/3642/3622
f 1064/2477/3622 1062/1113/3622 910/3642/3622
f 1062/1113/3622 1060/1114/3622 912/4150/3622
f 1060/1114/3622 1059/76/3622 912/4150/3622
f 1059/76/3622 1056/4661/3622 915/105/3622
f 1056/4661/3622 1054/2125/3622 915/105/3622
f 1054/2125/3622 1052/3632/3622 916/103/3622
f 1052/3632/3622 1050/2475/3622 916/103/3622
f 1050/2475/3622 1048/1817/3622 918/1131/3622
f 1048/1817/3622 1046/1109/3622 918/1131/3622
f 1046/1109/3622 1044/1110/3622 920/1830/3622
f 1044/1110/3622 1043/70/3622 920/1830/3622
f 1043/70/3622 1040/4660/3622 922/2486/3622
f 1040/4660/3622 1038/2735/3622 922/2486/3622
f 1038/2735/3622 1036/3077/3622 924/3086/3622
f 1036/3077/3622 1034/2472/3622 924/3086/3622
f 1034/2472/3622 1032/2473/3622 926/3639/3622
f 1032/2473/3622 1030/1107/3622 926/3639/3622
f 1030/1107/3622 1028/1108/3622 928/4148/3622
f 1028/1108/3622 1027/67/3622 928/4148/3622
f 1027/67/3622 1024/4659/3622 931/99/3622
f 1024/4659/3622 1022/3629/3622 931/99/3622
f 1022/3629/3622 1020/3074/3622 932/97/3622
f 1020/3074/3622 1018/3075/3622 932/97/3622
f 1018/3075/3622 1016/589/3622 934/1828/3622
f 1016/589/3622 1014/1105/3622 934/1828/3622
f 1014/1105/3622 1012/1106/3622 936/2484/3622
f 1012/1106/3622 1011/64/3622 936/2484/3622
f 1011/64/3622 1008/4658/3622 936/2484/3622
f 1008/4658/3622 1006/4135/3622 938/3085/3622
f 1006/4135/3622 1004/3628/3622 938/3085/3622
f 1004/3628/3622 1002/3073/3622 1000/2471/3622
f 1000/2471/3622 998/1103/5082 996/61/3622
f 996/61/3622 995/63/3622 992/4136/3622
f 992/4136/3622 990/3630/3622 988/3631/3622
f 988/3631/3622 986/3076/3622 984/2474/3622
f 984/2474/3622 982/1111/3622 980/73/3622
f 980/73/3622 979/75/3622 976/4137/3622
f 976/4137/3622 974/4138/3622 968/2480/3622
f 974/4138/3622 972/3635/3622 968/2480/3622
f 972/3635/3622 970/2479/3622 968/2480/3622
f 968/2480/3622 966/1821/3622 964/1119/3622
f 964/1119/3622 963/85/3622 968/2480/3622
f 963/85/3622 960/4663/3622 968/2480/3622
f 960/4663/3622 958/4143/3622 952/1824/3622
f 958/4143/3622 956/3082/3622 952/1824/3622
f 956/3082/3622 954/2483/3622 952/1824/3622
f 952/1824/3622 950/1125/3622 948/94/3622
f 948/94/3622 947/96/3622 944/4664/3622
f 944/4664/3622 942/3638/5082 940/3084/3622
f 944/4664/3622 940/3084/3622 984/2474/3622
f 940/3084/3622 938/3085/3622 1004/3628/3622
f 984/2474/3622 940/3084/3622 1000/2471/3622
f 952/1824/3622 948/94/3622 944/4664/3622
f 984/2474/3622 980/73/3622 968/2480/3622
f 980/73/3622 976/4137/3622 968/2480/3622
f 992/4136/3622 988/3631/3622 984/2474/3622
f 1000/2471/3622 996/61/3622 984/2474/3622
f 996/61/3622 992/4136/3622 984/2474/3622
f 1004/3628/3622 1000/2471/3622 940/3084/3622
f 1014/1105/3622 936/2484/3622 934/1828/3622
f 1022/3629/3622 932/97/3622 931/99/3622
f 1018/3075/3622 934/1828/3622 932/97/3622
f 1030/1107/3622 928/4148/3622 926/3639/3622
f 1027/67/3622 931/99/3622 928/4148/3622
f 1038/2735/3622 924/3086/3622 922/2486/3622
f 1034/2472/3622 926/3639/3622 924/3086/3622
f 1046/1109/3622 920/1830/3622 918/1131/3622
f 1043/70/3622 922/2486/3622 920/1830/3622
f 1054/2125/3622 916/103/3622 915/105/3622
f 1050/2475/3622 918/1131/3622 916/103/3622
f 1062/1113/3622 912/4150/3622 910/3642/3622
f 1059/76/3622 915/105/3622 912/4150/3622
f 1070/3633/3622 908/3643/3622 906/2487/3622
f 1066/2476/3622 910/3642/3622 908/3643/3622
f 1078/1115/3622 904/2488/3622 902/1135/3622
f 1075/79/3622 906/2487/3622 904/2488/3622
f 1086/4141/3622 900/109/3622 899/111/3622
f 1082/3078/3622 902/1135/3622 900/109/3622
f 1094/1117/3622 896/4151/3622 894/3646/3622
f 1091/82/3622 899/111/3622 896/4151/3622
f 1102/4142/3622 892/3087/3622 890/2491/3622
f 1098/3080/3622 894/3646/3622 892/3087/3622
f 1110/1121/3622 888/1834/3622 886/1139/3622
f 1107/88/3622 890/2491/3622 888/1834/3622
f 1128/1826/3622 878/3648/3622 876/3088/3622
f 1134/4147/3622 876/3088/3622 874/3089/3622
f 1142/1129/3622 872/1837/3622 870/1141/3622
f 1139/102/3622 874/3089/3622 872/1837/3622
f 880/4152/3622 1120/4144/3622 883/117/3622
f 936/2484/3622 1008/4658/3622 938/3085/3622
f 968/2480/3622 960/4663/3622 984/2474/3622
f 960/4663/3622 952/1824/3622 984/2474/3622
f 952/1824/3622 944/4664/3622 984/2474/3622
f 878/3648/3622 1124/91/3622 880/4152/3622
f 883/117/3622 1116/3637/3622 884/115/3622
f 135/4900/3697 2984/27/3697 2980/4124/3694
f 139/4908/3698 2985/2174/3698 2982/25/3699
f 141/4910/3700 2987/2173/3700 2985/2174/3698
f 142/4911/3701 2989/3373/3701 2987/2173/3700
f 145/4912/3702 2991/4788/3702 2989/3373/3701
f 147/4913/3703 2994/692/3703 2991/4788/3702
f 149/4914/3704 2995/690/3704 2994/692/3703
f 151/4915/3705 2997/1539/3705 2995/690/3704
f 153/4916/3706 2999/2799/3706 2997/1539/3705
f 155/4917/3707 3001/3385/3707 2999/2799/3706
f 156/4918/3708 3003/3384/3710 3001/3385/3707
f 159/4919/3709 3005/4450/3709 3003/3384/3710
f 161/4920/3711 3007/4449/3711 3005/4450/3709
f 163/4921/3712 3010/699/3712 3007/4449/3711
f 165/4922/3713 3011/1552/3713 3010/699/3712
f 167/4923/3714 3013/2203/3714 3011/1552/3713
f 169/4924/3715 3015/2202/3715 3013/2203/3714
f 171/4925/3716 3017/2809/3716 3015/2202/3715
f 172/4926/3717 3019/3394/3717 3017/2809/3716
f 175/4927/3718 3021/3914/3718 3019/3394/3717
f 177/4928/3719 3023/4458/3719 3021/3914/3718
f 179/4929/3720 3026/725/3720 3023/4458/3719
f 181/4930/3721 3027/723/3721 3026/725/3720
f 183/4931/3722 3029/2217/3724 3027/723/3721
f 185/4932/3723 3031/2216/3723 3029/2217/3724
f 187/4933/3725 3033/3410/3725 3031/2216/3723
f 188/4934/3726 3035/3929/3726 3033/3410/3725
f 191/4935/3727 3037/3928/3727 3035/3929/3726
f 193/4936/3728 3039/4804/3728 3037/3928/3727
f 195/4937/3729 3042/752/3729 3039/4804/3728
f 197/4938/3730 3043/750/3730 3042/752/3729
f 199/4939/3731 3045/1584/3731 3043/750/3730
f 201/4940/3732 3047/2240/3732 3045/1584/3731
f 203/4941/3733 3049/2851/3733 3047/2240/3732
f 204/4942/3734 3051/3432/3734 3049/2851/3733
f 207/4943/3735 3053/3951/3735 3051/3432/3734
f 209/4944/3736 3055/4495/3736 3053/3951/3735
f 211/4945/3737 3058/791/3737 3055/4495/3736
f 213/4946/3738 3059/789/3738 3058/791/3737
f 215/4947/3739 3061/1604/3739 3059/789/3738
f 217/4948/3740 3063/2258/3740 3061/1604/3739
f 219/4949/3741 3065/3449/3741 3063/2258/3740
f 220/4950/3742 3067/3448/3742 3065/3449/3741
f 223/4951/3743 3069/3963/3743 3067/3448/3742
f 225/4952/3744 3071/4818/3744 3069/3963/3743
f 227/4953/3745 3074/806/3745 3071/4818/3744
f 229/4954/3746 3075/804/3746 3074/806/3745
f 231/4955/3747 3077/1614/3747 3075/804/3746
f 233/4956/3748 3079/2873/3748 3077/1614/3747
f 235/4386/3749 3081/3455/3749 3079/2873/3748
f 236/4957/3750 3083/3454/3750 3081/3455/3749
f 239/4958/3751 3085/3969/3751 3083/3454/3750
f 241/4959/3752 3087/4514/3752 3085/3969/3751
f 243/4960/3753 3090/810/3753 3087/4514/3752
f 245/4961/3754 3091/1619/3754 3090/810/3753
f 247/4962/3755 3093/1618/3755 3091/1619/3754
f 249/4963/3756 3095/2877/3756 3093/1618/3755
f 251/4964/3757 3097/3458/3757 3095/2877/3756
f 252/4965/3758 3099/3973/3758 3097/3458/3757
f 255/4966/3759 3101/4519/3759 3099/3973/3758
f 257/4967/3760 3103/4518/3760 3101/4519/3759
f 259/4968/3761 3106/813/3761 3103/4518/3760
f 261/4969/3762 3107/1621/3762 3106/813/3761
f 263/4970/3763 3109/1620/3763 3107/1621/3762
f 265/4971/3764 3111/2879/3764 3109/1620/3763
f 267/4972/3765 3113/3460/3765 3111/2879/3764
f 268/4973/3766 3115/3976/3766 3113/3460/3765
f 271/4974/3767 3117/3975/3767 3115/3976/3766
f 273/4975/3768 3119/4516/3768 3117/3975/3767
f 275/4976/3769 3122/807/3769 3119/4516/3768
f 277/4977/3770 3123/1617/3770 3122/807/3769
f 279/4978/3771 3125/1616/3771 3123/1617/3770
f 281/4979/3772 3127/2270/3772 3125/1616/3771
f 283/4980/3773 3129/2875/3773 3127/2270/3772
f 284/4981/3774 3131/3967/3774 3129/2875/3773
f 287/4982/3775 3133/4508/3775 3131/3967/3774
f 289/4983/3776 3135/4819/3776 3133/4508/3775
f 291/4984/3777 3138/798/3777 3135/4819/3776
f 293/4985/3778 3139/1609/3778 3138/798/3777
f 295/4986/3779 3141/1608/3779 3139/1609/3778
f 297/4987/3780 3143/2262/3780 3141/1608/3779
f 299/4988/3781 3145/2863/3781 3143/2262/3780
f 300/4989/3782 3147/3955/3782 3145/2863/3781
f 303/4990/3783 3149/4497/3783 3147/3955/3782
f 304/4897/3604 3151/28/3604 3149/4497/3783
f 308/4991/3784 3155/780/3784 3152/29/3605
f 310/4993/3785 3156/1596/3785 3155/780/3784
f 312/4994/3786 3158/2250/3786 3156/1596/3785
f 314/4995/3787 3160/2856/3787 3158/2250/3786
f 316/4996/3788 3162/2855/3788 3160/2856/3787
f 317/4997/3789 3164/3946/3789 3162/2855/3788
f 320/4998/3790 3166/3945/3790 3164/3946/3789
f 322/4999/3791 3168/4489/3791 3166/3945/3790
f 324/5000/3792 3171/767/3792 3168/4489/3791
f 326/5001/3793 3172/765/3793 3171/767/3792
f 328/5002/3794 3174/2238/3794 3172/765/3793
f 330/5003/3795 3176/2841/3795 3174/2238/3794
f 331/5004/3796 3178/3423/3796 3176/2841/3795
f 334/5005/3797 3180/3935/3799 3178/3423/3796
f 336/5006/3798 3182/4479/3801 3180/3935/3799
f 338/5007/3800 3185/749/3800 3182/4479/3801
f 340/3303/3802 3186/747/3802 3185/749/3800
f 342/5008/3803 3188/2230/3803 3186/747/3802
f 344/5009/3804 3190/2834/3806 3188/2230/3803
f 346/5010/3805 3192/2833/3808 3190/2834/3806
f 347/5011/3807 3194/3930/3807 3192/2833/3808
f 350/5012/3809 3196/4472/3809 3194/3930/3807
f 352/5013/3810 3198/4471/3810 3196/4472/3809
f 354/5014/3811 3201/738/3813 3198/4471/3810
f 356/5015/3812 3202/1572/3815 3201/738/3813
f 358/5016/3814 3204/2224/3814 3202/1572/3815
f 360/5017/3816 3206/2827/3816 3204/2224/3814
f 362/5018/3817 3208/3409/3817 3206/2827/3816
f 363/5019/3818 3210/3408/3818 3208/3409/3817
f 366/5020/3819 3212/4468/3819 3210/3408/3818
f 368/5021/3820 3214/4467/3820 3212/4468/3819
f 370/5022/3821 3217/734/3823 3214/4467/3820
f 372/5023/3822 3218/732/3822 3217/734/3823
f 374/5024/3824 3220/2219/3824 3218/732/3822
f 376/5025/3825 3222/2218/3825 3220/2219/3824
f 378/5026/3826 3224/3405/3826 3222/2218/3825
f 379/5027/3827 3226/3404/3827 3224/3405/3826
f 382/5028/3828 3228/4464/3828 3226/3404/3827
f 384/5029/3829 3230/4463/3829 3228/4464/3828
f 386/5030/3830 3233/720/3830 3230/4463/3829
f 388/5031/3831 3234/1559/3831 3233/720/3830
f 390/5032/3832 3236/1558/3832 3234/1559/3831
f 392/5033/3833 3238/2816/3833 3236/1558/3832
f 394/5034/3834 3240/2815/3836 3238/2816/3833
f 395/5035/3835 3242/3400/3835 3240/2815/3836
f 398/5036/3837 3244/4461/3837 3242/3400/3835
f 400/5037/3838 3246/4797/3838 3244/4461/3837
f 402/5038/3839 3249/719/3839 3246/4797/3838
f 404/5039/3840 3250/717/3840 3249/719/3839
f 406/5040/3841 3252/2215/3841 3250/717/3840
f 408/5041/3842 3254/2214/3842 3252/2215/3841
f 410/5042/3843 3256/2819/3843 3254/2214/3842
f 411/5043/3844 3258/3922/3844 3256/2819/3843
f 414/5044/3845 3260/4466/3845 3258/3922/3844
f 416/5045/3846 3262/4465/3846 3260/4466/3845
f 418/5046/3847 3265/737/3847 3262/4465/3846
f 420/5047/3848 3266/735/3848 3265/737/3847
f 422/5048/3849 3268/2228/3849 3266/735/3848
f 424/5049/3850 3270/2836/3850 3268/2228/3849
f 426/5050/3851 3272/2835/3851 3270/2836/3850
f 427/5051/3852 3274/3938/3852 3272/2835/3851
f 430/5052/3853 3276/3937/3853 3274/3938/3852
f 432/5053/3854 3278/4808/3854 3276/3937/3853
f 434/5054/3855 3281/762/3855 3278/4808/3854
f 436/5055/3856 3282/1588/3856 3281/762/3855
f 438/5056/3857 3284/2249/3857 3282/1588/3856
f 440/5057/3858 3286/2248/3858 3284/2249/3857
f 442/5058/3859 3288/2853/3859 3286/2248/3858
f 443/5059/3860 3290/3947/3860 3288/2853/3859
f 446/1448/3861 3292/4494/3861 3290/3947/3860
f 448/5060/3862 3294/4493/3862 3292/4494/3861
f 450/5061/3863 3297/779/3863 3294/4493/3862
f 452/5062/3864 3298/777/3864 3297/779/3863
f 454/5063/3865 3300/1598/3865 3298/777/3864
f 456/5064/3866 3302/2860/3866 3300/1598/3865
f 458/5065/3867 3304/2859/3867 3302/2860/3866
f 459/5066/3868 3306/3954/3868 3304/2859/3867
f 462/5067/3869 3308/3953/3869 3306/3954/3868
f 464/5068/3870 3310/4814/3870 3308/3953/3869
f 466/5069/3871 3313/786/3871 3310/4814/3870
f 468/5070/3872 3314/1603/3872 3313/786/3871
f 470/5071/3873 3316/1602/3873 3314/1603/3872
f 472/5072/3874 3318/2862/3874 3316/1602/3873
f 474/5073/3875 3320/2861/3875 3318/2862/3874
f 475/5074/3876 3322/3958/3876 3320/2861/3875
f 478/5075/3877 3324/3957/3877 3322/3958/3876
f 480/5076/3878 3326/4502/3878 3324/3957/3877
f 482/5077/3879 3329/792/3879 3326/4502/3878
f 484/5078/3880 3330/1607/3880 3329/792/3879
f 486/5079/3881 3332/1606/3881 3330/1607/3880
f 488/5080/3882 3334/2260/3882 3332/1606/3881
f 490/5081/3883 3336/3447/3883 3334/2260/3882
f 491/5082/3884 3338/3446/3884 3336/3447/3883
f 494/5083/3885 3340/4505/3885 3338/3446/3884
f 496/5084/3886 3342/4504/3886 3340/4505/3885
f 498/5085/3887 3345/795/3887 3342/4504/3886
f 500/5086/3888 3346/1610/3888 3345/795/3887
f 502/5087/3889 3348/2266/3889 3346/1610/3888
f 504/5088/3890 3350/2871/3892 3348/2266/3889
f 506/5089/3891 3352/3450/3891 3350/2871/3892
f 507/5090/3893 3354/3965/3893 3352/3450/3891
f 510/5091/3894 3356/4512/3894 3354/3965/3893
f 512/5092/3895 3358/4821/3895 3356/4512/3894
f 514/5093/3896 3361/2276/3896 3358/4821/3895
f 516/5094/3897 3362/2882/3897 3361/2276/3896
f 518/5095/3898 3364/2881/3898 3362/2882/3897
f 519/5096/3899 3366/4520/3899 3364/2881/3898
f 522/5097/3900 3368/4825/3900 3366/4520/3899
f 524/5098/3901 3371/2283/3901 3368/4825/3900
f 526/5099/3902 3372/2281/3902 3371/2283/3901
f 527/5100/3903 3374/3980/3903 3372/2281/3902
f 530/5101/3904 3376/3979/3904 3374/3980/3903
f 532/5102/3905 3378/4524/3905 3376/3979/3904
f 534/5103/3906 3381/2288/3906 3378/4524/3905
f 536/548/3907 3382/2286/3907 3381/2288/3906
f 538/5104/3908 3384/3470/3908 3382/2286/3907
f 539/5105/3909 3386/3984/3909 3384/3470/3908
f 542/5106/3910 3388/3983/3910 3386/3984/3909
f 544/5107/3911 3390/4528/3911 3388/3983/3910
f 546/5108/3912 3393/827/3912 3390/4528/3911
f 548/5109/3913 3394/825/3913 3393/827/3912
f 550/5110/3914 3396/2291/3914 3394/825/3913
f 552/5111/3915 3398/2893/3915 3396/2291/3914
f 554/5112/3916 3400/3474/3918 3398/2893/3915
f 555/5113/3917 3402/3988/3917 3400/3474/3918
f 558/5114/3919 3404/3987/3919 3402/3988/3917
f 560/5115/3920 3406/4832/3920 3404/3987/3919
f 562/5116/3921 3409/831/3921 3406/4832/3920
f 564/5117/3922 3410/1633/3922 3409/831/3921
f 566/5118/3923 3412/1632/3923 3410/1633/3922
f 568/5119/3924 3414/2895/3924 3412/1632/3923
f 570/5120/3925 3416/3478/3925 3414/2895/3924
f 571/5121/3926 3418/3991/3926 3416/3478/3925
f 574/5122/3927 3420/4537/3927 3418/3991/3926
f 576/5123/3928 3422/4536/3928 3420/4537/3927
f 578/5124/3929 3425/837/3929 3422/4536/3928
f 580/5125/3930 3426/1636/3930 3425/837/3929
f 582/5126/3931 3428/2299/3931 3426/1636/3930
f 584/5127/3932 3430/2899/3932 3428/2299/3931
f 586/5128/3933 3432/3480/3933 3430/2899/3932
f 587/5129/3934 3434/3995/3934 3432/3480/3933
f 590/5130/3935 3436/4540/3935 3434/3995/3934
f 592/5131/3936 3438/4835/3936 3436/4540/3935
f 594/5132/3937 3441/840/3937 3438/4835/3936
f 596/5133/3938 3442/1639/3938 3441/840/3937
f 598/5134/3939 3444/1638/3939 3442/1639/3938
f 600/5135/3940 3446/2902/3940 3444/1638/3939
f 602/5136/3941 3448/2901/3941 3446/2902/3940
f 603/5137/3942 3450/3994/3942 3448/2901/3941
f 606/5138/3943 3452/3993/3943 3450/3994/3942
f 608/5139/3944 3454/4834/3944 3452/3993/3943
f 610/5140/3945 3457/834/3945 3454/4834/3944
f 612/5141/3946 3458/1635/3946 3457/834/3945
f 614/5142/3947 3460/1634/3947 3458/1635/3946
f 616/5143/3948 3462/2898/3948 3460/1634/3947
f 618/5144/3949 3464/2897/3949 3462/2898/3948
f 619/5145/3950 3466/3990/3950 3464/2897/3949
f 622/5146/3951 3468/3989/3951 3466/3990/3950
f 624/5147/3952 3470/4534/3952 3468/3989/3951
f 626/5148/3953 3473/830/3953 3470/4534/3952
f 628/5149/3954 3474/828/3954 3473/830/3953
f 630/5150/3955 3476/1630/3955 3474/828/3954
f 632/5151/3956 3478/2293/3956 3476/1630/3955
f 634/5152/3957 3480/3473/3957 3478/2293/3956
f 635/5153/3958 3482/3472/3958 3480/3473/3957
f 638/5154/3959 3484/4531/3959 3482/3472/3958
f 640/5155/3960 3486/4530/3960 3484/4531/3959
f 642/4380/3961 3489/824/3961 3486/4530/3960
f 644/5156/3962 3490/822/3962 3489/824/3961
f 646/5157/3963 3492/2290/3963 3490/822/3962
f 648/5158/3964 3494/2289/3964 3492/2290/3963
f 650/5159/3965 3496/3469/3965 3494/2289/3964
f 651/5160/3966 3498/3468/3966 3496/3469/3965
f 654/5161/3967 3500/4527/3967 3498/3468/3966
f 656/5162/3968 3502/4526/3968 3500/4527/3967
f 658/5163/3969 3505/821/3969 3502/4526/3968
f 660/5164/3970 3506/819/3970 3505/821/3969
f 662/5165/3971 3508/2285/3971 3506/819/3970
f 664/5166/3972 3510/2284/3972 3508/2285/3971
f 666/5167/3973 3512/3465/3973 3510/2284/3972
f 667/5168/3974 3514/3464/3974 3512/3465/3973
f 670/5169/3975 3516/4523/3975 3514/3464/3974
f 672/5170/3976 3518/4522/3976 3516/4523/3975
f 674/5171/3977 3521/818/3977 3518/4522/3976
f 676/5172/3978 3522/816/3978 3521/818/3977
f 678/5173/3979 3524/2280/3979 3522/816/3978
f 680/5174/3980 3526/2279/3980 3524/2280/3979
f 682/5175/3981 3528/3457/3981 3526/2279/3980
f 683/5176/3982 3530/3456/3982 3528/3457/3981
f 686/5177/3983 3532/4511/3983 3530/3456/3982
f 688/5178/3984 3534/4510/3984 3532/4511/3983
f 690/5179/3985 3537/803/3985 3534/4510/3984
f 692/5180/3986 3538/801/3986 3537/803/3985
f 694/5181/3987 3540/2265/3987 3538/801/3986
f 696/5182/3988 3542/2264/3988 3540/2265/3987
f 698/5183/3989 3544/3445/3989 3542/2264/3988
f 699/5184/3633 3546/3444/3633 3544/3445/3989
f 702/5185/3990 3548/3959/3990 3546/3444/3633
f 704/5186/3991 3550/4500/3991 3548/3959/3990
f 706/5187/3992 3553/785/3992 3550/4500/3991
f 708/5188/3993 3554/783/3993 3553/785/3992
f 710/5189/3994 3556/2254/3994 3554/783/3993
f 712/5190/3995 3558/2857/3995 3556/2254/3994
f 714/5191/3996 3560/3437/3996 3558/2857/3995
f 715/5192/3997 3562/3436/3997 3560/3437/3996
f 718/5193/3998 3564/3949/3998 3562/3436/3997
f 720/5194/3999 3566/4491/3999 3564/3949/3998
f 722/5195/4000 3569/773/4000 3566/4491/3999
f 724/5196/4001 3570/771/4001 3569/773/4000
f 726/5197/4002 3572/2242/4002 3570/771/4001
f 728/5198/4003 3574/2845/4003 3572/2242/4002
f 730/5199/4004 3576/3427/4004 3574/2845/4003
f 731/5200/4005 3578/3426/4005 3576/3427/4004
f 734/5201/4006 3580/4484/4006 3578/3426/4005
f 736/5202/4007 3582/4483/4007 3580/4484/4006
f 738/5203/4008 3585/758/4010 3582/4483/4007
f 740/5204/4009 3586/756/4009 3585/758/4010
f 742/5205/4011 3588/2235/4011 3586/756/4009
f 744/5206/4012 3590/2234/4012 3588/2235/4011
f 746/5207/4013 3592/2839/4013 3590/2234/4012
f 747/3307/4014 3594/1797/4014 3592/2839/4013
f 750/5208/4015 3596/3933/4015 3594/1797/4014
f 752/5209/4016 3598/4477/4016 3596/3933/4015
f 754/5210/4017 3601/746/4017 3598/4477/4016
f 756/5211/4018 3602/744/4018 3601/746/4017
f 758/5212/4019 3604/2227/4019 3602/744/4018
f 760/5213/4020 3606/2226/4020 3604/2227/4019
f 762/5214/4021 3608/2831/4021 3606/2226/4020
f 763/5215/4022 3610/3412/4022 3608/2831/4021
f 766/5216/3988 3612/4469/3988 3610/3412/4022
f 768/5217/4023 3614/4801/4023 3612/4469/3988
f 770/5218/4024 3617/728/4024 3614/4801/4023
f 772/5219/4025 3618/726/4027 3617/728/4024
f 774/5220/4026 3620/2213/4029 3618/726/4027
f 776/5221/4028 3622/2212/4028 3620/2213/4029
f 778/5222/4030 3624/3399/4030 3622/2212/4028
f 779/5223/4031 3626/3398/4031 3624/3399/4030
f 782/5224/4032 3628/4456/4034 3626/3398/4031
f 784/5225/4033 3630/4794/4033 3628/4456/4034
f 786/5226/4035 3633/711/4035 3630/4794/4033
f 788/5227/4036 3634/2204/4036 3633/711/4035
f 790/5228/4037 3636/3910/4037 3634/2204/4036
f 791/5229/4038 3638/4792/4038 3636/3910/4037
f 794/5230/4039 3641/1547/4039 3638/4792/4038
f 796/5231/4040 3642/1545/4040 3641/1547/4039
f 798/5232/4041 3644/3386/4041 3642/1545/4040
f 799/5233/4042 3646/4447/4042 3644/3386/4041
f 802/5234/4043 3648/4789/4043 3646/4447/4042
f 804/5235/4044 3651/2189/4044 3648/4789/4043
f 806/5236/4045 3652/2187/4045 3651/2189/4044
f 807/5237/4046 3654/3382/4046 3652/2187/4045
f 810/5238/4047 3656/4442/4047 3654/3382/4046
f 812/5239/4048 3658/4785/4048 3656/4442/4047
f 814/5240/4049 3661/1526/4049 3658/4785/4048
f 816/5241/4050 3662/2786/4050 3661/1526/4049
f 817/4901/3612 3664/31/3612 3662/2786/4050
f 820/5242/4051 3667/3898/4051 3665/32/3613
f 823/5244/4052 3669/3897/4052 3667/3898/4051
f 825/5245/4053 3671/4783/4053 3669/3897/4052
f 827/5246/4054 3674/664/4054 3671/4783/4053
f 829/5247/4055 3675/662/4055 3674/664/4054
f 831/2103/4056 3677/1518/4056 3675/662/4055
f 833/5248/4057 3679/2777/4057 3677/1518/4056
f 835/5249/4058 3681/2776/4058 3679/2777/4057
f 836/5250/4059 3683/5252/4059 3681/2776/4058
f 839/5251/4060 3685/5254/4060 3683/5252/4059
f 841/5253/4061 3687/5255/4061 3685/5254/4060
f 843/4902/3614 3690/6865/3614 3687/5255/4061
f 847/5256/4062 3693/5259/4062 3691/35/3615
f 849/5258/4063 3695/5261/4063 3693/5259/4062
f 850/5260/4064 3697/5263/4064 3695/5261/4063
f 853/5262/4065 3699/5265/4065 3697/5263/4064
f 855/5264/4066 3701/5267/4066 3699/5265/4065
f 857/5266/4067 3704/5269/4067 3701/5267/4066
f 859/5268/4068 3705/5271/4068 3704/5269/4067
f 861/5270/4069 3707/5273/4069 3705/5271/4068
f 863/5272/4070 3709/5275/4070 3707/5273/4069
f 865/5274/4071 3711/5277/4071 3709/5275/4070
f 866/5276/4072 3713/5279/4072 3711/5277/4071
f 869/5278/4073 3715/5281/4073 3713/5279/4072
f 871/5280/4074 3717/5283/4074 3715/5281/4073
f 873/5282/4075 3720/5285/4075 3717/5283/4074
f 875/5284/4076 3721/5287/4076 3720/5285/4075
f 877/5286/4077 3723/5289/4077 3721/5287/4076
f 879/5288/4078 3725/5291/4080 3723/5289/4077
f 881/5290/4079 3727/5293/4079 3725/5291/4080
f 882/5292/4081 3729/5295/4081 3727/5293/4079
f 885/5294/4082 3731/5297/4082 3729/5295/4081
f 887/5296/4083 3733/5299/4083 3731/5297/4082
f 889/5298/4084 3736/5301/4084 3733/5299/4083
f 891/5300/4085 3737/5303/4085 3736/5301/4084
f 893/5302/4086 3739/5305/4086 3737/5303/4085
f 895/5304/4087 3741/5307/4089 3739/5305/4086
f 897/5306/4088 3743/5309/4088 3741/5307/4089
f 898/5308/4090 3745/5311/4090 3743/5309/4088
f 901/5310/4091 3747/5313/4091 3745/5311/4090
f 903/5312/4092 3749/5315/4092 3747/5313/4091
f 905/5314/4093 3752/5317/4093 3749/5315/4092
f 907/5316/4094 3753/5319/4094 3752/5317/4093
f 909/5318/4095 3755/5321/4095 3753/5319/4094
f 911/5320/4096 3757/5323/4096 3755/5321/4095
f 913/5322/4097 3759/5325/4097 3757/5323/4096
f 914/5324/4098 3761/5327/4098 3759/5325/4097
f 917/5326/4099 3763/5329/4099 3761/5327/4098
f 919/5328/4100 3765/5331/4100 3763/5329/4099
f 921/5330/4101 3768/5333/4103 3765/5331/4100
f 923/5332/4102 3769/5335/4102 3768/5333/4103
f 925/5334/4104 3771/5337/4104 3769/5335/4102
f 927/5336/4105 3773/5339/4105 3771/5337/4104
f 929/5338/4106 3775/5341/4106 3773/5339/4105
f 930/5340/4107 3777/5343/4107 3775/5341/4106
f 933/5342/4108 3779/5344/4108 3777/5343/4107
f 935/561/4109 3781/3618/4109 3779/5344/4108
f 937/5345/4110 3784/5347/4110 3781/3618/4109
f 939/5346/4111 3785/5349/4111 3784/5347/4110
f 941/5348/4112 3787/5351/4112 3785/5349/4111
f 943/5350/4113 3789/5353/4113 3787/5351/4112
f 945/5352/4114 3791/5355/4114 3789/5353/4113
f 946/5354/4115 3793/5357/4115 3791/5355/4114
f 949/5356/4116 3795/5359/4116 3793/5357/4115
f 951/5358/4117 3797/5361/4117 3795/5359/4116
f 953/5360/4118 3800/5363/4118 3797/5361/4117
f 955/5362/4119 3801/5365/4121 3800/5363/4118
f 957/5364/4120 3803/5367/4123 3801/5365/4121
f 959/5366/4122 3805/5369/4125 3803/5367/4123
f 961/5368/4124 3807/5371/4124 3805/5369/4125
f 962/5370/4126 3809/5373/4126 3807/5371/4124
f 965/5372/4127 3811/5375/4127 3809/5373/4126
f 967/5374/4128 3813/5377/4128 3811/5375/4127
f 969/5376/4129 3816/5379/4129 3813/5377/4128
f 971/5378/4130 3817/5381/4130 3816/5379/4129
f 973/5380/4131 3819/5383/4131 3817/5381/4130
f 975/5382/4132 3821/5385/4132 3819/5383/4131
f 977/5384/4133 3823/5387/4133 3821/5385/4132
f 978/5386/4134 3825/5389/4134 3823/5387/4133
f 981/5388/4135 3827/5391/4137 3825/5389/4134
f 983/5390/4136 3829/5393/4136 3827/5391/4137
f 985/5392/4138 3832/5395/4138 3829/5393/4136
f 987/5394/4139 3833/5397/4139 3832/5395/4138
f 989/5396/4140 3835/5399/4140 3833/5397/4139
f 991/5398/4141 3837/5401/4141 3835/5399/4140
f 993/5400/4142 3839/5403/4142 3837/5401/4141
f 994/5402/4143 3841/5405/4143 3839/5403/4142
f 997/5404/4144 3843/5407/4144 3841/5405/4143
f 999/5406/4145 3845/5409/4145 3843/5407/4144
f 1001/5408/4146 3848/5411/4146 3845/5409/4145
f 1003/5410/4147 3849/5413/4147 3848/5411/4146
f 1005/5412/4148 3851/5415/4148 3849/5413/4147
f 1007/5414/4149 3853/5417/4149 3851/5415/4148
f 1009/5416/4150 3855/5419/4150 3853/5417/4149
f 1010/5418/4151 3857/5421/4151 3855/5419/4150
f 1013/5420/4152 3859/5423/4152 3857/5421/4151
f 1015/5422/4153 3861/5425/4155 3859/5423/4152
f 1017/5424/4154 3864/5427/4157 3861/5425/4155
f 1019/5426/4156 3865/5429/4159 3864/5427/4157
f 1021/5428/4158 3867/5431/4161 3865/5429/4159
f 1023/5430/4160 3869/5433/4160 3867/5431/4161
f 1025/5432/4162 3871/5435/4162 3869/5433/4160
f 1026/5434/4163 3873/5437/4165 3871/5435/4162
f 1029/5436/4164 3875/5439/4167 3873/5437/4165
f 1031/5438/4166 3877/5441/4166 3875/5439/4167
f 1033/5440/4168 3880/5443/4168 3877/5441/4166
f 1035/5442/4169 3881/5445/4169 3880/5443/4168
f 1037/5444/4170 3883/5447/4170 3881/5445/4169
f 1039/5446/4171 3885/5448/4173 3883/5447/4170
f 1041/3874/4172 3887/2465/4175 3885/5448/4173
f 1042/5449/4174 3889/5451/4174 3887/2465/4175
f 1045/5450/4176 3891/5453/4176 3889/5451/4174
f 1047/5452/4177 3893/5455/4179 3891/5453/4176
f 1049/5454/4178 3896/5457/4181 3893/5455/4179
f 1051/5456/4180 3897/5459/4180 3896/5457/4181
f 1053/5458/4182 3899/5461/4182 3897/5459/4180
f 1055/5460/4183 3901/5463/4185 3899/5461/4182
f 1057/5462/4184 3903/5465/4187 3901/5463/4185
f 1058/5464/4186 3905/5467/4189 3903/5465/4187
f 1061/5466/4188 3907/5469/4191 3905/5467/4189
f 1063/5468/4190 3909/5471/4190 3907/5469/4191
f 1065/5470/4192 3912/5473/4192 3909/5471/4190
f 1067/5472/4193 3913/5475/4193 3912/5473/4192
f 1069/5474/4194 3915/5477/4194 3913/5475/4193
f 1071/5476/4195 3917/5479/4197 3915/5477/4194
f 1073/5478/4196 3919/5481/4199 3917/5479/4197
f 1074/5480/4198 3921/5483/4198 3919/5481/4199
f 1077/5482/4200 3923/5485/4200 3921/5483/4198
f 1079/5484/4201 3925/5487/4201 3923/5485/4200
f 1081/5486/4202 3928/5489/4202 3925/5487/4201
f 1083/5488/4203 3929/5491/4203 3928/5489/4202
f 1085/5490/4204 3931/5493/4204 3929/5491/4203
f 1087/5492/4205 3933/5495/4207 3931/5493/4204
f 1089/5494/4206 3935/5497/4206 3933/5495/4207
f 1090/5496/4208 3937/5499/4210 3935/5497/4206
f 1093/5498/4209 3939/5501/4212 3937/5499/4210
f 1095/5500/4211 3941/5503/4211 3939/5501/4212
f 1097/5502/4213 3944/5505/4213 3941/5503/4211
f 1099/5504/4214 3945/5507/4214 3944/5505/4213
f 1101/5506/4215 3947/5509/4215 3945/5507/4214
f 1103/5508/4216 3949/5511/4216 3947/5509/4215
f 1105/5510/4217 3951/5513/4217 3949/5511/4216
f 1106/5512/4218 3953/5515/4218 3951/5513/4217
f 1109/5514/4219 3955/5517/4219 3953/5515/4218
f 1111/5516/4220 3957/5519/4220 3955/5517/4219
f 1113/5518/4221 3960/5521/4221 3957/5519/4220
f 1115/5520/4222 3961/5523/4224 3960/5521/4221
f 1117/5522/4223 3963/5525/4226 3961/5523/4224
f 1119/5524/4225 3965/5527/4225 3963/5525/4226
f 1121/5526/4227 3967/5529/4227 3965/5527/4225
f 1122/5528/4228 3969/5531/4230 3967/5529/4227
f 1125/5530/4229 3971/5533/4232 3969/5531/4230
f 1127/5532/4231 3973/5535/4234 3971/5533/4232
f 1129/5534/4233 3976/5537/4236 3973/5535/4234
f 1131/5536/4235 3977/5539/4235 3976/5537/4236
f 1133/5538/4237 3979/5541/4237 3977/5539/4235
f 1135/5540/4238 3981/5543/4238 3979/5541/4237
f 1137/5542/4239 3983/5545/4239 3981/5543/4238
f 1138/5544/4240 3985/5547/4242 3983/5545/4239
f 1141/5546/4241 3987/5549/4241 3985/5547/4242
f 1143/5548/4243 3989/5551/4245 3987/5549/4241
f 1145/5550/4244 3992/5552/4244 3989/5551/4245
f 1147/2719/4246 3993/1092/4246 3992/5552/4244
f 1149/5553/4247 3995/5555/4249 3993/1092/4246
f 1151/5554/4248 3997/5557/4248 3995/5555/4249
f 1153/5556/4250 3999/5559/4250 3997/5557/4248
f 1154/5558/4251 4001/5561/4251 3999/5559/4250
f 1157/5560/4252 4003/5563/4252 4001/5561/4251
f 1159/5562/4253 4005/5565/4253 4003/5563/4252
f 1161/5564/4254 4008/5567/4254 4005/5565/4253
f 1163/5566/4255 4009/5569/4255 4008/5567/4254
f 1165/5568/4256 4011/5571/4256 4009/5569/4255
f 1167/5570/4257 4013/5573/4257 4011/5571/4256
f 1169/5572/4258 4015/5575/4258 4013/5573/4257
f 1170/5574/4259 4017/5577/4259 4015/5575/4258
f 1173/5576/4260 4019/5579/4260 4017/5577/4259
f 1175/5578/4261 4021/5581/4261 4019/5579/4260
f 1177/5580/4262 4024/5583/4262 4021/5581/4261
f 1179/5582/4263 4025/5585/4263 4024/5583/4262
f 1181/5584/4264 4027/5587/4264 4025/5585/4263
f 1183/5586/4265 4029/5589/4265 4027/5587/4264
f 1185/5588/4266 4031/5590/4266 4029/5589/4265
f 1187/14/4267 4033/37/4267 4031/5590/4266
f 1190/5591/4268 4036/5593/4268 4034/38/4269
f 1192/5592/4270 4038/5595/4270 4036/5593/4268
f 1194/5594/4271 4041/5597/4271 4038/5595/4270
f 1196/5596/4272 4042/5599/4272 4041/5597/4271
f 1198/5598/4273 4044/5601/4273 4042/5599/4272
f 1200/5600/4274 4046/5603/4274 4044/5601/4273
f 1202/5602/4275 4048/5605/4275 4046/5603/4274
f 1203/5604/4276 4050/5607/4276 4048/5605/4275
f 1206/5606/4277 4052/5609/4277 4050/5607/4276
f 1208/5608/4278 4054/5611/4278 4052/5609/4277
f 1210/5610/4279 4057/5613/4281 4054/5611/4278
f 1212/5612/4280 4058/5615/4280 4057/5613/4281
f 1214/5614/4282 4060/5617/4282 4058/5615/4280
f 1216/5616/4283 4062/5619/4283 4060/5617/4282
f 1218/5618/4284 4064/5621/4284 4062/5619/4283
f 1219/5620/4285 4066/5623/4285 4064/5621/4284
f 1222/5622/4286 4068/5625/4286 4066/5623/4285
f 1224/5624/3723 4070/5627/3723 4068/5625/4286
f 1226/5626/4287 4073/5629/4287 4070/5627/3723
f 1228/5628/4288 4074/5631/4288 4073/5629/4287
f 1230/5630/3720 4076/5633/3720 4074/5631/4288
f 1232/5632/4289 4078/5635/4289 4076/5633/3720
f 1234/5634/4290 4080/5637/4290 4078/5635/4289
f 1235/5636/4291 4082/5639/4291 4080/5637/4290
f 1238/5638/4292 4084/5641/4292 4082/5639/4291
f 1240/5640/4293 4086/5643/4293 4084/5641/4292
f 1242/5642/4294 4089/5645/4294 4086/5643/4293
f 1244/5644/4295 4090/5647/4295 4089/5645/4294
f 1246/5646/4296 4092/5649/4298 4090/5647/4295
f 1248/5648/4297 4094/5651/4297 4092/5649/4298
f 1250/5650/4299 4096/5652/4299 4094/5651/4297
f 1251/4907/3696 4098/4906/3695 4096/5652/4299
f 1254/570/4300 4100/4127/4300 4290/5653/4301
f 1303/1178/3622 1301/1179/3622 1401/2497/3622
f 1301/1179/3622 1300/160/3622 1403/2496/3622
f 1405/2160/3622 1300/160/3622 1297/4168/3622
f 1297/4168/3622 1295/4169/3622 1407/4157/3622
f 1295/4169/3622 1293/2184/3622 1409/2774/3622
f 1293/2184/3622 1291/685/3622 1412/130/3622
f 1413/1149/3622 1291/685/3622 1289/686/3622
f 1289/686/3622 1287/1860/3622 1415/1846/3622
f 1287/1860/3622 1285/1172/3622 1417/1845/3622
f 1285/1172/3622 1284/154/3622 1419/2499/3622
f 1421/2164/3622 1284/154/3622 1281/4673/3622
f 1281/4673/3622 1279/4165/3622 1423/3651/3622
f 1279/4165/3622 1277/1531/3622 1425/2781/3622
f 1277/1531/3622 1275/3100/3622 1428/138/3622
f 1429/136/3622 1275/3100/3622 1273/2509/3622
f 1273/2509/3622 1271/1855/3622 1431/1153/3622
f 1271/1855/3622 1269/1165/3622 1431/1153/3622
f 1269/1165/3622 1268/148/3622 1433/1848/3622
f 1431/1153/3622 1269/1165/3622 1433/1848/3622
f 1268/148/3622 1265/4671/3622 1435/2504/3622
f 1265/4671/3622 1263/4163/3622 1437/3095/3622
f 1435/2504/3622 1265/4671/3622 1437/3095/3622
f 1263/4163/3622 1261/3657/3622 1441/4160/3622
f 1261/3657/3622 1259/2506/3622 1444/4670/3622
f 1259/2506/3622 1257/2507/3622 1255/1162/3622
f 1255/1162/3622 1253/1160/3622 1444/4670/3622
f 1444/4670/3622 1441/4160/3622 1261/3657/3622
f 1441/4160/3622 1439/2170/3622 1263/4163/3622
f 1439/2170/3622 1437/3095/3622 1263/4163/3622
f 1435/2504/3622 1433/1848/3622 1268/148/3622
f 1431/1153/3622 1429/136/3622 1273/2509/3622
f 1429/136/3622 1428/138/3622 1275/3100/3622
f 1277/1531/3622 1428/138/3622 1425/2781/3622
f 1425/2781/3622 1423/3651/3622 1279/4165/3622
f 1423/3651/3622 1421/2164/3622 1281/4673/3622
f 1421/2164/3622 1419/2499/3622 1284/154/3622
f 1285/1172/3622 1419/2499/3622 1417/1845/3622
f 1417/1845/3622 1415/1846/3622 1287/1860/3622
f 1415/1846/3622 1413/1149/3622 1289/686/3622
f 1413/1149/3622 1412/130/3622 1291/685/3622
f 1293/2184/3622 1412/130/3622 1409/2774/3622
f 1409/2774/3622 1407/4157/3622 1295/4169/3622
f 1407/4157/3622 1405/2160/3622 1297/4168/3622
f 1405/2160/3622 1403/2496/3622 1300/160/3622
f 1301/1179/3622 1403/2496/3622 1401/2497/3622
f 1401/2497/3622 1399/1147/3622 1303/1178/3622
f 1399/1147/3622 1397/1148/3622 1303/1178/3622
f 1397/1148/3622 1396/124/3622 1305/689/3622
f 1303/1178/3622 1397/1148/3622 1305/689/3622
f 1396/124/3622 1393/4155/3622 1307/2511/3622
f 1393/4155/3622 1391/4156/3622 1309/2186/3622
f 1391/4156/3622 1389/2162/3622 1311/4167/3622
f 1389/2162/3622 1387/2498/3622 1313/4166/3622
f 1311/4167/3622 1389/2162/3622 1313/4166/3622
f 1387/2498/3622 1385/1843/3622 1316/157/3622
f 1385/1843/3622 1383/1844/3622 1317/1176/3622
f 1383/1844/3622 1381/1151/3622 1319/1859/3622
f 1381/1151/3622 1380/133/3622 1321/1858/3622
f 1319/1859/3622 1381/1151/3622 1321/1858/3622
f 1380/133/3622 1377/4668/3622 1323/2510/3622
f 1377/4668/3622 1375/4159/3622 1325/3660/3622
f 1375/4159/3622 1373/3091/3622 1327/3659/3622
f 1373/3091/3622 1371/3092/3622 1329/4164/3622
f 1327/3659/3622 1373/3091/3622 1329/4164/3622
f 1371/3092/3622 1369/2500/3622 1332/153/3622
f 1369/2500/3622 1367/1847/3622 1333/151/3622
f 1367/1847/3622 1365/1155/3622 1337/677/3622
f 1365/1155/3622 1364/139/3622 1339/2508/3622
f 1364/139/3622 1361/4669/3622 1341/3099/3622
f 1361/4669/3622 1359/2783/3622 1343/3658/3622
f 1359/2783/3622 1357/3654/3622 1343/3658/3622
f 1357/3654/3622 1355/3096/3622 1345/4162/3622
f 1343/3658/3622 1357/3654/3622 1345/4162/3622
f 1355/3096/3622 1353/2505/3622 1351/1163/3622
f 1351/1163/3622 1349/145/3622 1348/147/3622
f 1348/147/3622 1345/4162/3622 1355/3096/3622
f 1343/3658/3622 1341/3099/3622 1361/4669/3622
f 1341/3099/3622 1339/2508/3622 1364/139/3622
f 1339/2508/3622 1337/677/3622 1365/1155/3622
f 1337/677/3622 1335/1167/3622 1367/1847/3622
f 1335/1167/3622 1333/151/3622 1367/1847/3622
f 1333/151/3622 1332/153/3622 1369/2500/3622
f 1332/153/3622 1329/4164/3622 1371/3092/3622
f 1327/3659/3622 1325/3660/3622 1375/4159/3622
f 1325/3660/3622 1323/2510/3622 1377/4668/3622
f 1323/2510/3622 1321/1858/3622 1380/133/3622
f 1319/1859/3622 1317/1176/3622 1383/1844/3622
f 1317/1176/3622 1316/157/3622 1385/1843/3622
f 1316/157/3622 1313/4166/3622 1387/2498/3622
f 1311/4167/3622 1309/2186/3622 1391/4156/3622
f 1309/2186/3622 1307/2511/3622 1393/4155/3622
f 1307/2511/3622 1305/689/3622 1396/124/3622
f 1259/2506/3622 1255/1162/3622 1444/4670/3622
f 1256/5655/4302 4102/5657/4302 4100/4124/4300
f 1258/5656/4303 4105/5659/4303 4102/5657/4302
f 1260/5658/4304 4106/5661/4304 4105/5659/4303
f 1262/5660/4305 4108/5663/4305 4106/5661/4304
f 1264/5662/4306 4110/5665/4306 4108/5663/4305
f 1266/5664/4307 4112/5667/4307 4110/5665/4306
f 1267/5666/4308 4114/5669/4308 4112/5667/4307
f 1270/5668/4309 4116/5671/4309 4114/5669/4308
f 1272/5670/4310 4118/5673/4310 4116/5671/4309
f 1274/5672/4311 4121/5675/4311 4118/5673/4310
f 1276/5674/4312 4122/5677/4312 4121/5675/4311
f 1278/5676/4313 4124/5679/4313 4122/5677/4312
f 1280/5678/4314 4126/5681/4314 4124/5679/4313
f 1282/5680/4315 4128/5683/4317 4126/5681/4314
f 1283/5682/4316 4130/5684/4319 4128/5683/4317
f 1286/2709/4318 4132/5686/4318 4130/5684/4319
f 1288/5685/4320 4134/5688/4320 4132/5686/4318
f 1290/5687/4321 4137/5690/4321 4134/5688/4320
f 1292/5689/4322 4138/5692/4322 4137/5690/4321
f 1294/5691/4323 4140/5694/4323 4138/5692/4322
f 1296/5693/4324 4142/5696/4324 4140/5694/4323
f 1298/5695/4325 4144/5698/4325 4142/5696/4324
f 1299/5697/4326 4146/5700/4326 4144/5698/4325
f 1302/5699/4327 4148/4080/4329 4146/5700/4326
f 1304/5701/4328 4150/5703/4328 4148/4080/4329
f 1306/5702/4330 4153/5705/4332 4150/5703/4328
f 1308/5704/4331 4154/5707/4331 4153/5705/4332
f 1310/5706/4333 4156/5709/4333 4154/5707/4331
f 1312/5708/4334 4158/5711/4334 4156/5709/4333
f 1314/5710/4335 4160/5713/4335 4158/5711/4334
f 1315/5712/4336 4162/5714/4336 4160/5713/4335
f 1318/3863/4337 4164/5716/4337 4162/5714/4336
f 1320/5715/4338 4166/5718/4338 4164/5716/4337
f 1322/5717/4339 4169/5720/4339 4166/5718/4338
f 1324/5719/4340 4170/5722/4342 4169/5720/4339
f 1326/5721/4341 4172/5724/4344 4170/5722/4342
f 1328/5723/4343 4174/5726/4343 4172/5724/4344
f 1330/5725/4345 4176/5728/4345 4174/5726/4343
f 1331/5727/4346 4178/5730/4346 4176/5728/4345
f 1334/5729/4347 4180/5732/4347 4178/5730/4346
f 1336/5731/4348 4182/5734/4348 4180/5732/4347
f 1338/5733/4349 4185/5736/4349 4182/5734/4348
f 1340/5735/4350 4186/5738/4350 4185/5736/4349
f 1342/5737/4351 4188/5740/4351 4186/5738/4350
f 1344/5739/4352 4190/5742/4352 4188/5740/4351
f 1346/5741/4353 4192/5744/4353 4190/5742/4352
f 1347/5743/4354 4194/5745/4354 4192/5744/4353
f 1350/1447/4355 4196/4645/4355 4194/5745/4354
f 1352/5746/4356 4198/5748/4356 4196/4645/4355
f 1354/5747/4357 4201/5750/4357 4198/5748/4356
f 1356/5749/4358 4202/5752/4358 4201/5750/4357
f 1358/5751/4359 4204/5754/4359 4202/5752/4358
f 1360/5753/4360 4206/5756/4360 4204/5754/4359
f 1362/5755/4361 4208/5758/4361 4206/5756/4360
f 1363/5757/4362 4210/5760/4362 4208/5758/4361
f 1366/5759/4363 4212/5762/4363 4210/5760/4362
f 1368/5761/4364 4214/5764/4364 4212/5762/4363
f 1370/5763/4365 4217/5766/4365 4214/5764/4364
f 1372/5765/4366 4218/5768/4366 4217/5766/4365
f 1374/5767/4367 4220/5770/4367 4218/5768/4366
f 1376/5769/4368 4222/5772/4368 4220/5770/4367
f 1378/5771/4369 4224/5774/4369 4222/5772/4368
f 1379/5773/4370 4226/5775/4370 4224/5774/4369
f 1382/3309/4371 4228/1799/4371 4226/5775/4370
f 1384/5776/4372 4230/5778/4372 4228/1799/4371
f 1386/5777/4373 4233/5780/4373 4230/5778/4372
f 1388/5779/4374 4234/5782/4374 4233/5780/4373
f 1390/5781/4375 4236/5784/4375 4234/5782/4374
f 1392/5783/4376 4238/5786/4376 4236/5784/4375
f 1394/5785/4377 4240/5788/4379 4238/5786/4376
f 1395/5787/4378 4242/5790/4378 4240/5788/4379
f 1398/5789/4380 4244/5792/4382 4242/5790/4378
f 1400/5791/4381 4246/5794/4381 4244/5792/4382
f 1402/5793/4383 4249/5796/4385 4246/5794/4381
f 1404/5795/4384 4250/5798/4384 4249/5796/4385
f 1406/5797/4386 4252/5800/4388 4250/5798/4384
f 1408/5799/4387 4254/5802/4387 4252/5800/4388
f 1410/5801/4389 4256/5804/4389 4254/5802/4387
f 1411/5803/4390 4258/5805/4390 4256/5804/4389
f 1414/4771/4391 4260/3621/4391 4258/5805/4390
f 1416/5806/4392 4262/5808/4392 4260/3621/4391
f 1418/5807/4393 4265/5810/4393 4262/5808/4392
f 1420/5809/4394 4266/5812/4394 4265/5810/4393
f 1422/5811/4395 4268/5814/4395 4266/5812/4394
f 1424/5813/4396 4270/5816/4396 4268/5814/4395
f 1426/5815/4397 4272/5818/4397 4270/5816/4396
f 1427/5817/4398 4274/5820/4398 4272/5818/4397
f 1430/5819/4399 4276/5822/4399 4274/5820/4398
f 1432/5821/4400 4278/5824/4400 4276/5822/4399
f 1434/5823/4401 4281/5826/4401 4278/5824/4400
f 1436/5825/4402 4282/5828/4402 4281/5826/4401
f 1438/5827/4403 4284/5830/4403 4282/5828/4402
f 1440/5829/4404 4286/5832/4404 4284/5830/4403
f 1442/5831/4405 4288/5833/4405 4286/5832/4404
f 1443/5654/4301 4290/5653/4301 4288/5833/4405
f 1446/570/4302 4292/4127/4302 4482/5834/4406
f 1615/3671/3622 1613/1548/3622 1469/2237/3622
f 1613/1548/3622 1611/3109/3622 1471/4205/3622
f 1473/2843/3622 1611/3109/3622 1609/1870/3622
f 1609/1870/3622 1607/1189/3622 1476/229/3622
f 1477/1234/3622 1607/1189/3622 1605/1190/3622
f 1605/1190/3622 1604/172/3622 1479/1233/3622
f 1481/1909/3622 1604/172/3622 1601/4173/3622
f 1601/4173/3622 1599/3669/3622 1483/3141/3622
f 1485/3707/3622 1599/3669/3622 1597/3670/3622
f 1597/3670/3622 1595/3105/3622 1487/3706/3622
f 1595/3105/3622 1593/1864/3622 1487/3706/3622
f 1593/1864/3622 1591/1865/3622 1489/4209/3622
f 1487/3706/3622 1593/1864/3622 1489/4209/3622
f 1591/1865/3622 1589/169/3622 1492/240/3622
f 1589/169/3622 1588/171/3622 1493/238/3622
f 1588/171/3622 1585/4172/3622 1495/1914/3622
f 1585/4172/3622 1583/3667/3622 1497/1913/3622
f 1583/3667/3622 1581/3668/3622 1501/2245/3622
f 1581/3668/3622 1579/3106/3622 1503/3705/3622
f 1505/4208/3622 1579/3106/3622 1577/1868/3622
f 1577/1868/3622 1575/1187/3622 1508/235/3622
f 1509/1232/3622 1575/1187/3622 1573/1188/3622
f 1573/1188/3622 1572/175/3622 1511/1231/3622
f 1513/1907/3622 1572/175/3622 1569/4174/3622
f 1569/4174/3622 1567/4175/3622 1515/3134/3622
f 1517/3133/3622 1567/4175/3622 1565/2199/3622
f 1565/2199/3622 1563/3110/3622 1519/3696/3622
f 1563/3110/3622 1561/2516/3622 1519/3696/3622
f 1561/2516/3622 1559/1875/3622 1521/4200/3622
f 1519/3696/3622 1561/2516/3622 1521/4200/3622
f 1559/1875/3622 1557/1191/3622 1524/219/3622
f 1557/1191/3622 1556/181/3622 1525/217/3622
f 1524/219/3622 1557/1191/3622 1525/217/3622
f 1556/181/3622 1553/4678/3622 1527/1219/3622
f 1553/4678/3622 1551/4178/3622 1529/743/3622
f 1556/181/3622 1527/1219/3622 1525/217/3622
f 1551/4178/3622 1549/3676/3622 1533/1571/3622
f 1549/3676/3622 1547/1557/3622 1535/2221/3622
f 1547/1557/3622 1545/2520/3622 1535/2221/3622
f 1545/2520/3622 1543/1879/3622 1535/2221/3622
f 1543/1879/3622 1541/193/3622 1540/195/3622
f 1540/195/3622 1537/4188/3622 1543/1879/3622
f 1537/4188/3622 1535/2221/3622 1543/1879/3622
f 1535/2221/3622 1533/1571/3622 1549/3676/3622
f 1533/1571/3622 1531/742/3622 1551/4178/3622
f 1531/742/3622 1529/743/3622 1551/4178/3622
f 1529/743/3622 1527/1219/3622 1553/4678/3622
f 1524/219/3622 1521/4200/3622 1559/1875/3622
f 1519/3696/3622 1517/3133/3622 1565/2199/3622
f 1517/3133/3622 1515/3134/3622 1567/4175/3622
f 1569/4174/3622 1515/3134/3622 1513/1907/3622
f 1513/1907/3622 1511/1231/3622 1572/175/3622
f 1573/1188/3622 1511/1231/3622 1509/1232/3622
f 1509/1232/3622 1508/235/3622 1575/1187/3622
f 1577/1868/3622 1508/235/3622 1505/4208/3622
f 1505/4208/3622 1503/3705/3622 1579/3106/3622
f 1581/3668/3622 1503/3705/3622 1501/2245/3622
f 1501/2245/3622 1499/3144/3622 1583/3667/3622
f 1499/3144/3622 1497/1913/3622 1583/3667/3622
f 1497/1913/3622 1495/1914/3622 1585/4172/3622
f 1495/1914/3622 1493/238/3622 1588/171/3622
f 1493/238/3622 1492/240/3622 1589/169/3622
f 1492/240/3622 1489/4209/3622 1591/1865/3622
f 1487/3706/3622 1485/3707/3622 1597/3670/3622
f 1485/3707/3622 1483/3141/3622 1599/3669/3622
f 1601/4173/3622 1483/3141/3622 1481/1909/3622
f 1481/1909/3622 1479/1233/3622 1604/172/3622
f 1605/1190/3622 1479/1233/3622 1477/1234/3622
f 1477/1234/3622 1476/229/3622 1607/1189/3622
f 1609/1870/3622 1476/229/3622 1473/2843/3622
f 1473/2843/3622 1471/4205/3622 1611/3109/3622
f 1613/1548/3622 1471/4205/3622 1469/2237/3622
f 1469/2237/3622 1467/3132/3622 1615/3671/3622
f 1467/3132/3622 1465/2542/3622 1615/3671/3622
f 1465/2542/3622 1463/1902/3622 1617/2808/3622
f 1615/3671/3622 1465/2542/3622 1617/2808/3622
f 1463/1902/3622 1461/1221/3622 1620/180/3622
f 1461/1221/3622 1460/214/3622 1621/178/3622
f 1620/180/3622 1461/1221/3622 1621/178/3622
f 1460/214/3622 1457/3415/3622 1623/1193/3622
f 1457/3415/3622 1455/4193/3622 1625/710/3622
f 1460/214/3622 1623/1193/3622 1621/178/3622
f 1455/4193/3622 1453/3687/3622 1629/3113/3622
f 1453/3687/3622 1451/1569/3622 1631/2209/3622
f 1451/1569/3622 1449/2529/3622 1631/2209/3622
f 1449/2529/3622 1447/1886/3622 1631/2209/3622
f 1447/1886/3622 1445/1202/3622 1636/4680/3622
f 1636/4680/3622 1633/4179/3622 1447/1886/3622
f 1633/4179/3622 1631/2209/3622 1447/1886/3622
f 1631/2209/3622 1629/3113/3622 1453/3687/3622
f 1629/3113/3622 1627/2517/3622 1455/4193/3622
f 1627/2517/3622 1625/710/3622 1455/4193/3622
f 1625/710/3622 1623/1193/3622 1457/3415/3622
f 1448/5655/4291 4294/5657/4291 4292/4124/4302
f 1450/5656/4304 4297/5835/4304 4294/5657/4291
f 1452/5658/4305 4298/5661/4305 4297/5835/4304
f 1454/5660/4306 4300/5836/4306 4298/5661/4305
f 1456/5662/4407 4302/5837/4407 4300/5836/4306
f 1458/5664/4308 4304/5667/4308 4302/5837/4407
f 1459/5666/4408 4306/5669/4408 4304/5667/4308
f 1462/5668/4310 4308/5671/4310 4306/5669/4408
f 1464/5670/4311 4310/5673/4311 4308/5671/4310
f 1466/5672/4312 4313/5675/4312 4310/5673/4311
f 1468/5674/4409 4314/5677/4409 4313/5675/4312
f 1470/5676/4314 4316/5679/4314 4314/5677/4409
f 1472/5678/4315 4318/5681/4315 4316/5679/4314
f 1474/5680/4316 4320/5838/4316 4318/5681/4315
f 1475/5682/4318 4322/5684/4318 4320/5838/4316
f 1478/2709/4320 4324/5839/4320 4322/5684/4318
f 1480/5685/4321 4326/5840/4321 4324/5839/4320
f 1482/5687/4322 4329/5690/4322 4326/5840/4321
f 1484/5689/4323 4330/5692/4323 4329/5690/4322
f 1486/5691/4410 4332/5694/4410 4330/5692/4323
f 1488/5693/4411 4334/5696/4411 4332/5694/4410
f 1490/5695/4326 4336/5841/4326 4334/5696/4411
f 1491/5697/4329 4338/5700/4329 4336/5841/4326
f 1494/5699/4328 4340/4080/4328 4338/5700/4329
f 1496/5701/4330 4342/5703/4330 4340/4080/4328
f 1498/5702/4331 4345/5705/4331 4342/5703/4330
f 1500/5704/4412 4346/5842/4412 4345/5705/4331
f 1502/5706/4413 4348/5709/4413 4346/5842/4412
f 1504/5708/4335 4350/5711/4335 4348/5709/4413
f 1506/5710/4336 4352/5713/4336 4350/5711/4335
f 1507/5712/4337 4354/5843/4337 4352/5713/4336
f 1510/3863/4338 4356/3057/4338 4354/5843/4337
f 1512/5715/4339 4358/5718/4339 4356/3057/4338
f 1514/5717/4342 4361/5844/4342 4358/5718/4339
f 1516/5719/4344 4362/5845/4344 4361/5844/4342
f 1518/5721/4343 4364/5724/4343 4362/5845/4344
f 1520/5723/4414 4366/5846/4414 4364/5724/4343
f 1522/5725/4346 4368/5728/4346 4366/5846/4414
f 1523/5727/4347 4370/5730/4347 4368/5728/4346
f 1526/5729/4348 4372/5732/4348 4370/5730/4347
f 1528/5731/4415 4374/5734/4415 4372/5732/4348
f 1530/5733/4350 4377/5736/4350 4374/5734/4415
f 1532/5735/4416 4378/5738/4416 4377/5736/4350
f 1534/5737/4352 4380/5740/4352 4378/5738/4416
f 1536/5739/4353 4382/5847/4353 4380/5740/4352
f 1538/5741/4354 4384/5744/4354 4382/5847/4353
f 1539/5743/4417 4386/5848/4417 4384/5744/4354
f 1542/1447/4356 4388/4645/4356 4386/5848/4417
f 1544/5746/4059 4390/5748/4059 4388/4645/4356
f 1546/5747/4358 4393/5750/4358 4390/5748/4059
f 1548/5749/4359 4394/5752/4359 4393/5750/4358
f 1550/5751/4360 4396/5754/4360 4394/5752/4359
f 1552/5753/4418 4398/5756/4418 4396/5754/4360
f 1554/5755/4362 4400/5758/4362 4398/5756/4418
f 1555/5757/4363 4402/5760/4419 4400/5758/4362
f 1558/5759/4364 4404/5762/4364 4402/5760/4419
f 1560/5761/4365 4406/5764/4420 4404/5762/4364
f 1562/5763/4366 4409/5766/4366 4406/5764/4420
f 1564/5765/4367 4410/5768/4367 4409/5766/4366
f 1566/5767/4368 4412/5770/4368 4410/5768/4367
f 1568/5769/4421 4414/5772/4421 4412/5770/4368
f 1570/5771/4370 4416/5849/4370 4414/5772/4421
f 1571/5773/4371 4418/5775/4371 4416/5849/4370
f 1574/3309/4372 4420/5850/4372 4418/5775/4371
f 1576/5776/4373 4422/5778/4373 4420/5850/4372
f 1578/5777/4374 4425/5780/4374 4422/5778/4373
f 1580/5779/4375 4426/5782/4375 4425/5780/4374
f 1582/5781/4376 4428/5784/4376 4426/5782/4375
f 1584/5783/4379 4430/5786/4377 4428/5784/4376
f 1586/5785/4378 4432/5851/4378 4430/5786/4377
f 1587/5787/4382 4434/5790/4382 4432/5851/4378
f 1590/5789/4381 4436/5792/4381 4434/5790/4382
f 1592/5791/4383 4438/5794/4383 4436/5792/4381
f 1594/5793/4384 4441/5796/4384 4438/5794/4383
f 1596/5795/4388 4442/5852/4386 4441/5796/4384
f 1598/5797/4387 4444/5800/4387 4442/5852/4386
f 1600/5799/4389 4446/5802/4389 4444/5800/4387
f 1602/5801/4390 4448/5804/4390 4446/5802/4389
f 1603/5803/4391 4450/5853/4391 4448/5804/4390
f 1606/4771/4392 4452/3621/4392 4450/5853/4391
f 1608/5806/4393 4454/5854/4393 4452/3621/4392
f 1610/5807/4394 4457/5810/4394 4454/5854/4393
f 1612/5809/4422 4458/5855/4422 4457/5810/4394
f 1614/5811/4396 4460/5814/4396 4458/5855/4422
f 1616/5813/4397 4462/5816/4397 4460/5814/4396
f 1618/5815/4398 4464/5818/4398 4462/5816/4397
f 1619/5817/4423 4466/5820/4399 4464/5818/4398
f 1622/5819/4400 4468/5856/4400 4466/5820/4399
f 1624/5821/4424 4470/5824/4401 4468/5856/4400
f 1626/5823/4402 4473/5857/4402 4470/5824/4401
f 1628/5825/4425 4474/5828/4425 4473/5857/4402
f 1630/5827/4404 4476/5830/4404 4474/5828/4425
f 1632/5829/4405 4478/5832/4405 4476/5830/4404
f 1634/5831/4301 4480/5833/4301 4478/5832/4405
f 1635/5654/4406 4482/5834/4406 4480/5833/4301
f 1638/570/4426 4484/4127/4426 5693/4619/4427
f 2045/3189/3622 2043/2597/3622 2561/4281/3622
f 2043/2597/3622 2041/1964/3622 2563/4280/3622
f 2563/4280/3622 2041/1964/3622 2039/1965/3622
f 2039/1965/3622 2037/319/3622 2566/378/3622
f 2566/378/3622 2036/321/3622 2567/376/3622
f 2037/319/3622 2036/321/3622 2566/378/3622
f 2036/321/3622 2033/4264/3622 2567/376/3622
f 2567/376/3622 2033/4264/3622 2031/3760/3622
f 2031/3760/3622 2029/3190/3622 2570/23/3622
f 2029/3190/3622 2027/3191/3622 2570/23/3622
f 2027/3191/3622 2025/1968/3622 2570/23/3622
f 2025/1968/3622 2023/1969/3622 2570/23/3622
f 2023/1969/3622 2021/325/3622 2570/23/3622
f 2021/325/3622 2020/327/3622 2570/23/3622
f 2020/327/3622 2017/3487/3622 2570/23/3622
f 2017/3487/3622 2015/4266/3622 2570/23/3622
f 2015/4266/3622 2013/3763/3622 2570/23/3622
f 2013/3763/3622 2011/2600/3622 2009/1972/3622
f 2009/1972/3622 2007/1973/3622 2005/1299/3622
f 2005/1299/3622 2004/334/3622 2001/4268/3622
f 2001/4268/3622 1999/3766/3622 2013/3763/3622
f 1999/3766/3622 1997/3767/3622 2570/23/3622
f 1999/3766/3622 2570/23/3622 2013/3763/3622
f 1997/3767/3622 1995/3196/3622 2570/23/3622
f 2009/1972/3622 2005/1299/3622 2001/4268/3622
f 2013/3763/3622 2009/1972/3622 2001/4268/3622
f 2031/3760/3622 2570/23/3622 2567/376/3622
f 2047/4263/3622 2045/3189/3622 2561/4281/3622
f 2052/322/3622 2049/4262/3622 2557/3206/3622
f 2049/4262/3622 2047/4263/3622 2559/3205/3622
f 2052/322/3622 2557/3206/3622 2053/1294/3622
f 2055/1293/3622 2053/1294/3622 2555/1993/3622
f 2055/1293/3622 2555/1993/3622 2057/1966/3622
f 2059/2598/3622 2057/1966/3622 2553/1994/3622
f 2059/2598/3622 2553/1994/3622 2061/3762/3622
f 2063/3761/3622 2061/3762/3622 2551/1330/3622
f 2063/3761/3622 2551/1330/3622 2065/4265/3622
f 2068/328/3622 2065/4265/3622 2550/379/3622
f 2068/328/3622 2550/379/3622 2069/1297/3622
f 2071/1971/3622 2069/1297/3622 2547/4283/3622
f 2071/1971/3622 2547/4283/3622 2073/1970/3622
f 2075/2599/3622 2073/1970/3622 2545/3778/3622
f 2075/2599/3622 2545/3778/3622 2077/3192/3622
f 2079/4267/3622 2077/3192/3622 2543/3779/3622
f 2079/4267/3622 2543/3779/3622 2081/4720/3622
f 2084/333/3622 2081/4720/3622 2541/2613/3622
f 2084/333/3622 2541/2613/3622 2085/331/3622
f 2087/1301/3622 2085/331/3622 2539/2614/3622
f 2087/1301/3622 2539/2614/3622 2089/2601/3622
f 2091/3193/3622 2089/2601/3622 2537/1997/3622
f 2091/3193/3622 2537/1997/3622 2093/3765/3622
f 2095/3764/3622 2093/3765/3622 2535/388/3622
f 2095/3764/3622 2535/388/3622 2097/4721/3622
f 2100/339/3622 2097/4721/3622 2534/390/3622
f 2100/339/3622 2534/390/3622 2101/337/3622
f 2103/1976/3622 2101/337/3622 2531/4726/3622
f 2103/1976/3622 2531/4726/3622 2105/1975/3622
f 2107/3195/3622 2105/1975/3622 2529/4293/3622
f 2107/3195/3622 2529/4293/3622 2109/3194/3622
f 2111/4269/3622 2109/3194/3622 2527/3783/3622
f 2111/4269/3622 2527/3783/3622 2113/4722/3622
f 2116/340/3622 2113/4722/3622 2525/3215/3622
f 2116/340/3622 2525/3215/3622 2117/1305/3622
f 2119/1977/3622 2117/1305/3622 2523/2624/3622
f 2523/2624/3622 2117/1305/3622 2525/3215/3622
f 2123/3197/3622 2121/2602/3622 2521/2007/3622
f 2121/2602/3622 2119/1977/3622 2523/2624/3622
f 2521/2007/3622 2121/2602/3622 2523/2624/3622
f 2127/3768/3622 2125/3769/3622 2519/1356/3622
f 2125/3769/3622 2123/3197/3622 2521/2007/3622
f 2519/1356/3622 2125/3769/3622 2521/2007/3622
f 2132/349/3622 2129/4270/3622 2518/418/3622
f 2129/4270/3622 2127/3768/3622 2519/1356/3622
f 2518/418/3622 2129/4270/3622 2519/1356/3622
f 2135/1983/3622 2133/1313/3622 2515/4302/3622
f 2133/1313/3622 2132/349/3622 2518/418/3622
f 2515/4302/3622 2133/1313/3622 2518/418/3622
f 2139/2606/3622 2137/1982/3622 2513/4303/3622
f 2137/1982/3622 2135/1983/3622 2515/4302/3622
f 2513/4303/3622 2137/1982/3622 2515/4302/3622
f 2143/3772/3622 2141/3773/3622 2511/3225/3622
f 2141/3773/3622 2139/2606/3622 2513/4303/3622
f 2511/3225/3622 2141/3773/3622 2513/4303/3622
f 2148/361/3622 2145/2930/3622 2509/3226/3622
f 2145/2930/3622 2143/3772/3622 2511/3225/3622
f 2509/3226/3622 2145/2930/3622 2511/3225/3622
f 2151/1988/3622 2149/1319/3622 2507/2630/3622
f 2149/1319/3622 2148/361/3622 2509/3226/3622
f 2507/2630/3622 2149/1319/3622 2509/3226/3622
f 2155/3204/3622 2153/2609/3622 2505/2018/3622
f 2153/2609/3622 2151/1988/3622 2507/2630/3622
f 2505/2018/3622 2153/2609/3622 2507/2630/3622
f 2159/4279/3622 2157/3203/3622 2503/442/3622
f 2157/3203/3622 2155/3204/3622 2505/2018/3622
f 2503/442/3622 2157/3203/3622 2505/2018/3622
f 2164/372/3622 2161/4278/3622 2502/444/3622
f 2161/4278/3622 2159/4279/3622 2503/442/3622
f 2502/444/3622 2161/4278/3622 2503/442/3622
f 2167/1996/3622 2165/370/3622 2499/4315/3622
f 2165/370/3622 2164/372/3622 2502/444/3622
f 2499/4315/3622 2165/370/3622 2502/444/3622
f 2171/2612/3622 2169/1995/3622 2497/4316/3622
f 2169/1995/3622 2167/1996/3622 2499/4315/3622
f 2497/4316/3622 2169/1995/3622 2499/4315/3622
f 2175/3780/3622 2173/3781/3622 2495/3799/3622
f 2173/3781/3622 2171/2612/3622 2497/4316/3622
f 2495/3799/3622 2173/3781/3622 2497/4316/3622
f 2180/403/3622 2177/4292/3622 2493/3240/3622
f 2177/4292/3622 2175/3780/3622 2495/3799/3622
f 2493/3240/3622 2177/4292/3622 2495/3799/3622
f 2183/2011/3622 2181/1350/3622 2491/2646/3622
f 2181/1350/3622 2180/403/3622 2493/3240/3622
f 2491/2646/3622 2181/1350/3622 2493/3240/3622
f 2187/2626/3622 2185/2010/3622 2489/2036/3622
f 2185/2010/3622 2183/2011/3622 2491/2646/3622
f 2489/2036/3622 2185/2010/3622 2491/2646/3622
f 2192/17/3622 2189/3791/3622 2489/2036/3622
f 2189/3791/3622 2187/2626/3622 2489/2036/3622
f 2192/17/3622 2489/2036/3622 2487/1384/3622
f 2197/421/3622 2194/4301/3622 2449/4347/3622
f 2194/4301/3622 2192/17/3622 2449/4347/3622
f 2200/1358/3622 2198/1359/3622 2447/3264/3622
f 2198/1359/3622 2197/421/3622 2447/3264/3622
f 2204/3219/3622 2202/2013/3622 2445/2664/3622
f 2202/2013/3622 2200/1358/3622 2445/2664/3622
f 2208/4299/3622 2206/3218/3622 2443/2052/3622
f 2206/3218/3622 2204/3219/3622 2443/2052/3622
f 2213/415/3622 2210/4298/3622 2441/2053/3622
f 2210/4298/3622 2208/4299/3622 2441/2053/3622
f 2216/2008/3622 2214/1354/3622 2439/481/3622
f 2214/1354/3622 2213/415/3622 2439/481/3622
f 2220/3217/3622 2218/934/3622 2438/483/3622
f 2218/934/3622 2216/2008/3622 2438/483/3622
f 2224/4296/3622 2222/3216/3622 2435/4337/3622
f 2222/3216/3622 2220/3217/3622 2435/4337/3622
f 2229/406/3622 2226/4727/3622 2433/3819/3622
f 2226/4727/3622 2224/4296/3622 2433/3819/3622
f 2232/1348/3622 2230/1349/3622 2431/3820/3622
f 2230/1349/3622 2229/406/3622 2431/3820/3622
f 2236/3214/3622 2234/2623/3622 2429/3250/3622
f 2234/2623/3622 2232/1348/3622 2429/3250/3622
f 2240/2958/3622 2238/3786/3622 2427/2042/3622
f 2238/3786/3622 2236/3214/3622 2427/2042/3622
f 2245/399/3622 2242/4294/3622 2427/2042/3622
f 2242/4294/3622 2240/2958/3622 2427/2042/3622
f 2248/1344/3622 2246/397/3622 2425/2043/3622
f 2246/397/3622 2245/399/3622 2425/2043/3622
f 2252/2621/3622 2250/2622/3622 2423/475/3622
f 2250/2622/3622 2248/1344/3622 2423/475/3622
f 2256/4291/3622 2254/3782/3622 2423/475/3622
f 2254/3782/3622 2252/2621/3622 2423/475/3622
f 2261/394/3622 2258/4290/3622 2423/475/3622
f 2258/4290/3622 2256/4291/3622 2423/475/3622
f 2264/2002/3622 2262/1340/3622 2422/477/3622
f 2262/1340/3622 2261/394/3622 2422/477/3622
f 2422/477/3622 2261/394/3622 2423/475/3622
f 2268/3213/3622 2266/916/3622 2422/477/3622
f 2266/916/3622 2264/2002/3622 2422/477/3622
f 2272/4289/3622 2270/3212/3622 2422/477/3622
f 2270/3212/3622 2268/3213/3622 2422/477/3622
f 2277/387/3622 2274/4288/3622 2422/477/3622
f 2274/4288/3622 2272/4289/3622 2422/477/3622
f 2280/1336/3622 2278/385/3622 2422/477/3622
f 2278/385/3622 2277/387/3622 2422/477/3622
f 2284/2617/3622 2282/2000/3622 2422/477/3622
f 2282/2000/3622 2280/1336/3622 2422/477/3622
f 2288/4285/3622 2286/3209/3622 2422/477/3622
f 2286/3209/3622 2284/2617/3622 2422/477/3622
f 2293/384/3622 2290/4284/3622 2422/477/3622
f 2290/4284/3622 2288/4285/3622 2422/477/3622
f 2296/1999/3622 2294/382/3622 2380/2650/3622
f 2294/382/3622 2293/384/3622 2422/477/3622
f 2300/3211/3622 2298/1998/3622 2380/2650/3622
f 2298/1998/3622 2296/1999/3622 2380/2650/3622
f 2304/2948/3622 2302/3210/3622 2364/3242/3622
f 2302/3210/3622 2300/3211/3622 2364/3242/3622
f 2309/393/3622 2306/4725/3622 2364/3242/3622
f 2306/4725/3622 2304/2948/3622 2364/3242/3622
f 2312/2003/3622 2310/391/3622 2364/3242/3622
f 2310/391/3622 2309/393/3622 2364/3242/3622
f 2316/2618/3622 2314/2619/3622 2362/2028/3622
f 2314/2619/3622 2312/2003/3622 2364/3242/3622
f 2320/3784/3622 2318/3785/3622 2357/450/3622
f 2318/3785/3622 2316/2618/3622 2360/2029/3622
f 2357/450/3622 2318/3785/3622 2360/2029/3622
f 2325/412/3622 2322/2960/3622 2320/3784/3622
f 2328/1352/3622 2326/1353/5082 2332/3221/3622
f 2326/1353/5082 2325/412/3622 2332/3221/3622
f 2332/3221/3622 2330/2627/5083 2328/1352/3622
f 2336/3792/3622 2334/3220/3622 2341/432/3622
f 2334/3220/3622 2332/3221/3622 2341/432/3622
f 2341/432/3622 2338/4728/3622 2336/3792/3622
f 2344/1364/3622 2342/430/3622 2348/3231/3622
f 2342/430/3622 2341/432/3622 2348/3231/3622
f 2348/3231/3622 2346/2635/3622 2344/1364/3622
f 2352/2386/3622 2350/3230/3622 2354/4733/3622
f 2350/3230/3622 2348/3231/3622 2354/4733/3622
f 2357/450/3622 2354/4733/3622 2325/412/3622
f 2360/2029/3622 2358/448/3622 2357/450/3622
f 2364/3242/3622 2362/2028/3622 2314/2619/3622
f 2362/2028/3622 2360/2029/3622 2316/2618/3622
f 2368/3805/3622 2366/3806/3622 2300/3211/3622
f 2366/3806/3622 2364/3242/3622 2300/3211/3622
f 2373/460/3622 2370/4737/3622 2300/3211/3622
f 2370/4737/3622 2368/3805/3622 2300/3211/3622
f 2376/1388/3622 2374/1389/3622 2300/3211/3622
f 2374/1389/3622 2373/460/3622 2300/3211/3622
f 2380/2650/3622 2378/2651/3622 2300/3211/3622
f 2378/2651/3622 2376/1388/3622 2300/3211/3622
f 2384/3811/3622 2382/3812/3622 2422/477/3622
f 2382/3812/3622 2380/2650/3622 2422/477/3622
f 2389/480/3622 2386/4739/3622 2422/477/3622
f 2386/4739/3622 2384/3811/3622 2422/477/3622
f 2392/1396/3622 2390/478/3622 2422/477/3622
f 2390/478/3622 2389/480/3622 2422/477/3622
f 2396/2656/3622 2394/2046/3622 2392/1396/3622
f 2400/3821/3622 2398/3822/3622 2396/2656/3622
f 2405/486/3622 2402/4341/5082 2400/3821/3622
f 2408/2051/3622 2406/484/3622 2405/486/3622
f 2412/3255/3622 2410/2050/3622 2422/477/3622
f 2410/2050/3622 2408/2051/3622 2422/477/3622
f 2416/3815/3622 2414/3254/3622 2422/477/3622
f 2414/3254/3622 2412/3255/3622 2422/477/3622
f 2422/477/3622 2418/4740/3622 2416/3815/3622
f 2408/2051/3622 2405/486/3622 2422/477/3622
f 2405/486/3622 2400/3821/3622 2422/477/3622
f 2400/3821/3622 2396/2656/3622 2422/477/3622
f 2396/2656/3622 2392/1396/3622 2422/477/3622
f 2354/4733/3622 2348/3231/3622 2325/412/3622
f 2325/412/3622 2320/3784/3622 2357/450/3622
f 2294/382/3622 2422/477/3622 2380/2650/3622
f 2423/475/3622 2248/1344/3622 2425/2043/3622
f 2425/2043/3622 2245/399/3622 2427/2042/3622
f 2236/3214/3622 2429/3250/3622 2427/2042/3622
f 2433/3819/3622 2224/4296/3622 2435/4337/3622
f 2443/2052/3622 2204/3219/3622 2445/2664/3622
f 2216/2008/3622 2439/481/3622 2438/483/3622
f 2229/406/3622 2433/3819/3622 2431/3820/3622
f 2232/1348/3622 2431/3820/3622 2429/3250/3622
f 2332/3221/3622 2325/412/3622 2348/3231/3622
f 2348/3231/3622 2341/432/3622 2332/3221/3622
f 2435/4337/3622 2220/3217/3622 2438/483/3622
f 2525/3215/3622 2113/4722/3622 2527/3783/3622
f 2529/4293/3622 2105/1975/3622 2531/4726/3622
f 2101/337/3622 2534/390/3622 2531/4726/3622
f 2093/3765/3622 2537/1997/3622 2535/388/3622
f 2085/331/3622 2541/2613/3622 2539/2614/3622
f 2077/3192/3622 2545/3778/3622 2543/3779/3622
f 2069/1297/3622 2550/379/3622 2547/4283/3622
f 2039/1965/3622 2566/378/3622 2563/4280/3622
f 2551/1330/3622 2061/3762/3622 2553/1994/3622
f 2081/4720/3622 2543/3779/3622 2541/2613/3622
f 2439/481/3622 2213/415/3622 2441/2053/3622
f 2192/17/3622 2487/1384/3622 2486/469/3622
f 1995/3196/3622 1993/1985/3622 2574/2620/3622
f 2570/23/3622 1995/3196/3622 2572/1992/3622
f 1993/1985/3622 1991/1321/3622 2578/3787/3622
f 2572/1992/3622 1995/3196/3622 2574/2620/3622
f 1991/1321/3622 1989/373/3622 2583/424/3622
f 2441/2053/3622 2208/4299/3622 2443/2052/3622
f 2445/2664/3622 2200/1358/3622 2447/3264/3622
f 1989/373/3622 1988/375/3622 2586/2022/3622
f 2576/2364/3622 1993/1985/3622 2578/3787/3622
f 1993/1985/3622 2576/2364/3622 2574/2620/3622
f 1988/375/3622 1985/4295/3622 2590/2638/3622
f 1985/4295/3622 1983/3790/3622 2594/3803/3622
f 1991/1321/3622 2580/4297/3622 2578/3787/3622
f 2580/4297/3622 1991/1321/3622 2583/424/3622
f 1983/3790/3622 1981/1713/3622 2599/457/3622
f 2447/3264/3622 2197/421/3622 2449/4347/3622
f 2449/4347/3622 2192/17/3622 2451/4749/3622
f 1981/1713/3622 1979/2631/3622 2602/2041/3622
f 2584/1370/3622 1989/373/3622 2586/2022/3622
f 1989/373/3622 2584/1370/3622 2583/424/3622
f 1979/2631/3622 1977/2632/3622 2606/2660/3622
f 2451/4749/3622 2192/17/3622 2454/496/3622
f 2454/496/3622 2192/17/3622 2455/1411/3622
f 1977/2632/3622 1975/1376/3622 2610/4344/3622
f 1988/375/3622 2588/2639/3622 2586/2022/3622
f 2588/2639/3622 1988/375/3622 2590/2638/3622
f 1975/1376/3622 1973/454/3622 2615/510/3622
f 2459/2064/3622 2457/1410/3622 2481/4339/3622
f 2457/1410/3622 2455/1411/3622 2192/17/3622
f 1973/454/3622 1972/456/3622 2618/2069/3622
f 2592/3804/3622 1985/4295/3622 2594/3803/3622
f 1985/4295/3622 2592/3804/3622 2590/2638/3622
f 1972/456/3622 1969/4325/3622 2622/2678/3622
f 2457/1410/3622 2192/17/3622 2481/4339/3622
f 2463/3835/3622 2461/2676/5082 2459/2064/3622
f 2467/4353/5083 2465/4354/5082 2463/3835/3622
f 2471/505/3622 2470/507/3622 2463/3835/3622
f 2470/507/3622 2467/4353/5083 2463/3835/3622
f 2475/2056/3622 2473/1408/3622 2471/505/3622
f 2479/3823/3622 2477/2670/3622 2475/2056/3622
f 2483/4742/3622 2481/4339/3622 2192/17/3622
f 2481/4339/3622 2479/3823/3622 2463/3835/3622
f 2486/469/3622 2483/4742/3622 2192/17/3622
f 2481/4339/3622 2463/3835/3622 2459/2064/3622
f 2479/3823/3622 2475/2056/3622 2471/505/3622
f 1969/4325/3622 1967/3807/3622 2626/4360/3622
f 1983/3790/3622 2596/4321/3622 2594/3803/3622
f 2596/4321/3622 1983/3790/3622 2599/457/3622
f 1967/3807/3622 1965/3248/3622 2631/516/3622
f 2471/505/3622 2463/3835/3622 2479/3823/3622
f 1905/4735/3622 1903/4319/3622 2756/4743/3622
f 1903/4319/3622 1901/3234/3622 1895/1368/3622
f 1887/4305/3622 2760/1386/3622 1889/4304/3622
f 1901/3234/3622 1899/3235/3622 1897/2026/3622
f 1897/2026/3622 1895/1368/3622 1901/3234/3622
f 1895/1368/3622 1893/436/3622 2756/4743/3622
f 1893/436/3622 1892/438/3622 2759/472/3622
f 1892/438/3622 1889/4304/3622 2760/1386/3622
f 2766/3238/3622 1879/2009/3622 1877/1346/3622
f 1887/4305/3622 1885/3222/3622 2762/2034/3622
f 2766/3238/3622 1876/400/3622 2768/3798/3622
f 1885/3222/3622 1883/3223/3622 2762/2034/3622
f 1883/3223/3622 1881/2625/3622 2764/2644/3622
f 2768/3798/3622 1873/4286/3622 1871/4287/3622
f 1881/2625/3622 1879/2009/3622 2764/2644/3622
f 2770/3797/3622 1871/4287/3622 1869/3207/3622
f 1877/1346/3622 1876/400/3622 2766/3238/3622
f 1876/400/3622 1873/4286/3622 2768/3798/3622
f 2770/3797/3622 1867/3208/3622 2772/4317/3622
f 2772/4317/3622 1865/1990/3622 1863/1991/3622
f 1869/3207/3622 1867/3208/3622 2770/3797/3622
f 1867/3208/3622 1865/1990/3622 2772/4317/3622
f 2775/445/3622 1863/1991/3622 1861/1325/3622
f 2775/445/3622 1860/364/3622 2776/1374/3622
f 1861/1325/3622 1860/364/3622 2775/445/3622
f 1860/364/3622 1857/4276/3622 2776/1374/3622
f 2776/1374/3622 1857/4276/3622 1855/4277/3622
f 1855/4277/3622 1853/3201/3622 2778/2024/3622
f 1853/3201/3622 1851/3202/3622 2778/2024/3622
f 1851/3202/3622 1849/2608/3622 2778/2024/3622
f 1849/2608/3622 1847/1987/3622 2780/2633/3622
f 1847/1987/3622 1845/1317/3622 2780/2633/3622
f 1849/2608/3622 2780/2633/3622 2778/2024/3622
f 1845/1317/3622 1844/355/3622 2782/3228/3622
f 1844/355/3622 1841/4724/3622 2782/3228/3622
f 1845/1317/3622 2782/3228/3622 2780/2633/3622
f 1841/4724/3622 1839/4274/3622 2784/3793/3622
f 1839/4274/3622 1837/3198/3622 2784/3793/3622
f 1841/4724/3622 2784/3793/3622 2782/3228/3622
f 1837/3198/3622 1835/3199/3622 2786/4308/3622
f 1835/3199/3622 1833/2605/3622 2786/4308/3622
f 1837/3198/3622 2786/4308/3622 2784/3793/3622
f 1833/2605/3622 1831/1311/3622 2788/4729/3622
f 1831/1311/3622 1829/1312/3622 2788/4729/3622
f 1833/2605/3622 2788/4729/3622 2786/4308/3622
f 1829/1312/3622 1828/346/3622 2791/429/3622
f 1828/346/3622 1825/4271/3622 2791/429/3622
f 1829/1312/3622 2791/429/3622 2788/4729/3622
f 1825/4271/3622 1823/4272/3622 2792/427/3622
f 1823/4272/3622 1821/1659/3622 2792/427/3622
f 1825/4271/3622 2792/427/3622 2791/429/3622
f 1821/1659/3622 1819/868/3622 2794/1360/3622
f 1819/868/3622 1817/1978/3622 2794/1360/3622
f 1821/1659/3622 2794/1360/3622 2792/427/3622
f 1817/1978/3622 1815/1307/3622 2796/2015/3622
f 1815/1307/3622 1813/1308/3622 2796/2015/3622
f 1817/1978/3622 2796/2015/3622 2794/1360/3622
f 1813/1308/3622 1812/343/3622 2798/2629/3622
f 1812/343/3622 1809/4723/3622 2800/3227/3622
f 2800/3227/3622 1809/4723/3622 1807/2324/3622
f 1807/2324/3622 1805/3770/3622 2802/4307/3622
f 2802/4307/3622 1805/3770/3622 1803/2603/3622
f 1803/2603/3622 1801/2604/3622 2804/4306/3622
f 2804/4306/3622 1801/2604/3622 1799/1309/3622
f 1799/1309/3622 1797/1310/3622 2807/433/3622
f 1797/1310/3622 1796/352/3622 2807/433/3622
f 1796/352/3622 1793/4273/3622 2808/1366/3622
f 1793/4273/3622 1791/3771/3622 2808/1366/3622
f 1791/3771/3622 1789/3200/3622 2810/2021/3622
f 1789/3200/3622 1787/883/3622 2810/2021/3622
f 1787/883/3622 1785/2607/3622 2812/2020/3622
f 1785/2607/3622 1783/1315/3622 2812/2020/3622
f 1783/1315/3622 1781/1316/3622 2814/2634/3622
f 1781/1316/3622 1780/358/3622 2814/2634/3622
f 1780/358/3622 1777/4275/3622 2816/3229/3622
f 1777/4275/3622 1775/3774/3622 2816/3229/3622
f 1775/3774/3622 1773/3775/3622 2818/3794/3622
f 1773/3775/3622 1771/2610/3622 2818/3794/3622
f 1771/2610/3622 1769/2611/3622 2820/4309/3622
f 1769/2611/3622 1767/1323/3622 2820/4309/3622
f 1767/1323/3622 1765/367/3622 2823/453/3622
f 1765/367/3622 1764/369/3622 2823/453/3622
f 1764/369/3622 1761/4282/3622 2824/451/3622
f 1761/4282/3622 1759/3776/3622 2824/451/3622
f 1759/3776/3622 1757/3777/3622 2826/1380/3622
f 1757/3777/3622 1755/2615/3622 2826/1380/3622
f 1755/2615/3622 1753/2616/3622 2828/2030/3622
f 1753/2616/3622 1751/1342/3622 2828/2030/3622
f 1751/1342/3622 1749/1343/3622 2830/2648/3622
f 1749/1343/3622 1748/409/3622 2830/2648/3622
f 1748/409/3622 1745/4300/3622 2832/3244/3622
f 1745/4300/3622 1743/3788/3622 2832/3244/3622
f 1743/3788/3622 1741/3789/3622 2834/3809/3622
f 1741/3789/3622 1739/3224/3622 2834/3809/3622
f 1739/3224/3622 1737/2628/3622 2836/4333/3622
f 1737/2628/3622 1735/2017/3622 2836/4333/3622
f 1735/2017/3622 1733/439/3622 2839/492/3622
f 1733/439/3622 1732/441/3622 2839/492/3622
f 1732/441/3622 1729/4311/3622 2840/490/3622
f 1729/4311/3622 1727/3795/3622 2840/490/3622
f 1727/3795/3622 1725/3236/3622 2842/1414/3622
f 1725/3236/3622 1723/2640/3622 2842/1414/3622
f 1723/2640/3622 1721/2032/3622 2844/2066/3622
f 1721/2032/3622 1719/2033/3622 2844/2066/3622
f 1719/2033/3622 1717/466/3622 2847/2680/3622
f 1717/466/3622 1716/468/3622 2847/2680/3622
f 1716/468/3622 1713/4738/3622 2847/2680/3622
f 1713/4738/3622 1711/3813/3622 1637/1421/3622
f 1711/3813/3622 1709/3262/3622 1637/1421/3622
f 1709/3262/3622 1707/3263/3622 1639/1427/3622
f 1707/3263/3622 1705/2668/3622 1639/1427/3622
f 1705/2668/3622 1703/2062/3622 1701/1416/3622
f 1701/1416/3622 1700/511/3622 1697/4357/3622
f 1697/4357/3622 1695/3839/3622 1693/3840/3622
f 1693/3840/3622 1691/2684/3622 1689/2072/3622
f 1689/2072/3622 1687/1425/3622 1693/3840/3622
f 1687/1425/3622 1685/520/3622 1693/3840/3622
f 1685/520/3622 1684/522/3622 1681/4757/3622
f 1681/4757/3622 1679/4363/3622 1685/520/3622
f 1679/4363/3622 1677/3845/3622 1685/520/3622
f 1677/3845/3622 1675/2690/3622 1673/2691/3622
f 1673/2691/3622 1671/2080/3622 1669/529/3622
f 1669/529/3622 1668/531/3622 1665/4371/3622
f 1665/4371/3622 1663/4372/3622 1669/529/3622
f 1663/4372/3622 1661/3853/3622 1669/529/3622
f 1661/3853/3622 1659/2696/3622 1657/2084/3622
f 1657/2084/3622 1655/1436/5083 1653/1437/3622
f 1653/1437/3622 1652/532/3622 1645/3286/3622
f 1652/532/3622 1649/4761/3622 1645/3286/3622
f 1649/4761/3622 1647/3849/3622 1645/3286/3622
f 1645/3286/3622 1643/2692/3622 1641/2076/3622
f 1645/3286/3622 1641/2076/3622 1685/520/3622
f 1641/2076/3622 1639/1427/3622 1705/2668/3622
f 1685/520/3622 1641/2076/3622 1701/1416/3622
f 1661/3853/3622 1657/2084/3622 1653/1437/3622
f 1677/3845/3622 1673/2691/3622 1685/520/3622
f 1673/2691/3622 1669/529/3622 1685/520/3622
f 1701/1416/3622 1697/4357/3622 1685/520/3622
f 1697/4357/3622 1693/3840/3622 1685/520/3622
f 1705/2668/3622 1701/1416/3622 1641/2076/3622
f 2847/2680/3622 1713/4738/3622 1637/1421/3622
f 1723/2640/3622 2844/2066/3622 2842/1414/3622
f 1719/2033/3622 2847/2680/3622 2844/2066/3622
f 1732/441/3622 2840/490/3622 2839/492/3622
f 1727/3795/3622 2842/1414/3622 2840/490/3622
f 1739/3224/3622 2836/4333/3622 2834/3809/3622
f 1735/2017/3622 2839/492/3622 2836/4333/3622
f 1748/409/3622 2832/3244/3622 2830/2648/3622
f 1743/3788/3622 2834/3809/3622 2832/3244/3622
f 1755/2615/3622 2828/2030/3622 2826/1380/3622
f 1751/1342/3622 2830/2648/3622 2828/2030/3622
f 1764/369/3622 2824/451/3622 2823/453/3622
f 1759/3776/3622 2826/1380/3622 2824/451/3622
f 1771/2610/3622 2820/4309/3622 2818/3794/3622
f 1767/1323/3622 2823/453/3622 2820/4309/3622
f 1780/358/3622 2816/3229/3622 2814/2634/3622
f 1775/3774/3622 2818/3794/3622 2816/3229/3622
f 1787/883/3622 2812/2020/3622 2810/2021/3622
f 1783/1315/3622 2814/2634/3622 2812/2020/3622
f 1796/352/3622 2808/1366/3622 2807/433/3622
f 1791/3771/3622 2810/2021/3622 2808/1366/3622
f 1799/1309/3622 2807/433/3622 2804/4306/3622
f 2802/4307/3622 1803/2603/3622 2804/4306/3622
f 1855/4277/3622 2778/2024/3622 2776/1374/3622
f 1863/1991/3622 2775/445/3622 2772/4317/3622
f 1871/4287/3622 2770/3797/3622 2768/3798/3622
f 1879/2009/3622 2766/3238/3622 2764/2644/3622
f 1903/4319/3622 1895/1368/3622 2756/4743/3622
f 2760/1386/3622 1887/4305/3622 2762/2034/3622
f 1669/529/3622 1661/3853/3622 1685/520/3622
f 1661/3853/3622 1653/1437/3622 1685/520/3622
f 1653/1437/3622 1645/3286/3622 1685/520/3622
f 1639/1427/3622 1637/1421/3622 1709/3262/3622
f 1908/463/3622 1905/4735/3622 2752/3817/3622
f 1909/1390/3622 1908/463/3622 2748/2667/3622
f 1911/2044/3622 1909/1390/3622 2744/1404/3622
f 1883/3223/3622 2764/2644/3622 2762/2034/3622
f 1913/2658/3622 1911/2044/3622 2740/4753/3622
f 1915/3260/3622 1913/2658/3622 2736/3838/3622
f 1917/3825/3622 1915/3260/3622 2732/2683/3622
f 1919/4345/3622 1917/3825/3622 2728/1424/3622
f 1892/438/3622 2760/1386/3622 2759/472/3622
f 1921/4748/3622 1919/4345/3622 2724/4756/3622
f 1924/493/3622 1921/4748/3622 2720/3843/3622
f 1893/436/3622 2759/472/3622 2756/4743/3622
f 1925/1406/3622 1924/493/3622 2716/2689/3622
f 1927/2058/3622 1925/1406/3622 2712/1430/3622
f 1807/2324/3622 2802/4307/3622 2800/3227/3622
f 1812/343/3622 2800/3227/3622 2798/2629/3622
f 1813/1308/3622 2798/2629/3622 2796/2015/3622
f 1929/2674/3622 1927/2058/3622 2708/4759/3622
f 1905/4735/3622 2756/4743/3622 2752/3817/3622
f 1931/3270/3622 1929/2674/3622 2704/3292/3622
f 1908/463/3622 2752/3817/3622 2750/2666/3622
f 1908/463/3622 2750/2666/3622 2748/2667/3622
f 1933/3833/3622 1931/3270/3622 2702/3293/3622
f 1909/1390/3622 2748/2667/3622 2746/2054/3622
f 1909/1390/3622 2746/2054/3622 2744/1404/3622
f 1911/2044/3622 2744/1404/3622 2743/499/3622
f 1911/2044/3622 2743/499/3622 2740/4753/3622
f 1913/2658/3622 2740/4753/3622 2738/3837/3622
f 1935/4352/3622 1933/3833/3622 2698/1440/3622
f 1913/2658/3622 2738/3837/3622 2736/3838/3622
f 1937/4351/3622 1935/4352/3622 2695/538/3622
f 1915/3260/3622 2736/3838/3622 2734/2682/3622
f 2756/4743/3622 2754/4335/3622 2752/3817/3622
f 1915/3260/3622 2734/2682/3622 2732/2683/3622
f 1917/3825/3622 2730/1423/3622 2728/1424/3622
f 1919/4345/3622 2728/1424/3622 2727/517/3622
f 1921/4748/3622 2722/4361/3622 2720/3843/3622
f 1924/493/3622 2720/3843/3622 2718/2688/3622
f 2732/2683/3622 2730/1423/3622 1917/3825/3622
f 2727/517/3622 2724/4756/3622 1919/4345/3622
f 2724/4756/3622 2722/4361/3622 1921/4748/3622
f 1927/2058/3622 2711/526/3622 2708/4759/3622
f 2718/2688/3622 2716/2689/3622 1924/493/3622
f 1929/2674/3622 2708/4759/3622 2706/3851/3622
f 2716/2689/3622 2714/2078/3622 1925/1406/3622
f 2714/2078/3622 2712/1430/3622 1925/1406/3622
f 2712/1430/3622 2711/526/3622 1927/2058/3622
f 2706/3851/3622 2704/3292/3622 1929/2674/3622
f 1933/3833/3622 2700/2698/3622 2698/1440/3622
f 2704/3292/3622 2702/3293/3622 1931/3270/3622
f 2702/3293/3622 2700/2698/3622 1933/3833/3622
f 1935/4352/3622 2698/1440/3622 2696/1441/3622
f 2696/1441/3622 2695/538/3622 1935/4352/3622
f 2695/538/3622 2692/4375/3622 1937/4351/3622
f 1937/4351/3622 2692/4375/3622 2690/3859/3622
f 2690/3859/3622 2688/3296/3622 1937/4351/3622
f 1937/4351/3622 2688/3296/3622 1940/504/3622
f 2688/3296/3622 2686/2702/3622 1940/504/3622
f 2686/2702/3622 2684/2090/3622 1940/504/3622
f 2684/2090/3622 2682/2091/3622 1940/504/3622
f 2682/2091/3622 2680/541/3622 1941/502/3622
f 1940/504/3622 2682/2091/3622 1941/502/3622
f 2680/541/3622 2679/543/3622 1941/502/3622
f 2679/543/3622 2676/4377/3622 1943/1412/3622
f 2676/4377/3622 2674/3857/3622 1943/1412/3622
f 2674/3857/3622 2672/3294/3622 1945/2060/3622
f 2672/3294/3622 2670/3295/3622 1945/2060/3622
f 2670/3295/3622 2668/2088/3622 1947/2672/3622
f 1943/1412/3622 2674/3857/3622 1945/2060/3622
f 2668/2088/3622 2666/2089/3622 1947/2672/3622
f 2666/2089/3622 2664/535/3622 1949/3268/3622
f 2664/535/3622 2663/537/3622 1951/3831/3622
f 2663/537/3622 2660/4373/3622 1951/3831/3622
f 1951/3831/3622 2660/4373/3622 1953/4349/3622
f 2660/4373/3622 2658/3855/3622 1953/4349/3622
f 2658/3855/3622 2656/3288/3622 1953/4349/3622
f 2656/3288/3622 2654/2694/3622 1953/4349/3622
f 2654/2694/3622 2652/2082/3622 1956/489/3622
f 1953/4349/3622 2654/2694/3622 1956/489/3622
f 2652/2082/3622 2650/2083/3622 1956/489/3622
f 2650/2083/3622 2648/523/3622 1957/487/3622
f 2648/523/3622 2647/525/3622 1957/487/3622
f 2647/525/3622 2644/4365/3622 1959/1402/3622
f 2644/4365/3622 2642/3847/3622 1959/1402/3622
f 2642/3847/3622 2640/3280/3622 1961/2048/3622
f 1959/1402/3622 2642/3847/3622 1961/2048/3622
f 2640/3280/3622 2638/3281/3622 1961/2048/3622
f 2638/3281/3622 2636/2074/3622 1963/2654/3622
f 1961/2048/3622 2638/3281/3622 1963/2654/3622
f 2636/2074/3622 2634/2075/3622 1963/2654/3622
f 2634/2075/3622 2632/514/3622 1965/3248/3622
f 1963/2654/3622 2634/2075/3622 1965/3248/3622
f 2632/514/3622 2631/516/3622 1965/3248/3622
f 2631/516/3622 2628/4359/3622 1967/3807/3622
f 2628/4359/3622 2626/4360/3622 1967/3807/3622
f 2626/4360/3622 2624/3841/3622 1969/4325/3622
f 2624/3841/3622 2622/2678/3622 1969/4325/3622
f 2622/2678/3622 2620/2068/3622 1972/456/3622
f 2620/2068/3622 2618/2069/3622 1972/456/3622
f 2618/2069/3622 2616/508/3622 1973/454/3622
f 2616/508/3622 2615/510/3622 1973/454/3622
f 2615/510/3622 2612/4343/3622 1975/1376/3622
f 2612/4343/3622 2610/4344/3622 1975/1376/3622
f 2610/4344/3622 2608/3256/3622 1977/2632/3622
f 2608/3256/3622 2606/2660/3622 1977/2632/3622
f 2606/2660/3622 2604/2040/3622 1979/2631/3622
f 2604/2040/3622 2602/2041/3622 1979/2631/3622
f 2602/2041/3622 2600/1392/3622 1981/1713/3622
f 2600/1392/3622 2599/457/3622 1981/1713/3622
f 2647/525/3622 1959/1402/3622 1957/487/3622
f 2679/543/3622 1943/1412/3622 1941/502/3622
f 2650/2083/3622 1957/487/3622 1956/489/3622
f 1945/2060/3622 2670/3295/3622 1947/2672/3622
f 1947/2672/3622 2666/2089/3622 1949/3268/3622
f 1951/3831/3622 1949/3268/3622 2664/535/3622
f 2043/2597/3622 2563/4280/3622 2561/4281/3622
f 2047/4263/3622 2561/4281/3622 2559/3205/3622
f 2559/3205/3622 2557/3206/3622 2049/4262/3622
f 2557/3206/3622 2555/1993/3622 2053/1294/3622
f 2555/1993/3622 2553/1994/3622 2057/1966/3622
f 2551/1330/3622 2550/379/3622 2065/4265/3622
f 2527/3783/3622 2109/3194/3622 2529/4293/3622
f 2547/4283/3622 2545/3778/3622 2073/1970/3622
f 2539/2614/3622 2537/1997/3622 2089/2601/3622
f 1640/5859/4428 4486/4882/4428 4484/4124/4426
f 1642/5860/4429 4489/1053/4431 4486/4882/4428
f 1644/5861/4430 4490/1778/4430 4489/1053/4431
f 1646/5862/4432 4492/2441/4432 4490/1778/4430
f 1648/5863/4433 4494/3044/4433 4492/2441/4432
f 1650/5864/4434 4496/3043/4434 4494/3044/4433
f 1651/5865/4435 4498/3600/4435 4496/3043/4434
f 1654/5866/4436 4500/4100/4436 4498/3600/4435
f 1656/5867/4437 4502/4886/4437 4500/4100/4436
f 1658/5868/4438 4505/1059/4438 4502/4886/4437
f 1660/5869/4439 4506/1783/4439 4505/1059/4438
f 1662/5870/4440 4508/1782/4440 4506/1783/4439
f 1664/5871/4441 4510/2445/4441 4508/1782/4440
f 1666/5872/4442 4512/3598/4442 4510/2445/4441
f 1667/5873/4443 4514/4098/4443 4512/3598/4442
f 1670/5874/4444 4516/4633/4444 4514/4098/4443
f 1672/5875/4445 4518/4632/4445 4516/4633/4444
f 1674/5876/4446 4521/1050/4446 4518/4632/4445
f 1676/5877/4447 4522/1777/4447 4521/1050/4446
f 1678/5878/4448 4524/1776/4448 4522/1777/4447
f 1680/5879/4449 4526/2437/4449 4524/1776/4448
f 1682/5880/4450 4528/3039/4450 4526/2437/4449
f 1683/5881/4451 4530/4092/4451 4528/3039/4450
f 1686/5882/4452 4532/4622/4452 4530/4092/4451
f 1688/5883/4453 4534/4880/4453 4532/4622/4452
f 1690/5884/4454 4537/1041/4454 4534/4880/4453
f 1692/5885/4455 4538/1771/4455 4537/1041/4454
f 1694/5886/4456 4540/1770/4456 4538/1771/4455
f 1696/5887/4457 4542/2431/4457 4540/1770/4456
f 1698/5888/4458 4544/3587/4458 4542/2431/4457
f 1699/5889/4459 4546/3586/4459 4544/3587/4458
f 1702/5890/4460 4548/4086/4460 4546/3586/4459
f 1704/5891/4461 4550/4615/4461 4548/4086/4460
f 1706/5892/4462 4553/1019/4462 4550/4615/4461
f 1708/5893/4463 4554/1017/4463 4553/1019/4462
f 1710/5894/4464 4556/2405/4464 4554/1017/4463
f 1712/5895/4465 4558/3008/4465 4556/2405/4464
f 1714/5896/4466 4560/3007/4466 4558/3008/4465
f 1715/5897/4467 4562/4058/4467 4560/3007/4466
f 1718/5898/4468 4564/4057/4468 4562/4058/4467
f 1720/5899/4469 4566/4860/4469 4564/4057/4468
f 1722/5900/4470 4569/975/4470 4566/4860/4469
f 1724/5901/4471 4570/1728/4471 4569/975/4470
f 1726/5902/4472 4572/2387/4472 4570/1728/4471
f 1728/5903/4473 4574/2986/4473 4572/2387/4472
f 1730/5904/4474 4576/5906/4474 4574/2986/4473
f 1731/5905/4475 4578/5908/4475 4576/5906/4474
f 1734/5907/4476 4580/5910/4476 4578/5908/4475
f 1736/5909/4477 4582/5912/4477 4580/5910/4476
f 1738/5911/4478 4585/5914/4478 4582/5912/4477
f 1740/5913/4479 4586/5916/4479 4585/5914/4478
f 1742/5915/4480 4588/5918/4480 4586/5916/4479
f 1744/5917/4481 4590/5920/4481 4588/5918/4480
f 1746/5919/4482 4592/5922/4482 4590/5920/4481
f 1747/5921/4483 4594/5924/4483 4592/5922/4482
f 1750/5923/4484 4596/5926/4484 4594/5924/4483
f 1752/5925/4485 4598/5928/4485 4596/5926/4484
f 1754/5927/4486 4601/5930/4486 4598/5928/4485
f 1756/5929/4487 4602/5932/4487 4601/5930/4486
f 1758/5931/4488 4604/5934/4488 4602/5932/4487
f 1760/5933/4489 4606/5936/4489 4604/5934/4488
f 1762/5935/4490 4608/5938/4490 4606/5936/4489
f 1763/5937/4491 4610/5940/4491 4608/5938/4490
f 1766/5939/4492 4612/5942/4492 4610/5940/4491
f 1768/5941/4493 4614/5944/4493 4612/5942/4492
f 1770/5943/4494 4617/5946/4494 4614/5944/4493
f 1772/5945/4495 4618/5948/4495 4617/5946/4494
f 1774/5947/4496 4620/5950/4496 4618/5948/4495
f 1776/5949/4497 4622/5952/4497 4620/5950/4496
f 1778/5951/4498 4624/5954/4498 4622/5952/4497
f 1779/5953/4499 4626/5956/4499 4624/5954/4498
f 1782/5955/4500 4628/5958/4500 4626/5956/4499
f 1784/5957/4501 4630/5960/4501 4628/5958/4500
f 1786/5959/4502 4633/5962/4502 4630/5960/4501
f 1788/5961/4503 4634/5964/4503 4633/5962/4502
f 1790/5963/4272 4636/5966/4272 4634/5964/4503
f 1792/5965/4504 4638/5968/4504 4636/5966/4272
f 1794/5967/4505 4640/5970/4505 4638/5968/4504
f 1795/5969/4506 4642/5972/4506 4640/5970/4505
f 1798/5971/4507 4644/5974/4507 4642/5972/4506
f 1800/5973/4508 4646/5976/4508 4644/5974/4507
f 1802/5975/4509 4649/5978/4509 4646/5976/4508
f 1804/5977/4510 4650/5980/4510 4649/5978/4509
f 1806/5979/4511 4652/5982/4511 4650/5980/4510
f 1808/5981/4512 4654/5984/4512 4652/5982/4511
f 1810/5983/4513 4656/5986/4513 4654/5984/4512
f 1811/5985/4514 4658/5988/4514 4656/5986/4513
f 1814/5987/4515 4660/5990/4515 4658/5988/4514
f 1816/5989/4516 4662/5992/4516 4660/5990/4515
f 1818/5991/4517 4665/5994/4517 4662/5992/4516
f 1820/5993/4518 4666/5996/4518 4665/5994/4517
f 1822/5995/4384 4668/5998/4384 4666/5996/4518
f 1824/5997/4519 4670/6000/4519 4668/5998/4384
f 1826/5999/4520 4672/6002/4520 4670/6000/4519
f 1827/6001/4521 4674/6004/4521 4672/6002/4520
f 1830/6003/4522 4676/6006/4522 4674/6004/4521
f 1832/6005/4523 4678/6008/4523 4676/6006/4522
f 1834/6007/4524 4681/6010/4524 4678/6008/4523
f 1836/6009/4525 4682/6012/4525 4681/6010/4524
f 1838/6011/4526 4684/6014/4526 4682/6012/4525
f 1840/6013/4527 4686/6016/4527 4684/6014/4526
f 1842/6015/4528 4688/6018/4528 4686/6016/4527
f 1843/6017/4529 4690/6020/4529 4688/6018/4528
f 1846/6019/4530 4692/6022/4532 4690/6020/4529
f 1848/6021/4531 4694/6024/4531 4692/6022/4532
f 1850/6023/4533 4697/6026/4533 4694/6024/4531
f 1852/6025/4534 4698/6028/4534 4697/6026/4533
f 1854/6027/4535 4700/6030/4535 4698/6028/4534
f 1856/6029/4536 4702/6032/4536 4700/6030/4535
f 1858/6031/4537 4704/6034/4537 4702/6032/4536
f 1859/6033/4538 4706/6036/4538 4704/6034/4537
f 1862/6035/4539 4708/6038/4539 4706/6036/4538
f 1864/6037/4540 4710/6040/4542 4708/6038/4539
f 1866/6039/4541 4713/6042/4541 4710/6040/4542
f 1868/6041/4543 4714/6044/4545 4713/6042/4541
f 1870/6043/4544 4716/6046/4544 4714/6044/4545
f 1872/6045/4546 4718/6048/4546 4716/6046/4544
f 1874/6047/4547 4720/6050/4547 4718/6048/4546
f 1875/6049/4548 4722/6052/4548 4720/6050/4547
f 1878/6051/4549 4724/6054/4549 4722/6052/4548
f 1880/6053/4550 4726/6056/4550 4724/6054/4549
f 1882/6055/4551 4729/6058/4551 4726/6056/4550
f 1884/6057/4552 4730/6060/4552 4729/6058/4551
f 1886/6059/4553 4732/6062/4553 4730/6060/4552
f 1888/6061/4260 4734/6064/4260 4732/6062/4553
f 1890/6063/4554 4736/6066/4554 4734/6064/4260
f 1891/6065/4555 4738/6068/4555 4736/6066/4554
f 1894/6067/4556 4740/6070/4558 4738/6068/4555
f 1896/6069/4557 4742/6072/4557 4740/6070/4558
f 1898/6071/4559 4745/969/4559 4742/6072/4557
f 1900/6073/4560 4746/1726/4560 4745/969/4559
f 1902/6074/4561 4748/2394/4561 4746/1726/4560
f 1904/6075/4562 4750/2393/4562 4748/2394/4561
f 1906/6076/4563 4752/2995/4563 4750/2393/4562
f 1907/6077/4564 4754/4056/4564 4752/2995/4563
f 1910/6078/4565 4756/4055/4565 4754/4056/4564
f 1912/6079/4566 4758/4589/4566 4756/4055/4565
f 1914/6080/4567 4761/1004/4567 4758/4589/4566
f 1916/6081/4568 4762/1002/4568 4761/1004/4567
f 1918/6082/4569 4764/1752/4569 4762/1002/4568
f 1920/6083/4570 4766/2417/4572 4764/1752/4569
f 1922/6084/4571 4768/3021/4571 4766/2417/4572
f 1923/6085/4573 4770/3575/4573 4768/3021/4571
f 1926/6086/4574 4772/4074/4574 4770/3575/4573
f 1928/6087/4575 4774/4605/4575 4772/4074/4574
f 1930/6088/4576 4777/1028/4576 4774/4605/4575
f 1932/6089/4577 4778/1026/4579 4777/1028/4576
f 1934/6090/4578 4780/1762/4578 4778/1026/4579
f 1936/6091/4580 4782/2425/4580 4780/1762/4578
f 1938/6092/4581 4784/3579/4583 4782/2425/4580
f 1939/5699/4582 4786/4080/4585 4784/3579/4583
f 1942/6093/4584 4788/4611/4587 4786/4080/4585
f 1944/6094/4586 4790/4874/4586 4788/4611/4587
f 1946/6095/4588 4793/1023/4588 4790/4874/4586
f 1948/6096/4589 4794/1760/4589 4793/1023/4588
f 1950/6097/4590 4796/2423/4590 4794/1760/4589
f 1952/6098/4591 4798/3025/4591 4796/2423/4590
f 1954/6099/4592 4800/3573/4592 4798/3025/4591
f 1955/6100/4593 4802/4070/4593 4800/3573/4592
f 1958/6101/4594 4804/4601/4594 4802/4070/4593
f 1960/6102/4595 4806/4868/4595 4804/4601/4594
f 1962/6103/4596 4809/996/4596 4806/4868/4595
f 1964/6104/4597 4810/1740/4597 4809/996/4596
f 1966/6105/4598 4812/2399/4598 4810/1740/4597
f 1968/6106/4599 4814/3001/4599 4812/2399/4598
f 1970/6107/4600 4816/3550/4600 4814/3001/4599
f 1971/6108/4601 4818/4049/4601 4816/3550/4600
f 1974/6109/4602 4820/4575/4602 4818/4049/4601
f 1976/6110/4603 4822/6112/4603 4820/4575/4602
f 1978/6111/4604 4825/6114/4604 4822/6112/4603
f 1980/6113/4605 4826/6116/4605 4825/6114/4604
f 1982/6115/4606 4828/6118/4606 4826/6116/4605
f 1984/6117/4607 4830/6120/4607 4828/6118/4606
f 1986/6119/4608 4832/6122/4608 4830/6120/4607
f 1987/6121/4609 4834/6124/4609 4832/6122/4608
f 1990/6123/4610 4836/6126/4610 4834/6124/4609
f 1992/6125/4611 4838/6128/4611 4836/6126/4610
f 1994/6127/4612 4841/6130/4612 4838/6128/4611
f 1996/6129/4613 4842/6132/4613 4841/6130/4612
f 1998/6131/4614 4844/6134/4614 4842/6132/4613
f 2000/6133/4615 4846/6136/4615 4844/6134/4614
f 2002/6135/4616 4848/6138/4616 4846/6136/4615
f 2003/6137/4617 4850/6140/4617 4848/6138/4616
f 2006/6139/4618 4852/6142/4618 4850/6140/4617
f 2008/6141/4619 4854/6144/4619 4852/6142/4618
f 2010/6143/4143 4857/6146/4143 4854/6144/4619
f 2012/6145/4503 4858/6148/4503 4857/6146/4143
f 2014/6147/4620 4860/6150/4620 4858/6148/4503
f 2016/6149/4621 4862/6152/4621 4860/6150/4620
f 2018/6151/4622 4864/6154/4622 4862/6152/4621
f 2019/6153/4623 4866/6156/4623 4864/6154/4622
f 2022/6155/4624 4868/6158/4624 4866/6156/4623
f 2024/6157/4625 4870/6160/4625 4868/6158/4624
f 2026/6159/4626 4873/6162/4626 4870/6160/4625
f 2028/6161/4627 4874/6164/4627 4873/6162/4626
f 2030/6163/4628 4876/6166/4628 4874/6164/4627
f 2032/6165/4629 4878/6168/4629 4876/6166/4628
f 2034/6167/4630 4880/6170/4630 4878/6168/4629
f 2035/6169/4631 4882/6172/4631 4880/6170/4630
f 2038/6171/4632 4884/6174/4632 4882/6172/4631
f 2040/6173/4633 4886/6176/4633 4884/6174/4632
f 2042/6175/4634 4889/6178/4634 4886/6176/4633
f 2044/6177/4635 4890/6180/4635 4889/6178/4634
f 2046/6179/4636 4892/6182/4636 4890/6180/4635
f 2048/6181/4637 4894/6184/4637 4892/6182/4636
f 2050/6183/4638 4896/6186/4638 4894/6184/4637
f 2051/6185/4639 4898/6188/4641 4896/6186/4638
f 2054/6187/4640 4900/6190/4640 4898/6188/4641
f 2056/6189/4642 4902/6192/4643 4900/6190/4640
f 2058/6191/3838 4905/6194/3838 4902/6192/4643
f 2060/6193/4176 4906/6196/4176 4905/6194/3838
f 2062/6195/4644 4908/6198/4644 4906/6196/4176
f 2064/6197/4645 4910/6200/4645 4908/6198/4644
f 2066/6199/4646 4912/6202/4646 4910/6200/4645
f 2067/6201/4647 4914/6204/4647 4912/6202/4646
f 2070/6203/4648 4916/6206/4648 4914/6204/4647
f 2072/6205/4649 4918/6208/4651 4916/6206/4648
f 2074/6207/4650 4921/6210/4650 4918/6208/4651
f 2076/6209/4652 4922/6212/4652 4921/6210/4650
f 2078/6211/4653 4924/6214/4653 4922/6212/4652
f 2080/6213/4654 4926/6216/4656 4924/6214/4653
f 2082/6215/4655 4928/6218/4655 4926/6216/4656
f 2083/6217/4657 4930/6220/4657 4928/6218/4655
f 2086/6219/4658 4932/6222/4658 4930/6220/4657
f 2088/6221/4659 4934/6224/4659 4932/6222/4658
f 2090/6223/4660 4937/6226/4662 4934/6224/4659
f 2092/6225/4661 4938/6228/4661 4937/6226/4662
f 2094/6227/4663 4940/6230/4663 4938/6228/4661
f 2096/6229/4664 4942/6232/4664 4940/6230/4663
f 2098/6231/4665 4944/6234/4667 4942/6232/4664
f 2099/6233/4666 4946/6236/4666 4944/6234/4667
f 2102/6235/4668 4948/6238/4668 4946/6236/4666
f 2104/6237/4669 4950/6240/4671 4948/6238/4668
f 2106/6239/4670 4953/6242/4670 4950/6240/4671
f 2108/6241/4672 4954/6244/4674 4953/6242/4670
f 2110/6243/4673 4956/6246/4673 4954/6244/4674
f 2112/6245/4675 4958/6248/4675 4956/6246/4673
f 2114/6247/4676 4960/6250/4676 4958/6248/4675
f 2115/6249/4677 4962/6252/4677 4960/6250/4676
f 2118/6251/4678 4964/6254/4678 4962/6252/4677
f 2120/6253/4679 4966/6256/4679 4964/6254/4678
f 2122/6255/4680 4969/6258/4680 4966/6256/4679
f 2124/6257/4681 4970/6260/4683 4969/6258/4680
f 2126/6259/4682 4972/6262/4685 4970/6260/4683
f 2128/6261/4684 4974/6264/4684 4972/6262/4685
f 2130/6263/4686 4976/6266/4686 4974/6264/4684
f 2131/6265/4687 4978/6268/4687 4976/6266/4686
f 2134/6267/4688 4980/6270/4688 4978/6268/4687
f 2136/6269/4689 4982/6272/4689 4980/6270/4688
f 2138/6271/4690 4985/6274/4690 4982/6272/4689
f 2140/6273/4691 4986/6276/4691 4985/6274/4690
f 2142/6275/4692 4988/6278/4692 4986/6276/4691
f 2144/6277/4693 4990/6280/4693 4988/6278/4692
f 2146/6279/4694 4992/6282/4694 4990/6280/4693
f 2147/6281/4695 4994/6284/4695 4992/6282/4694
f 2150/6283/4696 4996/6286/4696 4994/6284/4695
f 2152/6285/4697 4998/6288/4697 4996/6286/4696
f 2154/6287/4698 5001/6290/4698 4998/6288/4697
f 2156/6289/4699 5002/6292/4701 5001/6290/4698
f 2158/6291/4700 5004/6294/4703 5002/6292/4701
f 2160/6293/4702 5006/6296/4702 5004/6294/4703
f 2162/6295/4704 5008/6298/4704 5006/6296/4702
f 2163/6297/4705 5010/6300/4705 5008/6298/4704
f 2166/6299/4706 5012/6302/4706 5010/6300/4705
f 2168/6301/4707 5014/6304/4707 5012/6302/4706
f 2170/6303/4708 5017/6306/4708 5014/6304/4707
f 2172/6305/4709 5018/6308/4709 5017/6306/4708
f 2174/6307/4710 5020/6310/4710 5018/6308/4709
f 2176/6309/4711 5022/6312/4713 5020/6310/4710
f 2178/6311/4712 5024/6314/4715 5022/6312/4713
f 2179/6313/4714 5026/6316/4717 5024/6314/4715
f 2182/6315/4716 5028/6318/4719 5026/6316/4717
f 2184/6317/4718 5030/6320/4718 5028/6318/4719
f 2186/6319/4720 5033/6322/4720 5030/6320/4718
f 2188/6321/4721 5034/6324/4721 5033/6322/4720
f 2190/6323/4722 5036/6325/4722 5034/6324/4721
f 2191/4898/4723 5038/40/4723 5036/6325/4722
f 2195/6326/4724 5041/6329/4724 5039/41/4725
f 2196/6328/4726 5043/6331/4726 5041/6329/4724
f 2199/6330/4727 5045/6333/4729 5043/6331/4726
f 2201/6332/4728 5047/6335/4731 5045/6333/4729
f 2203/6334/4730 5050/6337/4730 5047/6335/4731
f 2205/6336/4732 5051/6339/4732 5050/6337/4730
f 2207/6338/4733 5053/6341/4735 5051/6339/4732
f 2209/6340/4734 5055/6343/4505 5053/6341/4735
f 2211/6342/4736 5057/6345/4736 5055/6343/4505
f 2212/6344/4737 5059/6347/4737 5057/6345/4736
f 2215/6346/4738 5061/6349/4740 5059/6347/4737
f 2217/6348/4739 5063/6351/4742 5061/6349/4740
f 2219/6350/4741 5066/6353/4744 5063/6351/4742
f 2221/6352/4743 5067/6355/4746 5066/6353/4744
f 2223/6354/4745 5069/6357/4748 5067/6355/4746
f 2225/6356/4747 5071/6359/4750 5069/6357/4748
f 2227/6358/4749 5073/6361/4752 5071/6359/4750
f 2228/6360/4751 5075/6363/4754 5073/6361/4752
f 2231/6362/4753 5077/6365/4753 5075/6363/4754
f 2233/6364/4755 5079/6367/4755 5077/6365/4753
f 2235/6366/4756 5082/6369/4758 5079/6367/4755
f 2237/6368/4757 5083/6371/4760 5082/6369/4758
f 2239/6370/4759 5085/6373/4759 5083/6371/4760
f 2241/6372/4761 5087/6374/4761 5085/6373/4759
f 2243/1447/4762 5089/4645/4762 5087/6374/4761
f 2244/6375/4763 5091/6377/4763 5089/4645/4762
f 2247/6376/4764 5093/6379/4765 5091/6377/4763
f 2249/6378/4273 5095/6381/4767 5093/6379/4765
f 2251/6380/4766 5098/6383/4766 5095/6381/4767
f 2253/6382/4622 5099/6385/4622 5098/6383/4766
f 2255/6384/4768 5101/6387/4768 5099/6385/4622
f 2257/6386/4769 5103/6389/4771 5101/6387/4768
f 2259/6388/4770 5105/6391/4770 5103/6389/4771
f 2260/6390/4772 5107/6393/4772 5105/6391/4770
f 2263/6392/4773 5109/6395/4775 5107/6393/4772
f 2265/6394/4774 5111/6397/4777 5109/6395/4775
f 2267/6396/4776 5114/6399/4779 5111/6397/4777
f 2269/6398/4778 5115/6401/4778 5114/6399/4779
f 2271/6400/4780 5117/6403/4782 5115/6401/4778
f 2273/6402/4781 5119/6405/4781 5117/6403/4782
f 2275/6404/4783 5121/6407/4783 5119/6405/4781
f 2276/6406/4784 5123/6409/4784 5121/6407/4783
f 2279/6408/4785 5125/6411/4785 5123/6409/4784
f 2281/6410/4786 5127/6413/4786 5125/6411/4785
f 2283/6412/4787 5130/6415/4787 5127/6413/4786
f 2285/6414/4788 5131/6417/4788 5130/6415/4787
f 2287/6416/4789 5133/6419/4789 5131/6417/4788
f 2289/6418/4790 5135/6421/4790 5133/6419/4789
f 2291/6420/4791 5137/6423/4791 5135/6421/4790
f 2292/6422/4792 5139/6425/4792 5137/6423/4791
f 2295/6424/4793 5141/6427/4793 5139/6425/4792
f 2297/6426/4794 5143/6429/4794 5141/6427/4793
f 2299/6428/4795 5146/6431/4795 5143/6429/4794
f 2301/6430/4159 5147/6433/4159 5146/6431/4795
f 2303/6432/4796 5149/6435/4796 5147/6433/4159
f 2305/6434/4797 5151/6437/4797 5149/6435/4796
f 2307/6436/4798 5153/6439/4798 5151/6437/4797
f 2308/6438/4799 5155/6441/4799 5153/6439/4798
f 2311/6440/4800 5157/6443/4800 5155/6441/4799
f 2313/6442/4801 5159/6445/4801 5157/6443/4800
f 2315/6444/4802 5162/6447/4802 5159/6445/4801
f 2317/6446/4236 5163/6449/4236 5162/6447/4802
f 2319/6448/3843 5165/6451/3843 5163/6449/4236
f 2321/6450/4803 5167/6453/4803 5165/6451/3843
f 2323/6452/4804 5169/6455/4804 5167/6453/4803
f 2324/6454/4805 5171/6457/4805 5169/6455/4804
f 2327/6456/4806 5173/6459/4806 5171/6457/4805
f 2329/6458/4807 5175/6461/4807 5173/6459/4806
f 2331/6460/4808 5178/6463/4808 5175/6461/4807
f 2333/6462/4809 5179/6465/4809 5178/6463/4808
f 2335/6464/4810 5181/6467/4810 5179/6465/4809
f 2337/6466/4811 5183/6469/4811 5181/6467/4810
f 2339/6468/4812 5185/6471/4812 5183/6469/4811
f 2340/6470/4813 5187/6473/4813 5185/6471/4812
f 2343/6472/4814 5189/6475/4814 5187/6473/4813
f 2345/6474/4815 5191/6477/4815 5189/6475/4814
f 2347/6476/4816 5194/6479/4816 5191/6477/4815
f 2349/6478/4817 5195/6481/4817 5194/6479/4816
f 2351/6480/4818 5197/6483/4818 5195/6481/4817
f 2353/6482/4819 5199/2990/4819 5197/6483/4818
f 2355/6484/4820 5201/2988/4820 5199/2990/4819
f 2356/6485/4821 5203/3548/4821 5201/2988/4820
f 2359/6486/4822 5205/4578/4822 5203/3548/4821
f 2361/6487/4823 5207/4577/4823 5205/4578/4822
f 2363/6488/4824 5210/980/4824 5207/4577/4823
f 2365/6489/4825 5211/978/4825 5210/980/4824
f 2367/6490/4826 5213/1734/4826 5211/978/4825
f 2369/6491/4827 5215/3000/4827 5213/1734/4826
f 2371/6492/4828 5217/2999/4828 5215/3000/4827
f 2372/6493/4829 5219/4054/4831 5217/2999/4828
f 2375/6494/4830 5221/4053/4830 5219/4054/4831
f 2377/6495/4832 5223/4863/4832 5221/4053/4830
f 2379/6496/4833 5226/990/4833 5223/4863/4832
f 2381/6497/4834 5227/1739/4834 5226/990/4833
f 2383/6498/4835 5229/1738/4835 5227/1739/4834
f 2385/6499/4836 5231/3004/4836 5229/1738/4835
f 2387/6500/4837 5233/3003/4837 5231/3004/4836
f 2388/6501/4838 5235/4064/4838 5233/3003/4837
f 2391/6502/4839 5237/4595/4839 5235/4064/4838
f 2393/6503/4840 5239/4867/4840 5237/4595/4839
f 2395/6504/4841 5242/999/4841 5239/4867/4840
f 2397/6505/4842 5243/1751/4842 5242/999/4841
f 2399/6506/4843 5245/1750/4843 5243/1751/4842
f 2401/6507/4844 5247/3017/4844 5245/1750/4843
f 2403/6508/4845 5249/3572/4845 5247/3017/4844
f 2404/6509/4846 5251/3571/4846 5249/3572/4845
f 2407/6510/4847 5253/4600/4847 5251/3571/4846
f 2409/6511/4848 5255/4599/4848 5253/4600/4847
f 2411/6512/4849 5258/1010/4849 5255/4599/4848
f 2413/6513/4850 5259/1008/4850 5258/1010/4849
f 2415/6514/4851 5261/2407/4851 5259/1008/4850
f 2417/6515/4852 5263/3006/4852 5261/2407/4851
f 2419/6516/4853 5265/3005/4853 5263/3006/4852
f 2421/20/3617 5267/43/3619 5265/3005/4853
f 2424/6517/4854 5270/4594/4857 5268/44/3618
f 2426/6518/4856 5272/4593/4856 5270/4594/4857
f 2428/6519/4858 5275/993/4858 5272/4593/4856
f 2430/6520/4859 5276/1743/4859 5275/993/4858
f 2432/6521/4860 5278/1742/4862 5276/1743/4859
f 2434/6522/4861 5280/3014/4861 5278/1742/4862
f 2436/6523/4863 5282/3013/4863 5280/3014/4861
f 2437/6524/4864 5284/3567/4864 5282/3013/4863
f 2440/6525/4865 5286/4066/4865 5284/3567/4864
f 2442/6526/4866 5288/4870/4866 5286/4066/4865
f 2444/6527/4867 5291/1011/4867 5288/4870/4866
f 2446/6528/4868 5292/1756/4868 5291/1011/4867
f 2448/6529/4869 5294/2422/4869 5292/1756/4868
f 2450/6530/4870 5296/2421/4872 5294/2422/4869
f 2452/6531/4871 5298/3023/4871 5296/2421/4872
f 2453/6532/4873 5300/4077/4873 5298/3023/4871
f 2456/6533/4874 5302/4076/4874 5300/4077/4873
f 2458/6534/4875 5304/4876/4877 5302/4076/4874
f 2460/6535/4876 5307/1029/4876 5304/4876/4877
f 2462/6536/4878 5308/1765/4878 5307/1029/4876
f 2464/6537/4879 5310/1764/4879 5308/1765/4878
f 2466/6538/4880 5312/2427/4880 5310/1764/4879
f 2468/6539/4881 5314/3582/4881 5312/2427/4880
f 2469/6540/4882 5316/4082/4882 5314/3582/4881
f 2472/6541/4883 5318/4607/4883 5316/4082/4882
f 2474/6542/4884 5320/4872/4884 5318/4607/4883
f 2476/6543/4885 5323/1022/4885 5320/4872/4884
f 2478/6544/4886 5324/1020/4886 5323/1022/4885
f 2480/6545/4887 5326/1758/4887 5324/1020/4886
f 2482/6546/4888 5328/2415/4888 5326/1758/4887
f 2484/6547/4889 5330/3015/4889 5328/2415/4888
f 2485/6548/4890 5332/3563/4890 5330/3015/4889
f 2488/6549/4891 5334/4584/4891 5332/3563/4890
f 2490/6550/4892 5336/4583/4892 5334/4584/4891
f 2492/6551/4893 5339/984/4893 5336/4583/4892
f 2494/6552/4894 5340/1733/4894 5339/984/4893
f 2496/6553/4895 5342/1732/4895 5340/1733/4894
f 2498/6554/4896 5344/2992/4896 5342/1732/4895
f 2500/6555/4897 5346/2991/4897 5344/2992/4896
f 2501/6556/4898 5348/3542/4898 5346/2991/4897
f 2504/6557/4899 5350/6559/4899 5348/3542/4898
f 2506/6558/4900 5352/6561/4900 5350/6559/4899
f 2508/6560/4901 5355/6563/4901 5352/6561/4900
f 2510/6562/4902 5356/6565/4902 5355/6563/4901
f 2512/6564/4903 5358/6567/4903 5356/6565/4902
f 2514/6566/4904 5360/6569/4904 5358/6567/4903
f 2516/6568/4905 5362/6571/4905 5360/6569/4904
f 2517/6570/4906 5364/6573/4906 5362/6571/4905
f 2520/6572/4907 5366/6575/4907 5364/6573/4906
f 2522/6574/4908 5368/6577/4908 5366/6575/4907
f 2524/6576/4909 5371/6579/4909 5368/6577/4908
f 2526/6578/4910 5372/6581/4910 5371/6579/4909
f 2528/6580/4911 5374/6583/4911 5372/6581/4910
f 2530/6582/4912 5376/6585/4912 5374/6583/4911
f 2532/6584/4913 5378/6587/4913 5376/6585/4912
f 2533/6586/4914 5380/6589/4914 5378/6587/4913
f 2536/6588/4915 5382/6591/4915 5380/6589/4914
f 2538/6590/4916 5384/6593/4916 5382/6591/4915
f 2540/6592/4917 5387/6595/4917 5384/6593/4916
f 2542/6594/4918 5388/6597/4918 5387/6595/4917
f 2544/6596/4919 5390/6598/4919 5388/6597/4918
f 2546/5789/4920 5392/5792/4922 5390/6598/4919
f 2548/6599/4921 5394/6601/4921 5392/5792/4922
f 2549/6600/4923 5396/6603/4923 5394/6601/4921
f 2552/6602/4924 5398/6605/4924 5396/6603/4923
f 2554/6604/4925 5400/6607/4925 5398/6605/4924
f 2556/6606/4926 5403/6609/4926 5400/6607/4925
f 2558/6608/4927 5404/6611/4927 5403/6609/4926
f 2560/6610/4928 5406/6613/4928 5404/6611/4927
f 2562/6612/4929 5408/6615/4929 5406/6613/4928
f 2564/6614/4930 5410/6617/4930 5408/6615/4929
f 2565/6616/4931 5412/6619/4931 5410/6617/4930
f 2568/6618/4932 5414/6620/4932 5412/6619/4931
f 2569/4899/3608 5416/46/3610 5414/6620/4932
f 2573/6621/4933 5420/6624/4933 5417/47/3609
f 2575/6623/4935 5421/6626/4935 5420/6624/4933
f 2577/6625/4936 5423/6628/4936 5421/6626/4935
f 2579/6627/4937 5425/6630/4937 5423/6628/4936
f 2581/6629/4938 5427/6632/4940 5425/6630/4937
f 2582/6631/4939 5429/6634/4942 5427/6632/4940
f 2585/6633/4941 5431/6636/4941 5429/6634/4942
f 2587/6635/4943 5433/6638/4943 5431/6636/4941
f 2589/6637/4944 5436/972/4944 5433/6638/4943
f 2591/6639/4945 5437/1724/4945 5436/972/4944
f 2593/6640/4946 5439/2395/4946 5437/1724/4945
f 2595/6641/4947 5441/2998/4947 5439/2395/4946
f 2597/6642/4948 5443/2997/4950 5441/2998/4947
f 2598/6643/4949 5445/4051/4949 5443/2997/4950
f 2601/6644/4951 5447/4592/4951 5445/4051/4949
f 2603/6645/4952 5449/4591/4952 5447/4592/4951
f 2605/6646/4953 5452/1005/4953 5449/4591/4952
f 2607/6647/4954 5453/1749/4954 5452/1005/4953
f 2609/6648/4955 5455/1748/4955 5453/1749/4954
f 2611/6649/4956 5457/3020/4956 5455/1748/4955
f 2613/6650/4957 5459/3019/4957 5457/3020/4956
f 2614/6651/4958 5461/4084/4958 5459/3019/4957
f 2617/6652/4959 5463/4617/4959 5461/4084/4958
f 2619/6653/4960 5465/4878/4960 5463/4617/4959
f 2621/6654/4961 5468/1032/4961 5465/4878/4960
f 2623/6655/4962 5469/1768/4962 5468/1032/4961
f 2625/6656/4963 5471/2434/4963 5469/1768/4962
f 2627/6657/4964 5473/2433/4964 5471/2434/4963
f 2629/6658/4965 5475/3589/4967 5473/2433/4964
f 2630/6659/4966 5477/3588/4969 5475/3589/4967
f 2633/6660/4968 5479/4627/4968 5477/3588/4969
f 2635/6661/4970 5481/4626/4970 5479/4627/4968
f 2637/6662/4971 5484/1046/4971 5481/4626/4970
f 2639/6663/4972 5485/1044/4972 5484/1046/4971
f 2641/6664/4973 5487/2440/4973 5485/1044/4972
f 2643/6665/4974 5489/2439/4974 5487/2440/4973
f 2645/6666/4975 5491/3595/4977 5489/2439/4974
f 2646/6667/4976 5493/3594/4976 5491/3595/4977
f 2649/6668/4978 5495/4631/4978 5493/3594/4976
f 2651/6669/4979 5497/4630/4981 5495/4631/4978
f 2653/6670/4980 5500/1058/4980 5497/4630/4981
f 2655/6671/4982 5501/1056/4984 5500/1058/4980
f 2657/6672/4983 5503/2447/4983 5501/1056/4984
f 2659/6673/4985 5505/3049/4985 5503/2447/4983
f 2661/6674/4986 5507/3603/4986 5505/3049/4985
f 2662/6675/4987 5509/3602/4987 5507/3603/4986
f 2665/6676/4988 5511/4637/4988 5509/3602/4987
f 2667/6677/4989 5513/4636/4989 5511/4637/4988
f 2669/6678/4990 5516/1067/4990 5513/4636/4989
f 2671/6679/4991 5517/1065/4991 5516/1067/4990
f 2673/6680/4992 5519/2449/4994 5517/1065/4991
f 2675/6681/4993 5521/3053/4996 5519/2449/4994
f 2677/6682/4995 5523/3606/4995 5521/3053/4996
f 2678/6683/4997 5525/4106/4997 5523/3606/4995
f 2681/6684/4998 5527/4641/4998 5525/4106/4997
f 2683/6685/4999 5529/4640/4999 5527/4641/4998
f 2685/6686/5000 5532/1068/5000 5529/4640/4999
f 2687/6687/5001 5533/1788/5001 5532/1068/5000
f 2689/6688/5002 5535/2451/5002 5533/1788/5001
f 2691/6689/4096 5537/3051/4096 5535/2451/5002
f 2693/6690/4335 5539/3605/5004 5537/3051/4096
f 2694/6691/5003 5541/3604/5003 5539/3605/5004
f 2697/6692/5005 5543/4104/5005 5541/3604/5003
f 2699/6693/5006 5545/4887/5006 5543/4104/5005
f 2701/6694/5007 5548/1064/5009 5545/4887/5006
f 2703/6695/5008 5549/1062/5008 5548/1064/5009
f 2705/6696/5010 5551/2443/5010 5549/1062/5008
f 2707/6697/5011 5553/3046/5011 5551/2443/5010
f 2709/6698/5012 5555/3045/5012 5553/3046/5011
f 2710/6699/5013 5557/4097/5013 5555/3045/5012
f 2713/6700/5014 5559/4096/5014 5557/4097/5013
f 2715/6701/5015 5561/4628/5015 5559/4096/5014
f 2717/6702/5016 5564/1047/5016 5561/4628/5015
f 2719/6703/5017 5565/1775/5017 5564/1047/5016
f 2721/6704/5018 5567/1774/5018 5565/1775/5017
f 2723/6705/4448 5569/2435/4448 5567/1774/5018
f 2725/6706/5019 5571/3037/5019 5569/2435/4448
f 2726/6707/5020 5573/4091/5020 5571/3037/5019
f 2729/6708/5021 5575/4090/5021 5573/4091/5020
f 2731/6709/5022 5577/4879/5022 5575/4090/5021
f 2733/6710/5023 5580/1038/5023 5577/4879/5022
f 2735/6711/5024 5581/1767/5024 5580/1038/5023
f 2737/6712/5025 5583/1766/5025 5581/1767/5024
f 2739/6713/5026 5585/3032/5026 5583/1766/5025
f 2741/6714/5027 5587/3031/5027 5585/3032/5026
f 2742/6715/5028 5589/3584/5028 5587/3031/5027
f 2745/6716/5029 5591/4078/5029 5589/3584/5028
f 2747/6717/5030 5593/4871/5030 5591/4078/5029
f 2749/6718/5031 5596/1014/5031 5593/4871/5030
f 2751/6719/5032 5597/1745/5032 5596/1014/5031
f 2753/6720/5033 5599/1744/5033 5597/1745/5032
f 2755/6721/5034 5601/2409/5036 5599/1744/5033
f 2757/6722/5035 5603/3011/5035 5601/2409/5036
f 2758/6723/5037 5605/4062/5037 5603/3011/5035
f 2761/6724/5038 5607/4061/5038 5605/4062/5037
f 2763/6725/5039 5609/4585/5039 5607/4061/5038
f 2765/6726/5040 5612/983/5040 5609/4585/5039
f 2767/6727/5041 5613/981/5041 5612/983/5040
f 2769/6728/5042 5615/1730/5042 5613/981/5041
f 2771/6729/5043 5617/2993/5043 5615/1730/5042
f 2773/6730/5044 5619/3545/5044 5617/2993/5043
f 2774/6731/5045 5621/3544/5045 5619/3545/5044
f 2777/6732/5046 5623/6734/5046 5621/3544/5045
f 2779/6733/5047 5625/6736/5047 5623/6734/5046
f 2781/6735/5048 5628/6738/5048 5625/6736/5047
f 2783/6737/5049 5629/6740/5049 5628/6738/5048
f 2785/6739/5050 5631/6742/5050 5629/6740/5049
f 2787/6741/5051 5633/6744/5051 5631/6742/5050
f 2789/6743/5052 5635/6746/5052 5633/6744/5051
f 2790/6745/5053 5637/6748/5053 5635/6746/5052
f 2793/6747/5054 5639/6750/5054 5637/6748/5053
f 2795/6749/5055 5641/6752/5055 5639/6750/5054
f 2797/6751/5056 5644/6754/5056 5641/6752/5055
f 2799/6753/5057 5645/6756/5057 5644/6754/5056
f 2801/6755/5058 5647/6758/5058 5645/6756/5057
f 2803/6757/5059 5649/6760/5059 5647/6758/5058
f 2805/6759/5060 5651/6762/5060 5649/6760/5059
f 2806/6761/5061 5653/6764/5061 5651/6762/5060
f 2809/6763/5062 5655/6766/5062 5653/6764/5061
f 2811/6765/5063 5657/6768/5063 5655/6766/5062
f 2813/6767/5064 5660/6770/5064 5657/6768/5063
f 2815/6769/5065 5661/6772/5065 5660/6770/5064
f 2817/6771/5066 5663/6774/5066 5661/6772/5065
f 2819/6773/5067 5665/2983/5067 5663/6774/5066
f 2821/6775/5068 5667/3546/5068 5665/2983/5067
f 2822/6776/5069 5669/4048/5069 5667/3546/5068
f 2825/6777/5070 5671/4047/5070 5669/4048/5069
f 2827/6778/5071 5673/4859/5071 5671/4047/5070
f 2829/6779/5072 5676/987/5072 5673/4859/5071
f 2831/6780/5073 5677/1736/5073 5676/987/5072
f 2833/6781/5074 5679/2401/5074 5677/1736/5073
f 2835/6782/5075 5681/3009/5075 5679/2401/5074
f 2837/6783/5076 5683/3569/5076 5681/3009/5075
f 2838/6784/5077 5685/4072/5077 5683/3569/5076
f 2841/6785/5078 5687/4613/5078 5685/4072/5077
f 2843/6786/5079 5689/4877/5079 5687/4613/5078
f 2845/6787/5080 5692/1035/5080 5689/4877/5079
f 2846/5858/4427 5693/4619/4427 5692/1035/5080
f 2963/6866/5081 2965/6867/5081 2966/6868/5081
f 2966/6868/5081 2969/6841/5086 2971/6790/5081
f 2971/6790/5081 2973/4905/5081 2978/6869/5081
f 2973/4905/5081 2975/6870/5081 2978/6869/5081
f 2975/6870/5081 2977/6871/5087 2978/6869/5081
f 2978/6869/5081 2848/4123/5081 2851/6872/5081
f 2851/6872/5081 2853/6873/5081 2917/6874/5081
f 2853/6873/5081 2854/6875/5081 2917/6874/5081
f 2851/6872/5081 2917/6874/5081 2918/6788/5081
f 2854/6875/5081 2857/6876/5081 2859/6877/5081
f 2859/6877/5081 2861/6878/5081 2863/6879/5081
f 2863/6879/5081 2865/6880/5081 2867/6881/5081
f 2867/6881/5081 2869/6882/5081 2870/6823/5081
f 2870/6823/5081 2873/6883/5081 2879/6884/5081
f 2873/6883/5081 2875/6885/5081 2879/6884/5081
f 2875/6885/5081 2877/6886/5081 2879/6884/5081
f 2879/6884/5081 2881/6887/5081 2886/6815/5081
f 2881/6887/5081 2883/6818/5081 2886/6815/5081
f 2883/6818/5081 2885/6817/5081 2886/6815/5081
f 2886/6815/5081 2889/6888/5081 2891/6889/5081
f 2891/6889/5081 2893/6890/5081 2886/6815/5081
f 2893/6890/5081 2895/6811/5081 2886/6815/5081
f 2895/6811/5081 2897/6891/5081 2899/6892/5081
f 2899/6892/5081 2901/6893/5081 2895/6811/5081
f 2901/6893/5081 2902/6894/5081 2895/6811/5081
f 2902/6894/5081 2905/6895/5081 2907/6896/5081
f 2907/6896/5081 2909/6897/5087 2911/6898/5081
f 2911/6898/5081 2913/6899/5081 2915/6900/5081
f 2915/6900/5081 2917/6874/5081 2854/6875/5081
f 2918/6788/5081 2921/6863/5081 2923/6901/5081
f 2923/6901/5081 2925/6902/5081 2927/6903/5081
f 2927/6903/5081 2929/6904/5081 2934/6789/5081
f 2929/6904/5081 2931/6905/5081 2934/6789/5081
f 2931/6905/5081 2933/6858/5081 2934/6789/5081
f 2934/6789/5081 2937/6906/5081 2939/6855/5081
f 2939/6855/5081 2941/6907/5081 2934/6789/5081
f 2941/6907/5081 2943/6908/5081 2934/6789/5081
f 2943/6908/5081 2945/6909/5081 2947/6910/5081
f 2947/6910/5081 2949/6911/5081 2950/6850/5081
f 2950/6850/5081 2953/6912/5081 2959/6913/5081
f 2953/6912/5081 2955/6848/5081 2959/6913/5081
f 2955/6848/5081 2957/6914/5081 2959/6913/5081
f 2959/6913/5081 2961/6915/5081 2963/6866/5081
f 2963/6866/5081 2966/6868/5081 2959/6913/5081
f 2966/6868/5081 2971/6790/5081 2959/6913/5081
f 2978/6869/5081 2851/6872/5081 2918/6788/5081
f 2854/6875/5081 2859/6877/5081 2870/6823/5081
f 2859/6877/5081 2863/6879/5081 2870/6823/5081
f 2863/6879/5081 2867/6881/5081 2870/6823/5081
f 2902/6894/5081 2907/6896/5081 2911/6898/5081
f 2911/6898/5081 2915/6900/5081 2854/6875/5081
f 2918/6788/5081 2923/6901/5081 2934/6789/5081
f 2923/6901/5081 2927/6903/5081 2934/6789/5081
f 2943/6908/5081 2947/6910/5081 2934/6789/5081
f 2947/6910/5081 2950/6850/5081 2934/6789/5081
f 2971/6790/5081 2978/6869/5081 2918/6788/5081
f 2870/6823/5081 2879/6884/5081 2886/6815/5081
f 2886/6815/5081 2895/6811/5081 2870/6823/5081
f 2895/6811/5081 2902/6894/5081 2870/6823/5081
f 2902/6894/5081 2911/6898/5081 2854/6875/5081
f 2950/6850/5081 2959/6913/5081 2934/6789/5081
f 2959/6913/5081 2971/6790/5081 2934/6789/5081
f 2854/6875/5081 2870/6823/5081 2902/6894/5081
f 3523/6916/5081 3525/6917/5081 3070/6918/5081
f 3525/6917/5081 3527/6919/5081 3068/3964/5081
f 3527/6919/5081 3529/6920/5081 3068/3964/5081
f 3529/6920/5081 3531/6921/5081 3068/3964/5081
f 3531/6921/5081 3533/6922/5081 3066/2865/5081
f 3533/6922/5081 3535/6923/5081 3066/2865/5081
f 3531/6921/5081 3066/2865/5081 3068/3964/5081
f 3535/6923/5081 3536/6924/5081 3064/2866/5081
f 3536/6924/5081 3539/6925/5081 3064/2866/5081
f 3535/6923/5081 3064/2866/5081 3066/2865/5081
f 3539/6925/5081 3541/6926/5081 3062/2259/5081
f 3541/6926/5081 3543/6927/5081 3062/2259/5081
f 3539/6925/5081 3062/2259/5081 3064/2866/5081
f 3543/6927/5081 3545/6928/5081 3060/6929/5081
f 3545/6928/5081 3547/6930/5081 3060/6929/5081
f 3543/6927/5081 3060/6929/5081 3062/2259/5081
f 3547/6930/5081 3549/6931/5081 3057/6932/5081
f 3549/6931/5081 3551/6933/5081 3057/6932/5081
f 3547/6930/5081 3057/6932/5081 3060/6929/5081
f 3551/6933/5081 3552/6934/5081 3056/6935/5081
f 3552/6934/5081 3555/6936/5081 3056/6935/5081
f 3551/6933/5081 3056/6935/5081 3057/6932/5081
f 3555/6936/5081 3557/6937/5081 3054/6938/5081
f 3557/6937/5081 3559/6939/5081 3054/6938/5081
f 3559/6939/5081 3561/6940/5081 3052/6941/5081
f 3561/6940/5081 3563/6942/5081 3052/6941/5081
f 3563/6942/5081 3565/6943/5081 3050/6944/5081
f 3565/6943/5081 3567/6945/5081 3050/6944/5081
f 3567/6945/5081 3568/6946/5081 3048/6947/5081
f 3568/6946/5081 3571/6948/5081 3048/6947/5081
f 3571/6948/5081 3573/6949/5081 3575/6950/5081
f 3575/6950/5081 3577/6951/5081 3041/6952/5081
f 3577/6951/5081 3579/6953/5081 3041/6952/5081
f 3575/6950/5081 3041/6952/5081 3044/6954/5081
f 3579/6953/5081 3581/6955/5081 3041/6952/5081
f 3581/6955/5081 3583/6956/5081 3028/6957/5081
f 3041/6952/5081 3581/6955/5081 3028/6957/5081
f 3583/6956/5081 3584/6958/5081 3028/6957/5081
f 3584/6958/5081 3587/6959/5081 3028/6957/5081
f 3587/6959/5081 3589/6960/5081 3028/6957/5081
f 3589/6960/5081 3591/6961/5081 3028/6957/5081
f 3591/6961/5081 3593/6962/5081 3028/6957/5081
f 3593/6962/5081 3595/6963/5081 3028/6957/5081
f 3595/6963/5081 3597/6964/5081 3028/6957/5081
f 3597/6964/5081 3599/6965/5081 3028/6957/5081
f 3599/6965/5081 3600/6966/5081 3028/6957/5081
f 3600/6966/5081 3603/6967/5081 3028/6957/5081
f 3603/6967/5081 3605/6968/5081 3028/6957/5081
f 3605/6968/5081 3607/6969/5086 3028/6957/5081
f 3607/6969/5086 3609/6970/5086 3028/6957/5081
f 3609/6970/5086 3611/6971/5086 3025/6972/5081
f 3028/6957/5081 3609/6970/5086 3025/6972/5081
f 3611/6971/5086 3613/6973/5086 3024/6974/5081
f 3613/6973/5086 3615/6975/5081 3024/6974/5081
f 3615/6975/5081 3616/6976/5081 3022/6977/5081
f 3616/6976/5081 3619/6978/5081 3022/6977/5081
f 3619/6978/5081 3621/3120/5081 3020/6979/5081
f 3621/3120/5081 3623/6980/5081 3020/6979/5081
f 3623/6980/5081 3625/6981/5081 3018/6982/5081
f 3625/6981/5081 3627/6983/5081 3018/6982/5081
f 3627/6983/5081 3629/6984/5081 3016/6985/5081
f 3629/6984/5081 3631/6986/5087 3016/6985/5081
f 3631/6986/5087 3632/6987/5087 3014/6988/5081
f 3632/6987/5087 3635/6989/5081 3014/6988/5081
f 3635/6989/5081 3637/6990/5081 3012/6991/5081
f 3637/6990/5081 3639/6992/5081 3009/6993/5081
f 3571/6948/5081 3046/6994/5081 3048/6947/5081
f 3639/6992/5081 3640/6995/5081 3008/6996/5081
f 3640/6995/5081 3643/6997/5081 3006/6998/5081
f 3643/6997/5081 3645/6999/5081 3004/7000/5081
f 3645/6999/5081 3647/7001/5081 3002/7002/5081
f 3647/7001/5081 3649/7003/5081 3000/7004/5081
f 3649/7003/5081 3650/7005/5081 2998/7006/5081
f 3650/7005/5081 3653/7007/5081 2996/7008/5081
f 3653/7007/5081 3655/7009/5081 2993/7010/5081
f 3611/6971/5086 3024/6974/5081 3025/6972/5081
f 3655/7009/5081 3657/7011/5081 2992/7012/5081
f 3657/7011/5081 3659/7013/5081 2990/7014/5081
f 3659/7013/5081 3660/7015/5081 2990/7014/5081
f 3660/7015/5081 3663/7016/5081 2988/7017/5081
f 3619/6978/5081 3020/6979/5081 3022/6977/5081
f 3666/7018/5081 3668/7019/5081 3670/7020/5081
f 3663/7016/5081 3666/7018/5081 2986/7021/5081
f 3615/6975/5081 3022/6977/5081 3024/6974/5081
f 3046/6994/5081 3571/6948/5081 3044/6954/5081
f 3044/6954/5081 3571/6948/5081 3575/6950/5081
f 3563/6942/5081 3050/6944/5081 3052/6941/5081
f 3525/6917/5081 3068/3964/5081 3070/6918/5081
f 3519/7022/5081 3520/7023/5081 3072/7024/5081
f 3520/7023/5081 3523/6916/5081 3070/6918/5081
f 3515/7025/5081 3517/7026/5081 3073/7027/5081
f 3517/7026/5081 3519/7022/5081 3072/7024/5081
f 3072/7024/5081 3520/7023/5081 3070/6918/5081
f 3511/7028/5081 3513/7029/5081 3076/7030/5081
f 3513/7029/5081 3515/7025/5081 3073/7027/5081
f 3073/7027/5081 3517/7026/5081 3072/7024/5081
f 3507/7031/5081 3509/7032/5081 3078/7033/5081
f 3509/7032/5081 3511/7028/5081 3076/7030/5081
f 3076/7030/5081 3513/7029/5081 3073/7027/5081
f 3503/7034/5081 3504/7035/5081 3080/7036/5081
f 3504/7035/5081 3507/7031/5081 3078/7033/5081
f 3078/7033/5081 3509/7032/5081 3076/7030/5081
f 3499/7037/5081 3501/7038/5081 3082/7039/5081
f 3501/7038/5081 3503/7034/5081 3082/7039/5081
f 3487/7040/5081 3088/6792/5081 3089/7041/5081
f 3495/7042/5081 3497/7043/5081 3084/277/5081
f 3497/7043/5081 3499/7037/5081 3084/277/5081
f 3092/7044/5081 3485/7045/5081 3089/7041/5081
f 3491/6793/5081 3493/7046/5081 3086/6791/5081
f 3493/7046/5081 3495/7042/5081 3086/6791/5081
f 3092/7044/5081 3481/7047/5081 3483/7048/5081
f 3487/7040/5081 3488/7049/5081 3088/6792/5081
f 3488/7049/5081 3491/6793/5081 3088/6792/5081
f 3479/7050/5081 3094/7051/5081 3477/7052/5081
f 3483/7048/5081 3485/7045/5081 3092/7044/5081
f 3485/7045/5081 3487/7040/5081 3089/7041/5081
f 3475/7053/5081 3096/7054/5081 3472/7055/5081
f 3479/7050/5081 3481/7047/5081 3094/7051/5081
f 3098/7056/5081 3472/7055/5081 3096/7054/5081
f 3475/7053/5081 3477/7052/5081 3096/7054/5081
f 3100/7057/5081 3469/7058/5081 3098/7056/5081
f 3471/7059/5081 3472/7055/5081 3098/7056/5081
f 3100/7057/5081 3465/7060/5081 3467/7061/5081
f 3467/7061/5081 3469/7058/5081 3100/7057/5081
f 3469/7058/5081 3471/7059/5081 3098/7056/5081
f 3102/7062/5081 3461/7063/5081 3463/7064/5081
f 3463/7064/5081 3465/7060/5081 3100/7057/5081
f 3459/7065/5081 3104/7066/5081 3456/7067/5081
f 3459/7065/5081 3461/7063/5081 3102/7062/5081
f 3455/7068/5081 3105/7069/5081 3453/7070/5081
f 3455/7068/5081 3456/7067/5081 3104/7066/5081
f 3451/7071/5081 3105/7069/5081 3108/7072/5081
f 3451/7071/5081 3453/7070/5081 3105/7069/5081
f 3447/7073/5081 3108/7072/5081 3110/7074/5081
f 3447/7073/5081 3449/7075/5081 3108/7072/5081
f 3449/7075/5081 3451/7071/5081 3108/7072/5081
f 3110/7074/5081 3445/7076/5081 3447/7073/5081
f 3443/7077/5081 3445/7076/5081 3110/7074/5081
f 3112/7078/5081 3440/7079/5081 3443/7077/5081
f 3439/7080/5081 3440/7079/5081 3112/7078/5081
f 3114/7081/5081 3437/7082/5081 3439/7080/5081
f 3435/7083/5081 3437/7082/5081 3114/7081/5081
f 3116/286/5081 3433/4258/5081 3435/7083/5081
f 3431/7084/5081 3433/4258/5081 3116/286/5081
f 3431/7084/5081 3118/7085/5081 3429/7086/5081
f 3427/7087/5081 3429/7086/5081 3118/7085/5081
f 3427/7087/5081 3120/7088/5081 3424/7089/5081
f 3423/7090/5081 3424/7089/5081 3120/7088/5081
f 3423/7090/5081 3121/7091/5081 3421/7092/5081
f 3419/7093/5081 3421/7092/5081 3121/7091/5081
f 3419/7093/5081 3124/7094/5081 3417/7095/5081
f 3415/7096/5081 3417/7095/5081 3124/7094/5081
f 3415/7096/5081 3124/7094/5081 3126/7097/5081
f 3411/7098/5081 3413/7099/5081 3126/7097/5081
f 3413/7099/5081 3415/7096/5081 3126/7097/5081
f 3411/7098/5081 3126/7097/5081 3128/7100/5081
f 3407/7101/5081 3408/7102/5081 3128/7100/5081
f 3408/7102/5081 3411/7098/5081 3128/7100/5081
f 3407/7101/5081 3128/7100/5081 3130/7103/5081
f 3403/7104/5081 3405/1282/5081 3130/7103/5081
f 3405/1282/5081 3407/7101/5081 3130/7103/5081
f 3399/7105/5081 3401/7106/5081 3132/7107/5081
f 3401/7106/5081 3403/7104/5081 3130/7103/5081
f 3395/7108/5081 3397/7109/5081 3134/7110/5081
f 3397/7109/5081 3399/7105/5081 3132/7107/5081
f 3391/7111/5081 3392/2585/5081 3136/7112/5081
f 3392/2585/5081 3395/7108/5081 3134/7110/5081
f 3387/7113/5081 3389/1277/5081 3137/7114/5081
f 3389/1277/5081 3391/7111/5081 3137/7114/5081
f 3136/7112/5081 3392/2585/5081 3134/7110/5081
f 3383/7115/5081 3385/7116/5081 3137/7114/5081
f 3385/7116/5081 3387/7113/5081 3137/7114/5081
f 3137/7114/5081 3391/7111/5081 3136/7112/5081
f 3379/7117/5081 3380/7118/5081 3142/7119/5081
f 3380/7118/5081 3383/7115/5081 3140/7120/5081
f 3375/7121/5081 3377/7122/5081 3144/7123/5081
f 3377/7122/5081 3379/7117/5081 3144/7123/5081
f 3370/7124/5081 3373/7125/5081 3150/7126/5081
f 3373/7125/5081 3375/7121/5081 3148/7127/5081
f 3370/7124/5081 3150/7126/5081 3153/7128/5081
f 3367/7129/5088 3369/7130/5081 3153/7128/5081
f 3369/7130/5081 3370/7124/5081 3153/7128/5081
f 3363/7131/5081 3365/7132/5086 3153/7128/5081
f 3365/7132/5086 3367/7129/5088 3153/7128/5081
f 3359/7133/5081 3360/7134/5081 3153/7128/5081
f 3360/7134/5081 3363/7131/5081 3153/7128/5081
f 3355/273/5081 3357/7135/5081 3175/7136/5081
f 3357/7135/5081 3359/7133/5081 3175/7136/5081
f 3351/7137/5081 3353/7138/5081 3183/7139/5081
f 3353/7138/5081 3355/273/5081 3183/7139/5081
f 3347/7140/5081 3349/7141/5081 3183/7139/5081
f 3349/7141/5081 3351/7137/5081 3183/7139/5081
f 3343/7142/5081 3344/7143/5081 3187/7144/5081
f 3344/7143/5081 3347/7140/5081 3187/7144/5081
f 3339/7145/5081 3341/7146/5081 3191/7147/5081
f 3341/7146/5081 3343/7142/5081 3191/7147/5081
f 3335/7148/5081 3337/7149/5081 3195/7150/5081
f 3337/7149/5081 3339/7145/5081 3195/7150/5081
f 3331/7151/5081 3333/3720/5081 3199/7152/5081
f 3333/3720/5081 3335/7148/5081 3199/7152/5081
f 3327/7153/5081 3328/7154/5081 3200/7155/5081
f 3328/7154/5081 3331/7151/5081 3199/7152/5081
f 3323/7156/5081 3325/7157/5081 3205/7158/5081
f 3325/7157/5081 3327/7153/5081 3203/7159/5081
f 3319/7160/5081 3321/7161/5081 3209/7162/5081
f 3321/7161/5081 3323/7156/5081 3207/7163/5081
f 3315/7164/5081 3317/7165/5081 3209/7162/5081
f 3317/7165/5081 3319/7160/5081 3209/7162/5081
f 3311/7166/5081 3312/7167/5081 3213/7168/5081
f 3312/7167/5081 3315/7164/5081 3213/7168/5081
f 3213/7168/5081 3315/7164/5081 3211/7169/5081
f 3307/7170/5081 3309/7171/5081 3229/7172/5081
f 3309/7171/5081 3311/7166/5081 3229/7172/5081
f 3307/7170/5081 3229/7172/5081 3305/7173/5081
f 3303/7174/5081 3305/7173/5081 3231/7175/5081
f 3231/7175/5081 3305/7173/5081 3229/7172/5081
f 3299/7176/5081 3301/3713/5081 3243/7177/5081
f 3301/3713/5081 3303/7174/5081 3232/7178/5081
f 3243/7177/5081 3301/3713/5081 3241/7179/5081
f 3295/7180/5081 3296/2551/5081 3243/7177/5081
f 3296/2551/5081 3299/7176/5081 3243/7177/5081
f 3291/7181/5081 3293/7182/5081 3295/7180/5081
f 3287/4212/5081 3289/7183/5081 3279/7184/5081
f 3289/7183/5081 3291/7181/5081 3243/7177/5081
f 3279/7184/5081 3289/7183/5081 3243/7177/5081
f 3283/7185/5081 3285/7186/5081 3287/4212/5081
f 3279/7184/5081 3280/1903/5081 3287/4212/5081
f 3280/1903/5081 3283/7185/5081 3287/4212/5081
f 3275/7187/5081 3277/7188/5081 3271/7189/5081
f 3277/7188/5081 3279/7184/5081 3271/7189/5081
f 3271/7189/5081 3273/7190/5081 3275/7187/5081
f 3267/7191/5081 3269/7192/5081 3271/7189/5081
f 3263/7193/5081 3264/7194/5081 3267/7191/5081
f 3259/7195/5081 3261/7196/5081 3263/7193/5081
f 3255/7197/5081 3257/7198/5081 3263/7193/5081
f 3257/7198/5081 3259/7195/5081 3263/7193/5081
f 3251/7199/5081 3253/7200/5081 3247/7201/5081
f 3253/7200/5081 3255/7197/5081 3247/7201/5081
f 3247/7201/5081 3248/7202/5081 3251/7199/5081
f 3243/7177/5081 3245/7203/5086 3247/7201/5081
f 3239/7204/5081 3241/7179/5081 3237/7205/5081
f 3235/7206/5081 3237/7205/5081 3301/3713/5081
f 3301/3713/5081 3237/7205/5081 3241/7179/5081
f 3231/7175/5081 3232/7178/5081 3303/7174/5081
f 3232/7178/5081 3235/7206/5081 3301/3713/5081
f 3227/7207/5081 3229/7172/5081 3311/7166/5081
f 3223/7208/5081 3225/7209/5081 3311/7166/5081
f 3225/7209/5081 3227/7207/5081 3311/7166/5081
f 3219/7210/5081 3221/7211/5081 3311/7166/5081
f 3221/7211/5081 3223/7208/5081 3311/7166/5081
f 3215/7212/5081 3216/7213/5081 3311/7166/5081
f 3216/7213/5081 3219/7210/5081 3311/7166/5081
f 3213/7168/5081 3215/7212/5081 3311/7166/5081
f 3207/7163/5081 3209/7162/5081 3321/7161/5081
f 3209/7162/5081 3211/7169/5081 3315/7164/5081
f 3203/7159/5081 3205/7158/5081 3325/7157/5081
f 3205/7158/5081 3207/7163/5081 3323/7156/5081
f 3199/7152/5081 3200/7155/5081 3328/7154/5081
f 3200/7155/5081 3203/7159/5081 3327/7153/5081
f 3195/7150/5081 3197/7214/5081 3335/7148/5081
f 3197/7214/5081 3199/7152/5081 3335/7148/5081
f 3191/7147/5081 3193/7215/5081 3339/7145/5081
f 3193/7215/5081 3195/7150/5081 3339/7145/5081
f 3187/7144/5081 3189/7216/5081 3343/7142/5081
f 3189/7216/5081 3191/7147/5081 3343/7142/5081
f 3183/7139/5081 3184/7217/5081 3347/7140/5081
f 3184/7217/5081 3187/7144/5081 3347/7140/5081
f 3179/7218/5081 3181/7219/5081 3355/273/5081
f 3181/7219/5081 3183/7139/5081 3355/273/5081
f 3175/7136/5081 3177/7220/5081 3355/273/5081
f 3177/7220/5081 3179/7218/5081 3355/273/5081
f 3170/7221/5081 3173/7222/5081 3153/7128/5081
f 3173/7222/5081 3175/7136/5081 3359/7133/5081
f 3153/7128/5081 3173/7222/5081 3359/7133/5081
f 3167/7223/5081 3169/7224/5081 3170/7221/5081
f 3163/7225/5081 3165/7226/5081 3167/7223/5081
f 3159/7227/5081 3161/7228/5081 3153/7128/5081
f 3161/7228/5081 3163/7225/5081 3153/7128/5081
f 3154/7229/5081 3157/7230/5081 3153/7128/5081
f 3157/7230/5081 3159/7227/5081 3153/7128/5081
f 3163/7225/5081 3167/7223/5081 3153/7128/5081
f 3167/7223/5081 3170/7221/5081 3153/7128/5081
f 3243/7177/5081 3247/7201/5081 3255/7197/5081
f 3263/7193/5081 3267/7191/5081 3271/7189/5081
f 3291/7181/5081 3295/7180/5081 3243/7177/5081
f 3279/7184/5081 3243/7177/5081 3255/7197/5081
f 3401/7106/5081 3130/7103/5081 3132/7107/5081
f 3124/7094/5081 3419/7093/5081 3121/7091/5081
f 3121/7091/5081 3423/7090/5081 3120/7088/5081
f 3120/7088/5081 3427/7087/5081 3118/7085/5081
f 3118/7085/5081 3431/7084/5081 3116/286/5081
f 3105/7069/5081 3455/7068/5081 3104/7066/5081
f 3104/7066/5081 3459/7065/5081 3102/7062/5081
f 3481/7047/5081 3092/7044/5081 3094/7051/5081
f 3096/7054/5081 3477/7052/5081 3094/7051/5081
f 3116/286/5081 3435/7083/5081 3114/7081/5081
f 3439/7080/5081 3112/7078/5081 3114/7081/5081
f 3397/7109/5081 3132/7107/5081 3134/7110/5081
f 3263/7193/5081 3271/7189/5081 3279/7184/5081
f 3255/7197/5081 3263/7193/5081 3279/7184/5081
f 3112/7078/5081 3443/7077/5081 3110/7074/5081
f 3056/6935/5081 3555/6936/5081 3054/6938/5081
f 3150/7126/5081 3373/7125/5081 3148/7127/5081
f 3559/6939/5081 3052/6941/5081 3054/6938/5081
f 3567/6945/5081 3048/6947/5081 3050/6944/5081
f 3020/6979/5081 3623/6980/5081 3018/6982/5081
f 3666/7018/5081 3670/7020/5081 3672/7231/5081
f 3672/7231/5081 3673/7232/5081 3666/7018/5081
f 3673/7232/5081 3676/7233/5081 3666/7018/5081
f 3676/7233/5081 3678/7234/5081 3680/7235/5081
f 3680/7235/5081 3682/3361/5081 3684/129/5081
f 3684/129/5081 3686/3894/5081 3692/648/5081
f 3686/3894/5081 3688/4780/5081 3692/648/5081
f 3688/4780/5081 3689/649/5086 3692/648/5081
f 3676/7233/5081 3680/7235/5081 3666/7018/5081
f 3680/7235/5081 3684/129/5081 3692/648/5081
f 3666/7018/5081 3680/7235/5081 3692/648/5081
f 3146/7236/5081 3148/7127/5081 3375/7121/5081
f 3144/7123/5081 3146/7236/5081 3375/7121/5081
f 3142/7119/5081 3144/7123/5081 3379/7117/5081
f 3666/7018/5081 3692/648/5081 2983/6801/5081
f 3692/648/5081 3694/2158/5081 4035/3878/5081
f 3140/7120/5081 3142/7119/5081 3380/7118/5081
f 3137/7114/5081 3140/7120/5081 3383/7115/5081
f 3643/6997/5081 3004/7000/5081 3006/6998/5081
f 3786/1493/5081 3788/1492/5081 3852/2117/5081
f 3788/1492/5081 3790/2141/5081 3852/2117/5081
f 3786/1493/5081 3852/2117/5081 3854/2729/5081
f 3790/2141/5081 3792/3337/5081 3794/3889/5081
f 3794/3889/5081 3796/3888/5081 3802/616/5081
f 3796/3888/5081 3798/4415/5081 3802/616/5081
f 3798/4415/5081 3799/617/5081 3802/616/5081
f 3802/616/5081 3804/2135/5081 3810/3333/5081
f 3804/2135/5081 3806/2747/5081 3810/3333/5081
f 3806/2747/5081 3808/3334/5081 3810/3333/5081
f 3810/3333/5081 3812/4411/5081 3814/4777/5081
f 3814/4777/5081 3815/608/5081 3818/607/5081
f 3818/607/5081 3820/2129/5081 3826/3884/5081
f 3820/2129/5081 3822/2739/5081 3826/3884/5081
f 3822/2739/5081 3824/3329/5081 3826/3884/5081
f 3826/3884/5081 3828/3883/5081 3830/4405/5081
f 3830/4405/5081 3831/595/5081 3826/3884/5081
f 3831/595/5081 3834/1473/5081 3826/3884/5081
f 3834/1473/5081 3836/2121/5081 3838/2120/5081
f 3838/2120/5081 3840/2731/5081 3842/3881/5081
f 3842/3881/5081 3844/3880/5081 3846/4399/5081
f 3846/4399/5081 3847/586/5081 3850/1469/5081
f 3850/1469/5081 3852/2117/5081 3794/3889/5081
f 3794/3889/5081 3852/2117/5081 3790/2141/5081
f 3854/2729/5081 3856/3322/5081 3786/1493/5081
f 3856/3322/5081 3858/3321/5081 3786/1493/5081
f 3858/3321/5081 3860/4401/5081 3783/622/5081
f 3860/4401/5081 3862/4400/5081 3782/4416/5081
f 3862/4400/5081 3863/589/5081 3782/4416/5081
f 3863/589/5081 3866/1471/5081 3780/4417/5081
f 3866/1471/5081 3868/1470/5081 3780/4417/5081
f 3868/1470/5081 3870/2733/5081 3778/3340/5081
f 3870/2733/5081 3872/3324/5081 3778/3340/5081
f 3872/3324/5081 3874/3882/5081 3778/3340/5081
f 3874/3882/5081 3876/4402/5081 3776/3341/5081
f 3876/4402/5081 3878/4776/5081 3776/3341/5081
f 3878/4776/5081 3879/592/5081 3774/2143/5081
f 3879/592/5081 3882/1475/5081 3774/2143/5081
f 3882/1475/5081 3884/2123/5081 3772/1495/5081
f 3884/2123/5081 3886/2735/5081 3772/1495/5081
f 3886/2735/5081 3888/3326/5081 3770/628/5081
f 3888/3326/5081 3890/3325/5081 3770/628/5081
f 3890/3325/5081 3892/4404/5081 3767/629/5081
f 3892/4404/5081 3894/4403/5081 3767/629/5081
f 3894/4403/5081 3895/598/5081 3766/4419/5081
f 3895/598/5081 3898/1477/5081 3766/4419/5081
f 3898/1477/5081 3900/1476/5081 3764/3891/5081
f 3900/1476/5081 3902/2125/5081 3764/3891/5081
f 3902/2125/5081 3904/3328/5081 3762/3343/5081
f 3904/3328/5081 3906/3327/5081 3762/3343/5081
f 3906/3327/5081 3908/4407/5081 3760/2758/5081
f 3908/4407/5081 3910/4406/5081 3760/2758/5081
f 3910/4406/5081 3911/601/5081 3758/2759/5081
f 3911/601/5081 3914/1479/5081 3758/2759/5081
f 3914/1479/5081 3916/1478/5081 3756/1498/5081
f 3916/1478/5081 3918/2127/5081 3756/1498/5081
f 3918/2127/5081 3920/2741/5081 3754/1499/5081
f 3920/2741/5081 3922/3885/5081 3754/1499/5081
f 3922/3885/5081 3924/4409/5081 3751/631/5081
f 3924/4409/5081 3926/4408/5081 3751/631/5081
f 3926/4408/5081 3927/605/5081 3750/4422/5081
f 3927/605/5081 3930/604/5081 3750/4422/5081
f 3930/604/5081 3932/2131/5081 3748/3892/5081
f 3932/2131/5081 3934/2743/5081 3748/3892/5081
f 3934/2743/5081 3936/2742/5081 3746/3347/5081
f 3936/2742/5081 3938/3886/5081 3746/3347/5081
f 3938/3886/5081 3940/4410/5081 3744/2761/5081
f 3940/4410/5081 3942/1117/5081 3744/2761/5081
f 3942/1117/5081 3943/610/5081 3742/2151/5081
f 3943/610/5081 3946/1485/5081 3742/2151/5081
f 3946/1485/5081 3948/1484/5081 3740/1503/5081
f 3948/1484/5081 3950/2133/5081 3740/1503/5081
f 3950/2133/5081 3952/3332/5081 3738/637/5081
f 3952/3332/5081 3954/3887/5081 3738/637/5081
f 3954/3887/5081 3956/4413/5081 3735/638/5081
f 3956/4413/5081 3958/4412/5081 3735/638/5081
f 3958/4412/5081 3959/613/5081 3734/1139/5081
f 3959/613/5081 3962/1487/5081 3734/1139/5081
f 3962/1487/5081 3964/2137/5081 3732/4425/5081
f 3964/2137/5081 3966/2749/5081 3732/4425/5081
f 3966/2749/5081 3968/2748/5081 3730/3351/5081
f 3968/2748/5081 3970/3336/5081 3730/3351/5081
f 3970/3336/5081 3972/4414/5081 3728/2764/5081
f 3972/4414/5081 3974/4778/5081 3728/2764/5081
f 3974/4778/5081 3975/620/5081 3726/2765/5081
f 3975/620/5081 3978/619/5081 3726/2765/5081
f 3978/619/5081 3980/1491/5081 3724/1506/5081
f 3980/1491/5081 3982/2753/5081 3724/1506/5081
f 3982/2753/5081 3984/2752/5081 3722/1507/5081
f 3984/2752/5081 3986/3339/5081 3722/1507/5081
f 3986/3339/5081 3988/3890/5081 3719/643/5081
f 3988/3890/5081 3990/4418/5081 3718/4426/5081
f 3990/4418/5081 3991/626/5081 3718/4426/5081
f 3991/626/5081 3994/625/5081 3716/118/5081
f 3994/625/5081 3996/2145/5081 3716/118/5081
f 3996/2145/5081 3998/2757/5081 3714/3893/5081
f 3714/3893/5081 3998/2757/5081 4000/3345/5081
f 4000/3345/5081 4002/3344/5081 3712/2769/5081
f 3712/2769/5081 4002/3344/5081 4004/4421/5081
f 4004/4421/5081 4006/4420/5081 3710/2157/5081
f 3710/2157/5081 4006/4420/5081 4007/635/5081
f 4007/635/5081 4010/634/5081 3708/1509/5081
f 3708/1509/5081 4010/634/5081 4012/2149/5081
f 4012/2149/5081 4014/2148/5081 3706/646/5081
f 3706/646/5081 4014/2148/5081 4016/3349/5081
f 4016/3349/5081 4018/3348/5081 3703/647/5081
f 3703/647/5081 4020/4424/5081 3702/4779/5081
f 4018/3348/5081 4020/4424/5081 3703/647/5081
f 4020/4424/5081 4022/4423/5081 3702/4779/5081
f 3702/4779/5081 4023/641/5081 3700/4427/5081
f 4022/4423/5081 4023/641/5081 3702/4779/5081
f 4023/641/5081 4026/640/5081 3700/4427/5081
f 3698/3356/5081 4028/2153/5081 4030/2152/5081
f 4026/640/5081 4028/2153/5081 3700/4427/5081
f 3698/3356/5081 4032/3353/5081 3696/2771/5081
f 4030/2152/5081 4032/3353/5081 3698/3356/5081
f 4032/3353/5081 4035/3878/5081 3696/2771/5081
f 3696/2771/5081 4035/3878/5081 3694/2158/5081
f 4035/3878/5081 4037/3877/5081 2981/4775/5081
f 4037/3877/5081 4039/4396/5081 4095/2114/5081
f 4039/4396/5081 4040/575/5081 4043/574/5081
f 4043/574/5081 4045/2109/5087 4047/2108/5081
f 4047/2108/5081 4049/2721/5081 4055/4773/5081
f 4049/2721/5081 4051/49/5081 4055/4773/5081
f 4051/49/5081 4053/4395/5086 4055/4773/5081
f 4055/4773/5081 4056/577/5081 4059/1463/5087
f 4059/1463/5087 4061/2111/5081 4055/4773/5081
f 4061/2111/5081 4063/2110/5081 4055/4773/5081
f 4063/2110/5081 4065/2723/5081 4067/3316/5081
f 4067/3316/5081 4069/4398/5081 4071/4397/5081
f 4071/4397/5081 4072/580/5081 4075/1465/5081
f 4075/1465/5081 4077/1464/5081 4071/4397/5081
f 4077/1464/5081 4079/2725/5081 4071/4397/5081
f 4079/2725/5081 4081/3318/5081 4083/3317/5081
f 4083/3317/5081 4085/3879/5081 4087/1101/5081
f 4087/1101/5081 4088/583/5081 4091/1467/5081
f 4091/1467/5081 4093/2115/5081 4095/2114/5081
f 4095/2114/5081 4097/2727/5081 4099/4774/5081
f 4099/4774/5081 2981/4775/5081 4037/3877/5081
f 2981/4775/5081 2983/6801/5081 4035/3878/5081
f 4095/2114/5081 4099/4774/5081 4037/3877/5081
f 4087/1101/5081 4091/1467/5081 4079/2725/5081
f 4091/1467/5081 4095/2114/5081 4079/2725/5081
f 4079/2725/5081 4083/3317/5081 4087/1101/5081
f 4063/2110/5081 4067/3316/5081 4079/2725/5081
f 4067/3316/5081 4071/4397/5081 4079/2725/5081
f 4039/4396/5081 4043/574/5081 4047/2108/5081
f 4039/4396/5081 4047/2108/5081 4095/2114/5081
f 4095/2114/5081 4047/2108/5081 4079/2725/5081
f 4047/2108/5081 4055/4773/5081 4079/2725/5081
f 4055/4773/5081 4063/2110/5081 4079/2725/5081
f 4028/2153/5081 3698/3356/5081 3700/4427/5081
f 3988/3890/5081 3718/4426/5081 3719/643/5081
f 3991/626/5081 3716/118/5081 3718/4426/5081
f 3954/3887/5081 3735/638/5081 3738/637/5081
f 3946/1485/5081 3740/1503/5081 3742/2151/5081
f 3938/3886/5081 3744/2761/5081 3746/3347/5081
f 3930/604/5081 3748/3892/5081 3750/4422/5081
f 3922/3885/5081 3751/631/5081 3754/1499/5081
f 3914/1479/5081 3756/1498/5081 3758/2759/5081
f 3906/3327/5081 3760/2758/5081 3762/3343/5081
f 3898/1477/5081 3764/3891/5081 3766/4419/5081
f 3890/3325/5081 3767/629/5081 3770/628/5081
f 3882/1475/5081 3772/1495/5081 3774/2143/5081
f 3776/3341/5081 3878/4776/5081 3774/2143/5081
f 3868/1470/5081 3778/3340/5081 3780/4417/5081
f 3860/4401/5081 3782/4416/5081 3783/622/5081
f 3863/589/5081 3780/4417/5081 3782/4416/5081
f 3842/3881/5081 3846/4399/5081 3850/1469/5081
f 3834/1473/5081 3838/2120/5081 3826/3884/5081
f 3838/2120/5081 3842/3881/5081 3826/3884/5081
f 3810/3333/5081 3814/4777/5081 3826/3884/5081
f 3814/4777/5081 3818/607/5081 3826/3884/5081
f 3783/622/5081 3786/1493/5081 3858/3321/5081
f 3794/3889/5081 3802/616/5081 3826/3884/5081
f 3802/616/5081 3810/3333/5081 3826/3884/5081
f 3842/3881/5081 3850/1469/5081 3794/3889/5081
f 3874/3882/5081 3776/3341/5081 3778/3340/5081
f 3894/4403/5081 3766/4419/5081 3767/629/5081
f 3734/1139/5081 3962/1487/5081 3732/4425/5081
f 3730/3351/5081 3970/3336/5081 3728/2764/5081
f 3726/2765/5081 3978/619/5081 3724/1506/5081
f 4012/2149/5081 3706/646/5081 3708/1509/5081
f 4016/3349/5081 3703/647/5081 3706/646/5081
f 4035/3878/5081 2983/6801/5081 3692/648/5081
f 2983/6801/5081 2986/7021/5081 3666/7018/5081
f 3950/2133/5081 3738/637/5081 3740/1503/5081
f 3966/2749/5081 3730/3351/5081 3732/4425/5081
f 3942/1117/5081 3742/2151/5081 3744/2761/5081
f 3918/2127/5081 3754/1499/5081 3756/1498/5081
f 3764/3891/5081 3902/2125/5081 3762/3343/5081
f 3886/2735/5081 3770/628/5081 3772/1495/5081
f 3826/3884/5081 3842/3881/5081 3794/3889/5081
f 2986/7021/5081 2988/7017/5081 3663/7016/5081
f 2988/7017/5081 2990/7014/5081 3660/7015/5081
f 2990/7014/5081 2992/7012/5081 3657/7011/5081
f 2992/7012/5081 2993/7010/5081 3655/7009/5081
f 2993/7010/5081 2996/7008/5081 3653/7007/5081
f 2996/7008/5081 2998/7006/5081 3650/7005/5081
f 2998/7006/5081 3000/7004/5081 3649/7003/5081
f 3760/2758/5081 3910/4406/5081 3758/2759/5081
f 3000/7004/5081 3002/7002/5081 3647/7001/5081
f 3002/7002/5081 3004/7000/5081 3645/6999/5081
f 3006/6998/5081 3008/6996/5081 3640/6995/5081
f 3008/6996/5081 3009/6993/5081 3639/6992/5081
f 3009/6993/5081 3012/6991/5081 3637/6990/5081
f 3751/631/5081 3926/4408/5081 3750/4422/5081
f 3012/6991/5081 3014/6988/5081 3635/6989/5081
f 3014/6988/5081 3016/6985/5081 3631/6986/5087
f 3748/3892/5081 3934/2743/5081 3746/3347/5081
f 3016/6985/5081 3018/6982/5081 3627/6983/5081
f 3028/6957/5081 3030/7237/5081 3032/7238/5081
f 3735/638/5081 3958/4412/5081 3734/1139/5081
f 3028/6957/5081 3032/7238/5081 3034/7239/5081
f 3028/6957/5081 3034/7239/5081 3036/7240/5081
f 3028/6957/5081 3036/7240/5081 3038/7241/5081
f 3728/2764/5081 3974/4778/5081 3726/2765/5081
f 3028/6957/5081 3038/7241/5081 3040/7242/5081
f 3724/1506/5081 3982/2753/5081 3722/1507/5081
f 3028/6957/5081 3040/7242/5081 3041/6952/5081
f 3719/643/5081 3722/1507/5081 3986/3339/5081
f 3714/3893/5081 3716/118/5081 3996/2145/5081
f 3712/2769/5081 3714/3893/5081 4000/3345/5081
f 3710/2157/5081 3712/2769/5081 4004/4421/5081
f 3708/1509/5081 3710/2157/5081 4007/635/5081
f 3102/7062/5081 3463/7064/5081 3100/7057/5081
f 3504/7035/5081 3078/7033/5081 3080/7036/5081
f 3503/7034/5081 3080/7036/5081 3082/7039/5081
f 3082/7039/5081 3084/277/5081 3499/7037/5081
f 3084/277/5081 3086/6791/5081 3495/7042/5081
f 4267/657/5081 4269/2164/5081 4129/3377/5081
f 4269/2164/5081 4271/2163/5081 4127/2794/5081
f 4125/1531/5081 4271/2163/5081 4273/2781/5081
f 4273/2781/5081 4275/138/5081 4123/1532/5081
f 4275/138/5081 4277/3895/5081 4123/1532/5081
f 4277/3895/5081 4279/4432/5081 4120/679/5081
f 4123/1532/5081 4277/3895/5081 4120/679/5081
f 4279/4432/5081 4280/668/5081 4119/4784/5081
f 4280/668/5081 4283/667/5081 4117/4438/5081
f 4283/667/5081 4285/1521/5081 4113/3372/5081
f 4285/1521/5081 4287/2170/5081 4111/2790/5081
f 4287/2170/5081 4289/2785/5081 4109/2176/5081
f 4289/2785/5081 4291/3369/5081 4107/1525/5081
f 4291/3369/5081 4101/1160/5081 4107/1525/5081
f 4101/1160/5081 4103/4436/5081 4107/1525/5081
f 4103/4436/5081 4104/673/5081 4107/1525/5081
f 4107/1525/5081 4109/2176/5081 4289/2785/5081
f 4109/2176/5081 4111/2790/5081 4287/2170/5081
f 4111/2790/5081 4113/3372/5081 4285/1521/5081
f 4113/3372/5081 4115/3900/5081 4283/667/5081
f 4115/3900/5081 4117/4438/5081 4283/667/5081
f 4117/4438/5081 4119/4784/5081 4280/668/5081
f 4119/4784/5081 4120/679/5081 4279/4432/5081
f 4123/1532/5081 4125/1531/5081 4273/2781/5081
f 4125/1531/5081 4127/2794/5081 4271/2163/5081
f 4269/2164/5081 4127/2794/5081 4129/3377/5081
f 4129/3377/5081 4131/3376/5081 4267/657/5081
f 4131/3376/5081 4133/4441/5081 4267/657/5081
f 4133/4441/5081 4135/4787/5081 4264/658/5081
f 4267/657/5081 4133/4441/5081 4264/658/5081
f 4135/4787/5081 4136/686/5081 4263/1846/5081
f 4136/686/5081 4139/685/5081 4261/4430/5081
f 4139/685/5081 4141/2184/5081 4257/2774/5081
f 4141/2184/5081 4143/2798/5081 4255/2775/5081
f 4253/2160/5081 4143/2798/5081 4145/2797/5081
f 4145/2797/5081 4147/3381/5081 4251/651/5081
f 4147/3381/5081 4149/4446/5081 4251/651/5081
f 4149/4446/5081 4151/4445/5081 4248/652/5081
f 4251/651/5081 4149/4446/5081 4248/652/5081
f 4151/4445/5081 4152/689/5081 4247/4428/5081
f 4152/689/5081 4155/688/5081 4245/4429/5081
f 4155/688/5081 4157/2186/5081 4241/2772/5081
f 4157/2186/5081 4159/2796/5081 4239/2773/5081
f 4237/2162/5081 4159/2796/5081 4161/2795/5081
f 4161/2795/5081 4163/3379/5081 4235/654/5081
f 4163/3379/5081 4165/4444/5081 4235/654/5081
f 4165/4444/5081 4167/4786/5081 4232/655/5081
f 4235/654/5081 4165/4444/5081 4232/655/5081
f 4167/4786/5081 4168/683/5081 4231/4781/5081
f 4168/683/5081 4171/682/5081 4229/4431/5081
f 4171/682/5081 4173/2182/5081 4225/3364/5081
f 4173/2182/5081 4175/2181/5081 4223/2779/5081
f 4221/1516/5081 4175/2181/5081 4177/2792/5081
f 4177/2792/5081 4179/3902/5081 4219/1517/5081
f 4179/3902/5081 4181/3901/5081 4219/1517/5081
f 4181/3901/5081 4183/1167/5081 4216/660/5081
f 4219/1517/5081 4181/3901/5081 4216/660/5081
f 4183/1167/5081 4184/677/5081 4215/4782/5081
f 4184/677/5081 4187/676/5081 4213/4433/5081
f 4187/676/5081 4189/1530/5081 4209/3366/5081
f 4189/1530/5081 4191/2178/5081 4207/2783/5081
f 4191/2178/5081 4193/2788/5081 4205/2172/5081
f 4193/2788/5081 4195/3371/5081 4203/1523/5081
f 4195/3371/5081 4197/3899/5081 4199/4437/5081
f 4199/4437/5081 4200/670/5081 4195/3371/5081
f 4200/670/5081 4203/1523/5081 4195/3371/5081
f 4203/1523/5081 4205/2172/5081 4193/2788/5081
f 4205/2172/5081 4207/2783/5081 4191/2178/5081
f 4207/2783/5081 4209/3366/5081 4189/1530/5081
f 4209/3366/5081 4211/3896/5081 4187/676/5081
f 4211/3896/5081 4213/4433/5081 4187/676/5081
f 4213/4433/5081 4215/4782/5081 4184/677/5081
f 4215/4782/5081 4216/660/5081 4183/1167/5081
f 4219/1517/5081 4221/1516/5081 4177/2792/5081
f 4221/1516/5081 4223/2779/5081 4175/2181/5081
f 4173/2182/5081 4223/2779/5081 4225/3364/5081
f 4225/3364/5081 4227/3363/5081 4171/682/5081
f 4227/3363/5081 4229/4431/5081 4171/682/5081
f 4229/4431/5081 4231/4781/5081 4168/683/5081
f 4231/4781/5081 4232/655/5081 4167/4786/5081
f 4235/654/5081 4237/2162/5081 4161/2795/5081
f 4237/2162/5081 4239/2773/5081 4159/2796/5081
f 4157/2186/5081 4239/2773/5081 4241/2772/5081
f 4241/2772/5081 4243/3358/5081 4155/688/5081
f 4243/3358/5081 4245/4429/5081 4155/688/5081
f 4245/4429/5081 4247/4428/5081 4152/689/5081
f 4247/4428/5081 4248/652/5081 4151/4445/5081
f 4251/651/5081 4253/2160/5081 4145/2797/5081
f 4253/2160/5081 4255/2775/5081 4143/2798/5081
f 4141/2184/5081 4255/2775/5081 4257/2774/5081
f 4257/2774/5081 4259/3360/5081 4139/685/5081
f 4259/3360/5081 4261/4430/5081 4139/685/5081
f 4261/4430/5081 4263/1846/5081 4136/686/5081
f 4459/1549/5081 4461/1548/5081 4317/2237/5081
f 4461/1548/5081 4463/2201/5081 4315/1581/5081
f 4463/2201/5081 4465/2808/5081 4315/1581/5081
f 4465/2808/5081 4467/3392/5081 4312/754/5081
f 4315/1581/5081 4465/2808/5081 4312/754/5081
f 4467/3392/5081 4469/3912/5081 4309/4476/5081
f 4469/3912/5081 4471/4455/5081 4307/3414/5081
f 4471/4455/5081 4472/710/5081 4307/3414/5081
f 4472/710/5081 4475/709/5081 4305/3415/5081
f 4307/3414/5081 4472/710/5081 4305/3415/5081
f 4475/709/5081 4477/1555/5081 4301/2223/5081
f 4477/1555/5081 4479/2209/5081 4299/1569/5081
f 4479/2209/5081 4481/2814/5081 4299/1569/5081
f 4481/2814/5081 4483/3397/5081 4299/1569/5081
f 4483/3397/5081 4293/4460/5081 4295/4799/5081
f 4295/4799/5081 4296/730/5081 4483/3397/5081
f 4296/730/5081 4299/1569/5081 4483/3397/5081
f 4299/1569/5081 4301/2223/5081 4477/1555/5081
f 4301/2223/5081 4303/2830/5081 4475/709/5081
f 4303/2830/5081 4305/3415/5081 4475/709/5081
f 4307/3414/5081 4309/4476/5081 4469/3912/5081
f 4309/4476/5081 4311/4807/5081 4467/3392/5081
f 4311/4807/5081 4312/754/5081 4467/3392/5081
f 4315/1581/5081 4317/2237/5081 4461/1548/5081
f 4317/2237/5081 4319/2844/5081 4459/1549/5081
f 4319/2844/5081 4321/2843/5081 4459/1549/5081
f 4321/2843/5081 4323/3939/5081 4456/703/5081
f 4459/1549/5081 4321/2843/5081 4456/703/5081
f 4323/3939/5081 4325/4488/5081 4455/4452/5081
f 4325/4488/5081 4327/4487/5081 4453/4453/5081
f 4327/4487/5081 4328/769/5081 4451/3909/5081
f 4328/769/5081 4331/1591/5081 4449/2804/5081
f 4331/1591/5081 4333/2247/5081 4445/2197/5081
f 4333/2247/5081 4335/2246/5081 4443/1542/5081
f 4440/694/5081 4335/2246/5081 4337/2850/5081
f 4337/2850/5081 4339/3944/5081 4439/4790/5081
f 4437/3907/5081 4339/3944/5081 4341/3943/5081
f 4341/3943/5081 4343/1914/5081 4435/3908/5081
f 4433/2802/5081 4343/1914/5081 4344/775/5081
f 4344/775/5081 4347/1595/5081 4431/2194/5081
f 4429/2195/5081 4347/1595/5081 4349/2245/5081
f 4349/2245/5081 4351/2244/5081 4427/1544/5081
f 4351/2244/5081 4353/2848/5081 4427/1544/5081
f 4353/2848/5081 4355/3942/5081 4424/697/5081
f 4427/1544/5081 4353/2848/5081 4424/697/5081
f 4355/3942/5081 4357/4486/5081 4423/1187/5081
f 4357/4486/5081 4359/4485/5081 4421/4451/5081
f 4359/4485/5081 4360/760/5081 4419/175/5081
f 4360/760/5081 4363/1583/5081 4417/2805/5081
f 4363/1583/5081 4365/1582/5081 4413/2199/5081
f 4365/1582/5081 4367/2233/5081 4411/1551/5081
f 4367/2233/5081 4369/2838/5081 4411/1551/5081
f 4369/2838/5081 4371/3421/5081 4408/706/5081
f 4411/1551/5081 4369/2838/5081 4408/706/5081
f 4371/3421/5081 4373/3932/5081 4405/4454/5081
f 4373/3932/5081 4375/4475/5081 4403/3913/5081
f 4375/4475/5081 4376/743/5081 4403/3913/5081
f 4376/743/5081 4379/742/5081 4401/3393/5081
f 4403/3913/5081 4376/743/5081 4401/3393/5081
f 4379/742/5081 4381/1571/5081 4397/2207/5081
f 4381/1571/5081 4383/2221/5081 4395/1557/5081
f 4383/2221/5081 4385/2824/5081 4395/1557/5081
f 4385/2824/5081 4387/3407/5081 4395/1557/5081
f 4387/3407/5081 4389/193/5081 4391/4795/5081
f 4391/4795/5081 4392/715/5081 4387/3407/5081
f 4392/715/5081 4395/1557/5081 4387/3407/5081
f 4395/1557/5081 4397/2207/5081 4381/1571/5081
f 4397/2207/5081 4399/2812/5081 4379/742/5081
f 4399/2812/5081 4401/3393/5081 4379/742/5081
f 4403/3913/5081 4405/4454/5081 4373/3932/5081
f 4405/4454/5081 4407/4793/5081 4371/3421/5081
f 4407/4793/5081 4408/706/5081 4371/3421/5081
f 4411/1551/5081 4413/2199/5081 4365/1582/5081
f 4413/2199/5081 4415/2806/5081 4363/1583/5081
f 4415/2806/5081 4417/2805/5081 4363/1583/5081
f 4417/2805/5081 4419/175/5081 4360/760/5081
f 4419/175/5081 4421/4451/5081 4359/4485/5081
f 4421/4451/5081 4423/1187/5081 4357/4486/5081
f 4423/1187/5081 4424/697/5081 4355/3942/5081
f 4427/1544/5081 4429/2195/5081 4349/2245/5081
f 4429/2195/5081 4431/2194/5081 4347/1595/5081
f 4344/775/5081 4431/2194/5081 4433/2802/5081
f 4433/2802/5081 4435/3908/5081 4343/1914/5081
f 4341/3943/5081 4435/3908/5081 4437/3907/5081
f 4437/3907/5081 4439/4790/5081 4339/3944/5081
f 4337/2850/5081 4439/4790/5081 4440/694/5081
f 4440/694/5081 4443/1542/5081 4335/2246/5081
f 4333/2247/5081 4443/1542/5081 4445/2197/5081
f 4445/2197/5081 4447/2196/5081 4331/1591/5081
f 4447/2196/5081 4449/2804/5081 4331/1591/5081
f 4449/2804/5081 4451/3909/5081 4328/769/5081
f 4451/3909/5081 4453/4453/5081 4327/4487/5081
f 4453/4453/5081 4455/4452/5081 4325/4488/5081
f 5518/7243/5081 5520/7244/5081 4792/6795/5081
f 5520/7244/5081 5522/6796/5081 4792/6795/5081
f 4789/7245/5081 5528/7246/5081 5530/7247/5081
f 5522/6796/5081 5524/7248/5081 4791/6794/5081
f 5524/7248/5081 5526/7249/5081 4791/6794/5081
f 4787/7250/5081 5530/7247/5081 5531/7251/5081
f 5526/7249/5081 5528/7246/5081 4789/7245/5081
f 4787/7250/5081 5534/7252/5081 4785/7253/5081
f 5531/7251/5081 5534/7252/5081 4787/7250/5081
f 4785/7253/5081 5536/7254/5081 4783/7255/5081
f 5534/7252/5081 5536/7254/5081 4785/7253/5081
f 5536/7254/5081 5538/7256/5081 4783/7255/5081
f 4783/7255/5081 5538/7256/5081 5540/7257/5081
f 5540/7257/5081 5542/7258/5081 4781/7259/5081
f 5542/7258/5081 5544/7260/5081 4781/7259/5081
f 5544/7260/5081 5546/7261/5081 4781/7259/5081
f 5546/7261/5081 5547/7262/5081 4781/7259/5081
f 5547/7262/5081 5550/7263/5081 4781/7259/5081
f 5550/7263/5081 5552/7264/5081 4781/7259/5081
f 5552/7264/5081 5554/7265/5081 4781/7259/5081
f 5554/7265/5081 5556/7266/5081 4781/7259/5081
f 5556/7266/5081 5558/7267/5081 4781/7259/5081
f 5558/7267/5081 5560/7268/5081 4781/7259/5081
f 5560/7268/5081 5562/7269/5081 4781/7259/5081
f 5562/7269/5081 5563/7270/5081 4781/7259/5081
f 5563/7270/5081 5566/7271/5081 4781/7259/5081
f 5566/7271/5081 5568/7272/5081 4781/7259/5081
f 5568/7272/5081 5570/7273/5081 4781/7259/5081
f 5570/7273/5081 5572/7274/5081 4781/7259/5081
f 5572/7274/5081 5574/7275/5081 4781/7259/5081
f 5574/7275/5081 5576/7276/5081 4781/7259/5081
f 5576/7276/5081 5578/7277/5081 4781/7259/5081
f 5578/7277/5081 5579/7278/5081 4781/7259/5081
f 5579/7278/5081 5582/7279/5081 4781/7259/5081
f 5582/7279/5081 5584/7280/5081 4781/7259/5081
f 5584/7280/5081 5586/7281/5081 4781/7259/5081
f 5586/7281/5081 5588/7282/5081 4781/7259/5081
f 5588/7282/5081 5590/7283/5081 4781/7259/5081
f 5590/7283/5081 5592/7284/5081 4781/7259/5081
f 5592/7284/5081 5594/7285/5081 4781/7259/5081
f 5594/7285/5081 5595/7286/5081 4781/7259/5081
f 5595/7286/5081 5598/7287/5081 4781/7259/5081
f 5598/7287/5081 5600/7288/5081 4781/7259/5081
f 5600/7288/5081 5602/7289/5081 4781/7259/5081
f 5602/7289/5081 5604/7290/5081 4781/7259/5081
f 5540/7257/5081 4781/7259/5081 4783/7255/5081
f 5530/7247/5081 4787/7250/5081 4789/7245/5081
f 5514/7291/5081 5515/2088/5081 4795/7292/5081
f 5515/2088/5081 5518/7243/5081 4795/7292/5081
f 4791/6794/5081 5526/7249/5081 4789/7245/5081
f 5510/7293/5081 5512/7294/5081 4799/7295/5081
f 5512/7294/5081 5514/7291/5081 4797/7296/5081
f 5510/7293/5081 4799/7295/5081 5508/7297/5081
f 5506/7298/5081 5508/7297/5081 4801/7299/5081
f 4801/7299/5081 5508/7297/5081 4799/7295/5081
f 5502/2694/5081 5504/7300/5081 4801/7299/5081
f 5504/7300/5081 5506/7298/5081 4801/7299/5081
f 5498/7301/5081 5499/7302/5081 4803/7303/5081
f 5499/7302/5081 5502/2694/5081 4803/7303/5081
f 4803/7303/5081 5502/2694/5081 4801/7299/5081
f 5494/7304/5081 5496/7305/5081 4805/7306/5081
f 5496/7305/5081 5498/7301/5081 4805/7306/5081
f 4805/7306/5081 5498/7301/5081 4803/7303/5081
f 5490/7307/5081 5492/7308/5081 4807/7309/5081
f 5492/7308/5081 5494/7304/5081 4807/7309/5081
f 4807/7309/5081 5494/7304/5081 4805/7306/5081
f 5486/7310/5081 5488/7311/5081 4808/7312/5081
f 5488/7311/5081 5490/7307/5081 4808/7312/5081
f 5482/7313/5081 5483/7314/5081 4811/7315/5081
f 5483/7314/5081 5486/7310/5081 4811/7315/5081
f 5478/7316/5081 5480/7317/5081 4813/7318/5081
f 5480/7317/5081 5482/7313/5081 4813/7318/5081
f 5474/7319/5081 5476/7320/5081 4815/7321/5081
f 5476/7320/5081 5478/7316/5081 4815/7321/5081
f 5470/7322/5081 5472/7323/5081 4817/7324/5081
f 5472/7323/5081 5474/7319/5081 4817/7324/5081
f 5466/7325/5081 5467/7326/5081 4819/7327/5081
f 5467/7326/5081 5470/7322/5081 4819/7327/5081
f 5462/7328/5081 5464/7329/5081 4821/7330/5081
f 5464/7329/5081 5466/7325/5081 4821/7330/5081
f 5458/7331/5081 5460/7332/5081 4823/4856/5081
f 5460/7332/5081 5462/7328/5081 4823/4856/5081
f 5454/7333/5081 5456/7334/5081 4824/959/5081
f 5456/7334/5081 5458/7331/5081 4824/959/5081
f 5450/7335/5081 5451/7336/5081 4827/958/5081
f 5451/7336/5081 5454/7333/5081 4827/958/5081
f 5446/7337/5081 5448/7338/5081 4829/1713/5081
f 5448/7338/5081 5450/7335/5081 4829/1713/5081
f 5442/7339/5081 5444/7340/5081 4831/2370/5081
f 5444/7340/5081 5446/7337/5081 4831/2370/5081
f 5438/7341/5081 5440/7342/5081 4833/3512/5081
f 5440/7342/5081 5442/7339/5081 4833/3512/5081
f 5434/4572/5081 5435/2639/5081 4835/3511/5081
f 5435/2639/5081 5438/7341/5081 4835/3511/5081
f 5430/3533/5081 5432/4573/5081 4837/373/5081
f 5432/4573/5081 5434/4572/5081 4837/373/5081
f 5426/2363/5081 5428/2966/5081 4839/4551/5081
f 5428/2966/5081 5430/3533/5081 4839/4551/5081
f 5422/922/5081 5424/2364/5081 4840/877/5081
f 5424/2364/5081 5426/2363/5081 4840/877/5081
f 5418/4845/5081 5419/923/5081 4843/1655/5081
f 5419/923/5081 5422/922/5081 4843/1655/5081
f 5486/7310/5081 4808/7312/5081 4811/7315/5081
f 5490/7307/5081 4807/7309/5081 4808/7312/5081
f 5478/7316/5081 4813/7318/5081 4815/7321/5081
f 5482/7313/5081 4811/7315/5081 4813/7318/5081
f 5470/7322/5081 4817/7324/5081 4819/7327/5081
f 5474/7319/5081 4815/7321/5081 4817/7324/5081
f 5462/7328/5081 4821/7330/5081 4823/4856/5081
f 5466/7325/5081 4819/7327/5081 4821/7330/5081
f 5604/7290/5081 5606/7343/5081 4741/4040/5081
f 4781/7259/5081 5604/7290/5081 4779/7344/5081
f 5606/7343/5081 5608/7345/5081 4739/4041/5081
f 4779/7344/5081 5604/7290/5081 4776/7346/5081
f 5608/7345/5081 5610/7347/5081 4735/2376/5081
f 4776/7346/5081 5604/7290/5081 4775/7348/5081
f 5610/7347/5081 5611/7349/5081 4731/1709/5081
f 4775/7348/5081 5604/7290/5081 4773/7350/5081
f 5611/7349/5081 5614/7351/5081 4727/4852/5081
f 4773/7350/5081 5604/7290/5081 4771/7352/5081
f 5614/7351/5081 5616/7353/5081 4723/4030/5081
f 4771/7352/5081 5604/7290/5081 4769/7354/5081
f 5616/7353/5081 5618/7355/5081 4719/2946/5081
f 4769/7354/5081 5604/7290/5081 4767/7356/5081
f 5618/7355/5081 5620/7357/5081 4715/1677/5081
f 4487/7358/5081 4488/7359/5081 4552/7360/5081
f 4488/7359/5081 4491/7361/5081 4547/511/5081
f 4491/7361/5081 4493/7362/5081 4499/7363/5081
f 4493/7362/5081 4495/7364/5081 4499/7363/5081
f 4495/7364/5081 4497/7365/5081 4499/7363/5081
f 4499/7363/5081 4501/7366/5081 4503/7367/5081
f 4503/7367/5081 4504/7368/5081 4499/7363/5081
f 4504/7368/5081 4507/7369/5081 4499/7363/5081
f 4507/7369/5081 4509/7370/5081 4515/7371/5081
f 4509/7370/5081 4511/7372/5081 4515/7371/5081
f 4511/7372/5081 4513/7373/5081 4515/7371/5081
f 4515/7371/5081 4517/7374/5081 4523/7375/5081
f 4517/7374/5081 4519/7376/5081 4523/7375/5081
f 4519/7376/5081 4520/7377/5081 4523/7375/5081
f 4523/7375/5081 4525/7378/5081 4531/7379/5081
f 4525/7378/5081 4527/7380/5081 4531/7379/5081
f 4527/7380/5081 4529/7381/5081 4531/7379/5081
f 4531/7379/5081 4533/7382/5081 4539/7383/5081
f 4533/7382/5081 4535/7384/5081 4539/7383/5081
f 4535/7384/5081 4536/7385/5081 4539/7383/5081
f 4539/7383/5081 4541/7386/5081 4543/7387/5081
f 4543/7387/5081 4545/7388/5081 4547/511/5081
f 4547/511/5081 4549/7389/5081 4551/7390/5081
f 4551/7390/5081 4552/7360/5081 4488/7359/5081
f 4552/7360/5081 4555/7391/5081 4487/7358/5081
f 4555/7391/5081 4557/7392/5081 4487/7358/5081
f 4557/7392/5081 4559/7393/5081 4485/7394/5081
f 4559/7393/5081 4561/7395/5081 4485/7394/5081
f 4561/7395/5081 4563/7396/5081 4485/7394/5081
f 4563/7396/5081 4565/7397/5081 5694/7398/5081
f 4565/7397/5081 4567/7399/5081 5694/7398/5081
f 4567/7399/5081 4568/7400/5081 5691/7401/5081
f 4568/7400/5081 4571/7402/5081 5691/7401/5081
f 4571/7402/5081 4573/3236/5081 5690/7403/5081
f 4573/3236/5081 4575/7404/5081 5690/7403/5081
f 4575/7404/5081 4577/3541/5081 5688/7405/5081
f 4577/3541/5081 4579/3540/5081 5688/7405/5081
f 4579/3540/5081 4581/4568/5081 5686/7406/5081
f 4581/4568/5081 4583/4567/5081 5684/4333/5081
f 4583/4567/5081 4584/950/5081 5684/4333/5081
f 4584/950/5081 4587/949/5081 5682/7407/5081
f 4587/949/5081 4589/1711/5081 5682/7407/5081
f 4589/1711/5081 4591/2366/5081 5680/7408/5081
f 4591/2366/5081 4593/2970/5081 5680/7408/5081
f 4593/2970/5081 4595/3525/5081 5678/7409/5081
f 4595/3525/5081 4597/4557/5081 5678/7409/5081
f 4597/4557/5081 4599/4556/5081 5675/7410/5081
f 4599/4556/5081 4600/907/5081 5675/7410/5081
f 4600/907/5081 4603/1681/5081 5674/7411/5081
f 4603/1681/5081 4605/1680/5081 5674/7411/5081
f 4605/1680/5081 4607/2340/5081 5672/7412/5081
f 4607/2340/5081 4609/2940/5081 5672/7412/5081
f 4609/2940/5081 4611/3506/5081 5670/7413/5081
f 4611/3506/5081 4613/4018/5081 5670/7413/5081
f 4613/4018/5081 4615/4552/5081 5668/7414/5081
f 4615/4552/5081 4616/893/5081 5668/7414/5081
f 4616/893/5081 4619/892/5081 5666/2384/5081
f 4619/892/5081 4621/1671/5081 5666/2384/5081
f 4621/1671/5081 4623/2332/5081 5664/1721/5081
f 4623/2332/5081 4625/2932/5081 5664/1721/5081
f 4625/2932/5081 4627/3502/5081 5662/964/5081
f 4627/3502/5081 4629/1316/5081 5662/964/5081
f 4629/1316/5081 4631/4548/5081 5659/965/5081
f 4631/4548/5081 4632/884/5081 5659/965/5081
f 4632/884/5081 4635/883/5081 5658/4854/5081
f 4635/883/5081 4637/1665/5081 5658/4854/5081
f 4637/1665/5081 4639/2326/5081 5656/4570/5081
f 4639/2326/5081 4641/3498/5081 5656/4570/5081
f 4641/3498/5081 4643/3497/5081 5654/3538/5081
f 4643/3497/5081 4645/4012/5081 5654/3538/5081
f 4645/4012/5081 4647/1309/5081 5652/2979/5081
f 4647/1309/5081 4648/872/5081 5652/2979/5081
f 4648/872/5081 4651/871/5081 5652/2979/5081
f 4651/871/5081 4653/1661/5081 5650/2980/5081
f 4653/1661/5081 4655/2324/5081 5650/2980/5081
f 4651/871/5081 5650/2980/5081 5652/2979/5081
f 4655/2324/5081 4657/3494/5081 5648/1717/5081
f 4657/3494/5081 4659/343/5081 5648/1717/5081
f 4655/2324/5081 5648/1717/5081 5650/2980/5081
f 4659/343/5081 4661/1308/5081 5646/952/5081
f 4661/1308/5081 4663/4545/5081 5646/952/5081
f 4659/343/5081 5646/952/5081 5648/1717/5081
f 4663/4545/5081 4664/869/5081 5643/953/5081
f 4664/869/5081 4667/868/5081 5643/953/5081
f 4663/4545/5081 5643/953/5081 5646/952/5081
f 4667/868/5081 4669/1659/5081 5642/4566/5081
f 4669/1659/5081 4671/2322/5081 5642/4566/5081
f 4667/868/5081 5642/4566/5081 5643/953/5081
f 4671/2322/5081 4673/2924/5081 5640/4036/5081
f 4673/2924/5081 4675/4009/5081 5640/4036/5081
f 4671/2322/5081 5640/4036/5081 5642/4566/5081
f 4675/4009/5081 4677/4547/5081 5638/4037/5081
f 4677/4547/5081 4679/4546/5081 5638/4037/5081
f 4675/4009/5081 5638/4037/5081 5640/4036/5081
f 4679/4546/5081 4680/874/5081 5636/3536/5081
f 4680/874/5081 4683/1663/5081 5636/3536/5081
f 4679/4546/5081 5636/3536/5081 5638/4037/5081
f 4683/1663/5081 4685/1662/5081 5634/2381/5081
f 4685/1662/5081 4687/2928/5081 5634/2381/5081
f 4683/1663/5081 5634/2381/5081 5636/3536/5081
f 4687/2928/5081 4689/3499/5081 5632/2382/5081
f 4689/3499/5081 4691/4014/5081 5632/2382/5081
f 4687/2928/5081 5632/2382/5081 5634/2381/5081
f 4691/4014/5081 4693/4013/5081 5630/1719/5081
f 4693/4013/5081 4695/4843/5081 5630/1719/5081
f 4691/4014/5081 5630/1719/5081 5632/2382/5081
f 4695/4843/5081 4696/886/5081 5627/961/5081
f 4696/886/5081 4699/1669/5081 5627/961/5081
f 4695/4843/5081 5627/961/5081 5630/1719/5081
f 4699/1669/5081 4701/2334/5081 5626/4855/5081
f 4701/2334/5081 4703/2934/5081 5626/4855/5081
f 4703/2934/5081 4705/3503/5081 5624/4574/5081
f 4705/3503/5081 4707/4017/5081 5624/4574/5081
f 4707/4017/5081 4709/4016/5081 5622/4044/5081
f 4709/4016/5081 4711/4844/5081 5622/4044/5081
f 4703/2934/5081 5624/4574/5081 5626/4855/5081
f 4711/4844/5081 4712/895/5081 5620/7357/5081
f 4712/895/5081 4715/1677/5081 5620/7357/5081
f 4715/1677/5081 4717/1676/5081 5618/7355/5081
f 4717/1676/5081 4719/2946/5081 5618/7355/5081
f 4719/2946/5081 4721/3515/5081 5616/7353/5081
f 4721/3515/5081 4723/4030/5081 5616/7353/5081
f 4711/4844/5081 5620/7357/5081 5622/4044/5081
f 4723/4030/5081 4725/4029/5081 5614/7351/5081
f 4725/4029/5081 4727/4852/5081 5614/7351/5081
f 4727/4852/5081 4728/937/5081 5611/7349/5081
f 4728/937/5081 4731/1709/5081 5611/7349/5081
f 4731/1709/5081 4733/1708/5081 5610/7347/5081
f 4733/1708/5081 4735/2376/5081 5610/7347/5081
f 4735/2376/5081 4737/2978/5081 5608/7345/5081
f 4737/2978/5081 4739/4041/5081 5608/7345/5081
f 4739/4041/5081 4741/4040/5081 5606/7343/5081
f 4741/4040/5081 4743/4571/5081 5604/7290/5081
f 4743/4571/5081 4744/4857/5081 4747/3235/5081
f 4747/3235/5081 4749/7415/5081 4751/7416/5081
f 4747/3235/5081 4751/7416/5081 4743/4571/5081
f 4751/7416/5081 4753/7417/5081 5604/7290/5081
f 4743/4571/5081 4751/7416/5081 5604/7290/5081
f 5624/4574/5081 4707/4017/5081 5622/4044/5081
f 5627/961/5081 4699/1669/5081 5626/4855/5081
f 4645/4012/5081 5652/2979/5081 5654/3538/5081
f 4637/1665/5081 5656/4570/5081 5658/4854/5081
f 4641/3498/5081 5654/3538/5081 5656/4570/5081
f 4629/1316/5081 5659/965/5081 5662/964/5081
f 4632/884/5081 5658/4854/5081 5659/965/5081
f 4621/1671/5081 5664/1721/5081 5666/2384/5081
f 4625/2932/5081 5662/964/5081 5664/1721/5081
f 4613/4018/5081 5668/7414/5081 5670/7413/5081
f 4616/893/5081 5666/2384/5081 5668/7414/5081
f 4605/1680/5081 5672/7412/5081 5674/7411/5081
f 4609/2940/5081 5670/7413/5081 5672/7412/5081
f 4597/4557/5081 5675/7410/5081 5678/7409/5081
f 4600/907/5081 5674/7411/5081 5675/7410/5081
f 4589/1711/5081 5680/7408/5081 5682/7407/5081
f 4593/2970/5081 5678/7409/5081 5680/7408/5081
f 4581/4568/5081 5684/4333/5081 5686/7406/5081
f 4584/950/5081 5682/7407/5081 5684/4333/5081
f 4571/7402/5081 5690/7403/5081 5691/7401/5081
f 4563/7396/5081 5694/7398/5081 4485/7394/5081
f 4557/7392/5081 4485/7394/5081 4487/7358/5081
f 4547/511/5081 4551/7390/5081 4488/7359/5081
f 4539/7383/5081 4543/7387/5081 4531/7379/5081
f 4543/7387/5081 4547/511/5081 4531/7379/5081
f 4491/7361/5081 4499/7363/5081 4547/511/5081
f 4499/7363/5081 4507/7369/5081 4515/7371/5081
f 4515/7371/5081 4523/7375/5081 4547/511/5081
f 4523/7375/5081 4531/7379/5081 4547/511/5081
f 4753/7417/5081 4755/463/5081 5604/7290/5081
f 5694/7398/5081 4567/7399/5081 5691/7401/5081
f 4499/7363/5081 4515/7371/5081 4547/511/5081
f 4755/463/5081 4757/7418/5081 5604/7290/5081
f 4757/7418/5081 4759/7419/5081 5604/7290/5081
f 4759/7419/5081 4760/7420/5081 5604/7290/5081
f 5690/7403/5081 4575/7404/5081 5688/7405/5081
f 4760/7420/5081 4763/7421/5081 5604/7290/5081
f 4763/7421/5081 4765/7422/5081 5604/7290/5081
f 5686/7406/5081 5688/7405/5081 4579/3540/5081
f 4765/7422/5081 4767/7356/5081 5604/7290/5081
f 4845/2316/5081 4847/2315/5081 5418/4845/5081
f 4847/2315/5081 4849/2916/5081 4861/2310/5081
f 5418/4845/5081 4847/2315/5081 4861/2310/5081
f 4849/2916/5081 4851/4004/5081 4853/4544/5081
f 4853/4544/5081 4855/4839/5081 4856/857/5081
f 4856/857/5081 4859/856/5081 4861/2310/5081
f 4861/2310/5081 4863/2910/5081 5418/4845/5081
f 4863/2910/5081 4865/3487/5081 5418/4845/5081
f 4865/3487/5081 4867/4001/5081 5418/4845/5081
f 4867/4001/5081 4869/4000/5081 5418/4845/5081
f 4869/4000/5081 4871/4837/5081 5418/4845/5081
f 4871/4837/5081 4872/847/5081 5418/4845/5081
f 4872/847/5081 4875/1643/5081 5418/4845/5081
f 4875/1643/5081 4877/1642/5081 5418/4845/5081
f 4877/1642/5081 4879/2306/5081 5418/4845/5081
f 4879/2306/5081 4881/2906/5081 5415/4020/5081
f 5418/4845/5081 4879/2306/5081 5415/4020/5081
f 4881/2906/5081 4883/3485/5081 5415/4020/5081
f 4883/3485/5081 4885/3997/5081 5413/3508/5081
f 4885/3997/5081 4887/4836/5081 5413/3508/5081
f 4887/4836/5081 4888/845/5081 5411/2937/5081
f 4888/845/5081 4891/844/5081 5411/2937/5081
f 4891/844/5081 4893/2304/5081 5409/2938/5081
f 4893/2304/5081 4895/2303/5081 5409/2938/5081
f 4895/2303/5081 4897/2904/5081 5407/1675/5081
f 4897/2904/5081 4899/3999/5081 5407/1675/5081
f 4899/3999/5081 4901/3998/5081 5405/898/5081
f 4901/3998/5081 4903/4542/5081 5405/898/5081
f 4903/4542/5081 4904/851/5081 5402/899/5081
f 4904/851/5081 4907/850/5081 5402/899/5081
f 4907/850/5081 4909/2308/5081 5401/1994/5081
f 4909/2308/5081 4911/2307/5081 5401/1994/5081
f 4911/2307/5081 4913/2908/5081 5399/4554/5081
f 4913/2908/5081 4915/4002/5081 5399/4554/5081
f 4915/4002/5081 4917/4543/5081 5397/4021/5081
f 4917/4543/5081 4919/4838/5081 5397/4021/5081
f 4919/4838/5081 4920/854/5081 5395/2942/5081
f 4920/854/5081 4923/853/5081 5393/2341/5081
f 4923/853/5081 4925/1649/5081 5393/2341/5081
f 5393/2341/5081 4925/1649/5081 5391/2342/5081
f 4925/1649/5081 4927/2912/5081 5391/2342/5081
f 4927/2912/5081 4929/2911/5081 5391/2342/5081
f 5391/2342/5081 4929/2911/5081 5389/904/5081
f 4929/2911/5081 4931/3490/5081 5389/904/5081
f 4931/3490/5081 4933/4003/5081 5389/904/5081
f 5389/904/5081 4933/4003/5081 5386/905/5081
f 4933/4003/5081 4935/4840/5081 5386/905/5081
f 4935/4840/5081 4936/859/5081 5386/905/5081
f 5386/905/5081 4936/859/5081 5385/4846/5081
f 4936/859/5081 4939/1651/5081 5385/4846/5081
f 4939/1651/5081 4941/2314/5081 5385/4846/5081
f 5385/4846/5081 4941/2314/5081 5383/4026/5081
f 4941/2314/5081 4943/2313/5081 5383/4026/5081
f 4943/2313/5081 4945/3492/5081 5383/4026/5081
f 5383/4026/5081 4945/3492/5081 5381/3516/5081
f 4945/3492/5081 4947/4006/5081 5381/3516/5081
f 4947/4006/5081 4949/4005/5081 5381/3516/5081
f 5381/3516/5081 4949/4005/5081 5379/3517/5081
f 4949/4005/5081 4951/4841/5081 5379/3517/5081
f 4951/4841/5081 4952/862/5081 5379/3517/5081
f 5379/3517/5081 4952/862/5081 5377/2956/5081
f 4952/862/5081 4955/1653/5081 5377/2956/5081
f 4955/1653/5081 4957/2318/5081 5377/2956/5081
f 5377/2956/5081 4957/2318/5081 5375/2356/5081
f 4957/2318/5081 4959/2918/5081 5375/2356/5081
f 4959/2918/5081 4961/3493/5081 5375/2356/5081
f 5375/2356/5081 4961/3493/5081 5373/1699/5081
f 4961/3493/5081 4963/4008/5081 5373/1699/5081
f 4963/4008/5081 4965/4007/5081 5373/1699/5081
f 5373/1699/5081 4965/4007/5081 5370/931/5081
f 4965/4007/5081 4967/4842/5081 5370/931/5081
f 4967/4842/5081 4968/865/5081 5370/931/5081
f 5370/931/5081 4968/865/5081 5369/4850/5081
f 4968/865/5081 4971/1657/5081 5369/4850/5081
f 4971/1657/5081 4973/1656/5081 5369/4850/5081
f 5369/4850/5081 4973/1656/5081 5367/4033/5081
f 4973/1656/5081 4975/2920/5081 5367/4033/5081
f 4975/2920/5081 4977/2919/5081 5367/4033/5081
f 5367/4033/5081 4977/2919/5081 5365/4034/5081
f 4977/2919/5081 4979/4011/5081 5365/4034/5081
f 4979/4011/5081 4981/4010/5081 5365/4034/5081
f 4981/4010/5081 4983/1983/5081 5363/2974/5081
f 4983/1983/5081 4984/880/5081 5363/2974/5081
f 4984/880/5081 4987/1667/5081 5361/2378/5081
f 4987/1667/5081 4989/2330/5081 5361/2378/5081
f 4989/2330/5081 4991/2329/5081 5359/1714/5081
f 4991/2329/5081 4993/2930/5081 5359/1714/5081
f 4993/2930/5081 4995/4015/5081 5357/1715/5081
f 4995/4015/5081 4997/4550/5081 5357/1715/5081
f 4997/4550/5081 4999/4549/5081 5354/955/5081
f 4999/4549/5081 5000/890/5081 5354/955/5081
f 5000/890/5081 5003/889/5081 5353/4853/5081
f 5003/889/5081 5005/1673/5081 5353/4853/5081
f 5005/1673/5081 5007/2936/5081 5351/4042/5081
f 5007/2936/5081 5009/2935/5081 5351/4042/5081
f 5009/2935/5081 5011/372/5081 5349/4043/5081
f 5011/372/5081 5013/4019/5081 5349/4043/5081
f 5013/4019/5081 5015/4553/5081 5347/7423/5081
f 5015/4553/5081 5016/902/5081 5347/7423/5081
f 5016/902/5081 5019/901/5081 5345/7424/5081
f 5019/901/5081 5021/1683/5081 5345/7424/5081
f 5021/1683/5081 5023/2954/5081 5343/7425/5081
f 5023/2954/5081 5025/2953/5081 5343/7425/5081
f 5025/2953/5081 5027/4031/5081 5341/3240/5081
f 5027/4031/5081 5029/4562/5081 5341/3240/5081
f 5029/4562/5081 5031/4561/5081 5338/7426/5081
f 5031/4561/5081 5032/941/5081 5338/7426/5081
f 5032/941/5081 5035/940/5081 5337/7427/5081
f 5035/940/5081 5037/2372/5081 5337/7427/5081
f 5040/2972/5081 5042/2971/5081 5297/7428/5081
f 5042/2971/5081 5044/4035/5081 5297/7428/5081
f 5037/2372/5081 5040/2972/5081 5337/7427/5081
f 5335/7429/5081 5040/2972/5081 5333/7430/5081
f 5353/4853/5081 5005/1673/5081 5351/4042/5081
f 5357/1715/5081 4997/4550/5081 5354/955/5081
f 5361/2378/5081 4989/2330/5081 5359/1714/5081
f 5365/4034/5081 4981/4010/5081 5363/2974/5081
f 5413/3508/5081 4887/4836/5081 5411/2937/5081
f 4883/3485/5081 5413/3508/5081 5415/4020/5081
f 4856/857/5081 4861/2310/5081 4849/2916/5081
f 4849/2916/5081 4853/4544/5081 4856/857/5081
f 4843/1655/5081 4845/2316/5081 5418/4845/5081
f 5411/2937/5081 4891/844/5081 5409/2938/5081
f 5407/1675/5081 4899/3999/5081 5405/898/5081
f 5402/899/5081 4907/850/5081 5401/1994/5081
f 5409/2938/5081 4895/2303/5081 5407/1675/5081
f 5363/2974/5081 4984/880/5081 5361/2378/5081
f 5347/7423/5081 5016/902/5081 5345/7424/5081
f 5009/2935/5081 5349/4043/5081 5351/4042/5081
f 5025/2953/5081 5341/3240/5081 5343/7425/5081
f 5032/941/5081 5337/7427/5081 5338/7426/5081
f 5044/4035/5081 5046/1359/5081 5297/7428/5081
f 5040/2972/5081 5335/7429/5081 5337/7427/5081
f 5029/4562/5081 5338/7426/5081 5341/3240/5081
f 4993/2930/5081 5357/1715/5081 5359/1714/5081
f 4840/877/5081 4843/1655/5081 5422/922/5081
f 4839/4551/5081 4840/877/5081 5426/2363/5081
f 5021/1683/5081 5343/7425/5081 5345/7424/5081
f 5301/7431/5081 5040/2972/5081 5299/7432/5081
f 5046/1359/5081 5048/4565/5081 5297/7428/5081
f 5048/4565/5081 5049/946/5081 5293/2664/5081
f 5049/946/5081 5052/1703/5081 5293/2664/5081
f 5052/1703/5081 5054/1702/5081 5290/7433/5081
f 5054/1702/5081 5056/2968/5081 5290/7433/5081
f 5056/2968/5081 5058/2967/5081 5289/7434/5081
f 5058/2967/5081 5060/3529/5081 5289/7434/5081
f 5060/3529/5081 5062/1354/5081 5287/7435/5081
f 5062/1354/5081 5064/4851/5081 5287/7435/5081
f 5064/4851/5081 5065/934/5081 5285/7436/5081
f 5065/934/5081 5068/1701/5081 5285/7436/5081
f 5068/1701/5081 5070/2362/5081 5283/7437/5081
f 5070/2362/5081 5072/2964/5081 5283/7437/5081
f 5072/2964/5081 5074/3527/5081 5281/7438/5081
f 5074/3527/5081 5076/3526/5081 5281/7438/5081
f 5076/3526/5081 5078/4560/5081 5279/7439/5081
f 5078/4560/5081 5080/4559/5081 5279/7439/5081
f 5080/4559/5081 5081/928/5081 5277/7440/5081
f 5081/928/5081 5084/1697/5081 5277/7440/5081
f 5084/1697/5081 5086/2360/5081 5274/7441/5081
f 5086/2360/5081 5088/2958/5081 5274/7441/5081
f 5088/2958/5081 5090/3522/5081 5273/7442/5081
f 5090/3522/5081 5092/3521/5081 5269/7443/5081
f 5092/3521/5081 5094/4028/5081 5269/7443/5081
f 5094/4028/5081 5096/4558/5081 5269/7443/5081
f 5096/4558/5081 5097/926/5081 5269/7443/5081
f 5097/926/5081 5100/925/5081 5269/7443/5081
f 5100/925/5081 5102/2354/5081 5269/7443/5081
f 5102/2354/5081 5104/2952/5081 5269/7443/5081
f 5104/2952/5081 5106/2951/5081 5269/7443/5081
f 5106/2951/5081 5108/3519/5081 5269/7443/5081
f 5108/3519/5081 5110/4027/5081 5269/7443/5081
f 5110/4027/5081 5112/4848/5081 5269/7443/5081
f 5112/4848/5081 5113/916/5081 5269/7443/5081
f 5113/916/5081 5116/1689/5081 5269/7443/5081
f 5116/1689/5081 5118/1688/5081 5269/7443/5081
f 5118/1688/5081 5120/2950/5081 5269/7443/5081
f 5120/2950/5081 5122/2949/5081 5269/7443/5081
f 5122/2949/5081 5124/4025/5081 5269/7443/5081
f 5124/4025/5081 5126/4024/5081 5269/7443/5081
f 5126/4024/5081 5128/4555/5081 5269/7443/5081
f 5128/4555/5081 5129/914/5081 5269/7443/5081
f 5129/914/5081 5132/913/5081 5269/7443/5081
f 5132/913/5081 5134/1685/5081 5269/7443/5081
f 5134/1685/5081 5136/2944/5081 5269/7443/5081
f 5136/2944/5081 5138/2943/5081 5269/7443/5081
f 5138/2943/5081 5140/4023/5081 5269/7443/5081
f 5140/4023/5081 5142/4022/5081 5269/7443/5081
f 5142/4022/5081 5144/4847/5081 5232/7444/5081
f 5269/7443/5081 5234/7445/5081 5236/7446/5081
f 5144/4847/5081 5145/910/5081 5232/7444/5081
f 5145/910/5081 5148/1687/5081 5228/7447/5081
f 5148/1687/5081 5150/1686/5081 5228/7447/5081
f 5150/1686/5081 5152/2948/5081 5225/7448/5081
f 5228/7447/5081 5150/1686/5081 5225/7448/5081
f 5152/2948/5081 5154/3514/5081 5225/7448/5081
f 5154/3514/5081 5156/393/5081 5218/7449/5081
f 5156/393/5081 5158/391/5081 5212/7450/5081
f 5158/391/5081 5160/4849/5081 5212/7450/5081
f 5160/4849/5081 5161/920/5081 5212/7450/5081
f 5161/920/5081 5164/919/5081 5166/2358/5081
f 5212/7450/5081 5161/920/5081 5209/7451/5081
f 5166/2358/5081 5168/2357/5081 5208/7452/5081
f 5161/920/5081 5166/2358/5081 5208/7452/5081
f 5168/2357/5081 5170/2960/5081 5172/4032/5081
f 5172/4032/5081 5174/4564/5081 5180/1707/5081
f 5174/4564/5081 5176/4563/5081 5180/1707/5081
f 5176/4563/5081 5177/943/5086 5180/1707/5081
f 5180/1707/5081 5182/1706/5081 5188/4039/5081
f 5182/1706/5081 5184/2374/5081 5188/4039/5081
f 5184/2374/5081 5186/3534/5081 5188/4039/5081
f 5188/4039/5081 5190/4038/5081 5196/1723/5081
f 5190/4038/5081 5192/4569/5081 5196/1723/5081
f 5192/4569/5081 5193/967/5081 5196/1723/5081
f 5196/1723/5081 5198/1722/5081 5202/7453/5081
f 5198/1722/5081 5200/2386/5081 5202/7453/5081
f 5202/7453/5081 5204/7454/5081 5172/4032/5081
f 5196/1723/5081 5202/7453/5081 5172/4032/5081
f 5204/7454/5081 5206/7455/5081 5208/7452/5081
f 5208/7452/5081 5209/7451/5081 5161/920/5081
f 5212/7450/5081 5214/7456/5081 5156/393/5081
f 5214/7456/5081 5216/7457/5081 5156/393/5081
f 5216/7457/5081 5218/7449/5081 5156/393/5081
f 5218/7449/5081 5220/7458/5081 5154/3514/5081
f 5220/7458/5081 5222/7459/5081 5154/3514/5081
f 5222/7459/5081 5224/7460/5081 5154/3514/5081
f 5224/7460/5081 5225/7448/5081 5154/3514/5081
f 5228/7447/5081 5230/7461/5081 5145/910/5081
f 5230/7461/5081 5232/7444/5081 5145/910/5081
f 5232/7444/5081 5234/7445/5081 5269/7443/5081
f 5236/7446/5081 5238/7462/5081 5269/7443/5081
f 5238/7462/5081 5240/7463/5081 5244/7464/5081
f 5240/7463/5081 5241/7465/5081 5244/7464/5081
f 5244/7464/5081 5246/7466/5081 5248/7467/5081
f 5248/7467/5081 5250/7468/5087 5252/7469/5081
f 5252/7469/5081 5254/7470/5081 5256/2051/5081
f 5256/2051/5081 5257/7471/5081 5269/7443/5081
f 5257/7471/5081 5260/7472/5081 5269/7443/5081
f 5260/7472/5081 5262/7473/5081 5269/7443/5081
f 5262/7473/5081 5264/7474/5081 5269/7443/5081
f 5264/7474/5081 5266/7475/5081 5269/7443/5081
f 5252/7469/5081 5256/2051/5081 5269/7443/5081
f 5244/7464/5081 5248/7467/5081 5269/7443/5081
f 5248/7467/5081 5252/7469/5081 5269/7443/5081
f 5238/7462/5081 5244/7464/5081 5269/7443/5081
f 5204/7454/5081 5208/7452/5081 5168/2357/5081
f 5204/7454/5081 5168/2357/5081 5172/4032/5081
f 5142/4022/5081 5232/7444/5081 5269/7443/5081
f 5090/3522/5081 5269/7443/5081 5271/7476/5081
f 5040/2972/5081 5301/7431/5081 5303/7477/5081
f 5333/7430/5081 5040/2972/5081 5331/7478/5081
f 4837/373/5081 4839/4551/5081 5430/3533/5081
f 5072/2964/5081 5281/7438/5081 5283/7437/5081
f 5076/3526/5081 5279/7439/5081 5281/7438/5081
f 4835/3511/5081 4837/373/5081 5434/4572/5081
f 4833/3512/5081 4835/3511/5081 5438/7341/5081
f 5080/4559/5081 5277/7440/5081 5279/7439/5081
f 4831/2370/5081 4833/3512/5081 5442/7339/5081
f 4829/1713/5081 4831/2370/5081 5446/7337/5081
f 5084/1697/5081 5274/7441/5081 5277/7440/5081
f 4827/958/5081 4829/1713/5081 5450/7335/5081
f 4824/959/5081 4827/958/5081 5454/7333/5081
f 5088/2958/5081 5273/7442/5081 5274/7441/5081
f 4823/4856/5081 4824/959/5081 5458/7331/5081
f 5090/3522/5081 5271/7476/5081 5273/7442/5081
f 5172/4032/5081 5180/1707/5081 5188/4039/5081
f 5188/4039/5081 5196/1723/5081 5172/4032/5081
f 5068/1701/5081 5283/7437/5081 5285/7436/5081
f 5064/4851/5081 5285/7436/5081 5287/7435/5081
f 5060/3529/5081 5287/7435/5081 5289/7434/5081
f 5056/2968/5081 5289/7434/5081 5290/7433/5081
f 5052/1703/5081 5290/7433/5081 5293/2664/5081
f 5048/4565/5081 5293/2664/5081 5295/7479/5081
f 5048/4565/5081 5295/7479/5081 5297/7428/5081
f 5040/2972/5081 5297/7428/5081 5299/7432/5081
f 5040/2972/5081 5303/7477/5081 5305/7480/5081
f 5305/7480/5081 5306/7481/5081 5329/7482/5081
f 5040/2972/5081 5329/7482/5081 5331/7478/5081
f 5306/7481/5081 5309/7483/5087 5311/3835/5081
f 5311/3835/5081 5313/7484/5087 5315/7485/5081
f 5315/7485/5081 5317/7486/5081 5311/3835/5081
f 5317/7486/5081 5319/7487/5081 5311/3835/5081
f 5319/7487/5081 5321/7488/5081 5322/7489/5081
f 5322/7489/5081 5325/7490/5081 5327/7491/5081
f 5327/7491/5081 5329/7482/5081 5311/3835/5081
f 5311/3835/5081 5329/7482/5081 5306/7481/5081
f 5319/7487/5081 5322/7489/5081 5311/3835/5081
f 5322/7489/5081 5327/7491/5081 5311/3835/5081
f 5329/7482/5081 5040/2972/5081 5305/7480/5081
f 5013/4019/5081 5347/7423/5081 5349/4043/5081
f 5000/890/5081 5353/4853/5081 5354/955/5081
f 4920/854/5081 5393/2341/5081 5395/2942/5081
f 5395/2942/5081 5397/4021/5081 4919/4838/5081
f 5397/4021/5081 5399/4554/5081 4915/4002/5081
f 5399/4554/5081 5401/1994/5081 4911/2307/5081
f 5402/899/5081 5405/898/5081 4903/4542/5081
f 4799/7295/5081 5512/7294/5081 4797/7296/5081
f 4795/7292/5081 4797/7296/5081 5514/7291/5081
f 4792/6795/5081 4795/7292/5081 5518/7243/5081
