# Blender 5.2.1 LTS
# www.blender.org
mtllib sensetique-metal.mtl
o sensetique-metal
v -0.892158 0.959209 0.189236
v -0.893686 0.959972 0.190000
v -0.892922 0.958445 0.189236
v -0.892922 -0.958307 0.189236
v -0.893686 -0.959836 0.190000
v -0.892158 -0.959072 0.189236
v 0.892018 -0.959072 0.189236
v 0.893547 -0.959836 0.190000
v 0.892782 -0.958307 0.189236
v 0.892018 0.959209 0.189236
v 0.892782 0.958445 0.189236
v 0.893547 0.959972 0.190000
v 0.932957 1.000000 0.189236
v 0.932956 0.999237 0.190000
v 0.933722 0.999236 0.189236
v 0.933722 -0.999236 0.189236
v 0.932956 -0.999236 0.190000
v 0.932957 -1.000000 0.189236
v -0.932957 -1.000000 0.189236
v -0.932957 -0.999236 0.190000
v -0.933722 -0.999236 0.189236
v -0.932957 1.000000 0.189236
v -0.933722 0.999236 0.189236
v -0.932957 0.999237 0.190000
v -0.450073 0.061899 0.189236
v -0.451577 0.063074 0.190000
v -0.450813 0.061325 0.189236
v -0.450813 -0.065146 0.189236
v -0.451577 -0.067278 0.190000
v -0.450049 -0.141864 0.189236
v -0.450813 -0.141100 0.189236
v -0.451577 -0.142627 0.190000
v 0.442389 -0.141864 0.189236
v 0.443919 -0.142627 0.190000
v 0.443153 -0.141100 0.189236
v 0.443153 0.048519 0.189236
v 0.443919 0.050047 0.190000
v 0.442389 0.049283 0.189236
v -0.353758 0.050047 0.190000
v -0.353758 0.049283 0.189236
v -0.361967 0.049373 0.189236
v -0.361951 0.050137 0.190000
v -0.370129 0.050405 0.190000
v -0.370163 0.049642 0.189236
v -0.378292 0.050852 0.190000
v -0.378342 0.050090 0.189236
v -0.386435 0.051477 0.190000
v -0.386502 0.050716 0.189236
v -0.394557 0.052280 0.190000
v -0.394641 0.051520 0.189236
v -0.402656 0.053259 0.190000
v -0.402756 0.052502 0.189236
v -0.410728 0.054415 0.190000
v -0.410844 0.053660 0.189236
v -0.418772 0.055747 0.190000
v -0.418905 0.054995 0.189236
v -0.426934 0.056506 0.189236
v -0.426785 0.057255 0.190000
v -0.434764 0.058938 0.190000
v -0.434930 0.058192 0.189236
v -0.442891 0.060053 0.189236
v -0.442709 0.060795 0.190000
v 0.485139 0.090927 0.189236
v 0.485062 0.090165 0.190000
v 0.485903 0.090145 0.189236
v 0.485903 -0.183700 0.189236
v 0.485059 -0.183622 0.190000
v 0.485139 -0.184464 0.189236
v -0.492799 -0.184464 0.189236
v -0.493258 -0.183613 0.190000
v -0.493563 -0.183700 0.189236
v -0.493563 0.075526 0.189236
v -0.493240 0.076983 0.190000
v -0.494261 0.076601 0.189236
v -0.517569 0.087783 0.190000
v -0.517903 0.087096 0.189236
v -0.541239 0.099491 0.189236
v -0.540857 0.100153 0.190000
v -0.563080 0.114046 0.190000
v -0.563508 0.113412 0.189236
v -0.584173 0.129398 0.190000
v -0.584645 0.128797 0.189236
v -0.604075 0.146149 0.190000
v -0.604587 0.145581 0.189236
v -0.622719 0.164232 0.190000
v -0.623270 0.163702 0.189236
v -0.640044 0.183586 0.190000
v -0.640631 0.183097 0.189236
v -0.655984 0.204148 0.190000
v -0.656605 0.203701 0.189236
v -0.670477 0.225853 0.190000
v -0.671128 0.225452 0.189236
v -0.684137 0.248286 0.189236
v -0.683459 0.248641 0.190000
v -0.694867 0.272446 0.190000
v -0.695567 0.272140 0.189236
v -0.704638 0.297213 0.190000
v -0.705356 0.296950 0.189236
v -0.708000 0.307142 0.190000
v -0.708727 0.306907 0.189236
v -0.711074 0.317148 0.190000
v -0.711807 0.316934 0.189236
v -0.713857 0.327221 0.190000
v -0.714597 0.327028 0.189236
v -0.716350 0.337357 0.190000
v -0.717094 0.337185 0.189236
v -0.718551 0.347550 0.190000
v -0.719300 0.347399 0.189236
v -0.721213 0.357667 0.189236
v -0.720460 0.357797 0.190000
v -0.722077 0.368093 0.190000
v -0.722833 0.367985 0.189236
v -0.723401 0.378434 0.190000
v -0.724160 0.378347 0.189236
v -0.724431 0.388815 0.190000
v -0.725193 0.388750 0.189236
v -0.725168 0.399232 0.190000
v -0.725931 0.399189 0.189236
v -0.725610 0.409682 0.190000
v -0.726374 0.409660 0.189236
v -0.725758 0.420138 0.190000
v -0.726522 0.420159 0.189236
v -0.722362 0.470218 0.190000
v -0.723121 0.470322 0.189236
v -0.713216 0.518468 0.189236
v -0.712477 0.518264 0.190000
v -0.696547 0.563854 0.190000
v -0.697252 0.564153 0.189236
v -0.675016 0.606543 0.190000
v -0.675676 0.606932 0.189236
v -0.648329 0.645891 0.190000
v -0.648935 0.646360 0.189236
v -0.616934 0.681449 0.190000
v -0.617474 0.681992 0.189236
v -0.581272 0.712778 0.190000
v -0.581740 0.713384 0.189236
v -0.541792 0.739430 0.190000
v -0.542179 0.740091 0.189236
v -0.498939 0.760963 0.190000
v -0.499238 0.761668 0.189236
v -0.453362 0.777670 0.189236
v -0.453157 0.776932 0.190000
v -0.404894 0.786895 0.190000
v -0.404998 0.787654 0.189236
v -0.354566 0.790409 0.190000
v -0.354592 0.791173 0.189236
v 0.349416 0.790409 0.190000
v 0.349440 0.791173 0.189236
v 0.396830 0.787225 0.190000
v 0.396930 0.787984 0.189236
v 0.442769 0.778948 0.189236
v 0.442575 0.778207 0.190000
v 0.486260 0.763729 0.190000
v 0.486546 0.764439 0.189236
v 0.527482 0.744164 0.190000
v 0.527851 0.744834 0.189236
v 0.565828 0.719888 0.190000
v 0.566275 0.720510 0.189236
v 0.600889 0.691278 0.190000
v 0.601407 0.691841 0.189236
v 0.632256 0.658708 0.190000
v 0.632838 0.659205 0.189236
v 0.659519 0.622555 0.190000
v 0.660157 0.622977 0.189236
v 0.682269 0.583192 0.190000
v 0.682954 0.583534 0.189236
v 0.700820 0.541251 0.189236
v 0.700097 0.540999 0.190000
v 0.712595 0.496346 0.190000
v 0.713344 0.496504 0.189236
v 0.720007 0.450427 0.189236
v 0.719243 0.450369 0.190000
v 0.719355 0.449611 0.189236
v 0.678267 0.446390 0.189236
v 0.678159 0.447147 0.190000
v 0.677396 0.447086 0.189236
v 0.672249 0.487931 0.190000
v 0.671500 0.487773 0.189236
v 0.660408 0.527374 0.189236
v 0.661131 0.527627 0.190000
v 0.645278 0.565140 0.190000
v 0.644593 0.564799 0.189236
v 0.625054 0.600135 0.190000
v 0.624416 0.599713 0.189236
v 0.600822 0.632279 0.190000
v 0.600240 0.631783 0.189236
v 0.572945 0.661237 0.190000
v 0.572426 0.660674 0.189236
v 0.541785 0.686674 0.190000
v 0.541337 0.686053 0.189236
v 0.507705 0.708256 0.190000
v 0.507336 0.707586 0.189236
v 0.471068 0.725649 0.190000
v 0.470783 0.724938 0.189236
v 0.432041 0.737776 0.189236
v 0.432235 0.738517 0.190000
v 0.391572 0.746525 0.190000
v 0.391473 0.745765 0.189236
v 0.349466 0.749337 0.190000
v 0.349440 0.748573 0.189236
v -0.354453 0.748573 0.189236
v -0.354478 0.749337 0.190000
v -0.399181 0.746233 0.190000
v -0.399077 0.745474 0.189236
v -0.441895 0.736650 0.189236
v -0.442099 0.737388 0.190000
v -0.482811 0.723199 0.190000
v -0.482513 0.722493 0.189236
v -0.520921 0.704060 0.190000
v -0.520534 0.703399 0.189236
v -0.556031 0.680367 0.190000
v -0.555563 0.679761 0.189236
v -0.587746 0.652515 0.190000
v -0.587205 0.651973 0.189236
v -0.615669 0.620898 0.190000
v -0.615064 0.620429 0.189236
v -0.639405 0.585912 0.190000
v -0.638745 0.585523 0.189236
v -0.658556 0.547949 0.190000
v -0.657851 0.547649 0.189236
v -0.671989 0.507201 0.189236
v -0.672727 0.507405 0.190000
v -0.681520 0.464676 0.190000
v -0.680761 0.464573 0.189236
v -0.684538 0.420179 0.190000
v -0.683773 0.420159 0.189236
v -0.684406 0.410851 0.190000
v -0.683643 0.410873 0.189236
v -0.684014 0.401561 0.190000
v -0.683251 0.401604 0.189236
v -0.683360 0.392292 0.190000
v -0.682598 0.392357 0.189236
v -0.682444 0.383051 0.190000
v -0.681684 0.383137 0.189236
v -0.681266 0.373843 0.190000
v -0.680510 0.373950 0.189236
v -0.679074 0.364802 0.189236
v -0.679827 0.364673 0.190000
v -0.678126 0.355546 0.190000
v -0.677376 0.355697 0.189236
v -0.676163 0.346468 0.190000
v -0.675418 0.346640 0.189236
v -0.673938 0.337445 0.190000
v -0.673199 0.337638 0.189236
v -0.671452 0.328481 0.190000
v -0.670718 0.328696 0.189236
v -0.668704 0.319582 0.190000
v -0.667977 0.319818 0.189236
v -0.665691 0.310746 0.190000
v -0.664974 0.311010 0.189236
v -0.656611 0.287824 0.190000
v -0.655911 0.288132 0.189236
v -0.645264 0.266175 0.189236
v -0.645940 0.265817 0.190000
v -0.633746 0.244797 0.190000
v -0.633100 0.245205 0.189236
v -0.620096 0.224830 0.190000
v -0.619482 0.225284 0.189236
v -0.605055 0.205979 0.190000
v -0.604475 0.206478 0.189236
v -0.588686 0.188308 0.190000
v -0.588145 0.188848 0.189236
v -0.571056 0.171882 0.190000
v -0.570555 0.172460 0.189236
v -0.552228 0.156764 0.190000
v -0.551772 0.157377 0.189236
v -0.532268 0.143018 0.190000
v -0.531859 0.143663 0.189236
v -0.510881 0.131382 0.189236
v -0.511244 0.130709 0.190000
v -0.489214 0.119899 0.190000
v -0.488903 0.120598 0.189236
v -0.466166 0.110629 0.190000
v -0.465918 0.111353 0.189236
v -0.465169 0.111139 0.189236
v -0.465379 0.110404 0.190000
v -0.465246 0.110366 0.190000
v -0.465017 0.111096 0.189236
v -0.456303 0.107300 0.190000
v -0.456065 0.108027 0.189236
v -0.447254 0.104492 0.190000
v -0.447038 0.105225 0.189236
v -0.438134 0.101951 0.190000
v -0.437940 0.102690 0.189236
v -0.428949 0.099677 0.190000
v -0.428776 0.100421 0.189236
v -0.419704 0.097671 0.190000
v -0.419553 0.098420 0.189236
v -0.410275 0.096686 0.189236
v -0.410405 0.095932 0.190000
v -0.401056 0.094461 0.190000
v -0.400948 0.095218 0.189236
v -0.391663 0.093258 0.190000
v -0.391577 0.094017 0.189236
v -0.382231 0.092322 0.190000
v -0.382167 0.093083 0.189236
v -0.372766 0.091653 0.190000
v -0.372723 0.092416 0.189236
v -0.363274 0.091252 0.190000
v -0.363252 0.092016 0.189236
v -0.353758 0.091882 0.189236
v -0.353758 0.091118 0.190000
v 0.445101 0.091118 0.190000
v 0.445102 0.091882 0.189236
v -0.450952 0.325281 0.189236
v -0.451717 0.323750 0.190000
v -0.450188 0.324519 0.189236
v -0.354731 0.324031 0.190000
v -0.354731 0.324795 0.189236
v 0.347630 0.324031 0.190000
v 0.347630 0.324795 0.189236
v 0.349508 0.324025 0.190000
v 0.349513 0.324789 0.189236
v 0.351391 0.324008 0.190000
v 0.351400 0.324772 0.189236
v 0.353291 0.324745 0.189236
v 0.353278 0.323981 0.190000
v 0.355168 0.323943 0.190000
v 0.355185 0.324707 0.189236
v 0.357060 0.323896 0.190000
v 0.357081 0.324660 0.189236
v 0.358954 0.323840 0.190000
v 0.358978 0.324603 0.189236
v 0.360848 0.323774 0.190000
v 0.360876 0.324538 0.189236
v 0.362741 0.323701 0.190000
v 0.362772 0.324465 0.189236
v 0.364632 0.323620 0.190000
v 0.364666 0.324383 0.189236
v 0.366521 0.323531 0.190000
v 0.366558 0.324295 0.189236
v 0.368446 0.324199 0.189236
v 0.368406 0.323436 0.190000
v 0.370278 0.323335 0.190000
v 0.370328 0.324097 0.189236
v 0.376421 0.322904 0.190000
v 0.376481 0.323666 0.189236
v 0.382544 0.322374 0.190000
v 0.382616 0.323135 0.189236
v 0.388648 0.321747 0.190000
v 0.388732 0.322506 0.189236
v 0.394733 0.321020 0.190000
v 0.394830 0.321778 0.189236
v 0.400799 0.320195 0.190000
v 0.400908 0.320952 0.189236
v 0.406845 0.319272 0.190000
v 0.406967 0.320026 0.189236
v 0.413005 0.319002 0.189236
v 0.412871 0.318250 0.190000
v 0.418876 0.317130 0.190000
v 0.419023 0.317880 0.189236
v 0.424860 0.315911 0.190000
v 0.425019 0.316658 0.189236
v 0.430823 0.314594 0.190000
v 0.430993 0.315338 0.189236
v 0.436762 0.313178 0.190000
v 0.436946 0.313920 0.189236
v 0.442875 0.313167 0.189236
v 0.442135 0.312592 0.189236
v 0.443639 0.311419 0.190000
v 0.442875 0.438684 0.189236
v 0.443639 0.436186 0.190000
v 0.442111 0.514828 0.189236
v 0.442875 0.514064 0.189236
v 0.443639 0.515591 0.190000
v -0.450188 0.514828 0.189236
v -0.451717 0.515590 0.190000
v -0.450952 0.514064 0.189236
v 0.356507 -0.416054 0.190000
v 0.356541 -0.416818 0.189236
v -0.363086 -0.416818 0.189236
v -0.363052 -0.416054 0.190000
v -0.411597 -0.412559 0.189236
v -0.411481 -0.411802 0.190000
v -0.457925 -0.401608 0.190000
v -0.458136 -0.402344 0.189236
v -0.502002 -0.385864 0.190000
v -0.502304 -0.386568 0.189236
v -0.543314 -0.364966 0.190000
v -0.543701 -0.365626 0.189236
v -0.581463 -0.339307 0.190000
v -0.581928 -0.339915 0.189236
v -0.616050 -0.309282 0.190000
v -0.616587 -0.309828 0.189236
v -0.646677 -0.275286 0.190000
v -0.647276 -0.275763 0.189236
v -0.672944 -0.237715 0.190000
v -0.673598 -0.238113 0.189236
v -0.695152 -0.197275 0.189236
v -0.694454 -0.196961 0.190000
v -0.710807 -0.153422 0.190000
v -0.711540 -0.153644 0.189236
v -0.721606 -0.107489 0.190000
v -0.722362 -0.107616 0.189236
v -0.727141 -0.060345 0.189236
v -0.726376 -0.060317 0.190000
v -0.726454 -0.059555 0.189236
v -0.685233 -0.057944 0.189236
v -0.685157 -0.058706 0.190000
v -0.684392 -0.058674 0.189236
v -0.680177 -0.100471 0.189236
v -0.680932 -0.100597 0.190000
v -0.671334 -0.141469 0.190000
v -0.670602 -0.141246 0.189236
v -0.656798 -0.180205 0.190000
v -0.656100 -0.179891 0.189236
v -0.637681 -0.216454 0.190000
v -0.637027 -0.216056 0.189236
v -0.614339 -0.249867 0.190000
v -0.613740 -0.249391 0.189236
v -0.587132 -0.280095 0.190000
v -0.586595 -0.279549 0.189236
v -0.556415 -0.306788 0.190000
v -0.555949 -0.306180 0.189236
v -0.522545 -0.329596 0.190000
v -0.522158 -0.328936 0.189236
v -0.485578 -0.347466 0.189236
v -0.485881 -0.348169 0.190000
v -0.446777 -0.362159 0.190000
v -0.446566 -0.361423 0.189236
v -0.405593 -0.371213 0.190000
v -0.405477 -0.370457 0.189236
v -0.362702 -0.374983 0.190000
v -0.362669 -0.374218 0.189236
v 0.356018 -0.374983 0.190000
v 0.355985 -0.374218 0.189236
v 0.399368 -0.370405 0.189236
v 0.399484 -0.371162 0.190000
v 0.441138 -0.361959 0.190000
v 0.440925 -0.361223 0.189236
v 0.480605 -0.347731 0.190000
v 0.480300 -0.347029 0.189236
v 0.517526 -0.328836 0.190000
v 0.517135 -0.328177 0.189236
v 0.551543 -0.305630 0.190000
v 0.551073 -0.305026 0.189236
v 0.582297 -0.278472 0.190000
v 0.581756 -0.277930 0.189236
v 0.609433 -0.247717 0.190000
v 0.608828 -0.247247 0.189236
v 0.632590 -0.213723 0.190000
v 0.631931 -0.213333 0.189236
v 0.650707 -0.176543 0.189236
v 0.651410 -0.176847 0.190000
v 0.665536 -0.137446 0.190000
v 0.664800 -0.137234 0.189236
v 0.674609 -0.095877 0.190000
v 0.673852 -0.095763 0.189236
v 0.678269 -0.052517 0.190000
v 0.677505 -0.052485 0.189236
v 0.678269 -0.041882 0.190000
v 0.677505 -0.041906 0.189236
v 0.675303 -0.007956 0.189236
v 0.676063 -0.007866 0.190000
v 0.670384 0.025350 0.190000
v 0.669638 0.025183 0.189236
v 0.661390 0.057535 0.190000
v 0.660665 0.057291 0.189236
v 0.649239 0.088465 0.190000
v 0.648542 0.088149 0.189236
v 0.634087 0.117922 0.190000
v 0.633425 0.117538 0.189236
v 0.616091 0.145685 0.190000
v 0.615471 0.145238 0.189236
v 0.595408 0.171536 0.190000
v 0.594836 0.171029 0.189236
v 0.572196 0.195255 0.190000
v 0.571677 0.194692 0.189236
v 0.546152 0.216008 0.189236
v 0.546612 0.216619 0.190000
v 0.518811 0.235412 0.190000
v 0.518415 0.234757 0.189236
v 0.488951 0.251412 0.190000
v 0.488625 0.250720 0.189236
v 0.457205 0.264393 0.190000
v 0.456938 0.263677 0.189236
v 0.449976 0.266826 0.190000
v 0.449741 0.266099 0.189236
v 0.442712 0.269084 0.190000
v 0.442494 0.268352 0.189236
v 0.435400 0.271173 0.190000
v 0.435198 0.270436 0.189236
v 0.428040 0.273092 0.190000
v 0.427856 0.272350 0.189236
v 0.420470 0.274094 0.189236
v 0.420637 0.274840 0.190000
v 0.413191 0.276417 0.190000
v 0.413041 0.275668 0.189236
v 0.405703 0.277823 0.190000
v 0.405571 0.277070 0.189236
v 0.398178 0.279056 0.190000
v 0.398063 0.278301 0.189236
v 0.390615 0.280118 0.190000
v 0.390518 0.279360 0.189236
v 0.383018 0.281006 0.190000
v 0.382938 0.280246 0.189236
v 0.375388 0.281720 0.190000
v 0.375325 0.280959 0.189236
v 0.367734 0.282260 0.190000
v 0.367682 0.281498 0.189236
v 0.366040 0.281599 0.189236
v 0.366085 0.282362 0.190000
v 0.364430 0.282457 0.190000
v 0.364388 0.281694 0.189236
v 0.362766 0.282546 0.190000
v 0.362728 0.281782 0.189236
v 0.361095 0.282627 0.190000
v 0.361060 0.281863 0.189236
v 0.359418 0.282700 0.190000
v 0.359386 0.281937 0.189236
v 0.357736 0.282766 0.190000
v 0.357708 0.282002 0.189236
v 0.356051 0.282822 0.190000
v 0.356027 0.282058 0.189236
v 0.354364 0.282869 0.190000
v 0.354345 0.282105 0.189236
v 0.352663 0.282143 0.189236
v 0.352678 0.282907 0.190000
v 0.350992 0.282934 0.190000
v 0.350982 0.282170 0.189236
v 0.349309 0.282951 0.190000
v 0.349304 0.282187 0.189236
v 0.347630 0.282957 0.190000
v 0.347630 0.282193 0.189236
v -0.354732 0.282957 0.190000
v -0.354731 0.282193 0.189236
v -0.493702 0.282262 0.189236
v -0.492938 0.281502 0.189236
v -0.492936 0.282266 0.190000
v -0.493702 0.556663 0.189236
v -0.492936 0.556664 0.190000
v -0.492938 0.557427 0.189236
v 0.485000 0.557427 0.189236
v 0.485000 0.556664 0.190000
v 0.485764 0.556663 0.189236
v 0.485764 0.299246 0.189236
v 0.485000 0.297991 0.190000
v 0.486459 0.298164 0.189236
v 0.519213 0.282337 0.190000
v 0.519566 0.283017 0.189236
v 0.550891 0.263831 0.190000
v 0.551309 0.264472 0.189236
v 0.580356 0.242472 0.190000
v 0.580835 0.243069 0.189236
v 0.607447 0.218483 0.190000
v 0.607981 0.219030 0.189236
v 0.632589 0.192576 0.189236
v 0.632004 0.192083 0.190000
v 0.653867 0.163493 0.190000
v 0.654496 0.163928 0.189236
v 0.672875 0.132935 0.190000
v 0.673543 0.133308 0.189236
v 0.688868 0.100632 0.190000
v 0.689569 0.100938 0.189236
v 0.701686 0.066802 0.190000
v 0.702414 0.067038 0.189236
v 0.711169 0.031668 0.190000
v 0.711917 0.031829 0.189236
v 0.717157 -0.004552 0.190000
v 0.717917 -0.004465 0.189236
v 0.719491 -0.041648 0.190000
v 0.720255 -0.041625 0.189236
v 0.720255 -0.052902 0.189236
v 0.719491 -0.052871 0.190000
v 0.715373 -0.101767 0.190000
v 0.716130 -0.101881 0.189236
v 0.705168 -0.148591 0.190000
v 0.705904 -0.148801 0.189236
v 0.689275 -0.192959 0.190000
v 0.689978 -0.193263 0.189236
v 0.668096 -0.234475 0.190000
v 0.668755 -0.234866 0.189236
v 0.642636 -0.273211 0.189236
v 0.642032 -0.272741 0.190000
v 0.611484 -0.307356 0.190000
v 0.612025 -0.307898 0.189236
v 0.576854 -0.337922 0.190000
v 0.577324 -0.338527 0.189236
v 0.538544 -0.364040 0.190000
v 0.538935 -0.364699 0.189236
v 0.496955 -0.385311 0.190000
v 0.497259 -0.386014 0.189236
v 0.452488 -0.401336 0.190000
v 0.452700 -0.402072 0.189236
v 0.405660 -0.412473 0.189236
v 0.405544 -0.411716 0.190000
v -0.719468 -0.725806 0.189236
v -0.718698 -0.725811 0.190000
v -0.718795 -0.725047 0.189236
v -0.697255 -0.725811 0.189236
v -0.698044 -0.725047 0.189236
v -0.698019 -0.725811 0.190000
v -0.697868 -0.730510 0.190000
v -0.697106 -0.730429 0.189236
v -0.696923 -0.735744 0.190000
v -0.696182 -0.735551 0.189236
v -0.695231 -0.740677 0.190000
v -0.694527 -0.740374 0.189236
v -0.692812 -0.745265 0.190000
v -0.692164 -0.744857 0.189236
v -0.689111 -0.748961 0.189236
v -0.689690 -0.749463 0.190000
v -0.685890 -0.753228 0.190000
v -0.685391 -0.752646 0.189236
v -0.681437 -0.756519 0.190000
v -0.681024 -0.755874 0.189236
v -0.676355 -0.759297 0.190000
v -0.676031 -0.758603 0.189236
v -0.670670 -0.761523 0.190000
v -0.670433 -0.760795 0.189236
v -0.664403 -0.763159 0.190000
v -0.664250 -0.762410 0.189236
v -0.657577 -0.764169 0.190000
v -0.657503 -0.763407 0.189236
v -0.650215 -0.764514 0.190000
v -0.650214 -0.763749 0.189236
v -0.643274 -0.763447 0.189236
v -0.643204 -0.764208 0.190000
v -0.636912 -0.763323 0.190000
v -0.637059 -0.762573 0.189236
v -0.631314 -0.761905 0.190000
v -0.631547 -0.761175 0.189236
v -0.626389 -0.759998 0.190000
v -0.626713 -0.759304 0.189236
v -0.622118 -0.757651 0.190000
v -0.622534 -0.757007 0.189236
v -0.618483 -0.754910 0.190000
v -0.618988 -0.754334 0.189236
v -0.615465 -0.751825 0.190000
v -0.616052 -0.751333 0.189236
v -0.613046 -0.748451 0.190000
v -0.613701 -0.748053 0.189236
v -0.611913 -0.744543 0.189236
v -0.611207 -0.744840 0.190000
v -0.609924 -0.741046 0.190000
v -0.610664 -0.740851 0.189236
v -0.609173 -0.737122 0.190000
v -0.609932 -0.737027 0.189236
v -0.608928 -0.733114 0.190000
v -0.609694 -0.733119 0.189236
v -0.609296 -0.728220 0.190000
v -0.610053 -0.728341 0.189236
v -0.610359 -0.723891 0.190000
v -0.611085 -0.724139 0.189236
v -0.612048 -0.720097 0.190000
v -0.612718 -0.720471 0.189236
v -0.614286 -0.716807 0.190000
v -0.614882 -0.717290 0.189236
v -0.617506 -0.714555 0.189236
v -0.616994 -0.713985 0.190000
v -0.620090 -0.711587 0.190000
v -0.620520 -0.712220 0.189236
v -0.623497 -0.709565 0.190000
v -0.623853 -0.710242 0.189236
v -0.627141 -0.707871 0.190000
v -0.627435 -0.708577 0.189236
v -0.630950 -0.706456 0.190000
v -0.631195 -0.707180 0.189236
v -0.634857 -0.705272 0.190000
v -0.635062 -0.706008 0.189236
v -0.638789 -0.704274 0.190000
v -0.638965 -0.705017 0.189236
v -0.642673 -0.703416 0.190000
v -0.642835 -0.704163 0.189236
v -0.652159 -0.702162 0.189236
v -0.651999 -0.701414 0.190000
v -0.661033 -0.699495 0.190000
v -0.661198 -0.700242 0.189236
v -0.669667 -0.697522 0.190000
v -0.669850 -0.698264 0.189236
v -0.677799 -0.695356 0.190000
v -0.678017 -0.696088 0.189236
v -0.685326 -0.692862 0.190000
v -0.685598 -0.693577 0.189236
v -0.692146 -0.689907 0.190000
v -0.692493 -0.690589 0.189236
v -0.698160 -0.686360 0.190000
v -0.698602 -0.686987 0.189236
v -0.703277 -0.682092 0.190000
v -0.703824 -0.682631 0.189236
v -0.708060 -0.677381 0.189236
v -0.707414 -0.676965 0.190000
v -0.710491 -0.670828 0.190000
v -0.711210 -0.671099 0.189236
v -0.712417 -0.663518 0.190000
v -0.713173 -0.663646 0.189236
v -0.713084 -0.654878 0.190000
v -0.713850 -0.654881 0.189236
v -0.712574 -0.647506 0.190000
v -0.713332 -0.647396 0.189236
v -0.711078 -0.640762 0.190000
v -0.711810 -0.640536 0.189236
v -0.708642 -0.634649 0.190000
v -0.709329 -0.634307 0.189236
v -0.705313 -0.629163 0.190000
v -0.705934 -0.628713 0.189236
v -0.701670 -0.623758 0.189236
v -0.701130 -0.624303 0.190000
v -0.696132 -0.620068 0.190000
v -0.696583 -0.619449 0.189236
v -0.690357 -0.616464 0.190000
v -0.690719 -0.615790 0.189236
v -0.683847 -0.613498 0.190000
v -0.684123 -0.612785 0.189236
v -0.676644 -0.611178 0.190000
v -0.676841 -0.610439 0.189236
v -0.668793 -0.609512 0.190000
v -0.668917 -0.608757 0.189236
v -0.660339 -0.608507 0.190000
v -0.660398 -0.607745 0.189236
v -0.651332 -0.608171 0.190000
v -0.651329 -0.607406 0.189236
v -0.641592 -0.607862 0.189236
v -0.641667 -0.608624 0.190000
v -0.632925 -0.609934 0.190000
v -0.632769 -0.609185 0.189236
v -0.625083 -0.612033 0.190000
v -0.624840 -0.611307 0.189236
v -0.618118 -0.614851 0.190000
v -0.617784 -0.614161 0.189236
v -0.612005 -0.618320 0.190000
v -0.611582 -0.617681 0.189236
v -0.606719 -0.622372 0.190000
v -0.606211 -0.621799 0.189236
v -0.602237 -0.626944 0.190000
v -0.601653 -0.626447 0.189236
v -0.598534 -0.631970 0.190000
v -0.597887 -0.631559 0.189236
v -0.594893 -0.637067 0.189236
v -0.595588 -0.637388 0.190000
v -0.593380 -0.643135 0.190000
v -0.592650 -0.642905 0.189236
v -0.591891 -0.649145 0.190000
v -0.591138 -0.649004 0.189236
v -0.590434 -0.654540 0.189236
v -0.591205 -0.654534 0.190000
v -0.591101 -0.655298 0.189236
v -0.612624 -0.654548 0.189236
v -0.611715 -0.655298 0.189236
v -0.611849 -0.654534 0.190000
v -0.613698 -0.648991 0.189236
v -0.612961 -0.648780 0.190000
v -0.615048 -0.643319 0.190000
v -0.615737 -0.643658 0.189236
v -0.617847 -0.638759 0.190000
v -0.618461 -0.639219 0.189236
v -0.621218 -0.635030 0.190000
v -0.621741 -0.635591 0.189236
v -0.625016 -0.632057 0.190000
v -0.625441 -0.632695 0.189236
v -0.629099 -0.629758 0.190000
v -0.629431 -0.630448 0.189236
v -0.633329 -0.628045 0.190000
v -0.633578 -0.628769 0.189236
v -0.637571 -0.626834 0.190000
v -0.637749 -0.627578 0.189236
v -0.641811 -0.626792 0.189236
v -0.641693 -0.626037 0.190000
v -0.645563 -0.625571 0.190000
v -0.645633 -0.626332 0.189236
v -0.649050 -0.625352 0.190000
v -0.649081 -0.626115 0.189236
v -0.652032 -0.625297 0.190000
v -0.652024 -0.626061 0.189236
v -0.657665 -0.625517 0.190000
v -0.657604 -0.626279 0.189236
v -0.662966 -0.626170 0.190000
v -0.662838 -0.626924 0.189236
v -0.667900 -0.627242 0.190000
v -0.667700 -0.627980 0.189236
v -0.672441 -0.628720 0.190000
v -0.672163 -0.629434 0.189236
v -0.676201 -0.631270 0.189236
v -0.676561 -0.630595 0.190000
v -0.680232 -0.632852 0.190000
v -0.679787 -0.633475 0.189236
v -0.683424 -0.635481 0.190000
v -0.682894 -0.636034 0.189236
v -0.686105 -0.638468 0.190000
v -0.685495 -0.638932 0.189236
v -0.688242 -0.641796 0.190000
v -0.687565 -0.642155 0.189236
v -0.689804 -0.645447 0.190000
v -0.689076 -0.645688 0.189236
v -0.690760 -0.649398 0.190000
v -0.690002 -0.649517 0.189236
v -0.691084 -0.653631 0.190000
v -0.690317 -0.653628 0.189236
v -0.689918 -0.658302 0.189236
v -0.690673 -0.658441 0.190000
v -0.689474 -0.662629 0.190000
v -0.688762 -0.662340 0.189236
v -0.687546 -0.666236 0.190000
v -0.686910 -0.665805 0.189236
v -0.684961 -0.669303 0.190000
v -0.684422 -0.668756 0.189236
v -0.681798 -0.671883 0.190000
v -0.681360 -0.671255 0.189236
v -0.678134 -0.674043 0.190000
v -0.677785 -0.673362 0.189236
v -0.674035 -0.675851 0.190000
v -0.673757 -0.675138 0.189236
v -0.669561 -0.677375 0.190000
v -0.669337 -0.676645 0.189236
v -0.664587 -0.677942 0.189236
v -0.664773 -0.678684 0.190000
v -0.659727 -0.679839 0.190000
v -0.659566 -0.679092 0.189236
v -0.654485 -0.680904 0.190000
v -0.654337 -0.680155 0.189236
v -0.649106 -0.681941 0.190000
v -0.648960 -0.681191 0.189236
v -0.641703 -0.683395 0.190000
v -0.641550 -0.682647 0.189236
v -0.634269 -0.684979 0.190000
v -0.634097 -0.684234 0.189236
v -0.626936 -0.686805 0.190000
v -0.626731 -0.686069 0.189236
v -0.619838 -0.688988 0.190000
v -0.619585 -0.688266 0.189236
v -0.612789 -0.690941 0.189236
v -0.613105 -0.691638 0.190000
v -0.606869 -0.694864 0.190000
v -0.606474 -0.694209 0.189236
v -0.601258 -0.698776 0.190000
v -0.600770 -0.698184 0.189236
v -0.596392 -0.703482 0.190000
v -0.595810 -0.702982 0.189236
v -0.592390 -0.709101 0.190000
v -0.591725 -0.708718 0.189236
v -0.589369 -0.715757 0.190000
v -0.588644 -0.715506 0.189236
v -0.587457 -0.723582 0.190000
v -0.586699 -0.723463 0.189236
v -0.586789 -0.732696 0.190000
v -0.586022 -0.732702 0.189236
v -0.587046 -0.744004 0.189236
v -0.587800 -0.743857 0.190000
v -0.590618 -0.753145 0.190000
v -0.589912 -0.753448 0.189236
v -0.594931 -0.760752 0.190000
v -0.594307 -0.761201 0.189236
v -0.600438 -0.766863 0.190000
v -0.599921 -0.767430 0.189236
v -0.606849 -0.771652 0.190000
v -0.606442 -0.772302 0.189236
v -0.613864 -0.775280 0.190000
v -0.613558 -0.775982 0.189236
v -0.621179 -0.777907 0.190000
v -0.620959 -0.778639 0.189236
v -0.628483 -0.779689 0.190000
v -0.628332 -0.780439 0.189236
v -0.635368 -0.781549 0.189236
v -0.635462 -0.780790 0.190000
v -0.641804 -0.781372 0.190000
v -0.641753 -0.782135 0.189236
v -0.647199 -0.781600 0.190000
v -0.647177 -0.782364 0.189236
v -0.651322 -0.781639 0.190000
v -0.651329 -0.782404 0.189236
v -0.657558 -0.781509 0.190000
v -0.657593 -0.782272 0.189236
v -0.664338 -0.781020 0.190000
v -0.664418 -0.781780 0.189236
v -0.671468 -0.780031 0.190000
v -0.671604 -0.780783 0.189236
v -0.678745 -0.778398 0.190000
v -0.678951 -0.779135 0.189236
v -0.686259 -0.776690 0.189236
v -0.685971 -0.775980 0.190000
v -0.692948 -0.772638 0.190000
v -0.693329 -0.773303 0.189236
v -0.699480 -0.768230 0.190000
v -0.699960 -0.768828 0.189236
v -0.705377 -0.762614 0.190000
v -0.705954 -0.763120 0.189236
v -0.710452 -0.755640 0.190000
v -0.711111 -0.756033 0.189236
v -0.714512 -0.747153 0.190000
v -0.715230 -0.747423 0.189236
v -0.717361 -0.736993 0.190000
v -0.718113 -0.737142 0.189236
v -0.533246 -0.682098 0.189236
v -0.534010 -0.683626 0.190000
v -0.532482 -0.682862 0.189236
v -0.446773 -0.683626 0.189236
v -0.447537 -0.682862 0.189236
v -0.447537 -0.683626 0.190000
v -0.446773 -0.700755 0.189236
v -0.447537 -0.700755 0.190000
v -0.447537 -0.701519 0.189236
v -0.532482 -0.701519 0.189236
v -0.534010 -0.700755 0.190000
v -0.533246 -0.702284 0.189236
v -0.533246 -0.757973 0.189236
v -0.534010 -0.759501 0.190000
v -0.532482 -0.758737 0.189236
v -0.435979 -0.758737 0.189236
v -0.435979 -0.759501 0.190000
v -0.435215 -0.759501 0.189236
v -0.435215 -0.776628 0.189236
v -0.435979 -0.776628 0.190000
v -0.435979 -0.777392 0.189236
v -0.554622 -0.777392 0.189236
v -0.554622 -0.776628 0.190000
v -0.555386 -0.776628 0.189236
v -0.555386 -0.613182 0.189236
v -0.554622 -0.613182 0.190000
v -0.554622 -0.612418 0.189236
v -0.437723 -0.613182 0.189236
v -0.438487 -0.612418 0.189236
v -0.438487 -0.613182 0.190000
v -0.437723 -0.630309 0.189236
v -0.438487 -0.630309 0.190000
v -0.438487 -0.631073 0.189236
v -0.532482 -0.631073 0.189236
v -0.534010 -0.630309 0.190000
v -0.533246 -0.631837 0.189236
v -0.388987 -0.647292 0.189236
v -0.388561 -0.647162 0.189236
v -0.389751 -0.644023 0.190000
v -0.388987 -0.776628 0.189236
v -0.389751 -0.776628 0.190000
v -0.389751 -0.777392 0.189236
v -0.410363 -0.777392 0.189236
v -0.410363 -0.776628 0.190000
v -0.411127 -0.776628 0.189236
v -0.411127 -0.613182 0.189236
v -0.410363 -0.613182 0.190000
v -0.410363 -0.612418 0.189236
v -0.387385 -0.612418 0.189236
v -0.387029 -0.613182 0.190000
v -0.386196 -0.613053 0.189236
v -0.298894 -0.742521 0.189236
v -0.299320 -0.742650 0.189236
v -0.298130 -0.745797 0.190000
v -0.298894 -0.613182 0.189236
v -0.298130 -0.613182 0.190000
v -0.298130 -0.612418 0.189236
v -0.277519 -0.612418 0.189236
v -0.277519 -0.613182 0.190000
v -0.276754 -0.613182 0.189236
v -0.276754 -0.776628 0.189236
v -0.277519 -0.776628 0.190000
v -0.277519 -0.777392 0.189236
v -0.301409 -0.776758 0.189236
v -0.300218 -0.777392 0.189236
v -0.300575 -0.776628 0.190000
v -0.246028 -0.725806 0.189236
v -0.245257 -0.725811 0.190000
v -0.245354 -0.725047 0.189236
v -0.223950 -0.725810 0.189236
v -0.224743 -0.725047 0.189236
v -0.224714 -0.725811 0.190000
v -0.224535 -0.730514 0.190000
v -0.223774 -0.730429 0.189236
v -0.223563 -0.735748 0.190000
v -0.222823 -0.735551 0.189236
v -0.221849 -0.740680 0.190000
v -0.221147 -0.740374 0.189236
v -0.219413 -0.745267 0.190000
v -0.218766 -0.744857 0.189236
v -0.216277 -0.749464 0.190000
v -0.215700 -0.748961 0.189236
v -0.212467 -0.753229 0.190000
v -0.211969 -0.752646 0.189236
v -0.207595 -0.755874 0.189236
v -0.208007 -0.756519 0.190000
v -0.202921 -0.759297 0.190000
v -0.202597 -0.758603 0.189236
v -0.197233 -0.761523 0.190000
v -0.196996 -0.760795 0.189236
v -0.190964 -0.763159 0.190000
v -0.190812 -0.762410 0.189236
v -0.184138 -0.764169 0.190000
v -0.184064 -0.763407 0.189236
v -0.176776 -0.764514 0.190000
v -0.176775 -0.763749 0.189236
v -0.169765 -0.764208 0.190000
v -0.169835 -0.763447 0.189236
v -0.163473 -0.763323 0.190000
v -0.163620 -0.762573 0.189236
v -0.158108 -0.761175 0.189236
v -0.157875 -0.761905 0.190000
v -0.152950 -0.759998 0.190000
v -0.153274 -0.759304 0.189236
v -0.148679 -0.757650 0.190000
v -0.149095 -0.757007 0.189236
v -0.145043 -0.754910 0.190000
v -0.145549 -0.754334 0.189236
v -0.142026 -0.751826 0.190000
v -0.142613 -0.751333 0.189236
v -0.139607 -0.748451 0.190000
v -0.140262 -0.748053 0.189236
v -0.137768 -0.744840 0.190000
v -0.138474 -0.744543 0.189236
v -0.136485 -0.741046 0.190000
v -0.137225 -0.740851 0.189236
v -0.136493 -0.737027 0.189236
v -0.135733 -0.737122 0.190000
v -0.135489 -0.733114 0.190000
v -0.136254 -0.733119 0.189236
v -0.135857 -0.728221 0.190000
v -0.136614 -0.728341 0.189236
v -0.136920 -0.723891 0.190000
v -0.137645 -0.724139 0.189236
v -0.138608 -0.720097 0.190000
v -0.139278 -0.720471 0.189236
v -0.140846 -0.716808 0.190000
v -0.141442 -0.717290 0.189236
v -0.143554 -0.713985 0.190000
v -0.144066 -0.714555 0.189236
v -0.146650 -0.711587 0.190000
v -0.147080 -0.712220 0.189236
v -0.150413 -0.710242 0.189236
v -0.150056 -0.709565 0.190000
v -0.153700 -0.707871 0.190000
v -0.153995 -0.708577 0.189236
v -0.157510 -0.706456 0.190000
v -0.157754 -0.707180 0.189236
v -0.161417 -0.705272 0.190000
v -0.161621 -0.706008 0.189236
v -0.165349 -0.704274 0.190000
v -0.165525 -0.705017 0.189236
v -0.169234 -0.703416 0.190000
v -0.169396 -0.704163 0.189236
v -0.178560 -0.701414 0.190000
v -0.178720 -0.702162 0.189236
v -0.187594 -0.699495 0.190000
v -0.187758 -0.700242 0.189236
v -0.196411 -0.698264 0.189236
v -0.196227 -0.697522 0.190000
v -0.204360 -0.695356 0.190000
v -0.204578 -0.696088 0.189236
v -0.211886 -0.692862 0.190000
v -0.212159 -0.693577 0.189236
v -0.218706 -0.689907 0.190000
v -0.219053 -0.690589 0.189236
v -0.224720 -0.686360 0.190000
v -0.225162 -0.686987 0.189236
v -0.229837 -0.682092 0.190000
v -0.230385 -0.682631 0.189236
v -0.233974 -0.676965 0.190000
v -0.234621 -0.677381 0.189236
v -0.237052 -0.670828 0.190000
v -0.237770 -0.671099 0.189236
v -0.239734 -0.663646 0.189236
v -0.238977 -0.663518 0.190000
v -0.239644 -0.654878 0.190000
v -0.240410 -0.654881 0.189236
v -0.239134 -0.647506 0.190000
v -0.239893 -0.647396 0.189236
v -0.237638 -0.640762 0.190000
v -0.238371 -0.640536 0.189236
v -0.235203 -0.634649 0.190000
v -0.235889 -0.634307 0.189236
v -0.231874 -0.629163 0.190000
v -0.232494 -0.628713 0.189236
v -0.227690 -0.624302 0.190000
v -0.228230 -0.623758 0.189236
v -0.222692 -0.620068 0.190000
v -0.223144 -0.619449 0.189236
v -0.217280 -0.615790 0.189236
v -0.216918 -0.616464 0.190000
v -0.210408 -0.613498 0.190000
v -0.210684 -0.612785 0.189236
v -0.203205 -0.611178 0.190000
v -0.203402 -0.610439 0.189236
v -0.195353 -0.609512 0.190000
v -0.195478 -0.608757 0.189236
v -0.186899 -0.608507 0.190000
v -0.186959 -0.607745 0.189236
v -0.177893 -0.608171 0.190000
v -0.177890 -0.607406 0.189236
v -0.168228 -0.608624 0.190000
v -0.168153 -0.607862 0.189236
v -0.159486 -0.609934 0.190000
v -0.159330 -0.609185 0.189236
v -0.151401 -0.611307 0.189236
v -0.151644 -0.612033 0.190000
v -0.144679 -0.614851 0.190000
v -0.144345 -0.614161 0.189236
v -0.138565 -0.618320 0.190000
v -0.138142 -0.617681 0.189236
v -0.133280 -0.622372 0.190000
v -0.132772 -0.621799 0.189236
v -0.128797 -0.626944 0.190000
v -0.128214 -0.626447 0.189236
v -0.125094 -0.631970 0.190000
v -0.124448 -0.631559 0.189236
v -0.122149 -0.637388 0.190000
v -0.121454 -0.637067 0.189236
v -0.119941 -0.643135 0.190000
v -0.119211 -0.642905 0.189236
v -0.117699 -0.649004 0.189236
v -0.118451 -0.649145 0.190000
v -0.116994 -0.654540 0.189236
v -0.117765 -0.654534 0.190000
v -0.117662 -0.655298 0.189236
v -0.139183 -0.654548 0.189236
v -0.138273 -0.655298 0.189236
v -0.138407 -0.654534 0.190000
v -0.139520 -0.648781 0.190000
v -0.140257 -0.648991 0.189236
v -0.141608 -0.643319 0.190000
v -0.142296 -0.643658 0.189236
v -0.145021 -0.639219 0.189236
v -0.144407 -0.638759 0.190000
v -0.147778 -0.635030 0.190000
v -0.148301 -0.635591 0.189236
v -0.151576 -0.632057 0.190000
v -0.152002 -0.632695 0.189236
v -0.155660 -0.629758 0.190000
v -0.155992 -0.630448 0.189236
v -0.159890 -0.628045 0.190000
v -0.160139 -0.628769 0.189236
v -0.164132 -0.626834 0.190000
v -0.164310 -0.627578 0.189236
v -0.168254 -0.626037 0.190000
v -0.168372 -0.626792 0.189236
v -0.172124 -0.625571 0.190000
v -0.172194 -0.626332 0.189236
v -0.175642 -0.626115 0.189236
v -0.175611 -0.625352 0.190000
v -0.178593 -0.625297 0.190000
v -0.178585 -0.626061 0.189236
v -0.184226 -0.625517 0.190000
v -0.184165 -0.626279 0.189236
v -0.189527 -0.626170 0.190000
v -0.189399 -0.626924 0.189236
v -0.194461 -0.627241 0.190000
v -0.194261 -0.627980 0.189236
v -0.199002 -0.628721 0.190000
v -0.198724 -0.629434 0.189236
v -0.203122 -0.630595 0.190000
v -0.202762 -0.631270 0.189236
v -0.206793 -0.632852 0.190000
v -0.206347 -0.633475 0.189236
v -0.209454 -0.636034 0.189236
v -0.209984 -0.635481 0.190000
v -0.212666 -0.638468 0.190000
v -0.212056 -0.638932 0.189236
v -0.214803 -0.641796 0.190000
v -0.214126 -0.642155 0.189236
v -0.216365 -0.645446 0.190000
v -0.215637 -0.645688 0.189236
v -0.217320 -0.649398 0.190000
v -0.216563 -0.649517 0.189236
v -0.217644 -0.653631 0.190000
v -0.216878 -0.653628 0.189236
v -0.217234 -0.658441 0.190000
v -0.216479 -0.658302 0.189236
v -0.216036 -0.662629 0.190000
v -0.215323 -0.662340 0.189236
v -0.213473 -0.665805 0.189236
v -0.214109 -0.666236 0.190000
v -0.211527 -0.669303 0.190000
v -0.210988 -0.668756 0.189236
v -0.208369 -0.671883 0.190000
v -0.207931 -0.671255 0.189236
v -0.204712 -0.674042 0.190000
v -0.204363 -0.673362 0.189236
v -0.200624 -0.675850 0.190000
v -0.200345 -0.675138 0.189236
v -0.196163 -0.677375 0.190000
v -0.195939 -0.676645 0.189236
v -0.191392 -0.678683 0.190000
v -0.191206 -0.677942 0.189236
v -0.186369 -0.679839 0.190000
v -0.186207 -0.679092 0.189236
v -0.181005 -0.680155 0.189236
v -0.181154 -0.680904 0.190000
v -0.175806 -0.681941 0.190000
v -0.175660 -0.681191 0.189236
v -0.168370 -0.683395 0.190000
v -0.168218 -0.682647 0.189236
v -0.160909 -0.684979 0.190000
v -0.160738 -0.684234 0.189236
v -0.153555 -0.686806 0.190000
v -0.153351 -0.686069 0.189236
v -0.146439 -0.688988 0.190000
v -0.146187 -0.688266 0.189236
v -0.139693 -0.691638 0.190000
v -0.139377 -0.690941 0.189236
v -0.133447 -0.694865 0.190000
v -0.133052 -0.694209 0.189236
v -0.127341 -0.698184 0.189236
v -0.127828 -0.698776 0.190000
v -0.122958 -0.703483 0.190000
v -0.122377 -0.702982 0.189236
v -0.118953 -0.709101 0.190000
v -0.118288 -0.708718 0.189236
v -0.115931 -0.715757 0.190000
v -0.115205 -0.715506 0.189236
v -0.114018 -0.723582 0.190000
v -0.113260 -0.723463 0.189236
v -0.113349 -0.732696 0.190000
v -0.112583 -0.732702 0.189236
v -0.114361 -0.743857 0.190000
v -0.113607 -0.744004 0.189236
v -0.117179 -0.753145 0.190000
v -0.116473 -0.753448 0.189236
v -0.120868 -0.761201 0.189236
v -0.121492 -0.760752 0.190000
v -0.126999 -0.766863 0.190000
v -0.126482 -0.767430 0.189236
v -0.133409 -0.771652 0.190000
v -0.133003 -0.772302 0.189236
v -0.140425 -0.775280 0.190000
v -0.140119 -0.775982 0.189236
v -0.147740 -0.777907 0.190000
v -0.147520 -0.778639 0.189236
v -0.155044 -0.779689 0.190000
v -0.154893 -0.780439 0.189236
v -0.162023 -0.780790 0.190000
v -0.161928 -0.781549 0.189236
v -0.168365 -0.781372 0.190000
v -0.168314 -0.782135 0.189236
v -0.173738 -0.782364 0.189236
v -0.173759 -0.781600 0.190000
v -0.177883 -0.781639 0.190000
v -0.177890 -0.782404 0.189236
v -0.184119 -0.781509 0.190000
v -0.184154 -0.782272 0.189236
v -0.190899 -0.781020 0.190000
v -0.190979 -0.781780 0.189236
v -0.198028 -0.780031 0.190000
v -0.198165 -0.780783 0.189236
v -0.205306 -0.778398 0.190000
v -0.205512 -0.779135 0.189236
v -0.212532 -0.775980 0.190000
v -0.212820 -0.776690 0.189236
v -0.219508 -0.772638 0.190000
v -0.219889 -0.773303 0.189236
v -0.226521 -0.768828 0.189236
v -0.226040 -0.768230 0.190000
v -0.231937 -0.762614 0.190000
v -0.232515 -0.763120 0.189236
v -0.237012 -0.755640 0.190000
v -0.237671 -0.756033 0.189236
v -0.241072 -0.747153 0.190000
v -0.241790 -0.747423 0.189236
v -0.243921 -0.736993 0.190000
v -0.244672 -0.737142 0.189236
v -0.059807 -0.682098 0.189236
v -0.060571 -0.683626 0.190000
v -0.059043 -0.682862 0.189236
v 0.025902 -0.682862 0.189236
v 0.025902 -0.683626 0.190000
v 0.026666 -0.683626 0.189236
v 0.026666 -0.700755 0.189236
v 0.025902 -0.700755 0.190000
v 0.025902 -0.701519 0.189236
v -0.059807 -0.702284 0.189236
v -0.059043 -0.701519 0.189236
v -0.060571 -0.700755 0.190000
v -0.059807 -0.757973 0.189236
v -0.060571 -0.759501 0.190000
v -0.059043 -0.758737 0.189236
v 0.037459 -0.758737 0.189236
v 0.037459 -0.759501 0.190000
v 0.038224 -0.759501 0.189236
v 0.038224 -0.776628 0.189236
v 0.037459 -0.776628 0.190000
v 0.037459 -0.777392 0.189236
v -0.081183 -0.777392 0.189236
v -0.081183 -0.776628 0.190000
v -0.081947 -0.776628 0.189236
v -0.081947 -0.613182 0.189236
v -0.081183 -0.613182 0.190000
v -0.081183 -0.612418 0.189236
v 0.034813 -0.612418 0.189236
v 0.034813 -0.613182 0.190000
v 0.035577 -0.613182 0.189236
v 0.035577 -0.630309 0.189236
v 0.034813 -0.630309 0.190000
v 0.034813 -0.631073 0.189236
v -0.059807 -0.631837 0.189236
v -0.059043 -0.631073 0.189236
v -0.060571 -0.630309 0.190000
v 0.098309 -0.631073 0.189236
v 0.099074 -0.631837 0.189236
v 0.099838 -0.631837 0.190000
v 0.046089 -0.631073 0.189236
v 0.046089 -0.631073 0.190000
v 0.046089 -0.630309 0.190000
v 0.045325 -0.630309 0.189236
v 0.045325 -0.613182 0.189236
v 0.046089 -0.613182 0.190000
v 0.046089 -0.612418 0.189236
v 0.173923 -0.612418 0.189236
v 0.173923 -0.613182 0.190000
v 0.174687 -0.613182 0.189236
v 0.173923 -0.631073 0.190000
v 0.173923 -0.631073 0.189236
v 0.174687 -0.630309 0.189236
v 0.173923 -0.630309 0.190000
v 0.120452 -0.631837 0.190000
v 0.121216 -0.631837 0.189236
v 0.121980 -0.631073 0.189236
v 0.121216 -0.631073 0.190000
v 0.121216 -0.776628 0.189236
v 0.120452 -0.776628 0.190000
v 0.120452 -0.777392 0.189236
v 0.099074 -0.776628 0.189236
v 0.099838 -0.777392 0.189236
v 0.099838 -0.776628 0.190000
v 0.219178 -0.612418 0.189236
v 0.219178 -0.613182 0.190000
v 0.219942 -0.613182 0.189236
v 0.219942 -0.776628 0.189236
v 0.219178 -0.776628 0.190000
v 0.219178 -0.777392 0.189236
v 0.198564 -0.777392 0.189236
v 0.198564 -0.776628 0.190000
v 0.197799 -0.776628 0.189236
v 0.198564 -0.612418 0.189236
v 0.197799 -0.613182 0.189236
v 0.198564 -0.613182 0.190000
v 0.350531 -0.726101 0.189236
v 0.351040 -0.726671 0.190000
v 0.351620 -0.726173 0.189236
v 0.370220 -0.745867 0.189236
v 0.369261 -0.745914 0.189236
v 0.369830 -0.747699 0.190000
v 0.372798 -0.743626 0.190000
v 0.372166 -0.743195 0.189236
v 0.375000 -0.740181 0.190000
v 0.374344 -0.739789 0.189236
v 0.376987 -0.736591 0.190000
v 0.376306 -0.736244 0.189236
v 0.378753 -0.732848 0.190000
v 0.378052 -0.732543 0.189236
v 0.380306 -0.728925 0.190000
v 0.379587 -0.728666 0.189236
v 0.381644 -0.724808 0.190000
v 0.380910 -0.724594 0.189236
v 0.382024 -0.720307 0.189236
v 0.382769 -0.720480 0.190000
v 0.383685 -0.715915 0.190000
v 0.382931 -0.715786 0.189236
v 0.384393 -0.711106 0.190000
v 0.383634 -0.711012 0.189236
v 0.384895 -0.706025 0.190000
v 0.384133 -0.705965 0.189236
v 0.385195 -0.700654 0.190000
v 0.384431 -0.700626 0.189236
v 0.385295 -0.694962 0.190000
v 0.384530 -0.694976 0.189236
v 0.384530 -0.680607 0.190000
v 0.383770 -0.680693 0.189236
v 0.382369 -0.668320 0.190000
v 0.381625 -0.668505 0.189236
v 0.378303 -0.658248 0.189236
v 0.379012 -0.657956 0.190000
v 0.374663 -0.649359 0.190000
v 0.374009 -0.649760 0.189236
v 0.369527 -0.642375 0.190000
v 0.368950 -0.642880 0.189236
v 0.363817 -0.636851 0.190000
v 0.363330 -0.637443 0.189236
v 0.357746 -0.632629 0.190000
v 0.357356 -0.633289 0.189236
v 0.351529 -0.629547 0.190000
v 0.351235 -0.630254 0.189236
v 0.345378 -0.627439 0.190000
v 0.345171 -0.628176 0.189236
v 0.339501 -0.626139 0.190000
v 0.339372 -0.626893 0.189236
v 0.334042 -0.626242 0.189236
v 0.334103 -0.625480 0.190000
v 0.329389 -0.625296 0.190000
v 0.329389 -0.626061 0.189236
v 0.324470 -0.625482 0.190000
v 0.324530 -0.626245 0.189236
v 0.318938 -0.626148 0.190000
v 0.319067 -0.626902 0.189236
v 0.312988 -0.627458 0.190000
v 0.313194 -0.628195 0.189236
v 0.306813 -0.629578 0.190000
v 0.307109 -0.630285 0.189236
v 0.300613 -0.632673 0.190000
v 0.301006 -0.633331 0.189236
v 0.294591 -0.636906 0.190000
v 0.295081 -0.637495 0.189236
v 0.289531 -0.642939 0.189236
v 0.288950 -0.642438 0.190000
v 0.283894 -0.649426 0.190000
v 0.284551 -0.649822 0.189236
v 0.279626 -0.658019 0.190000
v 0.280336 -0.658307 0.189236
v 0.276340 -0.668372 0.190000
v 0.277084 -0.668553 0.189236
v 0.274228 -0.680637 0.190000
v 0.274989 -0.680723 0.189236
v 0.273482 -0.694966 0.190000
v 0.274247 -0.694976 0.189236
v 0.273667 -0.701696 0.190000
v 0.274430 -0.701652 0.189236
v 0.274294 -0.708960 0.190000
v 0.275053 -0.708868 0.189236
v 0.276225 -0.716411 0.189236
v 0.275474 -0.716559 0.190000
v 0.277318 -0.724279 0.190000
v 0.278053 -0.724067 0.189236
v 0.279939 -0.731913 0.190000
v 0.280647 -0.731622 0.189236
v 0.283523 -0.739394 0.190000
v 0.284116 -0.738864 0.189236
v 0.287775 -0.745808 0.190000
v 0.288568 -0.745577 0.189236
v 0.293711 -0.752202 0.190000
v 0.294113 -0.751549 0.189236
v 0.300462 -0.757224 0.190000
v 0.300858 -0.756566 0.189236
v 0.308650 -0.761135 0.190000
v 0.308914 -0.760414 0.189236
v 0.318387 -0.762880 0.189236
v 0.318260 -0.763636 0.190000
v 0.329365 -0.764513 0.190000
v 0.329389 -0.763749 0.189236
v 0.331449 -0.764477 0.190000
v 0.331423 -0.763713 0.189236
v 0.333658 -0.764365 0.190000
v 0.333606 -0.763603 0.189236
v 0.335983 -0.764172 0.190000
v 0.335908 -0.763412 0.189236
v 0.338397 -0.763893 0.190000
v 0.338296 -0.763135 0.189236
v 0.340867 -0.763522 0.190000
v 0.340740 -0.762768 0.189236
v 0.341827 -0.763341 0.190000
v 0.343209 -0.762304 0.189236
v 0.345673 -0.761739 0.189236
v 0.348474 -0.761814 0.190000
v 0.347326 -0.762130 0.190000
v 0.348099 -0.761068 0.189236
v 0.350720 -0.761002 0.190000
v 0.350458 -0.760284 0.189236
v 0.353026 -0.760082 0.190000
v 0.352719 -0.759382 0.189236
v 0.355208 -0.759033 0.190000
v 0.354849 -0.758358 0.189236
v 0.356160 -0.757591 0.189236
v 0.358014 -0.757392 0.190000
v 0.356308 -0.756637 0.189236
v 0.338879 -0.736105 0.189236
v 0.338810 -0.737171 0.189236
v 0.339390 -0.736673 0.190000
v 0.384889 -0.762193 0.189236
v 0.383374 -0.762746 0.190000
v 0.384904 -0.763340 0.189236
v 0.402488 -0.783897 0.189236
v 0.402537 -0.782813 0.189236
v 0.401995 -0.783312 0.190000
v 0.391220 -0.794275 0.189236
v 0.390712 -0.793705 0.190000
v 0.390150 -0.794223 0.189236
v 0.370509 -0.773332 0.189236
v 0.371671 -0.773506 0.189236
v 0.371310 -0.771954 0.190000
v 0.369798 -0.772869 0.190000
v 0.370178 -0.773532 0.189236
v 0.368401 -0.773637 0.190000
v 0.368755 -0.774314 0.189236
v 0.366564 -0.774545 0.190000
v 0.366887 -0.775238 0.189236
v 0.364280 -0.775550 0.190000
v 0.364571 -0.776257 0.189236
v 0.361545 -0.776607 0.190000
v 0.361803 -0.777326 0.189236
v 0.358354 -0.777670 0.190000
v 0.358578 -0.778401 0.189236
v 0.354703 -0.778694 0.190000
v 0.354892 -0.779434 0.189236
v 0.350740 -0.780382 0.189236
v 0.350588 -0.779633 0.190000
v 0.346004 -0.780443 0.190000
v 0.346118 -0.781198 0.189236
v 0.340945 -0.781077 0.190000
v 0.341021 -0.781838 0.189236
v 0.335408 -0.781491 0.190000
v 0.335446 -0.782255 0.189236
v 0.329406 -0.781639 0.190000
v 0.329389 -0.782404 0.189236
v 0.314526 -0.780608 0.190000
v 0.314414 -0.781367 0.189236
v 0.301600 -0.777681 0.190000
v 0.301369 -0.778412 0.189236
v 0.290486 -0.773094 0.190000
v 0.290132 -0.773774 0.189236
v 0.280585 -0.767688 0.189236
v 0.281052 -0.767079 0.190000
v 0.273090 -0.759791 0.190000
v 0.272609 -0.760387 0.189236
v 0.266856 -0.751882 0.190000
v 0.266084 -0.752106 0.189236
v 0.261525 -0.742619 0.190000
v 0.260890 -0.743080 0.189236
v 0.257629 -0.733288 0.190000
v 0.256908 -0.733544 0.189236
v 0.254762 -0.723549 0.190000
v 0.254019 -0.723730 0.189236
v 0.252860 -0.713759 0.190000
v 0.252104 -0.713875 0.189236
v 0.251804 -0.704158 0.190000
v 0.251042 -0.704212 0.189236
v 0.250714 -0.694976 0.189236
v 0.251479 -0.694974 0.190000
v 0.251733 -0.687397 0.190000
v 0.250970 -0.687345 0.189236
v 0.252600 -0.678830 0.190000
v 0.251842 -0.678725 0.189236
v 0.254237 -0.669595 0.190000
v 0.253491 -0.669429 0.189236
v 0.256801 -0.660009 0.190000
v 0.256073 -0.659774 0.189236
v 0.260446 -0.650388 0.190000
v 0.259748 -0.650074 0.189236
v 0.265326 -0.641046 0.190000
v 0.264674 -0.640645 0.189236
v 0.271595 -0.632298 0.190000
v 0.271010 -0.631802 0.189236
v 0.278915 -0.623860 0.189236
v 0.279408 -0.624448 0.190000
v 0.288925 -0.617802 0.190000
v 0.288546 -0.617134 0.189236
v 0.300314 -0.612665 0.190000
v 0.300063 -0.611940 0.189236
v 0.313746 -0.609349 0.190000
v 0.313625 -0.608592 0.189236
v 0.329396 -0.608172 0.190000
v 0.329389 -0.607406 0.189236
v 0.340505 -0.608786 0.190000
v 0.340593 -0.608026 0.189236
v 0.351002 -0.610625 0.190000
v 0.351183 -0.609881 0.189236
v 0.360812 -0.613678 0.190000
v 0.361090 -0.612964 0.189236
v 0.370245 -0.617270 0.189236
v 0.369870 -0.617938 0.190000
v 0.378111 -0.623398 0.190000
v 0.378581 -0.622793 0.189236
v 0.385473 -0.630053 0.190000
v 0.386028 -0.629525 0.189236
v 0.391890 -0.637901 0.190000
v 0.392517 -0.637461 0.189236
v 0.397298 -0.646941 0.190000
v 0.397981 -0.646594 0.189236
v 0.401626 -0.657171 0.190000
v 0.402349 -0.656919 0.189236
v 0.404807 -0.668590 0.190000
v 0.405555 -0.668428 0.189236
v 0.406768 -0.681194 0.190000
v 0.407529 -0.681116 0.189236
v 0.408202 -0.694976 0.189236
v 0.407438 -0.694990 0.190000
v 0.407387 -0.699384 0.190000
v 0.408151 -0.699404 0.189236
v 0.407193 -0.704188 0.190000
v 0.407956 -0.704232 0.189236
v 0.406795 -0.709332 0.190000
v 0.407556 -0.709406 0.189236
v 0.406131 -0.714759 0.190000
v 0.406887 -0.714873 0.189236
v 0.405138 -0.720427 0.190000
v 0.405887 -0.720580 0.189236
v 0.403757 -0.726273 0.190000
v 0.404495 -0.726473 0.189236
v 0.401924 -0.732249 0.190000
v 0.402647 -0.732500 0.189236
v 0.400281 -0.738606 0.189236
v 0.399579 -0.738303 0.190000
v 0.396660 -0.744381 0.190000
v 0.397335 -0.744740 0.189236
v 0.393104 -0.750432 0.190000
v 0.393746 -0.750848 0.189236
v 0.389011 -0.756180 0.190000
v 0.389452 -0.756877 0.189236
v 0.436538 -0.612418 0.189236
v 0.435774 -0.613182 0.189236
v 0.436538 -0.613182 0.190000
v 0.457150 -0.612418 0.189236
v 0.457150 -0.613182 0.190000
v 0.457914 -0.613182 0.189236
v 0.457150 -0.710707 0.190000
v 0.457914 -0.710706 0.189236
v 0.457201 -0.716040 0.190000
v 0.457965 -0.716020 0.189236
v 0.458209 -0.721693 0.189236
v 0.457447 -0.721746 0.190000
v 0.458022 -0.727672 0.190000
v 0.458780 -0.727569 0.189236
v 0.459065 -0.733660 0.190000
v 0.459812 -0.733492 0.189236
v 0.460717 -0.739558 0.190000
v 0.461439 -0.739304 0.189236
v 0.463118 -0.745205 0.190000
v 0.463797 -0.744850 0.189236
v 0.466411 -0.750439 0.190000
v 0.467020 -0.749972 0.189236
v 0.470734 -0.755091 0.190000
v 0.471241 -0.754514 0.189236
v 0.476216 -0.758987 0.190000
v 0.476595 -0.758319 0.189236
v 0.483218 -0.761231 0.189236
v 0.482975 -0.761959 0.190000
v 0.491129 -0.763852 0.190000
v 0.491242 -0.763093 0.189236
v 0.500796 -0.764514 0.190000
v 0.500803 -0.763749 0.189236
v 0.508603 -0.764128 0.190000
v 0.508520 -0.763367 0.189236
v 0.515521 -0.762972 0.190000
v 0.515341 -0.762227 0.189236
v 0.521599 -0.761045 0.190000
v 0.521308 -0.760336 0.189236
v 0.526874 -0.758349 0.190000
v 0.526464 -0.757701 0.189236
v 0.531375 -0.754891 0.190000
v 0.530853 -0.754329 0.189236
v 0.534516 -0.750227 0.189236
v 0.535131 -0.750686 0.190000
v 0.538179 -0.745756 0.190000
v 0.537498 -0.745404 0.189236
v 0.540565 -0.740118 0.190000
v 0.539842 -0.739865 0.189236
v 0.542336 -0.733787 0.190000
v 0.541589 -0.733619 0.189236
v 0.543543 -0.726771 0.190000
v 0.542784 -0.726672 0.189236
v 0.544233 -0.719075 0.190000
v 0.543470 -0.719032 0.189236
v 0.543689 -0.710706 0.189236
v 0.544453 -0.710708 0.190000
v 0.543689 -0.613182 0.189236
v 0.544453 -0.613182 0.190000
v 0.544453 -0.612418 0.189236
v 0.565067 -0.612418 0.189236
v 0.565067 -0.613182 0.190000
v 0.565831 -0.613182 0.189236
v 0.565067 -0.713469 0.190000
v 0.565831 -0.713492 0.189236
v 0.564136 -0.728873 0.190000
v 0.564895 -0.728973 0.189236
v 0.561525 -0.741731 0.190000
v 0.562262 -0.741944 0.189236
v 0.557507 -0.752290 0.190000
v 0.558196 -0.752627 0.189236
v 0.552964 -0.761243 0.189236
v 0.552348 -0.760784 0.190000
v 0.546309 -0.767449 0.190000
v 0.546827 -0.768014 0.189236
v 0.539641 -0.772516 0.190000
v 0.540053 -0.773163 0.189236
v 0.532597 -0.776209 0.190000
v 0.532904 -0.776911 0.189236
v 0.525432 -0.778745 0.190000
v 0.525645 -0.779480 0.189236
v 0.518406 -0.780339 0.190000
v 0.518541 -0.781092 0.189236
v 0.511784 -0.781208 0.190000
v 0.511856 -0.781969 0.189236
v 0.505827 -0.781568 0.190000
v 0.505856 -0.782332 0.189236
v 0.500803 -0.782404 0.189236
v 0.500820 -0.781639 0.190000
v 0.486954 -0.780830 0.190000
v 0.486857 -0.781590 0.189236
v 0.475258 -0.778533 0.190000
v 0.475051 -0.779271 0.189236
v 0.465536 -0.774937 0.190000
v 0.465206 -0.775630 0.189236
v 0.457599 -0.770229 0.190000
v 0.457146 -0.770849 0.189236
v 0.451258 -0.764588 0.190000
v 0.450696 -0.765110 0.189236
v 0.446323 -0.758183 0.190000
v 0.445678 -0.758598 0.189236
v 0.442618 -0.751185 0.190000
v 0.441917 -0.751493 0.189236
v 0.439235 -0.743980 0.189236
v 0.439970 -0.743765 0.190000
v 0.438209 -0.736103 0.190000
v 0.437456 -0.736241 0.189236
v 0.437165 -0.728381 0.190000
v 0.436404 -0.728457 0.189236
v 0.436666 -0.720782 0.190000
v 0.435902 -0.720814 0.189236
v 0.436538 -0.713491 0.190000
v 0.435774 -0.713492 0.189236
v 0.625010 -0.682098 0.189236
v 0.624246 -0.683626 0.190000
v 0.625774 -0.682862 0.189236
v 0.710858 -0.682862 0.189236
v 0.710858 -0.683626 0.190000
v 0.711622 -0.683626 0.189236
v 0.711622 -0.700755 0.189236
v 0.710858 -0.700755 0.190000
v 0.710858 -0.701519 0.189236
v 0.625774 -0.701519 0.189236
v 0.624246 -0.700755 0.190000
v 0.625010 -0.702284 0.189236
v 0.625010 -0.757973 0.189236
v 0.624246 -0.759501 0.190000
v 0.625774 -0.758737 0.189236
v 0.722416 -0.758737 0.189236
v 0.722416 -0.759501 0.190000
v 0.723180 -0.759501 0.189236
v 0.723180 -0.776628 0.189236
v 0.722416 -0.776628 0.190000
v 0.722416 -0.777392 0.189236
v 0.603635 -0.777392 0.189236
v 0.603635 -0.776628 0.190000
v 0.602871 -0.776628 0.189236
v 0.603635 -0.612418 0.189236
v 0.602871 -0.613182 0.189236
v 0.603635 -0.613182 0.190000
v 0.719769 -0.612418 0.189236
v 0.719769 -0.613182 0.190000
v 0.720533 -0.613182 0.189236
v 0.720533 -0.630309 0.189236
v 0.719769 -0.630309 0.190000
v 0.719769 -0.631073 0.189236
v 0.625010 -0.631837 0.189236
v 0.625774 -0.631073 0.189236
v 0.624246 -0.630309 0.190000
v -0.892158 0.959209 -0.189236
v -0.892922 0.958445 -0.189236
v -0.893686 0.959972 -0.190000
v -0.892922 -0.958307 -0.189236
v -0.892158 -0.959072 -0.189236
v -0.893686 -0.959836 -0.190000
v 0.892018 -0.959072 -0.189236
v 0.892782 -0.958307 -0.189236
v 0.893547 -0.959836 -0.190000
v 0.892018 0.959209 -0.189236
v 0.893548 0.959972 -0.190000
v 0.892782 0.958445 -0.189236
v 0.932957 1.000000 -0.189236
v 0.933722 0.999236 -0.189236
v 0.932956 0.999237 -0.190000
v 0.933722 -0.999236 -0.189236
v 0.932957 -1.000000 -0.189236
v 0.932956 -0.999236 -0.190000
v -0.932957 -1.000000 -0.189236
v -0.933722 -0.999236 -0.189236
v -0.932958 -0.999236 -0.190000
v -0.932957 1.000000 -0.189236
v -0.932958 0.999237 -0.190000
v -0.933722 0.999236 -0.189236
v -0.450073 0.061899 -0.189236
v -0.450813 0.061325 -0.189236
v -0.451577 0.063074 -0.190000
v -0.450813 -0.109997 -0.189236
v -0.451577 -0.111328 -0.190000
v -0.450049 -0.141864 -0.189236
v -0.451577 -0.142629 -0.190000
v -0.450813 -0.141100 -0.189236
v 0.442389 -0.141864 -0.189236
v 0.443153 -0.141100 -0.189236
v 0.443917 -0.142629 -0.190000
v 0.443153 0.048519 -0.189236
v 0.442389 0.049283 -0.189236
v 0.443917 0.050047 -0.190000
v -0.353758 0.049283 -0.189236
v -0.353758 0.050047 -0.190000
v -0.361967 0.049373 -0.189236
v -0.361951 0.050137 -0.190000
v -0.370163 0.049642 -0.189236
v -0.370129 0.050405 -0.190000
v -0.378342 0.050090 -0.189236
v -0.378292 0.050852 -0.190000
v -0.386502 0.050716 -0.189236
v -0.386435 0.051477 -0.190000
v -0.394557 0.052280 -0.190000
v -0.394641 0.051520 -0.189236
v -0.402756 0.052502 -0.189236
v -0.402656 0.053259 -0.190000
v -0.410844 0.053660 -0.189236
v -0.410728 0.054415 -0.190000
v -0.418905 0.054995 -0.189236
v -0.418772 0.055747 -0.190000
v -0.426934 0.056506 -0.189236
v -0.426785 0.057255 -0.190000
v -0.434930 0.058192 -0.189236
v -0.434764 0.058938 -0.190000
v -0.442709 0.060795 -0.190000
v -0.442891 0.060053 -0.189236
v 0.485139 0.090927 -0.189236
v 0.485903 0.090145 -0.189236
v 0.485701 0.090150 -0.190000
v 0.485139 -0.184464 -0.189236
v 0.485724 -0.183482 -0.190000
v 0.485903 -0.183700 -0.189236
v -0.492799 -0.184464 -0.189236
v -0.493563 -0.183700 -0.189236
v -0.492999 -0.183482 -0.190000
v -0.493563 0.075526 -0.189236
v -0.494261 0.076601 -0.189236
v -0.492991 0.076873 -0.190000
v -0.517903 0.087096 -0.189236
v -0.517569 0.087783 -0.190000
v -0.541239 0.099491 -0.189236
v -0.540857 0.100153 -0.190000
v -0.563508 0.113412 -0.189236
v -0.563080 0.114046 -0.190000
v -0.584645 0.128797 -0.189236
v -0.584173 0.129398 -0.190000
v -0.604587 0.145581 -0.189236
v -0.604075 0.146149 -0.190000
v -0.622719 0.164232 -0.190000
v -0.623270 0.163702 -0.189236
v -0.640631 0.183097 -0.189236
v -0.640044 0.183586 -0.190000
v -0.656605 0.203701 -0.189236
v -0.655984 0.204148 -0.190000
v -0.671128 0.225452 -0.189236
v -0.670477 0.225853 -0.190000
v -0.684137 0.248286 -0.189236
v -0.683459 0.248641 -0.190000
v -0.695567 0.272140 -0.189236
v -0.694867 0.272446 -0.190000
v -0.705356 0.296950 -0.189236
v -0.704638 0.297213 -0.190000
v -0.708727 0.306907 -0.189236
v -0.708000 0.307142 -0.190000
v -0.711074 0.317148 -0.190000
v -0.711807 0.316934 -0.189236
v -0.714597 0.327028 -0.189236
v -0.713857 0.327221 -0.190000
v -0.717094 0.337185 -0.189236
v -0.716350 0.337357 -0.190000
v -0.719300 0.347399 -0.189236
v -0.718551 0.347550 -0.190000
v -0.721213 0.357667 -0.189236
v -0.720460 0.357797 -0.190000
v -0.722833 0.367985 -0.189236
v -0.722077 0.368093 -0.190000
v -0.724160 0.378347 -0.189236
v -0.723401 0.378434 -0.190000
v -0.725193 0.388750 -0.189236
v -0.724431 0.388815 -0.190000
v -0.725168 0.399232 -0.190000
v -0.725931 0.399189 -0.189236
v -0.726374 0.409660 -0.189236
v -0.725610 0.409682 -0.190000
v -0.726522 0.420159 -0.189236
v -0.725758 0.420138 -0.190000
v -0.723121 0.470322 -0.189236
v -0.722362 0.470218 -0.190000
v -0.713216 0.518468 -0.189236
v -0.712477 0.518264 -0.190000
v -0.697252 0.564153 -0.189236
v -0.696547 0.563854 -0.190000
v -0.675676 0.606932 -0.189236
v -0.675016 0.606543 -0.190000
v -0.648935 0.646360 -0.189236
v -0.648329 0.645891 -0.190000
v -0.616934 0.681449 -0.190000
v -0.617474 0.681992 -0.189236
v -0.581740 0.713384 -0.189236
v -0.581272 0.712778 -0.190000
v -0.542179 0.740091 -0.189236
v -0.541792 0.739430 -0.190000
v -0.499238 0.761668 -0.189236
v -0.498939 0.760963 -0.190000
v -0.453362 0.777670 -0.189236
v -0.453157 0.776932 -0.190000
v -0.404998 0.787654 -0.189236
v -0.404894 0.786895 -0.190000
v -0.354592 0.791173 -0.189236
v -0.354566 0.790409 -0.190000
v 0.349416 0.790409 -0.190000
v 0.349440 0.791173 -0.189236
v 0.396930 0.787984 -0.189236
v 0.396830 0.787225 -0.190000
v 0.442769 0.778948 -0.189236
v 0.442575 0.778207 -0.190000
v 0.486546 0.764439 -0.189236
v 0.486260 0.763729 -0.190000
v 0.527851 0.744834 -0.189236
v 0.527482 0.744164 -0.190000
v 0.566275 0.720510 -0.189236
v 0.565828 0.719888 -0.190000
v 0.600889 0.691278 -0.190000
v 0.601407 0.691841 -0.189236
v 0.632838 0.659205 -0.189236
v 0.632256 0.658708 -0.190000
v 0.660157 0.622977 -0.189236
v 0.659519 0.622555 -0.190000
v 0.682954 0.583534 -0.189236
v 0.682269 0.583192 -0.190000
v 0.700820 0.541251 -0.189236
v 0.700097 0.540999 -0.190000
v 0.713344 0.496504 -0.189236
v 0.712595 0.496346 -0.190000
v 0.720007 0.450427 -0.189236
v 0.719355 0.449611 -0.189236
v 0.719243 0.450369 -0.190000
v 0.677396 0.447086 -0.189236
v 0.678159 0.447147 -0.190000
v 0.678267 0.446390 -0.189236
v 0.671500 0.487773 -0.189236
v 0.672249 0.487931 -0.190000
v 0.660408 0.527374 -0.189236
v 0.661131 0.527627 -0.190000
v 0.644593 0.564799 -0.189236
v 0.645278 0.565140 -0.190000
v 0.624416 0.599713 -0.189236
v 0.625054 0.600135 -0.190000
v 0.600240 0.631783 -0.189236
v 0.600822 0.632279 -0.190000
v 0.572945 0.661237 -0.190000
v 0.572426 0.660674 -0.189236
v 0.541337 0.686053 -0.189236
v 0.541785 0.686674 -0.190000
v 0.507336 0.707586 -0.189236
v 0.507705 0.708256 -0.190000
v 0.470783 0.724938 -0.189236
v 0.471068 0.725649 -0.190000
v 0.432041 0.737776 -0.189236
v 0.432235 0.738517 -0.190000
v 0.391473 0.745765 -0.189236
v 0.391572 0.746525 -0.190000
v 0.349440 0.748573 -0.189236
v 0.349466 0.749337 -0.190000
v -0.354478 0.749337 -0.190000
v -0.354453 0.748573 -0.189236
v -0.399077 0.745474 -0.189236
v -0.399181 0.746233 -0.190000
v -0.441895 0.736650 -0.189236
v -0.442099 0.737388 -0.190000
v -0.482513 0.722493 -0.189236
v -0.482811 0.723199 -0.190000
v -0.520534 0.703399 -0.189236
v -0.520921 0.704060 -0.190000
v -0.555563 0.679761 -0.189236
v -0.556031 0.680367 -0.190000
v -0.587746 0.652515 -0.190000
v -0.587205 0.651973 -0.189236
v -0.615064 0.620429 -0.189236
v -0.615669 0.620898 -0.190000
v -0.638745 0.585523 -0.189236
v -0.639405 0.585912 -0.190000
v -0.657851 0.547649 -0.189236
v -0.658556 0.547949 -0.190000
v -0.671989 0.507201 -0.189236
v -0.672727 0.507405 -0.190000
v -0.680761 0.464573 -0.189236
v -0.681520 0.464676 -0.190000
v -0.683773 0.420159 -0.189236
v -0.684538 0.420179 -0.190000
v -0.683643 0.410873 -0.189236
v -0.684406 0.410851 -0.190000
v -0.684014 0.401561 -0.190000
v -0.683251 0.401604 -0.189236
v -0.682598 0.392357 -0.189236
v -0.683360 0.392292 -0.190000
v -0.681684 0.383137 -0.189236
v -0.682444 0.383051 -0.190000
v -0.680510 0.373950 -0.189236
v -0.681266 0.373843 -0.190000
v -0.679074 0.364802 -0.189236
v -0.679827 0.364673 -0.190000
v -0.677376 0.355697 -0.189236
v -0.678126 0.355546 -0.190000
v -0.675418 0.346640 -0.189236
v -0.676163 0.346468 -0.190000
v -0.673199 0.337638 -0.189236
v -0.673938 0.337445 -0.190000
v -0.671452 0.328481 -0.190000
v -0.670718 0.328696 -0.189236
v -0.667977 0.319818 -0.189236
v -0.668704 0.319582 -0.190000
v -0.664974 0.311010 -0.189236
v -0.665691 0.310746 -0.190000
v -0.655911 0.288132 -0.189236
v -0.656611 0.287824 -0.190000
v -0.645264 0.266175 -0.189236
v -0.645940 0.265817 -0.190000
v -0.633100 0.245205 -0.189236
v -0.633746 0.244797 -0.190000
v -0.619482 0.225284 -0.189236
v -0.620096 0.224830 -0.190000
v -0.604475 0.206478 -0.189236
v -0.605055 0.205979 -0.190000
v -0.588686 0.188308 -0.190000
v -0.588145 0.188848 -0.189236
v -0.570555 0.172460 -0.189236
v -0.571056 0.171882 -0.190000
v -0.551772 0.157377 -0.189236
v -0.552228 0.156764 -0.190000
v -0.531859 0.143663 -0.189236
v -0.532268 0.143018 -0.190000
v -0.510881 0.131382 -0.189236
v -0.511244 0.130709 -0.190000
v -0.488903 0.120598 -0.189236
v -0.489214 0.119899 -0.190000
v -0.465918 0.111353 -0.189236
v -0.466166 0.110629 -0.190000
v -0.465379 0.110404 -0.190000
v -0.465169 0.111139 -0.189236
v -0.465017 0.111096 -0.189236
v -0.465246 0.110366 -0.190000
v -0.456065 0.108027 -0.189236
v -0.456303 0.107300 -0.190000
v -0.447254 0.104492 -0.190000
v -0.447038 0.105225 -0.189236
v -0.437940 0.102690 -0.189236
v -0.438134 0.101951 -0.190000
v -0.428776 0.100421 -0.189236
v -0.428949 0.099677 -0.190000
v -0.419553 0.098420 -0.189236
v -0.419704 0.097671 -0.190000
v -0.410275 0.096686 -0.189236
v -0.410405 0.095932 -0.190000
v -0.400948 0.095218 -0.189236
v -0.401056 0.094461 -0.190000
v -0.391577 0.094017 -0.189236
v -0.391663 0.093258 -0.190000
v -0.382167 0.093083 -0.189236
v -0.382231 0.092322 -0.190000
v -0.372766 0.091653 -0.190000
v -0.372723 0.092416 -0.189236
v -0.363252 0.092016 -0.189236
v -0.363274 0.091252 -0.190000
v -0.353758 0.091882 -0.189236
v -0.353758 0.091118 -0.190000
v 0.445102 0.091882 -0.189236
v 0.445101 0.091118 -0.190000
v -0.450952 0.325281 -0.189236
v -0.450188 0.324519 -0.189236
v -0.451716 0.323750 -0.190000
v -0.354731 0.324031 -0.190000
v -0.354731 0.324795 -0.189236
v 0.347630 0.324795 -0.189236
v 0.347630 0.324031 -0.190000
v 0.349513 0.324789 -0.189236
v 0.349508 0.324025 -0.190000
v 0.351400 0.324772 -0.189236
v 0.351391 0.324008 -0.190000
v 0.353291 0.324745 -0.189236
v 0.353278 0.323981 -0.190000
v 0.355185 0.324707 -0.189236
v 0.355168 0.323943 -0.190000
v 0.357081 0.324660 -0.189236
v 0.357060 0.323896 -0.190000
v 0.358978 0.324603 -0.189236
v 0.358954 0.323840 -0.190000
v 0.360848 0.323774 -0.190000
v 0.360876 0.324538 -0.189236
v 0.362772 0.324465 -0.189236
v 0.362741 0.323701 -0.190000
v 0.364666 0.324383 -0.189236
v 0.364632 0.323620 -0.190000
v 0.366558 0.324295 -0.189236
v 0.366521 0.323531 -0.190000
v 0.368446 0.324199 -0.189236
v 0.368406 0.323436 -0.190000
v 0.370328 0.324097 -0.189236
v 0.370278 0.323335 -0.190000
v 0.376481 0.323666 -0.189236
v 0.376421 0.322904 -0.190000
v 0.382616 0.323135 -0.189236
v 0.382544 0.322374 -0.190000
v 0.388648 0.321747 -0.190000
v 0.388732 0.322506 -0.189236
v 0.394830 0.321778 -0.189236
v 0.394733 0.321020 -0.190000
v 0.400908 0.320952 -0.189236
v 0.400799 0.320195 -0.190000
v 0.406967 0.320026 -0.189236
v 0.406845 0.319272 -0.190000
v 0.413005 0.319002 -0.189236
v 0.412871 0.318250 -0.190000
v 0.419023 0.317880 -0.189236
v 0.418876 0.317130 -0.190000
v 0.425019 0.316658 -0.189236
v 0.424860 0.315911 -0.190000
v 0.430993 0.315338 -0.189236
v 0.430823 0.314594 -0.190000
v 0.436762 0.313178 -0.190000
v 0.436946 0.313920 -0.189236
v 0.442135 0.312592 -0.189236
v 0.442875 0.313167 -0.189236
v 0.443639 0.311419 -0.190000
v 0.442875 0.499833 -0.189236
v 0.443639 0.496246 -0.190000
v 0.442875 0.514064 -0.189236
v 0.442111 0.514828 -0.189236
v 0.443639 0.515592 -0.190000
v -0.450188 0.514828 -0.189236
v -0.450952 0.514064 -0.189236
v -0.451716 0.515592 -0.190000
v 0.356541 -0.416818 -0.189236
v 0.356507 -0.416054 -0.190000
v -0.363052 -0.416054 -0.190000
v -0.363086 -0.416818 -0.189236
v -0.411597 -0.412559 -0.189236
v -0.411481 -0.411802 -0.190000
v -0.458136 -0.402344 -0.189236
v -0.457925 -0.401608 -0.190000
v -0.502304 -0.386568 -0.189236
v -0.502002 -0.385864 -0.190000
v -0.543701 -0.365626 -0.189236
v -0.543314 -0.364966 -0.190000
v -0.581463 -0.339307 -0.190000
v -0.581928 -0.339915 -0.189236
v -0.616587 -0.309828 -0.189236
v -0.616050 -0.309282 -0.190000
v -0.647276 -0.275763 -0.189236
v -0.646677 -0.275286 -0.190000
v -0.673598 -0.238113 -0.189236
v -0.672944 -0.237715 -0.190000
v -0.695152 -0.197275 -0.189236
v -0.694454 -0.196961 -0.190000
v -0.711540 -0.153644 -0.189236
v -0.710807 -0.153422 -0.190000
v -0.722362 -0.107616 -0.189236
v -0.721606 -0.107489 -0.190000
v -0.727141 -0.060345 -0.189236
v -0.726454 -0.059555 -0.189236
v -0.726376 -0.060317 -0.190000
v -0.684392 -0.058674 -0.189236
v -0.685157 -0.058706 -0.190000
v -0.685233 -0.057944 -0.189236
v -0.680177 -0.100471 -0.189236
v -0.680932 -0.100597 -0.190000
v -0.670602 -0.141246 -0.189236
v -0.671334 -0.141469 -0.190000
v -0.656100 -0.179891 -0.189236
v -0.656798 -0.180205 -0.190000
v -0.637027 -0.216056 -0.189236
v -0.637681 -0.216454 -0.190000
v -0.614339 -0.249867 -0.190000
v -0.613740 -0.249391 -0.189236
v -0.586595 -0.279549 -0.189236
v -0.587132 -0.280095 -0.190000
v -0.555949 -0.306180 -0.189236
v -0.556415 -0.306788 -0.190000
v -0.522158 -0.328936 -0.189236
v -0.522545 -0.329596 -0.190000
v -0.485578 -0.347466 -0.189236
v -0.485881 -0.348169 -0.190000
v -0.446566 -0.361423 -0.189236
v -0.446777 -0.362159 -0.190000
v -0.405477 -0.370457 -0.189236
v -0.405593 -0.371213 -0.190000
v -0.362702 -0.374983 -0.190000
v -0.362669 -0.374218 -0.189236
v 0.355985 -0.374218 -0.189236
v 0.356018 -0.374983 -0.190000
v 0.399368 -0.370405 -0.189236
v 0.399484 -0.371162 -0.190000
v 0.440925 -0.361223 -0.189236
v 0.441138 -0.361959 -0.190000
v 0.480300 -0.347029 -0.189236
v 0.480605 -0.347731 -0.190000
v 0.517135 -0.328177 -0.189236
v 0.517526 -0.328836 -0.190000
v 0.551543 -0.305630 -0.190000
v 0.551073 -0.305026 -0.189236
v 0.581756 -0.277930 -0.189236
v 0.582297 -0.278472 -0.190000
v 0.608828 -0.247247 -0.189236
v 0.609433 -0.247717 -0.190000
v 0.631931 -0.213333 -0.189236
v 0.632590 -0.213723 -0.190000
v 0.650707 -0.176543 -0.189236
v 0.651410 -0.176847 -0.190000
v 0.664800 -0.137234 -0.189236
v 0.665536 -0.137446 -0.190000
v 0.673852 -0.095763 -0.189236
v 0.674609 -0.095877 -0.190000
v 0.677505 -0.052485 -0.189236
v 0.678269 -0.052517 -0.190000
v 0.678269 -0.041882 -0.190000
v 0.677505 -0.041906 -0.189236
v 0.675303 -0.007956 -0.189236
v 0.676063 -0.007866 -0.190000
v 0.669638 0.025183 -0.189236
v 0.670384 0.025350 -0.190000
v 0.660665 0.057291 -0.189236
v 0.661390 0.057535 -0.190000
v 0.648542 0.088149 -0.189236
v 0.649239 0.088465 -0.190000
v 0.634087 0.117922 -0.190000
v 0.633425 0.117538 -0.189236
v 0.615471 0.145238 -0.189236
v 0.616091 0.145685 -0.190000
v 0.594836 0.171029 -0.189236
v 0.595408 0.171536 -0.190000
v 0.571677 0.194692 -0.189236
v 0.572196 0.195255 -0.190000
v 0.546152 0.216008 -0.189236
v 0.546612 0.216619 -0.190000
v 0.518415 0.234757 -0.189236
v 0.518811 0.235412 -0.190000
v 0.488625 0.250720 -0.189236
v 0.488951 0.251412 -0.190000
v 0.456938 0.263677 -0.189236
v 0.457205 0.264393 -0.190000
v 0.449976 0.266826 -0.190000
v 0.449741 0.266099 -0.189236
v 0.442494 0.268352 -0.189236
v 0.442712 0.269084 -0.190000
v 0.435198 0.270436 -0.189236
v 0.435400 0.271173 -0.190000
v 0.427856 0.272350 -0.189236
v 0.428040 0.273092 -0.190000
v 0.420470 0.274094 -0.189236
v 0.420637 0.274840 -0.190000
v 0.413041 0.275668 -0.189236
v 0.413191 0.276417 -0.190000
v 0.405571 0.277070 -0.189236
v 0.405703 0.277823 -0.190000
v 0.398063 0.278301 -0.189236
v 0.398178 0.279056 -0.190000
v 0.390615 0.280118 -0.190000
v 0.390518 0.279360 -0.189236
v 0.382938 0.280246 -0.189236
v 0.383018 0.281006 -0.190000
v 0.375325 0.280959 -0.189236
v 0.375388 0.281720 -0.190000
v 0.367682 0.281498 -0.189236
v 0.367734 0.282260 -0.190000
v 0.366040 0.281599 -0.189236
v 0.366085 0.282362 -0.190000
v 0.364388 0.281694 -0.189236
v 0.364430 0.282457 -0.190000
v 0.362728 0.281782 -0.189236
v 0.362766 0.282546 -0.190000
v 0.361060 0.281863 -0.189236
v 0.361095 0.282627 -0.190000
v 0.359418 0.282700 -0.190000
v 0.359386 0.281937 -0.189236
v 0.357708 0.282002 -0.189236
v 0.357736 0.282766 -0.190000
v 0.356027 0.282058 -0.189236
v 0.356051 0.282822 -0.190000
v 0.354345 0.282105 -0.189236
v 0.354364 0.282869 -0.190000
v 0.352663 0.282143 -0.189236
v 0.352678 0.282907 -0.190000
v 0.350982 0.282170 -0.189236
v 0.350992 0.282934 -0.190000
v 0.349304 0.282187 -0.189236
v 0.349309 0.282951 -0.190000
v 0.347630 0.282193 -0.189236
v 0.347630 0.282957 -0.190000
v -0.354732 0.282957 -0.190000
v -0.354731 0.282193 -0.189236
v -0.492938 0.281502 -0.189236
v -0.493702 0.282262 -0.189236
v -0.492938 0.282266 -0.190000
v -0.493702 0.556663 -0.189236
v -0.492938 0.557427 -0.189236
v -0.492938 0.556663 -0.190000
v 0.485000 0.557427 -0.189236
v 0.485764 0.556663 -0.189236
v 0.485000 0.556663 -0.190000
v 0.485764 0.299246 -0.189236
v 0.486459 0.298164 -0.189236
v 0.485000 0.297991 -0.190000
v 0.519213 0.282337 -0.190000
v 0.519566 0.283017 -0.189236
v 0.551309 0.264472 -0.189236
v 0.550891 0.263831 -0.190000
v 0.580835 0.243069 -0.189236
v 0.580356 0.242472 -0.190000
v 0.607981 0.219030 -0.189236
v 0.607447 0.218483 -0.190000
v 0.632589 0.192576 -0.189236
v 0.632004 0.192083 -0.190000
v 0.654496 0.163928 -0.189236
v 0.653867 0.163493 -0.190000
v 0.673543 0.133308 -0.189236
v 0.672875 0.132935 -0.190000
v 0.689569 0.100938 -0.189236
v 0.688868 0.100632 -0.190000
v 0.701686 0.066802 -0.190000
v 0.702414 0.067038 -0.189236
v 0.711917 0.031829 -0.189236
v 0.711169 0.031668 -0.190000
v 0.717917 -0.004465 -0.189236
v 0.717157 -0.004552 -0.190000
v 0.720255 -0.041625 -0.189236
v 0.719491 -0.041648 -0.190000
v 0.720255 -0.052902 -0.189236
v 0.719491 -0.052871 -0.190000
v 0.715373 -0.101767 -0.190000
v 0.716130 -0.101881 -0.189236
v 0.705904 -0.148801 -0.189236
v 0.705168 -0.148591 -0.190000
v 0.689978 -0.193263 -0.189236
v 0.689275 -0.192959 -0.190000
v 0.668755 -0.234866 -0.189236
v 0.668096 -0.234475 -0.190000
v 0.642636 -0.273211 -0.189236
v 0.642032 -0.272741 -0.190000
v 0.612025 -0.307898 -0.189236
v 0.611484 -0.307356 -0.190000
v 0.577324 -0.338527 -0.189236
v 0.576854 -0.337922 -0.190000
v 0.538935 -0.364699 -0.189236
v 0.538544 -0.364040 -0.190000
v 0.496955 -0.385311 -0.190000
v 0.497259 -0.386014 -0.189236
v 0.452700 -0.402072 -0.189236
v 0.452488 -0.401336 -0.190000
v 0.405660 -0.412473 -0.189236
v 0.405544 -0.411716 -0.190000
v -0.719468 -0.725806 -0.189236
v -0.718795 -0.725047 -0.189236
v -0.718698 -0.725811 -0.190000
v -0.698044 -0.725047 -0.189236
v -0.697255 -0.725811 -0.189236
v -0.698019 -0.725811 -0.190000
v -0.697868 -0.730510 -0.190000
v -0.697106 -0.730429 -0.189236
v -0.696182 -0.735551 -0.189236
v -0.696923 -0.735744 -0.190000
v -0.694527 -0.740374 -0.189236
v -0.695231 -0.740677 -0.190000
v -0.692164 -0.744857 -0.189236
v -0.692812 -0.745265 -0.190000
v -0.689111 -0.748961 -0.189236
v -0.689690 -0.749463 -0.190000
v -0.685391 -0.752646 -0.189236
v -0.685890 -0.753228 -0.190000
v -0.681024 -0.755874 -0.189236
v -0.681437 -0.756519 -0.190000
v -0.676031 -0.758603 -0.189236
v -0.676355 -0.759297 -0.190000
v -0.670670 -0.761523 -0.190000
v -0.670433 -0.760795 -0.189236
v -0.664250 -0.762410 -0.189236
v -0.664403 -0.763159 -0.190000
v -0.657503 -0.763407 -0.189236
v -0.657577 -0.764169 -0.190000
v -0.650214 -0.763749 -0.189236
v -0.650215 -0.764514 -0.190000
v -0.643274 -0.763447 -0.189236
v -0.643204 -0.764208 -0.190000
v -0.637059 -0.762573 -0.189236
v -0.636912 -0.763323 -0.190000
v -0.631547 -0.761175 -0.189236
v -0.631314 -0.761905 -0.190000
v -0.626713 -0.759304 -0.189236
v -0.626389 -0.759998 -0.190000
v -0.622118 -0.757651 -0.190000
v -0.622534 -0.757007 -0.189236
v -0.618988 -0.754334 -0.189236
v -0.618483 -0.754910 -0.190000
v -0.616052 -0.751333 -0.189236
v -0.615465 -0.751825 -0.190000
v -0.613701 -0.748053 -0.189236
v -0.613046 -0.748451 -0.190000
v -0.611913 -0.744543 -0.189236
v -0.611207 -0.744840 -0.190000
v -0.610664 -0.740851 -0.189236
v -0.609924 -0.741046 -0.190000
v -0.609932 -0.737027 -0.189236
v -0.609173 -0.737122 -0.190000
v -0.609694 -0.733119 -0.189236
v -0.608928 -0.733114 -0.190000
v -0.609296 -0.728220 -0.190000
v -0.610053 -0.728341 -0.189236
v -0.611085 -0.724139 -0.189236
v -0.610359 -0.723891 -0.190000
v -0.612718 -0.720471 -0.189236
v -0.612048 -0.720097 -0.190000
v -0.614882 -0.717290 -0.189236
v -0.614286 -0.716807 -0.190000
v -0.617506 -0.714555 -0.189236
v -0.616994 -0.713985 -0.190000
v -0.620520 -0.712220 -0.189236
v -0.620090 -0.711587 -0.190000
v -0.623853 -0.710242 -0.189236
v -0.623497 -0.709565 -0.190000
v -0.627435 -0.708577 -0.189236
v -0.627141 -0.707871 -0.190000
v -0.630950 -0.706456 -0.190000
v -0.631195 -0.707180 -0.189236
v -0.635062 -0.706008 -0.189236
v -0.634857 -0.705272 -0.190000
v -0.638965 -0.705017 -0.189236
v -0.638789 -0.704274 -0.190000
v -0.642835 -0.704163 -0.189236
v -0.642673 -0.703416 -0.190000
v -0.652159 -0.702162 -0.189236
v -0.651999 -0.701414 -0.190000
v -0.661198 -0.700242 -0.189236
v -0.661033 -0.699495 -0.190000
v -0.669850 -0.698264 -0.189236
v -0.669667 -0.697522 -0.190000
v -0.678017 -0.696088 -0.189236
v -0.677799 -0.695356 -0.190000
v -0.685326 -0.692862 -0.190000
v -0.685598 -0.693577 -0.189236
v -0.692493 -0.690589 -0.189236
v -0.692146 -0.689907 -0.190000
v -0.698602 -0.686987 -0.189236
v -0.698160 -0.686360 -0.190000
v -0.703824 -0.682631 -0.189236
v -0.703277 -0.682092 -0.190000
v -0.708060 -0.677381 -0.189236
v -0.707414 -0.676965 -0.190000
v -0.711210 -0.671099 -0.189236
v -0.710491 -0.670828 -0.190000
v -0.713173 -0.663646 -0.189236
v -0.712417 -0.663518 -0.190000
v -0.713850 -0.654881 -0.189236
v -0.713084 -0.654878 -0.190000
v -0.712574 -0.647506 -0.190000
v -0.713332 -0.647396 -0.189236
v -0.711810 -0.640536 -0.189236
v -0.711078 -0.640762 -0.190000
v -0.709329 -0.634307 -0.189236
v -0.708642 -0.634649 -0.190000
v -0.705934 -0.628713 -0.189236
v -0.705313 -0.629163 -0.190000
v -0.701670 -0.623758 -0.189236
v -0.701130 -0.624303 -0.190000
v -0.696583 -0.619449 -0.189236
v -0.696132 -0.620068 -0.190000
v -0.690719 -0.615790 -0.189236
v -0.690357 -0.616464 -0.190000
v -0.684123 -0.612785 -0.189236
v -0.683847 -0.613498 -0.190000
v -0.676644 -0.611178 -0.190000
v -0.676841 -0.610439 -0.189236
v -0.668917 -0.608757 -0.189236
v -0.668793 -0.609512 -0.190000
v -0.660398 -0.607745 -0.189236
v -0.660339 -0.608507 -0.190000
v -0.651329 -0.607406 -0.189236
v -0.651332 -0.608171 -0.190000
v -0.641592 -0.607862 -0.189236
v -0.641667 -0.608624 -0.190000
v -0.632769 -0.609185 -0.189236
v -0.632925 -0.609934 -0.190000
v -0.624840 -0.611307 -0.189236
v -0.625083 -0.612033 -0.190000
v -0.617784 -0.614161 -0.189236
v -0.618118 -0.614851 -0.190000
v -0.612005 -0.618320 -0.190000
v -0.611582 -0.617681 -0.189236
v -0.606211 -0.621799 -0.189236
v -0.606719 -0.622372 -0.190000
v -0.601653 -0.626447 -0.189236
v -0.602237 -0.626944 -0.190000
v -0.597887 -0.631559 -0.189236
v -0.598534 -0.631970 -0.190000
v -0.594893 -0.637067 -0.189236
v -0.595588 -0.637388 -0.190000
v -0.592650 -0.642905 -0.189236
v -0.593380 -0.643135 -0.190000
v -0.591138 -0.649004 -0.189236
v -0.591891 -0.649145 -0.190000
v -0.590434 -0.654540 -0.189236
v -0.591101 -0.655298 -0.189236
v -0.591205 -0.654534 -0.190000
v -0.612624 -0.654548 -0.189236
v -0.611849 -0.654534 -0.190000
v -0.611715 -0.655298 -0.189236
v -0.613698 -0.648991 -0.189236
v -0.612961 -0.648780 -0.190000
v -0.615737 -0.643658 -0.189236
v -0.615048 -0.643319 -0.190000
v -0.618461 -0.639219 -0.189236
v -0.617847 -0.638759 -0.190000
v -0.621741 -0.635591 -0.189236
v -0.621218 -0.635030 -0.190000
v -0.625016 -0.632057 -0.190000
v -0.625441 -0.632695 -0.189236
v -0.629431 -0.630448 -0.189236
v -0.629099 -0.629758 -0.190000
v -0.633578 -0.628769 -0.189236
v -0.633329 -0.628045 -0.190000
v -0.637749 -0.627578 -0.189236
v -0.637571 -0.626834 -0.190000
v -0.641811 -0.626792 -0.189236
v -0.641693 -0.626037 -0.190000
v -0.645633 -0.626332 -0.189236
v -0.645563 -0.625571 -0.190000
v -0.649081 -0.626115 -0.189236
v -0.649050 -0.625352 -0.190000
v -0.652024 -0.626061 -0.189236
v -0.652032 -0.625297 -0.190000
v -0.657665 -0.625517 -0.190000
v -0.657604 -0.626279 -0.189236
v -0.662838 -0.626924 -0.189236
v -0.662966 -0.626170 -0.190000
v -0.667700 -0.627980 -0.189236
v -0.667900 -0.627242 -0.190000
v -0.672163 -0.629434 -0.189236
v -0.672441 -0.628720 -0.190000
v -0.676201 -0.631270 -0.189236
v -0.676561 -0.630595 -0.190000
v -0.679787 -0.633475 -0.189236
v -0.680232 -0.632852 -0.190000
v -0.682894 -0.636034 -0.189236
v -0.683424 -0.635481 -0.190000
v -0.685495 -0.638932 -0.189236
v -0.686105 -0.638468 -0.190000
v -0.688242 -0.641796 -0.190000
v -0.687565 -0.642155 -0.189236
v -0.689076 -0.645688 -0.189236
v -0.689804 -0.645447 -0.190000
v -0.690002 -0.649517 -0.189236
v -0.690760 -0.649398 -0.190000
v -0.690317 -0.653628 -0.189236
v -0.691084 -0.653631 -0.190000
v -0.689918 -0.658302 -0.189236
v -0.690673 -0.658441 -0.190000
v -0.688762 -0.662340 -0.189236
v -0.689474 -0.662629 -0.190000
v -0.686910 -0.665805 -0.189236
v -0.687546 -0.666236 -0.190000
v -0.684422 -0.668756 -0.189236
v -0.684961 -0.669303 -0.190000
v -0.681798 -0.671883 -0.190000
v -0.681360 -0.671255 -0.189236
v -0.677785 -0.673362 -0.189236
v -0.678134 -0.674043 -0.190000
v -0.673757 -0.675138 -0.189236
v -0.674035 -0.675851 -0.190000
v -0.669337 -0.676645 -0.189236
v -0.669561 -0.677375 -0.190000
v -0.664587 -0.677942 -0.189236
v -0.664773 -0.678684 -0.190000
v -0.659566 -0.679092 -0.189236
v -0.659727 -0.679839 -0.190000
v -0.654337 -0.680155 -0.189236
v -0.654485 -0.680904 -0.190000
v -0.648960 -0.681191 -0.189236
v -0.649106 -0.681941 -0.190000
v -0.641703 -0.683395 -0.190000
v -0.641550 -0.682647 -0.189236
v -0.634097 -0.684234 -0.189236
v -0.634269 -0.684979 -0.190000
v -0.626731 -0.686069 -0.189236
v -0.626936 -0.686805 -0.190000
v -0.619585 -0.688266 -0.189236
v -0.619838 -0.688988 -0.190000
v -0.612789 -0.690941 -0.189236
v -0.613105 -0.691638 -0.190000
v -0.606474 -0.694209 -0.189236
v -0.606869 -0.694864 -0.190000
v -0.600770 -0.698184 -0.189236
v -0.601258 -0.698776 -0.190000
v -0.595810 -0.702982 -0.189236
v -0.596392 -0.703482 -0.190000
v -0.592390 -0.709101 -0.190000
v -0.591725 -0.708718 -0.189236
v -0.588644 -0.715506 -0.189236
v -0.589369 -0.715757 -0.190000
v -0.586699 -0.723463 -0.189236
v -0.587457 -0.723582 -0.190000
v -0.586022 -0.732702 -0.189236
v -0.586789 -0.732696 -0.190000
v -0.587046 -0.744004 -0.189236
v -0.587800 -0.743857 -0.190000
v -0.589912 -0.753448 -0.189236
v -0.590618 -0.753145 -0.190000
v -0.594307 -0.761201 -0.189236
v -0.594931 -0.760752 -0.190000
v -0.599921 -0.767430 -0.189236
v -0.600438 -0.766863 -0.190000
v -0.606849 -0.771652 -0.190000
v -0.606442 -0.772302 -0.189236
v -0.613558 -0.775982 -0.189236
v -0.613864 -0.775280 -0.190000
v -0.620959 -0.778639 -0.189236
v -0.621179 -0.777907 -0.190000
v -0.628332 -0.780439 -0.189236
v -0.628483 -0.779689 -0.190000
v -0.635368 -0.781549 -0.189236
v -0.635462 -0.780790 -0.190000
v -0.641753 -0.782135 -0.189236
v -0.641804 -0.781372 -0.190000
v -0.647177 -0.782364 -0.189236
v -0.647199 -0.781600 -0.190000
v -0.651329 -0.782404 -0.189236
v -0.651322 -0.781639 -0.190000
v -0.657558 -0.781509 -0.190000
v -0.657593 -0.782272 -0.189236
v -0.664418 -0.781780 -0.189236
v -0.664338 -0.781020 -0.190000
v -0.671604 -0.780783 -0.189236
v -0.671468 -0.780031 -0.190000
v -0.678951 -0.779135 -0.189236
v -0.678745 -0.778398 -0.190000
v -0.686259 -0.776690 -0.189236
v -0.685971 -0.775980 -0.190000
v -0.693329 -0.773303 -0.189236
v -0.692948 -0.772638 -0.190000
v -0.699960 -0.768828 -0.189236
v -0.699480 -0.768230 -0.190000
v -0.705954 -0.763120 -0.189236
v -0.705377 -0.762614 -0.190000
v -0.710452 -0.755640 -0.190000
v -0.711111 -0.756033 -0.189236
v -0.715230 -0.747423 -0.189236
v -0.714512 -0.747153 -0.190000
v -0.718113 -0.737142 -0.189236
v -0.717361 -0.736993 -0.190000
v -0.533246 -0.682098 -0.189236
v -0.532482 -0.682862 -0.189236
v -0.534010 -0.683626 -0.190000
v -0.447537 -0.682862 -0.189236
v -0.446773 -0.683626 -0.189236
v -0.447537 -0.683626 -0.190000
v -0.446773 -0.700755 -0.189236
v -0.447537 -0.701519 -0.189236
v -0.447537 -0.700755 -0.190000
v -0.532482 -0.701519 -0.189236
v -0.533246 -0.702284 -0.189236
v -0.534010 -0.700755 -0.190000
v -0.533246 -0.757973 -0.189236
v -0.532482 -0.758737 -0.189236
v -0.534010 -0.759501 -0.190000
v -0.435215 -0.759501 -0.189236
v -0.435979 -0.759501 -0.190000
v -0.435979 -0.758737 -0.189236
v -0.435215 -0.776628 -0.189236
v -0.435979 -0.777392 -0.189236
v -0.435979 -0.776628 -0.190000
v -0.554622 -0.777392 -0.189236
v -0.555386 -0.776628 -0.189236
v -0.554622 -0.776628 -0.190000
v -0.555386 -0.613182 -0.189236
v -0.554622 -0.612418 -0.189236
v -0.554622 -0.613182 -0.190000
v -0.438487 -0.612418 -0.189236
v -0.437723 -0.613182 -0.189236
v -0.438487 -0.613182 -0.190000
v -0.437723 -0.630309 -0.189236
v -0.438487 -0.631073 -0.189236
v -0.438487 -0.630309 -0.190000
v -0.533246 -0.631837 -0.189236
v -0.534010 -0.630309 -0.190000
v -0.532482 -0.631073 -0.189236
v -0.388987 -0.647292 -0.189236
v -0.389751 -0.644023 -0.190000
v -0.388561 -0.647162 -0.189236
v -0.389751 -0.777392 -0.189236
v -0.389751 -0.776628 -0.190000
v -0.388987 -0.776628 -0.189236
v -0.410363 -0.777392 -0.189236
v -0.411127 -0.776628 -0.189236
v -0.410363 -0.776628 -0.190000
v -0.411127 -0.613182 -0.189236
v -0.410363 -0.612418 -0.189236
v -0.410363 -0.613182 -0.190000
v -0.387385 -0.612418 -0.189236
v -0.386196 -0.613053 -0.189236
v -0.387029 -0.613182 -0.190000
v -0.299320 -0.742650 -0.189236
v -0.298894 -0.742521 -0.189236
v -0.298130 -0.745797 -0.190000
v -0.298894 -0.613182 -0.189236
v -0.298130 -0.612418 -0.189236
v -0.298130 -0.613182 -0.190000
v -0.277519 -0.612418 -0.189236
v -0.276754 -0.613182 -0.189236
v -0.277519 -0.613182 -0.190000
v -0.276754 -0.776628 -0.189236
v -0.277519 -0.777392 -0.189236
v -0.277519 -0.776628 -0.190000
v -0.301409 -0.776758 -0.189236
v -0.300575 -0.776628 -0.190000
v -0.300218 -0.777392 -0.189236
v -0.246028 -0.725806 -0.189236
v -0.245354 -0.725047 -0.189236
v -0.245257 -0.725811 -0.190000
v -0.224743 -0.725047 -0.189236
v -0.223950 -0.725810 -0.189236
v -0.224714 -0.725811 -0.190000
v -0.223774 -0.730429 -0.189236
v -0.224535 -0.730514 -0.190000
v -0.222823 -0.735551 -0.189236
v -0.223563 -0.735748 -0.190000
v -0.221849 -0.740680 -0.190000
v -0.221147 -0.740374 -0.189236
v -0.218766 -0.744857 -0.189236
v -0.219413 -0.745267 -0.190000
v -0.215700 -0.748961 -0.189236
v -0.216277 -0.749464 -0.190000
v -0.211969 -0.752646 -0.189236
v -0.212467 -0.753229 -0.190000
v -0.207595 -0.755874 -0.189236
v -0.208007 -0.756519 -0.190000
v -0.202597 -0.758603 -0.189236
v -0.202921 -0.759297 -0.190000
v -0.196996 -0.760795 -0.189236
v -0.197233 -0.761523 -0.190000
v -0.190812 -0.762410 -0.189236
v -0.190964 -0.763159 -0.190000
v -0.184138 -0.764169 -0.190000
v -0.184064 -0.763407 -0.189236
v -0.176775 -0.763749 -0.189236
v -0.176776 -0.764514 -0.190000
v -0.169835 -0.763447 -0.189236
v -0.169765 -0.764208 -0.190000
v -0.163620 -0.762573 -0.189236
v -0.163473 -0.763323 -0.190000
v -0.158108 -0.761175 -0.189236
v -0.157875 -0.761905 -0.190000
v -0.153274 -0.759304 -0.189236
v -0.152950 -0.759998 -0.190000
v -0.149095 -0.757007 -0.189236
v -0.148679 -0.757651 -0.190000
v -0.145549 -0.754334 -0.189236
v -0.145043 -0.754909 -0.190000
v -0.142026 -0.751826 -0.190000
v -0.142613 -0.751333 -0.189236
v -0.140262 -0.748053 -0.189236
v -0.139607 -0.748451 -0.190000
v -0.138474 -0.744543 -0.189236
v -0.137768 -0.744840 -0.190000
v -0.137225 -0.740851 -0.189236
v -0.136485 -0.741046 -0.190000
v -0.136493 -0.737027 -0.189236
v -0.135733 -0.737122 -0.190000
v -0.136254 -0.733119 -0.189236
v -0.135489 -0.733114 -0.190000
v -0.136614 -0.728341 -0.189236
v -0.135857 -0.728221 -0.190000
v -0.137645 -0.724139 -0.189236
v -0.136920 -0.723891 -0.190000
v -0.138608 -0.720097 -0.190000
v -0.139278 -0.720471 -0.189236
v -0.141442 -0.717290 -0.189236
v -0.140846 -0.716808 -0.190000
v -0.144066 -0.714555 -0.189236
v -0.143554 -0.713985 -0.190000
v -0.147080 -0.712220 -0.189236
v -0.146650 -0.711587 -0.190000
v -0.150413 -0.710242 -0.189236
v -0.150056 -0.709565 -0.190000
v -0.153995 -0.708577 -0.189236
v -0.153700 -0.707871 -0.190000
v -0.157754 -0.707180 -0.189236
v -0.157510 -0.706456 -0.190000
v -0.161621 -0.706008 -0.189236
v -0.161417 -0.705272 -0.190000
v -0.165349 -0.704274 -0.190000
v -0.165525 -0.705017 -0.189236
v -0.169396 -0.704163 -0.189236
v -0.169234 -0.703416 -0.190000
v -0.178720 -0.702162 -0.189236
v -0.178560 -0.701414 -0.190000
v -0.187758 -0.700242 -0.189236
v -0.187594 -0.699495 -0.190000
v -0.196411 -0.698264 -0.189236
v -0.196227 -0.697522 -0.190000
v -0.204578 -0.696088 -0.189236
v -0.204360 -0.695356 -0.190000
v -0.212159 -0.693577 -0.189236
v -0.211886 -0.692862 -0.190000
v -0.219053 -0.690589 -0.189236
v -0.218706 -0.689907 -0.190000
v -0.224720 -0.686360 -0.190000
v -0.225162 -0.686987 -0.189236
v -0.230385 -0.682631 -0.189236
v -0.229837 -0.682092 -0.190000
v -0.234621 -0.677381 -0.189236
v -0.233974 -0.676965 -0.190000
v -0.237770 -0.671099 -0.189236
v -0.237052 -0.670828 -0.190000
v -0.239734 -0.663646 -0.189236
v -0.238977 -0.663518 -0.190000
v -0.240410 -0.654881 -0.189236
v -0.239644 -0.654878 -0.190000
v -0.239893 -0.647396 -0.189236
v -0.239134 -0.647506 -0.190000
v -0.238371 -0.640536 -0.189236
v -0.237638 -0.640762 -0.190000
v -0.235203 -0.634649 -0.190000
v -0.235889 -0.634307 -0.189236
v -0.232494 -0.628713 -0.189236
v -0.231874 -0.629163 -0.190000
v -0.228230 -0.623758 -0.189236
v -0.227690 -0.624302 -0.190000
v -0.223144 -0.619449 -0.189236
v -0.222692 -0.620068 -0.190000
v -0.217280 -0.615790 -0.189236
v -0.216918 -0.616464 -0.190000
v -0.210684 -0.612785 -0.189236
v -0.210408 -0.613498 -0.190000
v -0.203402 -0.610439 -0.189236
v -0.203205 -0.611178 -0.190000
v -0.195478 -0.608757 -0.189236
v -0.195353 -0.609512 -0.190000
v -0.186899 -0.608507 -0.190000
v -0.186959 -0.607745 -0.189236
v -0.177890 -0.607406 -0.189236
v -0.177893 -0.608171 -0.190000
v -0.168153 -0.607862 -0.189236
v -0.168228 -0.608624 -0.190000
v -0.159330 -0.609185 -0.189236
v -0.159486 -0.609934 -0.190000
v -0.151401 -0.611307 -0.189236
v -0.151644 -0.612033 -0.190000
v -0.144345 -0.614161 -0.189236
v -0.144679 -0.614851 -0.190000
v -0.138142 -0.617681 -0.189236
v -0.138565 -0.618320 -0.190000
v -0.132772 -0.621799 -0.189236
v -0.133280 -0.622372 -0.190000
v -0.128797 -0.626944 -0.190000
v -0.128214 -0.626447 -0.189236
v -0.124448 -0.631559 -0.189236
v -0.125094 -0.631970 -0.190000
v -0.121454 -0.637067 -0.189236
v -0.122149 -0.637388 -0.190000
v -0.119211 -0.642905 -0.189236
v -0.119941 -0.643135 -0.190000
v -0.117699 -0.649004 -0.189236
v -0.118451 -0.649145 -0.190000
v -0.116994 -0.654540 -0.189236
v -0.117662 -0.655298 -0.189236
v -0.117765 -0.654534 -0.190000
v -0.139183 -0.654548 -0.189236
v -0.138407 -0.654534 -0.190000
v -0.138273 -0.655298 -0.189236
v -0.140257 -0.648991 -0.189236
v -0.139520 -0.648781 -0.190000
v -0.142296 -0.643658 -0.189236
v -0.141608 -0.643319 -0.190000
v -0.145021 -0.639219 -0.189236
v -0.144407 -0.638759 -0.190000
v -0.148301 -0.635591 -0.189236
v -0.147778 -0.635030 -0.190000
v -0.152002 -0.632695 -0.189236
v -0.151576 -0.632057 -0.190000
v -0.155992 -0.630448 -0.189236
v -0.155660 -0.629758 -0.190000
v -0.159890 -0.628045 -0.190000
v -0.160139 -0.628769 -0.189236
v -0.164310 -0.627578 -0.189236
v -0.164132 -0.626834 -0.190000
v -0.168372 -0.626792 -0.189236
v -0.168254 -0.626037 -0.190000
v -0.172194 -0.626332 -0.189236
v -0.172124 -0.625571 -0.190000
v -0.175642 -0.626115 -0.189236
v -0.175611 -0.625352 -0.190000
v -0.178585 -0.626061 -0.189236
v -0.178593 -0.625297 -0.190000
v -0.184165 -0.626279 -0.189236
v -0.184226 -0.625517 -0.190000
v -0.189399 -0.626924 -0.189236
v -0.189527 -0.626170 -0.190000
v -0.194461 -0.627241 -0.190000
v -0.194261 -0.627980 -0.189236
v -0.198724 -0.629434 -0.189236
v -0.199002 -0.628721 -0.190000
v -0.202762 -0.631270 -0.189236
v -0.203122 -0.630595 -0.190000
v -0.206347 -0.633475 -0.189236
v -0.206793 -0.632852 -0.190000
v -0.209454 -0.636034 -0.189236
v -0.209984 -0.635481 -0.190000
v -0.212056 -0.638932 -0.189236
v -0.212666 -0.638468 -0.190000
v -0.214126 -0.642155 -0.189236
v -0.214803 -0.641796 -0.190000
v -0.215637 -0.645688 -0.189236
v -0.216365 -0.645446 -0.190000
v -0.217320 -0.649398 -0.190000
v -0.216563 -0.649517 -0.189236
v -0.216878 -0.653628 -0.189236
v -0.217644 -0.653631 -0.190000
v -0.216479 -0.658302 -0.189236
v -0.217234 -0.658441 -0.190000
v -0.215323 -0.662340 -0.189236
v -0.216036 -0.662629 -0.190000
v -0.213473 -0.665805 -0.189236
v -0.214109 -0.666236 -0.190000
v -0.210988 -0.668756 -0.189236
v -0.211527 -0.669303 -0.190000
v -0.207931 -0.671255 -0.189236
v -0.208369 -0.671883 -0.190000
v -0.204363 -0.673362 -0.189236
v -0.204712 -0.674042 -0.190000
v -0.200624 -0.675850 -0.190000
v -0.200345 -0.675138 -0.189236
v -0.195939 -0.676645 -0.189236
v -0.196163 -0.677375 -0.190000
v -0.191206 -0.677942 -0.189236
v -0.191392 -0.678683 -0.190000
v -0.186207 -0.679092 -0.189236
v -0.186369 -0.679839 -0.190000
v -0.181005 -0.680155 -0.189236
v -0.181154 -0.680904 -0.190000
v -0.175660 -0.681191 -0.189236
v -0.175806 -0.681941 -0.190000
v -0.168218 -0.682647 -0.189236
v -0.168370 -0.683395 -0.190000
v -0.160738 -0.684234 -0.189236
v -0.160909 -0.684979 -0.190000
v -0.153555 -0.686806 -0.190000
v -0.153351 -0.686069 -0.189236
v -0.146187 -0.688266 -0.189236
v -0.146439 -0.688988 -0.190000
v -0.139377 -0.690941 -0.189236
v -0.139693 -0.691638 -0.190000
v -0.133052 -0.694209 -0.189236
v -0.133447 -0.694865 -0.190000
v -0.127341 -0.698184 -0.189236
v -0.127828 -0.698776 -0.190000
v -0.122377 -0.702982 -0.189236
v -0.122958 -0.703483 -0.190000
v -0.118288 -0.708718 -0.189236
v -0.118953 -0.709101 -0.190000
v -0.115205 -0.715506 -0.189236
v -0.115931 -0.715757 -0.190000
v -0.114018 -0.723582 -0.190000
v -0.113260 -0.723463 -0.189236
v -0.112583 -0.732702 -0.189236
v -0.113349 -0.732696 -0.190000
v -0.113607 -0.744004 -0.189236
v -0.114361 -0.743857 -0.190000
v -0.116473 -0.753448 -0.189236
v -0.117179 -0.753145 -0.190000
v -0.120868 -0.761201 -0.189236
v -0.121492 -0.760752 -0.190000
v -0.126482 -0.767430 -0.189236
v -0.126999 -0.766863 -0.190000
v -0.133003 -0.772302 -0.189236
v -0.133409 -0.771652 -0.190000
v -0.140119 -0.775982 -0.189236
v -0.140425 -0.775280 -0.190000
v -0.147740 -0.777907 -0.190000
v -0.147520 -0.778639 -0.189236
v -0.154893 -0.780439 -0.189236
v -0.155044 -0.779689 -0.190000
v -0.161928 -0.781549 -0.189236
v -0.162023 -0.780790 -0.190000
v -0.168314 -0.782135 -0.189236
v -0.168365 -0.781372 -0.190000
v -0.173738 -0.782364 -0.189236
v -0.173759 -0.781600 -0.190000
v -0.177890 -0.782404 -0.189236
v -0.177883 -0.781639 -0.190000
v -0.184154 -0.782272 -0.189236
v -0.184119 -0.781509 -0.190000
v -0.190979 -0.781780 -0.189236
v -0.190899 -0.781020 -0.190000
v -0.198028 -0.780031 -0.190000
v -0.198165 -0.780783 -0.189236
v -0.205512 -0.779135 -0.189236
v -0.205306 -0.778398 -0.190000
v -0.212820 -0.776690 -0.189236
v -0.212532 -0.775980 -0.190000
v -0.219889 -0.773303 -0.189236
v -0.219508 -0.772638 -0.190000
v -0.226521 -0.768828 -0.189236
v -0.226040 -0.768230 -0.190000
v -0.232515 -0.763120 -0.189236
v -0.231937 -0.762614 -0.190000
v -0.237671 -0.756033 -0.189236
v -0.237012 -0.755640 -0.190000
v -0.241790 -0.747423 -0.189236
v -0.241072 -0.747153 -0.190000
v -0.243921 -0.736993 -0.190000
v -0.244672 -0.737142 -0.189236
v -0.059807 -0.682098 -0.189236
v -0.059043 -0.682862 -0.189236
v -0.060571 -0.683626 -0.190000
v 0.025902 -0.682862 -0.189236
v 0.026666 -0.683626 -0.189236
v 0.025902 -0.683626 -0.190000
v 0.026666 -0.700755 -0.189236
v 0.025902 -0.701519 -0.189236
v 0.025902 -0.700755 -0.190000
v -0.059043 -0.701519 -0.189236
v -0.059807 -0.702284 -0.189236
v -0.060571 -0.700755 -0.190000
v -0.059807 -0.757973 -0.189236
v -0.059043 -0.758737 -0.189236
v -0.060571 -0.759501 -0.190000
v 0.037459 -0.758737 -0.189236
v 0.038224 -0.759501 -0.189236
v 0.037459 -0.759501 -0.190000
v 0.038224 -0.776628 -0.189236
v 0.037459 -0.777392 -0.189236
v 0.037459 -0.776628 -0.190000
v -0.081947 -0.776628 -0.189236
v -0.081183 -0.776628 -0.190000
v -0.081183 -0.777392 -0.189236
v -0.081947 -0.613182 -0.189236
v -0.081183 -0.612418 -0.189236
v -0.081183 -0.613182 -0.190000
v 0.034813 -0.612418 -0.189236
v 0.035577 -0.613182 -0.189236
v 0.034813 -0.613182 -0.190000
v 0.035577 -0.630309 -0.189236
v 0.034813 -0.631073 -0.189236
v 0.034813 -0.630309 -0.190000
v -0.059807 -0.631837 -0.189236
v -0.060571 -0.630309 -0.190000
v -0.059043 -0.631073 -0.189236
v 0.099838 -0.631837 -0.190000
v 0.099074 -0.631837 -0.189236
v 0.098309 -0.631073 -0.189236
v 0.099074 -0.631073 -0.190000
v 0.046089 -0.631073 -0.189236
v 0.045325 -0.630309 -0.189236
v 0.046089 -0.630309 -0.190000
v 0.046089 -0.631073 -0.190000
v 0.045325 -0.613182 -0.189236
v 0.046089 -0.612418 -0.189236
v 0.046089 -0.613182 -0.190000
v 0.174687 -0.613182 -0.189236
v 0.173923 -0.613182 -0.190000
v 0.173923 -0.612418 -0.189236
v 0.174687 -0.630309 -0.189236
v 0.173923 -0.631073 -0.189236
v 0.173923 -0.631073 -0.190000
v 0.173923 -0.630309 -0.190000
v 0.120452 -0.777392 -0.189236
v 0.120452 -0.776628 -0.190000
v 0.121216 -0.776628 -0.189236
v 0.099838 -0.777392 -0.189236
v 0.099074 -0.776628 -0.189236
v 0.099838 -0.776628 -0.190000
v 0.219178 -0.612418 -0.189236
v 0.219942 -0.613182 -0.189236
v 0.219178 -0.613182 -0.190000
v 0.219942 -0.776628 -0.189236
v 0.219178 -0.777392 -0.189236
v 0.219178 -0.776628 -0.190000
v 0.198564 -0.777392 -0.189236
v 0.197799 -0.776628 -0.189236
v 0.198564 -0.776628 -0.190000
v 0.198564 -0.612418 -0.189236
v 0.198564 -0.613182 -0.190000
v 0.197799 -0.613182 -0.189236
v 0.350531 -0.726101 -0.189236
v 0.351620 -0.726173 -0.189236
v 0.351040 -0.726671 -0.190000
v 0.369261 -0.745914 -0.189236
v 0.370220 -0.745867 -0.189236
v 0.369830 -0.747699 -0.190000
v 0.372166 -0.743195 -0.189236
v 0.372798 -0.743626 -0.190000
v 0.374344 -0.739789 -0.189236
v 0.375000 -0.740181 -0.190000
v 0.376987 -0.736591 -0.190000
v 0.376306 -0.736244 -0.189236
v 0.378052 -0.732543 -0.189236
v 0.378753 -0.732848 -0.190000
v 0.379587 -0.728666 -0.189236
v 0.380306 -0.728925 -0.190000
v 0.380910 -0.724594 -0.189236
v 0.381644 -0.724808 -0.190000
v 0.382024 -0.720307 -0.189236
v 0.382769 -0.720480 -0.190000
v 0.382931 -0.715786 -0.189236
v 0.383685 -0.715915 -0.190000
v 0.383634 -0.711012 -0.189236
v 0.384393 -0.711106 -0.190000
v 0.384133 -0.705965 -0.189236
v 0.384895 -0.706025 -0.190000
v 0.385195 -0.700654 -0.190000
v 0.384431 -0.700626 -0.189236
v 0.384530 -0.694976 -0.189236
v 0.385295 -0.694962 -0.190000
v 0.383770 -0.680693 -0.189236
v 0.384530 -0.680607 -0.190000
v 0.381625 -0.668505 -0.189236
v 0.382369 -0.668320 -0.190000
v 0.378303 -0.658248 -0.189236
v 0.379012 -0.657956 -0.190000
v 0.374009 -0.649760 -0.189236
v 0.374663 -0.649359 -0.190000
v 0.368950 -0.642880 -0.189236
v 0.369527 -0.642375 -0.190000
v 0.363330 -0.637443 -0.189236
v 0.363817 -0.636851 -0.190000
v 0.357746 -0.632629 -0.190000
v 0.357356 -0.633289 -0.189236
v 0.351235 -0.630254 -0.189236
v 0.351529 -0.629547 -0.190000
v 0.345171 -0.628176 -0.189236
v 0.345378 -0.627439 -0.190000
v 0.339372 -0.626893 -0.189236
v 0.339501 -0.626139 -0.190000
v 0.334042 -0.626242 -0.189236
v 0.334103 -0.625480 -0.190000
v 0.329389 -0.626061 -0.189236
v 0.329389 -0.625296 -0.190000
v 0.324530 -0.626245 -0.189236
v 0.324470 -0.625482 -0.190000
v 0.319067 -0.626902 -0.189236
v 0.318938 -0.626148 -0.190000
v 0.312988 -0.627458 -0.190000
v 0.313194 -0.628195 -0.189236
v 0.307109 -0.630285 -0.189236
v 0.306813 -0.629578 -0.190000
v 0.301006 -0.633331 -0.189236
v 0.300613 -0.632673 -0.190000
v 0.295081 -0.637495 -0.189236
v 0.294591 -0.636906 -0.190000
v 0.289531 -0.642939 -0.189236
v 0.288950 -0.642438 -0.190000
v 0.284551 -0.649822 -0.189236
v 0.283894 -0.649426 -0.190000
v 0.280336 -0.658307 -0.189236
v 0.279626 -0.658019 -0.190000
v 0.277084 -0.668553 -0.189236
v 0.276340 -0.668372 -0.190000
v 0.274228 -0.680637 -0.190000
v 0.274989 -0.680723 -0.189236
v 0.274247 -0.694976 -0.189236
v 0.273482 -0.694966 -0.190000
v 0.274430 -0.701652 -0.189236
v 0.273667 -0.701696 -0.190000
v 0.275053 -0.708868 -0.189236
v 0.274294 -0.708960 -0.190000
v 0.276225 -0.716411 -0.189236
v 0.275474 -0.716559 -0.190000
v 0.278053 -0.724067 -0.189236
v 0.277318 -0.724279 -0.190000
v 0.280647 -0.731622 -0.189236
v 0.279939 -0.731913 -0.190000
v 0.284116 -0.738864 -0.189236
v 0.283450 -0.739242 -0.190000
v 0.287966 -0.746051 -0.190000
v 0.288568 -0.745577 -0.189236
v 0.294113 -0.751549 -0.189236
v 0.293601 -0.752121 -0.190000
v 0.300858 -0.756566 -0.189236
v 0.300462 -0.757224 -0.190000
v 0.308914 -0.760414 -0.189236
v 0.308650 -0.761135 -0.190000
v 0.318387 -0.762879 -0.189236
v 0.318260 -0.763636 -0.190000
v 0.329389 -0.763749 -0.189236
v 0.329365 -0.764513 -0.190000
v 0.331423 -0.763713 -0.189236
v 0.331449 -0.764477 -0.190000
v 0.333606 -0.763602 -0.189236
v 0.333658 -0.764365 -0.190000
v 0.335983 -0.764172 -0.190000
v 0.335908 -0.763412 -0.189236
v 0.338296 -0.763135 -0.189236
v 0.338397 -0.763893 -0.190000
v 0.340740 -0.762768 -0.189236
v 0.340867 -0.763522 -0.190000
v 0.343209 -0.762304 -0.189236
v 0.343365 -0.763053 -0.190000
v 0.345673 -0.761739 -0.189236
v 0.345860 -0.762480 -0.190000
v 0.348099 -0.761068 -0.189236
v 0.348322 -0.761799 -0.190000
v 0.350458 -0.760284 -0.189236
v 0.349968 -0.761252 -0.190000
v 0.352719 -0.759382 -0.189236
v 0.354242 -0.759545 -0.190000
v 0.354769 -0.759290 -0.190000
v 0.354849 -0.758358 -0.189236
v 0.356160 -0.757591 -0.189236
v 0.356308 -0.756637 -0.189236
v 0.358014 -0.757392 -0.190000
v 0.353926 -0.753986 -0.189236
v 0.355034 -0.754077 -0.190000
v 0.338879 -0.736104 -0.189236
v 0.339390 -0.736673 -0.190000
v 0.338810 -0.737171 -0.189236
v 0.384889 -0.762193 -0.189236
v 0.384904 -0.763340 -0.189236
v 0.383435 -0.762671 -0.190000
v 0.402488 -0.783897 -0.189236
v 0.402063 -0.783250 -0.190000
v 0.402537 -0.782813 -0.189236
v 0.391220 -0.794275 -0.189236
v 0.390150 -0.794223 -0.189236
v 0.390712 -0.793705 -0.190000
v 0.371671 -0.773506 -0.189236
v 0.370509 -0.773332 -0.189236
v 0.371310 -0.771954 -0.190000
v 0.370178 -0.773532 -0.189236
v 0.369798 -0.772869 -0.190000
v 0.368755 -0.774314 -0.189236
v 0.368401 -0.773637 -0.190000
v 0.366887 -0.775237 -0.189236
v 0.366564 -0.774545 -0.190000
v 0.364280 -0.775550 -0.190000
v 0.364571 -0.776257 -0.189236
v 0.361803 -0.777326 -0.189236
v 0.361545 -0.776607 -0.190000
v 0.358578 -0.778401 -0.189236
v 0.358354 -0.777670 -0.190000
v 0.354892 -0.779434 -0.189236
v 0.354703 -0.778694 -0.190000
v 0.350740 -0.780382 -0.189236
v 0.350588 -0.779633 -0.190000
v 0.346118 -0.781198 -0.189236
v 0.346004 -0.780443 -0.190000
v 0.341021 -0.781838 -0.189236
v 0.340945 -0.781077 -0.190000
v 0.335446 -0.782255 -0.189236
v 0.335408 -0.781491 -0.190000
v 0.329406 -0.781639 -0.190000
v 0.329389 -0.782404 -0.189236
v 0.314414 -0.781367 -0.189236
v 0.314526 -0.780608 -0.190000
v 0.301369 -0.778412 -0.189236
v 0.301600 -0.777681 -0.190000
v 0.290132 -0.773774 -0.189236
v 0.290486 -0.773094 -0.190000
v 0.280585 -0.767688 -0.189236
v 0.281052 -0.767079 -0.190000
v 0.272609 -0.760387 -0.189236
v 0.273171 -0.759865 -0.190000
v 0.266084 -0.752106 -0.189236
v 0.266718 -0.751677 -0.190000
v 0.260890 -0.743080 -0.189236
v 0.261576 -0.742741 -0.190000
v 0.257629 -0.733288 -0.190000
v 0.256908 -0.733544 -0.189236
v 0.254019 -0.723730 -0.189236
v 0.254762 -0.723549 -0.190000
v 0.252104 -0.713875 -0.189236
v 0.252860 -0.713759 -0.190000
v 0.251042 -0.704212 -0.189236
v 0.251804 -0.704158 -0.190000
v 0.250714 -0.694976 -0.189236
v 0.251479 -0.694974 -0.190000
v 0.250970 -0.687345 -0.189236
v 0.251733 -0.687397 -0.190000
v 0.251842 -0.678725 -0.189236
v 0.252600 -0.678830 -0.190000
v 0.253491 -0.669429 -0.189236
v 0.254237 -0.669595 -0.190000
v 0.256801 -0.660009 -0.190000
v 0.256073 -0.659774 -0.189236
v 0.259748 -0.650074 -0.189236
v 0.260446 -0.650388 -0.190000
v 0.264674 -0.640645 -0.189236
v 0.265326 -0.641046 -0.190000
v 0.271010 -0.631802 -0.189236
v 0.271595 -0.632298 -0.190000
v 0.278915 -0.623860 -0.189236
v 0.279408 -0.624448 -0.190000
v 0.288546 -0.617134 -0.189236
v 0.288925 -0.617802 -0.190000
v 0.300063 -0.611940 -0.189236
v 0.300314 -0.612665 -0.190000
v 0.313625 -0.608592 -0.189236
v 0.313746 -0.609349 -0.190000
v 0.329396 -0.608172 -0.190000
v 0.329389 -0.607406 -0.189236
v 0.340593 -0.608026 -0.189236
v 0.340505 -0.608786 -0.190000
v 0.351183 -0.609881 -0.189236
v 0.351002 -0.610625 -0.190000
v 0.361090 -0.612964 -0.189236
v 0.360812 -0.613678 -0.190000
v 0.370245 -0.617270 -0.189236
v 0.369870 -0.617938 -0.190000
v 0.378581 -0.622793 -0.189236
v 0.378111 -0.623398 -0.190000
v 0.386028 -0.629525 -0.189236
v 0.385473 -0.630053 -0.190000
v 0.392517 -0.637461 -0.189236
v 0.391890 -0.637901 -0.190000
v 0.397298 -0.646941 -0.190000
v 0.397981 -0.646594 -0.189236
v 0.402349 -0.656919 -0.189236
v 0.401626 -0.657171 -0.190000
v 0.405555 -0.668428 -0.189236
v 0.404807 -0.668590 -0.190000
v 0.407529 -0.681116 -0.189236
v 0.406768 -0.681194 -0.190000
v 0.408202 -0.694976 -0.189236
v 0.407438 -0.694990 -0.190000
v 0.408151 -0.699404 -0.189236
v 0.407387 -0.699384 -0.190000
v 0.407956 -0.704232 -0.189236
v 0.407193 -0.704188 -0.190000
v 0.407556 -0.709406 -0.189236
v 0.406795 -0.709332 -0.190000
v 0.406131 -0.714759 -0.190000
v 0.406887 -0.714873 -0.189236
v 0.405887 -0.720580 -0.189236
v 0.405138 -0.720427 -0.190000
v 0.404495 -0.726473 -0.189236
v 0.403757 -0.726273 -0.190000
v 0.402647 -0.732500 -0.189236
v 0.401924 -0.732249 -0.190000
v 0.400281 -0.738606 -0.189236
v 0.399579 -0.738303 -0.190000
v 0.397335 -0.744740 -0.189236
v 0.396660 -0.744381 -0.190000
v 0.393746 -0.750848 -0.189236
v 0.393495 -0.749768 -0.190000
v 0.389452 -0.756877 -0.189236
v 0.388484 -0.756798 -0.190000
v 0.436538 -0.612418 -0.189236
v 0.436538 -0.613182 -0.190000
v 0.435774 -0.613182 -0.189236
v 0.457150 -0.612418 -0.189236
v 0.457914 -0.613182 -0.189236
v 0.457150 -0.613182 -0.190000
v 0.457914 -0.710706 -0.189236
v 0.457150 -0.710707 -0.190000
v 0.457965 -0.716020 -0.189236
v 0.457201 -0.716040 -0.190000
v 0.458209 -0.721693 -0.189236
v 0.457447 -0.721746 -0.190000
v 0.458780 -0.727569 -0.189236
v 0.458022 -0.727672 -0.190000
v 0.459812 -0.733492 -0.189236
v 0.459065 -0.733660 -0.190000
v 0.461439 -0.739304 -0.189236
v 0.460717 -0.739558 -0.190000
v 0.463118 -0.745205 -0.190000
v 0.463797 -0.744850 -0.189236
v 0.467020 -0.749972 -0.189236
v 0.466411 -0.750439 -0.190000
v 0.471241 -0.754514 -0.189236
v 0.470734 -0.755091 -0.190000
v 0.476595 -0.758319 -0.189236
v 0.476216 -0.758987 -0.190000
v 0.483218 -0.761231 -0.189236
v 0.482975 -0.761959 -0.190000
v 0.491242 -0.763093 -0.189236
v 0.491129 -0.763851 -0.190000
v 0.500803 -0.763749 -0.189236
v 0.500796 -0.764514 -0.190000
v 0.508520 -0.763367 -0.189236
v 0.508603 -0.764128 -0.190000
v 0.515521 -0.762972 -0.190000
v 0.515341 -0.762227 -0.189236
v 0.521308 -0.760336 -0.189236
v 0.521599 -0.761045 -0.190000
v 0.526464 -0.757701 -0.189236
v 0.526874 -0.758349 -0.190000
v 0.530853 -0.754329 -0.189236
v 0.531375 -0.754891 -0.190000
v 0.534516 -0.750227 -0.189236
v 0.535131 -0.750686 -0.190000
v 0.537498 -0.745404 -0.189236
v 0.538179 -0.745756 -0.190000
v 0.539842 -0.739865 -0.189236
v 0.540565 -0.740118 -0.190000
v 0.541589 -0.733619 -0.189236
v 0.542336 -0.733787 -0.190000
v 0.543543 -0.726771 -0.190000
v 0.542784 -0.726672 -0.189236
v 0.543470 -0.719032 -0.189236
v 0.544233 -0.719075 -0.190000
v 0.543689 -0.710706 -0.189236
v 0.544453 -0.710708 -0.190000
v 0.543689 -0.613182 -0.189236
v 0.544453 -0.612418 -0.189236
v 0.544453 -0.613182 -0.190000
v 0.565067 -0.612418 -0.189236
v 0.565831 -0.613182 -0.189236
v 0.565067 -0.613182 -0.190000
v 0.565067 -0.713469 -0.190000
v 0.565831 -0.713492 -0.189236
v 0.564895 -0.728973 -0.189236
v 0.564136 -0.728873 -0.190000
v 0.562262 -0.741944 -0.189236
v 0.561525 -0.741731 -0.190000
v 0.558196 -0.752627 -0.189236
v 0.557507 -0.752290 -0.190000
v 0.552964 -0.761243 -0.189236
v 0.552348 -0.760784 -0.190000
v 0.546827 -0.768014 -0.189236
v 0.546309 -0.767449 -0.190000
v 0.540053 -0.773163 -0.189236
v 0.539641 -0.772516 -0.190000
v 0.532904 -0.776911 -0.189236
v 0.532597 -0.776209 -0.190000
v 0.525432 -0.778745 -0.190000
v 0.525645 -0.779480 -0.189236
v 0.518541 -0.781092 -0.189236
v 0.518406 -0.780339 -0.190000
v 0.511856 -0.781969 -0.189236
v 0.511784 -0.781208 -0.190000
v 0.505856 -0.782332 -0.189236
v 0.505827 -0.781568 -0.190000
v 0.500803 -0.782404 -0.189236
v 0.500820 -0.781639 -0.190000
v 0.486857 -0.781590 -0.189236
v 0.486954 -0.780830 -0.190000
v 0.475051 -0.779271 -0.189236
v 0.475258 -0.778533 -0.190000
v 0.465206 -0.775630 -0.189236
v 0.465536 -0.774937 -0.190000
v 0.457599 -0.770229 -0.190000
v 0.457146 -0.770849 -0.189236
v 0.450696 -0.765110 -0.189236
v 0.451258 -0.764588 -0.190000
v 0.445678 -0.758598 -0.189236
v 0.446323 -0.758183 -0.190000
v 0.441917 -0.751493 -0.189236
v 0.442618 -0.751185 -0.190000
v 0.439235 -0.743980 -0.189236
v 0.439970 -0.743765 -0.190000
v 0.437456 -0.736241 -0.189236
v 0.438209 -0.736103 -0.190000
v 0.436404 -0.728457 -0.189236
v 0.437165 -0.728381 -0.190000
v 0.435902 -0.720814 -0.189236
v 0.436666 -0.720782 -0.190000
v 0.436538 -0.713491 -0.190000
v 0.435774 -0.713492 -0.189236
v 0.625010 -0.682098 -0.189236
v 0.625774 -0.682862 -0.189236
v 0.624246 -0.683626 -0.190000
v 0.710858 -0.682862 -0.189236
v 0.711622 -0.683626 -0.189236
v 0.710858 -0.683626 -0.190000
v 0.711622 -0.700755 -0.189236
v 0.710858 -0.701519 -0.189236
v 0.710858 -0.700755 -0.190000
v 0.625774 -0.701519 -0.189236
v 0.625010 -0.702284 -0.189236
v 0.624246 -0.700755 -0.190000
v 0.625774 -0.758737 -0.189236
v 0.624246 -0.759501 -0.190000
v 0.625010 -0.757973 -0.189236
v 0.722416 -0.758737 -0.189236
v 0.723180 -0.759501 -0.189236
v 0.722416 -0.759501 -0.190000
v 0.723180 -0.776628 -0.189236
v 0.722416 -0.777392 -0.189236
v 0.722416 -0.776628 -0.190000
v 0.603635 -0.777392 -0.189236
v 0.602871 -0.776628 -0.189236
v 0.603635 -0.776628 -0.190000
v 0.602871 -0.613182 -0.189236
v 0.603635 -0.612418 -0.189236
v 0.603635 -0.613182 -0.190000
v 0.719769 -0.612418 -0.189236
v 0.720533 -0.613182 -0.189236
v 0.719769 -0.613182 -0.190000
v 0.720533 -0.630309 -0.189236
v 0.719769 -0.631073 -0.189236
v 0.719769 -0.630309 -0.190000
v 0.625010 -0.631837 -0.189236
v 0.624246 -0.630309 -0.190000
v 0.625774 -0.631073 -0.189236
v 0.121980 -0.631073 -0.189236
v 0.121216 -0.631837 -0.189236
v 0.120452 -0.631837 -0.190000
v 0.099074 -0.631073 0.190000
v 0.121216 -0.631073 -0.190000
vn 0.3017 -0.3016 0.9044
vn 0.3015 0.3015 0.9045
vn -0.3014 0.3014 0.9046
vn -0.3015 -0.3015 0.9045
vn 0.5774 0.5773 0.5774
vn 0.5771 -0.5770 0.5780
vn -0.5774 -0.5773 0.5774
vn -0.5777 0.5777 0.5766
vn 0.2339 -0.3016 0.9243
vn 0.3017 0.3016 0.9044
vn -0.3015 0.3015 0.9045
vn -0.3014 -0.3014 0.9046
vn 0.5670 0.5536 0.6100
vn 0.5379 -0.5379 0.6491
vn -0.7029 -0.7029 0.1086
vn -0.6648 -0.6647 0.3409
vn -0.6978 -0.6977 0.1621
vn -0.4889 -0.3178 0.8124
vn -0.3904 -0.5008 0.7725
vn -0.3724 -0.5289 0.7626
vn 0.6300 -0.5037 0.5911
vn -0.5148 -0.6440 0.5659
vn 0.3006 0.3015 0.9049
vn -0.2341 0.3016 0.9242
vn -0.3017 -0.3017 0.9044
vn 0.3015 -0.3015 0.9045
vn -0.6092 0.5295 0.5903
vn 0.5406 0.6219 0.5666
vn -0.5751 -0.5780 0.5790
vn -0.5774 0.5774 0.5773
vn 0.5777 0.5777 0.5767
vn 0.6266 0.0898 0.7741
vn 0.4981 0.3198 0.8060
vn 0.3424 0.5325 0.7741
vn -0.5959 0.5289 0.6044
vn 0.5709 0.5896 0.5714
vn 0.5968 -0.5256 0.6063
vn -0.5313 -0.6437 0.5508
vn 0.5773 0.5774 0.5773
vn 0.5773 -0.5774 0.5773
vn 0.5774 0.5774 0.5773
vn -0.5773 -0.5774 0.5774
vn -0.5773 0.5773 0.5774
vn 0.5774 -0.5774 0.5773
vn 0.0649 -0.2127 0.9750
vn 0.5773 -0.5774 0.5774
vn -0.5773 -0.5774 0.5773
vn 0.1327 0.7311 0.6692
vn 0.3424 0.6417 0.6862
vn 0.5334 0.5174 0.6692
vn -0.0646 0.2124 0.9751
vn -0.5774 0.5774 0.5774
vn 0.5773 0.5773 0.5774
vn -0.5328 -0.5180 0.6692
vn -0.1324 -0.7312 0.6692
vn -0.3419 -0.6421 0.6861
vn -0.5959 0.5289 0.6043
vn 0.5696 0.5918 0.5704
vn -0.5312 -0.6437 0.5508
vn 0.5773 0.5774 0.5774
vn 0.5774 0.5773 0.5773
vn -0.5773 -0.5773 0.5774
vn 0.5774 0.5774 0.5774
vn 1.0000 -0.0000 -0.0000
vn 0.5773 -0.5773 0.5774
vn 0.0541 0.8173 0.5736
vn -0.0194 0.3884 0.9213
vn -0.3858 0.0602 0.9206
vn -0.8116 0.0524 0.5818
vn 0.5153 -0.3062 0.8005
vn 0.5043 -0.2334 0.8314
vn 0.4485 0.0059 0.8938
vn 0.8262 -0.0375 0.5621
vn -0.0400 -0.8133 0.5805
vn 0.2284 -0.5704 0.7890
vn -0.3860 -0.4780 0.7890
vn -0.0827 -0.5502 0.8310
vn 0.3017 -0.3017 -0.9044
vn 0.3016 0.3016 -0.9045
vn -0.3014 0.3014 -0.9046
vn -0.3014 -0.3014 -0.9046
vn 0.5772 0.5771 -0.5778
vn 0.5769 -0.5769 -0.5782
vn -0.5776 -0.5775 -0.5769
vn -0.5778 0.5778 -0.5765
vn 0.2339 -0.3016 -0.9243
vn 0.3015 0.3015 -0.9045
vn -0.3015 0.3015 -0.9045
vn -0.3015 -0.3015 -0.9045
vn 0.7144 0.6975 -0.0555
vn 0.7129 0.6960 -0.0856
vn 0.7036 0.6870 -0.1819
vn 0.7035 -0.7035 -0.1004
vn 0.6637 -0.6637 -0.3449
vn 0.6960 -0.6959 -0.1770
vn -0.5730 -0.5730 -0.5860
vn -0.4468 -0.2905 -0.8461
vn -0.3497 -0.5324 -0.7709
vn -0.3766 -0.4753 -0.7952
vn 0.6300 -0.5037 -0.5911
vn -0.5148 -0.6440 -0.5660
vn 0.3007 0.3016 -0.9048
vn -0.2341 0.3016 -0.9242
vn 0.3015 -0.3015 -0.9045
vn -0.6093 0.5295 -0.5903
vn 0.5406 0.6219 -0.5666
vn -0.5754 -0.5783 -0.5783
vn -0.5774 0.5774 -0.5774
vn 0.5773 0.5773 -0.5774
vn 0.6266 0.0898 -0.7741
vn 0.3424 0.5325 -0.7741
vn 0.4981 0.3198 -0.8060
vn -0.5959 0.5289 -0.6044
vn 0.5709 0.5896 -0.5714
vn 0.5968 -0.5256 -0.6063
vn -0.5313 -0.6437 -0.5508
vn 0.5773 0.5774 -0.5773
vn 0.5773 -0.5774 -0.5773
vn 0.5774 0.5773 -0.5773
vn 0.5773 -0.5774 -0.5774
vn -0.5773 -0.5774 -0.5774
vn -0.5773 0.5773 -0.5774
vn 0.5774 0.5774 -0.5773
vn 0.5774 -0.5774 -0.5773
vn 0.0649 -0.2127 -0.9750
vn 0.1327 0.7311 -0.6692
vn 0.5334 0.5174 -0.6692
vn 0.3424 0.6418 -0.6862
vn -0.0646 0.2124 -0.9750
vn -0.5328 -0.5179 -0.6693
vn -0.3420 -0.6421 -0.6862
vn -0.1325 -0.7311 -0.6692
vn -0.5959 0.5289 -0.6043
vn 0.5696 0.5917 -0.5704
vn -0.5312 -0.6437 -0.5508
vn 0.5773 0.5774 -0.5774
vn -0.5773 -0.5773 -0.5774
vn -1.0000 -0.0000 -0.0000
vn 0.5774 0.5774 -0.5774
vn 0.0541 0.8173 -0.5737
vn -0.0194 0.3884 -0.9213
vn -0.3858 0.0602 -0.9206
vn -0.8116 0.0525 -0.5818
vn 0.5194 -0.3019 -0.7995
vn 0.4636 0.0061 -0.8860
vn 0.5116 -0.2360 -0.8262
vn 0.8587 -0.0390 -0.5110
vn -0.0400 -0.8133 -0.5805
vn -0.3859 -0.4780 -0.7890
vn 0.2284 -0.5703 -0.7890
vn -0.0827 -0.5502 -0.8310
vn 0.3015 0.3015 -0.9046
vn 0.5774 0.5773 -0.5774
vn 0.5773 -0.5773 -0.5774
vn -0.0000 -0.7078 0.7064
vn -0.0000 -0.7077 0.7065
vn 0.7072 -0.0000 0.7070
vn 0.7071 -0.0000 0.7071
vn -0.0962 0.6998 0.7079
vn -0.1881 0.6808 0.7079
vn 0.1798 0.6832 0.7078
vn 0.2631 0.6556 0.7078
vn -0.1797 -0.6832 0.7078
vn -0.0920 -0.7003 0.7079
vn 0.2753 -0.6505 0.7078
vn 0.1879 -0.6809 0.7079
vn -0.6324 -0.3148 0.7078
vn -0.6668 -0.2332 0.7078
vn -0.6808 0.1881 0.7079
vn -0.6501 0.2761 0.7079
vn -0.7065 -0.0000 0.7077
vn -0.7065 -0.0000 0.7078
vn 0.6911 0.1460 0.7079
vn 0.6668 0.2331 0.7078
vn 0.6668 0.2332 0.7078
vn 0.6808 -0.1881 0.7079
vn 0.6998 -0.0953 0.7079
vn -0.7000 -0.0997 0.7072
vn -0.6969 -0.1196 0.7072
vn -0.6969 -0.1196 0.7071
vn 0.6932 0.1395 0.7072
vn 0.6969 0.1196 0.7072
vn 0.6969 0.1196 0.7071
vn 0.0158 0.7069 0.7071
vn 0.0121 0.7070 0.7071
vn 0.0438 0.7057 0.7071
vn 0.0370 0.7061 0.7071
vn 0.0370 0.7062 0.7071
vn 0.1354 0.6940 0.7071
vn 0.1239 0.6961 0.7071
vn -0.0137 -0.7070 0.7071
vn -0.0093 -0.7071 0.7071
vn -0.0421 -0.7059 0.7071
vn -0.0391 -0.7060 0.7071
vn -0.1545 -0.6900 0.7071
vn -0.1385 -0.6934 0.7071
vn -0.6262 -0.3279 0.7073
vn -0.6479 -0.2826 0.7073
vn 0.5979 0.3771 0.7073
vn 0.6242 0.3318 0.7073
vn -0.3652 -0.6049 0.7076
vn -0.4249 -0.5646 0.7076
vn 0.5814 0.4017 0.7075
vn 0.5400 0.4558 0.7075
vn 0.2878 0.6456 0.7074
vn 0.3345 0.6227 0.7073
vn -0.3534 -0.6122 0.7073
vn -0.3956 -0.5858 0.7073
vn 0.1199 0.6968 0.7072
vn 0.0999 0.7000 0.7071
vn -0.1760 -0.6849 0.7071
vn -0.1685 -0.6867 0.7071
vn -0.1535 -0.6903 0.7071
vn -0.1383 -0.6934 0.7071
vn -0.0309 -0.7064 0.7071
vn -0.0155 -0.7069 0.7071
vn -0.0155 -0.7069 0.7072
vn -0.6895 -0.1548 0.7076
vn -0.7018 -0.0825 0.7076
vn 0.6759 0.2053 0.7078
vn 0.6967 0.1164 0.7078
vn -0.6484 0.2803 0.7078
vn -0.6789 0.1949 0.7079
vn -0.6484 0.2804 0.7078
vn -0.6759 -0.2054 0.7078
vn -0.6443 -0.2896 0.7078
vn 0.5578 -0.4334 0.7078
vn 0.4995 -0.4995 0.7078
vn 0.2791 0.6489 0.7078
vn 0.1952 0.6789 0.7078
vn -0.1964 0.6785 0.7078
vn -0.1073 0.6982 0.7078
vn -0.1074 0.6982 0.7078
vn -0.1068 -0.6982 0.7078
vn -0.1949 -0.6790 0.7078
vn 0.1439 0.6917 0.7077
vn 0.0690 0.7033 0.7076
vn 0.3074 0.6359 0.7079
vn 0.2242 0.6699 0.7078
vn -0.7071 -0.0000 0.7071
vn -0.0000 0.7071 0.7071
vn -0.3341 0.6223 0.7079
vn -0.2552 0.6588 0.7077
vn -0.3485 0.6135 0.7086
vn -0.4539 0.5403 0.7085
vn 0.4330 0.5578 0.7081
vn 0.3462 0.6155 0.7080
vn -0.4973 0.5012 0.7081
vn -0.4163 0.5704 0.7080
vn -0.4973 0.5012 0.7082
vn -0.0004 -0.7068 0.7074
vn -0.0566 -0.7045 0.7074
vn -0.0287 -0.7064 0.7072
vn 0.0073 -0.7069 0.7073
vn -0.0287 -0.7065 0.7072
vn -0.0645 -0.7040 0.7072
vn -0.1094 -0.6984 0.7073
vn 0.7071 -0.0000 0.7072
vn 0.3319 -0.6236 0.7078
vn 0.4104 -0.5748 0.7079
vn -0.4810 -0.5165 0.7084
vn -0.5648 -0.4230 0.7086
vn 0.4886 -0.5098 0.7081
vn 0.5615 -0.4279 0.7083
vn 0.6413 0.2960 0.7079
vn 0.6739 0.2121 0.7078
vn 0.6041 -0.3651 0.7083
vn 0.5350 -0.4605 0.7084
vn -0.6787 -0.1937 0.7084
vn -0.6329 -0.3118 0.7086
vn 0.7015 0.0893 0.7071
vn 0.6945 0.1298 0.7077
vn -0.6528 -0.2689 0.7082
vn -0.6013 -0.3697 0.7083
vn -0.6958 -0.1175 0.7086
vn -0.7061 -0.0028 0.7081
vn 0.6938 0.1277 0.7088
vn 0.6535 0.2647 0.7091
vn 0.4952 0.5025 0.7087
vn 0.5839 0.3954 0.7090
vn -0.5929 -0.3816 0.7092
vn -0.6597 -0.2492 0.7090
vn 0.1494 0.6911 0.7071
vn 0.1721 0.6857 0.7072
vn 0.1351 0.6940 0.7071
vn 0.1381 0.6935 0.7071
vn -0.7069 -0.0007 0.7073
vn -0.7053 0.0475 0.7073
vn 0.3650 0.6047 0.7079
vn 0.2922 0.6434 0.7076
vn 0.7069 0.0131 0.7072
vn 0.7069 -0.0183 0.7071
vn -0.2022 -0.6774 0.7073
vn -0.1698 -0.6863 0.7072
vn 0.5347 0.4604 0.7086
vn 0.4484 0.5453 0.7083
vn -0.1523 -0.6905 0.7071
vn -0.1477 -0.6915 0.7071
vn -0.2723 -0.6523 0.7074
vn -0.3297 -0.6250 0.7076
vn -0.3973 -0.5841 0.7078
vn -0.4723 -0.5250 0.7081
vn -0.6966 0.1210 0.7072
vn -0.6890 0.1585 0.7072
vn -0.6890 0.1586 0.7072
vn 0.6935 0.1364 0.7074
vn 0.6787 0.1971 0.7075
vn 0.7052 0.0494 0.7073
vn 0.7004 0.0949 0.7074
vn -0.7009 0.0881 0.7078
vn -0.7063 -0.0050 0.7079
vn -0.6781 -0.1982 0.7077
vn -0.6953 -0.1266 0.7074
vn 0.6238 -0.3323 0.7074
vn 0.6486 -0.2809 0.7074
vn -0.6830 0.1799 0.7079
vn -0.6508 0.2741 0.7080
vn 0.6478 -0.2779 0.7093
vn 0.6922 -0.1349 0.7090
vn -0.6272 0.3241 0.7082
vn -0.5655 0.4222 0.7085
vn 0.4596 0.5362 0.7080
vn 0.5333 0.4628 0.7081
vn 0.2986 0.6402 0.7078
vn 0.3798 0.5955 0.7079
vn -0.2147 0.6731 0.7077
vn -0.2983 0.6402 0.7079
vn -0.4296 -0.5600 0.7084
vn -0.5177 -0.4856 0.7044
vn -0.1777 0.6737 0.7173
vn -0.1820 0.6572 0.7314
vn -0.1672 0.7111 0.6829
vn 0.5719 -0.4123 0.7092
vn 0.4754 -0.5212 0.7088
vn 0.1043 0.6982 0.7082
vn 0.2227 0.6695 0.7086
vn 0.5654 -0.4219 0.7088
vn 0.4769 -0.5200 0.7086
vn -0.0647 0.7037 0.7075
vn -0.1362 0.6933 0.7076
vn 0.0217 0.7064 0.7075
vn 0.1171 0.6960 0.7085
vn -0.5308 -0.4650 0.7086
vn -0.4423 -0.5501 0.7083
vn 0.3533 -0.6124 0.7072
vn -0.3510 -0.6128 0.7080
vn -0.2652 -0.6548 0.7078
vn -0.2652 -0.6547 0.7078
vn 0.1055 -0.6991 0.7072
vn 0.1402 -0.6930 0.7072
vn 0.0874 -0.7015 0.7073
vn 0.0473 -0.7054 0.7072
vn -0.0888 -0.7007 0.7079
vn -0.0156 -0.7067 0.7073
vn 0.0183 -0.7068 0.7072
vn -0.0041 -0.7070 0.7072
vn -0.0000 0.7075 -0.7067
vn 0.7063 -0.0000 -0.7079
vn -0.4989 0.5001 -0.7078
vn -0.4316 0.5592 -0.7078
vn 0.4786 0.5196 -0.7077
vn 0.5374 0.4586 -0.7077
vn -0.4787 -0.5196 -0.7077
vn -0.4131 -0.5731 -0.7077
vn 0.5581 -0.4330 -0.7079
vn 0.4988 -0.5002 -0.7078
vn -0.7068 -0.0199 -0.7071
vn -0.7059 -0.0399 -0.7072
vn 0.7046 0.0598 -0.7071
vn 0.7059 0.0398 -0.7071
vn 0.7059 0.0398 -0.7072
vn 0.6786 0.1988 -0.7071
vn 0.6725 0.2184 -0.7071
vn -0.6788 -0.1980 -0.7071
vn -0.6841 -0.1786 -0.7072
vn 0.0011 0.7071 -0.7071
vn -0.0010 0.7071 -0.7071
vn 0.0289 0.7065 -0.7071
vn 0.0259 0.7066 -0.7071
vn 0.0895 0.7014 -0.7071
vn 0.0781 0.7028 -0.7071
vn 0.1753 0.6850 -0.7071
vn 0.1696 0.6865 -0.7071
vn -0.0292 -0.7065 -0.7071
vn -0.0256 -0.7066 -0.7071
vn 0.3861 0.5919 -0.7075
vn 0.3256 0.6271 -0.7076
vn -0.0740 -0.7032 -0.7071
vn -0.0902 -0.7013 -0.7071
vn -0.2177 -0.6727 -0.7071
vn -0.2021 -0.6776 -0.7071
vn 0.4625 0.5345 -0.7074
vn 0.5006 0.4991 -0.7073
vn -0.5430 -0.4526 -0.7073
vn -0.5098 -0.4898 -0.7073
vn -0.6114 -0.3542 -0.7076
vn -0.5732 -0.4135 -0.7075
vn 0.1997 0.6783 -0.7071
vn 0.1799 0.6838 -0.7072
vn 0.0398 0.7060 -0.7071
vn 0.0199 0.7068 -0.7071
vn 0.6724 0.2175 -0.7075
vn 0.6906 0.1499 -0.7075
vn -0.0926 -0.7010 -0.7071
vn -0.0772 -0.7028 -0.7071
vn 0.6790 -0.1947 -0.7078
vn 0.6985 -0.1051 -0.7078
vn -0.0000 0.7071 -0.7071
vn -0.0000 -0.6143 -0.7891
vn -0.0000 -0.6141 -0.7892
vn 0.4952 0.5039 -0.7077
vn 0.5532 0.4394 -0.7078
vn -0.4337 0.5576 -0.7078
vn -0.4996 0.4994 -0.7078
vn -0.4295 -0.5609 -0.7078
vn -0.4949 -0.5041 -0.7078
vn 0.2811 -0.6481 -0.7078
vn 0.1964 -0.6785 -0.7078
vn -0.0549 0.7047 -0.7074
vn 0.0033 0.7068 -0.7074
vn 0.0806 0.7019 -0.7077
vn -0.0070 0.7063 -0.7078
vn -0.1152 0.6973 -0.7074
vn -0.1819 0.6828 -0.7076
vn -0.7071 -0.0000 -0.7071
vn 0.7071 -0.0000 -0.7071
vn 0.3901 0.5888 -0.7079
vn 0.4681 0.5288 -0.7080
vn 0.1183 -0.6968 -0.7074
vn 0.0570 -0.7045 -0.7074
vn 0.5960 0.3790 -0.7079
vn 0.5378 0.4578 -0.7080
vn -0.2299 -0.6681 -0.7076
vn -0.1643 -0.6874 -0.7074
vn 0.2561 -0.6585 -0.7076
vn 0.1847 -0.6821 -0.7076
vn 0.2730 -0.6515 -0.7079
vn 0.1910 -0.6802 -0.7077
vn -0.5712 0.4148 -0.7083
vn -0.6318 0.3148 -0.7083
vn -0.3594 -0.6079 -0.7081
vn -0.2719 -0.6519 -0.7079
vn -0.3594 -0.6078 -0.7081
vn -0.3920 -0.5873 -0.7081
vn -0.3064 -0.6364 -0.7079
vn -0.6989 0.1011 -0.7081
vn -0.6747 0.2078 -0.7082
vn 0.6699 -0.2226 -0.7083
vn 0.6236 -0.3307 -0.7083
vn -0.0000 -0.7071 -0.7071
vn 0.6669 0.2329 -0.7079
vn 0.6298 0.3196 -0.7080
vn 0.6298 0.3197 -0.7080
vn 0.7060 0.0031 -0.7082
vn 0.6973 -0.1103 -0.7082
vn -0.6726 0.2167 -0.7076
vn -0.6445 0.2892 -0.7077
vn 0.4036 0.5794 -0.7081
vn 0.3224 0.6286 -0.7077
vn 0.2575 0.6582 -0.7074
vn 0.2079 0.6757 -0.7073
vn 0.7021 -0.0784 -0.7077
vn 0.7068 -0.0087 -0.7074
vn -0.4067 -0.5770 -0.7083
vn -0.5028 -0.4947 -0.7088
vn 0.1418 0.6927 -0.7071
vn 0.1591 0.6889 -0.7072
vn 0.1890 0.6813 -0.7072
vn 0.2330 0.6674 -0.7073
vn -0.2519 -0.6603 -0.7075
vn -0.3205 -0.6296 -0.7077
vn -0.7067 -0.0126 -0.7074
vn -0.7066 0.0259 -0.7072
vn -0.1632 -0.6880 -0.7071
vn -0.1504 -0.6909 -0.7071
vn -0.1632 -0.6880 -0.7072
vn -0.2257 -0.6699 -0.7073
vn -0.1896 -0.6811 -0.7072
vn 0.6669 0.2305 -0.7086
vn 0.6114 0.3521 -0.7087
vn 0.7066 -0.0213 -0.7072
vn 0.7002 -0.0918 -0.7080
vn 0.7066 -0.0214 -0.7072
vn 0.6993 -0.1040 -0.7072
vn 0.6925 -0.1423 -0.7073
vn 0.6993 -0.1039 -0.7072
vn -0.6165 -0.3433 -0.7085
vn -0.5484 -0.4444 -0.7084
vn -0.7009 0.0916 -0.7074
vn -0.7057 0.0409 -0.7073
vn 0.7059 -0.0061 -0.7083
vn 0.6972 0.1100 -0.7083
vn -0.6866 -0.1674 -0.7075
vn -0.6659 -0.2362 -0.7076
vn -0.6677 -0.2285 -0.7085
vn -0.6971 -0.1110 -0.7083
vn 0.6833 0.1778 -0.7082
vn 0.7023 0.0743 -0.7079
vn 0.7023 0.0743 -0.7080
vn -0.6487 0.2810 -0.7073
vn -0.6292 0.3222 -0.7073
vn 0.6472 0.2823 -0.7081
vn 0.5964 0.3780 -0.7082
vn 0.5595 0.4299 -0.7086
vn 0.6256 0.3271 -0.7082
vn 0.4711 0.5253 -0.7086
vn 0.5547 0.4367 -0.7083
vn 0.5546 0.4367 -0.7083
vn -0.6606 -0.2485 -0.7084
vn -0.6061 -0.3614 -0.7086
vn -0.5408 0.4539 -0.7082
vn -0.6033 0.3670 -0.7081
vn -0.4662 0.5303 -0.7081
vn -0.3836 0.5929 -0.7080
vn -0.3570 0.6104 -0.7071
vn -0.3208 0.6168 -0.7188
vn -0.3359 0.6141 -0.7142
vn -0.2682 0.6530 -0.7083
vn -0.1653 0.6866 -0.7080
vn 0.2184 0.6719 -0.7077
vn 0.1412 0.6924 -0.7076
vn -0.0932 0.7009 -0.7072
vn -0.0699 0.7036 -0.7072
vn 0.0683 0.7033 -0.7076
vn 0.0012 0.7068 -0.7075
vn -0.5162 -0.4810 -0.7086
vn -0.4163 -0.5695 -0.7087
vn 0.2822 -0.6475 -0.7079
vn 0.3747 -0.5983 -0.7083
vn 0.2699 -0.6535 -0.7072
vn 0.2392 -0.6653 -0.7072
vn 0.1390 -0.6930 -0.7074
vn 0.2034 -0.6767 -0.7076
vn 0.2035 -0.6767 -0.7076
vn -0.1261 -0.6955 -0.7074
vn -0.1897 -0.6807 -0.7076
vn 0.1243 -0.6957 -0.7075
vn 0.1964 -0.6787 -0.7077
vn -0.0157 -0.7065 -0.7075
vn -0.1027 -0.6986 -0.7082
vn -0.0328 -0.7062 -0.7072
vn -0.0740 -0.7030 -0.7073
vn -0.0246 0.7065 0.7073
vn 0.3410 0.6187 0.7078
vn -0.0236 -0.7065 0.7073
vn 0.3568 -0.6096 0.7078
vn -0.6089 0.3581 0.7078
vn -0.5890 -0.3901 0.7078
vn -0.0000 0.7078 0.7064
vn -0.0000 0.7077 0.7065
vn 0.6997 0.1012 0.7072
vn 0.7066 -0.0190 0.7074
vn -0.7025 -0.0798 0.7072
vn 0.6889 0.1594 0.7072
vn 0.0194 0.7069 0.7071
vn 0.0158 0.7070 0.7071
vn 0.0552 0.7050 0.7071
vn 0.1468 0.6917 0.7071
vn -0.6638 -0.2431 0.7073
vn -0.0048 -0.7071 0.7071
vn -0.0359 -0.7062 0.7071
vn -0.1224 -0.6964 0.7071
vn -0.3010 -0.6393 0.7076
vn 0.5684 0.4202 0.7073
vn 0.6174 0.3438 0.7075
vn -0.4359 -0.5566 0.7073
vn 0.2291 0.6685 0.7076
vn 0.2122 0.6744 0.7072
vn 0.1945 0.6799 0.7071
vn 0.1946 0.6798 0.7071
vn 0.0799 0.7026 0.7071
vn 0.0085 0.7071 0.7071
vn 0.0050 0.7071 0.7071
vn -0.6700 -0.2246 0.7076
vn -0.0464 -0.7056 0.7071
vn -0.6985 0.1052 0.7079
vn -0.6966 -0.1166 0.7079
vn 0.6444 0.2894 0.7078
vn 0.4335 -0.5577 0.7078
vn -0.2813 0.6480 0.7078
vn 0.1070 0.6982 0.7078
vn -0.2788 -0.6491 0.7078
vn -0.1819 0.6828 0.7076
vn -0.2306 0.6669 0.7086
vn -0.0000 -0.7071 0.7071
vn -0.7070 0.0093 0.7071
vn 0.3901 0.5888 0.7079
vn 0.5115 0.4868 0.7081
vn 0.0570 -0.7045 0.7074
vn 0.0556 -0.7046 0.7074
vn -0.0000 -1.0000 -0.0000
vn -0.0000 -0.0000 1.0000
vn -0.3920 -0.5873 0.7081
vn 0.4886 -0.5098 0.7080
vn 0.6236 -0.3307 0.7083
vn -0.5648 -0.4229 0.7086
vn -0.5316 -0.4644 0.7084
vn -0.6988 0.1011 0.7081
vn 0.6546 -0.2647 0.7081
vn 0.6041 -0.3652 0.7083
vn 0.5837 0.3956 0.7091
vn -0.6958 -0.1175 0.7085
vn 0.4041 0.5790 0.7081
vn -0.7001 0.0974 0.7073
vn -0.7053 0.0474 0.7073
vn 0.1373 0.6936 0.7071
vn 0.1413 0.6928 0.7071
vn -0.2519 -0.6603 0.7075
vn 0.4487 0.5450 0.7082
vn 0.7058 -0.0415 0.7072
vn 0.6112 0.3522 0.7088
vn -0.2257 -0.6699 0.7073
vn -0.3297 -0.6250 0.7075
vn -0.7017 0.0863 0.7072
vn -0.6966 0.1211 0.7072
vn 0.6787 0.1970 0.7075
vn 0.6538 0.2678 0.7077
vn 0.7066 0.0269 0.7071
vn 0.7019 0.0781 0.7080
vn 0.6892 0.1561 0.7076
vn -0.6971 -0.1110 0.7083
vn -0.7033 -0.0705 0.7073
vn -0.6830 0.1800 0.7079
vn -0.6668 0.2332 0.7078
vn -0.5838 0.3987 0.7073
vn -0.5715 0.4164 0.7071
vn 0.5931 -0.3844 0.7074
vn -0.5817 -0.4029 0.7066
vn -0.5231 -0.4805 0.7039
vn 0.3802 0.5952 0.7079
vn -0.6061 -0.3613 0.7086
vn -0.3836 0.5929 0.7080
vn 0.2183 0.6719 0.7077
vn -0.2425 0.6641 0.7073
vn -0.2230 0.6710 0.7071
vn 0.0067 0.7065 0.7077
vn -0.0241 0.7067 0.7071
vn 0.3747 -0.5983 0.7083
vn 0.3788 -0.5957 0.7083
vn 0.3270 -0.6269 0.7072
vn -0.1911 -0.6796 0.7082
vn 0.0704 -0.7035 0.7072
vn -0.0328 -0.7062 0.7072
vn -0.0040 -0.7070 0.7072
vn -0.3569 0.6095 -0.7078
vn -0.3411 -0.6187 -0.7077
vn 0.5374 0.4585 -0.7077
vn 0.5889 0.3901 -0.7078
vn 0.6089 -0.3581 -0.7078
vn 0.5581 -0.4329 -0.7079
vn -0.7066 0.0189 -0.7074
vn 0.7025 0.0797 -0.7072
vn -0.6889 -0.1591 -0.7071
vn 0.0042 0.7071 -0.7071
vn 0.0317 0.7064 -0.7071
vn 0.1010 0.6999 -0.7071
vn 0.6634 0.2443 -0.7072
vn -0.0218 -0.7068 -0.7071
vn -0.0579 -0.7047 -0.7071
vn -0.1863 -0.6821 -0.7071
vn 0.4421 0.5513 -0.7075
vn -0.5736 -0.4131 -0.7073
vn 0.4221 0.5671 -0.7073
vn -0.5291 -0.4685 -0.7075
vn 0.1599 0.6888 -0.7071
vn 0.0050 0.7071 -0.7071
vn -0.8009 -0.0000 -0.5988
vn -0.8047 -0.0000 -0.5937
vn -0.1079 -0.6988 -0.7071
vn 0.7021 0.0799 -0.7075
vn 0.6485 -0.2802 -0.7078
vn -0.5579 0.4334 -0.7078
vn -0.5530 -0.4396 -0.7078
vn 0.4298 0.5606 -0.7078
vn 0.1076 -0.6981 -0.7078
vn 0.0690 0.7033 -0.7076
vn 0.1662 0.6866 -0.7078
vn 0.7071 0.0034 -0.7071
vn -0.4973 0.5012 -0.7082
vn -0.1094 -0.6984 -0.7073
vn 0.1847 -0.6821 -0.7075
vn 0.1183 -0.6968 -0.7075
vn -0.1911 -0.6802 -0.7077
vn -0.3065 -0.6364 -0.7079
vn 0.3319 -0.6236 -0.7078
vn 0.3617 -0.6064 -0.7081
vn 0.2730 -0.6514 -0.7079
vn 0.6414 0.2960 -0.7079
vn -0.6015 0.3701 -0.7079
vn 0.6973 -0.1103 -0.7083
vn -0.6943 -0.1343 -0.7071
vn -0.6787 -0.1938 -0.7084
vn 0.6938 0.1276 -0.7088
vn 0.6905 0.1493 -0.7077
vn 0.6669 0.2329 -0.7078
vn 0.2569 0.6585 -0.7074
vn 0.1728 0.6856 -0.7072
vn -0.5929 -0.3816 -0.7091
vn -0.7019 -0.0801 -0.7077
vn 0.1894 0.6811 -0.7072
vn 0.2917 0.6436 -0.7076
vn 0.7058 0.0401 -0.7073
vn -0.1477 -0.6915 -0.7071
vn -0.7070 0.0093 -0.7071
vn -0.6988 -0.1061 -0.7074
vn -0.4723 -0.5250 -0.7080
vn 0.6972 0.1100 -0.7084
vn -0.6165 -0.3434 -0.7085
vn 0.6823 -0.1850 -0.7073
vn -0.7021 -0.0839 -0.7071
vn -0.6925 -0.1376 -0.7082
vn -0.4606 0.5365 -0.7071
vn -0.6652 0.2394 -0.7073
vn -0.6486 0.2811 -0.7073
vn 0.6780 -0.1964 -0.7083
vn 0.6922 -0.1349 -0.7090
vn 0.6481 0.2800 -0.7082
vn -0.6925 -0.1376 -0.7081
vn -0.6508 0.2741 -0.7080
vn 0.5325 0.4638 -0.7081
vn 0.4650 0.5302 -0.7090
vn -0.5409 0.4539 -0.7081
vn 0.3643 0.6041 -0.7088
vn -0.3771 0.5964 -0.7086
vn -0.5936 -0.3819 -0.7084
vn -0.1178 0.6972 -0.7072
vn -0.0647 0.7037 -0.7075
vn -0.2652 -0.6547 -0.7078
vn 0.2072 -0.6760 -0.7072
vn -0.2134 -0.6728 -0.7083
vn 0.0874 -0.7015 -0.7073
vn 0.0674 -0.7037 -0.7073
vn 0.4130 0.5732 0.7077
vn 0.4315 -0.5593 0.7078
vn -0.6089 0.3580 0.7078
vn -0.5582 0.4329 0.7079
vn -0.5375 -0.4585 0.7077
vn 0.7068 0.0199 0.7071
vn -0.7045 -0.0599 0.7072
vn 0.6840 0.1791 0.7072
vn 0.0227 0.7067 0.7071
vn 0.0193 0.7069 0.7071
vn 0.0666 0.7039 0.7071
vn 0.1582 0.6892 0.7071
vn -0.6638 -0.2432 0.7073
vn -0.6729 -0.2172 0.7071
vn -0.0012 -0.7071 0.7071
vn -0.0326 -0.7064 0.7071
vn -0.1063 -0.6991 0.7071
vn -0.2466 -0.6625 0.7073
vn 0.5359 0.4609 0.7074
vn -0.4740 -0.5245 0.7073
vn -0.4359 -0.5565 0.7073
vn 0.6479 0.2823 0.7075
vn 0.2195 0.6721 0.7072
vn 0.2122 0.6745 0.7072
vn 0.0598 0.7046 0.7071
vn -0.6439 -0.2912 0.7076
vn -0.0618 -0.7044 0.7071
vn -0.7062 0.0297 0.7074
vn -0.7035 -0.0711 0.7071
vn 0.6032 0.3678 0.7078
vn -0.3607 0.6074 0.7078
vn 0.3605 -0.6075 0.7078
vn -0.3572 -0.6094 0.7078
vn 0.0310 0.7061 0.7074
vn -0.1115 0.6970 0.7083
vn -0.1152 0.6973 0.7074
vn -0.0000 0.0001 1.0000
vn 0.4682 0.5288 0.7080
vn 0.1184 -0.6967 0.7075
vn 0.1183 -0.6968 0.7075
vn 0.5779 0.4058 0.7081
vn -0.3065 -0.6364 0.7078
vn -0.4811 -0.5164 0.7084
vn 0.5615 -0.4279 0.7082
vn -0.4484 -0.5453 0.7083
vn -0.6747 0.2078 0.7082
vn 0.6699 -0.2226 0.7083
vn -0.7062 -0.0028 0.7080
vn 0.6862 -0.1671 0.7079
vn 0.6546 -0.2646 0.7081
vn 0.4949 0.5029 0.7087
vn -0.6900 0.1531 0.7074
vn 0.3230 0.6283 0.7077
vn 0.1350 0.6941 0.7071
vn 0.1586 0.6890 0.7072
vn -0.3205 -0.6296 0.7078
vn 0.5349 0.4602 0.7086
vn 0.7036 -0.0702 0.7072
vn 0.7058 -0.0415 0.7071
vn -0.7049 0.0545 0.7072
vn -0.7017 0.0863 0.7073
vn -0.1895 -0.6811 0.7072
vn 0.6668 0.2306 0.7086
vn -0.7064 -0.0293 0.7072
vn -0.6677 -0.2285 0.7085
vn 0.6825 0.1809 0.7081
vn 0.6125 0.3418 0.7127
vn 0.6665 0.2339 0.7078
vn -0.6893 0.1553 0.7076
vn -0.6667 0.2333 0.7078
vn -0.6074 0.3617 0.7073
vn -0.5837 0.3988 0.7073
vn -0.6317 -0.3081 0.7114
vn -0.5880 -0.3894 0.7090
vn -0.6606 -0.2485 0.7084
vn -0.6061 -0.3614 0.7086
vn 0.5559 -0.4286 0.7122
vn -0.4662 0.5303 0.7081
vn 0.2988 0.6401 0.7078
vn -0.2983 0.6403 0.7079
vn -0.2842 0.6472 0.7073
vn -0.2425 0.6640 0.7073
vn 0.1411 0.6923 0.7076
vn 0.4753 -0.5211 0.7088
vn -0.5308 -0.4650 0.7085
vn -0.0758 0.7024 0.7077
vn -0.0471 0.7055 0.7072
vn 0.2822 -0.6475 0.7079
vn 0.2825 -0.6473 0.7080
vn 0.2992 -0.6406 0.7072
vn -0.3037 -0.6370 0.7085
vn -0.0740 -0.7030 0.7073
vn 0.0351 -0.7061 0.7072
vn -0.7074 -0.0000 -0.7068
vn -0.7075 -0.0000 -0.7067
vn 0.0237 0.7065 -0.7073
vn 0.0921 0.7004 -0.7078
vn -0.2755 0.6504 -0.7078
vn -0.3569 0.6096 -0.7078
vn 0.0959 -0.6998 -0.7079
vn 0.0245 -0.7065 -0.7073
vn -0.2631 -0.6557 -0.7077
vn 0.6324 0.3148 -0.7078
vn 0.6501 -0.2762 -0.7078
vn -0.6911 -0.1462 -0.7078
vn -0.6998 -0.1014 -0.7071
vn -0.6999 0.0953 -0.7079
vn 0.7000 0.0997 -0.7072
vn -0.6932 -0.1394 -0.7071
vn 0.0083 0.7071 -0.7071
vn 0.0344 0.7063 -0.7071
vn 0.1125 0.6981 -0.7071
vn 0.6470 0.2846 -0.7074
vn -0.0178 -0.7069 -0.7071
vn -0.0466 -0.7056 -0.7071
vn -0.1705 -0.6863 -0.7071
vn 0.4935 0.5058 -0.7075
vn 0.4422 0.5513 -0.7075
vn -0.6014 -0.3715 -0.7073
vn -0.4796 -0.5190 -0.7076
vn 0.3793 0.5965 -0.7073
vn 0.1399 0.6931 -0.7072
vn -0.3094 -0.6356 -0.7073
vn -0.1231 -0.6963 -0.7071
vn -0.0039 -0.7071 -0.7071
vn 0.7066 0.0222 -0.7073
vn 0.6077 -0.3600 -0.7079
vn -0.6077 0.3601 -0.7078
vn -0.6030 -0.3680 -0.7078
vn 0.3576 0.6093 -0.7078
vn 0.4298 0.5607 -0.7078
vn -0.0310 0.7061 -0.7074
vn 0.0310 0.7061 -0.7074
vn 0.1439 0.6917 -0.7077
vn 0.2558 0.6583 -0.7079
vn -0.7071 -0.0062 -0.7071
vn -0.4163 0.5705 -0.7080
vn -0.0645 -0.7040 -0.7073
vn -0.1193 -0.6965 -0.7075
vn 0.2561 -0.6585 -0.7077
vn 0.4105 -0.5748 -0.7079
vn -0.5389 0.4561 -0.7082
vn 0.4516 -0.5426 -0.7083
vn 0.6738 0.2121 -0.7078
vn -0.6329 -0.3119 -0.7086
vn 0.6972 -0.1103 -0.7083
vn 0.6536 0.2646 -0.7091
vn 0.7030 0.0716 -0.7076
vn -0.6854 -0.1704 -0.7080
vn -0.6597 -0.2492 -0.7090
vn 0.2073 0.6759 -0.7073
vn 0.1500 0.6910 -0.7071
vn 0.2335 0.6672 -0.7074
vn 0.3646 0.6049 -0.7079
vn -0.1523 -0.6905 -0.7071
vn 0.7018 0.0847 -0.7073
vn -0.7050 -0.0511 -0.7073
vn 0.7068 0.0186 -0.7071
vn -0.3973 -0.5841 -0.7078
vn -0.5484 -0.4444 -0.7083
vn -0.6166 -0.3434 -0.7085
vn 0.7058 -0.0061 -0.7083
vn -0.6786 0.1982 -0.7072
vn 0.6679 -0.2314 -0.7073
vn 0.5973 0.3764 -0.7082
vn -0.6830 0.1800 -0.7079
vn 0.6339 -0.3099 -0.7086
vn 0.6479 -0.2779 -0.7093
vn -0.6032 0.3669 -0.7081
vn 0.5325 0.4637 -0.7081
vn 0.4590 0.5367 -0.7080
vn -0.6462 -0.2846 -0.7081
vn -0.4801 0.5170 -0.7086
vn 0.3480 0.6134 -0.7089
vn 0.2420 0.6627 -0.7087
vn 0.3642 0.6041 -0.7088
vn -0.1443 0.6922 -0.7072
vn -0.1362 0.6933 -0.7076
vn 0.0012 0.7067 -0.7075
vn -0.3510 -0.6127 -0.7081
vn -0.3256 -0.6262 -0.7085
vn 0.1742 -0.6852 -0.7072
vn 0.0473 -0.7054 -0.7072
vn 0.0264 -0.7065 -0.7072
vn 0.4791 -0.5201 -0.7071
vn 0.4790 -0.5201 -0.7071
vn 0.4786 0.5196 0.7077
vn -0.4989 0.5001 0.7078
vn 0.4988 -0.5002 0.7078
vn -0.4787 -0.5196 0.7077
vn 0.7065 -0.0000 0.7077
vn 0.7064 -0.0000 0.7078
vn 0.7059 0.0398 0.7072
vn -0.7059 -0.0399 0.7072
vn 0.6786 0.1988 0.7071
vn -0.0010 0.7071 0.7071
vn -0.0020 0.7071 0.7072
vn 0.0259 0.7066 0.7071
vn 0.0781 0.7028 0.7071
vn -0.6788 -0.1980 0.7071
vn 0.1696 0.6864 0.7071
vn 0.3256 0.6271 0.7076
vn -0.0292 -0.7065 0.7071
vn -0.0902 -0.7013 0.7071
vn -0.2177 -0.6727 0.7071
vn 0.5006 0.4991 0.7073
vn -0.5098 -0.4898 0.7073
vn -0.6115 -0.3542 0.7076
vn 0.1997 0.6783 0.7071
vn 0.6724 0.2175 0.7075
vn 0.6478 0.2823 0.7075
vn 0.0398 0.7060 0.7071
vn 0.0084 0.7071 0.7071
vn 0.0169 0.7069 0.7071
vn 0.6709 -0.0000 0.7415
vn 0.6722 -0.0000 0.7403
vn 0.6723 -0.0000 0.7403
vn -0.0772 -0.7028 0.7071
vn 0.6985 -0.1051 0.7078
vn 0.7062 -0.0297 0.7074
vn 0.5532 0.4394 0.7078
vn -0.4337 0.5576 0.7078
vn -0.3573 -0.6094 0.7078
vn -0.4295 -0.5609 0.7078
vn 0.2811 -0.6481 0.7078
vn 0.0312 -0.7061 0.7074
vn 0.1076 -0.6981 0.7078
vn -0.0070 0.7063 0.7079
vn -0.0549 0.7047 0.7074
vn 0.7066 -0.0214 0.7072
vn 0.5378 0.4578 0.7080
vn 0.1910 -0.6802 0.7077
vn 0.1847 -0.6821 0.7076
vn -0.2299 -0.6681 0.7076
vn -0.3594 -0.6078 0.7081
vn -0.4484 -0.5453 0.7082
vn -0.6318 0.3148 0.7083
vn 0.6297 0.3196 0.7080
vn 0.6237 -0.3307 0.7083
vn 0.6973 -0.1103 0.7082
vn -0.5868 -0.3946 0.7071
vn -0.6989 0.1011 0.7081
vn -0.6726 0.2167 0.7075
vn 0.7021 -0.0784 0.7077
vn 0.6862 -0.1672 0.7079
vn 0.4036 0.5794 0.7081
vn 0.2575 0.6582 0.7074
vn 0.1418 0.6927 0.7071
vn 0.1890 0.6813 0.7072
vn -0.4067 -0.5770 0.7083
vn -0.7066 0.0259 0.7072
vn 0.6113 0.3521 0.7087
vn -0.1632 -0.6880 0.7072
vn -0.1896 -0.6811 0.7072
vn 0.6993 -0.1039 0.7072
vn -0.7064 -0.0294 0.7072
vn -0.7071 -0.0062 0.7071
vn 0.6972 0.1100 0.7083
vn -0.6165 -0.3433 0.7085
vn 0.7067 0.0228 0.7072
vn 0.7023 0.0743 0.7080
vn -0.7009 0.0916 0.7074
vn -0.6659 -0.2362 0.7076
vn -0.6281 -0.3140 0.7119
vn 0.6472 0.2823 0.7081
vn -0.6292 0.3222 0.7073
vn -0.6925 -0.1376 0.7082
vn 0.5594 0.4281 0.7098
vn 0.6069 0.3496 0.7137
vn 0.6256 0.3271 0.7083
vn -0.5408 0.4539 0.7081
vn -0.3318 0.6241 0.7074
vn 0.2184 0.6719 0.7077
vn -0.1653 0.6866 0.7080
vn 0.0683 0.7034 0.7075
vn -0.0699 0.7036 0.7072
vn 0.4753 -0.5212 0.7088
vn -0.4164 -0.5696 0.7087
vn -0.3036 -0.6370 0.7085
vn 0.2699 -0.6535 0.7072
vn 0.2035 -0.6767 0.7076
vn 0.1964 -0.6787 0.7077
vn -0.1261 -0.6955 0.7074
vn -0.0157 -0.7066 0.7075
vn 0.1798 0.6832 -0.7078
vn 0.0922 0.7004 -0.7078
vn -0.1881 0.6808 -0.7079
vn 0.1879 -0.6809 -0.7079
vn 0.0960 -0.6998 -0.7079
vn -0.1797 -0.6832 -0.7078
vn 0.6668 0.2332 -0.7078
vn 0.6808 -0.1881 -0.7079
vn -0.6668 -0.2332 -0.7078
vn -0.6808 0.1881 -0.7079
vn 0.6969 0.1196 -0.7071
vn -0.6932 -0.1394 -0.7072
vn -0.6969 -0.1196 -0.7071
vn 0.0121 0.7070 -0.7071
vn 0.0370 0.7061 -0.7071
vn 0.1239 0.6961 -0.7071
vn 0.0018 -0.7071 -0.7071
vn 0.0035 -0.7071 -0.7071
vn 0.6242 0.3318 -0.7073
vn -0.0137 -0.7070 -0.7071
vn -0.0421 -0.7059 -0.7071
vn -0.1545 -0.6900 -0.7071
vn -0.6015 -0.3715 -0.7073
vn -0.6262 -0.3279 -0.7073
vn 0.5400 0.4558 -0.7075
vn -0.4248 -0.5646 -0.7076
vn 0.3345 0.6227 -0.7073
vn -0.3534 -0.6122 -0.7073
vn 0.1199 0.6968 -0.7072
vn -0.1383 -0.6934 -0.7071
vn -0.0155 -0.7069 -0.7071
vn -0.7018 -0.0825 -0.7076
vn -0.7066 -0.0229 -0.7073
vn 0.6967 0.1164 -0.7078
vn 0.7035 0.0710 -0.7071
vn -0.6484 0.2803 -0.7078
vn -0.6443 -0.2896 -0.7078
vn 0.5578 -0.4334 -0.7078
vn 0.2791 0.6489 -0.7078
vn -0.1073 0.6982 -0.7079
vn -0.0309 -0.7061 -0.7075
vn -0.1068 -0.6982 -0.7078
vn 0.2242 0.6699 -0.7078
vn 0.5873 0.3937 -0.7071
vn 0.3462 0.6155 -0.7080
vn -0.3341 0.6223 -0.7079
vn -0.4539 0.5403 -0.7085
vn -0.0287 -0.7064 -0.7072
vn -0.1193 -0.6966 -0.7075
vn -0.0566 -0.7045 -0.7074
vn 0.6413 0.2960 -0.7079
vn 0.4886 -0.5098 -0.7081
vn 0.5350 -0.4605 -0.7083
vn -0.5648 -0.4230 -0.7086
vn 0.6945 0.1298 -0.7077
vn -0.6943 -0.1342 -0.7071
vn -0.6787 -0.1937 -0.7084
vn 0.6938 0.1277 -0.7088
vn -0.6528 -0.2689 -0.7082
vn 0.5839 0.3954 -0.7090
vn -0.6958 -0.1175 -0.7086
vn 0.1721 0.6857 -0.7072
vn -0.5929 -0.3816 -0.7092
vn 0.1381 0.6935 -0.7071
vn 0.7069 0.0131 -0.7072
vn 0.7030 0.0715 -0.7076
vn 0.2922 0.6434 -0.7076
vn 0.4484 0.5453 -0.7083
vn -0.7069 -0.0007 -0.7073
vn -0.7050 -0.0512 -0.7073
vn -0.1698 -0.6864 -0.7072
vn 0.6935 0.1364 -0.7074
vn -0.3297 -0.6250 -0.7076
vn -0.4723 -0.5250 -0.7081
vn 0.7052 0.0494 -0.7073
vn -0.6786 0.1983 -0.7072
vn -0.6890 0.1586 -0.7072
vn 0.6679 -0.2315 -0.7073
vn 0.6486 -0.2809 -0.7074
vn -0.7009 0.0881 -0.7078
vn -0.6781 -0.1982 -0.7077
vn 0.5333 0.4628 -0.7081
vn -0.5655 0.4223 -0.7085
vn 0.5654 -0.4219 -0.7087
vn 0.3798 0.5955 -0.7079
vn 0.5719 -0.4123 -0.7092
vn -0.5259 -0.4727 -0.7071
vn 0.2227 0.6695 -0.7087
vn 0.1171 0.6960 -0.7085
vn -0.2147 0.6731 -0.7077
vn -0.1734 0.6854 -0.7072
vn -0.0647 0.7038 -0.7075
vn -0.4296 -0.5600 -0.7084
vn -0.4424 -0.5501 -0.7083
vn -0.5277 -0.4707 -0.7071
vn 0.1402 -0.6929 -0.7072
vn -0.0156 -0.7067 -0.7073
vn 0.0183 -0.7068 -0.7071
vn -0.0000 0.7078 0.7065
vn -0.4316 0.5592 0.7079
vn 0.5374 0.4585 0.7077
vn 0.4786 0.5197 0.7077
vn -0.4131 -0.5731 0.7077
vn 0.5581 -0.4330 0.7079
vn -0.7068 -0.0199 0.7071
vn 0.7046 0.0598 0.7071
vn 0.6725 0.2184 0.7071
vn -0.6841 -0.1786 0.7071
vn 0.0011 0.7071 0.7071
vn 0.0289 0.7065 0.7071
vn 0.0895 0.7014 0.7071
vn 0.0781 0.7027 0.7071
vn 0.1753 0.6850 0.7071
vn -0.0256 -0.7066 0.7071
vn 0.3861 0.5919 0.7075
vn -0.0740 -0.7032 0.7071
vn -0.2021 -0.6776 0.7071
vn 0.4625 0.5345 0.7074
vn -0.5430 -0.4526 0.7073
vn -0.5732 -0.4135 0.7075
vn 0.1799 0.6838 0.7072
vn 0.0199 0.7068 0.7072
vn 0.6906 0.1499 0.7075
vn -0.0926 -0.7010 0.7071
vn 0.6790 -0.1947 0.7078
vn -0.0000 -0.6722 0.7404
vn -0.0000 -0.6681 0.7441
vn -0.0000 -0.6722 0.7403
vn 0.4952 0.5039 0.7078
vn -0.4996 0.4994 0.7078
vn -0.4949 -0.5041 0.7078
vn 0.1964 -0.6785 0.7078
vn 0.0033 0.7068 0.7074
vn 0.0806 0.7019 0.7077
vn 0.4681 0.5288 0.7080
vn 0.5960 0.3790 0.7079
vn -0.1643 -0.6874 0.7074
vn 0.2561 -0.6585 0.7076
vn 0.2730 -0.6515 0.7079
vn -0.5712 0.4148 0.7083
vn -0.2719 -0.6519 0.7079
vn -0.3064 -0.6364 0.7079
vn 0.6298 0.3196 0.7080
vn 0.6669 0.2329 0.7079
vn 0.7060 0.0031 0.7082
vn -0.6445 0.2892 0.7077
vn -0.6726 0.2168 0.7075
vn 0.3224 0.6286 0.7077
vn 0.2079 0.6757 0.7073
vn 0.7068 -0.0087 0.7074
vn -0.5028 -0.4947 0.7088
vn 0.1591 0.6889 0.7072
vn 0.2330 0.6673 0.7073
vn -0.3205 -0.6296 0.7077
vn -0.7068 -0.0126 0.7073
vn -0.1504 -0.6909 0.7071
vn 0.6668 0.2305 0.7086
vn 0.7002 -0.0918 0.7080
vn 0.7066 -0.0213 0.7072
vn 0.6925 -0.1423 0.7073
vn 0.6993 -0.1040 0.7072
vn -0.5484 -0.4444 0.7084
vn -0.7057 0.0409 0.7073
vn 0.7059 -0.0061 0.7083
vn -0.6866 -0.1674 0.7075
vn -0.6676 -0.2285 0.7085
vn 0.6833 0.1778 0.7082
vn -0.6487 0.2811 0.7073
vn 0.5964 0.3780 0.7082
vn 0.5595 0.4299 0.7086
vn 0.4710 0.5327 0.7032
vn 0.5500 0.4467 0.7057
vn -0.6606 -0.2485 0.7085
vn -0.6033 0.3670 0.7081
vn -0.3570 0.6104 0.7071
vn -0.2682 0.6530 0.7083
vn 0.1412 0.6923 0.7076
vn -0.0932 0.7009 0.7072
vn 0.0012 0.7068 0.7074
vn -0.5162 -0.4810 0.7086
vn 0.2392 -0.6653 0.7072
vn 0.2034 -0.6767 0.7076
vn 0.1390 -0.6930 0.7074
vn -0.1897 -0.6807 0.7076
vn 0.1243 -0.6957 0.7075
vn -0.1027 -0.6986 0.7081
vn -0.0000 -0.7075 -0.7067
vn -0.0000 -0.7076 -0.7066
vn 0.7075 -0.0000 -0.7067
vn -0.0962 0.6998 -0.7079
vn 0.2631 0.6556 -0.7078
vn -0.0920 -0.7003 -0.7079
vn 0.2753 -0.6505 -0.7078
vn -0.6324 -0.3148 -0.7078
vn -0.6501 0.2761 -0.7079
vn 0.6668 0.2331 -0.7078
vn 0.6911 0.1460 -0.7078
vn 0.6998 -0.0953 -0.7079
vn -0.6969 -0.1196 -0.7072
vn -0.7000 -0.0997 -0.7072
vn 0.6932 0.1395 -0.7072
vn 0.0158 0.7069 -0.7071
vn 0.0438 0.7057 -0.7071
vn 0.1354 0.6940 -0.7071
vn -0.0093 -0.7071 -0.7071
vn -0.0391 -0.7060 -0.7071
vn -0.1385 -0.6934 -0.7071
vn -0.6479 -0.2826 -0.7073
vn 0.5979 0.3771 -0.7073
vn -0.3652 -0.6049 -0.7076
vn -0.4249 -0.5646 -0.7076
vn 0.5814 0.4017 -0.7075
vn 0.2878 0.6456 -0.7074
vn -0.3956 -0.5858 -0.7073
vn 0.0999 0.7000 -0.7071
vn -0.1685 -0.6867 -0.7071
vn -0.1760 -0.6849 -0.7071
vn -0.1535 -0.6903 -0.7071
vn -0.0309 -0.7064 -0.7071
vn -0.6895 -0.1548 -0.7075
vn 0.6759 0.2053 -0.7078
vn -0.6789 0.1949 -0.7079
vn -0.6759 -0.2054 -0.7078
vn 0.4995 -0.4995 -0.7078
vn 0.1952 0.6789 -0.7078
vn -0.1964 0.6785 -0.7078
vn -0.1074 0.6982 -0.7079
vn -0.1949 -0.6789 -0.7078
vn 0.3074 0.6359 -0.7079
vn -0.2552 0.6588 -0.7077
vn -0.3485 0.6135 -0.7086
vn 0.4330 0.5578 -0.7081
vn -0.4163 0.5704 -0.7080
vn -0.4973 0.5012 -0.7081
vn -0.0004 -0.7068 -0.7074
vn 0.0073 -0.7069 -0.7073
vn 0.4105 -0.5747 -0.7080
vn -0.4811 -0.5165 -0.7084
vn 0.5615 -0.4279 -0.7083
vn 0.6739 0.2121 -0.7078
vn 0.6041 -0.3651 -0.7083
vn -0.6329 -0.3118 -0.7086
vn 0.7015 0.0893 -0.7071
vn -0.6013 -0.3697 -0.7083
vn -0.7061 -0.0028 -0.7081
vn 0.6535 0.2647 -0.7091
vn 0.4952 0.5025 -0.7087
vn 0.1494 0.6911 -0.7071
vn 0.1351 0.6940 -0.7071
vn -0.7053 0.0475 -0.7073
vn 0.3650 0.6047 -0.7078
vn 0.7069 -0.0183 -0.7071
vn -0.2022 -0.6774 -0.7073
vn 0.5347 0.4604 -0.7086
vn -0.2723 -0.6523 -0.7074
vn -0.6890 0.1585 -0.7072
vn -0.6966 0.1210 -0.7072
vn 0.6787 0.1971 -0.7075
vn 0.7005 0.0949 -0.7074
vn -0.7063 -0.0050 -0.7079
vn -0.6953 -0.1266 -0.7074
vn 0.6238 -0.3323 -0.7074
vn -0.6272 0.3241 -0.7082
vn 0.5273 0.4711 -0.7071
vn 0.5273 0.4712 -0.7071
vn 0.4596 0.5362 -0.7080
vn 0.2986 0.6402 -0.7078
vn -0.2983 0.6403 -0.7079
vn -0.5172 -0.4804 -0.7083
vn -0.2059 0.6764 -0.7072
vn 0.4754 -0.5212 -0.7088
vn 0.1043 0.6983 -0.7082
vn 0.4770 -0.5200 -0.7086
vn 0.0216 0.7064 -0.7075
vn -0.4423 -0.5501 -0.7083
vn -0.5308 -0.4650 -0.7085
vn 0.3533 -0.6124 -0.7072
vn -0.2652 -0.6548 -0.7078
vn -0.3510 -0.6128 -0.7080
vn 0.1402 -0.6930 -0.7072
vn 0.1055 -0.6991 -0.7072
vn -0.0888 -0.7007 -0.7079
vn -0.0041 -0.7070 -0.7072
vn 0.0237 0.7065 0.7073
vn -0.3569 0.6095 0.7078
vn -0.3411 -0.6187 0.7077
vn 0.5889 0.3901 0.7078
vn 0.5581 -0.4329 0.7079
vn 0.6089 -0.3581 0.7078
vn 0.0553 -0.7050 0.7071
vn -0.7065 0.0189 0.7074
vn 0.7025 0.0797 0.7072
vn -0.6890 -0.1591 0.7071
vn 0.0042 0.7071 0.7071
vn 0.0317 0.7064 0.7071
vn 0.0289 0.7066 0.7071
vn 0.1010 0.6999 0.7071
vn 0.6634 0.2443 0.7072
vn -0.0218 -0.7068 0.7071
vn -0.0579 -0.7047 0.7071
vn -0.1863 -0.6821 0.7071
vn 0.4422 0.5513 0.7075
vn -0.5736 -0.4131 0.7073
vn 0.4221 0.5671 0.7073
vn -0.5291 -0.4685 0.7075
vn -0.5731 -0.4135 0.7075
vn 0.1599 0.6888 0.7071
vn -0.9288 -0.0000 0.3706
vn -0.9688 -0.0000 0.2478
vn -0.9833 -0.0000 0.1821
vn -0.1079 -0.6988 0.7071
vn 0.7021 0.0799 0.7075
vn 0.6485 -0.2802 0.7078
vn -0.5579 0.4334 0.7078
vn -0.4997 0.4994 0.7078
vn -0.5530 -0.4396 0.7078
vn 0.4298 0.5606 0.7078
vn 0.1662 0.6866 0.7078
vn 0.7071 0.0034 0.7071
vn 0.4681 0.5287 0.7080
vn 0.1847 -0.6821 0.7075
vn -0.1911 -0.6802 0.7077
vn 0.3617 -0.6064 0.7081
vn 0.6414 0.2960 0.7079
vn -0.6015 0.3701 0.7079
vn 0.6973 -0.1103 0.7083
vn -0.6787 -0.1938 0.7084
vn -0.6943 -0.1343 0.7071
vn 0.6938 0.1276 0.7088
vn 0.6905 0.1493 0.7077
vn 0.2569 0.6585 0.7074
vn 0.1728 0.6856 0.7072
vn -0.5929 -0.3816 0.7091
vn -0.7067 -0.0126 0.7074
vn -0.7019 -0.0801 0.7077
vn 0.1894 0.6811 0.7072
vn 0.2917 0.6436 0.7076
vn 0.2330 0.6674 0.7073
vn 0.7058 0.0401 0.7073
vn -0.1504 -0.6910 0.7071
vn -0.6988 -0.1061 0.7074
vn -0.4723 -0.5250 0.7080
vn -0.6165 -0.3434 0.7085
vn 0.6823 -0.1850 0.7073
vn -0.7021 -0.0839 0.7071
vn -0.4606 0.5365 0.7071
vn -0.6652 0.2394 0.7073
vn -0.6486 0.2811 0.7073
vn 0.6780 -0.1964 0.7083
vn 0.6481 0.2800 0.7082
vn -0.6925 -0.1376 0.7081
vn 0.5325 0.4637 0.7081
vn 0.4650 0.5302 0.7090
vn -0.5409 0.4539 0.7081
vn 0.3643 0.6041 0.7088
vn 0.4794 0.5263 0.7022
vn -0.3771 0.5964 0.7086
vn -0.5936 -0.3819 0.7084
vn -0.1177 0.6972 0.7072
vn 0.2072 -0.6759 0.7072
vn -0.2134 -0.6728 0.7084
vn 0.0674 -0.7037 0.7073
vn -0.0246 0.7065 -0.7073
vn 0.3410 0.6187 -0.7078
vn -0.0236 -0.7065 -0.7073
vn 0.3568 -0.6097 -0.7078
vn -0.6089 0.3580 -0.7078
vn -0.5890 -0.3901 -0.7078
vn 0.6911 0.1461 -0.7078
vn 0.6998 0.1012 -0.7072
vn 0.7066 -0.0190 -0.7074
vn -0.7025 -0.0798 -0.7072
vn 0.6889 0.1594 -0.7072
vn 0.0193 0.7069 -0.7071
vn 0.0158 0.7070 -0.7071
vn 0.0552 0.7050 -0.7071
vn 0.1468 0.6917 -0.7071
vn -0.6638 -0.2432 -0.7073
vn -0.0048 -0.7071 -0.7071
vn -0.0359 -0.7062 -0.7071
vn -0.1224 -0.6964 -0.7071
vn -0.3010 -0.6393 -0.7076
vn 0.5685 0.4202 -0.7073
vn 0.6174 0.3438 -0.7075
vn -0.4359 -0.5566 -0.7073
vn 0.2291 0.6685 -0.7076
vn 0.1945 0.6798 -0.7071
vn 0.2122 0.6744 -0.7072
vn 0.1946 0.6798 -0.7071
vn 0.0799 0.7026 -0.7071
vn 0.0085 0.7071 -0.7071
vn -0.1535 -0.6902 -0.7071
vn -0.6895 -0.1549 -0.7075
vn -0.6700 -0.2246 -0.7076
vn -0.0464 -0.7056 -0.7071
vn -0.6985 0.1052 -0.7079
vn -0.6966 -0.1166 -0.7079
vn 0.6444 0.2894 -0.7078
vn 0.4335 -0.5577 -0.7078
vn -0.2813 0.6480 -0.7078
vn 0.1070 0.6982 -0.7078
vn -0.2788 -0.6491 -0.7078
vn -0.2306 0.6669 -0.7086
vn 0.5115 0.4868 -0.7081
vn 0.0556 -0.7046 -0.7074
vn -0.0000 -0.0000 -1.0000
vn -0.4810 -0.5165 -0.7084
vn -0.5648 -0.4229 -0.7086
vn -0.5316 -0.4644 -0.7084
vn -0.6988 0.1011 -0.7081
vn 0.6546 -0.2647 -0.7081
vn 0.5837 0.3956 -0.7090
vn -0.6958 -0.1175 -0.7085
vn -0.6598 -0.2492 -0.7090
vn 0.4041 0.5790 -0.7081
vn -0.7001 0.0974 -0.7073
vn 0.1373 0.6936 -0.7071
vn 0.1413 0.6928 -0.7071
vn 0.3650 0.6047 -0.7079
vn 0.4487 0.5450 -0.7082
vn -0.1698 -0.6863 -0.7072
vn 0.7058 -0.0415 -0.7072
vn 0.6112 0.3522 -0.7088
vn -0.7017 0.0863 -0.7073
vn -0.6966 0.1211 -0.7072
vn 0.6538 0.2678 -0.7077
vn 0.6787 0.1970 -0.7075
vn 0.7019 0.0781 -0.7080
vn 0.7066 0.0269 -0.7071
vn 0.6892 0.1561 -0.7075
vn -0.7033 -0.0705 -0.7073
vn -0.6668 0.2332 -0.7078
vn -0.5715 0.4165 -0.7071
vn -0.5838 0.3987 -0.7073
vn 0.5918 -0.3691 -0.7166
vn -0.5849 -0.3957 -0.7080
vn 0.3802 0.5952 -0.7079
vn 0.2183 0.6719 -0.7077
vn -0.2369 0.6730 -0.7007
vn -0.2059 0.6763 -0.7072
vn 0.0067 0.7065 -0.7077
vn -0.0241 0.7066 -0.7072
vn 0.3746 -0.5983 -0.7083
vn 0.3787 -0.5957 -0.7083
vn -0.4423 -0.5501 -0.7084
vn 0.3270 -0.6269 -0.7072
vn -0.1911 -0.6796 -0.7082
vn 0.0704 -0.7035 -0.7072
vn -0.0040 -0.7070 -0.7072
vn 0.0921 0.7004 0.7078
vn -0.2755 0.6504 0.7078
vn -0.3569 0.6096 0.7078
vn 0.0245 -0.7065 0.7073
vn 0.0959 -0.6998 0.7079
vn -0.2631 -0.6557 0.7077
vn 0.6324 0.3148 0.7078
vn 0.6501 -0.2762 0.7078
vn -0.6998 -0.1014 0.7071
vn -0.6911 -0.1462 0.7078
vn -0.6999 0.0953 0.7079
vn 0.7000 0.0997 0.7072
vn -0.6932 -0.1394 0.7072
vn 0.0083 0.7071 0.7071
vn 0.0344 0.7063 0.7071
vn 0.1125 0.6981 0.7071
vn 0.6470 0.2846 0.7074
vn 0.0018 -0.7071 0.7071
vn -0.0178 -0.7069 0.7071
vn -0.0466 -0.7056 0.7071
vn -0.1705 -0.6862 0.7071
vn 0.4935 0.5058 0.7075
vn -0.6014 -0.3715 0.7073
vn -0.4796 -0.5190 0.7076
vn 0.3793 0.5965 0.7073
vn 0.1399 0.6931 0.7072
vn -0.3094 -0.6356 0.7073
vn -0.1231 -0.6963 0.7071
vn -0.0039 -0.7071 0.7071
vn 0.7066 0.0222 0.7073
vn -0.7065 -0.0229 0.7073
vn -0.7062 0.0298 0.7074
vn -0.0276 0.7065 0.7071
vn -0.0276 0.7066 0.7071
vn 0.6077 -0.3600 0.7078
vn -0.6077 0.3601 0.7078
vn -0.6030 -0.3680 0.7078
vn 0.3576 0.6093 0.7078
vn 0.4298 0.5607 0.7078
vn -0.0310 0.7061 0.7075
vn 0.2559 0.6583 0.7079
vn -0.1193 -0.6965 0.7075
vn 0.2561 -0.6585 0.7077
vn -0.5712 0.4147 0.7084
vn 0.4105 -0.5748 0.7079
vn -0.5389 0.4561 0.7082
vn 0.4516 -0.5426 0.7083
vn 0.6738 0.2121 0.7078
vn -0.6329 -0.3119 0.7086
vn 0.6972 -0.1103 0.7083
vn 0.6536 0.2646 0.7091
vn 0.7030 0.0716 0.7076
vn -0.6854 -0.1704 0.7080
vn 0.2073 0.6759 0.7073
vn 0.1500 0.6910 0.7071
vn 0.2335 0.6672 0.7074
vn 0.3646 0.6049 0.7079
vn 0.7018 0.0847 0.7073
vn -0.7050 -0.0511 0.7073
vn 0.7069 0.0186 0.7071
vn -0.5484 -0.4444 0.7083
vn 0.6972 0.1100 0.7084
vn 0.7058 -0.0061 0.7083
vn -0.6786 0.1982 0.7072
vn 0.6679 -0.2314 0.7073
vn 0.5973 0.3764 0.7082
vn 0.6339 -0.3099 0.7086
vn 0.6479 -0.2779 0.7093
vn -0.6032 0.3669 0.7081
vn 0.4590 0.5367 0.7080
vn -0.6462 -0.2847 0.7081
vn -0.4801 0.5170 0.7086
vn 0.3480 0.6134 0.7089
vn 0.2420 0.6627 0.7087
vn 0.3642 0.6041 0.7088
vn -0.1368 0.6995 0.7015
vn 0.0012 0.7068 0.7075
vn -0.3510 -0.6127 0.7081
vn -0.3256 -0.6261 0.7085
vn 0.1742 -0.6852 0.7072
vn 0.2072 -0.6760 0.7072
vn -0.1260 -0.6955 0.7074
vn 0.0264 -0.7065 0.7072
vn 0.4790 -0.5201 0.7071
vn 0.4791 -0.5201 0.7071
vn -0.7063 -0.0000 -0.7079
vn 0.4130 0.5732 -0.7077
vn 0.3568 -0.6096 -0.7078
vn 0.4315 -0.5593 -0.7078
vn -0.5582 0.4329 -0.7078
vn -0.5375 -0.4585 -0.7077
vn 0.7068 0.0199 -0.7071
vn -0.7045 -0.0599 -0.7071
vn 0.6840 0.1791 -0.7072
vn 0.0227 0.7067 -0.7071
vn 0.0194 0.7069 -0.7071
vn 0.0666 0.7039 -0.7071
vn 0.1582 0.6892 -0.7071
vn -0.6729 -0.2172 -0.7071
vn -0.0012 -0.7071 -0.7071
vn -0.0326 -0.7064 -0.7071
vn -0.1063 -0.6991 -0.7071
vn -0.2466 -0.6625 -0.7073
vn 0.5359 0.4609 -0.7074
vn 0.5684 0.4202 -0.7073
vn -0.4359 -0.5565 -0.7073
vn -0.4740 -0.5245 -0.7073
vn 0.6479 0.2823 -0.7075
vn 0.2195 0.6721 -0.7072
vn 0.0598 0.7046 -0.7071
vn -0.6439 -0.2912 -0.7076
vn -0.0618 -0.7044 -0.7071
vn -0.7062 0.0297 -0.7074
vn 0.7062 -0.0297 -0.7074
vn -0.7035 -0.0711 -0.7071
vn 0.6032 0.3678 -0.7078
vn -0.3607 0.6074 -0.7078
vn 0.3605 -0.6075 -0.7078
vn -0.3572 -0.6094 -0.7078
vn -0.1115 0.6970 -0.7083
vn 0.4682 0.5288 -0.7080
vn 0.1184 -0.6967 -0.7075
vn 0.5779 0.4058 -0.7081
vn -0.3065 -0.6364 -0.7078
vn -0.4811 -0.5164 -0.7084
vn 0.5615 -0.4279 -0.7082
vn 0.4886 -0.5099 -0.7081
vn -0.4484 -0.5453 -0.7083
vn 0.6236 -0.3307 -0.7084
vn -0.7062 -0.0028 -0.7080
vn 0.6546 -0.2646 -0.7081
vn 0.6862 -0.1671 -0.7079
vn 0.5837 0.3956 -0.7091
vn 0.4949 0.5028 -0.7087
vn -0.6900 0.1531 -0.7074
vn 0.3230 0.6283 -0.7077
vn 0.1350 0.6941 -0.7071
vn 0.1586 0.6890 -0.7072
vn -0.3205 -0.6296 -0.7078
vn 0.5349 0.4602 -0.7086
vn 0.7035 -0.0702 -0.7072
vn -0.7049 0.0545 -0.7072
vn -0.1895 -0.6811 -0.7072
vn 0.6668 0.2306 -0.7086
vn -0.7064 -0.0293 -0.7072
vn 0.6825 0.1809 -0.7081
vn 0.6142 0.3486 -0.7080
vn 0.6665 0.2339 -0.7078
vn -0.6668 0.2333 -0.7078
vn -0.6893 0.1553 -0.7076
vn -0.6074 0.3617 -0.7073
vn -0.5838 0.3988 -0.7073
vn -0.6333 -0.3129 -0.7078
vn 0.5690 -0.3824 -0.7280
vn 0.5368 -0.4318 -0.7248
vn 0.2988 0.6401 -0.7078
vn -0.2767 0.6650 -0.6937
vn -0.2560 0.6754 -0.6915
vn 0.1411 0.6923 -0.7076
vn 0.4753 -0.5211 -0.7088
vn -0.0758 0.7024 -0.7077
vn -0.0471 0.7055 -0.7072
vn 0.2825 -0.6472 -0.7080
vn 0.3788 -0.5957 -0.7083
vn 0.2992 -0.6406 -0.7072
vn -0.3037 -0.6370 -0.7086
vn 0.0351 -0.7061 -0.7072
vn 0.7071 -0.7071 -0.0000
vn 0.0922 0.7004 0.7078
vn 0.0960 -0.6998 0.7079
vn 0.6324 0.3149 0.7078
vn 0.0035 -0.7071 0.7071
vn 0.7035 0.0710 0.7071
vn -0.6031 -0.3680 0.7078
vn -0.0309 -0.7061 0.7075
vn 0.5873 0.3937 0.7071
vn 0.2558 0.6583 0.7079
vn 0.4105 -0.5747 0.7079
vn -0.6943 -0.1342 0.7071
vn 0.7030 0.0715 0.7076
vn -0.7050 -0.0512 0.7073
vn -0.6786 0.1983 0.7073
vn 0.6679 -0.2315 0.7073
vn 0.5273 0.4712 0.7071
vn 0.5273 0.4711 0.7071
vn -0.5259 -0.4727 0.7071
vn -0.1581 0.7137 0.6824
vn 0.5334 0.4830 0.6944
vn 0.5338 0.4833 0.6939
vn -0.5277 -0.4707 0.7071
vn 0.0553 -0.7050 -0.7071
vn -0.0020 0.7070 -0.7072
vn 0.6478 0.2823 -0.7075
vn 0.0169 0.7069 -0.7071
vn 0.9916 -0.0000 -0.1292
vn 0.9735 -0.0000 -0.2287
vn 0.9667 0.0001 -0.2557
vn -0.7062 0.0298 -0.7074
vn -0.0276 0.7066 -0.7071
vn -0.3573 -0.6094 -0.7078
vn 0.0312 -0.7061 -0.7075
vn 0.5779 0.4059 -0.7081
vn -0.5868 -0.3946 -0.7071
vn 0.6862 -0.1672 -0.7079
vn 0.7072 -0.0000 -0.7071
vn -0.7064 -0.0294 -0.7072
vn 0.7067 0.0228 -0.7072
vn -0.2928 0.6324 -0.7171
vn 0.4753 -0.5211 -0.7089
vn 0.5681 0.5142 -0.6425
vn 0.5665 0.5129 -0.6450
vn 0.5682 0.5143 -0.6424
vn 0.7071 0.7071 -0.0000
vn 0.6129 -0.7902 -0.0000
vn -0.7053 -0.7089 -0.0000
vn 0.7070 0.7072 -0.0000
vn -0.2908 0.9568 -0.0000
vn -0.2911 0.9567 -0.0000
vn -0.2422 -0.9702 -0.0000
vn -0.6699 -0.7425 -0.0000
vn 0.7070 -0.7072 -0.0000
vn -0.7071 -0.7071 -0.0000
vn -0.7071 0.7071 -0.0000
vn -0.1485 -0.9889 -0.0000
vn -0.1487 -0.9889 -0.0000
vn 0.7072 -0.7070 -0.0000
vn -0.6132 0.7899 -0.0000
vn -0.7479 0.6639 -0.0000
vn -0.7479 0.6638 -0.0000
vn 0.6935 0.7205 -0.0000
vn 0.7504 -0.6610 -0.0000
vn -0.6365 -0.7713 -0.0000
vn -0.6364 -0.7713 -0.0000
vn 0.0660 0.9978 -0.0000
vn 0.0662 0.9978 -0.0000
vn -0.0499 0.9988 -0.0000
vn -0.0497 0.9988 -0.0000
vn -0.9881 0.1541 -0.0000
vn -0.9979 0.0645 -0.0000
vn -0.7072 -0.7070 -0.0000
vn -0.8384 -0.5451 -0.0000
vn 0.7810 -0.6245 -0.0000
vn -0.6244 -0.7811 -0.0000
vn 0.7071 -0.7072 -0.0000
vn -0.7070 -0.7072 -0.0000
vn 0.9999 0.0132 -0.0000
vn 0.9990 -0.0454 -0.0000
vn 0.7155 0.6986 -0.0000
vn 0.7061 0.7081 -0.0000
vn 0.7061 0.7082 -0.0000
vn -0.7548 0.6560 -0.0000
vn 0.6561 0.7547 -0.0000
vn 0.8414 0.5404 -0.0000
vn 0.8414 0.5403 -0.0000
vn 0.6956 0.7184 -0.0000
vn 0.7505 -0.6609 -0.0000
vn 0.2916 -0.9565 -0.0000
vn 0.2918 -0.9565 -0.0000
vn 0.2426 0.9701 -0.0000
vn 0.6707 0.7417 -0.0000
vn -0.0489 -0.9988 -0.0000
vn -0.0491 -0.9988 -0.0000
vn -0.0000 1.0000 -0.0000
vn -0.2489 -0.9685 -0.0000
vn -0.2383 -0.9712 -0.0000
vn -0.0055 -1.0000 -0.0000
vn -0.0219 -0.9998 -0.0000
vn -0.0437 -0.9990 -0.0000
vn -0.0656 -0.9978 -0.0000
vn -0.0874 -0.9962 -0.0000
vn -0.1092 -0.9940 -0.0000
vn -0.1309 -0.9914 -0.0000
vn -0.1526 -0.9883 -0.0000
vn -0.1742 -0.9847 -0.0000
vn -0.1956 -0.9807 -0.0000
vn -0.2170 -0.9762 -0.0000
vn 0.0238 0.9997 -0.0000
vn 0.0119 0.9999 -0.0000
vn -0.4377 -0.8991 -0.0000
vn -0.4057 -0.9140 -0.0000
vn -0.4999 -0.8661 -0.0000
vn -0.5596 -0.8287 -0.0000
vn -0.6166 -0.7873 -0.0000
vn -0.6705 -0.7419 -0.0000
vn -0.7211 -0.6928 -0.0000
vn -0.7682 -0.6402 -0.0000
vn -0.8115 -0.5844 -0.0000
vn -0.8508 -0.5255 -0.0000
vn -0.8859 -0.4639 -0.0000
vn -0.9166 -0.3998 -0.0000
vn -0.9390 -0.3440 -0.0000
vn -0.9516 -0.3072 -0.0000
vn -0.9390 -0.3439 -0.0000
vn -0.9600 -0.2800 -0.0000
vn -0.9676 -0.2526 -0.0000
vn -0.9744 -0.2250 -0.0000
vn -0.9804 -0.1971 -0.0000
vn -0.9856 -0.1692 -0.0000
vn -0.9900 -0.1411 -0.0000
vn -0.9936 -0.1129 -0.0000
vn -0.9964 -0.0847 -0.0000
vn -0.9984 -0.0564 -0.0000
vn -0.9996 -0.0282 -0.0000
vn -0.9996 0.0268 -0.0000
vn -0.9909 0.1349 -0.0000
vn -0.9639 0.2663 -0.0000
vn -0.9204 0.3909 -0.0000
vn -0.8620 0.5069 -0.0000
vn -0.7902 0.6128 -0.0000
vn -0.7062 0.7080 -0.0000
vn -0.6110 0.7916 -0.0000
vn -0.5053 0.8629 -0.0000
vn -0.3900 0.9208 -0.0000
vn -0.5053 0.8630 -0.0000
vn -0.2663 0.9639 -0.0000
vn -0.1362 0.9907 -0.0000
vn -0.0348 0.9994 -0.0000
vn 0.0335 0.9994 -0.0000
vn 0.1305 0.9915 -0.0000
vn 0.2545 0.9671 -0.0000
vn 0.3724 0.9281 -0.0000
vn 0.4827 0.8758 -0.0000
vn 0.5846 0.8113 -0.0000
vn 0.6775 0.7355 -0.0000
vn 0.7607 0.6491 -0.0000
vn 0.8337 0.5523 -0.0000
vn 0.8952 0.4457 -0.0000
vn 0.9440 0.3300 -0.0000
vn 0.9784 0.2068 -0.0000
vn 0.9897 0.1431 -0.0000
vn 0.0782 -0.9969 -0.0000
vn -0.9783 -0.2070 -0.0000
vn -0.9897 -0.1434 -0.0000
vn -0.9439 -0.3301 -0.0000
vn -0.8952 -0.4457 -0.0000
vn -0.8337 -0.5522 -0.0000
vn -0.7608 -0.6489 -0.0000
vn -0.6776 -0.7354 -0.0000
vn -0.5848 -0.8112 -0.0000
vn -0.4828 -0.8757 -0.0000
vn -0.3724 -0.9281 -0.0000
vn -0.2544 -0.9671 -0.0000
vn -0.1302 -0.9915 -0.0000
vn -0.0333 -0.9994 -0.0000
vn 0.0347 -0.9994 -0.0000
vn 0.1359 -0.9907 -0.0000
vn 0.2661 -0.9640 -0.0000
vn 0.3898 -0.9209 -0.0000
vn 0.5051 -0.8631 -0.0000
vn 0.6108 -0.7917 -0.0000
vn 0.7061 -0.7081 -0.0000
vn 0.7901 -0.6129 -0.0000
vn 0.8620 -0.5070 -0.0000
vn 0.9204 -0.3910 -0.0000
vn 0.9639 -0.2663 -0.0000
vn 0.9909 -0.1349 -0.0000
vn 0.9996 -0.0268 -0.0000
vn 0.9996 0.0281 -0.0000
vn 0.9984 0.0563 -0.0000
vn 0.9964 0.0845 -0.0000
vn 0.9936 0.1128 -0.0000
vn 0.9900 0.1410 -0.0000
vn 0.9856 0.1692 -0.0000
vn 0.9803 0.1973 -0.0000
vn 0.9743 0.2254 -0.0000
vn 0.9674 0.2533 -0.0000
vn 0.9596 0.2812 -0.0000
vn 0.9511 0.3089 -0.0000
vn 0.9384 0.3456 -0.0000
vn 0.9154 0.4026 -0.0000
vn 0.8830 0.4694 -0.0000
vn 0.8458 0.5334 -0.0000
vn 0.8041 0.5944 -0.0000
vn 0.7582 0.6521 -0.0000
vn 0.7081 0.7061 -0.0000
vn 0.6543 0.7562 -0.0000
vn 0.5971 0.8022 -0.0000
vn 0.5366 0.8439 -0.0000
vn 0.4732 0.8810 -0.0000
vn 0.4071 0.9134 -0.0000
vn 0.3242 0.9460 -0.0000
vn 0.2751 0.9614 -0.0000
vn 0.3001 0.9539 -0.0000
vn 0.3104 0.9506 -0.0000
vn 0.2825 0.9593 -0.0000
vn 0.2544 0.9671 -0.0000
vn 0.2262 0.9741 -0.0000
vn 0.1979 0.9802 -0.0000
vn 0.1696 0.9855 -0.0000
vn 0.1413 0.9900 -0.0000
vn 0.1129 0.9936 -0.0000
vn 0.0846 0.9964 -0.0000
vn 0.0564 0.9984 -0.0000
vn 0.0281 0.9996 -0.0000
vn 0.0070 1.0000 -0.0000
vn -0.0014 1.0000 -0.0000
vn -0.0029 1.0000 -0.0000
vn 0.0015 1.0000 -0.0000
vn 0.0060 1.0000 -0.0000
vn 0.0117 0.9999 -0.0000
vn 0.0171 0.9999 -0.0000
vn 0.0224 0.9997 -0.0000
vn 0.0172 0.9999 -0.0000
vn 0.0274 0.9996 -0.0000
vn 0.0321 0.9995 -0.0000
vn 0.0366 0.9993 -0.0000
vn 0.0408 0.9992 -0.0000
vn 0.0449 0.9990 -0.0000
vn 0.0487 0.9988 -0.0000
vn 0.0523 0.9986 -0.0000
vn 0.0620 0.9981 -0.0000
vn 0.0781 0.9969 -0.0000
vn 0.0942 0.9956 -0.0000
vn 0.1104 0.9939 -0.0000
vn 0.0942 0.9955 -0.0000
vn 0.1266 0.9919 -0.0000
vn 0.1429 0.9897 -0.0000
vn 0.1591 0.9873 -0.0000
vn 0.1753 0.9845 -0.0000
vn 0.1915 0.9815 -0.0000
vn 0.2077 0.9782 -0.0000
vn 0.2238 0.9746 -0.0000
vn 0.2399 0.9708 -0.0000
vn 0.2479 0.9688 -0.0000
vn 0.0441 -0.9990 -0.0000
vn 0.1523 -0.9883 -0.0000
vn -0.0438 -0.9990 -0.0000
vn -0.1512 -0.9885 -0.0000
vn -0.2759 -0.9612 -0.0000
vn -0.3947 -0.9188 -0.0000
vn -0.5057 -0.8627 -0.0000
vn -0.6080 -0.7940 -0.0000
vn -0.7006 -0.7136 -0.0000
vn -0.7828 -0.6223 -0.0000
vn -0.8536 -0.5209 -0.0000
vn -0.9121 -0.4100 -0.0000
vn -0.9568 -0.2908 -0.0000
vn -0.9863 -0.1651 -0.0000
vn -0.9949 -0.1006 -0.0000
vn -0.0390 0.9992 -0.0000
vn 0.9863 0.1648 -0.0000
vn 0.9950 0.1003 -0.0000
vn 0.9569 0.2906 -0.0000
vn 0.9122 0.4097 -0.0000
vn 0.8538 0.5206 -0.0000
vn 0.7830 0.6220 -0.0000
vn 0.7009 0.7132 -0.0000
vn 0.6084 0.7936 -0.0000
vn 0.5062 0.8624 -0.0000
vn 0.3951 0.9186 -0.0000
vn 0.2763 0.9611 -0.0000
vn 0.1515 0.9885 -0.0000
vn 0.0438 0.9990 -0.0000
vn 0.1514 0.9885 -0.0000
vn -0.0438 0.9990 -0.0000
vn -0.1520 0.9884 -0.0000
vn -0.2780 0.9606 -0.0000
vn -0.3982 0.9173 -0.0000
vn -0.5106 0.8598 -0.0000
vn -0.6139 0.7894 -0.0000
vn -0.7073 0.7070 -0.0000
vn -0.7897 0.6135 -0.0000
vn -0.8603 0.5098 -0.0000
vn -0.9179 0.3968 -0.0000
vn -0.9612 0.2759 -0.0000
vn -0.9888 0.1490 -0.0000
vn -0.9991 0.0421 -0.0000
vn -0.9995 -0.0324 -0.0000
vn -0.9932 -0.1168 -0.0000
vn -0.9757 -0.2191 -0.0000
vn -0.9482 -0.3178 -0.0000
vn -0.9112 -0.4121 -0.0000
vn -0.8653 -0.5013 -0.0000
vn -0.8110 -0.5850 -0.0000
vn -0.7487 -0.6629 -0.0000
vn -0.6787 -0.7344 -0.0000
vn -0.6013 -0.7990 -0.0000
vn -0.5168 -0.8561 -0.0000
vn -0.4260 -0.9047 -0.0000
vn -0.3489 -0.9372 -0.0000
vn -0.3079 -0.9514 -0.0000
vn -0.2858 -0.9583 -0.0000
vn -0.2635 -0.9647 -0.0000
vn -0.2411 -0.9705 -0.0000
vn -0.2185 -0.9758 -0.0000
vn -0.1959 -0.9806 -0.0000
vn -0.1731 -0.9849 -0.0000
vn -0.1504 -0.9886 -0.0000
vn -0.1275 -0.9918 -0.0000
vn -0.1047 -0.9945 -0.0000
vn -0.0818 -0.9966 -0.0000
vn -0.0660 -0.9978 -0.0000
vn -0.0595 -0.9982 -0.0000
vn -0.0552 -0.9985 -0.0000
vn -0.0508 -0.9987 -0.0000
vn -0.0462 -0.9989 -0.0000
vn -0.0413 -0.9991 -0.0000
vn -0.0361 -0.9993 -0.0000
vn -0.0308 -0.9995 -0.0000
vn -0.0252 -0.9997 -0.0000
vn -0.0193 -0.9998 -0.0000
vn -0.0132 -0.9999 -0.0000
vn -0.0067 -1.0000 -0.0000
vn -0.0017 -1.0000 -0.0000
vn 0.0025 -1.0000 -0.0000
vn 0.0050 -1.0000 -0.0000
vn 0.4608 0.8875 -0.0000
vn 0.4161 0.9093 -0.0000
vn 0.5463 0.8376 -0.0000
vn 0.6257 0.7801 -0.0000
vn 0.6984 0.7157 -0.0000
vn 0.7642 0.6450 -0.0000
vn 0.8227 0.5685 -0.0000
vn 0.8737 0.4865 -0.0000
vn 0.9167 0.3995 -0.0000
vn 0.9514 0.3078 -0.0000
vn 0.9772 0.2121 -0.0000
vn 0.9936 0.1131 -0.0000
vn 0.9995 0.0314 -0.0000
vn 0.9991 -0.0420 -0.0000
vn 0.9889 -0.1488 -0.0000
vn 0.9613 -0.2757 -0.0000
vn 0.9180 -0.3966 -0.0000
vn 0.8603 -0.5097 -0.0000
vn 0.7897 -0.6135 -0.0000
vn 0.6137 -0.7895 -0.0000
vn 0.5103 -0.8600 -0.0000
vn 0.3980 -0.9174 -0.0000
vn 0.2780 -0.9606 -0.0000
vn -0.9929 -0.1187 -0.0000
vn -0.9808 -0.1949 -0.0000
vn 0.9945 0.1052 -0.0000
vn 0.9995 0.0322 -0.0000
vn 0.9678 0.2518 -0.0000
vn 0.9180 0.3966 -0.0000
vn 0.8460 0.5332 -0.0000
vn 0.9180 0.3967 -0.0000
vn 0.7553 0.6554 -0.0000
vn 0.6508 0.7593 -0.0000
vn 0.5382 0.8428 -0.0000
vn 0.4230 0.9061 -0.0000
vn 0.3092 0.9510 -0.0000
vn 0.1998 0.9798 -0.0000
vn 0.0967 0.9953 -0.0000
vn 0.0017 1.0000 -0.0000
vn -0.0915 0.9958 -0.0000
vn 0.0016 1.0000 -0.0000
vn -0.1928 0.9812 -0.0000
vn -0.3039 0.9527 -0.0000
vn -0.4223 0.9065 -0.0000
vn -0.5433 0.8396 -0.0000
vn -0.6602 0.7511 -0.0000
vn -0.5432 0.8396 -0.0000
vn -0.7660 0.6428 -0.0000
vn -0.8544 0.5197 -0.0000
vn -0.9216 0.3881 -0.0000
vn -0.9670 0.2548 -0.0000
vn -0.9922 0.1248 -0.0000
vn -1.0000 -0.0070 -0.0000
vn -0.9876 -0.1573 -0.0000
vn -0.9461 -0.3238 -0.0000
vn -0.8737 -0.4866 -0.0000
vn -0.9461 -0.3239 -0.0000
vn -0.7769 -0.6296 -0.0000
vn -0.8736 -0.4866 -0.0000
vn -0.6688 -0.7434 -0.0000
vn -0.5624 -0.8268 -0.0000
vn -0.4666 -0.8845 -0.0000
vn -0.3852 -0.9228 -0.0000
vn -0.3193 -0.9477 -0.0000
vn -0.2681 -0.9634 -0.0000
vn -0.2309 -0.9730 -0.0000
vn -0.2127 -0.9771 -0.0000
vn -0.2308 -0.9730 -0.0000
vn -0.2088 -0.9780 -0.0000
vn -0.2153 -0.9765 -0.0000
vn -0.2402 -0.9707 -0.0000
vn -0.2861 -0.9582 -0.0000
vn -0.3564 -0.9343 -0.0000
vn -0.4536 -0.8912 -0.0000
vn -0.5761 -0.8174 -0.0000
vn -0.7128 -0.7013 -0.0000
vn -0.5761 -0.8173 -0.0000
vn -0.8409 -0.5412 -0.0000
vn -0.9355 -0.3534 -0.0000
vn -0.9860 -0.1665 -0.0000
vn -1.0000 -0.0040 -0.0000
vn -0.9897 0.1432 -0.0000
vn -0.9557 0.2943 -0.0000
vn -0.8950 0.4460 -0.0000
vn -0.8092 0.5876 -0.0000
vn -0.7044 0.7098 -0.0000
vn -0.5895 0.8078 -0.0000
vn -0.4730 0.8811 -0.0000
vn -0.3612 0.9325 -0.0000
vn -0.2574 0.9663 -0.0000
vn -0.1630 0.9866 -0.0000
vn -0.0777 0.9970 -0.0000
vn 0.0047 1.0000 -0.0000
vn 0.0976 0.9952 -0.0000
vn 0.2037 0.9790 -0.0000
vn 0.3174 0.9483 -0.0000
vn 0.4352 0.9003 -0.0000
vn 0.5523 0.8336 -0.0000
vn 0.6629 0.7487 -0.0000
vn 0.7614 0.6482 -0.0000
vn 0.8438 0.5366 -0.0000
vn 0.7615 0.6482 -0.0000
vn 0.9080 0.4190 -0.0000
vn 0.9539 0.3002 -0.0000
vn 0.9830 0.1837 -0.0000
vn 0.9920 0.1263 -0.0000
vn -0.9616 -0.2744 -0.0000
vn -0.9818 -0.1898 -0.0000
vn -0.8970 -0.4420 -0.0000
vn -0.8005 -0.5994 -0.0000
vn -0.6816 -0.7317 -0.0000
vn -0.5551 -0.8318 -0.0000
vn -0.4339 -0.9010 -0.0000
vn -0.3254 -0.9456 -0.0000
vn -0.2324 -0.9726 -0.0000
vn -0.1548 -0.9879 -0.0000
vn -0.0912 -0.9958 -0.0000
vn -0.0406 -0.9992 -0.0000
vn 0.0103 -0.9999 -0.0000
vn -0.0405 -0.9992 -0.0000
vn 0.0807 -0.9967 -0.0000
vn 0.1674 -0.9859 -0.0000
vn 0.2614 -0.9652 -0.0000
vn 0.3625 -0.9320 -0.0000
vn 0.2613 -0.9652 -0.0000
vn 0.4698 -0.8827 -0.0000
vn 0.3624 -0.9320 -0.0000
vn 0.5812 -0.8138 -0.0000
vn 0.4699 -0.8827 -0.0000
vn 0.6919 -0.7220 -0.0000
vn 0.7954 -0.6061 -0.0000
vn 0.8835 -0.4684 -0.0000
vn 0.9490 -0.3153 -0.0000
vn 0.8835 -0.4685 -0.0000
vn 0.9877 -0.1562 -0.0000
vn 1.0000 0.0044 -0.0000
vn 0.9835 0.1810 -0.0000
vn 0.9268 0.3755 -0.0000
vn 0.8278 0.5611 -0.0000
vn 0.7015 0.7127 -0.0000
vn 0.5716 0.8205 -0.0000
vn 0.7014 0.7127 -0.0000
vn 0.4564 0.8898 -0.0000
vn 0.3634 0.9316 -0.0000
vn 0.2932 0.9560 -0.0000
vn 0.2435 0.9699 -0.0000
vn 0.2113 0.9774 -0.0000
vn 0.2434 0.9699 -0.0000
vn 0.1942 0.9810 -0.0000
vn 0.2112 0.9774 -0.0000
vn 0.1910 0.9816 -0.0000
vn 0.2005 0.9797 -0.0000
vn 0.2251 0.9743 -0.0000
vn 0.2679 0.9634 -0.0000
vn 0.3303 0.9439 -0.0000
vn 0.4134 0.9105 -0.0000
vn 0.5168 0.8561 -0.0000
vn 0.6356 0.7720 -0.0000
vn 0.7580 0.6522 -0.0000
vn 0.8666 0.4990 -0.0000
vn 0.9451 0.3267 -0.0000
vn 0.9878 0.1558 -0.0000
vn 1.0000 -0.0086 -0.0000
vn 0.9815 -0.1913 -0.0000
vn 0.9190 -0.3942 -0.0000
vn 0.8112 -0.5848 -0.0000
vn 0.6739 -0.7388 -0.0000
vn 0.5307 -0.8475 -0.0000
vn 0.3995 -0.9167 -0.0000
vn 0.2879 -0.9577 -0.0000
vn 0.1966 -0.9805 -0.0000
vn 0.1237 -0.9923 -0.0000
vn 0.0668 -0.9978 -0.0000
vn 0.0259 -0.9997 -0.0000
vn -0.0058 -1.0000 -0.0000
vn -0.0464 -0.9989 -0.0000
vn -0.0057 -1.0000 -0.0000
vn -0.0465 -0.9989 -0.0000
vn -0.1783 -0.9840 -0.0000
vn -0.2685 -0.9633 -0.0000
vn -0.3754 -0.9269 -0.0000
vn -0.4970 -0.8677 -0.0000
vn -0.6267 -0.7793 -0.0000
vn -0.4971 -0.8677 -0.0000
vn -0.7522 -0.6590 -0.0000
vn -0.8589 -0.5121 -0.0000
vn -0.9360 -0.3521 -0.0000
vn -0.8298 -0.5580 -0.0000
vn 0.8306 0.5568 -0.0000
vn 0.9939 0.1106 -0.0000
vn 0.9993 0.0381 -0.0000
vn 0.9666 0.2561 -0.0000
vn 0.9166 0.3999 -0.0000
vn 0.8446 0.5353 -0.0000
vn 0.7541 0.6568 -0.0000
vn 0.6499 0.7600 -0.0000
vn 0.7541 0.6567 -0.0000
vn 0.5377 0.8431 -0.0000
vn 0.4227 0.9063 -0.0000
vn 0.3090 0.9510 -0.0000
vn 0.3091 0.9510 -0.0000
vn -0.7660 0.6429 -0.0000
vn -0.8737 -0.4865 -0.0000
vn -0.5625 -0.8268 -0.0000
vn -0.4730 0.8810 -0.0000
vn -0.9616 -0.2745 -0.0000
vn -0.9818 -0.1899 -0.0000
vn -0.8004 -0.5994 -0.0000
vn -0.4338 -0.9010 -0.0000
vn 0.9835 0.1809 -0.0000
vn 0.9269 0.3752 -0.0000
vn 0.8280 0.5607 -0.0000
vn 0.7019 0.7122 -0.0000
vn 0.5723 0.8200 -0.0000
vn 0.7019 0.7123 -0.0000
vn 0.4572 0.8894 -0.0000
vn 0.5723 0.8201 -0.0000
vn 0.3643 0.9313 -0.0000
vn 0.2941 0.9558 -0.0000
vn 0.2444 0.9697 -0.0000
vn 0.2122 0.9772 -0.0000
vn 0.2443 0.9697 -0.0000
vn 0.1953 0.9807 -0.0000
vn 0.2121 0.9772 -0.0000
vn 0.1911 0.9816 -0.0000
vn 0.1952 0.9808 -0.0000
vn 0.2244 0.9745 -0.0000
vn 0.2673 0.9636 -0.0000
vn 0.3297 0.9441 -0.0000
vn 0.4128 0.9108 -0.0000
vn 0.5162 0.8564 -0.0000
vn 0.6352 0.7724 -0.0000
vn 0.7578 0.6525 -0.0000
vn 0.6351 0.7724 -0.0000
vn 0.8664 0.4993 -0.0000
vn 0.9451 0.3269 -0.0000
vn 0.5308 -0.8475 -0.0000
vn -0.6514 0.7587 -0.0000
vn 0.7457 0.6663 -0.0000
vn -0.8257 0.5640 -0.0000
vn -0.8082 0.5889 -0.0000
vn -0.8592 0.5117 -0.0000
vn -0.8258 0.5640 -0.0000
vn -0.8901 0.4557 -0.0000
vn -0.9176 0.3976 -0.0000
vn -0.8901 0.4558 -0.0000
vn -0.9409 0.3386 -0.0000
vn -0.9599 0.2804 -0.0000
vn -0.9745 0.2243 -0.0000
vn -0.9852 0.1712 -0.0000
vn -0.9925 0.1220 -0.0000
vn -0.9970 0.0771 -0.0000
vn -0.9993 0.0367 -0.0000
vn -0.9998 -0.0178 -0.0000
vn -0.9993 0.0366 -0.0000
vn -0.9935 -0.1134 -0.0000
vn -0.9705 -0.2413 -0.0000
vn -0.9246 -0.3809 -0.0000
vn -0.8519 -0.5237 -0.0000
vn -0.7531 -0.6579 -0.0000
vn -0.6352 -0.7724 -0.0000
vn -0.5090 -0.8608 -0.0000
vn -0.3850 -0.9229 -0.0000
vn -0.2705 -0.9627 -0.0000
vn -0.1688 -0.9857 -0.0000
vn -0.0801 -0.9968 -0.0000
vn -0.1688 -0.9856 -0.0000
vn -0.0005 -1.0000 -0.0000
vn 0.0787 -0.9969 -0.0000
vn 0.1675 -0.9859 -0.0000
vn 0.2703 -0.9628 -0.0000
vn 0.3865 -0.9223 -0.0000
vn 0.5123 -0.8588 -0.0000
vn 0.6398 -0.7686 -0.0000
vn 0.7579 -0.6524 -0.0000
vn 0.8558 -0.5173 -0.0000
vn 0.9271 -0.3748 -0.0000
vn 0.9716 -0.2367 -0.0000
vn 0.9938 -0.1110 -0.0000
vn 0.9999 -0.0123 -0.0000
vn 0.9984 0.0568 -0.0000
vn 0.9928 0.1198 -0.0000
vn 0.9812 0.1930 -0.0000
vn 0.9603 0.2788 -0.0000
vn 0.9254 0.3790 -0.0000
vn 0.8697 0.4935 -0.0000
vn 0.7857 0.6186 -0.0000
vn 0.6676 0.7445 -0.0000
vn 0.5163 0.8564 -0.0000
vn 0.3430 0.9393 -0.0000
vn 0.1660 0.9861 -0.0000
vn 0.0306 0.9995 -0.0000
vn -0.0341 0.9994 -0.0000
vn -0.0666 0.9978 -0.0000
vn -0.0988 0.9951 -0.0000
vn -0.0667 0.9978 -0.0000
vn -0.1318 0.9913 -0.0000
vn -0.0989 0.9951 -0.0000
vn -0.1666 0.9860 -0.0000
vn -0.1319 0.9913 -0.0000
vn -0.2040 0.9790 -0.0000
vn -0.2452 0.9695 -0.0000
vn -0.2912 0.9567 -0.0000
vn -0.3431 0.9393 -0.0000
vn -0.4021 0.9156 -0.0000
vn -0.4695 0.8829 -0.0000
vn -0.5049 0.8632 -0.0000
vn -0.7437 -0.6685 -0.0000
vn 0.7413 0.6712 -0.0000
vn 0.7588 -0.6513 -0.0000
vn 0.7875 -0.6163 -0.0000
vn 0.6775 -0.7355 -0.0000
vn -0.7463 -0.6656 -0.0000
vn 0.4997 -0.8662 -0.0000
vn 0.5177 -0.8556 -0.0000
vn 0.4625 -0.8866 -0.0000
vn 0.4232 -0.9061 -0.0000
vn 0.3817 -0.9243 -0.0000
vn 0.4231 -0.9061 -0.0000
vn 0.3383 -0.9410 -0.0000
vn 0.2931 -0.9561 -0.0000
vn 0.2464 -0.9692 -0.0000
vn 0.1983 -0.9801 -0.0000
vn 0.2463 -0.9692 -0.0000
vn 0.1492 -0.9888 -0.0000
vn 0.0995 -0.9950 -0.0000
vn 0.0496 -0.9988 -0.0000
vn 0.0996 -0.9950 -0.0000
vn -0.0223 -0.9998 -0.0000
vn -0.1454 -0.9894 -0.0000
vn -0.3023 -0.9532 -0.0000
vn -0.4613 -0.8872 -0.0000
vn -0.6087 -0.7934 -0.0000
vn -0.7327 -0.6805 -0.0000
vn -0.8283 -0.5603 -0.0000
vn -0.8966 -0.4429 -0.0000
vn -0.9425 -0.3343 -0.0000
vn -0.9715 -0.2369 -0.0000
vn -0.9887 -0.1501 -0.0000
vn -0.9974 -0.0724 -0.0000
vn -1.0000 -0.0010 -0.0000
vn -0.9977 0.0671 -0.0000
vn -0.9905 0.1377 -0.0000
vn -0.9762 0.2167 -0.0000
vn -0.9518 0.3067 -0.0000
vn -0.9123 0.4094 -0.0000
vn -0.8517 0.5240 -0.0000
vn -0.9124 0.4094 -0.0000
vn -0.7633 0.6460 -0.0000
vn -0.6432 0.7657 -0.0000
vn -0.4940 0.8695 -0.0000
vn -0.3267 0.9451 -0.0000
vn -0.1579 0.9875 -0.0000
vn -0.0099 1.0000 -0.0000
vn 0.1141 0.9935 -0.0000
vn 0.2353 0.9719 -0.0000
vn 0.3623 0.9321 -0.0000
vn 0.4902 0.8716 -0.0000
vn 0.6132 0.7899 -0.0000
vn 0.7244 0.6894 -0.0000
vn 0.8183 0.5747 -0.0000
vn 0.8917 0.4526 -0.0000
vn 0.9441 0.3297 -0.0000
vn 0.9774 0.2114 -0.0000
vn 0.9949 0.1013 -0.0000
vn 0.9998 0.0185 -0.0000
vn 0.9997 -0.0259 -0.0000
vn 0.9983 -0.0587 -0.0000
vn 0.9951 -0.0993 -0.0000
vn 0.9891 -0.1470 -0.0000
vn 0.9795 -0.2013 -0.0000
vn 0.9651 -0.2617 -0.0000
vn 0.9449 -0.3274 -0.0000
vn 0.9176 -0.3974 -0.0000
vn 0.8826 -0.4702 -0.0000
vn 0.8392 -0.5439 -0.0000
vn -1.0000 -0.0087 -0.0000
vn 1.0000 0.0048 -0.0000
vn 0.9997 0.0263 -0.0000
vn 0.9976 0.0698 -0.0000
vn 0.9909 0.1343 -0.0000
vn 0.9753 0.2209 -0.0000
vn 0.9436 0.3311 -0.0000
vn 0.8862 0.4634 -0.0000
vn 0.7929 0.6093 -0.0000
vn 0.6593 0.7518 -0.0000
vn 0.4935 0.8698 -0.0000
vn 0.6593 0.7519 -0.0000
vn 0.3157 0.9489 -0.0000
vn 0.1477 0.9890 -0.0000
vn 0.0095 1.0000 -0.0000
vn -0.1073 0.9942 -0.0000
vn -0.2341 0.9722 -0.0000
vn -0.3799 0.9250 -0.0000
vn -0.5344 0.8452 -0.0000
vn -0.6805 0.7328 -0.0000
vn -0.8013 0.5983 -0.0000
vn -0.8884 0.4591 -0.0000
vn -0.9439 0.3302 -0.0000
vn -0.9755 0.2198 -0.0000
vn -0.9916 0.1296 -0.0000
vn -0.9983 0.0579 -0.0000
vn -0.9999 0.0132 -0.0000
vn 0.9995 -0.0302 -0.0000
vn 0.9915 -0.1300 -0.0000
vn 0.9605 -0.2782 -0.0000
vn 0.8984 -0.4392 -0.0000
vn 0.8015 -0.5980 -0.0000
vn 0.6759 -0.7370 -0.0000
vn 0.5366 -0.8439 -0.0000
vn 0.4000 -0.9165 -0.0000
vn 0.2779 -0.9606 -0.0000
vn 0.1758 -0.9844 -0.0000
vn 0.0953 -0.9955 -0.0000
vn 0.0373 -0.9993 -0.0000
vn -0.0220 -0.9998 -0.0000
vn -0.1258 -0.9921 -0.0000
vn -0.0221 -0.9998 -0.0000
vn -0.2707 -0.9627 -0.0000
vn -0.4303 -0.9027 -0.0000
vn -0.5901 -0.8073 -0.0000
vn -0.7316 -0.6817 -0.0000
vn -0.5902 -0.8073 -0.0000
vn -0.8410 -0.5411 -0.0000
vn -0.9152 -0.4031 -0.0000
vn -0.9598 -0.2806 -0.0000
vn -0.9838 -0.1792 -0.0000
vn -0.9950 -0.0998 -0.0000
vn -0.9991 -0.0415 -0.0000
vn 0.1808 -0.6577 -0.7313
vn 0.5483 -0.4353 0.7140
vn 0.1076 -0.6981 0.7079
vn -0.9213 0.0001 0.3888
vn 0.0084 0.7071 -0.7071
vn 0.5429 -0.4141 -0.7306
vn 0.9946 -0.0000 -0.1042
vn 0.5664 0.5129 -0.6451
vn -0.0000 0.0003 1.0000
vt 0.000001 0.000000
vt 0.000358 0.000000
vt 0.000001 0.000000
vt 0.000958 0.000000
vt 0.001436 0.000000
vt 0.000959 0.000000
vt 0.001917 0.000000
vt 0.002206 0.000000
vt 0.001918 0.000000
vt 0.750071 0.997989
vt 0.749900 0.997989
vt 0.750000 1.000000
vt 0.999898 0.997989
vt 0.999898 1.000000
vt 1.000000 0.997989
vt 0.249904 0.997989
vt 0.249970 1.000000
vt 0.250077 0.997989
vt 0.499898 0.997989
vt 0.499964 1.000000
vt 0.500072 0.997989
vt 0.750077 0.997989
vt 0.749904 0.997989
vt 0.749971 1.000000
vt 0.009999 0.000000
vt 0.021309 0.000000
vt 0.007710 0.000000
vt 0.444476 0.997989
vt 0.443246 0.997989
vt 0.444444 1.000000
vt 0.020133 0.000000
vt 0.020392 0.000000
vt 0.020136 0.000000
vt 0.021089 0.000000
vt 0.028607 0.000000
vt 0.021094 0.000000
vt 0.999888 0.997989
vt 0.999880 1.000000
vt 0.005936 0.997989
vt 0.005942 1.000000
vt 0.005956 0.997989
vt 0.011900 0.997989
vt 0.011910 1.000000
vt 0.011918 0.997989
vt 0.017840 0.997989
vt 0.017857 1.000000
vt 0.017985 0.997989
vt 0.374904 0.997989
vt 0.375386 1.000000
vt 0.375956 0.997989
vt 0.445152 0.997989
vt 0.445665 1.000000
vt 0.446510 0.997989
vt 0.194781 0.000000
vt 0.210681 0.000000
vt 0.194638 0.000000
vt 0.650460 0.997989
vt 0.646879 0.997989
vt 0.650000 1.000000
vt 0.950014 0.997989
vt 0.948778 0.997989
vt 0.950000 1.000000
vt 0.232022 0.000000
vt 0.234341 0.000000
vt 0.231948 0.000000
vt 0.255977 0.000000
vt 0.256127 0.000000
vt 0.256198 0.000000
vt 0.267292 0.000000
vt 0.267226 0.000000
vt 0.267515 0.000000
vt 0.773266 0.997989
vt 0.773224 0.997989
vt 0.773224 1.000000
vt 0.361455 0.000000
vt 0.359140 0.000000
vt 0.360877 0.000000
vt 0.362415 0.000000
vt 0.362006 0.000000
vt 0.362419 0.000000
vt 0.363372 0.000000
vt 0.360264 0.000000
vt 0.363385 0.000000
vt 0.407934 0.000000
vt 0.406542 0.000000
vt 0.398285 0.000000
vt 0.072273 0.997989
vt 0.069795 0.997989
vt 0.072246 1.000000
vt 0.478312 0.000000
vt 0.478367 0.000000
vt 0.478825 0.000000
vt 0.571901 0.997989
vt 0.568964 0.997989
vt 0.569394 1.000000
vt 0.559120 0.000000
vt 0.559929 0.000000
vt 0.558973 0.000000
vt 0.086746 0.997989
vt 0.082842 0.997989
vt 0.086746 1.000000
vt 0.560843 0.000000
vt 0.560848 0.000000
vt 0.560891 0.000000
vt 0.561832 0.000000
vt 0.562119 0.000000
vt 0.561854 0.000000
vt 0.562787 0.000000
vt 0.563297 0.000000
vt 0.562807 0.000000
vt 0.563751 0.000000
vt 0.563797 0.000000
vt 0.563798 0.000000
vt 0.564678 0.000000
vt 0.564683 0.000000
vt 0.564723 0.000000
vt 0.565670 0.000000
vt 0.565653 0.000000
vt 0.565680 0.000000
vt 0.566630 0.000000
vt 0.566649 0.000000
vt 0.566641 0.000000
vt 0.753413 0.997989
vt 0.749639 0.997989
vt 0.753413 1.000000
vt 0.568513 0.000000
vt 0.568535 0.000000
vt 0.568560 0.000000
vt 0.569503 0.000000
vt 0.568970 0.000000
vt 0.569355 0.000000
vt 0.000584 0.997989
vt 0.000242 0.997989
vt 0.000000 1.000000
vt 0.571423 0.000000
vt 0.571456 0.000000
vt 0.571462 0.000000
vt 0.572354 0.000000
vt 0.572356 0.000000
vt 0.572392 0.000000
vt 0.573342 0.000000
vt 0.573367 0.000000
vt 0.573376 0.000000
vt 0.574275 0.000000
vt 0.574276 0.000000
vt 0.574310 0.000000
vt 0.500255 0.997989
vt 0.499515 0.997989
vt 0.500000 1.000000
vt 0.576217 0.000000
vt 0.576255 0.000000
vt 0.576256 0.000000
vt 0.577148 0.000000
vt 0.577152 0.000000
vt 0.577186 0.000000
vt 0.578135 0.000000
vt 0.578156 0.000000
vt 0.578170 0.000000
vt 0.900323 0.997989
vt 0.896846 0.997989
vt 0.898320 1.000000
vt 0.999627 0.997989
vt 0.999579 1.000000
vt 0.999978 0.997989
vt 0.072273 0.997989
vt 0.069580 0.997989
vt 0.071179 1.000000
vt 0.499283 0.997989
vt 0.500390 1.000000
vt 0.501826 0.997989
vt 0.571960 0.997989
vt 0.568963 0.997989
vt 0.570267 1.000000
vt 0.998771 0.997989
vt 1.000000 1.000000
vt 0.082597 0.997989
vt 0.083980 1.000000
vt 0.085893 0.997989
vt 0.163254 0.997989
vt 0.164637 1.000000
vt 0.167219 0.997989
vt 0.251113 0.997989
vt 0.249448 0.997989
vt 0.250000 1.000000
vt 0.332220 0.997989
vt 0.333333 1.000000
vt 0.333821 0.997989
vt 0.416017 0.997989
vt 0.417371 1.000000
vt 0.419227 0.997989
vt 0.496587 0.997989
vt 0.497901 1.000000
vt 0.500397 0.997989
vt 0.582803 0.997989
vt 0.583109 1.000000
vt 0.583623 0.997989
vt 0.666281 0.997989
vt 0.666590 1.000000
vt 0.667073 0.997989
vt 0.749458 0.997989
vt 0.750777 1.000000
vt 0.752560 0.997989
vt 0.829920 0.997989
vt 0.831280 1.000000
vt 0.833834 0.997989
vt 0.917896 0.997989
vt 0.916166 0.997989
vt 0.916667 1.000000
vt 0.999347 0.997989
vt 1.000000 0.997989
vt 0.753582 0.000000
vt 0.753632 0.000000
vt 0.753615 0.000000
vt 0.754515 0.000000
vt 0.754524 0.000000
vt 0.754560 0.000000
vt 0.755507 0.000000
vt 0.755543 0.000000
vt 0.755552 0.000000
vt 0.756459 0.000000
vt 0.756429 0.000000
vt 0.755610 0.000000
vt 0.755434 0.000000
vt 0.755513 0.000000
vt 0.758375 0.000000
vt 0.758402 0.000000
vt 0.758422 0.000000
vt 0.875435 0.997989
vt 0.870686 0.997989
vt 0.870686 1.000000
vt 0.760406 0.000000
vt 0.760408 0.000000
vt 0.760311 0.000000
vt 0.761261 0.000000
vt 0.761297 0.000000
vt 0.761299 0.000000
vt 0.762191 0.000000
vt 0.762193 0.000000
vt 0.762229 0.000000
vt 0.755752 0.997989
vt 0.748842 0.997989
vt 0.748842 1.000000
vt 0.767786 0.000000
vt 0.769195 0.000000
vt 0.764456 0.000000
vt 0.143386 0.997989
vt 0.138763 0.997989
vt 0.141176 1.000000
vt 0.832852 0.000000
vt 0.833780 0.000000
vt 0.833491 0.000000
vt 0.988561 0.997989
vt 0.984342 0.997989
vt 0.984252 1.000000
vt 0.852520 0.000000
vt 0.845184 0.000000
vt 0.845796 0.000000
vt 0.162775 0.997989
vt 0.159191 0.997989
vt 0.162748 1.000000
vt 0.858058 0.000000
vt 0.857906 0.000000
vt 0.858127 0.000000
vt 0.195173 0.997989
vt 0.188837 0.997989
vt 0.189189 1.000000
vt 0.998806 0.997989
vt 0.998806 1.000000
vt 0.917512 0.000000
vt 0.917673 0.000000
vt 0.917553 0.000000
vt 0.952931 0.000000
vt 0.953090 0.000000
vt 0.953053 0.000000
vt 0.953946 0.000000
vt 0.954008 0.000000
vt 0.953986 0.000000
vt 0.989609 0.000000
vt 0.990418 0.000000
vt 0.989462 0.000000
vt 0.990404 0.000000
vt 0.990441 0.000000
vt 0.990452 0.000000
vt 0.991332 0.000000
vt 0.991337 0.000000
vt 0.991379 0.000000
vt 0.992321 0.000000
vt 0.992608 0.000000
vt 0.992343 0.000000
vt 0.993276 0.000000
vt 0.993786 0.000000
vt 0.993296 0.000000
vt 0.994240 0.000000
vt 0.994286 0.000000
vt 0.994287 0.000000
vt 0.995167 0.000000
vt 0.995172 0.000000
vt 0.995212 0.000000
vt 0.996159 0.000000
vt 0.996142 0.000000
vt 0.996169 0.000000
vt 0.667028 0.997989
vt 0.666281 0.997989
vt 0.666281 1.000000
vt 0.998076 0.000000
vt 0.998131 0.000000
vt 0.998122 0.000000
vt 0.999002 0.000000
vt 0.999024 0.000000
vt 0.999049 0.000000
vt 0.916222 0.997989
vt 0.000000 0.001341
vt 0.000075 0.001508
vt 0.000100 0.000000
vt 0.249934 0.002011
vt 0.250107 0.002011
vt 0.250000 0.000000
vt 0.499893 0.002011
vt 0.500066 0.002011
vt 0.500000 0.000000
vt 0.002875 0.000000
vt 0.002894 0.000000
vt 0.002876 0.000000
vt 0.000000 0.002011
vt 0.000096 0.002011
vt 0.000095 0.000000
vt 0.249928 0.002011
vt 0.250102 0.002011
vt 0.250037 0.000000
vt 0.499898 0.002011
vt 0.500072 0.002011
vt 0.499964 0.000000
vt 0.750102 0.002011
vt 0.750036 0.000000
vt 0.749928 0.002011
vt 0.000194 0.002011
vt 0.001532 0.002011
vt 0.000000 0.000000
vt 0.019176 0.000000
vt 0.020359 0.000000
vt 0.019106 0.000000
vt 0.481450 0.002011
vt 0.481580 0.002011
vt 0.481481 0.000000
vt 0.518371 0.002011
vt 0.518542 0.002011
vt 0.518519 0.000000
vt 0.000017 0.002011
vt 0.000016 0.000000
vt 0.005957 0.002011
vt 0.005946 0.000000
vt 0.005940 0.002011
vt 0.011900 0.002011
vt 0.011918 0.002011
vt 0.011910 0.000000
vt 0.017840 0.002011
vt 0.017985 0.002011
vt 0.017857 0.000000
vt 0.374949 0.002011
vt 0.376277 0.002011
vt 0.375875 0.000000
vt 0.446537 0.002011
vt 0.446098 0.000000
vt 0.445471 0.002011
vt 0.000000 0.002011
vt 0.000199 0.002011
vt 0.646879 0.002011
vt 0.650443 0.002011
vt 0.650000 0.000000
vt 0.947878 0.002011
vt 0.950014 0.002011
vt 0.950000 0.000000
vt 0.974986 0.002011
vt 0.975100 0.002011
vt 0.975000 0.000000
vt 0.139443 0.002011
vt 0.140364 0.002011
vt 0.139437 0.000000
vt 0.267245 0.000000
vt 0.267292 0.000000
vt 0.773224 0.002011
vt 0.773266 0.002011
vt 0.773224 0.000000
vt 0.779054 0.002011
vt 0.779073 0.002011
vt 0.779054 0.000000
vt 0.784881 0.002011
vt 0.784901 0.002011
vt 0.784901 0.000000
vt 0.790686 0.002011
vt 0.790817 0.002011
vt 0.790698 0.000000
vt 0.999627 0.002011
vt 0.999978 0.002011
vt 0.999579 0.000000
vt 0.069795 0.002011
vt 0.072273 0.002011
vt 0.072246 0.000000
vt 0.499626 0.002011
vt 0.502465 0.002011
vt 0.502798 0.000000
vt 0.490047 0.000000
vt 0.489006 0.000000
vt 0.489536 0.000000
vt 0.000736 0.002011
vt 0.082842 0.002011
vt 0.086746 0.002011
vt 0.086746 0.000000
vt 0.164391 0.002011
vt 0.167403 0.002011
vt 0.167403 0.000000
vt 0.249509 0.002011
vt 0.251113 0.002011
vt 0.332591 0.002011
vt 0.333983 0.002011
vt 0.333333 0.000000
vt 0.563797 0.000000
vt 0.497724 0.002011
vt 0.500530 0.002011
vt 0.500530 0.000000
vt 0.582803 0.002011
vt 0.583591 0.002011
vt 0.582803 0.000000
vt 0.666281 0.002011
vt 0.667027 0.002011
vt 0.666281 0.000000
vt 0.749639 0.002011
vt 0.753413 0.002011
vt 0.753413 0.000000
vt 0.831058 0.002011
vt 0.834000 0.002011
vt 0.834000 0.000000
vt 0.568970 0.000000
vt 0.569503 0.000000
vt 0.570475 0.000000
vt 0.572653 0.000000
vt 0.570512 0.000000
vt 0.571462 0.000000
vt 0.571456 0.000000
vt 0.571423 0.000000
vt 0.196549 0.002011
vt 0.200309 0.002011
vt 0.196549 0.000000
vt 0.299537 0.002011
vt 0.302079 0.002011
vt 0.299537 0.000000
vt 0.397921 0.002011
vt 0.400485 0.002011
vt 0.400259 0.000000
vt 0.499515 0.002011
vt 0.500255 0.002011
vt 0.599416 0.002011
vt 0.602301 0.002011
vt 0.599416 0.000000
vt 0.697699 0.002011
vt 0.700463 0.002011
vt 0.700463 0.000000
vt 0.799691 0.002011
vt 0.803154 0.002011
vt 0.803154 0.000000
vt 0.579057 0.000000
vt 0.579044 0.000000
vt 0.579068 0.000000
vt 0.999627 0.002011
vt 0.069580 0.002011
vt 0.072273 0.002011
vt 0.071179 0.000000
vt 0.499540 0.002011
vt 0.502465 0.002011
vt 0.501595 0.000000
vt 0.572137 0.002011
vt 0.571140 0.000000
vt 0.569580 0.002011
vt 0.000736 0.002011
vt 0.082842 0.002011
vt 0.167403 0.002011
vt 0.167403 0.000000
vt 0.249509 0.002011
vt 0.333983 0.002011
vt 0.416234 0.002011
vt 0.420080 0.002011
vt 0.420080 0.000000
vt 0.500530 0.002011
vt 0.747847 0.000000
vt 0.747820 0.000000
vt 0.747837 0.000000
vt 0.667028 0.002011
vt 0.749639 0.002011
vt 0.831058 0.002011
vt 0.834001 0.002011
vt 0.834001 0.000000
vt 0.751522 0.000000
vt 0.751137 0.000000
vt 0.751670 0.000000
vt 0.752672 0.000000
vt 0.753705 0.000000
vt 0.752768 0.000000
vt 0.123223 0.002011
vt 0.123223 0.000000
vt 0.244880 0.002011
vt 0.250492 0.002011
vt 0.244880 0.000000
vt 0.755552 0.000000
vt 0.755543 0.000000
vt 0.501786 0.002011
vt 0.501786 0.000000
vt 0.496587 0.002011
vt 0.758375 0.000000
vt 0.870686 0.002011
vt 0.875435 0.002011
vt 0.870686 0.000000
vt 0.001158 0.002011
vt 0.001158 0.000000
vt 0.249228 0.002011
vt 0.258628 0.002011
vt 0.258628 0.000000
vt 0.491373 0.002011
vt 0.500772 0.002011
vt 0.491372 0.000000
vt 0.763084 0.000000
vt 0.763082 0.000000
vt 0.763179 0.000000
vt 0.003852 0.002011
vt 0.003777 0.000000
vt 0.138763 0.002011
vt 0.143386 0.002011
vt 0.141176 0.000000
vt 0.843120 0.002011
vt 0.850427 0.002011
vt 0.847059 0.000000
vt 0.841035 0.000000
vt 0.842728 0.000000
vt 0.844397 0.000000
vt 0.004458 0.002011
vt 0.857186 0.000000
vt 0.856586 0.000000
vt 0.856827 0.000000
vt 0.175063 0.002011
vt 0.175907 0.002011
vt 0.175053 0.000000
vt 0.188837 0.002011
vt 0.195173 0.002011
vt 0.189189 0.000000
vt 0.916620 0.000000
vt 0.916983 0.000000
vt 0.917051 0.000000
vt 0.012855 0.002011
vt 0.013260 0.002011
vt 0.013260 0.000000
vt 0.498773 0.002011
vt 0.500303 0.002011
vt 0.498773 0.000000
vt 0.512855 0.002011
vt 0.513257 0.002011
vt 0.513257 0.000000
vt 0.000735 0.002011
vt 0.082843 0.002011
vt 0.164391 0.002011
vt 0.167402 0.002011
vt 0.167402 0.000000
vt 0.249510 0.002011
vt 0.993786 0.000000
vt 0.416234 0.002011
vt 0.500529 0.002011
vt 0.500529 0.000000
vt 0.582804 0.002011
vt 0.583591 0.002011
vt 0.582804 0.000000
vt 0.667028 0.002011
vt 0.749639 0.002011
vt 0.834000 0.002011
vt 0.834000 0.000000
vt 0.999844 0.000000
vt 0.999459 0.000000
vt 0.999992 0.000000
vt 0.755433 0.000000
vt 0.755602 0.000000
vt 0.755508 0.000000
vt 0.226190 1.000000
vt 0.220238 0.997989
vt 0.220238 1.000000
vt 0.315476 1.000000
vt 0.321429 0.997989
vt 0.315476 0.997989
vt 0.505952 1.000000
vt 0.511905 0.997989
vt 0.505952 0.997989
vt 0.607143 1.000000
vt 0.601190 0.997989
vt 0.601190 1.000000
vt 0.464286 1.000000
vt 0.458333 0.997989
vt 0.458333 1.000000
vt 0.172619 1.000000
vt 0.178571 0.997989
vt 0.172619 0.997989
vt 0.359999 0.000000
vt 0.360501 0.000000
vt 0.369048 1.000000
vt 0.363095 0.997989
vt 0.363095 1.000000
vt 0.648810 1.000000
vt 0.654762 0.997989
vt 0.648810 0.997989
vt 0.130952 1.000000
vt 0.125000 0.997989
vt 0.125000 1.000000
vt 0.702381 1.000000
vt 0.696429 0.997989
vt 0.696429 1.000000
vt 0.203082 0.000000
vt 0.199425 0.000000
vt 0.202147 0.000000
vt 0.210462 0.000000
vt 0.207095 0.000000
vt 0.209641 0.000000
vt 0.218513 0.000000
vt 0.214765 0.000000
vt 0.217468 0.000000
vt 0.342868 0.000000
vt 0.346117 0.000000
vt 0.345158 0.000000
vt 0.335469 0.000000
vt 0.338447 0.000000
vt 0.337488 0.000000
vt 0.328664 0.000000
vt 0.330777 0.000000
vt 0.329818 0.000000
vt 0.077381 1.000000
vt 0.083333 0.997989
vt 0.077381 0.997989
vt 0.744048 0.997989
vt 0.744048 1.000000
vt 0.323695 0.000000
vt 0.322148 0.000000
vt 0.322901 0.000000
vt 0.368361 0.000000
vt 0.368169 0.000000
vt 0.367415 0.000000
vt 0.797619 1.000000
vt 0.791667 0.997989
vt 0.791667 1.000000
vt 0.029762 1.000000
vt 0.035714 0.997989
vt 0.029762 0.997989
vt 0.886905 1.000000
vt 0.892857 0.997989
vt 0.886905 0.997989
vt 0.035042 0.000000
vt 0.034468 0.000000
vt 0.030681 0.000000
vt 0.033297 0.000000
vt 0.026504 0.000000
vt 0.023011 0.000000
vt 0.025580 0.000000
vt 0.316684 0.000000
vt 0.314477 0.000000
vt 0.315797 0.000000
vt 0.268979 0.000000
vt 0.268456 0.000000
vt 0.268056 0.000000
vt 0.301091 0.000000
vt 0.300096 0.000000
vt 0.299137 0.000000
vt 0.254222 0.000000
vt 0.253116 0.000000
vt 0.253293 0.000000
vt 0.389811 0.000000
vt 0.392138 0.000000
vt 0.391179 0.000000
vt 0.275424 0.000000
vt 0.277085 0.000000
vt 0.276127 0.000000
vt 0.294373 0.000000
vt 0.291467 0.000000
vt 0.292774 0.000000
vt 0.245876 0.000000
vt 0.246405 0.000000
vt 0.245446 0.000000
vt 0.469412 0.000000
vt 0.467881 0.000000
vt 0.468554 0.000000
vt 0.452382 1.000000
vt 0.446429 0.997989
vt 0.446430 1.000000
vt 0.567633 0.000000
vt 0.567642 0.000000
vt 0.575269 0.000000
vt 0.576943 0.000000
vt 0.997130 0.000000
vt 0.997138 0.000000
vt 0.398808 1.000000
vt 0.404762 0.997989
vt 0.398810 0.997989
vt 0.889030 0.000000
vt 0.889741 0.000000
vt 0.888175 0.000000
vt 0.896304 0.000000
vt 0.897411 0.000000
vt 0.895310 0.000000
vt 0.461069 0.000000
vt 0.461170 0.000000
vt 0.460211 0.000000
vt 0.804401 0.000000
vt 0.797699 0.000000
vt 0.803535 0.000000
vt 0.636905 1.000000
vt 0.642857 0.997989
vt 0.636905 0.997989
vt 0.497520 0.000000
vt 0.498562 0.000000
vt 0.496613 0.000000
vt 0.999844 0.000000
vt 0.503576 0.000000
vt 0.507191 0.000000
vt 0.506232 0.000000
vt 0.595238 1.000000
vt 0.589286 0.997989
vt 0.589286 1.000000
vt 0.684524 1.000000
vt 0.690476 0.997989
vt 0.684524 0.997989
vt 0.475588 0.000000
vt 0.476510 0.000000
vt 0.475551 0.000000
vt 0.811115 0.000000
vt 0.805369 0.000000
vt 0.810402 0.000000
vt 0.489413 0.000000
vt 0.491850 0.000000
vt 0.490892 0.000000
vt 0.494048 0.997989
vt 0.494047 1.000000
vt 0.795883 0.000000
vt 0.790988 0.000000
vt 0.790029 0.000000
vt 0.351187 1.000000
vt 0.357143 0.997989
vt 0.351190 0.997989
vt 0.510889 0.000000
vt 0.514861 0.000000
vt 0.513902 0.000000
vt 0.738095 1.000000
vt 0.732143 0.997989
vt 0.732143 1.000000
vt 0.454041 0.000000
vt 0.453500 0.000000
vt 0.452541 0.000000
vt 0.520341 0.000000
vt 0.521572 0.000000
vt 0.519273 0.000000
vt 0.785714 1.000000
vt 0.779762 0.997989
vt 0.779762 1.000000
vt 0.559963 0.000000
vt 0.559952 0.000000
vt 0.880732 0.000000
vt 0.883030 0.000000
vt 0.882071 0.000000
vt 0.529010 0.000000
vt 0.529243 0.000000
vt 0.527943 0.000000
vt 0.902709 0.000000
vt 0.906040 0.000000
vt 0.905082 0.000000
vt 0.309525 1.000000
vt 0.303571 0.997989
vt 0.303572 1.000000
vt 0.833333 1.000000
vt 0.827381 0.997989
vt 0.827381 1.000000
vt 0.449555 0.000000
vt 0.444871 0.000000
vt 0.448896 0.000000
vt 0.261905 1.000000
vt 0.255952 0.997989
vt 0.255952 1.000000
vt 0.443786 0.000000
vt 0.437200 0.000000
vt 0.443048 0.000000
vt 0.789264 0.000000
vt 0.782359 0.000000
vt 0.788480 0.000000
vt 0.816373 0.000000
vt 0.813998 0.000000
vt 0.813039 0.000000
vt 0.922705 0.000000
vt 0.921381 0.000000
vt 0.920422 0.000000
vt 0.208333 1.000000
vt 0.214286 0.997989
vt 0.208333 0.997989
vt 0.972991 0.000000
vt 0.975072 0.000000
vt 0.974113 0.000000
vt 0.910984 0.000000
vt 0.912752 0.000000
vt 0.910111 0.000000
vt 0.437010 0.000000
vt 0.429530 0.000000
vt 0.436193 0.000000
vt 0.536561 0.000000
vt 0.536913 0.000000
vt 0.535643 0.000000
vt 0.938190 0.000000
vt 0.935762 0.000000
vt 0.937364 0.000000
vt 0.422542 0.000000
vt 0.414190 0.000000
vt 0.421437 0.000000
vt 0.119048 1.000000
vt 0.113095 0.997989
vt 0.113095 1.000000
vt 0.160714 1.000000
vt 0.166667 0.997989
vt 0.160714 0.997989
vt 0.872914 0.000000
vt 0.875360 0.000000
vt 0.874401 0.000000
vt 0.829628 0.000000
vt 0.829338 0.000000
vt 0.828380 0.000000
vt 0.875002 1.000000
vt 0.880952 0.997989
vt 0.875000 0.997989
vt 0.931390 0.000000
vt 0.928092 0.000000
vt 0.930563 0.000000
vt 0.958472 0.000000
vt 0.959732 0.000000
vt 0.958773 0.000000
vt 0.429129 0.000000
vt 0.422819 0.000000
vt 0.421860 0.000000
vt 0.824239 0.000000
vt 0.820709 0.000000
vt 0.823398 0.000000
vt 0.976189 1.000000
vt 0.970238 0.997989
vt 0.970237 1.000000
vt 0.858557 0.000000
vt 0.859697 0.000000
vt 0.856024 0.000000
vt 0.550380 0.000000
vt 0.552253 0.000000
vt 0.549358 0.000000
vt 0.866292 0.000000
vt 0.866731 0.000000
vt 0.865372 0.000000
vt 0.541791 0.000000
vt 0.545542 0.000000
vt 0.544583 0.000000
vt 0.966531 0.000000
vt 0.966443 0.000000
vt 0.965520 0.000000
vt 0.922623 1.000000
vt 0.928571 0.997989
vt 0.922619 0.997989
vt 0.999897 0.000000
vt 0.999898 0.002011
vt 0.196429 0.002011
vt 0.202381 0.000000
vt 0.196428 0.000000
vt 0.339286 0.002011
vt 0.345238 0.000000
vt 0.339286 0.000000
vt 0.482143 0.002011
vt 0.488095 0.000000
vt 0.482143 0.000000
vt 0.630952 0.002011
vt 0.625000 0.000000
vt 0.625000 0.002011
vt 0.154762 0.002011
vt 0.148810 0.000000
vt 0.148810 0.002011
vt 0.678571 0.002011
vt 0.672619 0.000000
vt 0.672619 0.002011
vt 0.720238 0.002011
vt 0.726190 0.000000
vt 0.720238 0.000000
vt 0.101190 0.002011
vt 0.107143 0.000000
vt 0.101190 0.000000
vt 0.196548 0.000000
vt 0.199154 0.000000
vt 0.195590 0.000000
vt 0.204219 0.000000
vt 0.206011 0.000000
vt 0.203260 0.000000
vt 0.211889 0.000000
vt 0.213588 0.000000
vt 0.210930 0.000000
vt 0.219439 0.000000
vt 0.222050 0.000000
vt 0.218600 0.000000
vt 0.341323 0.000000
vt 0.340197 0.000000
vt 0.339269 0.000000
vt 0.365292 0.000000
vt 0.363441 0.000000
vt 0.364334 0.000000
vt 0.334612 0.000000
vt 0.332034 0.000000
vt 0.333653 0.000000
vt 0.325983 0.000000
vt 0.326398 0.000000
vt 0.325606 0.000000
vt 0.773810 0.002011
vt 0.767857 0.000000
vt 0.767857 0.002011
vt 0.059524 0.002011
vt 0.053571 0.000000
vt 0.053571 0.002011
vt 0.318313 0.000000
vt 0.320295 0.000000
vt 0.319399 0.000000
vt 0.863095 0.002011
vt 0.869048 0.000000
vt 0.863095 0.000000
vt 0.910714 0.002011
vt 0.916667 0.000000
vt 0.910714 0.000000
vt 0.372004 0.000000
vt 0.372125 0.000000
vt 0.371190 0.000000
vt 0.027804 0.000000
vt 0.029321 0.000000
vt 0.026846 0.000000
vt 0.388303 0.000000
vt 0.386120 0.000000
vt 0.387344 0.000000
vt 0.273250 0.000000
vt 0.271771 0.000000
vt 0.272291 0.000000
vt 0.295302 0.000000
vt 0.298338 0.000000
vt 0.297404 0.000000
vt 0.249281 0.000000
vt 0.250530 0.000000
vt 0.249601 0.000000
vt 0.395014 0.000000
vt 0.394409 0.000000
vt 0.393506 0.000000
vt 0.422619 0.002011
vt 0.428571 0.000000
vt 0.422619 0.000000
vt 0.894535 0.000000
vt 0.891473 0.000000
vt 0.893576 0.000000
vt 0.465005 0.000000
vt 0.464903 0.000000
vt 0.464046 0.000000
vt 0.748797 0.000000
vt 0.756432 0.000000
vt 0.917512 0.000000
vt 0.471716 0.000000
vt 0.472906 0.000000
vt 0.472021 0.000000
vt 0.503356 0.000000
vt 0.500140 0.000000
vt 0.502397 0.000000
vt 0.476190 0.002011
vt 0.470239 0.000000
vt 0.470238 0.002011
vt 0.613095 0.002011
vt 0.619048 0.000000
vt 0.613095 0.000000
vt 0.666667 0.002011
vt 0.660714 0.000000
vt 0.660714 0.002011
vt 0.802493 0.000000
vt 0.807192 0.000000
vt 0.801534 0.000000
vt 0.380952 0.002011
vt 0.375001 0.000000
vt 0.375000 0.002011
vt 0.793864 0.000000
vt 0.801021 0.000000
vt 0.800117 0.000000
vt 0.494727 0.000000
vt 0.493891 0.000000
vt 0.492986 0.000000
vt 0.456376 0.000000
vt 0.458323 0.000000
vt 0.457440 0.000000
vt 0.511026 0.000000
vt 0.507141 0.000000
vt 0.510067 0.000000
vt 0.902205 0.000000
vt 0.899259 0.000000
vt 0.901246 0.000000
vt 0.714286 0.002011
vt 0.708333 0.000000
vt 0.708333 0.002011
vt 0.885906 0.000000
vt 0.885508 0.000000
vt 0.884572 0.000000
vt 0.517737 0.000000
vt 0.516026 0.000000
vt 0.514932 0.000000
vt 0.755952 0.002011
vt 0.761905 0.000000
vt 0.755952 0.000000
vt 0.809204 0.000000
vt 0.813942 0.000000
vt 0.813230 0.000000
vt 0.327381 0.002011
vt 0.333334 0.000000
vt 0.327382 0.000000
vt 0.525407 0.000000
vt 0.524649 0.000000
vt 0.523550 0.000000
vt 0.803571 0.002011
vt 0.809524 0.000000
vt 0.803571 0.000000
vt 0.448706 0.000000
vt 0.452045 0.000000
vt 0.451448 0.000000
vt 0.787152 0.000000
vt 0.791956 0.000000
vt 0.786194 0.000000
vt 0.279762 0.002011
vt 0.285714 0.000000
vt 0.279762 0.000000
vt 0.441035 0.000000
vt 0.446738 0.000000
vt 0.445989 0.000000
vt 0.534036 0.000000
vt 0.531995 0.000000
vt 0.533078 0.000000
vt 0.954938 0.000000
vt 0.955718 0.000000
vt 0.954807 0.000000
vt 0.908917 0.000000
vt 0.907731 0.000000
vt 0.906731 0.000000
vt 0.232143 0.002011
vt 0.238095 0.000000
vt 0.232143 0.000000
vt 0.939597 0.000000
vt 0.941550 0.000000
vt 0.940695 0.000000
vt 0.857143 0.002011
vt 0.851188 0.000000
vt 0.851190 0.002011
vt 0.879195 0.000000
vt 0.877212 0.000000
vt 0.878236 0.000000
vt 0.434324 0.000000
vt 0.439674 0.000000
vt 0.433365 0.000000
vt 0.411314 0.000000
vt 0.414794 0.000000
vt 0.410355 0.000000
vt 0.779482 0.000000
vt 0.786520 0.000000
vt 0.778524 0.000000
vt 0.089286 0.002011
vt 0.095238 0.000000
vt 0.089286 0.000000
vt 0.925216 0.000000
vt 0.926791 0.000000
vt 0.924257 0.000000
vt 0.817833 0.000000
vt 0.820464 0.000000
vt 0.816874 0.000000
vt 0.557047 0.000000
vt 0.552860 0.000000
vt 0.556088 0.000000
vt 0.184524 0.002011
vt 0.190476 0.000000
vt 0.184524 0.000000
vt 0.426654 0.000000
vt 0.432818 0.000000
vt 0.425695 0.000000
vt 0.832505 0.000000
vt 0.832215 0.000000
vt 0.932886 0.000000
vt 0.933916 0.000000
vt 0.931927 0.000000
vt 0.418025 0.000000
vt 0.426417 0.000000
vt 0.425494 0.000000
vt 0.825503 0.000000
vt 0.826871 0.000000
vt 0.824545 0.000000
vt 0.136905 0.002011
vt 0.142857 0.000000
vt 0.136905 0.000000
vt 0.971237 0.000000
vt 0.969452 0.000000
vt 0.970278 0.000000
vt 0.541707 0.000000
vt 0.538987 0.000000
vt 0.540748 0.000000
vt 0.862895 0.000000
vt 0.862516 0.000000
vt 0.861444 0.000000
vt 0.904762 0.002011
vt 0.898810 0.000000
vt 0.898810 0.002011
vt 0.946429 0.002011
vt 0.952381 0.000000
vt 0.946428 0.000000
vt 0.963567 0.000000
vt 0.962016 0.000000
vt 0.962608 0.000000
vt 0.870566 0.000000
vt 0.870488 0.000000
vt 0.869416 0.000000
vt 0.548418 0.000000
vt 0.546212 0.000000
vt 0.545214 0.000000
vt 0.232143 0.997989
vt 0.226190 0.997989
vt 0.327381 1.000000
vt 0.321429 1.000000
vt 0.517857 1.000000
vt 0.511905 1.000000
vt 0.613095 1.000000
vt 0.607143 0.997989
vt 0.178571 1.000000
vt 0.184524 0.997989
vt 0.470238 1.000000
vt 0.464286 0.997989
vt 0.243608 0.000000
vt 0.231065 0.000000
vt 0.369048 0.997989
vt 0.660714 1.000000
vt 0.654762 1.000000
vt 0.136905 1.000000
vt 0.130952 0.997989
vt 0.708333 0.997989
vt 0.702381 0.997989
vt 0.204020 0.000000
vt 0.200384 0.000000
vt 0.211539 0.000000
vt 0.208054 0.000000
vt 0.216683 0.000000
vt 0.215724 0.000000
vt 0.083333 1.000000
vt 0.089286 0.997989
vt 0.343794 0.000000
vt 0.347076 0.000000
vt 0.337301 0.000000
vt 0.336379 0.000000
vt 0.330267 0.000000
vt 0.329459 0.000000
vt 0.324065 0.000000
vt 0.323106 0.000000
vt 0.755952 0.997989
vt 0.750000 0.997989
vt 0.370086 0.000000
vt 0.369128 0.000000
vt 0.041667 1.000000
vt 0.035714 1.000000
vt 0.803571 0.997989
vt 0.797619 0.997989
vt 0.850837 1.000000
vt 0.845238 0.997989
vt 0.845250 1.000000
vt 0.892857 1.000000
vt 0.898810 0.997989
vt 0.994049 1.000000
vt 0.922619 1.000000
vt 0.032598 0.000000
vt 0.031640 0.000000
vt 0.317584 0.000000
vt 0.315436 0.000000
vt 0.027434 0.000000
vt 0.023969 0.000000
vt 0.302004 0.000000
vt 0.301055 0.000000
vt 0.255153 0.000000
vt 0.254075 0.000000
vt 0.269902 0.000000
vt 0.269415 0.000000
vt 0.391657 0.000000
vt 0.390735 0.000000
vt 0.295462 0.000000
vt 0.292426 0.000000
vt 0.276347 0.000000
vt 0.278044 0.000000
vt 0.246798 0.000000
vt 0.247363 0.000000
vt 0.470273 0.000000
vt 0.468840 0.000000
vt 0.404761 1.000000
vt 0.410714 0.997989
vt 0.891659 0.000000
vt 0.890700 0.000000
vt 0.763084 0.000000
vt 0.941515 0.000000
vt 0.942409 0.000000
vt 0.458335 1.000000
vt 0.452381 0.997989
vt 0.462017 0.000000
vt 0.462128 0.000000
vt 0.897274 0.000000
vt 0.898370 0.000000
vt 0.642857 1.000000
vt 0.648810 0.997989
vt 0.799617 0.000000
vt 0.798658 0.000000
vt 0.498427 0.000000
vt 0.499521 0.000000
vt 0.752650 0.000000
vt 0.753706 0.000000
vt 0.759313 0.000000
vt 0.752768 0.000000
vt 0.595238 0.997989
vt 0.504448 0.000000
vt 0.508150 0.000000
vt 0.690476 1.000000
vt 0.491189 0.000000
vt 0.490299 0.000000
vt 0.796988 0.000000
vt 0.791946 0.000000
vt 0.476485 0.000000
vt 0.477469 0.000000
vt 0.363097 1.000000
vt 0.357146 1.000000
vt 0.811786 0.000000
vt 0.806328 0.000000
vt 0.512802 0.000000
vt 0.511815 0.000000
vt 0.454834 0.000000
vt 0.454458 0.000000
vt 0.738095 0.997989
vt 0.882588 0.000000
vt 0.881650 0.000000
vt 0.521402 0.000000
vt 0.522531 0.000000
vt 0.791667 1.000000
vt 0.785714 0.997989
vt 0.315477 1.000000
vt 0.309524 0.997989
vt 0.530044 0.000000
vt 0.530201 0.000000
vt 0.450209 0.000000
vt 0.445829 0.000000
vt 0.904485 0.000000
vt 0.903546 0.000000
vt 0.839284 1.000000
vt 0.833333 0.997989
vt 0.267857 1.000000
vt 0.261905 0.997989
vt 0.444516 0.000000
vt 0.438159 0.000000
vt 0.784276 0.000000
vt 0.783317 0.000000
vt 0.817283 0.000000
vt 0.814957 0.000000
vt 0.923734 0.000000
vt 0.922339 0.000000
vt 0.214286 1.000000
vt 0.220238 0.997989
vt 0.973825 0.000000
vt 0.976031 0.000000
vt 0.437831 0.000000
vt 0.430489 0.000000
vt 0.939017 0.000000
vt 0.936721 0.000000
vt 0.784218 0.000000
vt 0.775827 0.000000
vt 0.799854 0.000000
vt 0.911715 0.000000
vt 0.913710 0.000000
vt 0.874275 0.000000
vt 0.873853 0.000000
vt 0.423567 0.000000
vt 0.415149 0.000000
vt 0.538830 0.000000
vt 0.537872 0.000000
vt 0.982141 1.000000
vt 0.976190 0.997989
vt 0.166667 1.000000
vt 0.172619 0.997989
vt 0.125000 1.000000
vt 0.119048 0.997989
vt 0.830489 0.000000
vt 0.829141 0.000000
vt 0.430077 0.000000
vt 0.423778 0.000000
vt 0.932185 0.000000
vt 0.929051 0.000000
vt 0.824955 0.000000
vt 0.821668 0.000000
vt 0.880953 1.000000
vt 0.886905 0.997989
vt 0.959374 0.000000
vt 0.960690 0.000000
vt 0.551337 0.000000
vt 0.553212 0.000000
vt 0.859624 0.000000
vt 0.860019 0.000000
vt 0.967517 0.000000
vt 0.967402 0.000000
vt 0.867203 0.000000
vt 0.867689 0.000000
vt 0.542569 0.000000
vt 0.546501 0.000000
vt 0.934523 1.000000
vt 0.928566 1.000000
vt 0.208333 0.002011
vt 0.202381 0.002011
vt 0.494048 0.002011
vt 0.488095 0.002011
vt 0.345238 0.002011
vt 0.351190 0.000000
vt 0.636905 0.002011
vt 0.630952 0.000000
vt 0.160707 0.000000
vt 0.154762 0.000000
vt 0.684524 0.002011
vt 0.678571 0.000000
vt 0.107143 0.002011
vt 0.113095 0.000000
vt 0.200409 0.000000
vt 0.199630 0.000000
vt 0.205177 0.000000
vt 0.206951 0.000000
vt 0.215554 0.000000
vt 0.214566 0.000000
vt 0.732143 0.002011
vt 0.726190 0.002011
vt 0.343241 0.000000
vt 0.342282 0.000000
vt 0.335570 0.000000
vt 0.332883 0.000000
vt 0.327900 0.000000
vt 0.326942 0.000000
vt 0.366251 0.000000
vt 0.364506 0.000000
vt 0.065476 0.002011
vt 0.059524 0.000000
vt 0.779762 0.000000
vt 0.773810 0.000000
vt 0.319271 0.000000
vt 0.321185 0.000000
vt 0.869048 0.002011
vt 0.875000 0.000000
vt 0.916667 0.002011
vt 0.922619 0.000000
vt 0.028763 0.000000
vt 0.030278 0.000000
vt 0.021518 0.000000
vt 0.020138 0.000000
vt 0.372963 0.000000
vt 0.373049 0.000000
vt 0.389262 0.000000
vt 0.387043 0.000000
vt 0.296261 0.000000
vt 0.299264 0.000000
vt 0.250240 0.000000
vt 0.251459 0.000000
vt 0.273610 0.000000
vt 0.272690 0.000000
vt 0.395973 0.000000
vt 0.394079 0.000000
vt 0.428571 0.002011
vt 0.434525 0.000000
vt 0.465964 0.000000
vt 0.465855 0.000000
vt 0.893377 0.000000
vt 0.892386 0.000000
vt 0.572356 0.000000
vt 0.572392 0.000000
vt 0.749754 0.000000
vt 0.748816 0.000000
vt 0.748808 0.000000
vt 0.918504 0.000000
vt 0.917673 0.000000
vt 0.917553 0.000000
vt 0.473634 0.000000
vt 0.472675 0.000000
vt 0.386905 0.002011
vt 0.380952 0.000000
vt 0.619048 0.002011
vt 0.504314 0.000000
vt 0.500995 0.000000
vt 0.794823 0.000000
vt 0.801899 0.000000
vt 0.495686 0.000000
vt 0.494799 0.000000
vt 0.672619 0.002011
vt 0.666667 0.000000
vt 0.803452 0.000000
vt 0.808072 0.000000
vt 0.741287 0.000000
vt 0.742096 0.000000
vt 0.482143 0.002011
vt 0.476191 0.000000
vt 0.457335 0.000000
vt 0.459221 0.000000
vt 0.886865 0.000000
vt 0.886442 0.000000
vt 0.509030 0.000000
vt 0.508077 0.000000
vt 0.577381 0.000000
vt 0.720238 0.002011
vt 0.714286 0.000000
vt 0.903164 0.000000
vt 0.900171 0.000000
vt 0.518696 0.000000
vt 0.517116 0.000000
vt 0.761905 0.002011
vt 0.333333 0.002011
vt 0.339284 0.000000
vt 0.788111 0.000000
vt 0.792850 0.000000
vt 0.741140 0.000000
vt 0.742119 0.000000
vt 0.526366 0.000000
vt 0.525750 0.000000
vt 0.449664 0.000000
vt 0.452658 0.000000
vt 0.809524 0.002011
vt 0.815476 0.000000
vt 0.810163 0.000000
vt 0.814758 0.000000
vt 0.285714 0.002011
vt 0.291667 0.000000
vt 0.441994 0.000000
vt 0.447496 0.000000
vt 0.940556 0.000000
vt 0.942409 0.000000
vt 0.880153 0.000000
vt 0.878120 0.000000
vt 0.238095 0.002011
vt 0.244048 0.000000
vt 0.534995 0.000000
vt 0.532913 0.000000
vt 0.435283 0.000000
vt 0.440598 0.000000
vt 0.909875 0.000000
vt 0.908752 0.000000
vt 0.994048 0.002011
vt 0.767786 0.000000
vt 0.769440 0.000000
vt 0.787595 0.000000
vt 0.787003 0.000000
vt 0.955896 0.000000
vt 0.956641 0.000000
vt 0.863098 0.000000
vt 0.857139 0.000000
vt 0.412272 0.000000
vt 0.416957 0.000000
vt 0.558006 0.000000
vt 0.553116 0.000000
vt 0.190476 0.002011
vt 0.196429 0.000000
vt 0.095238 0.002011
vt 0.926175 0.000000
vt 0.927793 0.000000
vt 0.427613 0.000000
vt 0.433689 0.000000
vt 0.818792 0.000000
vt 0.821431 0.000000
vt 0.933845 0.000000
vt 0.934801 0.000000
vt 0.972196 0.000000
vt 0.970377 0.000000
vt 0.564683 0.000000
vt 0.418984 0.000000
vt 0.427315 0.000000
vt 0.826462 0.000000
vt 0.827683 0.000000
vt 0.142857 0.002011
vt 0.542665 0.000000
vt 0.539692 0.000000
vt 0.952381 0.002011
vt 0.958333 0.000000
vt 0.863854 0.000000
vt 0.863566 0.000000
vt 0.871524 0.000000
vt 0.871512 0.000000
vt 0.910714 0.002011
vt 0.904763 0.000000
vt 0.549377 0.000000
vt 0.547247 0.000000
vt 0.964525 0.000000
vt 0.962889 0.000000
vt 0.002894 0.000000
vt 0.333333 0.997989
vt 0.327381 0.997989
vt 0.619048 1.000000
vt 0.613095 0.997989
vt 0.184524 1.000000
vt 0.190476 0.997989
vt 0.476190 1.000000
vt 0.470238 0.997989
vt 0.666667 1.000000
vt 0.660714 0.997989
vt 0.142857 1.000000
vt 0.136905 0.997989
vt 0.708333 1.000000
vt 0.714286 0.997989
vt 0.202301 0.000000
vt 0.201342 0.000000
vt 0.209971 0.000000
vt 0.209012 0.000000
vt 0.219591 0.000000
vt 0.217641 0.000000
vt 0.089289 1.000000
vt 0.095238 0.997989
vt 0.344707 0.000000
vt 0.348035 0.000000
vt 0.340364 0.000000
vt 0.339406 0.000000
vt 0.331088 0.000000
vt 0.331735 0.000000
vt 0.324773 0.000000
vt 0.324352 0.000000
vt 0.755952 1.000000
vt 0.761905 0.997989
vt 0.047619 1.000000
vt 0.041667 0.997989
vt 0.369303 0.000000
vt 0.371045 0.000000
vt 0.857143 0.997989
vt 0.851190 0.997989
vt 0.904762 1.000000
vt 0.898810 1.000000
vt 0.317354 0.000000
vt 0.316395 0.000000
vt 0.025887 0.000000
vt 0.024928 0.000000
vt 0.304064 0.000000
vt 0.302898 0.000000
vt 0.255034 0.000000
vt 0.270823 0.000000
vt 0.270374 0.000000
vt 0.296441 0.000000
vt 0.293384 0.000000
vt 0.392577 0.000000
vt 0.393097 0.000000
vt 0.247724 0.000000
vt 0.248322 0.000000
vt 0.278233 0.000000
vt 0.277275 0.000000
vt 0.889832 0.000000
vt 0.892617 0.000000
vt 0.410713 1.000000
vt 0.416667 0.997989
vt 0.471143 0.000000
vt 0.469799 0.000000
vt 0.999992 0.000000
vt 0.462976 0.000000
vt 0.463087 0.000000
vt 0.464287 1.000000
vt 0.458333 0.997989
vt 0.501438 0.000000
vt 0.500479 0.000000
vt 0.805291 0.000000
vt 0.800575 0.000000
vt 0.900288 0.000000
vt 0.899329 0.000000
vt 0.492084 0.000000
vt 0.492809 0.000000
vt 0.505329 0.000000
vt 0.509108 0.000000
vt 0.799059 0.000000
vt 0.798052 0.000000
vt 0.369049 1.000000
vt 0.363095 0.997989
vt 0.477387 0.000000
vt 0.455682 0.000000
vt 0.455417 0.000000
vt 0.812437 0.000000
vt 0.807287 0.000000
vt 0.513849 0.000000
vt 0.515820 0.000000
vt 0.883527 0.000000
vt 0.883988 0.000000
vt 0.744048 0.997989
vt 0.522443 0.000000
vt 0.523490 0.000000
vt 0.797619 1.000000
vt 0.791667 0.997989
vt 0.321430 1.000000
vt 0.315476 0.997989
vt 0.450840 0.000000
vt 0.446788 0.000000
vt 0.531040 0.000000
vt 0.531160 0.000000
vt 0.905430 0.000000
vt 0.906999 0.000000
vt 0.790866 0.000000
vt 0.790058 0.000000
vt 0.273810 1.000000
vt 0.267857 0.997989
vt 0.445249 0.000000
vt 0.439118 0.000000
vt 0.839286 0.997989
vt 0.974649 0.000000
vt 0.976989 0.000000
vt 0.220238 1.000000
vt 0.226190 0.997989
vt 0.077381 1.000000
vt 0.818198 0.000000
vt 0.815916 0.000000
vt 0.432407 0.000000
vt 0.431448 0.000000
vt 0.924757 0.000000
vt 0.923298 0.000000
vt 0.939851 0.000000
vt 0.937680 0.000000
vt 0.777565 0.000000
vt 0.776606 0.000000
vt 0.876031 0.000000
vt 0.876318 0.000000
vt 0.988095 0.997989
vt 0.982143 0.997989
vt 0.909929 0.000000
vt 0.914669 0.000000
vt 0.172619 1.000000
vt 0.178571 0.997989
vt 0.424546 0.000000
vt 0.416107 0.000000
vt 0.431010 0.000000
vt 0.424736 0.000000
vt 0.831256 0.000000
vt 0.830297 0.000000
vt 0.130952 1.000000
vt 0.537430 0.000000
vt 0.539789 0.000000
vt 0.552190 0.000000
vt 0.554171 0.000000
vt 0.933031 0.000000
vt 0.930010 0.000000
vt 0.823586 0.000000
vt 0.822627 0.000000
vt 0.886905 1.000000
vt 0.960264 0.000000
vt 0.961649 0.000000
vt 0.861937 0.000000
vt 0.860978 0.000000
vt 0.968497 0.000000
vt 0.968360 0.000000
vt 0.940476 1.000000
vt 0.934524 0.997989
vt 0.869607 0.000000
vt 0.868648 0.000000
vt 0.543400 0.000000
vt 0.547459 0.000000
vt 0.303571 0.002011
vt 0.309524 0.000000
vt 0.303572 0.000000
vt 0.214286 0.000000
vt 0.208333 0.000000
vt 0.595238 0.002011
vt 0.589286 0.000000
vt 0.589286 0.002011
vt 0.500000 0.002011
vt 0.494048 0.000000
vt 0.351190 0.002011
vt 0.357143 0.000000
vt 0.642857 0.002011
vt 0.636905 0.000000
vt 0.452381 0.002011
vt 0.160714 0.002011
vt 0.166667 0.000000
vt 0.690476 0.002011
vt 0.684524 0.000000
vt 0.113095 0.002011
vt 0.119048 0.000000
vt 0.198466 0.000000
vt 0.197507 0.000000
vt 0.206136 0.000000
vt 0.207890 0.000000
vt 0.212848 0.000000
vt 0.216556 0.000000
vt 0.738095 0.002011
vt 0.732143 0.000000
vt 0.344199 0.000000
vt 0.341126 0.000000
vt 0.334785 0.000000
vt 0.333746 0.000000
vt 0.328859 0.000000
vt 0.327186 0.000000
vt 0.367210 0.000000
vt 0.365501 0.000000
vt 0.071428 0.000000
vt 0.065476 0.000000
vt 0.321189 0.000000
vt 0.320230 0.000000
vt 0.785714 0.002011
vt 0.779762 0.002011
vt 0.875000 0.002011
vt 0.880952 0.000000
vt 0.023810 0.000000
vt 0.032250 0.000000
vt 0.031250 0.000000
vt 0.024719 0.000000
vt 0.024259 0.000000
vt 0.374880 0.000000
vt 0.373921 0.000000
vt 0.388898 0.000000
vt 0.387971 0.000000
vt 0.298178 0.000000
vt 0.297220 0.000000
vt 0.251198 0.000000
vt 0.252387 0.000000
vt 0.275168 0.000000
vt 0.274209 0.000000
vt 0.290508 0.000000
vt 0.278259 0.000000
vt 0.279036 0.001005
vt 0.467686 0.000000
vt 0.466788 0.000000
vt 0.434524 0.002011
vt 0.440477 0.000000
vt 0.895494 0.000000
vt 0.894391 0.000000
vt 0.566630 0.000000
vt 0.565680 0.000000
vt 0.573367 0.000000
vt 0.750680 0.000000
vt 0.749809 0.000000
vt 0.749800 0.000000
vt 0.976022 0.000000
vt 0.977948 0.000000
vt 0.392857 0.002011
vt 0.386904 0.000000
vt 0.474593 0.000000
vt 0.473797 0.000000
vt 0.795781 0.000000
vt 0.802765 0.000000
vt 0.496644 0.000000
vt 0.495706 0.000000
vt 0.505273 0.000000
vt 0.501852 0.000000
vt 0.459252 0.000000
vt 0.458293 0.000000
vt 0.887824 0.000000
vt 0.887363 0.000000
vt 0.804410 0.000000
vt 0.808925 0.000000
vt 0.482143 0.000000
vt 0.583333 0.002011
vt 0.577381 0.002011
vt 0.512943 0.000000
vt 0.511985 0.000000
vt 0.726190 0.002011
vt 0.904123 0.000000
vt 0.901077 0.000000
vt 0.789070 0.000000
vt 0.793885 0.000000
vt 0.519655 0.000000
vt 0.518198 0.000000
vt 0.767857 0.002011
vt 0.450623 0.000000
vt 0.453317 0.000000
vt 0.743010 0.000000
vt 0.742129 0.000000
vt 0.527325 0.000000
vt 0.526852 0.000000
vt 0.815476 0.002011
vt 0.821429 0.000000
vt 0.291667 0.002011
vt 0.297619 0.000000
vt 0.812081 0.000000
vt 0.811122 0.000000
vt 0.442953 0.000000
vt 0.448194 0.000000
vt 0.881112 0.000000
vt 0.879029 0.000000
vt 0.919463 0.000000
vt 0.920679 0.000000
vt 0.244048 0.002011
vt 0.442284 0.000000
vt 0.441471 0.000000
vt 0.535954 0.000000
vt 0.533802 0.000000
vt 0.780441 0.000000
vt 0.788245 0.000000
vt 0.910834 0.000000
vt 0.909803 0.000000
vt 0.420195 0.000000
vt 0.418734 0.000000
vt 0.202381 0.000000
vt 0.956855 0.000000
vt 0.957560 0.000000
vt 0.863095 0.002011
vt 0.869050 0.000000
vt 0.435372 0.000000
vt 0.434539 0.000000
vt 0.107143 0.000000
vt 0.973154 0.000000
vt 0.971272 0.000000
vt 0.934803 0.000000
vt 0.935674 0.000000
vt 0.929691 0.000000
vt 0.928766 0.000000
vt 0.823194 0.000000
vt 0.822352 0.000000
vt 0.995171 0.000000
vt 0.827421 0.000000
vt 0.828482 0.000000
vt 0.419942 0.000000
vt 0.428195 0.000000
vt 0.958333 0.002011
vt 0.964285 0.000000
vt 0.872483 0.000000
vt 0.872518 0.000000
vt 0.865772 0.000000
vt 0.864813 0.000000
vt 0.543624 0.000000
vt 0.540374 0.000000
vt 0.550336 0.000000
vt 0.548304 0.000000
vt 0.910715 0.000000
vt 0.965484 0.000000
vt 0.963767 0.000000
vt 0.857723 0.000000
vt 0.333333 1.000000
vt 0.339286 0.997989
vt 0.196428 1.000000
vt 0.190476 1.000000
vt 0.625000 1.000000
vt 0.619048 0.997989
vt 0.482143 1.000000
vt 0.476190 0.997989
vt 0.228713 0.000000
vt 0.219600 0.000000
vt 0.234468 0.000000
vt 0.672619 0.997989
vt 0.666667 0.997989
vt 0.148810 0.997989
vt 0.142857 0.997989
vt 0.714286 1.000000
vt 0.720238 0.997989
vt 0.198932 0.000000
vt 0.205897 0.000000
vt 0.204958 0.000000
vt 0.213472 0.000000
vt 0.212503 0.000000
vt 0.101190 1.000000
vt 0.095238 1.000000
vt 0.220721 0.000000
vt 0.363450 0.000000
vt 0.338227 0.000000
vt 0.332694 0.000000
vt 0.325536 0.000000
vt 0.325024 0.000000
vt 0.761905 1.000000
vt 0.767857 0.997989
vt 0.053571 1.000000
vt 0.047619 0.997989
vt 0.319386 0.000000
vt 0.318486 0.000000
vt 0.863095 1.000000
vt 0.857143 1.000000
vt 0.371180 0.000000
vt 0.370243 0.000000
vt 0.910714 0.997989
vt 0.904762 0.997989
vt 0.994048 0.997989
vt 0.000017 0.997989
vt 0.000016 1.000000
vt 0.028373 0.000000
vt 0.386108 0.000000
vt 0.386385 0.000000
vt 0.384833 0.000000
vt 0.271744 0.000000
vt 0.271333 0.000000
vt 0.297388 0.000000
vt 0.294343 0.000000
vt 0.248652 0.000000
vt 0.393491 0.000000
vt 0.394056 0.000000
vt 0.232982 0.000000
vt 0.394063 0.000000
vt 0.235257 0.000000
vt 0.890596 0.000000
vt 0.416666 1.000000
vt 0.422619 0.997989
vt 0.463940 0.000000
vt 0.954807 0.000000
vt 0.470757 0.000000
vt 0.470238 0.997989
vt 0.464286 0.997989
vt 0.499249 0.000000
vt 0.806200 0.000000
vt 0.660714 0.997989
vt 0.607143 0.997989
vt 0.492985 0.000000
vt 0.493768 0.000000
vt 0.800009 0.000000
vt 0.792905 0.000000
vt 0.375001 1.000000
vt 0.369048 0.997989
vt 0.898218 0.000000
vt 0.506226 0.000000
vt 0.702381 0.997989
vt 0.572653 0.000000
vt 0.570512 0.000000
vt 0.579044 0.000000
vt 0.456569 0.000000
vt 0.884470 0.000000
vt 0.884947 0.000000
vt 0.813094 0.000000
vt 0.808245 0.000000
vt 0.514932 0.000000
vt 0.516779 0.000000
vt 0.750000 0.997989
vt 0.524449 0.000000
vt 0.803571 1.000000
vt 0.327382 1.000000
vt 0.451447 0.000000
vt 0.447747 0.000000
vt 0.791698 0.000000
vt 0.785235 0.000000
vt 0.531995 0.000000
vt 0.532119 0.000000
vt 0.279762 1.000000
vt 0.273810 0.997989
vt 0.445989 0.000000
vt 0.440077 0.000000
vt 0.906375 0.000000
vt 0.907958 0.000000
vt 0.975465 0.000000
vt 0.845236 1.000000
vt 0.851190 0.997989
vt 0.226190 1.000000
vt 0.232143 0.997989
vt 0.411489 0.000000
vt 0.409532 0.000000
vt 0.940695 0.000000
vt 0.938639 0.000000
vt 0.438699 0.000000
vt 0.877277 0.000000
vt 0.083333 1.000000
vt 0.089286 0.997989
vt 0.784668 0.000000
vt 0.988093 1.000000
vt 0.994048 0.997989
vt 0.818972 0.000000
vt 0.819163 0.000000
vt 0.925776 0.000000
vt 0.579069 0.000000
vt 0.178571 1.000000
vt 0.184524 0.997989
vt 0.552860 0.000000
vt 0.555129 0.000000
vt 0.431925 0.000000
vt 0.831386 0.000000
vt 0.425494 0.000000
vt 0.417066 0.000000
vt 0.930968 0.000000
vt 0.136905 1.000000
vt 0.130952 0.997989
vt 0.825825 0.000000
vt 0.538238 0.000000
vt 0.969319 0.000000
vt 0.861587 0.000000
vt 0.860616 0.000000
vt 0.892857 1.000000
vt 0.898810 0.997989
vt 0.961143 0.000000
vt 0.946428 1.000000
vt 0.940476 0.997989
vt 0.869013 0.000000
vt 0.868107 0.000000
vt 0.545214 0.000000
vt 0.544240 0.000000
vt 0.315476 0.002011
vt 0.309524 0.002011
vt 0.214286 0.002011
vt 0.220238 0.000000
vt 0.601190 0.002011
vt 0.595238 0.000000
vt 0.505952 0.002011
vt 0.357143 0.002011
vt 0.363095 0.000000
vt 0.648810 0.002011
vt 0.642857 0.000000
vt 0.458333 0.000000
vt 0.452381 0.000000
vt 0.172619 0.002011
vt 0.166667 0.002011
vt 0.696429 0.002011
vt 0.690476 0.000000
vt 0.119048 0.002011
vt 0.125000 0.000000
vt 0.201328 0.000000
vt 0.208828 0.000000
vt 0.213806 0.000000
vt 0.217575 0.000000
vt 0.359540 0.000000
vt 0.360088 0.000000
vt 0.357240 0.000000
vt 0.744048 0.000000
vt 0.738095 0.000000
vt 0.342055 0.000000
vt 0.336529 0.000000
vt 0.335583 0.000000
vt 0.327973 0.000000
vt 0.071429 0.002011
vt 0.077381 0.000000
vt 0.367423 0.000000
vt 0.366468 0.000000
vt 0.322061 0.000000
vt 0.791667 0.000000
vt 0.785714 0.000000
vt 0.029762 0.002011
vt 0.023810 0.002011
vt 0.880952 0.002011
vt 0.886905 0.000000
vt 0.029722 0.000000
vt 0.033300 0.000000
vt 0.022052 0.000000
vt 0.025583 0.000000
vt 0.314566 0.000000
vt 0.313519 0.000000
vt 0.300187 0.000000
vt 0.252157 0.000000
vt 0.253316 0.000000
vt 0.390221 0.000000
vt 0.274530 0.000000
vt 0.290392 0.000000
vt 0.244487 0.000000
vt 0.245897 0.000000
vt 0.244997 0.000000
vt 0.466922 0.000000
vt 0.468554 0.000000
vt 0.440476 0.002011
vt 0.446430 0.000000
vt 0.567587 0.000000
vt 0.566649 0.000000
vt 0.575259 0.000000
vt 0.574276 0.000000
vt 0.750702 0.000000
vt 0.750727 0.000000
vt 0.997119 0.000000
vt 0.996142 0.000000
vt 0.896453 0.000000
vt 0.895404 0.000000
vt 0.398810 0.002011
vt 0.392856 0.000000
vt 0.460137 0.000000
vt 0.888782 0.000000
vt 0.888258 0.000000
vt 0.796740 0.000000
vt 0.803631 0.000000
vt 0.497603 0.000000
vt 0.496613 0.000000
vt 0.502711 0.000000
vt 0.559929 0.000000
vt 0.759315 0.000000
vt 0.474692 0.000000
vt 0.809739 0.000000
vt 0.583333 0.000000
vt 0.488095 0.000000
vt 0.489413 0.000000
vt 0.509974 0.000000
vt 0.794931 0.000000
vt 0.345235 0.000000
vt 0.520614 0.000000
vt 0.519273 0.000000
vt 0.451582 0.000000
vt 0.454042 0.000000
vt 0.901987 0.000000
vt 0.743999 0.000000
vt 0.743015 0.000000
vt 0.743057 0.000000
vt 0.528284 0.000000
vt 0.527943 0.000000
vt 0.821429 0.002011
vt 0.827381 0.000000
vt 0.879944 0.000000
vt 0.297619 0.002011
vt 0.303572 0.000000
vt 0.443912 0.000000
vt 0.448896 0.000000
vt 0.815664 0.000000
vt 0.250000 0.002011
vt 0.255952 0.000000
vt 0.436242 0.000000
vt 0.443048 0.000000
vt 0.921666 0.000000
vt 0.781400 0.000000
vt 0.788933 0.000000
vt 0.406541 0.000000
vt 0.407934 0.000000
vt 0.911793 0.000000
vt 0.910912 0.000000
vt 0.535643 0.000000
vt 0.534693 0.000000
vt 0.208333 0.000000
vt 0.972141 0.000000
vt 0.428571 0.000000
vt 0.413231 0.000000
vt 0.421437 0.000000
vt 0.937364 0.000000
vt 0.936528 0.000000
vt 0.957814 0.000000
vt 0.958472 0.000000
vt 0.113095 0.000000
vt 0.875000 0.002011
vt 0.833681 0.000000
vt 0.838533 0.000000
vt 0.838103 0.000000
vt 0.927133 0.000000
vt 0.930563 0.000000
vt 0.819751 0.000000
vt 0.823927 0.000000
vt 0.160714 0.002011
vt 0.154762 0.000000
vt 0.829262 0.000000
vt 0.420901 0.000000
vt 0.873442 0.000000
vt 0.964286 0.002011
vt 0.970237 0.000000
vt 0.859035 0.000000
vt 0.551294 0.000000
vt 0.549358 0.000000
vt 0.865595 0.000000
vt 0.864594 0.000000
vt 0.541065 0.000000
vt 0.965520 0.000000
vt 0.964656 0.000000
vt 0.922619 0.002011
vt 0.916668 0.000000
vt 0.000096 0.997989
vt 0.000095 1.000000
vt 0.202381 1.000000
vt 0.196429 0.997989
vt 0.345238 1.000000
vt 0.339286 1.000000
vt 0.488095 1.000000
vt 0.482143 0.997989
vt 0.630952 0.997989
vt 0.625000 0.997989
vt 0.148810 1.000000
vt 0.154762 0.997989
vt 0.672619 1.000000
vt 0.678571 0.997989
vt 0.720238 1.000000
vt 0.726190 0.997989
vt 0.107143 0.997989
vt 0.101190 0.997989
vt 0.221980 0.000000
vt 0.219439 0.000000
vt 0.339154 0.000000
vt 0.331923 0.000000
vt 0.326320 0.000000
vt 0.767857 1.000000
vt 0.773810 0.997989
vt 0.059524 0.997989
vt 0.053571 0.997989
vt 0.320283 0.000000
vt 0.869048 1.000000
vt 0.863095 0.997989
vt 0.910714 1.000000
vt 0.372114 0.000000
vt 0.029319 0.000000
vt 0.020491 0.000000
vt 0.298322 0.000000
vt 0.250508 0.000000
vt 0.249580 0.000000
vt 0.394393 0.000000
vt 0.428571 1.000000
vt 0.422619 1.000000
vt 0.891389 0.000000
vt 0.464903 0.000000
vt 0.472906 0.000000
vt 0.500140 0.000000
vt 0.470239 1.000000
vt 0.613095 0.997989
vt 0.666667 0.997989
vt 0.807097 0.000000
vt 0.380952 0.997989
vt 0.375000 0.997989
vt 0.800918 0.000000
vt 0.493891 0.000000
vt 0.507141 0.000000
vt 0.899136 0.000000
vt 0.714286 0.997989
vt 0.885414 0.000000
vt 0.516026 0.000000
vt 0.755952 0.997989
vt 0.813785 0.000000
vt 0.333334 1.000000
vt 0.809524 1.000000
vt 0.285714 1.000000
vt 0.279762 0.997989
vt 0.446739 0.000000
vt 0.955719 0.000000
vt 0.907320 0.000000
vt 0.238095 1.000000
vt 0.232143 1.000000
vt 0.941550 0.000000
vt 0.851188 1.000000
vt 0.876989 0.000000
vt 0.439674 0.000000
vt 0.414794 0.000000
vt 0.785380 0.000000
vt 0.095238 1.000000
vt 0.089286 1.000000
vt 0.926791 0.000000
vt 0.820554 0.000000
vt 0.190476 1.000000
vt 0.184524 1.000000
vt 0.432818 0.000000
vt 0.832279 0.000000
vt 0.933916 0.000000
vt 0.426417 0.000000
vt 0.826702 0.000000
vt 0.142857 1.000000
vt 0.538988 0.000000
vt 0.862547 0.000000
vt 0.898810 1.000000
vt 0.904762 0.997989
vt 0.952381 1.000000
vt 0.946429 0.997989
vt 0.870028 0.000000
vt 0.546211 0.000000
vt 0.220238 0.002011
vt 0.226190 0.000000
vt 0.321429 0.002011
vt 0.315476 0.000000
vt 0.511905 0.002011
vt 0.505952 0.000000
vt 0.607143 0.000000
vt 0.601190 0.000000
vt 0.458333 0.002011
vt 0.464286 0.000000
vt 0.178571 0.002011
vt 0.172619 0.000000
vt 0.360501 0.000000
vt 0.363095 0.002011
vt 0.369048 0.000000
vt 0.229147 0.000000
vt 0.243497 0.000000
vt 0.231538 0.000000
vt 0.654762 0.002011
vt 0.648810 0.000000
vt 0.125000 0.002011
vt 0.130952 0.000000
vt 0.702381 0.000000
vt 0.696429 0.000000
vt 0.203195 0.000000
vt 0.202260 0.000000
vt 0.210578 0.000000
vt 0.209757 0.000000
vt 0.218614 0.000000
vt 0.342983 0.000000
vt 0.329562 0.000000
vt 0.328763 0.000000
vt 0.083333 0.002011
vt 0.077381 0.002011
vt 0.744048 0.002011
vt 0.750000 0.000000
vt 0.323709 0.000000
vt 0.322912 0.000000
vt 0.368370 0.000000
vt 0.791667 0.002011
vt 0.797619 0.000000
vt 0.035714 0.002011
vt 0.029762 0.000000
vt 0.892857 0.002011
vt 0.886905 0.002011
vt 0.035044 0.000000
vt 0.009999 0.000000
vt 0.021309 0.000000
vt 0.026506 0.000000
vt 0.316698 0.000000
vt 0.315810 0.000000
vt 0.007708 0.000000
vt 0.016642 0.000000
vt 0.269009 0.000000
vt 0.268087 0.000000
vt 0.301106 0.000000
vt 0.254246 0.000000
vt 0.389824 0.000000
vt 0.275450 0.000000
vt 0.294392 0.000000
vt 0.292794 0.000000
vt 0.469412 0.000000
vt 0.446429 0.002011
vt 0.452382 0.000000
vt 0.576254 0.000000
vt 0.576943 0.000000
vt 0.997138 0.000000
vt 0.997130 0.000000
vt 0.404762 0.002011
vt 0.398808 0.000000
vt 0.889110 0.000000
vt 0.896402 0.000000
vt 0.461070 0.000000
vt 0.804496 0.000000
vt 0.642857 0.002011
vt 0.497521 0.000000
vt 0.990418 0.000000
vt 0.503576 0.000000
vt 0.475588 0.000000
vt 0.811222 0.000000
vt 0.810505 0.000000
vt 0.494047 0.000000
vt 0.796025 0.000000
vt 0.351187 0.000000
vt 0.510889 0.000000
vt 0.520341 0.000000
vt 0.990442 0.000000
vt 0.880870 0.000000
vt 0.529010 0.000000
vt 0.902946 0.000000
vt 0.309525 0.000000
vt 0.827381 0.002011
vt 0.833333 0.000000
vt 0.449555 0.000000
vt 0.744954 0.000000
vt 0.744286 0.000000
vt 0.744021 0.000000
vt 0.255952 0.002011
vt 0.261905 0.000000
vt 0.789650 0.000000
vt 0.816590 0.000000
vt 0.922705 0.000000
vt 0.002777 0.000000
vt 0.002465 0.002011
vt 0.208333 0.002011
vt 0.912142 0.000000
vt 0.536561 0.000000
vt 0.775333 0.000000
vt 0.422542 0.000000
vt 0.113095 0.002011
vt 0.119048 0.000000
vt 0.160714 0.000000
vt 0.873498 0.000000
vt 0.830017 0.000000
vt 0.875002 0.000000
vt 0.931389 0.000000
vt 0.429129 0.000000
vt 0.824558 0.000000
vt 0.970238 0.002011
vt 0.976189 0.000000
vt 0.857977 0.000000
vt 0.854422 0.000000
vt 0.550380 0.000000
vt 0.866573 0.000000
vt 0.541791 0.000000
vt 0.928571 0.002011
vt 0.922623 0.000000
vt 0.232143 1.000000
vt 0.303571 0.997989
vt 0.202381 0.997989
vt 0.494048 0.997989
vt 0.488095 0.997989
vt 0.351190 1.000000
vt 0.345238 0.997989
vt 0.630952 1.000000
vt 0.160707 1.000000
vt 0.154762 1.000000
vt 0.678571 1.000000
vt 0.684524 0.997989
vt 0.113095 1.000000
vt 0.107143 1.000000
vt 0.200297 0.000000
vt 0.199519 0.000000
vt 0.207775 0.000000
vt 0.206836 0.000000
vt 0.215442 0.000000
vt 0.214451 0.000000
vt 0.726190 1.000000
vt 0.340082 0.000000
vt 0.332771 0.000000
vt 0.327100 0.000000
vt 0.364508 0.000000
vt 0.059524 1.000000
vt 0.065476 0.997989
vt 0.773810 1.000000
vt 0.321173 0.000000
vt 0.875000 1.000000
vt 0.869048 0.997989
vt 0.916667 0.997989
vt 0.030275 0.000000
vt 0.373038 0.000000
vt 0.387031 0.000000
vt 0.299249 0.000000
vt 0.251437 0.000000
vt 0.273583 0.000000
vt 0.272664 0.000000
vt 0.434525 1.000000
vt 0.428571 0.997989
vt 0.465855 0.000000
vt 0.893289 0.000000
vt 0.892299 0.000000
vt 0.380952 1.000000
vt 0.386905 0.997989
vt 0.619048 0.997989
vt 0.500995 0.000000
vt 0.801799 0.000000
vt 0.494799 0.000000
vt 0.672619 0.997989
vt 0.807976 0.000000
vt 0.755601 0.000000
vt 0.476191 1.000000
vt 0.482143 0.997989
vt 0.459221 0.000000
vt 0.886353 0.000000
vt 0.508076 0.000000
vt 0.577381 1.000000
vt 0.720238 0.997989
vt 0.900034 0.000000
vt 0.517116 0.000000
vt 0.339284 1.000000
vt 0.792615 0.000000
vt 0.000736 0.997989
vt 0.525750 0.000000
vt 0.815476 1.000000
vt 0.809524 0.997989
vt 0.814587 0.000000
vt 0.291667 1.000000
vt 0.285714 0.997989
vt 0.447495 0.000000
vt 0.877928 0.000000
vt 0.244048 1.000000
vt 0.238095 0.997989
vt 0.532914 0.000000
vt 0.908261 0.000000
vt 0.842137 0.000000
vt 0.786922 0.000000
vt 0.786145 0.000000
vt 0.863098 1.000000
vt 0.857139 1.000000
vt 0.416957 0.000000
vt 0.553116 0.000000
vt 0.196429 1.000000
vt 0.927793 0.000000
vt 0.433689 0.000000
vt 0.934800 0.000000
vt 0.970377 0.000000
vt 0.427315 0.000000
vt 0.827578 0.000000
vt 0.142857 0.997989
vt 0.539692 0.000000
vt 0.958333 1.000000
vt 0.952381 0.997989
vt 0.863498 0.000000
vt 0.871007 0.000000
vt 0.904763 1.000000
vt 0.910714 0.997989
vt 0.547248 0.000000
vt 0.232143 0.002011
vt 0.226190 0.002011
vt 0.327381 0.000000
vt 0.321429 0.000000
vt 0.517857 0.000000
vt 0.511905 0.000000
vt 0.607143 0.002011
vt 0.184524 0.002011
vt 0.178571 0.000000
vt 0.464286 0.002011
vt 0.470238 0.000000
vt 0.361179 0.000000
vt 0.361458 0.000000
vt 0.231065 0.000000
vt 0.369048 0.002011
vt 0.654762 0.000000
vt 0.130952 0.002011
vt 0.136905 0.000000
vt 0.702381 0.002011
vt 0.211655 0.000000
vt 0.089286 0.002011
vt 0.083333 0.000000
vt 0.343909 0.000000
vt 0.337415 0.000000
vt 0.336493 0.000000
vt 0.330374 0.000000
vt 0.750000 0.002011
vt 0.041667 0.000000
vt 0.035714 0.000000
vt 0.803571 0.002011
vt 0.797619 0.002011
vt 0.845238 0.002011
vt 0.850837 0.000000
vt 0.845254 0.000000
vt 0.892857 0.000000
vt 0.922619 0.002011
vt 0.994049 0.000000
vt 0.034470 0.000000
vt 0.317597 0.000000
vt 0.027437 0.000000
vt 0.302018 0.000000
vt 0.255178 0.000000
vt 0.269930 0.000000
vt 0.390748 0.000000
vt 0.295480 0.000000
vt 0.276373 0.000000
vt 0.246820 0.000000
vt 0.470273 0.000000
vt 0.410714 0.002011
vt 0.404761 0.000000
vt 0.568535 0.000000
vt 0.576256 0.000000
vt 0.760408 0.000000
vt 0.761261 0.000000
vt 0.998131 0.000000
vt 0.458335 0.000000
vt 0.462017 0.000000
vt 0.897378 0.000000
vt 0.498427 0.000000
vt 0.752643 0.000000
vt 0.759286 0.000000
vt 0.504447 0.000000
vt 0.696429 0.002011
vt 0.491189 0.000000
vt 0.490299 0.000000
vt 0.797117 0.000000
vt 0.476485 0.000000
vt 0.363097 0.000000
vt 0.357146 0.000000
vt 0.811899 0.000000
vt 0.512802 0.000000
vt 0.511815 0.000000
vt 0.454834 0.000000
vt 0.738095 0.002011
vt 0.882707 0.000000
vt 0.881779 0.000000
vt 0.791667 0.000000
vt 0.560848 0.000000
vt 0.991332 0.000000
vt 0.315477 0.000000
vt 0.530044 0.000000
vt 0.450209 0.000000
vt 0.904769 0.000000
vt 0.903806 0.000000
vt 0.833333 0.002011
vt 0.839284 0.000000
vt 0.261905 0.002011
vt 0.267857 0.000000
vt 0.444516 0.000000
vt 0.817536 0.000000
vt 0.077381 0.002011
vt 0.214286 0.000000
vt 0.973825 0.000000
vt 0.437831 0.000000
vt 0.939017 0.000000
vt 0.775827 0.000000
vt 0.786637 0.000000
vt 0.812194 0.000000
vt 0.913457 0.000000
vt 0.874450 0.000000
vt 0.423567 0.000000
vt 0.976190 0.002011
vt 0.982141 0.000000
vt 0.172619 0.002011
vt 0.166667 0.000000
vt 0.119048 0.002011
vt 0.125000 0.000000
vt 0.744974 0.000000
vt 0.745963 0.000000
vt 0.745464 0.000000
vt 0.831172 0.000000
vt 0.830736 0.000000
vt 0.430077 0.000000
vt 0.932185 0.000000
vt 0.825226 0.000000
vt 0.880953 0.000000
vt 0.859222 0.000000
vt 0.967517 0.000000
vt 0.542568 0.000000
vt 0.934523 0.000000
vt 0.928566 0.000000
vt 0.001439 0.000000
vt 0.000959 0.000000
vt 0.309524 1.000000
vt 0.303572 1.000000
vt 0.214286 1.000000
vt 0.208333 1.000000
vt 0.595238 0.997989
vt 0.494048 1.000000
vt 0.500000 0.997989
vt 0.357143 1.000000
vt 0.642857 0.997989
vt 0.166667 1.000000
vt 0.160714 0.997989
vt 0.690476 0.997989
vt 0.119048 1.000000
vt 0.113095 0.997989
vt 0.216446 0.000000
vt 0.738095 0.997989
vt 0.345482 0.000000
vt 0.341011 0.000000
vt 0.334672 0.000000
vt 0.333632 0.000000
vt 0.327879 0.000000
vt 0.365498 0.000000
vt 0.071428 1.000000
vt 0.065476 1.000000
vt 0.785714 0.997989
vt 0.880952 1.000000
vt 0.875000 0.997989
vt 0.023810 1.000000
vt 0.031248 0.000000
vt 0.024717 0.000000
vt 0.014382 0.000000
vt 0.314552 0.000000
vt 0.302013 0.000000
vt 0.388885 0.000000
vt 0.387959 0.000000
vt 0.252365 0.000000
vt 0.290372 0.000000
vt 0.279003 0.000000
vt 0.467685 0.000000
vt 0.466787 0.000000
vt 0.440477 1.000000
vt 0.434524 0.997989
vt 0.894300 0.000000
vt 0.386904 1.000000
vt 0.392857 0.997989
vt 0.473797 0.000000
vt 0.802667 0.000000
vt 0.495706 0.000000
vt 0.501852 0.000000
vt 0.887278 0.000000
vt 0.808827 0.000000
vt 0.482143 1.000000
vt 0.488095 0.997989
vt 0.583333 0.997989
vt 0.577381 0.997989
vt 0.726190 0.997989
vt 0.900920 0.000000
vt 0.793697 0.000000
vt 0.339286 0.997989
vt 0.518199 0.000000
vt 0.767857 0.997989
vt 0.453317 0.000000
vt 0.526852 0.000000
vt 0.821429 1.000000
vt 0.815476 0.997989
vt 0.297619 1.000000
vt 0.291667 0.997989
vt 0.448194 0.000000
vt 0.878860 0.000000
vt 0.920679 0.000000
vt 0.244048 0.997989
vt 0.442283 0.000000
vt 0.441471 0.000000
vt 0.533802 0.000000
vt 0.787701 0.000000
vt 0.909195 0.000000
vt 0.420195 0.000000
vt 0.418734 0.000000
vt 0.957560 0.000000
vt 0.869050 1.000000
vt 0.435373 0.000000
vt 0.434539 0.000000
vt 0.107143 1.000000
vt 0.971272 0.000000
vt 0.935674 0.000000
vt 0.929691 0.000000
vt 0.822541 0.000000
vt 0.821600 0.000000
vt 0.828760 0.000000
vt 0.828450 0.000000
vt 0.154762 0.997989
vt 0.428195 0.000000
vt 0.964285 1.000000
vt 0.958333 0.997989
vt 0.871974 0.000000
vt 0.540374 0.000000
vt 0.548304 0.000000
vt 0.910715 1.000000
vt 0.916667 0.997989
vt 0.856907 0.000000
vt 0.002208 0.000000
vt 0.190476 0.002011
vt 0.184524 0.000000
vt 0.476190 0.000000
vt 0.363372 0.000000
vt 0.359314 0.000000
vt 0.362419 0.000000
vt 0.136905 0.002011
vt 0.204133 0.000000
vt 0.219684 0.000000
vt 0.089289 0.000000
vt 0.344822 0.000000
vt 0.331198 0.000000
vt 0.324835 0.000000
vt 0.324378 0.000000
vt 0.761905 0.002011
vt 0.041667 0.002011
vt 0.047619 0.000000
vt 0.369313 0.000000
vt 0.857143 0.002011
vt 0.904762 0.000000
vt 0.898810 0.000000
vt 0.304077 0.000000
vt 0.302912 0.000000
vt 0.384845 0.000000
vt 0.374290 0.000000
vt 0.255977 0.000000
vt 0.270851 0.000000
vt 0.296458 0.000000
vt 0.392591 0.000000
vt 0.391671 0.000000
vt 0.247746 0.000000
vt 0.277301 0.000000
vt 0.889913 0.000000
vt 0.416667 0.002011
vt 0.410713 0.000000
vt 0.471143 0.000000
vt 0.577152 0.000000
vt 0.753649 0.000000
vt 0.753635 0.000000
vt 0.756419 0.000000
vt 0.462976 0.000000
vt 0.464287 0.000000
vt 0.805386 0.000000
vt 0.492085 0.000000
vt 0.505329 0.000000
vt 0.799173 0.000000
vt 0.798172 0.000000
vt 0.369049 0.000000
vt 0.478367 0.000000
vt 0.477387 0.000000
vt 0.455682 0.000000
vt 0.812559 0.000000
vt 0.513849 0.000000
vt 0.883638 0.000000
vt 0.744048 0.002011
vt 0.522443 0.000000
vt 0.797619 0.000000
vt 0.315476 0.002011
vt 0.321430 0.000000
vt 0.450840 0.000000
vt 0.531040 0.000000
vt 0.562119 0.000000
vt 0.905745 0.000000
vt 0.791159 0.000000
vt 0.790392 0.000000
vt 0.267857 0.002011
vt 0.273810 0.000000
vt 0.445249 0.000000
vt 0.839286 0.002011
vt 0.974649 0.000000
vt 0.226190 0.002011
vt 0.220238 0.000000
vt 0.409001 0.000000
vt 0.077381 0.000000
vt 0.818501 0.000000
vt 0.924757 0.000000
vt 0.939850 0.000000
vt 0.875383 0.000000
vt 0.988095 0.002011
vt 0.982143 0.002011
vt 0.913460 0.000000
vt 0.178571 0.002011
vt 0.172619 0.000000
vt 0.424546 0.000000
vt 0.852520 0.000000
vt 0.845203 0.000000
vt 0.746845 0.000000
vt 0.745964 0.000000
vt 0.431010 0.000000
vt 0.130952 0.000000
vt 0.537431 0.000000
vt 0.552189 0.000000
vt 0.933031 0.000000
vt 0.886905 0.000000
vt 0.960263 0.000000
vt 0.968497 0.000000
vt 0.934524 0.002011
vt 0.940475 0.000000
vt 0.867532 0.000000
vt 0.543400 0.000000
vt 0.623214 0.997989
vt 0.625653 0.002011
vt 0.623214 0.002011
vt 0.452381 1.000000
vt 0.166667 0.997989
vt 0.226270 0.000000
vt 0.201215 0.000000
vt 0.208712 0.000000
vt 0.357021 0.000000
vt 0.341940 0.000000
vt 0.071429 0.997989
vt 0.366462 0.000000
vt 0.322050 0.000000
vt 0.785714 1.000000
vt 0.803571 1.000000
vt 0.023810 0.997989
vt 0.032247 0.000000
vt 0.374278 0.000000
vt 0.014759 0.000000
vt 0.019128 0.000000
vt 0.300172 0.000000
vt 0.274504 0.000000
vt 0.244975 0.000000
vt 0.440476 0.997989
vt 0.392856 1.000000
vt 0.460137 0.000000
vt 0.630952 0.997989
vt 0.502711 0.000000
vt 0.759286 0.000000
vt 0.474692 0.000000
vt 0.809640 0.000000
vt 0.583333 1.000000
vt 0.488095 1.000000
vt 0.489006 0.000000
vt 0.794771 0.000000
vt 0.345235 1.000000
vt 0.773810 0.997989
vt 0.901800 0.000000
vt 0.821429 0.997989
vt 0.879792 0.000000
vt 0.297619 0.997989
vt 0.815473 0.000000
vt 0.250000 0.997989
vt 0.921666 0.000000
vt 0.002777 1.000000
vt 0.002465 0.997989
vt 0.534693 0.000000
vt 0.202381 0.997989
vt 0.972141 0.000000
vt 0.936529 0.000000
vt 0.107143 0.997989
vt 0.869048 0.997989
vt 0.154762 1.000000
vt 0.964286 0.997989
vt 0.859035 0.000000
vt 0.864440 0.000000
vt 0.541064 0.000000
vt 0.964656 0.000000
vt 0.916668 1.000000
vt 0.232143 0.000000
vt 0.517857 0.002011
vt 0.333333 0.000000
vt 0.190476 0.000000
vt 0.239254 0.000000
vt 0.211224 0.000000
vt 0.219598 0.000000
vt 0.234703 0.000000
vt 0.142857 0.000000
vt 0.205072 0.000000
vt 0.212619 0.000000
vt 0.095238 0.000000
vt 0.220804 0.000000
vt 0.363395 0.000000
vt 0.359354 0.000000
vt 0.345597 0.000000
vt 0.338341 0.000000
vt 0.047619 0.002011
vt 0.318498 0.000000
vt 0.803571 0.000000
vt 0.857143 0.000000
vt 0.370253 0.000000
vt 0.999888 0.002011
vt 0.999973 0.000000
vt 0.028375 0.000000
vt 0.256144 0.000000
vt 0.256198 0.000000
vt 0.016299 0.000000
vt 0.248673 0.000000
vt 0.235274 0.000000
vt 0.890678 0.000000
vt 0.416666 0.000000
vt 0.463940 0.000000
vt 0.754524 0.000000
vt 0.953986 0.000000
vt 0.954008 0.000000
vt 0.464286 0.002011
vt 0.499249 0.000000
vt 0.806295 0.000000
vt 0.607143 0.002011
vt 0.898329 0.000000
vt 0.506225 0.000000
vt 0.456569 0.000000
vt 0.797619 0.002011
vt 0.992608 0.000000
vt 0.992343 0.000000
vt 0.273810 0.002011
vt 0.975465 0.000000
vt 0.845236 0.000000
vt 0.226190 0.000000
vt 0.411489 0.000000
vt 0.438699 0.000000
vt 0.876301 0.000000
vt 0.083333 0.000000
vt 0.786263 0.000000
vt 0.988093 0.000000
vt 0.819481 0.000000
vt 0.925776 0.000000
vt 0.578156 0.000000
vt 0.578170 0.000000
vt 0.836050 0.000000
vt 0.178571 0.000000
vt 0.431924 0.000000
vt 0.831948 0.000000
vt 0.563297 0.000000
vt 0.746850 0.000000
vt 0.746890 0.000000
vt 0.130952 0.002011
vt 0.826048 0.000000
vt 0.538238 0.000000
vt 0.860350 0.000000
vt 0.892857 0.000000
vt 0.845954 0.000000
vt 0.940476 0.002011
vt 0.868478 0.000000
vt 0.517857 0.997989
vt 0.755300 0.000000
vt 0.756455 0.000000
vt 0.000000 0.997989
vt 0.444476 0.002011
vt 0.442075 0.002011
vt 0.416017 0.997989
vt 0.416017 0.002011
vt 0.099416 0.997989
vt 0.103451 0.002011
vt 0.099416 0.002011
vt 0.900485 0.002011
vt 0.896846 0.002011
vt 0.583719 0.002011
vt 0.582803 0.002011
vt 0.917896 0.002011
vt 0.915999 0.002011
vt 0.374262 0.997989
vt 0.380120 0.002011
vt 0.374262 0.002011
vt 0.758628 0.002011
vt 0.748842 0.002011
vt 1.000000 0.002011
vt 0.998806 0.002011
vt 0.333982 0.002011
vt 0.332220 0.002011
vt 0.249900 0.997989
vt 0.481450 0.997989
vt 0.779054 0.997989
vt 0.196549 0.997989
vt 0.599416 0.997989
vt 0.999347 0.002011
vt 0.494880 0.997989
vt 0.843120 0.997989
vt 0.988768 0.002011
vt 0.984641 0.002011
vt 0.012704 0.997989
vt 0.082598 0.997989
vt 0.416018 0.997989
vt 0.749459 0.997989
vt 0.499893 0.997989
vt 0.518371 0.997989
vt 0.974979 0.997989
vt 0.784879 0.997989
vt 0.249264 0.997989
vt 0.916000 0.997989
vt 0.916000 0.002011
vt 0.299537 0.997989
vt 0.696548 0.997989
vt 0.123223 0.997989
vt 0.128413 0.002011
vt 0.248842 0.997989
vt 0.162775 0.002011
vt 0.157705 0.002011
vt 0.498773 0.997989
vt 0.750107 0.002011
vt 0.749900 0.002011
vt 0.139443 0.997989
vt 0.208056 0.997989
vt 0.209406 0.002011
vt 0.208056 0.002011
vt 0.790681 0.997989
vt 0.999627 0.997989
vt 0.499283 0.997989
vt 0.572137 0.002011
vt 0.568964 0.002011
vt 0.000584 0.002011
vt 0.396882 0.997989
vt 0.799537 0.997989
vt 0.244880 0.997989
vt 0.749347 0.997989
vt 0.754314 0.002011
vt 0.749347 0.002011
vt 0.491373 0.997989
vt 0.175063 0.997989
vt 0.512704 0.997989
vt 0.249265 0.997989
vt 0.582804 0.997989
vt 0.916000 0.002011
vt 0.006689 0.000000
vt 0.005671 0.000000
vt 0.000100 0.997989
vt 0.999893 0.997989
vt 0.250107 0.997989
vt 0.500100 0.997989
vt 0.996540 0.997989
vt 0.962963 0.002011
vt 0.962963 0.997989
vt 0.147345 0.000000
vt 0.146421 0.000000
vt 0.051211 0.000000
vt 0.334506 0.002011
vt 0.259538 0.997989
vt 0.034232 0.000000
vt 0.481630 0.997989
vt 0.555556 0.997989
vt 0.518554 0.997989
vt 0.592593 0.997989
vt 0.555556 0.002011
vt 0.629630 0.997989
vt 0.592593 0.002011
vt 0.629630 0.002011
vt 0.703704 0.997989
vt 0.740741 0.997989
vt 0.703704 0.002011
vt 0.777778 0.997989
vt 0.740741 0.002011
vt 0.814815 0.997989
vt 0.777778 0.002011
vt 0.851852 0.997989
vt 0.814815 0.002011
vt 0.888889 0.997989
vt 0.851852 0.002011
vt 0.925926 0.997989
vt 0.888889 0.002011
vt 0.925926 0.002011
vt 0.999900 0.997989
vt 0.975100 0.997989
vt 0.025000 0.997989
vt 0.000199 0.997989
vt 0.050000 0.997989
vt 0.025000 0.002011
vt 0.075000 0.997989
vt 0.050000 0.002011
vt 0.100000 0.997989
vt 0.075000 0.002011
vt 0.125000 0.997989
vt 0.100000 0.002011
vt 0.150000 0.997989
vt 0.125000 0.002011
vt 0.175000 0.997989
vt 0.150000 0.002011
vt 0.200000 0.997989
vt 0.175000 0.002011
vt 0.225000 0.997989
vt 0.200000 0.002011
vt 0.225000 0.002011
vt 0.275000 0.997989
vt 0.300000 0.997989
vt 0.275000 0.002011
vt 0.325000 0.997989
vt 0.300000 0.002011
vt 0.350000 0.997989
vt 0.325000 0.002011
vt 0.350000 0.002011
vt 0.400000 0.997989
vt 0.425000 0.997989
vt 0.400000 0.002011
vt 0.450000 0.997989
vt 0.425000 0.002011
vt 0.475000 0.997989
vt 0.450000 0.002011
vt 0.500000 0.997989
vt 0.475000 0.002011
vt 0.525000 0.997989
vt 0.550000 0.997989
vt 0.525000 0.002011
vt 0.575000 0.997989
vt 0.550000 0.002011
vt 0.600000 0.997989
vt 0.575000 0.002011
vt 0.600000 0.002011
vt 0.625000 0.002011
vt 0.825190 0.997989
vt 1.000000 0.997989
vt 0.994186 0.002011
vt 0.994186 0.997989
vt 0.069767 0.002011
vt 0.069767 0.997989
vt 0.075581 0.997989
vt 0.081395 0.997989
vt 0.075581 0.002011
vt 0.087209 0.997989
vt 0.081395 0.002011
vt 0.093023 0.997989
vt 0.087209 0.002011
vt 0.098837 0.997989
vt 0.093023 0.002011
vt 0.104651 0.997989
vt 0.098837 0.002011
vt 0.110465 0.997989
vt 0.104651 0.002011
vt 0.116279 0.997989
vt 0.110465 0.002011
vt 0.122093 0.997989
vt 0.116279 0.002011
vt 0.127907 0.997989
vt 0.122093 0.002011
vt 0.133721 0.997989
vt 0.127907 0.002011
vt 0.133721 0.002011
vt 0.140781 0.997989
vt 0.215116 0.997989
vt 0.209406 0.997989
vt 0.220930 0.997989
vt 0.215116 0.002011
vt 0.226744 0.997989
vt 0.220930 0.002011
vt 0.232558 0.997989
vt 0.226744 0.002011
vt 0.238372 0.997989
vt 0.232558 0.002011
vt 0.244186 0.997989
vt 0.238372 0.002011
vt 0.244186 0.002011
vt 0.255814 0.997989
vt 0.261628 0.997989
vt 0.255814 0.002011
vt 0.267442 0.997989
vt 0.261628 0.002011
vt 0.273256 0.997989
vt 0.267442 0.002011
vt 0.279070 0.997989
vt 0.273256 0.002011
vt 0.348837 0.997989
vt 0.354651 0.997989
vt 0.348837 0.002011
vt 0.360465 0.997989
vt 0.354651 0.002011
vt 0.366279 0.997989
vt 0.360465 0.002011
vt 0.372093 0.997989
vt 0.366279 0.002011
vt 0.377907 0.997989
vt 0.372093 0.002011
vt 0.383721 0.997989
vt 0.377907 0.002011
vt 0.389535 0.997989
vt 0.383721 0.002011
vt 0.395349 0.997989
vt 0.389535 0.002011
vt 0.401163 0.997989
vt 0.395349 0.002011
vt 0.406977 0.997989
vt 0.401163 0.002011
vt 0.412791 0.997989
vt 0.406977 0.002011
vt 0.418605 0.997989
vt 0.412791 0.002011
vt 0.488372 0.997989
vt 0.418605 0.002011
vt 0.494186 0.997989
vt 0.488372 0.002011
vt 0.500000 0.997989
vt 0.494186 0.002011
vt 0.505814 0.997989
vt 0.511628 0.997989
vt 0.505814 0.002011
vt 0.517442 0.997989
vt 0.511628 0.002011
vt 0.523256 0.997989
vt 0.517442 0.002011
vt 0.529070 0.997989
vt 0.523256 0.002011
vt 0.534884 0.002011
vt 0.529070 0.002011
vt 0.540698 0.997989
vt 0.534884 0.997989
vt 0.546512 0.997989
vt 0.540698 0.002011
vt 0.552326 0.997989
vt 0.546512 0.002011
vt 0.558140 0.997989
vt 0.552326 0.002011
vt 0.563953 0.997989
vt 0.558140 0.002011
vt 0.569767 0.997989
vt 0.563953 0.002011
vt 0.575581 0.997989
vt 0.569767 0.002011
vt 0.581395 0.997989
vt 0.575581 0.002011
vt 0.587209 0.997989
vt 0.581395 0.002011
vt 0.593023 0.997989
vt 0.587209 0.002011
vt 0.598837 0.997989
vt 0.593023 0.002011
vt 0.604651 0.997989
vt 0.598837 0.002011
vt 0.610465 0.997989
vt 0.604651 0.002011
vt 0.616279 0.997989
vt 0.610465 0.002011
vt 0.622093 0.997989
vt 0.616279 0.002011
vt 0.627907 0.997989
vt 0.622093 0.002011
vt 0.633721 0.997989
vt 0.627907 0.002011
vt 0.639535 0.997989
vt 0.633721 0.002011
vt 0.645349 0.997989
vt 0.639535 0.002011
vt 0.651163 0.997989
vt 0.645349 0.002011
vt 0.656977 0.997989
vt 0.651163 0.002011
vt 0.662791 0.997989
vt 0.656977 0.002011
vt 0.668605 0.997989
vt 0.662791 0.002011
vt 0.674419 0.997989
vt 0.668605 0.002011
vt 0.680233 0.997989
vt 0.674419 0.002011
vt 0.686047 0.997989
vt 0.680233 0.002011
vt 0.691860 0.997989
vt 0.686047 0.002011
vt 0.697674 0.997989
vt 0.691860 0.002011
vt 0.767442 0.997989
vt 0.697674 0.002011
vt 0.767442 0.002011
vt 0.779074 0.997989
vt 0.784901 0.997989
vt 0.796512 0.997989
vt 0.790817 0.997989
vt 0.802326 0.997989
vt 0.796512 0.002011
vt 0.808140 0.997989
vt 0.802326 0.002011
vt 0.813953 0.997989
vt 0.808140 0.002011
vt 0.819767 0.997989
vt 0.813953 0.002011
vt 0.825581 0.997989
vt 0.819767 0.002011
vt 0.831395 0.997989
vt 0.825581 0.002011
vt 0.837209 0.997989
vt 0.831395 0.002011
vt 0.843023 0.997989
vt 0.837209 0.002011
vt 0.848837 0.997989
vt 0.843023 0.002011
vt 0.854651 0.997989
vt 0.848837 0.002011
vt 0.860465 0.997989
vt 0.854651 0.002011
vt 0.930233 0.997989
vt 0.860465 0.002011
vt 0.936047 0.997989
vt 0.930233 0.002011
vt 0.941860 0.997989
vt 0.936047 0.002011
vt 0.947674 0.997989
vt 0.941860 0.002011
vt 0.953488 0.997989
vt 0.947674 0.002011
vt 0.959302 0.997989
vt 0.953488 0.002011
vt 0.965116 0.997989
vt 0.959302 0.002011
vt 0.970930 0.997989
vt 0.965116 0.002011
vt 0.976744 0.997989
vt 0.970930 0.002011
vt 0.982558 0.997989
vt 0.976744 0.002011
vt 0.988372 0.997989
vt 0.982558 0.002011
vt 0.988372 0.002011
vt 0.002450 0.997989
vt 0.077381 0.997989
vt 0.083333 0.997989
vt 0.089286 0.997989
vt 0.101190 0.997989
vt 0.095238 0.002011
vt 0.119048 0.997989
vt 0.148810 0.997989
vt 0.160714 0.997989
vt 0.166667 0.997989
vt 0.172619 0.997989
vt 0.166667 0.002011
vt 0.196429 0.997989
vt 0.214286 0.997989
vt 0.220238 0.997989
vt 0.232143 0.997989
vt 0.238095 0.997989
vt 0.244048 0.997989
vt 0.238095 0.002011
vt 0.244048 0.002011
vt 0.261905 0.997989
vt 0.267857 0.997989
vt 0.279762 0.997989
vt 0.291667 0.997989
vt 0.285714 0.002011
vt 0.309524 0.997989
vt 0.315476 0.997989
vt 0.321429 0.002011
vt 0.333333 0.997989
vt 0.351190 0.997989
vt 0.357143 0.997989
vt 0.380952 0.997989
vt 0.386905 0.997989
vt 0.386905 0.002011
vt 0.398810 0.997989
vt 0.404762 0.997989
vt 0.410714 0.997989
vt 0.404762 0.002011
vt 0.416667 0.997989
vt 0.428571 0.997989
vt 0.434524 0.997989
vt 0.440476 0.997989
vt 0.446429 0.997989
vt 0.452381 0.997989
vt 0.458333 0.997989
vt 0.464286 0.997989
vt 0.476190 0.997989
vt 0.470238 0.002011
vt 0.488095 0.997989
vt 0.494048 0.002011
vt 0.502465 0.997989
vt 0.577381 0.997989
vt 0.601190 0.997989
vt 0.636905 0.997989
vt 0.654762 0.997989
vt 0.678571 0.997989
vt 0.690476 0.997989
vt 0.702381 0.997989
vt 0.708333 0.997989
vt 0.708333 0.002011
vt 0.732143 0.997989
vt 0.750000 0.997989
vt 0.761905 0.997989
vt 0.755952 0.002011
vt 0.767857 0.997989
vt 0.791667 0.997989
vt 0.797619 0.997989
vt 0.803571 0.997989
vt 0.809524 0.997989
vt 0.815476 0.997989
vt 0.821429 0.997989
vt 0.815476 0.002011
vt 0.827381 0.997989
vt 0.821429 0.002011
vt 0.833333 0.997989
vt 0.851190 0.997989
vt 0.857143 0.997989
vt 0.880952 0.997989
vt 0.904762 0.997989
vt 0.922619 0.997989
vt 0.928571 0.997989
vt 0.934524 0.997989
vt 0.928571 0.002011
vt 0.946429 0.997989
vt 0.952381 0.997989
vt 0.958333 0.997989
vt 0.952381 0.002011
vt 0.958333 0.002011
vt 0.970238 0.997989
vt 0.976190 0.997989
vt 0.982143 0.997989
vt 0.998771 0.997989
vt 0.000736 0.997989
vt 0.167403 0.997989
vt 0.333983 0.997989
vt 0.420080 0.997989
vt 0.500530 0.997989
vt 0.583719 0.997989
vt 0.667208 0.997989
vt 0.834000 0.997989
vt 0.999515 0.997989
vt 0.103451 0.997989
vt 0.200463 0.997989
vt 0.303118 0.997989
vt 0.400485 0.997989
vt 0.603451 0.997989
vt 0.700463 0.997989
vt 0.803154 0.997989
vt 0.715081 0.000000
vt 0.623639 0.000000
vt 0.622765 0.000000
vt 0.742096 0.000000
vt 0.748816 0.000000
vt 0.001777 0.002011
vt 0.001777 0.997989
vt 0.130120 0.997989
vt 0.250738 0.997989
vt 0.380120 0.997989
vt 0.501786 0.997989
vt 0.625653 0.997989
vt 0.754314 0.997989
vt 0.991373 0.997989
vt 0.001158 0.997989
vt 0.258628 0.997989
vt 0.501158 0.997989
vt 0.999468 0.997989
vt 0.003852 0.997989
vt 0.152941 0.997989
vt 0.164706 0.997989
vt 0.152941 0.002011
vt 0.176471 0.997989
vt 0.164706 0.002011
vt 0.188235 0.997989
vt 0.176471 0.002011
vt 0.200000 0.997989
vt 0.188235 0.002011
vt 0.211765 0.997989
vt 0.223529 0.997989
vt 0.211765 0.002011
vt 0.235294 0.997989
vt 0.223529 0.002011
vt 0.247059 0.997989
vt 0.235294 0.002011
vt 0.258824 0.997989
vt 0.247059 0.002011
vt 0.270588 0.997989
vt 0.258824 0.002011
vt 0.282353 0.997989
vt 0.270588 0.002011
vt 0.294118 0.997989
vt 0.282353 0.002011
vt 0.305882 0.997989
vt 0.294118 0.002011
vt 0.317647 0.997989
vt 0.305882 0.002011
vt 0.329412 0.997989
vt 0.317647 0.002011
vt 0.341176 0.997989
vt 0.329412 0.002011
vt 0.352941 0.997989
vt 0.341176 0.002011
vt 0.364706 0.997989
vt 0.352941 0.002011
vt 0.376471 0.997989
vt 0.364706 0.002011
vt 0.388235 0.997989
vt 0.376471 0.002011
vt 0.400000 0.997989
vt 0.388235 0.002011
vt 0.411765 0.997989
vt 0.423529 0.997989
vt 0.411765 0.002011
vt 0.435294 0.997989
vt 0.423529 0.002011
vt 0.447059 0.997989
vt 0.435294 0.002011
vt 0.458824 0.997989
vt 0.447059 0.002011
vt 0.470588 0.997989
vt 0.458824 0.002011
vt 0.482353 0.997989
vt 0.470588 0.002011
vt 0.494118 0.997989
vt 0.482353 0.002011
vt 0.505882 0.997989
vt 0.494118 0.002011
vt 0.517647 0.997989
vt 0.505882 0.002011
vt 0.529412 0.997989
vt 0.517647 0.002011
vt 0.541176 0.997989
vt 0.529412 0.002011
vt 0.552941 0.997989
vt 0.541176 0.002011
vt 0.564706 0.997989
vt 0.552941 0.002011
vt 0.576471 0.997989
vt 0.564706 0.002011
vt 0.588235 0.997989
vt 0.576471 0.002011
vt 0.600000 0.997989
vt 0.588235 0.002011
vt 0.611765 0.997989
vt 0.600000 0.002011
vt 0.623529 0.997989
vt 0.611765 0.002011
vt 0.635294 0.997989
vt 0.623529 0.002011
vt 0.647059 0.997989
vt 0.635294 0.002011
vt 0.658824 0.997989
vt 0.647059 0.002011
vt 0.670588 0.997989
vt 0.658824 0.002011
vt 0.682353 0.997989
vt 0.670588 0.002011
vt 0.694118 0.997989
vt 0.682353 0.002011
vt 0.705882 0.002011
vt 0.694118 0.002011
vt 0.717647 0.997989
vt 0.705882 0.997989
vt 0.729412 0.997989
vt 0.717647 0.002011
vt 0.741176 0.997989
vt 0.729412 0.002011
vt 0.752941 0.997989
vt 0.741176 0.002011
vt 0.764706 0.997989
vt 0.752941 0.002011
vt 0.776471 0.997989
vt 0.764706 0.002011
vt 0.788235 0.997989
vt 0.776471 0.002011
vt 0.800000 0.997989
vt 0.788235 0.002011
vt 0.811765 0.997989
vt 0.800000 0.002011
vt 0.823529 0.997989
vt 0.811765 0.002011
vt 0.835294 0.997989
vt 0.823529 0.002011
vt 0.835294 0.002011
vt 0.879864 0.002011
vt 0.850953 0.997989
vt 0.004457 0.997989
vt 0.998671 0.997989
vt 0.986486 0.002011
vt 0.986486 0.997989
vt 0.176028 0.997989
vt 0.202703 0.997989
vt 0.216216 0.997989
vt 0.202703 0.002011
vt 0.229730 0.997989
vt 0.216216 0.002011
vt 0.243243 0.997989
vt 0.229730 0.002011
vt 0.256757 0.997989
vt 0.243243 0.002011
vt 0.270270 0.997989
vt 0.256757 0.002011
vt 0.283784 0.997989
vt 0.270270 0.002011
vt 0.297297 0.997989
vt 0.283784 0.002011
vt 0.310811 0.997989
vt 0.297297 0.002011
vt 0.324324 0.997989
vt 0.310811 0.002011
vt 0.337838 0.002011
vt 0.324324 0.002011
vt 0.337838 0.997989
vt 0.351351 0.002011
vt 0.364865 0.997989
vt 0.351351 0.997989
vt 0.378378 0.997989
vt 0.364865 0.002011
vt 0.391892 0.997989
vt 0.378378 0.002011
vt 0.405405 0.997989
vt 0.391892 0.002011
vt 0.418919 0.002011
vt 0.405405 0.002011
vt 0.432432 0.997989
vt 0.418919 0.997989
vt 0.445946 0.997989
vt 0.432432 0.002011
vt 0.459459 0.997989
vt 0.445946 0.002011
vt 0.472973 0.997989
vt 0.459459 0.002011
vt 0.486486 0.997989
vt 0.472973 0.002011
vt 0.486486 0.002011
vt 0.513514 0.997989
vt 0.527027 0.997989
vt 0.513514 0.002011
vt 0.540541 0.997989
vt 0.527027 0.002011
vt 0.554054 0.997989
vt 0.540541 0.002011
vt 0.567568 0.997989
vt 0.554054 0.002011
vt 0.581081 0.997989
vt 0.567568 0.002011
vt 0.594595 0.997989
vt 0.581081 0.002011
vt 0.608108 0.997989
vt 0.594595 0.002011
vt 0.621622 0.997989
vt 0.608108 0.002011
vt 0.635135 0.997989
vt 0.621622 0.002011
vt 0.648649 0.997989
vt 0.635135 0.002011
vt 0.662162 0.997989
vt 0.648649 0.002011
vt 0.675676 0.997989
vt 0.662162 0.002011
vt 0.689189 0.997989
vt 0.675676 0.002011
vt 0.702703 0.997989
vt 0.689189 0.002011
vt 0.716216 0.997989
vt 0.702703 0.002011
vt 0.729730 0.997989
vt 0.716216 0.002011
vt 0.743243 0.997989
vt 0.729730 0.002011
vt 0.756757 0.997989
vt 0.743243 0.002011
vt 0.770270 0.997989
vt 0.756757 0.002011
vt 0.783784 0.997989
vt 0.770270 0.002011
vt 0.797297 0.997989
vt 0.783784 0.002011
vt 0.810811 0.997989
vt 0.797297 0.002011
vt 0.824324 0.997989
vt 0.810811 0.002011
vt 0.837838 0.997989
vt 0.824324 0.002011
vt 0.851351 0.997989
vt 0.837838 0.002011
vt 0.864865 0.997989
vt 0.851351 0.002011
vt 0.878378 0.997989
vt 0.864865 0.002011
vt 0.891892 0.997989
vt 0.878378 0.002011
vt 0.905405 0.997989
vt 0.891892 0.002011
vt 0.918919 0.997989
vt 0.905405 0.002011
vt 0.932432 0.997989
vt 0.918919 0.002011
vt 0.945946 0.997989
vt 0.932432 0.002011
vt 0.959460 0.997989
vt 0.945946 0.002011
vt 0.972973 0.997989
vt 0.959460 0.002011
vt 0.972973 0.002011
vt 0.000454 0.002011
vt 0.000454 0.997989
vt 0.842105 0.002011
vt 0.842105 0.997989
vt 0.026316 0.997989
vt 0.013260 0.997989
vt 0.039474 0.997989
vt 0.026316 0.002011
vt 0.052632 0.997989
vt 0.039474 0.002011
vt 0.065789 0.997989
vt 0.052632 0.002011
vt 0.078947 0.997989
vt 0.065789 0.002011
vt 0.092105 0.997989
vt 0.078947 0.002011
vt 0.105263 0.997989
vt 0.092105 0.002011
vt 0.118421 0.997989
vt 0.105263 0.002011
vt 0.131579 0.997989
vt 0.118421 0.002011
vt 0.144737 0.997989
vt 0.131579 0.002011
vt 0.157895 0.997989
vt 0.144737 0.002011
vt 0.171053 0.997989
vt 0.157895 0.002011
vt 0.184211 0.002011
vt 0.171053 0.002011
vt 0.197368 0.997989
vt 0.184211 0.997989
vt 0.210526 0.997989
vt 0.197368 0.002011
vt 0.223684 0.997989
vt 0.210526 0.002011
vt 0.236842 0.997989
vt 0.223684 0.002011
vt 0.236842 0.002011
vt 0.263158 0.997989
vt 0.276316 0.997989
vt 0.263158 0.002011
vt 0.289474 0.997989
vt 0.276316 0.002011
vt 0.302632 0.997989
vt 0.289474 0.002011
vt 0.315789 0.997989
vt 0.302632 0.002011
vt 0.328947 0.997989
vt 0.315789 0.002011
vt 0.342105 0.997989
vt 0.328947 0.002011
vt 0.342105 0.002011
vt 0.500454 0.997989
vt 0.526316 0.997989
vt 0.513257 0.997989
vt 0.539474 0.997989
vt 0.526316 0.002011
vt 0.552632 0.997989
vt 0.539474 0.002011
vt 0.565789 0.997989
vt 0.552632 0.002011
vt 0.578947 0.997989
vt 0.565789 0.002011
vt 0.592105 0.997989
vt 0.578947 0.002011
vt 0.605263 0.997989
vt 0.592105 0.002011
vt 0.618421 0.002011
vt 0.605263 0.002011
vt 0.631579 0.997989
vt 0.618421 0.997989
vt 0.644737 0.997989
vt 0.631579 0.002011
vt 0.657895 0.002011
vt 0.644737 0.002011
vt 0.671053 0.997989
vt 0.657895 0.997989
vt 0.684211 0.002011
vt 0.671053 0.002011
vt 0.697369 0.997989
vt 0.684211 0.997989
vt 0.710526 0.997989
vt 0.697369 0.002011
vt 0.723684 0.997989
vt 0.710526 0.002011
vt 0.736842 0.997989
vt 0.723684 0.002011
vt 0.736842 0.002011
vt 0.763158 0.997989
vt 0.776316 0.997989
vt 0.763158 0.002011
vt 0.789474 0.997989
vt 0.776316 0.002011
vt 0.802632 0.997989
vt 0.789474 0.002011
vt 0.815789 0.997989
vt 0.802632 0.002011
vt 0.828947 0.997989
vt 0.815789 0.002011
vt 0.828947 0.002011
vt 0.000735 0.997989
vt 0.086746 0.997989
vt 0.167402 0.997989
vt 0.333982 0.997989
vt 0.500529 0.997989
vt 0.753413 0.997989
vt 0.834000 0.997989
vt 0.004785 0.000000
vt 0.005737 0.000000
vt 0.006586 0.000000
vt 0.003817 0.000000
vt 0.144573 0.000000
vt 0.054002 0.000000
vt 0.143649 0.000000
vt 0.034459 0.000000
vt 0.035222 0.000000
vt 0.715969 0.000000
vt 0.621841 0.000000
vt 0.622765 0.000000
vt 0.756452 0.000000
vt 0.999347 1.000000
vt 0.999459 0.000000
vt 0.396932 0.000000
vt 0.742082 0.000000
vt 0.994046 0.000000
vt 0.547515 0.000000
vt 0.002876 0.000000
vt 0.915628 0.000000
vt 0.763179 0.000000
vt 0.994046 1.000000
vt 0.360493 0.000000
vt 0.559915 0.000000
vt 0.230967 0.000000
vt 0.547515 0.000000
vt 0.952931 0.000000
vt 0.759313 0.000000
vt 0.745918 0.000000
vt 0.231016 0.000000
vt 0.567587 0.000000
vt 0.759315 0.000000
vt 0.559915 0.000000
vt 0.844361 0.000000
vt 0.856827 0.000000
vt 0.231873 0.000000
vt 0.001583 0.997989
vt 0.003817 0.000000
vt 0.999893 0.002011
vt 0.004785 0.000000
vt 0.996540 0.002011
vt 0.039276 0.000000
vt 0.035324 0.000000
vt 0.171088 0.000000
vt 0.171978 0.000000
vt 0.172856 0.000000
vt 0.040017 0.000000
vt 0.039085 0.000000
vt 0.158474 0.000000
vt 0.159543 0.000000
vt 0.041882 0.000000
vt 0.040951 0.000000
vt 0.156519 0.000000
vt 0.157477 0.000000
vt 0.043745 0.000000
vt 0.042814 0.000000
vt 0.154649 0.000000
vt 0.155579 0.000000
vt 0.045606 0.000000
vt 0.044675 0.000000
vt 0.152802 0.000000
vt 0.153724 0.000000
vt 0.047466 0.000000
vt 0.046536 0.000000
vt 0.150966 0.000000
vt 0.151883 0.000000
vt 0.049354 0.000000
vt 0.048394 0.000000
vt 0.149154 0.000000
vt 0.150054 0.000000
vt 0.050279 0.000000
vt 0.148271 0.000000
vt 0.053072 0.000000
vt 0.052142 0.000000
vt 0.145497 0.000000
vt 0.054932 0.000000
vt 0.054002 0.000000
vt 0.143649 0.000000
vt 0.144573 0.000000
vt 0.056791 0.000000
vt 0.055861 0.000000
vt 0.141801 0.000000
vt 0.142725 0.000000
vt 0.058651 0.000000
vt 0.057721 0.000000
vt 0.139950 0.000000
vt 0.140876 0.000000
vt 0.060461 0.000000
vt 0.059582 0.000000
vt 0.139021 0.000000
vt 0.138070 0.000000
vt 0.062310 0.000000
vt 0.061379 0.000000
vt 0.137087 0.000000
vt 0.064179 0.000000
vt 0.063244 0.000000
vt 0.135269 0.000000
vt 0.136179 0.000000
vt 0.066048 0.000000
vt 0.065114 0.000000
vt 0.133445 0.000000
vt 0.134358 0.000000
vt 0.132531 0.000000
vt 0.067915 0.000000
vt 0.066982 0.000000
vt 0.131616 0.000000
vt 0.069785 0.000000
vt 0.068849 0.000000
vt 0.129787 0.000000
vt 0.130701 0.000000
vt 0.128876 0.000000
vt 0.071718 0.000000
vt 0.070729 0.000000
vt 0.127973 0.000000
vt 0.083804 0.000000
vt 0.082906 0.000000
vt 0.116162 0.000000
vt 0.127146 0.000000
vt 0.085659 0.000000
vt 0.084730 0.000000
vt 0.114271 0.000000
vt 0.115196 0.000000
vt 0.087520 0.000000
vt 0.086589 0.000000
vt 0.111517 0.000000
vt 0.113352 0.000000
vt 0.112435 0.000000
vt 0.089382 0.000000
vt 0.088451 0.000000
vt 0.109683 0.000000
vt 0.110600 0.000000
vt 0.091244 0.000000
vt 0.090313 0.000000
vt 0.107847 0.000000
vt 0.108765 0.000000
vt 0.093111 0.000000
vt 0.092177 0.000000
vt 0.106010 0.000000
vt 0.106929 0.000000
vt 0.105189 0.000000
vt 0.094093 0.000000
vt 0.170178 0.000000
vt 0.169234 0.000000
vt 0.173732 0.000000
vt 0.174612 0.000000
vt 0.175501 0.000000
vt 0.176399 0.000000
vt 0.177309 0.000000
vt 0.178232 0.000000
vt 0.179160 0.000000
vt 0.035838 0.000000
vt 0.189207 0.000000
vt 0.166533 0.000000
vt 0.162702 0.000000
vt 0.166049 0.000000
vt 0.999900 0.002011
vt 0.901490 0.002011
vt 0.002450 0.002011
vt 0.998770 0.002011
vt 0.999516 0.002011
vt 0.596975 0.000000
vt 0.593663 0.000000
vt 0.588711 0.000000
vt 0.729672 0.000000
vt 0.735276 0.000000
vt 0.599138 0.000000
vt 0.735022 0.000000
vt 0.600912 0.000000
vt 0.734352 0.000000
vt 0.602369 0.000000
vt 0.603607 0.000000
vt 0.733501 0.000000
vt 0.732545 0.000000
vt 0.604710 0.000000
vt 0.731523 0.000000
vt 0.605734 0.000000
vt 0.730470 0.000000
vt 0.606713 0.000000
vt 0.729413 0.000000
vt 0.607660 0.000000
vt 0.728378 0.000000
vt 0.608584 0.000000
vt 0.727381 0.000000
vt 0.609483 0.000000
vt 0.726406 0.000000
vt 0.610362 0.000000
vt 0.725567 0.000000
vt 0.724735 0.000000
vt 0.611296 0.000000
vt 0.723957 0.000000
vt 0.723231 0.000000
vt 0.612244 0.000000
vt 0.613177 0.000000
vt 0.722540 0.000000
vt 0.721859 0.000000
vt 0.614091 0.000000
vt 0.614985 0.000000
vt 0.721155 0.000000
vt 0.720405 0.000000
vt 0.615856 0.000000
vt 0.616706 0.000000
vt 0.719597 0.000000
vt 0.718728 0.000000
vt 0.618360 0.000000
vt 0.619177 0.000000
vt 0.717809 0.000000
vt 0.716860 0.000000
vt 0.619999 0.000000
vt 0.715968 0.000000
vt 0.621842 0.000000
vt 0.620866 0.000000
vt 0.714162 0.000000
vt 0.713206 0.000000
vt 0.624452 0.000000
vt 0.712210 0.000000
vt 0.711176 0.000000
vt 0.625216 0.000000
vt 0.625955 0.000000
vt 0.710109 0.000000
vt 0.709017 0.000000
vt 0.626685 0.000000
vt 0.707914 0.000000
vt 0.628159 0.000000
vt 0.706812 0.000000
vt 0.628908 0.000000
vt 0.705713 0.000000
vt 0.630363 0.000000
vt 0.704601 0.000000
vt 0.631065 0.000000
vt 0.627418 0.000000
vt 0.703564 0.000000
vt 0.702503 0.000000
vt 0.631724 0.000000
vt 0.701437 0.000000
vt 0.632377 0.000000
vt 0.629665 0.000000
vt 0.700362 0.000000
vt 0.699280 0.000000
vt 0.633007 0.000000
vt 0.698191 0.000000
vt 0.633615 0.000000
vt 0.671580 0.000000
vt 0.671173 0.000000
vt 0.659554 0.000000
vt 0.660533 0.000000
vt 0.658652 0.000000
vt 0.657755 0.000000
vt 0.656859 0.000000
vt 0.672466 0.000000
vt 0.655964 0.000000
vt 0.673357 0.000000
vt 0.655073 0.000000
vt 0.654188 0.000000
vt 0.674251 0.000000
vt 0.653310 0.000000
vt 0.675153 0.000000
vt 0.652440 0.000000
vt 0.676058 0.000000
vt 0.651579 0.000000
vt 0.676966 0.000000
vt 0.677873 0.000000
vt 0.650721 0.000000
vt 0.678780 0.000000
vt 0.649852 0.000000
vt 0.680593 0.000000
vt 0.648954 0.000000
vt 0.682306 0.000000
vt 0.648022 0.000000
vt 0.683162 0.000000
vt 0.647070 0.000000
vt 0.684018 0.000000
vt 0.646107 0.000000
vt 0.684878 0.000000
vt 0.645142 0.000000
vt 0.685743 0.000000
vt 0.644184 0.000000
vt 0.686614 0.000000
vt 0.687496 0.000000
vt 0.643237 0.000000
vt 0.642304 0.000000
vt 0.688392 0.000000
vt 0.689308 0.000000
vt 0.641388 0.000000
vt 0.640489 0.000000
vt 0.690243 0.000000
vt 0.691197 0.000000
vt 0.639607 0.000000
vt 0.638736 0.000000
vt 0.692141 0.000000
vt 0.637848 0.000000
vt 0.693055 0.000000
vt 0.637001 0.000000
vt 0.693982 0.000000
vt 0.694969 0.000000
vt 0.636208 0.000000
vt 0.635484 0.000000
vt 0.696016 0.000000
vt 0.634825 0.000000
vt 0.634212 0.000000
vt 0.697098 0.000000
vt 0.679687 0.000000
vt 0.681416 0.000000
vt 0.617539 0.000000
vt 0.746850 0.000000
vt 0.745464 0.000000
vt 0.745964 0.000000
vt 0.743015 0.000000
vt 0.991373 0.002011
vt 0.999468 0.002011
vt 0.998671 0.002011
vt 0.084730 0.000000
vt 0.085659 0.000000
vt 0.114271 0.000000
vt 0.086589 0.000000
vt 0.113352 0.000000
vt 0.087520 0.000000
vt 0.111517 0.000000
vt 0.088451 0.000000
vt 0.110600 0.000000
vt 0.089382 0.000000
vt 0.109683 0.000000
vt 0.090313 0.000000
vt 0.108765 0.000000
vt 0.091244 0.000000
vt 0.107847 0.000000
vt 0.092177 0.000000
vt 0.106929 0.000000
vt 0.093112 0.000000
vt 0.106010 0.000000
vt 0.094093 0.000000
vt 0.105189 0.000000
vt 0.083804 0.000000
vt 0.115196 0.000000
vt 0.071718 0.000000
vt 0.082906 0.000000
vt 0.127146 0.000000
vt 0.116161 0.000000
vt 0.069785 0.000000
vt 0.070728 0.000000
vt 0.128876 0.000000
vt 0.127973 0.000000
vt 0.067915 0.000000
vt 0.068849 0.000000
vt 0.130701 0.000000
vt 0.129787 0.000000
vt 0.066048 0.000000
vt 0.066982 0.000000
vt 0.132531 0.000000
vt 0.131616 0.000000
vt 0.064179 0.000000
vt 0.065114 0.000000
vt 0.134357 0.000000
vt 0.133445 0.000000
vt 0.062310 0.000000
vt 0.063244 0.000000
vt 0.136179 0.000000
vt 0.135269 0.000000
vt 0.060460 0.000000
vt 0.061379 0.000000
vt 0.138070 0.000000
vt 0.137087 0.000000
vt 0.058651 0.000000
vt 0.059581 0.000000
vt 0.139021 0.000000
vt 0.056791 0.000000
vt 0.057721 0.000000
vt 0.140876 0.000000
vt 0.139949 0.000000
vt 0.054931 0.000000
vt 0.055861 0.000000
vt 0.142725 0.000000
vt 0.141801 0.000000
vt 0.053072 0.000000
vt 0.145496 0.000000
vt 0.051210 0.000000
vt 0.052141 0.000000
vt 0.146420 0.000000
vt 0.147345 0.000000
vt 0.049353 0.000000
vt 0.050279 0.000000
vt 0.148270 0.000000
vt 0.149154 0.000000
vt 0.047465 0.000000
vt 0.048394 0.000000
vt 0.150054 0.000000
vt 0.150966 0.000000
vt 0.045605 0.000000
vt 0.046535 0.000000
vt 0.151883 0.000000
vt 0.043744 0.000000
vt 0.044674 0.000000
vt 0.153724 0.000000
vt 0.152802 0.000000
vt 0.041882 0.000000
vt 0.042813 0.000000
vt 0.155580 0.000000
vt 0.154649 0.000000
vt 0.040017 0.000000
vt 0.040950 0.000000
vt 0.157478 0.000000
vt 0.156520 0.000000
vt 0.039717 0.000000
vt 0.039084 0.000000
vt 0.159546 0.000000
vt 0.158476 0.000000
vt 0.171093 0.000000
vt 0.170183 0.000000
vt 0.171983 0.000000
vt 0.172862 0.000000
vt 0.169238 0.000000
vt 0.173738 0.000000
vt 0.175507 0.000000
vt 0.174618 0.000000
vt 0.176405 0.000000
vt 0.177315 0.000000
vt 0.178238 0.000000
vt 0.179165 0.000000
vt 0.033972 0.000000
vt 0.189113 0.000000
vt 0.112434 0.000000
vt 0.166537 0.000000
vt 0.162706 0.000000
vt 0.166052 0.000000
vt 0.727380 0.000000
vt 0.728377 0.000000
vt 0.609483 0.000000
vt 0.729413 0.000000
vt 0.608584 0.000000
vt 0.730470 0.000000
vt 0.607661 0.000000
vt 0.731523 0.000000
vt 0.606712 0.000000
vt 0.732545 0.000000
vt 0.605734 0.000000
vt 0.733500 0.000000
vt 0.604710 0.000000
vt 0.735022 0.000000
vt 0.602369 0.000000
vt 0.735276 0.000000
vt 0.600912 0.000000
vt 0.729672 0.000000
vt 0.588711 0.000000
vt 0.596975 0.000000
vt 0.593663 0.000000
vt 0.726406 0.000000
vt 0.610362 0.000000
vt 0.724735 0.000000
vt 0.725566 0.000000
vt 0.611296 0.000000
vt 0.723231 0.000000
vt 0.723957 0.000000
vt 0.612244 0.000000
vt 0.613177 0.000000
vt 0.721858 0.000000
vt 0.722541 0.000000
vt 0.614985 0.000000
vt 0.720405 0.000000
vt 0.721154 0.000000
vt 0.615856 0.000000
vt 0.616706 0.000000
vt 0.718728 0.000000
vt 0.719597 0.000000
vt 0.618360 0.000000
vt 0.716860 0.000000
vt 0.717809 0.000000
vt 0.619998 0.000000
vt 0.619178 0.000000
vt 0.620866 0.000000
vt 0.715080 0.000000
vt 0.714162 0.000000
vt 0.623639 0.000000
vt 0.711176 0.000000
vt 0.625216 0.000000
vt 0.624452 0.000000
vt 0.709017 0.000000
vt 0.710108 0.000000
vt 0.626685 0.000000
vt 0.625955 0.000000
vt 0.706812 0.000000
vt 0.707914 0.000000
vt 0.628907 0.000000
vt 0.628158 0.000000
vt 0.704601 0.000000
vt 0.705712 0.000000
vt 0.631065 0.000000
vt 0.630363 0.000000
vt 0.627418 0.000000
vt 0.703564 0.000000
vt 0.617540 0.000000
vt 0.702504 0.000000
vt 0.631724 0.000000
vt 0.632377 0.000000
vt 0.700362 0.000000
vt 0.629665 0.000000
vt 0.660533 0.000000
vt 0.671173 0.000000
vt 0.659554 0.000000
vt 0.671580 0.000000
vt 0.658652 0.000000
vt 0.656859 0.000000
vt 0.657755 0.000000
vt 0.672466 0.000000
vt 0.655073 0.000000
vt 0.655964 0.000000
vt 0.673356 0.000000
vt 0.653310 0.000000
vt 0.654188 0.000000
vt 0.675152 0.000000
vt 0.674251 0.000000
vt 0.651579 0.000000
vt 0.676965 0.000000
vt 0.676058 0.000000
vt 0.677873 0.000000
vt 0.649852 0.000000
vt 0.650721 0.000000
vt 0.680593 0.000000
vt 0.678780 0.000000
vt 0.648022 0.000000
vt 0.648954 0.000000
vt 0.683162 0.000000
vt 0.682306 0.000000
vt 0.679687 0.000000
vt 0.646107 0.000000
vt 0.647070 0.000000
vt 0.684878 0.000000
vt 0.684018 0.000000
vt 0.644184 0.000000
vt 0.645143 0.000000
vt 0.685743 0.000000
vt 0.687496 0.000000
vt 0.642304 0.000000
vt 0.643236 0.000000
vt 0.688392 0.000000
vt 0.689307 0.000000
vt 0.640489 0.000000
vt 0.641388 0.000000
vt 0.691197 0.000000
vt 0.638737 0.000000
vt 0.692141 0.000000
vt 0.637001 0.000000
vt 0.637848 0.000000
vt 0.693982 0.000000
vt 0.693055 0.000000
vt 0.694969 0.000000
vt 0.636209 0.000000
vt 0.635484 0.000000
vt 0.696016 0.000000
vt 0.634212 0.000000
vt 0.634825 0.000000
vt 0.697098 0.000000
vt 0.633615 0.000000
vt 0.699280 0.000000
vt 0.698191 0.000000
vt 0.681416 0.000000
s 1
usemtl neutral-metal.004
f 1/1/1 2/2/1 3/3/1
f 4/4/2 5/5/2 6/6/2
f 7/7/3 8/8/3 9/9/3
f 10/10/4 11/11/4 12/12/4
f 13/13/5 14/14/5 15/15/5
f 16/16/6 17/17/6 18/18/6
f 19/19/7 20/20/7 21/21/7
f 22/22/8 23/23/8 24/24/8
f 25/25/9 26/26/9 27/27/9
f 30/28/10 31/29/10 32/30/10
f 33/31/11 34/32/11 35/33/11
f 36/34/12 37/35/12 38/36/12
f 63/37/13 64/38/13 65/15/13
f 66/39/14 67/40/14 68/41/14
f 69/42/15 70/43/16 71/44/17
f 72/45/18 73/46/19 74/47/20
f 171/48/21 172/49/21 173/50/21
f 174/51/22 175/52/22 176/53/22
f 305/54/23 306/55/23 307/56/23
f 358/57/24 359/58/24 360/59/24
f 363/60/25 364/61/25 365/62/25
f 366/63/26 367/64/26 368/65/26
f 395/66/27 396/67/27 397/68/27
f 398/69/28 399/70/28 400/71/28
f 527/72/29 528/73/29 529/74/29
f 530/75/30 531/76/30 532/77/30
f 533/78/31 534/79/31 535/80/31
f 536/81/32 537/82/33 538/83/34
f 587/84/35 588/85/35 589/86/35
f 590/87/36 591/88/36 592/89/36
f 735/90/37 736/91/37 737/92/37
f 738/93/38 739/94/38 740/95/38
f 883/96/2 884/97/2 885/98/2
f 886/99/39 887/100/39 888/101/39
f 889/102/40 890/103/40 891/104/40
f 892/105/26 893/106/26 894/107/26
f 895/108/2 896/109/2 897/110/2
f 898/111/41 899/112/41 900/113/41
f 901/114/40 902/115/40 903/116/40
f 904/117/42 905/118/42 906/119/42
f 907/120/43 908/121/43 909/122/43
f 910/123/41 911/124/41 912/125/41
f 913/126/44 914/127/44 915/128/44
f 916/129/26 917/130/26 918/131/26
f 919/132/45 920/133/45 921/134/45
f 922/135/46 923/136/46 924/137/46
f 925/138/47 926/139/47 927/140/47
f 928/141/43 929/142/43 930/143/43
f 931/144/48 932/145/49 933/146/50
f 934/147/51 935/148/51 936/149/51
f 937/150/52 938/151/52 939/152/52
f 940/153/53 941/154/53 942/155/53
f 943/156/46 944/157/46 945/158/46
f 946/159/54 947/160/55 948/161/56
f 949/162/57 950/163/57 951/164/57
f 952/165/58 953/166/58 954/167/58
f 1097/168/37 1098/169/37 1099/170/37
f 1100/171/59 1101/172/59 1102/173/59
f 1245/174/2 1246/175/2 1247/15/2
f 1248/176/60 1249/177/60 1250/178/60
f 1251/179/46 1252/180/46 1253/181/46
f 1254/182/26 1255/183/26 1256/184/26
f 1257/185/2 1258/186/2 1259/187/2
f 1260/188/61 1261/189/61 1262/190/61
f 1263/191/46 1264/192/46 1265/193/46
f 1266/194/42 1267/195/42 1268/196/42
f 1269/197/43 1270/198/43 1271/199/43
f 1272/200/53 1273/201/53 1274/202/53
f 1275/203/46 1276/204/46 1277/205/46
f 1278/206/26 1279/207/26 1280/208/26
f 1282/209/62 3457/175/62 1281/210/62
f 1284/211/42 1286/212/42 1287/213/42
f 1288/214/43 1289/215/43 1290/216/43
f 1291/217/63 1292/218/63 1293/219/63
f 1295/220/64 1297/221/64 1294/220/64
f 1299/222/65 1301/223/65 1298/224/65
f 1302/225/46 1303/226/46 1304/227/46
f 1305/228/42 1306/229/42 1307/230/42
f 1308/231/63 1309/232/63 1310/233/63
f 1311/234/46 1312/235/46 1313/236/46
f 1314/237/42 1315/238/42 1316/239/42
f 1317/240/52 1318/241/52 1319/242/52
f 1320/243/66 1321/244/66 1322/245/66
f 1323/246/67 1324/247/67 1325/248/67
f 1444/249/68 1445/250/68 1446/251/68
f 1447/252/69 1448/253/69 1449/254/69
f 1450/255/70 1451/256/71 1452/257/72
f 1453/258/73 1454/259/73 1455/260/73
f 1456/261/74 1457/262/74 1458/263/74
f 1459/264/75 1460/265/76 1461/266/77
f 1580/210/52 1581/267/52 1582/268/52
f 1583/269/63 1584/270/63 1585/271/63
f 1636/272/52 1637/273/52 1638/274/52
f 1639/275/63 1640/276/63 1641/277/63
f 1692/278/2 1693/279/2 1694/280/2
f 1695/281/39 1696/282/39 1697/283/39
f 1698/284/40 1699/285/40 1700/286/40
f 1701/287/26 1702/288/26 1703/289/26
f 1704/290/2 1705/291/2 1706/292/2
f 1707/293/41 1708/294/41 1709/295/41
f 1710/296/40 1711/297/40 1712/298/40
f 1713/299/42 1714/300/42 1715/301/42
f 1716/302/52 1717/303/52 1718/304/52
f 1719/305/53 1720/306/53 1721/307/53
f 1722/308/46 1723/309/46 1724/310/46
f 1725/206/26 1726/311/26 1727/208/26
f 1728/312/78 1729/313/78 1730/314/78
f 1731/315/79 1732/316/79 1733/317/79
f 1734/318/80 1735/319/80 1736/320/80
f 1737/321/81 1738/322/81 1739/323/81
f 1740/324/82 1741/325/82 1742/326/82
f 1743/327/83 1744/328/83 1745/329/83
f 1746/330/84 1747/331/84 1748/332/84
f 1749/333/85 1750/334/85 1751/335/85
f 1752/336/86 1753/337/86 1754/338/86
f 1757/339/87 1758/340/87 1759/341/87
f 1760/342/88 1761/343/88 1762/344/88
f 1763/345/89 1764/346/89 1765/347/89
f 1790/324/90 1791/348/91 1792/349/92
f 1793/350/93 1794/351/94 1795/352/95
f 1796/353/96 1797/354/96 1798/355/96
f 1799/356/97 1800/357/98 1801/358/99
f 1898/359/100 1899/360/100 1900/361/100
f 1901/362/101 1902/363/101 1903/364/101
f 2032/365/102 2033/366/102 2034/338/102
f 2085/367/103 2086/368/103 2087/369/103
f 2090/370/89 2091/371/89 2092/372/89
f 2093/373/104 2094/374/104 2095/375/104
f 2122/376/105 2123/377/105 2124/378/105
f 2125/71/106 2126/379/106 2127/380/106
f 2254/381/107 2255/382/107 2256/383/107
f 2257/384/108 2258/385/108 2259/386/108
f 2260/387/109 2261/388/109 2262/389/109
f 2263/390/110 2264/391/111 2265/392/112
f 2314/393/113 2315/394/113 2316/395/113
f 2317/396/114 2318/397/114 2319/398/114
f 2462/399/115 2463/400/115 2464/401/115
f 2465/402/116 2466/403/116 2467/404/116
f 2610/324/87 2611/405/87 2612/338/87
f 2613/406/117 2614/407/117 2615/408/117
f 2616/409/118 2617/410/118 2618/411/118
f 2619/412/104 2620/413/104 2621/317/104
f 2622/414/87 2623/415/87 2624/416/87
f 2625/113/119 2626/417/119 2627/111/119
f 2628/418/120 2629/419/120 2630/420/120
f 2631/421/121 2632/422/121 2633/423/121
f 2634/424/122 2635/425/122 2636/426/122
f 2637/427/123 2638/428/123 2639/429/123
f 2640/430/124 2641/431/124 2642/432/124
f 2643/131/104 2644/433/104 2645/434/104
f 2646/435/125 2647/436/125 2648/437/125
f 2649/438/120 2650/439/120 2651/440/120
f 2652/441/121 2653/442/121 2654/443/121
f 2655/444/122 2656/445/122 2657/446/122
f 2658/447/126 2659/448/127 2660/449/128
f 2661/450/129 2662/451/129 2663/320/129
f 2664/452/108 2665/453/108 2666/454/108
f 2667/455/109 2668/456/109 2669/457/109
f 2670/458/120 2671/459/120 2672/460/120
f 2673/461/130 2674/462/131 2675/463/132
f 2676/464/133 2677/394/133 2678/395/133
f 2679/465/134 2680/466/134 2681/467/134
f 2824/468/115 2825/469/115 2826/470/115
f 2827/471/135 2828/472/135 2829/473/135
f 2972/324/87 2973/474/87 2974/338/87
f 2975/475/136 2976/407/136 2977/408/136
f 2978/409/120 2979/476/120 2980/477/120
f 2981/478/104 2982/413/104 2983/317/104
f 2984/414/87 2985/479/87 2986/416/87
f 2987/480/119 2988/481/119 2989/482/119
f 2990/418/120 2991/483/120 2992/420/120
f 2993/484/121 2994/485/121 2995/486/121
f 2996/424/122 2997/487/122 2998/426/122
f 2999/488/109 3000/428/109 3001/429/109
f 3002/489/120 3003/490/120 3004/491/120
f 3005/492/104 3006/493/104 3007/494/104
f 3009/495/137 3011/496/137 3008/497/137
f 3012/498/138 3014/499/138 3015/499/138
f 3016/500/122 3017/501/122 3018/502/122
f 3019/503/139 3020/504/139 3021/217/139
f 3023/505/120 3025/506/120 3022/507/120
f 3026/227/120 3027/226/120 3028/508/120
f 3029/509/121 3030/510/121 3031/511/121
f 3032/324/139 3033/512/139 3034/513/139
f 3035/514/120 3036/515/120 3037/516/120
f 3038/517/121 3039/518/121 3040/519/121
f 3041/520/108 3042/521/108 3043/522/108
f 3044/324/140 3045/523/140 3046/524/140
f 3047/525/141 3048/526/141 3049/527/141
f 3168/528/142 3169/529/142 3170/530/142
f 3173/531/143 3174/532/143 3175/533/143
f 3176/324/144 3177/534/145 3178/338/146
f 3179/535/147 3180/536/147 3181/537/147
f 3182/538/148 3183/539/148 3184/540/148
f 3185/541/149 3186/542/150 3187/543/151
f 3306/544/108 3307/545/108 3308/546/108
f 3309/547/139 3310/548/139 3311/549/139
f 3362/550/108 3363/551/108 3364/552/108
f 3365/553/139 3366/554/139 3367/555/139
f 3418/324/87 3419/556/87 3420/338/87
f 3421/557/117 3422/407/117 3423/408/117
f 3424/558/118 3425/559/118 3426/560/118
f 3427/561/104 3428/413/104 3429/317/104
f 3430/292/152 3431/562/152 3432/290/152
f 3433/563/153 3434/481/153 3435/482/153
f 3436/418/120 3437/564/120 3438/565/120
f 3439/566/121 3440/567/121 3441/568/121
f 3442/424/108 3443/569/108 3444/426/108
f 3445/570/109 3446/428/109 3447/429/109
f 3448/430/120 3449/571/120 3450/572/120
f 3451/573/104 3452/574/104 3453/575/104
f 3458/576/154 3455/577/154 3456/578/154
f 10/321/155 2/2/156 1/1/156
f 2/2/157 4/4/158 3/3/157
f 143/579/159 141/580/160 142/581/160
f 152/582/161 154/583/162 151/584/161
f 196/585/163 198/586/164 195/587/163
f 207/588/165 205/589/166 206/590/166
f 181/591/167 179/592/168 180/593/168
f 126/594/169 128/595/170 125/596/169
f 529/597/171 530/75/172 527/598/171
f 169/599/173 167/600/174 168/601/175
f 222/602/176 224/603/177 221/604/176
f 111/605/178 109/606/179 110/607/180
f 239/608/181 237/609/182 238/610/183
f 318/611/184 316/612/185 317/613/185
f 334/614/186 332/615/187 333/616/188
f 350/617/189 348/618/190 349/619/190
f 518/620/191 520/621/192 517/622/191
f 502/623/193 504/624/194 501/625/193
f 486/626/195 488/627/196 485/628/195
f 94/629/197 96/630/198 93/631/197
f 255/12/199 253/632/200 254/633/200
f 471/634/201 469/635/202 470/636/202
f 549/637/203 547/638/204 548/639/204
f 271/640/205 269/641/206 270/642/206
f 78/643/207 80/644/208 77/645/207
f 290/646/209 292/647/210 289/648/209
f 25/25/211 62/649/212 26/26/211
f 59/650/213 57/651/214 58/652/214
f 43/653/215 41/654/216 42/655/217
f 455/656/218 453/657/219 454/658/219
f 403/659/220 401/660/221 402/661/221
f 444/662/222 446/663/223 443/664/224
f 391/665/225 389/666/226 390/667/226
f 574/668/227 576/669/228 573/670/227
f 418/671/229 420/672/230 417/673/229
f 429/674/231 427/675/232 428/676/233
f 374/677/234 376/678/235 373/679/234
f 715/680/236 713/681/237 714/682/237
f 1081/683/238 1079/684/239 1080/685/239
f 914/127/158 910/686/158 912/687/158
f 938/151/240 934/688/240 936/689/240
f 1720/306/241 1716/690/241 1718/691/241
f 1064/692/242 1066/693/243 1063/694/242
f 1526/695/244 1524/696/245 1525/697/245
f 1542/698/246 1540/699/247 1541/700/247
f 698/701/248 700/702/249 697/703/250
f 1372/704/251 1370/705/252 1371/706/252
f 1124/707/253 1126/708/254 1123/709/255
f 759/710/256 757/711/257 758/712/257
f 1725/713/158 1693/279/258 1692/278/258
f 774/714/259 776/715/260 773/716/259
f 1109/717/261 1107/718/262 1108/719/262
f 1140/720/263 1142/721/264 1139/722/263
f 730/723/265 732/724/266 729/725/265
f 1388/726/267 1386/727/268 1387/728/268
f 742/729/269 744/730/270 741/731/269
f 1098/169/271 1095/732/272 1096/733/272
f 1355/734/273 1357/735/274 1354/736/273
f 1048/737/275 1050/738/276 1047/739/275
f 790/740/277 792/741/278 789/742/277
f 1157/743/279 1155/744/280 1156/745/280
f 682/746/281 684/747/282 681/748/281
f 807/749/283 805/750/284 806/751/284
f 1173/752/285 1171/753/286 1172/754/286
f 890/103/158 886/755/158 888/756/158
f 1696/282/241 1694/280/241 1693/279/241
f 1509/757/287 1511/758/288 1508/759/287
f 823/760/289 821/761/290 822/762/290
f 1557/763/291 1559/764/292 1556/765/291
f 1033/766/293 1031/767/294 1032/768/294
f 1189/769/295 1187/770/296 1188/771/296
f 667/772/297 665/773/298 666/774/298
f 1256/184/158 1257/185/158 1254/182/158
f 1017/775/299 1015/776/300 1016/777/300
f 651/778/301 649/779/302 650/780/302
f 1340/781/303 1338/782/304 1339/783/305
f 1403/784/306 1405/785/307 1402/786/306
f 1591/787/308 1593/788/309 1590/789/308
f 1000/790/310 1002/791/311 999/792/310
f 1683/793/312 1685/794/313 1682/795/312
f 1574/796/314 1572/797/315 1573/798/315
f 635/799/316 633/800/317 634/801/317
f 839/802/318 837/803/319 838/804/319
f 1624/805/320 1622/806/321 1623/807/321
f 603/808/322 601/809/323 602/810/323
f 969/811/324 967/812/325 968/813/325
f 984/814/326 986/815/327 983/816/326
f 1493/817/328 1495/818/329 1492/819/328
f 1435/820/330 1437/821/331 1434/822/332
f 1204/823/333 1206/824/334 1203/825/333
f 1608/826/335 1606/827/336 1607/828/336
f 1651/829/337 1653/830/338 1650/831/337
f 618/832/339 620/833/340 617/834/339
f 1420/835/341 1418/836/342 1419/837/342
f 1237/838/343 1235/839/344 1236/840/344
f 1462/841/345 1459/842/75 1461/843/77
f 871/844/346 869/845/347 870/846/348
f 1478/847/349 1476/848/350 1477/849/350
f 854/850/351 856/851/352 853/852/351
f 1668/853/353 1666/854/354 1667/855/354
f 1220/856/355 1222/857/356 1219/858/355
f 1742/859/357 1749/333/357 1740/860/357
f 1741/325/358 1745/329/358 1742/326/358
f 1861/861/359 1863/862/360 1860/863/359
f 1887/864/361 1889/865/362 1886/866/361
f 1915/867/363 1917/868/364 1914/869/363
f 1942/870/365 1940/871/366 1941/872/366
f 1846/873/367 1844/874/368 1845/875/368
f 1958/876/369 1956/877/370 1957/878/371
f 1973/879/372 1975/880/373 1972/881/372
f 1829/882/374 1831/883/375 1828/884/374
f 2037/885/376 2035/886/377 2036/887/377
f 2053/888/378 2051/889/379 2052/890/379
f 2069/891/380 2067/892/381 2068/893/381
f 2085/894/382 2083/895/383 2084/896/383
f 2237/897/384 2239/898/385 2236/899/384
f 2268/900/386 2266/901/387 2267/902/387
f 2222/903/388 2220/904/389 2221/905/389
f 2205/906/390 2207/907/391 2204/908/390
f 1990/909/392 1988/910/393 1989/911/393
f 1814/912/394 1812/913/395 1813/914/395
f 2189/915/396 2191/916/397 2188/917/396
f 2009/918/398 2011/919/399 2008/920/398
f 2025/921/400 2027/922/401 2024/923/400
f 2283/924/402 2285/925/403 2282/926/402
f 1778/927/404 1776/928/405 1777/929/405
f 2294/930/406 2292/931/407 2293/932/407
f 1760/31/408 1758/340/408 1757/339/408
f 1793/350/409 1798/355/410 1794/351/409
f 2138/933/411 2136/934/412 2137/935/412
f 2163/936/413 2165/937/414 2162/938/413
f 2109/939/415 2111/940/416 2108/941/415
f 2309/942/417 2311/943/418 2308/944/417
f 2799/945/419 2801/946/420 2798/947/419
f 3260/948/421 3258/949/422 3259/950/422
f 2434/951/423 2432/952/424 2433/953/424
f 2996/954/425 2994/485/425 2993/484/425
f 3022/955/426 3020/504/426 3019/503/426
f 3309/956/408 3307/545/408 3306/544/408
f 2449/957/427 2451/958/428 2448/959/427
f 2494/960/429 2492/961/430 2493/962/430
f 2816/963/431 2814/964/432 2815/965/432
f 2843/966/433 2845/967/434 2842/968/433
f 2860/969/435 2858/970/436 2859/971/436
f 3104/972/437 3102/973/438 3103/974/438
f 2784/975/439 2782/976/440 2783/977/440
f 3087/978/441 3089/979/442 3086/980/443
f 2477/981/444 2479/982/445 2476/983/444
f 2417/984/446 2419/985/447 2416/986/446
f 2510/987/448 2508/988/449 2509/989/449
f 2652/138/450 2650/439/450 2649/438/450
f 3276/990/451 3274/991/452 3275/992/453
f 2876/993/454 2874/994/455 2875/995/455
f 3243/996/456 3245/997/457 3242/998/456
f 2525/999/458 2527/1000/459 2524/1001/458
f 2891/1002/460 2893/1003/461 2890/1004/460
f 3119/1005/462 3121/1006/463 3118/1007/462
f 2767/1008/464 2769/1009/465 2766/1010/464
f 2541/1011/466 2543/1012/467 2540/1013/466
f 2907/1014/468 2909/1015/469 2906/1016/468
f 2401/1017/470 2403/1018/471 2400/1019/470
f 3072/1020/472 3070/1021/473 3071/1022/473
f 2751/1023/474 2753/1024/475 2750/1025/476
f 2385/1026/477 2387/1027/478 2384/1028/477
f 2558/1029/479 2556/1030/480 2557/1031/480
f 3369/1032/481 3371/1033/482 3368/1034/483
f 3291/1035/484 3293/1036/485 3290/1037/486
f 2735/1038/487 2737/1039/488 2734/1040/487
f 3357/1041/489 3359/1042/490 3356/1043/489
f 2924/1044/491 2922/1045/492 2923/1046/492
f 3228/1047/493 3226/1048/494 3227/1049/494
f 2370/1050/495 2368/1051/496 2369/1052/496
f 2322/1053/497 2320/1054/498 2321/1055/499
f 3056/1056/500 3054/1057/501 3055/1058/501
f 2687/1059/502 2689/1060/503 2686/1061/502
f 3326/1062/504 3324/1063/505 3325/1064/505
f 3136/1065/506 3134/1066/507 3135/1067/508
f 2606/1068/509 2604/1069/510 2605/1070/510
f 2719/1071/511 2721/1072/512 2718/1073/511
f 2354/1074/513 2352/1075/514 2353/1076/514
f 3168/249/515 3166/1077/516 3167/1078/517
f 2628/114/426 2626/417/426 2625/113/426
f 3430/292/408 3435/294/408 3431/562/408
f 3342/1079/518 3340/1080/519 3341/1081/519
f 2337/1082/520 2339/1083/521 2336/1084/520
f 3152/1085/522 3150/1086/523 3151/1087/523
f 2703/1088/524 2705/1089/525 2702/1090/524
f 3402/1091/526 3400/1092/527 3401/1093/527
f 2574/1094/528 2572/1095/529 2573/1096/529
f 3195/1097/530 3197/1098/531 3194/1099/530
f 2940/1100/532 2938/1101/533 2939/1102/534
f 2955/1103/535 2957/1104/536 2954/1105/535
f 3386/1106/537 3384/1107/538 3385/1108/538
f 3211/1109/539 3213/1110/540 3210/1111/539
f 2589/1112/541 2591/1113/542 2588/1114/541
f 143/579/159 146/1115/543 144/1116/159
f 155/1117/544 154/583/162 153/1118/162
f 199/1119/545 198/586/164 197/1120/164
f 209/1121/546 208/1122/165 207/588/165
f 127/1123/170 130/1124/547 128/595/170
f 183/1125/548 182/1126/167 181/591/167
f 531/76/549 533/78/550 532/77/549
f 365/1127/156 366/63/155 363/1128/156
f 172/49/551 170/1129/173 169/599/173
f 225/1130/552 224/603/177 223/1131/177
f 113/1132/553 112/1133/178 111/605/178
f 239/608/181 242/1134/554 240/1135/181
f 320/1136/555 319/1137/556 318/611/184
f 336/1138/557 335/1139/186 334/614/186
f 350/617/189 353/1140/558 351/1141/189
f 95/1142/198 98/1143/559 96/630/198
f 519/1144/192 522/1145/560 520/621/192
f 505/1146/561 504/624/194 503/1147/194
f 489/1148/562 488/627/196 487/1149/196
f 471/634/201 474/1150/563 472/1151/201
f 255/12/199 258/1152/564 256/1153/199
f 549/637/203 552/1154/565 550/1155/203
f 81/1156/566 80/644/208 79/1157/208
f 271/640/205 274/1158/567 272/1159/205
f 277/1160/568 275/1161/569 276/1162/570
f 291/1163/210 294/1164/571 292/647/210
f 303/1165/572 301/858/573 302/1166/573
f 59/650/213 61/1167/212 60/1168/213
f 457/1169/574 456/1170/218 455/656/218
f 45/1171/575 44/1172/215 43/653/215
f 445/1173/223 448/1174/576 446/663/223
f 393/1175/577 392/1176/225 391/665/225
f 405/1177/578 404/1178/220 403/659/220
f 577/1179/579 576/669/228 575/1180/228
f 431/1181/580 430/1182/231 429/674/231
f 419/1183/230 422/1184/581 420/672/230
f 375/1185/235 378/1186/582 376/678/235
f 717/1187/239 716/1188/236 715/680/236
f 1065/1189/243 1068/1190/583 1066/693/243
f 1526/695/244 1529/1191/584 1527/1192/244
f 914/127/585 916/129/585 915/128/585
f 941/154/241 939/152/241 938/151/241
f 1317/1193/241 1309/232/241 1308/231/241
f 1312/235/158 1310/233/158 1309/232/158
f 1637/273/240 1634/1194/586 1635/1195/586
f 1723/309/158 1721/307/158 1720/306/158
f 1083/1196/587 1082/1197/238 1081/683/238
f 699/1198/249 702/1199/242 700/702/249
f 1544/1200/588 1543/1201/246 1542/698/246
f 1125/1202/254 1128/1203/589 1126/708/254
f 1372/704/251 1375/1204/590 1373/1205/251
f 761/1206/253 760/1207/256 759/710/256
f 1285/211/591 1281/1208/591 3457/1209/591
f 1305/1210/240 1283/1211/240 1282/495/240
f 1298/224/592 3457/1209/592 1283/1211/592
f 1111/590/593 1110/1212/261 1109/717/261
f 775/1213/260 778/1214/594 776/715/260
f 1141/1215/264 1144/609/595 1142/721/264
f 745/1216/596 744/730/270 743/1217/270
f 1356/1218/274 1359/1219/597 1357/735/274
f 731/1220/266 734/1221/272 732/724/266
f 1051/1222/598 1050/738/276 1049/1223/276
f 1390/1224/599 1389/1225/600 1388/726/267
f 793/1226/601 792/741/278 791/1227/278
f 683/1228/282 686/1229/602 684/747/282
f 1159/633/603 1158/1230/279 1157/743/279
f 1512/1231/604 1511/758/288 1510/1232/605
f 809/1233/606 808/1234/283 807/749/283
f 1175/1235/607 1174/1236/285 1173/752/285
f 890/103/585 892/105/585 891/104/585
f 1699/285/158 1697/283/158 1696/282/158
f 1035/1237/608 1034/1238/293 1033/766/293
f 825/1239/609 824/1240/289 823/760/289
f 669/1241/294 668/1242/297 667/772/297
f 1560/1243/610 1559/764/292 1558/1244/292
f 1191/1245/611 1190/1246/295 1189/769/295
f 1019/1247/612 1018/1248/299 1017/775/299
f 653/1249/613 652/1250/301 651/778/301
f 1340/781/303 1343/1251/614 1341/1252/615
f 1404/1253/616 1407/1254/617 1405/785/307
f 954/167/618 956/631/619 952/165/618
f 1592/1255/309 1595/1256/620 1593/788/309
f 1001/1257/311 1004/1258/621 1002/791/311
f 1684/1259/313 1687/1260/622 1685/794/313
f 637/1261/310 636/1262/623 635/799/316
f 1626/1263/624 1625/1264/320 1624/805/320
f 1326/1265/625 1323/1266/626 1325/1267/626
f 1576/1268/627 1575/1269/314 1574/796/314
f 1496/1270/628 1495/818/329 1494/1271/629
f 605/1272/630 604/1273/322 603/808/322
f 839/802/318 842/1274/333 840/1275/318
f 1239/1276/631 1238/1277/343 1237/838/343
f 985/1278/327 988/1279/632 986/815/327
f 971/1280/633 970/1281/324 969/811/324
f 1261/189/241 1259/187/241 1258/186/241
f 1438/1282/634 1437/821/635 1436/1283/635
f 619/1284/340 622/1285/326 620/833/340
f 1610/1286/636 1609/1287/335 1608/826/335
f 1422/1288/637 1421/1289/341 1420/835/341
f 1205/1290/334 1208/1291/638 1206/824/334
f 1652/1292/338 1655/1293/639 1653/830/338
f 873/1294/344 872/1295/346 871/844/346
f 1464/1296/640 1463/1297/345 1462/841/345
f 1670/1298/641 1669/1299/353 1668/853/353
f 1480/1300/642 1479/1301/349 1478/847/349
f 855/1302/352 858/1303/355 856/851/352
f 1223/1304/643 1222/857/356 1221/1305/644
f 5/5/241 7/7/241 6/6/241
f 1864/1306/645 1863/862/360 1862/1307/360
f 1918/1308/646 1917/868/364 1916/1309/364
f 1888/1310/647 1891/1311/648 1889/865/362
f 1944/1312/649 1943/1313/650 1942/870/365
f 1846/873/367 1849/1314/651 1847/1315/367
f 1960/1316/652 1959/1317/369 1958/876/369
f 1830/1318/375 1833/1319/653 1831/883/375
f 2037/885/376 2040/1320/654 2038/1321/376
f 2055/1322/655 2054/1323/378 2053/888/378
f 2069/891/380 2072/1324/656 2070/1325/380
f 1976/1326/657 1975/880/373 1974/1327/373
f 2240/1328/658 2239/898/385 2238/1329/385
f 2224/1330/659 2223/1331/388 2222/903/388
f 2208/1332/660 2207/907/391 2206/1333/391
f 2270/1334/661 2269/1335/386 2268/900/386
f 1816/1336/662 1815/1337/394 1814/912/394
f 1990/909/392 1993/1338/663 1991/1339/392
f 2190/1340/397 2193/1341/664 2191/916/397
f 2010/1342/399 2013/1343/665 2011/919/399
f 2026/1344/401 2029/1345/666 2027/922/401
f 1799/356/667 1798/355/668 1797/354/668
f 1780/1346/669 1779/1347/404 1778/927/404
f 1763/34/425 1762/1348/425 1761/1349/425
f 2284/1350/403 2287/1351/670 2285/925/403
f 2296/1352/671 2295/1353/406 2294/930/406
f 2164/1354/414 2167/1355/672 2165/937/414
f 2110/1356/416 2113/1357/673 2111/940/416
f 2138/933/411 2141/1358/674 2139/1359/411
f 2310/1360/418 2313/1361/675 2311/943/418
f 2800/1362/420 2803/1363/676 2801/946/420
f 2436/1364/419 2435/1365/423 2434/951/423
f 3260/948/421 3263/1366/677 3261/1367/421
f 2655/141/425 2654/1368/425 2653/1369/425
f 2999/1370/408 2998/1371/408 2997/1372/408
f 3312/1373/678 3311/1374/426 3310/1375/426
f 2452/1376/432 2451/958/428 2450/1377/428
f 2786/1378/679 2785/1379/439 2784/975/439
f 2844/1380/434 2847/871/680 2845/967/434
f 2496/1381/681 2495/1382/682 2494/960/429
f 3088/1383/442 3091/1384/683 3089/979/442
f 2478/1385/684 2481/1386/433 2479/982/445
f 2862/1387/685 2861/1388/435 2860/969/435
f 3106/1389/686 3105/1390/687 3104/972/437
f 3006/493/426 2972/1391/426 2974/1392/426
f 2818/1393/688 2817/1394/431 2816/963/431
f 2418/1395/447 2421/1396/440 2419/985/447
f 3244/1397/457 3247/1398/689 3245/997/457
f 2510/987/448 2513/1399/690 2511/1400/448
f 2827/471/691 2831/1401/692 2828/472/691
f 2878/1402/693 2877/1403/454 2876/993/454
f 3278/1404/694 3277/1405/695 3276/990/451
f 2526/1406/459 2529/1407/696 2527/1000/459
f 2892/1408/461 2895/910/697 2893/1003/461
f 2768/1409/465 2771/1410/698 2769/1009/465
f 3074/1411/699 3073/1412/472 3072/1020/472
f 2973/1413/408 2977/1414/408 2974/1392/408
f 2542/1415/467 2545/1416/700 2543/1012/467
f 2402/1417/471 2405/1418/464 2403/1018/471
f 2908/1419/469 2911/1420/701 2909/1015/469
f 3120/1421/463 3123/1422/702 3121/1006/463
f 2752/1423/475 2755/1424/703 2753/1024/475
f 2386/1425/478 2389/1426/476 2387/1027/478
f 3358/1427/490 3361/1428/704 3359/1042/490
f 3230/1429/705 3229/1430/493 3228/1047/493
f 2736/1431/488 2739/1432/706 2737/1039/488
f 2560/1433/707 2559/1434/479 2558/1029/479
f 2372/1435/708 2371/1436/495 2370/1050/495
f 3292/1437/485 3295/1438/709 3293/1036/485
f 2678/395/710 2971/1439/711 2676/464/710
f 3174/532/712 3044/1440/712 3046/1441/712
f 3056/1056/500 3059/1442/713 3057/1443/714
f 3370/1444/482 3373/1445/715 3371/1033/482
f 2924/1044/491 2927/1446/716 2925/1447/491
f 2324/1448/717 2323/1449/497 2322/1053/497
f 2608/1450/718 2607/1451/509 2606/1068/509
f 2720/1452/512 2723/1453/719 2721/1072/512
f 2688/1454/503 2691/884/720 2689/1060/503
f 3328/1455/721 3327/1456/504 3326/1062/504
f 2356/1457/722 2355/1458/513 2354/1074/513
f 3138/1459/723 3137/1460/506 3136/1065/506
f 3344/1461/724 3343/1462/518 3342/1079/518
f 3404/1463/725 3403/1464/526 3402/1091/526
f 2631/117/450 2630/1465/450 2629/116/450
f 3436/296/426 3435/294/426 3434/295/426
f 2338/1466/521 2341/1467/524 2339/1083/521
f 3154/1468/726 3153/1469/522 3152/1085/522
f 2706/875/727 2705/1089/525 2704/1470/525
f 2576/1471/534 2575/1472/528 2574/1094/528
f 2956/1473/536 2959/1474/728 2957/1104/536
f 3196/1475/531 3199/1476/729 3197/1098/531
f 3212/1477/540 3215/1478/730 3213/1110/540
f 2942/1479/731 2941/1480/532 2940/1100/532
f 2590/1481/542 2593/1482/535 2591/1113/542
f 3388/1483/732 3387/1484/537 3386/1106/537
f 1746/330/450 1745/329/450 1744/328/450
f 12/1485/171 9/9/171 8/8/171
f 155/1117/544 158/1486/733 156/1487/544
f 211/1488/734 210/1489/546 209/1121/546
f 129/1490/735 132/1491/736 130/1124/547
f 185/1492/737 184/1493/548 183/1125/548
f 534/79/158 536/81/32 535/80/158
f 227/1494/738 226/1495/552 225/1130/552
f 115/1496/739 114/1497/553 113/1132/553
f 241/1498/554 244/1499/740 242/1134/554
f 320/1136/555 323/1500/741 321/1501/742
f 336/1138/557 339/1502/743 337/1503/557
f 352/1504/558 355/1505/744 353/1140/558
f 97/1506/745 100/1507/746 98/1143/559
f 521/1508/560 524/1509/747 522/1145/560
f 505/1146/561 508/1510/748 506/1511/561
f 491/1512/749 490/1513/562 489/1148/562
f 475/1514/750 474/1150/563 473/1515/563
f 257/1516/564 260/1517/751 258/1152/564
f 83/1518/752 82/1519/753 81/1156/566
f 551/1520/565 554/1521/754 552/1154/565
f 277/1160/568 280/1522/755 278/1523/756
f 295/1524/757 294/1164/571 293/1525/571
f 457/1169/574 460/1526/758 458/1527/574
f 45/1171/575 48/1528/759 46/1529/575
f 449/1530/760 448/1174/576 447/1531/576
f 393/1175/577 395/66/761 394/1532/577
f 407/1533/762 406/1534/578 405/1177/578
f 433/1535/763 432/1536/580 431/1181/580
f 579/1537/764 578/1538/579 577/1179/579
f 377/1539/582 380/1540/765 378/1186/582
f 423/1541/766 422/1184/581 421/1542/581
f 1528/1543/584 1531/1544/767 1529/1191/584
f 1067/1545/583 1070/1546/768 1068/1190/583
f 719/1547/238 718/1548/239 717/1187/239
f 944/157/158 942/155/158 941/154/158
f 1289/215/240 1287/213/240 1286/212/240
f 3457/1209/592 1301/223/769 1297/221/592
f 1315/238/585 1313/236/585 1312/235/585
f 1640/276/241 1638/274/241 1637/273/241
f 1723/309/585 1726/1549/585 1724/310/585
f 701/1550/242 704/1551/243 702/1199/242
f 1085/1552/770 1084/1553/587 1083/1196/587
f 761/1206/253 764/1554/254 762/1555/253
f 1374/1556/590 1377/1557/771 1375/1204/590
f 1127/602/589 1130/603/772 1128/1203/589
f 1544/1200/588 1547/1558/773 1545/1559/588
f 1113/588/774 1112/589/593 1111/590/593
f 747/1560/775 746/1561/596 745/1216/596
f 777/1562/263 780/1563/776 778/1214/594
f 1360/1564/777 1359/1219/597 1358/1565/597
f 1053/1566/778 1052/1567/598 1051/1222/598
f 1145/608/779 1144/609/595 1143/610/595
f 736/91/271 734/1221/272 733/1568/272
f 685/1569/602 688/1570/780 686/1229/602
f 1392/1571/781 1391/1572/782 1390/1224/599
f 795/1573/783 794/1574/601 793/1226/601
f 1514/1575/784 1513/1576/604 1512/1231/604
f 1161/12/785 1160/1577/603 1159/633/603
f 811/1578/786 810/1579/606 809/1233/606
f 1177/1580/787 1176/1581/607 1175/1235/607
f 1699/285/585 1701/287/585 1700/286/585
f 1037/1582/788 1036/1583/608 1035/1237/608
f 671/1584/293 670/1585/294 669/1241/294
f 827/1586/789 826/1587/609 825/1239/609
f 893/106/158 895/108/158 894/107/158
f 1562/1588/790 1561/1589/791 1560/1243/610
f 1344/1590/792 1343/1251/614 1342/1591/793
f 1021/1592/794 1020/1593/612 1019/1247/612
f 655/1594/299 654/1595/613 653/1249/613
f 1191/1245/611 1194/1161/795 1192/1596/611
f 1686/1597/622 1689/1598/796 1687/1260/622
f 1003/1599/621 1006/1600/797 1004/1258/621
f 955/1601/619 958/630/798 956/631/619
f 1406/1602/617 1409/1603/799 1407/1254/617
f 637/1261/310 640/1604/311 638/1605/310
f 1594/1606/620 1597/1607/800 1595/1256/620
f 1628/1608/801 1627/1609/802 1626/1263/624
f 1326/1265/625 1329/1610/803 1327/1611/804
f 1498/1612/805 1497/1613/806 1496/1270/628
f 1239/1276/631 1242/1614/807 1240/1615/808
f 1578/1616/809 1577/1617/627 1576/1268/627
f 987/1618/632 990/1619/810 988/1279/632
f 607/1620/811 606/1621/630 605/1272/630
f 1450/255/70 1578/1616/809 1451/256/71
f 1264/192/158 1262/190/158 1261/189/158
f 621/1622/326 624/1623/812 622/1285/326
f 1438/1282/634 1441/1624/813 1439/1625/814
f 973/1626/815 972/606/633 971/1280/633
f 841/1627/333 844/1628/816 842/1274/333
f 875/1629/817 874/1630/344 873/1294/344
f 1612/1631/818 1611/1632/636 1610/1286/636
f 1422/1288/637 1425/1633/819 1423/1634/637
f 1207/1635/638 1210/647/820 1208/1291/638
f 1654/1636/639 1657/1637/821 1655/1293/639
f 1464/1296/640 1467/1638/822 1465/1639/640
f 1672/1640/823 1671/1641/641 1670/1298/641
f 1225/1642/824 1224/1643/643 1223/1304/643
f 1480/1300/642 1483/1644/825 1481/1645/642
f 857/1646/355 860/1647/356 858/1303/355
f 1751/335/826 1748/332/827 1747/331/827
f 1875/1648/828 1877/1649/829 1874/1650/828
f 1864/1306/645 1867/1651/830 1865/1652/831
f 1930/1653/832 1928/1654/833 1929/1655/833
f 1920/1656/834 1919/1657/646 1918/1308/646
f 1890/1658/648 1893/1659/835 1891/1311/648
f 1946/1660/836 1945/1661/649 1944/1312/649
f 1904/1662/837 1902/363/838 1901/362/838
f 1848/1663/651 1851/1664/839 1849/1314/651
f 1962/1665/840 1961/1666/652 1960/1316/652
f 1832/1667/653 1835/1668/841 1833/1319/653
f 2041/1669/842 2040/1320/654 2039/1670/654
f 2057/1671/843 2056/1672/655 2055/1322/655
f 2071/1673/656 2074/1674/844 2072/1324/656
f 1978/1675/845 1977/1676/657 1976/1326/657
f 2242/1677/846 2241/1678/658 2240/1328/658
f 2224/1330/659 2227/1679/847 2225/1680/659
f 2210/1681/848 2209/1682/660 2208/1332/660
f 2272/1683/849 2271/1684/850 2270/1334/661
f 1816/1336/662 1819/1685/851 1817/1686/662
f 2194/1687/852 2193/1341/664 2192/1688/664
f 1994/1689/853 1993/1338/663 1992/1690/663
f 2012/1691/665 2015/1692/854 2013/1343/665
f 1800/357/98 1803/1693/855 1801/358/99
f 1780/1346/669 1783/1694/856 1781/1695/669
f 1764/36/450 1767/1696/857 1765/1697/450
f 2288/1698/858 2287/1351/670 2286/1699/670
f 2296/1352/671 2299/1700/859 2297/1701/671
f 2168/1702/860 2167/1355/672 2166/1703/672
f 2112/1704/673 2115/1705/861 2113/1357/673
f 2142/1706/862 2141/1358/674 2140/1707/863
f 2152/1708/864 2150/1709/865 2151/1710/865
f 2436/1364/419 2439/1711/420 2437/1712/419
f 2802/1713/676 2805/1714/866 2803/1363/676
f 3262/1715/677 3265/1716/867 3263/1366/677
f 2634/1717/425 2633/118/425 2632/1718/425
f 2658/144/126 2657/1719/408 2656/143/408
f 3002/1720/426 3001/1721/426 3000/1722/426
f 3308/546/425 3416/1723/868 3417/1724/868
f 2788/1725/869 2787/1726/679 2786/1378/679
f 2846/872/680 2849/1313/870 2847/871/680
f 2454/1727/431 2453/1728/432 2452/1376/432
f 3090/1729/683 3093/1730/871 3091/1384/683
f 2480/1731/433 2483/1732/434 2481/1386/433
f 2498/1733/872 2497/1734/681 2496/1381/681
f 2422/1735/439 2421/1396/440 2420/1736/440
f 2864/876/873 2863/877/685 2862/1387/685
f 3246/1737/689 3249/1738/874 3247/1398/689
f 3108/1739/875 3107/1740/686 3106/1389/686
f 2820/1309/876 2819/1741/688 2818/1393/688
f 2832/1742/877 2831/1401/692 2830/1743/692
f 2514/1744/454 2513/1399/690 2512/1745/878
f 2880/1746/879 2879/881/693 2878/1402/693
f 3280/1747/880 3279/1748/694 3278/1404/694
f 3076/1749/881 3075/1750/699 3074/1411/699
f 2772/1310/882 2771/1410/698 2770/864/698
f 2528/1751/696 2531/1752/883 2529/1407/696
f 2894/1753/697 2897/1339/884 2895/910/697
f 2404/1754/464 2407/1755/465 2405/1418/464
f 2978/1756/426 2977/1414/426 2976/1757/426
f 2544/1758/700 2547/1759/885 2545/1416/700
f 2910/1760/701 2913/1761/886 2911/1420/701
f 2754/1762/703 2757/1763/887 2755/1424/703
f 3124/1764/888 3123/1422/702 3122/1765/702
f 2388/1766/476 2391/1767/475 2389/1426/476
f 3232/1768/889 3231/1769/705 3230/1429/705
f 3314/1770/890 3313/1771/678 3312/1373/678
f 2738/1772/706 2741/317/891 2739/1432/706
f 2372/1435/708 2375/1773/892 2373/1774/893
f 2562/1775/894 2561/1776/707 2560/1433/707
f 3058/1777/713 3061/1778/895 3059/1442/713
f 3294/1779/709 3297/1780/896 3295/1438/709
f 2324/1448/717 2327/1781/897 2325/1782/717
f 2722/861/719 2725/1783/898 2723/1453/719
f 3372/1784/715 3375/1785/899 3373/1445/715
f 2926/1786/716 2929/1787/900 2927/1446/716
f 2356/1457/722 2359/1788/901 2357/1789/722
f 2690/882/902 2693/1790/903 2691/884/720
f 3406/1791/904 3405/1792/725 3404/1463/725
f 3346/1793/905 3345/1794/724 3344/1461/724
f 3328/1455/721 3331/1795/906 3329/1796/721
f 3138/1459/723 3141/1797/907 3139/1798/908
f 3439/299/450 3438/1799/450 3437/298/450
f 3156/1800/909 3155/1801/726 3154/1468/726
f 2708/873/910 2707/874/727 2706/875/727
f 2340/1802/524 2343/1803/911 2341/1467/524
f 2958/1804/728 2961/1805/912 2959/1474/728
f 3214/1806/730 3217/1807/913 3215/1478/730
f 3200/1808/914 3199/1476/729 3198/1809/729
f 2578/1810/532 2577/1811/534 2576/1471/534
f 2592/1812/535 2595/1813/536 2593/1482/535
f 2944/1344/915 2943/1814/731 2942/1479/731
f 3390/1815/916 3389/1816/732 3388/1483/732
f 3179/535/917 3184/1817/918 3180/536/917
f 157/1818/733 160/1819/919 158/1486/733
f 133/1820/920 132/1491/736 131/1821/736
f 213/1822/921 212/1823/734 211/1488/734
f 187/1824/922 186/1825/737 185/1492/737
f 305/54/923 367/64/924 306/55/923
f 362/1826/240 358/1827/240 360/1828/240
f 227/1494/738 230/1829/925 228/1830/738
f 115/1496/739 118/1831/926 116/1832/739
f 243/1833/740 246/1834/927 244/1499/740
f 308/1835/928 307/56/929 306/55/929
f 324/1836/930 323/1500/741 322/1837/741
f 340/1838/931 339/1502/743 338/1839/743
f 101/1840/932 100/1507/746 99/1841/746
f 354/1842/744 357/896/933 355/1505/744
f 539/1843/934 538/83/34 537/82/33
f 507/1844/748 510/897/935 508/1510/748
f 491/1512/749 494/905/936 492/1845/749
f 477/1846/937 476/1847/750 475/1514/750
f 259/1848/751 262/1849/938 260/1517/751
f 85/1850/939 84/1851/752 83/1518/752
f 461/1852/940 460/1526/758 459/1853/758
f 281/1854/941 280/1522/755 279/1855/755
f 555/1856/942 554/1521/754 553/1857/943
f 295/1524/757 298/1858/944 296/1859/757
f 304/1860/945 64/38/946 63/37/946
f 67/40/947 65/1861/948 64/1862/949
f 47/1863/759 50/929/950 48/1528/759
f 565/1864/951 563/1865/952 564/1866/952
f 409/1867/953 408/1868/762 407/1533/762
f 435/1869/954 434/1870/763 433/1535/763
f 379/1871/955 382/939/956 380/1540/765
f 581/1872/957 580/1873/764 579/1537/764
f 370/1874/958 586/1875/959 369/1876/958
f 1530/1877/767 1533/950/960 1531/1544/767
f 1069/1878/768 1072/1879/961 1070/1546/768
f 703/1880/243 706/953/583 704/1551/243
f 1292/218/241 1290/216/241 1289/215/241
f 1319/521/240 1316/239/240 1315/238/240
f 1642/1881/962 1641/277/158 1640/276/158
f 721/959/587 720/1882/238 719/1547/238
f 1085/1552/770 1088/1883/963 1086/1884/770
f 763/1885/254 766/962/589 764/1554/254
f 1376/1886/771 1379/974/964 1377/1557/771
f 1129/1131/772 1132/1887/965 1130/603/772
f 1115/1121/966 1114/1888/774 1113/588/774
f 749/1889/593 748/1890/775 747/1560/775
f 1362/1891/967 1361/1892/968 1360/1564/777
f 1055/1893/969 1054/1894/778 1053/1566/778
f 1546/1895/773 1549/992/970 1547/1558/773
f 779/1896/776 782/989/971 780/1563/776
f 1147/1498/972 1146/1897/779 1145/608/779
f 923/136/158 919/435/158 921/1898/158
f 920/1899/973 948/1900/56 921/1898/973
f 689/986/974 688/1570/780 687/1901/780
f 1516/1902/975 1515/1903/784 1514/1575/784
f 1394/1904/976 1393/1905/977 1392/1571/781
f 797/1906/978 796/1907/783 795/1573/783
f 1163/1516/979 1162/1908/785 1161/12/785
f 813/1013/980 812/1909/786 811/1578/786
f 1179/1910/981 1178/1159/787 1177/1580/787
f 1039/1911/982 1038/583/788 1037/1582/788
f 673/1912/608 672/1913/293 671/1584/293
f 1346/1914/983 1345/1915/792 1344/1590/792
f 1702/288/158 1704/290/158 1703/289/158
f 829/1916/984 828/1917/789 827/1586/789
f 1023/1918/985 1022/1919/986 1021/1592/794
f 657/1920/612 656/1921/299 655/1594/299
f 1564/1922/987 1563/1923/790 1562/1588/790
f 1688/1924/988 1691/1724/989 1689/1598/796
f 1193/1925/795 1196/1926/990 1194/1161/795
f 1005/1927/797 1008/1928/991 1006/1600/797
f 592/1929/992 594/1055/993 590/1930/992
f 1630/1931/994 1629/1932/801 1628/1608/801
f 639/1933/311 642/1052/621 640/1604/311
f 1498/1612/805 1501/1049/995 1499/1934/996
f 957/1935/798 960/1936/997 958/630/798
f 1328/1937/803 1331/1058/998 1329/1610/803
f 1241/1938/807 1244/1939/999 1242/1614/807
f 1410/1940/1000 1409/1603/799 1408/1941/1001
f 1596/1942/800 1599/1064/1002 1597/1607/800
f 944/157/585 947/1943/55 945/158/585
f 989/1944/810 992/1945/1003 990/1619/810
f 877/1946/808 876/1947/817 875/1629/817
f 623/1948/812 626/1076/632 624/1623/812
f 1440/1949/813 1443/1078/1004 1441/1624/813
f 609/1950/1005 608/1951/811 607/1620/811
f 899/112/241 897/110/241 896/109/241
f 1267/195/585 1265/193/585 1264/192/585
f 1612/1631/818 1615/1081/1006 1613/1952/818
f 975/1953/1007 974/1954/815 973/1626/815
f 1424/1955/819 1427/1087/1008 1425/1633/819
f 843/1956/1009 846/1096/638 844/1628/816
f 1674/1092/1010 1673/1957/1011 1672/1640/823
f 1468/1958/1012 1467/1638/822 1466/1959/822
f 1209/1960/820 1212/1961/1013 1210/647/820
f 1656/1962/821 1659/1108/1014 1657/1637/821
f 1227/1963/1015 1226/1964/824 1225/1642/824
f 1484/1965/1016 1483/1644/825 1482/1966/825
f 861/1967/643 860/1647/356 859/1968/644
f 1878/1969/1017 1877/1649/829 1876/1970/1018
f 1866/1971/830 1869/1972/1019 1867/1651/830
f 1932/1973/1020 1931/1974/1021 1930/1653/832
f 1922/1975/1022 1921/320/834 1920/1656/834
f 1892/1976/835 1895/1977/1023 1893/1659/835
f 1948/1978/1024 1947/1979/836 1946/1660/836
f 1904/1662/837 1907/1980/1025 1905/1981/837
f 1852/1982/1026 1851/1664/839 1850/1983/839
f 1964/1984/1027 1963/1985/840 1962/1665/840
f 1834/1986/1028 1837/1987/1029 1835/1668/841
f 2043/612/1030 2042/1988/842 2041/1669/842
f 2059/615/1031 2058/1989/843 2057/1671/843
f 2073/1990/844 2076/1991/1032 2074/1674/844
f 2253/1992/1033 2256/1993/1034 2252/1994/1033
f 1978/1675/845 1981/1995/1035 1979/1996/845
f 2244/622/1036 2243/1997/846 2242/1677/846
f 2226/1998/847 2229/1999/1037 2227/1679/847
f 2212/628/1038 2211/2000/848 2210/1681/848
f 1818/2001/1039 1821/2002/1040 1819/1685/851
f 2272/1683/849 2275/2003/1041 2273/2004/849
f 2196/635/1042 2195/2005/852 2194/1687/852
f 1994/1689/853 1997/2006/1043 1995/2007/853
f 1804/2008/1044 1803/1693/855 1802/2009/855
f 2014/2010/854 2017/2011/1045 2015/1692/854
f 1782/2012/856 1785/2013/1046 1783/1694/856
f 1766/2014/857 1769/2015/1047 1767/1696/857
f 2180/657/1048 2178/2016/1049 2179/2017/1049
f 2128/660/1050 2126/379/1051 2125/71/1051
f 2170/664/1052 2169/2018/860 2168/1702/860
f 2114/2019/861 2117/2020/1053 2115/1705/861
f 2300/670/1054 2299/1700/859 2298/2021/859
f 2144/673/1055 2143/2022/862 2142/1706/862
f 2154/675/1056 2153/2023/864 2152/1708/864
f 2099/2024/1057 2101/2025/1058 2098/2026/1057
f 2438/2027/420 2441/2028/676 2439/1711/420
f 2804/2029/866 2807/2030/1059 2805/1714/866
f 2637/2031/408 2636/2032/408 2635/122/408
f 2661/2033/1060 2660/2034/128 2659/146/127
f 3007/494/450 3004/2035/450 3003/2036/450
f 3442/2037/425 3441/2038/425 3440/301/425
f 3264/2039/867 3267/2040/1061 3265/1716/867
f 2790/2041/1062 2789/2042/869 2788/1725/869
f 2424/703/679 2423/2043/439 2422/1735/439
f 3248/2044/874 3251/2045/1063 3249/1738/874
f 2848/870/870 2851/1661/1064 2849/1313/870
f 3092/2046/1065 3095/2047/1066 3093/1730/871
f 2482/2048/434 2485/2049/680 2483/1732/434
f 2500/716/685 2499/2050/872 2498/1733/872
f 2644/433/426 2610/96/426 2612/2051/426
f 3029/2052/450 3027/226/450 3026/227/450
f 2456/725/1067 2455/2053/431 2454/1727/431
f 2866/1316/1068 2865/1317/873 2864/876/873
f 3110/727/1069 3109/2054/875 3108/1739/875
f 2832/1742/877 2835/1654/1070 2833/2055/877
f 2822/1308/1071 2821/2056/876 2820/1309/876
f 2465/402/1072 2469/2057/1073 2466/403/1072
f 2516/742/1074 2515/2058/454 2514/1744/454
f 3078/736/1075 3077/2059/881 3076/1749/881
f 2880/1746/879 2883/1676/1076 2881/880/879
f 2774/1658/1077 2773/2060/882 2772/1310/882
f 2530/2061/883 2533/2062/1078 2531/1752/883
f 2406/2063/465 2409/2064/1079 2407/1755/465
f 2896/909/884 2899/1338/1080 2897/1339/884
f 3282/765/1081 3281/2065/1082 3280/1747/880
f 2611/98/408 2615/756/408 2612/2051/408
f 2981/2066/450 2980/2067/450 2979/2068/450
f 2546/2069/885 2549/2070/1083 2547/1759/885
f 2912/2071/886 2915/2072/1084 2913/1761/886
f 3234/759/1085 3233/2073/1086 3232/1768/889
f 2756/2074/887 2759/2075/1087 2757/1763/887
f 2390/2076/475 2393/2077/703 2391/1767/475
f 3126/786/1088 3125/2078/888 3124/1764/888
f 2740/2079/891 2743/2080/1089 2741/317/891
f 2374/2081/892 2377/2082/1090 2375/1773/892
f 3316/789/1091 3315/2083/890 3314/1770/890
f 3060/2084/1092 3063/2085/1093 3061/1778/895
f 2316/2086/710 2608/1450/718 2314/2087/710
f 3296/2088/1094 3299/2089/1095 3297/1780/896
f 2562/1775/894 2565/2090/716 2563/2091/894
f 2724/1307/898 2727/2092/1096 2725/1783/898
f 3408/795/1097 3407/2093/904 3406/1791/904
f 2358/2094/901 2361/801/719 2359/1788/901
f 2326/2095/897 2329/2096/1098 2327/1781/897
f 3346/1793/905 3349/2097/1099 3347/2098/905
f 3374/2099/899 3377/2100/1100 3375/1785/899
f 2692/1318/903 2695/2101/1101 2693/1790/903
f 2930/2102/1102 2929/1787/900 2928/1342/900
f 3169/2103/1103 3172/2104/1103 3170/2105/1103
f 3330/2106/906 3333/2107/1104 3331/1795/906
f 3140/2108/907 3143/2109/1105 3141/1797/907
f 2710/2110/1106 2709/2111/910 2708/873/910
f 3158/822/1107 3157/2112/909 3156/1800/909
f 2344/834/1108 2343/1803/911 2342/2113/911
f 3218/819/1109 3217/1807/913 3216/2114/913
f 2960/2115/912 2963/2116/1110 2961/1805/912
f 3185/2117/149 3184/1817/1111 3183/263/1111
f 2594/2118/536 2597/2119/728 2595/1813/536
f 3200/1808/914 3203/2120/1112 3201/2121/914
f 2580/852/731 2579/2122/532 2578/1810/532
f 3390/1815/916 3393/2123/1113 3391/2124/916
f 2946/2125/1114 2945/2126/915 2944/1344/915
f 22/22/549 14/14/1115 13/13/1115
f 17/17/923 15/2127/924 14/2128/924
f 135/2129/1116 134/2130/920 133/1820/920
f 161/2131/1117 160/1819/919 159/2132/1118
f 189/2133/1119 188/2134/922 187/1824/922
f 213/1822/921 216/2135/1120 214/2136/921
f 117/2137/926 120/2138/1121 118/1831/926
f 229/2139/925 232/2140/1122 230/1829/925
f 245/2141/927 248/2142/1123 246/1834/927
f 101/1840/932 104/2143/1124 102/2144/932
f 308/1835/928 311/885/1125 309/887/928
f 324/1836/930 327/888/1126 325/890/930
f 340/1838/931 343/891/1127 341/893/1128
f 356/2145/933 359/2146/1129 357/896/933
f 509/2147/935 512/1329/1130 510/897/935
f 539/1843/934 542/900/1131 540/902/934
f 493/2148/936 496/903/1132 494/905/936
f 479/2149/1133 478/906/937 477/1846/937
f 261/2150/938 264/2151/1134 262/1849/938
f 85/1850/939 88/2152/1135 86/2153/939
f 463/2154/1136 462/915/940 461/1852/940
f 283/2155/1137 282/2156/941 281/1854/941
f 299/208/1138 298/1858/944 297/2157/944
f 557/2158/1139 556/924/942 555/1856/942
f 49/2159/950 52/927/1140 50/929/950
f 565/1864/951 568/930/1141 566/932/951
f 32/2160/550 33/31/550 30/339/550
f 67/40/1142 69/42/1143 68/41/1144
f 409/1867/953 412/933/1145 410/935/953
f 437/2161/1146 436/936/954 435/1869/954
f 383/2162/1147 382/939/956 381/2163/956
f 583/2164/1148 582/942/957 581/1872/957
f 1073/2165/1149 1072/1879/961 1071/2166/961
f 1532/2167/960 1535/948/1150 1533/950/960
f 705/2168/583 708/951/768 706/953/583
f 1270/198/240 1268/196/240 1267/195/240
f 1297/221/158 1293/219/158 1292/218/158
f 1584/270/241 1580/544/241 1582/545/241
f 723/2169/1151 722/957/587 721/959/587
f 765/2170/589 768/960/772 766/962/589
f 1087/2171/963 1090/1825/1152 1088/1883/963
f 1117/1488/1153 1116/2172/966 1115/1121/966
f 1131/1130/965 1134/2173/1154 1132/1887/965
f 1378/2174/964 1381/972/1155 1379/974/964
f 1055/1893/969 1058/2175/1156 1056/2176/969
f 1364/2177/1157 1363/978/967 1362/1891/967
f 751/2178/1158 750/981/593 749/1889/593
f 691/985/778 690/984/974 689/986/974
f 781/2179/971 784/987/779 782/989/971
f 926/139/585 924/137/585 923/136/585
f 1548/2180/1159 1551/990/1160 1549/992/970
f 1147/1498/972 1150/2181/1161 1148/1134/972
f 1518/2182/1162 1517/996/1163 1516/1902/975
f 799/2183/1164 798/999/978 797/1906/978
f 1165/1848/1165 1164/2184/979 1163/1516/979
f 1396/2185/1166 1395/1005/976 1394/1904/976
f 1041/2186/1167 1040/1487/982 1039/1911/982
f 815/1012/1168 814/1011/980 813/1013/980
f 1181/2187/1169 1180/1158/981 1179/1910/981
f 675/1018/1170 674/1017/608 673/1912/608
f 1346/1914/983 1349/1020/1171 1347/1022/983
f 1025/2188/1172 1024/2189/985 1023/1918/985
f 659/2190/986 658/1026/612 657/1920/612
f 829/1916/984 832/1029/1173 830/1031/984
f 1644/2191/1174 1643/1032/1175 1642/1881/962
f 1566/2192/1176 1565/1035/1177 1564/1922/987
f 1009/2193/1178 1008/1928/991 1007/2194/991
f 1632/2195/1179 1631/1041/994 1630/1931/994
f 1195/2196/990 1198/1522/1180 1196/1926/990
f 1500/2197/995 1503/1047/1181 1501/1049/995
f 641/2198/621 644/1050/1182 642/1052/621
f 593/2199/993 596/1053/1183 594/1055/993
f 1330/2200/998 1333/1056/1184 1331/1058/998
f 961/2201/1185 960/1936/997 959/2202/997
f 1598/2203/1002 1601/1062/1186 1599/1064/1002
f 1412/2204/1187 1411/1067/1188 1410/1940/1000
f 877/1946/808 880/1068/1189 878/1070/808
f 993/2205/1190 992/1945/1003 991/2206/1003
f 625/2207/632 628/1074/810 626/1076/632
f 1442/2208/1004 1444/249/1191 1443/1078/1004
f 902/115/158 900/113/158 899/112/158
f 1708/294/241 1706/292/241 1705/291/241
f 1614/2209/1006 1617/1079/1192 1615/1081/1006
f 611/2210/1193 610/1082/1005 609/1950/1005
f 1426/2211/1008 1429/1085/1194 1427/1087/1008
f 977/2212/1195 976/1497/1007 975/1953/1007
f 1674/1092/1010 1677/1091/1196 1675/1093/1010
f 845/2213/638 848/1094/820 846/1096/638
f 1470/2214/1197 1469/1097/1012 1468/1958/1012
f 1211/2215/1198 1214/2216/1199 1212/1961/1013
f 1229/2217/1200 1228/2218/1015 1227/1963/1015
f 1658/1107/1014 1661/1106/1201 1659/1108/1014
f 1486/2219/1202 1485/1109/1016 1484/1965/1016
f 863/2220/824 862/1112/643 861/1967/643
f 1730/314/1203 1737/321/1204 1728/312/1203
f 1731/4/1205 1730/314/1205 1729/313/1205
f 1868/2221/1019 1871/2222/1206 1869/1972/1019
f 1880/2223/1207 1879/2224/1017 1878/1969/1017
f 1924/2225/1208 1923/2226/1022 1922/1975/1022
f 1932/1973/1020 1935/2227/1209 1933/2228/1020
f 1906/2229/1025 1909/2230/1210 1907/1980/1025
f 1854/2231/1211 1853/2232/1026 1852/1982/1026
f 2257/75/425 2256/1993/425 2255/2233/425
f 1894/2234/1212 1897/2235/1213 1895/1977/1023
f 2088/2236/425 2092/2237/425 2089/2238/425
f 1950/2239/1214 1949/2240/1024 1948/1978/1024
f 1836/2241/1215 1839/2242/1216 1837/1987/1029
f 1964/1984/1027 1967/2243/1217 1965/2244/1027
f 2043/612/1030 2046/2245/1218 2044/2246/1030
f 2059/615/1031 2062/2247/1219 2060/2248/1031
f 2075/618/1032 2078/2249/1220 2076/1991/1032
f 2246/621/1221 2245/2250/1036 2244/622/1036
f 2230/624/1222 2229/1999/1037 2228/625/1037
f 2212/628/1038 2215/2251/1223 2213/2252/1038
f 1822/2253/1224 1821/2002/1040 1820/2254/1040
f 1980/2255/1035 1983/2256/1225 1981/1995/1035
f 2196/635/1042 2199/2257/1226 2197/2258/1227
f 2274/638/1041 2277/2259/1228 2275/2003/1041
f 1996/2260/1043 1999/2261/1229 1997/2006/1043
f 1806/2262/1230 1805/2263/1044 1804/2008/1044
f 2018/2264/1231 2017/2011/1045 2016/2265/1045
f 1788/2266/1232 1752/2267/1233 1754/2268/1233
f 1786/1168/1234 1785/2013/1046 1784/651/1046
f 1768/654/1047 1771/2269/1235 1769/2015/1047
f 2180/657/1048 2183/2270/1236 2181/2271/1048
f 1753/2272/426 1756/2273/426 1754/2268/426
f 2128/660/1050 2131/2274/1237 2129/2275/1050
f 2172/663/1238 2171/2276/1052 2170/664/1052
f 2116/666/1053 2119/2277/1239 2117/2020/1053
f 2302/669/1240 2301/2278/1054 2300/670/1054
f 2146/672/1241 2145/2279/1055 2144/673/1055
f 2154/675/1056 2157/2280/1242 2155/2281/1243
f 2102/678/1244 2101/2025/1058 2100/679/1058
f 2440/681/676 2443/2282/866 2441/2028/676
f 2806/2283/1059 2809/2284/1245 2807/2030/1059
f 2640/126/426 2639/687/426 2638/686/426
f 2662/688/425 2666/2285/425 2663/2286/425
f 3445/305/408 3444/2287/408 3443/2288/408
f 2792/2289/1246 2791/2290/1062 2790/2041/1062
f 3250/696/1063 3253/2291/1247 3251/2045/1063
f 3266/699/1061 3269/2292/1248 3267/2040/1061
f 2426/702/1249 2425/2293/1250 2424/703/679
f 3094/705/1066 3097/2294/1251 3095/2047/1066
f 2852/2295/1252 2851/1661/1064 2850/1312/1064
f 2484/711/680 2487/2296/870 2485/2049/680
f 3420/2297/426 3451/573/426 3418/278/426
f 2502/715/1253 2501/2298/685 2500/716/685
f 2834/1655/1070 2837/1974/1254 2835/1654/1070
f 2868/1665/1255 2867/1666/1068 2866/1316/1068
f 2458/724/1256 2457/2299/1067 2456/725/1067
f 3110/727/1069 3113/2300/1257 3111/2301/1069
f 2470/730/1258 2469/2057/1073 2468/731/1073
f 2822/1308/1071 2826/470/1259 2823/2302/1071
f 3080/735/1260 3079/2303/1075 3078/736/1075
f 2776/1976/1261 2775/2304/1077 2774/1658/1077
f 2518/741/1262 2517/2305/1074 2516/742/1074
f 2882/1326/1076 2885/1996/1263 2883/1676/1076
f 2410/747/882 2409/2064/1079 2408/748/1079
f 2532/750/1078 2535/2306/1264 2533/2062/1078
f 2898/1690/1080 2901/2007/1265 2899/1338/1080
f 2616/102/426 2615/756/426 2614/755/426
f 3419/280/408 3423/2307/408 3420/2297/408
f 3236/758/1266 3235/2308/1085 3234/759/1085
f 2548/761/1083 2551/2309/1267 2549/2070/1083
f 3284/764/1268 3283/2310/1081 3282/765/1081
f 2758/1648/1087 2761/2311/1269 2759/2075/1087
f 2914/2312/1084 2917/2313/1270 2915/2072/1084
f 2392/773/703 2395/2314/887 2393/2077/703
f 2984/2315/426 2983/2316/426 2982/2317/426
f 2742/2318/1089 2745/2319/1271 2743/2080/1089
f 2376/779/1090 2379/778/891 2377/2082/1090
f 3062/782/1272 3065/2320/1273 3063/2085/1093
f 3128/785/1274 3127/2321/1088 3126/786/1088
f 3318/788/1275 3317/2322/1091 3316/789/1091
f 2679/465/408 2678/2323/408 2677/2324/408
f 2728/1971/1276 2727/2092/1096 2726/2325/1096
f 3410/794/1277 3409/793/1097 3408/795/1097
f 3298/797/1095 3301/2326/1278 3299/2089/1095
f 2360/800/719 2363/799/898 2361/801/719
f 2564/803/716 2567/2327/900 2565/2090/716
f 3348/806/1099 3351/805/1279 3349/2097/1099
f 3047/2328/1280 3046/1441/1281 3045/245/1281
f 2328/809/1098 2331/2329/1282 2329/2096/1098
f 2694/2330/1101 2697/2331/1283 2695/2101/1101
f 2712/1983/1284 2711/2332/1106 2710/2110/1106
f 3220/818/1285 3219/2333/1109 3218/819/1109
f 3160/821/1286 3159/2334/1107 3158/822/1107
f 2932/2010/1287 2931/2335/1102 2930/2102/1102
f 3332/827/1104 3335/2336/1288 3333/2107/1104
f 3378/830/1289 3377/2100/1100 3376/831/1100
f 2346/833/910 2345/2337/1108 2344/834/1108
f 3142/836/1105 3145/2338/1290 3143/2109/1105
f 2962/2339/1291 2965/2340/1292 2963/2116/1110
f 3186/842/150 3189/2341/1293 3187/2342/151
f 2596/845/1294 2599/2343/1295 2597/2119/728
f 3202/848/1296 3205/2344/1297 3203/2120/1112
f 2582/851/915 2581/2345/731 2580/852/731
f 3392/854/1113 3395/853/1298 3393/2123/1113
f 2948/2346/1299 2947/2347/1114 2946/2125/1114
f 145/2348/543 148/2349/1300 146/1115/543
f 135/2129/1116 138/792/1301 136/2350/1116
f 189/2133/1119 192/2351/1302 190/2352/1119
f 163/2353/1303 162/2354/1117 161/2131/1117
f 215/2355/1304 218/709/1305 216/2135/1120
f 172/49/1306 174/51/1306 173/50/1306
f 121/2356/1307 120/2138/1121 119/2357/1121
f 231/2358/1122 234/2359/1308 232/2140/1122
f 105/2360/1309 104/2143/1124 103/2361/1124
f 312/2362/1310 311/885/1125 310/2363/1125
f 328/2364/1311 327/888/1126 326/2365/1312
f 344/2366/1313 343/891/1127 342/2367/1127
f 247/2368/1123 250/744/1314 248/2142/1123
f 511/2369/1130 514/1328/1315 512/1329/1130
f 495/2370/1132 498/1330/1316 496/903/1132
f 481/2371/1317 480/1333/1133 479/2149/1133
f 541/2372/1131 544/1334/1318 542/900/1131
f 87/2373/1135 90/2374/1319 88/2152/1135
f 265/754/1320 264/2151/1134 263/2375/1134
f 465/2376/1321 464/1340/1322 463/2154/1136
f 285/2377/1323 284/2378/1137 283/2155/1137
f 302/1166/573 300/2379/1138 299/208/1138
f 70/43/1324 72/45/1325 71/44/1326
f 51/2380/1140 54/1346/1327 52/927/1140
f 34/32/171 36/34/171 35/33/171
f 559/2381/1328 558/1350/1139 557/2158/1139
f 567/2382/1141 570/1352/1329 568/930/1141
f 439/2383/1330 438/1354/1331 437/2161/1146
f 385/2384/1332 384/1356/1147 383/2162/1147
f 413/2385/1333 412/933/1145 411/2386/1145
f 586/1875/959 584/1360/1148 583/2164/1148
f 1075/2387/237 1074/2388/1149 1073/2165/1149
f 707/2389/768 710/1364/961 708/951/768
f 1536/2390/1334 1535/948/1150 1534/2391/1150
f 929/142/240 927/140/240 926/139/240
f 1273/201/241 1271/199/241 1270/198/241
f 1584/270/158 1587/1373/1335 1585/271/158
f 723/2169/1151 726/1376/963 724/1377/1336
f 1057/2392/1156 1060/2393/250 1058/2175/1156
f 1119/1822/257 1118/2394/1153 1117/1488/1153
f 767/2395/772 770/1381/1337 768/960/772
f 1366/2396/1338 1365/1383/1157 1364/2177/1157
f 753/2397/966 752/1385/1158 751/2178/1158
f 1133/1494/1154 1136/2398/259 1134/2173/1154
f 1380/2399/1155 1383/1389/1339 1381/972/1155
f 1278/206/158 1246/175/158 1245/174/158
f 1294/220/591 1300/2400/591 1295/220/591
f 1089/2401/1152 1092/2402/1340 1090/1825/1152
f 693/2403/969 692/1395/778 691/985/778
f 1520/2404/1341 1519/1397/1162 1518/2182/1162
f 785/1399/1342 784/987/779 783/2405/779
f 1103/2406/1343 1100/171/1344 1102/173/1344
f 1149/1833/1161 1152/2407/1345 1150/2181/1161
f 1550/2408/1160 1553/1404/1346 1551/990/1160
f 801/2409/1347 800/1406/1164 799/2183/1164
f 1167/2150/1348 1166/1517/1165 1165/1848/1165
f 1043/2410/1349 1042/1486/1167 1041/2186/1167
f 1348/2411/1350 1351/1411/1351 1349/1020/1171
f 1249/177/241 1247/2412/241 1246/134/241
f 817/2413/1352 816/1415/1168 815/1012/1168
f 677/1418/982 676/1417/1170 675/1018/1170
f 1183/2414/1353 1182/2415/1354 1181/2187/1169
f 1398/2416/1355 1397/1421/1166 1396/2185/1166
f 1027/2417/298 1026/2418/1356 1025/2188/1172
f 661/2419/985 660/1425/986 659/2190/986
f 1635/1195/586 1633/1427/1179 1632/2195/1179
f 1502/2420/1181 1505/1429/1357 1503/1047/1181
f 1011/2421/1358 1010/2422/1178 1009/2193/1178
f 831/2423/1173 834/1433/990 832/1029/1173
f 643/1436/797 646/1435/1359 644/1050/1182
f 1568/2424/1360 1567/1437/1176 1566/2192/1176
f 1244/1939/999 950/163/1361 949/162/1361
f 1320/243/1362 1449/2425/1362 1321/244/1362
f 1334/2426/1363 1333/1056/1184 1332/2427/1364
f 1646/1445/1365 1645/1444/1174 1644/2191/1174
f 1199/2428/319 1198/1522/1180 1197/2429/1180
f 595/2430/1183 598/1448/1366 596/1053/1183
f 879/2431/1189 882/1450/1367 880/1068/1189
f 995/2432/317 994/1491/1190 993/2205/1190
f 963/1840/1368 962/1507/1185 961/2201/1185
f 1600/2433/1186 1603/1455/1369 1601/1062/1186
f 627/2434/810 630/1457/1370 628/1074/810
f 1412/2204/1187 1415/1459/1371 1413/1065/1372
f 1616/2435/1192 1619/1461/1373 1617/1079/1192
f 1676/2436/1196 1679/1463/1374 1677/1091/1196
f 905/118/585 903/116/585 902/115/585
f 1711/297/158 1709/295/158 1708/294/158
f 613/2437/1007 612/1466/1193 611/2210/1193
f 1428/2438/1194 1431/1468/1375 1429/1085/1194
f 977/2212/1195 980/1831/339 978/2439/1195
f 847/2440/820 850/1471/1198 848/1094/820
f 1231/2441/347 1230/2442/1200 1229/2217/1200
f 1472/2443/1376 1471/1475/1197 1470/2214/1197
f 1488/2444/1377 1487/1477/1202 1486/2219/1202
f 1213/2445/1199 1216/2446/351 1214/2216/1199
f 865/2447/1015 864/1481/824 863/2220/824
f 1660/1484/1201 1663/1483/1378 1661/1106/1201
f 17/17/585 19/19/585 18/18/585
f 1872/2448/1379 1871/2222/1206 1870/2449/1206
f 1880/2223/1207 1883/2450/1380 1881/2451/1207
f 1924/2225/1208 1927/2452/1381 1925/2453/1208
f 1934/2454/1209 1937/968/1382 1935/2227/1209
f 1856/2455/1383 1855/2456/1211 1854/2231/1211
f 1908/2457/1210 1911/2458/1384 1909/2230/1210
f 2260/78/408 2259/2459/408 2258/2460/408
f 2093/63/450 2092/2237/450 2091/2461/450
f 1896/2462/1385 1900/361/1386 1897/2235/1213
f 1950/2239/1214 1953/970/1387 1951/2463/1214
f 1838/2464/1216 1841/2465/1388 1839/2242/1216
f 1968/995/1389 1967/2243/1217 1966/2466/1217
f 2047/1501/1390 2046/2245/1218 2045/1137/1391
f 2061/1139/1219 2064/2467/1392 2062/2247/1219
f 2079/1140/1393 2078/2249/1220 2077/1141/1220
f 1824/2468/1394 1823/2469/1224 1822/2253/1224
f 2248/1145/1395 2247/2470/1221 2246/621/1221
f 2230/624/1222 2233/2471/1396 2231/2472/1222
f 2214/627/1223 2217/2473/1397 2215/2251/1223
f 2200/1150/1398 2199/2257/1226 2198/1151/1226
f 1984/1002/1399 1983/2256/1225 1982/2474/1225
f 2278/1154/1400 2277/2259/1228 2276/1155/1228
f 1806/2262/1230 1809/2475/1401 1807/2476/1230
f 2000/2477/1402 1999/2261/1229 1998/2478/1229
f 2003/2479/1403 2005/2480/1404 2002/2481/1405
f 2020/1102/1406 2019/2482/1231 2018/2264/1231
f 2028/2483/666 2031/2484/1407 2029/1345/666
f 1789/1167/1232 1787/2485/1408 1786/1168/1234
f 2182/1170/1409 2185/2486/1410 2183/2270/1236
f 1770/1172/1235 1773/2487/1411 1771/2269/1235
f 2174/1174/1412 2173/2488/1238 2172/663/1238
f 2118/1176/1239 2121/2489/1413 2119/2277/1239
f 2130/1178/1237 2133/2490/1414 2131/2274/1237
f 2304/1538/1415 2303/2491/1240 2302/669/1240
f 2156/1182/1242 2159/2492/1416 2157/2280/1242
f 2148/1184/1417 2147/2493/1241 2146/672/1241
f 2104/1186/1418 2103/2494/1244 2102/678/1244
f 2442/1188/866 2445/2495/1059 2443/2282/866
f 2794/2496/424 2793/2497/1246 2792/2289/1246
f 3254/1191/1419 3253/2291/1247 3252/1192/1247
f 2645/434/450 2642/2498/450 2641/128/450
f 2667/153/408 2666/2285/408 2665/2499/408
f 3042/521/408 3032/231/408 3034/2500/408
f 3035/2501/426 3034/2500/426 3033/233/426
f 3360/1194/704 3364/273/425 3361/1428/704
f 3448/308/426 3447/2502/426 3446/307/426
f 2808/1662/1245 2811/2503/427 2809/2284/1245
f 2428/1199/1062 2427/2504/1249 2426/702/1249
f 3268/1201/1248 3271/2505/1420 3269/2292/1248
f 2854/1978/430 2853/1979/1252 2852/2295/1252
f 3098/1204/1421 3097/2294/1251 3096/1205/1251
f 2486/1207/870 2489/2506/1064 2487/2296/870
f 3458/576/1422 3008/497/1422 3011/496/1422
f 3010/2507/591 3015/211/591 3011/496/591
f 3031/2508/425 3009/495/425 3008/497/425
f 2836/1653/1423 2839/2228/444 2837/1974/1254
f 2504/1214/1068 2503/2509/873 2502/715/1253
f 2870/2510/449 2869/1985/1255 2868/1665/1255
f 2470/730/1258 2473/2511/1424 2471/2512/1258
f 3082/1219/1425 3081/2513/1260 3080/735/1260
f 2460/1221/1071 2459/2514/1256 2458/724/1256
f 2776/1976/1261 2779/2515/1426 2777/2516/1261
f 3112/1225/1257 3115/2517/1427 3113/2300/1257
f 2518/741/1262 2521/2518/1428 2519/2519/1262
f 2412/1229/1429 2411/2520/1430 2410/747/882
f 2884/2521/1263 2887/1995/1431 2885/1996/1263
f 3236/758/1266 3239/2522/1432 3237/2523/1266
f 2534/1234/1264 2537/1233/1433 2535/2306/1264
f 2900/1689/1265 2903/2524/1434 2901/2007/1265
f 2619/105/450 2618/2525/450 2617/104/450
f 3424/2526/426 3423/2307/426 3422/283/426
f 2760/1970/1269 2763/2527/470 2761/2311/1269
f 2550/1240/1435 2553/2528/1436 2551/2309/1267
f 2394/1242/887 2397/2529/1437 2395/2314/887
f 3284/764/1268 3287/2530/1438 3285/2531/1268
f 2916/2532/1270 2919/2533/1439 2917/2313/1270
f 2744/2534/1271 2747/2535/477 2745/2319/1271
f 2378/1250/891 2381/2536/1089 2379/778/891
f 3066/1251/1440 3065/2320/1273 3064/1252/1441
f 3130/1254/1442 3129/2537/1443 3128/785/1274
f 2682/2538/1444 2681/467/1445 2680/466/1445
f 3320/1256/1446 3319/1255/1275 3318/788/1275
f 2730/2221/496 2729/2539/1276 2728/1971/1276
f 3412/1260/1447 3411/2540/1277 3410/794/1277
f 2362/1262/898 2365/2541/1096 2363/799/898
f 3350/1264/1279 3353/2542/1448 3351/805/1279
f 3048/2543/1449 3051/2544/1450 3049/2545/1449
f 3300/1269/1278 3303/2546/1451 3301/2326/1278
f 3222/1613/1452 3221/2547/1285 3220/818/1285
f 2330/1273/1282 2333/2548/1453 2331/2329/1282
f 2568/1274/1102 2567/2327/900 2566/1275/900
f 2964/2549/1292 2967/2550/510 2965/2340/1292
f 2714/2551/514 2713/2552/1284 2712/1983/1284
f 2696/2553/1283 2699/2554/1454 2697/2331/1283
f 2985/2555/408 2989/2556/408 2986/2557/408
f 3160/821/1286 3163/2558/1455 3161/2559/1456
f 2348/1285/1106 2347/2560/910 2346/833/910
f 3334/1287/1288 3337/2561/1457 3335/2336/1288
f 3144/1289/1290 3147/2562/1458 3145/2338/1290
f 2934/2265/1459 2933/2563/1287 2932/2010/1287
f 3380/1293/1460 3379/1292/1289 3378/830/1289
f 2598/1295/1295 2601/1294/1461 2599/2343/1295
f 3188/1297/1293 3191/2564/1462 3189/2341/1293
f 3394/1299/1298 3397/2565/1463 3395/853/1298
f 3206/1645/1464 3205/2344/1297 3204/1301/1297
f 2584/1303/1114 2583/2566/915 2582/851/915
f 2948/2346/1299 2951/2567/541 2949/2568/1465
f 1734/7/408 1733/2569/408 1732/2570/408
f 20/20/240 23/23/240 21/21/240
f 149/2571/1466 148/2349/1300 147/2572/1300
f 139/2573/1467 138/792/1301 137/2574/1468
f 202/719/1469 204/2575/1470 201/718/1469
f 191/2576/1302 194/2577/1471 192/2351/1302
f 165/2578/1472 164/739/1303 163/2353/1303
f 217/707/1305 220/2579/1473 218/709/1305
f 175/52/1474 178/1197/1475 176/53/1474
f 123/2580/1476 122/2581/1307 121/2356/1307
f 233/720/1308 236/2582/1477 234/2359/1308
f 107/2583/1478 106/2584/1309 105/2360/1309
f 312/2362/1310 315/1669/1479 313/1670/1310
f 328/2364/1311 331/1671/1480 329/1322/1311
f 346/2585/1481 345/1673/1313 344/2366/1313
f 249/745/1314 252/2586/1482 250/744/1314
f 523/2587/747 526/1992/1483 524/1509/747
f 513/2588/1315 516/1677/1484 514/1328/1315
f 499/2589/1485 498/1330/1316 497/2590/1316
f 483/2591/1486 482/1332/1317 481/2371/1317
f 543/2592/1318 546/1683/1487 544/1334/1318
f 91/2593/1488 90/2374/1319 89/2594/1319
f 465/2376/1321 468/1687/1489 466/1688/1321
f 265/754/1320 268/2595/1490 266/753/1320
f 287/2596/1491 286/2597/1323 285/2377/1323
f 75/2598/1492 74/47/20 73/46/19
f 53/2599/1327 56/2012/1493 54/1346/1327
f 39/2600/1494 38/36/585 37/35/585
f 559/2381/1328 562/1698/1495 560/1699/1328
f 26/26/158 28/2601/158 27/27/158
f 451/2602/1496 450/2603/1497 449/1530/760
f 396/67/1498 398/69/1499 397/68/1498
f 571/2604/1500 570/1352/1329 569/2605/1329
f 439/2383/1330 442/1702/1501 440/1703/1330
f 387/2606/1502 386/1704/1332 385/2384/1332
f 413/2385/1333 416/1706/1503 414/1707/1504
f 425/2607/1505 424/2608/766 423/1541/766
f 711/2609/1149 710/1364/961 709/2610/961
f 1077/2611/236 1076/2612/237 1075/2387/237
f 1538/2613/1506 1537/1715/1334 1536/2390/1334
f 908/121/240 906/119/240 905/118/240
f 929/142/241 931/144/48 930/143/241
f 1276/204/158 1274/202/158 1273/201/158
f 1690/1723/989 1581/546/240 1691/1724/989
f 1059/2614/250 1062/2615/249 1060/2393/250
f 1121/2355/256 1120/2136/257 1119/1822/257
f 725/2616/963 728/1727/1152 726/1376/963
f 1368/2617/1507 1367/1729/1338 1366/2396/1338
f 755/2618/1153 754/1731/966 753/2397/966
f 769/2619/1337 772/1733/1508 770/1381/1337
f 693/2403/969 696/1735/1509 694/1736/969
f 1303/226/158 1299/222/158 1298/224/158
f 1135/2139/259 1138/2140/1510 1136/2398/259
f 1522/2620/1511 1521/1737/1341 1520/2404/1341
f 1382/2621/1339 1385/1739/1512 1383/1389/1339
f 1091/2622/1340 1094/2623/1513 1092/2402/1340
f 1103/2406/1343 1106/2624/1514 1104/2625/1343
f 785/1399/1342 788/1744/1161 786/1745/1515
f 1151/2141/1345 1154/2626/1516 1152/2407/1345
f 1552/2627/1346 1555/1747/1517 1553/1404/1346
f 1350/2628/1351 1353/1749/1518 1351/1411/1351
f 1043/2410/1349 1046/2354/282 1044/2629/1349
f 803/2630/1519 802/1751/1347 801/2409/1347
f 1169/2375/1520 1168/2631/1348 1167/2150/1348
f 679/2632/1167 678/1754/982 677/1418/982
f 1252/180/158 1250/178/158 1249/177/158
f 819/2633/1521 818/1758/1352 817/2413/1352
f 1185/2634/1522 1184/2635/1353 1183/2414/1353
f 1029/2636/297 1028/2637/298 1027/2417/298
f 1398/2416/1355 1401/1764/1523 1399/1765/1355
f 663/2638/1172 662/1766/985 661/2419/985
f 1504/2639/1357 1507/1768/1524 1505/1429/1357
f 1586/2640/1335 1589/1770/1525 1587/1373/1335
f 1013/184/301 1012/2641/1358 1011/2421/1358
f 647/2642/1526 646/1435/1359 645/2643/1359
f 833/2644/1527 836/1775/1528 834/1433/990
f 1336/2645/1529 1335/1777/1363 1334/2426/1363
f 1570/2646/1530 1569/1779/1360 1568/2424/1360
f 599/2647/1531 598/1448/1366 597/2648/1366
f 997/2129/623 996/2130/317 995/2432/317
f 1648/2649/1532 1647/1784/1365 1646/1445/1365
f 1201/2650/1533 1200/2156/319 1199/2428/319
f 631/2651/1534 630/1457/1370 629/2652/1370
f 965/2653/1535 964/2144/1368 963/1840/1368
f 1678/2654/1374 1681/1791/1536 1679/1463/1374
f 1618/2655/1373 1621/1793/1537 1619/1461/1373
f 1604/2656/1538 1603/1455/1369 1602/1796/1369
f 1416/2657/1539 1415/1459/1371 1414/2658/1540
f 1714/300/585 1712/298/585 1711/297/585
f 1432/2659/1541 1431/1468/1375 1430/2660/1375
f 979/2137/339 982/2661/340 980/1831/339
f 615/2662/1542 614/1802/1007 613/2437/1007
f 1233/2663/1543 1232/2664/347 1231/2441/347
f 1490/2665/1544 1489/1806/1377 1488/2444/1377
f 1472/2443/1376 1475/1808/1545 1473/1809/1546
f 849/2666/1198 852/1810/1199 850/1471/1198
f 867/2667/1200 866/1812/1547 865/2447/1015
f 1215/2668/351 1218/2669/352 1216/2446/351
f 1662/1816/1378 1665/1815/1548 1663/1483/1378
f 1457/262/1549 1453/535/1550 1455/2670/1550
f 1735/9/1551 1738/322/1551 1736/2671/1551
f 1884/1409/1552 1883/2450/1380 1882/1008/1380
f 1936/966/1553 1939/967/1554 1937/968/1382
f 1858/2672/1555 1857/2673/1383 1856/2455/1383
f 1910/965/1384 1913/2674/1556 1911/2458/1384
f 2263/2675/110 2262/2676/426 2261/2677/426
f 1952/971/1387 1955/1388/1557 1953/970/1387
f 1842/1470/1558 1841/2465/1388 1840/2678/1388
f 1970/993/1559 1969/994/1389 1968/995/1389
f 2049/1500/1560 2048/2679/1561 2047/1501/1390
f 2065/1502/1562 2064/2467/1392 2063/1503/1392
f 2081/1505/1563 2080/2680/1393 2079/1140/1393
f 1826/1454/1564 1825/2681/1394 1824/2468/1394
f 2250/1509/1565 2249/2682/1395 2248/1145/1395
f 2234/1510/1566 2233/2471/1396 2232/1511/1396
f 2216/1513/1397 2219/2683/1567 2217/2473/1397
f 2200/1150/1398 2203/2684/1568 2201/2685/1398
f 1986/2686/1569 1985/1004/1570 1984/1002/1399
f 1808/2687/1571 1811/2688/1572 1809/2475/1401
f 2280/1521/1573 2279/2689/1400 2278/1154/1400
f 2006/2690/1574 2005/2480/1404 2004/1046/1404
f 2020/1102/1406 2023/2691/1575 2021/2692/1406
f 2186/1526/1576 2185/2486/1410 2184/1527/1410
f 1774/1528/1577 1773/2487/1411 1772/1529/1411
f 2174/1174/1412 2177/2693/1578 2175/2694/1412
f 2288/1698/858 2291/2695/1579 2289/2696/858
f 2122/2697/1580 2121/2489/1413 2120/1532/1413
f 2132/1534/1414 2135/2698/1581 2133/2490/1414
f 2158/1536/1416 2161/2699/1582 2159/2492/1416
f 2304/1538/1415 2307/2700/1583 2305/2701/1415
f 2106/1540/1584 2105/2702/1418 2104/1186/1418
f 2148/1184/1417 2150/1709/865 2149/2703/1417
f 3256/1544/1585 3255/2704/1419 3254/1191/1419
f 2796/2705/423 2795/2706/424 2794/2496/424
f 2444/1548/1059 2447/2707/1245 2445/2495/1059
f 2670/156/426 2669/2708/426 2668/155/426
f 3016/214/425 3014/2709/425 3013/2710/425
f 3025/2711/1422 3458/576/1422 3011/496/1422
f 3038/237/450 3037/235/450 3036/236/450
f 3365/275/408 3364/273/408 3363/274/408
f 3453/575/450 3450/309/450 3449/310/450
f 2430/1551/1246 2429/2712/1062 2428/1199/1062
f 2810/2229/427 2813/2713/1586 2811/2503/427
f 2490/1554/1252 2489/2506/1064 2488/1555/1064
f 3100/1557/1587 3099/2714/1421 3098/1204/1421
f 2856/2239/682 2855/2240/430 2854/1978/430
f 3272/1558/1588 3271/2505/1420 3270/1559/1420
f 2838/1973/444 2841/2227/1589 2839/2228/444
f 2472/1561/1424 2475/2715/1590 2473/2511/1424
f 2506/1563/1591 2505/2716/1592 2504/1214/1068
f 3082/1219/1425 3085/2717/1593 3083/2718/1425
f 2778/2234/1426 2781/2719/447 2779/2515/1426
f 2870/2510/449 2873/2243/448 2871/2244/1594
f 2460/1221/1071 2464/2720/1259 2461/2721/1071
f 2414/1570/1595 2413/2722/1429 2412/1229/1429
f 3114/1572/1596 3117/2723/1597 3115/2517/1427
f 2520/1574/1598 2523/2724/1599 2521/2518/1428
f 3238/1576/1432 3241/2725/1600 3239/2522/1432
f 2886/2726/1431 2889/2256/1601 2887/1995/1431
f 2536/1579/1433 2539/2727/1602 2537/1233/1433
f 2902/2260/1434 2905/2728/1603 2903/2524/1434
f 3427/287/450 3426/285/450 3425/286/450
f 2762/2729/470 2765/2730/1604 2763/2527/470
f 2396/1585/1437 2399/2731/1269 2397/2529/1437
f 2552/1587/1436 2555/2732/1605 2553/2528/1436
f 2622/108/426 2621/2733/426 2620/107/426
f 3286/1589/1438 3289/2734/1606 3287/2530/1438
f 3066/1251/1440 3069/2735/1607 3067/2736/1440
f 2746/2737/477 2749/2738/1608 2747/2535/477
f 2380/1595/1089 2383/2739/1271 2381/2536/1089
f 2920/2479/1609 2919/2533/1439 2918/2740/1439
f 3414/1598/1610 3413/2741/1447 3412/1260/1447
f 2732/2742/495 2731/2743/496 2730/2221/496
f 2317/2744/408 2316/2086/408 2315/86/408
f 2684/2253/1611 2683/2745/1444 2682/2538/1444
f 3132/1603/1612 3131/2746/1442 3130/1254/1442
f 2366/1604/1276 2365/2541/1096 2364/1605/1096
f 3322/1607/1613 3321/2747/1446 3320/1256/1446
f 3352/1609/1614 3355/2748/1615 3353/2542/1448
f 3052/1610/1616 3051/2544/1450 3050/1611/1617
f 3224/1934/1618 3223/2749/1452 3222/1613/1452
f 2968/2750/509 2967/2550/510 2966/2751/510
f 3302/1617/1619 3305/2752/1620 3303/2546/1451
f 2716/2753/513 2715/2754/514 2714/2551/514
f 2332/1621/1453 2335/2755/1621 2333/2548/1453
f 3305/2752/1620 3176/2756/144 3178/2757/146
f 2990/2758/426 2989/2556/426 2988/2759/426
f 2350/1623/1284 2349/2760/1106 2348/1285/1106
f 3164/1624/1622 3163/2558/1455 3162/1625/1623
f 2698/2241/1454 2701/2761/1624 2699/2554/1454
f 2570/1628/1625 2569/2762/1102 2568/1274/1102
f 2600/1630/1461 2603/2763/1292 2601/1294/1461
f 3336/1632/1457 3339/2764/1626 3337/2561/1457
f 3148/1633/1627 3147/2562/1458 3146/1634/1458
f 2936/2264/528 2935/2765/1459 2934/2265/1459
f 3382/1637/1628 3381/2766/1629 3380/1293/1460
f 3192/1638/1630 3191/2564/1462 3190/1639/1462
f 3396/1641/1463 3399/2767/1631 3397/2565/1463
f 2950/2768/541 2953/2769/542 2951/2567/541
f 3208/1644/1632 3207/2770/1464 3206/1645/1464
f 2586/1647/1299 2585/2771/1114 2584/1303/1114
f 1300/2772/1633 3455/2773/1633 3454/2774/1633
f 149/2571/1466 151/584/161 150/1238/1634
f 142/581/160 140/791/1467 139/2573/1467
f 203/717/1635 205/589/166 204/2575/1470
f 193/149/1471 195/587/163 194/2577/1471
f 168/601/175 166/738/1636 165/2578/1472
f 219/1202/1473 221/604/176 220/2579/1473
f 180/593/168 178/1197/1475 177/2775/1475
f 123/2580/1476 125/596/169 124/2776/1476
f 365/1127/240 361/2777/240 362/1826/240
f 235/1215/1477 237/609/182 236/2582/1477
f 110/607/180 108/1281/1478 107/2583/1478
f 314/2778/1479 316/612/185 315/1669/1479
f 330/2779/1480 332/615/187 331/1671/1480
f 349/619/190 347/1990/1481 346/2585/1481
f 529/597/1637 526/1992/1483 525/2780/1483
f 254/633/200 252/2586/1482 251/743/1482
f 515/2781/1484 517/622/191 516/1677/1484
f 502/623/193 500/1998/1485 499/2589/1485
f 486/626/195 484/1681/1486 483/2591/1486
f 94/629/197 92/2782/1488 91/2593/1488
f 548/639/204 546/1683/1487 545/2783/1487
f 467/2784/1489 469/635/202 468/1687/1489
f 270/642/206 268/2595/1490 267/2785/1490
f 276/1162/570 274/1158/567 273/2786/567
f 75/2598/1492 77/645/207 76/2787/1492
f 290/646/209 288/824/1491 287/2596/1491
f 58/652/214 56/2012/1493 55/2788/1493
f 39/2600/1494 41/654/216 40/2014/1494
f 451/2602/1496 453/657/219 452/2017/1496
f 564/1866/952 562/1698/1495 561/2789/1495
f 399/70/1638 401/660/221 400/71/1638
f 29/2790/158 31/2791/158 28/2601/158
f 441/2792/1501 443/664/224 442/1702/1501
f 390/667/226 388/2019/1639 387/2606/1502
f 571/2604/1500 573/670/227 572/2021/1500
f 415/2793/1503 417/673/229 416/1706/1503
f 425/2607/1505 427/675/232 426/1708/1505
f 374/677/234 371/2024/1640 372/2794/1640
f 714/682/237 712/2027/1149 711/2609/1149
f 1080/685/239 1078/2795/236 1077/2611/236
f 912/687/241 909/122/241 908/121/241
f 932/145/49 935/2033/1641 933/146/50
f 1276/204/585 1279/207/585 1277/205/585
f 1718/691/240 1715/301/240 1714/300/240
f 1541/700/247 1539/2039/1642 1538/2613/1506
f 1061/2796/249 1063/694/242 1062/2615/249
f 695/2797/1509 697/703/250 696/1735/1509
f 1525/697/245 1523/2044/1511 1522/2620/1511
f 1124/707/253 1122/2798/256 1121/2355/256
f 1371/706/252 1369/2046/1507 1368/2617/1507
f 758/712/257 756/2048/1153 755/2618/1153
f 771/2799/1508 773/716/259 772/1733/1508
f 918/131/158 884/97/158 883/96/158
f 1307/2800/585 1304/227/585 1303/226/585
f 727/2801/1152 729/725/265 728/1727/1152
f 1137/2358/1643 1139/722/263 1138/2140/1510
f 1384/2802/1512 1386/727/268 1385/1739/1512
f 1108/719/262 1106/2624/1514 1105/2803/1514
f 1093/2804/1513 1095/732/272 1094/2623/1513
f 742/729/269 738/402/1644 740/2805/1644
f 787/2058/1161 789/742/277 788/1744/1161
f 1352/2806/1518 1354/736/273 1353/1749/1518
f 1156/745/280 1154/2626/1516 1153/2368/1516
f 1045/2807/282 1047/739/275 1046/2354/282
f 806/751/284 804/2061/1519 803/2630/1519
f 682/746/281 680/2063/1167 679/2632/1167
f 1172/754/286 1170/2808/1520 1169/2375/1520
f 1554/2809/1645 1556/765/291 1555/1747/1517
f 888/756/241 885/98/241 884/97/241
f 1252/180/585 1255/183/585 1253/181/585
f 822/762/290 820/2069/1521 819/2633/1521
f 1188/771/296 1186/2810/1522 1185/2634/1522
f 1506/2811/1646 1508/759/287 1507/1768/1524
f 1032/768/294 1030/2812/297 1029/2636/297
f 666/774/298 664/2076/1172 663/2638/1172
f 1400/2813/1523 1402/786/306 1401/1764/1523
f 1016/777/300 1014/2814/301 1013/184/301
f 650/780/302 648/2081/1526 647/2642/1526
f 1588/2815/1525 1590/789/308 1589/1770/1525
f 1339/783/305 1337/2084/1647 1336/2645/1529
f 882/1450/1367 588/85/1361 587/84/1361
f 588/85/241 591/2744/241 589/86/241
f 950/2816/241 953/166/241 951/2817/241
f 1573/798/315 1571/2088/1648 1570/2646/1530
f 838/804/319 836/1775/1528 835/2818/1528
f 1000/790/310 998/2819/623 997/2129/623
f 1680/2820/1536 1682/795/312 1681/1791/1536
f 634/801/317 632/2094/1534 631/2651/1534
f 602/810/323 600/2095/1531 599/2647/1531
f 1321/244/1649 1324/2328/1650 1322/245/1649
f 1623/807/321 1621/1793/1537 1620/2821/1537
f 1651/829/337 1649/2099/1532 1648/2649/1532
f 968/813/325 966/2822/1535 965/2653/1535
f 1201/2650/1533 1203/825/333 1202/2823/1533
f 1449/2425/1651 1446/251/1651 1445/250/1651
f 1607/828/336 1605/2106/1538 1604/2656/1538
f 1419/837/342 1417/2108/1539 1416/2657/1539
f 981/2824/340 983/816/326 982/2661/340
f 1432/2659/1541 1434/822/332 1433/1800/1652
f 615/2662/1542 617/834/339 616/2113/1195
f 1490/2665/1544 1492/819/328 1491/2114/1544
f 1236/840/344 1234/2825/1543 1233/2663/1543
f 1455/2670/1653 1452/257/1654 1451/256/1654
f 1457/262/1655 1460/2826/76 1458/263/1655
f 870/846/348 868/2118/1200 867/2667/1200
f 1477/849/350 1475/1808/1545 1474/2827/1545
f 851/2828/1199 853/852/351 852/1810/1199
f 1667/855/354 1665/1815/1548 1664/2829/1548
f 1217/2830/352 1219/858/355 1218/2669/352
f 1875/1648/828 1873/2831/1379 1872/2448/1379
f 1926/2832/1381 1928/1654/833 1927/2452/1381
f 1887/864/361 1885/2833/1552 1884/1409/1552
f 1858/2672/1555 1860/863/359 1859/2834/1555
f 1938/1380/1554 1940/871/366 1939/967/1554
f 1912/963/1556 1914/869/363 1913/2674/1556
f 2095/2835/426 2032/54/426 2034/2836/426
f 1903/364/1656 1900/361/1656 1899/360/1656
f 2086/2837/425 2089/2238/425 2087/2838/425
f 1957/878/371 1955/1388/1557 1954/969/1557
f 1842/1470/1558 1844/874/368 1843/2839/1558
f 1973/879/372 1971/1403/1559 1970/993/1559
f 2033/56/1657 2035/886/377 2034/2836/1657
f 2049/1500/1560 2051/889/379 2050/2840/1560
f 2065/1502/1562 2067/892/381 2066/2841/1562
f 1826/1454/1564 1828/884/374 1827/2842/1564
f 2084/896/383 2082/2843/1563 2081/1505/1563
f 2264/2844/111 2266/901/387 2265/2845/112
f 2253/1992/1033 2251/2846/1565 2250/1509/1565
f 2237/897/384 2235/2847/1566 2234/1510/1566
f 2221/905/389 2219/2683/1567 2218/1845/1567
f 2202/1847/1568 2204/908/390 2203/2684/1568
f 1989/911/393 1987/1003/1569 1986/2686/1569
f 1810/2848/1572 1812/913/395 1811/2688/1572
f 2186/1526/1576 2188/917/396 2187/2849/1576
f 2000/2477/1402 2002/2481/1405 2001/2850/1402
f 2006/2690/1574 2008/920/398 2007/2851/1574
f 2280/1521/1573 2282/926/402 2281/2852/1658
f 2022/1100/1575 2024/923/400 2023/2691/1575
f 2031/2484/1407 1790/2853/1659 1792/2854/1659
f 1791/348/1660 1794/351/1661 1792/349/1662
f 1777/929/405 1775/2855/1577 1774/1528/1577
f 2176/2603/1663 2178/2016/1049 2177/2693/1578
f 2290/1865/1579 2292/931/407 2291/2695/1579
f 2127/380/1664 2124/2856/1664 2123/2857/1664
f 1759/341/426 1756/2273/426 1755/2858/426
f 2134/1868/1581 2136/934/412 2135/2698/1581
f 2160/1870/1582 2162/938/413 2161/2699/1582
f 2109/939/415 2107/2859/1665 2106/1540/1584
f 2306/1873/1583 2308/944/417 2307/2700/1583
f 2313/1361/675 2096/1874/1666 2097/2860/1666
f 2099/2024/1057 2097/2860/1666 2096/1874/1666
f 3259/950/422 3257/2861/1585 3256/1544/1585
f 2799/945/419 2797/2862/423 2796/2705/423
f 2433/953/424 2431/2863/1246 2430/1551/1246
f 3021/217/408 3018/2864/408 3017/216/408
f 3043/522/425 3040/238/425 3039/239/425
f 3366/2865/426 3368/1034/483 3367/2866/426
f 2446/1882/1245 2448/959/427 2447/2707/1245
f 2815/965/432 2813/2713/1586 2812/2867/1586
f 2493/962/430 2491/2868/1252 2490/1554/1252
f 3103/974/438 3101/2869/1587 3100/1557/1587
f 2859/971/436 2857/2463/682 2856/2239/682
f 2840/2870/1589 2842/968/433 2841/2227/1589
f 2474/1890/1590 2476/983/444 2475/2715/1590
f 3084/1892/1593 3086/980/443 3085/2717/1593
f 2780/2462/447 2782/976/440 2781/2719/447
f 3275/992/453 3273/2871/1667 3272/1558/1588
f 2509/989/449 2507/2872/1591 2506/1563/1591
f 2872/2466/448 2874/994/455 2873/2243/448
f 2646/435/426 2650/439/426 2647/436/426
f 2674/462/131 2648/437/1668 2647/436/1668
f 2414/1570/1595 2416/986/446 2415/2873/1595
f 2467/404/450 2464/2720/450 2463/92/450
f 2829/473/450 2826/470/450 2825/469/450
f 3240/1903/1600 3242/998/456 3241/2725/1600
f 3116/1905/1669 3118/1007/462 3117/2723/1597
f 2522/1907/1599 2524/1001/458 2523/2724/1599
f 2888/2474/1601 2890/1004/460 2889/2256/1601
f 2538/1909/1602 2540/1013/466 2539/2727/1602
f 2904/2874/1603 2906/1016/468 2905/2728/1603
f 2764/2223/1604 2766/1010/464 2765/2730/1604
f 2398/1913/1269 2400/1019/470 2399/2731/1269
f 3068/1915/1607 3070/1021/473 3069/2735/1607
f 3432/290/1670 3429/2875/426 3428/2876/426
f 2554/1917/1605 2556/1030/480 2555/2732/1605
f 2748/2877/478 2750/1025/476 2749/2738/1608
f 2382/1921/1271 2384/1028/477 2383/2739/1271
f 3288/1923/1606 3290/1037/486 3289/2734/1606
f 3417/1724/868 3415/2878/1671 3414/1598/1610
f 2923/1046/492 2921/2879/1609 2920/2479/1609
f 2735/1038/487 2733/2880/495 2732/2742/495
f 2321/1055/499 2319/2881/1672 2318/1930/1672
f 3354/1932/1615 3356/1043/489 3355/2748/1615
f 2369/1052/496 2367/2882/1276 2366/1604/1276
f 3227/1049/494 3225/2883/1618 3224/1934/1618
f 2687/1059/502 2685/2884/1611 2684/2253/1611
f 3055/1058/501 3053/2885/1616 3052/1610/1616
f 2971/1439/711 2969/2886/509 2968/2750/509
f 3135/1067/508 3133/2887/1612 3132/1603/1612
f 3325/1064/505 3323/2888/1613 3322/1607/1613
f 2675/463/132 2672/2889/450 2671/2890/450
f 3171/2891/1103 3174/532/1103 3172/2104/1103
f 2719/1071/511 2717/2892/513 2716/2753/513
f 2602/1947/1292 2604/1069/510 2603/2763/1292
f 2353/1076/514 2351/2893/1284 2350/1623/1284
f 3167/1078/517 3165/2894/1673 3164/1624/1622
f 2334/1951/1621 2336/1084/520 2335/2755/1621
f 2623/110/408 2626/417/408 2624/2895/408
f 2995/486/450 2992/2896/450 2991/2897/450
f 3341/1081/519 3339/2764/1626 3338/1952/1626
f 2700/2898/1624 2702/1090/524 2701/2761/1624
f 3151/1087/523 3149/2899/1627 3148/1633/1627
f 2573/1096/529 2571/2900/1674 2570/1628/1625
f 3398/1957/1631 3400/1092/527 3399/2767/1631
f 3192/1638/1630 3194/1099/530 3193/2901/1630
f 2939/1102/534 2937/2902/528 2936/2264/528
f 3385/1108/538 3383/1962/1628 3382/1637/1628
f 3177/2903/1675 3180/536/1676 3178/2757/1677
f 2952/2904/542 2954/1105/535 2953/2769/542
f 3208/1644/1632 3210/1111/539 3209/2905/1632
f 2586/1647/1299 2588/1114/541 2587/1968/1465
f 202/719/1469 200/2906/545 199/1119/545
f 736/91/585 739/404/585 737/92/585
f 372/2794/1640 370/1874/958 369/1876/958
f 3028/508/426 3456/578/426 3455/577/426
f 1098/169/585 1101/172/585 1099/170/585
f 3454/2907/591 3024/2908/591 3023/2908/591
f 1/2909/1633 1729/313/1633 1728/312/1633
f 13/2909/1678 1741/325/1678 1740/324/1678
f 25/2909/1679 1753/337/1679 1752/336/1679
f 31/29/1678 1757/2910/1678 1759/2911/1678
f 66/39/1633 1793/350/93 1795/352/95
f 528/73/1680 2255/382/1680 2254/381/1680
f 887/100/1678 2614/407/1681 2613/406/1681
f 898/2912/1678 2625/481/1678 2627/2913/1678
f 911/124/1678 2638/428/1678 2637/427/1678
f 922/2914/1633 2649/2915/1633 2651/2916/1633
f 935/148/1682 2662/451/1683 2661/450/1683
f 947/160/1684 2673/2917/1685 2675/2918/1684
f 1255/183/1633 2982/413/1686 2981/478/1686
f 1266/194/1687 2993/2919/1687 2995/2920/1687
f 1279/207/1633 3005/2921/1633 3007/2922/1633
f 1291/2923/1678 3019/2924/1678 3021/2925/1678
f 1306/229/1687 3030/510/1687 3029/509/1687
f 1318/241/1688 3041/2926/1688 3043/2927/1688
f 1460/265/1689 3186/542/1690 3185/541/1690
f 1581/267/1688 3306/2928/1688 3308/2929/1688
f 1692/2909/1678 3419/556/1678 3418/324/1678
f 1704/185/1678 3430/2930/1678 3432/2931/1678
f 1717/303/1688 3443/569/1688 3442/424/1688
f 4/2932/1678 1732/316/1678 1731/315/1678
f 16/16/1633 1744/328/1691 1743/327/1691
f 33/2933/1688 1761/343/1688 1760/342/1688
f 69/42/15 1797/354/1687 1796/353/1687
f 359/58/1692 2086/368/1692 2085/367/1692
f 364/61/1687 2091/371/1687 2090/370/1687
f 530/2934/1688 2258/385/1688 2257/384/1688
f 889/179/1686 2617/410/1633 2616/409/1633
f 901/191/1633 2629/419/1633 2628/418/1633
f 913/203/1633 2641/431/1686 2640/430/1686
f 925/2935/1687 2653/442/1687 2652/441/1687
f 937/2936/1688 2665/453/1688 2664/452/1688
f 949/162/1693 2677/394/1694 2676/464/1694
f 953/166/1695 2680/466/1695 2679/465/1695
f 1097/168/1696 2825/469/1696 2824/468/1696
f 1101/172/1697 2827/471/1698 2829/473/1698
f 1245/2909/1678 2973/474/1678 2972/324/1678
f 1257/185/1678 2985/479/1678 2984/414/1678
f 1269/197/1688 2997/487/1688 2996/424/1688
f 1282/209/1687 3010/2928/1687 3009/2937/1687
f 1296/2938/1633 3023/505/1686 3022/507/1686
f 1308/2909/1678 3033/512/1678 3032/324/1678
f 1320/2909/1699 3045/523/1700 3044/324/1700
f 1324/247/1701 3048/526/1702 3047/525/1702
f 1444/2939/1703 3169/529/1703 3168/528/1703
f 1448/253/1704 3173/2940/1704 3175/2941/1704
f 1583/2942/1678 3310/548/1678 3309/547/1678
f 1695/2943/1678 3422/407/1681 3421/557/1681
f 1707/2944/1678 3434/481/1678 3433/563/1678
f 1719/2945/1678 3446/428/1678 3445/570/1678
f 7/2946/1688 1735/319/1688 1734/318/1688
f 19/19/1705 1747/331/1687 1746/330/1687
f 36/2947/1687 1764/346/1687 1763/345/1687
f 72/45/1706 1800/357/1706 1799/356/1706
f 171/48/1707 1899/360/1707 1898/359/1707
f 174/51/1708 1901/362/1708 1903/364/1708
f 366/2948/1633 2094/374/1633 2093/373/1633
f 533/2949/1678 2261/388/1678 2260/387/1678
f 892/2950/1633 2620/413/1709 2619/412/1709
f 904/194/1687 2632/422/1687 2631/421/1687
f 916/2951/1633 2643/2921/1633 2645/2952/1633
f 928/2953/1688 2656/445/1688 2655/444/1688
f 940/2954/1678 2668/456/1678 2667/455/1678
f 1248/176/1678 2976/407/1681 2975/475/1681
f 1260/188/1678 2988/481/1678 2987/480/1678
f 1272/200/1678 3000/428/1678 2999/488/1678
f 1284/2955/1710 3013/2956/1687 3012/498/1687
f 1311/2957/1633 3036/515/1633 3035/514/1633
f 1450/2909/1711 3177/534/1711 3176/324/1711
f 1454/259/1712 3179/2958/1712 3181/2959/1712
f 1636/2960/1688 3363/551/1688 3362/550/1688
f 1698/179/1686 3425/559/1633 3424/558/1633
f 1710/191/1633 3437/564/1633 3436/418/1633
f 1722/203/1633 3449/571/1686 3448/430/1686
f 11/11/1687 1737/2961/1687 1739/2962/1687
f 23/23/1688 1749/333/1688 1751/335/1688
f 63/2909/1713 1791/348/91 1790/324/90
f 305/2909/1714 2033/366/1715 2032/365/1715
f 395/2963/1716 2123/377/1716 2122/376/1716
f 398/2964/1717 2125/2965/1717 2127/2966/1717
f 536/2967/1718 2264/391/1719 2263/390/1719
f 587/2968/1693 2315/394/1694 2314/393/1694
f 591/88/1720 2318/397/1720 2317/396/1720
f 735/2969/1721 2463/400/1696 2462/399/1696
f 739/94/1697 2465/2970/1697 2467/2971/1697
f 883/2909/1678 2611/405/1678 2610/324/1678
f 895/185/1678 2623/415/1678 2622/414/1678
f 907/197/1688 2635/425/1688 2634/424/1688
f 920/133/1722 2646/2972/1723 2648/324/1723
f 931/2973/1724 2659/448/1725 2658/447/1724
f 943/2974/1633 2671/459/1633 2670/458/1633
f 1251/179/1686 2979/476/1633 2978/409/1633
f 1263/191/1633 2991/483/1633 2990/418/1633
f 1275/203/1633 3003/490/1686 3002/489/1686
f 1288/2975/1688 3017/501/1688 3016/500/1688
f 1302/2976/1633 3026/2977/1633 3028/2978/1633
f 1314/2979/1687 3039/518/1687 3038/517/1687
f 1456/2980/1726 3183/539/1727 3182/538/1727
f 1639/2981/1678 3366/554/1678 3365/553/1678
f 1701/2982/1633 3428/413/1686 3427/561/1686
f 1713/2983/1687 3440/567/1687 3439/566/1687
f 1726/311/1633 3451/2921/1633 3453/2984/1633
f 24/2985/592 20/2986/592 2/2/592
f 4/2932/64 1729/313/64 3/2987/64
f 1/2988/591 1737/2961/591 10/10/591
f 8/8/592 5/5/592 20/2986/592
f 7/2946/1728 1732/316/1728 6/2989/1728
f 11/11/138 1735/319/138 9/2990/138
f 16/16/64 1741/325/64 15/2127/64
f 13/13/1728 1749/333/1728 22/22/1728
f 19/19/591 1744/328/591 18/18/591
f 23/23/138 1747/331/138 21/21/138
f 25/2991/1729 1789/2992/1730 61/2993/1730
f 245/2994/592 243/2995/592 101/2996/592
f 1755/2997/64 1753/337/64 28/2998/64
f 67/2999/592 34/32/592 32/2160/592
f 33/2933/1728 1757/2910/1728 30/28/1728
f 36/2947/138 1761/343/138 35/3000/138
f 40/3001/1731 1764/346/591 38/3002/591
f 41/3003/1732 1766/3004/1731 40/3001/1731
f 44/3005/1733 1768/3006/1732 41/3003/1732
f 46/1830/1734 1770/3007/1733 44/3005/1733
f 48/3008/1735 1772/969/1734 46/1830/1734
f 50/3009/1736 1774/3010/1735 48/3008/1735
f 52/3011/1737 1777/3012/1736 50/3009/1736
f 54/3013/1738 1778/3014/1737 52/3011/1737
f 56/3015/1739 1780/3016/1738 54/3013/1738
f 57/3017/1740 1782/3018/1739 56/3015/1739
f 60/3019/1741 1784/3020/1740 57/3017/1740
f 61/2993/1730 1786/3021/1741 60/3019/1741
f 63/37/1742 2030/1439/1743 304/1860/1743
f 66/39/64 1791/348/1660 65/1861/64
f 69/42/591 1793/350/591 68/41/591
f 71/44/1326 1799/356/138 1797/354/138
f 76/2787/1744 1800/357/1745 74/47/1745
f 77/645/1746 1802/2009/1744 76/2787/1744
f 80/644/1747 1804/2008/1746 77/645/1746
f 82/1519/1748 1806/2262/1747 80/644/1747
f 84/1851/1749 1808/2687/1748 82/1519/1748
f 86/2153/1750 1810/2848/1749 84/1851/1749
f 88/2152/1751 1813/914/1750 86/2153/1750
f 90/2374/1752 1814/912/1751 88/2152/1751
f 92/2782/1753 1816/1336/1752 90/2374/1752
f 93/631/1754 1818/2001/1753 92/2782/1753
f 96/630/1755 1820/2254/1754 93/631/1754
f 98/1143/1756 1822/2253/1755 96/630/1755
f 100/1507/1757 1824/2468/1758 98/1143/1756
f 102/2144/1759 1826/1454/1757 100/1507/1757
f 104/2143/1760 1829/882/1759 102/2144/1759
f 106/2584/1761 1830/1318/1760 104/2143/1760
f 108/1281/1762 1832/1667/1761 106/2584/1761
f 109/606/1763 1834/1986/1762 108/1281/1762
f 112/1133/1764 1836/2241/1763 109/606/1763
f 114/1497/1765 1838/2464/1764 112/1133/1764
f 116/1832/1766 1840/2678/1765 114/1497/1765
f 118/1831/1767 1842/1470/1766 116/1832/1766
f 120/2138/1768 1845/875/1767 118/1831/1767
f 122/2581/1769 1846/873/1768 120/2138/1768
f 124/2776/1770 1848/1663/1769 122/2581/1769
f 125/596/1771 1850/1983/1770 124/2776/1770
f 128/595/1772 1852/1982/1771 125/596/1771
f 130/1124/1773 1854/2231/1772 128/595/1772
f 132/1491/1774 1856/2455/1773 130/1124/1773
f 134/2130/1775 1858/2672/1774 132/1491/1774
f 136/2350/1776 1861/861/1775 134/2130/1775
f 138/792/1777 1862/1307/1776 136/2350/1776
f 140/791/1778 1864/1306/1779 138/792/1777
f 141/580/1780 1866/1971/1778 140/791/1778
f 144/1116/1781 1868/2221/1780 141/580/1780
f 146/1115/1782 1870/2449/1781 144/1116/1781
f 148/2349/1783 1872/2448/1782 146/1115/1782
f 150/1238/1784 1875/1648/1783 148/2349/1783
f 151/584/1785 1876/1970/1784 150/1238/1784
f 154/583/1786 1878/1969/1785 151/584/1785
f 156/1487/1787 1880/2223/1786 154/583/1786
f 158/1486/1788 1882/1008/1787 156/1487/1787
f 160/1819/1789 1884/1409/1788 158/1486/1788
f 162/2354/1790 1887/864/1789 160/1819/1789
f 164/739/1791 1888/1310/1790 162/2354/1790
f 166/738/1792 1890/1658/1791 164/739/1791
f 167/600/1793 1892/1976/1792 166/738/1792
f 170/1129/1794 1894/2234/1793 167/600/1793
f 171/48/1795 1896/2462/1794 170/1129/1794
f 174/51/1796 1899/360/1796 173/50/1796
f 178/1197/1797 1901/362/1798 176/53/1798
f 179/592/1799 1904/1662/1797 178/1197/1797
f 182/1126/1800 1906/2229/1799 179/592/1799
f 184/1493/1801 1908/2457/1800 182/1126/1800
f 186/1825/1802 1910/965/1801 184/1493/1801
f 188/2134/1803 1912/963/1802 186/1825/1802
f 190/2352/1804 1915/867/1803 188/2134/1803
f 192/2351/1805 1916/1309/1804 190/2352/1804
f 194/2577/1806 1918/1308/1805 192/2351/1805
f 195/587/1807 1920/1656/1806 194/2577/1806
f 198/586/1808 1922/1975/1807 195/587/1807
f 200/2906/1809 1924/2225/1808 198/586/1808
f 1929/1655/1810 200/2906/1809 201/718/1810
f 204/2575/1811 1929/1655/1810 201/718/1810
f 205/589/1812 1930/1653/1811 204/2575/1811
f 208/1122/1813 1932/1973/1812 205/589/1812
f 210/1489/1814 1934/2454/1813 208/1122/1813
f 212/1823/1815 1936/966/1814 210/1489/1814
f 214/2136/1816 1938/1380/1815 212/1823/1815
f 216/2135/1817 1941/872/1816 214/2136/1816
f 218/709/1818 1942/870/1817 216/2135/1817
f 220/2579/1819 1944/1312/1818 218/709/1818
f 221/604/1820 1946/1660/1819 220/2579/1819
f 224/603/1821 1948/1978/1820 221/604/1820
f 226/1495/1822 1950/2239/1821 224/603/1821
f 228/1830/1823 1952/971/1822 226/1495/1822
f 230/1829/1824 1954/969/1823 228/1830/1823
f 232/2140/1825 1957/878/1824 230/1829/1824
f 234/2359/1826 1958/876/1825 232/2140/1825
f 236/2582/1827 1960/1316/1826 234/2359/1826
f 237/609/1828 1962/1665/1827 236/2582/1827
f 240/1135/1829 1964/1984/1828 237/609/1828
f 242/1134/1830 1966/2466/1829 240/1135/1829
f 244/1499/1831 1968/995/1830 242/1134/1830
f 246/1834/1832 1970/993/1831 244/1499/1831
f 248/2142/1833 1973/879/1832 246/1834/1832
f 250/744/1834 1974/1327/1833 248/2142/1833
f 252/2586/1835 1976/1326/1834 250/744/1834
f 253/632/1836 1978/1675/1835 252/2586/1835
f 256/1153/1837 1980/2255/1836 253/632/1836
f 258/1152/1838 1982/2474/1837 256/1153/1837
f 260/1517/1839 1984/1002/1838 258/1152/1838
f 262/1849/1840 1986/2686/1839 260/1517/1839
f 264/2151/1841 1989/911/1840 262/1849/1840
f 266/753/1842 1990/909/1841 264/2151/1841
f 268/2595/1843 1992/1690/1842 266/753/1842
f 269/641/1844 1994/1689/1843 268/2595/1843
f 272/1159/1845 1996/2260/1844 269/641/1844
f 274/1158/1846 1998/2478/1845 272/1159/1845
f 275/1161/1847 2000/2477/1846 274/1158/1846
f 278/1523/1848 2003/2479/1847 275/1161/1847
f 280/1522/1849 2004/1046/1848 278/1523/1848
f 282/2156/1850 2006/2690/1849 280/1522/1849
f 284/2378/1851 2009/918/1850 282/2156/1850
f 286/2597/1852 2010/1342/1851 284/2378/1851
f 288/824/1853 2012/1691/1852 286/2597/1852
f 289/648/1854 2014/2010/1853 288/824/1853
f 292/647/1855 2016/2265/1854 289/648/1854
f 294/1164/1856 2018/2264/1855 292/647/1855
f 296/1859/1857 2020/1102/1856 294/1164/1856
f 298/1858/1858 2022/1100/1857 296/1859/1857
f 300/2379/1859 2025/921/1858 298/1858/1858
f 301/858/1860 2026/1344/1859 300/2379/1859
f 304/1860/1743 2028/2483/1860 301/858/1860
f 305/3022/64 2094/374/64 368/3023/64
f 461/1852/592 459/1853/592 551/1520/592
f 309/3024/1861 2033/366/1862 307/3025/1862
f 311/3026/1863 2036/3027/1861 309/3024/1861
f 313/3028/1864 2037/3029/1863 311/3026/1863
f 315/3030/1865 2039/3031/1864 313/3028/1864
f 316/3032/1866 2041/3033/1865 315/3030/1865
f 319/3034/1867 2043/3035/1868 316/3032/1866
f 321/3036/1869 2045/3037/1867 319/3034/1867
f 323/3038/1870 2047/3039/1869 321/3036/1869
f 325/3040/1871 2049/3041/1870 323/3038/1870
f 327/2814/1872 2052/3042/1871 325/3040/1871
f 329/3043/1873 2053/2079/1872 327/2814/1872
f 331/3044/1874 2055/3045/1873 329/3043/1873
f 332/3046/1875 2057/3047/1874 331/3044/1874
f 335/3048/1876 2059/3049/1875 332/3046/1875
f 337/2176/1877 2061/3050/1876 335/3048/1876
f 339/3051/1878 2063/977/1877 337/2176/1877
f 341/3052/1879 2065/3053/1880 339/3051/1878
f 343/3054/1881 2068/3055/1879 341/3052/1879
f 345/3056/1882 2069/3057/1881 343/3054/1881
f 347/3058/1883 2071/3059/1882 345/3056/1882
f 348/3060/1884 2073/1656/1883 347/3058/1883
f 351/3061/1885 2075/3062/1884 348/3060/1884
f 353/3063/1886 2077/3064/1885 351/3061/1885
f 355/3065/1887 2079/3066/1886 353/3063/1886
f 357/2136/1888 2081/3067/1887 355/3065/1887
f 359/58/1889 2084/3068/1888 357/2136/1888
f 2086/368/138 358/57/138 361/3069/138
f 531/76/592 367/64/592 365/1127/592
f 366/2948/591 2091/371/591 363/60/591
f 370/3070/1890 2312/3071/1891 585/3072/1891
f 2099/3073/1892 370/2909/1890 371/3074/1892
f 373/3075/1893 2099/3073/1892 371/3074/1892
f 376/3076/1894 2100/3077/1893 373/3075/1893
f 378/3078/1895 2102/3079/1894 376/3076/1894
f 380/3080/1896 2104/3081/1895 378/3078/1895
f 382/3082/1897 2106/3083/1896 380/3080/1896
f 384/3084/1898 2109/3085/1897 382/3082/1897
f 386/3086/1899 2110/3087/1898 384/3084/1898
f 388/3088/1900 2112/3089/1899 386/3086/1899
f 389/3090/1901 2114/3091/1900 388/3088/1900
f 392/3092/1902 2116/3093/1901 389/3090/1901
f 394/3094/1903 2118/3095/1902 392/3092/1902
f 395/2963/1904 2120/3096/1903 394/3094/1903
f 398/2964/1905 2123/377/1905 397/3097/1905
f 401/3098/1906 2125/2965/1907 400/3099/1907
f 404/3100/1908 2128/3101/1906 401/3098/1906
f 406/3102/1909 2130/3103/1908 404/3100/1908
f 408/3104/1910 2132/3105/1909 406/3102/1909
f 410/3106/1911 2134/3107/1910 408/3104/1910
f 412/3108/1912 2137/3109/1911 410/3106/1911
f 414/2814/1913 2138/3110/1912 412/3108/1912
f 416/3111/1914 2140/2079/1913 414/2814/1913
f 417/3112/1915 2142/3113/1914 416/3111/1914
f 420/3114/1916 2144/3115/1915 417/3112/1915
f 422/3116/1917 2146/3117/1916 420/3114/1916
f 424/3118/1918 2148/3119/1919 422/3116/1917
f 426/3120/1920 2151/1710/1918 424/3118/1918
f 427/3121/1921 2152/3122/1920 426/3120/1920
f 430/3123/1922 2154/3124/1921 427/3121/1921
f 432/3125/1923 2156/3126/1922 430/3123/1922
f 434/3127/1924 2158/3128/1923 432/3125/1923
f 436/3129/1925 2160/3130/1924 434/3127/1924
f 438/3131/1926 2163/3132/1925 436/3129/1925
f 440/3133/1927 2164/3134/1926 438/3131/1926
f 442/3135/1928 2166/3136/1927 440/3133/1927
f 443/3137/1929 2168/3138/1928 442/3135/1928
f 446/3139/1930 2170/3140/1929 443/3137/1929
f 448/3141/1931 2172/3142/1930 446/3139/1930
f 450/3143/1932 2174/3144/1931 448/3141/1931
f 452/3145/1933 2176/3146/1932 450/3143/1932
f 453/3147/1934 2179/3148/1933 452/3145/1933
f 456/3149/1935 2180/3150/1934 453/3147/1934
f 458/3151/1936 2182/1656/1935 456/3149/1935
f 460/3152/1937 2184/3153/1936 458/3151/1936
f 462/3154/1938 2186/3155/1937 460/3152/1937
f 464/3156/1939 2189/3157/1938 462/3154/1938
f 466/3158/1940 2190/3159/1939 464/3156/1939
f 466/3158/1940 2194/3160/1941 2192/3161/1940
f 469/3162/1942 2194/3160/1941 468/3163/1941
f 472/3164/1943 2196/3165/1942 469/3162/1942
f 474/3166/1944 2198/3167/1943 472/3164/1943
f 476/3168/1945 2200/3169/1944 474/3166/1944
f 478/3170/1946 2202/3171/1945 476/3168/1945
f 480/3172/1947 2205/3173/1946 478/3170/1946
f 482/3174/1948 2206/3175/1947 480/3172/1947
f 484/3176/1949 2208/3177/1948 482/3174/1948
f 485/3178/1950 2210/3179/1949 484/3176/1949
f 488/3180/1951 2212/3181/1950 485/3178/1950
f 490/3182/1952 2214/3183/1951 488/3180/1951
f 492/3184/1953 2216/3185/1952 490/3182/1952
f 494/3186/1954 2218/3187/1953 492/3184/1953
f 496/3188/1955 2221/3189/1954 494/3186/1954
f 498/3190/1956 2222/3191/1955 496/3188/1955
f 500/3192/1957 2224/3193/1956 498/3190/1956
f 501/3194/1958 2226/3195/1957 500/3192/1957
f 504/3196/1959 2228/3197/1958 501/3194/1958
f 506/3198/1960 2230/3199/1959 504/3196/1959
f 508/3200/1961 2232/3201/1960 506/3198/1960
f 510/3202/1962 2234/3203/1961 508/3200/1961
f 512/3204/1963 2237/3205/1962 510/3202/1962
f 514/3206/1964 2238/3207/1963 512/3204/1963
f 516/3208/1965 2240/3209/1964 514/3206/1964
f 517/3210/1966 2242/3211/1965 516/3208/1965
f 520/3212/1967 2244/3213/1966 517/3210/1966
f 522/3214/1968 2246/3215/1967 520/3212/1967
f 524/3216/1969 2248/3217/1968 522/3214/1968
f 526/3218/1970 2250/3219/1969 524/3216/1969
f 528/73/1971 2253/3220/1970 526/3218/1970
f 527/72/138 2257/384/138 2255/382/138
f 533/2949/1728 2258/385/1728 532/3221/1728
f 536/2967/64 2261/388/64 535/3222/64
f 540/3223/1972 2264/391/1973 538/3224/1973
f 542/3225/1974 2267/3226/1972 540/3223/1972
f 544/3227/1975 2268/3228/1974 542/3225/1974
f 546/3229/1976 2270/3230/1975 544/3227/1975
f 547/3231/1977 2272/3232/1976 546/3229/1976
f 550/3233/1978 2274/3234/1977 547/3231/1977
f 552/3235/1979 2276/3236/1978 550/3233/1978
f 554/3237/1980 2278/3238/1979 552/3235/1979
f 556/3239/1981 2280/3240/1980 554/3237/1980
f 558/3241/1982 2283/3242/1981 556/3239/1981
f 560/3243/1983 2284/3244/1982 558/3241/1982
f 562/3245/1984 2286/3246/1983 560/3243/1983
f 563/3247/1985 2288/3248/1984 562/3245/1984
f 566/3249/1986 2290/3250/1985 563/3247/1985
f 568/3251/1987 2293/3252/1986 566/3249/1986
f 570/3253/1988 2294/3254/1987 568/3251/1987
f 572/3255/1989 2296/3256/1988 570/3253/1988
f 573/3257/1990 2298/3258/1989 572/3255/1989
f 576/3259/1633 2300/3260/1990 573/3257/1990
f 578/3261/1991 2302/3262/1633 576/3259/1633
f 580/3263/1992 2304/3264/1991 578/3261/1991
f 582/3265/1993 2306/3266/1992 580/3263/1992
f 584/3267/1994 2309/3268/1993 582/3265/1993
f 585/3072/1891 2310/3269/1994 584/3267/1994
f 587/2968/1995 2608/1439/1996 882/1939/1996
f 645/2643/592 643/1436/592 831/2423/592
f 2317/396/1728 589/3270/1728 591/88/1728
f 594/3271/1997 2318/397/1998 590/87/1998
f 596/3272/1999 2321/2538/1997 594/3271/1997
f 598/3273/2000 2322/2253/1999 596/3272/1999
f 600/1507/2001 2324/1059/2002 598/3273/2000
f 601/3274/2003 2326/3275/2001 600/1507/2001
f 604/2822/2004 2328/882/2003 601/3274/2003
f 606/2584/2005 2330/1318/2004 604/2822/2004
f 608/3276/2006 2332/2330/2005 606/2584/2005
f 610/3032/2007 2334/1986/2006 608/3276/2006
f 610/3032/2007 2338/2898/2008 2337/3035/2007
f 614/1497/2009 2338/2898/2008 612/1954/2008
f 614/1497/2009 2342/1470/2010 2340/1088/2009
f 617/3277/2011 2342/1470/2010 616/2439/2012
f 620/2661/2013 2344/875/2011 617/3277/2011
f 622/3278/2014 2346/873/2013 620/2661/2013
f 624/3279/2015 2348/2110/2014 622/3278/2014
f 626/3280/2016 2350/3281/2015 624/3279/2015
f 628/595/2017 2353/2551/2018 626/3280/2016
f 630/1945/2019 2354/2753/2017 628/595/2017
f 632/1491/2020 2356/2455/2019 630/1945/2019
f 633/3282/2021 2358/1452/2020 632/1491/2020
f 636/2350/2022 2360/861/2021 633/3282/2021
f 638/792/2023 2362/1307/2022 636/2350/2022
f 640/3283/2024 2364/1306/2023 638/792/2023
f 642/3284/2025 2366/1971/2024 640/3283/2024
f 644/1116/2026 2369/2221/2025 642/3284/2025
f 646/3285/2027 2370/2742/2028 644/1116/2026
f 648/3286/2029 2372/2448/2030 646/3285/2027
f 649/3287/2031 2374/3288/2029 648/3286/2029
f 652/2814/2032 2376/3289/2031 649/3287/2031
f 654/776/2033 2378/2079/2032 652/2814/2032
f 656/3290/2034 2380/2318/2033 654/776/2033
f 658/3291/2035 2382/2534/2034 656/3290/2034
f 660/1919/2036 2385/2737/2035 658/3291/2035
f 662/3292/2037 2386/2877/2036 660/1919/2036
f 664/2418/2038 2388/1023/2039 662/3292/2037
f 665/3293/2040 2390/3294/2038 664/2418/2038
f 668/2812/2041 2392/1762/2040 665/3293/2040
f 670/767/2042 2394/2074/2041 668/2812/2041
f 672/3295/2043 2396/1648/2042 670/767/2042
f 674/3296/2044 2398/1970/2043 672/3295/2043
f 676/583/2045 2401/2729/2044 674/3296/2044
f 678/1487/2046 2402/3297/2045 676/583/2045
f 680/3298/2047 2404/1008/2048 678/1487/2046
f 681/2629/2049 2406/1409/2047 680/3298/2047
f 684/2354/2050 2408/864/2049 681/2629/2049
f 686/3299/2051 2410/1310/2050 684/2354/2050
f 688/3300/2052 2412/1658/2051 686/3299/2051
f 690/600/2053 2414/1976/2052 688/3300/2052
f 692/1894/2054 2417/2234/2053 690/600/2053
f 694/2176/2055 2418/2462/2054 692/1894/2054
f 696/3301/2056 2420/977/2055 694/2176/2055
f 697/3302/2057 2422/975/2056 696/3301/2056
f 700/2615/2058 2424/3303/2057 697/3302/2057
f 702/3304/2059 2426/1725/2058 700/2615/2058
f 704/3305/2060 2428/2041/2059 702/3304/2059
f 706/3306/2061 2430/3307/2060 704/3305/2060
f 708/3308/2062 2433/2496/2061 706/3306/2061
f 710/1879/2063 2434/2705/2062 708/3308/2062
f 712/3309/2064 2436/945/2063 710/1879/2063
f 713/3310/2065 2438/1362/2064 712/3309/2064
f 716/3311/2066 2440/1713/2065 713/3310/2065
f 718/3312/2067 2442/2029/2066 716/3311/2066
f 720/3313/2068 2444/2283/2067 718/3312/2067
f 722/3314/2069 2446/1662/2068 720/3313/2068
f 724/3315/2070 2449/2229/2069 722/3314/2069
f 726/1883/2071 2450/2457/2070 724/3315/2070
f 728/3316/2072 2452/3317/2073 726/1883/2071
f 729/2134/2074 2454/963/2072 728/3316/2072
f 732/3318/2075 2456/867/2074 729/2134/2074
f 734/732/2076 2458/1309/2075 732/3318/2075
f 735/2969/2077 2460/3319/2076 734/732/2076
f 2467/2971/591 737/3320/591 739/94/591
f 741/3321/2078 2465/2970/2079 738/93/2079
f 744/2624/2080 2468/1743/2078 741/3321/2078
f 746/718/2081 2470/1742/2080 744/2624/2080
f 748/2575/2082 2472/1655/2081 746/718/2081
f 750/3322/2083 2474/1653/2082 748/2575/2082
f 752/1888/2084 2477/1973/2083 750/3322/2083
f 754/1489/2085 2478/2454/2084 752/1888/2084
f 756/1823/2086 2480/966/2085 754/1489/2085
f 757/2136/2087 2482/1380/2086 756/1823/2086
f 760/2798/2088 2484/872/2087 757/2136/2087
f 762/3323/2089 2486/870/2088 760/2798/2088
f 764/2579/2090 2488/1312/2091 762/3323/2089
f 766/1203/2092 2490/1660/2090 764/2579/2090
f 768/3324/2093 2493/1978/2092 766/1203/2092
f 770/1495/2094 2494/2239/2093 768/3324/2093
f 772/1830/2095 2496/971/2096 770/1495/2094
f 773/2398/2097 2498/969/2098 772/1830/2095
f 776/3325/2099 2500/878/2100 773/2398/2097
f 778/2359/2101 2502/876/2099 776/3325/2099
f 780/3326/2102 2504/1316/2101 778/2359/2101
f 782/609/2103 2506/1665/2102 780/3326/2102
f 784/3327/2104 2509/2510/2105 782/609/2103
f 786/3328/2106 2510/2466/2104 784/3327/2104
f 788/1499/2107 2512/3329/2106 786/3328/2106
f 789/2407/2108 2514/993/2107 788/1499/2107
f 792/2626/2109 2516/879/2108 789/2407/2108
f 794/3330/2110 2518/1746/2109 792/2626/2109
f 796/1230/2111 2520/1326/2110 794/3330/2110
f 798/1577/2112 2522/2521/2113 796/1230/2111
f 800/3331/2114 2525/2726/2112 798/1577/2112
f 802/1152/2115 2526/2474/2114 800/3331/2114
f 804/3332/2116 2528/3333/2115 802/1152/2115
f 805/3334/2117 2530/2686/2116 804/3332/2116
f 808/2808/2118 2532/1753/2119 805/3334/2117
f 810/753/2120 2534/909/2121 808/2808/2118
f 812/2595/2122 2536/1690/2120 810/753/2120
f 814/3335/2123 2538/1689/2122 812/2595/2122
f 816/3336/2124 2541/2260/2123 814/3335/2123
f 818/3337/2125 2542/2478/2124 816/3336/2124
f 820/3338/2126 2544/2477/2125 818/3337/2125
f 821/3339/2127 2546/1419/2126 820/3338/2126
f 824/3340/2128 2548/3341/2127 821/3339/2127
f 826/3342/2129 2550/3343/2128 824/3340/2128
f 828/3344/2130 2552/2312/2129 826/3342/2129
f 830/1596/2131 2554/2532/2130 828/3344/2130
f 832/1161/2132 2557/2740/2131 830/1596/2131
f 834/3345/2133 2558/2479/2132 832/1161/2132
f 836/3346/2134 2560/1046/2133 834/3345/2133
f 837/2156/2135 2562/2690/2134 836/3346/2134
f 840/2823/2136 2564/918/2135 837/2156/2135
f 842/825/2137 2566/1342/2136 840/2823/2136
f 844/3347/2138 2568/2102/2137 842/825/2137
f 846/648/2139 2570/2010/2138 844/3347/2138
f 848/647/2140 2573/2265/2139 846/648/2139
f 850/1164/2141 2574/2264/2140 848/647/2140
f 852/3348/2142 2576/1102/2141 850/1164/2141
f 853/2446/2143 2578/1100/2142 852/3348/2142
f 856/2669/2144 2580/921/2143 853/2446/2143
f 858/3349/2145 2582/1344/2144 856/2669/2144
f 860/3350/2146 2584/2125/2145 858/3349/2145
f 862/3351/2147 2586/3352/2148 860/3350/2146
f 864/1964/1955 2589/2768/2149 862/3351/2147
f 866/3353/2150 2590/2904/1955 864/1964/1955
f 868/3354/2151 2592/1103/2150 866/3353/2150
f 869/3355/2152 2594/3356/2151 868/3354/2151
f 872/2825/2153 2596/3357/2152 869/3355/2152
f 874/3358/2154 2598/2115/2155 872/2825/2153
f 876/3359/2156 2600/2339/2154 874/3358/2154
f 878/3360/2157 2602/2549/2156 876/3359/2156
f 880/1614/2158 2605/2751/2157 878/3360/2157
f 882/1939/1996 2606/2750/2158 880/1614/2158
f 883/3361/64 2643/2921/64 918/206/64
f 893/106/592 884/97/592 908/121/592
f 887/100/1728 2611/405/1728 885/3362/1728
f 889/179/64 2614/407/64 886/99/64
f 892/2950/591 2617/410/591 891/3363/591
f 895/185/64 2620/413/64 894/182/64
f 898/2912/1728 2623/415/1728 897/3364/1728
f 901/191/64 2625/481/64 900/3365/64
f 904/194/591 2629/419/591 903/3366/591
f 907/197/138 2632/422/138 906/3367/138
f 911/124/1728 2635/425/1728 909/3368/1728
f 913/203/64 2638/428/64 910/123/64
f 916/2951/591 2641/431/591 915/3369/591
f 922/2914/64 2646/2972/64 919/132/64
f 936/689/592 921/1898/592 948/1900/592
f 920/3370/2159 2673/2917/1685 946/159/1685
f 925/2935/591 2649/2915/591 924/3371/591
f 928/2953/138 2653/442/138 927/3372/138
f 931/2973/1724 2656/445/1728 930/3373/1728
f 935/148/2160 2659/448/1725 933/3374/1725
f 937/2936/138 2662/451/138 934/147/138
f 940/2954/1728 2665/453/1728 939/3375/1728
f 943/2974/64 2668/456/64 942/3376/64
f 947/160/1684 2671/459/591 945/3377/591
f 949/162/1995 2971/1439/1996 1244/1939/1996
f 1193/3378/592 1007/3379/592 1005/3380/592
f 953/166/1728 2677/2324/1728 951/2817/1728
f 956/631/2161 2680/466/2162 952/165/2162
f 958/630/2163 2682/2538/2161 956/631/2161
f 960/1936/2164 2684/2253/2163 958/630/2163
f 962/1507/2165 2687/1059/2164 960/1936/2164
f 964/2144/2166 2688/1454/2165 962/1507/2165
f 966/2822/2167 2690/882/2168 964/2144/2166
f 967/812/2169 2692/1318/2167 966/2822/2167
f 970/1281/2170 2694/2330/2169 967/812/2169
f 972/606/2171 2696/2553/2170 970/1281/2170
f 974/1954/2008 2698/2241/2172 972/606/2171
f 974/1954/2008 2703/1088/2009 2700/2898/2008
f 976/1497/2009 2704/1470/2010 2703/1088/2009
f 980/1831/2011 2704/1470/2010 978/2439/2012
f 982/2661/2013 2706/875/2011 980/1831/2011
f 983/816/2014 2708/873/2013 982/2661/2013
f 986/815/2015 2710/2110/2014 983/816/2014
f 988/1279/2016 2712/1983/2015 986/815/2015
f 990/1619/2017 2714/2551/2018 988/1279/2016
f 992/1945/2173 2716/2753/2017 990/1619/2017
f 994/1491/2020 2719/1071/2019 992/1945/2173
f 996/2130/2021 2720/1452/2020 994/1491/2020
f 998/2819/2022 2722/861/2021 996/2130/2021
f 999/792/2023 2724/1307/2022 998/2819/2022
f 1002/791/2024 2726/2325/2023 999/792/2023
f 1004/1258/2025 2728/1971/2024 1002/791/2024
f 1006/1600/2026 2730/2221/2025 1004/1258/2025
f 1008/1928/2174 2732/2742/2026 1006/1600/2026
f 1010/2422/2029 2735/1038/2174 1008/1928/2174
f 1012/2641/2031 2736/1431/2029 1010/2422/2029
f 1014/2814/2175 2738/1772/2031 1012/2641/2031
f 1015/776/2033 2740/2079/2175 1014/2814/2175
f 1018/1248/2034 2742/2318/2033 1015/776/2033
f 1020/1593/2035 2744/2534/2034 1018/1248/2034
f 1022/1919/2036 2746/2737/2035 1020/1593/2035
f 1024/2189/2039 2748/2877/2036 1022/1919/2036
f 1026/2418/2038 2751/1023/2039 1024/2189/2039
f 1028/2637/2040 2752/1423/2038 1026/2418/2038
f 1030/2812/2041 2754/1762/2040 1028/2637/2040
f 1031/767/2042 2756/2074/2041 1030/2812/2041
f 1034/1238/2043 2758/1648/2042 1031/767/2042
f 1036/1583/2044 2760/1970/2043 1034/1238/2043
f 1038/583/2045 2762/2729/2044 1036/1583/2044
f 1040/1487/2046 2764/2223/2045 1038/583/2045
f 1042/1486/2047 2767/1008/2048 1040/1487/2046
f 1044/2629/2049 2768/1409/2047 1042/1486/2047
f 1046/2354/2050 2770/864/2049 1044/2629/2049
f 1047/739/2051 2772/1310/2050 1046/2354/2050
f 1050/738/2052 2774/1658/2051 1047/739/2051
f 1052/1567/2053 2776/1976/2052 1050/738/2052
f 1054/1894/2054 2778/2234/2053 1052/1567/2053
f 1056/2176/2055 2780/2462/2054 1054/1894/2054
f 1058/2175/2056 2783/977/2055 1056/2176/2055
f 1060/2393/2057 2784/975/2056 1058/2175/2056
f 1062/2615/2058 2786/1378/2057 1060/2393/2057
f 1063/694/2176 2788/1725/2058 1062/2615/2058
f 1066/693/2060 2790/2041/2059 1063/694/2176
f 1068/1190/2061 2792/2289/2060 1066/693/2060
f 1070/1546/2062 2794/2496/2061 1068/1190/2061
f 1072/1879/2063 2796/2705/2062 1070/1546/2062
f 1074/2388/2064 2799/945/2063 1072/1879/2063
f 1076/2612/2065 2800/1362/2064 1074/2388/2064
f 1078/2795/2066 2802/1713/2065 1076/2612/2065
f 1079/684/2067 2804/2029/2066 1078/2795/2066
f 1082/1197/2068 2806/2283/2067 1079/684/2067
f 1084/1553/2069 2808/1662/2068 1082/1197/2068
f 1086/1884/2070 2810/2229/2069 1084/1553/2069
f 1088/1883/2071 2812/2867/2070 1086/1884/2070
f 1090/1825/2072 2815/965/2071 1088/1883/2071
f 1092/2402/2074 2816/963/2072 1090/1825/2072
f 1094/2623/2075 2818/1393/2074 1092/2402/2074
f 1095/732/2076 2820/1309/2075 1094/2623/2075
f 1097/168/2077 2822/1308/2076 1095/732/2076
f 1101/172/591 2825/469/591 1099/170/591
f 1104/2625/2177 2827/471/2178 1100/171/2178
f 1106/2624/2080 2830/1743/2177 1104/2625/2177
f 1107/718/2179 2832/1742/2080 1106/2624/2080
f 1110/1212/2082 2834/1655/2179 1107/718/2179
f 1112/589/2083 2836/1653/2082 1110/1212/2082
f 1114/1888/2180 2838/1973/2083 1112/589/2083
f 1116/2172/2085 2840/2870/2180 1114/1888/2180
f 1118/2394/2086 2843/966/2085 1116/2172/2085
f 1120/2136/2087 2844/1380/2086 1118/2394/2086
f 1122/2798/2088 2846/872/2087 1120/2136/2087
f 1123/709/2089 2848/870/2088 1122/2798/2088
f 1126/708/2090 2850/1312/2091 1123/709/2089
f 1128/1203/2092 2852/2295/2090 1126/708/2090
f 1130/603/2093 2854/1978/2092 1128/1203/2092
f 1132/1887/2094 2856/2239/2093 1130/603/2093
f 1134/2173/2095 2859/971/2096 1132/1887/2094
f 1136/2398/2097 2860/969/2098 1134/2173/2095
f 1138/2140/2099 2862/1387/2100 1136/2398/2097
f 1139/722/2101 2864/876/2099 1138/2140/2099
f 1142/721/2102 2866/1316/2101 1139/722/2101
f 1144/609/2103 2868/1665/2102 1142/721/2102
f 1146/1897/2104 2870/2510/2105 1144/609/2103
f 1148/1134/2106 2872/2466/2104 1146/1897/2104
f 1150/2181/2107 2875/995/2106 1148/1134/2106
f 1152/2407/2181 2876/993/2107 1150/2181/2107
f 1154/2626/2182 2878/1402/2181 1152/2407/2181
f 1155/744/2183 2880/1746/2182 1154/2626/2182
f 1158/1230/2184 2882/1326/2183 1155/744/2183
f 1160/1577/2185 2884/2521/2186 1158/1230/2184
f 1162/1908/2187 2886/2726/2188 1160/1577/2185
f 1164/2184/2189 2888/2474/2187 1162/1908/2187
f 1166/1517/2190 2891/1002/2189 1164/2184/2189
f 1168/2631/2191 2892/1408/2190 1166/1517/2190
f 1170/2808/2192 2894/1753/2193 1168/2631/2191
f 1171/753/2194 2896/909/2195 1170/2808/2192
f 1174/1236/2196 2898/1690/2197 1171/753/2194
f 1176/1581/2008 2900/1689/2196 1174/1236/2196
f 1178/1159/2198 2902/2260/2008 1176/1581/2008
f 1180/1158/2199 2904/2874/2198 1178/1159/2198
f 1182/2415/2200 2907/1014/2199 1180/1158/2199
f 1184/2635/2201 2908/1419/2200 1182/2415/2200
f 1186/2810/2202 2910/1760/2201 1184/2635/2201
f 1187/770/2203 2912/2071/2202 1186/2810/2202
f 1190/1246/2204 2914/2312/2205 1187/770/2203
f 1192/1596/2206 2916/2532/2204 1190/1246/2204
f 1194/1161/2207 2918/2740/2206 1192/1596/2206
f 1196/1926/2133 2920/2479/2207 1194/1161/2207
f 1198/1522/2134 2923/1046/2133 1196/1926/2133
f 1200/2156/2135 2924/1044/2134 1198/1522/2134
f 1202/2823/2136 2926/1786/2135 1200/2156/2135
f 1203/825/2137 2928/1342/2136 1202/2823/2136
f 1206/824/2138 2930/2102/2137 1203/825/2137
f 1208/1291/2139 2932/2010/2138 1206/824/2138
f 1210/647/2140 2934/2265/2208 1208/1291/2139
f 1212/1961/2141 2936/2264/2140 1210/647/2140
f 1214/2216/2142 2939/1102/2141 1212/1961/2141
f 1216/2446/2143 2940/1100/2142 1214/2216/2142
f 1216/2446/2143 2944/1344/2144 2942/1479/2143
f 1218/2669/2144 2946/2125/2145 2944/1344/2144
f 1222/857/2146 2946/2125/2145 1219/858/2145
f 1224/1643/2147 2948/2346/2148 1222/857/2146
f 1226/1964/1955 2950/2768/2149 1224/1643/2147
f 1228/2218/2150 2952/2904/1955 1226/1964/1955
f 1230/2442/2151 2955/1103/2150 1228/2218/2150
f 1232/2664/2152 2956/1473/2151 1230/2442/2151
f 1234/2825/2153 2958/1804/2152 1232/2664/2152
f 1235/839/2154 2960/2115/2155 1234/2825/2153
f 1238/1277/2156 2962/2339/2154 1235/839/2154
f 1240/1615/2157 2964/2549/2156 1238/1277/2156
f 1242/1614/2158 2966/2751/2157 1240/1615/2157
f 1244/1939/1996 2968/2750/2158 1242/1614/2158
f 1256/2316/592 1246/3381/592 1270/3382/592
f 1248/176/1728 2973/474/1728 1247/2412/1728
f 1245/174/64 3005/2921/64 1278/206/64
f 1251/179/64 2976/407/64 1250/178/64
f 1255/183/591 2979/476/591 1253/181/591
f 1257/185/64 2982/413/64 1254/182/64
f 1260/188/1728 2985/479/1728 1259/187/1728
f 1263/191/64 2988/481/64 1262/190/64
f 1266/194/591 2991/483/591 1265/193/591
f 1269/197/138 2993/2919/138 1268/196/138
f 1272/200/1728 2997/487/1728 1271/199/1728
f 1275/203/64 3000/428/64 1274/202/64
f 1279/207/591 3003/490/591 1277/205/591
f 1284/2955/591 3010/3383/591 1281/3384/591
f 1303/226/592 1283/1211/592 1307/2800/592
f 3012/498/121 3013/2956/121 3014/499/121
f 1282/209/138 3030/510/138 1305/228/138
f 1288/2975/138 3013/2956/138 1287/3385/138
f 1297/221/592 1289/215/592 1286/212/592
f 1291/2923/1728 3017/501/1728 1290/3386/1728
f 1296/2938/64 3019/2924/64 1293/3387/64
f 1300/2772/591 3023/505/591 1295/3388/591
f 1302/2976/64 3455/2773/64 1299/3389/64
f 1306/229/591 3026/2977/591 1304/3390/591
f 1308/3391/1728 3041/2926/1728 1317/240/1728
f 1312/235/592 1319/521/592 1315/238/592
f 1311/2957/64 3033/512/64 1310/3392/64
f 1314/2979/591 3036/515/591 1313/3393/591
f 1318/241/138 3039/518/138 1316/3394/138
f 1320/3395/2209 3173/2940/2209 1447/252/2209
f 1368/2617/592 1366/2396/592 1536/2390/592
f 1324/247/2210 3045/523/2210 1322/3396/2210
f 1327/3397/2211 3048/526/2212 1323/246/2212
f 1329/3398/2213 3050/3399/2214 1327/3397/2211
f 1331/3400/2215 3052/3401/2213 1329/3398/2213
f 1333/3402/2216 3055/3403/2217 1331/3400/2215
f 1335/3404/2218 3056/3405/2216 1333/3402/2216
f 1337/3406/2219 3058/3041/2218 1335/3404/2218
f 1338/3407/2220 3060/3408/2219 1337/3406/2219
f 1341/3409/2221 3062/3410/2220 1338/3407/2220
f 1343/3411/2222 3064/3412/2221 1341/3409/2221
f 1345/3413/2223 3066/3414/2222 1343/3411/2222
f 1347/3415/2224 3068/3416/2223 1345/3413/2223
f 1349/3417/2225 3071/3418/2226 1347/3415/2224
f 1351/3419/2227 3072/3420/2225 1349/3417/2225
f 1353/3421/2228 3074/3422/2227 1351/3419/2227
f 1354/3423/2229 3076/3424/2228 1353/3421/2228
f 1357/3425/2230 3078/3426/2229 1354/3423/2229
f 1359/3427/2231 3080/3428/2230 1357/3425/2230
f 1361/3429/2232 3082/3430/2231 1359/3427/2231
f 1363/3431/2233 3084/3432/2232 1361/3429/2232
f 1365/3433/2234 3087/3434/2233 1363/3431/2233
f 1367/3435/2235 3088/3436/2234 1365/3433/2234
f 1369/3437/2236 3090/3438/2235 1367/3435/2235
f 1370/3439/2237 3092/3053/2238 1369/3437/2236
f 1373/3440/2239 3094/3441/2237 1370/3439/2237
f 1375/3442/2240 3096/3443/2239 1373/3440/2239
f 1377/3444/2241 3098/3445/2240 1375/3442/2240
f 1379/3446/2242 3100/3447/2241 1377/3444/2241
f 1381/3448/2243 3103/3449/2242 1379/3446/2242
f 1383/3450/2244 3104/3451/2243 1381/3448/2243
f 1385/3452/2245 3106/3453/2244 1383/3450/2244
f 1386/3454/2246 3108/3455/2245 1385/3452/2245
f 1389/3456/2247 3110/3457/2246 1386/3454/2246
f 1391/3458/2248 3112/3459/2247 1389/3456/2247
f 1393/3460/2249 3114/3461/2248 1391/3458/2248
f 1395/3462/2250 3116/3463/2249 1393/3460/2249
f 1397/3464/2251 3119/3465/2250 1395/3462/2250
f 1399/3466/2252 3120/3467/2251 1397/3464/2251
f 1401/3468/2253 3122/3469/2252 1399/3466/2252
f 1402/3470/2254 3124/3471/2253 1401/3468/2253
f 1405/3472/2255 3126/3473/2254 1402/3470/2254
f 1407/3474/2256 3128/3475/2255 1405/3472/2255
f 1409/3476/2257 3130/3477/2256 1407/3474/2256
f 1411/3478/2258 3132/3479/2257 1409/3476/2257
f 1428/2438/592 1426/2211/592 1480/1300/592
f 1413/3480/2259 3135/3481/2258 1411/3478/2258
f 1415/3482/2260 3136/3483/2259 1413/3480/2259
f 1417/3484/2261 3138/3485/2260 1415/3482/2260
f 1418/3486/2262 3140/3487/2261 1417/3484/2261
f 1418/3486/2262 3144/3488/2263 3142/3489/2262
f 1423/3490/2264 3144/3488/2263 1421/3491/2263
f 1425/3492/2265 3146/3493/2264 1423/3490/2264
f 1427/3494/2266 3148/3495/2267 1425/3492/2265
f 1429/3496/2268 3151/3497/2269 1427/3494/2266
f 1431/3498/2270 3152/3499/2271 1429/3496/2268
f 1433/3500/2272 3154/3501/2270 1431/3498/2270
f 1434/3502/2273 3156/3503/2272 1433/3500/2272
f 1437/3504/2274 3158/3505/2273 1434/3502/2273
f 1439/3506/2275 3160/3507/2274 1437/3504/2274
f 1441/3508/2276 3162/3509/2275 1439/3506/2275
f 1443/3510/2277 3164/3511/2276 1441/3508/2276
f 1444/2939/2278 3167/3512/2277 1443/3510/2277
f 3171/3513/2279 3169/529/2279 1446/3514/2279
f 3181/2959/2280 1452/3515/2280 1454/259/2280
f 1450/3516/2281 3304/3517/2282 1579/3518/2282
f 1453/258/2283 3182/538/2283 3179/2958/2283
f 1460/265/2284 3183/539/2284 1458/3519/2284
f 1463/3520/2285 3186/542/2286 1459/264/2286
f 1465/3521/2287 3188/3522/2285 1463/3520/2285
f 1467/3523/2288 3190/3524/2287 1465/3521/2287
f 1469/3525/2289 3192/3526/2290 1467/3523/2288
f 1471/3527/2291 3195/3528/2289 1469/3525/2289
f 1473/3529/2292 3196/3530/2291 1471/3527/2291
f 1475/3531/2293 3198/3532/2292 1473/3529/2292
f 1476/3533/2294 3200/3534/2295 1475/3531/2293
f 1479/3535/2296 3202/3536/2294 1476/3533/2294
f 1481/3537/2297 3204/3538/2296 1479/3535/2296
f 1481/3537/2297 3208/3539/2298 3206/3540/2299
f 1483/3541/2298 3211/3542/2300 3208/3539/2298
f 1487/3543/2301 3211/3542/2300 1485/3544/2300
f 1489/3545/2302 3212/3546/2301 1487/3543/2301
f 1491/3547/2303 3214/3548/2302 1489/3545/2302
f 1492/3549/2304 3216/3550/2303 1491/3547/2303
f 1492/3549/2304 3220/3551/2305 3218/3552/2304
f 1497/3553/2306 3220/3551/2305 1495/3554/2305
f 1499/3555/2307 3222/3556/2306 1497/3553/2306
f 1501/3557/2308 3224/3558/2307 1499/3555/2307
f 1503/3559/2309 3227/3560/2308 1501/3557/2308
f 1505/3561/2310 3228/3562/2309 1503/3559/2309
f 1507/3058/2311 3230/3563/2310 1505/3561/2310
f 1508/3564/2312 3232/1656/2311 1507/3058/2311
f 1511/3565/2313 3234/3566/2312 1508/3564/2312
f 1513/3567/2314 3236/3568/2313 1511/3565/2313
f 1515/3569/2315 3238/3570/2314 1513/3567/2314
f 1517/3571/2316 3240/3572/2315 1515/3569/2315
f 1519/3573/2317 3243/3574/2316 1517/3571/2316
f 1521/3575/2318 3244/3576/2319 1519/3573/2317
f 1523/3577/2320 3246/3578/2318 1521/3575/2318
f 1524/3579/2321 3248/3580/2320 1523/3577/2320
f 1527/3581/2322 3250/3582/2321 1524/3579/2321
f 1529/3583/2323 3252/3584/2322 1527/3581/2322
f 1531/3585/2324 3254/3586/2323 1529/3583/2323
f 1533/3587/2325 3256/3588/2324 1531/3585/2324
f 1535/3589/2326 3259/3590/2325 1533/3587/2325
f 1537/3591/2327 3260/3592/2326 1535/3589/2326
f 1539/3593/2328 3262/3594/2327 1537/3591/2327
f 1540/3595/2329 3264/3596/2328 1539/3593/2328
f 1543/3597/2330 3266/3598/2329 1540/3595/2329
f 1545/3599/2331 3268/3600/2330 1543/3597/2330
f 1547/3601/2332 3270/3602/2331 1545/3599/2331
f 1549/3603/2333 3272/3604/2332 1547/3601/2332
f 1551/3605/2334 3275/3606/2333 1549/3603/2333
f 1553/3607/2335 3276/3608/2334 1551/3605/2334
f 1555/3609/2336 3278/3610/2335 1553/3607/2335
f 1556/3611/2337 3280/3612/2336 1555/3609/2336
f 1559/3613/2338 3282/3614/2337 1556/3611/2337
f 1561/3615/2339 3284/3616/2338 1559/3613/2338
f 1563/3617/2340 3286/3618/2339 1561/3615/2339
f 1565/3619/2341 3288/3620/2340 1563/3617/2340
f 1567/3621/2342 3291/3622/2341 1565/3619/2341
f 1569/3623/2343 3292/3624/2342 1567/3621/2342
f 1571/3625/2344 3294/3626/2343 1569/3623/2343
f 1572/3627/2345 3296/3628/2344 1571/3625/2344
f 1575/3629/2346 3298/3630/2345 1572/3627/2345
f 1577/3631/2347 3300/3632/2346 1575/3629/2346
f 1579/3518/2282 3302/3633/2347 1577/3631/2347
f 1583/2942/1728 3306/3634/1728 1580/3635/1728
f 1608/826/592 1607/828/592 1668/853/592
f 1581/267/138 3417/3636/2348 1691/3637/2348
f 1587/3638/2349 3310/548/64 1585/3639/64
f 1589/3640/2350 3312/3641/2349 1587/3638/2349
f 1590/3642/2351 3314/3643/2350 1589/3640/2350
f 1593/3644/2352 3316/3645/2351 1590/3642/2351
f 1595/3646/2353 3318/3647/2352 1593/3644/2352
f 1597/3648/2354 3320/3649/2353 1595/3646/2353
f 1599/3650/2355 3322/3651/2354 1597/3648/2354
f 1601/3652/2356 3325/3653/2355 1599/3650/2355
f 1603/3654/2357 3326/3655/2356 1601/3652/2356
f 1605/3656/2358 3328/3657/2359 1603/3654/2357
f 1606/3658/2360 3330/3659/2358 1605/3656/2358
f 1609/3660/2361 3332/3661/2360 1606/3658/2360
f 1609/3660/2361 3336/3662/2362 3334/3663/2361
f 1613/3664/2363 3336/3662/2362 1611/3665/2362
f 1615/3666/2364 3338/3667/2363 1613/3664/2363
f 1617/3668/2365 3341/3669/2364 1615/3666/2364
f 1619/3670/2366 3342/3671/2365 1617/3668/2365
f 1621/2814/2367 3344/3672/2366 1619/3670/2366
f 1622/3673/2368 3346/2079/2367 1621/2814/2367
f 1625/3674/2369 3348/3675/2368 1622/3673/2368
f 1627/3676/2370 3350/3677/2369 1625/3674/2369
f 1629/3678/2371 3352/3679/2370 1627/3676/2370
f 1631/3680/2372 3354/3681/2371 1629/3678/2371
f 1633/3682/2373 3357/3683/2372 1631/3680/2372
f 1634/3684/2374 3358/3685/2373 1633/3682/2373
f 1636/2960/138 3360/3686/2374 1634/3684/2374
f 1639/2981/1728 3363/551/1728 1638/3687/1728
f 1643/3688/2375 3366/554/64 1641/3689/64
f 1645/3690/2376 3369/3691/2375 1643/3688/2375
f 1647/3692/2377 3370/3693/2376 1645/3690/2376
f 1649/3694/2378 3372/3695/2377 1647/3692/2377
f 1650/3696/2379 3374/3697/2378 1649/3694/2378
f 1653/3698/2380 3376/3699/2379 1650/3696/2379
f 1655/3700/2381 3378/3701/2380 1653/3698/2380
f 1655/3700/2381 3382/3702/2382 3380/3703/2381
f 1659/3704/2383 3382/3702/2382 1657/3705/2382
f 1661/3706/2384 3385/3707/2383 1659/3704/2383
f 1661/3706/2384 3388/3708/2385 3386/3709/2384
f 1665/3710/2386 3388/3708/2385 1663/3711/2385
f 1665/3710/2386 3392/3712/2387 3390/3713/2386
f 1669/3714/2388 3392/3712/2387 1666/3715/2389
f 1671/3716/2390 3394/3717/2388 1669/3714/2388
f 1673/3718/2391 3396/3719/2390 1671/3716/2390
f 1675/3720/2392 3398/3721/2391 1673/3718/2391
f 1677/1908/2393 3401/3722/2394 1675/3720/2392
f 1679/3723/2395 3402/2474/2393 1677/1908/2393
f 1681/3724/2396 3404/3725/2395 1679/3723/2395
f 1682/3726/2397 3406/3727/2396 1681/3724/2396
f 1685/3728/2398 3408/3729/2397 1682/3726/2397
f 1687/3730/2399 3410/3731/2398 1685/3728/2398
f 1689/3732/2400 3412/3733/2399 1687/3730/2399
f 1691/3637/2348 3414/3734/2400 1689/3732/2400
f 1692/3361/64 3451/2921/64 1725/206/64
f 1702/288/592 1693/279/592 1718/691/592
f 1695/2943/1728 3419/556/1728 1694/3735/1728
f 1698/179/64 3422/407/64 1697/3736/64
f 1701/2982/591 3425/559/591 1700/3737/591
f 1704/185/64 3428/413/64 1703/182/64
f 1707/2944/1728 3430/2930/1728 1706/3738/1728
f 1710/191/64 3434/481/64 1709/3365/64
f 1713/2983/591 3437/564/591 1712/3739/591
f 1717/303/138 3440/567/138 1715/3367/138
f 1719/2945/1728 3443/569/1728 1716/302/1728
f 1722/203/64 3446/428/64 1721/3740/64
f 1726/311/591 3449/571/591 1724/3741/591
f 1736/2671/1422 1745/3742/1422 1748/3743/1422
f 1738/322/1422 1750/3744/1422 1742/3745/1422
f 1967/3746/1422 1835/3747/1422 1965/3748/1422
f 1762/1348/1422 1794/3749/1422 1798/3750/1422
f 2188/917/1422 2191/916/1422 2277/2259/1422
f 2092/2237/1422 2095/2835/1422 2262/2676/1422
f 2561/1776/1422 2368/1051/1422 2371/1436/1422
f 2621/2733/1422 2624/2895/1422 2633/118/1422
f 2663/2286/1422 2674/462/1422 2647/436/1422
f 2922/3751/1422 2731/3752/1422 2733/3753/1422
f 2998/1371/1422 2974/1392/1422 2983/2316/1422
f 3027/226/1422 3008/497/1422 3456/578/1422
f 3009/495/137 3010/2507/137 3011/496/137
f 3025/2711/1422 3018/2864/1422 3020/504/1422
f 3037/235/1422 3042/521/1422 3034/2500/1422
f 3255/2704/1422 3102/973/1422 3105/1390/1422
f 3178/2757/1422 3166/1077/1422 3170/2105/1422
f 3391/2124/1422 3337/2561/1422 3339/2764/1422
f 3444/2287/1422 3420/2297/1422 3429/2875/1422
f 1299/222/65 1300/2400/65 1301/223/65
f 1295/220/46 1296/3754/46 1297/221/46
f 1284/211/138 1285/211/138 1286/212/138
f 1282/209/62 1283/3755/62 3457/175/62
f 3023/505/64 3024/506/64 3025/506/64
f 3458/576/154 3454/2907/154 3455/577/154
f 10/321/155 12/1485/155 2/2/156
f 2/2/157 5/5/158 4/4/158
f 143/579/159 144/1116/159 141/580/160
f 152/582/161 153/1118/162 154/583/162
f 196/585/163 197/1120/164 198/586/164
f 207/588/165 208/1122/165 205/589/166
f 181/591/167 182/1126/167 179/592/168
f 126/594/169 127/1123/170 128/595/170
f 529/597/171 531/76/172 530/75/172
f 169/599/173 170/1129/173 167/600/174
f 222/602/176 223/1131/177 224/603/177
f 111/605/178 112/1133/178 109/606/179
f 239/608/181 240/1135/181 237/609/182
f 318/611/184 319/1137/556 316/612/185
f 334/614/186 335/1139/186 332/615/187
f 350/617/189 351/1141/189 348/618/190
f 518/620/191 519/1144/192 520/621/192
f 502/623/193 503/1147/194 504/624/194
f 486/626/195 487/1149/196 488/627/196
f 94/629/197 95/1142/198 96/630/198
f 255/12/199 256/1153/199 253/632/200
f 471/634/201 472/1151/201 469/635/202
f 549/637/203 550/1155/203 547/638/204
f 271/640/205 272/1159/205 269/641/206
f 78/643/207 79/1157/208 80/644/208
f 290/646/209 291/1163/210 292/647/210
f 25/25/211 61/1167/212 62/649/212
f 59/650/213 60/1168/213 57/651/214
f 43/653/215 44/1172/215 41/654/216
f 455/656/218 456/1170/218 453/657/219
f 403/659/220 404/1178/220 401/660/221
f 444/662/222 445/1173/223 446/663/223
f 391/665/225 392/1176/225 389/666/226
f 574/668/227 575/1180/228 576/669/228
f 418/671/229 419/1183/230 420/672/230
f 429/674/231 430/1182/231 427/675/232
f 374/677/234 375/1185/235 376/678/235
f 715/680/236 716/1188/236 713/681/237
f 1081/683/238 1082/1197/238 1079/684/239
f 914/127/158 913/126/158 910/686/158
f 938/151/240 937/150/240 934/688/240
f 1720/306/241 1719/305/241 1716/690/241
f 1064/692/242 1065/1189/243 1066/693/243
f 1526/695/244 1527/1192/244 1524/696/245
f 1542/698/246 1543/1201/246 1540/699/247
f 698/701/248 699/1198/249 700/702/249
f 1372/704/251 1373/1205/251 1370/705/252
f 1124/707/253 1125/1202/254 1126/708/254
f 759/710/256 760/1207/256 757/711/257
f 1725/713/158 1727/3756/158 1693/279/258
f 774/714/259 775/1213/260 776/715/260
f 1109/717/261 1110/1212/261 1107/718/262
f 1140/720/263 1141/1215/264 1142/721/264
f 730/723/265 731/1220/266 732/724/266
f 1388/726/267 1389/1225/600 1386/727/268
f 742/729/269 743/1217/270 744/730/270
f 1098/169/271 1097/168/271 1095/732/272
f 1355/734/273 1356/1218/274 1357/735/274
f 1048/737/275 1049/1223/276 1050/738/276
f 790/740/277 791/1227/278 792/741/278
f 1157/743/279 1158/1230/279 1155/744/280
f 682/746/281 683/1228/282 684/747/282
f 807/749/283 808/1234/283 805/750/284
f 1173/752/285 1174/1236/285 1171/753/286
f 890/103/158 889/102/158 886/755/158
f 1696/282/241 1695/281/241 1694/280/241
f 1509/757/287 1510/1232/605 1511/758/288
f 823/760/289 824/1240/289 821/761/290
f 1557/763/291 1558/1244/292 1559/764/292
f 1033/766/293 1034/1238/293 1031/767/294
f 1189/769/295 1190/1246/295 1187/770/296
f 667/772/297 668/1242/297 665/773/298
f 1256/184/158 1258/186/158 1257/185/158
f 1017/775/299 1018/1248/299 1015/776/300
f 651/778/301 652/1250/301 649/779/302
f 1340/781/303 1341/1252/615 1338/782/304
f 1403/784/306 1404/1253/616 1405/785/307
f 1591/787/308 1592/1255/309 1593/788/309
f 1000/790/310 1001/1257/311 1002/791/311
f 1683/793/312 1684/1259/313 1685/794/313
f 1574/796/314 1575/1269/314 1572/797/315
f 635/799/316 636/1262/623 633/800/317
f 839/802/318 840/1275/318 837/803/319
f 1624/805/320 1625/1264/320 1622/806/321
f 603/808/322 604/1273/322 601/809/323
f 969/811/324 970/1281/324 967/812/325
f 984/814/326 985/1278/327 986/815/327
f 1493/817/328 1494/1271/629 1495/818/329
f 1435/820/2401 1436/1283/2401 1437/821/2401
f 1204/823/333 1205/1290/334 1206/824/334
f 1608/826/335 1609/1287/335 1606/827/336
f 1651/829/337 1652/1292/338 1653/830/338
f 618/832/339 619/1284/340 620/833/340
f 1420/835/341 1421/1289/341 1418/836/342
f 1237/838/343 1238/1277/343 1235/839/344
f 1462/841/345 1463/1297/345 1459/842/75
f 871/844/346 872/1295/346 869/845/347
f 1478/847/349 1479/1301/349 1476/848/350
f 854/850/351 855/1302/352 856/851/352
f 1668/853/353 1669/1299/353 1666/854/354
f 1220/856/355 1221/1305/644 1222/857/356
f 1742/859/357 1750/334/357 1749/333/357
f 1741/325/358 1743/327/358 1745/329/358
f 1861/861/359 1862/1307/360 1863/862/360
f 1887/864/361 1888/1310/647 1889/865/362
f 1915/867/363 1916/1309/364 1917/868/364
f 1942/870/365 1943/1313/650 1940/871/366
f 1846/873/367 1847/1315/367 1844/874/368
f 1958/876/369 1959/1317/369 1956/877/370
f 1973/879/372 1974/1327/373 1975/880/373
f 1829/882/374 1830/1318/375 1831/883/375
f 2037/885/376 2038/1321/376 2035/886/377
f 2053/888/378 2054/1323/378 2051/889/379
f 2069/891/380 2070/1325/380 2067/892/381
f 2085/894/382 2087/2838/382 2083/895/383
f 2237/897/384 2238/1329/385 2239/898/385
f 2268/900/386 2269/1335/386 2266/901/387
f 2222/903/388 2223/1331/388 2220/904/389
f 2205/906/390 2206/1333/391 2207/907/391
f 1990/909/392 1991/1339/392 1988/910/393
f 1814/912/394 1815/1337/394 1812/913/395
f 2189/915/396 2190/1340/397 2191/916/397
f 2009/918/398 2010/1342/399 2011/919/399
f 2025/921/400 2026/1344/401 2027/922/401
f 2283/924/402 2284/1350/403 2285/925/403
f 1778/927/404 1779/1347/404 1776/928/405
f 2294/930/406 2295/1353/406 2292/931/407
f 1760/31/408 1762/1348/408 1758/340/408
f 1793/350/409 1796/353/410 1798/355/410
f 2138/933/411 2139/1359/411 2136/934/412
f 2163/936/413 2164/1354/414 2165/937/414
f 2109/939/415 2110/1356/416 2111/940/416
f 2309/942/417 2310/1360/418 2311/943/418
f 2799/945/419 2800/1362/420 2801/946/420
f 3260/948/421 3261/1367/421 3258/949/422
f 2434/951/423 2435/1365/423 2432/952/424
f 2996/954/425 2998/1371/425 2994/485/425
f 3022/955/426 3025/2711/426 3020/504/426
f 3309/956/408 3311/1374/408 3307/545/408
f 2449/957/427 2450/1377/428 2451/958/428
f 2494/960/429 2495/1382/682 2492/961/430
f 2816/963/431 2817/1394/431 2814/964/432
f 2843/966/433 2844/1380/434 2845/967/434
f 2860/969/435 2861/1388/435 2858/970/436
f 3104/972/437 3105/1390/687 3102/973/438
f 2784/975/439 2785/1379/439 2782/976/440
f 3087/978/441 3088/1383/442 3089/979/442
f 2477/981/444 2478/1385/684 2479/982/445
f 2417/984/446 2418/1395/447 2419/985/447
f 2510/987/448 2511/1400/448 2508/988/449
f 2652/138/450 2654/1368/450 2650/439/450
f 3276/990/451 3277/1405/695 3274/991/452
f 2876/993/454 2877/1403/454 2874/994/455
f 3243/996/456 3244/1397/457 3245/997/457
f 2525/999/458 2526/1406/459 2527/1000/459
f 2891/1002/460 2892/1408/461 2893/1003/461
f 3119/1005/462 3120/1421/463 3121/1006/463
f 2767/1008/464 2768/1409/465 2769/1009/465
f 2541/1011/466 2542/1415/467 2543/1012/467
f 2907/1014/468 2908/1419/469 2909/1015/469
f 2401/1017/470 2402/1417/471 2403/1018/471
f 3072/1020/472 3073/1412/472 3070/1021/473
f 2751/1023/474 2752/1423/475 2753/1024/475
f 2385/1026/477 2386/1425/478 2387/1027/478
f 2558/1029/479 2559/1434/479 2556/1030/480
f 3369/1032/481 3370/1444/482 3371/1033/482
f 3291/1035/484 3292/1437/485 3293/1036/485
f 2735/1038/487 2736/1431/488 2737/1039/488
f 3357/1041/489 3358/1427/490 3359/1042/490
f 2924/1044/491 2925/1447/491 2922/1045/492
f 3228/1047/493 3229/1430/493 3226/1048/494
f 2370/1050/495 2371/1436/495 2368/1051/496
f 2322/1053/497 2323/1449/497 2320/1054/498
f 3056/1056/500 3057/1443/714 3054/1057/501
f 2687/1059/502 2688/1454/503 2689/1060/503
f 3326/1062/504 3327/1456/504 3324/1063/505
f 3136/1065/506 3137/1460/506 3134/1066/507
f 2606/1068/509 2607/1451/509 2604/1069/510
f 2719/1071/511 2720/1452/512 2721/1072/512
f 2354/1074/513 2355/1458/513 2352/1075/514
f 3168/249/515 3170/2105/515 3166/1077/516
f 2628/114/426 2630/1465/426 2626/417/426
f 3430/292/408 3433/293/408 3435/294/408
f 3342/1079/518 3343/1462/518 3340/1080/519
f 2337/1082/520 2338/1466/521 2339/1083/521
f 3152/1085/522 3153/1469/522 3150/1086/523
f 2703/1088/524 2704/1470/525 2705/1089/525
f 3402/1091/526 3403/1464/526 3400/1092/527
f 2574/1094/528 2575/1472/528 2572/1095/529
f 3195/1097/530 3196/1475/531 3197/1098/531
f 2940/1100/532 2941/1480/532 2938/1101/533
f 2955/1103/535 2956/1473/536 2957/1104/536
f 3386/1106/537 3387/1484/537 3384/1107/538
f 3211/1109/539 3212/1477/540 3213/1110/540
f 2589/1112/541 2590/1481/542 2591/1113/542
f 143/579/159 145/2348/543 146/1115/543
f 155/1117/544 156/1487/544 154/583/162
f 199/1119/545 200/2906/545 198/586/164
f 209/1121/546 210/1489/546 208/1122/165
f 127/1123/170 129/1490/735 130/1124/547
f 183/1125/548 184/1493/548 182/1126/167
f 531/76/549 534/79/550 533/78/550
f 365/1127/156 367/64/155 366/63/155
f 172/49/551 171/48/551 170/1129/173
f 225/1130/552 226/1495/552 224/603/177
f 113/1132/553 114/1497/553 112/1133/178
f 239/608/181 241/1498/554 242/1134/554
f 320/1136/555 321/1501/742 319/1137/556
f 336/1138/557 337/1503/557 335/1139/186
f 350/617/189 352/1504/558 353/1140/558
f 95/1142/198 97/1506/745 98/1143/559
f 519/1144/192 521/1508/560 522/1145/560
f 505/1146/561 506/1511/561 504/624/194
f 489/1148/562 490/1513/562 488/627/196
f 471/634/201 473/1515/563 474/1150/563
f 255/12/199 257/1516/564 258/1152/564
f 549/637/203 551/1520/565 552/1154/565
f 81/1156/566 82/1519/753 80/644/208
f 271/640/205 273/2786/567 274/1158/567
f 277/1160/568 278/1523/756 275/1161/569
f 291/1163/210 293/1525/571 294/1164/571
f 303/1165/572 304/1860/945 301/858/573
f 59/650/213 62/649/212 61/1167/212
f 457/1169/574 458/1527/574 456/1170/218
f 45/1171/575 46/1529/575 44/1172/215
f 445/1173/223 447/1531/576 448/1174/576
f 393/1175/577 394/1532/577 392/1176/225
f 405/1177/578 406/1534/578 404/1178/220
f 577/1179/579 578/1538/579 576/669/228
f 431/1181/580 432/1536/580 430/1182/231
f 419/1183/230 421/1542/581 422/1184/581
f 375/1185/235 377/1539/582 378/1186/582
f 717/1187/239 718/1548/239 716/1188/236
f 1065/1189/243 1067/1545/583 1068/1190/583
f 1526/695/244 1528/1543/584 1529/1191/584
f 914/127/585 917/130/585 916/129/585
f 941/154/241 940/153/241 939/152/241
f 1317/1193/241 1319/521/241 1309/232/241
f 1312/235/158 1311/234/158 1310/233/158
f 1637/273/240 1636/272/240 1634/1194/586
f 1723/309/158 1722/308/158 1721/307/158
f 1083/1196/587 1084/1553/587 1082/1197/238
f 699/1198/249 701/1550/242 702/1199/242
f 1544/1200/588 1545/1559/588 1543/1201/246
f 1125/1202/254 1127/602/589 1128/1203/589
f 1372/704/251 1374/1556/590 1375/1204/590
f 761/1206/253 762/1555/253 760/1207/256
f 1285/211/591 1284/211/591 1281/1208/591
f 1305/1210/240 1307/2800/240 1283/1211/240
f 1298/224/592 1301/223/769 3457/1209/592
f 1111/590/593 1112/589/593 1110/1212/261
f 775/1213/260 777/1562/263 778/1214/594
f 1141/1215/264 1143/610/595 1144/609/595
f 745/1216/596 746/1561/596 744/730/270
f 1356/1218/274 1358/1565/597 1359/1219/597
f 731/1220/266 733/1568/272 734/1221/272
f 1051/1222/598 1052/1567/598 1050/738/276
f 1390/1224/599 1391/1572/782 1389/1225/600
f 793/1226/601 794/1574/601 792/741/278
f 683/1228/282 685/1569/602 686/1229/602
f 1159/633/603 1160/1577/603 1158/1230/279
f 1512/1231/604 1513/1576/604 1511/758/288
f 809/1233/606 810/1579/606 808/1234/283
f 1175/1235/607 1176/1581/607 1174/1236/285
f 890/103/585 893/106/585 892/105/585
f 1699/285/158 1698/284/158 1697/283/158
f 1035/1237/608 1036/1583/608 1034/1238/293
f 825/1239/609 826/1587/609 824/1240/289
f 669/1241/294 670/1585/294 668/1242/297
f 1560/1243/610 1561/1589/791 1559/764/292
f 1191/1245/611 1192/1596/611 1190/1246/295
f 1019/1247/612 1020/1593/612 1018/1248/299
f 653/1249/613 654/1595/613 652/1250/301
f 1340/781/303 1342/1591/793 1343/1251/614
f 1404/1253/616 1406/1602/617 1407/1254/617
f 954/167/618 955/1601/619 956/631/619
f 1592/1255/309 1594/1606/620 1595/1256/620
f 1001/1257/311 1003/1599/621 1004/1258/621
f 1684/1259/313 1686/1597/622 1687/1260/622
f 637/1261/310 638/1605/310 636/1262/623
f 1626/1263/624 1627/1609/802 1625/1264/320
f 1326/1265/625 1327/1611/804 1323/1266/626
f 1576/1268/627 1577/1617/627 1575/1269/314
f 1496/1270/628 1497/1613/806 1495/818/329
f 605/1272/630 606/1621/630 604/1273/322
f 839/802/318 841/1627/333 842/1274/333
f 1239/1276/631 1240/1615/808 1238/1277/343
f 985/1278/327 987/1618/632 988/1279/632
f 971/1280/633 972/606/633 970/1281/324
f 1261/189/241 1260/188/241 1259/187/241
f 1438/1282/634 1439/1625/814 1437/821/635
f 619/1284/340 621/1622/326 622/1285/326
f 1610/1286/636 1611/1632/636 1609/1287/335
f 1422/1288/637 1423/1634/637 1421/1289/341
f 1205/1290/334 1207/1635/638 1208/1291/638
f 1652/1292/338 1654/1636/639 1655/1293/639
f 873/1294/344 874/1630/344 872/1295/346
f 1464/1296/640 1465/1639/640 1463/1297/345
f 1670/1298/641 1671/1641/641 1669/1299/353
f 1480/1300/642 1481/1645/642 1479/1301/349
f 855/1302/352 857/1646/355 858/1303/355
f 1223/1304/643 1224/1643/643 1222/857/356
f 5/5/241 8/8/241 7/7/241
f 1864/1306/645 1865/1652/831 1863/862/360
f 1918/1308/646 1919/1657/646 1917/868/364
f 1888/1310/647 1890/1658/648 1891/1311/648
f 1944/1312/649 1945/1661/649 1943/1313/650
f 1846/873/367 1848/1663/651 1849/1314/651
f 1960/1316/652 1961/1666/652 1959/1317/369
f 1830/1318/375 1832/1667/653 1833/1319/653
f 2037/885/376 2039/1670/654 2040/1320/654
f 2055/1322/655 2056/1672/655 2054/1323/378
f 2069/891/380 2071/1673/656 2072/1324/656
f 1976/1326/657 1977/1676/657 1975/880/373
f 2240/1328/658 2241/1678/658 2239/898/385
f 2224/1330/659 2225/1680/659 2223/1331/388
f 2208/1332/660 2209/1682/660 2207/907/391
f 2270/1334/661 2271/1684/850 2269/1335/386
f 1816/1336/662 1817/1686/662 1815/1337/394
f 1990/909/392 1992/1690/663 1993/1338/663
f 2190/1340/397 2192/1688/664 2193/1341/664
f 2010/1342/399 2012/1691/665 2013/1343/665
f 2026/1344/401 2028/2483/666 2029/1345/666
f 1799/356/667 1801/358/667 1798/355/668
f 1780/1346/669 1781/1695/669 1779/1347/404
f 1763/34/425 1765/1697/425 1762/1348/425
f 2284/1350/403 2286/1699/670 2287/1351/670
f 2296/1352/671 2297/1701/671 2295/1353/406
f 2164/1354/414 2166/1703/672 2167/1355/672
f 2110/1356/416 2112/1704/673 2113/1357/673
f 2138/933/411 2140/1707/863 2141/1358/674
f 2310/1360/418 2312/3757/675 2313/1361/675
f 2800/1362/420 2802/1713/676 2803/1363/676
f 2436/1364/419 2437/1712/419 2435/1365/423
f 3260/948/421 3262/1715/677 3263/1366/677
f 2655/141/425 2657/1719/425 2654/1368/425
f 2999/1370/408 3001/1721/408 2998/1371/408
f 3312/1373/678 3313/1771/678 3311/1374/426
f 2452/1376/432 2453/1728/432 2451/958/428
f 2786/1378/679 2787/1726/679 2785/1379/439
f 2844/1380/434 2846/872/680 2847/871/680
f 2496/1381/681 2497/1734/681 2495/1382/682
f 3088/1383/442 3090/1729/683 3091/1384/683
f 2478/1385/684 2480/1731/433 2481/1386/433
f 2862/1387/685 2863/877/685 2861/1388/435
f 3106/1389/686 3107/1740/686 3105/1390/687
f 3006/493/426 3005/492/426 2972/1391/426
f 2818/1393/688 2819/1741/688 2817/1394/431
f 2418/1395/447 2420/1736/440 2421/1396/440
f 3244/1397/457 3246/1737/689 3247/1398/689
f 2510/987/448 2512/1745/878 2513/1399/690
f 2827/471/691 2830/1743/692 2831/1401/692
f 2878/1402/693 2879/881/693 2877/1403/454
f 3278/1404/694 3279/1748/694 3277/1405/695
f 2526/1406/459 2528/1751/696 2529/1407/696
f 2892/1408/461 2894/1753/697 2895/910/697
f 2768/1409/465 2770/864/698 2771/1410/698
f 3074/1411/699 3075/1750/699 3073/1412/472
f 2973/1413/408 2975/3758/408 2977/1414/408
f 2542/1415/467 2544/1758/700 2545/1416/700
f 2402/1417/471 2404/1754/464 2405/1418/464
f 2908/1419/469 2910/1760/701 2911/1420/701
f 3120/1421/463 3122/1765/702 3123/1422/702
f 2752/1423/475 2754/1762/703 2755/1424/703
f 2386/1425/478 2388/1766/476 2389/1426/476
f 3358/1427/490 3360/1194/704 3361/1428/704
f 3230/1429/705 3231/1769/705 3229/1430/493
f 2736/1431/488 2738/1772/706 2739/1432/706
f 2560/1433/707 2561/1776/707 2559/1434/479
f 2372/1435/708 2373/1774/893 2371/1436/495
f 3292/1437/485 3294/1779/709 3295/1438/709
f 2678/395/710 2970/3759/711 2971/1439/711
f 3174/532/712 3173/531/712 3044/1440/712
f 3056/1056/500 3058/1777/713 3059/1442/713
f 3370/1444/482 3372/1784/715 3373/1445/715
f 2924/1044/491 2926/1786/716 2927/1446/716
f 2324/1448/717 2325/1782/717 2323/1449/497
f 2608/1450/718 2609/3760/718 2607/1451/509
f 2720/1452/512 2722/861/719 2723/1453/719
f 2688/1454/503 2690/882/902 2691/884/720
f 3328/1455/721 3329/1796/721 3327/1456/504
f 2356/1457/722 2357/1789/722 2355/1458/513
f 3138/1459/723 3139/1798/908 3137/1460/506
f 3344/1461/724 3345/1794/724 3343/1462/518
f 3404/1463/725 3405/1792/725 3403/1464/526
f 2631/117/450 2633/118/450 2630/1465/450
f 3436/296/426 3438/1799/426 3435/294/426
f 2338/1466/521 2340/1802/524 2341/1467/524
f 3154/1468/726 3155/1801/726 3153/1469/522
f 2706/875/727 2707/874/727 2705/1089/525
f 2576/1471/534 2577/1811/534 2575/1472/528
f 2956/1473/536 2958/1804/728 2959/1474/728
f 3196/1475/531 3198/1809/729 3199/1476/729
f 3212/1477/540 3214/1806/730 3215/1478/730
f 2942/1479/731 2943/1814/731 2941/1480/532
f 2590/1481/542 2592/1812/535 2593/1482/535
f 3388/1483/732 3389/1816/732 3387/1484/537
f 1746/330/450 1748/332/450 1745/329/450
f 12/1485/171 11/3761/171 9/9/171
f 155/1117/544 157/1818/733 158/1486/733
f 211/1488/734 212/1823/734 210/1489/546
f 129/1490/735 131/1821/736 132/1491/736
f 185/1492/737 186/1825/737 184/1493/548
f 534/79/158 537/82/33 536/81/32
f 227/1494/738 228/1830/738 226/1495/552
f 115/1496/739 116/1832/739 114/1497/553
f 241/1498/554 243/1833/740 244/1499/740
f 320/1136/555 322/1837/741 323/1500/741
f 336/1138/557 338/1839/743 339/1502/743
f 352/1504/558 354/1842/744 355/1505/744
f 97/1506/745 99/1841/746 100/1507/746
f 521/1508/560 523/2587/747 524/1509/747
f 505/1146/561 507/1844/748 508/1510/748
f 491/1512/749 492/1845/749 490/1513/562
f 475/1514/750 476/1847/750 474/1150/563
f 257/1516/564 259/1848/751 260/1517/751
f 83/1518/752 84/1851/752 82/1519/753
f 551/1520/565 553/1857/943 554/1521/754
f 277/1160/568 279/1855/755 280/1522/755
f 295/1524/757 296/1859/757 294/1164/571
f 457/1169/574 459/1853/758 460/1526/758
f 45/1171/575 47/1863/759 48/1528/759
f 449/1530/760 450/2603/1497 448/1174/576
f 393/1175/577 396/67/761 395/66/761
f 407/1533/762 408/1868/762 406/1534/578
f 433/1535/763 434/1870/763 432/1536/580
f 579/1537/764 580/1873/764 578/1538/579
f 377/1539/582 379/1871/955 380/1540/765
f 423/1541/766 424/2608/766 422/1184/581
f 1528/1543/584 1530/1877/767 1531/1544/767
f 1067/1545/583 1069/1878/768 1070/1546/768
f 719/1547/238 720/1882/238 718/1548/239
f 944/157/158 943/156/158 942/155/158
f 1289/215/240 1288/214/240 1287/213/240
f 1286/212/592 1285/211/592 3457/1209/592
f 1301/223/769 1294/220/592 1297/221/592
f 1286/212/592 3457/1209/592 1297/221/592
f 1315/238/585 1314/237/585 1313/236/585
f 1640/276/241 1639/275/241 1638/274/241
f 1723/309/585 1727/3756/585 1726/1549/585
f 701/1550/242 703/1880/243 704/1551/243
f 1085/1552/770 1086/1884/770 1084/1553/587
f 761/1206/253 763/1885/254 764/1554/254
f 1374/1556/590 1376/1886/771 1377/1557/771
f 1127/602/589 1129/1131/772 1130/603/772
f 1544/1200/588 1546/1895/773 1547/1558/773
f 1113/588/774 1114/1888/774 1112/589/593
f 747/1560/775 748/1890/775 746/1561/596
f 777/1562/263 779/1896/776 780/1563/776
f 1360/1564/777 1361/1892/968 1359/1219/597
f 1053/1566/778 1054/1894/778 1052/1567/598
f 1145/608/779 1146/1897/779 1144/609/595
f 736/91/271 735/90/271 734/1221/272
f 685/1569/602 687/1901/780 688/1570/780
f 1392/1571/781 1393/1905/977 1391/1572/782
f 795/1573/783 796/1907/783 794/1574/601
f 1514/1575/784 1515/1903/784 1513/1576/604
f 1161/12/785 1162/1908/785 1160/1577/603
f 811/1578/786 812/1909/786 810/1579/606
f 1177/1580/787 1178/1159/787 1176/1581/607
f 1699/285/585 1702/288/585 1701/287/585
f 1037/1582/788 1038/583/788 1036/1583/608
f 671/1584/293 672/1913/293 670/1585/294
f 827/1586/789 828/1917/789 826/1587/609
f 893/106/158 896/109/158 895/108/158
f 1562/1588/790 1563/1923/790 1561/1589/791
f 1344/1590/792 1345/1915/792 1343/1251/614
f 1021/1592/794 1022/1919/986 1020/1593/612
f 655/1594/299 656/1921/299 654/1595/613
f 1191/1245/611 1193/1925/795 1194/1161/795
f 1686/1597/622 1688/1924/988 1689/1598/796
f 1003/1599/621 1005/1927/797 1006/1600/797
f 955/1601/619 957/1935/798 958/630/798
f 1406/1602/617 1408/1941/1001 1409/1603/799
f 637/1261/310 639/1933/311 640/1604/311
f 1594/1606/620 1596/1942/800 1597/1607/800
f 1628/1608/801 1629/1932/801 1627/1609/802
f 1326/1265/625 1328/1937/803 1329/1610/803
f 1498/1612/805 1499/1934/996 1497/1613/806
f 1239/1276/631 1241/1938/807 1242/1614/807
f 1578/1616/809 1579/3762/2402 1577/1617/627
f 987/1618/632 989/1944/810 990/1619/810
f 607/1620/811 608/1951/811 606/1621/630
f 1450/255/70 1579/3762/2402 1578/1616/809
f 1264/192/158 1263/191/158 1262/190/158
f 621/1622/326 623/1948/812 624/1623/812
f 1438/1282/634 1440/1949/813 1441/1624/813
f 973/1626/815 974/1954/815 972/606/633
f 841/1627/333 843/1956/1009 844/1628/816
f 875/1629/817 876/1947/817 874/1630/344
f 1612/1631/818 1613/1952/818 1611/1632/636
f 1422/1288/637 1424/1955/819 1425/1633/819
f 1207/1635/638 1209/1960/820 1210/647/820
f 1654/1636/639 1656/1962/821 1657/1637/821
f 1464/1296/640 1466/1959/822 1467/1638/822
f 1672/1640/823 1673/1957/1011 1671/1641/641
f 1225/1642/824 1226/1964/824 1224/1643/643
f 1480/1300/642 1482/1966/825 1483/1644/825
f 857/1646/355 859/1968/644 860/1647/356
f 1751/335/826 1750/334/826 1748/332/827
f 1875/1648/828 1876/1970/1018 1877/1649/829
f 1864/1306/645 1866/1971/830 1867/1651/830
f 1930/1653/832 1931/1974/1021 1928/1654/833
f 1920/1656/834 1921/320/834 1919/1657/646
f 1890/1658/648 1892/1976/835 1893/1659/835
f 1946/1660/836 1947/1979/836 1945/1661/649
f 1904/1662/837 1905/1981/837 1902/363/838
f 1848/1663/651 1850/1983/839 1851/1664/839
f 1962/1665/840 1963/1985/840 1961/1666/652
f 1832/1667/653 1834/1986/1028 1835/1668/841
f 2041/1669/842 2042/1988/842 2040/1320/654
f 2057/1671/843 2058/1989/843 2056/1672/655
f 2071/1673/656 2073/1990/844 2074/1674/844
f 1978/1675/845 1979/1996/845 1977/1676/657
f 2242/1677/846 2243/1997/846 2241/1678/658
f 2224/1330/659 2226/1998/847 2227/1679/847
f 2210/1681/848 2211/2000/848 2209/1682/660
f 2272/1683/849 2273/2004/849 2271/1684/850
f 1816/1336/662 1818/2001/1039 1819/1685/851
f 2194/1687/852 2195/2005/852 2193/1341/664
f 1994/1689/853 1995/2007/853 1993/1338/663
f 2012/1691/665 2014/2010/854 2015/1692/854
f 1800/357/98 1802/2009/855 1803/1693/855
f 1780/1346/669 1782/2012/856 1783/1694/856
f 1764/36/450 1766/2014/857 1767/1696/857
f 2288/1698/858 2289/2696/858 2287/1351/670
f 2296/1352/671 2298/2021/859 2299/1700/859
f 2168/1702/860 2169/2018/860 2167/1355/672
f 2112/1704/673 2114/2019/861 2115/1705/861
f 2142/1706/862 2143/2022/862 2141/1358/674
f 2152/1708/864 2153/2023/864 2150/1709/865
f 2436/1364/419 2438/2027/420 2439/1711/420
f 2802/1713/676 2804/2029/866 2805/1714/866
f 3262/1715/677 3264/2039/867 3265/1716/867
f 2634/1717/425 2636/2032/425 2633/118/425
f 2658/144/126 2660/2034/128 2657/1719/408
f 3002/1720/426 3004/2035/426 3001/1721/426
f 3308/546/425 3307/545/425 3416/1723/868
f 2788/1725/869 2789/2042/869 2787/1726/679
f 2846/872/680 2848/870/870 2849/1313/870
f 2454/1727/431 2455/2053/431 2453/1728/432
f 3090/1729/683 3092/2046/1065 3093/1730/871
f 2480/1731/433 2482/2048/434 2483/1732/434
f 2498/1733/872 2499/2050/872 2497/1734/681
f 2422/1735/439 2423/2043/439 2421/1396/440
f 2864/876/873 2865/1317/873 2863/877/685
f 3246/1737/689 3248/2044/874 3249/1738/874
f 3108/1739/875 3109/2054/875 3107/1740/686
f 2820/1309/876 2821/2056/876 2819/1741/688
f 2832/1742/877 2833/2055/877 2831/1401/692
f 2514/1744/454 2515/2058/454 2513/1399/690
f 2880/1746/879 2881/880/879 2879/881/693
f 3280/1747/880 3281/2065/1082 3279/1748/694
f 3076/1749/881 3077/2059/881 3075/1750/699
f 2772/1310/882 2773/2060/882 2771/1410/698
f 2528/1751/696 2530/2061/883 2531/1752/883
f 2894/1753/697 2896/909/884 2897/1339/884
f 2404/1754/464 2406/2063/465 2407/1755/465
f 2978/1756/426 2980/2067/426 2977/1414/426
f 2544/1758/700 2546/2069/885 2547/1759/885
f 2910/1760/701 2912/2071/886 2913/1761/886
f 2754/1762/703 2756/2074/887 2757/1763/887
f 3124/1764/888 3125/2078/888 3123/1422/702
f 2388/1766/476 2390/2076/475 2391/1767/475
f 3232/1768/889 3233/2073/1086 3231/1769/705
f 3314/1770/890 3315/2083/890 3313/1771/678
f 2738/1772/706 2740/2079/891 2741/317/891
f 2372/1435/708 2374/2081/892 2375/1773/892
f 2562/1775/894 2563/2091/894 2561/1776/707
f 3058/1777/713 3060/2084/1092 3061/1778/895
f 3294/1779/709 3296/2088/1094 3297/1780/896
f 2324/1448/717 2326/2095/897 2327/1781/897
f 2722/861/719 2724/1307/898 2725/1783/898
f 3372/1784/715 3374/2099/899 3375/1785/899
f 2926/1786/716 2928/1342/900 2929/1787/900
f 2356/1457/722 2358/2094/901 2359/1788/901
f 2690/882/902 2692/1318/903 2693/1790/903
f 3406/1791/904 3407/2093/904 3405/1792/725
f 3346/1793/905 3347/2098/905 3345/1794/724
f 3328/1455/721 3330/2106/906 3331/1795/906
f 3138/1459/723 3140/2108/907 3141/1797/907
f 3439/299/450 3441/2038/450 3438/1799/450
f 3156/1800/909 3157/2112/909 3155/1801/726
f 2708/873/910 2709/2111/910 2707/874/727
f 2340/1802/524 2342/2113/911 2343/1803/911
f 2958/1804/728 2960/2115/912 2961/1805/912
f 3214/1806/730 3216/2114/913 3217/1807/913
f 3200/1808/914 3201/2121/914 3199/1476/729
f 2578/1810/532 2579/2122/532 2577/1811/534
f 2592/1812/535 2594/2118/536 2595/1813/536
f 2944/1344/915 2945/2126/915 2943/1814/731
f 3390/1815/916 3391/2124/916 3389/1816/732
f 3179/535/917 3182/261/918 3184/1817/918
f 157/1818/733 159/2132/1118 160/1819/919
f 133/1820/920 134/2130/920 132/1491/736
f 213/1822/921 214/2136/921 212/1823/734
f 187/1824/922 188/2134/922 186/1825/737
f 305/54/923 368/65/924 367/64/924
f 362/1826/240 361/2777/240 358/1827/240
f 227/1494/738 229/2139/925 230/1829/925
f 115/1496/739 117/2137/926 118/1831/926
f 243/1833/740 245/2141/927 246/1834/927
f 308/1835/928 309/887/928 307/56/929
f 324/1836/930 325/890/930 323/1500/741
f 340/1838/931 341/893/1128 339/1502/743
f 101/1840/932 102/2144/932 100/1507/746
f 354/1842/744 356/2145/933 357/896/933
f 539/1843/934 540/902/934 538/83/34
f 507/1844/748 509/2147/935 510/897/935
f 491/1512/749 493/2148/936 494/905/936
f 477/1846/937 478/906/937 476/1847/750
f 259/1848/751 261/2150/938 262/1849/938
f 85/1850/939 86/2153/939 84/1851/752
f 461/1852/940 462/915/940 460/1526/758
f 281/1854/941 282/2156/941 280/1522/755
f 555/1856/942 556/924/942 554/1521/754
f 295/1524/757 297/2157/944 298/1858/944
f 304/1860/945 303/1165/572 64/38/946
f 67/40/947 66/39/947 65/1861/948
f 47/1863/759 49/2159/950 50/929/950
f 565/1864/951 566/932/951 563/1865/952
f 409/1867/953 410/935/953 408/1868/762
f 435/1869/954 436/936/954 434/1870/763
f 379/1871/955 381/2163/956 382/939/956
f 581/1872/957 582/942/957 580/1873/764
f 370/1874/958 585/3757/2403 586/1875/959
f 1530/1877/767 1532/2167/960 1533/950/960
f 1069/1878/768 1071/2166/961 1072/1879/961
f 703/1880/243 705/2168/583 706/953/583
f 1292/218/241 1291/217/241 1290/216/241
f 1319/521/240 1318/3763/240 1316/239/240
f 1642/1881/962 1643/1032/1175 1641/277/158
f 721/959/587 722/957/587 720/1882/238
f 1085/1552/770 1087/2171/963 1088/1883/963
f 763/1885/254 765/2170/589 766/962/589
f 1376/1886/771 1378/2174/964 1379/974/964
f 1129/1131/772 1131/1130/965 1132/1887/965
f 1115/1121/966 1116/2172/966 1114/1888/774
f 749/1889/593 750/981/593 748/1890/775
f 1362/1891/967 1363/978/967 1361/1892/968
f 1055/1893/969 1056/2176/969 1054/1894/778
f 1546/1895/773 1548/2180/1159 1549/992/970
f 779/1896/776 781/2179/971 782/989/971
f 1147/1498/972 1148/1134/972 1146/1897/779
f 923/136/158 922/135/158 919/435/158
f 920/1899/973 946/461/54 948/1900/56
f 689/986/974 690/984/974 688/1570/780
f 1516/1902/975 1517/996/1163 1515/1903/784
f 1394/1904/976 1395/1005/976 1393/1905/977
f 797/1906/978 798/999/978 796/1907/783
f 1163/1516/979 1164/2184/979 1162/1908/785
f 813/1013/980 814/1011/980 812/1909/786
f 1179/1910/981 1180/1158/981 1178/1159/787
f 1039/1911/982 1040/1487/982 1038/583/788
f 673/1912/608 674/1017/608 672/1913/293
f 1346/1914/983 1347/1022/983 1345/1915/792
f 1702/288/158 1705/291/158 1704/290/158
f 829/1916/984 830/1031/984 828/1917/789
f 1023/1918/985 1024/2189/985 1022/1919/986
f 657/1920/612 658/1026/612 656/1921/299
f 1564/1922/987 1565/1035/1177 1563/1923/790
f 1688/1924/988 1690/1723/989 1691/1724/989
f 1193/1925/795 1195/2196/990 1196/1926/990
f 1005/1927/797 1007/2194/991 1008/1928/991
f 592/1929/992 593/2199/993 594/1055/993
f 1630/1931/994 1631/1041/994 1629/1932/801
f 639/1933/311 641/2198/621 642/1052/621
f 1498/1612/805 1500/2197/995 1501/1049/995
f 957/1935/798 959/2202/997 960/1936/997
f 1328/1937/803 1330/2200/998 1331/1058/998
f 1241/1938/807 1243/3764/999 1244/1939/999
f 1410/1940/1000 1411/1067/1188 1409/1603/799
f 1596/1942/800 1598/2203/1002 1599/1064/1002
f 944/157/585 948/1900/56 947/1943/55
f 989/1944/810 991/2206/1003 992/1945/1003
f 877/1946/808 878/1070/808 876/1947/817
f 623/1948/812 625/2207/632 626/1076/632
f 1440/1949/813 1442/2208/1004 1443/1078/1004
f 609/1950/1005 610/1082/1005 608/1951/811
f 899/112/241 898/111/241 897/110/241
f 1267/195/585 1266/194/585 1265/193/585
f 1612/1631/818 1614/2209/1006 1615/1081/1006
f 975/1953/1007 976/1497/1007 974/1954/815
f 1424/1955/819 1426/2211/1008 1427/1087/1008
f 843/1956/1009 845/2213/638 846/1096/638
f 1674/1092/1010 1675/1093/1010 1673/1957/1011
f 1468/1958/1012 1469/1097/1012 1467/1638/822
f 1209/1960/820 1211/2215/1198 1212/1961/1013
f 1656/1962/821 1658/1107/1014 1659/1108/1014
f 1227/1963/1015 1228/2218/1015 1226/1964/824
f 1484/1965/1016 1485/1109/1016 1483/1644/825
f 861/1967/643 862/1112/643 860/1647/356
f 1878/1969/1017 1879/2224/1017 1877/1649/829
f 1866/1971/830 1868/2221/1019 1869/1972/1019
f 1932/1973/1020 1933/2228/1020 1931/1974/1021
f 1922/1975/1022 1923/2226/1022 1921/320/834
f 1892/1976/835 1894/2234/1212 1895/1977/1023
f 1948/1978/1024 1949/2240/1024 1947/1979/836
f 1904/1662/837 1906/2229/1025 1907/1980/1025
f 1852/1982/1026 1853/2232/1026 1851/1664/839
f 1964/1984/1027 1965/2244/1027 1963/1985/840
f 1834/1986/1028 1836/2241/1215 1837/1987/1029
f 2043/612/1030 2044/2246/1030 2042/1988/842
f 2059/615/1031 2060/2248/1031 2058/1989/843
f 2073/1990/844 2075/618/1032 2076/1991/1032
f 2253/1992/1033 2254/3765/1034 2256/1993/1034
f 1978/1675/845 1980/2255/1035 1981/1995/1035
f 2244/622/1036 2245/2250/1036 2243/1997/846
f 2226/1998/847 2228/625/1037 2229/1999/1037
f 2212/628/1038 2213/2252/1038 2211/2000/848
f 1818/2001/1039 1820/2254/1040 1821/2002/1040
f 2272/1683/849 2274/638/1041 2275/2003/1041
f 2196/635/1042 2197/2258/1227 2195/2005/852
f 1994/1689/853 1996/2260/1043 1997/2006/1043
f 1804/2008/1044 1805/2263/1044 1803/1693/855
f 2014/2010/854 2016/2265/1045 2017/2011/1045
f 1782/2012/856 1784/651/1046 1785/2013/1046
f 1766/2014/857 1768/654/1047 1769/2015/1047
f 2180/657/1048 2181/2271/1048 2178/2016/1049
f 2128/660/1050 2129/2275/1050 2126/379/1051
f 2170/664/1052 2171/2276/1052 2169/2018/860
f 2114/2019/861 2116/666/1053 2117/2020/1053
f 2300/670/1054 2301/2278/1054 2299/1700/859
f 2144/673/1055 2145/2279/1055 2143/2022/862
f 2154/675/1056 2155/2281/1243 2153/2023/864
f 2099/2024/1057 2100/679/1058 2101/2025/1058
f 2438/2027/420 2440/681/676 2441/2028/676
f 2804/2029/866 2806/2283/1059 2807/2030/1059
f 2637/2031/408 2639/687/408 2636/2032/408
f 2661/2033/1060 2663/2286/1060 2660/2034/128
f 3007/494/450 3006/493/450 3004/2035/450
f 3442/2037/425 3444/2287/425 3441/2038/425
f 3264/2039/867 3266/699/1061 3267/2040/1061
f 2790/2041/1062 2791/2290/1062 2789/2042/869
f 2424/703/679 2425/2293/1250 2423/2043/439
f 3248/2044/874 3250/696/1063 3251/2045/1063
f 2848/870/870 2850/1312/1064 2851/1661/1064
f 3092/2046/1065 3094/705/1066 3095/2047/1066
f 2482/2048/434 2484/711/680 2485/2049/680
f 2500/716/685 2501/2298/685 2499/2050/872
f 2644/433/426 2643/131/426 2610/96/426
f 3029/2052/450 3031/2508/450 3027/226/450
f 2456/725/1067 2457/2299/1067 2455/2053/431
f 2866/1316/1068 2867/1666/1068 2865/1317/873
f 3110/727/1069 3111/2301/1069 3109/2054/875
f 2832/1742/877 2834/1655/1070 2835/1654/1070
f 2822/1308/1071 2823/2302/1071 2821/2056/876
f 2465/402/1072 2468/731/1073 2469/2057/1073
f 2516/742/1074 2517/2305/1074 2515/2058/454
f 3078/736/1075 3079/2303/1075 3077/2059/881
f 2880/1746/879 2882/1326/1076 2883/1676/1076
f 2774/1658/1077 2775/2304/1077 2773/2060/882
f 2530/2061/883 2532/750/1078 2533/2062/1078
f 2406/2063/465 2408/748/1079 2409/2064/1079
f 2896/909/884 2898/1690/1080 2899/1338/1080
f 3282/765/1081 3283/2310/1081 3281/2065/1082
f 2611/98/408 2613/3766/408 2615/756/408
f 2981/2066/450 2983/2316/450 2980/2067/450
f 2546/2069/885 2548/761/1083 2549/2070/1083
f 2912/2071/886 2914/2312/1084 2915/2072/1084
f 3234/759/1085 3235/2308/1085 3233/2073/1086
f 2756/2074/887 2758/1648/1087 2759/2075/1087
f 2390/2076/475 2392/773/703 2393/2077/703
f 3126/786/1088 3127/2321/1088 3125/2078/888
f 2740/2079/891 2742/2318/1089 2743/2080/1089
f 2374/2081/892 2376/779/1090 2377/2082/1090
f 3316/789/1091 3317/2322/1091 3315/2083/890
f 3060/2084/1092 3062/782/1272 3063/2085/1093
f 2316/2086/710 2609/3760/718 2608/1450/718
f 3296/2088/1094 3298/797/1095 3299/2089/1095
f 2562/1775/894 2564/803/716 2565/2090/716
f 2724/1307/898 2726/2325/1096 2727/2092/1096
f 3408/795/1097 3409/793/1097 3407/2093/904
f 2358/2094/901 2360/800/719 2361/801/719
f 2326/2095/897 2328/809/1098 2329/2096/1098
f 3346/1793/905 3348/806/1099 3349/2097/1099
f 3374/2099/899 3376/831/1100 3377/2100/1100
f 2692/1318/903 2694/2330/1101 2695/2101/1101
f 2930/2102/1102 2931/2335/1102 2929/1787/900
f 3169/2103/1103 3171/2891/1103 3172/2104/1103
f 3330/2106/906 3332/827/1104 3333/2107/1104
f 3140/2108/907 3142/836/1105 3143/2109/1105
f 2710/2110/1106 2711/2332/1106 2709/2111/910
f 3158/822/1107 3159/2334/1107 3157/2112/909
f 2344/834/1108 2345/2337/1108 2343/1803/911
f 3218/819/1109 3219/2333/1109 3217/1807/913
f 2960/2115/912 2962/2339/1291 2963/2116/1110
f 3185/2117/149 3187/2342/151 3184/1817/1111
f 2594/2118/536 2596/845/1294 2597/2119/728
f 3200/1808/914 3202/848/1296 3203/2120/1112
f 2580/852/731 2581/2345/731 2579/2122/532
f 3390/1815/916 3392/854/1113 3393/2123/1113
f 2946/2125/1114 2947/2347/1114 2945/2126/915
f 22/22/549 24/24/549 14/14/1115
f 17/17/923 16/16/923 15/2127/924
f 135/2129/1116 136/2350/1116 134/2130/920
f 161/2131/1117 162/2354/1117 160/1819/919
f 189/2133/1119 190/2352/1119 188/2134/922
f 213/1822/921 215/2355/1304 216/2135/1120
f 117/2137/926 119/2357/1121 120/2138/1121
f 229/2139/925 231/2358/1122 232/2140/1122
f 245/2141/927 247/2368/1123 248/2142/1123
f 101/1840/932 103/2361/1124 104/2143/1124
f 308/1835/928 310/2363/1125 311/885/1125
f 324/1836/930 326/2365/1312 327/888/1126
f 340/1838/931 342/2367/1127 343/891/1127
f 356/2145/933 360/1828/1129 359/2146/1129
f 509/2147/935 511/2369/1130 512/1329/1130
f 539/1843/934 541/2372/1131 542/900/1131
f 493/2148/936 495/2370/1132 496/903/1132
f 479/2149/1133 480/1333/1133 478/906/937
f 261/2150/938 263/2375/1134 264/2151/1134
f 85/1850/939 87/2373/1135 88/2152/1135
f 463/2154/1136 464/1340/1322 462/915/940
f 283/2155/1137 284/2378/1137 282/2156/941
f 299/208/1138 300/2379/1138 298/1858/944
f 557/2158/1139 558/1350/1139 556/924/942
f 49/2159/950 51/2380/1140 52/927/1140
f 565/1864/951 567/2382/1141 568/930/1141
f 32/2160/550 34/32/550 33/31/550
f 67/40/1142 70/43/1143 69/42/1143
f 409/1867/953 411/2386/1145 412/933/1145
f 437/2161/1146 438/1354/1331 436/936/954
f 383/2162/1147 384/1356/1147 382/939/956
f 583/2164/1148 584/1360/1148 582/942/957
f 1073/2165/1149 1074/2388/1149 1072/1879/961
f 1532/2167/960 1534/2391/1150 1535/948/1150
f 705/2168/583 707/2389/768 708/951/768
f 1270/198/240 1269/197/240 1268/196/240
f 1297/221/158 1296/3754/158 1293/219/158
f 1584/270/241 1583/269/241 1580/544/241
f 723/2169/1151 724/1377/1336 722/957/587
f 765/2170/589 767/2395/772 768/960/772
f 1087/2171/963 1089/2401/1152 1090/1825/1152
f 1117/1488/1153 1118/2394/1153 1116/2172/966
f 1131/1130/965 1133/1494/1154 1134/2173/1154
f 1378/2174/964 1380/2399/1155 1381/972/1155
f 1055/1893/969 1057/2392/1156 1058/2175/1156
f 1364/2177/1157 1365/1383/1157 1363/978/967
f 751/2178/1158 752/1385/1158 750/981/593
f 691/985/778 692/1395/778 690/984/974
f 781/2179/971 783/2405/779 784/987/779
f 926/139/585 925/138/585 924/137/585
f 1548/2180/1159 1550/2408/1160 1551/990/1160
f 1147/1498/972 1149/1833/1161 1150/2181/1161
f 1518/2182/1162 1519/1397/1162 1517/996/1163
f 799/2183/1164 800/1406/1164 798/999/978
f 1165/1848/1165 1166/1517/1165 1164/2184/979
f 1396/2185/1166 1397/1421/1166 1395/1005/976
f 1041/2186/1167 1042/1486/1167 1040/1487/982
f 815/1012/1168 816/1415/1168 814/1011/980
f 1181/2187/1169 1182/2415/1354 1180/1158/981
f 675/1018/1170 676/1417/1170 674/1017/608
f 1346/1914/983 1348/2411/1350 1349/1020/1171
f 1025/2188/1172 1026/2418/1356 1024/2189/985
f 659/2190/986 660/1425/986 658/1026/612
f 829/1916/984 831/2423/1173 832/1029/1173
f 1644/2191/1174 1645/1444/1174 1643/1032/1175
f 1566/2192/1176 1567/1437/1176 1565/1035/1177
f 1009/2193/1178 1010/2422/1178 1008/1928/991
f 1632/2195/1179 1633/1427/1179 1631/1041/994
f 1195/2196/990 1197/2429/1180 1198/1522/1180
f 1500/2197/995 1502/2420/1181 1503/1047/1181
f 641/2198/621 643/1436/797 644/1050/1182
f 593/2199/993 595/2430/1183 596/1053/1183
f 1330/2200/998 1332/2427/1364 1333/1056/1184
f 961/2201/1185 962/1507/1185 960/1936/997
f 1598/2203/1002 1600/2433/1186 1601/1062/1186
f 1412/2204/1187 1413/1065/1372 1411/1067/1188
f 877/1946/808 879/2431/1189 880/1068/1189
f 993/2205/1190 994/1491/1190 992/1945/1003
f 625/2207/632 627/2434/810 628/1074/810
f 1442/2208/1004 1445/250/1191 1444/249/1191
f 902/115/158 901/114/158 900/113/158
f 1708/294/241 1707/293/241 1706/292/241
f 1614/2209/1006 1616/2435/1192 1617/1079/1192
f 611/2210/1193 612/1466/1193 610/1082/1005
f 1426/2211/1008 1428/2438/1194 1429/1085/1194
f 977/2212/1195 978/2439/1195 976/1497/1007
f 1674/1092/1010 1676/2436/1196 1677/1091/1196
f 845/2213/638 847/2440/820 848/1094/820
f 1470/2214/1197 1471/1475/1197 1469/1097/1012
f 1211/2215/1198 1213/2445/1199 1214/2216/1199
f 1229/2217/1200 1230/2442/1200 1228/2218/1015
f 1658/1107/1014 1660/1484/1201 1661/1106/1201
f 1486/2219/1202 1487/1477/1202 1485/1109/1016
f 863/2220/824 864/1481/824 862/1112/643
f 1730/314/1203 1738/322/1204 1737/321/1204
f 1731/4/1205 1733/2569/1205 1730/314/1205
f 1868/2221/1019 1870/2449/1206 1871/2222/1206
f 1880/2223/1207 1881/2451/1207 1879/2224/1017
f 1924/2225/1208 1925/2453/1208 1923/2226/1022
f 1932/1973/1020 1934/2454/1209 1935/2227/1209
f 1906/2229/1025 1908/2457/1210 1909/2230/1210
f 1854/2231/1211 1855/2456/1211 1853/2232/1026
f 2257/75/425 2259/2459/425 2256/1993/425
f 1894/2234/1212 1896/2462/1385 1897/2235/1213
f 2088/2236/425 2090/3767/425 2092/2237/425
f 1950/2239/1214 1951/2463/1214 1949/2240/1024
f 1836/2241/1215 1838/2464/1216 1839/2242/1216
f 1964/1984/1027 1966/2466/1217 1967/2243/1217
f 2043/612/1030 2045/1137/1391 2046/2245/1218
f 2059/615/1031 2061/1139/1219 2062/2247/1219
f 2075/618/1032 2077/1141/1220 2078/2249/1220
f 2246/621/1221 2247/2470/1221 2245/2250/1036
f 2230/624/1222 2231/2472/1222 2229/1999/1037
f 2212/628/1038 2214/627/1223 2215/2251/1223
f 1822/2253/1224 1823/2469/1224 1821/2002/1040
f 1980/2255/1035 1982/2474/1225 1983/2256/1225
f 2196/635/1042 2198/1151/1226 2199/2257/1226
f 2274/638/1041 2276/1155/1228 2277/2259/1228
f 1996/2260/1043 1998/2478/1229 1999/2261/1229
f 1806/2262/1230 1807/2476/1230 1805/2263/1044
f 2018/2264/1231 2019/2482/1231 2017/2011/1045
f 1788/2266/1232 1789/1167/1232 1752/2267/1233
f 1786/1168/1234 1787/2485/1408 1785/2013/1046
f 1768/654/1047 1770/1172/1235 1771/2269/1235
f 2180/657/1048 2182/1170/1409 2183/2270/1236
f 1753/2272/426 1755/2858/426 1756/2273/426
f 2128/660/1050 2130/1178/1237 2131/2274/1237
f 2172/663/1238 2173/2488/1238 2171/2276/1052
f 2116/666/1053 2118/1176/1239 2119/2277/1239
f 2302/669/1240 2303/2491/1240 2301/2278/1054
f 2146/672/1241 2147/2493/1241 2145/2279/1055
f 2154/675/1056 2156/1182/1242 2157/2280/1242
f 2102/678/1244 2103/2494/1244 2101/2025/1058
f 2440/681/676 2442/1188/866 2443/2282/866
f 2806/2283/1059 2808/1662/1245 2809/2284/1245
f 2640/126/426 2642/2498/426 2639/687/426
f 2662/688/425 2664/150/425 2666/2285/425
f 3445/305/408 3447/2502/408 3444/2287/408
f 2792/2289/1246 2793/2497/1246 2791/2290/1062
f 3250/696/1063 3252/1192/1247 3253/2291/1247
f 3266/699/1061 3268/1201/1248 3269/2292/1248
f 2426/702/1249 2427/2504/1249 2425/2293/1250
f 3094/705/1066 3096/1205/1251 3097/2294/1251
f 2852/2295/1252 2853/1979/1252 2851/1661/1064
f 2484/711/680 2486/1207/870 2487/2296/870
f 3420/2297/426 3452/574/426 3451/573/426
f 2502/715/1253 2503/2509/873 2501/2298/685
f 2834/1655/1070 2836/1653/1423 2837/1974/1254
f 2868/1665/1255 2869/1985/1255 2867/1666/1068
f 2458/724/1256 2459/2514/1256 2457/2299/1067
f 3110/727/1069 3112/1225/1257 3113/2300/1257
f 2470/730/1258 2471/2512/1258 2469/2057/1073
f 2822/1308/1071 2824/468/1259 2826/470/1259
f 3080/735/1260 3081/2513/1260 3079/2303/1075
f 2776/1976/1261 2777/2516/1261 2775/2304/1077
f 2518/741/1262 2519/2519/1262 2517/2305/1074
f 2882/1326/1076 2884/2521/1263 2885/1996/1263
f 2410/747/882 2411/2520/1430 2409/2064/1079
f 2532/750/1078 2534/1234/1264 2535/2306/1264
f 2898/1690/1080 2900/1689/1265 2901/2007/1265
f 2616/102/426 2618/2525/426 2615/756/426
f 3419/280/408 3421/281/408 3423/2307/408
f 3236/758/1266 3237/2523/1266 3235/2308/1085
f 2548/761/1083 2550/1240/1435 2551/2309/1267
f 3284/764/1268 3285/2531/1268 3283/2310/1081
f 2758/1648/1087 2760/1970/1269 2761/2311/1269
f 2914/2312/1084 2916/2532/1270 2917/2313/1270
f 2392/773/703 2394/1242/887 2395/2314/887
f 2984/2315/426 2986/2557/426 2983/2316/426
f 2742/2318/1089 2744/2534/1271 2745/2319/1271
f 2376/779/1090 2378/1250/891 2379/778/891
f 3062/782/1272 3064/1252/1441 3065/2320/1273
f 3128/785/1274 3129/2537/1443 3127/2321/1088
f 3318/788/1275 3319/1255/1275 3317/2322/1091
f 2679/465/408 2681/467/408 2678/2323/408
f 2728/1971/1276 2729/2539/1276 2727/2092/1096
f 3410/794/1277 3411/2540/1277 3409/793/1097
f 3298/797/1095 3300/1269/1278 3301/2326/1278
f 2360/800/719 2362/1262/898 2363/799/898
f 2564/803/716 2566/1275/900 2567/2327/900
f 3348/806/1099 3350/1264/1279 3351/805/1279
f 3047/2328/1280 3049/2545/1280 3046/1441/1281
f 2328/809/1098 2330/1273/1282 2331/2329/1282
f 2694/2330/1101 2696/2553/1283 2697/2331/1283
f 2712/1983/1284 2713/2552/1284 2711/2332/1106
f 3220/818/1285 3221/2547/1285 3219/2333/1109
f 3160/821/1286 3161/2559/1456 3159/2334/1107
f 2932/2010/1287 2933/2563/1287 2931/2335/1102
f 3332/827/1104 3334/1287/1288 3335/2336/1288
f 3378/830/1289 3379/1292/1289 3377/2100/1100
f 2346/833/910 2347/2560/910 2345/2337/1108
f 3142/836/1105 3144/1289/1290 3145/2338/1290
f 2962/2339/1291 2964/2549/1292 2965/2340/1292
f 3186/842/150 3188/1297/1293 3189/2341/1293
f 2596/845/1294 2598/1295/1295 2599/2343/1295
f 3202/848/1296 3204/1301/1297 3205/2344/1297
f 2582/851/915 2583/2566/915 2581/2345/731
f 3392/854/1113 3394/1299/1298 3395/853/1298
f 2948/2346/1299 2949/2568/1465 2947/2347/1114
f 145/2348/543 147/2572/1300 148/2349/1300
f 135/2129/1116 137/2574/1468 138/792/1301
f 189/2133/1119 191/2576/1302 192/2351/1302
f 163/2353/1303 164/739/1303 162/2354/1117
f 215/2355/1304 217/707/1305 218/709/1305
f 172/49/1306 175/52/1306 174/51/1306
f 121/2356/1307 122/2581/1307 120/2138/1121
f 231/2358/1122 233/720/1308 234/2359/1308
f 105/2360/1309 106/2584/1309 104/2143/1124
f 312/2362/1310 313/1670/1310 311/885/1125
f 328/2364/1311 329/1322/1311 327/888/1126
f 344/2366/1313 345/1673/1313 343/891/1127
f 247/2368/1123 249/745/1314 250/744/1314
f 511/2369/1130 513/2588/1315 514/1328/1315
f 495/2370/1132 497/2590/1316 498/1330/1316
f 481/2371/1317 482/1332/1317 480/1333/1133
f 541/2372/1131 543/2592/1318 544/1334/1318
f 87/2373/1135 89/2594/1319 90/2374/1319
f 265/754/1320 266/753/1320 264/2151/1134
f 465/2376/1321 466/1688/1321 464/1340/1322
f 285/2377/1323 286/2597/1323 284/2378/1137
f 302/1166/573 301/858/573 300/2379/1138
f 70/43/1324 73/46/2404 72/45/1325
f 51/2380/1140 53/2599/1327 54/1346/1327
f 34/32/171 37/35/171 36/34/171
f 559/2381/1328 560/1699/1328 558/1350/1139
f 567/2382/1141 569/2605/1329 570/1352/1329
f 439/2383/1330 440/1703/1330 438/1354/1331
f 385/2384/1332 386/1704/1332 384/1356/1147
f 413/2385/1333 414/1707/1504 412/933/1145
f 586/1875/959 585/3757/2403 584/1360/1148
f 1075/2387/237 1076/2612/237 1074/2388/1149
f 707/2389/768 709/2610/961 710/1364/961
f 1536/2390/1334 1537/1715/1334 1535/948/1150
f 929/142/240 928/141/240 927/140/240
f 1273/201/241 1272/200/241 1271/199/241
f 1584/270/158 1586/2640/1335 1587/1373/1335
f 723/2169/1151 725/2616/963 726/1376/963
f 1057/2392/1156 1059/2614/250 1060/2393/250
f 1119/1822/257 1120/2136/257 1118/2394/1153
f 767/2395/772 769/2619/1337 770/1381/1337
f 1366/2396/1338 1367/1729/1338 1365/1383/1157
f 753/2397/966 754/1731/966 752/1385/1158
f 1133/1494/1154 1135/2139/259 1136/2398/259
f 1380/2399/1155 1382/2621/1339 1383/1389/1339
f 1278/206/158 1280/208/158 1246/175/158
f 1294/220/591 1301/223/591 1300/2400/591
f 1089/2401/1152 1091/2622/1340 1092/2402/1340
f 693/2403/969 694/1736/969 692/1395/778
f 1520/2404/1341 1521/1737/1341 1519/1397/1162
f 785/1399/1342 786/1745/1515 784/987/779
f 1103/2406/1343 1104/2625/1343 1100/171/1344
f 1149/1833/1161 1151/2141/1345 1152/2407/1345
f 1550/2408/1160 1552/2627/1346 1553/1404/1346
f 801/2409/1347 802/1751/1347 800/1406/1164
f 1167/2150/1348 1168/2631/1348 1166/1517/1165
f 1043/2410/1349 1044/2629/1349 1042/1486/1167
f 1348/2411/1350 1350/2628/1351 1351/1411/1351
f 1249/177/241 1248/176/241 1247/2412/241
f 817/2413/1352 818/1758/1352 816/1415/1168
f 677/1418/982 678/1754/982 676/1417/1170
f 1183/2414/1353 1184/2635/1353 1182/2415/1354
f 1398/2416/1355 1399/1765/1355 1397/1421/1166
f 1027/2417/298 1028/2637/298 1026/2418/1356
f 661/2419/985 662/1766/985 660/1425/986
f 1635/1195/586 1634/1194/586 1633/1427/1179
f 1502/2420/1181 1504/2639/1357 1505/1429/1357
f 1011/2421/1358 1012/2641/1358 1010/2422/1178
f 831/2423/1173 833/2644/1527 834/1433/990
f 643/1436/797 645/2643/1359 646/1435/1359
f 1568/2424/1360 1569/1779/1360 1567/1437/1176
f 1244/1939/999 1243/3764/999 950/163/1361
f 1320/243/1362 1447/531/1362 1449/2425/1362
f 1334/2426/1363 1335/1777/1363 1333/1056/1184
f 1646/1445/1365 1647/1784/1365 1645/1444/1174
f 1199/2428/319 1200/2156/319 1198/1522/1180
f 595/2430/1183 597/2648/1366 598/1448/1366
f 879/2431/1189 881/3768/1367 882/1450/1367
f 995/2432/317 996/2130/317 994/1491/1190
f 963/1840/1368 964/2144/1368 962/1507/1185
f 1600/2433/1186 1602/1796/1369 1603/1455/1369
f 627/2434/810 629/2652/1370 630/1457/1370
f 1412/2204/1187 1414/2658/1540 1415/1459/1371
f 1616/2435/1192 1618/2655/1373 1619/1461/1373
f 1676/2436/1196 1678/2654/1374 1679/1463/1374
f 905/118/585 904/117/585 903/116/585
f 1711/297/158 1710/296/158 1709/295/158
f 613/2437/1007 614/1802/1007 612/1466/1193
f 1428/2438/1194 1430/2660/1375 1431/1468/1375
f 977/2212/1195 979/2137/339 980/1831/339
f 847/2440/820 849/2666/1198 850/1471/1198
f 1231/2441/347 1232/2664/347 1230/2442/1200
f 1472/2443/1376 1473/1809/1546 1471/1475/1197
f 1488/2444/1377 1489/1806/1377 1487/1477/1202
f 1213/2445/1199 1215/2668/351 1216/2446/351
f 865/2447/1015 866/1812/1547 864/1481/824
f 1660/1484/1201 1662/1816/1378 1663/1483/1378
f 17/17/585 20/20/585 19/19/585
f 1872/2448/1379 1873/2831/1379 1871/2222/1206
f 1880/2223/1207 1882/1008/1380 1883/2450/1380
f 1924/2225/1208 1926/2832/1381 1927/2452/1381
f 1934/2454/1209 1936/966/1553 1937/968/1382
f 1856/2455/1383 1857/2673/1383 1855/2456/1211
f 1908/2457/1210 1910/965/1384 1911/2458/1384
f 2260/78/408 2262/2676/408 2259/2459/408
f 2093/63/450 2095/2835/450 2092/2237/450
f 1896/2462/1385 1898/359/1386 1900/361/1386
f 1950/2239/1214 1952/971/1387 1953/970/1387
f 1838/2464/1216 1840/2678/1388 1841/2465/1388
f 1968/995/1389 1969/994/1389 1967/2243/1217
f 2047/1501/1390 2048/2679/1561 2046/2245/1218
f 2061/1139/1219 2063/1503/1392 2064/2467/1392
f 2079/1140/1393 2080/2680/1393 2078/2249/1220
f 1824/2468/1394 1825/2681/1394 1823/2469/1224
f 2248/1145/1395 2249/2682/1395 2247/2470/1221
f 2230/624/1222 2232/1511/1396 2233/2471/1396
f 2214/627/1223 2216/1513/1397 2217/2473/1397
f 2200/1150/1398 2201/2685/1398 2199/2257/1226
f 1984/1002/1399 1985/1004/1570 1983/2256/1225
f 2278/1154/1400 2279/2689/1400 2277/2259/1228
f 1806/2262/1230 1808/2687/1571 1809/2475/1401
f 2000/2477/1402 2001/2850/1402 1999/2261/1229
f 2003/2479/1403 2004/1046/1404 2005/2480/1404
f 2020/1102/1406 2021/2692/1406 2019/2482/1231
f 2028/2483/666 2030/1439/2405 2031/2484/1407
f 1789/1167/1232 1788/2266/1232 1787/2485/1408
f 2182/1170/1409 2184/1527/1410 2185/2486/1410
f 1770/1172/1235 1772/1529/1411 1773/2487/1411
f 2174/1174/1412 2175/2694/1412 2173/2488/1238
f 2118/1176/1239 2120/1532/1413 2121/2489/1413
f 2130/1178/1237 2132/1534/1414 2133/2490/1414
f 2304/1538/1415 2305/2701/1415 2303/2491/1240
f 2156/1182/1242 2158/1536/1416 2159/2492/1416
f 2148/1184/1417 2149/2703/1417 2147/2493/1241
f 2104/1186/1418 2105/2702/1418 2103/2494/1244
f 2442/1188/866 2444/1548/1059 2445/2495/1059
f 2794/2496/424 2795/2706/424 2793/2497/1246
f 3254/1191/1419 3255/2704/1419 3253/2291/1247
f 2645/434/450 2644/433/450 2642/2498/450
f 2667/153/408 2669/2708/408 2666/2285/408
f 3042/521/408 3041/520/408 3032/231/408
f 3035/2501/426 3037/235/426 3034/2500/426
f 3360/1194/704 3362/3769/425 3364/273/425
f 3448/308/426 3450/309/426 3447/2502/426
f 2808/1662/1245 2810/2229/427 2811/2503/427
f 2428/1199/1062 2429/2712/1062 2427/2504/1249
f 3268/1201/1248 3270/1559/1420 3271/2505/1420
f 2854/1978/430 2855/2240/430 2853/1979/1252
f 3098/1204/1421 3099/2714/1421 3097/2294/1251
f 2486/1207/870 2488/1555/1064 2489/2506/1064
f 3458/576/1422 3456/578/1422 3008/497/1422
f 3010/2507/591 3012/211/591 3015/211/591
f 3031/2508/425 3030/3770/425 3009/495/425
f 2836/1653/1423 2838/1973/444 2839/2228/444
f 2504/1214/1068 2505/2716/1592 2503/2509/873
f 2870/2510/449 2871/2244/1594 2869/1985/1255
f 2470/730/1258 2472/1561/1424 2473/2511/1424
f 3082/1219/1425 3083/2718/1425 3081/2513/1260
f 2460/1221/1071 2461/2721/1071 2459/2514/1256
f 2776/1976/1261 2778/2234/1426 2779/2515/1426
f 3112/1225/1257 3114/1572/1596 3115/2517/1427
f 2518/741/1262 2520/1574/1598 2521/2518/1428
f 2412/1229/1429 2413/2722/1429 2411/2520/1430
f 2884/2521/1263 2886/2726/1431 2887/1995/1431
f 3236/758/1266 3238/1576/1432 3239/2522/1432
f 2534/1234/1264 2536/1579/1433 2537/1233/1433
f 2900/1689/1265 2902/2260/1434 2903/2524/1434
f 2619/105/450 2621/2733/450 2618/2525/450
f 3424/2526/426 3426/285/426 3423/2307/426
f 2760/1970/1269 2762/2729/470 2763/2527/470
f 2550/1240/1435 2552/1587/1436 2553/2528/1436
f 2394/1242/887 2396/1585/1437 2397/2529/1437
f 3284/764/1268 3286/1589/1438 3287/2530/1438
f 2916/2532/1270 2918/2740/1439 2919/2533/1439
f 2744/2534/1271 2746/2737/477 2747/2535/477
f 2378/1250/891 2380/1595/1089 2381/2536/1089
f 3066/1251/1440 3067/2736/1440 3065/2320/1273
f 3130/1254/1442 3131/2746/1442 3129/2537/1443
f 2682/2538/1444 2683/2745/1444 2681/467/1445
f 3320/1256/1446 3321/2747/1446 3319/1255/1275
f 2730/2221/496 2731/2743/496 2729/2539/1276
f 3412/1260/1447 3413/2741/1447 3411/2540/1277
f 2362/1262/898 2364/1605/1096 2365/2541/1096
f 3350/1264/1279 3352/1609/1614 3353/2542/1448
f 3048/2543/1449 3050/1611/1617 3051/2544/1450
f 3300/1269/1278 3302/1617/1619 3303/2546/1451
f 3222/1613/1452 3223/2749/1452 3221/2547/1285
f 2330/1273/1282 2332/1621/1453 2333/2548/1453
f 2568/1274/1102 2569/2762/1102 2567/2327/900
f 2964/2549/1292 2966/2751/510 2967/2550/510
f 2714/2551/514 2715/2754/514 2713/2552/1284
f 2696/2553/1283 2698/2241/1454 2699/2554/1454
f 2985/2555/408 2987/3771/408 2989/2556/408
f 3160/821/1286 3162/1625/1623 3163/2558/1455
f 2348/1285/1106 2349/2760/1106 2347/2560/910
f 3334/1287/1288 3336/1632/1457 3337/2561/1457
f 3144/1289/1290 3146/1634/1458 3147/2562/1458
f 2934/2265/1459 2935/2765/1459 2933/2563/1287
f 3380/1293/1460 3381/2766/1629 3379/1292/1289
f 2598/1295/1295 2600/1630/1461 2601/1294/1461
f 3188/1297/1293 3190/1639/1462 3191/2564/1462
f 3394/1299/1298 3396/1641/1463 3397/2565/1463
f 3206/1645/1464 3207/2770/1464 3205/2344/1297
f 2584/1303/1114 2585/2771/1114 2583/2566/915
f 2948/2346/1299 2950/2768/541 2951/2567/541
f 1734/7/408 1736/2671/408 1733/2569/408
f 20/20/240 24/24/240 23/23/240
f 149/2571/1466 150/1238/1634 148/2349/1300
f 139/2573/1467 140/791/1467 138/792/1301
f 202/719/1469 203/717/1635 204/2575/1470
f 191/2576/1302 193/149/1471 194/2577/1471
f 165/2578/1472 166/738/1636 164/739/1303
f 217/707/1305 219/1202/1473 220/2579/1473
f 175/52/1474 177/2775/1475 178/1197/1475
f 123/2580/1476 124/2776/1476 122/2581/1307
f 233/720/1308 235/1215/1477 236/2582/1477
f 107/2583/1478 108/1281/1478 106/2584/1309
f 312/2362/1310 314/2778/1479 315/1669/1479
f 328/2364/1311 330/2779/1480 331/1671/1480
f 346/2585/1481 347/1990/1481 345/1673/1313
f 249/745/1314 251/743/1482 252/2586/1482
f 523/2587/747 525/2780/1483 526/1992/1483
f 513/2588/1315 515/2781/1484 516/1677/1484
f 499/2589/1485 500/1998/1485 498/1330/1316
f 483/2591/1486 484/1681/1486 482/1332/1317
f 543/2592/1318 545/2783/1487 546/1683/1487
f 91/2593/1488 92/2782/1488 90/2374/1319
f 465/2376/1321 467/2784/1489 468/1687/1489
f 265/754/1320 267/2785/1490 268/2595/1490
f 287/2596/1491 288/824/1491 286/2597/1323
f 75/2598/1492 76/2787/1492 74/47/20
f 53/2599/1327 55/2788/1493 56/2012/1493
f 39/2600/1494 40/2014/1494 38/36/585
f 559/2381/1328 561/2789/1495 562/1698/1495
f 26/26/158 29/2790/158 28/2601/158
f 451/2602/1496 452/2017/1496 450/2603/1497
f 396/67/1498 399/70/1499 398/69/1499
f 571/2604/1500 572/2021/1500 570/1352/1329
f 439/2383/1330 441/2792/1501 442/1702/1501
f 387/2606/1502 388/2019/1639 386/1704/1332
f 413/2385/1333 415/2793/1503 416/1706/1503
f 425/2607/1505 426/1708/1505 424/2608/766
f 711/2609/1149 712/2027/1149 710/1364/961
f 1077/2611/236 1078/2795/236 1076/2612/237
f 1538/2613/1506 1539/2039/1642 1537/1715/1334
f 908/121/240 907/120/240 906/119/240
f 929/142/241 932/145/49 931/144/48
f 1276/204/158 1275/203/158 1274/202/158
f 1690/1723/989 1582/545/240 1581/546/240
f 1059/2614/250 1061/2796/249 1062/2615/249
f 1121/2355/256 1122/2798/256 1120/2136/257
f 725/2616/963 727/2801/1152 728/1727/1152
f 1368/2617/1507 1369/2046/1507 1367/1729/1338
f 755/2618/1153 756/2048/1153 754/1731/966
f 769/2619/1337 771/2799/1508 772/1733/1508
f 693/2403/969 695/2797/1509 696/1735/1509
f 1303/226/158 1302/225/158 1299/222/158
f 1135/2139/259 1137/2358/1643 1138/2140/1510
f 1522/2620/1511 1523/2044/1511 1521/1737/1341
f 1382/2621/1339 1384/2802/1512 1385/1739/1512
f 1091/2622/1340 1093/2804/1513 1094/2623/1513
f 1103/2406/1343 1105/2803/1514 1106/2624/1514
f 785/1399/1342 787/2058/1161 788/1744/1161
f 1151/2141/1345 1153/2368/1516 1154/2626/1516
f 1552/2627/1346 1554/2809/1645 1555/1747/1517
f 1350/2628/1351 1352/2806/1518 1353/1749/1518
f 1043/2410/1349 1045/2807/282 1046/2354/282
f 803/2630/1519 804/2061/1519 802/1751/1347
f 1169/2375/1520 1170/2808/1520 1168/2631/1348
f 679/2632/1167 680/2063/1167 678/1754/982
f 1252/180/158 1251/179/158 1250/178/158
f 819/2633/1521 820/2069/1521 818/1758/1352
f 1185/2634/1522 1186/2810/1522 1184/2635/1353
f 1029/2636/297 1030/2812/297 1028/2637/298
f 1398/2416/1355 1400/2813/1523 1401/1764/1523
f 663/2638/1172 664/2076/1172 662/1766/985
f 1504/2639/1357 1506/2811/1646 1507/1768/1524
f 1586/2640/1335 1588/2815/1525 1589/1770/1525
f 1013/184/301 1014/2814/301 1012/2641/1358
f 647/2642/1526 648/2081/1526 646/1435/1359
f 833/2644/1527 835/2818/1528 836/1775/1528
f 1336/2645/1529 1337/2084/1647 1335/1777/1363
f 1570/2646/1530 1571/2088/1648 1569/1779/1360
f 599/2647/1531 600/2095/1531 598/1448/1366
f 997/2129/623 998/2819/623 996/2130/317
f 1648/2649/1532 1649/2099/1532 1647/1784/1365
f 1201/2650/1533 1202/2823/1533 1200/2156/319
f 631/2651/1534 632/2094/1534 630/1457/1370
f 965/2653/1535 966/2822/1535 964/2144/1368
f 1678/2654/1374 1680/2820/1536 1681/1791/1536
f 1618/2655/1373 1620/2821/1537 1621/1793/1537
f 1604/2656/1538 1605/2106/1538 1603/1455/1369
f 1416/2657/1539 1417/2108/1539 1415/1459/1371
f 1714/300/585 1713/299/585 1712/298/585
f 1432/2659/1541 1433/1800/1652 1431/1468/1375
f 979/2137/339 981/2824/340 982/2661/340
f 615/2662/1542 616/2113/1195 614/1802/1007
f 1233/2663/1543 1234/2825/1543 1232/2664/347
f 1490/2665/1544 1491/2114/1544 1489/1806/1377
f 1472/2443/1376 1474/2827/1545 1475/1808/1545
f 849/2666/1198 851/2828/1199 852/1810/1199
f 867/2667/1200 868/2118/1200 866/1812/1547
f 1215/2668/351 1217/2830/352 1218/2669/352
f 1662/1816/1378 1664/2829/1548 1665/1815/1548
f 1457/262/1549 1456/261/1549 1453/535/1550
f 1735/9/1551 1739/323/1551 1738/322/1551
f 1884/1409/1552 1885/2833/1552 1883/2450/1380
f 1936/966/1553 1938/1380/1554 1939/967/1554
f 1858/2672/1555 1859/2834/1555 1857/2673/1383
f 1910/965/1384 1912/963/1556 1913/2674/1556
f 2263/2675/110 2265/2845/112 2262/2676/426
f 1952/971/1387 1954/969/1557 1955/1388/1557
f 1842/1470/1558 1843/2839/1558 1841/2465/1388
f 1970/993/1559 1971/1403/1559 1969/994/1389
f 2049/1500/1560 2050/2840/1560 2048/2679/1561
f 2065/1502/1562 2066/2841/1562 2064/2467/1392
f 2081/1505/1563 2082/2843/1563 2080/2680/1393
f 1826/1454/1564 1827/2842/1564 1825/2681/1394
f 2250/1509/1565 2251/2846/1565 2249/2682/1395
f 2234/1510/1566 2235/2847/1566 2233/2471/1396
f 2216/1513/1397 2218/1845/1567 2219/2683/1567
f 2200/1150/1398 2202/1847/1568 2203/2684/1568
f 1986/2686/1569 1987/1003/1569 1985/1004/1570
f 1808/2687/1571 1810/2848/1572 1811/2688/1572
f 2280/1521/1573 2281/2852/1658 2279/2689/1400
f 2006/2690/1574 2007/2851/1574 2005/2480/1404
f 2020/1102/1406 2022/1100/1575 2023/2691/1575
f 2186/1526/1576 2187/2849/1576 2185/2486/1410
f 1774/1528/1577 1775/2855/1577 1773/2487/1411
f 2174/1174/1412 2176/2603/1663 2177/2693/1578
f 2288/1698/858 2290/1865/1579 2291/2695/1579
f 2122/2697/1580 2124/2856/1580 2121/2489/1413
f 2132/1534/1414 2134/1868/1581 2135/2698/1581
f 2158/1536/1416 2160/1870/1582 2161/2699/1582
f 2304/1538/1415 2306/1873/1583 2307/2700/1583
f 2106/1540/1584 2107/2859/1665 2105/2702/1418
f 2148/1184/1417 2151/1710/865 2150/1709/865
f 3256/1544/1585 3257/2861/1585 3255/2704/1419
f 2796/2705/423 2797/2862/423 2795/2706/424
f 2444/1548/1059 2446/1882/1245 2447/2707/1245
f 2670/156/426 2672/2889/426 2669/2708/426
f 3016/214/425 3018/2864/425 3014/2709/425
f 3015/211/1422 3014/2709/1422 3011/496/1422
f 3014/2709/1422 3025/2711/1422 3011/496/1422
f 3025/2711/1422 3024/2908/1422 3458/576/1422
f 3038/237/450 3040/238/450 3037/235/450
f 3365/275/408 3367/2866/408 3364/273/408
f 3453/575/450 3452/574/450 3450/309/450
f 2430/1551/1246 2431/2863/1246 2429/2712/1062
f 2810/2229/427 2812/2867/1586 2813/2713/1586
f 2490/1554/1252 2491/2868/1252 2489/2506/1064
f 3100/1557/1587 3101/2869/1587 3099/2714/1421
f 2856/2239/682 2857/2463/682 2855/2240/430
f 3272/1558/1588 3273/2871/1667 3271/2505/1420
f 2838/1973/444 2840/2870/1589 2841/2227/1589
f 2472/1561/1424 2474/1890/1590 2475/2715/1590
f 2506/1563/1591 2507/2872/1591 2505/2716/1592
f 3082/1219/1425 3084/1892/1593 3085/2717/1593
f 2778/2234/1426 2780/2462/447 2781/2719/447
f 2870/2510/449 2872/2466/448 2873/2243/448
f 2460/1221/1071 2462/90/1259 2464/2720/1259
f 2414/1570/1595 2415/2873/1595 2413/2722/1429
f 3114/1572/1596 3116/1905/1669 3117/2723/1597
f 2520/1574/1598 2522/1907/1599 2523/2724/1599
f 3238/1576/1432 3240/1903/1600 3241/2725/1600
f 2886/2726/1431 2888/2474/1601 2889/2256/1601
f 2536/1579/1433 2538/1909/1602 2539/2727/1602
f 2902/2260/1434 2904/2874/1603 2905/2728/1603
f 3427/287/450 3429/2875/450 3426/285/450
f 2762/2729/470 2764/2223/1604 2765/2730/1604
f 2396/1585/1437 2398/1913/1269 2399/2731/1269
f 2552/1587/1436 2554/1917/1605 2555/2732/1605
f 2622/108/426 2624/2895/426 2621/2733/426
f 3286/1589/1438 3288/1923/1606 3289/2734/1606
f 3066/1251/1440 3068/1915/1607 3069/2735/1607
f 2746/2737/477 2748/2877/478 2749/2738/1608
f 2380/1595/1089 2382/1921/1271 2383/2739/1271
f 2920/2479/1609 2921/2879/1609 2919/2533/1439
f 3414/1598/1610 3415/2878/1671 3413/2741/1447
f 2732/2742/495 2733/2880/495 2731/2743/496
f 2317/2744/408 2319/2881/408 2316/2086/408
f 2684/2253/1611 2685/2884/1611 2683/2745/1444
f 3132/1603/1612 3133/2887/1612 3131/2746/1442
f 2366/1604/1276 2367/2882/1276 2365/2541/1096
f 3322/1607/1613 3323/2888/1613 3321/2747/1446
f 3352/1609/1614 3354/1932/1615 3355/2748/1615
f 3052/1610/1616 3053/2885/1616 3051/2544/1450
f 3224/1934/1618 3225/2883/1618 3223/2749/1452
f 2968/2750/509 2969/2886/509 2967/2550/510
f 3302/1617/1619 3304/3762/2406 3305/2752/1620
f 2716/2753/513 2717/2892/513 2715/2754/514
f 2332/1621/1453 2334/1951/1621 2335/2755/1621
f 3305/2752/1620 3304/3762/2406 3176/2756/144
f 2990/2758/426 2992/2896/426 2989/2556/426
f 2350/1623/1284 2351/2893/1284 2349/2760/1106
f 3164/1624/1622 3165/2894/1673 3163/2558/1455
f 2698/2241/1454 2700/2898/1624 2701/2761/1624
f 2570/1628/1625 2571/2900/1674 2569/2762/1102
f 2600/1630/1461 2602/1947/1292 2603/2763/1292
f 3336/1632/1457 3338/1952/1626 3339/2764/1626
f 3148/1633/1627 3149/2899/1627 3147/2562/1458
f 2936/2264/528 2937/2902/528 2935/2765/1459
f 3382/1637/1628 3383/1962/1628 3381/2766/1629
f 3192/1638/1630 3193/2901/1630 3191/2564/1462
f 3396/1641/1463 3398/1957/1631 3399/2767/1631
f 2950/2768/541 2952/2904/542 2953/2769/542
f 3208/1644/1632 3209/2905/1632 3207/2770/1464
f 2586/1647/1299 2587/1968/1465 2585/2771/1114
f 1300/2772/1633 1299/3389/1633 3455/2773/1633
f 149/2571/1466 152/582/161 151/584/161
f 142/581/160 141/580/160 140/791/1467
f 203/717/1635 206/590/166 205/589/166
f 193/149/1471 196/585/163 195/587/163
f 168/601/175 167/600/174 166/738/1636
f 219/1202/1473 222/602/176 221/604/176
f 180/593/168 179/592/168 178/1197/1475
f 123/2580/1476 126/594/169 125/596/169
f 365/1127/240 364/3772/240 361/2777/240
f 235/1215/1477 238/610/183 237/609/182
f 110/607/180 109/606/179 108/1281/1478
f 314/2778/1479 317/613/185 316/612/185
f 330/2779/1480 333/616/188 332/615/187
f 349/619/190 348/618/190 347/1990/1481
f 529/597/1637 528/3765/1637 526/1992/1483
f 254/633/200 253/632/200 252/2586/1482
f 515/2781/1484 518/620/191 517/622/191
f 502/623/193 501/625/193 500/1998/1485
f 486/626/195 485/628/195 484/1681/1486
f 94/629/197 93/631/197 92/2782/1488
f 548/639/204 547/638/204 546/1683/1487
f 467/2784/1489 470/636/202 469/635/202
f 270/642/206 269/641/206 268/2595/1490
f 276/1162/570 275/1161/569 274/1158/567
f 75/2598/1492 78/643/207 77/645/207
f 290/646/209 289/648/209 288/824/1491
f 58/652/214 57/651/214 56/2012/1493
f 39/2600/1494 42/655/217 41/654/216
f 451/2602/1496 454/658/219 453/657/219
f 564/1866/952 563/1865/952 562/1698/1495
f 399/70/1638 402/661/221 401/660/221
f 29/2790/158 32/2160/158 31/2791/158
f 441/2792/1501 444/662/222 443/664/224
f 390/667/226 389/666/226 388/2019/1639
f 571/2604/1500 574/668/227 573/670/227
f 415/2793/1503 418/671/229 417/673/229
f 425/2607/1505 428/676/233 427/675/232
f 374/677/234 373/679/234 371/2024/1640
f 714/682/237 713/681/237 712/2027/1149
f 1080/685/239 1079/684/239 1078/2795/236
f 912/687/241 911/3773/241 909/122/241
f 932/145/49 936/689/1641 935/2033/1641
f 1276/204/585 1280/208/585 1279/207/585
f 1718/691/240 1717/2037/240 1715/301/240
f 1541/700/247 1540/699/247 1539/2039/1642
f 1061/2796/249 1064/692/242 1063/694/242
f 695/2797/1509 698/701/248 697/703/250
f 1525/697/245 1524/696/245 1523/2044/1511
f 1124/707/253 1123/709/255 1122/2798/256
f 1371/706/252 1370/705/252 1369/2046/1507
f 758/712/257 757/711/257 756/2048/1153
f 771/2799/1508 774/714/259 773/716/259
f 918/131/158 917/130/158 884/97/158
f 1307/2800/585 1306/3774/585 1304/227/585
f 727/2801/1152 730/723/265 729/725/265
f 1137/2358/1643 1140/720/263 1139/722/263
f 1384/2802/1512 1387/728/268 1386/727/268
f 1108/719/262 1107/718/262 1106/2624/1514
f 1093/2804/1513 1096/733/272 1095/732/272
f 742/729/269 741/731/269 738/402/1644
f 787/2058/1161 790/740/277 789/742/277
f 1352/2806/1518 1355/734/273 1354/736/273
f 1156/745/280 1155/744/280 1154/2626/1516
f 1045/2807/282 1048/737/275 1047/739/275
f 806/751/284 805/750/284 804/2061/1519
f 682/746/281 681/748/281 680/2063/1167
f 1172/754/286 1171/753/286 1170/2808/1520
f 1554/2809/1645 1557/763/291 1556/765/291
f 888/756/241 887/3775/241 885/98/241
f 1252/180/585 1256/184/585 1255/183/585
f 822/762/290 821/761/290 820/2069/1521
f 1188/771/296 1187/770/296 1186/2810/1522
f 1506/2811/1646 1509/757/287 1508/759/287
f 1032/768/294 1031/767/294 1030/2812/297
f 666/774/298 665/773/298 664/2076/1172
f 1400/2813/1523 1403/784/306 1402/786/306
f 1016/777/300 1015/776/300 1014/2814/301
f 650/780/302 649/779/302 648/2081/1526
f 1588/2815/1525 1591/787/308 1590/789/308
f 1339/783/305 1338/782/304 1337/2084/1647
f 882/1450/1367 881/3768/1367 588/85/1361
f 588/85/241 592/1929/241 591/2744/241
f 950/2816/241 954/167/241 953/166/241
f 1573/798/315 1572/797/315 1571/2088/1648
f 838/804/319 837/803/319 836/1775/1528
f 1000/790/310 999/792/310 998/2819/623
f 1680/2820/1536 1683/793/312 1682/795/312
f 634/801/317 633/800/317 632/2094/1534
f 602/810/323 601/809/323 600/2095/1531
f 1321/244/1649 1325/1267/1650 1324/2328/1650
f 1623/807/321 1622/806/321 1621/1793/1537
f 1651/829/337 1650/831/337 1649/2099/1532
f 968/813/325 967/812/325 966/2822/1535
f 1201/2650/1533 1204/823/333 1203/825/333
f 1449/2425/1651 1448/3776/1651 1446/251/1651
f 1607/828/336 1606/827/336 1605/2106/1538
f 1419/837/342 1418/836/342 1417/2108/1539
f 981/2824/340 984/814/326 983/816/326
f 1432/2659/1541 1435/820/330 1434/822/332
f 615/2662/1542 618/832/339 617/834/339
f 1490/2665/1544 1493/817/328 1492/819/328
f 1236/840/344 1235/839/344 1234/2825/1543
f 1455/2670/1653 1454/3777/1653 1452/257/1654
f 1457/262/1655 1461/843/77 1460/2826/76
f 870/846/348 869/845/347 868/2118/1200
f 1477/849/350 1476/848/350 1475/1808/1545
f 851/2828/1199 854/850/351 853/852/351
f 1667/855/354 1666/854/354 1665/1815/1548
f 1217/2830/352 1220/856/355 1219/858/355
f 1875/1648/828 1874/1650/828 1873/2831/1379
f 1926/2832/1381 1929/1655/833 1928/1654/833
f 1887/864/361 1886/866/361 1885/2833/1552
f 1858/2672/1555 1861/861/359 1860/863/359
f 1938/1380/1554 1941/872/366 1940/871/366
f 1912/963/1556 1915/867/363 1914/869/363
f 2095/2835/426 2094/3778/426 2032/54/426
f 1903/364/1656 1902/363/1656 1900/361/1656
f 2086/2837/425 2088/2236/425 2089/2238/425
f 1957/878/371 1956/877/370 1955/1388/1557
f 1842/1470/1558 1845/875/368 1844/874/368
f 1973/879/372 1972/881/372 1971/1403/1559
f 2033/56/1657 2036/887/377 2035/886/377
f 2049/1500/1560 2052/890/379 2051/889/379
f 2065/1502/1562 2068/893/381 2067/892/381
f 1826/1454/1564 1829/882/374 1828/884/374
f 2084/896/383 2083/895/383 2082/2843/1563
f 2264/2844/111 2267/902/387 2266/901/387
f 2253/1992/1033 2252/1994/1033 2251/2846/1565
f 2237/897/384 2236/899/384 2235/2847/1566
f 2221/905/389 2220/904/389 2219/2683/1567
f 2202/1847/1568 2205/906/390 2204/908/390
f 1989/911/393 1988/910/393 1987/1003/1569
f 1810/2848/1572 1813/914/395 1812/913/395
f 2186/1526/1576 2189/915/396 2188/917/396
f 2000/2477/1402 2003/2479/1403 2002/2481/1405
f 2006/2690/1574 2009/918/398 2008/920/398
f 2280/1521/1573 2283/924/402 2282/926/402
f 2022/1100/1575 2025/921/400 2024/923/400
f 2031/2484/1407 2030/1439/2405 1790/2853/1659
f 1791/348/1660 1795/352/2407 1794/351/1661
f 1777/929/405 1776/928/405 1775/2855/1577
f 2176/2603/1663 2179/2017/1049 2178/2016/1049
f 2290/1865/1579 2293/932/407 2292/931/407
f 2127/380/1664 2126/379/1664 2124/2856/1664
f 1759/341/426 1758/340/426 1756/2273/426
f 2134/1868/1581 2137/935/412 2136/934/412
f 2160/1870/1582 2163/936/413 2162/938/413
f 2109/939/415 2108/941/415 2107/2859/1665
f 2306/1873/1583 2309/942/417 2308/944/417
f 2313/1361/675 2312/3757/675 2096/1874/1666
f 2099/2024/1057 2098/2026/1057 2097/2860/1666
f 3259/950/422 3258/949/422 3257/2861/1585
f 2799/945/419 2798/947/419 2797/2862/423
f 2433/953/424 2432/952/424 2431/2863/1246
f 3021/217/408 3020/504/408 3018/2864/408
f 3043/522/425 3042/521/425 3040/238/425
f 3366/2865/426 3369/1032/481 3368/1034/483
f 2446/1882/1245 2449/957/427 2448/959/427
f 2815/965/432 2814/964/432 2813/2713/1586
f 2493/962/430 2492/961/430 2491/2868/1252
f 3103/974/438 3102/973/438 3101/2869/1587
f 2859/971/436 2858/970/436 2857/2463/682
f 2840/2870/1589 2843/966/433 2842/968/433
f 2474/1890/1590 2477/981/444 2476/983/444
f 3084/1892/1593 3087/978/441 3086/980/443
f 2780/2462/447 2783/977/440 2782/976/440
f 3275/992/453 3274/991/452 3273/2871/1667
f 2509/989/449 2508/988/449 2507/2872/1591
f 2872/2466/448 2875/995/455 2874/994/455
f 2646/435/426 2651/440/426 2650/439/426
f 2674/462/131 2673/461/130 2648/437/1668
f 2414/1570/1595 2417/984/446 2416/986/446
f 2467/404/450 2466/403/450 2464/2720/450
f 2829/473/450 2828/472/450 2826/470/450
f 3240/1903/1600 3243/996/456 3242/998/456
f 3116/1905/1669 3119/1005/462 3118/1007/462
f 2522/1907/1599 2525/999/458 2524/1001/458
f 2888/2474/1601 2891/1002/460 2890/1004/460
f 2538/1909/1602 2541/1011/466 2540/1013/466
f 2904/2874/1603 2907/1014/468 2906/1016/468
f 2764/2223/1604 2767/1008/464 2766/1010/464
f 2398/1913/1269 2401/1017/470 2400/1019/470
f 3068/1915/1607 3071/1022/473 3070/1021/473
f 3432/290/1670 3431/562/1670 3429/2875/426
f 2554/1917/1605 2557/1031/480 2556/1030/480
f 2748/2877/478 2751/1023/474 2750/1025/476
f 2382/1921/1271 2385/1026/477 2384/1028/477
f 3288/1923/1606 3291/1035/484 3290/1037/486
f 3417/1724/868 3416/1723/868 3415/2878/1671
f 2923/1046/492 2922/1045/492 2921/2879/1609
f 2735/1038/487 2734/1040/487 2733/2880/495
f 2321/1055/499 2320/1054/498 2319/2881/1672
f 3354/1932/1615 3357/1041/489 3356/1043/489
f 2369/1052/496 2368/1051/496 2367/2882/1276
f 3227/1049/494 3226/1048/494 3225/2883/1618
f 2687/1059/502 2686/1061/502 2685/2884/1611
f 3055/1058/501 3054/1057/501 3053/2885/1616
f 2971/1439/711 2970/3759/711 2969/2886/509
f 3135/1067/508 3134/1066/507 3133/2887/1612
f 3325/1064/505 3324/1063/505 3323/2888/1613
f 2675/463/132 2674/462/131 2672/2889/450
f 3171/2891/1103 3175/533/1103 3174/532/1103
f 2719/1071/511 2718/1073/511 2717/2892/513
f 2602/1947/1292 2605/1070/510 2604/1069/510
f 2353/1076/514 2352/1075/514 2351/2893/1284
f 3167/1078/517 3166/1077/516 3165/2894/1673
f 2334/1951/1621 2337/1082/520 2336/1084/520
f 2623/110/408 2627/111/408 2626/417/408
f 2995/486/450 2994/485/450 2992/2896/450
f 3341/1081/519 3340/1080/519 3339/2764/1626
f 2700/2898/1624 2703/1088/524 2702/1090/524
f 3151/1087/523 3150/1086/523 3149/2899/1627
f 2573/1096/529 2572/1095/529 2571/2900/1674
f 3398/1957/1631 3401/1093/527 3400/1092/527
f 3192/1638/1630 3195/1097/530 3194/1099/530
f 2939/1102/534 2938/1101/533 2937/2902/528
f 3385/1108/538 3384/1107/538 3383/1962/1628
f 3177/2903/1675 3181/537/2408 3180/536/1676
f 2952/2904/542 2955/1103/535 2954/1105/535
f 3208/1644/1632 3211/1109/539 3210/1111/539
f 2586/1647/1299 2589/1112/541 2588/1114/541
f 202/719/1469 201/718/1469 200/2906/545
f 736/91/585 740/2805/585 739/404/585
f 372/2794/1640 371/2024/1640 370/1874/958
f 3028/508/426 3027/226/426 3456/578/426
f 1098/169/585 1102/173/585 1101/172/585
f 3454/2907/591 3458/576/591 3024/2908/591
f 1/2909/1633 3/2987/1633 1729/313/1633
f 13/2909/1678 15/2127/1678 1741/325/1678
f 25/2909/1679 27/3779/1679 1753/337/1679
f 31/29/1678 30/28/1678 1757/2910/1678
f 66/39/1633 68/41/1633 1793/350/93
f 528/73/1680 527/72/1680 2255/382/1680
f 887/100/1678 886/99/1678 2614/407/1681
f 898/2912/1678 900/3365/1678 2625/481/1678
f 911/124/1678 910/123/1678 2638/428/1678
f 922/2914/1633 924/3371/1633 2649/2915/1633
f 935/148/1682 934/147/1682 2662/451/1683
f 947/160/1684 946/159/1685 2673/2917/1685
f 1255/183/1633 1254/182/1633 2982/413/1686
f 1266/194/1687 1268/196/1687 2993/2919/1687
f 1279/207/1633 1278/206/1633 3005/2921/1633
f 1291/2923/1678 1293/3387/1678 3019/2924/1678
f 1306/229/1687 1305/228/1687 3030/510/1687
f 1318/241/1688 1317/240/1688 3041/2926/1688
f 1460/265/1689 1459/264/1689 3186/542/1690
f 1581/267/1688 1580/210/1688 3306/2928/1688
f 1692/2909/1678 1694/3735/1678 3419/556/1678
f 1704/185/1678 1706/3738/1678 3430/2930/1678
f 1717/303/1688 1716/302/1688 3443/569/1688
f 4/2932/1678 6/2989/1678 1732/316/1678
f 16/16/1633 18/18/1633 1744/328/1691
f 33/2933/1688 35/3000/1688 1761/343/1688
f 69/42/15 71/44/17 1797/354/1687
f 359/58/1692 358/57/1692 2086/368/1692
f 364/61/1687 363/60/1687 2091/371/1687
f 530/2934/1688 532/3221/1688 2258/385/1688
f 889/179/1686 891/3363/1686 2617/410/1633
f 901/191/1633 903/3366/1633 2629/419/1633
f 913/203/1633 915/3369/1633 2641/431/1686
f 925/2935/1687 927/3372/1687 2653/442/1687
f 937/2936/1688 939/3375/1688 2665/453/1688
f 949/162/1693 951/164/1693 2677/394/1694
f 953/166/1695 952/165/1695 2680/466/1695
f 1097/168/1696 1099/170/1696 2825/469/1696
f 1101/172/1697 1100/171/1697 2827/471/1698
f 1245/2909/1678 1247/2412/1678 2973/474/1678
f 1257/185/1678 1259/187/1678 2985/479/1678
f 1269/197/1688 1271/199/1688 2997/487/1688
f 1282/209/1687 1281/210/1687 3010/2928/1687
f 1296/2938/1633 1295/3388/1633 3023/505/1686
f 1308/2909/1678 1310/3392/1678 3033/512/1678
f 1320/2909/1699 1322/3396/1699 3045/523/1700
f 1324/247/1701 1323/246/1701 3048/526/1702
f 1444/2939/1703 1446/3514/1703 3169/529/1703
f 1448/253/1704 1447/252/1704 3173/2940/1704
f 1583/2942/1678 1585/3639/1678 3310/548/1678
f 1695/2943/1678 1697/3736/1678 3422/407/1681
f 1707/2944/1678 1709/3365/1678 3434/481/1678
f 1719/2945/1678 1721/3740/1678 3446/428/1678
f 7/2946/1688 9/2990/1688 1735/319/1688
f 19/19/1705 21/21/1705 1747/331/1687
f 36/2947/1687 38/3002/1687 1764/346/1687
f 72/45/1706 74/47/1706 1800/357/1706
f 171/48/1707 173/50/1707 1899/360/1707
f 174/51/1708 176/53/1708 1901/362/1708
f 366/2948/1633 368/3023/1633 2094/374/1633
f 533/2949/1678 535/3222/1678 2261/388/1678
f 892/2950/1633 894/182/1633 2620/413/1709
f 904/194/1687 906/3367/1687 2632/422/1687
f 916/2951/1633 918/206/1633 2643/2921/1633
f 928/2953/1688 930/3373/1688 2656/445/1688
f 940/2954/1678 942/3376/1678 2668/456/1678
f 1248/176/1678 1250/178/1678 2976/407/1681
f 1260/188/1678 1262/190/1678 2988/481/1678
f 1272/200/1678 1274/202/1678 3000/428/1678
f 1284/2955/1710 1287/3385/1710 3013/2956/1687
f 1311/2957/1633 1313/3393/1633 3036/515/1633
f 1450/2909/1711 1452/3515/1711 3177/534/1711
f 1454/259/1712 1453/258/1712 3179/2958/1712
f 1636/2960/1688 1638/3687/1688 3363/551/1688
f 1698/179/1686 1700/3737/1686 3425/559/1633
f 1710/191/1633 1712/3739/1633 3437/564/1633
f 1722/203/1633 1724/3741/1633 3449/571/1686
f 11/11/1687 10/10/1687 1737/2961/1687
f 23/23/1688 22/22/1688 1749/333/1688
f 63/2909/1713 65/1861/1713 1791/348/91
f 305/2909/1714 307/3025/1714 2033/366/1715
f 395/2963/1716 397/3097/1716 2123/377/1716
f 398/2964/1717 400/3099/1717 2125/2965/1717
f 536/2967/1718 538/3224/1718 2264/391/1719
f 587/2968/1693 589/15/1693 2315/394/1694
f 591/88/1720 590/87/1720 2318/397/1720
f 735/2969/1721 737/3320/1721 2463/400/1696
f 739/94/1697 738/93/1697 2465/2970/1697
f 883/2909/1678 885/3362/1678 2611/405/1678
f 895/185/1678 897/3364/1678 2623/415/1678
f 907/197/1688 909/3368/1688 2635/425/1688
f 920/133/1722 919/132/1722 2646/2972/1723
f 931/2973/1724 933/3374/1725 2659/448/1725
f 943/2974/1633 945/3377/1633 2671/459/1633
f 1251/179/1686 1253/181/1686 2979/476/1633
f 1263/191/1633 1265/193/1633 2991/483/1633
f 1275/203/1633 1277/205/1633 3003/490/1686
f 1288/2975/1688 1290/3386/1688 3017/501/1688
f 1302/2976/1633 1304/3390/1633 3026/2977/1633
f 1314/2979/1687 1316/3394/1687 3039/518/1687
f 1456/2980/1726 1458/3519/1726 3183/539/1727
f 1639/2981/1678 1641/3689/1678 3366/554/1678
f 1701/2982/1633 1703/182/1633 3428/413/1686
f 1713/2983/1687 1715/3367/1687 3440/567/1687
f 1726/311/1633 1725/206/1633 3451/2921/1633
f 2/2/592 12/1485/592 24/2985/592
f 12/1485/592 14/3780/592 24/2985/592
f 4/2932/64 1731/315/64 1729/313/64
f 1/2988/591 1728/3781/591 1737/2961/591
f 17/3782/592 14/3780/592 8/8/592
f 14/3780/592 12/1485/592 8/8/592
f 5/5/592 2/2/592 20/2986/592
f 17/3782/592 8/8/592 20/2986/592
f 7/2946/1728 1734/318/1728 1732/316/1728
f 11/11/138 1739/2962/138 1735/319/138
f 16/16/64 1743/327/64 1741/325/64
f 13/13/1728 1740/860/1728 1749/333/1728
f 19/19/591 1746/330/591 1744/328/591
f 23/23/138 1751/335/138 1747/331/138
f 25/2991/1729 1752/3783/1729 1789/2992/1730
f 73/3784/592 70/3785/592 29/2790/592
f 26/26/592 62/649/592 283/3786/592
f 62/649/592 59/650/592 285/3787/592
f 285/3787/592 59/650/592 287/3788/592
f 73/3784/592 29/2790/592 26/26/592
f 78/3789/592 75/3790/592 270/3791/592
f 75/3790/592 73/3784/592 271/3792/592
f 81/3793/592 79/3794/592 265/3795/592
f 79/3794/592 78/3789/592 267/3796/592
f 85/3797/592 83/3798/592 261/3799/592
f 83/3798/592 81/3793/592 263/3800/592
f 261/3799/592 83/3798/592 263/3800/592
f 89/3801/592 87/3802/592 257/3803/592
f 87/3802/592 85/3797/592 259/3804/592
f 94/3805/592 91/3806/592 254/3807/592
f 91/3806/592 89/3801/592 255/3808/592
f 97/3809/592 95/3810/592 249/3811/592
f 95/3810/592 94/3805/592 251/3812/592
f 251/3812/592 94/3805/592 254/3807/592
f 101/2996/592 99/3813/592 245/2994/592
f 99/3813/592 97/3809/592 247/3814/592
f 245/2994/592 99/3813/592 247/3814/592
f 105/3815/592 103/3816/592 241/3817/592
f 103/3816/592 101/2996/592 243/2995/592
f 241/3817/592 103/3816/592 243/2995/592
f 110/3818/592 107/3819/592 238/3820/592
f 107/3819/592 105/3815/592 239/3821/592
f 238/3820/592 107/3819/592 239/3821/592
f 113/3822/592 111/3823/592 233/3824/592
f 111/3823/592 110/3818/592 235/3825/592
f 233/3824/592 111/3823/592 235/3825/592
f 117/3826/592 115/3827/592 229/3828/592
f 115/3827/592 113/3822/592 231/3829/592
f 229/3828/592 115/3827/592 231/3829/592
f 121/3830/592 119/3831/592 227/3832/592
f 119/3831/592 117/3826/592 227/3832/592
f 121/3830/592 227/3832/592 225/3833/592
f 126/3834/592 123/3835/592 223/3836/592
f 123/3835/592 121/3830/592 225/3833/592
f 223/3836/592 123/3835/592 225/3833/592
f 129/3837/592 127/3838/592 219/3839/592
f 127/3838/592 126/3834/592 222/3840/592
f 133/3841/592 131/3842/592 215/3843/592
f 131/3842/592 129/3837/592 217/3844/592
f 133/3841/592 215/3843/592 213/3845/592
f 137/3846/592 135/3847/592 211/3848/592
f 135/3847/592 133/3841/592 213/3845/592
f 211/3848/592 135/3847/592 213/3845/592
f 142/3849/592 139/3850/592 207/3851/592
f 139/3850/592 137/3846/592 209/3852/592
f 142/3849/592 207/3851/592 206/3853/592
f 145/3854/592 143/3855/592 203/3856/592
f 143/3855/592 142/3849/592 206/3853/592
f 203/3856/592 143/3855/592 206/3853/592
f 149/3857/592 147/3858/592 199/3859/592
f 147/3858/592 145/3854/592 202/3860/592
f 199/3859/592 147/3858/592 202/3860/592
f 153/3861/592 152/3862/592 196/3863/592
f 152/3862/592 149/3857/592 197/3864/592
f 157/3865/592 155/3866/592 189/3867/592
f 155/3866/592 153/3861/592 193/3868/592
f 189/3867/592 155/3866/592 191/3869/592
f 161/3870/592 159/3871/592 185/3872/592
f 159/3871/592 157/3865/592 187/3873/592
f 165/3874/592 163/3875/592 181/3876/592
f 163/3875/592 161/3870/592 183/3877/592
f 181/3876/592 163/3875/592 183/3877/592
f 169/3878/592 168/3879/592 177/3880/592
f 168/3879/592 165/3874/592 180/3881/592
f 175/3882/592 172/3883/592 169/3878/592
f 177/3880/592 175/3882/592 169/3878/592
f 168/3879/592 180/3881/592 177/3880/592
f 180/3881/592 165/3874/592 181/3876/592
f 159/3871/592 187/3873/592 185/3872/592
f 187/3873/592 157/3865/592 189/3867/592
f 152/3862/592 197/3864/592 196/3863/592
f 127/3838/592 222/3840/592 219/3839/592
f 105/3815/592 241/3817/592 239/3821/592
f 91/3806/592 255/3808/592 254/3807/592
f 87/3802/592 259/3804/592 257/3803/592
f 259/3804/592 85/3797/592 261/3799/592
f 79/3794/592 267/3796/592 265/3795/592
f 26/26/592 283/3786/592 281/3884/592
f 73/3784/592 26/26/592 279/3885/592
f 59/650/592 58/652/592 287/3788/592
f 58/652/592 55/2788/592 287/3788/592
f 55/2788/592 53/2599/592 290/3886/592
f 53/2599/592 51/2380/592 291/3887/592
f 290/3886/592 53/2599/592 291/3887/592
f 51/2380/592 49/2159/592 293/3888/592
f 49/2159/592 47/1863/592 295/3889/592
f 47/1863/592 45/1171/592 295/3889/592
f 45/1171/592 43/653/592 297/3890/592
f 297/3890/592 43/653/592 299/3891/592
f 43/653/592 42/655/592 299/3891/592
f 42/655/592 39/2600/592 302/3892/592
f 37/35/592 34/32/592 64/3893/592
f 34/32/592 67/2999/592 64/3893/592
f 42/655/592 302/3892/592 299/3891/592
f 39/2600/592 37/35/592 302/3892/592
f 49/2159/592 295/3889/592 293/3888/592
f 287/3788/592 55/2788/592 290/3886/592
f 26/26/592 281/3884/592 279/3885/592
f 62/649/592 285/3787/592 283/3786/592
f 117/3826/592 229/3828/592 227/3832/592
f 126/3834/592 223/3836/592 222/3840/592
f 45/1171/592 297/3890/592 295/3889/592
f 64/3893/592 303/3894/592 37/35/592
f 303/3894/592 302/3892/592 37/35/592
f 185/3872/592 183/3877/592 161/3870/592
f 191/3869/592 155/3866/592 193/3868/592
f 51/2380/592 293/3888/592 291/3887/592
f 196/3863/592 193/3868/592 153/3861/592
f 199/3859/592 197/3864/592 149/3857/592
f 73/3784/592 279/3885/592 277/3895/592
f 273/3896/592 73/3784/592 276/3897/592
f 73/3784/592 273/3896/592 271/3792/592
f 203/3856/592 202/3860/592 145/3854/592
f 277/3895/592 276/3897/592 73/3784/592
f 207/3851/592 139/3850/592 209/3852/592
f 75/3790/592 271/3792/592 270/3791/592
f 78/3789/592 270/3791/592 267/3796/592
f 209/3852/592 137/3846/592 211/3848/592
f 81/3793/592 265/3795/592 263/3800/592
f 215/3843/592 131/3842/592 217/3844/592
f 219/3839/592 217/3844/592 129/3837/592
f 89/3801/592 257/3803/592 255/3808/592
f 231/3829/592 113/3822/592 233/3824/592
f 95/3810/592 251/3812/592 249/3811/592
f 97/3809/592 249/3811/592 247/3814/592
f 235/3825/592 110/3818/592 238/3820/592
f 1753/337/64 27/3779/64 28/2998/64
f 28/2998/64 31/29/64 1755/2997/64
f 31/29/64 1759/2911/64 1755/2997/64
f 32/2160/592 29/2790/592 70/3785/592
f 70/3785/592 67/2999/592 32/2160/592
f 33/2933/1728 1760/342/1728 1757/2910/1728
f 36/2947/138 1763/345/138 1761/343/138
f 40/3001/1731 1766/3004/1731 1764/346/591
f 41/3003/1732 1768/3006/1732 1766/3004/1731
f 44/3005/1733 1770/3007/1733 1768/3006/1732
f 46/1830/1734 1772/969/1734 1770/3007/1733
f 48/3008/1735 1774/3010/1735 1772/969/1734
f 50/3009/1736 1777/3012/1736 1774/3010/1735
f 52/3011/1737 1778/3014/1737 1777/3012/1736
f 54/3013/1738 1780/3016/1738 1778/3014/1737
f 56/3015/1739 1782/3018/1739 1780/3016/1738
f 57/3017/1740 1784/3020/1740 1782/3018/1739
f 60/3019/1741 1786/3021/1741 1784/3020/1740
f 61/2993/1730 1789/2992/1730 1786/3021/1741
f 63/37/1742 1790/2853/1742 2030/1439/1743
f 66/39/64 1795/352/2407 1791/348/1660
f 69/42/591 1796/353/591 1793/350/591
f 71/44/1326 72/45/1325 1799/356/138
f 76/2787/1744 1802/2009/1744 1800/357/1745
f 77/645/1746 1804/2008/1746 1802/2009/1744
f 80/644/1747 1806/2262/1747 1804/2008/1746
f 82/1519/1748 1808/2687/1748 1806/2262/1747
f 84/1851/1749 1810/2848/1749 1808/2687/1748
f 86/2153/1750 1813/914/1750 1810/2848/1749
f 88/2152/1751 1814/912/1751 1813/914/1750
f 90/2374/1752 1816/1336/1752 1814/912/1751
f 92/2782/1753 1818/2001/1753 1816/1336/1752
f 93/631/1754 1820/2254/1754 1818/2001/1753
f 96/630/1755 1822/2253/1755 1820/2254/1754
f 98/1143/1756 1824/2468/1758 1822/2253/1755
f 100/1507/1757 1826/1454/1757 1824/2468/1758
f 102/2144/1759 1829/882/1759 1826/1454/1757
f 104/2143/1760 1830/1318/1760 1829/882/1759
f 106/2584/1761 1832/1667/1761 1830/1318/1760
f 108/1281/1762 1834/1986/1762 1832/1667/1761
f 109/606/1763 1836/2241/1763 1834/1986/1762
f 112/1133/1764 1838/2464/1764 1836/2241/1763
f 114/1497/1765 1840/2678/1765 1838/2464/1764
f 116/1832/1766 1842/1470/1766 1840/2678/1765
f 118/1831/1767 1845/875/1767 1842/1470/1766
f 120/2138/1768 1846/873/1768 1845/875/1767
f 122/2581/1769 1848/1663/1769 1846/873/1768
f 124/2776/1770 1850/1983/1770 1848/1663/1769
f 125/596/1771 1852/1982/1771 1850/1983/1770
f 128/595/1772 1854/2231/1772 1852/1982/1771
f 130/1124/1773 1856/2455/1773 1854/2231/1772
f 132/1491/1774 1858/2672/1774 1856/2455/1773
f 134/2130/1775 1861/861/1775 1858/2672/1774
f 136/2350/1776 1862/1307/1776 1861/861/1775
f 138/792/1777 1864/1306/1779 1862/1307/1776
f 140/791/1778 1866/1971/1778 1864/1306/1779
f 141/580/1780 1868/2221/1780 1866/1971/1778
f 144/1116/1781 1870/2449/1781 1868/2221/1780
f 146/1115/1782 1872/2448/1782 1870/2449/1781
f 148/2349/1783 1875/1648/1783 1872/2448/1782
f 150/1238/1784 1876/1970/1784 1875/1648/1783
f 151/584/1785 1878/1969/1785 1876/1970/1784
f 154/583/1786 1880/2223/1786 1878/1969/1785
f 156/1487/1787 1882/1008/1787 1880/2223/1786
f 158/1486/1788 1884/1409/1788 1882/1008/1787
f 160/1819/1789 1887/864/1789 1884/1409/1788
f 162/2354/1790 1888/1310/1790 1887/864/1789
f 164/739/1791 1890/1658/1791 1888/1310/1790
f 166/738/1792 1892/1976/1792 1890/1658/1791
f 167/600/1793 1894/2234/1793 1892/1976/1792
f 170/1129/1794 1896/2462/1794 1894/2234/1793
f 171/48/1795 1898/359/1795 1896/2462/1794
f 174/51/1796 1903/364/1796 1899/360/1796
f 178/1197/1797 1904/1662/1797 1901/362/1798
f 179/592/1799 1906/2229/1799 1904/1662/1797
f 182/1126/1800 1908/2457/1800 1906/2229/1799
f 184/1493/1801 1910/965/1801 1908/2457/1800
f 186/1825/1802 1912/963/1802 1910/965/1801
f 188/2134/1803 1915/867/1803 1912/963/1802
f 190/2352/1804 1916/1309/1804 1915/867/1803
f 192/2351/1805 1918/1308/1805 1916/1309/1804
f 194/2577/1806 1920/1656/1806 1918/1308/1805
f 195/587/1807 1922/1975/1807 1920/1656/1806
f 198/586/1808 1924/2225/1808 1922/1975/1807
f 200/2906/1809 1926/2832/1809 1924/2225/1808
f 1929/1655/1810 1926/2832/1809 200/2906/1809
f 204/2575/1811 1930/1653/1811 1929/1655/1810
f 205/589/1812 1932/1973/1812 1930/1653/1811
f 208/1122/1813 1934/2454/1813 1932/1973/1812
f 210/1489/1814 1936/966/1814 1934/2454/1813
f 212/1823/1815 1938/1380/1815 1936/966/1814
f 214/2136/1816 1941/872/1816 1938/1380/1815
f 216/2135/1817 1942/870/1817 1941/872/1816
f 218/709/1818 1944/1312/1818 1942/870/1817
f 220/2579/1819 1946/1660/1819 1944/1312/1818
f 221/604/1820 1948/1978/1820 1946/1660/1819
f 224/603/1821 1950/2239/1821 1948/1978/1820
f 226/1495/1822 1952/971/1822 1950/2239/1821
f 228/1830/1823 1954/969/1823 1952/971/1822
f 230/1829/1824 1957/878/1824 1954/969/1823
f 232/2140/1825 1958/876/1825 1957/878/1824
f 234/2359/1826 1960/1316/1826 1958/876/1825
f 236/2582/1827 1962/1665/1827 1960/1316/1826
f 237/609/1828 1964/1984/1828 1962/1665/1827
f 240/1135/1829 1966/2466/1829 1964/1984/1828
f 242/1134/1830 1968/995/1830 1966/2466/1829
f 244/1499/1831 1970/993/1831 1968/995/1830
f 246/1834/1832 1973/879/1832 1970/993/1831
f 248/2142/1833 1974/1327/1833 1973/879/1832
f 250/744/1834 1976/1326/1834 1974/1327/1833
f 252/2586/1835 1978/1675/1835 1976/1326/1834
f 253/632/1836 1980/2255/1836 1978/1675/1835
f 256/1153/1837 1982/2474/1837 1980/2255/1836
f 258/1152/1838 1984/1002/1838 1982/2474/1837
f 260/1517/1839 1986/2686/1839 1984/1002/1838
f 262/1849/1840 1989/911/1840 1986/2686/1839
f 264/2151/1841 1990/909/1841 1989/911/1840
f 266/753/1842 1992/1690/1842 1990/909/1841
f 268/2595/1843 1994/1689/1843 1992/1690/1842
f 269/641/1844 1996/2260/1844 1994/1689/1843
f 272/1159/1845 1998/2478/1845 1996/2260/1844
f 274/1158/1846 2000/2477/1846 1998/2478/1845
f 275/1161/1847 2003/2479/1847 2000/2477/1846
f 278/1523/1848 2004/1046/1848 2003/2479/1847
f 280/1522/1849 2006/2690/1849 2004/1046/1848
f 282/2156/1850 2009/918/1850 2006/2690/1849
f 284/2378/1851 2010/1342/1851 2009/918/1850
f 286/2597/1852 2012/1691/1852 2010/1342/1851
f 288/824/1853 2014/2010/1853 2012/1691/1852
f 289/648/1854 2016/2265/1854 2014/2010/1853
f 292/647/1855 2018/2264/1855 2016/2265/1854
f 294/1164/1856 2020/1102/1856 2018/2264/1855
f 296/1859/1857 2022/1100/1857 2020/1102/1856
f 298/1858/1858 2025/921/1858 2022/1100/1857
f 300/2379/1859 2026/1344/1859 2025/921/1858
f 301/858/1860 2028/2483/1860 2026/1344/1859
f 304/1860/1743 2030/1439/1743 2028/2483/1860
f 305/3022/64 2032/3898/64 2094/374/64
f 559/2381/592 557/2158/592 454/658/592
f 557/2158/592 555/1856/592 455/656/592
f 454/658/592 557/2158/592 455/656/592
f 555/1856/592 553/1857/592 457/1169/592
f 553/1857/592 551/1520/592 459/1853/592
f 457/1169/592 553/1857/592 459/1853/592
f 551/1520/592 549/637/592 461/1852/592
f 549/637/592 548/639/592 463/2154/592
f 548/639/592 545/2783/592 465/2376/592
f 545/2783/592 543/2592/592 467/2784/592
f 543/2592/592 541/2372/592 470/636/592
f 541/2372/592 539/1843/592 471/634/592
f 537/82/592 362/1826/592 360/1828/592
f 541/2372/592 471/634/592 470/636/592
f 539/1843/592 537/82/592 473/1515/592
f 471/634/592 539/1843/592 473/1515/592
f 549/637/592 463/2154/592 461/1852/592
f 545/2783/592 467/2784/592 465/2376/592
f 564/1866/592 561/2789/592 449/1530/592
f 561/2789/592 559/2381/592 451/2602/592
f 451/2602/592 559/2381/592 454/658/592
f 567/2382/592 565/1864/592 447/1531/592
f 565/1864/592 564/1866/592 449/1530/592
f 567/2382/592 447/1531/592 445/1173/592
f 571/2604/592 569/2605/592 444/662/592
f 569/2605/592 567/2382/592 445/1173/592
f 444/662/592 569/2605/592 445/1173/592
f 575/1180/592 574/668/592 439/2383/592
f 574/668/592 571/2604/592 441/2792/592
f 575/1180/592 439/2383/592 437/2161/592
f 579/1537/592 577/1179/592 435/1869/592
f 577/1179/592 575/1180/592 437/2161/592
f 435/1869/592 577/1179/592 437/2161/592
f 583/2164/592 581/1872/592 429/674/592
f 581/1872/592 579/1537/592 433/1535/592
f 429/674/592 581/1872/592 431/1181/592
f 369/1876/592 586/1875/592 425/2607/592
f 586/1875/592 583/2164/592 428/676/592
f 374/677/592 372/2794/592 423/1541/592
f 372/2794/592 369/1876/592 425/2607/592
f 423/1541/592 372/2794/592 425/2607/592
f 377/1539/592 375/1185/592 419/1183/592
f 375/1185/592 374/677/592 421/1542/592
f 381/2163/592 379/1871/592 413/2385/592
f 379/1871/592 377/1539/592 418/671/592
f 413/2385/592 379/1871/592 415/2793/592
f 385/2384/592 383/2162/592 409/1867/592
f 383/2162/592 381/2163/592 411/2386/592
f 390/667/592 387/2606/592 405/1177/592
f 387/2606/592 385/2384/592 407/1533/592
f 405/1177/592 387/2606/592 407/1533/592
f 393/1175/592 391/665/592 403/659/592
f 391/665/592 390/667/592 403/659/592
f 399/70/592 396/67/592 402/661/592
f 396/67/592 393/1175/592 402/661/592
f 403/659/592 390/667/592 405/1177/592
f 383/2162/592 411/2386/592 409/1867/592
f 411/2386/592 381/2163/592 413/2385/592
f 375/1185/592 421/1542/592 419/1183/592
f 586/1875/592 428/676/592 425/2607/592
f 428/676/592 583/2164/592 429/674/592
f 537/82/592 360/1828/592 477/1846/592
f 360/1828/592 356/2145/592 483/2591/592
f 537/82/592 477/1846/592 475/1514/592
f 356/2145/592 354/1842/592 483/2591/592
f 354/1842/592 352/1504/592 486/626/592
f 483/2591/592 354/1842/592 486/626/592
f 352/1504/592 350/617/592 487/1149/592
f 350/617/592 349/619/592 489/1148/592
f 503/1147/592 333/616/592 330/2779/592
f 349/619/592 346/2585/592 489/1148/592
f 346/2585/592 344/2366/592 491/1512/592
f 505/1146/592 330/2779/592 328/2364/592
f 344/2366/592 342/2367/592 493/2148/592
f 342/2367/592 340/1838/592 493/2148/592
f 507/1844/592 328/2364/592 326/2365/592
f 340/1838/592 338/1839/592 495/2370/592
f 338/1839/592 336/1138/592 497/2590/592
f 509/2147/592 326/2365/592 324/1836/592
f 336/1138/592 334/614/592 499/2589/592
f 334/614/592 333/616/592 502/623/592
f 511/2369/592 324/1836/592 322/1837/592
f 513/2588/592 322/1837/592 320/1136/592
f 515/2781/592 320/1136/592 318/611/592
f 518/620/592 318/611/592 317/613/592
f 519/1144/592 317/613/592 314/2778/592
f 314/2778/592 312/2362/592 521/1508/592
f 312/2362/592 310/2363/592 521/1508/592
f 310/2363/592 308/1835/592 523/2587/592
f 521/1508/592 310/2363/592 523/2587/592
f 306/55/592 367/64/592 531/76/592
f 308/1835/592 306/55/592 525/2780/592
f 317/613/592 519/1144/592 518/620/592
f 314/2778/592 521/1508/592 519/1144/592
f 320/1136/592 515/2781/592 513/2588/592
f 318/611/592 518/620/592 515/2781/592
f 324/1836/592 511/2369/592 509/2147/592
f 322/1837/592 513/2588/592 511/2369/592
f 328/2364/592 507/1844/592 505/1146/592
f 326/2365/592 509/2147/592 507/1844/592
f 333/616/592 503/1147/592 502/623/592
f 330/2779/592 505/1146/592 503/1147/592
f 402/661/592 393/1175/592 403/659/592
f 477/1846/592 360/1828/592 479/2149/592
f 306/55/592 531/76/592 529/597/592
f 306/55/592 529/597/592 525/2780/592
f 525/2780/592 523/2587/592 308/1835/592
f 409/1867/592 407/1533/592 385/2384/592
f 415/2793/592 379/1871/592 418/671/592
f 334/614/592 502/623/592 499/2589/592
f 336/1138/592 499/2589/592 497/2590/592
f 419/1183/592 418/671/592 377/1539/592
f 338/1839/592 497/2590/592 495/2370/592
f 423/1541/592 421/1542/592 374/677/592
f 340/1838/592 495/2370/592 493/2148/592
f 344/2366/592 493/2148/592 491/1512/592
f 431/1181/592 581/1872/592 433/1535/592
f 346/2585/592 491/1512/592 489/1148/592
f 433/1535/592 579/1537/592 435/1869/592
f 350/617/592 489/1148/592 487/1149/592
f 439/2383/592 574/668/592 441/2792/592
f 352/1504/592 487/1149/592 486/626/592
f 444/662/592 441/2792/592 571/2604/592
f 483/2591/592 481/2371/592 360/1828/592
f 481/2371/592 479/2149/592 360/1828/592
f 447/1531/592 565/1864/592 449/1530/592
f 475/1514/592 473/1515/592 537/82/592
f 451/2602/592 449/1530/592 561/2789/592
f 543/2592/592 470/636/592 467/2784/592
f 455/656/592 555/1856/592 457/1169/592
f 548/639/592 465/2376/592 463/2154/592
f 309/3024/1861 2036/3027/1861 2033/366/1862
f 311/3026/1863 2037/3029/1863 2036/3027/1861
f 313/3028/1864 2039/3031/1864 2037/3029/1863
f 315/3030/1865 2041/3033/1865 2039/3031/1864
f 316/3032/1866 2043/3035/1868 2041/3033/1865
f 319/3034/1867 2045/3037/1867 2043/3035/1868
f 321/3036/1869 2047/3039/1869 2045/3037/1867
f 323/3038/1870 2049/3041/1870 2047/3039/1869
f 325/3040/1871 2052/3042/1871 2049/3041/1870
f 327/2814/1872 2053/2079/1872 2052/3042/1871
f 329/3043/1873 2055/3045/1873 2053/2079/1872
f 331/3044/1874 2057/3047/1874 2055/3045/1873
f 332/3046/1875 2059/3049/1875 2057/3047/1874
f 335/3048/1876 2061/3050/1876 2059/3049/1875
f 337/2176/1877 2063/977/1877 2061/3050/1876
f 339/3051/1878 2065/3053/1880 2063/977/1877
f 341/3052/1879 2068/3055/1879 2065/3053/1880
f 343/3054/1881 2069/3057/1881 2068/3055/1879
f 345/3056/1882 2071/3059/1882 2069/3057/1881
f 347/3058/1883 2073/1656/1883 2071/3059/1882
f 348/3060/1884 2075/3062/1884 2073/1656/1883
f 351/3061/1885 2077/3064/1885 2075/3062/1884
f 353/3063/1886 2079/3066/1886 2077/3064/1885
f 355/3065/1887 2081/3067/1887 2079/3066/1886
f 357/2136/1888 2084/3068/1888 2081/3067/1887
f 359/58/1889 2085/367/1889 2084/3068/1888
f 361/3069/138 364/61/138 2088/3899/138
f 364/61/138 2090/370/138 2088/3899/138
f 2088/3899/138 2086/368/138 361/3069/138
f 365/1127/592 362/1826/592 534/79/592
f 362/1826/592 537/82/592 534/79/592
f 534/79/592 531/76/592 365/1127/592
f 366/2948/591 2093/373/591 2091/371/591
f 370/3070/1890 2096/2928/1890 2312/3071/1891
f 2099/3073/1892 2096/324/1890 370/2909/1890
f 373/3075/1893 2100/3077/1893 2099/3073/1892
f 376/3076/1894 2102/3079/1894 2100/3077/1893
f 378/3078/1895 2104/3081/1895 2102/3079/1894
f 380/3080/1896 2106/3083/1896 2104/3081/1895
f 382/3082/1897 2109/3085/1897 2106/3083/1896
f 384/3084/1898 2110/3087/1898 2109/3085/1897
f 386/3086/1899 2112/3089/1899 2110/3087/1898
f 388/3088/1900 2114/3091/1900 2112/3089/1899
f 389/3090/1901 2116/3093/1901 2114/3091/1900
f 392/3092/1902 2118/3095/1902 2116/3093/1901
f 394/3094/1903 2120/3096/1903 2118/3095/1902
f 395/2963/1904 2122/376/1904 2120/3096/1903
f 398/2964/1905 2127/2966/1905 2123/377/1905
f 401/3098/1906 2128/3101/1906 2125/2965/1907
f 404/3100/1908 2130/3103/1908 2128/3101/1906
f 406/3102/1909 2132/3105/1909 2130/3103/1908
f 408/3104/1910 2134/3107/1910 2132/3105/1909
f 410/3106/1911 2137/3109/1911 2134/3107/1910
f 412/3108/1912 2138/3110/1912 2137/3109/1911
f 414/2814/1913 2140/2079/1913 2138/3110/1912
f 416/3111/1914 2142/3113/1914 2140/2079/1913
f 417/3112/1915 2144/3115/1915 2142/3113/1914
f 420/3114/1916 2146/3117/1916 2144/3115/1915
f 422/3116/1917 2148/3119/1919 2146/3117/1916
f 424/3118/1918 2151/1710/1918 2148/3119/1919
f 426/3120/1920 2152/3122/1920 2151/1710/1918
f 427/3121/1921 2154/3124/1921 2152/3122/1920
f 430/3123/1922 2156/3126/1922 2154/3124/1921
f 432/3125/1923 2158/3128/1923 2156/3126/1922
f 434/3127/1924 2160/3130/1924 2158/3128/1923
f 436/3129/1925 2163/3132/1925 2160/3130/1924
f 438/3131/1926 2164/3134/1926 2163/3132/1925
f 440/3133/1927 2166/3136/1927 2164/3134/1926
f 442/3135/1928 2168/3138/1928 2166/3136/1927
f 443/3137/1929 2170/3140/1929 2168/3138/1928
f 446/3139/1930 2172/3142/1930 2170/3140/1929
f 448/3141/1931 2174/3144/1931 2172/3142/1930
f 450/3143/1932 2176/3146/1932 2174/3144/1931
f 452/3145/1933 2179/3148/1933 2176/3146/1932
f 453/3147/1934 2180/3150/1934 2179/3148/1933
f 456/3149/1935 2182/1656/1935 2180/3150/1934
f 458/3151/1936 2184/3153/1936 2182/1656/1935
f 460/3152/1937 2186/3155/1937 2184/3153/1936
f 462/3154/1938 2189/3157/1938 2186/3155/1937
f 464/3156/1939 2190/3159/1939 2189/3157/1938
f 466/3158/1940 2192/3161/1940 2190/3159/1939
f 466/3158/1940 468/3163/1941 2194/3160/1941
f 469/3162/1942 2196/3165/1942 2194/3160/1941
f 472/3164/1943 2198/3167/1943 2196/3165/1942
f 474/3166/1944 2200/3169/1944 2198/3167/1943
f 476/3168/1945 2202/3171/1945 2200/3169/1944
f 478/3170/1946 2205/3173/1946 2202/3171/1945
f 480/3172/1947 2206/3175/1947 2205/3173/1946
f 482/3174/1948 2208/3177/1948 2206/3175/1947
f 484/3176/1949 2210/3179/1949 2208/3177/1948
f 485/3178/1950 2212/3181/1950 2210/3179/1949
f 488/3180/1951 2214/3183/1951 2212/3181/1950
f 490/3182/1952 2216/3185/1952 2214/3183/1951
f 492/3184/1953 2218/3187/1953 2216/3185/1952
f 494/3186/1954 2221/3189/1954 2218/3187/1953
f 496/3188/1955 2222/3191/1955 2221/3189/1954
f 498/3190/1956 2224/3193/1956 2222/3191/1955
f 500/3192/1957 2226/3195/1957 2224/3193/1956
f 501/3194/1958 2228/3197/1958 2226/3195/1957
f 504/3196/1959 2230/3199/1959 2228/3197/1958
f 506/3198/1960 2232/3201/1960 2230/3199/1959
f 508/3200/1961 2234/3203/1961 2232/3201/1960
f 510/3202/1962 2237/3205/1962 2234/3203/1961
f 512/3204/1963 2238/3207/1963 2237/3205/1962
f 514/3206/1964 2240/3209/1964 2238/3207/1963
f 516/3208/1965 2242/3211/1965 2240/3209/1964
f 517/3210/1966 2244/3213/1966 2242/3211/1965
f 520/3212/1967 2246/3215/1967 2244/3213/1966
f 522/3214/1968 2248/3217/1968 2246/3215/1967
f 524/3216/1969 2250/3219/1969 2248/3217/1968
f 526/3218/1970 2253/3220/1970 2250/3219/1969
f 528/73/1971 2254/381/1971 2253/3220/1970
f 527/72/138 530/2934/138 2257/384/138
f 533/2949/1728 2260/387/1728 2258/385/1728
f 536/2967/64 2263/390/64 2261/388/64
f 540/3223/1972 2267/3226/1972 2264/391/1973
f 542/3225/1974 2268/3228/1974 2267/3226/1972
f 544/3227/1975 2270/3230/1975 2268/3228/1974
f 546/3229/1976 2272/3232/1976 2270/3230/1975
f 547/3231/1977 2274/3234/1977 2272/3232/1976
f 550/3233/1978 2276/3236/1978 2274/3234/1977
f 552/3235/1979 2278/3238/1979 2276/3236/1978
f 554/3237/1980 2280/3240/1980 2278/3238/1979
f 556/3239/1981 2283/3242/1981 2280/3240/1980
f 558/3241/1982 2284/3244/1982 2283/3242/1981
f 560/3243/1983 2286/3246/1983 2284/3244/1982
f 562/3245/1984 2288/3248/1984 2286/3246/1983
f 563/3247/1985 2290/3250/1985 2288/3248/1984
f 566/3249/1986 2293/3252/1986 2290/3250/1985
f 568/3251/1987 2294/3254/1987 2293/3252/1986
f 570/3253/1988 2296/3256/1988 2294/3254/1987
f 572/3255/1989 2298/3258/1989 2296/3256/1988
f 573/3257/1990 2300/3260/1990 2298/3258/1989
f 576/3259/1633 2302/3262/1633 2300/3260/1990
f 578/3261/1991 2304/3264/1991 2302/3262/1633
f 580/3263/1992 2306/3266/1992 2304/3264/1991
f 582/3265/1993 2309/3268/1993 2306/3266/1992
f 584/3267/1994 2310/3269/1994 2309/3268/1993
f 585/3072/1891 2312/3071/1891 2310/3269/1994
f 587/2968/1995 2314/393/1995 2608/1439/1996
f 736/91/592 733/1568/592 740/2805/592
f 733/1568/592 731/1220/592 742/729/592
f 731/1220/592 730/723/592 742/729/592
f 730/723/592 727/2801/592 743/1217/592
f 727/2801/592 725/2616/592 745/1216/592
f 725/2616/592 723/2169/592 745/1216/592
f 727/2801/592 745/1216/592 743/1217/592
f 723/2169/592 721/959/592 747/1560/592
f 721/959/592 719/1547/592 749/1889/592
f 747/1560/592 721/959/592 749/1889/592
f 719/1547/592 717/1187/592 751/2178/592
f 717/1187/592 715/680/592 753/2397/592
f 715/680/592 714/682/592 758/712/592
f 714/682/592 711/2609/592 761/1206/592
f 715/680/592 755/2618/592 753/2397/592
f 711/2609/592 709/2610/592 765/2170/592
f 709/2610/592 707/2389/592 767/2395/592
f 707/2389/592 705/2168/592 769/2619/592
f 705/2168/592 703/1880/592 771/2799/592
f 707/2389/592 769/2619/592 767/2395/592
f 703/1880/592 701/1550/592 774/714/592
f 701/1550/592 699/1198/592 775/1213/592
f 775/1213/592 699/1198/592 777/1562/592
f 699/1198/592 698/701/592 777/1562/592
f 698/701/592 695/2797/592 779/1896/592
f 779/1896/592 695/2797/592 781/2179/592
f 695/2797/592 693/2403/592 781/2179/592
f 693/2403/592 691/985/592 783/2405/592
f 783/2405/592 691/985/592 785/1399/592
f 691/985/592 689/986/592 785/1399/592
f 689/986/592 687/1901/592 787/2058/592
f 785/1399/592 689/986/592 787/2058/592
f 687/1901/592 685/1569/592 790/740/592
f 685/1569/592 683/1228/592 791/1227/592
f 793/1226/592 682/746/592 679/2632/592
f 683/1228/592 682/746/592 791/1227/592
f 793/1226/592 679/2632/592 795/1573/592
f 679/2632/592 677/1418/592 795/1573/592
f 677/1418/592 675/1018/592 797/1906/592
f 675/1018/592 673/1912/592 799/2183/592
f 673/1912/592 671/1584/592 801/2409/592
f 671/1584/592 669/1241/592 803/2630/592
f 669/1241/592 667/772/592 807/749/592
f 799/2183/592 673/1912/592 801/2409/592
f 667/772/592 666/774/592 809/1233/592
f 677/1418/592 797/1906/592 795/1573/592
f 797/1906/592 675/1018/592 799/2183/592
f 682/746/592 793/1226/592 791/1227/592
f 781/2179/592 693/2403/592 783/2405/592
f 714/682/592 761/1206/592 759/710/592
f 761/1206/592 711/2609/592 763/1885/592
f 717/1187/592 753/2397/592 751/2178/592
f 755/2618/592 715/680/592 758/712/592
f 733/1568/592 742/729/592 740/2805/592
f 730/723/592 743/1217/592 742/729/592
f 666/774/592 663/2638/592 813/1013/592
f 801/2409/592 671/1584/592 803/2630/592
f 663/2638/592 661/2419/592 815/1012/592
f 745/1216/592 723/2169/592 747/1560/592
f 803/2630/592 669/1241/592 806/751/592
f 661/2419/592 659/2190/592 815/1012/592
f 806/751/592 669/1241/592 807/749/592
f 659/2190/592 657/1920/592 817/2413/592
f 657/1920/592 655/1594/592 819/2633/592
f 751/2178/592 749/1889/592 719/1547/592
f 807/749/592 667/772/592 809/1233/592
f 655/1594/592 653/1249/592 819/2633/592
f 653/1249/592 651/778/592 822/762/592
f 809/1233/592 666/774/592 811/1578/592
f 758/712/592 714/682/592 759/710/592
f 593/2199/592 592/1929/592 588/85/592
f 588/85/592 881/3768/592 593/2199/592
f 881/3768/592 879/2431/592 595/2430/592
f 593/2199/592 881/3768/592 595/2430/592
f 879/2431/592 877/1946/592 597/2648/592
f 877/1946/592 875/1629/592 599/2647/592
f 599/2647/592 875/1629/592 602/810/592
f 875/1629/592 873/1294/592 602/810/592
f 873/1294/592 871/844/592 603/808/592
f 871/844/592 870/846/592 605/1272/592
f 870/846/592 867/2667/592 607/1620/592
f 605/1272/592 870/846/592 607/1620/592
f 867/2667/592 865/2447/592 609/1950/592
f 865/2447/592 863/2220/592 611/2210/592
f 609/1950/592 865/2447/592 611/2210/592
f 863/2220/592 861/1967/592 613/2437/592
f 861/1967/592 859/1968/592 615/2662/592
f 859/1968/592 857/1646/592 615/2662/592
f 857/1646/592 855/1302/592 618/832/592
f 855/1302/592 854/850/592 618/832/592
f 854/850/592 851/2828/592 619/1284/592
f 619/1284/592 851/2828/592 621/1622/592
f 851/2828/592 849/2666/592 621/1622/592
f 849/2666/592 847/2440/592 623/1948/592
f 623/1948/592 847/2440/592 625/2207/592
f 847/2440/592 845/2213/592 625/2207/592
f 845/2213/592 843/1956/592 627/2434/592
f 629/2652/592 843/1956/592 841/1627/592
f 841/1627/592 839/802/592 634/801/592
f 634/801/592 839/802/592 635/799/592
f 839/802/592 838/804/592 635/799/592
f 838/804/592 835/2818/592 637/1261/592
f 835/2818/592 833/2644/592 641/2198/592
f 833/2644/592 831/2423/592 643/1436/592
f 835/2818/592 639/1933/592 637/1261/592
f 831/2423/592 829/1916/592 645/2643/592
f 829/1916/592 827/1586/592 645/2643/592
f 645/2643/592 827/1586/592 647/2642/592
f 827/1586/592 825/1239/592 647/2642/592
f 825/1239/592 823/760/592 650/780/592
f 650/780/592 823/760/592 651/778/592
f 823/760/592 822/762/592 651/778/592
f 822/762/592 819/2633/592 653/1249/592
f 819/2633/592 817/2413/592 657/1920/592
f 817/2413/592 815/1012/592 659/2190/592
f 815/1012/592 813/1013/592 663/2638/592
f 813/1013/592 811/1578/592 666/774/592
f 838/804/592 637/1261/592 635/799/592
f 639/1933/592 835/2818/592 641/2198/592
f 843/1956/592 629/2652/592 627/2434/592
f 861/1967/592 615/2662/592 613/2437/592
f 857/1646/592 618/832/592 615/2662/592
f 871/844/592 605/1272/592 603/808/592
f 873/1294/592 603/808/592 602/810/592
f 849/2666/592 623/1948/592 621/1622/592
f 825/1239/592 650/780/592 647/2642/592
f 597/2648/592 595/2430/592 879/2431/592
f 599/2647/592 597/2648/592 877/1946/592
f 607/1620/592 867/2667/592 609/1950/592
f 763/1885/592 711/2609/592 765/2170/592
f 613/2437/592 611/2210/592 863/2220/592
f 765/2170/592 709/2610/592 767/2395/592
f 619/1284/592 618/832/592 854/850/592
f 769/2619/592 705/2168/592 771/2799/592
f 774/714/592 771/2799/592 703/1880/592
f 775/1213/592 774/714/592 701/1550/592
f 627/2434/592 625/2207/592 845/2213/592
f 779/1896/592 777/1562/592 698/701/592
f 631/2651/592 629/2652/592 841/1627/592
f 634/801/592 631/2651/592 841/1627/592
f 790/740/592 787/2058/592 687/1901/592
f 791/1227/592 790/740/592 685/1569/592
f 641/2198/592 833/2644/592 643/1436/592
f 2317/396/1728 2315/3900/1728 589/3270/1728
f 594/3271/1997 2321/2538/1997 2318/397/1998
f 596/3272/1999 2322/2253/1999 2321/2538/1997
f 598/3273/2000 2324/1059/2002 2322/2253/1999
f 600/1507/2001 2326/3275/2001 2324/1059/2002
f 601/3274/2003 2328/882/2003 2326/3275/2001
f 604/2822/2004 2330/1318/2004 2328/882/2003
f 606/2584/2005 2332/2330/2005 2330/1318/2004
f 608/3276/2006 2334/1986/2006 2332/2330/2005
f 610/3032/2007 2337/3035/2007 2334/1986/2006
f 610/3032/2007 612/1954/2008 2338/2898/2008
f 614/1497/2009 2340/1088/2009 2338/2898/2008
f 614/1497/2009 616/2439/2012 2342/1470/2010
f 617/3277/2011 2344/875/2011 2342/1470/2010
f 620/2661/2013 2346/873/2013 2344/875/2011
f 622/3278/2014 2348/2110/2014 2346/873/2013
f 624/3279/2015 2350/3281/2015 2348/2110/2014
f 626/3280/2016 2353/2551/2018 2350/3281/2015
f 628/595/2017 2354/2753/2017 2353/2551/2018
f 630/1945/2019 2356/2455/2019 2354/2753/2017
f 632/1491/2020 2358/1452/2020 2356/2455/2019
f 633/3282/2021 2360/861/2021 2358/1452/2020
f 636/2350/2022 2362/1307/2022 2360/861/2021
f 638/792/2023 2364/1306/2023 2362/1307/2022
f 640/3283/2024 2366/1971/2024 2364/1306/2023
f 642/3284/2025 2369/2221/2025 2366/1971/2024
f 644/1116/2026 2370/2742/2028 2369/2221/2025
f 646/3285/2027 2372/2448/2030 2370/2742/2028
f 648/3286/2029 2374/3288/2029 2372/2448/2030
f 649/3287/2031 2376/3289/2031 2374/3288/2029
f 652/2814/2032 2378/2079/2032 2376/3289/2031
f 654/776/2033 2380/2318/2033 2378/2079/2032
f 656/3290/2034 2382/2534/2034 2380/2318/2033
f 658/3291/2035 2385/2737/2035 2382/2534/2034
f 660/1919/2036 2386/2877/2036 2385/2737/2035
f 662/3292/2037 2388/1023/2039 2386/2877/2036
f 664/2418/2038 2390/3294/2038 2388/1023/2039
f 665/3293/2040 2392/1762/2040 2390/3294/2038
f 668/2812/2041 2394/2074/2041 2392/1762/2040
f 670/767/2042 2396/1648/2042 2394/2074/2041
f 672/3295/2043 2398/1970/2043 2396/1648/2042
f 674/3296/2044 2401/2729/2044 2398/1970/2043
f 676/583/2045 2402/3297/2045 2401/2729/2044
f 678/1487/2046 2404/1008/2048 2402/3297/2045
f 680/3298/2047 2406/1409/2047 2404/1008/2048
f 681/2629/2049 2408/864/2049 2406/1409/2047
f 684/2354/2050 2410/1310/2050 2408/864/2049
f 686/3299/2051 2412/1658/2051 2410/1310/2050
f 688/3300/2052 2414/1976/2052 2412/1658/2051
f 690/600/2053 2417/2234/2053 2414/1976/2052
f 692/1894/2054 2418/2462/2054 2417/2234/2053
f 694/2176/2055 2420/977/2055 2418/2462/2054
f 696/3301/2056 2422/975/2056 2420/977/2055
f 697/3302/2057 2424/3303/2057 2422/975/2056
f 700/2615/2058 2426/1725/2058 2424/3303/2057
f 702/3304/2059 2428/2041/2059 2426/1725/2058
f 704/3305/2060 2430/3307/2060 2428/2041/2059
f 706/3306/2061 2433/2496/2061 2430/3307/2060
f 708/3308/2062 2434/2705/2062 2433/2496/2061
f 710/1879/2063 2436/945/2063 2434/2705/2062
f 712/3309/2064 2438/1362/2064 2436/945/2063
f 713/3310/2065 2440/1713/2065 2438/1362/2064
f 716/3311/2066 2442/2029/2066 2440/1713/2065
f 718/3312/2067 2444/2283/2067 2442/2029/2066
f 720/3313/2068 2446/1662/2068 2444/2283/2067
f 722/3314/2069 2449/2229/2069 2446/1662/2068
f 724/3315/2070 2450/2457/2070 2449/2229/2069
f 726/1883/2071 2452/3317/2073 2450/2457/2070
f 728/3316/2072 2454/963/2072 2452/3317/2073
f 729/2134/2074 2456/867/2074 2454/963/2072
f 732/3318/2075 2458/1309/2075 2456/867/2074
f 734/732/2076 2460/3319/2076 2458/1309/2075
f 735/2969/2077 2462/399/2077 2460/3319/2076
f 2467/2971/591 2463/400/591 737/3320/591
f 741/3321/2078 2468/1743/2078 2465/2970/2079
f 744/2624/2080 2470/1742/2080 2468/1743/2078
f 746/718/2081 2472/1655/2081 2470/1742/2080
f 748/2575/2082 2474/1653/2082 2472/1655/2081
f 750/3322/2083 2477/1973/2083 2474/1653/2082
f 752/1888/2084 2478/2454/2084 2477/1973/2083
f 754/1489/2085 2480/966/2085 2478/2454/2084
f 756/1823/2086 2482/1380/2086 2480/966/2085
f 757/2136/2087 2484/872/2087 2482/1380/2086
f 760/2798/2088 2486/870/2088 2484/872/2087
f 762/3323/2089 2488/1312/2091 2486/870/2088
f 764/2579/2090 2490/1660/2090 2488/1312/2091
f 766/1203/2092 2493/1978/2092 2490/1660/2090
f 768/3324/2093 2494/2239/2093 2493/1978/2092
f 770/1495/2094 2496/971/2096 2494/2239/2093
f 772/1830/2095 2498/969/2098 2496/971/2096
f 773/2398/2097 2500/878/2100 2498/969/2098
f 776/3325/2099 2502/876/2099 2500/878/2100
f 778/2359/2101 2504/1316/2101 2502/876/2099
f 780/3326/2102 2506/1665/2102 2504/1316/2101
f 782/609/2103 2509/2510/2105 2506/1665/2102
f 784/3327/2104 2510/2466/2104 2509/2510/2105
f 786/3328/2106 2512/3329/2106 2510/2466/2104
f 788/1499/2107 2514/993/2107 2512/3329/2106
f 789/2407/2108 2516/879/2108 2514/993/2107
f 792/2626/2109 2518/1746/2109 2516/879/2108
f 794/3330/2110 2520/1326/2110 2518/1746/2109
f 796/1230/2111 2522/2521/2113 2520/1326/2110
f 798/1577/2112 2525/2726/2112 2522/2521/2113
f 800/3331/2114 2526/2474/2114 2525/2726/2112
f 802/1152/2115 2528/3333/2115 2526/2474/2114
f 804/3332/2116 2530/2686/2116 2528/3333/2115
f 805/3334/2117 2532/1753/2119 2530/2686/2116
f 808/2808/2118 2534/909/2121 2532/1753/2119
f 810/753/2120 2536/1690/2120 2534/909/2121
f 812/2595/2122 2538/1689/2122 2536/1690/2120
f 814/3335/2123 2541/2260/2123 2538/1689/2122
f 816/3336/2124 2542/2478/2124 2541/2260/2123
f 818/3337/2125 2544/2477/2125 2542/2478/2124
f 820/3338/2126 2546/1419/2126 2544/2477/2125
f 821/3339/2127 2548/3341/2127 2546/1419/2126
f 824/3340/2128 2550/3343/2128 2548/3341/2127
f 826/3342/2129 2552/2312/2129 2550/3343/2128
f 828/3344/2130 2554/2532/2130 2552/2312/2129
f 830/1596/2131 2557/2740/2131 2554/2532/2130
f 832/1161/2132 2558/2479/2132 2557/2740/2131
f 834/3345/2133 2560/1046/2133 2558/2479/2132
f 836/3346/2134 2562/2690/2134 2560/1046/2133
f 837/2156/2135 2564/918/2135 2562/2690/2134
f 840/2823/2136 2566/1342/2136 2564/918/2135
f 842/825/2137 2568/2102/2137 2566/1342/2136
f 844/3347/2138 2570/2010/2138 2568/2102/2137
f 846/648/2139 2573/2265/2139 2570/2010/2138
f 848/647/2140 2574/2264/2140 2573/2265/2139
f 850/1164/2141 2576/1102/2141 2574/2264/2140
f 852/3348/2142 2578/1100/2142 2576/1102/2141
f 853/2446/2143 2580/921/2143 2578/1100/2142
f 856/2669/2144 2582/1344/2144 2580/921/2143
f 858/3349/2145 2584/2125/2145 2582/1344/2144
f 860/3350/2146 2586/3352/2148 2584/2125/2145
f 862/3351/2147 2589/2768/2149 2586/3352/2148
f 864/1964/1955 2590/2904/1955 2589/2768/2149
f 866/3353/2150 2592/1103/2150 2590/2904/1955
f 868/3354/2151 2594/3356/2151 2592/1103/2150
f 869/3355/2152 2596/3357/2152 2594/3356/2151
f 872/2825/2153 2598/2115/2155 2596/3357/2152
f 874/3358/2154 2600/2339/2154 2598/2115/2155
f 876/3359/2156 2602/2549/2156 2600/2339/2154
f 878/3360/2157 2605/2751/2157 2602/2549/2156
f 880/1614/2158 2606/2750/2158 2605/2751/2157
f 882/1939/1996 2608/1439/1996 2606/2750/2158
f 883/3361/64 2610/3901/64 2643/2921/64
f 893/106/592 890/103/592 888/756/592
f 893/106/592 888/756/592 884/97/592
f 902/115/592 899/112/592 896/109/592
f 905/118/592 902/115/592 896/109/592
f 914/127/592 912/687/592 917/130/592
f 912/687/592 908/121/592 917/130/592
f 908/121/592 905/118/592 893/106/592
f 905/118/592 896/109/592 893/106/592
f 884/97/592 917/130/592 908/121/592
f 887/100/1728 2613/406/1728 2611/405/1728
f 889/179/64 2616/409/64 2614/407/64
f 892/2950/591 2619/412/591 2617/410/591
f 895/185/64 2622/414/64 2620/413/64
f 898/2912/1728 2627/2913/1728 2623/415/1728
f 901/191/64 2628/418/64 2625/481/64
f 904/194/591 2631/421/591 2629/419/591
f 907/197/138 2634/424/138 2632/422/138
f 911/124/1728 2637/427/1728 2635/425/1728
f 913/203/64 2640/430/64 2638/428/64
f 916/2951/591 2645/2952/591 2641/431/591
f 922/2914/64 2651/2916/64 2646/2972/64
f 948/1900/592 944/157/592 936/689/592
f 944/157/592 941/154/592 936/689/592
f 941/154/592 938/151/592 936/689/592
f 936/689/592 932/145/592 921/1898/592
f 932/145/592 929/142/592 921/1898/592
f 929/142/592 926/139/592 921/1898/592
f 926/139/592 923/136/592 921/1898/592
f 920/3370/2159 2648/3902/2159 2673/2917/1685
f 925/2935/591 2652/441/591 2649/2915/591
f 928/2953/138 2655/444/138 2653/442/138
f 931/2973/1724 2658/447/1724 2656/445/1728
f 935/148/2160 2661/450/2160 2659/448/1725
f 937/2936/138 2664/452/138 2662/451/138
f 940/2954/1728 2667/455/1728 2665/453/1728
f 943/2974/64 2670/458/64 2668/456/64
f 947/160/1684 2675/2918/1684 2671/459/591
f 949/162/1995 2676/464/1995 2971/1439/1996
f 955/3903/592 954/3904/592 950/3905/592
f 950/3905/592 1243/3906/592 955/3903/592
f 1243/3906/592 1241/3907/592 957/3908/592
f 955/3903/592 1243/3906/592 957/3908/592
f 1241/3907/592 1239/3909/592 959/3910/592
f 1239/3909/592 1237/3911/592 961/3912/592
f 961/3912/592 1237/3911/592 963/3913/592
f 1237/3911/592 1236/3914/592 963/3913/592
f 1236/3914/592 1233/3915/592 965/3916/592
f 1233/3915/592 1231/3917/592 968/3918/592
f 1231/3917/592 1229/3919/592 969/3920/592
f 968/3918/592 1231/3917/592 969/3920/592
f 1229/3919/592 1227/3921/592 971/3922/592
f 1227/3921/592 1225/3923/592 973/3924/592
f 971/3922/592 1227/3921/592 973/3924/592
f 1225/3923/592 1223/3925/592 975/3926/592
f 1223/3925/592 1221/3927/592 977/3928/592
f 1221/3927/592 1220/3929/592 977/3928/592
f 1220/3929/592 1217/3930/592 979/3931/592
f 1217/3930/592 1215/3932/592 979/3931/592
f 1215/3932/592 1213/3933/592 981/3934/592
f 981/3934/592 1213/3933/592 984/3935/592
f 1213/3933/592 1211/3936/592 984/3935/592
f 1211/3936/592 1209/3937/592 985/3938/592
f 985/3938/592 1209/3937/592 987/3939/592
f 1209/3937/592 1207/3940/592 987/3939/592
f 1207/3940/592 1205/3941/592 989/3942/592
f 991/3943/592 1205/3941/592 1204/3944/592
f 1204/3944/592 1201/3945/592 995/3946/592
f 995/3946/592 1201/3945/592 997/3947/592
f 1201/3945/592 1199/3948/592 997/3947/592
f 1199/3948/592 1197/3949/592 1000/3950/592
f 1197/3949/592 1195/3951/592 1003/3952/592
f 1195/3951/592 1193/3378/592 1005/3380/592
f 1197/3949/592 1001/3953/592 1000/3950/592
f 1193/3378/592 1191/3954/592 1007/3379/592
f 1191/3954/592 1189/3955/592 1007/3379/592
f 1007/3379/592 1189/3955/592 1009/3956/592
f 1189/3955/592 1188/3957/592 1009/3956/592
f 1188/3957/592 1185/3958/592 1011/3959/592
f 1011/3959/592 1185/3958/592 1013/3960/592
f 1185/3958/592 1183/3961/592 1013/3960/592
f 1183/3961/592 1181/3962/592 1016/3963/592
f 1013/3960/592 1183/3961/592 1016/3963/592
f 1181/3962/592 1179/3964/592 1019/3965/592
f 1179/3964/592 1177/3966/592 1021/3967/592
f 1177/3966/592 1175/3968/592 1025/3969/592
f 1175/3968/592 1173/3970/592 1027/3971/592
f 1181/3962/592 1019/3965/592 1017/3972/592
f 1173/3970/592 1172/3973/592 1027/3971/592
f 1016/3963/592 1181/3962/592 1017/3972/592
f 1199/3948/592 1000/3950/592 997/3947/592
f 1001/3953/592 1197/3949/592 1003/3952/592
f 1205/3941/592 991/3943/592 989/3942/592
f 1223/3925/592 977/3928/592 975/3926/592
f 1220/3929/592 979/3931/592 977/3928/592
f 1233/3915/592 968/3918/592 965/3916/592
f 1236/3914/592 965/3916/592 963/3913/592
f 1211/3936/592 985/3938/592 984/3935/592
f 1188/3957/592 1011/3959/592 1009/3956/592
f 1019/3965/592 1179/3964/592 1021/3967/592
f 959/3910/592 957/3908/592 1241/3907/592
f 961/3912/592 959/3910/592 1239/3909/592
f 1172/3973/592 1169/3974/592 1029/3975/592
f 1169/3974/592 1167/3976/592 1032/3977/592
f 1021/3967/592 1177/3966/592 1023/3978/592
f 1167/3976/592 1165/3979/592 1032/3977/592
f 1023/3978/592 1177/3966/592 1025/3969/592
f 1165/3979/592 1163/3980/592 1033/3981/592
f 969/3920/592 1229/3919/592 971/3922/592
f 1163/3980/592 1161/3982/592 1035/3983/592
f 1025/3969/592 1175/3968/592 1027/3971/592
f 1103/3984/592 1102/3985/592 1096/3986/592
f 1102/3985/592 1098/3987/592 1096/3986/592
f 1096/3986/592 1093/3988/592 1103/3984/592
f 1093/3988/592 1091/3989/592 1103/3984/592
f 1091/3989/592 1089/3990/592 1105/3991/592
f 1089/3990/592 1087/3992/592 1108/3993/592
f 1087/3992/592 1085/3994/592 1108/3993/592
f 1085/3994/592 1083/3995/592 1109/3996/592
f 1083/3995/592 1081/3997/592 1111/3998/592
f 1109/3996/592 1083/3995/592 1111/3998/592
f 1081/3997/592 1080/3999/592 1113/4000/592
f 1080/3999/592 1077/4001/592 1115/4002/592
f 1115/4002/592 1077/4001/592 1117/4003/592
f 1077/4001/592 1075/4004/592 1119/4005/592
f 1075/4004/592 1073/4006/592 1124/4007/592
f 1077/4001/592 1119/4005/592 1117/4003/592
f 1073/4006/592 1071/4008/592 1127/4009/592
f 1071/4008/592 1069/4010/592 1129/4011/592
f 1069/4010/592 1067/4012/592 1131/4013/592
f 1067/4012/592 1065/4014/592 1133/4015/592
f 1069/4010/592 1131/4013/592 1129/4011/592
f 1065/4014/592 1064/4016/592 1135/4017/592
f 1064/4016/592 1061/4018/592 1137/4019/592
f 1137/4019/592 1061/4018/592 1140/4020/592
f 1061/4018/592 1059/4021/592 1140/4020/592
f 1059/4021/592 1057/4022/592 1141/4023/592
f 1141/4023/592 1057/4022/592 1143/4024/592
f 1057/4022/592 1055/4025/592 1143/4024/592
f 1055/4025/592 1053/4026/592 1145/4027/592
f 1145/4027/592 1053/4026/592 1147/4028/592
f 1053/4026/592 1051/4029/592 1147/4028/592
f 1051/4029/592 1049/4030/592 1149/4031/592
f 1147/4028/592 1051/4029/592 1149/4031/592
f 1049/4030/592 1048/4032/592 1151/4033/592
f 1048/4032/592 1045/4034/592 1153/4035/592
f 1156/4036/592 1043/4037/592 1041/4038/592
f 1045/4034/592 1043/4037/592 1153/4035/592
f 1156/4036/592 1041/4038/592 1157/4039/592
f 1041/4038/592 1039/4040/592 1157/4039/592
f 1039/4040/592 1037/4041/592 1159/4042/592
f 1037/4041/592 1035/3983/592 1161/3982/592
f 1035/3983/592 1033/3981/592 1163/3980/592
f 1033/3981/592 1032/3977/592 1165/3979/592
f 1032/3977/592 1029/3975/592 1169/3974/592
f 1029/3975/592 1027/3971/592 1172/3973/592
f 1039/4040/592 1159/4042/592 1157/4039/592
f 1159/4042/592 1037/4041/592 1161/3982/592
f 1043/4037/592 1156/4036/592 1153/4035/592
f 1143/4024/592 1055/4025/592 1145/4027/592
f 1075/4004/592 1124/4007/592 1121/4043/592
f 1124/4007/592 1073/4006/592 1125/4044/592
f 1108/3993/592 1085/3994/592 1109/3996/592
f 1091/3989/592 1105/3991/592 1103/3984/592
f 1105/3991/592 1089/3990/592 1108/3993/592
f 1113/4000/592 1111/3998/592 1081/3997/592
f 1115/4002/592 1113/4000/592 1080/3999/592
f 1119/4005/592 1075/4004/592 1121/4043/592
f 1125/4044/592 1073/4006/592 1127/4009/592
f 975/3926/592 973/3924/592 1225/3923/592
f 1127/4009/592 1071/4008/592 1129/4011/592
f 981/3934/592 979/3931/592 1215/3932/592
f 1131/4013/592 1067/4012/592 1133/4015/592
f 1135/4017/592 1133/4015/592 1065/4014/592
f 1137/4019/592 1135/4017/592 1064/4016/592
f 989/3942/592 987/3939/592 1207/3940/592
f 1141/4023/592 1140/4020/592 1059/4021/592
f 993/4045/592 991/3943/592 1204/3944/592
f 995/3946/592 993/4045/592 1204/3944/592
f 1151/4033/592 1149/4031/592 1049/4030/592
f 1153/4035/592 1151/4033/592 1048/4032/592
f 1003/3952/592 1195/3951/592 1005/3380/592
f 953/166/1728 2679/465/1728 2677/2324/1728
f 956/631/2161 2682/2538/2161 2680/466/2162
f 958/630/2163 2684/2253/2163 2682/2538/2161
f 960/1936/2164 2687/1059/2164 2684/2253/2163
f 962/1507/2165 2688/1454/2165 2687/1059/2164
f 964/2144/2166 2690/882/2168 2688/1454/2165
f 966/2822/2167 2692/1318/2167 2690/882/2168
f 967/812/2169 2694/2330/2169 2692/1318/2167
f 970/1281/2170 2696/2553/2170 2694/2330/2169
f 972/606/2171 2698/2241/2172 2696/2553/2170
f 974/1954/2008 2700/2898/2008 2698/2241/2172
f 974/1954/2008 976/1497/2009 2703/1088/2009
f 976/1497/2009 978/2439/2012 2704/1470/2010
f 980/1831/2011 2706/875/2011 2704/1470/2010
f 982/2661/2013 2708/873/2013 2706/875/2011
f 983/816/2014 2710/2110/2014 2708/873/2013
f 986/815/2015 2712/1983/2015 2710/2110/2014
f 988/1279/2016 2714/2551/2018 2712/1983/2015
f 990/1619/2017 2716/2753/2017 2714/2551/2018
f 992/1945/2173 2719/1071/2019 2716/2753/2017
f 994/1491/2020 2720/1452/2020 2719/1071/2019
f 996/2130/2021 2722/861/2021 2720/1452/2020
f 998/2819/2022 2724/1307/2022 2722/861/2021
f 999/792/2023 2726/2325/2023 2724/1307/2022
f 1002/791/2024 2728/1971/2024 2726/2325/2023
f 1004/1258/2025 2730/2221/2025 2728/1971/2024
f 1006/1600/2026 2732/2742/2026 2730/2221/2025
f 1008/1928/2174 2735/1038/2174 2732/2742/2026
f 1010/2422/2029 2736/1431/2029 2735/1038/2174
f 1012/2641/2031 2738/1772/2031 2736/1431/2029
f 1014/2814/2175 2740/2079/2175 2738/1772/2031
f 1015/776/2033 2742/2318/2033 2740/2079/2175
f 1018/1248/2034 2744/2534/2034 2742/2318/2033
f 1020/1593/2035 2746/2737/2035 2744/2534/2034
f 1022/1919/2036 2748/2877/2036 2746/2737/2035
f 1024/2189/2039 2751/1023/2039 2748/2877/2036
f 1026/2418/2038 2752/1423/2038 2751/1023/2039
f 1028/2637/2040 2754/1762/2040 2752/1423/2038
f 1030/2812/2041 2756/2074/2041 2754/1762/2040
f 1031/767/2042 2758/1648/2042 2756/2074/2041
f 1034/1238/2043 2760/1970/2043 2758/1648/2042
f 1036/1583/2044 2762/2729/2044 2760/1970/2043
f 1038/583/2045 2764/2223/2045 2762/2729/2044
f 1040/1487/2046 2767/1008/2048 2764/2223/2045
f 1042/1486/2047 2768/1409/2047 2767/1008/2048
f 1044/2629/2049 2770/864/2049 2768/1409/2047
f 1046/2354/2050 2772/1310/2050 2770/864/2049
f 1047/739/2051 2774/1658/2051 2772/1310/2050
f 1050/738/2052 2776/1976/2052 2774/1658/2051
f 1052/1567/2053 2778/2234/2053 2776/1976/2052
f 1054/1894/2054 2780/2462/2054 2778/2234/2053
f 1056/2176/2055 2783/977/2055 2780/2462/2054
f 1058/2175/2056 2784/975/2056 2783/977/2055
f 1060/2393/2057 2786/1378/2057 2784/975/2056
f 1062/2615/2058 2788/1725/2058 2786/1378/2057
f 1063/694/2176 2790/2041/2059 2788/1725/2058
f 1066/693/2060 2792/2289/2060 2790/2041/2059
f 1068/1190/2061 2794/2496/2061 2792/2289/2060
f 1070/1546/2062 2796/2705/2062 2794/2496/2061
f 1072/1879/2063 2799/945/2063 2796/2705/2062
f 1074/2388/2064 2800/1362/2064 2799/945/2063
f 1076/2612/2065 2802/1713/2065 2800/1362/2064
f 1078/2795/2066 2804/2029/2066 2802/1713/2065
f 1079/684/2067 2806/2283/2067 2804/2029/2066
f 1082/1197/2068 2808/1662/2068 2806/2283/2067
f 1084/1553/2069 2810/2229/2069 2808/1662/2068
f 1086/1884/2070 2812/2867/2070 2810/2229/2069
f 1088/1883/2071 2815/965/2071 2812/2867/2070
f 1090/1825/2072 2816/963/2072 2815/965/2071
f 1092/2402/2074 2818/1393/2074 2816/963/2072
f 1094/2623/2075 2820/1309/2075 2818/1393/2074
f 1095/732/2076 2822/1308/2076 2820/1309/2075
f 1097/168/2077 2824/468/2077 2822/1308/2076
f 1101/172/591 2829/473/591 2825/469/591
f 1104/2625/2177 2830/1743/2177 2827/471/2178
f 1106/2624/2080 2832/1742/2080 2830/1743/2177
f 1107/718/2179 2834/1655/2179 2832/1742/2080
f 1110/1212/2082 2836/1653/2082 2834/1655/2179
f 1112/589/2083 2838/1973/2083 2836/1653/2082
f 1114/1888/2180 2840/2870/2180 2838/1973/2083
f 1116/2172/2085 2843/966/2085 2840/2870/2180
f 1118/2394/2086 2844/1380/2086 2843/966/2085
f 1120/2136/2087 2846/872/2087 2844/1380/2086
f 1122/2798/2088 2848/870/2088 2846/872/2087
f 1123/709/2089 2850/1312/2091 2848/870/2088
f 1126/708/2090 2852/2295/2090 2850/1312/2091
f 1128/1203/2092 2854/1978/2092 2852/2295/2090
f 1130/603/2093 2856/2239/2093 2854/1978/2092
f 1132/1887/2094 2859/971/2096 2856/2239/2093
f 1134/2173/2095 2860/969/2098 2859/971/2096
f 1136/2398/2097 2862/1387/2100 2860/969/2098
f 1138/2140/2099 2864/876/2099 2862/1387/2100
f 1139/722/2101 2866/1316/2101 2864/876/2099
f 1142/721/2102 2868/1665/2102 2866/1316/2101
f 1144/609/2103 2870/2510/2105 2868/1665/2102
f 1146/1897/2104 2872/2466/2104 2870/2510/2105
f 1148/1134/2106 2875/995/2106 2872/2466/2104
f 1150/2181/2107 2876/993/2107 2875/995/2106
f 1152/2407/2181 2878/1402/2181 2876/993/2107
f 1154/2626/2182 2880/1746/2182 2878/1402/2181
f 1155/744/2183 2882/1326/2183 2880/1746/2182
f 1158/1230/2184 2884/2521/2186 2882/1326/2183
f 1160/1577/2185 2886/2726/2188 2884/2521/2186
f 1162/1908/2187 2888/2474/2187 2886/2726/2188
f 1164/2184/2189 2891/1002/2189 2888/2474/2187
f 1166/1517/2190 2892/1408/2190 2891/1002/2189
f 1168/2631/2191 2894/1753/2193 2892/1408/2190
f 1170/2808/2192 2896/909/2195 2894/1753/2193
f 1171/753/2194 2898/1690/2197 2896/909/2195
f 1174/1236/2196 2900/1689/2196 2898/1690/2197
f 1176/1581/2008 2902/2260/2008 2900/1689/2196
f 1178/1159/2198 2904/2874/2198 2902/2260/2008
f 1180/1158/2199 2907/1014/2199 2904/2874/2198
f 1182/2415/2200 2908/1419/2200 2907/1014/2199
f 1184/2635/2201 2910/1760/2201 2908/1419/2200
f 1186/2810/2202 2912/2071/2202 2910/1760/2201
f 1187/770/2203 2914/2312/2205 2912/2071/2202
f 1190/1246/2204 2916/2532/2204 2914/2312/2205
f 1192/1596/2206 2918/2740/2206 2916/2532/2204
f 1194/1161/2207 2920/2479/2207 2918/2740/2206
f 1196/1926/2133 2923/1046/2133 2920/2479/2207
f 1198/1522/2134 2924/1044/2134 2923/1046/2133
f 1200/2156/2135 2926/1786/2135 2924/1044/2134
f 1202/2823/2136 2928/1342/2136 2926/1786/2135
f 1203/825/2137 2930/2102/2137 2928/1342/2136
f 1206/824/2138 2932/2010/2138 2930/2102/2137
f 1208/1291/2139 2934/2265/2208 2932/2010/2138
f 1210/647/2140 2936/2264/2140 2934/2265/2208
f 1212/1961/2141 2939/1102/2141 2936/2264/2140
f 1214/2216/2142 2940/1100/2142 2939/1102/2141
f 1216/2446/2143 2942/1479/2143 2940/1100/2142
f 1216/2446/2143 1218/2669/2144 2944/1344/2144
f 1218/2669/2144 1219/858/2145 2946/2125/2145
f 1222/857/2146 2948/2346/2148 2946/2125/2145
f 1224/1643/2147 2950/2768/2149 2948/2346/2148
f 1226/1964/1955 2952/2904/1955 2950/2768/2149
f 1228/2218/2150 2955/1103/2150 2952/2904/1955
f 1230/2442/2151 2956/1473/2151 2955/1103/2150
f 1232/2664/2152 2958/1804/2152 2956/1473/2151
f 1234/2825/2153 2960/2115/2155 2958/1804/2152
f 1235/839/2154 2962/2339/2154 2960/2115/2155
f 1238/1277/2156 2964/2549/2156 2962/2339/2154
f 1240/1615/2157 2966/2751/2157 2964/2549/2156
f 1242/1614/2158 2968/2750/2158 2966/2751/2157
f 1244/1939/1996 2971/1439/1996 2968/2750/2158
f 1267/485/592 1264/4046/592 1258/4047/592
f 1264/4046/592 1261/4048/592 1258/4047/592
f 1276/2035/592 1273/1721/592 1280/493/592
f 1273/1721/592 1270/3382/592 1280/493/592
f 1270/3382/592 1267/485/592 1256/2316/592
f 1267/485/592 1258/4047/592 1256/2316/592
f 1256/2316/592 1252/4049/592 1249/1414/592
f 1246/3381/592 1280/493/592 1270/3382/592
f 1256/2316/592 1249/1414/592 1246/3381/592
f 1248/176/1728 2975/475/1728 2973/474/1728
f 1245/174/64 2972/3901/64 3005/2921/64
f 1251/179/64 2978/409/64 2976/407/64
f 1255/183/591 2981/478/591 2979/476/591
f 1257/185/64 2984/414/64 2982/413/64
f 1260/188/1728 2987/480/1728 2985/479/1728
f 1263/191/64 2990/418/64 2988/481/64
f 1266/194/591 2995/2920/591 2991/483/591
f 1269/197/138 2996/424/138 2993/2919/138
f 1272/200/1728 2999/488/1728 2997/487/1728
f 1275/203/64 3002/489/64 3000/428/64
f 1279/207/591 3007/2922/591 3003/490/591
f 1284/2955/591 3012/498/591 3010/3383/591
f 1303/226/592 1298/224/592 1283/1211/592
f 1282/209/138 3009/2937/138 3030/510/138
f 1288/2975/138 3016/500/138 3013/2956/138
f 1297/221/592 1292/218/592 1289/215/592
f 1291/2923/1728 3021/2925/1728 3017/501/1728
f 1296/2938/64 3022/507/64 3019/2924/64
f 1300/2772/591 3454/2774/591 3023/505/591
f 1302/2976/64 3028/2978/64 3455/2773/64
f 1306/229/591 3029/509/591 3026/2977/591
f 1308/3391/1728 3032/4050/1728 3041/2926/1728
f 1312/235/592 1309/232/592 1319/521/592
f 1311/2957/64 3035/514/64 3033/512/64
f 1314/2979/591 3038/517/591 3036/515/591
f 1318/241/138 3043/2927/138 3039/518/138
f 1320/3395/2209 3044/4051/2209 3173/2940/2209
f 1325/1267/592 1321/244/592 1445/250/592
f 1321/244/592 1449/2425/592 1445/250/592
f 1438/1282/592 1436/1283/2409 1435/820/769
f 1435/820/769 1451/256/592 1438/1282/592
f 1451/256/592 1578/1616/592 1325/1267/592
f 1438/1282/592 1451/256/592 1440/1949/592
f 1578/1616/592 1576/1268/592 1328/1937/592
f 1576/1268/592 1574/796/592 1330/2200/592
f 1330/2200/592 1574/796/592 1332/2427/592
f 1574/796/592 1573/798/592 1332/2427/592
f 1573/798/592 1570/2646/592 1334/2426/592
f 1334/2426/592 1570/2646/592 1336/2645/592
f 1570/2646/592 1568/2424/592 1336/2645/592
f 1568/2424/592 1566/2192/592 1339/783/592
f 1339/783/592 1566/2192/592 1340/781/592
f 1566/2192/592 1564/1922/592 1340/781/592
f 1564/1922/592 1562/1588/592 1342/1591/592
f 1562/1588/592 1560/1243/592 1344/1590/592
f 1560/1243/592 1558/1244/592 1346/1914/592
f 1344/1590/592 1560/1243/592 1346/1914/592
f 1558/1244/592 1557/763/592 1348/2411/592
f 1557/763/592 1554/2809/592 1348/2411/592
f 1558/1244/592 1348/2411/592 1346/1914/592
f 1554/2809/592 1552/2627/592 1350/2628/592
f 1552/2627/592 1550/2408/592 1352/2806/592
f 1350/2628/592 1552/2627/592 1352/2806/592
f 1550/2408/592 1548/2180/592 1355/734/592
f 1548/2180/592 1546/1895/592 1356/1218/592
f 1355/734/592 1548/2180/592 1356/1218/592
f 1546/1895/592 1544/1200/592 1356/1218/592
f 1544/1200/592 1542/698/592 1358/1565/592
f 1358/1565/592 1542/698/592 1360/1564/592
f 1542/698/592 1541/700/592 1360/1564/592
f 1541/700/592 1538/2613/592 1362/1891/592
f 1538/2613/592 1536/2390/592 1364/2177/592
f 1536/2390/592 1534/2391/592 1368/2617/592
f 1364/2177/592 1536/2390/592 1366/2396/592
f 1534/2391/592 1532/2167/592 1371/706/592
f 1532/2167/592 1530/1877/592 1374/1556/592
f 1534/2391/592 1371/706/592 1368/2617/592
f 1530/1877/592 1528/1543/592 1378/2174/592
f 1528/1543/592 1526/695/592 1382/2621/592
f 1526/695/592 1525/697/592 1384/2802/592
f 1525/697/592 1522/2620/592 1387/728/592
f 1522/2620/592 1520/2404/592 1388/726/592
f 1520/2404/592 1518/2182/592 1390/1224/592
f 1388/726/592 1520/2404/592 1390/1224/592
f 1518/2182/592 1516/1902/592 1390/1224/592
f 1516/1902/592 1514/1575/592 1392/1571/592
f 1390/1224/592 1516/1902/592 1392/1571/592
f 1514/1575/592 1512/1231/592 1394/1904/592
f 1512/1231/592 1510/1232/592 1394/1904/592
f 1510/1232/592 1509/757/592 1396/2185/592
f 1509/757/592 1506/2811/592 1398/2416/592
f 1506/2811/592 1504/2639/592 1400/2813/592
f 1504/2639/592 1502/2420/592 1403/784/592
f 1502/2420/592 1500/2197/592 1404/1253/592
f 1500/2197/592 1498/1612/592 1406/1602/592
f 1404/1253/592 1500/2197/592 1406/1602/592
f 1498/1612/592 1496/1270/592 1408/1941/592
f 1496/1270/592 1410/1940/592 1408/1941/592
f 1504/2639/592 1403/784/592 1400/2813/592
f 1509/757/592 1398/2416/592 1396/2185/592
f 1522/2620/592 1388/726/592 1387/728/592
f 1528/1543/592 1382/2621/592 1380/2399/592
f 1525/697/592 1387/728/592 1384/2802/592
f 1538/2613/592 1364/2177/592 1362/1891/592
f 1541/700/592 1362/1891/592 1360/1564/592
f 1562/1588/592 1344/1590/592 1342/1591/592
f 1564/1922/592 1342/1591/592 1340/781/592
f 1440/1949/592 1451/256/592 1442/2208/592
f 1442/2208/592 1451/256/592 1445/250/592
f 1502/2420/592 1404/1253/592 1403/784/592
f 1498/1612/592 1408/1941/592 1406/1602/592
f 1445/250/592 1451/256/592 1325/1267/592
f 1326/1265/592 1325/1267/592 1578/1616/592
f 1506/2811/592 1400/2813/592 1398/2416/592
f 1328/1937/592 1326/1265/592 1578/1616/592
f 1330/2200/592 1328/1937/592 1576/1268/592
f 1510/1232/592 1396/2185/592 1394/1904/592
f 1334/2426/592 1332/2427/592 1573/798/592
f 1514/1575/592 1394/1904/592 1392/1571/592
f 1339/783/592 1336/2645/592 1568/2424/592
f 1526/695/592 1384/2802/592 1382/2621/592
f 1528/1543/592 1380/2399/592 1378/2174/592
f 1348/2411/592 1554/2809/592 1350/2628/592
f 1530/1877/592 1378/2174/592 1376/1886/592
f 1352/2806/592 1550/2408/592 1355/734/592
f 1530/1877/592 1376/1886/592 1374/1556/592
f 1374/1556/592 1372/704/592 1532/2167/592
f 1372/704/592 1371/706/592 1532/2167/592
f 1358/1565/592 1356/1218/592 1544/1200/592
f 1324/247/2210 3047/525/2210 3045/523/2210
f 1327/3397/2211 3050/3399/2214 3048/526/2212
f 1329/3398/2213 3052/3401/2213 3050/3399/2214
f 1331/3400/2215 3055/3403/2217 3052/3401/2213
f 1333/3402/2216 3056/3405/2216 3055/3403/2217
f 1335/3404/2218 3058/3041/2218 3056/3405/2216
f 1337/3406/2219 3060/3408/2219 3058/3041/2218
f 1338/3407/2220 3062/3410/2220 3060/3408/2219
f 1341/3409/2221 3064/3412/2221 3062/3410/2220
f 1343/3411/2222 3066/3414/2222 3064/3412/2221
f 1345/3413/2223 3068/3416/2223 3066/3414/2222
f 1347/3415/2224 3071/3418/2226 3068/3416/2223
f 1349/3417/2225 3072/3420/2225 3071/3418/2226
f 1351/3419/2227 3074/3422/2227 3072/3420/2225
f 1353/3421/2228 3076/3424/2228 3074/3422/2227
f 1354/3423/2229 3078/3426/2229 3076/3424/2228
f 1357/3425/2230 3080/3428/2230 3078/3426/2229
f 1359/3427/2231 3082/3430/2231 3080/3428/2230
f 1361/3429/2232 3084/3432/2232 3082/3430/2231
f 1363/3431/2233 3087/3434/2233 3084/3432/2232
f 1365/3433/2234 3088/3436/2234 3087/3434/2233
f 1367/3435/2235 3090/3438/2235 3088/3436/2234
f 1369/3437/2236 3092/3053/2238 3090/3438/2235
f 1370/3439/2237 3094/3441/2237 3092/3053/2238
f 1373/3440/2239 3096/3443/2239 3094/3441/2237
f 1375/3442/2240 3098/3445/2240 3096/3443/2239
f 1377/3444/2241 3100/3447/2241 3098/3445/2240
f 1379/3446/2242 3103/3449/2242 3100/3447/2241
f 1381/3448/2243 3104/3451/2243 3103/3449/2242
f 1383/3450/2244 3106/3453/2244 3104/3451/2243
f 1385/3452/2245 3108/3455/2245 3106/3453/2244
f 1386/3454/2246 3110/3457/2246 3108/3455/2245
f 1389/3456/2247 3112/3459/2247 3110/3457/2246
f 1391/3458/2248 3114/3461/2248 3112/3459/2247
f 1393/3460/2249 3116/3463/2249 3114/3461/2248
f 1395/3462/2250 3119/3465/2250 3116/3463/2249
f 1397/3464/2251 3120/3467/2251 3119/3465/2250
f 1399/3466/2252 3122/3469/2252 3120/3467/2251
f 1401/3468/2253 3124/3471/2253 3122/3469/2252
f 1402/3470/2254 3126/3473/2254 3124/3471/2253
f 1405/3472/2255 3128/3475/2255 3126/3473/2254
f 1407/3474/2256 3130/3477/2256 3128/3475/2255
f 1409/3476/2257 3132/3479/2257 3130/3477/2256
f 1411/3478/2258 3135/3481/2258 3132/3479/2257
f 1482/1966/592 1480/1300/592 1426/2211/592
f 1480/1300/592 1478/847/592 1430/2660/592
f 1482/1966/592 1422/1288/592 1484/1965/592
f 1478/847/592 1477/849/592 1432/2659/592
f 1477/849/592 1474/2827/592 1435/820/769
f 1474/2827/592 1472/2443/592 1435/820/769
f 1472/2443/592 1470/2214/592 1435/820/769
f 1470/2214/592 1468/1958/592 1435/820/769
f 1468/1958/592 1466/1959/592 1435/820/769
f 1466/1959/592 1464/1296/592 1435/820/769
f 1464/1296/592 1462/841/592 1435/820/769
f 1461/843/592 1457/262/592 1451/256/592
f 1457/262/592 1455/2670/592 1451/256/592
f 1462/841/592 1461/843/592 1435/820/769
f 1477/849/592 1435/820/769 1432/2659/592
f 1422/1288/592 1482/1966/592 1424/1955/592
f 1430/2660/592 1478/847/592 1432/2659/592
f 1424/1955/592 1482/1966/592 1426/2211/592
f 1486/2219/592 1484/1965/592 1419/837/592
f 1419/837/592 1484/1965/592 1420/835/592
f 1490/2665/592 1488/2444/592 1414/2658/592
f 1488/2444/592 1486/2219/592 1416/2657/592
f 1494/1271/592 1493/817/592 1412/2204/592
f 1493/817/592 1490/2665/592 1412/2204/592
f 1412/2204/592 1490/2665/592 1414/2658/592
f 1410/1940/592 1496/1270/592 1494/1271/592
f 1412/2204/592 1410/1940/592 1494/1271/592
f 1488/2444/592 1416/2657/592 1414/2658/592
f 1451/256/592 1435/820/769 1461/843/592
f 1420/835/592 1484/1965/592 1422/1288/592
f 1416/2657/592 1486/2219/592 1419/837/592
f 1430/2660/592 1428/2438/592 1480/1300/592
f 1413/3480/2259 3136/3483/2259 3135/3481/2258
f 1415/3482/2260 3138/3485/2260 3136/3483/2259
f 1417/3484/2261 3140/3487/2261 3138/3485/2260
f 1418/3486/2262 3142/3489/2262 3140/3487/2261
f 1418/3486/2262 1421/3491/2263 3144/3488/2263
f 1423/3490/2264 3146/3493/2264 3144/3488/2263
f 1425/3492/2265 3148/3495/2267 3146/3493/2264
f 1427/3494/2266 3151/3497/2269 3148/3495/2267
f 1429/3496/2268 3152/3499/2271 3151/3497/2269
f 1431/3498/2270 3154/3501/2270 3152/3499/2271
f 1433/3500/2272 3156/3503/2272 3154/3501/2270
f 1434/3502/2273 3158/3505/2273 3156/3503/2272
f 1437/3504/2274 3160/3507/2274 3158/3505/2273
f 1439/3506/2275 3162/3509/2275 3160/3507/2274
f 1441/3508/2276 3164/3511/2276 3162/3509/2275
f 1443/3510/2277 3167/3512/2277 3164/3511/2276
f 1444/2939/2278 3168/528/2278 3167/3512/2277
f 1446/3514/2279 1448/253/2279 3171/3513/2279
f 1448/253/2279 3175/2941/2279 3171/3513/2279
f 3181/2959/2280 3177/534/2280 1452/3515/2280
f 1450/3516/2281 3176/4052/2281 3304/3517/2282
f 1453/258/2283 1456/2980/2283 3182/538/2283
f 1460/265/2284 3185/541/2284 3183/539/2284
f 1463/3520/2285 3188/3522/2285 3186/542/2286
f 1465/3521/2287 3190/3524/2287 3188/3522/2285
f 1467/3523/2288 3192/3526/2290 3190/3524/2287
f 1469/3525/2289 3195/3528/2289 3192/3526/2290
f 1471/3527/2291 3196/3530/2291 3195/3528/2289
f 1473/3529/2292 3198/3532/2292 3196/3530/2291
f 1475/3531/2293 3200/3534/2295 3198/3532/2292
f 1476/3533/2294 3202/3536/2294 3200/3534/2295
f 1479/3535/2296 3204/3538/2296 3202/3536/2294
f 1481/3537/2297 3206/3540/2299 3204/3538/2296
f 1481/3537/2297 1483/3541/2298 3208/3539/2298
f 1483/3541/2298 1485/3544/2300 3211/3542/2300
f 1487/3543/2301 3212/3546/2301 3211/3542/2300
f 1489/3545/2302 3214/3548/2302 3212/3546/2301
f 1491/3547/2303 3216/3550/2303 3214/3548/2302
f 1492/3549/2304 3218/3552/2304 3216/3550/2303
f 1492/3549/2304 1495/3554/2305 3220/3551/2305
f 1497/3553/2306 3222/3556/2306 3220/3551/2305
f 1499/3555/2307 3224/3558/2307 3222/3556/2306
f 1501/3557/2308 3227/3560/2308 3224/3558/2307
f 1503/3559/2309 3228/3562/2309 3227/3560/2308
f 1505/3561/2310 3230/3563/2310 3228/3562/2309
f 1507/3058/2311 3232/1656/2311 3230/3563/2310
f 1508/3564/2312 3234/3566/2312 3232/1656/2311
f 1511/3565/2313 3236/3568/2313 3234/3566/2312
f 1513/3567/2314 3238/3570/2314 3236/3568/2313
f 1515/3569/2315 3240/3572/2315 3238/3570/2314
f 1517/3571/2316 3243/3574/2316 3240/3572/2315
f 1519/3573/2317 3244/3576/2319 3243/3574/2316
f 1521/3575/2318 3246/3578/2318 3244/3576/2319
f 1523/3577/2320 3248/3580/2320 3246/3578/2318
f 1524/3579/2321 3250/3582/2321 3248/3580/2320
f 1527/3581/2322 3252/3584/2322 3250/3582/2321
f 1529/3583/2323 3254/3586/2323 3252/3584/2322
f 1531/3585/2324 3256/3588/2324 3254/3586/2323
f 1533/3587/2325 3259/3590/2325 3256/3588/2324
f 1535/3589/2326 3260/3592/2326 3259/3590/2325
f 1537/3591/2327 3262/3594/2327 3260/3592/2326
f 1539/3593/2328 3264/3596/2328 3262/3594/2327
f 1540/3595/2329 3266/3598/2329 3264/3596/2328
f 1543/3597/2330 3268/3600/2330 3266/3598/2329
f 1545/3599/2331 3270/3602/2331 3268/3600/2330
f 1547/3601/2332 3272/3604/2332 3270/3602/2331
f 1549/3603/2333 3275/3606/2333 3272/3604/2332
f 1551/3605/2334 3276/3608/2334 3275/3606/2333
f 1553/3607/2335 3278/3610/2335 3276/3608/2334
f 1555/3609/2336 3280/3612/2336 3278/3610/2335
f 1556/3611/2337 3282/3614/2337 3280/3612/2336
f 1559/3613/2338 3284/3616/2338 3282/3614/2337
f 1561/3615/2339 3286/3618/2339 3284/3616/2338
f 1563/3617/2340 3288/3620/2340 3286/3618/2339
f 1565/3619/2341 3291/3622/2341 3288/3620/2340
f 1567/3621/2342 3292/3624/2342 3291/3622/2341
f 1569/3623/2343 3294/3626/2343 3292/3624/2342
f 1571/3625/2344 3296/3628/2344 3294/3626/2343
f 1572/3627/2345 3298/3630/2345 3296/3628/2344
f 1575/3629/2346 3300/3632/2346 3298/3630/2345
f 1577/3631/2347 3302/3633/2347 3300/3632/2346
f 1579/3518/2282 3304/3517/2282 3302/3633/2347
f 1583/2942/1728 3309/547/1728 3306/3634/1728
f 1656/1962/592 1654/1636/592 1618/2655/592
f 1654/1636/592 1652/1292/592 1620/2821/592
f 1618/2655/592 1654/1636/592 1620/2821/592
f 1652/1292/592 1651/829/592 1623/807/592
f 1651/829/592 1648/2649/592 1624/805/592
f 1652/1292/592 1623/807/592 1620/2821/592
f 1648/2649/592 1646/1445/592 1626/1263/592
f 1646/1445/592 1644/2191/592 1628/1608/592
f 1628/1608/592 1644/2191/592 1630/1931/592
f 1644/2191/592 1642/1881/592 1632/2195/592
f 1642/1881/592 1640/276/592 1635/1195/592
f 1632/2195/592 1642/1881/592 1635/1195/592
f 1640/276/592 1637/273/592 1635/1195/592
f 1660/1484/592 1658/1107/592 1614/2209/592
f 1658/1107/592 1656/1962/592 1616/2435/592
f 1616/2435/592 1656/1962/592 1618/2655/592
f 1664/2829/592 1662/1816/592 1612/1631/592
f 1662/1816/592 1660/1484/592 1614/2209/592
f 1668/853/592 1667/855/592 1608/826/592
f 1667/855/592 1664/2829/592 1610/1286/592
f 1672/1640/592 1670/1298/592 1604/2656/592
f 1670/1298/592 1668/853/592 1607/828/592
f 1604/2656/592 1670/1298/592 1607/828/592
f 1676/2436/592 1674/1092/592 1602/1796/592
f 1674/1092/592 1672/1640/592 1602/1796/592
f 1680/2820/592 1678/2654/592 1598/2203/592
f 1678/2654/592 1676/2436/592 1600/2433/592
f 1684/1259/592 1683/793/592 1594/1606/592
f 1683/793/592 1680/2820/592 1596/1942/592
f 1596/1942/592 1680/2820/592 1598/2203/592
f 1688/1924/592 1686/1597/592 1591/787/592
f 1686/1597/592 1684/1259/592 1592/1255/592
f 1591/787/592 1686/1597/592 1592/1255/592
f 1582/545/592 1690/1723/592 1586/2640/592
f 1690/1723/592 1688/1924/592 1588/2815/592
f 1586/2640/592 1584/270/592 1582/545/592
f 1588/2815/592 1586/2640/592 1690/1723/592
f 1588/2815/592 1688/1924/592 1591/787/592
f 1678/2654/592 1600/2433/592 1598/2203/592
f 1602/1796/592 1672/1640/592 1604/2656/592
f 1667/855/592 1610/1286/592 1608/826/592
f 1662/1816/592 1614/2209/592 1612/1631/592
f 1644/2191/592 1632/2195/592 1630/1931/592
f 1646/1445/592 1628/1608/592 1626/1263/592
f 1594/1606/592 1592/1255/592 1684/1259/592
f 1648/2649/592 1626/1263/592 1624/805/592
f 1624/805/592 1623/807/592 1651/829/592
f 1596/1942/592 1594/1606/592 1683/793/592
f 1602/1796/592 1600/2433/592 1676/2436/592
f 1658/1107/592 1616/2435/592 1614/2209/592
f 1664/2829/592 1612/1631/592 1610/1286/592
f 1581/267/138 3308/2929/138 3417/3636/2348
f 1587/3638/2349 3312/3641/2349 3310/548/64
f 1589/3640/2350 3314/3643/2350 3312/3641/2349
f 1590/3642/2351 3316/3645/2351 3314/3643/2350
f 1593/3644/2352 3318/3647/2352 3316/3645/2351
f 1595/3646/2353 3320/3649/2353 3318/3647/2352
f 1597/3648/2354 3322/3651/2354 3320/3649/2353
f 1599/3650/2355 3325/3653/2355 3322/3651/2354
f 1601/3652/2356 3326/3655/2356 3325/3653/2355
f 1603/3654/2357 3328/3657/2359 3326/3655/2356
f 1605/3656/2358 3330/3659/2358 3328/3657/2359
f 1606/3658/2360 3332/3661/2360 3330/3659/2358
f 1609/3660/2361 3334/3663/2361 3332/3661/2360
f 1609/3660/2361 1611/3665/2362 3336/3662/2362
f 1613/3664/2363 3338/3667/2363 3336/3662/2362
f 1615/3666/2364 3341/3669/2364 3338/3667/2363
f 1617/3668/2365 3342/3671/2365 3341/3669/2364
f 1619/3670/2366 3344/3672/2366 3342/3671/2365
f 1621/2814/2367 3346/2079/2367 3344/3672/2366
f 1622/3673/2368 3348/3675/2368 3346/2079/2367
f 1625/3674/2369 3350/3677/2369 3348/3675/2368
f 1627/3676/2370 3352/3679/2370 3350/3677/2369
f 1629/3678/2371 3354/3681/2371 3352/3679/2370
f 1631/3680/2372 3357/3683/2372 3354/3681/2371
f 1633/3682/2373 3358/3685/2373 3357/3683/2372
f 1634/3684/2374 3360/3686/2374 3358/3685/2373
f 1636/2960/138 3362/550/138 3360/3686/2374
f 1639/2981/1728 3365/553/1728 3363/551/1728
f 1643/3688/2375 3369/3691/2375 3366/554/64
f 1645/3690/2376 3370/3693/2376 3369/3691/2375
f 1647/3692/2377 3372/3695/2377 3370/3693/2376
f 1649/3694/2378 3374/3697/2378 3372/3695/2377
f 1650/3696/2379 3376/3699/2379 3374/3697/2378
f 1653/3698/2380 3378/3701/2380 3376/3699/2379
f 1655/3700/2381 3380/3703/2381 3378/3701/2380
f 1655/3700/2381 1657/3705/2382 3382/3702/2382
f 1659/3704/2383 3385/3707/2383 3382/3702/2382
f 1661/3706/2384 3386/3709/2384 3385/3707/2383
f 1661/3706/2384 1663/3711/2385 3388/3708/2385
f 1665/3710/2386 3390/3713/2386 3388/3708/2385
f 1665/3710/2386 1666/3715/2389 3392/3712/2387
f 1669/3714/2388 3394/3717/2388 3392/3712/2387
f 1671/3716/2390 3396/3719/2390 3394/3717/2388
f 1673/3718/2391 3398/3721/2391 3396/3719/2390
f 1675/3720/2392 3401/3722/2394 3398/3721/2391
f 1677/1908/2393 3402/2474/2393 3401/3722/2394
f 1679/3723/2395 3404/3725/2395 3402/2474/2393
f 1681/3724/2396 3406/3727/2396 3404/3725/2395
f 1682/3726/2397 3408/3729/2397 3406/3727/2396
f 1685/3728/2398 3410/3731/2398 3408/3729/2397
f 1687/3730/2399 3412/3733/2399 3410/3731/2398
f 1689/3732/2400 3414/3734/2400 3412/3733/2399
f 1691/3637/2348 3417/3636/2348 3414/3734/2400
f 1692/3361/64 3418/3901/64 3451/2921/64
f 1711/297/592 1708/294/592 1705/291/592
f 1702/288/592 1699/285/592 1696/282/592
f 1714/300/592 1711/297/592 1705/291/592
f 1702/288/592 1696/282/592 1693/279/592
f 1714/300/592 1705/291/592 1702/288/592
f 1723/309/592 1720/306/592 1727/3756/592
f 1720/306/592 1718/691/592 1727/3756/592
f 1718/691/592 1714/300/592 1702/288/592
f 1693/279/592 1727/3756/592 1718/691/592
f 1695/2943/1728 3421/557/1728 3419/556/1728
f 1698/179/64 3424/558/64 3422/407/64
f 1701/2982/591 3427/561/591 3425/559/591
f 1704/185/64 3432/2931/64 3428/413/64
f 1707/2944/1728 3433/563/1728 3430/2930/1728
f 1710/191/64 3436/418/64 3434/481/64
f 1713/2983/591 3439/566/591 3437/564/591
f 1717/303/138 3442/424/138 3440/567/138
f 1719/2945/1728 3445/570/1728 3443/569/1728
f 1722/203/64 3448/430/64 3446/428/64
f 1726/311/591 3453/2984/591 3449/571/591
f 1736/2671/1422 1738/322/1422 1742/3745/1422
f 1748/3743/1422 1750/3744/1422 1733/2569/1422
f 1750/3744/1422 1730/314/1422 1733/2569/1422
f 1736/2671/1422 1742/3745/1422 1745/3742/1422
f 1748/3743/1422 1733/2569/1422 1736/2671/1422
f 1738/322/1422 1730/314/1422 1750/3744/1422
f 1879/4053/1422 1881/4054/1422 1923/4055/1422
f 1881/4054/1422 1883/4056/1422 1921/4057/1422
f 1923/4055/1422 1881/4054/1422 1921/4057/1422
f 1883/4056/1422 1885/4058/1422 1917/4059/1422
f 1885/4058/1422 1886/4060/1422 1914/4061/1422
f 1886/4060/1422 1889/4062/1422 1913/4063/1422
f 1889/4062/1422 1891/4064/1422 1911/4065/1422
f 1913/4063/1422 1889/4062/1422 1911/4065/1422
f 1891/4064/1422 1893/4066/1422 1909/4067/1422
f 1893/4066/1422 1895/4068/1422 1907/4069/1422
f 1895/4068/1422 1897/4070/1422 1905/4071/1422
f 1897/4070/1422 1900/4072/1422 1902/4073/1422
f 1895/4068/1422 1905/4071/1422 1907/4069/1422
f 1902/4073/1422 1905/4071/1422 1897/4070/1422
f 1893/4066/1422 1907/4069/1422 1909/4067/1422
f 1885/4058/1422 1914/4061/1422 1917/4059/1422
f 1877/4074/1422 1879/4053/1422 1925/4075/1422
f 1925/4075/1422 1879/4053/1422 1923/4055/1422
f 1873/4076/1422 1874/4077/1422 1928/4078/1422
f 1874/4077/1422 1877/4074/1422 1927/4079/1422
f 1869/4080/1422 1871/4081/1422 1933/4082/1422
f 1871/4081/1422 1873/4076/1422 1931/4083/1422
f 1865/4084/1422 1867/4085/1422 1937/4086/1422
f 1867/4085/1422 1869/4080/1422 1935/4087/1422
f 1935/4087/1422 1869/4080/1422 1933/4082/1422
f 1860/4088/1422 1863/4089/1422 1940/4090/1422
f 1863/4089/1422 1865/4084/1422 1939/4091/1422
f 1857/4092/1422 1859/4093/1422 1945/4094/1422
f 1859/4093/1422 1860/4088/1422 1943/4095/1422
f 1943/4095/1422 1860/4088/1422 1940/4090/1422
f 1853/4096/1422 1855/4097/1422 1949/4098/1422
f 1855/4097/1422 1857/4092/1422 1947/4099/1422
f 1949/4098/1422 1855/4097/1422 1947/4099/1422
f 1849/4100/1422 1851/4101/1422 1953/4102/1422
f 1851/4101/1422 1853/4096/1422 1951/4103/1422
f 1951/4103/1422 1853/4096/1422 1949/4098/1422
f 1844/4104/1422 1847/4105/1422 1955/4106/1422
f 1847/4105/1422 1849/4100/1422 1955/4106/1422
f 1955/4106/1422 1849/4100/1422 1953/4102/1422
f 1841/4107/1422 1843/4108/1422 1959/4109/1422
f 1843/4108/1422 1844/4104/1422 1956/4110/1422
f 1837/4111/1422 1839/4112/1422 1963/4113/1422
f 1839/4112/1422 1841/4107/1422 1961/4114/1422
f 1837/4111/1422 1963/4113/1422 1965/3748/1422
f 1833/4115/1422 1835/3747/1422 1967/3746/1422
f 1835/3747/1422 1837/4111/1422 1965/3748/1422
f 1833/4115/1422 1967/3746/1422 1969/4116/1422
f 1828/4117/1422 1831/4118/1422 1971/4119/1422
f 1831/4118/1422 1833/4115/1422 1969/4116/1422
f 1828/4117/1422 1971/4119/1422 1972/4120/1422
f 1825/4121/1422 1827/4122/1422 1975/4123/1422
f 1827/4122/1422 1828/4117/1422 1972/4120/1422
f 1825/4121/1422 1975/4123/1422 1977/4124/1422
f 1821/4125/1422 1823/4126/1422 1979/4127/1422
f 1823/4126/1422 1825/4121/1422 1977/4124/1422
f 1821/4125/1422 1979/4127/1422 1981/4128/1422
f 1817/4129/1422 1819/4130/1422 1983/4131/1422
f 1819/4130/1422 1821/4125/1422 1981/4128/1422
f 1983/4131/1422 1819/4130/1422 1981/4128/1422
f 1812/4132/1422 1815/4133/1422 1987/4134/1422
f 1815/4133/1422 1817/4129/1422 1985/4135/1422
f 1809/4136/1422 1811/4137/1422 1991/4138/1422
f 1811/4137/1422 1812/4132/1422 1988/4139/1422
f 1805/4140/1422 1807/4141/1422 1995/4142/1422
f 1807/4141/1422 1809/4136/1422 1993/4143/1422
f 1995/4142/1422 1807/4141/1422 1993/4143/1422
f 1801/4144/1422 1803/4145/1422 1999/4146/1422
f 1803/4145/1422 1805/4140/1422 1997/4147/1422
f 2011/4148/1422 1754/2268/1422 2008/4149/1422
f 1756/2273/1422 1798/3750/1422 1801/4144/1422
f 1787/2485/1422 1788/2266/1422 2013/4150/1422
f 1788/2266/1422 1754/2268/1422 2011/4148/1422
f 1787/2485/1422 2013/4150/1422 2015/4151/1422
f 1754/2268/1422 1756/2273/1422 1801/4144/1422
f 1811/4137/1422 1988/4139/1422 1991/4138/1422
f 1815/4133/1422 1985/4135/1422 1987/4134/1422
f 1843/4108/1422 1956/4110/1422 1959/4109/1422
f 1863/4089/1422 1939/4091/1422 1940/4090/1422
f 1871/4081/1422 1931/4083/1422 1933/4082/1422
f 1874/4077/1422 1927/4079/1422 1928/4078/1422
f 1927/4079/1422 1877/4074/1422 1925/4075/1422
f 1975/4123/1422 1827/4122/1422 1972/4120/1422
f 1754/2268/1422 1801/4144/1422 2007/4152/1422
f 2008/4149/1422 1754/2268/1422 2007/4152/1422
f 1785/2013/1422 1787/2485/1422 2015/4151/1422
f 1781/1695/1422 1783/1694/1422 2017/4153/1422
f 1783/1694/1422 1785/2013/1422 2015/4151/1422
f 1776/928/1422 1779/1347/1422 2021/4154/1422
f 1779/1347/1422 1781/1695/1422 2019/4155/1422
f 2021/4154/1422 1779/1347/1422 2019/4155/1422
f 1773/2487/1422 1775/2855/1422 2023/4156/1422
f 1775/2855/1422 1776/928/1422 2023/4156/1422
f 1773/2487/1422 2023/4156/1422 2024/4157/1422
f 1769/2015/1422 1771/2269/1422 2027/4158/1422
f 1771/2269/1422 1773/2487/1422 2024/4157/1422
f 1765/1697/1422 1767/1696/1422 2029/4159/1422
f 1767/1696/1422 1769/2015/1422 2029/4159/1422
f 1792/4160/1422 1794/3749/1422 1765/1697/1422
f 2029/4159/1422 2031/4161/1422 1765/1697/1422
f 2031/4161/1422 1792/4160/1422 1765/1697/1422
f 1771/2269/1422 2024/4157/1422 2027/4158/1422
f 1783/1694/1422 2015/4151/1422 2017/4153/1422
f 1817/4129/1422 1983/4131/1422 1985/4135/1422
f 1891/4064/1422 1909/4067/1422 1911/4065/1422
f 1788/2266/1422 2011/4148/1422 2013/4150/1422
f 2027/4158/1422 2029/4159/1422 1769/2015/1422
f 1886/4060/1422 1913/4063/1422 1914/4061/1422
f 2023/4156/1422 1776/928/1422 2021/4154/1422
f 1883/4056/1422 1917/4059/1422 1919/4162/1422
f 1883/4056/1422 1919/4162/1422 1921/4057/1422
f 2017/4153/1422 2019/4155/1422 1781/1695/1422
f 2007/4152/1422 1801/4144/1422 2005/4163/1422
f 2001/4164/1422 1801/4144/1422 1999/4146/1422
f 1801/4144/1422 2001/4164/1422 2002/4165/1422
f 1873/4076/1422 1928/4078/1422 1931/4083/1422
f 2002/4165/1422 2005/4163/1422 1801/4144/1422
f 1867/4085/1422 1935/4087/1422 1937/4086/1422
f 1999/4146/1422 1803/4145/1422 1997/4147/1422
f 1997/4147/1422 1805/4140/1422 1995/4142/1422
f 1865/4084/1422 1937/4086/1422 1939/4091/1422
f 1991/4138/1422 1993/4143/1422 1809/4136/1422
f 1859/4093/1422 1943/4095/1422 1945/4094/1422
f 1987/4134/1422 1988/4139/1422 1812/4132/1422
f 1857/4092/1422 1945/4094/1422 1947/4099/1422
f 1851/4101/1422 1951/4103/1422 1953/4102/1422
f 1979/4127/1422 1823/4126/1422 1977/4124/1422
f 1844/4104/1422 1955/4106/1422 1956/4110/1422
f 1971/4119/1422 1831/4118/1422 1969/4116/1422
f 1841/4107/1422 1959/4109/1422 1961/4114/1422
f 1961/4114/1422 1963/4113/1422 1839/4112/1422
f 1798/3750/1422 1756/2273/1422 1758/340/1422
f 1762/1348/1422 1765/1697/1422 1794/3749/1422
f 1798/3750/1422 1758/340/1422 1762/1348/1422
f 2259/2459/1422 2262/2676/1422 2095/2835/1422
f 2034/2836/1422 2035/886/1422 2252/1994/1422
f 2035/886/1422 2038/1321/1422 2252/1994/1422
f 2259/2459/1422 2095/2835/1422 2034/2836/1422
f 2124/2856/1422 2126/379/1422 2129/2275/1422
f 2119/2277/1422 2121/2489/1422 2131/2274/1422
f 2121/2489/1422 2124/2856/1422 2129/2275/1422
f 2115/1705/1422 2117/2020/1422 2133/2490/1422
f 2117/2020/1422 2119/2277/1422 2131/2274/1422
f 2133/2490/1422 2117/2020/1422 2131/2274/1422
f 2111/940/1422 2113/1357/1422 2136/934/1422
f 2113/1357/1422 2115/1705/1422 2135/2698/1422
f 2107/2859/1422 2108/941/1422 2141/1358/1422
f 2108/941/1422 2111/940/1422 2139/1359/1422
f 2141/1358/1422 2108/941/1422 2139/1359/1422
f 2103/2494/1422 2105/2702/1422 2147/2493/1422
f 2105/2702/1422 2107/2859/1422 2145/2279/1422
f 2145/2279/1422 2107/2859/1422 2143/2022/1422
f 2098/2026/1422 2101/2025/1422 2150/1709/1422
f 2101/2025/1422 2103/2494/1422 2149/2703/1422
f 2150/1709/1422 2101/2025/1422 2149/2703/1422
f 2313/1361/1422 2097/2860/1422 2153/2023/1422
f 2097/2860/1422 2098/2026/1422 2153/2023/1422
f 2153/2023/1422 2098/2026/1422 2150/1709/1422
f 2308/944/1422 2311/943/1422 2157/2280/1422
f 2311/943/1422 2313/1361/1422 2155/2281/1422
f 2157/2280/1422 2311/943/1422 2155/2281/1422
f 2305/2701/1422 2307/2700/1422 2162/938/1422
f 2307/2700/1422 2308/944/1422 2161/2699/1422
f 2161/2699/1422 2308/944/1422 2159/2492/1422
f 2301/2278/1422 2303/2491/1422 2167/1355/1422
f 2303/2491/1422 2305/2701/1422 2165/937/1422
f 2167/1355/1422 2303/2491/1422 2165/937/1422
f 2297/1701/1422 2299/1700/1422 2171/2276/1422
f 2299/1700/1422 2301/2278/1422 2169/2018/1422
f 2292/931/1422 2295/1353/1422 2175/2694/1422
f 2295/1353/1422 2297/1701/1422 2173/2488/1422
f 2289/2696/1422 2291/2695/1422 2177/2693/1422
f 2291/2695/1422 2292/931/1422 2177/2693/1422
f 2177/2693/1422 2292/931/1422 2175/2694/1422
f 2285/925/1422 2287/1351/1422 2181/2271/1422
f 2287/1351/1422 2289/2696/1422 2178/2016/1422
f 2285/925/1422 2181/2271/1422 2183/2270/1422
f 2281/2852/1422 2282/926/1422 2185/2486/1422
f 2282/926/1422 2285/925/1422 2183/2270/1422
f 2185/2486/1422 2282/926/1422 2183/2270/1422
f 2277/2259/1422 2279/2689/1422 2188/917/1422
f 2279/2689/1422 2281/2852/1422 2187/2849/1422
f 2273/2004/1422 2275/2003/1422 2193/1341/1422
f 2275/2003/1422 2277/2259/1422 2191/916/1422
f 2269/1335/1422 2271/1684/1422 2197/2258/1422
f 2271/1684/1422 2273/2004/1422 2195/2005/1422
f 2201/2685/1422 2266/901/1422 2199/2257/1422
f 2265/2845/1422 2266/901/1422 2201/2685/1422
f 2266/901/1422 2269/1335/1422 2199/2257/1422
f 2265/2845/1422 2203/2684/1422 2204/908/1422
f 2087/2838/1422 2089/2238/1422 2265/2845/1422
f 2082/2843/1422 2083/895/1422 2211/2000/1422
f 2083/895/1422 2087/2838/1422 2211/2000/1422
f 2211/2000/1422 2087/2838/1422 2209/1682/1422
f 2078/2249/1422 2080/2680/1422 2215/2251/1422
f 2080/2680/1422 2082/2843/1422 2213/2252/1422
f 2074/1674/1422 2076/1991/1422 2217/2473/1422
f 2076/1991/1422 2078/2249/1422 2217/2473/1422
f 2217/2473/1422 2078/2249/1422 2215/2251/1422
f 2070/1325/1422 2072/1324/1422 2220/904/1422
f 2072/1324/1422 2074/1674/1422 2219/2683/1422
f 2219/2683/1422 2074/1674/1422 2217/2473/1422
f 2066/2841/1422 2067/892/1422 2223/1331/1422
f 2067/892/1422 2070/1325/1422 2220/904/1422
f 2062/2247/1422 2064/2467/1422 2227/1679/1422
f 2064/2467/1422 2066/2841/1422 2225/1680/1422
f 2239/898/1422 2050/2840/1422 2051/889/1422
f 2058/1989/1422 2060/2248/1422 2231/2472/1422
f 2060/2248/1422 2062/2247/1422 2229/1999/1422
f 2054/1323/1422 2236/899/1422 2051/889/1422
f 2054/1323/1422 2056/1672/1422 2235/2847/1422
f 2056/1672/1422 2058/1989/1422 2233/2471/1422
f 2050/2840/1422 2241/1678/1422 2048/2679/1422
f 2046/2245/1422 2245/2250/1422 2044/2246/1422
f 2046/2245/1422 2048/2679/1422 2243/1997/1422
f 2247/2470/1422 2044/2246/1422 2245/2250/1422
f 2042/1988/1422 2044/2246/1422 2247/2470/1422
f 2042/1988/1422 2249/2682/1422 2040/1320/1422
f 2038/1321/1422 2040/1320/1422 2251/2846/1422
f 2251/2846/1422 2040/1320/1422 2249/2682/1422
f 2256/1993/1422 2259/2459/1422 2034/2836/1422
f 2252/1994/1422 2038/1321/1422 2251/2846/1422
f 2249/2682/1422 2042/1988/1422 2247/2470/1422
f 2245/2250/1422 2046/2245/1422 2243/1997/1422
f 2241/1678/1422 2050/2840/1422 2239/898/1422
f 2236/899/1422 2054/1323/1422 2235/2847/1422
f 2048/2679/1422 2241/1678/1422 2243/1997/1422
f 2067/892/1422 2220/904/1422 2223/1331/1422
f 2080/2680/1422 2213/2252/1422 2215/2251/1422
f 2213/2252/1422 2082/2843/1422 2211/2000/1422
f 2087/2838/1422 2265/2845/1422 2204/908/1422
f 2203/2684/1422 2265/2845/1422 2201/2685/1422
f 2275/2003/1422 2191/916/1422 2193/1341/1422
f 2279/2689/1422 2187/2849/1422 2188/917/1422
f 2295/1353/1422 2173/2488/1422 2175/2694/1422
f 2299/1700/1422 2169/2018/1422 2171/2276/1422
f 2169/2018/1422 2301/2278/1422 2167/1355/1422
f 2113/1357/1422 2135/2698/1422 2136/934/1422
f 2121/2489/1422 2129/2275/1422 2131/2274/1422
f 2087/2838/1422 2204/908/1422 2207/907/1422
f 2072/1324/1422 2219/2683/1422 2220/904/1422
f 2252/1994/1422 2256/1993/1422 2034/2836/1422
f 2115/1705/1422 2133/2490/1422 2135/2698/1422
f 2239/898/1422 2051/889/1422 2236/899/1422
f 2235/2847/1422 2056/1672/1422 2233/2471/1422
f 2111/940/1422 2136/934/1422 2139/1359/1422
f 2107/2859/1422 2141/1358/1422 2143/2022/1422
f 2233/2471/1422 2058/1989/1422 2231/2472/1422
f 2231/2472/1422 2060/2248/1422 2229/1999/1422
f 2105/2702/1422 2145/2279/1422 2147/2493/1422
f 2103/2494/1422 2147/2493/1422 2149/2703/1422
f 2229/1999/1422 2062/2247/1422 2227/1679/1422
f 2227/1679/1422 2064/2467/1422 2225/1680/1422
f 2313/1361/1422 2153/2023/1422 2155/2281/1422
f 2223/1331/1422 2225/1680/1422 2066/2841/1422
f 2308/944/1422 2157/2280/1422 2159/2492/1422
f 2307/2700/1422 2161/2699/1422 2162/938/1422
f 2305/2701/1422 2162/938/1422 2165/937/1422
f 2207/907/1422 2209/1682/1422 2087/2838/1422
f 2297/1701/1422 2171/2276/1422 2173/2488/1422
f 2199/2257/1422 2269/1335/1422 2197/2258/1422
f 2197/2258/1422 2271/1684/1422 2195/2005/1422
f 2289/2696/1422 2177/2693/1422 2178/2016/1422
f 2178/2016/1422 2181/2271/1422 2287/1351/1422
f 2193/1341/1422 2195/2005/1422 2273/2004/1422
f 2281/2852/1422 2185/2486/1422 2187/2849/1422
f 2265/2845/1422 2089/2238/1422 2262/2676/1422
f 2089/2238/1422 2092/2237/1422 2262/2676/1422
f 2464/2720/1422 2466/403/1422 2461/2721/1422
f 2466/403/1422 2469/2057/1422 2461/2721/1422
f 2469/2057/1422 2471/2512/1422 2457/2299/1422
f 2459/2514/1422 2469/2057/1422 2457/2299/1422
f 2459/2514/1422 2461/2721/1422 2469/2057/1422
f 2455/2053/1422 2457/2299/1422 2471/2512/1422
f 2451/958/1422 2453/1728/1422 2473/2511/1422
f 2453/1728/1422 2455/2053/1422 2473/2511/1422
f 2451/958/1422 2473/2511/1422 2475/2715/1422
f 2447/2707/1422 2448/959/1422 2476/983/1422
f 2448/959/1422 2451/958/1422 2475/2715/1422
f 2443/2282/1422 2445/2495/1422 2481/1386/1422
f 2445/2495/1422 2447/2707/1422 2479/982/1422
f 2481/1386/1422 2445/2495/1422 2479/982/1422
f 2439/1711/1422 2441/2028/1422 2489/2506/1422
f 2441/2028/1422 2443/2282/1422 2485/2049/1422
f 2483/1732/1422 2443/2282/1422 2481/1386/1422
f 2435/1365/1422 2437/1712/1422 2495/1382/1422
f 2437/1712/1422 2439/1711/1422 2492/961/1422
f 2489/2506/1422 2441/2028/1422 2487/2296/1422
f 2431/2863/1422 2432/952/1422 2499/2050/1422
f 2432/952/1422 2435/1365/1422 2497/1734/1422
f 2497/1734/1422 2435/1365/1422 2495/1382/1422
f 2427/2504/1422 2429/2712/1422 2503/2509/1422
f 2429/2712/1422 2431/2863/1422 2501/2298/1422
f 2427/2504/1422 2503/2509/1422 2505/2716/1422
f 2423/2043/1422 2425/2293/1422 2507/2872/1422
f 2425/2293/1422 2427/2504/1422 2505/2716/1422
f 2423/2043/1422 2507/2872/1422 2508/988/1422
f 2419/985/1422 2421/1396/1422 2511/1400/1422
f 2421/1396/1422 2423/2043/1422 2508/988/1422
f 2419/985/1422 2511/1400/1422 2513/1399/1422
f 2415/2873/1422 2416/986/1422 2515/2058/1422
f 2416/986/1422 2419/985/1422 2513/1399/1422
f 2411/2520/1422 2413/2722/1422 2519/2519/1422
f 2413/2722/1422 2415/2873/1422 2517/2305/1422
f 2521/2518/1422 2409/2064/1422 2519/2519/1422
f 2407/1755/1422 2409/2064/1422 2521/2518/1422
f 2409/2064/1422 2411/2520/1422 2519/2519/1422
f 2407/1755/1422 2521/2518/1422 2523/2724/1422
f 2403/1018/1422 2405/1418/1422 2524/1001/1422
f 2405/1418/1422 2407/1755/1422 2523/2724/1422
f 2524/1001/1422 2405/1418/1422 2523/2724/1422
f 2399/2731/1422 2400/1019/1422 2529/1407/1422
f 2400/1019/1422 2403/1018/1422 2527/1000/1422
f 2395/2314/1422 2397/2529/1422 2535/2306/1422
f 2397/2529/1422 2399/2731/1422 2531/1752/1422
f 2393/2077/1422 2395/2314/1422 2537/1233/1422
f 2400/1019/1422 2527/1000/1422 2529/1407/1422
f 2403/1018/1422 2524/1001/1422 2527/1000/1422
f 2416/986/1422 2513/1399/1422 2515/2058/1422
f 2443/2282/1422 2483/1732/1422 2485/2049/1422
f 2448/959/1422 2475/2715/1422 2476/983/1422
f 2455/2053/1422 2471/2512/1422 2473/2511/1422
f 2439/1711/1422 2489/2506/1422 2491/2868/1422
f 2421/1396/1422 2508/988/1422 2511/1400/1422
f 2391/1767/1422 2393/2077/1422 2540/1013/1422
f 2389/1426/1422 2391/1767/1422 2543/1012/1422
f 2399/2731/1422 2529/1407/1422 2531/1752/1422
f 2387/1027/1422 2389/1426/1422 2543/1012/1422
f 2397/2529/1422 2531/1752/1422 2533/2062/1422
f 2447/2707/1422 2476/983/1422 2479/982/1422
f 2384/1028/1422 2387/1027/1422 2545/1416/1422
f 2397/2529/1422 2533/2062/1422 2535/2306/1422
f 2383/2739/1422 2384/1028/1422 2547/1759/1422
f 2441/2028/1422 2485/2049/1422 2487/2296/1422
f 2381/2536/1422 2383/2739/1422 2547/1759/1422
f 2395/2314/1422 2535/2306/1422 2537/1233/1422
f 2379/778/1422 2381/2536/1422 2549/2070/1422
f 2439/1711/1422 2491/2868/1422 2492/961/1422
f 2316/2086/1422 2319/2881/1422 2320/1054/1422
f 2607/1451/1422 2609/3760/1422 2323/1449/1422
f 2609/3760/1422 2316/2086/1422 2320/1054/1422
f 2603/2763/1422 2604/1069/1422 2327/1781/1422
f 2604/1069/1422 2607/1451/1422 2325/1782/1422
f 2603/2763/1422 2327/1781/1422 2329/2096/1422
f 2599/2343/1422 2601/1294/1422 2331/2329/1422
f 2601/1294/1422 2603/2763/1422 2329/2096/1422
f 2331/2329/1422 2601/1294/1422 2329/2096/1422
f 2595/1813/1422 2597/2119/1422 2335/2755/1422
f 2597/2119/1422 2599/2343/1422 2333/2548/1422
f 2591/1113/1422 2593/1482/1422 2339/1083/1422
f 2593/1482/1422 2595/1813/1422 2336/1084/1422
f 2587/1968/1422 2588/1114/1422 2343/1803/1422
f 2588/1114/1422 2591/1113/1422 2341/1467/1422
f 2343/1803/1422 2588/1114/1422 2341/1467/1422
f 2583/2566/1422 2585/2771/1422 2345/2337/1422
f 2585/2771/1422 2587/1968/1422 2343/1803/1422
f 2345/2337/1422 2585/2771/1422 2343/1803/1422
f 2579/2122/1422 2581/2345/1422 2347/2560/1422
f 2581/2345/1422 2583/2566/1422 2345/2337/1422
f 2579/2122/1422 2347/2560/1422 2349/2760/1422
f 2575/1472/1422 2577/1811/1422 2351/2893/1422
f 2577/1811/1422 2579/2122/1422 2349/2760/1422
f 2575/1472/1422 2351/2893/1422 2352/1075/1422
f 2571/2900/1422 2572/1095/1422 2355/1458/1422
f 2572/1095/1422 2575/1472/1422 2352/1075/1422
f 2571/2900/1422 2357/1789/1422 2569/2762/1422
f 2567/2327/1422 2569/2762/1422 2361/801/1422
f 2361/801/1422 2569/2762/1422 2359/1788/1422
f 2563/2091/1422 2565/2090/1422 2365/2541/1422
f 2565/2090/1422 2567/2327/1422 2363/799/1422
f 2363/799/1422 2567/2327/1422 2361/801/1422
f 2559/1434/1422 2561/1776/1422 2371/1436/1422
f 2561/1776/1422 2563/2091/1422 2368/1051/1422
f 2367/2882/1422 2563/2091/1422 2365/2541/1422
f 2555/2732/1422 2556/1030/1422 2373/1774/1422
f 2556/1030/1422 2559/1434/1422 2373/1774/1422
f 2555/2732/1422 2373/1774/1422 2375/1773/1422
f 2551/2309/1422 2553/2528/1422 2377/2082/1422
f 2553/2528/1422 2555/2732/1422 2375/1773/1422
f 2551/2309/1422 2377/2082/1422 2379/778/1422
f 2547/1759/1422 2549/2070/1422 2381/2536/1422
f 2549/2070/1422 2551/2309/1422 2379/778/1422
f 2543/1012/1422 2545/1416/1422 2387/1027/1422
f 2545/1416/1422 2547/1759/1422 2384/1028/1422
f 2539/2727/1422 2540/1013/1422 2393/2077/1422
f 2540/1013/1422 2543/1012/1422 2391/1767/1422
f 2537/1233/1422 2539/2727/1422 2393/2077/1422
f 2563/2091/1422 2367/2882/1422 2368/1051/1422
f 2357/1789/1422 2571/2900/1422 2355/1458/1422
f 2593/1482/1422 2336/1084/1422 2339/1083/1422
f 2597/2119/1422 2333/2548/1422 2335/2755/1422
f 2333/2548/1422 2599/2343/1422 2331/2329/1422
f 2609/3760/1422 2320/1054/1422 2323/1449/1422
f 2351/2893/1422 2577/1811/1422 2349/2760/1422
f 2565/2090/1422 2363/799/1422 2365/2541/1422
f 2359/1788/1422 2569/2762/1422 2357/1789/1422
f 2377/2082/1422 2553/2528/1422 2375/1773/1422
f 2607/1451/1422 2323/1449/1422 2325/1782/1422
f 2325/1782/1422 2327/1781/1422 2604/1069/1422
f 2595/1813/1422 2335/2755/1422 2336/1084/1422
f 2437/1712/1422 2492/961/1422 2495/1382/1422
f 2591/1113/1422 2339/1083/1422 2341/1467/1422
f 2432/952/1422 2497/1734/1422 2499/2050/1422
f 2345/2337/1422 2347/2560/1422 2581/2345/1422
f 2431/2863/1422 2499/2050/1422 2501/2298/1422
f 2501/2298/1422 2503/2509/1422 2429/2712/1422
f 2505/2716/1422 2507/2872/1422 2425/2293/1422
f 2352/1075/1422 2355/1458/1422 2572/1095/1422
f 2415/2873/1422 2515/2058/1422 2517/2305/1422
f 2517/2305/1422 2519/2519/1422 2413/2722/1422
f 2371/1436/1422 2373/1774/1422 2559/1434/1422
f 2612/2051/1422 2615/756/1422 2618/2525/1422
f 2612/2051/1422 2618/2525/1422 2621/2733/1422
f 2639/687/1422 2642/2498/1422 2644/433/1422
f 2636/2032/1422 2639/687/1422 2644/433/1422
f 2626/417/1422 2630/1465/1422 2624/2895/1422
f 2630/1465/1422 2633/118/1422 2624/2895/1422
f 2633/118/1422 2636/2032/1422 2621/2733/1422
f 2636/2032/1422 2644/433/1422 2612/2051/1422
f 2636/2032/1422 2612/2051/1422 2621/2733/1422
f 2650/439/1422 2654/1368/1422 2647/436/1422
f 2654/1368/1422 2657/1719/1422 2647/436/1422
f 2657/1719/1422 2660/2034/1422 2647/436/1422
f 2660/2034/1422 2663/2286/1422 2647/436/1422
f 2663/2286/1422 2666/2285/1422 2669/2708/1422
f 2669/2708/1422 2672/2889/1422 2663/2286/1422
f 2672/2889/1422 2674/462/1422 2663/2286/1422
f 2951/4166/1422 2953/4167/1422 2702/4168/1422
f 2953/4167/1422 2954/4169/1422 2701/4170/1422
f 2954/4169/1422 2957/4171/1422 2699/4172/1422
f 2957/4171/1422 2959/4173/1422 2697/4174/1422
f 2959/4173/1422 2961/4175/1422 2695/4176/1422
f 2961/4175/1422 2963/4177/1422 2693/4178/1422
f 2959/4173/1422 2695/4176/1422 2697/4174/1422
f 2963/4177/1422 2965/3911/1422 2691/3913/1422
f 2965/3911/1422 2967/4179/1422 2689/4180/1422
f 2963/4177/1422 2691/3913/1422 2693/4178/1422
f 2967/4179/1422 2969/4181/1422 2686/4182/1422
f 2969/4181/1422 2970/4183/1422 2685/3908/1422
f 2967/4179/1422 2686/4182/1422 2689/4180/1422
f 2970/4183/1422 2678/4184/1422 2683/4185/1422
f 2678/4184/1422 2681/4186/1422 2683/4185/1422
f 2957/4171/1422 2697/4174/1422 2699/4172/1422
f 2949/4187/1422 2951/4166/1422 2705/4188/1422
f 2953/4167/1422 2701/4170/1422 2702/4168/1422
f 2945/4189/1422 2947/4190/1422 2707/4191/1422
f 2947/4190/1422 2949/4187/1422 2705/4188/1422
f 2941/4192/1422 2943/4193/1422 2709/4194/1422
f 2943/4193/1422 2945/4189/1422 2707/4191/1422
f 2941/4192/1422 2709/4194/1422 2711/4195/1422
f 2937/4196/1422 2938/4197/1422 2713/3938/1422
f 2938/4197/1422 2941/4192/1422 2711/4195/1422
f 2937/4196/1422 2713/3938/1422 2715/4198/1422
f 2933/4199/1422 2935/4200/1422 2717/4201/1422
f 2935/4200/1422 2937/4196/1422 2715/4198/1422
f 2933/4199/1422 2717/4201/1422 2718/4202/1422
f 2929/4203/1422 2931/4204/1422 2723/4205/1422
f 2931/4204/1422 2933/4199/1422 2718/4202/1422
f 2925/4206/1422 2927/4207/1422 2727/4208/1422
f 2927/4207/1422 2929/4203/1422 2725/4209/1422
f 2925/4206/1422 2727/4208/1422 2729/4210/1422
f 2921/4211/1422 2922/3751/1422 2733/3753/1422
f 2922/3751/1422 2925/4206/1422 2731/3752/1422
f 2731/3752/1422 2925/4206/1422 2729/4210/1422
f 2917/3955/1422 2919/4212/1422 2734/4213/1422
f 2919/4212/1422 2921/4211/1422 2734/4213/1422
f 2734/4213/1422 2921/4211/1422 2733/3753/1422
f 2913/4214/1422 2915/3957/1422 2739/4215/1422
f 2915/3957/1422 2917/3955/1422 2737/4216/1422
f 2737/4216/1422 2917/3955/1422 2734/4213/1422
f 2909/4217/1422 2911/4218/1422 2743/4219/1422
f 2911/4218/1422 2913/4214/1422 2741/4220/1422
f 2905/4221/1422 2906/4222/1422 2749/4223/1422
f 2906/4222/1422 2909/4217/1422 2747/4224/1422
f 2901/4225/1422 2903/4226/1422 2755/4227/1422
f 2903/4226/1422 2905/4221/1422 2753/4228/1422
f 2747/4224/1422 2909/4217/1422 2745/4229/1422
f 2899/4230/1422 2901/4225/1422 2755/4227/1422
f 2909/4217/1422 2743/4219/1422 2745/4229/1422
f 2911/4218/1422 2741/4220/1422 2743/4219/1422
f 2931/4204/1422 2718/4202/1422 2721/4231/1422
f 2947/4190/1422 2705/4188/1422 2707/4191/1422
f 2970/4183/1422 2683/4185/1422 2685/3908/1422
f 2685/3908/1422 2686/4182/1422 2969/4181/1422
f 2951/4166/1422 2702/4168/1422 2705/4188/1422
f 2695/4176/1422 2961/4175/1422 2693/4178/1422
f 2935/4200/1422 2715/4198/1422 2717/4201/1422
f 2906/4222/1422 2747/4224/1422 2749/4223/1422
f 2897/4232/1422 2899/4230/1422 2757/4233/1422
f 2689/4180/1422 2691/3913/1422 2965/3911/1422
f 2895/3976/1422 2897/4232/1422 2759/4234/1422
f 2893/4235/1422 2895/3976/1422 2759/4234/1422
f 2905/4221/1422 2749/4223/1422 2750/4236/1422
f 2826/4237/1422 2828/4238/1422 2823/4239/1422
f 2828/4238/1422 2831/4240/1422 2823/4239/1422
f 2821/4241/1422 2823/4239/1422 2831/4240/1422
f 2817/4242/1422 2819/4243/1422 2833/4244/1422
f 2819/4243/1422 2821/4241/1422 2831/4240/1422
f 2833/4244/1422 2819/4243/1422 2831/4240/1422
f 2813/4245/1422 2814/4246/1422 2835/4247/1422
f 2814/4246/1422 2817/4242/1422 2835/4247/1422
f 2809/4248/1422 2811/4249/1422 2839/4250/1422
f 2811/4249/1422 2813/4245/1422 2837/4251/1422
f 2805/4252/1422 2807/3999/1422 2842/4253/1422
f 2807/3999/1422 2809/4248/1422 2841/4254/1422
f 2805/4252/1422 2842/4253/1422 2845/4255/1422
f 2801/4256/1422 2803/4257/1422 2851/4258/1422
f 2803/4257/1422 2805/4252/1422 2847/4259/1422
f 2847/4259/1422 2805/4252/1422 2845/4255/1422
f 2797/4260/1422 2798/4261/1422 2857/4262/1422
f 2798/4261/1422 2801/4256/1422 2855/4263/1422
f 2851/4258/1422 2803/4257/1422 2849/4264/1422
f 2793/4265/1422 2795/4266/1422 2861/4267/1422
f 2795/4266/1422 2797/4260/1422 2858/4268/1422
f 2858/4268/1422 2797/4260/1422 2857/4262/1422
f 2789/4269/1422 2791/4270/1422 2865/4019/1422
f 2791/4270/1422 2793/4265/1422 2863/4271/1422
f 2789/4269/1422 2865/4019/1422 2867/4272/1422
f 2785/4273/1422 2787/4274/1422 2869/4275/1422
f 2787/4274/1422 2789/4269/1422 2867/4272/1422
f 2785/4273/1422 2869/4275/1422 2871/4276/1422
f 2781/4277/1422 2782/4278/1422 2873/4027/1422
f 2782/4278/1422 2785/4273/1422 2871/4276/1422
f 2781/4277/1422 2873/4027/1422 2874/4279/1422
f 2777/4280/1422 2779/4029/1422 2877/4281/1422
f 2779/4029/1422 2781/4277/1422 2874/4279/1422
f 2773/4282/1422 2775/4283/1422 2881/4284/1422
f 2775/4283/1422 2777/4280/1422 2879/4285/1422
f 2883/4286/1422 2771/4287/1422 2881/4284/1422
f 2769/4288/1422 2771/4287/1422 2883/4286/1422
f 2771/4287/1422 2773/4282/1422 2881/4284/1422
f 2769/4288/1422 2883/4286/1422 2885/4289/1422
f 2765/4290/1422 2766/4291/1422 2887/4292/1422
f 2766/4291/1422 2769/4288/1422 2885/4289/1422
f 2887/4292/1422 2766/4291/1422 2885/4289/1422
f 2761/3981/1422 2763/4293/1422 2890/4294/1422
f 2763/4293/1422 2765/4290/1422 2889/4295/1422
f 2757/4233/1422 2759/4234/1422 2897/4232/1422
f 2759/4234/1422 2761/3981/1422 2893/4235/1422
f 2755/4227/1422 2757/4233/1422 2899/4230/1422
f 2763/4293/1422 2889/4295/1422 2890/4294/1422
f 2765/4290/1422 2887/4292/1422 2889/4295/1422
f 2779/4029/1422 2874/4279/1422 2877/4281/1422
f 2811/4249/1422 2837/4251/1422 2839/4250/1422
f 2817/4242/1422 2833/4244/1422 2835/4247/1422
f 2813/4245/1422 2835/4247/1422 2837/4251/1422
f 2801/4256/1422 2851/4258/1422 2853/4296/1422
f 2782/4278/1422 2871/4276/1422 2873/4027/1422
f 2753/4228/1422 2755/4227/1422 2903/4226/1422
f 2750/4236/1422 2753/4228/1422 2905/4221/1422
f 2761/3981/1422 2890/4294/1422 2893/4235/1422
f 2809/4248/1422 2839/4250/1422 2841/4254/1422
f 2841/4254/1422 2842/4253/1422 2807/3999/1422
f 2803/4257/1422 2847/4259/1422 2849/4264/1422
f 2801/4256/1422 2853/4296/1422 2855/4263/1422
f 2954/4169/1422 2699/4172/1422 2701/4170/1422
f 2798/4261/1422 2855/4263/1422 2857/4262/1422
f 2795/4266/1422 2858/4268/1422 2861/4267/1422
f 2707/4191/1422 2709/4194/1422 2943/4193/1422
f 2793/4265/1422 2861/4267/1422 2863/4271/1422
f 2863/4271/1422 2865/4019/1422 2791/4270/1422
f 2711/4195/1422 2713/3938/1422 2938/4197/1422
f 2867/4272/1422 2869/4275/1422 2787/4274/1422
f 2931/4204/1422 2721/4231/1422 2723/4205/1422
f 2777/4280/1422 2877/4281/1422 2879/4285/1422
f 2879/4285/1422 2881/4284/1422 2775/4283/1422
f 2929/4203/1422 2723/4205/1422 2725/4209/1422
f 2739/4215/1422 2741/4220/1422 2913/4214/1422
f 2737/4216/1422 2739/4215/1422 2915/3957/1422
f 2725/4209/1422 2727/4208/1422 2927/4207/1422
f 2986/2557/1422 2989/2556/1422 2992/2896/1422
f 2998/1371/1422 3001/1721/1422 3006/493/1422
f 3001/1721/1422 3004/2035/1422 3006/493/1422
f 2986/2557/1422 2992/2896/1422 2994/485/1422
f 2977/1414/1422 2980/2067/1422 2983/2316/1422
f 2983/2316/1422 2986/2557/1422 2994/485/1422
f 2994/485/1422 2998/1371/1422 2983/2316/1422
f 2998/1371/1422 3006/493/1422 2974/1392/1422
f 2974/1392/1422 2977/1414/1422 2983/2316/1422
f 3027/226/1422 3031/2508/1422 3008/497/1422
f 3025/2711/1422 3014/2709/1422 3018/2864/1422
f 3037/235/1422 3040/238/1422 3042/521/1422
f 3178/2757/1422 3180/536/1422 3184/1817/1422
f 3187/2342/1422 3189/2341/1422 3165/2894/1422
f 3189/2341/1422 3191/2564/1422 3165/2894/1422
f 3178/2757/1422 3184/1817/1422 3187/2342/1422
f 3163/2558/1422 3165/2894/1422 3199/1476/1422
f 3165/2894/1422 3178/2757/1422 3187/2342/1422
f 3161/2559/1422 3163/2558/1422 3201/2121/1422
f 3165/2894/1422 3194/1099/1422 3197/1098/1422
f 3191/2564/1422 3193/2901/1422 3165/2894/1422
f 3193/2901/1422 3194/1099/1422 3165/2894/1422
f 3197/1098/1422 3199/1476/1422 3165/2894/1422
f 3163/2558/1422 3199/1476/1422 3201/2121/1422
f 3201/2121/1422 3203/2120/1422 3161/2559/1422
f 3159/2334/1422 3203/2120/1422 3205/2344/1422
f 3205/2344/1422 3207/2770/1422 3155/1801/1422
f 3150/1086/1422 3207/2770/1422 3209/2905/1422
f 3209/2905/1422 3210/1111/1422 3147/2562/1422
f 3149/2899/1422 3209/2905/1422 3147/2562/1422
f 3210/1111/1422 3213/1110/1422 3143/2109/1422
f 3213/1110/1422 3215/1478/1422 3141/1797/1422
f 3215/1478/1422 3217/1807/1422 3139/1798/1422
f 3217/1807/1422 3219/2333/1422 3137/1460/1422
f 3210/1111/1422 3143/2109/1422 3145/2338/1422
f 3219/2333/1422 3221/2547/1422 3137/1460/1422
f 3221/2547/1422 3223/2749/1422 3134/1066/1422
f 3223/2749/1422 3225/2883/1422 3133/2887/1422
f 3225/2883/1422 3226/1048/1422 3131/2746/1422
f 3133/2887/1422 3225/2883/1422 3131/2746/1422
f 3226/1048/1422 3229/1430/1422 3129/2537/1422
f 3229/1430/1422 3231/1769/1422 3127/2321/1422
f 3129/2537/1422 3229/1430/1422 3127/2321/1422
f 3231/1769/1422 3233/2073/1422 3125/2078/1422
f 3233/2073/1422 3235/2308/1422 3123/1422/1422
f 3125/2078/1422 3233/2073/1422 3123/1422/1422
f 3235/2308/1422 3237/2523/1422 3121/1006/1422
f 3237/2523/1422 3239/2522/1422 3118/1007/1422
f 3239/2522/1422 3241/2725/1422 3118/1007/1422
f 3241/2725/1422 3242/998/1422 3117/2723/1422
f 3242/998/1422 3245/997/1422 3115/2517/1422
f 3245/997/1422 3247/1398/1422 3115/2517/1422
f 3247/1398/1422 3249/1738/1422 3113/2300/1422
f 3249/1738/1422 3251/2045/1422 3111/2301/1422
f 3113/2300/1422 3249/1738/1422 3111/2301/1422
f 3251/2045/1422 3253/2291/1422 3109/2054/1422
f 3253/2291/1422 3255/2704/1422 3107/1740/1422
f 3107/1740/1422 3255/2704/1422 3105/1390/1422
f 3255/2704/1422 3257/2861/1422 3102/973/1422
f 3257/2861/1422 3258/949/1422 3099/2714/1422
f 3258/949/1422 3261/1367/1422 3095/2047/1422
f 3261/1367/1422 3263/1366/1422 3093/1730/1422
f 3258/949/1422 3097/2294/1422 3099/2714/1422
f 3263/1366/1422 3265/1716/1422 3089/979/1422
f 3265/1716/1422 3267/2040/1422 3086/980/1422
f 3263/1366/1422 3089/979/1422 3091/1384/1422
f 3267/2040/1422 3269/2292/1422 3085/2717/1422
f 3269/2292/1422 3271/2505/1422 3083/2718/1422
f 3271/2505/1422 3273/2871/1422 3081/2513/1422
f 3273/2871/1422 3274/991/1422 3081/2513/1422
f 3081/2513/1422 3274/991/1422 3079/2303/1422
f 3274/991/1422 3277/1405/1422 3079/2303/1422
f 3277/1405/1422 3279/1748/1422 3077/2059/1422
f 3279/1748/1422 3281/2065/1422 3075/1750/1422
f 3281/2065/1422 3283/2310/1422 3073/1412/1422
f 3075/1750/1422 3281/2065/1422 3073/1412/1422
f 3283/2310/1422 3285/2531/1422 3073/1412/1422
f 3285/2531/1422 3287/2530/1422 3070/1021/1422
f 3070/1021/1422 3287/2530/1422 3069/2735/1422
f 3287/2530/1422 3289/2734/1422 3069/2735/1422
f 3289/2734/1422 3290/1037/1422 3067/2736/1422
f 3290/1037/1422 3293/1036/1422 3065/2320/1422
f 3293/1036/1422 3295/1438/1422 3063/2085/1422
f 3063/2085/1422 3295/1438/1422 3061/1778/1422
f 3295/1438/1422 3297/1780/1422 3061/1778/1422
f 3297/1780/1422 3299/2089/1422 3059/1442/1422
f 3059/1442/1422 3299/2089/1422 3057/1443/1422
f 3299/2089/1422 3301/2326/1422 3057/1443/1422
f 3301/2326/1422 3303/2546/1422 3054/1057/1422
f 3053/2885/1422 3303/2546/1422 3305/2752/1422
f 3305/2752/1422 3172/2104/1422 3049/2545/1422
f 3172/2104/1422 3174/532/1422 3046/1441/1422
f 3172/2104/1422 3046/1441/1422 3049/2545/1422
f 3303/2546/1422 3053/2885/1422 3054/1057/1422
f 3305/2752/1422 3049/2545/1422 3051/2544/1422
f 3289/2734/1422 3067/2736/1422 3069/2735/1422
f 3067/2736/1422 3290/1037/1422 3065/2320/1422
f 3277/1405/1422 3077/2059/1422 3079/2303/1422
f 3077/2059/1422 3279/1748/1422 3075/1750/1422
f 3269/2292/1422 3083/2718/1422 3085/2717/1422
f 3097/2294/1422 3258/949/1422 3095/2047/1422
f 3257/2861/1422 3099/2714/1422 3101/2869/1422
f 3115/2517/1422 3247/1398/1422 3113/2300/1422
f 3237/2523/1422 3118/1007/1422 3121/1006/1422
f 3241/2725/1422 3117/2723/1422 3118/1007/1422
f 3221/2547/1422 3134/1066/1422 3137/1460/1422
f 3134/1066/1422 3223/2749/1422 3133/2887/1422
f 3147/2562/1422 3210/1111/1422 3145/2338/1422
f 3207/2770/1422 3150/1086/1422 3153/1469/1422
f 3209/2905/1422 3149/2899/1422 3150/1086/1422
f 3203/2120/1422 3159/2334/1422 3161/2559/1422
f 3159/2334/1422 3205/2344/1422 3157/2112/1422
f 3155/1801/1422 3207/2770/1422 3153/1469/1422
f 3117/2723/1422 3242/998/1422 3115/2517/1422
f 3257/2861/1422 3101/2869/1422 3102/973/1422
f 3301/2326/1422 3054/1057/1422 3057/1443/1422
f 3305/2752/1422 3051/2544/1422 3053/2885/1422
f 3155/1801/1422 3157/2112/1422 3205/2344/1422
f 3297/1780/1422 3059/1442/1422 3061/1778/1422
f 3143/2109/1422 3213/1110/1422 3141/1797/1422
f 3293/1036/1422 3063/2085/1422 3065/2320/1422
f 3141/1797/1422 3215/1478/1422 3139/1798/1422
f 3139/1798/1422 3217/1807/1422 3137/1460/1422
f 3285/2531/1422 3070/1021/1422 3073/1412/1422
f 3131/2746/1422 3226/1048/1422 3129/2537/1422
f 3127/2321/1422 3231/1769/1422 3125/2078/1422
f 3271/2505/1422 3081/2513/1422 3083/2718/1422
f 3121/1006/1422 3123/1422/1422 3235/2308/1422
f 3267/2040/1422 3085/2717/1422 3086/980/1422
f 3086/980/1422 3089/979/1422 3265/1716/1422
f 3091/1384/1422 3093/1730/1422 3263/1366/1422
f 3093/1730/1422 3095/2047/1422 3261/1367/1422
f 3109/2054/1422 3111/2301/1422 3251/2045/1422
f 3107/1740/1422 3109/2054/1422 3253/2291/1422
f 3172/2104/1422 3305/2752/1422 3170/2105/1422
f 3305/2752/1422 3178/2757/1422 3170/2105/1422
f 3178/2757/1422 3165/2894/1422 3166/1077/1422
f 3361/1428/1422 3364/273/1422 3367/2866/1422
f 3367/2866/1422 3368/1034/1422 3361/1428/1422
f 3368/1034/1422 3371/1033/1422 3359/1042/1422
f 3361/1428/1422 3368/1034/1422 3359/1042/1422
f 3371/1033/1422 3373/1445/1422 3355/2748/1422
f 3373/1445/1422 3375/1785/1422 3353/2542/1422
f 3353/2542/1422 3375/1785/1422 3351/805/1422
f 3375/1785/1422 3377/2100/1422 3351/805/1422
f 3377/2100/1422 3379/1292/1422 3349/2097/1422
f 3351/805/1422 3377/2100/1422 3349/2097/1422
f 3379/1292/1422 3381/2766/1422 3347/2098/1422
f 3381/2766/1422 3383/1962/1422 3345/1794/1422
f 3347/2098/1422 3381/2766/1422 3345/1794/1422
f 3383/1962/1422 3384/1107/1422 3343/1462/1422
f 3384/1107/1422 3387/1484/1422 3340/1080/1422
f 3383/1962/1422 3343/1462/1422 3345/1794/1422
f 3387/1484/1422 3389/1816/1422 3340/1080/1422
f 3389/1816/1422 3391/2124/1422 3339/2764/1422
f 3391/2124/1422 3393/2123/1422 3337/2561/1422
f 3393/2123/1422 3395/853/1422 3335/2336/1422
f 3395/853/1422 3397/2565/1422 3333/2107/1422
f 3397/2565/1422 3399/2767/1422 3331/1795/1422
f 3333/2107/1422 3397/2565/1422 3331/1795/1422
f 3399/2767/1422 3400/1092/1422 3329/1796/1422
f 3400/1092/1422 3403/1464/1422 3329/1796/1422
f 3399/2767/1422 3329/1796/1422 3331/1795/1422
f 3403/1464/1422 3405/1792/1422 3327/1456/1422
f 3405/1792/1422 3407/2093/1422 3324/1063/1422
f 3407/2093/1422 3409/793/1422 3323/2888/1422
f 3409/793/1422 3411/2540/1422 3321/2747/1422
f 3411/2540/1422 3413/2741/1422 3319/1255/1422
f 3413/2741/1422 3415/2878/1422 3317/2322/1422
f 3319/1255/1422 3413/2741/1422 3317/2322/1422
f 3415/2878/1422 3416/1723/1422 3315/2083/1422
f 3416/1723/1422 3307/545/1422 3313/1771/1422
f 3307/545/1422 3311/1374/1422 3313/1771/1422
f 3313/1771/1422 3315/2083/1422 3416/1723/1422
f 3317/2322/1422 3415/2878/1422 3315/2083/1422
f 3405/1792/1422 3324/1063/1422 3327/1456/1422
f 3409/793/1422 3321/2747/1422 3323/2888/1422
f 3321/2747/1422 3411/2540/1422 3319/1255/1422
f 3389/1816/1422 3339/2764/1422 3340/1080/1422
f 3393/2123/1422 3335/2336/1422 3337/2561/1422
f 3379/1292/1422 3347/2098/1422 3349/2097/1422
f 3356/1043/1422 3359/1042/1422 3371/1033/1422
f 3355/2748/1422 3356/1043/1422 3371/1033/1422
f 3353/2542/1422 3355/2748/1422 3373/1445/1422
f 3407/2093/1422 3323/2888/1422 3324/1063/1422
f 3403/1464/1422 3327/1456/1422 3329/1796/1422
f 3343/1462/1422 3384/1107/1422 3340/1080/1422
f 3395/853/1422 3333/2107/1422 3335/2336/1422
f 3431/562/1422 3435/294/1422 3438/1799/1422
f 3444/2287/1422 3447/2502/1422 3452/574/1422
f 3447/2502/1422 3450/309/1422 3452/574/1422
f 3431/562/1422 3438/1799/1422 3441/2038/1422
f 3423/2307/1422 3426/285/1422 3429/2875/1422
f 3429/2875/1422 3431/562/1422 3441/2038/1422
f 3441/2038/1422 3444/2287/1422 3429/2875/1422
f 3444/2287/1422 3452/574/1422 3420/2297/1422
f 3420/2297/1422 3423/2307/1422 3429/2875/1422
